question,answer,split
כיצד נקבע מתחם הענישה למעשי העבירות שביצע הנאשם?,"תחילה, אקבע מתחם ענישה למעשי העבירות שביצע הנאשם, על בסיס שיקולים נורמטיביים ואובייקטיבים, בהתחשב בערכים החברתיים שנפגעו, מידת הפגיעה בהם, במדיניות הענישה ובנסיבות הקשורות בביצוע העבירות.",train
מהו השיקול שעל בית המשפט לשקול כאשר הוא בוחן חריגה ממסגרת הענישה ההולמת?,"בהינתן מתחם הענישה ההולם, על בית המשפט לתן דעתו האם ראוי לחרוג מגבולותיו לקולה בשל שיקולי שיקום (סעיף 40ד לחוק העונשין) או לחומרה בשל הצורך להגנה על שלום הציבור (סעיף 40ה לחוק העונשין).",train
מהו הנזק הפוטנציאלי הטמון בוויכוח מילולי המדרדר לתקיפה אלימה?,"וויכוח מילולי שכזה, המידרדר בנקל לתקיפה אלימה באמצעות סכין, עלול להסתיים בתוצאה חמורה של קיפוח חיי אדם, כך שהנזק הפוטנציאלי הטמון במעשה הנו עצום.",train
מהי דעת המחוקק על החומרה של עבירת ההתפרצות למקום מגורים כדי לבצע גניבה?,בדרך זו הביע המחוקק את דעתו על החומרה הטמונה בעבירת ההתפרצות למקום מגורים כדי לבצע גניבה כעבירת פשע הגוררת ענישה מחמירה.,train
מהי הסכנה הטמונה בהחזקת נשק ללא היתר?,"החזקת נשק ללא היתר, טומנת בחובה סכנה ממשית שכן כאשר נשק, שהינו חפץ מסוכן, מגיע לידיים לא אחראיות, הוא יכול לגרום נזק רציני לאדם ולרכוש עד כדי קיפוח חיי אדם וכן עלול להסלים אלימות ולהביא לפגיעה בציבור תמים.",train
מהו העיקרון המשפטי שהדגיש תיקון מס' 113 לחוק העונשין בנוגע לענישה?,"בדרך זו חידד תיקון מס' 113 לחוק העונשין את הצורך בהמשך נקיטת שיטת ענישה אינדיווידואלית, הבוחנת נסיבותיו של כל מקרה ואדם המובא לדין (ע\פ 433/89 אטיאס נ' מדינת ישראל, פ\""ד מג(4) 170; ע\""פ 5106/99 אבו ניג'מה נ' מדינת ישראל,פ\""ד נד(1) 350; רע\""פ 3173/09 פראגין נ' מדינת ישראל (ניתן ביום 5.5.2009)).""",train
מדוע העריך שירות המבחן כי קיים חשש מהתנהגות אימפולסיבית של הנאשם בעתות לחץ?,"שירות המבחן העריך כי קיים חשש שבעתות לחץ ומצוקה, הנאשם ישוב לפעול באימפולסיביות ויבחר בפתרונות אשר עלולים להוביל אותו לפעול בדרך פוגעת ובניגוד לחוק.",train
מהו מתחם העונש ההולם להפרות ההוראה החוקית בעניינו של הנאשם?,"מכל המקובץ, באתי למסקנה כי מתחם העונש ההולם לכל אחת מההפרות של ההוראה החוקית בעניינו של הנאשם, נע על פני ציר שבין מאסר מותנה לבין 10 חודשי מאסר בפועל, לצד ענישה מרתיעה וענישה כלכלית.",train
כיצד תורמים בתי המשפט למאבק בתופעת האלימות בחברה?,תרומתם הצנועה של בתי המשפט למאבק בתופעת האלימות הגוברת בחברתנו היא בהטלת עונשים ראויים.,train
מהי הפגיעה באוטונומיה של נפגע העבירה בעבירת הסחיטה באיומים?,"מעצם טיבה של עבירת הסחיטה באיומים, היא יוצרת פגיעה קשה באוטונומיה של נפגע העבירה, אשר מעשיו מוכפפים לרצונו של הסוחט.",train
מהו המצב המשפטי שנמצא בעד הנאשמים אשר לא הצדיק הקלה בעונש?,"כנגד השיקולים לחומרה, לא מצאתי נתונים רבים לזכות הנאשמים שיוכלו לחלצם מענישה ממשית.",train
אילו שיקולים יש לקחת בחשבון בעת גזירת הדין במקרה של רצח?,"בסופו של דבר יש לשקול מצד אחד את הפגיעה החמורה בערך המוגן של קדושת החיים, את הנזק שנגרם לבני משפחת המנוח, עת חייו נגדעו כך סתם, את הפגיעה בסדרי שלטון אך מנגד גם את העובדה שהנאשם היה שווה נפש לתוצאה הקטלנית.",train
מהי הסיבה לכך שלא נמצא הצדקה לחרוג מהכלל לחפוף את העונש המותנה לעונש המאסר בהליך זה?,"לא מצאתי הצדקה לחרוג מהכלל לחפוף את עונש המאסר המותנה המופעל, כולו או חלקו, לעונש המאסר שיוטל עליו בהליך זה.",train
כיצד משפיעה עבירת הסחיטה באיומים על הסדר החברתי והחירות של הנסחטים?,"עבירת הסחיטה באיומים מהווה עשיית דין עצמית הפוגעת ביסודות הסדר החברתי, במרקם חייהם ובחירותם של הנסחטים במישור האישי והכלכלי.",train
אילו שיקולים לקולא יש לקחת בחשבון בעניינו של הנאשם?,"בבסיס השיקולים לקולא יש לציין את גילו הצעיר של הנאשם (יליד 1990), עברו הנקי והודאתו במיוחס לו בכתב האישום שתוקן לקולא, לקיחת האחריות מצידו, הבעת הצער והחרטה והחיסכון הכרוך בכך בזמן שיפוטי.",train
מהי ההשפעה של חוסר קבלת אחריות מצד הנאשם על חפיפת העונשים?,"עקב חוסר קבלת אחריות מצד הנאשם, עברו הפלילי ומשקלו של כל מקרה, סבור השופט כי יש להטיל חפיפה חלקית של עונשי המאסר בלבד.",train
מהו השיקול המרכזי במדיניות הענישה בעבירות אלימות בחברה הישראלית?,מדיניות הענישה בעבירה מתחשבת בצורך לעקור את תופעות האלימות שנהיו לנפוצות מדי בחברה הישראלית.,train
מהו השיקול שהוביל למסקנה שאין חשש מהחזרת הנאשם לעבירות דומות?,"מנגד, לא מצאתי כי החשש שהנאשם יחזור ויבצע עבירות דומות מצדיק חציית רף מתחם הענישה לחומרה משיקולי הגנה על שלום הציבור.",train
מהי החומרה המיוחסת לנאשם בהקשר לניפוץ החלון כדי להיכנס לקרוואן?,"עם זאת, נסיבות העבירה מצביעות על חומרה מסוימת, שעה שהנאשם ניפץ חלון כדי להיכנס דרכו אל תוך קרוואן, המשמש כמקום מגורים, כדי לגנוב מתוכו רכוש.",train
מהי ההשוואה שעושה בית המשפט בין פסק דין זה למקרים אחרים של דקירה?,"לטעמי, פסק דין זה משתף נסיבות קלות באופן משמעותי מהנסיבות הקיימות בענייננו הן ביחס לסוג הדקירה, הן ביחס להיבט התplanung המוקדם, הן ביחס לאופי הדקירות שלא צלחו באותו מקרה, ובוודאי ביחס לפגיעה במתלוננת.",train
כיצד נקבע מתחם העונש ההולם לפי סעיף 40ג(א) לחוק העונשין?,מתחם העונש ההולם ייקבע בהתאם לעקרון ההלימה כפי שהוגדר בסעיף 40ג(א) לחוק העונשין.,train
מהו מתחם העונש ההולם שנקבע לעבירות שביצע הנאשם?,"מכל המקובץ, בהתחשב בערכים החברתיים שנפגעו מביצוע העבירה, במידת הפגיעה בהם, במדיניות הענישה הנהוגה, בנסיבות הקשורות בביצוע העבירה והיחס ההולם בין חומרת מעשה העבירה בנסיבותיה ומידת אשמו של הנאשם ובין סוג ומידת העונש שיש להטיל עליו, סבורני כי מתחם העונש ההולם לעבירות שבוצעו על ידי הנאשם נע בין 3 ל-10 חודשי מאסר בפועל, לצד מאסר מותנה והתחייבות כספית.",train
מהן הסיבות המרכזיות לשיקול החמרה בענישת הנאשמת?,"בבסיס השיקולים לחומרה עומדת המדיניות המשפטית בעבירות בהן הורשעה הנאשמת, ריבוי העבירות, ריבוי הקרבנות, האלימות הרבה שהפגינה כלפי בן זוגה ושוטר והצורך להרתיעה ואחרים כמותה.",train
כיצד משפיעה השתתפותם של כמה עבריינים על הפגיעה בכבוד האדם של הקורבן?,"כאשר מדובר בעבירות מין, ביצועה של העבירה בהשתתפותם של כמה עבריינים מעצימה את הפגיעה בכבוד האדם של קורבן המעשה ומדגישה את השפלתו ברבים.",train
מהן הנסיבות האישיות שיש לקחת בחשבון בעת גזירת העונש לנאשם?,"בגזירת העונש המתאים לנאשם במתחם הענישה, בהתאם לסעיף 40יא לחוק העונשין, יש מקום להתחשב בנסיבותיו האישיות, אשר אינן קשורות בביצוע העבירות, כגון: גיל, עבר פלילי, נטילת האחריות, פגיעת העונש במשפחתו, נסיבות חיים קשות שהייתה להן השפעה על ביצוע העבירה, שיתוף הפעולה עם רשויות החוק ועוד.",train
מהי המדיניות המשפטית שנשמרת בתיקון 113 בנוגע להסדר טיעון?,"בתיקון 113 אין לשנות מהמדיניות המשפטית שהייתה נהוגה ערב כניסתו לתוקף, לפיה בית המשפט אינו כבול לעונש עליו הסכימו הצדדים במסגרת הסדר טיעון, ועליו לבוחנו בהתאם לאמות המידה המקובלות, ובכלל זה השיקולים הייחודיים המתחייבים מקיומו של הסדר טיעון.",train
מהו השיקול שהנחה את בית המשפט להעדיף ענישה שיקומית עבור הנאשם?,שוכנעתי כי ראוי להעדיף בעניינו של הנאשם ענישה צופה פני שיקומו.,train
מהו השיקול שמאפשר לבית המשפט לחרוג ממתחם הענישה לקולה או לחומרה?,"משנקבע מתחם הענישה, על בית המשפט לבחון האם ראוי לחרוג ממנו לקולה בשל שיקולי שיקום (סעיף 40ד לחוק העונשין); או לחומרה בשל הצורך להגנה על שלום הציבור (סעיף 40ה לחוק העונשין).",train
מה על בית המשפט לבחון כדי לקבוע האם לחרוג מן המתחם בעונש?,"כאמור, על בית המשפט לבחון האם ראוי לחרוג מן המתחם בשל שיקולי שיקום המהווים שיקול לקולה (סעיף 40ד לחוק העונשין); או מאידך, לחרוג מן המתחם בשל הצורך להגנה על שלום הציבור המהווה שיקול לחומרה (סעיף 40ה לחוק העונשין).",train
מהו העיקרון המנחה לקביעת מתחם הענישה במקרה של מספר אירועים דומים?,"יש לקבוע מתחם ענישה הולם ביחס לכל אירוע בנפרד, כאשר אותו מתחם עונש יהיה זהה בהתחשב בדמיון הרב בין האירועים.",train
מהו העונש ההולם לעבירת תקיפת בת זוג בנסיבות המקרה הנדון?,"מכל המקובץ, באתי למסקנה כי העונש ההולם לעבירת תקיפת בת זוג הגורמת חבלה של ממש, בנסיבות ביצועה במקרה שלפניי, נתחם במשרעת שבין מאסר מותנה לבין 12 חודשי מאסר בפועל, לצד ענישה מרתיעה וענישה כלכלית.",train
כיצד חידד תיקון מס' 113 לחוק העונשין את הצורך בענישה אינדיווידואלית?,"בדרך זו חידד תיקון מס' 113 לחוק העונשין את הצורך בהמשך נקיטת שיטת ענישה אינדיווידואלית, הבוחנת נסיבותיו של כל מקרה ואדם המובא לדין [ע\פ 433/89 אטיאס נ' מדינת ישראל, פ\""ד מג(4) 170; ע\""פ 5106/99 אבו ניג'מה נ' מדינת ישראל, פ\""ד נד(1) 350; רע\""פ 3173/09 פראגין נ' מדינת ישראל (ניתן ביום 5.5.2009)].""",train
מהו השיקול שהוביל למסקנה כי החשש מהחזרת עבירות דומות אינו מצדיק החמרה במתחם הענישה?,החשש שהנאשם יחזור ויבצע עבירות דומות אינו מצדיק חציית רף מתחם הענישה לחומרה משיקולי הגנה על שלום הציבור.,train
מהו הערך החברתי המוגן בעבירות מס?,"הערכים החברתיים המוגנים בעבירות המס הם גביית מס אמת ונשיאה שוויונית בנטל המס, ויש בהן כדי לפגוע בקופה הציבורית, לגרום לנזק לתפקוד הכלכלי של המשק, להקטין את הכנסות הממשלה ולפגוע בביטחונו הכלכלי של הציבור.",train
מהו המשקל שיש לתת לנזק שנגרם לקורבן העבירה במעמד גזירת העונש?,יש ליתן משקל משמעותי במעמד גזירת העונש לנזק שנגרם לקורבן העבירה ולצלקות שנותרו בנפשו.,train
מדוע עבירות מין בתוך המשפחה נחשבות לחמורות במיוחד כאשר הן נעשות בקטינות?,כאשר הן נעשות בתוך המשפחה – הן חמורות כפליים; וכאשר הן נעשות בקטינות רכות בשנים – חמורות הן שבעתיים.,train
מהו עקרון ההלימה המנחה בענישה לפי תיקון 113 לחוק העונשין?,"תיקון 113 לחוק העונשין שעניינו \הבניית שיקול הדעת השיפוטי בענישה\"" התווה את עקרון ההלימה כעיקרון מנחה בענישה לפיו נדרש יחס הולם בין חומרת מעשה העבירה בנסיבותיו ומידת אשמו של הנאשם לבין סוג ומידת העונש המוטל עליו (ס' 40ב לחוק העונשין).""",train
מדוע יש לנקוט במדיניות ענישה מרתיעה כלפי נהגים הנוהגים בשכרות?,"על כן, יש לנקוט במדיניות ענישה מרתיעה ולהעניש בחומרה נהגים הנתפסים כאשר הם נוהגים בשכרות.",train
מהו חלקו של הנאשם בביצוע העבירה לפי הנסיבות הקשורות בה?,"בבחינת הנסיבות הקשורות בביצוע העבירה (סעיף 40ט לחוק העונשין) – חלקו של הנאשם בביצוע העבירה היה מרכזי ובלעדי תוך ניצול לרעה של מעמדו, מידת האימון שניתנה בו ויחסיו עם מנהלו ומעסיקו.",train
אילו שיקולים ינחו את בית המשפט בקביעת העונש המתאים לכל נאשם?,"מכלול השיקולים, לרבות שיקולי הרתעת הנאשמים ואחרים כמותם מפני ביצוע עבירות נוספות (סע' 40ו ו-40ז לחוק העונשין), ינחוני בקביעת העונש המתאים לכל אחד מהם בגדר מתחם הענישה שנקבע בעניינם.",train
כיצד משפיעה מיקום המעשה על סייג אחריות פלילית במקרה של הגנה עצמית?,"אין להתעלם כי המעשה בעטיו נחבלה המתלוננת ארע מחוץ לדירת הנאשם, אך בסמוך למפתן דלת הכניסה, כך שניסיונו להבריח את השניים מהמקום נושקים לסייג אחריות פלילית בשל הצורך להגנה עצמית.",train
מהי מידת הפגיעה בערכים המוגנים במעשיו של הנאשם במקרה זה?,"בבחינת מידת הפגיעה בערכים המוגנים ניתן לומר כי במעשיו פגע הנאשם בעוצמה גבוהה בשלוות נפשו ובביטחונו של המתלונן, במקום עסקו, עת איים על חייו במילים קשות ותקף אותו, הגם שמעשה התקיפה לבדו אינו ברף חומרה גבוה.",train
מהו תפקיד ההסדר החקיקתי במלחמה בעבירות סמים?,הסדר חקיקתי זה הינו נדבך נוסף במלחמה בנגע הסמים והוא נועד להבטיח כי חוטא בעבירת סמים לא יצא נשכר.,train
מהו תפקידו של נאשם 1 בהעברת הסמים לארץ ובמה הוא נחשב לדומיננטי?,"הנאשם 1 היה מי שהעביר את הסמים לארץ בטיסה והגם שלא היה הגורם המשלח או הגורם אשר אמור היה להפיץ את הסמים בישראל, חלקו בפעולת הייבוא הוא משמעותי ודומינאנטי, היות והוא הגורם שפעל בתעוזה ותוך נטילת סיכון בעת מעבר בביקורת הגבולות ובמכס.",train
מהו תפקיד הענישה המרתיעה בעבירות חמורות ובשילובן זו בזו?,"עבירות חמורות אלה, כל אחת לחוד ובעיקר שילובן זו בזו, הינן עבירות ששומה על בית המשפט למגר בענישה מרתיעה ומשמעותית.",train
מהי מלאכת גזירת הדין ומהם השלבים העיקריים בה?,"מלאכת גזירת הדין מורכבת משלושה שלבים עיקריים: תחילה, אקבע את מתחם העונש ההולם למעשי העבירות שביצע הנאשם, על בסיס שיקולים נורמטיביים ואובייקטיבים, בהתחשב בערך החברתי שנפגע מביצוע העבירה, במידת הפגיעה בערך זה, במדיניות הענישה הנהוגה ובנסיבות הקשורות בביצוע העבירות כמפורט בסעיף 40ט לחוק העונשין (סעיף 40ג לחוק העונשין); לאחר מכן, אבחן האם ראוי לחרוג מן המתחם לקולא בשל שיקולי שיקום (סעיף 40ד לחוק העונשין) או לחומרא בשל שיקולי הגנה על שלום הציבור (סעיף 40ה לחוק העונשין); לבסוף, אקבע את העונש המתאים שיושת על הנאשם, בהתחשב בצורך בהרתעת הנאשם (סעיף40ו לחוק העונשין), בצורך בהרתעת הרבים (סעיף40ז לחוק העונשין) ובנסיבותיו האישיות של הנאשם שאינן קשורות בביצוע העבירה (סעיף 40יא לחוק העונשין), כמו גם בנסיבות אחרות ככל שתמצאנה רלוונטיות (סעיף 40יב לחוק העונשין).",train
מהן הנסיבות הקשורות בביצוע העבירה שיש להביא בחשבון לפי סעיף 40(ט) לחוק העונשין?,"בבחינת נסיבות הקשורות בביצוע העבירה (סעיף 40(ט) לחוק העונשין), נתתי דעתי לסוג הסם, קנבואיד סינתטי, ולמשקלו, כ-10 גרם, למידת אשמו של הנאשם, לו חלק מרכזי ובלעדי במהלך הדברים, לכך שלא נשמעה סיבה המשמשת לזכותו וכי אין הוא קרוב לסייג לאחריות פלילית.",train
מהו השיקול שהשפיע על גזר הדין של הנאשם בהתחשב במצב משפחתו?,הבאתי בכלל חשבון את פגיעת עונשו של הנאשם בבני משפחתו בתקופה רגישה זו של חייהם.,train
מהו השיקול שהוביל את בית המשפט למסקנה שאין לחצות את רף מתחם הענישה לחומרה?,"לא שוכנעתי כי החשש שהנאשם יחזור ויבצע עבירות דומות מצדיק חציית רף מתחם הענישה לחומרה, משיקולי הגנה על שלום הציבור.",train
מהו הנזק החברתי שנגרם כתוצאה מהחזקת סמים לצריכה עצמית על ידי הנאשם?,"ביצוע עבירה של החזקת סמים לצריכה עצמית, לצדה קבע המחוקק עונש מרבי של 3 שנות מאסר, פגע הנאשם בערכים חברתיים של הגנה על שלום ובריאות הציבור מפני פגיעתם הקשה של סמים מסוכנים ומניעת נזקים כלכליים וחברתיים עקיפים, לרבות ביצוע עבירות נוספות לצורך מימון רכישת הסם.",train
כיצד עבירות הרכוש פוגעות בערך חברתי מוגן?,"עבירות הרכוש, בהן הורשעה הנאשמת, פוגעות בערך חברתי מוגן שעניינו שמירה על שלום הציבור, תחושת הביטחון, שלוות הנפש, הגנה על רכושו, ביטחונו ופרטיותו.",train
מדוע יש לאפשר פרשנות רחבה למונח 'אירוע אחד' לפי תיקון 113 לחוק העונשין?,"אף לגישתי, דומה כי ראוי לאפשר פרשנות רחבה דיה להגדרת המונח 'אירוע אחד' אשר תשאיר מתחם להפעלת שיקול דעתו של בית המשפט, וזאת הן בשל שיקולי יעילות עבודתו של בית המשפט והן לשם הגשמת תכליתו של תיקון 113 לחוק.",train
"מהו העונש המתאים לנאשם בהתחשב בשיקולי הגמול, השיקום וההרתעה?","מכל המקובץ, בהביאי בכלל חשבון את שיקולי הגמול, השיקום וההרתעה, ביחס לנאשם בנסיבותיו - הסלידה שחשה החברה נוכח מעשיו והוקעתם הנדרשת, הצורך בהרתעתו והרתעת עבריינים כמותו ושיקומו, והאמור בתסקירי שירות המבחן, סבורני כי העונש המתאים לנאשם ימצא ביטוי בענישה מרתיעה צופה פני עתיד וענישה כספית מתונה.",train
מהו השיקול המרכזי שהצדיק מתן משקל לאינטרס השיקומי של הנאשם?,"נסיבותיו של הנאשם כפי העולה מתסקירי שירות המבחן ובייחוד הרצון הכן שהפגין בהליך הטיפול הארוך על מנת לשקם את חייו, מצדיקים במקרה הנוכחי לתן משקל נכבד לאינטרס השיקומי.",train
מהי ההכרחיות להיאבק בנגע הסמים ומה המסר המרתיע שיש להעביר?,"ההלכה הפסוקה עמדה על ההכרח להיאבק בנגע הסמים ועל הצורך להעביר מסר מרתיע מפני עיסוק בהספקה ובסחר בסמים, בין היתר על-ידי הטלת עונשים מחמירים על מי שנותן ידו למעגל הפצת הסמים ברבים ולהפיכת הסמים לזמינים ולנגישים.",train
כיצד פגע הנאשם בערכים חברתיים של שמירת התא המשפחתי וביטחונה האישי של המתלוננת?,"הנאשם הורשע בביצוע עבירות אלימות פיזית ומילולית כלפי המתלוננת, בת זוגו דאז, ובדרך זו פגע בערכים חברתיים של שמירת התא המשפחתי מפני אלימות, שלמות גופה של המתלוננת, זכותה לאוטונומיה על גופה, ביטחונה האישי בפרט בד' אמות התא המשפחתי.",train
מהי משמעות הפגיעה המוחשית של סמים שאינם נחשבים לקשים?,"אף אם אין מדובר בסמים שנתפסים כסמים \קשים\"", פגיעתם מוחשית, הן באופן ישיר והן בהיותם סמים \""פותחי שער\"" לסמים אחרים, קשים ומסוכנים יותר.""",train
מהו השיקול המרכזי שהנחה את בית המשפט בקביעת הענישה לנאשם?,"בהביאי בכלל חשבון את שיקולי הגמול, השיקום וההרתעה, ביחס לנאשם בנסיבותיו - הסלידה שחשה החברה נוכח מעשיו והוקעתם הנדרשת, הצורך בהמחשת חומרת מעשיו, הרתעתו והרתעת עבריינים כמותו, לצד צרכיי שיקומו, הרי שבגדר תפירת חליפתו העונשית, סבורני כי יש להטיל על הנאשם ענישה מוחשית שתרוצה בדרך של עבודות שירות לצד מאסרים מותנים וקנס כספי.",train
מהי המדיניות בענישה בעבירות אלימות וכיצד היא משפיעה על הענישה?,ממדיניות הענישה הנהוגה בעבירות אלה מתחשבים בצורך במאבק בנגע האלימות על כל צורותיו שפשט בחברה הישראלית ומתפקידו של בית המשפט להעביר מסר ברור באמצעות השתת עונשים מוחשים על מי שבוחר לפתור את קשייו האישיים באמצעות פגיעה קשה בשלוות נפשו ופגיעה בגופו של האחר.,train
מדוע יש לקבוע מתחם עונש אחד במקרה של מסכת עבירות מתמשכת?,"במקרה דנא, נוכח המסכת העובדתית שבה הורשע הנאשם, סבורני כי מדובר במסכת עבירות המגבשת אירוע אחד מתמשך, שיש לקבוע לגביו מתחם עונש אחד, ודרך זו תביא להלימה בענישה, כפי שציווה המחוקק בתיקון 113.",train
אילו ערכים חברתיים נפגעים בביצוע עבירת האיומים?,"הערכים החברתיים אשר נפגעו בביצוע עבירת האיומים הינם הזכות לשלום הציבור והזכות לשלוות נפשו, ביטחונו וחירות פעולתו של הפרט (ר' רע\פ 2038/04 לם נ' מדינת ישראל, פ\""ד ס(4) 96; בע\""פ 103/88 ליכטמן נ' מדינת ישראל, פ\""ד מג(3) 373).""",train
כיצד השפיעה חקיקת החוק והכרזת החומר כאסור על קביעת מתחם הענישה?,"בנוסף לכך, ובהתאם לסעיף 40יב לחוק העונשין, מצאתי להביא בחשבון, כי הנאשם ביצע את העבירה חודשים ספורים לאחר חקיקת החוק והכרזת החומר מסוג PB-22 כאסור בהפצה (ראו: הכרזה דחופה על חומרים אסורים בהפצה, י.פ. 6658, מיום 12.9.2013, עמ' 42).",train
"מהו השינוי שחוותה המתלוננת בעקבות האירוע, לפי בית המשפט?","אין ספק, כי האירוע היווה קו שבר בחייה של המתלוננת, כך שניתן לחצות את מהלך חייה לחלק החיוני, התפקודי והחברתי שאפיין אותה טרם האירוע, ולחלק המסתגר, הנזקק והטראומתי שהוא מנת חלקה בעקבות האירוע.",train
כיצד מתבטאים מאמצי מערכת בתי המשפט בתחום הענישה בעבירות נשק?,"דברים אלו אף באו לידי ביטוי לאחרונה בדברי הנשיאה א' חיות בטקס פתיחת שנת המשפט הנוכחית של לשכת עורכי הדין בנצרת: 'מערכת בתי המשפט משקיעה מאמצים רבים בתחום זה, ובית המשפט העליון התווה וממשיך להתוות הלכות לאורך השנים באשר לרמת הענישה ההולמת את החומרה היתרה הגלומה בביצוע עבירות בנשק ובאשר לביטוי העונשי ההולם המתחייב מכך'.",train
מהו מתחם הענישה ההולם שנקבע עבור הנאשם בעבירותיו?,"מכל המקובץ, בהתחשב בערכים החברתיים שנפגעו מביצוע העבירות, במידת הפגיעה בהם, במדיניות הענישה הנהוגה, בנסיבות הקשורות בביצוע העבירות, תוצאותיהן והיחס ההולם בין חומרת מעשי העבירות בנסיבותיהם ומידת אשמו של הנאשם ובין סוג ומידת העונש שיש להטיל עליו, סבורני כי מתחם העונש ההולם לכלל העבירות שביצע הנאשם נע בין 15 ל-42 חודשי מאסר בפועל ועונשים נלווים - מאסרים מותנים וענישה כלכלית.",train
מהי ההשלכה של סעיף 56(א) לחוק העונשין על המאסר המותנה של הנאשם?,"בהתאם לסעיף 56(א) לחוק העונשין ובנסיבות העניין, משמצאתי להטיל עונש מאסר בגין העבירה נשוא כתב האישום, לא ניתן להאריך את המאסר המותנה שהוטל על הנאשם.",train
מהן התנאים המאפשרים סטייה ממתחם הענישה במקרה זה?,"סבור אני כי במקרה זה מתקיימים התנאים אליהם כיוון סעיף 40ד(א) לחוק העונשין, המצדיקים סטייה ממתחם ענישה וגזירת דין שיביא לידי ביטוי סיכוי שיקום.",train
כיצד הוערכה מידת הפגיעה בערכים המוגנים במקרה זה?,מידת הפגיעה בערכים המוגנים במקרה דנא הינה ברף גבוה ובעצמה רבה.,train
כיצד יש לבחון את השיקולים לחריגה ממתחם הענישה לפי חוק העונשין?,"כאמור, על בית המשפט לבחון האם ראוי לחרוג מן המתחם בשל שיקולי שיקום המהווים שיקול לקולא (סעיף 40ד לחוק העונשין); או מאידך, לחרוג מן המתחם בשל הצורך להגנה על שלום הציבור, המהווה שיקול לחומרה (סעיף 40ה לחוק העונשין).",train
מהי החשיבות של התחשבות בנסיבות האישיות של הנאשמים בגזירת העונש?,בגזירת העונש המתאים לכל נאשם יש מקום להתחשב בנסיבותיו האישיות אשר אינן קשורות בביצוע העבירות.,train
מהי המסקנה לגבי החריגה לקולה ממתחם העונש ההולם במקרה זה?,"לא מצאתי הצדקה לחרוג לקולה ממתחם העונש ההולם, כפי קביעתי, בשל שיקולי שיקום, הנאשם.",train
מהן השלבים העיקריים במלאכת גזירת הדין לפי סעיף 40 לחוק העונשין?,"מלאכת גזירת הדין מורכבת ממספר שלבים עיקריים: תחילה, אקבע את מתחם העונש ההולם לאישום בו הורשע הנאשם, על בסיס שיקולים נורמטיביים ואובייקטיבים, בהתחשב בערך החברתי שנפגע מביצוע העבירה, במידת הפגיעה בערך זה, במדיניות הענישה הנהוגה ובנסיבות הקשורות בביצוע העבירות, כמפורט בסעיף 40ט לחוק העונשין (סעיף 40ג לחוק העונשין); לאחר מכן, אקבע את העונש המתאים לנאשם, בהתחשב בצורך בהרתעת הנאשם (סעיף40ו לחוק העונשין) והרבים (סעיף40ז לחוק העונשין) ובנסיבותיו האישיות של הנאשם שאינן קשורות בביצוע העבירה (סעיף 40יא לחוק העונשין), כמו גם בנסיבות אחרות ככל שתמצאנה רלוונטיות (סעיף 40יב לחוק העונשין).",train
כיצד נקבע מתחם הענישה למעשי העבירות שביצע הנאשם?,"תחילה, אקבע את מתחם הענישה למעשי העבירות שביצע הנאשם, על בסיס שיקולים נורמטיביים ואובייקטיבים, בהתחשב בערכים החברתיים שנפגעו, מידת הפגיעה בהם, במדיניות הענישה ובנסיבות הקשורות בביצוע העבירות.",train
"כיצד משפיע השימוש בביטוי \נזק ראייתי\"" על בדיקת הסדר הטיעון?""","שימוש בביטוי \נזק ראייתי\"" אינו יכול להיות מטה קסם שאחריו יסוג בית המשפט מהרהורים ומבדיקת טיבו של הסדר הטיעון.""",train
מהו השיקול המרכזי בקביעת היקף ריצוי העונשים בין העבירות?,השיקול לזיקה בין העבירות הוא מרכזי בקביעת היקף ריצוי העונשים ובבחירת בין חפיפה להצטברות בענישה.,train
מהי הסיבה לכך שלא נמצא הצדקה לחצות את רף מתחם הענישה לחומרה?,"מנגד, לא מצאתי הצדקה לחצות את רף מתחם הענישה לחומרה, משיקולי הגנה על שלום הציבור (סעיף 40ה לחוק העונשין).",train
מהו החידוש החשוב בתיקון 137 הנוגע ליסוד הנפשי של 'אדישות' בעבירת הרצח?,"\הכללת היסוד הנפשי של 'אדישות' בגדר עבירת הרצח מהווה את אחד החידושים החשובים שבתיקון 137, וצריכה לבוא לידי ביטוי ברמת ענישה הולמת וגבוהה באופן משמעותי מאשר בעבר\"".""",train
מדוע יש לקבוע רף ענישה מחמיר בעבירות חבלה לפי פסיקות בית המשפט העליון?,"בית המשפט העליון פסק לא אחת, כי יש לקבוע רף ענישה מחמיר ומרתיע בעבירות מסוג זה (ראו: עניין ביטאו, המוזכר לעיל; ע\פ 10444/06 ציון עייני נ' מדינת ישראל (ניתן ביום 05.04.2007) וע\""פ 6885/04 שי חן נ' מדינת ישראל (ניתן ביום 10.02.2005)).""",train
מהי הסיבה להטלת עונשי מאסר בפועל מוחשיים בעבירות שוד?,"לא בכדי נקבע לא אחת בפסיקה, כי ראוי להגיב על עבירת השוד ביד קשה, בדרך של הטלת עונשי מאסר בפועל מוחשיים, על מנת להרתיע את היחיד ואת הרבים מפני ביצועה; וזאת גם כשמדובר בעבירה שלא בוצעה בנסיבות מחמירות או באלימות קשה.",train
מהו העיקרון שעליו מתבסס קביעת מתחם העונש ההולם לפי חוק העונשין?,מתחם העונש ההולם יקבע בהתאם לעקרון ההלימה כפי שהוגדר בסעיף 40ג(א) לחוק העונשין.,train
כיצד נקבע מתחם העונש ההולם לפי עקרון ההלימה בסעיף 40ג(א) לחוק העונשין?,"מתחם העונש ההולם נקבע בהתאם לעקרון ההלימה כפי שהוגדר בסעיף 40ג(א) לחוק העונשין, ולצורך כך על בית המשפט להתחשב בשלושת אלה: בערכים החברתיים שנפגעו כתוצאה מביצוע העבירה ובמידת הפגיעה בהם; בנסיבות הקשורות בביצוע העבירה ומידת אשמו של הנאשם; במדיניות הענישה הנהוגה.",train
מדוע יש להכיר בהשלכות המסוכנות וההרסניות של סמים על הציבור והחברה?,"זאת, מתוך הכרה בהשלכות המסוכנות וההרסניות שיש לסמים על הציבור ועל החברה בכללותה.",train
מדוע מחייבת חומרת האלימות בענישה מחמירה?,"חומרתה היתרה של אלימות זו מחייבת כי גם הענישה בגינה תהיה מחמירה\ (ראו: ע\""פ 4221/13 ואנונו נגד מדינת ישראל ( נבו 26.3.15), פסקה 12).""",train
מהו רף הענישה המרבי שנקבע והחומרה שהוא מבטא?,"בקביעת רף הענישה המרבי של 20 שנות מאסר ביטא המחוקק את החומרה הרבה שנודעת לפגיעה בשלמות גופו של אדם ובבריאותו, אשר נעשתה מתוך כוונה מיוחדת להטלת נכות, מום או חבלה חמורה בנפגע.",train
מהו הפוטנציאל להסלמה במפגש בין הפורץ לדיירי המקום?,בביצוע עבירה זו יש פוטנציאל להסלמה עד כדי מפגש אלים בין הפורץ לבין דיירי המקום.,train
מהו הערך החברתי המוגן בעבירות הלבנת הון?,"הערכים החברתיים המוגנים בעבירות הלבנת ההון הם הצורך בקיומו של הדיווח הנדרש בחוק איסור הלבנת הון, אמיתות הדיווח, שמירה על יציבותה ואמינותה של המערכת הפיננסית וגדיעת שרשרת העבריינות באמצעות פגיעה ביכולתו של העבריין לעשות שימוש חוזר ברווחים הכלכליים שנוצרו לו מן העבירות הפליליות, באופן שבו יוותר העבריין ללא מקורות מימון להמשך פעילותו העבריינית.",train
מדוע לא ניתן לראות את האירוע כניסיון חד פעמי מבחינת הנאשם?,"נמצא אם כן שהאירוע נשוא ההליך דנן אינו חד פעמי או חריג מבחינת הנאשם על אף גילו הצעיר ואף עונשי מאסר בפועל, שהוטלו עליו בעבר ועונשי המאסר המותנים ברי הפעלה, התלויים ועומדים כנגדו לא הרתיעו אותו ולא מנעו ממנו מלשוב ולבצע את העבירות בגינן הועמד לדין.",train
מהו הקשר בין התנהלותה הבזבזנית של הנאשמת לבין מצבה הכלכלי הקשה שלה?,"שירות המבחן התרשם כי התנהלותה הבזבזנית של הנאשמת, אשר הביאה למצבה הכלכלי הקשה, היוותה עבורה ניסיון לפיצוי עצמי, בעקבות חסכים רגשיים ואינסטרומנטליים מאז תקופת ילדותה.",train
אילו שיקולי הרתעה יש להביא בחשבון במקרה זה?,"יש להביא בכלל חשבון את שיקולי הרתעת היחיד והרבים, בעיקר נוכח הנזק הפוטנציאלי הרב הגלום בהן, שיכול להגיע עד כדי פגיעה בנפש, על-מנת להרתיע את הנאשם ועבריינים אחרים כמותו, מלשוב ולבצע עבירות דומות בעתיד.",train
מהו השיקול שהוביל למסקנה כי אין מקום לחציית רף מתחם הענישה לחומרה?,"מנגד, לא מצאתי כי הסיכוי שהנאשם ישוב לבצע עבירות דומות מצדיק חציית רף מתחם הענישה לחומרה משיקולי הגנה על שלום הציבור.",train
מהו השיקול המרכזי שיש להביא בחשבון בעת קביעת מתחם הענישה?,"לצורך כך אביא בחשבון את הערכים החברתיים שנפגעו מביצוע העבירה ומידת הפגיעה בהם; נסיבות הקשורות בביצוע העבירה, מידת אשמו של הנאשם ומדיניות הענישה הנוהגת (ע\פ 8641/12 סעד נ' מדינת ישראל  (ניתן ביום 5.8.2013)).""",train
מהי החומרה הרבה בעבירות סחר והפצה של סמים מסוכנים?,"בית משפט זה עמד לא אחת על החומרה הרבה הטמונה בעבירות סחר והפצה של סמים, לא כל שכן סמים מסוכנים המוגדרים 'קשים', ועל הצורך להיאבק בהן באמצעות ענישה משמעותית ומרתיעה.",train
מהו החשש הנובע מכמות הסם שנמצאה ברשות הנאשם?,"כמות כזו של סם מסוג הרואין, כפי שנתפסה ברשות הנאשם, שעה שהוא עצמו העיד כי חדל מצריכת סמים, מעלה את החשש שהסם יועד להפצה ברבים בקרב צרכני סמים.",train
מהו המתח שבין חומרת העבירות לנסיבות האישיות של הנאשם?,"המקרה דנא הינו דוגמא למתח שבין חומרת העבירות המצדיקה ככלל השתת מאסר בפועל, למצער בדרך של ריצוי עבודות שירות לבין נסיבותיו האישיות של הנאשם, עליהן עמדתי לעיל.",train
מדוע לא נחשב רצון הנאשם ופלונית להשכין שלום בית כהליך שיקומי לקולא?,"אמנם הנאשם ופלונית הביעו רצון להשכין שלום בית, אך לא מצאתי כי יש בכך הליך שיקומי המצדיק סטייה ממתחם הענישה לקולא (ר' סעיף 40ד(ב) לחוק העונשין).",train
מהן שלושת השלבים העיקריים במלאכת גזירת הדין לפי חוק העונשין?,"מלאכת גזירת הדין מורכבת משלושה שלבים עיקריים:  תחילה, אקבע את מתחמי הענישה ההולמים למעשי העבירות שביצע הנאשם, על בסיס שיקולים נורמטיביים ואובייקטיבים, בהתחשב בערכים החברתיים שנפגעו מביצוע העבירות, במידת הפגיעה בערכים החברתיים, במדיניות הענישה הנהוגה ובנסיבות הקשורות בביצוע העבירות כמפורט בסעיף 40ט לחוק העונשין (סעיף 40ג לחוק העונשין); לאחר מכן, אבחן האם ראוי לחרוג מן המתחמים לקולא בשל שיקולי שיקום (סעיף 40ד לחוק העונשין) או לחומרה בשל שיקולי הגנה על שלום הציבור (סעיף 40ה לחוק העונשין); לבסוף, אקבע את העונש המתאים שיושת על הנאשם, בהתחשב בצורך בהרתעת הנאשם (סעיף40ו לחוק העונשין), בצורך בהרתעת הרבים (סעיף40ז לחוק העונשין) ובנסיבותיו האישיות של הנאשם שאינן קשורות בביצוע העבירות (סעיף 40יא לחוק העונשין), כמו גם בנסיבות אחרות ככל שתמצאנה רלוונטיות (סעיף 40יב לחוק העונשין).",train
מהן הנסיבות האישיות שיש להתחשב בהן בגזירת העונש לנאשם?,"בגזירת העונש המתאים לנאשם שמלפניי וכמצוות סעיף 40יא לחוק העונשין, יש מקום להתחשב בנסיבותיו האישיות, אשר אינן קשורות בביצוע העבירות.",train
מהו הנזק הנוסף שנגרם כתוצאה מהתנהלות הנאשם במהלך העבירה?,"הנזק שנגרם מביצוע העבירה התבטא לא רק בפגיעה בסדר הציבורי אלא הוא תרם וגיבה במעשיו את יתר הנאשמים, שחלקם ביצעו עבירות רכוש ואלימות קשות שגרמו לחבלות, אף אם לא ניתן ליחס לנאשם גרימת נזק פיזי לאחר.",train
כיצד ניתן להסביר את יכולתו של הנאשם להבין את הפסול במעשיו?,"הנאשם יכל להבין את שעשה, על הפסול שבמעשיו ויכל להימנע מהם, נוכח ששלט במעשיו באופן מלא.",train
מהי החשיבות של שקיפות במערכת הפיננסית למניעת פעילות אסורה?,"חשיבות האמור ברורה לשם הבטחת שקיפות וכדי למנוע פעילות אסורה, בפרט בשים לב לכך שעל פי הוראות חוק איסור הלבנת הון והצווים מכוחו מוטל על הסקטור הפיננסי תפקיד אקטיבי כ\שומר סף\"" על מנת להקשות על מלביני הון להטמיע כספים במערכת הפיננסית ולנצלה, ולהקל על גילוין של עבירות.""",train
מהי החשיבות של חומרה יתרה בעבירות המבוצעות בתוך המשפחה וכיצד זה משפיע על הענישה?,"בתי המשפט על ערכותיהם קבעו שיש לשוות חומרה יתרה לעבירות המבוצעות בד' האמות של המשפחה ונקבע כי כל עבירת אלימות במשפחה, ובתוכה אלימות מילולית, צריכה לקבל מענה מוחשי.",train
אילו שיקולים הובאו לזכות הנאשם בעת קביעת העונש?,"לזכות הנאשם הבאתי בחשבון את הודאתו בכתב האישום שתוקן לקולא, עברו הנקי, לקיחת האחריות למעשיו, הבעת הצער והחרטה מצדו והאמפטיה שגילה כלפי המתלוננת.",train
כיצד השפיעה הודאת הנאשם בהזדמנות הראשונה על שיקול הענישה?,"במסגרת שיקולים אלה מצאתי להביא בחשבון את הודאתו בהזדמנות הראשונה בכתב האישום שתוקן לקולא, והחיסכון הכרוך בכך בזמנו של בית המשפט.",train
מהו היחס הנדרש בין חומרת העבירות ומידת אשמו של הנאשם לבין העונש המוטל עליו לפי תיקון 113 לחוק העונשין?,"בהתאם לתיקון 113 לחוק העונשין, נדרש יחס הולם בין חומרת מעשי העבירות בנסיבות ביצוען ומידת אשמו של נאשם לבין סוג ומידת העונש המוטל עליו.",train
כיצד נקבע מתחם העונש ההולם לפי סעיף 40ג(א) לחוק העונשין?,מתחם העונש ההולם יקבע בהתאם לעקרון ההלימה כפי שהוגדר בסעיף 40ג(א) לחוק העונשין.,train
מהו המסר שהבית המשפט חייב להעביר לנאשם ולעבריינים אחרים?,"מחובתו של בית המשפט להעביר מסר חד וצלול לנאשם ולאחרים כמותו, לפיו עבירות מסוג זה יתקלו בענישה מוחשית.",train
כיצד תיקון 113 משפיע על המדיניות המשפטית בנוגע להסדרי טיעון?,"תיקון 113 אינו משנה מהמדיניות המשפטית שהייתה נהוגה ערב כניסתו לתוקף, לפיה בית המשפט אינו כבול לעונש עליו הסכימו הצדדים במסגרת הסדר טיעון, ועליו לבוחנו בהתאם לאמות המידה המקובלות, ובכלל זה השיקולים הייחודיים המתחייבים מקיומו של הסדר טיעון.",train
מהו השיקול שהוביל למסקנה שאין לחרוג ממתחם הענישה לחומרה?,"מנגד, לא מצאתי הצדקה לחרוג ממתחם הענישה לחומרה משיקולי הגנה על שלום הציבור.",train
מהו האיסור הבסיסי שהדין הפלילי מטיל על האדם בנוגע לעבירת גניבה?,"בתי המשפט עמדו לא אחת על הערכים המוגנים הנפגעים כתוצאה מביצוע עבירת גניבה: \האיסור על גניבה הוא מן האיסורים הבסיסיים שהדין הפלילי מטיל על האדם עוד מימים ימימה.""",train
אילו נסיבות יש להביא בחשבון בגזירת העונש בהתאם לסעיף 40יא לחוק העונשין?,"בגזירת העונש המתאים לנאשם, בהתאם לסעיף 40יא לחוק העונשין, יובאו בכלל חשבון נסיבותיו האישיות, שאינן קשורות בביצוע העבירה.",train
מהו העקרון המנחה לקביעת העונש הראוי לנאשם בעבירות אלימות?,"בנסיבות העניין, על העונש הראוי לנאשם בגדרי מתחם העונש ההולם לשקף את חומרת המעשים כפי שתוארה לעיל, את מידת אשמו, ואת המשקל המצטבר של הנסיבות האישיות שנמנו לעיל.",train
מהו השיקול שצוין לגבי הנאשמות אשר אינו נוגע לביצוע העבירות?,יש מקום להתחשב בנסיבותיהן האישיות אשר אינן קשורות בביצוע העבירות.,train
"כיצד נקבע מתחם העונש בעניינו של הנאשם, ומהו הקושי במציאת מקרים תקדימיים?","עם זאת יש לומר; מתחם העונש שנקבע בעניינו של הנאשם (בין 11 שנות מאסר ל 16 שנות מאסר) הוא המתאים, אולם יש לזכור ש\בתחום מדיניות הענישה קשה לאתר מקרים תקדימיים המתאימים בנסיבותיהם ככפפה ליד ממקרה למקרה, שכן כל ענין לנסיבותיו המיוחדות\"" (ע\""פ 2505/07 מדינת ישראל נ' פלוני, [פורסם בנבו], 8.4.2008), ומכל מקום \""ענישה - לעולם אינה נוסחה מתמטית\"" (ראו ע\""פ 2073/04 אמדורסקי נ' מדינת ישראל [פורסם בנבו] (4.9.2006), ולכן - מבלי לגרוע או לפגוע בכל שאמרתי לעיל, יש לראות את התוצאה כמכלול, והמתאימה לנסיבות שעמדו לפנינו.""",train
כיצד משפיע האינטרס הציבורי על הענישה בעבירות החזקת נשק?,"בבוא בית-המשפט לשקול את הענישה בעבירות מסוג זה, עליו לתת משקל נכבד יותר לאינטרס הציבורי ולצורך להרתיע עבריינים בכוח מלבצע עבירות דומות, על פני הנסיבות האישיות של העבריין.",train
מהו הצורך במיגור האלימות הגואה בחברה כפי שצוין על ידי בית המשפט העליון?,בית המשפט העליון עמד רבות על הצורך במיגור האלימות הגואה בחברה ובתוך כך על הצורך בצמצום תופעת השימוש בנשק קר וחם ליישוב סכסוכים.,train
מהו הציפייה מהמדינה בנוגע להשקעת כספי הנאשם במהלך תפיסת חשבונותיו?,"כלל, סביר ואף מצופה כי המדינה תחזיק את הכסף באפיקי השקעה שלמצער ישמרו על ערכו, אך סבורני כי החלטה על מכירת ניירות הערך צריכה הייתה להתקבל על ידי הנאשם עצמו, אשר עודנו הבעלים של תיקי ניירות הערך, גם בתקופת תפיסתם בידי המדינה.",train
כיצד יש לשקול את ההלימה וההגנה על הציבור לעומת נסיבותיו האישיות של הנאשם?,מכאן שיש במקרה זה לתת משקל בכורה לשיקול ההלימה וכן להגנה על הציבור והרתעה הן של הנאשם והן של הרבים על פני נסיבותיו האישיות של הנאשם.,train
מהי הסיבה לכך שלא נמצאה הצדקה לחריגה ממתחם הענישה לקולה במקרה זה?,לא מצאתי הצדקה לחריגה ממתחם הענישה לקולה בהעדר נכונות מצד הנאשם להשתלב בהליך טיפולי - שיקומי.,train
מהי הסיבה לכך שלא ניתן לקבוע שהנאשם פעל מתוך התגוננות במהלך התקיפה?,"כאמור, הנאשם יצא וחזר מבית העסק, כדי לפגוע במתלונן באופן בלתי מידתי, ואף רדף אחריו לחדר פנימי, כך שלא ניתן לקבוע כי פעל מתוך התגוננות לשם עצירת תקיפה שלא כדין נגדו או בשל קרבה כלשהי לסייג לאחריות פלילית.",train
מהו הערכת שירות המבחן לגבי סיכויי השיקום של הנאשם?,"שירות המבחן העריך כי לצד העדר גבולות פנימיים להתנהגות הנאשם, קיימים גורמי סיכוי טובים לשיקומו, לאור הפסקת השימוש בסמים ושמירה על יציבות תפקודית.",train
מדוע לא עולה התנהלות המתלונן בגדר התגרות המוצדקת את התנהגות הנאשם?,התנהלות המתלונן כמתואר בעובדות כתב האישום המתוקן לא עולה בגדר התגרות המצדיקה את ההתנהגות האלימה כגון זו בה בחר הנאשם וכמובן את תוצאותיה.,train
כיצד משפיעה חובת ההוכחה על הנאשם שלא הודה בעבירות המיוחסות לו?,"הנאשם לא הודה בעבירות שיוחסו לו, כך שלשם מתן הכרעת הדין נשמעו ראיות וטיעוני הצדדים וכמובן שאין לזקוף לחובת הנאשם ניהול משפט על ידו (סעיף 40יא(6) לחוק העונשין).",train
"כיצד השפיעו שיקולי הגמול, השיקום וההרתעה על סוג הענישה שהוטלה על הנאשם?","בהביאי בכלל חשבון את שיקולי הגמול, השיקום וההרתעה, ביחס לנאשם בנסיבותיו, הסלידה שחשה החברה נוכח מעשיו והוקעתם הנדרשת, הצורך בהמחשת חומרת מעשיו, הרתעתו והרתעת עבריינים כמותו, לצד צרכיי ומאמצי שיקומו, וקשיי פרנסתו ופרנסת התלויים בו, נחה דעתי כי ראוי להעדיף בעניינו ענישה צופה פני שיקומו ולהשיג את מטרות הענישה באמצעות השתת רכיבי גמול בדרך של פיצוי וקנס, לצד ענישה מרתיעה צופה פני עתיד בדמות מאסר מותנה והתחייבות כספית.",train
מהו היחס הנדרש בין חומרת העבירה למידת אשמו של הנאשם לפי תיקון 113 לחוק העונשין?,"בהתאם לתיקון 113 לחוק העונשין, התשל\ז 1977 (להלן: \""חוק העונשין\""), נדרש יחס הולם בין חומרת מעשה העבירה בנסיבותיו ומידת אשמו של הנאשם לבין סוג ומידת העונש המוטל עליו.""",train
מהו היחס הנדרש בין חומרת העבירה ומידת אשמו של הנאשם לבין העונש המוטל עליו לפי תיקון 113 לחוק העונשין?,"בהתאם לתיקון 113 לחוק העונשין, נדרש יחס הולם בין חומרת מעשה העבירה בנסיבותיו ומידת אשמו של הנאשם לבין סוג ומידת העונש המוטל עליו.",train
מהו הנזק הפוטנציאלי שיכול היה להיגרם ממעשיו של הנאשם?,"ככלות הכל, הנזק הפוטנציאלי שהיה עלול להיגרם ממעשיו של הנאשם הן למתלוננת והן לאחר הוא חמור מזה שארע ואין להקל ראש בכך.",train
מה קובע הנשיא יוסף אלון לגבי רכיב כלכלי בעבירות המבוצעות כנגד תמורה כספית?,"בעניין זה אפנה לפסיקת כב' הנשיא יוסף אלון בעפ\ג 1105-08-13 דנינו ואח' נ' מדינת ישראל (16.9.2013)[פורסם בנבו] , שם קבע:  בעבירות המבוצעות כנגד תמורה כספית, הרי שהענישה צריכה לכלול גם רכיב כלכלי משמעותי, אשר יהיה בו מענה עונשי הולם למעשה, וזאת על אף שלא שוכנתי כי בצע כסף הוא זה שהניע את הנאשם לבצע את עבירות הסחר, כפי שעמדתי על כך לעיל.""",train
מה הכלים שהחוק מקנה למניעת הסכנות הכרוכות בהפצת חומרים מסכנים?,"החוק מקנה, אם כן, כלים למניעת הסכנות הכרוכות בהפצת חומרים מסכנים אלו, לרבות העמדה לדין את מי אשר מסכן את בטחונו ובריאותו של הציבור, עד אשר חומרים אלו יכללו בפקודת הסמים המסוכנים (סעיף 5(א) לחוק).",train
מהו השינוי המרכזי שהציג תיקון מס' 113 לחוק העונשין בנוגע לענישה אינדיווידואלית?,"בדרך זו חידד תיקון מס' 113 לחוק העונשין את הצורך בהמשך נקיטת שיטת ענישה אינדיווידואלית, הבוחנת נסיבותיו של כל מקרה ואדם המובא לדין.",train
כיצד נקבע מתחם העונש ההולם לפי סעיף 40ג(א) לחוק העונשין?,מתחם העונש ההולם ייקבע בהתאם לעקרון ההלימות כפי שהוגדר בסעיף 40ג(א) לחוק העונשין.,train
מדוע לא ניתן לראות בנאשם כמי שחטא באופן חד פעמי למרות העדר עבר פלילי?,"אמנם לנאשם אין עבר פלילי אך הוא הורשע בהליך דנן בשל שתי עבירות של התפרצות לבנין שאינו מקום מגורים וביצוע גניבה, כך שלא ניתן לראות בו כמי שמעד וחטא באופן חד פעמי.",train
מהי הדרך בה הוחלט להשיג את מטרות הענישה במקרה זה?,"בנסיבות אלו, מצאתי להימנע ממתיחת מלוא שורת הדין למול הנאשם ולהשיג את מטרות הענישה באמצעות השתת רכיבי גמול הכוללים פיצוי וקנס מידתיים לצד ענישה מרתיעה, בדרך של מאסרים מותנים והתחייבות כספית, אשר תרחף כחרב מעל ראשו, לבל ישוב הנאשם ויבצע עבירות נוספות בעתות משבר או דחק עתידיים.",train
מהו הרושם שהתקבל לגבי השפעת ההליך המשפטי על הנאשם והסיכון להישנות התנהגות דומה בעתיד?,שירות המבחן התרשם כי על הנאשם הוטלה אחראיות כבדה בהיותו הבכור למשפחה שהתמודדה עם קשיים כלכליים ובריאותיים והתקבל הרושם כי ההליך המשפטי היווה גורם מרתיע עבורו והשתלבותו בהליך שיקומי מפחיתה את הסיכון להישנות התנהגות דומה בעתיד.,train
אילו שיקולים לקולא נלקחו בחשבון בנוגע לנסיבות חייו של הנאשם?,"לצד זאת, מצאתי להביא בכלל חשבון, במסגרת השיקולים לקולא, את נסיבות חייו של הנאשם וקשייו לשמור על יציבות תעסוקתית, כפי שהדברים באו לידי ביטוי בתסקיר שירות המבחן.",train
כיצד השפיע מצבו הרפואי של הנאשם על גזירת העונש?,באתי בחשבון את מצבו הרפואי של הנאשם והתמודדותו בעניין זה.,train
מדוע ישנה חומרה יתרה בעבירות אלימות חמורות המבוצעות באמצעות סכין?,"\במקרים רבים עמד בית המשפט על החומרה היתרה שיש בעבירות אלימות חמורות המבוצעות באמצעות סכין, באשר המרחק התוצאתי בגדרן בין גרימת חבלה חמורה לבין גרימת תוצאה קטלנית הוא לעיתים קרובות עניין של מזל או ביש-מזל בלבד.""",train
מהו המסר שהעביר בית המשפט העליון לגבי הענישה על אלימות בין בני זוג?,"מפסיקת בית המשפט העליון עולה מסר ברור בדבר הצורך בענישה מוחשית למי שמעז לנהוג באלימות כלפי בני זוג: \בית משפט זה עמד לא אחת על חומרתה של תופעת האלימות בין בני זוג ועל הצורך להחמיר בענישה במקרים אלו ... זוהי אלימות הפוצעת לא רק את הגוף אלא גם מנתצת את הרקמה הדקה והחשובה כל כך של אמון וביטחון במרחב האישי.""",train
מהו תיאור המקרה של הנאשם ביחס לאורחות חייו?,"בנסיבות אלה, דומני כי אירוע כתב האישום מהווה מעידה חד פעמית בנוף חייו של הנאשם ואינו משקף נאמנה את אורחות חייו.",train
מהו האינטרס הציבורי המוביל לעונש מרתיע בעבירות של גניבה בידי עובד?,"האינטרס הציבורי דורש שמירה על מערכות האמון שיכול כל מעביד לתת בעובד, וזאת באמצעות ענישה מרתיעה שתבהיר כי כל פגיעה באמון זה תקבל מענה בדמות ענישה מוחשית.",train
מהו השיקול האישי שהשפיע על גזר הדין של הנאשם?,"לזכות הנאשם הבאתי בכלל חשבון את גילו (יליד 1952) במועד ביצוע העבירות, מצבו הבריאותי כנכה צה\ל, התמודדותו עם מחלות נוספות ומצבו הכלכלי.""",train
מדוע הנזק שעלול להיגרם ממציאת הסם חמור שבעתיים?,הנזק שעלול היה להיגרם ממציאת הסם על ידי אחרים ומהפצתו חמור שבעתיים.,train
מהי התקדמות ההליך הטיפולי של הנאשם וכיצד היא משפיעה על מערכת יחסיו הזוגית?,"חלה התקדמות בהליך הטיפולי, בהתאם ליכולותיו, וקיימת נחיצות להמשך הטיפול המהווה עבור הנאשם מקור לתמיכה, התייעצות והכוונה באשר למערכת יחסיו הזוגית, להתנהגותו ולתגובותיו.",train
מהו הסיכון שהעריך שירות המבחן בנוגע להתנהגות הנאשם?,"מנגד, והגם ששירות המבחן העריך כי קיים סיכון להישנות התנהגות דומה, לא שוכנעתי כי חשש זה מצדיק חציית רף מתחם הענישה לחומרה, משיקולי הגנה על שלום הציבור.",train
מדוע לא הוקטן מתחם העונש ההולם למרות גורמים מקלים?,"בכל זאת יש כדי גורם ממתן בגזירת דינו של הנאשם, אך לא כדי הפחתה מרצפת מתחם העונש ההולם, כפי שציינתי לעיל, נוכח נסיבות ביצוע העבירות ואופיין החמור ובהעדר שיקולי שיקום כהוראת סעיף 40ד(א) לחוק העונשין.",train
מדוע יש להיזהר מטשטוש בין השיקולים בקביעת מתחם הענישה לבין טווח ענישה מוסכם בהסדר טיעון?,"בחלק מהמקרים תהיה חפיפה מסוימת בין השיקולים הנשקלים בעת קביעת מתחם הענישה, לבין אלה המובאים בחשבון בקביעת טווח ענישה מוסכם בהסדר טיעון, אך יש להיזהר מטשטוש, שעלול להיווצר כתוצאה מחפיפה חלקית זו, שאיננה גורעת מההבדלים המשמעותיים בין שני המושגים הנל.",train
מדוע העבירה נחשבת לתוצאה של תכנון מוקדם ולא אקראית?,"אין מדובר בעבירה אקראית, אלא בעבירה שהינה פרי תכנון מוקדם וברי כי הנאשם היה מודע לאיסור שבמעשיו והבין את הפסול שבהם, שכן בגין אותם מעשים ממש נענש בעבר לא אחת.",train
מדוע בית המשפט אינו כפוף להמלצות שירות המבחן במקרה זה?,"בית המשפט אינו כפוף להמלצות שרות המבחן בהיותו אמון על שקילת מכלול האינטרסים בענישה וסבורני כי נסיבות המעשים לבדן מקשות על אימוץ המלצותיו (ראו: ע\פ 4833/07 אבו פנה נ' מדינת ישראל, מיום 25.9.2007) ובמקרה הנוכחי, סבורני כי ריצוי עונש מאסר על דרך של עבודות שרות יאזן נכונה בין האינטרסים השונים, יאפשר לנאשם מתן תרומה נרחבת מטעמו מצו של\""צ בעבור החברה שנפגעה ממעשיו.""",train
מהו טווח הענישה הנוהג בפסיקה לגבי עבירת שיבוש מהלכי משפט?,טווח הענישה הנוהג בפסיקה לגבי עבירת שיבוש מהלכי משפט הינו רחב ותלוי נסיבות.,train
מהו המצב הכלכלי של הנאשם וכיצד הוא משפיע על עניינו המשפטי?,"אני מקבל את הטענה כי מצבו הכלכלי של הנאשם ומשפחתו בכי רע, בעיקר בשל העובדה כי הרחיק עד אילת כדי לפרנס את משפחתו, המתגוררת בגליל.",train
מהו החשש הנובע מכך שהנאשם לא הפנים את הפסול שבמעשיו?,"הנאשם לא הפנים את הפסול שבמעשיו, לא ערך כל מאמץ לחזור למוטב ולהביע חרטה, מה שמעלה את החשש להישנות מקרים דומים בעתיד לבוא, לאו דווקא כלפי עורכי דין.",train
מהי הסיבה להרתעת הנאשם מלבצע עבירות אלימות נוספות?,"בנסיבות אלה, יש צורך בהרתעתו הקונקרטית של הנאשם מלשוב ולבצע עבירות אלימות, לרבות איומים.",train
מהו העיקרון המנחה להפעלת תנאי כאשר קיימת התנהגות פלילית מהותית?,"דרך כלל, אם התנהגותו הפלילית של נאשם בגינה הוא הורשע מקיימת באורח מהותי ולאו דווקא טכני את עיקריה של עבירת התנאי, כי אז יש מקום להפעלת התנאי גם אם אין זהות מוחלטת בין יסודות עבירת התנאי והעבירה הנוספת.",train
כיצד השפיע גזר הדין בעניינו של אמיל על עונשו של הנאשם?,"לאור זאת, לא מצאתי למתוח את שורת הדין עם הנאשם והקלתי בעונשו נוכח גזר הדין בעניינו של אמיל.",train
מהי המשמעות של הצורך בבחינה זהירה של הסדרי טיעון?,"משמעות הדברים הינה אפוא כי עריכת הסדר טיעון לא תהיה נכונה בכל מקרה ולא 'בכל מחיר', ומכאן הצורך בבחינה, בדיקה ושקלול זהירים ואחראיים - הן מצד הצדדים, הן מצד בית המשפט שלאישורו מובא ההסדר' (ע\פ 1281/06 בורשטיין נ' מדינת ישראל, פ\""ד סב(4) 100, 112 (2008) (להלן: 'עניין בורשטיין').""",train
מהו ההיבט המרכזי שמצדיק את ההגנה על אנשי החוק בעת ביצוע תפקידם?,"לפגיעה האמורה, היבטים הקשורים באופן מובהק במוסכמות הבסיסיות של היותנו חברה דמוקרטית המכבדת את שלטון החוק וזכויות הזולת, במערכת אכיפת החוק ובצורך להגן על אנשי חוק המבצעים מלאכתם, לעיתים בתנאים קשים ומורכבים, תוך סיכון שלומם וביטחונם האישי, כשלוחי החברה ושלטון החוק.",train
מדוע נדרשת ענישה מרתיעה בעבירות גניבה ממעביד?,"בנסיבות אלו, האינטרס הציבורי דורש שמירה על מערכות האמון שיכול כל מעביד לתת בעובד, וזאת באמצעות ענישה מרתיעה שתבהיר כי כל פגיעה באמון זה תקבל מענה בדמות ענישה מוחשית.",train
מהי המסוכנות הנשקפת ממי שמחזיק בנשק שלא כדין לאורך זמן?,"מאדם המחזיק בנשק שלא כדין נשקפת מסוכנות, על אחת כמה וכמה כאשר החזקה זו איננה קצרה זמן אלא מתקיימת לאורך מספר חודשים כבמקרה שלפנינו.",train
מהו שיקול ההרתעה שיש לקחת בחשבון בגדרו של המתחם?,עוד יש ליתן את הדעת לשיקולי הרתעת היחיד והרתעת הרבים בגדרו של המתחם.,train
מהו האפקט המצטבר של צבר העבירות במקרה זה?,"עסקינן בצבר עבירות, אשר כל אחת מהן חמורה כשלעצמה בנסיבותיה ועל כן קם נופך נוסף של חומרה מכח האפקט המצטבר.",train
מהן שלוש ההתחשבויות שעל בית המשפט לקחת בחשבון ליישום עקרון ההלימה?,"על מנת ליישמו בית משפט יתחשב בשלושת אלה: ראשית, בערך החברתי שנפגע  מביצוע העבירה ובמידת הפגיעה בו; שנית, בנסיבות הקשורות בביצוע העבירה ומידת אשמו של הנאשם; שלישית, במדיניות הענישה הנהוגה (ע\פ 8641/12 סעד נ' מדינת ישראל (ניתן ביום 5.8.2013).""",train
מהו המנגנון שנועד לשמור על ההליך הטיפולי של הנאשם?,"אני מוצא להבהיר כי לצורך מימוש ושימור ההליך הטיפולי, בצד מגבלות השימוש באמצעים שמקנה חוק העונשין, מצאתי לגזור על הנאשם רכיבי ענישה באופן שייווצר הליך מבוקר ומתמשך במסגרתו יועמד הנאשם בפיקוח טיפולי ושיפוטי.",train
כיצד משפיעה התפרצותו של הנאשם על תחושת הביטחון הציבורית?,התפרצותו של הנאשם והנזק שנגרם אינם רק כלכליים אלא גם פוגעים בתחושת הביטחון הציבורית.,train
כיצד חידד תיקון 113 לחוק העונשין את שיטת הענישה האינדיווידואלית?,"בדרך זו חידד תיקון 113 לחוק העונשין את הצורך בהמשך נקיטת שיטת ענישה אינדיווידואלית, הבוחנת נסיבותיו של כל מקרה ואדם והמובא לדין.",train
מהי המודעות של הנאשם למעשיו והאם הייתה לו יכולת להבין את הפסול שבהם?,"הנאשם היה מודע למעשיו ולא נגרעה יכולתו להבין את הפסול שבהם, והיו לו הזדמנויות רבות להבין את חומרת מעשיו ולחדול מהם.",train
מהי המסקנה לגבי הנזקים שנגרמו לנפגעת עבירות המין לפי השכל הישר וניסיון החיים?,"בבית המשפט לא נדרש תחשיב מפורט של הנזקים שנגרמו לנפגעת או נזקים פוטנציאליים עתידיים, אך המסקנה כי נפגעות עבירות מין סובלות נזקים נפשיים קשה היא מסתמכת על השכל הישר וניסיון החיים.",train
מדוע יש לראות את העבירות שביצע הנאשם כאירוע מתמשך לצורך קביעת מתחם הענישה?,"על אף שבכתב האישום נמנו שני אישומים נפרדים, היות והעבירה האחרונה יוחסה לנאשם במועד מאוחר למועד ביצוע ההתפרצות והיזק לרכוש, הרי שסבורני כי יש לראות בכלל העבירות כאירוע מתמשך אחד לצורך קביעת מתחם הענישה, נוכח הקשר ההדוק בין ביצוע העבירות במקרה דנא.",train
מהו תפקידו של בית המשפט במאבק נגד נגע הסמים לפי ההנחיות שניתנות?,"נגע זה יש לעקור ולבער, ומתפקידו של בית המשפט לתרום את חלקו תוך הטלת עונשים מחמירים ומרתיעים.",train
מדוע יש צורך בגמול לנאשם שישקף את סלידת החברה ממעשיו?,"לצד זאת, אין להתעלם מגמול נדרש לנאשם שישקף את הסלידה שחשה החברה נוכח מעשיו ואת הוקעתם הנדרשת.",train
מהו מתחם הענישה ההולם שנקבע בהתחשב בנסיבות ובערכים החברתיים שנפגעו?,"מכל המקובץ, בהתחשב בערכים החברתיים שנפגעו מביצוע העבירות, במידת הפגיעה בהם, במדיניות הענישה הנהוגה, בנסיבות הקשורות בביצוע העבירה, תוצאותיהן והיחס ההולם בין חומרת מעשי העבירות בנסיבותיהם ומידת אשמו של הנאשם ובין סוג ומידת העונש שיש להטיל עליו, סבורני כי מתחם הענישה ההולם נע על פני ספקטרום שבין קנס כספי לבין 6 חודשי מאסר שיכול וירוצו בדרך של עבודות שירות.",train
מהו העיקרון המשפטי המנחה את בית המשפט בנוגע לחומרת העבירה במקרה זה?,"מדובר בעמדתו הערכית של המחוקק ביחס לחומרת העבירה, ועלינו לקיים את דברו.",train
על מה מתבסס מתחם הענישה ההולם לפי סעיף 40ג(א) לחוק העונשין?,על כן אקבע את מתחם הענישה ההולם על בסיס שיקולים נורמטיביים ואובייקטיבים כאמור בסעיף 40ג(א) לחוק העונשין.,train
כיצד מתבצעת שיטת הענישה האינדיווידואלית במקרים של עבירות פליליות?,"בהמשך נקיטת שיטת ענישה אינדיווידואלית, הבוחנת נסיבותיו של כל מקרה ואדם המובא לדין (ע\פ 433/89 אטיאס נ' מדינת ישראל, פ\""ד מג(4) 170; ע\""פ 5106/99 אבו ניג'מה נ' מדינת ישראל, פ\""ד נד(1) 350; רע\""פ 3173/09 פראגין נ' מדינת ישראל (ניתן ביום 5.5.2009)).""",train
כיצד משפיעה מדיניות הענישה על מאבק בתופעת האלימות בעבירה זו?,"מדיניות הענישה בעבירה בה הורשע הנאשם, מתחשבת בצורך במאבק בתופעת האלימות שהפכה לנגע של ממש.",train
מהו הידע שהנאשם היה יכול להפעיל כדי להימנע ממעשיו הפסולים?,הנאשם יכל להבין את הפסול שבמעשיו ולהימנע מהם.,train
מהי הסיבה להחמרת הענישה בעבירות תקיפת בת זוג?,"עבירות אלה, נפיצותן, וכן הקושי של קורבנות העבירה להתלונן, הביאו את המחוקק להחמיר בענישה שנקבעה, כאשר מדובר בתקיפת בת זוג.",train
אילו שלושה שיקולים יש לקחת בחשבון בעת יישום עקרון ההלימה?,"על מנת ליישמו בית משפט יתחשב בשלושת אלה: ראשית, בערך החברתי שנפגע  מביצוע העבירה ובמידת הפגיעה בו; שנית, בנסיבות הקשורות בביצוע העבירה ומידת אשמו של הנאשם; שלישית, במדיניות הענישה הנהוגה (ע\פ 8641/12 סעד נ' מדינת ישראל (ניתן ביום 5.8.2013).""",train
מהו העקרון שעל פיו ייקבע מתחם העונש ההולם לפי סעיף 40ג(א) לחוק העונשין?,מתחם העונש ההולם ייקבע בהתאם לעקרון ההלימה כפי שהוגדר בסעיף 40ג(א) לחוק העונשין.,train
כיצד נקבע מתחם העונש ההולם לפי עקרון ההלימה בחוק העונשין?,מתחם העונש ההולם ייקבע בהתאם לעקרון ההלימה כפי שהוגדר בסעיף 40ג(א) לחוק העונשין.,train
מדוע לא הצליחה נפגעת העבירה לפנות לטיפול לאחר הפגיעה?,"נפגעת העבירה ערכה ניסיון לפנות לטיפול, אך ללא הצלחה, בשל קושי משמעותי מצדה לתן אמון בגורמי טיפול, נוכח הפגיעה הקשה ביכולתה לתת אמון בגורמי סמכות, בהינתן שסבה היווה עבורה גורם סמכות מגיל צעיר.",train
מהו הצורך שהובא בחשבון בהרתעת הנאשם ואחרים מביצוע עבירות אלימות במשפחה?,"על כן, הבאתי בחשבון את הצורך בהרתעת הנאשם ואחרים כמותו בביצוע עבירות אלימות במשפחה, בשל חומרתן והקושי לגלותן.",train
כיצד משפיעות נסיבותיו האישיות של הנאשם על גזירת העונש בהתאם לחוק העונשין?,"בגזירת העונש המתאים לנאשם, בהתאם להוראות סעיף 40יא לחוק העונשין, יובאו בכלל חשבון נסיבותיו האישיות של הנאשם, אשר אינן קשורות בביצוע העבירה.",train
מהי החשיבות של ענישה מרתיעה במקרה שבו הנאשם לא הפנים את הפסול במעשיו?,"בנסיבות אלה, מצאתי כי הנאשם לא הפנים את הפסול במעשיו, ועל כן יש חשיבות בענישה מרתיעה שיהא בה להניא את הנאשם מלשוב ולבצע עבירות נוספות.",train
"מהי מידת הפגיעה בערכים החברתיים במקרה הנדון, כפי שנקבע בהכרעת הדין?","מידת הפגיעה בערכים החברתיים המפורטים במקרה על ידי הנאשם הינה ברף גבוה, כפי העולה מקביעותיי בהכרעת הדין.",train
מהי מדיניות הענישה הנוהגת כלפי תוקפים באמצעות חפץ?,"מדיניות הענישה הנהוגה - עיון בפסיקה מעלה, כי מי שתוקף את רעהו באמצעות חפץ כלשהו (ואין זה משנה אם מדובר בסכין, בבקבוק, באבן או במקל) וגורם לו לחבלות, בדרך כלל דינו לעונש מאסר, אם כי הדבר תלוי בחומרת ועוצמת התקיפה, בנסיבותיה ובתוצאותיה.",train
מהי המגמה שנמצאה בבחינת מדיניות הענישה לעבירות מין בקטינים ובפרט במשפחה?,"בחינת מדיניות הענישה הנהוגה ביחס לעבירה של מעשה סדום בקטינה בת משפחה ולריבוי עבירות של מעשים מגונים לרבות בקטינה בת משפחה מעלה מגמת החמרה עקבית ומובהקת, כנגזרת מהחומרה היתרה שמייחס המחוקק, כמו גם הציבור בכללותו, לעבירות מין בקטינים, ובעיקר עבירות מין במשפחה, המתבטאת בהטלת עונשי מאסר משמעותיים, לשם הגנה על אינטרס שלום הציבור ובמטרה להרתיע את היחיד ואת הרבים.",train
כיצד יש להתייחס לאירועים נפרדים בעבירות סמים לפי סעיף 40יג(ב) לחוק העונשין?,"מדובר אם כן באירועים נפרדים, המצדיקים התייחסות עונשית נפרדת, בהתאם להוראות סעיף 40יג(ב) לחוק העונשין.",train
מהו מתחם העונש ההולם שנקבע לעבירות שביצע הנאשם?,"מכל המקובץ, סבורני כי מתחם העונש ההולם לעבירות שביצע הנאשם, בנסיבות ביצוען, הינו בין מאסר מותנה (ושל\צ) לבין 8 חודשי מאסר בפועל, לצד ענישה מרתיעה וענישה כלכלית.""",train
מהי הסיבה להחמרת הענישה בעבירות רכוש בהקשר למציאות הביטחונית?,"נוכח שכיחותן של העבירות והמציאות הביטחונית, נדרש להחמיר בענישה כדי להרתיע את הציבור ולהגן על שלום הציבור.",train
"מהו הערך החברתי שנפגע בעבירת תקיפה הגורמת חבלה של ממש, ומהי הענישה המרבית הקבועה לכך?","הערכים החברתיים שנפגעו מביצוע העבירה של תקיפה הגורמת חבלה של ממש, לצדה קבע המחוקק ענישה מרבית של 3 שנות מאסר, הנם זכותו של כל אדם להגנה על שלמות גופו, בטחונו האישי וכבודו, מפני אלימות מכל סוג.",train
מדוע יש לראות את שתי עבירות התקיפה כאירוע אחד לצורך קביעת מתחם הענישה?,"הנאשם ביצע את שתי עבירות התקיפה ברצף, כשיש ביניהן קשר הדוק, ויש לראותן כאירוע אחד, לצורך קביעת מתחם הענישה.",train
מהן שלושת השלבים במלאכת גזירת הדין לפי סעיף 40 לחוק העונשין?,"מלאכת גזירת הדין מורכבת משלושה שלבים עיקריים:  תחילה, אקבע את מתחם העונש ההולם לעבירות שביצעו הנאשמים, על בסיס שיקולים נורמטיביים ואובייקטיבים, בהתחשב בערך החברתי שנפגע כתוצאה מהעבירות, במידת הפגיעה בערך זה, במדיניות הענישה הנהוגה ביחס לעבירות אלה ובנסיבות הקשורות בביצוען, לרבות מידת אשמם של הנאשמים, כמפורט בסעיף 40ט לחוק העונשין (סעיף 40ג לחוק העונשין); לאחר מכן, אבחן האם ראוי לחרוג מן המתחם לקולא בשל שיקולי שיקום (סעיף 40ד לחוק העונשין) או לחומרא בשל שיקולי הגנה על שלום הציבור (סעיף 40ה לחוק העונשין); לבסוף, אקבע את העונש המתאים לכל אחד מהנאשמים, בהתחשב בצורך בהרתעת הנאשם (סעיף40ו לחוק העונשין), בצורך בהרתעת הרבים (סעיף40ז לחוק העונשין) ובנסיבותיו האישיות של כל נאשם, שאינן קשורות לביצוע העבירות (סעיף 40יא לחוק העונשין).",train
כיצד משפיעים עקרונות וערכים אחרים על עקרון אחידות הענישה?,"עם זאת, עקרון אחידות הענישה אינו חזות הכול ויכול שייסוג מפני עקרונות וערכים אחרים.",train
מהו מתחם הענישה ההולם לעבירת החזקת סמים מסוכנים בנסיבות הקונקרטיות?,"מכל המקובץ עד כאן, סבורני כי מתחם הענישה ההולם לעבירת החזקת הסמים המסוכנים, בנסיבות הקונקרטיות והעקרונות שביסוד תיקון 113 לחוק העונשין צריך לנוע על פני ספקטרום שבין מאסר מותנה ל-8 חודשי מאסר בפועל, לצד מאסרים מותנים, פסילת רישיון נהיגה וענישה כלכלית.",train
מהו ההבדל בין נאשמים המביעים חרטה לבין הנאשם במקרה זה?,"הנאשם אינו זכאי להקלה לה זכאים נאשמים אשר לוקחים אחריות למעשיהם, מביעים חרטה וחוסכים מזמנו של בית המשפט ועדי הצדדים.",train
מהן ההשפעות של עבירת איומים על ערכים חברתיים של הקרבן?,"בביצוע עבירת איומים נפגעים ערכים חברתיים של שלוות נפשו של הקרבן, חופש הפעולה והבחירה שלו ואין לאפשר מצב בו איום הופך להיות כלי או אמצעי לפתרון סכסוך כזה או אחר, בפרט כאשר קיים חשש ממשי שדברי איום יובילו לכדי פגיעה פיסית של ממש.",train
כיצד משפיעה מדיניות הענישה הנוהגת על העונש בעבירות סמים?,מדיניות הענישה הנוהגת בעבירות שבוצעו מתחשבת בצורך במאבק בנגע הסם.,train
מהו הערך החברתי החשוב המגן על שוטרים בעבודתם באכיפת החוק?,"ערך חברתי משמעותי הוא לשמר מוגנות נדרשת לשוטרים העוסקים באכיפת החוק, על מנת שיוכלו לבצע עבודתם נאמנה, ללא הפרעה או חשש.",train
מהו המסר שיש להעביר לנאשם הממשיך לבצע עבירות אלימות כלפי בת זוגו?,"מי אשר חוזר ומבצע עבירות אלימות מילולית וחוזר ומבצע עבירות כלפי בת זוג, מאיים להרוג קטין אחרי שהורשע בתקיפת קטין על ידי אחראי עליו, יש להציב בפניו גבולות ברורים ומסר של הוקעה שאינו משתמע לשתי פנים.",train
כיצד מתייחס בית המשפט להיבטים השונים של הפגיעה במתלוננת?,"בחינת בית המשפט ביחס להיקף הפגיעה אינה מתייחסת לעולם להיבט אחד של הפגיעה, אלא למכלול ההיבטים הרלוונטיים, ובענייננו – יש משקל משמעותי בקביעת המתחם לנזקים הנפשיים שנגרמו למתלוננת כתוצאה ממעשיו של הנאשם.",train
מהו השיקול השיקומי שהצדיק חריגה משמעותית לקולא ממתחם העונש ההולם?,"לאחר שבחנתי את השיקול השיקומי במקרה דנן, סבורני כי יש בשיקול השיקומי כדי להצדיק במקרה זה חריגה משמעותית לקולא ממתחם העונש ההולם.",train
כיצד נקבע מתחם הענישה ההולם לפי עקרון ההלימה?,"מתחם הענישה ההולם יקבע בהתאם לעקרון ההלימה, כפי שהוגדר בסעיף 40ג(א) לחוק העונשין.",train
כיצד ייקבע מתחם הענישה ההולם את מעשי העבירות שביצע הנאשם?,"תחילה, אקבע את מתחם הענישה ההולם את מעשי העבירות שביצע הנאשם, על בסיס שיקולים נורמטיביים ואובייקטיבים, בהתחשב בערכים החברתיים שנפגעו, מידת הפגיעה בהם, במדיניות הענישה ובנסיבות הקשורות בביצוע העבירות.",train
מהו העיקרון המנחה בענישה בעבירות אלימות שגרמו לחבלה של ממש?,נקבע כי עבירות אלימות בכלל ועבירות אלימות בין בני זוג בפרט מחייבות ענישה מרתיעה ומוחשית ועל אחת כמה וכמה שעה שגרמו לחבלה של ממש.,train
אילו שלושה גורמים יש להביא בחשבון בעת קביעת מתחם הענישה?,"לצורך אביא בכלל חשבון שלושת אלה: הערך החברתי שנפגע מביצוע העבירה ובמידת הפגיעה בו; נסיבות הקשורות בביצוע העבירה ומידת אשמו של הנאשם ומדיניות הענישה הנוהגת (ע\פ 8641/12 סעד נ' מדינת ישראל [פורסם בנבו] (ניתן ביום 5.8.2013)).""",train
מהו מתחם העונש ההולם לעבירת השכרות שנמצא בהכרעת הדין?,"מכל המקובץ, באתי למסקנה כי מתחם העונש ההולם לאירוע עבירת השכרות נע בין של\צ ו/או קנס לבין 3 חודשי מאסר, לצד ענישה מרתיעה וענישה כלכלית.""",train
מהו תפקידו של הנאשם בביצוע העבירות וכיצד זה משפיע על מידת אשמו?,"נתתי דעתי לתחכום ולתכנון המוקדם שליוו את ביצוע העבירות, למידת אשמו של הנאשם לו חלק מרכזי ובלעדי במהלך הדברים, לכך שלא נשמעה סיבה המשמשת לזכותו לבצע את מעשיו ולכך שהנאשם אינו קרוב לסייג לאחריות פלילית.",train
מהו העיקרון הכללי לגבי הרשעה ועונש לאחר שהנאשם עבר עבירה המיוחסת לו?,"כלל הוא כי משעבר הנאשם עבירה המיוחסת לו בכתב האישום, הוא יורשע וייענש, על מנת להגשים את מטרות הענישה, תוך מתן משקל בכורה לאינטרס הציבורי.",train
מהן השיקולים שיש להביא בחשבון בעת יישום מדיניות הענישה?,על מנת ליישמו אביא בחשבון את הערכים החברתיים שנפגעו ומידת הפגיעה בהם; נסיבות הקשורות בביצוע העבירה; מידת אשמה של הנאשמת; ומדיניות הענישה הנהוגה.,train
מהו הקשר בין השיקולים בקביעת מתחם הענישה לבין השיקולים בהסדר טיעון?,"על כן בחלק מהמקרים תהיה חפיפה מסוימת בין השיקולים הנשקלים בעת קביעת מתחם הענישה, לבין אלה המובאים בחשבון בקביעת טווח ענישה מוסכם בהסדר טיעון, אך יש להיזהר מטשטוש, שעלול להיווצר כתוצאה מחפיפה חלקית זו, שאיננה גורעת מההבדלים המשמעותיים בין שני המושגים הנל.",train
כיצד ישפיע שילוב רכיבי הענישה על המשך דרכו של הנאשם בחברה?,שילוב זה יאפשר לנאשם המשך פסיעתו בדרך הישר ורווח לחברה בעצם קבלתו כאדם נורמטיבי.,train
כיצד נקבע מתחם העונש ההולם לפי עקרון ההלימה בחוק העונשין?,"מתחם העונש ההולם נקבע בהתאם לעקרון ההלימה כפי שהוגדר בסעיף 40ג(א) לחוק העונשין ולצורך כך על בית משפט להתחשב בשלושת אלה: ראשית, בערך החברתי שנפגע  מביצוע העבירה ובמידת הפגיעה בו; שנית, בנסיבות הקשורות בביצוע העבירה ומידת אשמו של הנאשם; שלישית, במדיניות הענישה הנהוגה (ע\פ 8641/12 סעד נ' מדינת ישראל (ניתן ביום 5.8.2013).""",train
כיצד ייקבע מתחם הענישה למעשי העבירות שביצע הנאשם?,"תחילה, אקבע את מתחם הענישה למעשי העבירות שביצע הנאשם, על בסיס שיקולים נורמטיביים ואובייקטיבים, בהתחשב בערכים החברתיים שנפגעו, מידת הפגיעה בהם, במדיניות הענישה ובנסיבות הקשורות בביצוע העבירות.",train
כיצד יש להתחשב בנסיבות האישיות של הנאשם בגזירת העונש?,"בגזירת העונש המתאים לנאשם, בהתאם להוראות סעיף 40יא לחוק העונשין, יש מקום להתחשב בנסיבותיו האישיות, אשר אינן קשורות בביצוע העבירות.",train
מהו הסיכון שהאירוע יכל להביא לפגיעות חמורות יותר בגוף ובנפש?,"הנזק שעלול היה להיגרם חמור הרבה יותר בשל ריבוי המשתתפים בתגרה, כך שהאירוע כולו יכל להביא לפגיעות חמורות יותר בגוף ובנפש.",train
מהו מתחם הענישה ההולם שנקבע בנסיבות המקרה?,"מכל המקובץ, באתי למסקנה כי מתחם העונש ההולם בנסיבות דנא הינו בין חודשי מאסר אחדים שיכול וירוצו בעבודות שירות לבין 18 חודשי מאסר בפועל, לצד ענישה כלכלית וענישה מרתיעה צופה פני עתיד.",train
מהו השיקול לחומרה שנמצא בעקבות תום תוקפו של תנאי קודם?,שיקול נוסף לחומרה מצאתי בכך שמעשיו המתוארים בכתב האישום נעשו בסמוך לאחר תום תוקפו של תנאי שהוטל על הנאשם בתיק קודם ומצאתי כי יש בכך כדי להעיד על חוסר מורא מפני הדין והחוק.,train
כיצד השפיעה המוטיבציה של הנאשם להשתקם על גזר הדין שניתן לו?,"עם זאת, נוכח המוטיבציה שגילה הנאשם להשתקם, מאמציו בכיוון זה בחסות שירות המבחן הביאוני לכך שעונש המאסר המותנה ירוצה על ידי הנאשם בחופף לתקופת המאסר שאגזור על הנאשם.",train
מהו הערך החברתי החשוב לשמר את המוגנות לשוטרים העוסקים באכיפת החוק?,"ערך חברתי משמעותי הוא לשמר מוגנות נדרשת לשוטרים העוסקים באכיפת החוק, על מנת שיוכלו לבצע עבודתם נאמנה וללא הפרעה או חשש.",train
מהו השיקול המרכזי של בית המשפט בעת גזירת העונש בהסדר טיעון?,"נקבע שקיומו של הסדר הטיעון הוא \שיקול מרכזי בשיקוליו של בית-המשפט הגוזר את העונש.""",train
מדוע לא תוביל הסכמה על עונש לסטייה מההסדר הטיעון?,"נקבע כי גם העובדה לבדה שהעונש עליו הוסכם בין הצדדים איננו העונש שראוי היה להטילו בנסיבות המקרה לפי השקפתו של בית המשפט, אין די בה כדי להביא לסטייה מן ההסדר, ובית המשפט יעשה כן רק מקום בו שוכנע שנפל פגם משמעותי בשיקולי התביעה.",train
מהי המסקנה לגבי מניעת העבירה לאור הכמות הגדולה של החומר המסוכן שנתפס?,"נוכח הכמות הגדולה של החומר המסכן שנתפס (6.1 ק\ג ואלפי שקיות אריזה ריקות לצדו), ניכר כי העבירה בוצעה למען בצע כסף ולא לשימוש עצמי.""",train
מהי המדיניות בענישה בעבירות רכוש כפי שנקבעה במקרה זה?,מדיניות הענישה הנהוגה בעבירה בה הורשע הנאשם מתחשבת בצורך במאבק בעבירות רכוש אלה בהטלת ענישה מוחשית על אלה המבצעים אותן.,train
מהו הצורך בהרתעת הנאשם והרבים בעבירות מסוג זה?,"עוד יש להתחשב בעבירות מסוג זה בצורך בהרתעת הנאשם וכן בצורך בהרתעת הרבים ולעניין זה יפים דבריו של בית המשפט העליון בדבר הצורך במלחמה בתופעה ובמיגורה, תוך הטלת עונשים מרתיעים.",train
מה מדגישה מדיניות הענישה בפסיקה לגבי עבירות אלימות כלפי נציגי שלטון החוק?,"מדיניות הענישה הנהוגה בפסיקה, בעבירות בהן הורשע הנאשם, מדגישה את הצורך במאבק חסר הפשרות בנגע האלימות הפיזית והמילולית כלפי נציגי שלטון החוק וצורך להעברת מסר ברור שמי שלוקח את החוק לידיו, לשם פגיעה והעלבה בעובדי ציבור במהלך מילוי תפקידם ייתן על כך את הדין ויוענש בחומרה.",train
כיצד משפיע השימוש בנשק מטווח קצר על חומרת העבירה?,הנאשם עשה שימוש בנשק בכוונו לגופו של אחר מטווח קצר ומכאן חומרה בעלת משנה תוקף.,train
מהו העקרון שעל פיו יקבעו מתחמי העונש ההולם לפי סעיף 40ג(א) לחוק העונשין?,מתחמי העונש ההולם יקבעו בהתאם לעקרון ההלימה כפי שהוגדר בסעיף 40ג(א) לחוק העונשין.,train
אילו נסיבות זכות עשויות להשפיע על הענישה של הנאשם?,"אכן, נסיבות הזכות לנאשם אינן מבוטלות ובהן העדר עבר רלוונטי, העדר הסתבכויות נוספות, הנורמטיביות המאפיינת את מכלול חייו, הודאתו המשקפת נטילת אחריות והפנמת פסול מעשיו והבעת תחושות החרטה והאכזבה שהוא חש.",train
מהי החשיבות של שיקולי שיקום והגנה על שלום הציבור בהטלת העונש?,"כאמור, על בית המשפט לבחון האם ראוי לחרוג מן המתחם בשל שיקולי שיקום המהווים שיקול לקולא (סעיף 40ד לחוק העונשין); או מאידך, לחרוג מן המתחם בשל הצורך להגנה על שלום הציבור, המהווה שיקול לחומרה (סעיף 40ה לחוק העונשין).",train
מהו השיקול המרכזי שיש לתת לו משקל בכורה במקרה זה?,"מכאן שיש במקרה זה לתת משקל בכורה לשיקולי גמול, הגנה על הציבור והרתעה הן של הנאשם והן של הרבים על פני נסיבותיו האישות של הנאשם.",train
מהי הסיבה לכך שלא שוכנע החשש מהחזרת הנאשם לעבירות דומות מצדיק חציית רף הענישה?,"מנגד, לא שוכנעתי כי החשש שהנאשם יחזור ויבצע עבירות דומות מצדיק חציית רף מתחם הענישה לחומרה, משיקולי הגנה על שלום הציבור.",train
מהן הנסיבות האישיות של הנאשם שיש להתחשב בהן לפי סעיף 40יא לחוק העונשין?,"לשם כך וכמצוות סעיף 40יא לחוק העונשין, יש מקום להתחשב בנסיבותיו האישיות של הנאשם, אשר אינן קשורות בביצוע העבירות, כגון: גיל, עבר הפלילי, נטילת האחריות, פגיעת העונש במשפחתו, נסיבות חיים קשות שהייתה להן השפעה על ביצוע העבירה, שיתוף הפעולה עם רשויות החוק ועוד.",train
כיצד ניתן להשיג את מטרות הענישה מבלי להטיל את מלוא העונש על הנאשם?,סבורני כי ניתן להימנע ממתיחת מלוא שורת הדין למול הנאשם ולהשיג את מטרות הענישה באמצעות השתת רכיבי גמול בדרך של עונש שיקומי בביצוע עבודה לתועלת הציבור וצו מבחן לצד עונש הרתעתי בדמות של מאסר מותנה והתחייבות כספית.,train
מדוע לא נמצא לנכון לחרוג ממתחם הענישה ההולם בעניינה של הנאשמת?,בנסיבותיה של הנאשמת לא מצאתי לנכון לחרוג ממתחם הענישה ההולם לקולא או לחומרה.,train
מהו הסייג לאחריות פלילית שניתן להציב לנאשם במקרה זה?,ניתן להציב את הנאשם בקרבה מסוימת לסייג לאחריות פלילית.,train
מהו הקריטריון להקלה בעונש עבור נאשמים המביעים חרטה?,"הנאשם אינו זכאי להקלה לה זכאים נאשמים אשר לוקחים אחריות למעשיהם, מביעים חרטה וחוסכים מזמנו של בית המשפט, התביעה והעדים.",train
מהו האיזון הנדרש בין רכיבי גמול ושיקום בענישה במקרה זה?,"בנסיבות הנאשם שלפניי, באתי למסקנה כי איזון כלל השיקולים מחייב ענישה שיהא בה שילוב של רכיבי גמול לנאשם שישקף את הסלידה שחשה החברה נוכח מעשיו ואת הוקעתם הנדרשת, לצד רכיבי שיקום על מנת לסייע לנאשם לשמר אורח חיים נורמטיבי כדי שהנאשם והציבור כולו ייצאו נשכרים.",train
כיצד מתחשבת מדיניות הענישה בעבירת גניבה בידי עובד בצורך במאבק בתופעה זו?,"מדיניות הענישה בעבירת גניבה בידי עובד ממעבידו, מתחשבת אם כן, בצורך במאבק בתופעה של שליחת יד בכספים, תוך ניצול אמון המעביד, לנוכח הקלות בביצוע המעשה והקושי לגלותו.",train
מהי הסכנה שהשפיעה על ההחלטה בעניינו של הנאשם?,"מנגד, שקלתי לחומרה את סכנת חיי האדם והתייחסותו המקלה של הנאשם כלפי העבירות שביצע ושמתי את לבי לקביעת המחוקק.",train
מדוע לא מצא בית המשפט הצדקה לחרוג ממתחמי הענישה במקרה של הנאשם?,"לא מצאתי הצדקה לחרוג ממתחמי הענישה, בשל שיקולי שיקום, בהעדר אפיק שיקומי בעניינו של הנאשם.",train
מדוע הנאשם אינו זכאי להקלה בעונש למרות ניהול המשפט על ידו?,"אבהיר כי לא זקפתי לחובת הנאשם את ניהול המשפט על ידו; אולם, הנאשם אינו זכאי להקלה לה זכאים נאשמים אשר לוקחים אחריות למעשיהם, מביעים חרטה וחוסכים מזמנו של בית המשפט ועדי הצדדים (סעיף 40יא(6) לחוק העונשין).",train
מדוע יש לשקול חומרה יתרה לעבירות נגד בעלי תפקיד ציבורי?,"יש לשוות חומרה יתרה לעבירות המבוצעות נגד בעלי תפקיד ציבורי, כגון כוחות הביטחון ושוטרים הפועלים לעתים מזומנות תוך חירוף נפש לשמירה על השקט והביטחון לאזרחי המדינה (ראו למשל: רע\פ 2038/04 לם נ' מדינת ישראל, פ\""ד ס(4) 96; ע\""פ 103/88 ליכטמן נ' מדינת ישראל, פ\""ד מג(3) 373).""",train
מהו השיקול שיש להתחשב בו בגזירת העונש לנאשם לפי סעיף 40יא לחוק העונשין?,"בגזירת העונש המתאים לנאשם שמלפניי וכמצוות סעיף 40יא לחוק העונשין, יש מקום להתחשב בנסיבותיו האישיות, אשר אינן קשורות בביצוע העבירות.",train
מהו העיקרון המשפטי המוביל בענישה בעבירות סמים?,לפיכך נפסק לא אחת כי עבירות אלו מחייבות מענה החלטי על דרך של ענישה מחמירה ומרתיעה.,train
מהי הנסיבה המנויה בסעיף 40ט(6) שיכולה להשפיע על מידת השליטה של הנאשם על מעשיו?,"עם זאת, לא ניתן לבטל כליל כי עניינו של הנאשם עשוי להיכלל בגדרה של הנסיבה המנויה בסעיף 40ט(6) שעניינה \יכולתו של הנאשם להימנע מהמעשה ומידת השליטה שלו על מעשהו\"", הרלבנטית, למקרים בהם הושפעה מידת השליטה של הנאשם על מעשיו, גם אם שלא כתוצאה ממצב כלשהו המקרב אותו לסייג לאחריות פלילית.""",train
מהו המסר שיש להעביר לנאשם ולשאר העבריינים בעבירות כלפי בני זוג?,"מי אשר ענישה מתונה קודמת לא היה בה כדי להרתיעו, ומי אשר חוזר ומבצע עבירות כלפי בת זוג, יש להציב בפניו גבולות ברורים ומסר של הוקעה שאינו משתמע לשתי פנים ועל בית המשפט להעביר מסר חד וצלול לנאשם ולאחרים דוגמתו כי עבירות מסוג זה יתקלו בענישה מוחשית.",train
מהו היחס הנדרש בין חומרת העבירות ומידת אשמו של נאשם לבין סוג העונש המוטל עליו?,"בהתאם לתיקון 113 לחוק העונשין, נדרש יחס הולם בין חומרת מעשי העבירות בנסיבותיהם ומידת אשמו של נאשם לבין סוג ומידת העונש המוטל עליו.",train
אילו שיקולים משפיעים על קביעת העונשים המתאימים לנאשם במסגרת מתחם הענישה?,"אי-לכך, מכלול השיקולים, לרבות שיקולי הרתעת הנאשם ואחרים כמותו מפני ביצוע עבירות נוספות (ר' סעיפים 40ו ו-40ז לחוק העונשין), ינחוני בקביעת העונשים המתאימים לנאשם בד' אמות של מתחם הענישה שקבעתי לעיל.",train
מהי הסיבה לכך שלא ניתן להימנע מהפעלת המאסר המותנה במקרה זה?,"בנסיבותיו של הנאשם, לא שוכנעתי כי לא יהא זה צודק להפעיל את המאסר המותנה, בעיקר נוכח סמיכות הזמנים מאז גזירת הדין ועד ששב לאיים ברף אלימות מילולית גבוה ואף פעל לממש איומו באמצעות סכין.",train
מהי מטרת האיסור על החזקת סכין במצבים של מריבה מילולית?,"מטרת האיסור למניעת מצבים בהם, מריבה מילולית הופכת במהרה לפגיעה בגוף ובנפש, כפי שעיננו רואות חדשות לבקרים, כיום יותר מבעבר (ראו: רע\פ 7484/08 פלוני נ' מדינת ישראל (ניתן ביום 22.12.2009); ע\""פ 6720/04 מדינת ישראל נ' עסאם זחאיקה (ניתן ביום 3.11.2004); ע\""פ 86/04 אבי כנפו נ' מדינת ישראל (ניתן ביום 10.6.2004); ע\""פ 9133/04 גורדון נ' מדינת ישראל (ניתן ביום 20.12.04); עפ\""ג 9095-02-11 מסארוה בן מוחמד נ' מדינת ישראל (ניתן ביום 17.5.2011)).""",train
מדוע לא התקבלה המלצת שירות המבחן במקרה זה?,"במקרה דנן, לא ניתן היה לקבל את המלצתו של שירות המבחן לנוכח האינטרס הציבורי ובכלל זה שיקולי הגמול וההרתעה הנדרשים במקרה דנא.",train
מהן הערכים החברתיים הנפגעים בביצוע עבירת איומים?,"בביצוע עבירת איומים נפגעים ערכים חברתיים של שלוות נפשו של הקרבן, חופש הפעולה והבחירה שלו, וזאת במטרה לקדם תוצאה מסוימת העדיפה על המאיים.",train
מהן שלושת השלבים במלאכת גזירת הדין לפי סעיף 40 לחוק העונשין?,"מלאכת גזירת הדין מורכבת משלושה שלבים עיקריים: תחילה, אקבע את מתחם העונש ההולם לעבירות שביצע הנאשם, על בסיס שיקולים נורמטיביים ואובייקטיבים, בהתחשב בערכים החברתיים שנפגעו מביצוע העבירות, במידת הפגיעה בערכים אלה, במדיניות הענישה הנהוגה ובנסיבות הקשורות בביצוע העבירות כמפורט בסעיף 40ט לחוק העונשין (סעיף 40ג לחוק העונשין); לאחר מכן, אבחן האם ראוי לחרוג מן המתחם לקולא בשל שיקולי שיקום (סעיף 40ד לחוק העונשין) או לחומרא בשל שיקולי הגנה על שלום הציבור (סעיף 40ה לחוק העונשין); לבסוף, אקבע את העונש המתאים שיושת על הנאשם, בהתחשב בצורך בהרתעת הנאשם (סעיף40ו לחוק העונשין), בצורך בהרתעת הרבים (סעיף40ז לחוק העונשין) ובנסיבותיו האישיות של הנאשם שאינן קשורות בביצוע העבירה (סעיף 40יא לחוק העונשין), כמו גם בנסיבות אחרות ככל שתמצאנה רלוונטיות (סעיף 40יב לחוק העונשין).",train
מהו חלקו של הנאשם במהלך האירועים לעומת חלקו של סטניסלב לפי סעיף 40(ט) לחוק העונשין?,"בבחינת הנסיבות הקשורות בביצוע העבירות (סעיף 40(ט) לחוק העונשין), מצאתי להביא בכלל חשבון את חלקו המרכזי והעיקרי של הנאשם במהלך הדברים למול חלקו של סטניסלב.",train
מה על בית המשפט לבחון כאשר יש שיקולי שיקום או הגנה על שלום הציבור?,"כאמור, על בית המשפט לבחון האם ראוי לחרוג מן המתחם בשל שיקולי שיקום המהווים שיקול לקולה (סעיף 40ד לחוק העונשין); או מאידך, לחרוג מן המתחם בשל הצורך להגנה על שלום הציבור המהווה שיקול לחומרה (סעיף 40ה לחוק העונשין).",train
מהו הנזק הפוטנציאלי שהיה עלול להיגרם מהפצת החומר המסכן בכמות הגדולה?,"נקל לשער את הנזק העצום שהיה עלול להיגרם ככל שחומר מסכן זה, בכמות כה גדולה, היה נארז מחדש באותן אלפי שקיות ומופץ בקרב הציבור, בכללו צעירים ובני נוער, תחת שמות מסחריים מפתים.",train
מהו השיקול שיש לקחת בחשבון בנוגע לחשש מהישנות מעשי הנאשם בעת קביעת העונש?,החשש שמא הנאשם ישוב על מעשיו ויפגע פיזית ומילולית באחר אינו מבוטל ויש לשקול זאת במסגרת השיקולים לעניין העונש.,train
אילו שיקולים לקח בית המשפט בחשבון בעת קביעת העונש?,הבאתי בחשבון את שיקולי הרתעת היחיד והרבים.,train
מהו הנזק הפוטנציאלי שיכול היה להיגרם מהמעשים של הנאשם בחוף הים?,"הנאשם גרם לנזק לרכבה של המתלוננת, שהסתכם בסכום של כאלף ₪, אך הנזק הפוטנציאלי ממעשיו של הנאשם, היה עשוי לכלול פגיעה בגוף ובנפש, היות והנאשם היה מצויד בסכין בחוף ימה של אילת, ההומה אדם במהלך חודש יולי.",train
מהי מידת הפגיעה בערכים החברתיים במקרה זה?,מיידת הפגיעה בערכים החברתיים במקרה דנא הינה במרום חומרתה.,train
מהי המטרה העיקרית של הענישה במקרה זה לפי בית המשפט?,"לאחר שהתרשמתי מטענות הצדדים, המלצות שירות המבחן ומכלול נסיבות העניין, נחה דעתי כי ראוי להעדיף בעניינו ענישה צופה פני שיקומו, להימנע ממתיחת מלוא שורת הדין למולו, ולהשיג את מטרות הענישה באמצעות השתת רכיבי גמול בדרך של עונש שיקומי שיתרום לחברה בדרך של שירות לתועלת הציבור ופיצוי למתלוננת, לצד עונש הרתעתי בדמות מאסר מותנה והתחייבות כספית.",train
מהו המשמעות של אי קבלת האחריות על מעשיו של הנאשם?,אי קבלת האחריות על מעשיו מצביעה על קושי אצל הנאשם בקבלת אחריות והפנמת הפסול שבביצוע המעשים.,train
מהו עקרון ההלימה בענישה כפי שנקבע בתיקון 113 לחוק העונשין?,"תיקון 113 לחוק העונשין שעניינו \הבניית שיקול הדעת השיפוטי בענישה\"" התווה את עקרון ההלימה כעיקרון מנחה בענישה לפיו נדרש יחס הולם בין חומרת מעשה העבירה בנסיבותיו ומידת אשמו של הנאשם לבין סוג ומידת העונש המוטל עליו (סעיף 40ב לחוק העונשין).""",train
מהי התמונה הכוללת שעל בית המשפט לשקול בעת קביעת הענישה?,"בית המשפט עומדת התמונה הכוללת של אינטרס הנאשם, הקורבן והציבור, ואמון הוא על כולם.",train
מהו הקשר הנדרש בין חומרת העבירות ומידת אשמו של הנאשם לבין סוג העונש המוטל עליו?,"בהתאם לתיקון 113 לחוק העונשין, נדרש יחס הולם בין חומרת מעשי העבירות בנסיבותיהם ומידת אשמו של נאשם לבין סוג ומידת העונש המוטל עליו.",train
מהו השיקול המשפטי המנחה בנוגע לאיזון בין חשש הנאשמים לפגיעה בפרנסתם לבין הביטחון האישי של המתלונן?,חששם של הנאשמים לפגיעה בפרנסתם אינו צריך לגרוע מהביטחון האישי של המתלונן וודאי שלא לפגיעה בגופו ורכושו.,train
מהו הטעם להחמרת העונש לצד עבירת ירי שלא כדין לפי דברי ההסבר להצעת החוק?,"בדברי ההסבר להצעת החוק, הוטעם כי העונש שהיה קבוע לצד עבירה זו טרם התיקון, שעמד על שנת מאסר אחת \אינו נותן ביטוי הולם לחומרה הגלומה במעשה ירי שלא כדין ולסיכון הגלום במעשה כאמור לפגיעה בערך המוגן שבבסיס העבירה – הגנה על חיי אדם.""",train
מהו הצורך שהדגיש תיקון מס' 113 לחוק העונשין בנוגע לענישה אינדיווידואלית?,"בדרך זו חידד תיקון מס' 113 לחוק העונשין את הצורך בהמשך נקיטת שיטת ענישה אינדיווידואלית, הבוחנת נסיבותיו של כל מקרה ואדם המובא לדין [ע\פ 433/89 אטיאס נ' מדינת ישראל, פ\""ד מג(4) 170; ע\""פ 5106/99 אבו ניג'מה נ' מדינת ישראל, פ\""ד נד(1) 350; רע\""פ 3173/09 פראגין נ' מדינת ישראל (ניתן ביום 5.5.2009)].""",train
מהו השיקול המאפשר לבית המשפט לחרוג ממתחם הענישה?,"כאמור, על בית המשפט לבחון האם ראוי לחרוג מן המתחם בשל שיקולי שיקום המהווים שיקול לקולא (סע' 40ד לחוק העונשין); או מאידך, לחרוג מן המתחם בשל הצורך להגנה על שלום הציבור, המהווה שיקול לחומרה (סע' 40ה לחוק העונשין).",train
מהו העקרון שעל פיו יקבע מתחם העונש ההולם?,מתחם העונש ההולם יקבע בהתאם לעקרון ההלימה כפי שהוגדר בסעיף 40ג(א) לחוק העונשין.,train
מדוע הנזק שנגרם לרכוש המתלוננת נחשב לפחות משמעותי בהשוואה לפוטנציאל הנזק שהיה יכול להיגרם?,"הנזק שנגרם לרכוש המתלוננת אינו רב בנסיבות המתוארות אך הנזק שהיה צפוי להיגרם מביצוע העבירה, עשוי היה להיות גדול ומשמעותי, במידה והמתלוננת היתה במקום והיתה מתפתח עימות ביניהם.",train
מהו המסר שהמחוקק העביר לגבי החומרה של העבירה בה סווגה כעבירת פשע?,"על כן, המחוקק הביע את דעתו על החומרה אשר בעבירה זו, בסיווגה כעבירת פשע על ידי קביעת ענישה מחמירה.",train
מהי הסיבה לכך שלא הונחה תשתית עובדתית לחציית מתחם הענישה במקרה הנוכחי?,"במקרה שלפניי, לא הונחה בפניי תשתית עובדתית המצדיקה חציית מתחם הענישה לקולא או לחומרה, בשל שיקולי שיקום או הגנה על שלום הציבור, ולא מצאתי כל עילה לעשות כן.",train
מדוע לא ניתן להסתפק בענישה מותנית ושירות לתועלת הציבור במקרה זה?,ענישה שכזו אכן נדרשת ולא ניתן להסתפק בענישה מותנית ושירות לתועלת הציבור.,train
אילו תלאות חייה של הנאשמת 1 נלקחו בחשבון בהחלטת הענישה?,"כל זאת בעיקר, בהביאי בחשבון את תלאות חייה של הנאשמת 1, כמי שאומצה בגיל 3 חודשים וחוותה במהלך שנות ילדותה דחייה מצד הוריה המאמצים, ובגיל 13 מצאה עצמה בפנימייה; כמי שנאלצה למצוא פרנסה בעיסוק בזנות; כמי שהתקשתה בתחילה לגדל את בנה עד כי הוצא מחזקתה למשפחת אומנה למשך תקופה מסוימת.",train
מדוע יש לראות בשני האירועים כאירוע מתמשך לצורך קביעת מתחם הענישה?,"הגם שמדובר בשני אירועים שהתרחשו במועדים שונים הרי שסבורני כי יש לראות בכלל העבירות כאירוע מתמשך אחד לצורך קביעת מתחם הענישה, נוכח הקשר ההדוק בין העבירות במקרה דנא.",train
מהי החומרה המיוחסת למעבירה של ירי בנשק חם בסביבת מגורים?,מעבירה של ירי בנשק חם בסביבת מגורים נשקפת חומרה יתרה.,train
מהן הסיבות להטלת עונש מאסר ממושך על הנאשם במקרה זה?,"לאור חומרת העבירות נסיבות ביצוען, העדר נטילת אחריות וביצוען בזמן שעמדה נגדו ענישה מותנית, אין מנוס מהטלת עונש של מאסר ממושך, שיבהיר לנאשם את חומרת מעשיו.",train
מדוע לא מצא בית המשפט לחרוג ממתחם העונש ההולם במקרה זה?,"בענייננו, לא מצאתי לחרוג ממתחם העונש ההולם, כפי קביעתי, בשל שיקולי שיקום.",train
מהי מידת הפגיעה בערכים המפורטים בביצוע העבירות מצד הנאשם?,בחינת מידת הפגיעה בערכים המפורטים בביצוע העבירות מצד הנאשם הינה ברף גבוה בחומרתו.,train
כיצד באה לידי ביטוי נטילת האחריות של הנאשם בהליך זה?,"הנאשם הפקיד את סכום הפיצוי המוסכם ובכך באה לידי ביטוי נטילת אחריות נוספת מצדו, אף מבלי שגובשה הסכמה עונשית מלאה בעניינו.",train
מהי מידת הפגיעה בערכים המוגנים במקרה של התפרצות לאכסניה?,"מידת הפגיעה של הנאשם בערכים המוגנים הנה גבוהה, שכן הוא נכנס לחדרם של אנשים באכסניה באילת, שם הוא עצמו התגורר, ולא נרתע מחתירה למגע אלים עם אחד מדיירי המקום, במהלכה פגע בו בעזרת תרסיסי גז.",train
מהי חומרת העבירה והשפעתה על שיקולי הענישה במקרה של אלימות כלפי בת זוג?,"שיקולים לחומרה - בבסיס שיקולים אלה עומדת חומרת העבירה בה הורשע הנאשם ומדיניות הענישה בעבירה שמבוצעת בנסיבות מחמירות אלו, בדרך של נקיטת אלימות כלפי בת זוג, בנסיבות המפורטות.",train
מהו תפקיד בית המשפט בבחינת העונש בהסדר טיעון?,"בית המשפט אינו כבול לעונש עליו הסכימו הצדדים במסגרת הסדר טיעון, ועליו לבוחנו בהתאם לאמות המידה המקובלות, כאשר אליהן יתווספו, ואף יקבלו מקום מרכזי, השיקולים המתחייבים מקיומו של הסדר טיעון.",train
מהי ההתנהלות של הנאשם שמעידה על זלזול בהליך המשפטי?,סבורני כי התנהלותו זו של הנאשם מצביעה על הפגנת זלזול בהליך המשפטי עצמו ומלמדת כי הנאשם לא הפנים את חומרת העבירה אותה ביצע וההשלכות העונשיות הנלוות עליה.,train
מהו המנעד הרחב של העונשים שהוטלו במקרים דומים לפי מדיניות הענישה הנוהגת?,"בחינת מדיניות הענישה הנוהגת, במקרים דומים מצביעה כי הוטלו עונשים במנעד רחב התלוי בנסיבות העושה והמעשים.",train
"כיצד מתייחס בית המשפט לאינטרסים השונים של הנאשם, הקרבן והציבור?","בעוד שירות המבחן אמון על אינטרס שיקומו של הנאשם בלבד, לבית המשפט עומדת התמונה הכוללת של אינטרס הנאשם, הקרבן והציבור, ואמון הוא על כולם.",train
מדוע יש לקבוע מתחם עונש אחד במקרה של מעשים קשורים ברצף מתמשך?,"במקרה דנא, נוכח מעשיו של הנאשם, הקשורים זה לזה ברצף מתמשך אחד, הרי שמדובר במסכת עובדתית אחת, המהווה \אירוע\"" אחד, שיש לקבוע לגביו מתחם עונש אחד.""",train
מהי הסיבה לכך שלא נמצא לחרוג ממתחם העונש ההולם במקרה הנוכחי?,"בענייננו, לא מצאתי לחרוג ממתחם העונש ההולם, כפי קביעתי, בשל שיקולי שיקום.",train
מהו הקושי בגזירת גזירה שווה בין מבצעי עבירות בנסיבות דומות?,"לעתים, הורשעו מבצעי עבירות בנסיבות דומות בעבירה החמורה יותר של סיכון חיי אדם בנתיב תחבורה, ומכאן הקושי לגזור גזירה שווה בינם לבין עניינו.",train
מהי הסיבה לכך שההמלצה אינה משקפת את האיזון הראוי בשיקולי הענישה?,המלצה זו אינה משקפת נכונה את האיזון הראוי בין שיקולי הענישה בנסיבות דנא.,train
מהו מתחם הענישה שנקבע לנאשם בהתחשב בנסיבותיו ובמעשיו?,"מכל המקובץ, בהתחשב בערכים החברתיים שנפגעו מביצוע העבירות, במידת הפגיעה בהם, במדיניות הענישה הנהוגה, בנסיבות הקשורות בביצוע העבירות והיחס ההולם בין חומרת מעשי העבירות בנסיבותיהם ומידת אשמו של הנאשם ובין סוג ומידת העונש שיש להטיל עליו, סבורני כי מתחם העונש ההולם לעבירות שבוצעו על ידי הנאשם נע בין 6 חודשי מאסר שיכול וירוצו בעבודת שירות לבין 18 חודשי מאסר בפועל, לצד מאסרים מותנים וענישה כלכלית.",train
אילו שיקולים נלקחו בחשבון במדיניות הענישה בעבירות בהן הורשעה הנאשמת?,"לצד כל אלה, הבאתי בכלל חשבון את מדיניות הענישה הנהוגה בעבירות בהן הורשעה, ריבוי העבירות ואופיין, והצורך לנקוט מדיניות ענישה שיהא בה כדי להוקיע משורש את תופעת ניהול המשחקים האסורים על כל השלכותיה השליליות על הפרט והחברה.",train
מהי הסיבה לכך שאין הצדקה להימנע מהפעלת המאסר על תנאי שנגזר על הנאשם?,"לאור המקובץ עד כה, סבורני כי אין כל הצדקה להימנע מהפעלת המאסר על תנאי שנגזר על הנאשם.",train
מהו השיקול שצריך להתחשב בו בבחינת הנסיבות הקשורות בביצוע העבירות?,"בבחינת הנסיבות הקשורות בביצוע העבירות (סעיף 40ט לחוק העונשין), מצאתי להביא בכלל חשבון, את חלקו היחסי של הנאשם במהלך הדברים למול חלקו של המתלונן.",train
מהו מתחם העונש ההולם שנקבע בנסיבות המקרה?,"מכל המקובץ, מסקנתי כי מתחם העונש ההולם בנסיבות דנא הינו בין מאסר מותנה לבין 6 חודשי מאסר בפועל, לצד ענישה מרתיעה וענישה כלכלית.",train
מהו העיקרון המנחה לגבי סטייה מהסדר טיעון בהליך הפלילי?,"בהינתן שמדובר בהלכה מושרשת היטב בהליך הפלילי, נקבע ש\סטיה מהסדר טיעון תיעשה במקרים חריגים ונדירים בלבד, וזוהי המגמה המסתמנת בשנים האחרונות בפסיקתו של בית משפט זה\"".""",train
מהו מתחם העונש ההולם שנמצא לנכון להטיל על הנאשם בעקבות העבירות שביצע?,"מכל המקובץ, בהתחשב בערכים החברתיים שנפגעו מביצוע העבירות, במידת הפגיעה בהם, במדיניות הענישה הנהוגה, בנסיבות הקשורות בביצוע העבירות והיחס ההולם בין חומרת מעשי העבירות בנסיבותיהם ומידת אשמו של הנאשם ובין סוג ומידת העונש שיש להטיל עליו, סבורני כי מתחם העונש ההולם לכלל העבירות שבוצעו על ידי הנאשם נע על פני ספקטרום שבין 14 ל-36 חודשי מאסר בפועל, מאסרים מותנים וענישה כלכלית בדמות קנס ופיצוי.",train
מהו מתחם העונש ההולם בעבירת ההצתה בנסיבות המקרה הנדון?,"מתחם העונש ההולם, לביצוע עבירת ההצתה, בנסיבות ביצועה במקרה דנא, הינו בטווח של 12 עד 40 חודשי מאסר בפועל, לצד ענישה מרתיעה צופה פני עתיד וענישה כלכלית.",train
מהו מתחם העונש ההולם שנקבע לעבירות שביצע הנאשם במסגרת כתב האישום הראשון?,"במכל המקובץ, בהתחשב בערכים החברתיים שנפגעו מביצוע העבירות, במידת הפגיעה בהם, במדיניות הענישה הנהוגה, בנסיבות הקשורות בביצוע העבירות והיחס ההולם בין חומרת מעשי העבירות בנסיבותיהם ומידת אשמו של הנאשם ובין סוג ומידת העונש שיש להטיל עליו, סבורני כי מתחם העונש ההולם לעבירות שבוצעו על ידי הנאשם במסגרת כתב האישום הראשון נע בין 14 לבין 30 חודשי מאסר, מאסרים מותנים וענישה כלכלית בדמות קנס ופיצוי.",train
מהו האפקט המצטבר של הצבר העבירות במקרה זה וכיצד הוא משפיע על חומרתן?,"עסקינן אם כן בצבר עבירות, אשר כל אחת מהן חמורה כשלעצמה בנסיבותיה, ועל כן קם נופך נוסף של חומרה מכוח האפקט המצטבר.",train
מדוע לא אימץ בית המשפט את המלצות שירות המבחן במקרה זה?,"לא מצאתי לאמץ את המלצות שירות המבחן, שכן סבורני כי שירות המבחן, עם כל הערכה, נתן משקל יתר לשיקולי השיקום על חשבון יתר שיקולי הענישה, עליהם עמדתי, אותם שוקל בית המשפט בבואו לגזור את הדין.",train
כיצד נקבע מתחם הענישה ההולם את מעשי העבירות שביצע הנאשם?,"תחילה, אקבע את מתחם הענישה ההולם את מעשי העבירות שביצע הנאשם, על בסיס שיקולים נורמטיביים ואובייקטיבים, בהתחשב בערכים החברתיים שנפגעו, מידת הפגיעה בהם, במדיניות הענישה ובנסיבות הקשורות בביצוע העבירות.",train
מדוע הקלה בעונש עשויה להוות תמריץ חיובי לנאשם?,"בנסיבות אלה, הקלה בעונש במקרה דנא תהווה תמריץ חיובי לנאשם להתמיד בדרך חיים נורמטיבית.",train
מהו ההשפעה האפשרית של הפעלת עונש הפסילה על תנאי על הנאשם?,סבורני אם כן כי הפעלת עונש הפסילה על תנאי עשויה לגדוע את הדרך החדשה עליה עלה הנאשם ולהוריד לטמיון את תוצאות מאמציו.,train
מהו הסיכון המשפטי במקרה שבו ירי מנשק חם נעשה במטרה להפחיד אדם מבלי לייחס ליורה ניסיון לגרימת פציעה?,"קל וחומר שסיכון כאמור גלום במקרה שבו הירי מנשק חם סיכן בפועל חיי אדם, למשל במקרה שבו יריות נורו לעבר ביתו של אדם במטרה להפחידו, בנסיבות שבהן לא ניתן לייחס ליורה ניסיון לגרימת פציעה או חבלה חמורה לאדם.",train
מדוע יש למנוע מצב שבו איום יהפוך לאמצעי לפתרון סכסוכים?,"אין לאפשר מצב בו איום הופך להיות כלי או אמצעי לפתרון סכסוך כזה או אחר, בפרט כאשר קיים חשש שדברי איום יובילו לכדי פגיעה פיסית של ממש.",train
מהו טווח החומרה של הנזק הצפוי למתלונן ולציבור בעקבות ביצוע העבירה?,הנזק שהיה צפוי להיגרם למתלונן וליחידי הציבור מביצוע העבירה מצוי ברף עליון של חומרה.,train
מדוע יש צורך להחמיר בעונשי המאסר בעבירות נשק וסחר בנשק?,"נוכח היקפן המתרחב של עבירות המבוצעות בנשק בכלל וסחר בנשק בפרט, וזמינותו המדאיגה של נשק בלתי חוקי במחוזותינו, התעורר הצורך להחמיר בעונשי המאסר המוטלים בעבירות אלה.",train
כיצד משפיע מצב כלכלי של הנאשם על ההחלטה לגבי חילוט כספים?,"הנאשם לא הפיק כל רווח או הנאה כלכלית מביצוע העבירות, ובהתחשב במצבו הכלכלי שאינו מהמשופרים כפי שעלה מדבריו ומדברי בני משפחתו, עליו לא חלקה המאשימה, סבורני כי קיימים \נימוקים מיוחדים\"" המצדיקים להימנע מחילוט כספי הנאשם.""",train
מדוע היעדר תכנון מוקדם אינו נחשב לנסיבה מקלה במקרים של אלימות כלפי פעוטות?,היעדר תכנון מוקדם אינו נסיבה מקלה כאשר מדובר בסדרת מעשים מתמשכת ושיטתית בפעוטות חסרי יכולת להתנגד או להתגונן.,train
מהי הסיבה לפסילת רישיון הנהיגה של הנאשם בעקבות עבירת הסמים?,"הנאשם שב וביצע עבירת סמים ועל כן יש מקום לפסול את רישיון נהיגתו, תוך הפעלת הפסילה המותנית, אף בהסכמת ההגנה, על מנת להגן על הציבור מפניו.",train
מהי מדיניות הענישה הנוהגת בעבירה של תקיפת קטין וההגנה על חסרי ישע?,מדיניות הענישה הנהוגה - סקירת מדיניות הענישה הנהוגה בעבירה בה הורשע הנאשם מעלה כי הפסיקה מדגישה את הצורך בהגנה על חסרי ישע מפני אלימות בעיקר מצד מי שמופקד על ביטחונם.,train
מהו העיקרון המשפטי המנחה לגבי הענישה בעבירות חמורות כמו אלו בהן הורשע הנאשם 2?,"לעבירות חמורות כגון אלו בהן הורשע הנאשם 2, יש להטביע חותם פליליות על מעשיו, לבל ישוגר מסר הפוך מן המתחייב, משמע המדובר בעבירה שהיא נסלחת.",train
מהי מדיניות הענישה הנוהגת בעבירות בהן הורשע הנאשם?,מדיניות הענישה הנוהגת בעבירות בהן הורשע הנאשם שמה דגש על הצורך במאבק בנגע האלימות ובצורך להשית ענישה מרתיעה.,train
מהו מתחם העונש ההולם לעבירה של תקיפת שוטר בנסיבות המקרה?,"מכל המקובץ, סבורני כי מתחם העונש ההולם לעבירה תקיפת השוטר בנסיבותיה נע בין מאסר מותנה ושל\צ לבין 12 חודשי מאסר בפועל, לצד מאסרים מותנים וענישה כלכלית.""",train
מדוע יש לאפשר פרשנות רחבה למונח 'אירוע אחד' בהקשר של תיקון 113 לחוק העונשין?,"דומה כי ראוי לאפשר פרשנות רחבה דיה להגדרת המונח 'אירוע אחד' אשר תשאיר מתחם להפעלת שיקול דעתו של בית המשפט, וזאת הן בשל שיקולי יעילות עבודתו של בית המשפט והן לשם הגשמת תכליתו של תיקון 113 לחוק.",train
מהו השיקול המונע חציית רף מתחם הענישה לחומרה במקרה זה?,"על כן אינני מוצא מקום לחצות את רף מתחם הענישה לחומרה, משיקולי הגנה על שלום הציבור.",train
מהי חשיבות בחינת העונש המוסכם על ידי בית המשפט לפי המבחנים הקבועים בחוק?,"אין בהסכמת הצדדים לעניין העונש הראוי כדי למנוע מבית המשפט לבחון את העונש המוסכם על פי המבחנים הקבועים בחוק, תוך יישום הוראותיו.",train
מהן השיקולים שיש להביא בחשבון ליישום העונש הנכון בעבירה?,על מנת ליישמו אביא בחשבון את הערכים החברתיים שנפגעו ומידת הפגיעה בהם; נסיבות הקשורות בביצוע העבירה ומידת אשמו של הנאשם ובמדיניות הענישה הנהוגה.,train
מהו השיקול המרכזי לקביעת העונש המתאים לנאשם?,"לאחר מכן, אקבע את העונש המתאים לנאשם, בהתחשב בנסיבותיו, בצורך בהרתעתו ואחרים כמותו, ובכלל זה אבחן האם ראוי כי ענישת הנאשם תחרוג ממתחם הענישה.",train
כיצד השפיע השירות הצבאי של הנאשם על ההחלטה בעניינו?,"ובעצם מצאתי ליתן משקל לעובדה כי הנאשם השתלב היטב בשירות הצבאי, כנהג תובלה מוערך וזהיר, ובמסגרת זו אף משמש כאחראי על חיילים אחרים.",train
אילו ערכים חברתיים נפגעים בעבירות אלימות לפי תיאור המקרה?,"עבירות אלו פוגעות בערכים החברתיים של סטנדרט התנהגות שנועד להגן על תחושת הביטחון, שלמות הגוף והכבוד של כל פרט בציבור מפני תופעת האלימות, לרבות זו הכרוכה בשימוש בנשק חם או קר.",train
מהו הערך המוגן בעבירת קשירת הקשר?,"הערך המוגן בעבירת קשירת הקשר הוא מניעת פעילות עבריינית, אשר בדרך הטבע מתהווה על מצע של שיתוף פעולה בין עבריינים.",train
כיצד מתבצעת מלאכת הענישה ומהם השיקולים הנלקחים בחשבון בנסיבות המקרה?,"מלאכת הענישה הינה תוצאה של שקילת מכלול השיקולים ומתן המקום הראוי לכל אחד מהם בנסיבות המקרה, לעיתים גם תוך פשרה ביניהם.",train
כיצד יש להמחיש לנאשם את הפסול שבמעשיו דרך הענישה?,"מטעמים אלה, כך לשיטתי, יש להמחיש לנאשם את הפסול שבמעשיו על דרך ענישה ההולמת את חומרת מעשיו ונסיבותיהם.",train
מהי ההחזקה שנקבעה לגבי הרכוש שנתפס ברשות הנאשם?,"בנסיבות אלו, ולאחר שבחנתי את מכלול הראיות שנפרסו בפני בית המשפט, סבורני כי קמה החזקה, מבלי שנסתרה, לפיה הרכוש שנתפס ברשות הנאשם, הושג על ידו בעסקת סמים אסורה, ועל כן הוא יחולט לטובת אוצר המדינה.",train
מהי הסיבה לכך שהנאשם לא יכול ליהנות מסייג ההגנה העצמית במקרה זה?,"לא שוכנעתי בקיומן של סיבות המשמשות לזכות הנאשם שגרמו לו לבצע את העבירות וכפי נימוקי בהכרעת הדין, הנאשם נמצא כמי שאינו רשאי ליהנות מסייג ההגנה העצמית.",train
מהו הטעם העומד בבסיס הוראה חוקית ומה השפעתו על הסדר הציבורי?,"הטעם העומד בבסיס הוראה חוקית, הינו שמירה על שלטון החוק והסדר הציבורי, אכיפתו, וכן הגנה על הציבור מפני אלה המפרים אותו ועלולים להביא במעשיהם לפגיעה בסדר הציבורי.",train
מהו פוטנציאל הנזק הטמון בדקירת אדם והאם הוא יכול להיות קטלני?,"פוטנציאל הנזק הטמון בדקירת אדם עשוי להיות הרסני וקיים סיכון של ממש לקטילת חיים, גם אם הדקירה לא כוונה אל עבר הלב או איבר רגיש אחר.",train
מדוע לא יהיה צודק להפעיל את המאסר המותנה במקרה זה?,"בנסיבותיו של הנאשם, עליהן עמדתי בהרחבה לעיל, סבורני כי לא יהיה צודק להפעיל את המאסר המותנה.",train
מהן שלושת השלבים במלאכת גזירת הדין לפי חוק העונשין?,"מלאכת גזירת הדין מורכבת משלושה שלבים עיקריים: תחילה, אקבע את מתחם העונש ההולם לעבירות שביצע הנאשם, על בסיס שיקולים נורמטיביים ואובייקטיבים, בהתחשב בערכים החברתיים שנפגעו מביצוע העבירות, במידת הפגיעה בערכים אלה, במדיניות הענישה הנהוגה ובנסיבות הקשורות בביצוע העבירות כמפורט בסעיף 40ט לחוק העונשין (סעיף 40ג לחוק העונשין); לאחר מכן, אבחן האם ראוי לחרוג מן המתחם לקולא בשל שיקולי שיקום (סעיף 40ד לחוק העונשין) או לחומרה בשל שיקולי הגנה על שלום הציבור (סעיף 40ה לחוק העונשין); לבסוף, אקבע את העונש המתאים שיושת על הנאשם, בהתחשב בצורך בהרתעת הנאשם (סעיף 40ו לחוק העונשין), בצורך בהרתעת הרבים (סעיף 40ז לחוק העונשין) ובנסיבותיו האישיות של הנאשם שאינן קשורות בביצוע העבירות (סעיף 40יא לחוק העונשין), כמו גם בנסיבות אחרות ככל שתמצאנה רלוונטיות (סעיף 40יב לחוק העונשין).",train
מהי עמדתך לגבי רמת הענישה בעבירות מסוג זה?,"סבורני כי הגם שניתן למצוא פסיקה עם רמת ענישה דומה לזו שגזר בית משפט קמא, מן הראוי להעלות את הרף בעבירות מסוג זה.",train
מהו הפוטנציאל לגרימת נזקים חמורים יותר למתלוננת במקרה של חבלות שהחלימו?,"הנאשם גרם למתלוננת חבלות על פניה אשר לימים החלימו, אך אין להתעלם מהפוטנציאל לגרימת נזקים חמורים יותר למתלוננת.",train
מהו עיקרון ההלימה בקביעת מתחם הענישה?,עיקרון ההלימה ולכן על בית המשפט לקחת בחשבון את מכלול השיקולים הרלוונטיים בקביעת מתחם הענישה ההולם.,train
מהו האופי של הפיצוי שניתן לנפגעי העבירה במסגרת גזירת הדין?,"הפיצוי הינו חלק מגזירת הדין אך אופיו דומיננטי אזרחי, ותכליתו בין היתר מתן סעד מידי ומהיר לנפגעי העבירה והכרה חברתית בסבלם.",train
מהו הערך החברתי שנפגע בעקבות מעשי הנאשם בעבירות התעבורה?,בבחינת הערכים החברתיים שנפגעו מביצוע עבירות התעבורה עולה כי במעשיו פגע הנאשם בשלום הציבור ובטחונו.,train
מהו חלקה המרכזי של הנאשמת בביצוע העבירות ומידת אשמתה?,בבחינת הנסיבות הקשורות בביצוע העבירות מצאתי לציין את חלקה המרכזי והעיקרי של הנאשמת בביצוע העבירות ומידת אשמה הרבה.,train
כיצד עשויה יכולתו של הנאשם להימנע מהמעשה להשפיע על אחריותו הפלילית?,"עם זאת, לא ניתן לבטל כליל כי עניינו של הנאשם עשוי להיכלל בגדרה של הנסיבה המנויה בסעיף 40ט(6) שעניינה \יכולתו של הנאשם להימנע מהמעשה ומידת השליטה שלו\"", הרלבנטית, למקרים בהם הושפעה מידת השליטה של הנאשם על מעשיו, גם אם שלא כתוצאה ממצב כלשהו המקרב אותו לסייג לאחריות פלילית.""",train
מהו עקרון ההלימה שנקבע בתיקון 113 לחוק העונשין בענישה?,"תיקון 113 לחוק העונשין שעניינו \הבניית שיקול הדעת השיפוטי בענישה\"" התווה את עקרון ההלימה כעיקרון מנחה בענישה לפיו נדרש יחס הולם בין חומרת מעשה העבירה בנסיבותיו ומידת אשמו של הנאשם לבין סוג ומידת העונש המוטל עליו (ס' 40ב לחוק העונשין).""",train
מהו מתחם הענישה שנקבע לעבירה של כניסה לישראל שלא כדין?,"בתי המשפט קבעו זה מכבר מתחם ענישה לעבירה יחידה של כניסה לישראל שלא כדין בין חודש ל-6 חודשי מאסר ונקבע כי רק בנסיבות חריגות, יסטה בית המשפט לקולא מהרף התחתון.",train
מהן הפגיעות החברתיות המוגנות שנגרמות כתוצאה מעבירות שהייה בלתי חוקית בישראל?,"הערכים החברתיים המוגנים שנפגעו בביצוע העבירות של שהייה בלתי חוקית בישראל הם פגיעה בריבונותה ובזכותה של המדינה לקבוע את הבאים בשעריה, פגיעה בביטחון המדינה ובביטחון ציבור מפני הסיכון לפשיעה מצד אלו השוהים בה שלא כדין ובמיוחד פשיעה חבלנית עוינת.",train
מדוע יש להטיל עונשים מחמירים ומרתיעים על נגע הסמים?,"נגע זה יש לעקור ולבער, ומתפקידו של בית המשפט לתרום את חלקו תוך הטלת עונשים מחמירים ומרתיעים.",train
מהו הפוטנציאל להסלמה בביצוע עבירה זו?,"בביצוע עבירה זו יש פוטנציאל להסלמה עד כדי מפגש אלים בין הפורץ לבין דיירי המקום, כפי שארע במקרה דנא.",train
מהן הנסיבות האישיות שיבואו בחשבון בגזירת העונש לנאשם?,"בגזירת העונש המתאים לנאשם, בהתאם להוראות סעיף 40יא לחוק העונשין, יובאו בכלל חשבון נסיבותיו האישיות, שאינן קשורות בביצוע העבירות.",train
מהו השיקול שהוביל למסקנה שאין הצדקה לחציית רף מתחם הענישה לחומרה?,"מנגד, לא שוכנעתי כי החשש שהנאשם יחזור ויבצע עבירות דומות מצדיק חציית רף מתחם הענישה לחומרה, משיקולי הגנה על שלום הציבור.",train
מהי ההנחה הבסיסית שעל בית המשפט לקבל כאשר גוזרים עונש לפי סימן א'1 לחוק העונשין?,"בבואו לגזור את עונשו של נאשם בגדרו של סימן א'1 לחוק העונשין, על בית המשפט לצאת אפוא מתוך הנחה כי העונש המירבי הוא העונש שיש להטילו בנסיבות חמורות ביותר; כי בנסיבות בעלות חומרה בינונית מן הראוי, ככלל, להטיל על הנאשם את מחצית העונש המירבי; וכי בנסיבות מקלות מן הדין הוא שעונשו של הנאשם יוקל בהתאם'\.""",train
מהו השיקול המרכזי שנלקח בחשבון בבחינת הנסיבות הקשורות בביצוע העבירה?,"בבחינת הנסיבות הקשורות בביצוע העבירה (סעיף 40ט לחוק העונשין) נתתי דעתי לכך שלנאשם חלק מרכזי ועיקרי בביצוע העבירה, המלמד על תכנון והכנה מוקדמים ומידת אשמו גבוהה.",train
מהו השיקול שתרם להקלת העונש בהקשר ליציבות הנאשם?,הבאתי בחשבון את יציבותו המשפחתית והתעסוקתית.,train
מה עומד בבסיס השיקולים לחומרה בענישה בעבירות שביצע הנאשם?,בבסיס השיקולים לחומרה עומדת המדיניות המשפטית הנהוגה בעבירות שביצע הנאשם כפי שעמדתי עליה לעיל.,train
אילו שיקולים נלקחו בחשבון בקביעת העונש המתאים לנאשם?,"אי-לכך, מכלול השיקולים, לרבות שיקולי הרתעת הנאשם ואחרים כמותו מפני ביצוע עבירות נוספות (ר' סעיפים 40ו ו-40ז לחוק העונשין), ינחוני בקביעת העונש המתאים לנאשם בגדרי מתחם הענישה.",train
מהי מידת הפגיעה בערכים המוגנים שנגרמה למתלונן במהלך האירוע?,"בבחינת מידת הפגיעה בערכים המוגנים מצאתי כי הנאשם פגע בעוצמה רבה באותם ערכים חברתיים שנמנו לעיל, בכך שפגע, פעם אחר פעם, בביטחונו, שלמות גופו ושלוות נפשו של המתלונן, בעת עבודתו במקום עבודתו.",train
מי מחזיק בסמכות להחליט על הענישה במקרה זה?,"כידוע, ההחלטה בדבר הענישה היא תחת סמכותו הבלעדית של בית המשפט, אשר לפניו מצויה התמונה הכוללת.",train
מהי המסקנה לגבי מידת הפגיעה בערך המוגן במקרה זה?,"בחינת מידת הפגיעה בערך המוגן על ידי הנאשם מובילה למסקנה כי אין מדובר בפגיעה קלה, הגם שבאופן יחסי לא מדובר במעשים המצויים במרום החומרה של עבירות אלה.",train
מהו הצורך בענישה מרתיעה בנסיבות המקרה כדי למנוע חזרה על העבירות?,"בנסיבות אלה, יש צורך בענישה מרתיעה, כדי לצמצם במידת האפשר את החשש שמא ישוב הנאשם על מעשיו, יזלזל בהוראות חוקיות, יפר את הסדר הציבורי וינהג באלימות.",train
מהו השינוי שהכניס תיקון מס' 113 לחוק העונשין בנוגע לשיטת הענישה?,"בדרך זו חידד תיקון מס' 113 לחוק העונשין את הצורך בהמשך נקיטת שיטת ענישה אינדיווידואלית, הבוחנת נסיבותיו של כל מקרה ואדם המובא לדין (ע\פ 433/89 אטיאס נ' מדינת ישראל, פ\""ד מג(4) 170; ע\""פ 5106/99 אבו ניג'מה נ' מדינת ישראל, פ\""ד נד(1) 350; רע\""פ 3173/09 פראגין נ' מדינת ישראל (ניתן ביום 5.5.2009)).""",train
מהו המאבק הנדרש בתופעות האלימות החמורות בחברה הישראלית בהקשר של נשק בלתי חוקי?,"על כן, המאבק בתופעות האלימות החמורות בחברה הישראלית בהן נעשה שימוש בנשק מחייב, מעבר למאמץ 'לשים יד' על כלי הנשק הבלתי חוקיים הרבים שבידי הציבור, גם ענישה מחמירה ומרתיעה בעבירות נשק, לרבות על עצם החזקה או רכישה שלא כדין של נשק...",train
אילו שיקולים משפיעים על קביעת העונש המתאים בגדר מתחם הענישה?,"אי-לכך, מכלול השיקולים, לרבות שיקולי הרתעת הנאשם ואחרים כמותו (סע' 40ו ו-40ז לחוק העונשין), ינחוני בקביעת העונש המתאים בגדר מתחם הענישה.",train
מהן שלושת השלבים העיקריים במלאכת גזירת הדין לפי חוק העונשין?,"מלאכת גזירת הדין מורכבת משלושה שלבים עיקריים:  תחילה, אקבע את מתחם העונש ההולם למעשי העבירות שביצע הנאשם, על בסיס שיקולים נורמטיביים ואובייקטיבים, בהתחשב בערך החברתי שנפגע מביצוע העבירות, במידת הפגיעה בערך זה, במדיניות הענישה הנהוגה ובנסיבות הקשורות בביצוע העבירה כמפורט בסעיף 40ט לחוק העונשין (סעיף 40ג לחוק העונשין); לאחר מכן, אבחן האם ראוי לחרוג מן המתחם לקולא בשל שיקולי שיקום (סעיף 40ד לחוק העונשין) או לחומרא בשל שיקולי הגנה על שלום הציבור (סעיף 40ה לחוק העונשין); לבסוף, אקבע את העונש המתאים שיושת על הנאשם, בהתחשב בצורך בהרתעת הנאשם (סעיף40ו לחוק העונשין), בצורך בהרתעת הרבים (סעיף40ז לחוק העונשין) ובנסיבותיו האישיות של הנאשם שאינן קשורות לביצוע העבירה (סעיף 40יא לחוק העונשין), כמו גם נסיבות אחרות ככל שתמצאנה רלוונטיות (סעיף 40יב לחוק העונשין).",train
מהו החשש שהנאשם יחזור על עבירות דומות וכיצד הוא משפיע על הענישה?,"מנגד, לא מצאתי כי החשש שהנאשם יחזור ויבצע עבירות דומות מצדיק חציית רף מתחם הענישה לחומרה משיקולי הגנה על שלום הציבור.",train
מהו הצורך שהובא בחשבון בהרתעת הנאשם ואחרים מביצוע עבירות אלימות במשפחה?,"הבאתי בחשבון את הצורך בהרתעת הנאשם ואחרים כמותו בביצוע עבירות אלימות במשפחה, בשל חומרתן והקושי לגלותן.",train
כיצד ישפיע השילוב בין רכיבי גמול ושיקום על עתיד הנאשם וחברה?,שילוב זה יאפשר לנאשם המשך פסיעתו בדרך הישר ורווח לחברה בעצם קבלתו כאדם נורמטיבי.,train
כיצד יש לתת משקל לנסיבות המתוארות בעת קביעת מתחם העונש ההולם?,לכל הנסיבות המתוארות יש לתת את המשקל הראוי בעת קביעת מתחם העונש ההולם.,train
מה השיקולים שעל בית המשפט לבחון לחריגה ממתחם הענישה לפי תיקון 113 לחוק העונשין?,"בהתאם לתיקון 113 לחוק העונשין, על בית המשפט לבחון האם ראוי לחרוג ממתחם הענישה משיקולי שיקום המהווים שיקול לקולא (סע' 40ד לחוק העונשין); או מאידך, לחרוג מן המתחם בשל הצורך להגנה על שלום הציבור, המהווה שיקול לחומרה (סע' 40ה לחוק העונשין).",train
כיצד הלבנת הון משפיעה על טוהר המידות בפעילות השלטונית?,הלבנת הון מאיימת על טוהר המידות בפעילות השלטונית.,train
מהו הקשר בין עבירת השכרות לבין הענישה בעבירה של התנהגות פרועה במקום ציבורי?,"עם זאת, היות וטיבה של עבירת השכרות הינה התנהגות של התפרעות או הפרת סדר, בנסיבות של הימצאות במצב שכרות, הרי שניתן ללמוד - בשינויים המתאימים - מהענישה הנהוגה בעבירה של התנהגות פרועה במקום ציבורי לפי סעיף 216(א)(1) לחוק העונשין, בשים לב שהעונש המרבי בגינה עומד על 6 חודשי מאסר וכן לעבירות נלוות לה.",train
מהו העונש המרבי שנקבע לעבירה של החזקת סמים שלא לצריכה עצמית ומהם הערכים החברתיים שנפגעים ממנה?,"הערכים החברתיים שנפגעים בביצוע עבירה של החזקת הסמים שלא לצריכה עצמית, לצדה קבע המחוקק עונש מרבי של 20 שנות מאסר, הם הגנה על שלום ובריאות הציבור מפני פגיעתם הקשה של סמים מסוכנים ומניעת נזקים כלכליים וחברתיים עקיפים.",train
מהן השיקולים המנחים את מדיניות הענישה בעבירות סמים?,"בחינת מדיניות הענישה הנהוגה ביחס לעבירות סמים מתחשבת בצורך במאבק בנגע הסמים, בהשלכותיו הפוגעניות על הציבור והחברה ובשיקולי גמול והרתעה.",train
מהו התנאי להקלה בעונש שניתן לנאשמים שלוקחים אחריות על מעשיהם?,"אולם, הנאשנים אינם זכאים להקלה לה זכאים נאשמים אשר לוקחים אחריות למעשיהם, מביעים חרטה וחוסכים מזמנו של בית המשפט, התביעה והעדים.",train
מהן שלושת השלבים במלאכת גזירת הדין לפי חוק העונשין?,"מלאכת גזירת הדין מורכבת משלושה שלבים עיקריים: תחילה, אקבע את מתחם העונש ההולם לעבירות שביצע הנאשם, על בסיס שיקולים נורמטיביים ואובייקטיבים, בהתחשב בערכים החברתיים שנפגעו מביצוע העבירות, במידת הפגיעה בערכים אלה, במדיניות הענישה הנהוגה ובנסיבות הקשורות בביצוע העבירות כמפורט בסעיף 40ט לחוק העונשין (סעיף 40ג לחוק העונשין); לאחר מכן, אבחן האם ראוי לחרוג מן המתחם לקולא בשל שיקולי שיקום (סעיף 40ד לחוק העונשין) או לחומרה בשל שיקולי הגנה על שלום הציבור (סעיף 40ה לחוק העונשין); לבסוף, אקבע את העונש המתאים שיושת על הנאשם, בהתחשב בצורך בהרתעת הנאשם (סעיף 40ו לחוק העונשין), בצורך בהרתעת הרבים (סעיף 40ז לחוק העונשין) ובנסיבותיו האישיות של הנאשם שאינן קשורות בביצוע העבירה (סעיף 40יא לחוק העונשין), כמו גם בנסיבות אחרות ככל שתמצאנה רלוונטיות (סעיף 40יב לחוק העונשין).",train
מהו האינטרס הציבורי הנדרש בהגנה על גורמי אכיפת החוק?,האינטרס הציבורי דורש הגנה על גורמי אכיפת החוק וכל זאת באמצעות ענישה מרתיעה שתבהיר כי כל פגיעה בערכים אלה תענה בענישה מוחשית.,train
מהן שלושת השלבים במלאכת גזירת הדין לפי סעיף 40 לחוק העונשין?,"מלאכת גזירת הדין מורכבת משלושה שלבים עיקריים: תחילה, אקבע את מתחם העונש ההולם לעבירות שביצע הנאשם, על בסיס שיקולים נורמטיביים ואובייקטיבים, בהתחשב בערכים החברתיים שנפגעו מביצוע העבירות, במידת הפגיעה בערכים אלה, במדיניות הענישה הנהוגה ובנסיבות הקשורות בביצוע העבירות כמפורט בסעיף 40ט לחוק העונשין (סעיף 40ג לחוק העונשין); לאחר מכן, אבחן האם ראוי לחרוג מן המתחם לקולא בשל שיקולי שיקום (סעיף 40ד לחוק העונשין) או לחומרה בשל שיקולי הגנה על שלום הציבור (סעיף 40ה לחוק העונשין); לבסוף, אקבע את העונש המתאים שיושת על הנאשם, בהתחשב בצורך בהרתעת הנאשם (סעיף 40ו לחוק העונשין), בצורך בהרתעת הרבים (סעיף 40ז לחוק העונשין) ובנסיבותיו האישיות של הנאשם שאינן קשורות בביצוע העבירה (סעיף 40יא לחוק העונשין), כמו גם בנסיבות אחרות ככל שתמצאנה רלוונטיות (סעיף 40יב לחוק העונשין).",train
מהי חומרת העבירה והשפעתה על השיקולים לחומרה בענישת הנאשם?,בבסיס השיקולים לחומרה עומדת חומרת העבירה אותה ביצע הנאשם והמדיניות המשפטית בענישה בעבירה זו.,train
כיצד נקבע מתחם הענישה לעבירה שביצע הנאשם?,"תחילה, אקבע את מתחם הענישה למעשה העבירה שביצע הנאשם, על בסיס שיקולים נורמטיביים ואובייקטיביים, בהתחשב בערכים החברתיים שנפגעו, מידת הפגיעה בהם, במדיניות הענישה ובנסיבות הקשורות בביצוע העבירות.",train
מהי תרומת בתי המשפט למאבק באלימות בחברה הישראלית?,תרומתם הצנועה של בתי המשפט למאבק בתופעת האלימות הגוברת בחברתנו היא בהטלת עונשים ראויים.,train
מהו הערך החברתי שצוין בפסק הדין כחשוב לשמירה על השוטרים בעבודתם?,"ערך חברתי משמעותי הוא לשמר מוגנות נדרשת לשוטרים העוסקים באכיפת החוק, על מנת שיוכלו לבצע עבודתם נאמנה, ללא הפרעה או חשש.",train
מהו השיקול שיש לקחת בחשבון בעת גזירת העונש לנאשם?,"בגזירת העונש המתאים לנאשם שמלפניי וכמצוות סעיף 40יא לחוק העונשין, יש מקום להתחשב בנסיבותיו האישיות, אשר אינן קשורות בביצוע העבירות.",train
מהו ההבדל בין הענישה בעבירת הריגה לעומת הענישה בעבירת רצח ביסוד נפשי של אדישות?,"שם ציין כבוד השופט י' אלרון את מגמת הענישה המתחייבת בעבירות של רצח ביסוד נפשי של אדישות, עת הדגיש באופן ברור שאין להקיש מהענישה שהייתה נוהגת בעבר בעניין של עבירת ההריגה, לענישה הראויה למי שהורשע בעבירה של רצח, ביסוד נפשי של אדישות: \... אשוב ואדגיש: כוונת המחוקק לא הייתה להפחית מחומרת מעשה רצח או מן התיוג הנלווה לכך, אלא להפך – להבהיר כי הממית באדישות רוצח הוא, ולהענישו בהתאם\"".""",train
מהו השיקול שהנחה את המחוקק לקבוע ענישה מחמירה בעבירות תקיפה כלפי בני זוג?,"עבירות אלה, נפיצותן, וכן הקושי של קורבנות העבירה להתלונן, הביאו את המחוקק לקבוע ענישה מרבית מחמירה ובנגזר מכך ביטאה הפסיקה את הצורך במלחמה בתופעה זו.",train
מהו ההסבר לחומרת מעשיו של הנאשם בהקשר לעבירת החבלה החמורה בנסיבות מחמירות?,"משהורשע הנאשם בביצוע עבירת החבלה החמורה בנסיבות מחמירות בצוותא, הנאשם בחר לחבור למעורבים האחרים שפגעו במתלונן ועל כן תוצאות האירוע כולו מלמדות על חומרת מעשיו.",train
מהו סוג הפגיעה שנגרמת לקורבן בעבירות המגונות המיוחסות לנאשם?,"עבירות אלה מגלמות לא רק פגיעה פיזית, אלא גם פגיעה נפשית קשה בקורבן שתותיר צלקות עמוקות ותצריך הליכי שיקום ארוכים ומורכבים.",train
מדוע לא מנע עברו הפלילי של הנאשם את חזרתו על העבירה בה הורשע?,"אין זו המעידה הראשונה של הנאשם והוא צבר לחובתו עבר מכביד של עבירות אלימות, לרבות איומים, סמים ורכוש, אשר בגינן הושתו עליו עונשים מכבידים ומרתיעים, אך אלה לא מנעו מבעדו מלשוב ולבצע את העבירה בגינה הורשע בהליך זה.",train
מהי מידת הפגיעה בערכים החברתיים המוגנים במקרה הנדון?,מידת הפגיעה בערכים החברתיים המוגנים במקרה דנא הינה משמעותית.,train
מהו השיקול שלא מצדיק חציית רף מתחם הענישה לחומרה?,"מנגד, לא מצאתי כי החשש שהנאשם יחזור ויבצע עבירות דומות מצדיק חציית רף מתחם הענישה לחומרה משיקולי הגנה על שלום הציבור.",train
מה ניתן ללמוד על הצורך להגן על הציבור מהנאשם 1 לאור עברו הפלילי?,ניתן ללמוד על הצורך להגן על הציבור מפני הנאשם 1 לאור עברו הפלילי הכולל הרשעות בעבירות אלה: החזקת נכס חשוד כגנוב; החזקה ושימוש בסמים לצריכה עצמית (2 מופעים); החזקת כלים להכנת סם לצריכה עצמית; שיבוש מהלכי משפט; תקיפה הגורמת חבלה ממש והצתה של מבנה במזיד.,train
מהי המסקנה לגבי העונש המוצע לאור טיעוני הצדדים והאיזונים שנעשו?,"מכל המקובץ עד כאן, שקלתי את טיעוני הצדדים, בחנתי את האיזונים בין אינטרס הציבור אל מול נסיבות המקרה, מצאתי כי העונש המוצע מצוי במתחם הענישה ההולם והמתאים בנסיבותיה של הנאשמת, ועל כן אינני רואה לסטות מהסדר הטיעון ואינני רואה בו חריגה בלתי סבירה מנורמת ענישה ראויה.",train
כיצד תאפשר הענישה המוחשית לנאשם לתקן את דרכיו?,"בדרך זו של ענישה מוחשית ומרתיעה המבטאת סלידת החברה ממעשיו, תינתן לנאשם 2 הזדמנות לתקן דרכיו, בעוד החברה תצא נשכרת מתרומתו.",train
מדוע לא ניתן לגזור גזירה שווה בין המקרים השונים לעניין הנאשם?,כל מקרה נבחן כפי נסיבותיו הייחודיות ולא מצאתי לגזור גזירה שווה בין אלו מהאסמכתאות לבין עניינו של הנאשם כאינדיבידואל העומד לדין מלפניי.,train
מהי הסיבה להחמרת הענישה כלפי הנאשמים במקרה זה?,"לחובת הנאשמים יש לציין את חומרת העבירות שביצעו, האלימות הרבה הטמונה במעשיהם, תוצאותיה ומדיניות הענישה עליה עמדתי לעיל.",train
"מדוע יש להתייחס לעבירות אלו כאל עבירות מתמשכות ולא כאל \מעידה חד פעמית\""?""","אין עסקינן בעבירה שהינה בגדר \מעידה חד פעמית\"", ועל כן יש לתן משקל מתון להעדר הרשעות ברקעו של הנאשם כנסיבה לקולה.""",train
מדוע האינטרס הציבורי מחייב ענישה מרתיעה בעבירות פגיעה בציבור?,"האינטרס הציבורי מחייב ענישה מרתיעה, בכדי למנוע הישנותם של המעשים הפוגעים בציבור כולו, החש כי ביטחונו נתערער ורכושו הפך הפקר ואין נפקא מינה אם המדובר בבעלי בתים, בעלי עסקים או במקומות ציבוריים כגון מועדונית כבענייננו.",train
אילו שיקולים משפיעים על טווח העונש המושג בהסדר טיעון?,מרבית השיקולים הקובעים את מתחם הענישה משפיעים גם על טווח העונש המושג בהסדר טיעון.,train
מדוע נחשבות עבירות האלימות כנגד בני זוג לרעה חולה שיש להיאבק בהן?,"עבירות האלימות ככלל, וכנגד בני/בנות זוג בפרט, הפכו זה מכבר לרעה חולה, אשר בתי המשפט מצווים להיאבק בה.",train
"מדוע אין להקל על הנאשם בהיקף עבירות המס במקרה זה, למרות טענת ההגנה?","בנוגע לטענת ההגנה לפיה להיקף עבירות המס חשיבות פחותה, בענייננו, עבירות המס נוגעות לכספים שהתקבלו כתוצאה מפעילות המרפאות, ועל כן איני סבור כי יש בקביעה זו כדי להוביל למסקנה כי אין לגובה סכומי הכסף משמעות בקביעת המתחם בשל היותם \נגזרת\"" של מעשיו של בוריס.""",train
מדוע יש להחמיר בעונש כאשר מדובר באיומים כלפי בת-זוג?,"ברוב העבירות מדובר באיומים ולא באלימות ואלם צוין כבר כי מדובר בלשון איומים קשה ביותר וכאשר מדובר באיומים כלפי בת-זוג, אין מקום להטלת עונשים מקלים.",train
מהי המסקנה לגבי החשש שהנאשם יחזור על עבירות דומות?,"מנגד, הגעתי למסקנה כי החשש שהנאשם יחזור ויבצע עבירות דומות אינו מצדיק חציית רף מתחם הענישה לחומרה משיקולי הגנה על שלום הציבור.",train
מהן הנסיבות שיש להתחשב בהן בעת גזירת הדין לפי סעיף 40יא לחוק העונשין?,"לצורך כך, יש להתחשב בנסיבות שאינן קשורות בביצוע העבירות שיש בהן כדי להשפיע על גזירת הדין, כגון: גיל, עבר הפלילי, נטילת האחריות, פגיעת העונש במשפחתו, נסיבות חיים קשות, שיתוף הפעולה עם רשויות החוק ועוד (ר' סעיף 40יא לחוק העונשין).",train
מהו העונש המרבי שנקבע על ידי המחוקק לעבירה של תגרה במקום ציבורי ומהם הערכים החברתיים שנפגעו?,"הערכים החברתיים שנפגעו מביצוע עבירה של תגרה במקום ציבורי, לצדה קבע המחוקק עונש מרבי של שנת מאסר, הינם שמירה על הסדר הציבורי, המשטר והחברה, והגנה על גופם ונפשם של הקרבנות.",train
מהי המשמעות של אי קבלת האחריות על מעשיו של הנאשם?,אי קבלת האחריות על מעשיו מצביעה על קושי אצל הנאשם בקבלת אחריות והפנמת הפסול שבביצוע המעשים.,train
מהי ההתנהגות הנדרשת כדי להתיר חזרה מהרשעת נאשם בנסיבות מסוימות?,"על בית המשפט להיווכח מהתנהגות קלת ערך מחד גיסא ובפגיעה כבדה בנאשם מאידך גיסא, על מנת שיתיר חזרה מהרשעתו בנסיבות כגון דא.",train
מה מעיד על תכנון מקדים בביצוע עבירות האיומים במקרה זה?,"דומה כי לביצוע עבירות האיומים קדם תכנון מקדים, שכן האיומים שהפנה הנאשם למתלוננת נעשו בכתב באמצעות מסרונים לטלפון הנייד, כך שאין המדובר באמירה ספונטנית לא מתוכננת.",train
אילו ערכים מוגנים נפגעים בביצוע העבירה על ידי הנאשמים?,"בביצוע העבירה פגעו הנאשמים בערכים המוגנים בבסיסה והם שמירה על הסדר החברתי, שלטון החוק, שלום הציבור, והצורך למנוע השלכות פליליות וחברתיות.",train
מדוע מדיניות של ענישה מכבידה בגין עבירות אלימות נגד שוטרים נחשבת לראויה?,"מדיניות של ענישה מכבידה ומרתיעה בגין עבירות אלימות נגד שוטרים משרתת אינטרס זה ועל כן היא ראויה (רע\פ 5940/06 גל נ' מדינת ישראל (18.12.2006); עניין מוסא, שם)\"".""",train
כיצד תורמים בתי המשפט למלחמה באלימות בחברה הישראלית?,"בתי המשפט מצווים לתרום חלקם למלחמה באלימות שפשטה בחברה הישראלית על כל צורותיה וגווניה, שיהא בה כדי להרתיע הן את הנאשם העומד לדין והן עבריינים אחרים כמותו, מלשוב ולבצע עבירות אלימות בעתות דחק או כהות חושים.",train
על מה מתבססת מציאת מתחם העונש ההולם לעבירות השוד והשהייה הבלתי חוקית?,"מציאת מתחם העונש ההולם עבירות השוד והשהייה הבלתי חוקית בישראל נעשית בהתחשב במידת הפגיעה בערכים המוגנים, נסיבות ביצוען ומדיניות הענישה הנהוגה.",train
מדוע מדינה דמוקרטית אינה יכולה לאפשר עשיית דין עצמי?,"מדינה דמוקרטית, החורטת על דגלה עקרונות של חופש וחירות, אינה יכולה לתת יד לגורם כלשהו אשר חפץ לעשות דין לעצמו, ולהשיג את מטרותיו תוך הפעלת אמצעי לחץ פסולים, ופגיעה בכבודו ובקניינו של האחר – ללא רשות.",train
כיצד פגע הנאשם בחברה בעקבות העבירות שביצע?,"בעשיית העבירות פגע הנאשם בחברה בכללותה, בדרך של העלויות הגבוהות הקשורות לנזקי ההתפרצויות, הן ביחס לעלויות ביטוח ואבטחה והן ביחס לעלויות הנדרשות לרשויות האכיפה.",train
מהו ההשפעה של פגיעת כושר שיפוט או כושר שכלי לקוי על אשמתו המוסרית של הנאשם?,מקום שבו הוכח פגיעת כושר שיפוט או של כושר שכלי לקוי בעת ביצוע העבירה תביא לקביעת קרבה לסייג ולהפחתת אשמתו המוסרית של הנאשם.,train
מהי מידת הפגיעה בערכים החברתיים המוגנים בעקבות ייבוא הסמים במקרה זה?,"מידת הפגיעה בערכים החברתיים המוגנים כתוצאה מהעבירות בהן הורשעו הנאשמים הינה גבוהה, שכן מדובר בייבוא סמים מסוכנים מסוג מתאמפטמין בכמות גדולה של 3,654.76 גרם; ובנוסף לכך נאשם 3 החזיק ברשותו סמים מסוכנים מאותו הסוג במשקל כולל של 2 ק\ג, השקולה למנות סם רבות מסוג הנמנה על הסמים הקשים מבין הסמים המסוכנים, ואשר נזקיו הפוטנציאליים חמורים ורחבי היקף.""",train
מהן שלושת השלבים במלאכת גזירת הדין לפי חוק העונשין?,"מלאכת גזירת הדין מורכבת משלושה שלבים עיקריים: תחילה, אקבע את מתחם העונש ההולם לעבירות שביצע הנאשם, על בסיס שיקולים נורמטיביים ואובייקטיבים, בהתחשב בערכים החברתיים שנפגעו מביצוע העבירות, במידת הפגיעה בערכים אלה, במדיניות הענישה הנהוגה ובנסיבות הקשורות בביצוע העבירות כמפורט בסעיף 40ט לחוק העונשין (סעיף 40ג לחוק העונשין); לאחר מכן, אבחן האם ראוי לחרוג מן המתחם לקולא בשל שיקולי שיקום (סעיף 40ד לחוק העונשין) או לחומרא בשל שיקולי הגנה על שלום הציבור (סעיף 40ה לחוק העונשין); לבסוף, אקבע את העונש המתאים שיושת על הנאשם, בהתחשב בצורך בהרתעת הנאשם (סעיף40ו לחוק העונשין), בצורך בהרתעת הרבים (סעיף40ז לחוק העונשין) ובנסיבותיו האישיות של הנאשם שאינן קשורות בביצוע העבירה (סעיף 40יא לחוק העונשין), כמו גם בנסיבות אחרות ככל שתמצאנה רלוונטיות (סעיף 40יב לחוק העונשין).",train
מהן הנסיבות האישיות שיש להתחשב בהן בעת גזירת העונש לנאשם?,"בגזירת העונש המתאים לנאשם במתחם הענישה, בהתאם לסעיף 40יא לחוק העונשין, יש מקום להתחשב בנסיבותיו האישיות, אשר אינן קשורות בביצוע העבירות, כגון: גיל, עבר פלילי, נטילת האחריות, פגיעת העונש במשפחתו, נסיבות חיים קשות שהייתה להן השפעה על ביצוע העבירה, שיתוף הפעולה עם רשויות החוק ועוד.",train
מהו ההשפעה החברתית של מעשי הנאשם על החברה בכללותה?,"מעשיו של הנאשם לא פגעו רק בבעלי הבית, אלא בעקיפין גם חברה בכללותה, בדרך של העלויות הגבוהות הקשורות לנזקי ההתפרצויות, הן ביחס לעלויות ביטוח הנכס והן ביחס לעלויות הנדרשות לרשויות האכיפה.",train
"מהו העונש המומלץ לנאשם בהתחשב בשיקולי הגמול, השיקום וההרתעה?","מכל המקובץ, בהביאי בכלל חשבון את שיקולי הגמול, השיקום וההרתעה, ביחס לנאשם בנסיבותיו - הסלידה שחשה החברה נוכח מעשיו והוקעתם הנדרשת, הצורך בהמחשת חומרת מעשיו, הרתעתו והרתעת עבריינים כמותו, לצד צרכיי שיקומו, הרי שבגדר תפירת חליפתו העונשית, סבורני כי אין מנוס מהשתת עונש הכולל מאסר בפועל לתקופה קצרה, לצד ענישה מותנית ומרתיעה.",train
מדוע יש לקחת בחשבון את הצורך להגן על הציבור מפני הנאשם?,"יש להביא בכלל חשבון את הצורך להגן על הציבור מפני הנאשם ועברייני אלימות כמותו, שכן בהכחשת ביצוע העבירות אף לאחר ההרשעה, יש חשש להישנות ביצוע עבירות דומות מצידו.",train
אילו גורמים השפיעו על קביעת מתחם העונש והעונש המתאים במקרה זה?,"חומרת המעשים, הנזק שנגרם לנפגעת העבירה, מדיניות הענישה ההולמת, שיקולי הרתעה ושיקולים נוספים הובילו למסקנות בענין מתחם העונש והעונש המתאים שנגזר.",train
מהו עקרון ההלימה המנחה בענישה לפי תיקון 113 לחוק העונשין?,"תיקון 113 לחוק העונשין שעניינו \הבניית שיקול הדעת השיפוטי בענישה\"" התווה את עקרון ההלימה כעיקרון מנחה בענישה לפיו נדרש יחס הולם בין חומרת מעשה העבירה בנסיבותיו ומידת אשמתו של הנאשם לבין סוג ומידת העונש המוטל עליו (ס' 40ב לחוק העונשין).""",train
מה מלמדים מעשיו של הנאשם על תעוזה והעדר מורא?,"מעשיו של הנאשם מלמדים על תעוזה והעדר מורא, הן בשל מעשה השוד והן בהתחשב שמדובר בשוהה בלתי חוקי בשטחי מדינת ישראל.",train
אילו שיקולים יילקחו בחשבון לקביעת מתחם הענישה בעבירות שביצע הנאשם?,"לצורך כך יובאו בחשבון הערכים החברתיים שנפגעו מביצוע העבירות ומידת הפגיעה בהם; נסיבות הקשורות בביצוע העבירות, מידת אשמו של הנאשם ומדיניות הענישה הנוהגת.",train
מה מראה בחינת מדיניות הענישה הנוהגת במקרים דומים לגבי העונשים המוטלים?,"בחינת מדיניות הענישה הנוהגת במקרים דומים, מצביעה כי הוטלו עונשים במנעד רחב התלוי בנסיבות העושה והמעשים.",train
מהן הנסיבות האישיות שיש להתחשב בהן בעת גזירת העונש?,"בגזירת העונש המתאים לנאשם וכמצוות סעיף 40יא לחוק העונשין, יש מקום להתחשב בנסיבותיו האישיות, אשר אינן קשורות בביצוע העבירות, כגון: גיל, עבר פלילי, נטילת האחריות, פגיעת העונש במשפחתו, נסיבות חיים קשות שהייתה להן השפעה על ביצוע העבירה, שיתוף הפעולה עם רשויות החוק ועוד.",train
מהו המסקנה שהוסקה מהשיקולים והנתונים שנבחנו לגבי העונש המוטל על הנאשם?,"סוף דבר, מכל הנתונים והשיקולים שפירטתי לעיל, באיזון ביניהם ובשים לב לפסיקה הנוהגת, סבורני כי מן הראוי להשית על הנאשם עונש כדלקמן:",train
מהי הסיבה להחמרה בעונש בשל רצף העבירות הקשות שביצע הנאשם?,"יש מקום להחמיר עם הנאשם בשל רצף העבירות הקשות, כל אחת כשלעצמה, בוודאי בצירופן יחד לאירוע אחד.",train
כיצד יש לראות את העבירות שביצע הנאשם לצורך קביעת מתחם הענישה?,"הנאשם ביצע את שתי עבירות התקיפה ברצף, כשיש ביניהן קשר הדוק ויש לראותן כאירוע רצוף אחד לצורך קביעת מתחם הענישה (ראו: ע\פ 4910/13 אחמד בני ג'אבר נ' מדינת ישראל (ניתן ביום 29.10.2014); ע\""פ 2519/14 ענאד אבו קיעאן נ' מדינת ישראל (ניתן ביום 29.12.2014); סע' 40יג(א) ו-40ג(א) לחוק העונשין).""",train
מהו מתחם העונש ההולם בעבירות שביצע הנאשם?,"מכל המקובץ, סבורני כי מתחם העונש ההולם בגין העבירות שביצע הנאשם נע בין מאסר מותנה לבין 6 חודשי מאסר בפועל שיכול וירוצו בעבודות שירות, לצד ענישה מותנית וענישה כלכלית.",train
מהו מתחם העונש ההולם שנקבע לעבירה בהתחשב בערכים החברתיים שנפגעו?,"מכל המקובץ, בהתחשב בערכים החברתיים שנפגעו מביצוע העבירה, במידת הפגיעה בהם, במדיניות הענישה הנהוגה, בנסיבות הקשורות בביצוע העבירה והיחס ההולם בין חומרת מעשה העבירה בנסיבותיה ומידת אשמו של הנאשם ובין סוג ומידת העונש שיש להטיל עליו, סבורני כי מתחם העונש ההולם לעבירה נע בין 12 לבין 24 חודשי מאסר בפועל, לצד מאסרים מותנים וענישה כלכלית.",train
מהן הפעולות של הנאשם המהוות גינוי לאמות המידה המוסריות במדינת ישראל?,"מעשיו של הנאשם, כמי שהיכה את המתלונן במכות אגרוף בראשו ובכתפו, ניסה לבעוט בו בעודו שרוי על הקרקע מוכה וחבול, ואף לאחר מכן לנסות לעקור את דלת רכבו – הן פעולות הראויות לגינוי, העומדות בסתירה לאמות מידה מוסריות וערכי היסוד של מדינת ישראל, ולבטח לא ניתן להצדיקם באמתלה שהנאשם ביקש למנוע מהמתלונן לפגוע באחרים.",train
מדוע יש לראות בכלל המעשים מסכת עבריינית אחת ולקבוע בגינה מתחם ענישה אחד?,"לפיכך, מקובלת עלי עמדת הצדדים לפיה יש לראות בכלל המעשים מסכת עבריינית אחת ולקבוע בגינה מתחם ענישה אחד.",train
אילו גורמים יש להביא בחשבון בעת קביעת העונש?,"לצורך כך יובאו בחשבון, בין היתר, הערכים החברתיים שנפגעו מביצוע העבירות, מידת הפגיעה בהם, נסיבות הקשורות בביצוע העבירות, מידת אשמו של הנאשם ומדיניות הענישה הנוהגת.",train
מהו ההכרח החברתי המובא בפסיקות בתי המשפט בנוגע לייבוא סמים?,"בתי המשפט עומדים לא אחת בפסיקתם על ההכרח החברתי להיאבק בנגע הסמים ובתופעות של ייבואם, ייצואם, הסחר בהם והפצתם, כמו גם על הצורך בהרתעת היחיד והרבים מפני ביצוע עבירות אלה, בדרך של הטלת עונשים מחמירים ומרתיעים.",train
מהו העיקרון המשפטי המנחה את ההכרעה לגבי ריבוי העבירות במקרה זה?,"הנני סבור כאמור כי מדובר במספר עבירות המהוות אירוע אחד, וזאת כאמור בהתאם לסעיף 40יג(א) לחוק העונשין.",train
מהו השיקול המרכזי לחומרה בעבירות שביצע הנאשם?,"בבסיס השיקולים לחומרה עומדת המדיניות המשפטית בעבירות בהן הורשע הנאשם, עבירות שבוצעו במסגרת התא המשפחתי וחומרתן.",train
מהו היקף הפגיעות בערכים המוגנים שנגרמו מהמעשים שביצע הנאשם?,"מדובר בצבר מעשים חמורים שמידת פגיעתם בערכים המוגנים, עליהם עמדתי לעיל, הינה ממשית ומשמעותית.",train
כיצד משפיעים שיקולי המצב האישי של הנאשם על מתחם העונש?,"בנסיבות זכות אלה יש כדי גורם ממתן בגזירת דינו של הנאשם, אך לא כדי הפחתה מרצפת מתחם העונש ההולם, כפי שציינתי לעיל, נוכח נסיבות ביצוע העבירות ואופיין החמור, העדר לקיחת אחריות ובהעדר שיקולי שיקום כהוראת סעיף 40ד(א) לחוק העונשין.",train
מדוע יש לקבוע מתחם עונש אחד במקרה שבו מעשי הנאשם קשורים ברצף מתמשך?,"במקרה דנא, נוכח מעשיו של הנאשם, הקשורים זה לזה ברצף מתמשך אחד, הרי שמדובר במסכת עובדתית אחת, המהווה \אירוע\"" אחד, שיש לקבוע לגביו מתחם עונש אחד.""",train
"מדוע המשך השימוש בביטוי \רצח באדישות\"" חוטא לכוונת המחוקק?""","ולפיכך המשך שימוש בביטוי \רצח באדישות\"" חוטא לכוונת המחוקק, ולא עולה בקנה אחד לא עם לשון החוק, ולא עם התפיסה המושגית של החומרה בעצם מעשה ההמתה.""",train
מהו תפקיד המלצת קצין המבחן בגזירת העונש על ידי השופט?,"השופט היושב בדין הוא אשר ישים במאזני שיקוליו, כאחד השיקולים החשובים, גם את המלצתו של קצין המבחן.",train
מהו השיקול שעל בית המשפט לקחת בחשבון בנוגע למשפחת הקורבן?,"על בית המשפט להעמיד לנגד עיניו את משפחת הקורבן, מתוך תקווה וציפייה שישולם מענה עונשי הולם וראוי.",train
מהו הצורך בחומרה בענישה בעבירות רכוש לפי ההקשר החברתי?,"מכאן, הצורך בחומרה בענישה בעבירות אלה, כחלק מהמלחמה בעבירות הרכוש בכללותן, אשר אפשר לומר שהפכו למכת מדינה, למקור דאגה וטרוניה לאזרחים רבים ולפגיעה בתחושת ביטחונם.",train
כיצד משפיעה אלימות כלפי בני זוג החיים יחד על החומרה של המעשים?,"מעשים אלה מקבלים משנה חומרה, כאשר מדובר באלימות הננקטת כלפי בני זוג, החיים יחדיו תחת קורת גג אחת, בתא משפחתי האמור לשמש משענת ומקום מבטחים.",train
מהו הפוטנציאל להסלמה במפגש אלים בביצוע עבירת ההתפרצות בשעות הלילה?,"בביצוע עבירת ההתפרצות למקום מגורים, בעיקר בשעות הלילה, קיים פוטנציאל של ממש להסלמה עד כדי מפגש אלים בין הפורץ לבין דיירי המקום.",train
מדוע אין הנאשם זכאי להקלה בעונש למרות שלא ניהל את המשפט?,"הגם שאין לזקוף לחובתו את ניהול המשפט, אין הנאשם זכאי להקלה לה זכאים נאשמים אשר לוקחים אחריות למעשיהם, מביעים חרטה וחוסכים מזמנו של בית המשפט, התביעה ועדיה (סעיף 40יא(6) לחוק העונשין).",train
מדוע יש ליתן משקל לנסיבות חייו הקשות של הנאשם?,"בנסיבותיו של הנאשם, סבורני כי אין למתוח את שורת הדין עמו ויש ליתן משקל רב לנסיבות חייו הקשות של הנאשם, העובדה כי זו הסתבכותו הראשונה וכן העובדה כי מפגין יציבות בחייו, למרות כל הקשיים.",train
מהו הסיכון הממשי והחמור לציבור הנובע מעבירת החזקת נשק?,"נאמר באשר לעבירת החזקת נשק כי היא \מקימה סיכון ממשי וחמור לציבור ויוצרת פוטנציאל להסלמה עבריינית, ולפיכך מחייבת ליתן ביטוי עונשי הולם המרתיע באמצעות הרחקת מבצע העבירה מן החברה לתקופה מסוימת\"".""",train
מדוע נחשבות עבירות הסמים לרעה חולה בחברה ומה תפקיד בית המשפט במיגורן?,עבירות הסמים הן בגדר רעה חולה שפשה בחברתנו ומחובתו של בית המשפט לתרום חלקו למיגור נגע זה באמצעות הטלת עונשים מחמירים ומרתיעים.,train
מהו מתחם העונש ההולם לעבירות שביצע הנאשם בנסיבות ביצוען?,"מכל המקובץ, סבורני כי מתחם העונש ההולם לעבירות שביצע הנאשם, בנסיבות ביצוען, הינו בין מאסר מותנה (ושל\צ) לבין 14 חודשי מאסר בפועל, לצד ענישה מרתיעה וענישה כלכלית.""",train
מהו מתחם הענישה שהטיל בית המשפט המחוזי על הנאשם בגין העבירות שביצע?,"בית המשפט המחוזי קבע מתחם ענישה הולם שבין 6 ל-12 שנות מאסר בפועל, ולאחר שהביא בחשבון את גילו הצעיר בעת ביצוע העבירות הטיל על הנאשם 8 שנות מאסר בפועל, לצד מאסר על תנאי, קנס ופיצוי לנפגעת העבירה.",train
מהו העונש הממוצע המוטל על תוקפים באמצעות חפץ?,"מסקירת הפסיקה הרלוונטית עולה כי לרוב דינו של מי התוקף את רעהו באמצעות חפץ כלשהו וגורם לו לחבלות, לעונש מאסר ממושך, אם כי הדבר תלוי בחומרת ועוצמת התקיפה, נסיבותיה ותוצאותיה.",train
מהו הנזק הכלכלי שיכול להיגרם כתוצאה מביצוע עבירות אלו?,"בביצוע עבירות אלו יש כדי לפגוע בקופה הציבורית, לגרום לנזק לתפקוד הכלכלי של המשק, להקטין את הכנסות הממשלה ולפגוע בביטחונו הכלכלי של הציבור.",train
כיצד משפיעה כמות הסם שנתפסה על הפגיעה בערך המוגן במקרה של הנאשם?,"אמנם, הנאשם החזיק בסם מסוג חשיש, שאינו נמנה על הסמים הקשים ביותר מבין הסמים המסוכנים, אך הפגיעה בערך המוגן נלמדת מכמות הסם, העולה על 112 גרם חשיש, ו- 30 כדורים מסוג MDMA.",train
מהו התמריץ החיובי שיכול להיווצר מהקלה בעונש לנאשם?,"בנסיבות אלה, הקלה בעונש תהווה תמריץ חיובי לנאשם להתמיד בדרך הנכונה שבה החל לפסוע לשם בניית תשתית מתאימה שתאפשר לו להשתלב בחברה ולצאת מהמעגל השוטה של שימוש בסמים וביצוע עבירות רכוש למימונם.",train
מהי העמדה שהציג בית המשפט העליון לגבי מתחם הכולל מאסר בפועל ומאסר על תנאי?,"בית המשפט העליון קיבל את העמדה, כי מתחם הכולל מאסר בפועל ומאסר על תנאי הינו כוללני ורחב מדי באופן שמעקר אותו מתוכן ולמעשה, אינו קובע כלל רף תחתון למתחם.",train
מהו עקרון ההלימה שנקבע בתיקון 113 לחוק העונשין בענישה?,"תיקון 113 לחוק העונשין שעניינו \הבניית שיקול הדעת השיפוטי בענישה\"" התווה את עקרון ההלימה כעיקרון מנחה בענישה לפיו נדרש יחס הולם בין חומרת מעשה העבירה בנסיבותיו ומידת אשמתו של הנאשם לבין סוג ומידת העונש המוטל עליו (ס' 40ב לחוק העונשין).""",train
מדוע יש להיאבק בעבירות אלימות כנגד בנות זוג?,"לעבירות האלימות ככלל, וכנגד בנות זוג בפרט, הפכו זה מכבר לרעה חולה, אשר בתי המשפט מצווים להיאבק בה.",train
מהן השיקולים שעל בית המשפט להתחשב בהם ליישום עקרון ההלימה?,"על מנת ליישמו, בית משפט יתחשב בערך החברתי שנפגע מביצוע העבירה ובמידת הפגיעה בו; בנסיבות הקשורות בביצוע העבירה ומידת אשמו של הנאשם; ובמדיניות הענישה הנהוגה.",train
מהי ההשפעה של התנהלות הנאשם על תפיסת חומרת מעשיו בעיני בית המשפט?,התנהלות זו מצביעה כי הנאשם לא הפנים את חומרת מעשיו ואף מבטאת זלזול כלפי החלטת בית המשפט.,train
מהו העיקרון המשפטי המנחה את הענישה בעבירות סמים לפי פסיקות בתי המשפט?,בעבירות סמים יש לתן משקל בכורה לאינטרס הציבורי.,train
מהו העיקרון שהדגיש תיקון מס' 113 לחוק העונשין בנוגע לענישה?,"בדרך זו חידד תיקון מס' 113 לחוק העונשין את הצורך בהמשך נקיטת שיטת ענישה אינדיווידואלית, הבוחנת נסיבותיו של כל מקרה ואדם המובא לדין.",train
מהו האיזון הנדרש בעת קביעת חפיפת עונשי מאסר בין הליכים שונים?,"בעת קביעת חפיפת עונשי מאסר בין הליכים שונים, יש לאזן בין האינטרס החברתי לבין שיקולי חסד ונוחות לריצוי העונש.",train
"מהי הסיבה שהביאה את הנאשם לבצע את העבירה, לפי דברי בא-כוחו?","הסיבה שהביאה את הנאשם לבצע את העבירה, כך לדברי בא-כוחו, הינה רצונו לעשות \כסף קל\"", ועילה זו כשלעצמה מלמדת על כוונת הנאשם לסחור בחומר המסכן תמורת כסף, תוך ניצול חולשתם של אלה הצורכים את החומר המדובר והפגיעה הכרוכה בכך בבריאותם.""",train
מהן שלוש ההתחשבויות שעל בית המשפט לקחת בחשבון בעת יישום עקרון ההלימה?,"על מנת ליישמו בית משפט יתחשב בשלושת אלה: ראשית, בערך החברתי שנפגע  מביצוע העבירה ובמידת הפגיעה בו; שנית, בנסיבות הקשורות בביצוע העבירה ומידת אשמו של הנאשם; שלישית, במדיניות הענישה הנהוגה (ע\פ 8641/12 סעד נ' מדינת ישראל (ניתן ביום 5.8.2013).""",train
מהי ההוכחה לנחישות הנאשם לפגוע בקטין באמצעות הסכין?,נסיבות אלה מצביעות על נחישות ורצון מצד הנאשם לחתירה למגע אלים כדי לפגוע באותו קטין באמצעות הסכין.,train
מהו הפיצוי המומלץ לנאשמים בגין הפגיעות שנגרמו למתלונן?,"כאיזון להקלה בעונשם של הנאשמים, אני סובר כי יש להשית עליהם פיצוי למתלונן על הפגיעה הפיסית בגופו ובנפשו, הפגיעה הקניינית ברכושו והפגיעה באמון ובביטחון האישי שלו.",train
מהו היחס הנדרש בין חומרת העבירה למידת אשמו של הנאשם לפי תיקון 113 לחוק העונשין?,"בהתאם לתיקון 113 לחוק העונשין, נדרש יחס הולם בין חומרת מעשה העבירה בנסיבותיו ומידת אשמו של הנאשם לבין סוג ומידת העונש המוטל עליו.",train
מה על בית המשפט לשקול כאשר הוא בוחן חריגה ממתחם הענישה ההולם?,"בהינתן מתחם הענישה ההולם, על בית המשפט לבחון האם ראוי לחרוג ממנו לקולא בשל שיקולי שיקום (סעיף 40ד לחוק העונשין) או לחומרה בשל הצורך להגנה על שלום הציבור (סעיף 40ה לחוק העונשין).",train
כיצד מתחשבת מדיניות הענישה בהגנה על גבולות וביטחון המדינה?,"מדיניות הענישה הנהוגה בעבירות שבוצעה מתחשבת בצורך בהגנה על גבולות וביטחון המדינה, בשמירה על ריבונותה ומבטא את המאבק בתופעה רחבת ממדים.",train
מהי ההצדקה לחריגת נאשמת 2 ממתחם הענישה שנקבע בעניינה?,"יש למצוא הצדקה לחריגת נאשמת 2 לקולה ממתחם הענישה שנקבע בעניינה בשל מכלול נסיבותיה האישיות, בהתאם להוראות סעיף 40ד לחוק העונשין.",train
מה מצביעה בחינת מדיניות הענישה בעבירות זיוף על טווח הענישה?,"בחינת מדיניות הענישה הנוהגת בעבירות של זיוף, שימוש במסמך מזויף וקבלת דבר במרמה מצביעה על טווח ענישה רחב התלוי בנסיבות ביצוע העבירות ונסיבותיו האישיות של הנאשם.",train
מהו העבר הפלילי של הנאשם שצריך להיזקף לחובתו?,"יש לזקוף לחובת הנאשם את עברו הפלילי, הכולל הרשעות בעבירות החזקה ושימוש בסמים לצריכה עצמית, תקיפה הגורמת חבלה של ממש, תקיפה סתם, הסגת גבול פלילית (2 מופעים), היזק לרכוש במזיד.",train
מהו השינוי שהביא תיקון מס' 113 לחוק העונשין בנוגע לשיטת הענישה?,"למותר לציין כי תיקון מס' 113 לחוק העונשין חידד את הצורך בהמשך נקיטת שיטת ענישה אינדיווידואלית, הבוחנת נסיבותיו של כל מקרה ואדם המובא לדין.",train
כיצד יש לשלב את העונשים בעבירות סמים במאבק הכולל להדברת הנגע?,"\אכן, נגע הסמים הפוגע קשות בחברתנו מחייב מלחמת חורמה והעונשים שיגזרו על ידי בתי המשפט בשל עבירות סמים צריכים להשתלב במאבק הכולל להדברת הנגע. על כן, יש ליתן משקל ממשי לשיקול ההרתעתי אל מול השיקולים האישיים, אשר משקלם יהיה נמוך יותר במקרים כגון אלה\"".""",train
מהו המסר שיש לשדר לנאשם בנוגע להשלכות של אלימות והפרת הוראות חוקיות?,"ניסיון העבר מלמד כי לא די בהצבת תמרורי אזהרה לפני הנאשם, אלא יש להציב בפניו גבולות ברורים ולשדר מסר של הוקעה שאינו משתמע לשתי פנים כי מי ששב ונוהג באלימות פיזית ומילולית ומפר ברגל גסה הוראות של בית המשפט, נדון לענישה מוחשית.",train
כיצד על בתי המשפט לפעול כאשר נגע האלימות גואה בחברה?,"כשנגע האלימות גואה בחברתנו, על בתי המשפט לסייע בעקירתו מהשורש בדרך של ענישה ממשית הולמת בעבירות אלימות כלפי גוף.",train
מהי הסיבה לכך שלא נמצא חשש שמי מהנאשמים יחזור לבצע עבירות דומות?,"מנגד, לא מצאתי כי החשש שמי מהנאשמים יחזור לבצע עבירות דומות מצדיק חציית רף מתחם הענישה לחומרה משיקולי הגנה על שלום הציבור.",train
מהו השיקול שעל בית המשפט לבחון לחריגה ממתחם העונש?,"כאמור, על בית המשפט לבחון האם ראוי לחרוג מן המתחם בשל שיקולי שיקום המהווים שיקול לקולא (סעיף 40ד לחוק העונשין); או מאידך, לחרוג מן המתחם בשל הצורך להגנה על שלום הציבור, המהווה שיקול לחומרא (סעיף 40ה לחוק העונשין).",train
מהו היחס הנדרש בין חומרת העבירות ומידת אשמו של כל נאשם לבין סוג העונש המוטל עליו?,"בהתאם לתיקון 113 לחוק העונשין, נדרש יחס הולם בין חומרת מעשי העבירות בנסיבות ביצוען ומידת אשמו של כל נאשם לבין סוג ומידת העונש המוטל עליו.",train
מהו המתחם העונשי ההולם שנקבע לפי עקרון ההלימה?,מתחם העונש ההולם יקבע בהתאם לעקרון ההלימות כפי שהוגדר בסעיף 40ג(א) לחוק העונשין.,train
אילו שלושה שיקולים מתחשב בהם בית המשפט כאשר הוא מיישם את עקרון ההלימה?,"על מנת ליישמו בית משפט מתחשב בשלושת אלה: ראשית, בערך החברתי שנפגע מביצוע העבירה ובמידת הפגיעה בו; שנית, בנסיבות הקשורות בביצוע העבירה ומידת אשמו של הנאשם; שלישית, במדיניות הענישה הנהוגה.",train
מהן המטרות העיקריות של הענישה בעבירות סמים?,"הענישה בעבירות מסוג זה נועדה, קודם לכל, לשרת את מטרת הגמול לעבריין על עיסוק בסם העלול לסכן חיי אדם ולפגוע בבריאות המשתמשים בו; שנית, על העונש להעביר מסר חד-משמעי של הרתעה ביחס לעבריינים פוטנציאליים.",train
מדוע יש להטיל עונשים מחמירים על עבירות סמים?,עבירות הסמים הן בגדר רעה חולה שפשה בחברתנו ומחובתו של בית המשפט לתרום חלקו למיגור נגע זה באמצעות הטלת עונשים מחמירים ומרתיעים.,train
כיצד נקבע מתחם העונש ההולם לפי סעיף 40ט לחוק העונשין?,"תחילה, אקבע את מתחם העונש ההולם למעשה העבירה שביצע הנאשם, בהתחשב בערך החברתי שנפגע מביצוע העבירה, במידת הפגיעה בו, במדיניות הענישה הנהוגה ובנסיבות הקשורות בביצוע העבירה כמפורט בסעיף 40ט לחוק העונשין (סעיף 40ג לחוק); לאחר מכן, אבחן האם ראוי לחרוג מן המתחם לקולא בשל שיקולי שיקום (סעיף 40ד לחוק העונשין) או לחומרא בשל שיקולי הגנה על שלום הציבור (סעיף 40ה לחוק העונשין); לבסוף, אקבע את העונש המתאים בהתחשב בצורך בהרתעת הנאשם (סעיף40ו לחוק העונשין), בצורך בהרתעת הרבים (סעיף40ז לחוק העונשין) ובנסיבותיו האישיות של הנאשם שאינן קשורות לביצוע העבירה (סעיף 40יא לחוק העונשין).",train
מהו המאפיין המרכזי של העבירות שביצע הנאשם לפי סעיף 40ט לחוק העונשין?,"בבחינת הנסיבות הקשורות בביצוע העבירות, בהתאם לסעיף 40ט לחוק העונשין, עולה כי מדובר בעבירות אלימות חמורות, שרק בדרך נס לא הסתיים האירוע בתוצאות קשות יותר, אך מעשיו של הנאשם הותירו צלקות פיזיות ונפשיות.",train
"מהי הפגיעה הנגרמת מגניבת מכשירים מסוג טלפון \חכם\"" מעבר לפגיעה רכושית?""","לפיכך, הפגיעה הנגרמת מגניבת מכשירים מסוג זה אינה רכושית גרידא, אלא מדובר בפגיעה קשה בפרטיות ובתחושת הביטחון האישי לא רק של בעל המכשיר, אלא גם של משפחתו וציבור מכריו.",train
מהו מתחם העונש ההולם שנקבע ביחס לכל אחד מאירועי כתבי האישום?,"מכל המקובץ, באתי למסקנה כי מתחם העונש ההולם ביחס לכל אחד מאירועי כתבי האישום, בנסיבות המפורטות, הינו בין מאסר מותנה לבין 10 חודשי מאסר בפועל, לצד ענישה כלכלית.",train
מה השפיע על החלטת בית המשפט לא להטיל עונש כלכלי על הנאשם?,"נוכח תרומתם של המתלוננת וחברה לאירוע האלים שהתרחש מחוץ לדירתו של הנאשם ומצבו הכלכלי של הנאשם ומשפחתו, לא מצאתי להשית עונשי כלכלי בדרך של קנס ופיצוי.",train
מהן שלוש ההתחשבויות שעל בית המשפט לקחת בחשבון ליישום עקרון ההלימה?,"על מנת ליישמו בית משפט יתחשב בשלושת אלה: ראשית, בערך החברתי שנפגע  מביצוע העבירה ובמידת הפגיעה בו; שנית, בנסיבות הקשורות בביצוע העבירה ומידת אשמו של הנאשם; שלישית, במדיניות הענישה הנהוגה.",train
מהי מדיניות הענישה בפסיקה בעבירות רכוש ובפרט בעבירות התפרצות?,"מדיניות הענישה הנהוגה בפסיקה בעבירות בהן הורשע הנאשם, מתחשבת בצורך במאבק בנגע עבירות הרכוש בכלל ועבירות של כניסה וההתפרצות לבתי מגורים וגניבה בפרט.",train
"מהי תכלית העבירה המיועדת למיגור תופעת \תת תרבות הסכינאות\""?""","תכליתה של עבירה זו לסייע במיגור התופעה השלילית שהביאה עמה \תת תרבות הסכינאות\"" ומניעה מראש של הסיכונים העלולים להתרחש עקב שימוש פסול בסכין.""",train
מהו השיקול המרכזי בענישה בעבירות סמים כאשר קיים חשש לקבלת תמורה כספית?,"הענישה בעניינן של עבירות עם חשש לקבלת תמורה כספית צריכה לכלול רכיב כלכלי משמעותי, אף אם לא מיוחסה למאשם עבירת מכירת סמים.",train
כיצד השפיע השימוש בתרסיס גז על זכותו של האדם לאוטונומיה על גופו?,הנאשם עשה שימוש בתרסיס גז ובדרך זו פגע בערך החברתי של זכותו היסודית של אותו אדם לאוטונומיה על גופו.,train
מדוע יש חשיבות רבה להילחם בנגע האלימות בתוך התא המשפחתי?,"רבות נפסק בצורך להילחם בנגע האלימות, בעיקר בקרב תא המשפחתי, שפשה בחברה הישראלית ולעקרו מן השורש באמצעות ענישה הולמת ומרתיעה.",train
מהן שלוש הנקודות שעל בית המשפט להתחשב בהן ליישום עקרון ההלימה?,"על מנת ליישמו בית משפט יתחשב בשלושת אלה: ראשית, בערך החברתי שנפגע  מביצוע העבירה ובמידת הפגיעה בו; שנית, בנסיבות הקשורות בביצוע העבירה ומידת אשמו של הנאשם; שלישית, במדיניות הענישה הנהוגה.",train
מהו השיקול שקשור בניכוי תקופת מעצרו של נאשם מתוך תקופת המאסר?,"כידוע \ניכוי תקופת מעצרו של נאשם מתוך תקופת המאסר הוא אמנם נוהג מקובל, אך האפשרות להורות כן נתונה לשיקול דעתו של בית המשפט ותלויה בנסיבות כל מקרה ומקרה.\""""",train
מהי זכות היסוד המקודשת המוגנת מפני פגיעות אלימות במקומות ציבוריים?,"על הבריונות ההולכת וגוברת במקומותינו, תוך שימוש בנשק, קר או חם, ועל הצורך בהרתעת היחיד והרבים על ידי הטלת עונשים ראויים, עמד בית המשפט העליון בע\פ 5753/04 מדינת ישראל נ' ירון רייכמן (ניתן ביום 07.02.2005):   בית המשפט העליון חזר והדגיש, כי זכותו של כל אדם לחיים ולשלמות הגוף היא זכות יסוד מקודשת ואין להתיר לאיש לפגוע בזכות זו.""",train
מדוע עבירות הנשק נחשבות לחמורות במיוחד בימינו?,"בימים אלה, כאשר האלימות גואה ברחבי הארץ, מכוניות מתפוצצות ברחובות הערים, אנשים נורים ונהרגים בשל סיבות של מה בכך, החל מוויכוח על סכומי כסף פעוטים וכלה במלחמות עבריינים המוציאים להורג אלה את אלה, אין תמה על כך שעבירות הנשק הוגדרו בפסיקה כעבירות חמורות ביותר, ובתי המשפט ביטאו לא אחת את העמדה לפיה גם מי שאין לו עבר פלילי, וזוהי לו העבירה הראשונה, ראוי לענישה מחמירה ומרתיעה אם ביצע עבירת נשק כלשהי.",train
מדוע יש למנוע מצב שבו איום יהפוך לאמצעי לפתרון סכסוכים?,"אין לאפשר מצב בו איום הופך להיות כלי או אמצעי לפתרון סכסוך כזה או אחר, בפרט כאשר קיים חשש ממשי שדברי איום יובילו לכדי פגיעה פיסית של ממש.",train
כיצד חידד תיקון 113 לחוק העונשין את הצורך בענישה אינדיווידואלית?,"בדרך זו חידד תיקון מס' 113 לחוק העונשין את הצורך בהמשך נקיטת שיטת ענישה אינדיווידואלית, הבוחנת נסיבותיו של כל מקרה ואדם המובא לדין (ע\פ 433/89 אטיאס נ' מדינת ישראל, פ\""ד מג(4) 170; ע\""פ 5106/99 אבו ניג'מה נ' מדינת ישראל, פ\""ד נד(1) 350; רע\""פ 3173/09 פראגין נ' מדינת ישראל (5.5.2009)).""",train
מהי המשמעות של ענישה מחמירה בעבירות מין על מנת להרתיע עבריינים פוטנציאליים?,מציאות זו מחייבת את בית המשפט לנקוט בענישה מחמירה שתסייע בהרתעת עבריינים פוטנציאליים מפני ביצוע מעשים מעין אלו ותשדר מסר חד-משמעי בדבר סלידת החברה מהם.,train
כיצד תורמת הענישה המחמירה למיגור עבירות הסמים בחברה?,עבירות הסמים הן בגדר רעה חולה שפשה בחברתנו ומחובתו של בית המשפט לתרום חלקו למיגור נגע זה באמצעות הטלת עונשים מחמירים ומרתיעים.,train
מהן המגבלות שהוטלו על חירותו של הנאשם במהלך תקופת המעצר?,"הבאתי בחשבון את אותן מגבלות שהוטלו על חירותו של הנאשם, אשר שהה במעצר מיום 20.8.2013 ועד ליום 24.9.2013 ולאחר מכן שוחרר למעצר בית מלא, דבר שפגע בחירותו וביכולתו לעבוד.",train
מהו הפגיעה בערכים החברתיים במקרה של עבירת השכרות שביצע הנאשם?,"בביצוע עבירת השכרות, פגע הנאשם בערכים חברתיים של הגנה על שלום הציבור, בטחונו, שלוות נפשו ושמירה על הסדר הציבורי.",train
מהי חומרת העבירה של פציעה בנסיבות מחמירות לפי החוק?,"עבירה של פציעה בנסיבות מחמירות, לצדה קבע המחוקק עד 6 שנות מאסר, הינה עבירה חמורה וחומרתה בפגיעה בגופו של אדם ולה פוטנציאל לאירוע אלים אף יותר.",train
מהו השיקול שהוביל את בית המשפט למסקנה כי אין הצדקה להחמיר בעונש בשל חשש לעבירות עתידיות?,"מנגד, לא שוכנעתי כי החשש שהנאשם יבצע עבירות דומות בעתיד מצדיק חציית רף מתחם הענישה לחומרה משיקולי הגנה על שלום הציבור.",train
כיצד מתבצעת מלאכת גזירת הדין לפי סעיף 40 לחוק העונשין?,"מלאכת גזירת הדין מורכבת משלושה שלבים עיקריים: תחילה, אקבע את מתחם העונש ההולם למעשה העבירה שביצע הנאשם, על בסיס שיקולים נורמטיביים ואובייקטיבים, בהתחשב בערך החברתי שנפגע מביצוע העבירה, במידת הפגיעה בערך זה, במדיניות הענישה הנהוגה ובנסיבות הקשורות בביצוע העבירה כמפורט בסעיף 40ט לחוק העונשין (סעיף 40ג לחוק העונשין); לאחר מכן, אבחן האם ראוי לחרוג מן המתחם לקולא בשל שיקולי שיקום (סעיף 40ד לחוק העונשין) או לחומרא בשל שיקולי הגנה על שלום הציבור (סעיף 40ה לחוק העונשין); לבסוף, אקבע את העונש המתאים שיושת על הנאשם, בהתחשב בצורך בהרתעת הנאשם (סעיף40ו לחוק העונשין), בצורך בהרתעת הרבים (סעיף40ז לחוק העונשין) ובנסיבותיו האישיות של הנאשם שאינן קשורות בביצוע העבירה (סעיף 40יא לחוק העונשין), כמו גם בנסיבות אחרות ככל שתמצאנה רלוונטיות (סעיף 40יב לחוק העונשין).",train
מה קובע בית המשפט העליון לגבי המתה באדישות ביחס לחיי אדם?,"בית המשפט העליון קבע שהמתה באדישות משקפת יחס שלילי כלפי חיי אדם וזלזול ניכר בהם, והרפורמה מבטאת החמרה מהותית, ערכית ועונשית.",train
מהו המנעד הרחב של הענישה בעבירת חבלה חמורה בנסיבות מחמירות לפי מדיניות הענישה הנהוגה?,"בחינת מדיניות הענישה הנהוגה בעבירת חבלה חמורה בנסיבות מחמירות, מעלה מנעד רחב של ענישה, תלוי נסיבות ה\עושה\"", כמו גם בנסיבות \""המעשה\"", לרבות טיב אמצעי הנשק שנעשה בו שימוש, האם מדובר באירוע מתוכנן או ספונטני, האם קדמה התגרות מצד המותקף, הנזק הגופני והנפשי שנגרם כתוצאה מהמעשה ונסיבות נוספות המשפיעות על הענישה.""",train
מהו טווח ענישה מוסכם בהסדר טיעון וכיצד הוא משקף את האינטרסים של הצדדים?,"ברמה המהותית - טווח ענישה מוסכם בהסדר טיעון הוא תוצאה של מיצוי כוח המיקוח של כל אחד מהצדדים להליך, בשים לב לכלל נסיבות התיק ולכן הוא משקף בעיקר את האינטרסים המידיים של שני הצדדים (תוך התחשבות בעובדה כי רשויות התביעה מייצגות אינטרס ציבורי רחב יותר).",train
מהו המתח המרכזי שנמצא בין חומרת העבירה לנסיבות האישיות של הנאשם?,"המקרה דנא הינו דוגמא למתח שבין חומרת העבירה ותוצאותיה המצדיקים ככלל השתת מאסר בפועל לבין נסיבותיו האישיות של הנאשם ומסלול שיקומו, נתונים \המושכים\"" לכיוון השתת עונש שאינו כולל מאסר בפועל, אף לא בדרך של עבודות שירות.""",train
מהן החומרה והמסוכנות הטמונות בעבירת התפרצות לבית מגורים?,עבירת התפרצות לבית מגורים בכוונה לבצע גניבה או פשע טומנת בחובה חומרה ומסוכנות משמעותיות.,train
כיצד ישמש ההליך הפלילי כמנוף לטיפול ולשיקום הנאשם?,"בדרך זו ישמש ההליך הפלילי כמנוף לטיפול ולשיקום ביחד עם פיקוח המאפשר, בכל עת, דיון מחדש בעונשו של הנאשם.",train
מהו המשקל שיש לתת לאינטרס הציבורי בענישה בעבירות אלימות?,"בבוא בית המשפט לשקול את הענישה בעבירות מסוג זה, עליו לתת משקל נכבד יותר לאינטרס הציבורי ולצורך בהרתעת עבריינים בכוח מלבצע עבירות דומות, על פני הנסיבות האישיות של העבריין (ראו לדוגמא: רע\פ 2718/04 אבו דאחל נ' מדינת ישראל (ניתן ביום 29.3.2004); ע\""פ 5066/98 מדינת ישראל נ' ניעמן דחלה ואח', תק-על 99(3), 1574).""",train
אילו שיקולים יש לקחת בחשבון בקביעת מתחם הענישה לכל נאשם?,"בהתחשב בערכים החברתיים שנפגעו מביצוע העבירות, במידת הפגיעה בהם, במדיניות הענישה הנהוגה, בנסיבות הקשורות בביצוע העבירות, תוצאותיהן והיחס ההולם בין חומרת מעשי העבירות בנסיבותיהם ומידת אשמתם של הנאשמים ובין סוג ומידת העונש שיש להטיל עליהם, ובהתחשב במכלול העבירות שכל אחד מהנאשמים הורשע בהן, מצאתי לקבוע מתחמי ענישה נפרדים ביחס לכל אחד מהנאשמים.",train
מהו עקרון ההלימה בענישה כפי שנקבע בתיקון 113 לחוק העונשין?,"תיקון 113 לחוק העונשין שעניינו \הבניית שיקול הדעת השיפוטי בענישה\"" התווה את עקרון ההלימה כעיקרון מנחה בענישה לפיו נדרש יחס הולם בין חומרת מעשה העבירה בנסיבותיו ומידת אשמתו של הנאשם לבין סוג ומידת העונש המוטל עליו (ס' 40ב לחוק העונשין).""",train
מהי הסיבה לכך שלא נמצא פוטנציאל שיקום מיוחד במקרה זה?,בנסיבות המקרה שלפניי לא מצאתי כי קיים פוטנציאל שיקום מיוחד המצדיק חריגה ממתחם הענישה לקולא.,train
מדוע יש להגן על הציבור מפני הנאשם ועברייני אלימות?,"על כן, מצאתי להביא בכלל חשבון את הצורך להגן על הציבור מפני הנאשם ועברייני אלימות כמותו, שכן בהעדר יכולת להבין את המניעים לביצוען יש חשש שיחזר ויבצע את אותן העבירות.",train
כיצד ישקף הגמול הנדרש לנאשם את סלידת החברה ממעשיו?,לא התעלמתי מהגמול הנדרש לנאשם שישקף את הסלידה שחשה החברה נוכח מעשיו ואת הוקעתם הנדרשת והצורך בהרתעתו והרתעת עבריינים כמותו.,train
מהו השיקול המרכזי שיש להביא בחשבון בנוגע להעברות הכספים לחשבונות הנאשם?,"יש להביא בחשבון את סכומי הכסף הגבוהים מאד שהועברו ופרק הזמן הממושך שבמהלכו הועברו הכספים לחשבונותיו של הנאשם, ומהם נמשכו על ידו לטובת צרכיו של מנשה.",train
מהו השיקול המקל בקביעת מתחם הענישה בהקשר לעונש המקסימלי שנקבע לעבירה?,"שיקול נוסף לקולא בקביעת המתחם טמון בכך שהעונש המקסימאלי שנקבע לצדה של העבירה לפי סעיף 7(א) לחוק הינו שלוש שנות מאסר, כאשר מדובר בעבירה מסוג עוון בלבד, וזאת בניגוד לעבירות של החזקת סמים שלא לצריכה עצמית או סחר בסמים מסוכנים, אשר העונש המרבי הקבוע בצדן הוא עשרים שנות מאסר, וכאשר כתב האישום מוגש לבית-משפט השלום, עד שבע שנות מאסר.",train
מהו תפקיד הענישה המרתיעה במקרה זה?,"כך, יוכל הנאשם לתרום לחברה שנפגעה ממעשיו, תרומה צנועה ולא מספקת, בליווי ענישה מרתיעה צופה פני עתיד בדמות מאסרים מותנים והתחייבות, שתרחף כחרב מתהפכת מעל ראשו של הנאשם, לבל ישוב ויבצע עבירות נוספות בעתות כהות חושים או דחק עתידיות.",train
מה המליץ שירות המבחן לגבי הענישה המתאימה לנאשם בהתחשב במצבו הכלכלי והישגיו בתחום הסמים?,"המליץ שירות המבחן להטיל על הנאשם צו מבחן למשך שנתיים לצד ענישה מותנית בדמות מאסר על תנאי והתחייבות כספית, ולהימנע ממאסר בפועל, אף לא בעבודות שירות, על מנת לשמר את הישגיו בתחום הסמים ונוכח מצבו הכלכלי.",train
מהו האלמנט המחמיר בעבירת האיומים כלפי בת זוג וכיצד הוא משפיע על הענישה?,"אמנם מטיבה עבירת האיומים אינה פוגעת פיזית בקורבנה, אך עבירת האיום כלפי בת זוג טומנת בחובה אלמנט מחמיר של אימה והשפלה שדורש ענישה מרתיעה.",train
כיצד משפיע התהליך החיובי שעובר הנאשם על ההחלטה לסטות לקולא מרמת הענישה המקובלת?,"בנסיבות אלה, ונוכח התהליך החיובי שעובר הנאשם לשינוי דרך חייו, התרחקות מחברה שולית והשתלבות מוצלחת בצבא, סבורני כי השיקול השיקומי מצדיק סטייה לקולא מרמת הענישה המקובלת.",train
כיצד העבירות שביצע הנאשם פוגעות בזכויות יסוד של הקורבנות?,העבירות שבוצעו מהוות פגיעה חמורה בזכויות יסוד של הקורבנות ומשקפות סכנה מתמשכת למען שלום הציבור ולסדר הציבורי.,train
מהו העיקרון המנחה בתיקון מס' 113 לחוק העונשין בנוגע לענישה?,"בדרך זו חידד תיקון מס' 113 לחוק העונשין את הצורך בהמשך נקיטת שיטת ענישה אינדיווידואלית, הבוחנת נסיבותיו של כל מקרה ואדם המובא לדין (ע\פ 433/89 אטיאס נ' מדינת ישראל, פ\""ד מג(4) 170; ע\""פ 5106/99 אבו ניג'מה נ' מדינת ישראל,פ\""ד נד(1) 350; רע\""פ 3173/09 פראגין נ' מדינת ישראל (ניתן ביום 5.5.2009)).""",train
כיצד יקבע מתחם עונש הולם לאירוע כולו?,"מכאן, אקבע מתחם עונש הולם לאירוע כולו, בנסיבות ביצועו, ואגזור עונש כולל לכל העבירות בשל אותו אירוע.",train
מהו השילוב שיכול להצביע על 'סיכוי של ממש לשיקום' לפי סעיף 40ד(א)?,"שילוב בין שינוי מהותי בהתייחסות הרגשית לאירוע העבירה המתבטא בנטילת אחריות, כפרה והבעת אמפתיה לנפגעי העבירה לבין אינדיקציות אובייקטיביות לקיומו של תהליך שיקומי-טיפולי מוצלח וחזרה לדרך הישר, עשוי להצביע על 'סיכוי של ממש לשיקום' כלשונו של סעיף 40ד(א).",train
מדוע יש צורך בענישה מרתיעה במקרה זה?,"בנסיבות אלה, יש צורך בענישה מרתיעה ומציבת גבולות לבל ישוב לבצע עבירות דומות בעתיד.",train
מהו השיקול המשפטי שהצדיק את הרשעת הנאשם וענישתו במקרה זה?,"בנסיבות אלה, יש מקום להרשעת הנאשם וענישתו בהתאם על מנת לחדד עבורו את הפסול שבמעשיו.",train
מדוע העבירות שביצע הנאשם נחשבות לחמורות יותר כאשר הן נעשות בתוך המשפחה ובקרב קטינות?,כאשר הן נעשות בתוך המשפחה – הן חמורות כפליים; וכאשר הן נעשות בקטינות רכות בשנים – חמורות הן שבעתיים.,train
אילו נסיבות יש לקחת בחשבון כאשר בוחנים את חלקו של הנאשם בביצוע העבירות?,"במסגרת בחינת הנסיבות הקשורות בביצוע העבירות (סעיף 40ט לחוק העונשין), מצאתי ליתן את הדעת, בין היתר, לכך שחלקו של הנאשם במהלך הדברים היה מרכזי ופגיעתו במתלוננים ובציבור הנה גבוהה ומשמעותית.",train
מדוע יש להחמיר בעונש על עבירות נגד בעלי תפקיד ציבורי?,"יש לשוות חומרה יתרה לעבירות המבוצעות נגד בעלי תפקיד ציבורי, כגון כוחות הביטחון, שוטרים וחבלנים, הפועלים לעתים מזומנות תוך חירוף נפש לשמירה על השקט והביטחון לאזרחי המדינה.",train
מהו הקושי בגזירת עונש אחיד בעבירות דומות למקרה הנדון?,"בחינת מדיניות הענישה במקרים הקרובים ככל הניתן למקרה דנא מצביעה על מגוון עונשים, היות והענישה נקבעה בתלוי בנסיבות המקרה, בהתאם לעבירות הנוספות שהצטרפו ומכאן הקושי לגזור גזירה שווה בינם לבין עניינו.",train
מהו השיקול שלא מצא בית המשפט מצדיק חציית רף מתחמי הענישה לחומרה?,"מנגד, לא מצאתי כי החשש שהנאשם יחזור ויבצע עבירות דומות מצדיק חציית רף מתחמי הענישה לחומרה משיקולי הגנה על שלום הציבור.",train
אילו שיקולים יש להביא בחשבון בקביעת העונש?,"בעניין זה, יש להביא בכלל חשבון את שיקולי הרתעת היחיד והרבים.",train
מהו הפוטנציאל של מעשיו של הנאשם להסלמה לאירוע אלים יותר?,למעשיו של הנאשם פוטנציאל להסלמה לאירוע אלים אף יותר.,train
אילו שיקולים יש להביא בחשבון בעת קביעת הענישה בעבירות שביצע הנאשם?,"לצורך כך אביא בחשבון את הערכים החברתיים שנפגעו מביצוע העבירות ומידת הפגיעה בהם; נסיבות הקשורות בביצוע העבירות, מידת אשמו של הנאשם ומדיניות הענישה הנוהגת.",train
כיצד השפיעה הכחשת הנאשם על נכונותו להליך שיקומי?,"הנאשם הוסיף להתכחש לביצוע העבירה אף לאחר שהורשע, לא לקח אחריות ולא הביע חרטה כך שאינו מראה סימני בשלות להליך שיקומי כלשהוא.",train
כיצד תמריץ הקלה בעונש את הנאשם להמשיך בדרך השיקום?,הקלה בעונש במקרה דנן תהווה תמריץ חיובי לנאשם להתמיד בדרך הנכונה שבה החל לפסוע לשם קידום שיקומו ובניית תשתית מתאימה שתאפשר לו להשתלב בחברה ולצאת מהמעגל השוטה של שימוש בסמים ועבירות רכוש לשם מימונם.,train
מדוע בחינת שיקולים לקולא עבור הנאשם הייתה מוגבלת?,בחינת שיקולים לקולא הינה מוגבלת כי לא מצאתי שיקולים רבים להניח על כף הזכות לטובת הנאשם.,train
מהו השיקול המרכזי בענישה בעבירות אלימות לפי ההרשעה של הנאשם?,"בשיקולים לחומרה עומדת המדיניות המשפטית באשר לענישה בעבירות בהן הורשע הנאשם, ויש צורך להילחם בנגע האלימות שפשה בחברה הישראלית ולעקור אותו מן השורש באמצעות ענישה הולמת ומרתיעה.",train
כיצד השפיעה התנהלות הנאשם במהלך ההליך המשפטי על ההחלטה בעניינו?,"אף התנהלותו של הנאשם במהלך ההליך המשפטי, אשר התאפיינה בהפרעות בלתי פוסקות ואמירות לא ראויות כנגד המשטרה והתביעה, הצביעה כי הנאשם לא הפנים את חומרת מעשיו ולא נתן דעתו למשמעות ההליך המשפטי בעניינו.",train
האם קיימים שיקולי שיקום או הגנה על שלום הציבור המאפשרים חריגה ממתחם העונש ההולם?,לא נטען כי מתקיימים שיקולי שיקום לחריגה ממתחם העונש ההולם לקולא ואיני מוצא כי בנסיבות העבירות שביצע הנאשם מתקיימים שיקולים של הגנה על שלום הציבור לחריגה לחומרה ממתחם העונש ההולם.,train
כיצד נקבעים מתחמי הענישה ההולמים לכל אחד מהאירועים?,"מתחמי הענישה ההולמים, לכל אחד מהאירועים, יקבעו בהתאם לעקרון ההלימה כהגדרתו בסעיף 40ג(א) לחוק העונשין.",train
מהו הצורך בהמשך נקיטת שיטת ענישה אינדיווידואלית לאחר תיקון מס' 113 לחוק העונשין?,"בדרך זו חידד תיקון מס' 113 לחוק העונשין את הצורך בהמשך נקיטת שיטת ענישה אינדיווידואלית, הבוחנת נסיבותיו של כל מקרה ואדם המובא לדין [ע\פ 433/89 אטיאס נ' מדינת ישראל, פ\""ד מג(4) 170; ע\""פ 5106/99 אבו ניג'מה נ' מדינת ישראל, פ\""ד נד(1) 350; רע\""פ 3173/09 פראגין נ' מדינת ישראל (ניתן ביום 5.5.2009)].""",train
מהו השיקול שעל בית המשפט לבחון כדי לחרוג ממתחם הענישה?,"כאמור, על בית המשפט לבחון האם ראוי לחרוג מן המתחם בשל שיקולי שיקום המהווים שיקול לקולא (סעיף 40ד לחוק העונשין); או מאידך, לחרוג מן המתחם בשל הצורך להגנה על שלום הציבור, המהווה שיקול לחומרה (סעיף 40ה לחוק העונשין).",train
כיצד משפיעים מעשי הנאשם על החברה בכללותה מעבר לפגיעה בבעל הנכס?,"מעשים כמו אלה שביצע הנאשם אינם פוגעים רק בבעל הנכס, אלא בחברה בכללותה, בדרך של העלויות הגבוהות הקשורות לנזקי ההתפרצויות, הן ביחס לעלויות ביטוח הנכס והן ביחס לעלויות הנדרשות לרשויות האכיפה.",train
אילו ערכים חברתיים נפגעים בביצוע עבירת איומים?,"בביצוע עבירת איומים נפגעים ערכים חברתיים של שלוות נפשו של הקרבן, חופש הפעולה והבחירה שלו, וזאת במטרה לקדם תוצאה מסוימת העדיפה על המאיים.",train
מהי המסקנה לגבי מסוכנות הנאשם בעקבות חומרת האיום ונסיבות ביצועו?,"חומרת האיום ונסיבות ביצועו באמצעות סכין שלהבה , בשילוב עברו של הנאשם מציירים תמונת מסוכנות ומביאים למסקנה ברורה כי לא די בתמרורי האזהרה - בדמות מאסרים מותנים וענישה כלכלית.",train
מהי הסיבה להטלת עונש מאסר בפועל על מי שעובר עבירת החזקת נשק לראשונה?,הסכנה הטמונה בעבירה החמורה של החזקת נשק מצדיקה הטלת עונש מאסר לריצוי בפועל גם על מי שזו עבירתו הראשונה.,train
מדוע לא הונחה תשתית עובדתית המצביעה על רמת סיכון גבוהה מצד הנאשם?,"מנגד, לא הונחה בפניי תשתית עובדתית ממנה ניתן להסיק על רמת סיכון גבוהה או חשש ממשי שהנאשם יחזור ויבצע עבירות דומות ועל כן אינני מוצא מקום לחצות את רף מתחם הענישה לחומרה, משיקולי הגנה על שלום הציבור.",train
מהו העיקרון המשפטי המנחה את בית המשפט בקביעת טווח הענישה בהסדר טיעון?,"הגם שבית המשפט מתחשב בהסכמות הצדדים, יש לציין את שנקבע בבית המשפט העליון בע\פ 2588/15 רפאל ארונוב נ' מדינת ישראל [פורסם בנבו] (ניתן ביום 8.6.2015), כך: \""כידוע, טווח הענישה ההולם נקבע על ידי בית המשפט ועל ידו בלבד.""",train
מהי החשיבות של הרתעת הציבור במניעת עבירות מסוג זה?,למניעת עבירות אלה קיימת חשיבות רבה להרתעת הרבים על מנת שיצא מסר חד וצלול מבית המשפט כי ביצוע עבירות מסוג דא תיענה בענישה מוחשית.,train
מה העריך שירות המבחן לגבי הנאשם לאחר הפסקת השימוש בסמים?,"אמנם הנאשם הפסיק לצרוך סמים מסוכנים ובדיקות השתן שנערכו לו (הן במסגרת שירות המבחן והן לדרישת הממונה על עבודות שירות) נמצאו ללא שרידי סם, אך שירות המבחן העריך כי הנאשם אינו בשל להליך טיפולי (ר' סעיף 40ד(ב) לחוק העונשין).",train
מהו השיקול שצריך להינתן לנאשם כדי להמחיש את חומרת מעשיו?,"סבורני שבמקרה זה יש לתת משקל ניכר לשיקולי ההרתעה של הרבים ובעיקר לנאשם, על מנת להמחיש בעבורו את חומרת מעשיו לבל ישוב לבצע עבירות דומות בעתיד.",train
מהו עקרון ההלימה שנקבע בתיקון 113 לחוק העונשין וכיצד הוא משפיע על הענישה?,"תיקון 113 לחוק העונשין שעניינו \הבניית שיקול הדעת השיפוטי בענישה\"" התווה את עקרון ההלימה כעיקרון מנחה בענישה לפיו נדרש יחס הולם בין חומרת מעשה העבירה בנסיבותיו ומידת אשמתו של הנאשם לבין סוג ומידת העונש המוטל עליו (ס' 40ב לחוק העונשין).""",train
מהן השיקולים שיש להביא בחשבון ביישום עקרון ההלימה בענישה?,"על מנת ליישמו אביא בחשבון את הערכים החברתיים שנפגעו ומידת הפגיעה בהם; נסיבות הקשורות בביצוע העבירה, מידת אשמו של הנאשם ובמדיניות הענישה הנהוגה.",train
מדוע נועדה הטלת ההתחייבות להיאבק במועדות הנאשמת לעבירות בעלות גרעין זהה?,"הטלת ההתחייבות נועדה להיאבק במועדות הנאשמת שלפניי לאותו סוג של עבירות, ועל כן עבירות בעלות גרעין זהה של רכיב התנהגותי ייחשבו ככאלה שיש להפעיל בגינן את ההתחייבות.",train
כיצד השפיעה הרשעת הנאשם בהפרעה לשוטר על הערכים החברתיים המוגנים?,"הורשע הנאשם בהפרעה לשוטר בעת מילוי תפקידו ובכך פגע בערכים חברתיים מוגנים של שלטון החוק, כיבוד אנשי חוק, שמירה על שלמות גופם וכבודם של אנשי חוק ושמירה על הסדר הציבורי.",train
מהי ההשפעה של דפוס פעולה זהה על מתחם הענישה שנקבע?,"הואיל ומדובר בשלושה אירועים של מעשים דומים שבוצעו על רקע זהה ודפוס פעולה זהה, הרי שלמעשה מתחם הענישה שיקבע יהא זהה לכל אחד מהאירועים.",train
מהי הסיבה להטיל על הנאשמת ענישה חמורה יותר במקרה זה?,סבורני כי מן הראוי להטיל על הנאשמת ענישה שתכלול מאסר ממושך בכליאה נוכח חומרת מעשיה בנסיבות המתוארות ועל כך שהיא זו שהנהיגה את התרחשות האלימה והמתוכננת כנגד המתלונן.,train
כיצד השפיעה הודאת הנאשם על תהליך המשפט?,עוד הבאתי בכלל חשבון כי הנאשם לקח אחריות על מעשיו והודה במיוחס לו מבלי שבית המשפט נזקק לשמוע ראיות.,train
מדוע נחשבת מידת הפגיעה בערכים החברתיים במקרה זה רבה?,"מידת הפגיעה בערכים אלו במקרה שלפניי הינה רבה, שכן הנאשם היווה סיכון לציבור, בכך שהתהלך בין מוקדי תגרות, כשהוא מניף בקבוק זכוכית באוויר, ולאחר שעוכב ונעצר הפגין אלימות כלפי השוטרים.",train
כיצד השפיע השימוש בכלי נשק קר מאולתר על הערך החברתי המוגן?,"במקרה דנא הנאשם עשה שימוש בכלי נשק קר מאולתר (קסדה) ובדרך זו פגע בערך חברתי רם מעלה של זכות האדם להגנה על שלומו ועל שלמות גופו, וזכותו לתחושת בטחון בכל מקום בו הוא נמצא.",train
מהו השיקול השיקומי שיכול להצדיק חריגה לקולא ממתחם העונש?,"סבורני אם כן כי יש בשיקול השיקומי כדי להצדיק במקרה זה חריגה לקולא ממתחם העונש ההולם, מכוח סעיף 40ד(א) לחוק העונשין.",train
כיצד יש להתחשב בנסיבות האישיות של הנאשם בעת גזירת העונש?,"בגזירת העונש המתאים לנאשם, בהתאם להוראות סעיף 40יא לחוק העונשין, יש מקום להתחשב בנסיבותיו האישיות של הנאשם, אשר אינן קשורות בביצוע העבירות.",train
כיצד השפיעו תסקירי שירות המבחן על ההחלטה האם לחרוג ממתחם הענישה?,"אמנם, מתסקירי שירות המבחן עולה כי הנאשמים השתלבו במסגרות שיקומיות ושיתפו פעולה, אך לא שוכנעתי כי כברת הדרך שעשו הנאשמים מצדיקה חריגה ממתחם הענישה.",train
כיצד ימצא ביטוי הגמול בהשתת עונש מאסר?,גמול ההולם את מכלול נסיבות המעשים והעושה ימצא ביטויו בהשתת עונש מאסר שירוצה בעבודות שירות ועונש מותנה מרתיע.,train
מהו המסר שיש להעביר בנוגע לעבירות סמים באמצעות הענישה?,"ההלכה הפסוקה עמדה על ההכרח להיאבק בנגע הסמים ועל הצורך להעביר מסר מרתיע מפני ביצוע עבירות אלה, בין היתר על-ידי הטלת עונשים מחמירים על מי שנותן ידו להפיכת הסמים לזמינים ונגישים.",train
מהן הערכים המוגנים שנפגעו במעשיהם של הנאשמים?,"הנאשמים במעשיהם פגעו בערכים המוגנים של תחושת הביטחון, שלמות הגוף והאוטונומיה שיש לאדם על גופו, הגנה על הרכוש והכבוד של כל פרט בציבור מפני תופעת האלימות, הן ביחס לגופו והן ביחס לרכושו, לרבות זו הכרוכה בשימוש בנשק חם או קר.",train
מדוע עבירת הגניבה ממעביד נחשבת לפוגעת במרקם יחסי העבודה?,"מעבר לנזק הכלכלי הניצב בבסיס כל עבירת גניבה, עבירת הגניבה ממעביד מתבצעת תוך ניצול האמון שנתן המעביד בעובדו ומסיבה נזק כבד בכלל ופוגעת במרקם העדין של יחסים הכרחיים אלו.",train
כיצד נקבע מתחם העונש ההולם במקרה של הנאשם?,"מתחם העונש ההולם למעשה העבירה שביצע הנאשם, נקבע על בסיס שיקולים נורמטיביים ואובייקטיבים, בהתחשב בערך החברתי שנפגע מביצוע העבירה, במידת הפגיעה בערך זה, במדיניות הענישה הנהוגה ובנסיבות הקשורות בביצוע העבירה כמפורט בסעיף 40ט לחוק העונשין (סעיף 40ג לחוק העונשין).",train
כיצד פוגע הנאשם במלחמה נגד תופעת הסכינאות בעצם החזקת הסכין?,"הגם שלא נעשה שימוש פוגעני בסכין, בעצם החזקתו פגע הנאשם פגיעה קשה במלחמת החורמה שמנהלת החברה בעזרת רשויות האכיפה נגד תופעת תת תרבות הסכינאות ותוצאותיה המסכנות את שלום הציבור.",train
אילו שיקולים ינחו בקביעת העונש המתאים לנאשם?,"מכלול השיקולים, לרבות שיקולי הרתעת הנאשם ואחרים כמותו מפני ביצוע עבירות נוספות (סע' 40ו ו-40ז לחוק העונשין), ינחוני בקביעת העונש המתאים בגדר מתחם הענישה.",train
מה היה קורה אילו הצדדים לא היו מציגים הסדר מוסכם בענישה?,"רגיל, לולא הציגו הצדדים הסדר מוסכם באשר לטווח ענישה, סבורני כי היה מקום להטיל על הנאשם ענישה המצויה ברף התיכון של מתחם הענישה ההולם.",train
מהי הגישה שעל בית המשפט לנקוט בעבירות סמים כדי להרתיע עבריינים?,"כאשר בעבירות סמים עסקינן, על בית המשפט לנקוט ביד קשה כדי להרתיע עבריינים פוטנציאליים מפני ביצוען.",train
כיצד נקבע מתחם העונש ההולם לפי עיקרון ההלימה בחוק העונשין?,מתחם העונש ההולם יקבע בהתאם לעיקרון ההלימה כפי שהוגדר בסעיף 40ג(א) לחוק העונשין.,train
מהו המשקל שיש לתת לאינטרס הציבורי בעבירות סמים?,בעבירות סמים יש לתת משקל בכורה לאינטרס הציבורי.,train
מהו מתחם העונש ההולם שנקבע לעבירות שביצע הנאשם בנסיבות המקרה?,"מכל המקובץ, סבורני כי מתחם העונש ההולם לעבירות שבוצעו על ידי הנאשם, בנסיבות המפורטות, נע בין מאסר מותנה לבין 12 חודשי מאסר בפועל, לצד ענישה מרתיעה וענישה כלכלית.",train
כיצד השפיעה צריכת האלכוהול על מודעות הנאשם למעשיו?,"כאמור, התנהגות הנאשם ארעה על רקע צריכת אלכוהול, אך הוא היה מודע למעשיו, לפסול שבהתנהגותו, והוא לא היה קרוב לסייג לאחריות פלילית.",train
מה על בית המשפט לשקול כאשר הוא בוחן חריגה ממתחם הענישה?,"משנקבע מתחם הענישה, על בית המשפט לבחון האם ראוי לחרוג ממנו לקולא בשל שיקולי שיקום (סעיף 40ד לחוק העונשין); או לחומרה בשל הצורך להגנה על שלום הציבור (סעיף 40ה לחוק העונשין).",train
מהו הקריטריון לקביעת העונש המתאים לנאשם במקרה זה?,"לפיכך, העונש המתאים לנאשם, תוך בחינת נסיבותיו ושיקולי ההרתעה יקבע בד' אמות מתחמי הענישה שקבעתי לעיל.",train
מהו הסיכון בקביעת מספר מתחמי עונש שלא לצורך?,"קביעת מספר מתחמי עונש שלא לצורך עלולה במקרים מסוימים להביא להעלאת רף הענישה באופן שאינו ראוי, על-ידי פריטה לפרוטות של הרכיבים העונשיים בעניינו של הנאשם ויצירת תחושה לא נוחה של 'התחשבנות' עמו, העצמה של חומרת מעשיו מעבר למתחייב וחריצת דינו בדרך מלאכותית.",train
מהי המסקנה לגבי הנסיבות הקשורות בביצוע העבירות לפי סעיף 40ט לחוק העונשין?,"בחינת הנסיבות הקשורות בביצוע העבירות, בהתאם לסעיף 40ט לחוק העונשין, מעלה כי מדובר באירוע אלים ומכוון של תקיפה וחבלה, תוך שימוש בנשק חם, אשר תוכנן בקפידה על ידי הנאשם.",train
כיצד משפיעה מדיניות הענישה על העונש בעבירת ההצתה?,"מדיניות הענישה הנהוגה בעבירה שבוצעה מתחשבת בנסיבות ביצוע ההצתה, ובפרט בשאלת קיומו של חשש להתפשטות האש ופוטנציאל הפגיעה בגוף ובנפש.",train
כיצד יקבע מתחם הענישה למעשי העבירות שביצע הנאשם?,"תחילה, אקבע את מתחמי הענישה למעשי העבירות שביצע הנאשם, על בסיס שיקולים נורמטיביים ואובייקטיבים, בהתחשב בערכים החברתיים שנפגעו, מידת הפגיעה בהם, במדיניות הענישה ובנסיבות הקשורות בביצוע העבירות.",train
מהו הפוטנציאל המגביר את חומרת העבירה בהתפרצות למקום מגורים בשעות הלילה?,"אין ספק, כי הפוטנציאל הטמון בהתפרצות למקום מגורים בשעות הלילה, גבוה ולכן הדבר מגביר את חומרת מעשה העבירה ואשמו של הנאשם.",train
מדוע נחשבות עבירות המין במשפחה לחמורות במיוחד מבחינת הענישה?,"עבירות המין במשפחה הן חמורות במיוחד עקב ניצול האמון, פערי הכוחות והקרבה הפיזית והנפשית בין הפוגע לנפגע, והענישה מחייבת להיות משמעותית ובהתאם להערכת הנזק וביטוי לסלידת החברה.",train
מדוע הסדרים מקלים עשויים להיראות לבית המשפט כבלתי מאוזנים?,"הסדרים מקלים לכאורה עלולים להיראות לבית המשפט כבלתי מאוזנים, והתוצאה עלולה להיות דחיית ההסדר דווקא במקרים שבהם ההסדר הוא ראוי ביותר.",train
מהו ההסבר לכך שנסיבות מסוימות לא פוטרות את הנאשם מעונש משמעותי?,"עם זאת, אין בנסיבות העומדות לזכות הנאשם כדי לחלצו מענישה משמעותית במסגרת מתחם הענישה ההולם.",train
מה על בית המשפט לבחון בהינתן מתחם הענישה ההולם?,"בהינתן מתחם הענישה ההולם, על בית המשפט לבחון האם ראוי לחרוג ממנו לקולה בשל שיקולי שיקום (סעיף 40ד לחוק העונשין) או לחומרה בשל הצורך להגנה על שלום הציבור (סעיף 40ה לחוק העונשין).",train
מהי ההמלצה של שירות המבחן בנוגע לעונש המוטל על הנאשם?,"לאור המלצת שירות המבחן אשר לה משקל רב, אמנע מהטלת עונש מאסר אף בעבודות שירות, תחת הפעלת מנגנון עונשי גומל ומרתיע.",train
מהו הפוטנציאל לסיכון בטחוני הנובע מביצוע העבירות?,אין להכביר מילים באשר לנזק שעלול היה להיגרם לציבור בכללותו מביצוע העבירות שכן יש בה פוטנציאל לסיכון בטחוני.,train
אילו שיקולים הובאו לזכות הנאשם בעת קביעת העונש?,"לזכות הנאשם הבאתי בכלל חשבון את הודאתו במיוחס לו בכתב האישום שתוקן לקולא, הבעת החרטה, לקיחת האחריות, גילו הצעיר, העדר עבר פלילי ושיתוף הפעולה מצדו עם הגורמים הטיפוליים והשיקומיים.",train
מהן הסיבות שהובילו להחלטה על ענישה מוחשית של מאסר בפועל במקרה זה?,"מכל המקובץ, נוכח מדיניות הענישה המתחייבת בעבירות נשוא כתב האישום, נסיבות האירוע החוזר על עצמו ומשמאסר מותנה לא הרתיע את הנאשם, סבורני כי בנסיבות אלה יש הצדקה לנקוט בענישה מוחשית בדרך של מאסר בפועל, על אף שהנאשם נמצא מתאים לבצע עבודות שירות, וזאת כדי לגמול לו על מעשיו האלימים, להמחיש עבור הנאשם את החומרה שבמעשיו החוזרים ונשנים ולהרתיעו מלשוב עליהם פעם נוספת בעתיד.",train
מהו האינטרס הציבורי בהחמרה בענישה בעבירות כלכליות ובעבירות מס?,בעבירות כלכליות ובעבירות מס - בוודאי בהצטרף אליהן עבירות התרמית והזיוף בהן הורשע רש - גובר משקלו של האינטרס הציבורי בהחמרה בענישה.,train
מהו תפקיד האינטרס הציבורי במערכת השיקולים בהסדר הטיעון?,אינטרס זה של הציבור חייב לבוא לידי ביטוי במערכת השיקולים בהסדר הטיעון.,train
מהי הפגיעה שיכולה להיגרם לקרבנות בעקבות גניבת מכשיר הטלפון?,באשר לנזק שנגרם מעבירת הגניבה יש לתן הדעת לפגיעה ברכוש הקרבנות ולבהלה שלבטח אחזה בהם עת גילו כי מכשיר הטלפון החכם שלהם נגנב מתוך תיקם.,train
מהו עקרון ההלימה בענישה שנקבע בתיקון 113 לחוק העונשין?,"תיקון 113 לחוק העונשין שעניינו \הבניית שיקול הדעת השיפוטי בענישה\"" התווה את עקרון ההלימה כעיקרון מנחה בענישה לפיו נדרש יחס הולם בין חומרת מעשה העבירה בנסיבותיו ומידת אשמתו של הנאשם לבין סוג ומידת העונש המוטל עליו (ס' 40ב לחוק העונשין).""",train
מהי החומרה הרבה שנודעת לעבירת הסחיטה באיומים לפי פסיקת בית המשפט?,"נקודת המוצא לדיוננו היא פסיקתו של בית משפט זה, אשר הדגישה את החומרה הרבה שנודעת לעבירת הסחיטה באיומים, אשר פוגעת, פגיעה קשה, ביסודות הסדר החברתי; בשלום הציבור; ובמהלך חייהם ובחירותם האישית והכלכלית של הנסחטים.",train
מהו תפקיד הענישה המחמירה במאבק בתופעות פסולות בתחום הנהיגה?,"על בתי המשפט לעקור תופעות פסולות אלה מן השורש, בין היתר, באמצעות ענישה מחמירה ומרתיעה.",train
מהו האיזון שנעשה בין השיקולים לחומרה לבין השיקולים לקולא במקרה של הנאשם?,"כנגד השיקולים לחומרה, עומדים לנאשם גם שיקולים לקולא, אך לא מצאתי רבים כאלה להניח על כף הזכות לנאשם כנגד חומרת העבירה שביצע בנסיבות המפורטות.",train
מהו הפוטנציאל לנזק קשה יותר במעשיו של הנאשם כלפי המתלוננת?,"לטעמי, במעשיו של הנאשם היה פוטנציאל לגרימת נזק קשה אף יותר מזה שארע למתלוננת, למצער בכל הנוגע לפגיעות הפיזיות בגופה.",train
כיצד השפיעה חוסר היכולת של הנאשם לקבל אחריות על מעשיו על גזר הדין?,"גנות הנאשם הבאתי בחשבון כי גם לאחר שבית המשפט הרשיעו בעבירות המיוחסות לו, מלבד זיכויו בעבירה של היזק לרכוש במזיד, הוא התקשה לקבל אחריות על מעשיו, לא הביע חרטה והתרשמתי כי לא הפנים את הפסול והחומרה שבמעשיו.",train
כיצד ניתן להבין את תכליתו ומהותו של חוק המאבק בתופעת השימוש בחומרים מסכנים?,"על תכליתו ומהותו של החוק ניתן ללמוד מדבריו של כב' השופט נ' הנדל בע\פ 7962/15 יוסף אשורוב נ' מדינת ישראל (ניתן ביום 25.9.2016): \""עסקינן בחקיקה חדשה – חוק המאבק בתופעת השימוש בחומרים מסכנים, התשע\""ג-2013 – ועל כן ראוי להתייחס לתכליתו ומהותו של החוק.""",train
מהי הסיבה לכך שלא הוחלט לחרוג ממתחם הענישה לקולא במקרה של הנאשם?,"בנסיבותיו של הנאשם שלפניי, עליהן אעמוד בהמשך, לא מצאתי לנכון לחרוג ממתחם הענישה ההולם לקולא, היות ולא נטען כי הנאשם השתקם או כי יש סיכוי של ממש שישתקם.",train
מהו תפקידם של האינטרסים השונים בגזירת הדין?,"בגזירת הדין יש לתן ביטוי לאינטרסים השונים, אשר לעתים משלימים ולעתים עומדים בסתירה האחד לשני.",train
מהן המטרות העיקריות של הענישה בעבירות סמים?,"הענישה בעבירות מסוג זה נועדה, קודם לכל, לשרת את מטרת הגמול לעבריין על עיסוק בסם העלול לסכן חיי אדם ולפגוע בבריאות המשתמשים בו; שנית, על העונש להעביר מסר חד-משמעי של הרתעה ביחס לעבריינים פוטנציאליים [...] מזה זמן רב, מדגישים בתי המשפט בפסיקתם את חשיבות הערך הענישתי בעבירות סמים כאחד הכלים החשובים בפעילות לביעורו של נגע הסמים.",train
אילו שיקולים ינחו את בית המשפט בקביעת העונש המתאים לנאשם?,"בסופו של יום, סבורני כי השיקולים השונים, ינחוני בקביעת העונש המתאים בתוך גדרי מתחם הענישה ההולם לצד שיקולי הרתעת הנאשם מפני ביצוע עבירות נוספות (ר' סעיף 40ו לחוק העונשין).",train
כיצד שירות המבחן ראה את השפעת הקבוצה הטיפולית על הנאשם?,"שירות המבחן סבר כי הנאשם עשוי להיתרם מהמשך השתלבותו בקבוצה הטיפולית במסגרת השירות, שתסייע לו בהעמקת השינוי שהחל ורכישת דפוסי התנהגות וחשיבה מקדמים להתמודדות במישורי חייו.",train
כיצד נלקח בחשבון חלקן היחסי של הנאשמות בניהול בית הבושת?,"הבאתי בחשבון את חלקן היחסי של הנאשמות בניהול בית הבושת וכן את חלקו העיקרי של האחר בביצוע העבירות והשפעתו על הנאשמות, כך שחלקן שלהן היה משני ביחס אליו.",train
כיצד השפיעה הודאת הנאשם על שיקול הדעת של בית המשפט?,"מנגד מצאתי להביא בחשבון כי הנאשם הודה בהזדמנות הראשונה, לקח אחריות, הביע צער על מעשיו וחסך את הצורך בשמיעת ראיות במסגרת ההליך המשפטי.",train
מהי יכולתה של הנאשמת להבין את מעשיה לאחר פסק הדין שניתן בעניינה?,"לא נגרעה יכולתה של הנאשמת להבין את מעשיה ואת הפסול הברור שבהם ובכל עת ובעיקר לאחר שניתן פסק דין בעניינה ביום 27.7.2014, היא יכלה להימנע ממעשיה מבלי שעשתה זאת.",train
מדוע יש צורך בהרתעתו הקונקרטית של הנאשם מלבצע עבירות אלימות נוספות?,"יש צורך בהרתעתו הקונקרטית של הנאשם מלשוב ולבצע עבירות אלימות, לרבות איומים.",train
מהו הערך החברתי המוגן שנפגע בעבירות תקיפת עובד ציבור?,"הערכים החברתיים המוגנים שנפגעו מביצוע העבירות של תקיפת עובד ציבור והתנהגות פרועה במקום ציבורי, הינם שמירה על גופו ובטחונו של אדם, שמירה על ביטחונם וכבודם של עובדי ציבור ומניעת פגיעה בסדר החברתי ומרקם החיים הציבורי.",train
מהו עקרון ההלימה שנקבע בתיקון 113 לחוק העונשין?,"תיקון 113 לחוק העונשין שעניינו \הבניית שיקול הדעת השיפוטי בענישה\"" התווה את עקרון ההלימה כעיקרון מנחה בענישה לפיו נדרש יחס הולם בין חומרת מעשה העבירה בנסיבותיו ומידת אשמו של הנאשם לבין סוג ומידת העונש המוטל עליו (ס' 40ב לחוק העונשין).""",train
מהו השיקול המרכזי שהנחה את בית המשפט בקביעת העונש המתאים לנאשם?,"אי-לכך, מכלול השיקולים, לרבות שיקולי הרתעת הנאשם ואחרים כמותו ינחוני בקביעת העונש המתאים בגדר מתחם הענישה (סע' 40ו ו-40ז לחוק העונשין).",train
כיצד עקרון אחידות הענישה מתייחס להבדלים בין מקרים דומים?,"הודגש כי עקרון אחידות הענישה אינו מחייב את בית המשפט לגזור עונשים לפי שוויון אריתמטי, מקום שנסיבות ושיקולים נוספים מטים את הכף לעבר הבחנה בין עונשם של מקרים דומים זה לזה.",train
מהן השיקולים שיש להביא בחשבון ליישום מתחם העונש?,"על מנת ליישמו אביא בחשבון את הערכים החברתיים שנפגעו ומידת הפגיעה בהם; נסיבות הקשורות בביצוע העבירה, מידת אשמתן של הנאשמות ובמדיניות הענישה הנהוגה.",train
מהו השיקול שהוביל למסקנה כי אין לחצות רף מתחם הענישה לחומרה?,"מנגד, לא מצאתי כי הסיכוי שהנאשם יבצע עבירות דומות מצדיק חציית רף מתחם הענישה לחומרה משיקולי הגנה על שלום הציבור.",train
מדוע יש מקום להרתיע את הנאשמת מלבצע עבירות דומות בעתיד?,"בנסיבות אלה יש מקום לתן משקל ראוי להרתעת הנאשמת, כמו גם אחרים כמותה, מלשוב ולבצע עבירות דומות בעתיד.",train
מהו מתחם העונש ההולם לעבירות שביצעו הנאשמים לפי שיקולי בית המשפט?,"לכן, בהתחשב בערך החברתי שנפגע מביצוע העבירות, במידת הפגיעה בו, במדיניות הענישה הנהוגה, בנסיבות הקשורות בביצוע העבירות והיחס ההולם בין חומרת מעשה העבירות בנסיבותיהם ומידת אשמם של הנאשמים ובין סוג ומידת העונש שיש להטיל עליהם, סבורני כי מתחם העונש ההולם לעבירות שבוצעו על ידי הנאשמים נע בין 6 חודשי מאסר בפועל ועד 18 חודשי מאסר בפועל.",train
מדוע לא מצא בית המשפט עילה לחריגה לקולא ממתחם העונש ההולם?,"בענייננו, לא מצאתי עילה לחריגה לקולא ממתחם העונש ההולם, בשל שיקולי שיקום.",train
מהן שלוש הנקודות שעל בית המשפט להתחשב בהן בעת יישום מתחם העונש?,"על מנת ליישמו בית משפט יתחשב בשלושת אלה: ראשית, בערך החברתי שנפגע  מביצוע העבירה ובמידת הפגיעה בו; שנית, בנסיבות הקשורות בביצוע העבירה ומידת אשמו של הנאשם; שלישית, במדיניות הענישה הנהוגה (ע\פ 8641/12 סעד נ' מדינת ישראל [פורסם בנבו] (ניתן ביום 5.8.2013).""",train
כיצד משפיע חלוף הזמן מאז ביצוע העבירות על גזירת העונש?,"חלוף הזמן מאז ביצוע העבירות לא יכול להיחשב לטובת הנאשם, בעיקר כאשר לא ביצע תיקון תוצאות מעשיו והיא האחרון ביצע עבירות חוזרות.",train
כיצד פגע הנאשם בערכים המוגנים של שלטון החוק והסדר הציבורי?,"בדרך זו פגע הנאשם באופן משמעותי בערכים המוגנים של שלטון החוק, שמירה על הסדר הציבורי, כיבוד החוק ומערכת המשפט ובשמירה על שלומם כבודם וביטחונם של הממונים על אכיפת החוק.",train
מהן הנסיבות האישיות של הנאשם שנלקחו בחשבון בגזירת העונש?,"בגזירת העונש המתאים לנאשם, בהתאם להוראות סעיף 40יא לחוק העונשין, יובאו בכלל חשבון נסיבותיו האישיות של הנאשם, אשר אינן קשורות בביצוע העבירה.",train
מהו השיקול המרכזי שיש להביא בחשבון בגזירת העונש לנאשם לפי סעיף 40יא לחוק העונשין?,"בגזירת העונש המתאים לנאשם, בהתאם לסעיף 40יא לחוק העונשין, יובאו בכלל חשבון נסיבותיו האישיות, שאינן קשורות בביצוע העבירה.",train
מהו מתחם הענישה ההולם שנקבע לעבירות שביצע הנאשם?,"מכל המקובץ, בהתחשב בערך החברתי שנפגע מביצוע העבירות, במידת הפגיעה בו, במדיניות הענישה הנהוגה, בנסיבות הקשורות בביצוע העבירות והיחס ההולם בין חומרת מעשי העבירות בנסיבותיהם ומידת אשמו של הנאשם ובין סוג ומידת העונש שיש להטיל עליו, סבורני כי מתחם העונש ההולם לעבירות שבוצעו על ידי הנאשם נע בין 8 חודשי מאסר בפועל ועד 18 חודשי מאסר בפועל.",train
כיצד משפיע האינטרס הציבורי על הענישה במקרה זה?,"נתתי משקל לאינטרס הציבור המבקש לחזות בענישה מחמירה בנסיבות בהן הורשע הנאשם, שיהיה בה כדי להרתיע מביצוע מעשים דומים בעתיד.",train
מהו ההסבר לכך שהודאת הנאשם והבעת צערו לא שחררו אותו מהחמרת הענישה?,"בנסיבות שלפניי, אין בהודיה ובהבעת צער מצד הנאשם כדי לחלצו ממתיחת שורת הדין כלפיו.",train
כיצד נקבע מתחם העונש ההולם לפי עקרון ההלימות בחוק העונשין?,מתחם העונש ההולם יקבע בהתאם לעקרון ההלימות כפי שהוגדר בסעיף 40ג(א) לחוק העונשין.,train
מהו מבחן 'הקשר ההדוק' שנקבע בעניין ג'אבר בהקשר לעבירות רציפות?,"מכאן, על יסוד מבחן 'הקשר ההדוק' שנקבע בעניין ג'אבר, סבורני כי כאשר מדובר במספר עבירות שבוצעו באופן רציף, שלובות הן זו בזו ונגזרות אחת מהשנייה, כך שמדובר ברצף מקרים שיש ביניהם קשר ענייני הדוק והם חלק מתוכנית עבריינית אחת שבוצעה ממניע אחד.",train
מהו העונש המרבי שנקבע לאחר תיקון 137 לחוק העונשין עבור המתה בנסיבות של היעדר כוונה?,"רוצה לומר, שאם בעבר – עובר לתיקון 137 לחוק העונשין, העונש המרבי שנקבע להמתה בנסיבות של היעדר כוונה להשגת התוצאה, כפי ענייננו כעת, שנדונה לפי סעיף 298 דאז שהיא עבירת ההריגה, עמד על 20 שנות מאסר, קבע המחוקק שמקום בו גורם אדם למותו של אדם (וזאת בהעדר נסיבות מחמירות) וכאשר היסוד הנפשי של העושה לא התמצה בקלות דעת או ברשלנות, יוגדר מעשה ההמתה כרצח, והעונש המרבי יעמוד על מאסר עולם.",train
מדוע אין מקום למסרים סלחניים בעונש הנאשם במקרה זה?,אין סבור שיש מקום לשדר מסר סלחני של ענישה שאינה מאחורי סורג ובריח.,train
מהי הסיבה לכך שענישה בכליאה עשויה להחמיר את מצב הנאשמות?,"נוכחנם ולהתמודדותן עם קשיים רבים, נחה דעתי כי ענישה בכליאה עשויה להביא להידרדרות במצבן הנפשי, הכלכלי, האישי והמשפחתי ואף להגביר את הסיכון להישנות עבירות דומות מצדן.",train
"מהו הפוטנציאל הנזקי של ביצוע העבירה, גם אם לא נגרם נזק בפועל?","מכאן, גם אם לא ניתן להצביע על גרימת נזק מביצוע העבירה, הרי שהנזק שהיה צפוי להיגרם מביצועה הינו רב ולו פוטנציאל הרה אסון.",train
מהי החשיבות של גזירת רכיבי ענישה כלכליים משמעותיים במקרה זה?,"ראוי לגזור רכיבי ענישה כלכליים משמעותיים, על מנת שימחישו את חומרת המעשים ויתרמו להרתעת העבריין הספציפי ולהרתעת הרבים.",train
מהו מתחם העונש ההולם שנקבע בהתחשב בנסיבות העבירה?,"מכל המקובץ, בהתחשב בערכים החברתיים שנפגעו מביצוע העבירות, במידת הפגיעה בהם, במדיניות הענישה הנהוגה, בנסיבות הקשורות בביצוע העבירה, תוצאותיהן והיחס ההולם בין חומרת מעשי העבירות בנסיבותיהם ומידת אשמו של הנאשם ובין סוג ומידת העונש שיש להטיל עליו, סבורני כי מתחם העונש ההולם נע בין מאסר מותנה ל- 10 חודשי מאסר בפועל.",train
מהו הקשר בין העבירות שביצעה הנאשמת וכיצד יש לראותן באירוע אחד?,"הנאשמת הורשעה על יסוד הודאתה בשתי עבירות, שבוצעו בסמיכות זמנים ויש ביניהן קשר הדוק, כך שיש לראותן כ\אירוע\"" אחד, ועל כן מתחם הענישה יביא בחשבון את האירוע בכללותו, על כלל העבירות שבוצעו.""",train
מהי דעת המחוקק לגבי החומרה של עבירת ההתפרצות?,"בכך הביע המחוקק דעתו על החומרה אשר בעבירה זו, בסיווגה כעבירת פשע ועל ידי קביעת ענישה מחמירה.",train
מהו השיקול הנוגע לגילו הצעיר של הנאשם והשפעת העונש עליו?,"הבאתי בחשבון את גילו הצעיר של הנאשם (בן 21 במועד ביצוע העבירות) והשפעת העונש על אדם בגילו, נסיבותיו המשפחתיות (כמפורט בתסקיר) ותמיכתו הכלכלית בבני משפחתו.",train
מהו התנאי להוכחת מצבו הרפואי של הנאשם כמצדיק חריגה מהמתחם?,"לא הוכח כי מצבו הרפואי של הנאשם מצדיק חריגה מהמתחם, שכפי שנקבע בפסיקה  נעשית במצבים חריגים וייחודיים ביותר, בהם עונש המאסר עשוי להביא לקיצור ממשי של תוחלת חייו.",train
מהו השיקול שיש להביא בחשבון במניין השיקולים לחומרת עונשו של הנאשם?,"במניין השיקולים לחומרת עונשו של הנאשם, יש להביא בחשבון את עברו הפלילי.",train
מהו מתחם העונש ההולם שנקבע בגין האירוע המתואר בכתב האישום?,"בהתחשב בכל הנאמר עד כה, ובשים לב לעקרון ההלימה, סבורני כי מתחם העונש ההולם בגין האירוע המתואר בכתב האישום נע בין מאסר מותנה (לצד עבודות לתועלת הציבור) לבין 8 חודשי מאסר בפועל, בצירוף מאסר מותנה וענישה כלכלית.",train
מדוע חומרת מעשי הנאשם 2 אינה מאפשרת לוותר על ההרשעה?,"חומרת מעשי הנאשם 2 ונסיבותיו האישיות, אינם מאפשרים לוותר על ההרשעה בנסיבות המעשים, מבלי שייפגעו שיקולי ענישה הקשורים במקרה דנן לשיקולי גמול והרתעת הנאשם ועבריינים כמותו.",train
מהן המגבלות שהוטלו על חירותו של הנאשם והשפעתן על יכולתו לעבוד?,"הבאתי בחשבון את אותן מגבלות שהוטלו על חירותו של הנאשם, אשר שהה במעצר מיום 20.8.2013 ועד ליום 24.9.2013 ולאחר מכן שוחרר למעצר בית מלא, דבר שפגע בחירותו וביכולתו לעבוד.",train
מהו הקשר בין רצונו של הנאשם להיגמל מסמים לבין הליכי הגמילה בכלא?,רצונו המבורך של הנאשם להיגמל מסמים יכול ויבוא לידי מימוש במסגרת הליכי הגמילה בין כתליי הכלא.,train
מהו המסר הברור של בית המשפט לגבי ענישה על אלימות ברוטלית כלפי בת זוג?,"לעניין זה של הרתעת הרבים יש לומר באופן ברור ותקיף שהמסר מבית המשפט הוא ברור וחד-משמעי, לפיו שימוש באלימות, ולבטח בעבירות אלימות ברוטלית כלפי בת זוג המביאה לפגיעה קשה בגופה ובנפשה של הנפגעת, יגרור ענישה מחמירה.",train
מהו התפקיד של בית המשפט בהגנה על הציבור מפני בריונים הפוגעים בסדר הציבורי ובגוף האדם?,הציבור זכאי להגנת בית המשפט ולהרתעה שיש בכוחה לעמוד נגד בריונים המטילים אימה ופוגעים בסדר הציבורי ובגוף האדם.,train
מדוע לא שוכנע בית המשפט לסטות לקולא ממתחם הענישה ההולם?,"ברם, לא שוכנעתי כי די בכך כדי לסטות לקולא ממתחם הענישה ההולם.",train
מדוע לא הוחלט לחרוג ממתחם הענישה לקולא במקרה זה?,"בנסיבותיו של הנאשם לא מצאתי לנכון לחרוג ממתחם הענישה ההולם לקולא, בהעדר המלצה להליך שיקומי ובהעדר נכונות הנאשם להשתלב בהליך שכזה.",train
כיצד השפיעו הנסיבות המצערות על החלטת בית המשפט בעניינו של הנאשם?,סבורני כי יש להתחשב בנסיבות המצערות שהביאו את הנאשם לבצע עבירה שמטרה לחפש מזון כדי להשביע רעב.,train
על מה יתחשב בית המשפט בעת יישום עיקרון ההלימה?,"על מנת ליישמו יתחשב בית משפט בשלושת אלה: ראשית, בערך החברתי שנפגע  מביצוע העבירה ובמידת הפגיעה בו; שנית, בנסיבות הקשורות בביצוע העבירה ומידת אשמו של הנאשם; שלישית, במדיניות הענישה הנהוגה (ע\פ 8641/12 סעד נ' מדינת ישראל [פורסם בנבו] (ניתן ביום 5.8.2013).""",train
מהו החשש המוביל להחמרת הענישה במקרה זה?,"בנסיבות אלה, גובר החשש להישנות מעשי אלימות מצדו ועל כן יש להמחיש עבורו את חומרת מעשיו בענישה הולמת ומרתיעה.",train
איזה ערך חברתי נפגע בביצוע עבירת איומים וכיצד זה משפיע על הקורבן?,בביצוע עבירת איומים נפגע ערך חברתי בדמות שלוות נפשו של הקרבן וחופש הפעולה והבחירה שלו.,train
מהו הרכיב הכלכלי שצריך לכלול בעונש בעבירות המבוצעות עבור בצע כסף?,"קנס הכספי - בעבירות המבוצעות עבור בצע כסף, הענישה צריכה לכלול רכיב כלכלי משמעותי, אשר יהיה בו מענה עונשי הולם למעשה.",train
מהן הערכים החברתיים המוגנים בעבירת ירי מנשק חם באזור מגורים?,"הערכים החברתיים המוגנים בעבירת ירי מנשק חם באזור מגורים או במקום אחר שיש בו לסכן חיי אדם הם שמירה על בטחונו של הציבור, שמירה על שלמות גופו ורכושו של אדם ומניעת פגיעה משמעותית בהם כתוצאה משימוש בנשק חם.",train
מהו השיקול שיכול למתן את העונש בעניינו של הנאשם?,"כנגד השיקולים לחומרה, עומדים לנאשם גם שיקולים לקולא שיש בהם כדי למתן את העונש בעניינו.",train
כיצד סיווג המחוקק את עבירת הפרת ההוראה החוקית המגנה על חיי אדם?,"יש לזכור, כי המחוקק סיווג את עבירת הפרת ההוראה החוקית שנועדה להגן על חייו, גופו או שלומו של אדם אחר כעבירה מסוג פשע, שעונש המרבי בגינה הינו ארבע שנות מאסר.",train
מהו המידע שהצביע על כך שהנאשם הפר את תנאי שחרורו ביודעין?,"לא הוכח שלמעשה קדם תכנון מוקדם, אך המרחק בין בתי הוריו ומשך ההפרה מלמדים כי הנאשם ביצע ביודעין הפרה מתמשכת של תנאי שחרורו, ובכל רגע נתון יכל לשוב על עקבותיו או להגיש בקשה סדורה להעתקת מקום מעצר הבית לכתובת אחרת, מבלי שעשה כן.",train
מהו הרף המינימלי לעונש פסילה בעבירות שכרות לפי פקודת התעבורה?,"מתחם העונש ההולם לעבירות שכרות כשלעצמן מתחיל מטבע הדברים ברף של 24 חודשי פסילה, היות ועונש זה נקבע, ככלל, כעונש המינימום על פי פקודת התעבורה.",train
כיצד משפיעה התפרצות לבניין שאינו מקום מגורים על תחושת הביטחון של הקורבן?,"בדומה להתפרצות לדירת מגורים, גם התפרצות לבנין שאינו מקום מגורים או תפילה וביצוע גניבה פוגעת פגיעה של ממש בתחושת הביטחון של קורבן העבירה וסביבתו, גורמת לו צער ועוגמת נפש ופוגעת בפרטיותו.",train
מהו הפוטנציאל לנזק חמור יותר במעשי הנאשם במקרה זה?,"ברי כי במעשי הנאשם טמון פוטנציאל לנזק חמור יותר, שכן דקירות אדם יכולות להביא מותו, כפי שלמרבה הצער אכן התממש במקרה דנא, בשל אותן דקירות שביצע האחר בגופו של המנוח.",train
מהן הנימוקים המוכרים בפסיקה המאפשרים חריגה מהכלל לחילוט רכוש?,"נימוקים שהוכרו בפסיקה כמצדיקים חריגה מהכלל לפיו יש לחלט את הרכוש הם לדוגמא, זכותם של נפגעי העבירה או מקום שבו הצורך להפנות את הרכוש התפוס לטובת הקטנת הפגיעה החברתית שנגרמה מהפעילות העבריינית, עולה על הצורך ליצור הרתעה.",train
מהו הצורך להגן על הציבור מפני הנאשם ועברייני אלימות כמותו?,"על כן, מצאתי להביא בכלל חשבון את הצורך להגן על הציבור מפני הנאשם ועברייני אלימות כמותו, שכן בהעדר יכולת להבין את המניעים לביצוען יש חשש שיחזור לבצע עבירות דומות.",train
כיצד משפיעה מדיניות הענישה על מאבק הפצת הסמים בחברה?,"מדיניות הענישה הנהוגה בפסיקה בעבירת הספקת סם מסוכן לאחר, מתחשבת בצורך במאבק בנגע הפצת הסמים בחברתנו, ולתרומתו של בית המשפט למיגור התופעה.",train
באילו ערכים חברתיים פגע הנאשם כאשר הורשע בעבירותיו?,"הנאשם פגע בערכים חברתיים בסיסיים שנועדו להגן על שלטון החוק, שלמות גופם וכבודם של אנשי החוק והסדר הציבורי.",train
כיצד חידש תיקון מס' 113 לחוק העונשין את שיטת הענישה האינדיווידואלית?,"דרך זו חידד תיקון מס' 113 לחוק העונשין את הצורך בהמשך נקיטת שיטת ענישה אינדיווידואלית, הבוחנת נסיבותיו של כל מקרה ואדם המובא לדין.",train
מהו העיקרון המנחה בבחינת מדיניות הענישה במקרים דומים לעומת המקרה הנדון?,בחינת מדיניות הענישה הנהוגה במקרים דומים במידת האפשר למקרה שלפנינו היא מתבצעת תוך התחשבות בהבדלים ובשוני שבין המקרים.,train
מהו העיקרון הכללי לגבי הרשעת נאשם בעבירה המיוחסת לו?,"כלל הוא משעבר נאשם עבירה המיוחסת לו בכתב האישום, מורה האינטרס הציבורי, כי הוא יורשע וייענש כך שתוגשמנה מטרות הענישה לרבות הרתעת הנאשם עצמו והרתעת עבריינים בכוח.",train
כיצד משפיעים מעשי הנאשם על החברה בכללותה מעבר לפגיעה בבעל הנכס?,"במעשיו של הנאשם אינם פוגעים רק בבעל הנכס אלא אף בחברה בכללותה, בדרך של העלויות הגבוהות הקשורות לנזקי ההתפרצויות, הן ביחס לעלויות ביטוח הנכס והן ביחס לעלויות הנדרשות לרשויות האכיפה.",train
מהו המנעד של הענישה בעבירות רצח ביסוד נפשי של אדישות?,"וכך, עיון בפסקי דין שניתנו במקרים של רצח ביסוד נפשי של אדישות מלמד כי קיים מנעד של ענישה המתאים לנסיבותיו של כל מקרה ומקרה, כאשר ניתן לראות שבמרבית המקרים העונשים שהוטלו על נאשמים נעו בין 20-22 שנות מאסר וכן שמתחמי העונש ומידת העונש עצמה הוחמרו בעקביות כמפורט להלן:",train
מהי ההנחיה שנקבעה בפסיקה לגבי הטלת פיצויים במקרים דומים?,"בעניין זה נקבע בפסיקה, לא אחת, יש להרבות בהטלת פיצויים במקרים כגון דא.",train
מה יש להביא בחשבון בבחינת מידת הפגיעה בערכים המוגנים בעבירת חבלה בכוונה מחמירה?,"בבחינת מידת הפגיעה בערכים המוגנים בביצוע עבירה של חבלה בכוונה מחמירה יש להביא בחשבון, בין היתר, את הנזק שגרמה אותה חבלה, הנזק הפוטנציאלי שעשוי היה להיגרם מהמעשה, האופן שבו בוצעה החבלה והאמצעי שנעשה בו שימוש.",train
כיצד משפיעות העבירות החמורות שביצע הנאשם על גובה הענישה?,"העבירות החמורות שביצע הנאשם, בנסיבותיהן, כל אחת לחוד ובעיקר שילובן זו בזו, מחייבות נקיטת ענישה משמעותית שיהא בה כדי לגמול לנאשם על מעשיו ולהרתיעו, כמו גם עבריינים כמותו, מלשוב ולבצע עבירות דומות בעתיד.",train
כיצד השפיע שיתוף הפעולה של הנאשם עם שירות המבחן על המלצות הטיפול בעניינו?,"לאור שיתוף הפעולה של הנאשם עם שירות המבחן במסגרת תהליך האבחון, מזה 9 חודשים, ולאור השתלבותו החיובית במסגרת התהליך הטיפולי ביחידה לנפגעי סמים ובטיפול הפסיכיאטרי, הומלץ על המשך טיפול ביחידה לנפגעי סמים והמשך מעקב פסיכיאטרי כגורמים משמעותיים בהפחתת הסיכון.",train
מהו המסר שיש לשדר לנאשם בנוגע להישנות עבירות מסוג זה?,יש להציב בפני הנאשם גבולות ברורים ולשדר מסר של הוקעה שאינו משתמע לשתי פנים כי הישנות עבירות מסוג זה תתקל בענישה מוחשית.,train
מדוע יש להוקיע את תופעת האלימות והשימוש בנשק קר בחברה?,"כפי שנקבע בפסיקה, תופעת האלימות כמו גם השימוש בנשק קר תוך סיכון חיי אדם ושלמות הגוף הינה רעה חולה במחוזותינו, אשר הפכה לתופעה שהולכת ומתעצמת, ויש למגרה ולהוקיעה, בענישה מרתיעה.",train
כיצד משפיעה סוג הסם וכמותו על הנזקים הנגרמים לציבור?,"נתתי דעתי לסוג הסם וכמותו, כפי שנתפס בידי הנאשם, שהינו מהסמים הקשים הגורמים לנזקים כבדים בקרב אלה הצורכים אותו, ולנזקים עקיפים לחברה בכללותה.",train
כיצד מתייחס השופט להמלצת קצין המבחן במסגרת שיקוליו?,"השופט, הוא אשר ישים במאזני שיקוליו, כאחד השיקולים החשובים, גם את המלצתו של קצין המבחן, אך בכך לא סגי",train
מהו הידע שהיה על הנאשם לגבי ההשלכות של סטייה מהדרך הישרה?,הנאשם הועמד לדין מספר רב של פעמים ועליו היה לדעת כי כל סטייה מדרך הישר תגרור אחריה הפעלת העונשים המותנים שהוטלו עליו.,train
מהן הנסיבות הקובעות את מדיניות הענישה בעבירות מיניות?,"מדיניות הענישה תלויה בנסיבות הקונקרטיות של כל מקרה ומקרה בהתאם לאופיים של המעשים המיניים, ריבוי המעשים, חומרת העבירות, מספרן, תדירותן, משכן ומספר הקורבנות.",train
מה קבע בית המשפט העליון לגבי העונש שנגזר בבית המשפט המחוזי בעקבות ערעור על חומרת העונש?,"בית המשפט העליון קיבל את הערעור על חומרת העונש בשל עקרון אחידות הענישה תוך שציין כי העונש שנגזר בבית המשפט המחוזי, 7 חודשי מאסר, מאסר מותנה ופיצוי בסך 5,000 ₪, אינו חורג לחומרה ממדיניות הענישה הראויה.",train
מדוע לא נמצאה הצדקה לחרוג ממתם הענישה במקרה זה?,"לא מצאתי הצדקה לחרוג ממתם הענישה, בשל שיקולי שיקום, בהעדר נטילת אחריות מצד הנאשם או אפיק שיקומי כלשהו.",train
כיצד משפיעה כמות הסם שנמצאה על חומרת המעשה והכוונה להפצה?,"מבלי להקל ראש בחומרת המעשה, יש לתת את הדעת כי אין מדובר על סם מהקשים שבסמים ולכמות שנתפסה, שאינה מצביעה, ולו לכאורה, על כוונה להפצת הסם.",train
מהו ההסבר המשפטי לכר הפורה שנוצר לנאשם לביצוע מעשים מגונים בקטינה?,"יחסי הקרבה המיוחדים שרקם הנאשם עם הנאשמת והקטינה, והיחשפותו לקשייה ההתנהגותיים של הקטינה, יצרו עבורו כר פורה לביצוע מעשים מגונים בקטינה, תוך הטלת מרותו עליה.",train
מה היו העונשים במקרים דומים שבהם הייתה פגיעה פיזית בשוטרים או בעוברי אורח?,"במקרים שאירעו בנסיבות דומות בהן הצטרפה להימלטות המסוכנת מהשוטרים גם פגיעה פיזית בהם, בעוברי אורח תמימים או ברכוש, היו העונשים חמורים, וכללו מאסר בפועל לתקופה ממושכת.",train
מהו העקרון שעל העונש לנאשם לשקף לפי הנסיבות המיוחדות במקרה זה?,"בנסיבות העניין, על העונש הראוי לנאשם בגדרי מתחם העונש ההולם לשקף את חומרת המעשה כפי שתוארה לעיל, את מידת אשמו, ואת המשקל המצטבר של הנסיבות האישיות שנמנו לעיל.",train
"מהי מידת הפגיעה בערכים החברתיים במקרה זה, בהתחשב בחבלות שנגרמו?","מידת הפגיעה בערכים החברתיים במקרה דנא הינה משמעותית, נוכח החבלות והסימנים שנגרמו לפניה של המתלוננת.",train
מהי התרומה שהנאשם תרם לחברה במהלך שירותו במשטרת ישראל?,זקפתי לזכות הנאשם את תרומתו לחברה במהלך שנות שירותו במשטרת ישראל.,train
מהי ההמלצה שניתנה לנאשם על ידי שירות המבחן בעקבות שאיפותיו לתפקוד תקין?,"לצד זאת, צוין כי הנאשם גילה שאיפות לתפקוד תקין ובנסיבות אלה שב שירות המבחן על המלצתו להטיל על הנאשם מאסר שירוצה בעבודות שירות ומאסר מותנה ארוך ומרתיע.",train
מהו העיקרון המרכזי שנקבע בתיקון 113 לחוק העונשין בנוגע לענישה?,"בתיקון 113 לחוק העונשין חידד הצורך בהמשך נקיטת שיטת ענישה אינדיווידואלית, הבוחנת נסיבותיו של כל מקרה ואדם והמובא לדין.",train
מדוע סבלו ממיגרנות אינו מהווה סייג לאחריות פלילית?,"סבלו ממיגרנות אינו מצדיק את ביצוע העבירה, והוא אינו קרוב לסייג לאחריות פלילית.",train
כיצד משקפת הענישה המוצעת את סלידת החברה ממעשיו של הנאשם?,"מצאתי כי הגמול הנדרש לנאשם, בדרך זו, ישקף את הסלידה שחשה החברה נוכח מעשיו וכן את הוקעתם הנדרשת.",train
מדוע הנאשם לא זכאי להקלה בעונש למרות ניהול משפטו כמצוות החוק?,"אדגיש כי לא החמרתי עם הנאשם בשל כך שניהל את משפטו כמצוות סעיף 40יא(6) לחוק העונשין, אולם הנאשם אינו זכאי להקלה לה זכאים נאשמים אשר לוקחים אחריות למעשיהם, מביעים חרטה וחוסכים מזמנו של בית המשפט והעדים.",train
כיצד נקבע מתחם העונש ההולם למעשי העבירות שביצעו הנאשמים?,"תחילה, אקבע את מתחם העונש ההולם למעשי העבירות שביצעו הנאשמים, על בסיס שיקולים נורמטיביים ואובייקטיבים, בהתחשב בערך החברתי שנפגע מביצוע העבירות, במידת הפגיעה בערך זה, במדיניות הענישה הנהוגה ובנסיבות הקשורות בביצוע העבירות כמפורט בסעיף 40ט לחוק העונשין (סעיף 40ג לחוק העונשין); לאחר מכן, אקבע את העונש המתאים שיושת על הנאשמים, בהתחשב בצורך בהרתעת הנאשמים (סעיף40ו לחוק העונשין), בצורך בהרתעת הרבים (סעיף40ז לחוק העונשין) ובנסיבותיהם האישיות של הנאשמים שאינן קשורות לביצוע העבירות (סעיף 40יא לחוק העונשין), כמו גם נסיבות אחרות ככל שתמצאנה רלוונטיות (סעיף 40יב לחוק העונשין) ובין כך אבחן האם ראוי לחרוג מן המתחם לקולא בשל שיקולי שיקום (סעיף 40ד לחוק העונשין) או לחומרה בשל שיקולי הגנה על שלום הציבור (סעיף 40ה לחוק העונשין).",train
כיצד חידד תיקון מס' 113 לחוק העונשין את הצורך בשיטת ענישה אינדיווידואלית?,"דרך זו חידד תיקון מס' 113 לחוק העונשין את הצורך בנקיטת שיטת ענישה אינדיווידואלית, הבוחנת נסיבותיו של כל מקרה ואדם המובא לדין.",train
מדוע אין לייחס לנאשם את מלוא הנזקים שנגרמו למתלונן במהלך האירוע?,"ברי כי אין לייחס לנאשם את מלוא הנזקים שנגרמו למתלונן במהלך האירוע, שכן לקחו בו חלק עשרות מעורבים, שזהות חלקם אף אינה ידועה למאשימה.",train
כיצד יובאו מאמצי השיקום של הנאשם לידי ביטוי בקביעת עונשו?,"נתתי דעתי למאמציו של הנאשם לשקם אורחות חייו והתמדתו בהליך השיקומי במסגרת שירות המבחן ועניין זה ימצא ביטויו בקביעת עונשו במסגרת מתחם הענישה, לצד יתר שיקולי הענישה.",train
מהו המנעד הרחב של הענישה בעבירה של חבלה חמורה בנסיבות מחמירות?,"בחינת מדיניות הענישה הנהוגה בעבירה של חבלה חמורה בנסיבות מחמירות, מעלה מנעד רחב של ענישה, תלוי נסיבות ה'עושה', כמו גם בנסיבות 'המעשה', לרבות סוג החפץ בו נעשה שימוש לגרימת החבלה, האם מדובר באירוע מתוכנן או ספונטני, האם קדמה התגרות מצד הקורבן, הנזק הגופני והנפשי שנגרם כתוצאה מהמעשה ונסיבות נוספות המשפיעות על הענישה.",train
מהו המצב המשפטי בנוגע לפוטנציאל השיקומי של הנאשם במקרה זה?,בנסיבות המקרה שלפניי לא נטען ולא נמצא פוטנציאל שיקומי המצדיק חריגה ממתחם הענישה לקולא (סעיף 40ד לחוק העונשין).,train
מהו השיקול שהוביל למסקנה שלא לחרוג לחומרה מהמתחם?,"מנגד, לא מצאתי לחרוג לחומרה מן המתחם בשל הצורך להגנה על שלום הציבור (סע' 40ה לחוק העונשין).",train
מדוע אין להשלים עם איום כאמצעי לפתרון סכסוכים?,"אין להשלים עם כך שאיום הופך להיות כלי או אמצעי לפתרון סכסוך כזה או אחר, בפרט כאשר קיים חשש ממשי שדברי איום יובילו לכדי פגיעה פיסית של ממש.",train
כיצד יש לראות במעשיה של כל נאשמת לפי עמדת הצדדים?,"יש לקבל את עמדתם המשותפת של הצדדים ולראות במעשיה של כל נאשמת כמסכת עבריינית אחת המקימה 'אירוע אחד', החובק את כל המעשים והעבירות בהן הורשעה, בנסיבות המפורטות, ועל פיו לקבוע מתחם עונש הולם אחד בעניינה.",train
כיצד משפיעה השהייה הבלתי חוקית של הנאשם על הערכים המוגנים שנפגעו?,"במקרה דנן, בוצע מעשה השוד עת הנאשם שהה בישראל שלא כדין, ובכך הצטרפו ערכים מוגנים נוספים למכלול הערכים המוגנים שנפגעו כתוצאה ממעשיו של הנאשם.",train
מהן הנסיבות שיש להביא בחשבון לחובת הנאשם בעת גזירת העונש?,"לחובת הנאשם יש לציין את חומרת העבירה שביצע הנאשם, תוצאותיה הפוטנציאליות ומדיניות הענישה בגין עבירה זו ועבירות דומות, כפי העולה מדברי ההסבר להצעת החוק ומן הפסיקה.",train
כיצד משפיעות נסיבות הזכות של הנאשם על הענישה המוטלת עליו?,"מכלול נסיבות הזכות לנאשם, מורה כי ניתן לייחס לו משקל דומיננטי בענישתו, לאחר ששוכנעתי כי יש מקום לעודדו בדרכי שיקומו וכי קיים סיכוי ממשי שישתקם, ככל שיקבל את הסיוע המתאים.",train
מדוע יש לאפשר פרשנות רחבה להגדרת המונח 'אירוע אחד' בחוק?,"ראוי לאפשר פרשנות רחבה דיה להגדרת המונח 'אירוע אחד' אשר תשאיר מתחם להפעלת שיקול דעתו של בית המשפט, וזאת הן בשל שיקולי יעילות עבודתו של בית המשפט והן לשם הגשמת תכליתו של תיקון 113 לחוק.",train
מהי חומרת העבירות בהן הורשעו הנאשמות וכיצד יש לגנותן?,"חומרת מעשיהן של הנאשמות והעבירות בהן הורשעו ראויים לכל גינוי ומחייבים גמול עונשי, שישקף את הסלידה שחשה החברה ואת הוקעתם של מעשים כגון אלה.",train
כיצד משפיע 'קשר השתיקה' על פניות נפגעי עבירה לרשויות אכיפת החוק?,"חומרתה היתרה של העבירה באה לידי ביטוי גם בהתחשב במימד הייחודי שטמון בה 'קשר שתיקה' אשר מונע מנפגע העבירה לפנות לעזרתן של רשויות אכיפת החוק, מחשש שמא יתממשו איומי הסחיטה.",train
כיצד יש להשקיף על רצף האירועים בסדרת עבירות מאותו סוג?,"בסדרת עבירות מאותו סוג, ובנסיבות דומות, הדרך הראויה היא להשקיף על רצף האירועים כעל מכלול אחד, ולהשית את העונש בהתאם לכך.",train
מהן שלושת השלבים במלאכת גזירת הדין לפי סעיף 40 לחוק העונשין?,"מלאכת גזירת הדין מורכבת משלושה שלבים עיקריים: תחילה, אקבע את מתחם העונש ההולם למעשי העבירות שביצע הנאשם, על בסיס שיקולים נורמטיביים ואובייקטיבים, בהתחשב בערך החברתי שנפגע מביצוע העבירה, במידת הפגיעה בערך זה, במדיניות הענישה הנהוגה ובנסיבות הקשורות בביצוע העבירות כמפורט בסעיף 40ט לחוק העונשין (סעיף 40ג לחוק העונשין); לאחר מכן, אבחן האם ראוי לחרוג מן המתחם לקולא בשל שיקולי שיקום (סעיף 40ד לחוק העונשין) או לחומרא בשל שיקולי הגנה על שלום הציבור (סעיף 40ה לחוק העונשין); לבסוף, אקבע את העונש המתאים שיושת על הנאשם, בהתחשב בצורך בהרתעת הנאשם (סעיף40ו לחוק העונשין), בצורך בהרתעת הרבים (סעיף40ז לחוק העונשין) ובנסיבותיו האישיות של הנאשם שאינן קשורות בביצוע העבירה (סעיף 40יא לחוק העונשין), כמו גם בנסיבות אחרות ככל שתמצאנה רלוונטיות (סעיף 40יב לחוק העונשין).",train
מדוע יש להחמיר את מדיניות הענישה בעבירות אלימות המבוצעות באמצעות סכין?,"חומרתן הרבה של עבירות האלימות המבוצעות באמצעות סכין, בשים לב לפוטנציאל הנזק המשמעותי שעלול להיגרם מהן ..., מחייבת החמרה של מדיניות הענישה הנוהגת לאור תפקידו של בית המשפט במיגור התופעה\.""",train
מהו השיקול המרכזי לחומרה שנלקח בחשבון בענישת הנאשם?,שיקולים לחומרה: בבסיס השיקולים לחומרה ניצבת חומרת העבירה שביצע הנאשם והמדיניות המשפטית בענישה בעבירה זו.,train
מהו מתחם העונש ההולם שנקבע לעבירות שביצע הנאשם?,"מכל המקובץ, בהתחשב בערכים החברתיים שנפגעו ממעשי הנאשם, ממידת הפגיעה בהם, בנסיבות ביצוע המעשים ולאחר שבחנתי את מדיניות הענישה הנהוגה, אני קובע מתחם עונש הולם לאירוע בו בצע הנאשם את עבירות כתב האישום החל מ-4 חודשי מאסר בפועל שיכול וירוצו בדרך של עבודות שירות ועד ל-12 חודשי מאסר בפועל.",train
מהן הנסיבות שאינן קשורות בביצוע העבירות שיכולות להשפיע על גזירת הדין?,"לצורך כך, יש מקום להתחשב בנסיבות שאינן קשורות בביצוע העבירות, שיש בהם כדי להשפיע על גזירת הדין, כגון: גיל, עבר הפלילי, נטילת האחריות, פגיעת העונש במשפחתו, נסיבות חיים קשות שהייתה להן השפעה על ביצוע העבירה, שיתוף הפעולה עם רשויות החוק ועוד (ר' סעיף 40יא לחוק העונשין).",train
מהו הנימוק שהוביל את בית המשפט לקבוע כי אין פוטנציאל שיקום המצדיק הקלה בעונש?,"בנסיבות המקרה דנא, לא מצאתי כי קיים פוטנציאל שיקום מיוחד המצדיק חריגה ממתחם הענישה לקולא.",train
מהו השיקול שיש להתחשב בו בגזירת העונש לנאשם שאינו קשור לביצוע העבירות?,בגזירת העונש המתאים לנאשם שלפני יש מקום להתחשב בנסיבותיו האישיות אשר אינן קשורות בביצוע העבירות.,train
מהן שלוש הנקודות שעל בית המשפט להתחשב בהן כדי ליישם את עקרון ההלימה?,"על מנת ליישמו, בית משפט יתחשב בשלושת אלה: בערך החברתי שנפגע  מביצוע העבירה ובמידת הפגיעה בו; בנסיבות הקשורות בביצוע העבירה ומידת אשמו של הנאשם; במדיניות הענישה הנהוגה (ע\פ 8641/12 סעד נ' מדינת ישראל (ניתן ביום 5.8.2013).""",train
כיצד משפיעה שליטתו של הנאשם בנעשה על אחריותו הפלילית?,"התרשמתי מאדם ששולט היטב בנעשה סביבו ואינו נתון לכל מניפולציה או רצון לרצות, ובכל מקרה אין בזה כדי לבסס הגנה כלשהי שיש בה כדי להפחית מאחריותו הפלילית למעשיו.",train
מהו העונש המרבי שנקבע על ידי המחוקק לעבירה של תקיפה סתם?,"הערכים החברתיים שנפגעו מביצוע עבירה של תקיפה סתם, לצדה קבע המחוקק עונש מרבי של שנתיים מאסר, הם שמירה והגנה על שלמות גופו, כבודו וביטחונו של היחיד והציבור בכללותו.",train
מהו המסר שיש לשדר לנאשם כדי להרתיע אותו מהישנות עבירות מסוג זה?,סבורני כי יש להציב בפני הנאשם גבולות ברורים ולשדר מסר של הוקעה שאינו משתמע לשתי פנים כי הישנות עבירות מסוג זה תתקל בענישה מוחשית.,train
כיצד השפיע מצבו הכלכלי הקשה של הנאשם על ההחלטה בעניינו?,"בנוסף לכך, נתתי דעתי למצבו הכלכלי הקשה של הנאשם (סעיף 40ח לחוק העונשין) כפי שעלה מדברי הנאשם ורעייתו, ומהמסמכים הבנקאיים שהוצגו לבית המשפט (ת/219).",train
כיצד השפיעה שליטתו של הנאשם במהלכיו על הבנת הפסול שבמעשיו במהלך ביצוע העבירות?,"מבחינת נסיבות ביצוע העבירות באירוע זה, הבאתי בחשבון כי לנאשם היה חלק עיקרי בביצוע העבירות, הנאשם יכול היה להבין את הפסול שבמעשיו בכל רגע נתון ולהימנע מהם נוכח שליטתו במהלכיו.",train
מדוע יש לייחס משקל לתחושות האימה והפגיעה בביטחון האישי של בעל הנכס?,"יש לייחס משקל נרחב לתחושות האימה, אוזלת יד, הפגיעה בביטחון האישי והפגיעה בפרטיות אותן חש בעל המקום המגלה כי זרים חדרו למרחב קניינו הפרטי, חיטטו בחפציו האישיים בדירתו ונטלו לעצמם את אשר חפצו בו.",train
כיצד ניצל הנאשם את מעמדו כבן משפחה כדי לבצע את העבירות?,"הנאשם ניצל את גילו ומעמדו הרם כבן משפחה, הנשוי לאחותה של א.א ובן בכור מבין ששת אחיו ואחיותיו, כמי שליכד את המשפחה כולה, וזאת תוך ניצול ילדה/נערה תמימה וחסרת אונים, שלא זכתה לדמויות הוריות מגוננות, כדי לספק את צרכיו המיניים באופן מניפולטיבי.",train
אילו שיקולים ינחו בקביעת העונש המתאים לנאשם?,"אי-לכך, מכלול השיקולים, לרבות שיקולי הרתעת הנאשם והציבור, ינחוני בקביעת העונש המתאים לנאשם בגדר מתחם הענישה (סע' 40ו ו-40ז לחוק העונשין).",train
מהו המענה הנדרש לעבירות סחר בסמים לפי פסיקות קודמות?,נפסק לא אחת כי עבירות אלו מחייבות מענה החלטי על דרך של ענישה מחמירה ומרתיעה.,train
מהן שלושת השלבים במלאכת גזירת הדין לפי סעיף 40 לחוק העונשין?,"מלאכת גזירת הדין מורכבת משלושה שלבים עיקריים: תחילה, אקבע את מתחם העונש ההולם למעשה העבירה שביצע הנאשם, על בסיס שיקולים נורמטיביים ואובייקטיבים, בהתחשב בערך החברתי שנפגע מביצוע העבירה, במידת הפגיעה בערך זה, במדיניות הענישה הנהוגה ובנסיבות הקשורות בביצוע העבירה כמפורט בסעיף 40ט לחוק העונשין (סעיף 40ג לחוק העונשין); לאחר מכן, אבחן האם ראוי לחרוג מן המתחם לקולא בשל שיקולי שיקום (סעיף 40ד לחוק העונשין) או לחומרא בשל שיקולי הגנה על שלום הציבור (סעיף 40ה לחוק העונשין); לבסוף, אקבע את העונש המתאים שיושת על הנאשם, בהתחשב בצורך בהרתעת הנאשם (סעיף40ו לחוק העונשין), בצורך בהרתעת הרבים (סעיף40ז לחוק העונשין) ובנסיבותיו האישיות של הנאשם שאינן קשורות בביצוע העבירה (סעיף 40יא לחוק העונשין), כמו גם בנסיבות אחרות ככל שתמצאנה רלוונטיות (סעיף 40יב לחוק העונשין).",train
מהי מידת הפגיעה בערכים המוגנים במקרה הנדון?,מידת הפגיעה בערכים המוגנים במקרה דנא הינה ברף גבוה.,train
מהו השיקול המרכזי שהצדיק הקלה בעונש הנאשם?,"שיקולים לקולא: במסגרת השיקולים שמצאתי להניח על כף הזכות ביחס לנאשם, הבאתי בכלל חשבון את גילו הצעיר (יליד 1989), עברו הנקי, הודאתו בכתב האישום שתוקן לקולא, שיתוף הפעולה עם גורמי אכיפת החוק, הבעת הצער והחרטה ושאיפותיו לנהל אורח חיים נורמטיבי.",train
מהי תכלית מדיניות הענישה בעבירה בה הורשע הנאשם?,"מדיניות הענישה בעבירה בה הורשע הנאשם נותנת ביטוי לתכלית המאבק בתופעת הפצת חומרים מסכנים, באמצעות עונשי מאסר בפועל לצד ענישה מרתיעה.",train
מהן שלושת השלבים במלאכת גזירת הדין לפי סעיף 40ג לחוק העונשין?,"מלאכת גזירת הדין מורכבת משלושה שלבים עיקריים:  תחילה, אקבע את מתחם העונש ההולם למעשה העבירות שביצע הנאשם, על בסיס שיקולים נורמטיביים ואובייקטיבים, בהתחשב בערכים החברתיים שנפגעו כתוצאה מהעבירות, במידת הפגיעה בערכים אלו, במדיניות הענישה הנהוגה ביחס לעבירות אלו ובנסיבות הקשורות בביצוע העבירות, לרבות מידת אשמו של הנאשם, כמפורט בסעיף 40ט לחוק העונשין (סעיף 40ג לחוק העונשין); לאחר מכן, אבחן האם ראוי לחרוג מן המתחם לקולא בשל שיקולי שיקום (סעיף 40ד לחוק העונשין) או לחומרה בשל שיקולי הגנה על שלום הציבור (סעיף 40ה לחוק העונשין); לבסוף, אקבע את העונש המתאים בהתחשב בצורך בהרתעת הנאשם (סעיף40ו לחוק העונשין), בצורך בהרתעת הרבים (סעיף40ז לחוק העונשין) ובנסיבותיו האישיות של הנאשם שאינן קשורות לביצוע העבירות (סעיף 40יא לחוק העונשין).",train
מהו הקשר בין שיקולי השיקום לשיקולי ההרתעה והגמול בעונש?,לצד שיקולי השיקום עומדים שיקולי ההרתעה והגמול ולא כל מקרי השיקום מובילים בהכרח למסקנה כי אין לגזור על הנאשם עונש מאסר בפועל.,train
כיצד יש לבחון את השיקולים לחריגה ממתחם הענישה?,"כאמור, על בית המשפט לבחון האם ראוי לחרוג מן המתחם בשל שיקולי שיקום המהווים שיקול לקולא (סעיף 40ד לחוק העונשין) או מאידך בשל הצורך להגנה על שלום הציבור, המהווה שיקול לחומרא (סעיף 40ה לחוק העונשין).",train
מהי המשמעות של קליע בודד הנורה לעבר אדם בהקשר לפגיעה בשלום הציבור?,"די בקליע בודד הנורה לעבר אדם כדי להוביל לפגיעה קטלנית ולמצער קשה, ונקל לשער את היקף הפגיעה בשלום הציבור, בביטחונו ובסדר הציבורי בהקשר זה.",train
מהו השיקול שעל בית המשפט לבחון לחרוג ממתחם הענישה?,"כאמור, על בית המשפט לבחון האם ראוי לחרוג מן המתחם בשל שיקולי שיקום המהווים שיקול לקולא (סעיף 40ד לחוק העונשין); או מאידך, לחרוג מן המתחם בשל הצורך להגנה על שלום הציבור, המהווה שיקול לחומרה (סעיף 40ה לחוק העונשין).",train
מהו המסר המשפטי שנדרש להוקיע בעבירות אלימות במשפחה?,"נפסק לא אחת כי בכל הנוגע לעבירות אלימות ואיומים בחיק המשפחה, יש להציב גבולות ברורים ומסר של הוקעה חד וצלול לנאשם ולציבור כולו, כי עבירות מסוג זה יתקלו בענישה מוחשית.",train
מהי מידת הפגיעה בערכים החברתיים המוגנים במקרה זה?,מידת הפגיעה בערכים החברתיים המוגנים במקרה דנא אינו מבוטל.,train
מהו השיקול שעל בית המשפט לבחון לחריגה מהמתחם בענישה לפי סעיפים 40ד ו-40ה לחוק העונשין?,"בהתאם לסעיפים 40ד ו-40ה לחוק העונשין, על בית המשפט לבחון האם ראוי לחרוג מן המתחם בשל שיקולי שיקום המהווים שיקול לקולא; או לחרוג מן המתחם בשל הצורך להגנה על שלום הציבור, המהווה שיקול לחומרה.",train
אילו שיקולים מחייבים הטלת מאסר בפועל על הנאשם במקרה זה?,"חומרת העבירה, האלימות הפיזית והמילולית שהפעיל כלפי המתלוננת, עברו הפלילי של הנאשם שכולל עבירות דומות והעובדה כי ביצע את העבירות כאשר לחובתו מאסרים מותנים ולאור התרשמותי, כמו גם התרשמות שירות המבחן, כי הנאשם מתקשה להפנים את הפסול שהתנהגותו - שיקולים אלה כולם מחייבים הטלת מאסר בפועל על הנאשם, כדי להמחיש עבורו ואחרים כמותו את החומרה שבמעשיו.",train
"מהו הנזק החמור שעלול היה להיגרם למתלוננת, למרות רף האלימות הפיזית הנמוך?","אמנם, רף האלימות הפיזית שהופעל כנגד המתלוננת אינו במרום החומרה ושוויו של הרכוש שנגנב אינו גבוה; עם זאת, הנזק שעלול היה להיגרם למתלוננת הינו חמור בהרבה וניתן לשער ששיתוף הפעולה מצדה מנע הפעלת אלימות בעצמה גבוהה יותר כלפיה.",train
מהי הסיבה לכך שאין הצדקה להימנע מהפעלת המאסר על תנאי?,אין כל הצדקה להימנע מהפעלת המאסר על תנאי שנגזר על הנאשם.,train
מדוע יש לקבוע מתחם עונש אחד לאירוע המורכב ממסכת עבירות?,"במקרה דנא, נוכח המסכת העובדתית שבה הורשע הנאשם, סבורני כי מדובר במסכת עבירות המגבשת אירוע אחד מתמשך, שיש לקבוע לגביו מתחם עונש אחד, ודרך זו תביא להלימה בענישה, כפי שציווה המחוקק בתיקון 113.",train
מהו השיקול שנלקח בחשבון בבחינת נסיבות ביצוע עבירות השוד והשהייה הבלתי חוקית של הנאשם?,"לבחינת נסיבות הקשורות בביצוע עבירות השוד ושהייה בלתי חוקית מושא האישום הראשון, הבאתי בחשבון את היערכות ותכנון מוקדמים של הנאשם.",train
"מהו המסר המרתיע שצריך לעבור לאנשים הנוקטים באלימות במשפחה, לפי בית המשפט?","לשיטתי, בגדרו של מתחם הענישה, יש ליתן משקל גם לצורך בהעברת מסר מרתיע לאלה הנוקטים באלימות בתוך התא המשפחתי, וזאת בהתאם להוראות סעיף 40ז לחוק העונשין.",train
מהו השיקול שעל בית המשפט לשקול כאשר הוא בוחן חריגה ממתחם הענישה?,"כאמור, על בית המשפט לבחון האם ראוי לחרוג מן המתחם בשל שיקולי שיקום המהווים שיקול לקולא (סעיף 40ד לחוק העונשין); או מאידך, לחרוג מן המתחם בשל הצורך להגנה על שלום הציבור, המהווה שיקול לחומרה (סעיף 40ה לחוק העונשין).",train
מהן הנסיבות האישיות שיש להתחשב בהן בעת גזירת העונש לנאשם?,"בגזירת העונש המתאים לנאשם, בהתאם להוראות סעיף 40יא לחוק העונשין, יש מקום להתחשב בנסיבותיו האישיות, אשר אינן קשורות בביצוע העבירה.",train
כיצד משפיעה סיכול תכניתו של הנאשם על הענישה במקרה זה?,יצוין כי העובדה שתכניתו של הנאשם סוכלה ובעקבות כך לא הגיעו לידיו הסמים המסוכנים לא תוכל לשמש יסוד להקל עמו.,train
מהן המטרות החברתיות של מניעת הפקת רווחים מעבירות הלבנת הון?,"מדובר אם כן בערכים חברתיים שמטרתם מניעת הפקת רווחים מעבירות; מניעת היכולת להטמיע כספים שמקורם בעבירות מקור, תוך שימוש במערכת הבנקאית ובנותני שירותי מטבע, עם כספים שהושגו בדרך חוקית; יצירת תמריץ שלילי לביצוע עבירות בעלות היבט כלכלי באמצעות נטרול יסוד הרווח הטמון בהן; ומניעת פעילות עבריינית.",train
מהי הסיבה לכך שאין לייחס לנאשם סיבות המקלות על מעשיו?,"מלבד זאת, לא נשמעו סיבות המשמשות לזכות הנאשם שגרמו לו לבצע את מעשיו ונסיבות דחק שונות אינן צריכות לרבוץ לפתחם של קורבנותיו.",train
כיצד ישפיעו נסיבות חייהן האישיות של הנאשמות על גזירת העונש?,נסיבות חייהן האישיות של הנאשמות תובאנה בחשבון בעת גזירת העונש.,train
מהו המנעד הענישתי בעבירות מעשים מגונים בבן משפחה וכיצד הוא מושפע מנסיבות המקרה?,"ממדיניות הענישה עולה כי עבירות מעשים מגונים בבן משפחה כרוכות במנעד ענישה רחב התלוי בנסיבות הקונקרטיות ובחומרת המעשים, וכן כי העומד בדרישות שיקום עשוי לקבל הקלות באופן יחסי.",train
מהו הגמול הנדרש שישקף את סלידת החברה ממעשיו של הנאשם?,לא התעלמתי מגמול נדרש לנאשם שישקף את הסלידה שחשה החברה נוכח מעשיו ואת הוקעתם הנדרשת.,train
מהו המסר שהוטלת קנס כספי מעביר לגבי תוחלת הרווח של נאשמים מהחזקת חומר אסור?,"הטלת קנס כספי כשלעצמו יש בו רכיב הרתעתי, בכך שיצא המסר כי תוחלת הרווח של נאשמים מהחזקת החומר האסור תהיה נמוכה מתוחלת הקנס הצפוי להם אם יתפסו ויורשעו.",train
מהן הנסיבות האישיות של הנאשם שהובאו לזכותו בגזירת העונש?,"לזכות הנאשם הבאתי בחשבון את גילו הצעיר (יליד 1991), היותו חף מהרשעות קודמות ואת הנורמטיביות המאפיינת את אורח חייו, לרבות ההמלצות החיוביות ממעסיקו.",train
מה כולל גזר הדין שהוטל על הנאשם לפי החלטת בית המשפט?,"בית המשפט מורה על גזר דין הכולל עבודות שירות, מאסר מותנה, צו מבחן, קנס כספי והתחייבות לעבור חריגה ממתחם הענישה ההולם במשקל שיקולי שיקום העונש.",train
כיצד משפיעה הקלות שביבוא הסם על הערכים המוגנים?,הקלות היחסית שביבוא הסם ושימוש בו פוגעת רבות בכל אותם ערכים מוגנים המפורטים לעיל.,train
אילו שיקולים ינחו את בית המשפט בקביעת העונש המתאים בגדרי מתחם הענישה?,"השיקולים השונים, ינחוני בקביעת העונש המתאים בגדרי מתחם הענישה ובכללם שיקולי הרתעת הנאשם והרתעת הרבים מפני ביצוע עבירות נוספות (סעיף 40ו לחוק העונשין).",train
כיצד נקבע מתחם הענישה לעבירה שביצע הנאשם?,"תחילה אקבע את מתחם הענישה למעשה העבירה שביצע הנאשם, על בסיס שיקולים נורמטיביים ואובייקטיביים, בהתחשב בערכים החברתיים שנפגעו, מידת הפגיעה בהם, במדיניות הענישה ובנסיבות הקשורות בביצוע העבירה.",train
כיצד מתבצעת מלאכת גזירת הדין לפי סעיף 40 לחוק העונשין?,"מלאכת גזירת הדין מורכבת משלושה שלבים עיקריים: תחילה, אקבע את מתחם העונש ההולם למעשה העבירה שביצע הנאשם, על בסיס שיקולים נורמטיביים ואובייקטיבים, בהתחשב בערך החברתי שנפגע מביצוע העבירה, במידת הפגיעה בערך זה, במדיניות הענישה הנהוגה ובנסיבות הקשורות בביצוע העבירה כמפורט בסעיף 40ט לחוק העונשין (סעיף 40ג לחוק העונשין); לאחר מכן, אבחן האם ראוי לחרוג מן המתחם לקולא בשל שיקולי שיקום (סעיף 40ד לחוק העונשין) או לחומרא בשל שיקולי הגנה על שלום הציבור (סעיף 40ה לחוק העונשין); לבסוף, אקבע את העונש המתאים שיושת על הנאשם, בהתחשב בצורך בהרתעת הנאשם (סעיף40ו לחוק העונשין), בצורך בהרתעת הרבים (סעיף40ז לחוק העונשין) ובנסיבותיו האישיות של הנאשם שאינן קשורות לביצוע העבירה (סעיף 40יא לחוק העונשין), כמו גם בנסיבות אחרות ככל שתמצאנה רלוונטיות (סעיף 40יב לחוק העונשין).",train
כיצד משפיעה האלימות כלפי בני זוג על החומרה של העבירה?,"מעשים אלה מקבלים משנה חומרה, כאשר מדובר באלימות הננקטת כלפי בני זוג, החיים יחדיו תחת קורת גג אחת, בתא משפחתי האמור לשמש משענת ומקום מבטחים.",train
מדוע לא תוכל סיכול מזימתו של המערער לשמש יסוד להקל עמו?,"העובדה כי מזימתו של המערער סוכלה ובעקבות כך נמנעו ממנו פירותיה, לא תוכל לשמש יסוד להקל עמו.",train
מהו העיקרון המנחה לקביעת מתחמי הענישה לפי סעיף 40ג(א) לחוק העונשין?,"מתחמי הענישה ההולמים יקבעו אם כן בהתאם לעקרון ההלימה, כפי שהוגדר בסעיף 40ג(א) לחוק העונשין.",train
מהו תפקידו של בית המשפט בהטלת עונש על מי שהורשע בעבירות סמים?,"אף בית המשפט נוטל חלק חשוב במאבק, באמצעות הטלת עונש מרתיע על מי שהורשע בעבירות סמים.",train
מהו השיקול שהביא את בית המשפט להקל בעונש לנאשם?,"בבסיס השיקולים לקולא הבאתי בחשבון כי הנאשם הודה במעשיו, נטל אחריות והביע צער וחרטה.",train
"מהי הסיבה לכך ששירות המבחן לא המליץ על ביצוע של\צ לנאשמת?""","בנסיבות אלה, התרשם שירות המבחן כי הנאשמת אינה מתאימה לבצע של\צ, נוכח היעדר נכונות ומוכנות מצדה לקשר עם שירות המבחן וקשייה לגלות אחריות ועמידה בזמנים ובמסגרות, ועל כן שב על המלצתו להטיל עליה עונש מאסר לריצוי בעבודות שירות.""",train
אילו נסיבות אישיות של הנאשמת נלקחו בחשבון בגזירת העונש?,"הבאתי בחשבון את גילה הצעיר (ילידת 1988), נסיבות חייה כפי שפורטו בתסקירי שירות המבחן ומצבה הבריאותי עליו למדתי מאסמכתאות רפואיות (אישור רופא משפחה מיום 4.5.2015 וסיכום אשפוז מיום 3.5.2015), המגביל אותה מלבצע עבודות פיזיות או משרדיות.",train
מהן שלוש הנקודות שעל בית המשפט להתחשב בהן כאשר הוא מיישם את העקרון של הלימה בעונש?,על מנת ליישמו בית משפט יתחשב בשלושת אלה: בערך החברתי שנפגע מביצוע העבירה ובמידת הפגיעה בו; בנסיבות הקשורות בביצוע העבירה ומידת אשמו של הנאשם ובמדיניות הענישה הנוהגת.,train
מהו מעמד שיקולי השיקום במאזן הענישה של בית המשפט?,"שיקולי שיקום הם, אמנם, בעלי מעמד חשוב עת מאזן בית המשפט בין שיקולי הענישה, הגמול וההרתעה, במלאכת גזירת הדין.",train
"מדוע יש להימנע מהפיכת איום לכלי לפתרון סכסוכים בין עו\ד ללקוח?""","אין לאפשר מצב בו איום הופך להיות כלי או אמצעי לפתרון סכסוך כזה או אחר, בפרט סכסוך בין עו\ד ללקוחו ואף קיים חשש שדברי איום יובילו לכדי פגיעה פיסית של ממש.""",train
מהי ההחלטה שנעשתה לגבי עונש הנאשם בנסיבות המקרה?,"בנסיבות אלה, אין מנוס מהטלת עונש מאסר בפועל לריצוי מאחורי סורג ובריח (ראו: רע\פ 4265/15 רפאל דדון נ' מדינת ישראל (ניתן ביום 22.6.2015)).""",train
מהו תפקיד בית המשפט במאבק נגד עבירות סמים?,"אף בית המשפט נוטל חלק חשוב במאבק, באמצעות הטלת עונש מרתיע על מי שהורשע בעבירות סמים.",train
כיצד השפיעה הרשעת המתלונן על עונשו של הנאשם?,"נוסף לכך, מצאתי בהרשעתו וגזירת דינו של המתלונן כגורם שיש בו כדי למתן קמעה את עונשו של הנאשם.",train
כיצד השפיעו מחלותיו הקשות של הנאשם על גזר הדין?,הנאשם טען כי סובל ממחלות קשות ומצאתי לתת לכך משקל לקולא.,train
כיצד השילוב בין רכיבי גמול לשיקום משפיע על הנאשם והחברה?,שילוב זה יאפשר לנאשם המשך פסיעתו בדרך הישר ורווח לחברה בעצם קבלתו כאדם נורמטיבי.,train
מהו העיקרון המשפטי שמנחה את קביעת מתחם העונש בעבירות מסוימות לפי תיקון 113 לחוק העונשין?,"תיקון 113 לחוק העונשין לא הגדיר את היחס בין העונש המזערי הקבוע בעבירות מסוימות לבין מתחם העונש ההולם, בדגש על הרף התחתון שלו, אשר בכללותו נדרש לשקף לצד חומרת העבירה את הערכים החברתיים שנפגעו ומידת הפגיעה בהם, את הנסיבות הקשורות בביצוע העבירות, מידת אשמו של הנאשם ואת מדיניות הענישה הנהוגה בנסיבות דומות.",train
כיצד משפיעה חומרת העבירות שביצע הנאשם על הפעלת המאסר המותנה?,"חומרת מעשי העבירות בהן הורשע הנאשם וביצועם בתקופת התנאי שהוטל עליו, מחייבים הפעלת המאסר המותנה.",train
כיצד השפיע זלזול הנאשם במערכת המשפט על ההחלטה בעניינו?,"הנאשם הפגין זלזול כלפי מערכת המשפט ולא נשמעו סיבות המשמשות לזכותו, אשר גרמו לו לבצע את המעשה בגינו הועמד לדין.",train
מהו המסר שיש להעביר לציבור בנוגע לעבירות אלימות ואיומים כלפי בן זוג?,"כנגד ביצוע עבירות אלימות ואיומים כלפי בן זוג, יש להציב גבולות ברורים ומסר של הוקעה חד וצלול לנאשם ולציבור כולו, כי עבירות מסוג זה יתקלו בענישה מוחשית.",train
מהי רמת חומרת העבירה שנמצאה בנסיבות ביצוע העבירה לפי סעיף 40ט לחוק העונשין?,"בבחינת הנסיבות הקשורות בביצוע העבירות, כמפורט בסעיף 40ט לחוק העונשין, מצאתי כי עסקינן ברף חומרה נמוך, בנסיבות ביצוע העבירה.",train
כיצד משפיעים מעשי הנאשם על החברה בכללותה בנוגע לנזקי ההתפרצויות?,"מעשיו של הנאשם אינם פוגעים רק בבעל הנכס אלא אף בחברה בכללותה, בדרך של העלויות הגבוהות הקשורות לנזקי ההתפרצויות, הן ביחס לעלויות ביטוח הנכס והן ביחס לעלויות הנדרשות לרשויות האכיפה.",train
מהי עמדת בית המשפט לגבי הצורך בהטלת עונש משמעותי על אלימות נגד נשים?,"האירוע המתואר בכתב האישום והכרעת הדין הוא חמור כמעט בכל קנה מידה, ואנו נכונים להסכים עם עמדת התביעה לפיה קיימת חשיבות של ממש בהצמדת תג עונשי משמעותי לאלימות נגד נשים, וזאת אף במנותק מנקודת הזמן בה אנו נמצאים, הנראית ככזו בה התגברו מעשים אלה.",train
מהו העקרון שעליו מתבסס מתחם העונש ההולם לפי סעיף 40ג לחוק העונשין?,מתחם העונש ההולם יקבע בהתאם לעקרון ההלימות כפי שהוגדר בסעיף 40ג(א) לחוק העונשין.,train
מהו עקרון ההלימה בענישה כפי שנקבע בתיקון 113 לחוק העונשין?,"תיקון 113 לחוק העונשין שעניינו \הבניית שיקול הדעת השיפוטי בענישה\"" התווה את עקרון ההלימה כעיקרון מנחה בענישה לפיו נדרש יחס הולם בין חומרת מעשה העבירה בנסיבותיו ומידת אשמו של הנאשם לבין סוג ומידת העונש המוטל עליו (ס' 40ב לחוק העונשין).""",train
מהי ההשפעה של חומרת ועוצמת התקיפה על העונש המוטל על התוקף?,"מסקירת הפסיקה הרלוונטית עולה כי לרוב דינו של מי התוקף את רעהו באמצעות חפץ כלשהו וגורם לו לחבלות, לעונש מאסר ממושך, אם כי הדבר תלוי בחומרת ועוצמת התקיפה, נסיבותיה ותוצאותיה.",train
כיצד יכל הנאשם להבין את הפסול שבמעשיו במהלך העבירה?,הנאשם יכל להבין את הפסול שבמעשיו בכל רגע נתון ולהימנע מהם נוכח שליטתו במהלכיו.,train
מהן הפגיעות שהנאשם גרם בהגנה על התא המשפחתי ובזכויות המותקפת?,"בביצוע עבירות של תקיפה הגורמת חבלה של ממש כלפי בת זוג ואיומים פגע הנאשם בהגנה על התא המשפחתי מפני אלימות, שלמות גופה של המותקפת, זכותה לאוטונומיה על גופה, שלוות נפשה וביטחונה האישי בעיקר בד' אמות התא המשפחתי.",train
מהו השיקול המרכזי שדרש התחשבות בנסיבות האישיות של הנאשם בגזירת העונש?,"בגזירת העונש המתאים לנאשם שלפניי בהתאם להוראות סעיף 40יא לחוק העונשין, יש מקום להתחשב בנסיבותיו האישיות, אשר אינן קשורות בביצוע העבירות.",train
מהו המסר המשפטי הנדרש במקרה של עבירות חמורות כמו אלו של הנאשם 2?,"סבורני כי בעבירות חמורות כגון אלו בהן הורשע הנאשם 2, לאחר שמיעת מכלול הראיות מטעם הצדדים, יש להטביע חותם פליליות על מעשיו, לבל ישוגר מסר הפוך מן המתחייב, משמע המדובר בעבירה שהיא נסלחת.",train
מדוע הוחלט לא להטיל על הנאשמת ענישה כלכלית כמו קנס או פיצוי?,"בנסיבות אלה, היות וביצוע עבודות השירות יפגע קרוב לוודאי בפרנסת הנאשמת ובתמיכתה במשפחתה, אמנע מענישה כלכלית בדרך של קנס או פיצוי.",train
"כיצד מתייחס בית המשפט לאינטרסים השונים של הנאשם, הקרבן והציבור?","שכן, בעוד שירות המבחן אמון על אינטרס שיקומו של הנאשם בלבד, לבית המשפט עומדת התמונה הכוללת של אינטרס הנאשם, הקרבן והציבור, ואמון הוא על כולם.",train
מדוע לא נמצאו טעמים לחריגה ממתחם הענישה במקרה זה?,בנסיבות המקרה שלפניי לא מצאתי טעמים המצדיקים חריגה ממתחם הענישה לקולא או לחומרה.,train
מהו הצורך שהובא בחשבון בהרתעת הנאשם ואחרים מלבצע עבירות דומות?,"בנסיבות אלה, יש לגמול לנאשם על מעשיו ולהרתיע את הנאשם ואחרים כמותו, מלשוב ולבצע עבירות דומות.",train
מהי הסיבה לכך שלא נמצא הצדקה לחרוג ממתחם העונש ההולם במקרה זה?,"בעניין זה, לא מצאתי הצדקה לחרוג ממתחם העונש ההולם, בשל שיקולי שיקום ומנגד, לא מצאתי כי החשש שהנאשם יחזור ויבצע עבירות דומות מצדיק חציית רף מתחם הענישה לחומרה משיקולי הגנה על שלום הציבור.",train
כיצד יש לראות עבירות מס מבחינת הנזק לציבור?,"יש המתפתים לראות עבירות מס, שאין הנגזל האינדיבידואלי בהן ניצב לנגד העיניים והרי הוא הציבור כולו, 'חסר הפנים' כביכול - במבט מקל. לא ולא.",train
מדוע יש ליתן משקל בכורה לשיקולי ההרתעה בעבירות מס?,"נקבע לא אחת כי נוכח החומרה היתרה המאפיינת את עבירות המס, יש ליתן משקל בכורה לשיקולי ההרתעה, תוך העדפתם על נסיבותיו האישיות של הנאשם.",train
אילו שיקולים נלקחו בחשבון בקביעת העונש המתאים לנאשם?,"אי-לכך, מכלול השיקולים, לרבות שיקולי הרתעת הנאשם ואחרים כמותו, ינחוני בקביעת העונש המתאים בגדר מתחמי הענישה.",train
מה מלמדות נסיבות המקרה על כוונת הנאשם בהתעמתות עם השוטרים?,"נסיבות המקרה מלמדות על רצף מעשים שלמצער חלקם היה מתוכנן, בעיקר מששב הנאשם לזירה כדי להתעמת עם השוטרים.",train
מהי תכליתו של סעיף 40יג לחוק העונשין בהשוואת מקרים דומים?,תכליתו הפונקציונאלית של סעיף 40יג לחוק העונשין לאפשר לערכאה הגוזרת את הדין להשוות את המקרה הנדון לפניה למקרים שנסיבותיהן דומות.,train
כיצד קובעים בתי המשפט מתחמי ענישה לעבירות שוד והשהייה בלתי חוקית?,"בתי המשפט קבעו סדרי גודל מתחמי ענישה שונים לעבירות השוד והשהייה הבלתי חוקית בהתאם לנסיבות המקרה, בשילוב גורמים שונים הקשורים למבצע העבירה ולנזק שנגרם.",train
מדוע יש צורך להציב גבולות ברורים לנאשם ולשדר מסר של הוקעה?,סבורני כי יש להציב בפני הנאשם גבולות ברורים ולשדר מסר של הוקעה שאינו משתמע לשתי פנים כי הישנות עבירות מסוג זה תתקל בענישה מוחשית.,train
מהו העיקרון המשפטי שמנחה את הענישה למחזיקי סמים שאינם לשימוש עצמי?,"עונש הולם למחזיקי סמים שלא לשימוש עצמי – קרי: למשולבים במערך ההפצה – מכוון לקבוע בהכרת הכל את החומרה היתירה שאנו מייחסים להפצת הסמים, ולהרתיע עבריינים בכוח מלשלוח ידם בפעילות ההפצה.",train
כיצד הנאשם פגע בערכים מוגנים ברף גבוה בהחזקת סם מסוג הרואין?,"הנאשם פגע באופן ניכר בקשת של ערכים מוגנים ברף גבוה, ביניהם הגנת הציבור, שלומו ובריאותו נוכח הסכנות הכרוכות בהחזקה ושימוש בכמות כה רבה של סם מסוג הרואין, הנחשב לאחד מהסמים הקשים והקטלניים.",train
מהו המתחם העונשי ההולם שיש לבחון בנסיבות העניין?,"יש לבחון את המתחם העונשי ההולם בנסיבות העניין, הכולל עקרון ההלימה, פגיעה בערך המוגן, מדיניות הענישה ונסיבות ביצוע העבירה.",train
כיצד יש לקבוע מתחם ענישה כאשר מדובר במספר עבירות המהוות אירוע אחד?,"בענייננו, עסקינן במספר עבירות המהוות אירוע אחד. משכך, אקבע מתחם ענישה לאירוע בכללותו, בהתאם לסעיפים 40יג(א) וסעיף 40ג(א) לחוק העונשין.",train
מהו השיקול המרכזי שיביא את בית המשפט להעדיף את שיקולי השיקום של הנאשם?,"בית המשפט יטה לבכר את שיקולי שיקומו של הנאשם על פני שיקולים אחרים כאשר הוא משתכנע כי הנאשם השתקם ושינה את דרכיו, או כי קיים סיכויי ממשי לשיקומו, וכך הוא 'במקום שבו נראה כעקבי הליך השיקום שבו מצוי המבקש-המערער' – ואילו השמתו של הנידון מאחורי סורג ובריח עלולה לאיין את ההליך השיקומי, או לפגוע בו באופן ניכר.",train
מהו השיקול המרכזי שעל בית המשפט להתחשב בו בעת יישום העונש?,"על מנת ליישמו בית משפט יתחשב בשלושת אלה: בערכים החברתיים שנפגעו מביצוע העבירה ומידת הפגיעה בהם; נסיבות הקשורות בביצוע העבירות ומידת אשמו של הנאשם ובמדיניות הענישה הנוהגת (ע\פ 8641/12 סעד נ' מדינת ישראל (5.8.2013)).""",train
כיצד השפיע רצון הצדדים לשקם את הזוגיות על ההחלטה לגבי פיצוי למתלוננת?,"היות והצדדים הביעו רצון לשקם את הזוגיות שלהם ולאחד את התא המשפחתי ועל שולחנם סמוך ילד קטן, לא מצאתי להשית על הנאשם פיצוי למתלוננת.",train
מה על בית המשפט לשקול כאשר הוא בוחן חריגה ממתחם הענישה?,על בית המשפט לבחון האם ראוי לחרוג מן המתחם לקולא בשל שיקולי שיקום (סעיף 40ד לחוק העונשין) או לחומרה בשל הצורך להגנה על שלום הציבור (סעיף 40ה לחוק העונשין).,train
מהו התנאי שעל הנאשמת לעמוד בו כדי לשקם את אורחות חייה?,"ככל שמעוניינת הנאשמת, באמת ובתמים, לשקם את אורחות חייה, הרי שעל הדבר להיעשות מתוך מניעים פנימיים איתנים, ובדרך של הימנעות מכליאתה פותח בית המשפט צוהר של תקווה לנאשמת על מנת שתפנה למסלול השיקומי הנדרש לה.",train
מהו השיקול המרכזי שיש לתת לו משקל בכורה בעת גזירת העונש?,מכאן שיש במקרה זה לתת משקל בכורה לשיקול ההלימה וכן להגנה על הציבור והרתעה הן של הנאשם והן של הרבים על פני נסיבותיו האישיות של הנאשם.,train
מהו השיקול שהשפיע על החלטת בית המשפט לגבי עונשו של הנאשם?,"הבאתי בחשבון את המגבלות שהוטלו על חירותו של הנאשם, ימי מעצרו ושחרורו בתנאים מגבילים שכללו הרחקה מאילת והפגיעה בפרנסתו הכרוכה בכך (ס' 40יא(3) לחוק העונשין).",train
מהו הנזק האפשרי שהיה יכול להיגרם למתלוננת בעקבות הפגיעה הפיזית?,"הנזק שעשוי היה להיגרם למתלוננת, בשל פגיעה פיזית בגופה, אף גדול בהרבה מזה שנגרם, בהתחשב בגילה.",train
מהי המגמה שהובילה להטלת עונשי מאסר משמעותיים בעבירות מין?,"מגמת החמרה זו מתבטאת בהטלת עונשי מאסר משמעותיים, לשם הגנה על אינטרס שלום הציבור ובמטרה להרתיע את היחיד ואת הרבים.",train
מהו הקריטריון הנדרש כדי להימנע מהרשעה בעבירות סמים חמורות?,"בעבירות הקשורות בנגע הסמים, ובמיוחד בנסיבות החמורות  בעניינו של הנאשם 2, יש צורך להתרשם ממקרה המצוי בגדר \חריג שבחריגים\"", על מנת שתתאפשר הימנעות מהרשעה.""",train
מהו המסר החברתי שמועבר באמצעות הענישה בעבירות מין בקטינים?,ענישה זו באה לשקף את סלידתה של החברה ממעשים אלה ואת האינטרס הציבורי הרב במיגור התופעה.,train
מדוע לא שוכנע בית המשפט בנסיבות מיוחדות לחרוג ממתחם העונש?,"עם זאת, לא שוכנעתי כי עסקינן בנסיבות מיוחדות ויוצאות דופן, עד כי גוברות הן על הצורך לקבוע את העונש במתחם העונש ההולם בהתאם לעיקרון המנחה, כפי קביעתי לעיל (ר' סעיף 40ד(ב) לחוק העונשין).",train
מדוע יש להשית על הנאשם ענישה מוחשית במקרה זה?,"בנסיבות אלו, סבורני כי יש להשית על נאשם ענישה מוחשית שתמחיש עבורו, ולאחרים כמותו, את חומרת מעשיו כמי שזלזל במשך שנים וחמק מביצוע העונש שהשיתו עליו בתי המשפט.",train
מהו המסר העונשי הנגזר ממדיניות הענישה בעבירות נשק?,"כפי שקבעתי בעבר, המסר העונשי הנגזר ממדיניות הענישה האמורה הוא כי 'שומר נפשו ושלומו – ירחק מעבירות הנשק באשר הן, קלות כחמורות'.",train
כיצד השפיעו תוצאות העונש על משפחת הנאשם באריתריאה?,הבאתי בחשבון את תוצאות העונש על משפחת הנאשם שנותרה באריתריאה.,train
אילו שיקולים יש לקחת בחשבון בעת הטלת עונש מצטבר על הנאשם?,"שיקולים להטלת עונש מצטבר כוללים את הזיקה בין העבירות, חומרתן ונסיבותיו האישיות של הנאשם, כולל קבלת אחריות וחרטה.",train
אילו שיקולים יש לקחת בחשבון בקביעת העונש המתאים לכל אחד מהנאשמים?,"השיקולים השונים, ינחוני בקביעת העונש המתאים לכל אחד מהנאשמים בתוך גדרי מתחם הענישה ההולם בהתאם לנסיבותיהם שאינן קשורות בביצוע העבירה ובהתאם לשיקולי הרתעת היחיד והרבים מפני ביצוע עבירות נוספות (ר' סעיפים 40ו ו-40ז לחוק העונשין).",train
מדוע ניתן לקבוע שהנאשם היה מודע לחומרת מעשיו ויכול היה להימנע מהם?,"הנאשם יכול היה להבין את מעשיו, חומרתם, משמעותם והפסול שבהם, ויכל להימנע ממעשיו, כולם או חלקם, בכל עת מבלי שעשה כן.",train
מהו העיקרון המנחה לגבי עבירות המהוות כמה אירועים מבחינת הענישה?,"כך מובהר לנאשם ולאחרים שכמותו כי עבירות המהוות כמה אירועים, אינן 'נבלעות' בענישה העיקרית, הן עומדות לעצמן, שוברן בצידן, ועונשן יכול לבוא בנפרד לכל אירוע, ובמצטבר.",train
מהו החשש הנובע מכך שהנאשם לא הפנים את חומרת מעשיו?,"במצב שכזה מתעורר החשש שמא לא הפנים הנאשם את חומרת מעשיו האסורים, דבר המגביר את החשש להישנות מקרים דומים בעתיד.",train
מהי ההוראה לגבי עונש המאסר לפי סעיף 355(ב) לחוק העונשין?,"בהתאם להוראת סעיף 355(ב) לחוק העונשין, עונש המאסר לא יהא כולו על תנאי, בהעדר \טעמים מיוחדים\"".""",train
מהי החובה המוטלת על בית המשפט בענישה של עבירות מין במשפחה?,"בית משפט זה עמד לא אחת על חומרתן הרבה של עבירות מין במשפחה ועל החובה 'להשיב על עבירות אלו בענישה משמעותית, כגמול על מעשיו של העבריין וכביטוי לסלידתה של החברה ממעשים אלו'.",train
אילו שיקולים ינחו את בית המשפט בקביעת העונש המתאים לנאשם?,"אי-לכך, מכלול השיקולים, לרבות שיקולי הרתעת הנאשם ואחרים כמותו (ס' 40ו ו-40ז לחוק העונשין), ינחוני בקביעת העונש המתאים לנאשם בגדרו של מתחם הענישה.",train
על מה מתבסס מתחם העונש ההולם לפי שיקולים נורמטיביים ואובייקטיביים?,"כידוע, מתחם העונש ההולם למעשה העבירה שביצע הנאשם, נקבע על בסיס שיקולים נורמטיביים ואובייקטיבים, בהתחשב בערך החברתי שנפגע מביצוע העבירה, במידת הפגיעה בערך זה, במדיניות הענישה הנהוגה ובנסיבות הקשורות בביצוע העבירה כמפורט בסעיף 40ט לחוק העונשין (סעיף 40ג לחוק העונשין).",train
כיצד יש להעריך את יכולתו של נאשם עם מצב קוגניטיבי פגוע לקבל טיפול שיקומי?,"במקרים בהם הנאשם מחזיק במצב קוגניטיבי פגוע או ירידה בתפקוד, יש להעריך באופן פרטני את יכולתו להפנים ולקבל טיפול שיקומי במסגרת הליך גזירת הדין.",train
מהו ההקשר החברתי והמשפטי שמצדיק את ההגנה על אנשי החוק בעת מילוי תפקידם?,"לפשר האמורה, היבטים הקשורים באופן מובהק במוסכמות הבסיסיות של היותנו חברה דמוקרטית המכבדת את שלטון החוק וזכויות הזולת, במערכת אכיפת החוק ובצורך להגן על אנשי חוק, המבצעים עבודתם נאמנה, לעיתים בתנאים קשים ומורכבים תוך סיכון שלומם וביטחונם האישי, כשלוחי החברה ושלטון החוק.",train
אילו ערכים מוגנים עומדים בבסיס עבירת השוד לפי סעיף 402(ב) לחוק העונשין?,"הערכים החברתיים שנפגעו: בביצוע עבירת השוד לפי סעיף 402(ב) לחוק העונשין, שלצדה קבע המחוקק עונש מרבי של 20 שנות מאסר, עומדים ערכים מוגנים משני רבדים: הראשון, הגנה על שלמות גופם ונפשם, ביטחונם, בריאותם, כבודם וחייהם של קורבנות העבירה, שכן עבירת שוד כוללת אלימות כלפי נפגע העבירה.",train
מה היה על התביעה להציג כדי להבין את השיקולים בהסדר הטיעון?,"התביעה הייתה צריכה להציג את ההסדר היטב כדי שאפשר יהיה להבין את השיקולים שעמדו ביסודו, שכן נראה שהוא מקל עם הנאשם.",train
כיצד ימצא גמול ההולם את נסיבות המעשה והעושה בהשתת צו מבחן?,גמול ההולם את מכלול נסיבות המעשה והעושה ימצא ביטויו בהשתת צו מבחן במסגרתו ישולב הנאשם בהליך טיפולי בשירות המבחן.,train
מדוע הנאשם אינו זכאי ליהנות מהגנה שבדין?,"הנאשם יכל להימנע מהמעשים לו רצה בכך, הוא  אינו זכאי ליהנות מהגנה שבדין ואינו קרוב לסייג לאחריות פלילית.",train
מהי הגישה שנקבעה לגבי הענישה בעבירות סמים והצורך במאבק נגדם?,"כבר נקבע כי יש לנהל מלחמת חורמה ממשית באמצעות ענישה מכאיבה כנגד עברייני סמים על פגיעתם הקשה, מד' אמותיהם לעבר הציבור.",train
מהו השיקול המרכזי שיש להביא בחשבון בעת קביעת העונש?,"לצורך כך אביא בחשבון את הערכים החברתיים שנפגעו מביצוע העבירות ומידת הפגיעה בהם; נסיבות הקשורות בביצוע העבירות, מידת אשמו של הנאשם ומדיניות הענישה הנוהגת (ע\פ 8641/12 סעד נ' מדינת ישראל  (ניתן ביום 5.8.2013)).""",train
מהי המשמעות של התנהלות הנאשם בהליך המשפטי ביחס לחומרת מעשיו?,"התנהלות זו כשלעצמה מלמדת על זלזול של ממש מצד הנאשם כלפי ההליך המשפטי, אי הפנמת חומרת מעשיו בגינם הועמד לדין וניסיונו להתחמק מלתן עליהם את הדין.",train
אילו שיקולים לקולא נלקחו בחשבון לטובת הנאשם במהלך ההליך המשפטי?,"שיקולים לקולא - לזכות הנאשם הבאתי בחשבון את הודאתו בכתב האישום שתוקן לקולא, החיסכון בזמנו של בית המשפט הכרוך בכך, לקיחת אחריות על מעשיו והבעת צער על שארע.",train
כיצד חידד תיקון 113 לחוק העונשין את הצורך בשיטת ענישה אינדיווידואלית?,"בדרך זו חידד תיקון 113 לחוק העונשין את הצורך בהמשך נקיטת שיטת ענישה אינדיווידואלית, הבוחנת נסיבותיו של כל מקרה ואדם המובא לדין.",train
כיצד ייקבע מתחם הענישה ההולם לפי עקרון ההלימה בחוק העונשין?,"מתחם הענישה ההולם יקבע בהתאם לעקרון ההלימה, כפי שהוגדר בסעיף40ג(א) לחוק העונשין.",train
"מהו הנזק הפוטנציאלי הצפוי מביצוע העבירה, גם אם לא נגרם נזק בפועל?","מכאן, גם אם לא ניתן להצביע על גרימת נזק מביצוע העבירה, הרי שהנזק שהיה צפוי להיגרם מביצועה הינו רב ולו פוטנציאל הרה אסון.",train
מהו השיקול המרכזי שלא הסכים להקל בעונש הנאשם למרות טענות התגרות?,"אף אם נשמעו דברי התגרות מצד אותו קטין כלפי הנאשם ואף אם התנהל ביניהם ויכוח, כטענת הסנגורית מבלי שהונחה כל תשתית עובדתית להוכחת הדברים, הרי שאין בכך כדי לספק טעם ראוי לביצוע מעשיו האלימים של הנאשם.",train
מדוע נוצרו דיני איכות הסביבה בהקשר להגנה על ערכי הטבע?,קיימת חשיבות רבה להגנה על ערכי הטבע שהינם מוגבלים ולכן ודיני איכות הסביבה נוצרו על מנת לשמור ולהגן עליהם.,train
מדוע לא מצדיקות הסיבות שהביאו את הנאשם לבצע את העבירה את מעשיו?,"ברי הסיבות שהביאו את הנאשם לבצע את העבירה אינן מצדיקות את מעשי הנאשם, אף אם היה חרד כאבא לעתידה הכלכלי של בתו.",train
מהו הממצא לגבי פוטנציאל השיקום של הנאשם בהקשר למתחם הענישה?,בנסיבות הנאשם שלפניי לא נמצא פוטנציאל שיקומי המצדיק חריגה ממתחם הענישה לקולא (סעיף 40ד לחוק העונשין).,train
מהי המטרה המרכזית שיש להדגיש בענישה של הפצת חומרים מסכנים?,"בכל הנתונים והשיקולים שהוצגו, יש להדגיש ולהעמיד את מטרה של מניעת הפצת חומרים מסכנים על ידי הענישה הראויה בהתאם לחוק ולנסיבות המקרה.",train
מהו הצורך שנקבע בעקבות תיקון מס' 113 לחוק העונשין בנוגע לשיטת הענישה?,"בעקבות תיקון מס' 113 לחוק העונשין חודד הצורך בהמשך נקיטת שיטת ענישה אינדיווידואלית, הבוחנת נסיבותיו של כל מקרה ואדם המובא לדין.",train
מהו מכלול השיקולים שיש לקחת בחשבון בקביעת העונש לנאשם?,"אי-לכך, מכלול השיקולים, לרבות שיקולי הרתעת הנאשם ואחרים כמותו מפני ביצוע עבירות נוספות (ר' סעיפים 40ו ו-40ז לחוק העונשין), ינחוני בקביעת העונש המתאים לנאשם בגדרי מתחם הענישה.",train
מהו השיקול שהובא בחשבון לקולא בנוגע לגיל הנאשמים?,"לקולא הבאתי בחשבון את גילם הצעיר של הנאשמים, ילידי שנת 1989.",train
מהו הפוטנציאל להסלמה במפגש אלים בביצוע עבירת התפרצות לבית מגורים?,בביצוע עבירה זו יש פוטנציאל להסלמה עד כדי מפגש אלים בין הפורץ לבין דיירי המקום.,train
מהו האופי המיידי והמסוכן של מעשי הנאשם?,בכך יש כדי להצביע על אופי אלים ומסוכנות ממשית ומיידית.,train
מהו העונש המרבי שנקבע בעבירה של שימוש בכוח או באיומים למנוע מעצר?,"בעבירה של שימוש בכוח או באיומים למנוע מעצר, לצדה קבע המחוקק עונש מרבי של שישה חודשי מאסר, נפגעים הערכים של שמירה והגנה על הסדר הציבורי, שלטון החוק ושלמות גופם, כבודם וביטחונם של הממונים על אכיפת החוק.",train
מהי המדיניות המשפטית העומדת בבסיס השיקולים לחומרה בעבירות בהן הורשע הנאשם?,שיקולים לחומרה: בבסיס השיקולים לחומרה ניצבת המדיניות המשפטית בעבירות בהן הורשע הנאשם והצורך להגן על הערכים החברתיים שנפגעו מביצועה.,train
אילו שיקולים יובאו בחשבון לקביעת מתחם הענישה?,"לצורך כך יובאו בחשבון הערכים החברתיים שנפגעו מביצוע העבירות ומידת הפגיעה בהם; נסיבות הקשורות בביצוע העבירות, מידת אשמו של הנאשם ומדיניות הענישה הנוהגת.",train
כיצד משפיעה חומרת העבירות ונסיבות ביצוען על הצורך בענישה מוחשית?,"בסופו של דבר, חומרת העבירות ונסיבות ביצוען בשילוב עברו של הנאשם מציירים תמונת מסוכנות ומביאים למסקנה ברורה כי לא די בתמרורי האזהרה - בדמות מאסרים מותנים וענישה בדרך עבודות שירות, אלא יש צורך בענישה מוחשית באמצעות מאסר בפועל מאחורי סורג ובריח על מנת  להמחיש עבור הנאשם את החומרה שבמעשיו החוזרים ונשנים.",train
מהו השיקול המיוחד שמצדיק הקלה בעונשו של הנאשם למרות החומרה שבמעשיו?,"השיקולים הפרטניים במקרה דנא מצדיקים הקלה משמעותית בעונשו של הנאשם, על אף החומרה הרבה שבמעשיו.",train
אילו שיקולים יש להביא בחשבון בהרתעת היחיד והרבים בעבירות סמים?,"יש להביא בכלל חשבון את שיקולי הרתעת היחיד והרבים, בעיקר נוכח ההשלכות החברתיות הקשות הכרוכות בביצוע עבירות סמים.",train
מה עומד בבסיס השיקולים לחומרה במקרה של הנאשם?,"שיקולים לחומרה: בבסיס השיקולים לחומרה עומדת המדיניות המשפטית בעבירה בה הורשע הנאשם, האלימות הרבה שהפגין והצורך להגן על הערכים החברתיים שנפגעו מביצועה.",train
מה קבע בית המשפט העליון לגבי השפעת מחלת הנפש על עונשו של המערער?,"בית המשפט העליון אישר את מתחם הענישה וקבע כי קיימת אפשרות ממשית שמעשיו של המערער הושפעו ממחלת הנפש שבה לוקה ולכן הופחת עונשו ל-30 חודשי מאסר (חלף 36 חודשים שנגזרו על ידי בית המשפט המחוזי), מאסר מותנה, פיצוי בסך 10,000 ₪ וקנס בסך 1,000 ₪.",train
מהו הנימוק להבהרת מתחם הענישה בגזר הדין במקרה זה?,"בד בבד, מצאתי לנכון לפרט בגזר דין זה את מתחם הענישה, הן לצורך הליכים אחרים בהם מורשעים נאשמים בעבירות מסוג זה, והן כדי להבהיר לנאשם שלפניי את הצפוי לו, אם לא יתמיד בהליך הטיפולי ובענישה שאגזור עליו.",train
מדוע יש חשיבות לשמירה על שלטון החוק והסדר הציבורי בהקשר להפרת הוראה חוקית?,"הטעם העומד בבסיס הוראה חוקית, הינו שמירה על שלטון החוק והסדר הציבורי, אכיפתו, וכן הגנה על הציבור מפני אלה המפרים אותו ועלולים להביא במעשיהם לפגיעה בסדר הציבורי.",train
אילו שיקולים לקולא נלקחו בחשבון בעניינו של הנאשם?,"שקלתי לקולא את נסיבותיו האישיות של הנאשם, את ניהול אורח חייו התקין ואת עצם הודייתו בהזדמנות הראשונה.",train
מהי הסיבה להטלת מאסר בפועל על הנאשמת בעקבות העבירות שביצעה?,"חומרת העבירות שביצעה הנאשמת, בנסיבות ביצוען, מצדיקות השתת מאסר בפועל על מנת לגמול לנאשמת על מעשיה ולהרתיעה, כמו גם אחרים כמותה, מלשוב עליהם.",train
מהו השיקול המרכזי שיש לתת לו משקל רב באיזון עם חומרת מעשיו של הנאשם?,"לפיכך, נוכח נסיבותיו של הנאשם, סבורני כי אין למתוח את שורת הדין עמו ויש לתן משקל רב לשיקול השיקומי באיזון הראוי למול חומרת מעשיו.",train
מהו העיקרון שעליו ייקבע מתחם הענישה ההולם לפי סעיף 40ג(א) לחוק העונשין?,מתחם הענישה ההולם יקבע בהתאם לעקרון ההלימה כפי שהוגדר בסעיף 40ג(א) לחוק העונשין.,train
מהו עקרון ההלימה שנקבע בתיקון 113 לחוק העונשין וכיצד הוא משפיע על הענישה?,"תיקון 113 לחוק העונשין שעניינו \הבניית שיקול הדעת השיפוטי בענישה\"" התווה את עקרון ההלימה כעיקרון מנחה בענישה לפיו נדרש יחס הולם בין חומרת מעשה העבירה בנסיבותיו ומידת אשמו של הנאשם לבין סוג ומידת העונש המוטל עליו (ס' 40ב לחוק העונשין).""",train
מהי הסיבה לכך שלא שוכנע בית המשפט לחצות את רף מתחם הענישה לחומרה?,"מנגד, לא שוכנעתי כי יש הצדקה לחציית רף מתחם הענישה לחומרה משיקולי הגנה על שלום הציבור.",train
מהו המידע שנמצא ברקעו של הנאשם בנוגע להשפעת העונשים שהוטלו עליו על התנהגותו?,"רקעו של הנאשם מלמד כי העונשים המוחשיים שהוטלו עליו, כמו גם העונשים המותנים, לא הרתיעו אותו מלשוב ולבצע עבירות שונות פעם אחר פעם.",train
מדוע מצוקותיהם האישיות של הנאשמים אינן יכולות לגרוע מהביטחון הנדרש לציבור מפני סמים מסוכנים?,"יתר על כן, אף אם מצוקותיהם האישיות של הנאשמים שיכול ועמדו בבסיס מעשיהם, אינן צריכות לגרוע מהביטחון הנדרש לציבור, המבקש להיות מוגן מפני פגיעתם הקשה של סמים מסוכנים ובעניין זה יש להביא בכלל חשבון את הנזק שהיה צפוי להיגרם לציבור ככל שכמות כה גדולה של סם מסוכן, אף אם לא מהקשים שבהם, היתה מגיעה בסופו של דבר לידי צרכני סמים.",train
מהו העיקרון המנחה לקביעת מתחם הענישה לפי סעיף 40ג(א) לחוק העונשין?,"מתחם הענישה ההולם יקבע בהתאם לעקרון ההלימה, כפי שהוגדר בסעיף 40ג(א) לחוק העונשין.",train
מהן הסיבות לקולא שנלקחו בחשבון בעת גזירת העונש לנאשם?,"שיקולים לקולא: לזכות הנאשם הבאתי בחשבון את גילו הצעיר (יליד שנת 1993), היותו חייל מוערך בשירות סדיר, הודאתו בכתב האישום שתוקן לקולא והחיסכון בזמנו של בית המשפט הכרוך בכך, לקיחת אחריות על מעשיו והבעת הצער והחרטה מצידו.",train
אילו שיקולים הנחו את בית המשפט בקביעת העונש המתאים בגדרי מתחם הענישה?,"אי-לכך, מכלול השיקולים, לרבות שיקולי הרתעת הנאשמים ואחרים כמותם מפני ביצוע עבירות נוספות, ינחוני בקביעת העונש המתאים בגדרי מתחם הענישה (ר' סע' 40ו ו-40ז לחוק העונשין).",train
"מהו \מבחן האיזון\"" שנועד לבחון את הסדר הטיעון?""","לצורך בחינת הסדר הטיעון המובא לפתחו של בית המשפט, התפתח בפסיקה \מבחן האיזון\"", שלפיו יבחן בית המשפט האם הושג איזון בין טובת ההנאה שמעניק הסדר הטיעון לנאשם, לבין התועלת שיש בהרשעת הנאשם ובעונש המוצע במסגרת ההסדר לאינטרס הציבורי, בין היתר בשים לב לחיסכון בזמן ובמשאבים השיפוטיים, הודיית הנאשם בביצוע העבירות וקבלת האחריות למעשיו, מניעת הצורך בהעדתם של עדים שונים ובפרט נפגעי העבירה, ועוד.""",train
מהו השיקול המרכזי לחומרה בענישת הנאשם בעבירות שביצע?,בבסיס השיקולים לחומרה עומדת חומרת העבירות אותן ביצע הנאשם והמדיניות המשפטית בענישה בעבירות אלה והפוטנציאל הטמון בהן.,train
מדוע חשובה שקיפות המערכת הפיננסית במניעת פעילות אסורה?,"חשיבות האמור ברורה לשם הבטחת שקיפות וכדי למנוע פעילות אסורה, בפרט בשים לב לכך שעל פי הוראות חוק איסור הלבנת הון והצווים מכוחו מוטל על הסקטור הפיננסי תפקיד אקטיבי כ\שומר סף\"" על מנת להקשות על מלביני הון להטמיע כספים במערכת הפיננסית ולנצלה, ולהקל על גילוין של עבירות.""",train
מהו מתחם העונש ההולם שנקבע לעבירות שביצע הנאשם?,"מכל המקובץ, סבורני כי מתחם העונש ההולם לעבירות שבוצעו על ידי הנאשם, בנסיבות המפורטות, נע בין מאסר מותנה לבין 8 חודשי מאסר בפועל, לצד ענישה מרתיעה וענישה כלכלית.",train
כיצד משפיעה היותו של הנאשם פליט סודני על אפיקי הענישה?,"יתר על כן, העובדה כי מדובר בפליט סודני השוהה במתקן \חולות\"", מצמצמת את אפיקי הענישה בעניינו, כך למשל ריצוי עבודות שירות או שירות לתועלת הציבור.""",train
מהו עקרון ההלימה שנקבע בסעיף 40ב לחוק העונשין?,"ס' 40ב לחוק העונשין, אשר נחקק במסגרת תיקון 113 לחוק העונשין שעניינו \הבניית שיקול הדעת השיפוטי בענישה\"", התווה את עקרון ההלימה כעיקרון מנחה בענישה, לפיו נדרש יחס הולם בין חומרת מעשה העבירה בנסיבותיו ומידת אשמו של הנאשם לבין סוג ומידת העונש המוטל עליו.""",train
מהי מידת האשם של הנאשם והפגיעה בערכים המוגנים בנסיבות המתוארות?,בנסיבות המתוארות מידת האשם של הנאשם גבוהה והפגיעה בערכים המוגנים הינה ניכרת ובולטת.,train
כיצד משפיע העונש המרבי שנקבע לעבירה על מדיניות הענישה הראויה?,"העונש המרבי שקבע המחוקק לעבירה מסוימת, ובפרט כאשר עסקינן בחוק חדש, הינו בעל השפעה על קביעת מתחם העונש ההולם ועל מדיניות הענישה הראויה.",train
מהי מטרת האיסור המונע מצבים של פגיעה בגוף ובנפש בעקבות מריבה מילולית?,"מטרת האיסור למניעת מצבים בהם, מריבה מילולית הופכת במהרה לפגיעה בגוף ובנפש, כפי שעיננו רואות חדשות לבקרים, כיום יותר מבעבר.",train
מהו הסיכון הממשי הנובע מירי באמצעות נשק חם בקרבת אנשים?,"ירי באמצעות נשק חם המבוצע בקרבת אנשים יוצר סיכון ממשי לפגיעה בגוף או בנפש, גם אם הוא לא מכוון כנגד אדם, באשר הוא עלול לגרום לפגיעה בגוף ובנפש, לרכוש גם לעוברי אורח וליושבים בבתיהם.",train
כיצד מתחשבת מדיניות הענישה בעבירות אלימות במשפחה בצורך להילחם בתופעות האלימות?,מדיניות הענישה בעבירות בהן הורשע הנאשם מתחשבת בצורך להילחם בתופעות האלימות במשפחה על כל גווניה.,train
כיצד נקבע מתחם הענישה למעשי העבירות שביצעה הנאשמת?,"תחילה, אקבע את מתחם הענישה למעשי העבירות שביצעה הנאשמת, על בסיס שיקולים נורמטיביים ואובייקטיבים, בהתחשב בערכים החברתיים שנפגעו, מידת הפגיעה בהם, במדיניות הענישה ובנסיבות הקשורות בביצוע העבירות.",train
מה קובע בית המשפט העליון לגבי תפקידו במלחמה נגד נגע הסמים?,"בית המשפט העליון קבע בשורה ארוכה של פסקי דין, כי נגע הסמים פשה בארצנו כמגיפה ומשכך מצווים בתי המשפט לתרום את חלקם במלחמה נגד נגע זה על מנת לבלום את הצפת המדינה בכמויות גדולות של סם.",train
מהו העיקרון המשפטי הנוגע לניכוי ימי המעצר בעונש המאסר שנגזר על הנאשם בעבירות הסחיטה באיומים?,"אי ניכוי ימי המעצר אשר שירת במסגרת עונש מאסר בפועל שהוטל עליו בגין עבירות אחרות שריצה במקביל, אינו גורע מעונש המאסר שנגזר בשל עבירות הסחיטה באיומים, וניתן להורות לנכות רק את ימי המעצר ללא ימי המאסר המתואמים בהם, במטרה שלא תאיין את העונש שהוטל בגין עבירות אלו.",train
מהן שלושת השלבים במלאכת גזירת הדין לפי סעיף 40 לחוק העונשין?,"מלאכת גזירת הדין מורכבת משלושה שלבים עיקריים:  תחילה, אקבע את מתחם העונש ההולם למעשי העבירות שביצע הנאשם, על בסיס שיקולים נורמטיביים ואובייקטיבים, בהתחשב בערכים החברתיים שנפגעו מביצוע העבירות, במידת הפגיעה בערכים החברתיים, במדיניות הענישה הנהוגה ובנסיבות הקשורות בביצוע העבירות כמפורט בסעיף 40ט לחוק העונשין (סעיף 40ג לחוק העונשין); לאחר מכן, אבחן האם ראוי לחרוג מן המתחם לקולא בשל שיקולי שיקום (סעיף 40ד לחוק העונשין) או לחומרה בשל שיקולי הגנה על שלום הציבור (סעיף 40ה לחוק העונשין); לבסוף, אקבע את העונש המתאים שיושת על הנאשם, בהתחשב בצרכיי הרתעתו (סעיף40ו לחוק העונשין), הרתעת הרבים (סעיף40ז לחוק העונשין) ובנסיבותיו האישיות שאינן קשורות בביצוע העבירות (סעיפים 40יא ו-40יב לחוק העונשין) [ראו: ע\פ 2918/13 דבס נ' מדינת ישראל (ניתן ביום 18.7.2013); ע\""פ 1903/13 עיאשה נ' מדינת ישראל (ניתן ביום 14.7.2013); ע\""פ 1323/13 חסן נ' מדינת ישראל (ניתן ביום 5.6.2013)].""",train
כיצד יכולה ענישה מחמירה לתמרץ קורבנות סחיטה להתלונן?,אף נקבע כי בכוחה של ענישה מחמירה לתמרץ קורבנות סחיטה להתלונן.,train
"מהי מידת הפגיעה בערכים החברתיים במקרה זה, בהתבסס על החבלות שהותיר הנאשם?","מידת הפגיעה בערכים החברתיים במקרה דנא הינה רבה, נוכח החבלות והסימנים שהותירו מכותיו של הנאשם על פניה של המתלוננת, עליהם למדתי מהתמונות שהוצגו לפניי (ת/1).",train
מהו המסר שהשופט חייב להעביר לנאשם בנוגע לעבירות מסוג זה?,"מחובתו של בית המשפט להעביר מסר חד וצלול לנאשם ולאחרים כמותו, לפיו עבירות מסוג זה יתקלו בענישה מוחשית.",train
מהי תכליתו הפונקציונלית של סעיף 40יג לחוק העונשין?,תכליתו הפונקציונאלית של סעיף 40יג לחוק העונשין הוא לאפשר לערכאה הגוזרת את הדין להשוות את המקרה הנדון לפניה למקרים שנסיבותיהן דומות.,train
מהי מידת הפגיעה בערכים המוגנים בעבירת הגניבה בהשוואה לעבירות השוד?,ממידת הפגיעה בערכים המוגנים הינה משמעותית אך לא במרום חומרתה ביחס לעבירות השוד.,train
באילו מקרים יוצאי דופן בית המשפט יכול להימנע מהרשעת נאשם?,"בית המשפט משתמש בסמכותו שלא להרשיע נאשם במקרים יוצאי דופן, בהם אין יחס סביר בין חומרת העבירות לבין הנזק שייגרם לנאשם כתוצאה מהרשעתו.",train
כיצד נקבע מתחם העונש ההולם לפי סעיף 40ג(א) לחוק העונשין?,"מתחם העונש ההולם נקבע בהתאם לעקרון ההלימה כפי שהוגדר בסעיף 40ג(א) לחוק העונשין, ולצורך כך על בית המשפט להתחשב בשלושת אלה: בערכים החברתיים שנפגעו כתוצאה מביצוע העבירה ובמידת הפגיעה בהם; בנסיבות הקשורות בביצוע העבירה ומידת אשמו של הנאשם; במדיניות הענישה הנהוגה.",train
כיצד משקפת חבילת העונשים את מדיניות הענישה בעבירות אלימות במשפחה?,"חבילת העונשים שנקבעה למקרים אחרים משקפת את מדיניות הענישה הנוהגת בעבירה שבה הורשע הנאשם, שמה דגש על הצורך במאבק בנגע האלימות בחיק המשפחה ובצורך להשית ענישה מרתיעה.",train
מהי החשיבות של הערכים החברתיים שנפגעו ומידת הפגיעה בהם בעת קביעת העונש?,"לצורך כך אביא בחשבון את הערכים החברתיים שנפגעו מביצוע העבירה ומידת הפגיעה בהם; נסיבות הקשורות בביצוע העבירה, מידת אשמו של הנאשם ומדיניות הענישה הנוהגת.",train
מהי החשיבות של אבטחת רכב כנגד עבריינות מזיקה?,"עבירה זו באה לאבטחת רכב כנגד עבריינות מזיקה שכן \כלי הרכב בהרבה מובנים דומה מאוד לביתו של אדם וכמותו ראוי הוא למניפת הגנה רחבה\"".""",train
באילו ערכים מוגנים פגע הנאשם בהפרת שלטון החוק?,"הנאשם פגע אם כן באופן ניכר בערכים המוגנים של שמירה על אושיות שלטון החוק; הסדר הציבורי; ביטחונם, שלמות גופם וכבודם של אנשי החוק.",train
מדוע לא נמצאה הצדקה לחריגה ממתחם הענישה לקולה?,לא מצאתי הצדקה לחריגה ממתחם הענישה לקולה בהעדר נכונות מצד הנאשם להשתלב בהליך טיפולי.,train
מהן הנסיבות המיוחדות בביצוע העבירות שהשפיעו על החמרת הענישה?,"בבחינת הנסיבות הקשורות בביצוע העבירות, בהתאם לסעיף 40ט לחוק העונשין, עולה כי מדובר בעבירות אלימות חמורות, שרק בדרך נס לא הסתיים האירוע בתוצאות קשות יותר, אך מעשיו של הנאשם הותירו צלקות פיזיות ונפשיות.",train
מדוע יש לקחת בחשבון את קרבנות העבירה בעת קביעת הענישה?,"לא אחת הנאשמים באים עצמם מרקע קשה המצדיק התחשבות; אך המחוקק והפסיקה רואים לנגד עיניהם גם את הקרבנות, קרבנות בפועל וקרבנות פוטנציאליים, את היחיד שאיתרע מזלו להיות קרבן, ואת כלל החברה החוששת כי ירבו קרבנות.",train
כיצד משפיעה מידת האשם של הנאשם על מתחם הענישה בעבירות פליליות?,"נתון זה משליך, במידת מה, על מתחם הענישה - המושפע, כידוע, גם ממידת אשמו של הנאשם (ראה סעיף 40ט(א) לחוק העונשין) - באופן הנותן ביטוי, לצרכי ענישה, לשוני בין מידת האשם של מי שביצע את מעשה העבירה באופן מודע לבין הנאשם, שמידת השליטה שלו, גם אם בשל כניסתו למצב בהתנהגות הפסולה, הוגבלה במידת מה (ראו ע\פ 10416/07 פאבל דולינסקי נ' מדינת ישראל (ניתן ביום 7.12.2009)).""",train
"מהי המדיניות בענישה בעבירות רכוש, ובפרט בעבירות התפרצות לבתי מגורים?","מדיניות הענישה הנהוגה בפסיקה בעבירות בהן הורשע הנאשם, מתחשבת בצורך במאבק בנגע עבירות הרכוש בכלל ועבירות של כניסה וההתפרצות לבתי מגורים בפרט.",train
מהו המסר המשפטי שיש להטביע על מעשי הנאשם בהם הורשע?,"יש להטביע חותם פליליות על מעשי הנאשם בהם הורשע, לבל ישוגר מסר הפוך מן המתחייב, משמע המדובר בעבירות שהן נסלחות.",train
כיצד משפיעה שאלת היכולת הכלכלית של הנאשם על קביעת שיעור הפיצוי?,"שאלת היכולת הכלכלית של נאשם לפרוע את סכום הפיצוי אינה שיקול רלבנטי בקביעת שיעורו, ויש לפסוק את הפיצוי בהתאם לנזק והסבל שנגרמו לנפגעי העבירה.",train
כיצד פגע הנאשם בערכים חברתיים בהבאת איומים על המאוים?,"נוסף לכך, בביצוע עבירת איומים פגע הנאשם בערכים חברתיים שנועדו להגן על שלוות נפשו של המאוים, חופש הפעולה והבחירה שלו.",train
מהי החומרה המיוחסת לעבירה של יבוא סמים לפי המחוקק?,"המחוקק הטעים את החומרה היתרה שבעבירה של יבוא סמים, בקובעו לצדה עונש מרבי של 20 שנות מאסר.",train
מהן המטרות של מניעת הפקת רווחים מעבירות בהקשר של הלבנת הון?,"מדובר אם כן בערכים חברתיים שמטרתם מניעת הפקת רווחים מעבירות; מניעת היכולת להטמיע כספים שמקורם בעבירות מקור, תוך שימוש במערכת הבנקאית ובנותני שירותי מטבע, עם כספים שהושגו בדרך חוקית; יצירת תמריץ שלילי לביצוע עבירות בעלות היבט כלכלי באמצעות נטרול יסוד הרווח הטמון בהן; ומניעת פעילות עבריינית.",train
מדוע הוגדרו עבירות אלימות באמצעות נשק כעבירות חמורות ביותר בפסיקה?,"בימים אלה, כאשר האלימות גואה ברחבי הארץ, אנשים נדקרים ונפצעים קשה, לעיתים למוות, בשל סיבות של מה בכך, החל מוויכוח על סכומי כסף פעוטים או שימת ליבה של בחורה ועד למלחמות עבריינים המוציאים להורג אלה את אלה, אין תמה על כך שעבירות אלימות באמצעות נשק קר או חם הוגדרו בפסיקה כעבירות חמורות ביותר, ובתי המשפט ביטאו לא אחת את העמדה לפיה גם מי שאין לו עבר פלילי, וזו לו העבירה הראשונה, ראוי לענישה מחמירה ומרתיעה אם ביצע עבירת נשק כלשהי.",train
מדוע יש מקום לגלות חמלה כלפי הנאשם בנסיבות המקרה?,"בנסיבות אלו, ומבלי להקל חלילה בחומרת המעשה, סבורני כי יש מקום לגלות מעט חמלה כלפי הנאשם.",train
מהי הסיבה לכך שלא נמצא פוטנציאל שיקום המאפשר חריגה ממתחם הענישה לקולא?,"בנסיבות המקרה דנא, לא מצאתי כי קיים פוטנציאל שיקום מיוחד המצדיק חריגה ממתחם הענישה לקולא.",train
מדוע יש להטיל עונש מאסר בפועל בעבירות אלימות חמורות?,"המסר צריך להיות חד וברור, לאמור, אין לנקוט גישה סלחנית כלפי מי שביצע עבירת אלימות חמורה ואין לפטור עניינו של זה בעונש שאינו כולל מאסר בפועל לתקופה מהותית (לעניין זה ראו: ע\פ 6885/04 שי חן נ' מדינת ישראל (ניתן ביום 10.02.05).""",train
כיצד תורם בית המשפט במאבק בעבירות רכוש?,"בית המשפט מצווה לתרום את חלקו במאבק בתופעת העבירות הללו, בשימוש בעונשים מרתיעים.",train
מהי חומרת העבירה של תקיפת שוטר ומהם העונשים הקבועים בצידה?,"דומני כי אין צורך להכביר מילים באשר לחומרת העבירה של תקיפת שוטר, שבצידה קבוע עונש מרבי של 5 שנות מאסר, ואף עונש מינימום של 3 חודשי מאסר, כמו גם חומרת העבירות של העלבת עובד ציבור ושימוש בכוח או באיומים למניעת מעצר חוקי, בהן הורשע הנאשם.",train
כיצד משפיעה היסטוריית הנאשם על מדיניות הענישה ההוגנת?,ככל שבית המשפט בוחן מדיניות ענישה הוגנת הראויה להתחשב בהיסטוריה של הנאשם ובהתנהגותו לאחר ביצוע העבירות.,train
מהן הקשיים שהנאשם מתמודד עימם בשל גילו הצעיר ומעמדו?,"הבאתי בחשבון את גילו הצעיר של הנאשם, יליד שנת 1989, היותו פליט סודני הנמצא בישראל מזה כשלוש שנים, הנאלץ להתמודד עם קשיים לא מבוטלים הכרוכים בכך ודומני אין צורך להכביר מילים בעניין זה.",train
מהי הסיבה האפשרית לביצוע העבירות על ידי הנאשם?,כך שככל הנראה הסיבה שהביאה את הנאשם לביצוע העבירות נעוצה בהתנהגות המתלונן עצמו (סעיף 40ט(א)(5) לחוק העונשין).,train
מהו היחס הנדרש בין חומרת העבירות ומידת אשמו של הנאשם לבין סוג העונש המוטל עליו לפי תיקון 113 לחוק העונשין?,"בהתאם לתיקון 113 לחוק העונשין, נדרש יחס הולם בין חומרת מעשי העבירות בנסיבות ביצוען ומידת אשמו של נאשם לבין סוג ומידת העונש המוטל עליו.",train
מה עומד בבסיס השיקולים לחומרה בענישה בעבירות בהן הורשע הנאשם?,"שיקולים לחומרה: בבסיס השיקולים לחומרה עומדת המדיניות המשפטית בעבירות בהן הורשע הנאשם, האלימות הרבה שהפגין והצורך להגן על הערכים החברתיים שנפגעו מביצועה.",train
מהו הכלל המשפטי שנוגע לצבירת תקופות מאסר במקרה של הרשעה בעבירה נוספת?,"בנסיבות דנא, לא מצאתי טעם לסטות מהכלל הקבוע בסעיף 58 לחוק העונשין לפיו מי שהוטל עליו עונש מאסר בשל עבירה נוספת והופעל נגדו עונש המאסר על תנאי, יישא את שתי תקופות המאסר במצטבר, בזו אחר זו.",train
כיצד השפיעה הודאת הנאשם בכתב אישום מתוקן על השיקולים לקולה בעניינו?,שיקולים לקולה: הנאשם הודה במיוחס לו בכתב אישום שתוקן לקולה וחסך בזמן שיפוטי יקר.,train
מדוע יש להטיל ענישה מרתיעה על מי שפוגע בבני משפחתו?,"גם בעניינם של אלה הפוגעים בבני משפחתם, מורה לנו הפסיקה להטיל ענישה מרתיעה לבל יידע כל מי שנוהג באלימות, אף מילולית בלבד, כלפי בן משפחתו שהוא צפוי לעונש מוחשי.",train
כיצד ריצוי עונש מאסר בעבודות שירות עשוי לשרת את האינטרסים השונים?,"ריצוי עונש מאסר על דרך של עבודות שירות יאזן נכונה בין האינטרסים השונים, ויאפשר לנאשם מתן תרומה נרחבת מטעמו מצו של\צ בעבור החברה שנפגעה ממעשיו לצד פיצוי הולם למתלונן וענישה מרתיעה.""",train
מהי החומרה המגולמת בעבירות סמים והשפעתה על שלום הציבור?,"בית משפט זה שב ועמד על החומרה המגולמת בעבירות הסמים, שדומה כי קונות להן מקום בחברה הישראלית ופוגעות בשלום הציבור ורווחתו.",train
מהו העיקרון שהדגיש תיקון מס' 113 לחוק העונשין בנוגע לענישה?,"בהתאם לכך חידד תיקון מס' 113 לחוק העונשין את הצורך בהמשך נקיטת שיטת ענישה אינדיווידואלית, הבוחנת נסיבותיו של כל מקרה ואדם המובא לדין.",train
מהו הערך החברתי המרכזי שנפגע בביצוע עבירה של החזקת סמים לצריכה עצמית?,"הערכים החברתיים שנפגעים בביצוע עבירה של החזקת הסמים לצריכה עצמית, לצדה קבע המחוקק עונש מרבי של 3 שנות מאסר, הם הגנה על שלום ובריאות הציבור מפני פגיעתם הקשה של סמים מסוכנים ומניעת נזקים כלכליים וחברתיים עקיפים, לרבות ביצוע עבירות נוספות לצורך מימון רכישת הסם.",train
מהן הנסיבות המשפיעות על מדיניות הענישה במקרים דומים לעבירות של הנאשם?,"בחינת מדיניות הענישה הנהוגה במקרים דומים לאלו של הנאשם, מעלה מנעד רחב של ענישה, תלוי נסיבות ה\עושה\"" ו\""המעשה\"", לרבות האמצעים בהם נעשה שימוש, האם מדובר באירוע מתוכנן או ספונטני, הרקע למעשה, האם קדמה התגרות מצד המותקף, הנזק הגופני והנפשי שנגרם ונסיבות נוספות המשפיעות על הענישה.""",train
כיצד מתחשבת מדיניות הענישה בעבירות אלימות במאבק בנגע האלימות בחברה הישראלית?,מדיניות הענישה הנהוגה בעבירות אלה מתחשבת בצורך במאבק בנגע האלימות על כל צורותיו שפשט בחברה הישראלית ומתפקידו של בית המשפט להעביר מסר ברור באמצעות השתת עונשים מוחשים על מי שבוחר לפתור את קשייו האישיים באמצעות פגיעה קשה בשלוות נפשו ופגיעה בגופו של האחר.,train
כיצד משפיע עברו הפלילי של הנאשם על ההחלטה בעניינו?,"אין זו המעידה הראשונה של הנאשם והוא צבר לחובתו עבר מכביד של עבירות אלימות, לרבות כ-9 הרשעות שלא התיישנו בגין עבירות איומים בגינן הושתו עליו עונשים מכבידים ומרתיעים, אך אלה לא מנעו מבעדו מלשוב ולבצע את העבירה בגינה הורשע בהליך זה.",train
מהו תפקיד בתי המשפט במאבק באלימות בחברה הישראלית?,"בתי המשפט מצווים לתרום חלקם למלחמה באלימות שפשטה בחברה הישראלית על כל צורותיה וגווניה, כדי להרתיע הן את הנאשם העומד לדין והן עבריינים אחרים כמותו, מלשוב ולבצע עבירות אלימות בעתות דחק או כהות חושים.",train
מהו הקשר בין חוסר הודאה של הנאשם לבין הצורך בענישה מחמירה?,"הנאשם לא הודה בביצוע העבירות ולא הביע חרטה, דבר שקובע את הצורך בענישה מחמירה למען הרתעה אישית וציבורית.",train
כיצד משפיעה מדיניות הענישה הנוהגת על קביעת העונש במקרים דומים?,"מדיניות הענישה הנוהגת מלמדת על מנעד ענישה רחב, התלוי ברובו בנסיבות ביצוע המעשים, כמו גם בנסיבות הספציפיות של מבצעי העבירות.",train
מדוע בעבירות הסגת גבול קיים סיכון להתדרדרות לפגיעה פיזית?,"מלבד הפגיעה בשגרת החיים ועוגמת הנפש אשר קיימת בכל עבירות הרכוש, בעבירות של הסגת גבול קיים גם סיכון אינהרנטי להתדרדרות האירוע לפגיעה פיזית בחיי אדם.",train
מהו הדגש במדיניות הענישה בעבירות התפרצות על הרתעה והענשה?,מדיניות הענישה בעבירות אלה מתמקדת בצורך בהרתעה ובהענשת העבריינים לפגיעה בציבור ובזכויות הקניין הציבוריות.,train
מהי הסיבה לכך שהנאשם זקוק לענישה מוחשית לפי התרשמות בית המשפט?,"התרשמתי אם כן כי הנאשם לא הפנים דיו את הפסול שבמעשיו, ומשום כך יש צורך להבהיר לו באמצעות ענישה מוחשית, את הפסול שבהתנהגותו למען יירתע הוא ואחרים כמותו מלבצע מעשים דומים בעתיד.",train
מהו השיקול המרכזי שינחה את בית המשפט בקביעת העונש לנאשמים?,"בסופו של יום, סבורני כי השיקולים השונים, ינחוני בקביעת העונש המתאים בתוך גדרי מתחם הענישה ההולם לצד שיקולי הרתעת הנאשם מפני ביצוע עבירות נוספות (ר' סעיף 40ו לחוק העונשין).",train
כיצד מצליחה הנאשמת 2 לתרום לחברה במסגרת דרכם השיקומית?,"הצלחת ההליך הטיפולי של הנאשמת 2 ודרכן השיקומית של השתיים, לצד תרומה לחברה בדרך של עבודות שירות, מהווה אינטרס של החברה בכללותה ולא רק של הנאשמות.",train
מהי הסיבה שדרשה ענישה מוחשית במקרה זה?,"בנסיבות אלה, סבורני כי יש צורך בענישה מוחשית שתבטא את חומרת מעשיו והתנהלותו של הנאשם אשר תבטא את הגמול ההולם למעשיו ויהא בה כדי להרתיעו, כמו רבים כמותו, מלשוב ולבצע עבירות דומות.",train
מהן השיקולים שיש להביא בחשבון ליישום עקרון ההלימה במתחם הענישה?,"על מנת ליישמו אביא בחשבון את הערכים החברתיים שנפגעו ומידת הפגיעה בהם; נסיבות הקשורות בביצוע העבירות, מידת אשמו של הנאשם ואת מדיניות הענישה הנהוגה.",train
מהי מדיניות הענישה בעבירות אלימות מילולית וכיצד היא מתבטאת?,מדיניות הענישה הנהוגה בעבירה זו מתחשבת בצורך במאבק בנגע האלימות המילולית שפשט בחברה הישראלית ומתפקידו של בית המשפט להעביר מסר ברור באמצעות השתת עונשים מוחשים על מי שבוחר לפתור את קשייו האישיים באמצעות פגיעה קשה בשלוות נפשו של אחר.,train
מהי עמדת בית המשפט לגבי הימנעות מהרשעה במתחם הענישה?,"לנוכח טענת הסנגור כי מתחם הענישה יכול לכלול הימנעות מהרשעה, אני מוצא לציין כי הימנעות מהרשעה אינה חלק ממתחם העונש ההולם וההרשעה כשלעצמה איננה עונש.",train
באילו מקרים עשויים שיקולי השיקום לגבור על שיקולי ההרתעה והגמול?,"במקרים שבהם נרתם הנאשם להליך שיקומי, או מראה נכונות כנה לעשות כן – עשויים שיקולי השיקום אף לגבור על שיקולי ההרתעה והגמול.",train
מהו הגמול הנדרש מהנאשם כדי לשקף את סלידת החברה ממעשיו?,לא נעלם מעיני הגמול הנדרש מהנאשם שישקף את הסלידה שחשה החברה נוכח מעשיו ואת הוקעתם הנדרשת והצורך בהרתעתו והרתעת עבריינים כמותו.,train
מהי הסיבה לכך שאין הצדקה להימנע מהפעלת המאסר על תנאי שנגזר על הנאשם?,אין כל הצדקה להימנע מהפעלת המאסר על תנאי שנגזר על הנאשם.,train
מהו הקושי המצביע על חוסר הפנמה של הפסול שבמעשים?,הדבר מצביע על קושי בקבלת אחריות והפנמת הפסול שבביצוע המעשים.,train
מהי החשיבות של נסיבותיו האישיות של הנאשם בגזירת העונש?,"בגזירת העונש המתאים לנאשם, בהתאם להוראות סעיף 40יא לחוק העונשין, יש מקום להתחשב בנסיבותיו האישיות של הנאשם.",train
כיצד חידד תיקון 113 לחוק העונשין את שיטת הענישה?,"בדרך זו חידד תיקון מס' 113 לחוק העונשין את הצורך בהמשך נקיטת שיטת ענישה אינדיווידואלית, הבוחנת נסיבותיו של כל מקרה ואדם המובא לדין (ע\פ 433/89 אטיאס נ' מדינת ישראל, פ\""ד מג(4) 170; ע\""פ 5106/99 אבו ניג'מה נ' מדינת ישראל, פ\""ד נד(1) 350; רע\""פ 3173/09 פראגין נ' מדינת ישראל [פורסם בנבו] (ניתן ביום 5.5.2009)).""",train
מהו השיקול המרכזי שמוביל להחמרה בעונש בעבירות מעשים מגונים בקטינה בת משפחה?,"בית המשפט רואה חשיבות בבחינת מדיניות הענישה הנהוגה ומגמתה בענייני עבירות מעשים מגונים בקטינה בת משפחה, המצביעה על החמרה עקבית עקב החומרה היתרה של עבירות אלו והצורך בהרתעה ובהגנה על שלום הציבור.",train
כיצד עשוי שינוי בהתייחסות הרגשית של הנאשם לאירוע העבירה להשפיע על סיכוי השיקום שלו?,"שילוב בין שינוי מהותי בהתייחסות הרגשית לאירוע העבירה המתבטא בנטילת אחריות, כפרה והבעת אמפתיה לנפגעי העבירה לבין אינדיקציות אובייקטיביות לקיומו של תהליך שיקומי-טיפולי מוצלח וחזרה לדרך הישר, עשוי להצביע על 'סיכוי של ממש לשיקום' כלשונו של סעיף 40ד(א).",train
כיצד עשויה הכבדה כלכלית על הנאשם להשפיע על משפחתו?,"הבאתי בחשבון  כי קיימת סבירות רבה כי הכבדה כלכלית על הנאשם תפגע ביכולתו לסייע לפרנסת משפחתו, המתגוררת אי שם, ככל שביכולתו לסייע למשפחתו.",train
מדוע יש לשקול את השיקול השיקומי במקרה זה?,"סבורני כי יש בשיקול השיקומי, לצד מכלול נסיבותיו של הנאשם, כדי להצדיק במקרה זה חריגה משמעותית לקולא ממתחם העונש ההולם.",train
כיצד משפיעים קשייו של הנאשם על הצורך בהרתעתו?,כל אלה מצביעים על קשייו להפנים את הפסול שבמעשיו והשלכותיהם ומחזקים את הצורך בהרתעתו.,train
אילו שיקולים יש לתת להם משקל בכורה בעת גזירת העונש?,"מכאן שיש במקרה זה לתת משקל בכורה לשיקולי גמול, הגנה על הציבור והרתעה הן של הנאשם והן של הרבים על פני נסיבותיו האישות של הנאשם.",train
כיצד משפיע שינוי בהתייחסות הרגשית לאירוע העבירה על סיכוי השיקום של הנאשם?,"שילוב בין שינוי מהותי בהתייחסות הרגשית לאירוע העבירה המתבטא בנטילת אחריות, כפרה והבעת אמפתיה לנפגעי העבירה לבין אינדיקציות אובייקטיביות לקיומו של תהליך שיקומי-טיפולי מוצלח וחזרה לדרך הישר, עשוי להצביע על 'סיכוי של ממש לשיקום' כלשונו של סעיף 40ד(א).",train
מהם הערכים החברתיים המוגנים בעבירות הלבנת ההון?,"הערכים החברתיים המוגנים בעבירות הלבנת ההון הם הצורך בקיומו של הדיווח הנדרש בחוק איסור הלבנת הון, אמיתות הדיווח, שמירה על יציבותה ואמינותה של המערכת הפיננסית וגדיעת שרשרת העבריינות באמצעות פגיעה ביכולתו של העבריין לעשות שימוש חוזר ברווחים הכלכליים שנוצרו לו מן העבירות הפליליות, באופן שבו יוותר העבריין ללא מקורות מימון להמשך פעילותו העבריינית.",train
מדוע ישנה חומרה יתרה בנסיבות ביצוע המעשים במקרה זה?,"חומרה יתרה מובאת בנסיבות ביצוע המעשים, שכן מדובר בנכדתו הקטינה של הנאשם, בהיותה בגיל 6-7 בלבד, תוך ניצול לרעה של תמימותה, יחסי הקרבה והאמון ביניהם, כדי לספק את דחפיו המיניים המעויתים.",train
מהו תפקיד המלצת קצין המבחן בשיקול הדעת של השופט בענישה?,"השופט, הוא אשר ישים במאזני שיקוליו, כאחד השיקולים החשובים, גם את המלצתו של קצין המבחן.",train
מהו המצב האישי של הנאשם שנלקח בחשבון בעת קביעת העונש?,"הבאתי בכלל חשבון את מצבו המשפחתי, הרפואי והקשיים הכלכליים עמם מתמודד הנאשם מזה שנים רבות.",train
מדוע לא מצא בית המשפט לחרוג ממתחם העונש ההולם במקרה זה?,"בענייננו, לא מצאתי לחרוג ממתחם העונש ההולם, כפי קביעתי, בשל שיקולי שיקום בהעדר המלצה טיפולית מטעם שירות המבחן ובהעדר אינדיקציה על שינוי באורח חייו של הנאשם, חרף הבעת רצונו להשתלב בהליך טיפולי.",train
כיצד מתחשבת מדיניות הענישה בעבירות רכוש בזכות הקניין?,"מדיניות הענישה הנהוגה בעבירות רכוש בכלל ובעבירת גניבה בפרט, מתחשבת בצורך להגן על זכות הקניין.",train
מהו הצורך בענישה מרתיעה בעבירות שוד?,הצורך בענישה מרתיעה על מנת לשדר מסר ברור כי עבירה זו גוררת עמה עונש משמעותי.,train
מהו הגמול הנדרש שיבטא את סלידת החברה ממעשיו של הנאשם?,לא נעלם מעיני הגמול הנדרש לנאשם שישקף את הסלידה שחשה החברה נוכח מעשיו ואת הוקעתם הנדרשת.,train
מהו הצורך להתרשם ממקרה חריג בעבירות סמים כדי להימנע מהרשעה?,"אם כך הוא בכלל המקרים, הרי שבעבירות הקשורות בנגע הסמים, ובמיוחד בנסיבות החמורות  בעניינו של הנאשם 2, יש צורך להתרשם ממקרה המצוי בגדר \חריג שבחריגים\"", על מנת שתתאפשר הימנעות מהרשעה.""",train
מהו הקשר בין התנהגות הנאשם לבין החשש להישנות עבירות בעתיד?,התנהגות הנאשם מעידה על חוסר מורא וכבוד למערכת המשפט ומחזקת את החשש להישנות עבירות בעתיד.,train
כיצד משפיעה החומרה של עבירות הסמים על משקל הנסיבות האישיות של הנאשם?,בעבירות הסמים הקשות ניגף משקל הנסיבות האישיות של נאשם מפני החומרה היתרה של העבירה ותוצאתה הקשה.,train
מהי התכלית המרכזית בגזירת העונש בעבירת השוד?,חומרת עבירת השוד מחייבת הטלת עונשי מאסר בפועל שיותאמו לנסיבות ובמקרים רבים תכלית ההרתעה היא מרכיב מרכזי בגזירת העונש.,train
מהו העיקרון המשפטי שהדגיש תיקון 113 לחוק העונשין בנוגע לענישה אינדיווידואלית?,"דרך זו חידד תיקון 113 לחוק העונשין את הצורך בהמשך נקיטת שיטת ענישה אינדיווידואלית, הבוחנת נסיבותיו של כל מקרה ואדם והמובא לדין.",train
כיצד משפיעה קבלת אחריות מאוחרת של הנאשם על גזירת הדין?,"על-כן, יש לזקוף לזכות הנאשם קבלת אחריות מצדו, אף אם מדובר בקבלת אחריות מאוחרת, שלאחר הכרעת הדין, ומבלי שהיה בה כדי לחסוך בזמן שיפוטי.",train
כיצד השפיעה התנהלות הנאשם במהלך המשפט על גזירת העונש?,"בנוסף, הבאתי בחשבון את התנהלות הנאשם במהלך המשפט (סעיף 40יב לחוק העונשין), במהלכו העז לסנן אמירות ולהרים קולו לעבר המתלונן, בעת שהאחרון מסר את עדותו בבית המשפט, כדי להטיל עליו אימתו.",train
מדוע לא מצא בית המשפט הצדקה לחריגה ממתחם הענישה במקרה זה?,"במקרה דנא, לא מצאתי הצדקה לחריגה ממתחם הענישה שכן הנאשם לא הביע עניין בהליך טיפולי וניכר כי טרם הפיק לקחים הולמים מההליך המשפטי.",train
כיצד נקבע מתחם הענישה ההולם לפי סעיף 40ג(א) לחוק העונשין?,"מתחם הענישה ההולם יקבע בהתאם לעקרון ההלימה, כאמור בסעיף 40ג(א) לחוק העונשין.",train
"מהי העמדה המשפטית לגבי הענישה בעבירות נשק, גם כאשר מדובר בעבירה ראשונה?","בתי המשפט מצאו לנכון להביע את העמדה לפיה עבירות נשק מחייבות ענישה מחמירה ומרתיעה, ואף במקום בו המבצע הינו ללא עבר פלילי, באופן שמטרתו להרתיע את החברה מפני תופעה מסוכנת זו.",train
מדוע לא מצא בית המשפט לחרוג ממתחם העונש ההולם במקרה זה?,"בענייננו, לא מצאתי לחרוג ממתחם העונש ההולם, כפי קביעתי, בשל שיקולי שיקום, הנאשם לא ביטא נכונות לשינוי כלשהו באורח חייו ולא התרשמתי כי הוא בשל להליך שיקומי (ר' סעיף 40ד(ב) לחוק העונשין).",train
מהו העיקרון שעל פיו יקבע מתחם העונש ההולם לפי סעיף 40ג(א) לחוק העונשין?,מתחם העונש ההולם יקבע בהתאם לעיקרון ההלימה כפי שהוגדר בסעיף 40ג(א) לחוק העונשין.,train
מה קובע בית המשפט העליון לגבי נגע הסמים והענישה הנדרשת?,"בית המשפט העליון קבע בשורה ארוכה של פסקי דין, כי נגע הסמים פשה בארצנו כמגיפה ומשכך מצווים בתי המשפט לתרום את חלקם במלחמה נגד נגע זה על ידי הטלת עונשים חמורים ומרתיעים.",train
אילו נסיבות שאינן קשורות לעבירה נלקחו בחשבון בעת גזירת הדין?,"לצורך כך, יש מקום להתחשב בנסיבות שאינן קשורות בביצוע העבירות שיש בהם כדי להשפיע על גזירת הדין, כגון: גיל, עבר הפלילי, נטילת האחריות, פגיעת העונש במשפחתו, נסיבות חיים קשות שהייתה להן השפעה על ביצוע העבירה, שיתוף הפעולה עם רשויות החוק ועוד (ר' סעיף 40יא לחוק העונשין).",train
כיצד משפיעה רמת האלימות והנזק שנגרם על ההערכה המשפטית?,"מבלי להקל ראש בחומרת המעשים, דומני כי רף האלימות שהפגין הנאשם כלפי המתלונן אינו מהגבוהים והנזק שנגרם אינו חמור.",train
מהי החשיבות של הערכים החברתיים שנפגעו בביצוע העבירה בעת קביעת העונש?,"לצורך כך אביא בחשבון את הערכים החברתיים שנפגעו מביצוע העבירה ומידת הפגיעה בהם; נסיבות הקשורות בביצוע העבירה, מידת אשמו של הנאשם ומדיניות הענישה הנוהגת.",train
כיצד משתקפת המגמה הפסיקתית בעבירות סחיטה באיומים בהקשר של הרתעת הציבור?,"המגמה הזו משתקפת מהפסיקה העדכנית, הן לצורך ביטוי הגמול העונשי הראוי למי שמבצע עבירות שכאלה, על כל המשתמע מכך במונחי הפגיעה בערכים החברתיים המוגנים, והן לצורך חשיבות הרתעת הרבים, בהינתן כי תופעה מכוערת זו הפכה למכת מדינה.",train
מדוע לא מצא בית המשפט הצדקה לחרוג ממתחם הענישה ההולם בשיקולי שיקום?,"לא מצאתי הצדקה לחרוג ממתחם הענישה ההולם, בשל שיקולי שיקום, בהעדר טענה או אינדיקציה כלשהי להליך שיקום מצד הנאשמים.",train
כיצד משפיעים מעשי הנאשם על החברה בכללותה מעבר לפגיעה בבעל הנכס?,"מעשיו של הנאשם לא פגעו רק בבעל הנכס אליו פרץ אלא אף בחברה בכללותה, בדרך של העלויות הגבוהות הקשורות לנזקי ההתפרצויות, הן ביחס לעלויות ביטוח הנכס והן ביחס לעלויות הנדרשות לרשויות האכיפה.",train
כיצד נקבע מתחם העונש ההולם לפי סעיף 40ג(א) לחוק העונשין?,"מתחם העונש ההולם נקבע בהתאם לעקרון ההלימה כפי שהוגדר בסעיף 40ג(א) לחוק העונשין, ולצורך כך על בית משפט להתחשב בשלושת אלה: בערך החברתי שנפגע  מביצוע העבירה ובמידת הפגיעה בו; בנסיבות הקשורות בביצוע העבירה ומידת אשמו של הנאשם; במדיניות הענישה הנהוגה (ע\פ 8641/12 סעד נ' מדינת ישראל (ניתן ביום 5.8.2013).""",train
כיצד יש להביא בחשבון את הנזק שנגרם מהצגת הנאשם כאחר?,"בבחינת הנזק שנגרם מביצוע העבירה, יש להביא בכלל חשבון את אורך התקופה במהלכה הציג הנאשם עצמו כאחר ומספר הגורמים שהונו.",train
אילו נסיבות אישיות יש להתחשב בהן בעת גזירת העונש?,"בגזירת העונש המתאים לנאשם וכמצוות סעיף 40יא לחוק העונשין, יש מקום להתחשב בנסיבותיו האישיות, אשר אינן קשורות בביצוע העבירות, כגון: גיל, עבר פלילי, נטילת האחריות, פגיעת העונש במשפחתו, נסיבות חיים קשות שהייתה להן השפעה על ביצוע העבירה, שיתוף הפעולה עם רשויות החוק ועוד.",train
כיצד משפיעה העובדה שהנאשם ביצע את העבירה בזמן שהוטל עליו מאסר מותנה על הענישה?,"חומרת מעשיו והעבירות בהן הורשע והעובדה כי ביצע את העבירה כאשר לחובתו מאסר מותנה מחייבים הטלת מאסר בפועל, כדי להמחיש עבורו ואחרים כמותו את החומרה שבמעשיו.",train
מהי המדיניות המומלצת בענישה לנהגים הנתפסים נוהגים בשכרות?,"על כן, יש לנקוט במדיניות ענישה מרתיעה ולהעניש בחומר נהגים הנתפסים כאשר הם נוהגים בשכרות.",train
מהי הסיבה המרכזית להחמרת הענישה כלפי הנאשם במקרה זה?,"לחובת הנאשם עומדת חומרת מעשיו בנסיבות ביצועם, המדיניות העונשית בעבירות בהן הורשע, הפגיעה בערכים החברתיים המוגנים, המחייבים ענישה מרתיעה.",train
מהו המסר שהשופט רצה להעביר לגבי נאשמים הממשיכים לבצע עבירות אלימות?,"מי אשר חוזר ומבצע עבירות אלימות, יש להציב בפניו גבולות ברורים ומסר של הוקעה שאינו משתמע לשתי פנים.",train
מהן הנסיבות שיש להביא בחשבון לצורך יישום עקרון ההלימה?,על מנת ליישמו אביא בחשבון את הערכים החברתיים שנפגעו ובמידת הפגיעה; נסיבות הקשורות בביצוע העבירות ומידת אשמו של הנאשם ובמדיניות הענישה הנהוגה.,train
מהי מידת האלימות שהפגין הנאשם והשפעתה האפשרית על הנפגעים?,מידת האלימות שהפגין הנאשם כלפי כל המעורבים הייתה יכולה להוביל לנזק גדול בהרבה מזה שארע.,train
מהו השיקול המרכזי שהשפיע על גזר הדין בעניינו של הנאשם בעבירות שביצע?,נצבת חומרת העבירות שביצע הנאשם והמדיניות המשפטית בענישה בעבירות אלה.,train
מהו המדרג בענישה הקיים בין רצח בכוונה לרצח באדישות?,"ברם, הגם שרצח - אם בכוונה ואם באדישות – רצח הוא, קיים מדרג בענישה המבחין בין השניים.",train
מדוע נחשבות העבירות בהן הורשע הנאשם לחמורות?,העבירות בהן הורשע הנאשם הן חמורות ולא בכדי נקבע עונש מינימלי לעבירות הפרעה ותקיפת שוטר בשעת מילוי תפקידו.,train
אילו שיקולים משפיעים על הענישה בהתחשב בעבר הפלילי של הנאשם?,"השיקולים בענישה נשענים על העבר הפלילי של הנאשם, קיומה של תכנית מוקדמת, ההשפעה המאיימת על אחרים למען ביצוע התוכנית, וחומרת הנזק שנגרם.",train
מהו מתחם העונש ההולם שנקבע לעבירה שביצע הנאשם?,"מכל המקובץ, בהתחשב בערך החברתי שנפגע מביצוע העבירה, במידת הפגיעה בה, במדיניות הענישה הנהוגה, בנסיבות הקשורות בביצוע העבירה והיחס ההולם בין חומרת מעשה העבירה בנסיבותיה ומידת אשמו של הנאשם ובין סוג ומידת העונש שיש להטיל עליו, סבורני כי מתחם העונש ההולם לעבירה שביצע הנאשם, הינו בין עונש של של\צ לבין 8 חודשי מאסר בפועל, בצירוף מאסר על תנאי, קנס כספי והתחייבות.""",train
אילו שלושה שיקולים יש לקחת בחשבון בעת יישום עקרון ההלימה?,"על מנת ליישמו בית משפט יתחשב בשלושת אלה: ראשית, בערך החברתי שנפגע  מביצוע העבירה ובמידת הפגיעה בו; שנית, בנסיבות הקשורות בביצוע העבירה ומידת אשמו של הנאשם; שלישית, במדיניות הענישה הנהוגה.",train
מהי מידת הפגיעה בערכים המוגנים במקרה של התפרצות הנאשם לחדר המתלוננת?,"מידת הפגיעה של הנאשם בערכים המוגנים אינה מן הגבוהות, שכן הוא נכנס לחדרה של המתלוננת באמצעות מפתח \מאסטר\"" ללא נקיטת אלימות או הפעלת כוח, ושללו עמד על סכום 47 ₪ בלבד.""",train
מהי תכליתו הפונקציונלית של סעיף 40יג לחוק העונשין בהשוואת מקרים דומים?,זאת תוך שעמד על תכליתו הפונקציונאלית של סעיף 40יג לחוק העונשין לאפשר לערכאה הגוזרת את הדין להשוות את המקרה הנדון לפניה למקרים שנסיבותיהן דומות.,train
כיצד משפיעים הרצון של הנאשם להשתקם על השיקולים בענישה במקרה זה?,"נסיבות המקרה, כפי העולה מתסקירי שירות המבחן ובייחוד הרצון הכן שהפגין הנאשם בהליך הטיפולי הארוך והקשה על מנת לשקם את חייו, מצדיקים במקרה הנוכחי את העדפת השיקול השיקומי-טיפולי.",train
מהי השיקול לחומרה במקרה שבו דברי האיום הופנו כלפי מעסיקו לשעבר של הנאשם?,"על פי הנסיבות הקשורות בביצוע עבירת האיומים, יש לשקול לחומרה את העובדה כי דברי האיום הופנו כלפי מעסיקו לשעבר של הנאשם כדרך לפתרון סכסוך שכר שנתגלע ביניהם.",train
מדוע יש לשמר מוגנות לשוטרים העוסקים באכיפת החוק?,"ערך חברתי משמעותי הוא לשמר מוגנות נדרשת לשוטרים העוסקים באכיפת החוק, על מנת שיוכלו לבצע עבודתם נאמנה וללא הפרעה או חשש.",train
מהי חומרת עבירות הסמים והשלכות השימוש בהן על המשתמש?,"בית משפט זה עמד, לא אחת, על חומרתן היתירה של עבירות הסמים, ועל ההשלכות הקשות שיש לשימוש בסם על גופו ועל נפשו של המשתמש (ראו, למשל, ע\פ 6029/03 מדינת ישראל נ' שמאי, פ\""ד נח(2) 734 (2004)).""",train
מהי הסיבה לכך שעונש מאסר מותנה לא הרתיע את הנאשם?,"בנסיבות אלה, ועל אף גילו הצעיר של הנאשם, נמצא שהאירוע נשוא ההליך דנן אינו חד פעמי או חריג מבחינתו ואף עונש מאסר מותנה, שהוטל עליו בעבר והתחייבות כספית ברת הפעלה, התלויים עומדים כנגדו לא הרתיעו אותו ולא מנעו מבעדו מלשוב ולבצע את העבירות בגינן הועמד לדין.",train
מהו השיקול שעל בית המשפט לבחון כאשר הוא שוקל לחרוג ממתחם הענישה?,"על בית המשפט לבחון האם ראוי לחרוג מן המתחם בשל שיקולי שיקום המהווים שיקול לקולא (סעיף 40ד לחוק העונשין); או מאידך, לחרוג מן המתחם בשל הצורך להגנה על שלום הציבור, המהווה שיקול לחומרה (סעיף 40ה לחוק העונשין).",train
כיצד משפיעות נסיבות השיקום על הענישה שניתן להטיל על הנאשם?,"מכלול נסיבות הזכות לנאשם, מורה כי ניתן לייחס לו משקל דומיננטי בענישת הנאשם, לאחר ששוכנעתי כי אין להפריע בדרכי שיקומו, כי קיים סיכוי ממשי שישתקם וכי לא קיים חשש ממשי ומיידי שישוב לסורו.",train
מהן הסכנות שבקביעת מספר מתחמי עונש שלא לצורך בעניינו של הנאשם?,"במקרים מסוימים קביעת מספר מתחמי עונש שלא לצורך עלולה להביא להעלאת רף הענישה באופן שאינו ראוי, על-ידי פריטה לפרוטות של הרכיבים העונשיים בעניינו של הנאשם ויצירת תחושה לא נוחה של 'התחשבנות' עמו, העצמה של חומרת מעשיו מעבר למתחייב וחריצת דינו בדרך מלאכותית.",train
מהו תהליך גזירת הדין בעבירות פליליות לפי סעיף 40 לחוק העונשין?,"מלאכת גזירת הדין מורכבת ממספר שלבים עיקריים: תחילה, אקבע את מתחם העונש ההולם למעשה העבירה שביצע הנאשם, על בסיס שיקולים נורמטיביים ואובייקטיבים, בהתחשב בערך החברתי שנפגע מביצוע העבירה, במידת הפגיעה בערך זה, במדיניות הענישה הנהוגה ובנסיבות הקשורות בביצוע העבירה כמפורט בסעיף 40ט לחוק העונשין (סעיף 40ג לחוק העונשין); לאחר מכן, אקבע את העונש המתאים לנאשם, בהתחשב בצורך בהרתעת הנאשם (סעיף 40ו לחוק העונשין) והרבים (סעיף 40ז לחוק העונשין) ובנסיבותיו האישיות של הנאשם שאינן קשורות בביצוע העבירה (סעיף 40יא לחוק העונשין), כמו גם בנסיבות אחרות ככל שתמצאנה רלוונטיות (סעיף 40יב לחוק העונשין).",train
מדוע לא נחשבת מידת הפגיעה בערכים החברתיים במקרה זה כגבוהה?,"מידת הפגיעה בערכים החברתיים המפורטים אינה ברף גבוה במקרה דנא, שכן הנאשם עזב את בית אביו ונסע לבית אמו, וניתן להניח כי היה יכול להימנע מחבות פלילית ככל שהיה פונה למשטרה בבקשה להעתיק את מקום מעצר הבית לבית אמו.",train
מה הסיכון בקביעת מספר מתחמי עונש שלא לצורך בהקשר לענישה?,"בהקשר זה ייאמר, כי קביעת מספר מתחמי עונש שלא לצורך עלולה במקרים מסוימים להביא להעלאת רף הענישה באופן שאינו ראוי, על-ידי פריטה לפרוטות של הרכיבים העונשיים בעניינו של הנאשם ויצירת תחושה לא נוחה של 'התחשבנות' עמו, העצמה של חומרת מעשיו מעבר למתחייב וחריצת דינו בדרך מלאכותית.",train
אילו שיקולים הובאו לזכות הנאשם בעת גזירת דינו?,"לזכות הנאשם הבאתי בכלל חשבון את עברו הפלילי הנקי, גילו (יליד 1959) במועד ביצוע העבירות, מצבו הבריאותי כפי שתיארו והתמודדותו עם האתגרים הכרוכים בגידול 6 ילדים.",train
מהו העיקרון המנחה לקביעת העונש בהתאם לתיקון 113 לחוק העונשין?,"בהתאם לתיקון 113 לחוק העונשין, נדרש יחס הולם בין חומרת מעשה העבירה בנסיבות ביצועה ומידת אשמו של נאשם לבין סוג ומידת העונש המוטל עליו.",train
מהי הסיבה לכך שלא מצאת הצדקה לחריגה לקולא ממתחם העונש ההולם?,"בנסיבות אלה, לא מצאתי הצדקה לחריגה לקולא ממתחם העונש ההולם (סעיף 40ד(ב) לחוק העונשין).",train
מהו השיקול שהוביל למסקנה כי אין לחצות את רף מתחם הענישה לחומרה?,"מנגד, לא מצאתי כי הסיכוי שהנאשם ישוב לבצע עבירות דומות מצדיק חציית רף מתחם הענישה לחומרה משיקולי הגנה על שלום הציבור.",train
"כיצד משפיעה כמות הסם על הענישה, גם אם מדובר בסם שאינו קשה?","מבחינת סוג הסם, מדובר אמנם בסם שאינו מן הסמים הקשים, והענישה בגינו פחות מחמירה מהענישה בגין סמים הקשים (כדוגמת הרואין וקוקאין), ואולם מדובר בכמות גדולה שאינה לצריכה עצמית גרידא, כפי המפורט לעיל.",train
מהי הערכת שירות המבחן לגבי רמת הסיכון של הנאשם לחזור על העבירות?,"מנגד, הבאתי בכלל חשבון את הערכת שירות המבחן כי רמת הסיכון שהנאשם ישוב לבצע עבירות דומות הינה נמוכה וברמת חומרה נמוכה.",train
כיצד ישפיע השילוב בין השיקום לחברה על הנאשם?,שילוב שכזה יאפשר לנאשם המשך פסיעתו בדרך הישר ורווח לחברה בעצם קבלתו לזרועותיה כאדם נורמטיבי.,train
כיצד יש לשקול את היסוד הנפשי של הרוצח במסגרת בחינת מתחם העונש?,"ויודגש – הדיון בכל הנוגע ליסוד הנפשי של הרוצח (בין בכוונה ובין באדישות, בהתאם למקרה הפרטני) יבוא לידי ביטוי במסגרת בחינת מתחם העונש ההולם, הנגזר מנסיבות ביצוע העבירה ומיקום עונשו של הנאשם בו, ועל כן, לטעמי, יש להקפיד להגדיר את העבירה כפי שהיא בחוק, ולראות את המעשה הנורא כפי שהוא – רצח.",train
מהי עמדת בית המשפט לגבי סיכון הנאשמים לשלום הציבור?,"בה בעת, אינני סבור שהנאשמים מהווים סיכון לשלום הציבור, באופן המצדיק חציית רף מתחם הענישה לחומרה.",train
מהו המנעד הרחב של העונשים שהוטלו במקרים דומים של תקיפה סתם בצוותא חדא?,"בבחינת הענישה הנהוגה עולה מעיון במקרים דומים, בהם הורשעו נאשמים בעבירות תקיפה סתם בצוותא חדא, המלוות לעתים בעבירות גניבה ואיומים, כי הוטלו עונשים במנעד רחב לפי נסיבות ביצוע העבירות ונסיבותיהן האישיות של הנאשמים.",train
מהו הנזק האפשרי הנובע מהסגת גבול למקום מגורים של אחר?,הנזק שהיה עלול להיגרם מביצוע העבירה ממשי שכן עבירה של חדירה למקום מגורים של אחר טומנת בחובה פוטנציאל להיתכנות מפגש אלים בין מסיג הגבול לבין הדייר במקום.,train
מהו השיקול המרכזי לחומרה בעבירה שביצע הנאשם?,בבסיס השיקולים לחומרה עומדת חומרת העבירה אותה ביצע הנאשם והמדיניות המשפטית בענישה בעבירה זו.,train
כיצד יש להתחשב בנסיבות האישיות של הנאשם בגזירת העונש?,"בגזירת העונש המתאים לנאשם שמלפניי וכמצוות סעיף 40יא לחוק העונשין, יש מקום להתחשב בנסיבותיו האישיות, אשר אינן קשורות בביצוע העבירות.",train
כיצד השפיע התכנון הקודם על ביצוע העבירות של שלושת הנאשמים?,"בבחינת הנסיבות הקשורות בביצוע העבירות לשלושת הנאשמים (סעיף 40ט לחוק העונשין), מצאתי להביא בכלל חשבון, את התכנון שקדם לביצוע העבירות שכן השלושה פעלו בהתאם לתכנית שיטתית, סדורה ובמהירות המצביעה על מיומנות רבה.",train
מהו תפקיד תיקון 113 לחוק העונשין בענישה אינדיווידואלית?,תיקון 113 לחוק העונשין מחזק את הצורך בענישה אינדיווידואלית הבוחנת כל מקרה על פי נסיבותיו ומאפייניו.,train
כיצד יש להבחין בין מתחם העונש ההולם למדיניות הענישה הנהוגה?,"המשפט מבהיר כי חשוב להבחין בין מתחם העונש ההולם לבין מדיניות הענישה הנהוגה, כאשר הקביעה נעשית על בסיס שיקולים שונים כוללים.",train
מדוע יש חשש שהטלת עונש מאסר תפגע בשיקום הנאשם?,"לאור האמור, סבורני כי בהטלת עונש מאסר מאחורי סורג ובריח יהא כדי לפגוע בהליך השיקום שעבר הנאשם.",train
מדוע לא מצא בית המשפט הצדקה לחרוג ממתחם העונש ההולם במקרה זה?,"בענייננו, לא מצאתי הצדקה לחרוג ממתחם העונש ההולם, כפי קביעתי, בשל שיקולי שיקום.",train
כיצד פוגעת עבירת גניבה ממעביד באמון בין העובד למעביד?,"יחסי עובד ומעביד הם יחסים מיוחדים הדורשים אמון רב, כך שעבירת גניבה ממעביד אינה פוגעת רק בקניינו של המעביד הספציפי ובאינטרס הכספי שלו, אלא מביאה להפרת אמונו של מי שהפקיד בידי העובד רכוש בעל ערך, מתוך אמון כי יעשה בו שימוש לצרכיי העבודה, כאשר שליחת היד לקופת המעסיק מתבצעת בקלות בעוד הדרך לגלותה אינה פשוטה.",train
מדוע יש להתייחס לכל אחד מכתבי האישום כאירוע נפרד בקביעת מתחם הענישה?,"בכל אחד מכתבי האישום, עבירות שבוצעו בשיטת פעולה דומה ביחידת זמן וביחידת מקום, על כן סבורני כי יש להתייחס לכל אחד מכתבי האישום כאירוע נפרד לצורך קביעת מתחם הענישה ההולמת כאמור בסעיף 40יג(א) לחוק העונשין.",train
מה נדרש מהנאשם כדי לעמוד בתנאי השיקום לפי סעיף 40ד(א)?,"על מנת לעמוד בתנאי זה על הנאשם להציג עובדות וראיות לסיכויי השיקום, להבדיל מטענות בעלמא.",train
מהי החשיבות של הענישה בעבירות החזקת סמים לצריכה עצמית בהקשר לבריאות הציבור?,בחינת תחום הענישה לגבי החזקת סמים לצריכה עצמית מבהירה את הצורך במאבק מתמשך ובענישה מוצדקת לצורך קידום הגנה על בריאות הציבור ומלחמה בנגע הסמים.,train
כיצד פוגע הנאשם בזכות האדם להגנה על שלומו ושלמות גופו?,"במקרה דנא הנאשם עשה שימוש בכלי נשק קר ובדרך זו פגע בערך חברתי רם מעלה של זכות האדם להגנה על שלומו ועל שלמות גופו, וזכותו לתחושת בטחון בכל מקום בו הוא נמצא.",train
כיצד נפגע הערך החברתי במקרה זה בעקבות חבטת הנאשם בבת זוגו?,"בענייננו, נפגע הערך החברתי במידה לא מבוטלת שכן הנאשם חבט בפניה של בת זוגו בסמוך לאוזנה.",train
"מהו מתחם העונש ההולם לעבירות שביצע הנאשם, בהתחשב בחלקו ובנסיבות ביצוען?","מכל המקובץ, סבורני כי מתחם העונש ההולם לעבירות שביצע הנאשם, בנסיבות ביצוען, ובפרט בשים לב לחלקו היחסי של הנאשם בביצוע העבירות, היותו מסייע לאחר וקרבתו לסייג לאחריות פלילית, הרי שהמתחם נע בין מספר חודשי מאסר שיכול וירוצו בעבודות שירות לבין 42 חודשי מאסר בפועל, לצד ענישה מותנית צופה פני עתיד וענישה כלכלית.",train
כיצד השפיעו נסיבותיו האישיות של הנאשם על ההחלטה בעניינו?,"מסגרת זו הבאתי בכלל חשבון את נסיבותיו האישיות, מסכת חייו של הנאשם כמפורט בתסקיר שירות המבחן; הודאתו במיוחס לו ללא צורך בשמיעת ראיות; העובדה כי הנאשם מטופל בשני ילדים קטינים, כאשר אחד מהם נמצא תחת משמורתו הבלעדית והעובדה כי למאסר בפועל, גם אם בדרך של עבודות שירות, יש השפעה על התא המשפחתי ועל יכולת ההשתכרות.",train
מהו העונש המרבי והעונש המינימלי שנקבעו לעבירה של תקיפת שוטר?,"הערכים החברתיים שנפגעו בביצוע עבירה של תקיפת שוטר כדי להכשילו בתפקידו, לצדה קבע המחוקק עונש מרבי של 5 שנות מאסר ועונש מינימלי של 3 חודשי מאסר, הם שמירה והגנה על הסדר הציבורי, שלטון החוק, שלמות גופם, כבודם וביטחונם של הממונים על אכיפת החוק והסדר.",train
מדוע המליץ שירות המבחן להסתפק בענישה מרתיעה לנאשם?,"לאור ההתרשמות כי הנאשם, השקיע מאמצים בשיקומו וקידומו המקצועי בעבודה ובלימודים ונוכח גילו הצעיר, המליץ שירות המבחן להסתפק בענישה מרתיעה ומציבת גבולות, בדרך של מאסר מותנה והתחייבות כספית, על מנת שלא לפגוע בסיכויי שיקומו.",train
מדוע אין לאפשר שימוש בכוח הזרוע כפתרון לסכסוכים בין בני זוג?,"אין לאפשר מצב בו כוח הזרוע הופך להיות כלי או אמצעי לפתרון סכסוך כזה או אחר, בפרט בין בני זוג.",train
מהו השיקול המרכזי שהנחה את בית המשפט בקביעת העונש המתאים לנאשם?,"אי-לכך, מכלול השיקולים, לרבות שיקולי הרתעת הנאשם ואחרים כמותו מפני ביצוע עבירות נוספות (ר' סעיפים 40ו ו-40ז לחוק העונשין), ינחוני בקביעת העונש המתאים לנאשם בגדרי מתחם הענישה.",train
אילו שיקולים משפיעים על קביעת העונש המתאים לנאשם בגדרי מתחם הענישה?,"אי-לכך, מכלול השיקולים, לרבות שיקולי הרתעת הנאשם ואחרים כמותו מפני ביצוע עבירות נוספות (ר' סעיפים 40ו ו-40ז לחוק העונשין), ינחוני בקביעת העונש המתאים לנאשם בגדרי מתחם הענישה.",train
מהו תפקיד ההתערבות של החברה במעשי הנאשם כלפי המתלוננת?,"הנאשם השפיל ופגע במתלוננת וחדל ממעשיו רק לאחר התערבותה של החברה, כך שלולא כן יתכן והנזק שהיה נגרם היה חמור הרבה יותר.",train
כיצד נדרשים בתי המשפט לתרום למהלך הענישה?,בתי המשפט מצווים להרים את תרומתם למהלך באמצעות ענישה הולמת ומרתיעה.,train
מהו המסר המשפטי הנדרש כלפי מי שחוזר על עבירות רכוש ועבירות אלימות?,"מי אשר חוזר ומבצע עבירות רכוש ועבירות אלימות, פוגע בקניין הזולת ובאוטונומיה על גופו של אחר חייב להיתקל בענישה מוחשית והולמת על מנת להציב בפניו גבולות ברורים ומסר של הוקעה שאינו משתמע לשתי פנים.",train
מהן שלושת השלבים במלאכת גזירת הדין לפי סעיף 40ג לחוק העונשין?,"מלאכת גזירת הדין מורכבת משלושה שלבים עיקריים: תחילה, אקבע את מתחם העונש ההולם למעשי העבירות שביצע הנאשם, על בסיס שיקולים נורמטיביים ואובייקטיבים, בהתחשב בערך החברתי שנפגע מביצוע העבירות, במידת הפגיעה בערך זה, במדיניות הענישה הנהוגה ובנסיבות הקשורות בביצוע העבירות כמפורט בסעיף 40ט לחוק העונשין (סעיף 40ג לחוק העונשין); לאחר מכן, אבחן האם ראוי לחרוג מן המתחם לקולא בשל שיקולי שיקום (סעיף 40ד לחוק העונשין) או לחומרא בשל שיקולי הגנה על שלום הציבור (סעיף 40ה לחוק העונשין); לבסוף, אקבע את העונש המתאים שיושת על הנאשם, בהתחשב בצורך בהרתעת הנאשם (סעיף40ו לחוק העונשין), בצורך בהרתעת הרבים (סעיף40ז לחוק העונשין) ובנסיבותיו האישיות של הנאשם שאינן קשורות בביצוע העבירה (סעיף 40יא לחוק העונשין), כמו גם בנסיבות אחרות ככל שתמצאנה רלוונטיות (סעיף 40יב לחוק העונשין).",train
מהי הסיבה לאפשר לנאשם לשמר את הישגיו מההליך הטיפולי?,"אי לכך, סבורני כי יש מקום לאפשר לנאשם לשמר את הישגיו כתוצאה מההליך הטיפולי.",train
כיצד משפיעות עבירות הלבנת הון על אוצר המדינה ואינטרס הציבורי?,"בעבירות הלבנת ההון כרוך נזק רב לאוצר המדינה, לכלכלתה, ולאינטרס הציבורי.",train
מהי הסיבה לחומרה בעבירות שביצע הנאשם לפי השיקולים המשפטיים?,"בבסיס השיקולים לחומרה עומדת חומרת העבירות והמדיניות המשפטית בענישה בעבירות אלה, ריבויי העבירות ועברו הפלילי העשיר של הנאשם בעבירות בהן הורשע.",train
מהו היחס הנדרש בין חומרת העבירה ומידת האשמה לבין סוג העונש המוטל על הנאשם?,"בהתאם לתיקון 113 לחוק העונשין, נדרש יחס הולם בין חומרת מעשה העבירה בנסיבותיו ומידת אשמו של הנאשם לבין סוג ומידת העונש המוטל עליו.",train
מהי מצוות המחוקק לגבי החמרה עם רוצח שלא הורשע בכוונה?,"מצוות המחוקק היא להחמיר עם הרוצח שלא הורשע בכוונה אלא באדישות, וכך עלינו לנהוג.",train
מדוע נחשבת הימלטות הנאשם מהזירה לנסיבה מחמירה?,"יש לציין נסיבה נוספת לחומרה והיא הימלטות הנאשם יחד עם האחרים מן המקום, בהותירו מאחוריו את המנוח מתבוסס בדמו, מבלי להושיט לו עזרה או להזעיק כוחות הצלה.",train
מהו החשש שהנאשם יחזור על עבירות דומות וכיצד הוא משפיע על הענישה?,לא מצאתי כי החשש שהנאשם יחזור ויבצע עבירות דומות מצדיק חציית רף מתחם הענישה לחומרה משיקולי הגנה על שלום הציבור.,train
"מהו המשקל שניתן לנזק הפוטנציאלי במקרה זה, למרות סיום האירוע בנס?","למותר לציין, כי בנס הסתיים האירוע כפי שהסתיים (ולא על בסיס \חרטת הנאשם\""), אך אין בכך כדי לעקר את הצורך במתן משקל לנזק הפוטנציאלי.""",train
כיצד מתבטא המתח בין חומרת העבירה לנסיבות האישיות של הנאשם במקרה זה?,"המקרה דנא הינו דוגמא למתח שבין חומרת העבירה המצדיקה ככלל השתת מאסר בפועל לבין נסיבותיו האישיות של הנאשם ונסיבות העבירה, נתונים \המושכים\"" לכיוון השתת עונש שאינו כולל מאסר בפועל, גם לא כזה שירוצה בעבודות שירות.""",train
מהו השילוב הנדרש בין התנהגות קלת ערך לפגיעה בנאשם כדי להתיר חזרה מהרשעה?,"על בית המשפט להיווכח מהתנהגות קלת ערך מחד גיסא ובפגיעה כבדה בנאשם מאידך גיסא, על מנת שיתיר חזרה מהרשעתו בנסיבות כגון דא.",train
כיצד יש להמחיש את הפסול שבמעשיו של הנאשם בעונש המוטל עליו?,"מטעם זה, כך לשיטתי, יש להמחיש בעבור הנאשם את הפסול שבמעשיו על דרך ענישה ההולמת את חומרת מעשיו ונסיבותיהם, כך בשני כתבי האישום בהם הודה הנאשם.",train
כיצד ישמש ההליך הפלילי כמנוף לשיקום הנאשם?,"בדרך זו ישמש ההליך הפלילי כמנוף לטיפול ולשיקום ביחד עם פיקוח המאפשר, בכל עת, דיון מחדש בעונשו.",train
מהו הנזק שנגרם כתוצאה מעבירת הגניבה והשפעתו על הקרבנות?,באשר לנזק שנגרם מעבירת הגניבה יש לתן הדעת לפגיעה ברכוש הקרבנות ולבהלה שלבטח אחזה בהם עת גילו כי מכשיר הטלפון החכם שלהם נגנב מתוך תיקם.,train
מהו השינוי שהביא תיקון מס' 113 לחוק העונשין בנוגע לענישה?,"בדרך זו חידד תיקון מס' 113 לחוק העונשין את הצורך בהמשך נקיטת שיטת ענישה אינדיווידואלית, הבוחנת נסיבותיו של כל מקרה ואדם המובא לדין (ע\פ 433/89 אטיאס נ' מדינת ישראל, פ\""ד מג(4) 170; ע\""פ 5106/99 אבו ניג'מה נ' מדינת ישראל, פ\""ד נד(1) 350; רע\""פ 3173/09 פראגין נ' מדינת ישראל (ניתן ביום 5.5.2009)).""",train
כיצד משפיע האינטרס הציבורי על גזר הדין במקרה זה?,נתתי משקל לאינטרס הציבור המבקש לחזות בענישה מרתיעה בנסיבות בהן הורשע הנאשם.,train
כיצד משפיעה ניהול המשפט על זכאות הנאשם להקלה בעונש?,"אין לזקוף לחובת הנאשם ניהול משפט על ידו ולא החמרתי עמו בשל כך שניהל את משפטו (ר' סעיף 40יא(6) לחוק העונשין); אולם, הנאשם אינו זכאי להקלה לה זכאים נאשמים אשר לוקחים אחריות למעשיהם, מביעים חרטה וחוסכים מזמנו של בית המשפט ועדי הצדדים.",train
מהי הסיבה לכך שלא הוחמרה הענישה במקרה זה למרות העבירות שביצע הנאשם?,"מנגד, לא הונחה בפניי תשתית עובדתית ממנה ניתן להסיק על רמת סיכון גבוהה או חשש ממשי שהנאשם יחזור ויבצע עבירות דומות ועל כן אינני מוצא מקום לחצות את רף מתחם הענישה לחומרה, משיקולי הגנה על שלום הציבור.",train
מהו העיקרון שהדגיש תיקון מס' 113 לחוק העונשין בנוגע לענישה?,"דרך זו חידד תיקון מס' 113 לחוק העונשין את הצורך בהמשך נקיטת שיטת ענישה אינדיווידואלית, הבוחנת נסיבותיו של כל מקרה ואדם המובא לדין (ע\פ 433/89 אטיאס נ' מדינת ישראל, פ\""ד מג(4) 170; ע\""פ 5106/99 אבו ניג'מה נ' מדינת ישראל,פ\""ד נד(1) 350; רע\""פ 3173/09 פראגין נ' מדינת ישראל (ניתן ביום 5.5.2009)).""",train
מהו עקרון ההלימה שנקבע בתיקון 113 לחוק העונשין וכיצד הוא משפיע על הענישה?,"תיקון 113 לחוק העונשין שעניינו \הבניית שיקול הדעת השיפוטי בענישה\"" התווה את עקרון ההלימה כעיקרון מנחה בענישה לפיו נדרש יחס הולם בין חומרת מעשי העבירות בנסיבותיהן ומידת אשמו של הנאשם לבין סוג ומידת העונש המוטל עליו (סעיף 40ב לחוק העונשין).""",train
מהי המגמה של בית המשפט בנוגע לענישה במקרי אלימות עם שימוש בנשק קר?,המגמה של בית משפט זה הינה ברורה ועקבית - במקרי  אלימות בהם ישנו שימוש בסכין או בכל נשק קר הדומה לו יש להטיל ענישה משמעותית מאחורי סורג ובריח.,train
מהן הנסיבות הקשורות בביצוע העבירות שהשפיעו על עונשו של הנאשם?,"במסגרת בחינת הנסיבות הקשורות בביצוע העבירות (סעיף 40ט לחוק העונשין), נתתי דעתי, בין היתר, לכך שחלקו של הנאשם במהלך הדברים היה מרכזי ופגיעתו במתלוננים ובציבור היא גבוהה ומשמעותית.",train
מהו האופי של הפיצוי בהליך הפלילי וכיצד הוא נועד לסייע לנפגע העבירה?,"הפיצוי הינו רכיב עונשי, אך אופיו אזרחי ותכליתו לפצות את נפגע העבירה על הנזק והסבל שנגרמו לו, על דרך האומדנה.",train
כיצד מתחשבת מדיניות הענישה בעבירת הספקת סם מסוכן בצורך במאבק בנגע הפצת הסמים?,"מדיניות הענישה הנהוגה בפסיקה בעבירת הספקת סם מסוכן לאחר, מתחשבת בצורך במאבק בנגע הפצת הסמים בחברתנו, ולתרומתו של בית המשפט למיגור התופעה.",train
מהי המדיניות המשפטית העומדת בבסיס השיקולים לחומרה בעבירות בהן הורשע הנאשם?,בבסיס השיקולים לחומרה עומדת המדיניות המשפטית שתוארה לעיל באשר לענישה בעבירות בהן הורשע הנאשם.,train
מהי הנטייה הכללית להטיל עונש מצטבר או חופף בעבירות שונות?,נצפה כי הנטייה להטיל עונש מצטבר או חופף תלויה בחומרת העבירות ונסיבותיהן וכן בהתייחסות להליך המשפטי של הנאשם.,train
מהי מידת הפגיעה בערכים המוגנים במקרה דנא?,מידת הפגיעה בערכים המוגנים במקרה דנא היא רבה.,train
מהו המשקל שיש לתת לחבלות הקשות שנגרמו להבטום במסגרת השיקולים לחומרה?,"מצאתי ליתן משקל רב, במסגרת השיקולים לחומרה לחבלות הקשות שנגרמו להבטום, לכל משך חייו.",train
מדוע יש לראות כל אחד מהאירועים בכתב האישום כאירוע נפרד מבחינה עונשית?,"בנסיבות אלה, סבורני כי נכון לראות כל אחד מהאירועים המפורטים בכתב האישום כאירוע נפרד, המצדיק התייחסות עונשית נפרדת בנסיבותיו של הנאשם ובהתאם לעבירות הכלולות בו, כמצוות סעיף 40יג לחוק העונשין.",train
מהו עקרון ההלימה בענישה כפי שנקבע בתיקון 113 לחוק העונשין?,"תיקון 113 לחוק העונשין שעניינו \הבניית שיקול הדעת השיפוטי בענישה\"", התווה את עקרון ההלימה כעיקרון מנחה בענישה, לפיו נדרש יחס הולם בין חומרת מעשה העבירה בנסיבותיו ומידת אשמו של הנאשם לבין סוג ומידת העונש המוטל עליו.""",train
מדוע לא מצא בית המשפט הצדקה לחריגה ממתחם הענישה לקולה במקרה זה?,לא מצאתי הצדקה לחריגה ממתחם הענישה לקולה בהעדר אפיק שיקומי בחסות שירות המבחן.,train
כיצד נקבע מתחם הענישה למעשי העבירה שביצע הנאשם?,"תחילה, אקבע את מתחם הענישה למעשי העבירה שביצע הנאשם, על בסיס שיקולים נורמטיביים ואובייקטיבים, בהתחשב בערכים החברתיים שנפגעו, מידת הפגיעה בהם, במדיניות הענישה ובנסיבות הקשורות בביצוע העבירה.",train
מהי הסיבה לכך שלא נמצא כי החשש מהחזרת הנאשם לעבירות דומות מצדיק חציית רף הענישה?,"מנגד, לא מצאתי כי החשש שהנאשם יחזור ויבצע עבירות דומות מצדיק חציית רף מתחם הענישה לחומרה משיקולי הגנה על שלום הציבור.",train
כיצד מתבטא הצורך בגמול והרתעה בענישה של הנאשם?,לא התעלמתי מהגמול הנדרש לנאשם שישקף את הסלידה שחשה החברה נוכח מעשיו ואת הוקעתם הנדרשת והצורך בהרתעתו והרתעת עבריינים כמותו.,train
מהי המסקנה לגבי מידת הפגיעה בערכים המוגנים במקרה זה?,בחינת מידת הפגיעה בערכים המוגנים מובילה למסקנה כי הנאשם במעשיו פגע משמעותית בערכים המוגנים.,train
מהו השיקול שהשפיע על ההחלטה בעניינו של הנאשם בהקשר למצבו האישי?,"הבאתי בחשבון כי הנאשם, יליד 1979, הינו פליט מאריתריאה הנמצא בישראל לבדו מזה למעלה מחמש שנים, על כל הקשיים הכרוכים בכך, מתוך רצון לפרנס את משפחתו.",train
מהו הטעם העומד בבסיס ההוראה החוקית המגנה על הציבור?,"הטעם העומד בבסיס הוראה חוקית, הינו שמירה על שלטון החוק והסדר הציבורי, אכיפתו, וכן הגנה על הציבור מפני אלה המפרים אותו ועלולים להביא במעשיהם לפגיעה בסדר הציבורי.",train
מהי המדיניות המשפטית העומדת בבסיס השיקולים לחומרה בענישה בעבירות בהן הורשע הנאשם?,בבסיס השיקולים לחומרה עומדת המדיניות המשפטית שתוארה לעיל באשר לענישה בעבירות בהן הורשע הנאשם.,train
מהו החשש הקיים להישנות עבירות דומות מצד הנאשמת בעתיד?,"קיים חשש של ממש להישנות ביצוע עבירות דומות בעתיד מצד הנאשמת, ללא סיוע וליווי טיפולי.",train
מדוע יש לתת משקל מכריע להיבט השיקומי בענישה של הנאשם?,"לאור הליך שיקומו שעלה על מסלול מבטיח, אני רואה לתת משקל מכריע להיבט זה בענישה, מתוך תקווה כי חזרתו של הנאשם למסלול נורמטיבי תסב תועלת רבה הן לו כאדם, והן לחברה.",train
מהו הגמול הנדרש לנאשם כדי לשקף את סלידת החברה ממעשיו?,"לא נעלם מעיני הגמול הנדרש לנאשם, שישקף את הסלידה שחשה החברה נוכח מעשיו ואת הוקעתם הנדרשת.",train
מהו המשקל שניתן לגילו הצעיר של הנאשם בהליך הענישה?,"בנסיבותיו של הנאשם, סבורני כי יש לתן משקל רב לגילו הצעיר, לעובדה כי זו הסתבכותו הראשונה ולרצונו לסגל אורח חיים נורמטיבי.",train
כיצד יש להתייחס לרצף אירועים בעבירות מאותו סוג?,"בסדרת עבירות מאותו סוג, ובנסיבות דומות, הדרך הראויה היא להשקיף על רצף האירועים כעל מכלול אחד, ולהשית את העונש בהתאם לכך.",train
מהו הצורך שיש להביא בחשבון בגזירת עונש כדי לשמור על שלטון החוק?,"על בית המשפט להביא בחשבון בכל גזירת עונש גם את הצורך לשמור על שלטון החוק, ביטחון הציבור והרתעת העבריינים בפועל ובציבור הרחב.",train
מהו העונש הנדרש לעבירות חמורות הקשורות באלימות במשפחה כלפי בנות זוג?,"יוצא כי עבירות חמורות הקשורות באלימות במשפחה, נושאות בצדן מאסר לריצוי מאחורי סורג ובריח ואין צורך להכביר מילים אודות ההחמרה הנדרשת בענישת גברים המבצעים עבירות אלימות כלפי בנות זוגם.",train
מהי ההשפעה של עבירת הסחיטה באיומים על הסדר החברתי והחיים האישיים של הנסחטים?,"כבר נקבע לגבי עבירת הסחיטה באיומים כי היא מהווה עשיית דין עצמית הפוגעת ביסודות הסדר החברתי, כמו גם במרקם חייהם ובחירותם של הנסחטים במישור האישי והכלכלי.",train
מהי נקודת המוצא בענישה בעבירות מין וכיצד היא משפיעה על עקרון ההלימה?,"נקודת המוצא בענישה היא חומרת המעשים, מדיניות הענישה המחמירה, והצורך בהרתעה אישית וציבורית, עליה מתבסס עקרון ההלימה והגמול בצד מגבלות שיקולי שיקום.",train
מהו העיקרון הכללי לגבי הרשעה ועונש לאחר שהנאשם עבר עבירה המיוחסת לו?,"כידוע, כלל הוא כי משעבר הנאשם עבירה המיוחסת לו בכתב האישום, הוא יורשע וייענש, על מנת להגשים את מטרות הענישה, תוך מתן משקל בכורה לאינטרס הציבורי.",train
"מהי המסקנה שנובעת מהדו\ח לבחינת מדיניות הענישה והטיפול בעבריינים לגבי הליך שיקומי?""","מסקנה זו עולה בקנה גם עם הדברים שנכתבו בדו\ח צוות התביעה לבחינת יישום דו\""ח דורנר (דו\""ח הוועדה הציבורית לבחינת מדיניות הענישה והטיפול בעבריינים) מיום 7.6.2018, שם נקבע בין היתר כי במקום בו שיקולי ההלימה ואיון המסוכנות אינם מחייבים מאסר או מעצר בין כותלי הכלא, וכשניתן לשלב נאשם בהליך שיקומי ממשי המותאם לצרכיו, מחוץ לכותלי הכלא, כי אז יש להעדיף את ההליך השיקומי על פני מעצר או מאסר.""",train
מה יש להביא בחשבון כדי ליישם את עקרון ההלימה בעונש?,"על מנת ליישמו אביא בחשבון את הערכים החברתיים שנפגעו ומידת הפגיעה בהם; נסיבות הקשורות בביצוע העבירה, מידת אשמו של הנאשם ובמדיניות הענישה הנהוגה.",train
מהי ההבהרה שניתנה בפסיקה לגבי חריגה משיקולי צדק במקרים של קיצור תוחלת חייו של נאשם?,"הפסיקה מבהירה כי חריגה משיקולי צדק תיעשה רק במקרים חריגים, ובפרט כאשר יש בקיצור תוחלת חייו של נאשם.",train
מהן השיקולים שיש להביא בחשבון בעת יישום העקרון ההלימה?,"על מנת ליישמו אביא בחשבון את הערכים החברתיים שנפגעו ומידת הפגיעה; נסיבות הקשורות בביצוע העבירה ומידת אשמו של הנאשם ובמדיניות הענישה הנהוגה (ע\פ 8641/12 סעד נ' מדינת ישראל (ניתן ביום 5.8.2013)).""",train
כיצד פגע הנאשם בערכים חברתיים של הגנה על שלטון החוק בהפרת ההוראה החוקית?,"מתחם הענישה ההולם לכל אחת מהעבירות של הפרת הוראה חוקית בביצוע עבירה של הפרת הוראה חוקית, פגע הנאשם בערכים חברתיים של הגנה על שלטון החוק, כיבוד החוק ומערכת המשפט ושמירה על הסדר הציבורי.",train
כיצד רקעה האישי והכלכלי של הנאשמת השפיע על מעשה הגניבה שלה?,"הבאתי בחשבון את רקעה האישי, המשפחתי והכלכלי שהביא את הנאשמת למצוקה בשלה גנבה את הכסף, כפי המפורט בתסקיר שירות המבחן.",train
כיצד משפיעות הסכמות הצדדים על קביעת מתחם הענישה ההולם לפי תיקון 113 לחוק העונשין?,"הסכמות הצדדים אינן מאיינות את הוראות תיקון 113 לחוק העונשין, בכל הנוגע לקביעת מתחם הענישה ההולם, ואף ראוי לקבוע מתחם שכזה בנפרד מהסכמות הצדדים, וזאת כדי לאפשר את בחינת הסדר הטיעון לאור העונש ההולם בנסיבות העניין על פי המבחנים הקבועים בחוק, תוך יישום הוראותיו.",train
מהי מדיניות הענישה בעבירות סמים שלא נועדו לצריכה עצמית?,"מדיניות הענישה בעבירה הסמים בה הורשעו הנאשמים, מתחשבת בצורך במאבק בנגע הסמים המסוכנים ובפרט אלו שלא נועדו לצריכה עצמית וצופים פני הוצאתם מידי המחזיק לציבור בכללותו.",train
מהו המיקוד הנדרש בעונש במקרה של עבירות חוזרות?,מתחם הענישה שנקבע עבור העבירות המדוברות משקף את חומרת העבירות ובמקרה של עבירות חוזרות נדרש מיקוד מחמיר יותר בעונש.,train
אילו שיקולים ינחו בקביעת העונש המתאים לנאשמת בגדר מתחם הענישה?,"אי-לכך, מכלול השיקולים, לרבות שיקולי הרתעת הנאשמת והרבים, ינחוני בקביעת העונש המתאים לנאשמת בגדר מתחם הענישה (סע' 40ו ו-40ז לחוק העונשין).",train
מהו הסיכון הגלום בהחזקת סכין במקרה של דקירת המתלונן?,"במקרה דנא, נוכח דקירתו של המתלונן על ידי הנאשמים, התממש למעשה הסיכון הגלום בהחזקת הסכין.",train
מהו תפקיד השוטרים בהתנהלות הנאשם במהלך מעצרו ואיזוקו?,"הגם שפעולה זו כשלעצמה ראויה לגינוי ומהווה התנהגות פרועה, אין להתעלם מחלקם של השוטרים במהלך איזוק ומעצר הנאשם, אשר תרמו להתנהלות המתוארת מצד הנאשם.",train
מהו העיקרון המנחה בבחינת כל מקרה משפטי בנפרד?,"למותר לציין כי כל מקרה נבחן כפי נסיבותיו ולא איתרתי זהות בנסיבות העושים והמעשים השונים, כדי כך שתצדיק גזירת דינו של הנאשם שמלפניי כפי שנגזר דינם של נאשמים אחרים.",train
אילו שיקולים ינחו את בית המשפט בקביעת העונש המתאים לנאשם?,"השיקולים השונים, ינחוני בקביעת העונש המתאים בגדרי מתחם הענישה ובכללם שיקולי הרתעת הנאשם והרתעת הרבים מפני ביצוע עבירות נוספות (סעיף 40ו לחוק העונשין).",train
מהו יתרון שיטת העונש הכולל בהקשר להתנהגות פלילית של נאשם?,יתרונה של שיטת העונש הכולל הוא בכך שהיא מאפשרת לבית-המשפט להביע עמדה עונשית ראויה ביחס למכלול התנהגותו הפלילית של הנאשם.,train
מהי המדיניות המומלצת בענישה לעברייני נשק לפי הפסיקה?,"נוכח האמור, הודגש לא אחת כי יש לנקוט במדיניות ענישה ממשית ומשמעותית, בה ניתן מעמד בכורה מבין שיקולי הענישה לשיקולי הרתעת היחיד והרבים, שמשמעותה הרחקת עברייני הנשק מהחברה לפרק זמן משמעותי, על ידי השמתם מאחורי סורג ובריח.",train
מהי חובת בית המשפט בנוגע להעברת מסר לנאשם ולעבריינים אחרים?,"חובתו של בית המשפט להעביר מסר חד וצלול לנאשם ולאחרים כמותו, לפיו עבירות מסוג זה יתקלו בענישה מוחשית.",train
מהן שלוש ההתחשבויות שעל בית המשפט לקחת בחשבון ליישום עקרון ההלימה?,"על מנת ליישמו בית משפט יתחשב בשלושת אלה: ראשית, בערך החברתי שנפגע  מביצוע העבירה ובמידת הפגיעה בו; שנית, בנסיבות הקשורים בביצוע העבירה ומידת אשמו של הנאשם; שלישית, במדיניות הענישה הנהוגה (ע\פ 8641/12 סעד נ' מדינת ישראל (ניתן ביום 5.8.2013).""",train
אילו שיקולים מנחים בקביעת העונש המתאים בגדר מתחמי הענישה?,"אי-לכך, מכלול השיקולים, לרבות שיקולי הרתעת הנאשם ואחרים כמותו מפני ביצוע עבירות נוספות, ינחוני בקביעת העונש המתאים בגדר מתחמי הענישה.",train
מהי מטרת העבירות שנועדו למגר את תופעת הזנות?,"העבירות שנקבעו לצורך מיגור תופעת הזנות, ובהן גם העבירות שבהן הורשעה המשיבה, נועדו להגן על נשים וגברים בזנות, שפעמים רבות משתייכים לקבוצות המוחלשות ביותר בחברה ונאלצים להתמודד עם מאפייניה הפוגעניים ועם השלכותיה הקשות של תופעה זו.",train
מהי העמדה הערכית שהביע המחוקק לגבי העונש המרבי בעבירת סחיטה באיומים?,"בקבעו את העונש המרבי, הביע המחוקק עמדה ערכית ביחס לעבירה זו, באמצעות הצבת רף ענישה הולם בנסיבות החמורות ביותר.",train
כיצד חידד תיקון 113 לחוק העונשין את שיטת הענישה האינדיווידואלית?,"בדרך זו חידד תיקון 113 לחוק העונשין את הצורך בהמשך נקיטת שיטת ענישה אינדיווידואלית, הבוחנת את נסיבותיו של כל מקרה ואדם המובא לדין.",train
מהי הסיבה להחמרת העונש בעבירות המוזכרות בפסק הדין?,"הסכנה הנשקפת לציבור כתוצאה מעבירות אלה, לצד המימדים שאליהם הגיעו, מחייבים לתת ביטוי הולם וכבד משקל להגנה על הערך החברתי שנפגע כתוצאה מפעילות עבריינית זאת, הגנה על שלום הציבור מפני פגיעות בגוף או בנפש, ולהחמיר את עונשי המאסר המוטלים בגין פעילות עבריינית זאת, בהדרגה.\""	train""",
מהו תפקידו של בית המשפט בהערכה של נסיבות שונות בעת קביעת הענישה?,"מתפקידו של בית המשפט להעריך ולשקול נסיבות רבות ומגוונות, כמו למשל, חומרת העבירה ונפיצותה בציבור, הגנה על שלום הציבור וביטחונו, הרתעת העבריין ועבריינים בכוח, התגמול שבענישה וכיוצא באלה.",train
מהו השיקול שהנחה את בית המשפט לאמץ את הסדר הטיעון?,שיקול הקשיים הראייתיים מובילים לאימוץ הסדר הטיעון במלואו.,train
מדוע הוגדרו עבירות אלימות באמצעות נשק כעבירות חמורות בפסיקה?,"בימים אלה, כאשר האלימות גואה ברחבי הארץ, אנשים נדקרים ונפצעים קשה, לעיתים למוות, בשל סיבות של מה בכך, החל מוויכוח על סכומי כסף פעוטים או שימת ליבה של בחורה ועד למלחמות עבריינים המוציאים להורג אלה את אלה, אין תמה על כך שעבירות אלימות באמצעות נשק קר או חם הוגדרו בפסיקה כעבירות חמורות ביותר, ובתי המשפט ביטאו לא אחת את העמדה לפיה גם מי שאין לו עבר פלילי, וזו לו העבירה הראשונה, ראוי לענישה מחמירה ומרתיעה אם ביצע עבירת נשק כלשהי.",train
כיצד משפיע החשש להישנות מעשי אלימות על הענישה במקרה זה?,"בנסיבות אלה, גובר החשש להישנות מעשי אלימות מצדו ויש להמחיש עבורו את חומרת מעשיו בענישה הולמת ומרתיעה.",train
מהו השיקול שיש לקחת בחשבון בעת גזירת העונש לנאשם לפי סעיף 40יא לחוק העונשין?,"בגזירת העונש המתאים לנאשם שמלפניי וכמצוות סעיף 40יא לחוק העונשין, יש מקום להתחשב בנסיבותיו האישיות, אשר אינן קשורות בביצוע העבירות.",train
מהו המסר המרכזי לגבי הענישה בעבירות אלימות חמורות?,"המסר צריך להיות חד וברור, לאמור, אין לנקוט גישה סלחנית כלפי מי שביצע עבירת אלימות חמורה ואין לפטור עניינו של זה בעונש שאינו כולל מאסר בפועל לתקופה מהותית (לעניין זה ראו: ע\פ 6885/04 שי חן נ' מדינת ישראל (ניתן ביום 10.02.05).""",train
כיצד חידש תיקון מס' 113 לחוק העונשין את שיטת הענישה האינדיווידואלית?,"בדרך זו חידד תיקון מס' 113 לחוק העונשין את הצורך בהמשך נקיטת שיטת ענישה אינדיווידואלית, הבוחנת נסיבותיו של כל מקרה ואדם המובא לדין.",train
מדוע לא מצא בית המשפט הצדקה לחרוג ממתחם העונש ההולם?,"לא מצאתי הצדקה לחרוג ממתחם העונש ההולם מטעמי שיקום, היות והנאשם לא נמצא בשל להשתלב בהליך טיפולי בחסות שירות המבחן ובשל קשייו לעמוד על חומרת מעשיו.",train
מדוע נמנע בית המשפט מהטלת רכיבי ענישה כלכליים על הנאשם?,"נוכח מצבו הכלכלי של הנאשם, כפי שמצא ביטויו בתסקיר שירות המבחן מיום 5.2.2017, ובשים לב למכלול רכיבי הענישה, אמנע מהטלת רכיבי ענישה כלכליים, הגם שהיה מקום לחייב את הנאשם בפיצוי כספי לסטניסלב.",train
מהו השיקול לקולא שנלקח בחשבון בנוגע לגילה של הנאשמת?,"שיקולים לקולא: לזכות הנאשמת הבאתי בחשבון את היותה \בגירה צעירה\"" (ילידת שנת 1991).""",train
מהי הסיבה לכך ששירות המבחן נמנע מהמלצה להאריך את המאסר המותנה?,"נוכח הערכת השירות כי קיימים אצל הנאשם גורמי סיכון להמשך התנהלות פסולה בשל חוסר יציבות בחייו וסירובו להשתלב בהליך טיפולי, נמנע שירות המבחן מהמלצה להאריך את תקופת המאסר המותנה ומהמלצה טיפולית בעניינו.",train
מהו הרף המרבי של הענישה שנקבע בעבירת נשיאת נשק ומה הוא מבטא?,בקביעת רף הענישה המרבי של 10 שנות מאסר ביטא המחוקק את החומרה הרבה הגלומה בעבירת נשיאת הנשק.,train
מהו שיקול הדעת של בית המשפט בנוגע לניכוי תקופת מעצר מתוך המאסר?,"ניכוי תקופת מעצרו של נאשם מתוך תקופת המאסר הוא אמנם נוהג מקובל, אך האפשרות להורות כן נתונה לשיקול דעתו של בית המשפט ותלויה בנסיבות כל מקרה ומקרה.",train
אילו ערכים חברתיים מוגנים נפגעים כתוצאה מביצוע עבירת שוד לפי סעיף 402(א) לחוק העונשין?,"הערכים החברתיים המוגנים שנפגעים כתוצאה מביצוע עבירת שוד, לפי סעיף 402(א) לחוק העונשין, מבוססים על הגנה על שלמות גופו, שלוות נפשו, ביטחונו, בריאותו, כבודו וחייו של אדם, שכן עבירת שוד כוללת אלימות כלפי נפגע העבירה.",train
מדוע נחשבת סכין לפתח להתנהלות אלימה ומסוכנת?,"סכין היא פתח להתנהלות אלימה ומסוכנת, הן לנושא הסכין והן לסביבתו, ואין צריך להרחיק לכת כדי להיווכח בתוצאות החמורות של שימוש בסכין ליישוב סכסוכים.",train
כיצד נקבע מתחם הענישה ההולם לעבירה שביצע הנאשם?,"תחילה, אקבע את מתחם הענישה ההולם את העבירה שביצע הנאשם, על בסיס שיקולים נורמטיביים ואובייקטיבים, בהתחשב בערכים החברתיים שנפגעו, מידת הפגיעה בהם, במדיניות הענישה ובנסיבות הקשורות בביצוע העבירה.",train
מה יש לעשות במקרים חריגים שבהם הקשר בין העבירות אינו ברור?,"במקרים חריגים בהם הבחינה העובדתית לא תוביל למסקנה ברורה האם הקשר 'הדוק' דיו, ראוי לקיים בקרה נורמטיבית, במסגרת אשר תיבחן השאלה האם נכון לראות את העבירות ככמה אירועים נפרדים במטרה למנוע מצב שבו עבירה הקשורה בעבירה אחרת 'תבלע' באותה עבירה.",train
מהן שלוש הנקודות שעל בית המשפט להתחשב בהן כאשר הוא מיישם את עקרון ההלימה?,"על מנת ליישמו בית משפט יתחשב בשלושת אלה: ראשית, בערך החברתי שנפגע  מביצוע העבירה ובמידת הפגיעה בו; שנית, בנסיבות הקשורות בביצוע העבירה ומידת אשמו של הנאשם; שלישית, במדיניות הענישה הנהוגה (ע\פ 8641/12 סעד נ' מדינת ישראל (ניתן ביום 5.8.2013).""",train
מהי עמדת בית המשפט לגבי סיכון הנאשם לשלום הציבור?,"בה בעת, אינני סבור שהנאשם מהווה סיכון לשלום הציבור, באופן המצדיק חציית רף מתחם הענישה לחומרה.",train
כיצד משפיעה חומרת המעשים על הצורך בענישה משמעותית לנאשם?,חומרת המעשים בשילוב התנהלותו של הנאשם משקפות תמונת מסוכנות ומחייבת ענישה משמעותית.,train
מהו האיזון הנכון בין האינטרסים השונים בריצוי עונש מאסר על דרך של עבודות שירות?,"סבורני כי ריצוי עונש מאסר על דרך של עבודות שרות יאזן נכונה בין האינטרסים השונים, יאפשר לנאשם מתן תרומה נרחבת מטעמו מצו של\צ בעבור החברה שנפגעה ממעשיו, בייחוד לאור העובדה כי בעבר נמנע מלבצע עונש זה שנגזר עליו בהליך אחר ובד בבד, יצמצם מנזקי המאסר הממשי שהיה ראוי שייגזר על הנאשם, בהינתן נסיבות מעשיו לבדם.""",train
מהו מתחם העונש ההולם שנקבע לאירוע כולו?,"מכאן, אקבע מתחם עונש הולם לאירוע כולו, בנסיבות ביצועו, ואגזור עונש כולל לכל העבירות בשל אותו אירוע.",train
מהי המגמה המסתמנת במדיניות הענישה בעבירות הלבנת הון?,מדיניות הענישה הנהוגה מצביעה על מגמה של החמרה בענישה בעבירות הלבנת הון בהסתמך על הנזק הרב הכרוך בהן.,train
מהי הסיבה לכך שאין הצדקה להימנע מהפעלת המאסרים על תנאי שנגזרו על הנאשם?,"לאור המקובץ עד כה, סבורני כי אין כל הצדקה להימנע מהפעלת המאסרים על תנאי שנגזרו על הנאשם.",train
מדוע תיתכנה סטיות מהיחס שנקבע בחוק בין עונש המסייע לעונש המבצע העיקרי?,"יחד עם זאת, אין לומר כי מדובר ביחס שיש להקפיד על קיומו באורח דווקני ותיתכנו סטיות ממנו בשים לב לנסיבות המיוחדות של המקרה הנדון [...] אין המדובר בגזירה אוטומטית של מחצית העונש בעניינו של המסייע מהעונש שנגזר על המבצע העיקרי, ויש שהנסיבות הפרטיקולאריות מחייבות הטלת עונש ביחס שונה.",train
מהו הצורך המשפטי שמצדיק ענישה ממשית במקרה של הנאשם?,"מידת אשמו של הנאשם והצורך בהרתעתו ובהרתעת עבריינים אחרים כמותו מצריכים ענישה ממשית שיהא בה כדי להמחיש עבורו את הסלידה אותה חשה החברה מכיעור מעשיו והנזק הפוטנציאלי העצום הכרוך בהם, ובתוך כך לשגר מסר מרתיע לבל ישוב לבצע עבירות נוספות בעתיד.",train
כיצד ימצא הגמול ההולם את נסיבות המעשה והעושה לפי חומרת מעשיו?,"גמול ההולם את מכלול נסיבות המעשה והעושה ימצא ביטויו בביצוע צו של\צ, בהיקף נרחב בהרבה מהמלצת שירות המבחן כיאה לחומרת מעשיו והתנהלותו, לצד קנס כספי, ובדרך זו יגמול הנאשם לחברה על מעשיו.""",train
מהן שלוש השיקולים שעל בית המשפט להתחשב בהם ביישום עקרון ההלימה?,"על מנת ליישמו בית משפט יתחשב בשלושת אלה: ראשית, בערך החברתי שנפגע  מביצוע העבירה ובמידת הפגיעה בו; שנית, בנסיבות הקשורות בביצוע העבירה ומידת אשמו של הנאשם; שלישית, במדיניות הענישה הנהוגה.",train
מהו מתחם העונש ההולם שנקבע במקרה זה?,"מכל המקובץ, באתי למסקנה כי מתחם העונש ההולם בנסיבות דנא הינו בין מאסר מותנה לבין 10 חודשי מאסר בפועל, לצד ענישה כלכלית וענישה מרתיעה צופה פני עתיד.",train
מהי הסיבה לכך שלא הונחה תשתית עובדתית לרמת סיכון גבוהה מהנאשם?,"מנגד, לא הונחה בפניי תשתית עובדתית ממנה ניתן להסיק על רמת סיכון גבוהה להתנהגות פוגענית חוזרת מצד הנאשם ועל כן אינני מוצא מקום לחצות את רף מתחם הענישה לחומרה, משיקולי הגנה על שלום הציבור.",train
מדוע מצב כלכלי רעוע של הנאשם אינו מצדיק את מעשיו ברכישת אופניים חשמליים?,לרכישת אופניים חשמליים אינה צורך קיומי כך שמצבו הכלכלי הרעוע של הנאשם אינו מצדיק את מעשיו.,train
מהו עקרון ההלימה כפי שנקבע בתיקון 113 לחוק העונשין?,"תיקון 113 לחוק העונשין שעניינו \הבניית שיקול הדעת השיפוטי בענישה\"" התווה את עקרון ההלימה כעיקרון מנחה בענישה לפיו נדרש יחס הולם בין חומרת מעשה העבירה בנסיבותיו ומידת אשמו של הנאשם לבין סוג ומידת העונש המוטל עליו (ס' 40ב לחוק העונשין).""",train
מהו הסיכון הגלום במעשה ירי כאשר הוא סיכן בפועל חיי אדם?,"קל וחומר שסיכון כאמור גלום במקרה שבו הירי מנשק חם סיכן בפועל חיי אדם, למשל במקרה שבו יריות נורו לעבר ביתו של אדם במטרה להפחידו, בנסיבות שבהן לא ניתן לייחס ליורה ניסיון לגרימת פציעה או חבלה חמורה לאדם.",train
מדוע קבע המחוקק עונש מרבי של 3 שנות מאסר בעבירת איומים?,"בביצוע עבירת איומים, לצידה קבע המחוקק עונש מרבי של 3 שנות מאסר, נפגעים ערכים חברתיים של שלוות נפשו של הקרבן, חופש הפעולה והבחירה שלו ואין לאפשר מצב בו איום הופך להיות כלי או אמצעי לפתרון סכסוך כזה או אחר, בפרט כאשר קיים חשש ממשי שדברי איום יובילו לכדי פגיעה פיסית של ממש.",train
מהי החומרה הרבה שנודעת לפגיעה בשלמות גופו של אדם לפי המחוקק?,"בקביעת רף הענישה המרבי של 20 שנות מאסר ביטא המחוקק את החומרה הרבה שנודעת לפגיעה בשלמות גופו של אדם ובבריאותו, אשר נעשתה מתוך כוונה מיוחדת להטלת נכות, מום או חבלה חמורה בנפגע.",train
מהו הערך החברתי שנפגע בביצוע עבירה של תקיפה סתם?,"בביצוע עבירה של תקיפה סתם, אשר לצדה עונש מרבי של שנתיים מאסר, נפגעים ערכים החברתיים של סטנדרט התנהגות שנועד להגן על תחושת הביטחון, שלמות הגוף והכבוד של כל פרט בציבור מפני תופעת האלימות, לרבות זו הכרוכה בשימוש בחפצים.",train
מדוע לא נמצא הנאשם בשל להליך טיפולי למרות שהודה במיוחס לו?,"הגם שהנאשם לקח אחריות על מעשיו והודה במיוחס לו, שירות המבחן התרשם כי הנל מתקשה להבין חומרת התנהלותו ועל כן לא נמצא בשל להליך טיפולי.",train
מהי מטרת האיסור על החזקת סכין במצבים של מריבה מילולית?,"מטרת האיסור למנוע מצבים בהם מריבה מילולית הופכת אך מהר לפגיעה בגוף ובנפש, כפי שעיננו רואות חדשות לבקרים, כיום יותר מבעבר.",train
מהו העיקרון המשפטי המנחה בבחינת עניינו של נאשם לעומת מקרים אחרים שנדונו בעבר?,"עם זאת, כל מקרה נבחן כפי נסיבותיו הייחודיות ולא מצאתי לגזור גזירה שווה בין אלו מהאסמכתאות לבין עניינו של הנאשם כאינדיבידואל העומד לדין מלפניי.",train
מהו מתחם העונש ההולם שנקבע לעבירות שביצע הנאשם בהתחשב בנסיבות השונות?,"מכל המקובץ, בהתחשב בערכים החברתיים שנפגעו מביצוע העבירות, במידת הפגיעה בהם, במדיניות הענישה הנהוגה, בנסיבות הקשורות בביצוע העבירות והיחס ההולם בין חומרת מעשי העבירות בנסיבותיהם ומידת אשמו של הנאשם ובין סוג ומידת העונש שיש להטיל עליו, סבורני כי מתחם העונש ההולם לעבירות שבוצעו על ידי הנאשם נע בין 4 חודשי מאסר שיכול וירוצו בעבודות שירות, לבין 18 חודשי מאסר בפועל, מאסרים מותנים וענישה כלכלית בדמות קנס ופיצוי.",train
מדוע לא נמצאה הצדקה לחרוג ממתחם העונש ההולם במקרה זה?,"בענייננו, לא מצאתי הצדקה לחרוג ממתחם העונש ההולם, כפי קביעתי, בשל שיקולי שיקום (סע' 40ד(ב) לחוק העונשין).",train
מהי ההבחנה בין מתחם העונש ההולם למדיניות הענישה הנהוגה בעבירה הרלבנטית?,"יש לזכור, כי אין בהכרח חפיפה בין מתחם העונש ההולם, המהווה הכרעה ערכית המבוססת על שיקולים שונים, לבין מדיניות הענישה הנהוגה בעבירה הרלבנטית, שאינה אלא שיקול מבין השיקולים הנלקחים בחשבון בקביעת מתחם העונש ההולם.",train
"מהו הצורך המובהק להחמיר בענישת עברייני מין, במיוחד כשמדובר בקורבנות קטינים?","זה שנים רבות חוזר ועומד בית משפט זה על הצורך להחמיר בענישתם של עברייני מין, ובפרט ביחס לאלו שקורבנותיהם הם קטינים.",train
אילו שיקולים ינחו את בית המשפט בקביעת העונש המתאים לנאשם?,"מכלול השיקולים, לרבות שיקולי הרתעת הנאשם ואחרים כמותו מפני ביצוע עבירות נוספות (ר' סעיפים 40ו ו-40ז לחוק העונשין), ינחוני בקביעת העונש המתאים לנאשם בגדרי מתחם הענישה.",train
מהו מתחם העונש ההולם שנקבע לאירוע המתואר בכתב האישום המתוקן?,"בהתחשב בכל הנאמר עד כה, ובשים לב לעקרון ההלימה, אני סבור כי מתחם העונש ההולם בגין האירוע המתואר בכתב האישום המתוקן נע בין ענישה צופה פני עתיד ל- 10 חודשי מאסר בפועל.",train
כיצד בית המשפט ממלא את חובתו החוקית והמוסרית באמצעות הענישה?,בית המשפט מצווה להרים את תרומתו לחובה חוקית ומוסרית זו באמצעות ענישה הולמת ומרתיעה.,train
מדוע הנאשם אינו זכאי להקלה בעונשו למרות נסיגת המתלונן ופציעתו?,"הנאשם מצא לערב סכין, בהצמדתו לצווארו של אחר, ובכך סיכן את המתלונן ואף את עצמו ועל כן אינו זכאי להקלה בעונשו, אף אם נסיגת האחר תרמה לפציעתו או בשל כך שגם הוא עצמו נפצע.",train
מהו היחס הנדרש בין חומרת העבירה למידת אשמו של הנאשם בהתאם לתיקון 113 לחוק העונשין?,"בהתאם לתיקון 113 לחוק העונשין, נדרש יחס הולם בין חומרת מעשה העבירה בנסיבותיו ומידת אשמו של הנאשם לבין סוג ומידת העונש המוטל עליו.",train
מהו השיקול המרכזי שמצדיק גזירת עונש משמעותי בעבירות מין במשפחה?,"במקרים כגון דא, יש לשיקולי הרתעה משקל משמעותי לעניין העונש, והמקרה שלפני הוא מאותם מקרים שיש בהם הצדקה לגזור עונש משמעותי בעל אפקט חינוכי והרתעתי, שהרי \חברה המקפידה על שלום חבריה, ביטחונם וכבודם האנושי נדרשת לשקוד על מניעת ביצועם של מעשים שיש בהם פגיעה כה קשה בערך האדם כאדם, תחילה דרך חינוך בניה ובנותיה וקביעת האיסורים ההולמים, ובמקרים שבהם החינוך נכשל והאיסור לא כובד, אזי דרך מערכת אכיפת החוק והענשת החוטאים\"".""",train
מה עולה מהתרשמות שירות המבחן לגבי הפנמת הפסול שבמעשיו של הנאשם?,"מהתרשמות שירות המבחן ומדברי הנאשם בבית המשפט עולה כי מעבר להודאתו במיוחס לו בכתב האישום המתוקן, הוא הפנים את הפסול שבמעשיו והוא מתחרט על ביצועם.",train
"מהו המנעד הרחב של הענישה בעבירות אלימות במשפחה, וכיצד הוא מושפע מנסיבות המקרה?","בחינת מדיניות הענישה הנהוגה מגלה מנעד רחב של ענישה בעבירות אלימות במשפחה, בהתאם לנסיבות ביצוע העבירה ונסיבותיו של העושה, כפי שהדברים משתקפים גם מהפסיקה שהציגו הצדדים.",train
מהו העיקרון בהטלת עונש כולל כאשר מדובר בשורת עבירות מהותית אחת?,"כאשר ההרשעה מתייחסת לשורת עבירות המהווה מסכת אחת של התנהגות עבריינית, הגם שניתן לחלקה באופן טכני לעבירות מספר, ראוי להטיל בגינה עונש כולל אחד.",train
מה השיקולים שעל בית המשפט לשקול כאשר הוא בוחן חריגה ממתחם הענישה?,"על בית המשפט לבחון האם ראוי לחרוג מן המתחם בשל שיקולי שיקום המהווים שיקול לקולא (סעיף 40ד לחוק העונשין) או מאידך בשל הצורך להגנה על שלום הציבור, המהווה שיקול לחומרא (סעיף 40ה לחוק העונשין).",train
מהו השיקול הנוסף שנלקח בחשבון בנוגע להתנהגות רשויות אכיפת החוק?,נתתי דעתי גם להתנהגות רשויות אכיפת החוק עליה עמדתי בהכרעת הדין ולכך שממועד ביצוע העבירה בשנת 2010 ועד היום לא נפתחו תיקים נוספים כנגד הנאשם.,train
מדוע ביעור תופעת החזקת כלי נשק בלתי חוקיים נחשב לאינטרס ציבורי מהמעלה הראשונה?,"ביעור תופעת החזקת כלי נשק בלתי חוקיים הוא אפוא אינטרס ציבורי מהמעלה הראשונה ותנאי הכרחי למאבק בתופעות הפשיעה האלימה לסוגיה הרווחות במקומותינו, בבחינת 'ייבוש הביצה' המשמשת ערש גידולן של תופעות אלה.",train
כיצד משפיעים הערכים החברתיים שנפגעו על קביעת מתחם העונש ההולם לעבירות שביצע הנאשם?,"מכל המקובץ, בהתחשב בערכים החברתיים שנפגעו מביצוע העבירות, במידת הפגיעה בהם, במדיניות הענישה הנהוגה, בנסיבות הקשורות בביצוע העבירות והיחס ההולם בין חומרת מעשי העבירות בנסיבותיהן ומידת אשמו של הנאשם ובין סוג ומידת העונש שיש להטיל עליו, סבורני כי מתחם העונש ההולם לעבירות שבוצעו על ידי הנאשם נע בין מאסר קצר בפועל שיכול וירוצה בעבודות שירות לבין 12 חודשי מאסר בפועל.",train
מהי הדרישה כאשר מוטל על הנאשם עונש מאסר בגין העבירה?,"כאשר מוטל על הנאשם עונש מאסר בגין העבירה בתיק זה, חובה כי חלק מתקופת המאסר תהא בפועל.",train
"מה יש לעשות כאשר קיימים \טעמים מיוחדים\"" המצדיקים קביעת רף תחתון נמוך יותר?""","יתכנו \טעמים מיוחדים\"" המצדיקים קביעת רף תחתון נמוך יותר, ובמקרה מעין זה על בית המשפט לפרט את אותם טעמים מיוחדים.""",train
מהי המסקנה לגבי מידת הפגיעה בערכים החברתיים במקרה זה?,בחינת מידת הפגיעה בערכים החברתיים מובילה למסקנה כי מדובר בפגיעה משמעותית.,train
מהן הנסיבות שהופכות את כלל המעשים למרום החומרה במקרה זה?,"נסיבות ביצוע העבירות מציבות את כלל המעשים במרום החומרה בשל פגיעה קשה ורבה בערכים החברתיים המוגנים, נוכח אופיים של מעשי הפגיעה המינית שביצעו הנאשמים בקטינה, תדירותם, ריבוים, דרך ביצועם, מקום ביצועם, והכל תוך ניצול חולשתה ופגיעותה של הקטינה הן בשל גילה הצעיר והן כמי שלוקה בהפרעת אישיות גבולית ובעלת הנמכה קוגניטיבית על גבול מוגבלות שכלית התפתחותית.",train
מהו מעמדו של בית המשפט ביחס להמלצות שירות המבחן בעת גזירת העונש?,"בית משפט אינו כפוף להמלצות שירות המבחן, בהיותו אחראי על מכלול השיקולים והאינטרסים הנדרשים במלאכת הענישה.",train
מהו השיקול המרכזי שיש לקחת בחשבון כדי להרתיע את הנאשם?,"בנסיבות אלו יש ליתן משקל יתר לשיקולי הרתעתו של הנאשם, לבל ימנע מלשוב ולפגוע בציבור.",train
מהו המעמד המוסרי של העבירה של סחיטה באיומים לפי בתי המשפט?,"העבירה של סחיטה באיומים, שבתי המשפט נתקלים בה לא אחת, היא עבירה שבשפל המדרגה המוסרי, ומנוגדת לסדר חברתי מתוקן; כדי לסחוט את הזולת, מטילים עליו אימה, כך שיעשה את רצונו של הסוחט.",train
מהי מדיניות הענישה הנוהגת לגבי הפצת חומרים מסכנים בבתי המשפט?,"מבחינת מדיניות הענישה הנוהגת עולה כי בתי המשפט נתנו ביטוי לתכלית המאבק בתופעת הפצת חומרים מסכנים, באמצעות עונשי מאסר בפועל לצד ענישה מרתיעה.",train
מדוע יש חשש שהטלת עונש מאסר תזיק לשיקול השיקום של הנאשם?,דומני כי הטלת עונש מאסר בכליאה על הנאשם בשלב זה תחטא לשיקול השיקום ועלולה לגרום ליותר נזק מתועלת לחברה.,train
מהן שלושת השלבים העיקריים במלאכת גזירת הדין לפי סעיף 40ג לחוק העונשין?,"מלאכת גזירת הדין מורכבת משלושה שלבים עיקריים: תחילה, אקבע את מתחם העונש ההולם למעשי העבירות שביצע הנאשם, על בסיס שיקולים נורמטיביים ואובייקטיבים, בהתחשב בערך החברתי שנפגע מביצוע העבירות, במידת הפגיעה בערך זה, במדיניות הענישה הנהוגה ובנסיבות הקשורות בביצוע העבירות כמפורט בסעיף 40ט לחוק העונשין (סעיף 40ג לחוק העונשין); לאחר מכן, אבחן האם ראוי לחרוג מן המתחם לקולא בשל שיקולי שיקום (סעיף 40ד לחוק העונשין) או לחומרה בשל שיקולי הגנה על שלום הציבור (סעיף 40ה לחוק העונשין); לבסוף, אקבע את העונש המתאים לנאשם, בהתחשב בצורך בהרתעת הנאשם והרבים (סעיפים 40ו ו-40ז לחוק העונשין) ובנסיבותיו האישיות של הנאשם שאינן קשורות בביצוע העבירות (סעיפים 40יא ו-40יב לחוק העונשין) [ראו: ע\פ 2918/13 דבס נ' מדינת ישראל (ניתן ביום 18.7.2013); ע\""פ 1903/13 עיאשה נ' מדינת ישראל (ניתן ביום 14.7.2013); ע\""פ 1323/13 חסן נ' מדינת ישראל (ניתן ביום 5.6.2013)].""",train
כיצד שינוי ההגדרה של עבירת הרצח מחזק את עקרון קדושת החיים?,שינוי זה מחדד את עקרון קדושת החיים.,train
כיצד ייקבע מתחם הענישה לאירוע כולו בהתחשב בעבירות בהן הורשעו הנאשמים?,"לכן אקבע מתחם ענישה הולם לאירוע כולו, בנסיבות ביצועו, ואגזור את עונשו של כל אחד מהנאשמים, בהתחשב בעבירות בהן הורשע.",train
כיצד משפיעים שיקולי הצדדים על העונש המוסכם במסגרת הסדר טיעון?,"בית המשפט אינו כבול אמנם לעונש עליו הסכימו הצדדים במסגרת הסדר טיעון, ועליו לבוחנו בהתאם לאמות המידה המקובלות, ובכלל זה השיקולים הייחודיים המתחייבים מקיומו של הסדר טיעון (ע\פ 1958/98 פלוני נ' מדינת ישראל, פ\""ד נ\""ז(1), 577); אולם, אין להתעלם מכך שלעתים חלק משיקולי הצדדים לחתור להסכמה באשר לענישה או לטווח ענישה מוסכם אינם נפרשים במלואם, על כל פרטיהם, בפני בית המשפט ובין אלה ניתן להצביע על קשיים ראייתיים, הרצון להימנע מהבאת עד מסוים, הרצון להימנע מחשיפת חומר חקירה וכו'.""",train
מהו היחס הנדרש בין חומרת העבירות ומידת האשמה לבין סוג העונש המוטל על הנאשם?,"בהתאם לתיקון 113 לחוק העונשין, נדרש יחס הולם בין חומרת מעשי העבירות בנסיבות ביצוען ומידת אשמו של נאשם לבין סוג ומידת העונש המוטל עליו.",train
מהי המדיניות המשפטית הנוגעת לעבירות בהן הורשע הנאשם?,"המדיניות המשפטית בעבירות בהן הורשע הנאשם, בראשן עבירת החזקת הסמים שלא לצריכה עצמית, התנהגותו כלפי גורמי אכיפת החוק והצורך להגן על הערכים החברתיים שנפגעו מביצוען מחייבת ענישה מרתיעה, הן ביחס לנאשם והן כלפי ציבור העבריינים כולו.",train
מהי מדיניות הענישה בעבירות של הפרת הוראה חוקית בהתאם למהות הצו?,"מדיניות הענישה הנוהגת בעבירות של הפרת הוראה חוקית, הינה בין מאסר מותנה לבין מאסר לתקופה קצרה, תלוי במהותו של הצו והעומד ביסודן, שכן אין דינה של הפרת הוראה אשר ניתנה לצורך הפקדת ערבות, כדינה של הוראה אשר ניתנה לצורך הגנה על חיי אדם.",train
מדוע עורכי הדין זקוקים להגנה מיוחדת בעת מילוי תפקידם?,"לאור תפקידם החשוב של עורכי הדין הם ראויים להגנה מיוחדת על מנת להבטיח שימלאו את תפקידם ללא מורא וחשש, זולת מורא הדין.",train
מהו תפקידו של בית המשפט במיגור עבירות הסמים בחברה?,עבירות הסמים הן בגדר רעה חולה שפשה בחברתנו ומחובתו של בית המשפט לתרום חלקו למיגור נגע זה באמצעות הטלת עונשים מחמירים ומרתיעים.,train
מהי החשיבות של העברת מסר לציבור כאשר קורבן סחיטה פונה לרשויות החוק?,"ראוי להזכיר את שאמר השופט א' א' לוי בע\פ 6774/01 מדינת ישראל נ' אלעלווין, כי עבירת הסחיטה באיומים: 'היא למרבה הדאבה תופעה נפוצה, אך רק לעתים רחוקות אוזר הקורבן אומץ כדי לפנות לרשויות החוק, הואיל והוא חושש שידם של הסחטנים עלולה להשיג אותו במוקדם או במאוחר, מבלי שאנשי החוק יוכלו להושיעו. לפיכך, כשסוף סוף מעז מתלונן לבקש את הגנת החוק, יש לראות בכך הזדמנות לא רק להעניש את העבריין המסוים אשר נמצא כי חטא, אלא גם להעביר מסר לציבור בכלל, ולאלה שחוטאים בעבירות מן הסוג הזה בפרט, כי עבריינים בתחום זה עלולים לשלם על מעשיהם בדרך של שלילת חירותם לתקופה ארוכה. ענישה מסוג זה מטרתה איפוא משולבת, לתת ביטוי למידת הכיעור שבעבירה זו ולשאט הנפש שהיא מעוררת בלב השומע, והיא נועדה גם כדי לעודד את הקורבנות לשבור את קשר-השתיקה, ולהביא את דברם בפני רשויות החוק כדי לשים קץ לסחיטה בה הם נתונים'.""",train
מהו מתחם העונש ההולם שנקבע לעבירות שביצע הנאשם?,"מכל המקובץ, בהתחשב בערכים החברתיים שנפגעו מביצוע העבירות, במידת הפגיעה בהם, במדיניות הענישה הנהוגה, בנסיבות הקשורות בביצוע העבירות והיחס ההולם בין חומרת מעשי העבירות בנסיבותיהן ומידת אשמו של הנאשם ובין סוג ומידת העונש שיש להטיל עליו, סבורני כי מתחם העונש ההולם לעבירות שבוצעו על ידי הנאשם נע החל ממאסר מותנה ועד ל-12 חודשי מאסר בפועל, לצד ענישה כלכלית.",train
מהי הסיבה לכך שלא נמצא לחרוג ממתחם העונש ההולם במקרה זה?,"בענייננו, לא מצאתי לחרוג ממתחם העונש ההולם, כפי קביעתי, בשל שיקולי שיקום, על שהנَل הביע רצון לשקם את חייו ולצאת לעבודה  (ר' סעיף 40ד(ב) לחוק העונשין).",train
מדוע יש לייחס משקל לתחושות האימה והפגיעה בביטחון האישי של בעל הנכס?,"יש לייחס משקל נרחב לתחושות האימה, אוזלת יד, הפגיעה בביטחון האישי והפגיעה בפרטיות אותן חש בעל הנכס המגלה אדם זר מחטט בחפציו האישיים בדירתו ונוטל לעצמו את אשר הוא חפץ בו.",train
מהי מדיניות הענישה בעבירה של ייבוא סמים וכיצד היא מתחשבת במאבק בנגע הסמים?,מדיניות הענישה הנהוגה בעבירה שבוצעה מתחשבת בצורך במאבק בנגע הסמים מעלה כי במקרים דומים הוטלו על נאשמים עונשים מרתיעים.,train
מהו מתחם העונש ההולם שנקבע לאירוע בו ביצע הנאשם את העבירה?,"מכל המקובץ, בהתחשב בערכים החברתיים שנפגעו ממעשי הנאשם, ממידת הפגיעה בהם, בנסיבות ביצוע המעשים ולאחר שבחנתי את מדיניות הענישה הנהוגה, אני קובע מתחם עונש הולם לאירוע בו בצע הנאשם את העבירה החל ממאסר מותנה וביצוע שירות לתועלת הציבור ועד ל-8 חודשי מאסר בפועל.",train
מהו הבסיס לשיקולים לחומרה בענישה בעבירות אלימות כלפי בת זוג?,"שיקולים לחומרה: בבסיס השיקולים לחומרה ניצבת חומרת העבירות ומדיניות הענישה בעבירות המבוצעות בנסיבות מחמירות אלו, בדרך של נקיטת אלימות כלפי בת זוג, בנסיבות המפורטות.",train
מהו השיקול שהוביל את בית המשפט להחליט שלא לחרוג ממתחם העונש ההולם במקרה זה?,"בענייננו, לא מצאתי לחרוג ממתחם העונש ההולם, כפי קביעתי, בשל שיקולי שיקום, אמנם הנאשם החל טיפול במרפאה לבריאות נפש, אך סירב להשתלב בהליך טיפולי בחסות שירות המבחן ולא התרשמתי כי הוא בשל להליך שיקומי מעמיק (ר' סעיף 40ד(ב) לחוק העונשין).",train
מהו הקשר הנדרש בין חומרת העבירה ומידת אשמו של הנאשם לבין סוג העונש המוטל עליו?,"בהתאם לתיקון 113 לחוק העונשין, נדרש יחס הולם בין חומרת מעשה העבירה בנסיבותיו ומידת אשמו של הנאשם, לבין סוג ומידת העונש המוטל עליו.",train
מדוע יש לראות את ביצוע כלל העבירות כאירוע מתמשך לצורך קביעת מתחם הענישה?,"על אף שהנאשם הורשע בעבירות אלה במסגרת שני כתבי אישום נפרדים שלימים אוחדו, הרי שמדובר ברצף מעשים באותו המקום ובאותן נסיבות, ולכן יש לראות את ביצוע כלל העבירות כאירוע מתמשך אחד לצורך קביעת מתחם הענישה.",train
מהו הערך החברתי שנפגע בעבירה של החזקת סכין למטרה לא כשרה?,"הערכים החברתיים שנפגעים בביצוע עבירה של החזקת סכין למטרה לא כשרה, לצדה נקבע עונש מרבי של 5 שנות מאסר, הם הגנה על שלומו וביטחונו של הציבור.",train
כיצד משפיע קיומו של הסדר טיעון על שיקוליו של בית המשפט בגזר דין?,קיומו של הסדר טיעון הוא שיקול מרכזי בשיקוליו של בית-המשפט הגוזר את העונש.,train
מהו תפקידו של בית המשפט בהעברת מסר ברור במאבק נגד אלימות?,תפקידו של בית המשפט הינו העברת מסר ברור באמצעות השתת עונשים משמעותיים על מי שפוגע בהתנהלותו במאבק בנגע זה במיוחד כך בעת אוחזו בנשק קר.,train
מדוע יש להטיל עונש של ממש על מי שמפר צווים שיפוטיים?,בהטלת עונש של ממש יש כדי להביע סלידה מהתנהגותם העבריינית של מי שמפר בריש גלי צווים שיפוטיים.,train
מהי ההכרחיות המוטלת על בית המשפט כאשר נגזר עונש מאסר על הנאשם?,"לפיכך, שעה שמוטל על הנאשם עונש מאסר בגין העבירה בתיק זה, חובה כי חלק מתקופת המאסר תהא בפועל.",train
מהו הפוטנציאל המשפטי המגביר את חומרת העבירה של התפרצות למקום מגורים?,"אין ספק, כי הפוטנציאל הטמון בהתפרצות למקום מגורים הינו גבוה והדבר מגביר את חומרת האירוע ואשמו של הנאשם.",train
כיצד השפיעה תקופת השהייה הבלתי חוקית על חומרת העבירות שביצע הנאשם?,"אמנם, העבירות הנלוות לא פגעו בגופם או בחייהם של אזרחי המדינה, אך מעשה העבירות נמשך חודשים רבים, במהלכם שהה בגבולות המדינה ללא היתר, התחזה לאחר ועשה שימוש במסמך מזויפ במטרה להונות.",train
מהי הסיבה לעודד את הנאשם להמשיך בשירותו הצבאי?,"בנסיבות אלה, שוכנעתי כי יש לעודד את הנאשם להמשיך בשירותו הצבאי המוצלח ובכלל זה לשמש בתפקידו הנוכחי.",train
מהו הנזק הפוטנציאלי שעלול היה להיגרם בעקבות מעורבות סכין בהתרחשות האלימה?,הנזק הפוטנציאלי שעלול היה להיגרם חמור הרבה יותר בשל מעורבות סכין בהתרחשות האלימה.,train
אילו שיקולים לקולא נלקחו בחשבון במקרה של הנאשם?,"שיקולים לקולא: הנאשם הודה בכתב האישום שתוקן לקולא, קיבל אחריות למעשיו וחסך בזמן שיפוטי.",train
מדוע נקבע כי יש לנקוט במדיניות ענישה מחמירה בעבירות סמים?,"משכך, ובשים לב לרווח הכלכלי המשמעותי המופק לעיתים מביצוע עבירות אלו, נקבע לא אחת כי יש לנקוט כלפיהן במדיניות ענישה מחמירה, שיהא בה כדי להרתיע עבריינים פוטנציאליים מלבצען.",train
כיצד משפיעה חוסר הפנמה של הנאשם על הצורך בהטלת עונש ברור?,"הנאשם מפגין חוסר הפנמה של חומרת המעשה ופסולו, ויש צורך בהטלת עונש ברור להרתעה.",train
מהי מטרת האיסור למניעת מצבים של פגיעה בגוף ובנפש בעקבות מריבה מילולית?,"מטרת האיסור למניעת מצבים בהם, מריבה מילולית הופכת במהרה לפגיעה בגוף ובנפש, כפי שעיננו רואות חדשות לבקרים, כיום יותר מבעבר.",train
"מהו העיקרון המשפטי המנחה את ההתייחסות לפעולות אלימות נגד נשים, במיוחד במקרה של ניסיון לרצח?","דברים אלה יפים ביחס לכל פעולה אלימה הננקטת נגד נשים, ומקל וחומר, ביחס למעשים כגון אלה של הנאשם, דהיינו – ניסיון לגרום למותה של המתלוננת.",train
מהי הסיבה לכך שלא הונחה תשתית עובדתית לרמת סיכון גבוהה?,"מנגד, לא הונחה בפניי תשתית עובדתית ממנה ניתן להסיק על רמת סיכון גבוהה ועל כן אינני מוצא מקום לחצות את רף מתחם הענישה לחומרא, משיקולי הגנה על שלום הציבור.",train
כיצד משפיעים הערכים החברתיים שנפגעו על קביעת מתחם העונש לנאשם?,"מכל המקובץ, בהתחשב בערכים החברתיים שנפגעו מביצוע העבירות, במידת הפגיעה בהם, במדיניות הענישה הנהוגה, בנסיבות הקשורות בביצוע העבירות והיחס ההולם בין חומרת מעשי העבירות בנסיבותיהם ומידת אשמו של הנאשם ובין סוג ומידת העונש שיש להטיל עליו, סבורני כי מתחם העונש ההולם לעבירות שבוצעו על ידי הנאשם נע על פני ספקטרום שבין מספר חודשי מאסר שיכול וירוצו בעבודות שירות לבין 15 חודשי מאסר בפועל, לצד מאסר מותנה וענישה כלכלית.",train
מהי המסקנה לגבי הסיכוי שהנאשמת תשוב לבצע עבירה דומה והשפעתה על מתחם הענישה?,"מנגד, לא מצאתי כי הסיכוי שהנאשמת תשוב לבצע עבירה דומה מצדיק חציית רף מתחם הענישה לחומרה משיקולי הגנה על שלום הציבור.",train
אילו שיקולים ינחו את קביעת העונש המתאים לנאשם?,"אי-לכך, מכלול השיקולים, לרבות שיקולי הרתעת הנאשם ואחרים כמותו מפני ביצוע עבירות נוספות (ר' סעיפים 40ו ו-40ז לחוק העונשין), ינחוני בקביעת העונש המתאים לנאשם בגדרי מתחם הענישה.",train
מהי חובת בית המשפט במאבק בנגע הסמים בחברה שלנו?,עבירות הסמים הן בגדר רעה חולה שפשה בחברתנו ומחובתו של בית המשפט לתרום חלקו למיגור נגע זה באמצעות הטלת עונשים מחמירים ומרתיעים.,train
מהו התנאי לגבי חלק מתקופת המאסר של הנאשם?,"שעה שמוטל על הנאשם עונש מאסר בגין העבירה בתיק זה, חובה כי חלק מתקופת המאסר למצער תהא בפועל.",train
מהו מתחם העונש ההולם שנקבע בהתחשב בכל השיקולים הרלוונטיים?,"מכל המקובץ, בהתחשב בערכים החברתיים שנפגעו מביצוע העבירות, במידת הפגיעה בהם, במדיניות הענישה הנהוגה, בנסיבות הקשורות בביצוע העבירות והיחס ההולם בין חומרת מעשי העבירה בנסיבותיה ומידת אשמו של הנאשם ובין סוג ומידת העונש שיש להטיל עליו, סבורני כי מתחם העונש ההולם לעבירות שבוצעו על ידי הנאשם נע החל ממאסר מותנה למשך מספר חודשים ועד ל-8 חודשי מאסר בפועל.",train
מהי הסיבה להימנע מענישה כלכלית במקרה זה?,"לאור מצבו המשפחתי והכלכלי של הנאשם, אמנע מלהשית ענישה כלכלית בדרך של קנס ופיצוי כספי.",train
מהו העונש המוטל על הנאשם בהתחשב במעשיו ובתוצאותיהם?,"העונש המוטל היום על הנאשם הוא עונש משמעותי, נוכח מעשיו ותוצאותיהם, בהתחשב במכלול השיקולים לחומרה ולקולא.",train
"כיצד השפיעו שיקולי הגמול, השיקום וההרתעה על קביעת העונש לנאשמת?","מכל המקובץ, בהביאי בכלל חשבון את שיקולי הגמול, השיקום וההרתעה, ביחס לנאשמת בנסיבותיה - הסלידה שחשה החברה נוכח מעשיה והוקעתם הנדרשת, הצורך בהרתעתה והרתעת אחרים כמותה ושיקומה, והאמור בתסקיר שירות המבחן, סברתי כי העונש המתאים לה ביותר הינו תרומה לחברה בדרך של שירות לתועלת הציבור בהיקף משמעותי, לצד ענישה כלכלית בדרך של פיצוי וענישה מרתיעה צופה פני עתיד.",train
מדוע בית המשפט ראה במקרה זה יוצא דופן והחליט להקל בעונש הנאשם?,בית המשפט מוצא כי המקרה דנא הינו יוצא דופן ונסיבותיו המיוחדות של הנאשם מצדיקים להבנתו הקלה בעונשו.,train
מה מצדיק הקלה בעונשו של הנאשם למרות החומרה שבמעשיו?,"השיקולים הפרטניים במקרה דנא מצדיקים הקלה בעונשו של הנאשם, על אף החומרה שבמעשיו.",train
מהי המדיניות הרצויה של בית המשפט לגבי ריצוי עונש בעבודות שירות בעבירות פיסקליות?,"בית משפט זה, עוד משכבר הימים, ראה אותן בחומרה וקבע 'כמדיניות רצויה, שלא לאפשר ריצוי עונש מאסר בעבודות שירות כשהמדובר בעבירות פיסקליות'.",train
מהו ההיבט המרכזי של הפגיעה בערכים המוגנים בהספקת סם לאחר?,"עצמת הפגיעה בערכים המוגנים, הינה משמעותית ככל שמדובר בהספקת סם לאחר, או כל פעילות אחרת המשרתת את מערך הפצת הסמים בקרב הציבור.",train
מהו הגמול הנדרש לנאשם שיבטא את סלידתה של החברה ממעשיו?,"לא נעלם מעיני הגמול הנדרש לנאשם, שישקף את הסלידה שחשה החברה נוכח מעשיו ואת הוקעתם הנדרשת.",train
מהי ההמלצה שניתנה בעניינה של הנאשמת בנוגע לענישה?,"לאחר שהתרשמתי מטענות הצדדים, המלצות שירות המבחן ומכלול נסיבות העניין, נחה דעתי כי ראוי להעדיף בעניינה ענישה מרתיעה וצופה פני שיקומה, לצד רכיבים כלכליים מתונים, ולהימנע ממתיחת מלוא שורת הדין למולה.",train
אילו ערכים חברתיים מוגנים בעבירת ההיזק בזדון לפי חוק יסוד?,"הערכים החברתיים המוגנים בעבירת ההיזק בזדון הם הגנה על הקניין, שהינו ערך המעוגן בחוק יסוד, ושמירה על תחושת הביטחון האישי ושלום הציבור בכללותו.",train
מהו היחס הנדרש בין חומרת העבירה ומידת אשמו של הנאשם לבין סוג העונש המוטל עליו?,"בהתאם לתיקון 113 לחוק העונשין, תשל\ז-1977 (להלן: \""חוק העונשין\""), נדרש יחס הולם בין חומרת מעשה העבירה בנסיבותיו ומידת אשמו של הנאשם לבין סוג ומידת העונש המוטל עליו.""",train
כיצד פגע הנאשם בערכים החברתיים המוגנים במעשיו?,"בבחינת מידת הפגיעה בערכים המוגנים, ניתן לומר כי במעשיו פגע הנאשם בעוצמה ממשית בערכים החברתיים האמורים, הסב כאב לג'פרי, הפריע לעובדי הציבור במילוי תפקידם ופגע בסדר הציבורי במקום רגיש כמעבר גבול בין מדינות.",train
מהו הסעיף המאפשר לבית המשפט להאריך את תקופת הפסילה על תנאי?,"אשר לפסילה המותנית התלויה ועומדת כנגד הנאשם, אטעים כי סעיף 36(ו) לפקודת התעבורה קובע כי בית משפט שהרשיע נאשם בעבירה נוספת, רשאי מטעמים שיירשמו, לצוות על הארכת תקופת הפסילה על תנאי או חידושה לתקופה נוספת שלא תעלה על שנתיים, אם שוכנע שבנסיבות העניין לא יהיה צודק להפעיל את הפסילה על תנאי.",train
מדוע לא מצא בית המשפט הצדקה לחריגה ממתחם הענישה במקרה זה?,"בנסיבות דנא, לא מצאתי הצדקה לחריגה ממתחם הענישה, כפי קביעתי, בשל שיקולי שיקום, בהעדר הליך שיקומי מוסדר ומשמעותי.",train
מהו מתחם העונש ההולם שנקבע לעבירה שביצע הנאשם?,"הנהגות הנהוגה, בנסיבות הקשורות בביצוע העבירות והיחס ההולם בין חומרת מעשי העבירה בנסיבותיה ומידת אשמו של הנאשם ובין סוג ומידת העונש שיש להטיל עליו, סבורני כי מתחם העונש ההולם לעבירה שבוצעה על ידי הנאשם נע בין מאסר מותנה למשך מספר חודשי מאסר ועד ל-12 חודשי מאסר בפועל.",train
מהו העיקרון המנחה לקביעת מתחם הענישה לפי סעיף 40ג(א) לחוק העונשין?,"מתחם הענישה ההולם יקבע בהתאם לעקרון ההלימה, כפי שהוגדר בסעיף40ג(א) לחוק העונשין.",train
מהן שלושת השלבים העיקריים במלאכת גזירת הדין?,"מלאכת גזירת הדין מורכבת משלושה שלבים עיקריים: תחילה, אקבע את מתחם העונש ההולם למעשה העבירה שביצע הנאשם, על בסיס שיקולים נורמטיביים ואובייקטיבים, בהתחשב בערך החברתי שנפגע מביצוע העבירה, במידת הפגיעה בערך זה, במדיניות הענישה הנהוגה ובנסיבות הקשורות בביצוע העבירות כמפורט בסעיף 40ט לחוק העונשין (סעיף 40ג לחוק העונשין); לאחר מכן, אבחן האם ראוי לחרוג מן המתחם לקולא בשל שיקולי שיקום (סעיף 40ד לחוק העונשין) או לחומרא בשל שיקולי הגנה על שלום הציבור (סעיף 40ה לחוק העונשין); לבסוף, אקבע את העונש המתאים שיושת על הנאשם, בהתחשב בצורך בהרתעת הנאשם (סעיף 40ו לחוק העונשין), בצורך בהרתעת הרבים (סעיף40ז לחוק העונשין) ובנסיבותיו האישיות של הנאשם שאינן קשורות בביצוע העבירה (סעיף 40יא לחוק העונשין), כמו גם בנסיבות אחרות ככל שתמצאנה רלוונטיות (סעיף 40יב לחוק העונשין).",train
מדוע הנאשם לא זכאי להקלה בעונש למרות נסיבותיו האישיות?,"עם זאת, הנאשם אינו זכאי להקלה לה זכאים נאשמים אשר לוקחים אחריות למעשיהם, מביעים חרטה וחוסכים מזמנו של בית המשפט, התביעה והעדים.",train
מהו מתחם העונש ההולם שנקבע לעבירות שביצע הנאשם בהתחשב בכל השיקולים?,"מכל המקובץ, בהתחשב בערך החברתי שנפגע מביצוע העבירות, במידת הפגיעה בו, במדיניות הענישה הנהוגה, בנסיבות הקשורות בביצוע העבירות והיחס ההולם בין חומרת מעשי העבירות בנסיבותיהם ומידת אשמו של הנאשם ובין סוג ומידת העונש שיש להטיל עליו, סבורני כי מתחם העונש ההולם לעבירות שבוצעו על ידי הנאשם נע בין 12 ל-24 חודשי מאסר בפועל, מאסרים מותנים וענישה כלכלית בדמות קנס ופיצוי.",train
כיצד מעידה החזקה או ניהול של מקום לעריכת משחקים אסורים על מעורבות הנאשמת בארגון הפעילות האסורה?,החזקה או ניהול של מקום לעריכת משחקים אסורים מעידה על מעורבות עמוקה יותר בארגון הפעילות האסורה.,train
מהי המסקנה לגבי קרבת הנאשם לסייג לאחריות פלילית במקרה זה?,"במקרה זה, מצאתי כי הנאשם היה קרוב לסייג לאחריות פלילית בשל הגנה עצמית, או למצער \הגנה עצמית מדומה\"" בשילוב עם טעות במצב הדברים (סעיפים 34י ו-34יח לחוק העונשין), היות ומהודעתו במשטרה עלה כי פעל מתוך אמונה מוטעית כי מתקיימים תנאיה העובדתיים של ההגנה העצמית.""",train
מהו השיקול המרכזי שהוביל להחמרת הענישה כלפי הנאשם?,כן עומד בבסיס השיקולים לחומרה הזלזול שהפגין הנאשם כלפי גורמי אכיפת החוק שעה שנמלט מפניהם.,train
כיצד מתבצע האיזון בין האינטרסים השונים בעת קביעת העונש על ידי בית המשפט?,"שכן, בעוד שירות המבחן אמון על אינטרס שיקומו של הנאשם בלבד, לבית המשפט עומדת התמונה הכוללת של אינטרס הנאשם, הקרבן והציבור, ואמון הוא על כולם.",train
מדוע לא מצא בית המשפט הצדקה לחרוג מגבולות מתחם הענישה שנקבע?,"בענייננו, בשים לב לגבולות מתחם הענישה שנקבעו בנסיבות מעשיו של הנאשם שלפניי, לא מצאתי הצדקה לחרוג מהם לקולא משיקולי שיקום (סעיף 40ד לחוק העונשין); או לחומרה משיקולי הגנה על שלום הציבור (סעיף 40ה לחוק העונשין).",train
מהו התמריץ החיובי שיכולה להוות הקלה בעונש לנאשמות?,"הקלה בעונש במקרה דנא, תהווה תמריץ חיובי לנאשמות להתמיד בדרך חיים נורמטיבית.",train
אילו גורמים יש להביא בחשבון בעת קביעת הענישה לעבריין?,"יש להביא בחשבון את רווחיו של העבריין מביצוע העבירות, אך גם לתן את הדעת למצבו הכלכלי, האישי והמשפחתי.",train
מדוע הוחלט להימנע מפסילה בפועל של רישיון הנהיגה של הנאשם?,"לאור האמור, ומתוך דגש לכיוון שיקומו המלא של הנאשם לאור גילו הצעיר, החלטתי, לפנים משורת הדין ובשל מאמציו המשמעותיים, להימנע מפסילה בפועל על מנת לעודד את הנאשם להמשיך בדרכו החיובית.",train
מהו היתרון של הנאשם בתרומתו לחברה במהלך השיקום?,"כך, יוכל הנאשם לתרום לחברה שנפגעה ממעשיו, תוך כדי הליך שיקומו המתבקש, במסגרת צו מבחן ופיצוי למתלונן.",train
מהו העונש המרבי שנקבע לעבירה של תקיפה הגורמת חבלה של ממש כלפי בת זוג ומהם הערכים החברתיים המוגנים?,"הערכים החברתיים שנפגעו מביצוע עבירה של תקיפה הגורמת חבלה של ממש כלפי בת זוג, לצדה נקבע עונש מרבי של 6 שנות מאסר, הינם הגנה על התא המשפחתי מפני אלימות, שלמות גופו של המותקף וזכותו לאוטונומיה על גופו, ביטחונו האישי בעיקר בד' אמות התא המשפחתי.",train
מדוע הנאשם אינו זכאי לחסות מהגנה שבדין למרות היותו בגילופין?,"על אף היותו שרוי בגילופין בשעת המעשה, הנאשם הביא את עצמו למצב השכרות, יכל להימנע מהמעשים לו רצה בכך, הוא אינו זכאי לחסות מהגנה שבדין ואף לא נטען לסייג לאחריותו הפלילית.",train
מדוע יכולתו הכלכלית של הנאשם אינה משפיעה על גובה הפיצוי שנקבע?,"אין הפיצוי כרוך ביכולת החייב אלא בעיצומו של המעשה, ולכן יכולתו הכלכלית של הנאשם אינה משפיעה על גובה הפיצוי שנקבע לפי מידת הכאב והסבל.",train
כיצד חידש תיקון 113 לחוק העונשין את שיטת הענישה בישראל?,"דרך זו חידד תיקון 113 לחוק העונשין את הצורך בהמשך נקיטת שיטת ענישה אינדיווידואלית, הבוחנת את נסיבותיו של כל מקרה ואדם המובא לדין.",train
מהו תפקיד האמון ביחסי עובד ומעביד בהקשר לעבירת גניבה?,"יחסי עובד ומעביד הם יחסים מיוחדים הדורשים אמון רב, כך שעבירת גניבה ממעביד אינה פוגעת רק בקנינו של המעביד הספציפי ובאינטרס הכספי שלו, אלא מביאה להפרת אמונו של מי שהפקיד בידי העובד רכוש בעל ערך, מתוך אמון כי יעשה בו שימוש לצרכיי העבודה, כאשר שליחת היד לקופת המעסיק מתבצעת בקלות בעוד הדרך לגלותה אינה פשוטה.",train
מדוע לא ניתן להאריך את תוקפה של ההתחייבות שניתנה לנאשמת?,"סבורני כי לא ניתן להאריך את תוקפה של ההתחייבות, שכן להבדיל מהאפשרות להארכת תקופת מאסר מותנה או חידושה, המעוגנת בסעיפים 56 ו-85 לחוק העונשין, אין הסדר מקביל להארכת תקופת ההתחייבות להימנע מביצוע עבירה וחזקה על המחוקק כי לו חפץ בכך היה מתיר זאת מפורשות.",train
מדוע יש מקום להשאיר בידו של הנאשם תקווה לשפר את דרכיו?,"לצד המעשים החמורים בהם הורשע הנאשם, בשים לב לגילו הצעיר, יש מקום להשאיר בידו תקווה לשפר דרכיו ולהימנע מלבצע מעשים דומים בעתיד.",train
מהו הערכים החברתיים המוגנים שנפגעו בעבירות ההתפרצות והיזק לרכוש?,"הערכים החברתיים המוגנים שנפגעו מביצוע התפרצות למקום מגורים ועבירות נלוות של היזק לרכוש במזיד והחזקת מכשירי פריצה הינם שלום הציבור, תחושת הביטחון, הזכות לקניין והזכות לפרטיות.",train
מהו השיקול המרכזי בתיקון מס' 113 לחוק העונשין בענישה?,"תיקון מס' 113 לחוק העונשין הדגיש את הצורך בשיקול דעת אינדיווידואלית בענישה, שתבחן את נסיבות המקרה והנאשם, ותאפשר התאמה של העונש לנסיבותיו האישיות ואופיו של כל מקרה.",train
מדוע נחשבות עבירות נהיגה פוחזת ללא רישיון וללא פוליסת ביטוח לעבירות חמורות?,"עבירות של נהיגה פוחזת ברכב, נהיגה ברכב ללא רישיון וללא פוליסת ביטוח הן עבירות חמורות ולהן פוטנציאל לפגיעה אנושה בציבור הנקלה לנתיב נהיגתו של העבריין.",train
כיצד פגע הנאשם בביצוע ההתפרצות למקום מגורים בשלום הציבור ובתחושת הביטחון?,"בביצוע ההתפרצות למקום מגורים וגניבה פגע הנאשם בשלום הציבור, בתחושת הביטחון, בהגנה על רכושו, קניינו ופרטיותו.",train
מהי החשיבות של הודאת הנאשם בהליך המשפטי?,"הבאתי בכלל חשבון את הודאתו של הנאשם בכתב האישום שתוקן לקולא והחיסכון בזמנו של בית המשפט הכרוך בכך, לקיחת אחריות על מעשיו והבעת הצער והחרטה מצידו.",train
מהו השיקול לקולא שנלקח בחשבון לגבי הנאשם?,שיקולים לקולא: לזכות הנאשם הבאתי בחשבון את היותו אב לארבעה ילדים קטינים ומחויבותו לפרנסם.,train
מהו העיקרון המנחה את הענישה בעבירות פריצה וגניבה לפי בתי המשפט?,בתי המשפט נוקטים ענישה מרתיעה כדי לצמצם את התופעה ולשדר מסר ברור של חומרה בעבירות הפריצה והגניבה.,train
מהו תפקיד השיקולים הנובעים מהסדר טיעון בהליך המשפטי?,"אליהן יתווספו, ואף יקבלו מקום מרכזי, השיקולים המתחייבים מקיומו של הסדר טיעון.",train
מהי ההמלצה העיקרית בעניינו של הנאשם על פי מכלול הנסיבות?,"מכל המקובץ, לאחר שהתרשמתי מטענות הצדדים, המלצות שירות המבחן ומכלול נסיבות העניין, נחה דעתי כי ראוי להעדיף בעניינו של הנאשם ענישה צופה פני שיקומו ולהימנע ממתיחת מלוא שורת הדין למולו, ולהשיג את מטרות הענישה באמצעות השתת רכיבי גמול בדרך של עונש שיקומי בביצוע עבודה לתועלת הציבור, צו מבחן ופיצוי למתלונן לצד עונש הרתעתי בדמות של מאסר מותנה והתחייבות כספית.",train
מדוע יש צורך במניעת נזקים כלכליים וחברתיים הנגרמים עקב הפצת סמים?,"יש צורך לפעול למניעת אותם נזקים כלכליים וחברתיים עקיפים הנופלים כנטל על החברה, ונגרמים עקב הפצת סמים והשימוש בהם, לרבות עבירות אלימות ופגיעה ברכוש, הנלוות פעמים רבות לעבירות הסמים.",train
מהו החשש שהנאשם יחזור לבצע עבירות דומות ואיך הוא משפיע על הענישה?,לא מצאתי כי החשש שהנאשם יחזור לבצע עבירות דומות מצדיק חציית רף מתחם הענישה לחומרה משיקולי הגנה על שלום הציבור.,train
מהו השיקול המרכזי שינחה את בית המשפט בקביעת העונש לנאשם?,"אי לכך, מכלול השיקולים, לרבות שיקולי ההרתעה (ר' סעיפים 40ו ו-40ז לחוק העונשין), ינחוני בקביעת העונש המתאים לנאשם בגדרי מתחם הענישה.",train
"מדוע יש לראות בחומרה רבה את גניבת מכשירי טלפון \חכמים\"" כיום?""","יתר על כן, וכפי שציינתי בהליך אחר, יש לראות בחומרה רבה גניבת מכשירי טלפון \חכמים\"", שכיום יותר מתמיד, הכינוי \""טלפון\"" אינו משקף עוד את מאגר המידע הטמון בהם.""",train
מהו ההבדל בחומרת ההתפרצות לחדר בבית מלון לעומת התפרצות לדירת מגורים?,"עוד אני מוצא לציין, מבלי להקל ראש במעשה של התפרצות לחדר בבית מלון, שיש בו כשלעצמו גרימת עלויות למלון ופגיעה בשמו הטוב, הרי שחומרתו ונזקיו פחותים מאלו של התפרצות לדירת מגורים בכל הנוגע לקרבן העבירה.",train
מהי הסמכות של בית המשפט לחרוג מחוק איסור הלבנת הון במקרה של הרשעה?,"על פי הוראות סעיף 21 לחוק איסור הלבנת הון, לבית המשפט הסמכות לחרוג מהכלל המורה על חילוט במקרה שאדם הורשע בעבירה לפי סעיפים 3 או 4 לחוק איסור הלבנת הון, מנימוקים מיוחדים שירשמו.",train
מהו האינטרס הציבורי המתחייב לשוטרים במילוי תפקידם?,"אינטרס הציבור מחייב אפוא ששוטרים יוכלו למלא את תפקידם ללא מורא ופחד (ע\פ 500/87 בורוכוב נ' מדינת ישראל (8.3.1988)).""",train
אילו שיקולים ינחו את בית המשפט בקביעת העונש המתאים בגדר מתחם הענישה?,"אי-לכך, מכלול השיקולים, לרבות שיקולי הרתעת הנאשם ואחרים כמותו (סע' 40ו ו-40ז לחוק העונשין), ינחוני בקביעת העונש המתאים בגדר מתחם הענישה.",train
מהו הסטנדרט שנועד לעקור את נגע האלימות בחברה?,"מדובר בקביעת סטנדרטים של התנהגות שנועדו לעקור מן השורש את נגע האלימות שפשה בחברתנו, בעיקר כשהמעשים כרוכים בשימוש בנשק חם או קר.",train
מהו חלקו של הנאשם בביצוע העבירות וכיצד הוא משפיע על הבנת הפסול שבמעשיו?,"בבחינת הנסיבות הקשורות בביצוע העבירות, ניכר כי חלקו של הנאשם בביצוען היו עקרי ואף בלעדי, והוא יכל להבין את הפסול שבמעשיו עת רכב על אופנוע ללא רישיונות רכב ונהיגה תקפים וללא פוליסת ביטוח.",train
מהו העיקרון המרכזי שהדגיש תיקון מס' 113 לחוק העונשין?,"תיקון מס' 113 לחוק העונשין חידד את הצורך בנקיטת שיטת ענישה אינדיווידואלית, הבוחנת נסיבותיו של כל מקרה ואדם המובא לדין.",train
מהו המשקל שניתן להמלצות שירות המבחן בהחלטת בית המשפט?,"אני מוצא לציין כי להמלצות שירות המבחן, ניתן משקל רב אך הן אינן חופפות בהכרח את שיקולי בית המשפט, המופקד על ראיית מכלול האינטרסים בענישה ועל כן לא מצאתי לקבלן.",train
אילו שיקולים יש להביא בחשבון לקביעת מתחם הענישה במקרה זה?,"לצורך כך אביא בחשבון את הערכים החברתיים שנפגעו מביצוע העבירה ומידת הפגיעה בהם; נסיבות הקשורות בביצוע העבירה, מידת אשמה של הנאשמת ומדיניות הענישה הנוהגת.",train
"מהי מידת האשמה של הנאשם בעבירה שביצע, בהתחשב בפעולותיו ובמניעיו?","מידת אשמו של הנאשם רבה שכן פעל לבד, על דעת עצמו ולרווחתו הבלעדית.",train
מדוע בית המשפט אינו כבול לעונש עליו הסכימו הצדדים בהסדר טיעון?,"בית המשפט אינו כבול לעונש עליו הסכימו הצדדים במסגרת הסדר טיעון, ועליו לבוחנו בהתאם לאמות המידה המקובלות, כאשר אליהן יתווספו, ואף יקבלו מקום מרכזי, השיקולים המתחייבים מקיומו של הסדר טיעון.",train
מהי הסיבה לכך שהמתלונן הניף סכין לעבר הנאשם במהלך האירוע?,"אמנם, במהלך האירוע גם המתלונן השליך חפצים ואף הניף סכין לעבר הנאשם, אך כפי שפירטתי בהכרעת הדין, שוכנעתי כי פעל כך כדי להרחיק את הנאשם מהמקום, כאקט של הגנה בלבד נוכח פרץ מעשי האלימות מצדו.",train
מהי הסיבה להימנעות מהשתת מאסר בפועל לנאשם למרות חומרת מעשיו?,"הנאשם אב לשלושה ילדים בני 3, 5 ו-6 ובנסיבות אלה, מצאתי להימנע מהשתת מאסר בפועל לריצוי בכליאה בבית הסוהר, על אף שברגיל חומרת מעשיו מצדיקה מאסר בפועל מאחורי סורג ובריח ולו על מנת לעודד את הנאשם להתרחק ממעשי אלימות כדרך לפתרון סכסוכים ולסייע לו לשקם את חייו בתחום האישי, המשפחתי והתעסוקתי.",train
"מהו חלקו של הנאשם בביצוע העבירה, למרות שהקטין הוא זה שביצע את ההצתה?","עבירת ההצתה בוצעה על ידי הנאשם והקטין בצוותא, והגם שהקטין הוא זה ששפך את הדלק והצית את הרכב, אין להתעלם מחלקו המרכזי של הנאשם בביצוע העבירה, בהינתן שהוא זה שביקש \לסגור חשבון\"" עם בעל הרכב, לאחר שלתפיסתו התנכל לו מגיל צעיר בשכונה בה גדל.""",train
מהו היחס הנדרש בין חומרת העבירה ומידת האשם של הנאשם לבין סוג העונש המוטל עליו?,"בהתאם לתיקון 113 לחוק העונשין, נדרש יחס הולם בין חומרת מעשה העבירה בנסיבותיו ומידת אשמו של הנאשם לבין סוג ומידת העונש המוטל עליו.",train
מהו האיזון הנדרש בין טובת ההנאה לנאשם לבין האינטרס הציבורי בהסדר טיעון?,"סבורני כי מדובר בהסדר מקל, אך לא במידה כזו שיש בו הפרה של האיזון בין טובת ההנאה שהוענקה לנאשם לבין האינטרס הציבורי.",train
מהן שלושת השלבים במלאכת גזירת הדין לפי סעיף 40ג לחוק העונשין?,"מלאכת גזירת הדין מורכבת משלושה שלבים עיקריים: תחילה, אקבע את מתחם העונש ההולם למעשי העבירות שביצע הנאשם, על בסיס שיקולים נורמטיביים ואובייקטיבים, בהתחשב בערך החברתי שנפגע מביצוע העבירה, במידת הפגיעה בערך זה, במדיניות הענישה הנהוגה ובנסיבות הקשורות בביצוע העבירה כמפורט בסעיף 40ט לחוק העונשין (סעיף 40ג לחוק העונשין); לאחר מכן, אבחן האם ראוי לחרוג מן המתחם לקולא בשל שיקולי שיקום (סעיף 40ד לחוק העונשין) או לחומרא בשל שיקולי הגנה על שלום הציבור (סעיף 40ה לחוק העונשין); לבסוף, אקבע את העונש המתאים שיושת על הנאשם, בהתחשב בצורך בהרתעת הנאשם (סעיף40ו לחוק העונשין), בצורך בהרתעת הרבים (סעיף40ז לחוק העונשין) ובנסיבותיו האישיות של הנאשם שאינן קשורות בביצוע העבירות (סעיף 40יא לחוק העונשין), כמו גם בנסיבות אחרות ככל שתמצאנה רלוונטיות (סעיף 40יב לחוק העונשין).",train
מהי החשיבות להרתעת הציבור בעבירות אלימות כלפי בני זוג?,בעבירות שביצע הנאשם קיימת חשיבות מיוחדת להרתעת הרבים שכן חובתו של בית המשפט לשגר מסר חד וצלול באמצעות ענישה מרתיעה כי ביצוע העבירות נגד בת זוג תיענה בענישה מוחשית.,train
מהו המסר המרתיע שצריכה להעביר הרשעה בעבירת סחיטה באיומים?,"משכך, הרשעה בעבירה זו מצדיקה, ואף מחייבת, ענישה מחמירה, אשר תהדהד מסר מרתיע, חד וברור, ותעודד את קורבנות העבירה 'לשבור את קשר השתיקה'.",train
כיצד משפיעה הזכות לנאשם על הענישה במקרה זה?,"מכלול נסיבות הזכות לנאשם, מורה כי ניתן לייחס לו משקל דומיננטי בענישת הנאשם, לאחר ששוכנעתי כי אין להפריע בדרכי שיקומו, כי קיים סיכוי ממשי שישתקם וכי צומצם החשש שישוב לסורו.",train
באילו מקרים יוצאי דופן רשאי בית המשפט להימנע מהרשעה של נאשם?,"בית המשפט משתמש בסמכותו שלא להרשיע נאשם במקרים יוצאי דופן, בהם אין יחס סביר בין חומרת העבירות לבין הנזק שייגרם לנאשם כתוצאה מהרשעתו.",train
מה היו השיקולים המרכזיים שהובילו להחמרת הענישה כלפי הנאשם?,בבסיס השיקולים לחומרה הבאתי את חומרת העבירות שביצע הנאשם; העדר אינדיקציה להתנהגות חיובית או תרומה לחברה; עברו הפלילי המכביד ואי לקיחת אחריות על מעשיו.,train
אילו שיקולים מחייבים הטלת מאסר בפועל על הנאשם?,"חומרת העבירה, עברו הפלילי של הנאשם, העובדה כי ביצע את העבירה כאשר לחובתו מאסר מותנה ולאור התרשמותי כי הנאשם מתקשה להפנים את הפסול שבהתנהגותו - שיקולים אלה כולם מחייבים הטלת מאסר בפועל על הנאשם, מאחורי סורג ובריח, כדי להמחיש עבורו ועבור אחרים כמותו את החומרה שבמעשיו.",train
מדוע יש להטיל עונשים מחמירים על עבירות סמים בחברה?,"עבירות הסמים הן בגדר רעה חולה שפשה בחברתנו ומחובתו של בית המשפט לתרום חלקו למיגור נגע זה באמצעות הטלת עונשים מחמירים ומרתיעים (ראו למשל: ע\פ 4998/95 מדינת ישראל נ' מיגל אוקטביו גומז-קרדוסו, פ\""ד נא(3) 769; ע\""פ 6029/03 מדינת ישראל נ' גולן שמאי, פ\""ד נח(2) 734, 738-739; ע\""פ 4381/05 אבו זקיקה נ' מדינת ישראל (ניתן ביום 12.7.2006); ע\""פ 211/09 אזולאי נ' מדינת ישראל (22.6.2010)).""",train
אילו נסיבות שאינן קשורות בביצוע העבירות עשויות להשפיע על גזירת הדין?,"לצורך כך, יש מקום להתחשב בנסיבות שאינן קשורות בביצוע העבירות, שיש בהם כדי להשפיע על גזירת הדין, כגון: גיל, עבר הפלילי, נטילת האחריות, פגיעת העונש במשפחתו, נסיבות חיים קשות שהייתה להן השפעה על ביצוע העבירה, שיתוף הפעולה עם רשויות החוק ועוד (ר' סעיף 40יא לחוק העונשין).",train
מהו הצורך בהבהרת הפסול בהתנהגות הנאשם באמצעות ענישה מוחשית?,"בהעדר אופק שיקומי וחשש להישנות העבירה, יש צורך להבהיר לנאשם, באמצעות ענישה מוחשית, את הפסול שבהתנהגותו למען יירתע הוא ואחרים כמותו מלבצע מעשים דומים בעתיד.",train
מהי מידת הפגיעה בערכים המוגנים במקרה של התפרצות בשעות הלילה עם בני משפחה בבית?,"מידת הפגיעה בערכים המוגנים במקרה שלפניי הינה במרום עצמתה, נוכח ביצוע העבירה בשעות הליל, בעוד בני הבית, אישה וילדים קטנים לנים שנת ישרים במיטותיהם.",train
מהי המגמה המסתמנת בענישה בעבירות סחיטה באיומים בשנים האחרונות?,"בשנים האחרונות ניכרת מגמת החמרה בענישה, כך שלרוב הוטלו עונשי מאסר מאחורי סורג ובריח לתקופות משמעותיות לצד ענישה כלכלית וענישה מותנית, בהתחשב בכלל הנסיבות ובכללן: טיב האיומים, משך מעשה הסחיטה באיומים, קיומו של תכנון, גובה התמורה שקיבל הסוחט ומידת הנזק שנגרם לנסחט, וכל זאת לצד שיקולי הרתעת היחיד והרבים.",train
מהו ההסבר המשפטי לכך שחששותיו של הנאשם לא מהווים הצדקה לביצוע העבירות?,"חששותיו של הנאשם, כך לדבריו, כי תפיסתו על ידי המשטרה תפגע בגיוס הצפוי לצה\ל אין בה כדי הצדקה לביצוע העבירות החמורות שביצע ולא נשמעו סיבות המשמשות לזכות הנאשם בעניין זה.""",train
מהו האיזון הראוי בין שיקולי הענישה שנדרש לשקול בית המשפט במקרה זה?,"טרם חתימה, אשוב לציין כי לא נעלמו מעיני המלצות שירות המבחן להסתפק בצו שירות לתועלת הציבור ביחס לכל אחד מהנאשמים, ברם סבורני כי המלצה זו אינה משקפת נכונה את האיזון הראוי בין שיקולי הענישה בנסיבות דנא.",train
מדוע יש צורך במאבק חסר פשרות בנגע האלימות כלפי נציגי שלטון החוק?,"הפסיקה, בעבירות בהן הורשע הנאשם, מדגישה את הצורך במאבק חסר הפשרות בנגע האלימות הפיזית והמילולית כלפי נציגי שלטון החוק והצורך להעברת מסר ברור שמי שלוקח את החוק לידיו, לשם פגיעה והעלבה בעובדי ציבור במהלך מילוי תפקידם ייתן על כך את הדין ויוענש בחומרה.",train
מהי הדיפרנציאליות שנמצאה בין התרשמות שירות המבחן מהנאשם להמלצה בעניינו?,סבורני כי קיימת דיפרנציאליות ניכרת בין התרשמות שירות המבחן מהנאשם ואורח החיים השולי והאלים אשר סיגל לעצמו לבין ההמלצה להימנע מהטלת עונש משמעותי בעניינו.,train
כיצד ניתן לבלום את הצפת המדינה בכמויות גדולות של סם?,"הצפת המדינה בכמויות גדולות של סם, מעשה שהולך ומתרחב, יכולה להיבלם רק על ידי עונשים מרתיעים ומשמעותיים.",train
כיצד מתבטאת התנהלות הנאשם בהליך המשפטי ביחס לחומרת המעשים שביצע?,התנהלות זו כשלעצמה מלמדת על זלזול מצד הנאשם כלפי ההליך המשפטי ואי הפנמת חומרת מעשיו בגינם הועמד לדין.,train
מהי חשיבות הסדר הטיעון בהקשר לאינטרס הציבורי ואכיפת הדין הפלילי?,"בית המשפט העליון עמד לא אחת על מעמדו, חשיבותו ויתרונותיו של הסדר טיעון ככלי המקדם את האינטרס הציבורי בכלל ואת שיקולי ההרתעה בפרט, במסגרת אכיפת הדין הפלילי, זאת לצד הזהירות שיש לנקוט ביחס אליו.",train
מדוע האינטרס הציבורי במניעת כניסת שוהים בלתי חוקיים נחשב לעוצמתי יותר?,"ברי כי האינטרס הציבורי במניעת כניסתם למדינה של שוהים בלתי חוקיים הנכנסים כדי לבצע עבירות פליליות או בטחוניות, בעל עוצמה משמעותית יותר מהאינטרס במניעת כניסתם של אלה המבקשים לעבוד על מנת לקנות אוכל לילדיהם הרעבים.",train
כיצד השפיע האינטרס הציבורי על הענישה במקרה זה?,"נתתי משקל לאינטרס הציבור המבקש לחזות בענישה מחמירה בנסיבות בהן הורשע הנאשם, שיהיה בה כדי להרתיע מביצוע מעשים דומים בעתיד.",train
מהו השיקול שהוביל למסקנה כי אין מקום להחמיר בעונש הנאשם מתוך חשש לחזרת העבריינות?,"מנגד, לא מצאתי כי החשש שהנאשם יחזור ויבצע עבירות דומות מצדיק חציית רף מתחם הענישה לחומרה משיקולי הגנה על שלום הציבור.",train
מהו השוני במידת האשם של הנאשם בהתבסס על הנזק שנגרם לנפגע?,"יש שוני במידת האשם של הנאשם על פי הנזק שנגרם לנפגע ויתכן שסכום מסוים שיראה כפעוט לאדם מסוים, יחשב כסכום משמעותי ביותר לאדם אחר.",train
מהי עמדת כב' השופט ע' פוגלמן לגבי הגדרת 'אירוע אחד' בהקשר לעבירות שבוצעו ברצף זמן?,"באותו עניין, אימץ כב' השופט ע' פוגלמן את עמדתה העקרונית של כב' השופטת ד' ברק-ארז ואף ציין כי להשקפתו: \התיבה 'אירוע אחד' רחבה דיה כדי לכלול גם פעולות עברייניות שבוצעו על פני רצף זמן; כללו מעשים שונים; ביחס לקורבנות שונים; ובמקומות שונים. הכל – כל עוד הם מהווים מסכת עבריינית אחת\"", וזאת תוך שעמד על תכליתו הפונקציונאלית של סעיף 40יג לחוק העונשין לאפשר לערכאה הגוזרת את הדין להשוות את המקרה הנדון לפניה למקרים שנסיבותיהן דומות.""",train
מהן הנסיבות המיוחדות הקשורות בביצוע העבירה במקרה זה?,"בבחינת נסיבות הקשורות בביצוע העבירה (סעיף 40ט לחוק העונשין), הבאתי בכלל חשבון כי הנאשמים ביצעו מעשים מגונים בצוותא חדא, חלקם בנסיבות אינוס, בבתה של הנאשמת, בעת שהייתה בגיל הקטינות, כבת 17.5 שנים בלבד, ובה בעת סבלה מהפרעת אישיות גבולית ובעלת הנמכה קוגניטיבית על גבול מוגבלות שכלית התפתחותית.",train
כיצד פגע הנאשם בזכות האדם להגנה על שלומו ועל שלמות גופו?,"בדרך זו פגע הנאשם בערך חברתי רם מעלה של זכות האדם להגנה על שלומו ועל שלמות גופו, וזכותו לתחושת בטחון בכל מקום בו הוא נמצא ובעיקר בבית העסק שלו עצמו.",train
"מהו החשש שהנאשם יחזור על מעשיו, וכיצד הוא משפיע על הענישה?","מנגד, לא מצאתי כי החשש שהנאשם יחזור ויבצע עבירות דומות מצדיק חציית רף מתחם הענישה לחומרה משיקולי הגנה על שלום הציבור.",train
מהו הפוטנציאל להסלמה לאירוע אלים נוסף במעשיו של הנאשם?,למעשיו של הנאשם היה פוטנציאל להסלמה לאירוע אלים אף יותר בשל החזקת הסכין בידו.,train
כיצד השפיע מצבו הכלכלי של הנאשם על שיקול הענישה במקרה זה?,"לצד חומרת העבירות שאופיין כלכלי בעיקרו, ומצדיק הטלת רכיב עונשי כלכלי, הרי שמנגד הבאתי בכלל חשבון את מצבו הכלכלי של הנאשם, גילו המתקדם, השפעת ענישה כלכלית על בני משפחתו והתחשבות בכלל רכיבי הענישה.",train
מהו השיקול המרכזי שהצדיק החמרה בענישת הנאשם?,בבסיס השיקולים לחומרה עומדת חומרת העבירות אותן ביצע הנאשם ובראשן עבירות התקיפה והאיומים כלפי המתלוננת והמדיניות העונשית בעבירות אלו.,train
אילו נסיבות אישיות יש לקחת בחשבון בעת גזירת העונש לנאשם?,"בגזירת העונש המתאים לנאשם וכמצוות סעיף 40יא לחוק העונשין, יש מקום להתחשב בנסיבותיו האישיות, אשר אינן קשורות בביצוע העבירות, כגון: גיל, עבר פלילי, נטילת האחריות, פגיעת העונש במשפחתו, נסיבות חיים קשות שהייתה להן השפעה על ביצוע העבירה, שיתוף הפעולה עם רשויות החוק ועוד.",train
מהי הוראת סעיף 40ד(א) לחוק העונשין וכיצד היא חלה על הנאשם?,"בנסיבות מיוחדות אלה, סבורני כי נכון להחיל בעניינו של הנאשם העומד מלפניי כאינדיבידואל לדין, את הוראת סעיף 40ד(א) לחוק העונשין המותירה בידי בית משפט הבא לגזור את עונשו של נאשם שיקול דעת אם לחרוג ממתחם הענישה, ככל שהוא מוצא כי הנאשם השתקם או כי יש סיכוי של ממש שישתקם.",train
מהו החשש המוגבר להישנות מעשי אלימות מצד הנאשם?,"בנסיבות אלה, גובר החשש להישנות מעשי אלימות מצד הנאשם ויש להמחיש עבורו את חומרת מעשיו בענישה הולמת ומרתיעה.",train
מדוע סכין נחשבת לפתח להתנהלות אלימה ומסוכנת?,"סכין היא פתח להתנהלות אלימה ומסוכנת, הן לנושא הסכין והן לסביבתו, ואין צריך להרחיק לכת כדי להיווכח בתוצאות החמורות של שימוש בסכין ליישוב סכסוכים.",train
אילו שיקולים משפיעים על קביעת העונש המתאים לנאשם?,סבורני כי השיקולים השונים ינחוני בקביעת העונש המתאים בתוך גדרי מתחם הענישה ההולם לצד שיקולי הרתעת הנאשם והרתעת הרבים מפני ביצוע עבירות נוספות (ר' סעיף 40ו לחוק העונשין).,train
כיצד משפיעה חומרת מעשי הנאשם 2 על ההחלטה לגבי הרשעתו?,"בנוסף, חומרת מעשי הנאשם 2 ונסיבותיו האישיות, אינם מאפשרים לוותר על ההרשעה בנסיבות המעשים, מבלי שייפגעו שיקולי ענישה הקשורים במקרה דנן לשיקולי גמול והרתעת הנאשם ועבריינים כמותו.",train
מהו השיקול שיכול להוביל לחריגה מהמתחם לקולא או לחומרא?,"כאמור, על בית המשפט לבחון האם ראוי לחרוג מן המתחם בשל שיקולי שיקום המהווים שיקול לקולא (סעיף 40ד לחוק העונשין); או מאידך, לחרוג מן המתחם בשל הצורך להגנה על שלום הציבור, המהווה שיקול לחומרה (סעיף 40ה לחוק העונשין).",train
מהו ההסדר המוצע בעניינו של הנאשם וכיצד הוא מאזן בין השיקולים השונים?,"אני מוצא את ההסדר המוצע ראוי ומאזן נכונה בין השיקולים השונים, הן אלה הקשורים בחומרת העבירות בהן הורשע הנאשם ובמדיניות הענישה הנהוגה בעבירות אלה בנסיבות דומות, הן אלה המחייבים הרתעת היחיד והרבים והן אלה הקשורים בנסיבותיו האישיות של הנאשם.",train
מהו תפקידו של הנאשם בביצוע העבירות לפי סעיף 40ט לחוק העונשין?,"במסגרת בחינת נסיבות הקשורות בביצוע העבירות (סעיף 40ט לחוק העונשין), מצאתי ליתן את הדעת, בין היתר, לכך שתפקידו של הנאשם במהלך הדברים היה מרכזי ואף בלעדי.",train
מהו ספקטרום העונש ההולם שנקבע בהתחשב בנסיבות השונות של העבירה?,"מכל המקובץ, בהתחשב בערך החברתי שנפגע מביצוע העבירה, במידת הפגיעה בו, במדיניות הענישה הנהוגה, בנסיבות הקשורות בביצוע העבירה והיחס ההולם בין חומרת העבירה בנסיבותיה ומידת אשמו של הנאשם ובין סוג ומידת העונש שיש להטיל עליו, סבורני כי מתחם העונש ההולם נע על פני ספקטרום שבין מאסר מותנה ושל\צ לבין 6 חודשי מאסר בפועל, שיכול וירוצו בעבודות שירות לצד ענישה כספית והרתעתית.""",train
כיצד יש להשקיף על רצף האירועים בסדרת עבירות דומות מבחינת הענישה?,"בסדרת עבירות מאותו סוג, ובנסיבות דומות, הדרך הראויה היא להשקיף על רצף האירועים כעל מכלול אחד, ולהשית את העונש בהתאם לכך.",train
אילו ערכים חברתיים נפגעים בעבירות אלימות והשימוש בנשק?,"עבירות אלו פוגעות בערכים החברתיים של סטנדרט התנהגות שנועד להגן על תחושת הביטחון, שלמות הגוף והכבוד של כל פרט בציבור מפני תופעת האלימות, לרבות זו הכרוכה בשימוש בנשק חם או קר.",train
מהו העיקרון שהדגיש תיקון מס' 113 לחוק העונשין בנוגע לענישה?,"בעקבות כך חודד תיקון מס' 113 לחוק העונשין את הצורך בהמשך נקיטת שיטת ענישה אינדיווידואלית, הבוחנת נסיבותיו של כל מקרה ואדם המובא לדין.",train
מדוע לא מצא בית המשפט הצדקה לחרוג ממתחמי הענישה במקרה זה?,"בענייננו, לא מצאתי הצדקה לחרוג ממתחמי הענישה, בשל שיקולי שיקום, על אף שילובו של הנאשם במסגרת טיפולית, כפי שמסר שירות המבחן.",train
מדוע הקלה בעונש עשויה לשמש כתמריץ חיובי לנאשם?,"בנסיבות אלה, הקלה בעונש במקרה דנא, תהווה תמריץ חיובי לנאשם להתמיד בדרך חיים נורמטיבית.",train
אילו נסיבות יש לקחת בחשבון בעת הערכת הענישה לפי תפקידו של בית המשפט?,"מתפקידו של בית המשפט להעריך ולשקול נסיבות רבות ומגוונות, כמו למשל, חומרת העבירה ונפיצותה בציבור, הגנה על שלום הציבור וביטחונו, הרתעת העבריין ועבריינים בכוח, התגמול שבענישה וכיוצא באלה.",train
מהו הסיכון הנובע מנהיגה ברכב עם רמת אלכוהול גבוהה?,נהיגה ברכב כאשר רמת האלכוהול כה גבוהה יוצרת בהכרח סיכון רב לנאשם עצמו ובמיוחד לסביבתו.,train
מהו הממצא המשפטי לגבי התנהלות הנאשם בהקשר לעבירות בהן הורשע?,"התנהגות זו, לצד ביצוע עבירות נוספות, קודמות ומאוחרות לעבירות בהן הורשע, מלמדות על העדר מורא מאימת הדין וחוסר הפנמה מצד הנאשם בדבר התנהלותו הפסולה.",train
מהו העיקרון המנחה לגבי הענישה במקרים של מעשים מגונים בקטינה?,בבתי המשפט עלינו לקיים ענישה מחמירה שתהלום את חומרת המעשים.,train
מהו המצב המשפטי שגרם להעדר שיקולים לטובת הנאשם?,לדאבוני לא מצאתי שיקולים רבים להניח על כף הזכות לטובת הנאשם.,train
מהו העקרון המנחה בענישה לפי המשפט הישראלי?,"עקרון השוויון בענישה הוא עקרון מנחה במשפט הישראלי ועל פיו יש מקום, במידת האפשר, להשית עונשים דומים על שותפים לאותו מעשה עבירה.",train
מדוע יש מקום לשקול את חומרתו הכללית של האירוע בו לקח הנאשם חלק פעיל?,"יש מקום לתן משקל לחומרתו הכללית של האירוע, שבה הנאשם לקח חלק פעיל, ובנסיבות המתוארות אין מקום לדקדק בהבחנות בין חלקו של כל אחד מהמעורבים.",train
מהו השיקול שעל בית המשפט לשקול בהחרגת מתחם הענישה?,"בהינתן מתחם הענישה ההולם, על בית המשפט לתת דעתו האם ראוי לחרוג מגבולותיו לקולה בשל שיקולי שיקום או לחומרה בשל הצורך להגנה על שלום הציבור.",train
מהו הפוטנציאל הממשי להשתלשלות אירוע אלים נוסף כאשר הנאשם שב למועדון?,"אכן, לא הייתה מניעה חוקית מצד לשוב למועדון פעם נוספת, אך עם זאת בואו למקום מקים, מניה וביה, פוטנציאל ממשי להשתלשלות אירוע אלים נוסף, אשר למרבה הצער התממש הלכה למעשה.",train
מהו העיקרון המשפטי המנחה לגבי הצגת טעמים בהסדר טיעון?,הצגה חסרה של מכלול הטעמים איננה מספקת כדי לאשר הסדר טיעון.,train
כיצד ריצוי עונש מאסר בעבודות שירות עשוי לשרת את האינטרסים השונים?,"סבורני כי ריצוי עונש מאסר על דרך של עבודות שרות יאזן נכונה בין האינטרסים השונים, יאפשר לנאשם מתן תרומה נרחבת מטעמה מצו של\צ בעבור החברה שנפגעה ממעשיו לצד פיצוי כספי למתלונן.""",train
מהי מידת הפגיעה בערכים החברתיים בעקבות תקיפת המתלוננת על ידי הנאשם?,"מידת הפגיעה בערכים אלה ברף הגבוה שכן הנאשם תקף את המתלוננת במשך זמן רב ואף נעזר לשם כך בדלי מלא מים, מזוודה ומארז בקבוקי מים.",train
מהי התרשמות בית המשפט לגבי הפנמת הנאשם את חומרת מעשיו?,"משנה תוקף יש לדברים נוכח התרשמותי, כמו גם התרשמות שירות המבחן, כי הנאשם לא הפנים את חומרת מעשיו, והוא נוטה להשליך את האחריות על אחרים.",train
מהו תפקיד השיקולים השונים בהסדר טיעון המוצג בפני בית המשפט?,"בנסיבות בהן מוצג בפני בית המשפט הסדר טיעון, ובכלל זה טווח ענישה מוסכם, לרוב, ברקעו שיקולים שונים של הצדדים, הן אלה הקשורים בביצוע העבירה והן אלה שאינם קשורים בביצוע העבירה.",train
מהו רצון הנאשם בנוגע להיגמל מסמים וכיצד יש לעודד זאת?,רצונו של הנאשם להיגמל מסמים הוא רצון מבורך ויש לעודד זאת.,train
מהי המדיניות המשפטית המנחה בענישה בעבירות אלימות במשפחה?,מדיניות הענישה בעבירות בהן הורשע הנאשם מתחשבת בצורך להילחם בתופעות האלימות במשפחה על כל גווניה.,train
מדוע יש לקבוע מתחם ענישה הולם לאירוע עברייני אחד ביחס לכל נאשם?,"בענייננו אין מחלוקת כי המדובר במסכת עבריינית אחת, לכן אקבע מתחם ענישה הולם לאירוע כולו, בנסיבות ביצועו, ביחס לכל אחד מהנאשמים, ואגזור לכל אחד מהם עונש כולל בהתחשב בעבירות בהן כל אחד מהם הורשע.",train
מהו מתחם העונש ההולם לכלל העבירות שביצע הנאשם במקרה זה?,"מכל המקובץ, בהתחשב בערכים החברתיים שנפגעו מביצוע העבירות, במידת הפגיעה בהם, במדיניות הענישה הנהוגה, בנסיבות הקשורות בביצוע העבירות, תוצאותיהן והיחס ההולם בין חומרת מעשי העבירות בנסיבותיהם ומידת אשמו של הנאשם ובין סוג ומידת העונש שיש להטיל עליו, סבורני כי מתחם העונש ההולם לכלל העבירות שביצע הנאשם נע בין 15 ל-42 חודשי מאסר בפועל ועונשים נלווים - מאסרים מותנים וענישה כלכלית.",train
מהי החומרה המיוחסת למעשי הנאשם בהקשר לפגיעה בתחושת הביטחון של הציבור?,מעשי הנאשם טומנים בחובם חומרה של ממש תוך נקיטת אלימות פיזית ויש בהם כדי לגרום לפגיעה בלתי מבוטלת בתחושת הביטחון ושלומו של הציבור ובהגנה על רכושו.,train
מדוע יש להוקיע פגיעות בגופן ובנפשן של נפגעות עבירות מין ואלימות?,"לא רק שאין להשלים עם פגיעה חמורה בגופן ובנפשן של נפגעות עבירות מין ואלימות, אלא שיש להוקיע מעשים אלו – בין היתר באמצעות השתת עונשים חמורים.",train
מהו השיקול שיש לקחת בחשבון בגזירת העונש לנאשם מעבר לביצוע העבירה?,בגזירת העונש המתאים לנאשם שלפניי יש מקום להתחשב בנסיבותיו האישיות אשר אינן קשורות בביצוע העבירה.,train
מהו הערך החברתי שנפגע בעבירת התקיפה במקרה זה?,"במקרה דנן, הערך החברתי אשר נפגע בעבירת התקיפה הוא ההגנה על שלומו של אדם מפני אלימות פיזית או כל סוג אלימות אחר.",train
מהו ההיבט המהותי בהפעלת מאסר מותנה במקרה של עבירה פלילית?,"הפעלת מאסר מותנה הינה מהותית ולא טכנית ואם ההתנהגות הפלילית של הנאשם, בגינה הורשע, מקיימת באורח מהותי את יסודות עבירת התנאי, כי אז יופעל התנאי, גם אם אין זהות טכנית בין העבירות.",train
כיצד משפיע החשש להישנות מעשי אלימות על הענישה?,"בנסיבות אלה, גובר החשש להישנות מעשי אלימות מצדו ויש להמחיש עבורו את חומרת מעשיו בענישה הולמת ומרתיעה.",train
מהו היחס שנקבע בחוק בין עונשו של המבצע העיקרי לעונשו של המסייע?,היחס שנקבע בחוק בין עונשו של המבצע העיקרי לבין עונשו של המסייע צריך על דרך הכלל להנחות את בית המשפט בגזירת הדין.,train
מהי החשיבות שציין בית המשפט העליון בנוגע ליד קשה כלפי עברייני מין?,"בית המשפט העליון עמד לא אחת על החשיבות שבנקיטת יד קשה כלפי עבריינים שביצעו עבירות מין בכלל וכלפי קטינים בפרט, וזאת הן לשם הרתעתם האישית והן להרתעת הרבים.",train
כיצד תרמה הודאת הנאשמים לחסכון בזמן בית המשפט?,שיקולים לקולה: הנאשמים הודו במיוחס במהלך פרשת התביעה ובכך חסכו באופן חלקי מזמנו של בית המשפט.,train
כיצד נוהגים בתי המשפט בענישה של מחזיקים בנשק שלא כדין?,"בתי המשפט, ובראשם בית המשפט העליון, מחמירים בעונשיהם של מי שמחזיקים כלי נשק שלא כדין, ובמיוחד כאשר מדובר בכלי נשק טעון.",train
כיצד יש להתחשב בנסיבות האישיות של הנאשם בעת גזירת העונש?,"בגזירת העונש המתאים לנאשם, בהתאם להוראות סעיף 40יא לחוק העונשין, יש להתחשב בנסיבותיו האישיות, אשר אינן קשורות בביצוע העבירות.",train
מהי המשמעות של התקופה הארוכה בה בוצעו העבירות והשפעתה על גובה הענישה?,"משנה תוקף יש לדברים בהינתן התקופה הארוכה שבמהלכה בוצעו העבירות ולכך שהנאשם נהנה מהכנסות החברה של אביו, אם במישרין ואם בעקיפין.",train
כיצד פסיקות בית המשפט העליון לאחר תיקון 137 לחוק מעידות על מגמת החמרה בענישה?,"ואם זו כוונת המחוקק, הרי כך גם מורה אותנו בית המשפט העליון, ועיון בפסיקתו שניתנה לאחר תיקון 137 לחוק, מלמד על מגמת החמרה עקבית בענישה.",train
מהי המדיניות המשפטית העומדת בבסיס השיקולים לחומרה בעבירות נגד חסרי ישע?,שיקולים לחומרה - בבסיס השיקולים לחומרה עומדת המדיניות המשפטית בעבירות נגד חסרי ישע והצורך לשמור עליהם עליה עמדתי לעיל.,train
מהו התפקיד של שיקולי הרתעה בקביעת העונש המתאים בגדר מתחם הענישה?,"אי-לכך, מכלול השיקולים, לרבות שיקולי הרתעת הנאשם ואחרים כמותו ינחוני בקביעת העונש המתאים בגדר מתחם הענישה (סע' 40ו ו-40ז לחוק העונשין).",train
מהי ההלכה שנקבעה בבית המשפט העליון לגבי רף ענישה תחתון בעבירות מסוימות?,"בית המשפט העליון סוכם ההלכה, לאחר סקירה נרחבת של פסיקה קודמת, כי אין לקבוע רף ענישה תחתון הנמוך מהעונש המזערי, וזאת גם כאשר קיימת הצדקה לסטות ממתחם העונש ההולם משיקולי שיקום.",train
"מהו המצב המנטלי של הנאשם בעת ביצוע העבירות, כפי שנקבע בפסק הדין?","הנאשם הבין היטב, בעת מעשה, את הפסול שבמעשיו והיה ביכולתו להימנע מהם מבלי שעשה כן.",train
מדוע יש לראות בשיקול ההגנה על הציבור כמרכזי בגזר הדין של הנאשם 1?,"נוכח כל האמור, אני מוצא כי שיקול ההגנה על הציבור צריך להוות שיקול מרכזי בגזרת עונשו של הנאשם 1.",train
כיצד מתחשבת מדיניות הענישה בעבירה זו במאבק באלימות המילולית בחברה הישראלית?,"מדיניות הענישה הנהוגה בעבירה זו מתחשבת בצורך במאבק בנגע האלימות המילולית שפשה בחברה הישראלית ככלל ומתפקידו של בית המשפט להעביר מסר ברור, באמצעות השתת עונשים מוחשיים, על מי שבוחר לפתור את קשייו האישים באמצעות פגיעה קשה בשלוות נפשו של אחר.",train
מהו השיקול שהוביל להעדפת רכיבי ענישה חליפיים על פני מאסר בפועל במקרה זה?,"סבורני כי השפעת הענישה על בתו הקטינה של הנאשם, בטחונה האישי והגנה על כלכלתה, מחייבת הקלה משמעותית על הענישה באופן שמצדיקה להעדיף רכיבי ענישה חליפיים על פני מאסר בפועל, גם כזה שירוצה בעבודות שירות.",train
מהם הערכים החברתיים המוגנים שנפגעו כתוצאה מהעבירה?,"הערכים החברתיים המוגנים הינם שלום הציבור ובריאותו, נוכח התופעות ההתנהגותיות והבריאותיות הקשות הנגרמות ומתעצמות כתוצאה משימוש בחומרים מסכנים, בדומה לערכים החברתיים המוגנים בפקודת הסמים המסוכנים.",train
כיצד נקבע מתחם העונש ההולם לפי עקרון ההלימה בחוק העונשין?,"מתחם העונש ההולם נקבע בהתאם לעקרון ההלימה כפי שהוגדר בסעיף 40ג(א) לחוק העונשין ולצורך כך על בית משפט להתחשב בשלושת אלה: בערך החברתי שנפגע  מביצוע העבירה ובמידת הפגיעה בו; בנסיבות הקשורות בביצוע העבירה ומידת אשמו של הנאשם ובמדיניות הענישה הנהוגה (ע\פ 8641/12 סעד נ' מדינת ישראל (ניתן ביום 5.8.2013).""",train
מהי הטעות של התביעה בנוגע לעונש המומלץ לנאשם?,חסר גדול עשתה התביעה עם הנאשם משנאותה לעתור לענישה מותנית וקנס כספי בלבד.,train
מהו הבסיס לשיקולים לחומרה בעבירה בה הורשע הנאשם?,שיקולים לחומרה: בבסיס השיקולים לחומרה ניצבת המדיניות המשפטית בעבירה בה הורשע הנאשם והצורך להגן על הערכים החברתיים שנפגעו מביצועה.,train
מהו השיקול החשוב שעל השופט לשקול בהתאם להמלצת קצין המבחן?,"השופט היושב בדין הוא אשר ישים במאזני שיקוליו, כאחד השיקולים החשובים, גם את המלצתו של קצין המבחן.",train
מהו המניע לכך שהנאשם לא זכאי להקלה בעונש למרות שהורשע?,"אולם, הנאשם אינו זכאי להקלה לה זכאים נאשמים אשר לוקחים אחריות למעשיהם, מביעים חרטה וחוסכים מזמנו של בית המשפט, התביעה והעדים.",train
מהו המצב המשפטי הנוגע להתייחסות עונשית לכל אחד מאירועי כתבי האישום?,"משכך, נכון לראות כל אחד מאירועי כתבי האישום כאירוע נפרד, המצדיק התייחסות עונשית נפרדת (סעיף 40יג לחוק העונשין).",train
כיצד ניתן לתאר את מידת הפגיעה של הנאשם בערכים המוגנים במקרה זה?,"במקרה דנא, מידת הפגיעה של הנאשם בערכים המוגנים גבוהה.",train
מהו השיקול המרכזי שהנחה את בית המשפט בהחלטתו לא לסטות מהסדר הטיעון?,"לאחר ששקלתי את טיעוני הצדדים, בחנתי את האיזונים בין אינטרס הציבור אל מול נסיבות המקרה, את הודאת הנאשם בכתב האישום שתוקן לקולא, לקיחת האחריות והחסכון הכרוך בכך בזמנו של בית המשפט, כמו גם החזקה כי העונש המוצע מצוי במתחם הענישה ההולם והמתאים בנסיבותיו של הנאשם, אינני רואה לסטות מהסדר הטיעון ואינני רואה בו חריגה בלתי סבירה מנורמת ענישה ראוייה.",train
אילו גורמים מצדיקים הטלת מאסר בפועל על הנאשם?,"חומרת מעשיו, העבירות בהן הורשע, עברו הפלילי והעובדה כי ביצע את העבירות זמן קצר לאחר שהוטל עליו מאסר מותנה, מחייבים הטלת מאסר בפועל.",train
מהי הסיבה לכך שלא נמצאה הצדקה לחרוג ממתחם העונש ההולם במקרה זה?,"בענייננו, לא מצאתי הצדקה לחרוג ממתחם העונש ההולם, כפי קביעתי, בשל שיקולי שיקום, גם לאחר שנתתי דעתי לאמור בתסקיר שירות המבחן (סע' 40ד(ב) לחוק העונשין).",train
מהו תפקיד בתי המשפט במיגור עבירות רכוש המבוצעות בתעוזה?,"בתי המשפט מצווים לתרום חלקם למיגור עבירות הרכוש, בייחוד אלה המבוצעות בתעוזה הכרוכות בפוטנציאל להתדרדרות לאלימות של ממש, על מנת להרתיע הן את הנאשם העומד לדין והן עבריינים אחרים כמותו, מלשוב ולבצע עבירות דומות בעתיד.",train
אילו ערכים חברתיים מוגנים קובע המחוקק בעבירה של פציעה בנסיבות מחמירות?,"הערכים החברתיים שנפגעו בביצוע עבירה של פציעה בנסיבות מחמירות, לצדה קבע המחוקק עונש מרבי של 6 שנות מאסר, הינם תחושת ביטחון הציבור, הגנה על חיי אדם, שלמות הגוף והכבוד של כל פרט בציבור מפני תופעת האלימות, בעיקר כשזו כרוכה בשימוש בנשק חם או קר.",train
מהו המשמעות של העונש המרבי שנקבע על ידי המחוקק בעבירה זו?,"חומרתו של העונש המרבי שקבע המחוקק, יש בה כדי להצביע על סלידתו העמוקה מהעבירה.",train
מהו הסטנדרט שנועד לעקור את נגע האלימות בחברה?,"מדובר בקביעת סטנדרטים של התנהגות שנועדו לעקור מן השורש את נגע האלימות שפשה בחברתנו (ראו למשל: ע\פ 7878/09 מדינת ישראל נ' פלוני [פורסם בנבו] (ניתן ביום 3.8.2010)).""",train
מהו הצורך המוכר בפסיקה להיאבק בעבירות אלימות באמצעות ענישה תקיפה?,"על רקע זאת, הכירה הפסיקה בצורך להיאבק בסוג זה של עבירות באמצעות ענישה תקיפה ומרתיעה.",train
מהו השיקול שעל בית המשפט לבחון בנוגע לחריגה ממתחם הענישה?,"כאמור, על בית המשפט לבחון האם ראוי לחרוג מן המתחם בשל שיקולי שיקום המהווים שיקול לקולא (סעיף 40ד לחוק העונשין) או מאידך בשל הצורך להגנה על שלום הציבור, המהווה שיקול לחומרא (סעיף 40ה לחוק העונשין).",train
מהו השיקול שיש לקחת בחשבון בגזירת העונש המתאים לנאשם מעבר לביצוע העבירות?,"בגזירת העונש המתאים לנאשם שמלפניי וכמצוות סעיף 40יא לחוק העונשין, יש מקום להתחשב בנסיבותיו האישיות, אשר אינן קשורות בביצוע העבירות.",train
כיצד מתבטאת מידת הפגיעה בערכים המוגנים בעבירות המין שביצע הנאשם ב-א.א?,"מידת הפגיעה בערכים המוגנים כתוצאה מעבירות המין שביצע הנאשם ב-א.א הינה משמעותית ומצויה במרום חומרתה, זאת נוכח אופיים של מעשי הפגיעה המינית שביצע הנאשם ב-א.א, שכללו מעשים מגונים מסוגים שונים ומעשה סדום, ובשל תדירותם, ריבוים, משכם, דרך ביצועם ומקום ביצועם, כמו גם הניצול לרעה של יחסי הקרבה, התלות והאמון הכרוך בהם ופערי הגילאים בין הנאשם לבין א.א.",train
מהו האיום שמהווה הלבנת הון על פעילות השלטון?,הלבנת הון מאיימת על טוהר המידות בפעילות השלטונית.,train
מהו השיקול המאפשר חריגה ממתחם הענישה לקולא או לחומרה?,"כאמור, על בית המשפט לבחון האם ראוי לחרוג מן המתחם בשל שיקולי שיקום המהווים שיקול לקולא (סעיף 40ד לחוק העונשין); או מאידך, לחרוג מן המתחם בשל הצורך להגנה על שלום הציבור, המהווה שיקול לחומרה (סעיף 40ה לחוק העונשין).",train
"מהי עצמת הפגיעה בערכים המוגנים במקרה זה, בהתחשב באלימות שננקטה כלפי המתלוננת?","עצמת הפגיעה בערכים המוגנים, הינה ברף התיכון, לאור העובדה כי הנאשם נקט אלימות כלפי המתלוננת כמתואר לעיל, אך לא הוצגו חבלות כלשהן שנגרמו למתלוננת.",train
מהו הגיבוי שצריך בית המשפט לתת לשוטרים המותקפים בעת ביצוע תפקידם?,"שלומם הגופני והאישי ושלום חייהם של השוטרים אינו הפקר, ועל בית המשפט ליתן להם הגיבוי המתאים כאשר מותקפים בעת ביצוע תפקידם.",train
כיצד השפיעו הקשיים שחווה הנאשם בילדותו על מצבו הנוכחי?,"הבאתי בחשבון את מצבו האישי, רקעו המשפחתי והקשיים שחווה בילדותו שדומה כי יש להם השפעה גם כיום.",train
כיצד יכול בית המשפט לקבוע את שיעור הפיצוי בהיעדר הוכחת נזק מדויק?,"בהיעדר הוכחת נזק מדויק בהליך הפלילי, רשאי בית המשפט להסתייע בכלים שונים, ובכלל זה בשיעור הפיצוי שנפסק בנסיבות דומות, כאמת מידה לקביעת הפיצוי הראוי במקרה שלפניו.",train
מהו העיקרון המשפטי שהדגיש פסק הדין בנוגע למדיניות הענישה במקרים של התעללות בילדים בגיל הרך?,"פסק הדין מדגיש את הצורך במדיניות ענישה מחמירה כי נערך עת לעסוק בחינוך בגיל הרך, ועל כל מי שמופקד על ילדים אלה לשמור על שלומם וביטחונם.",train
מהו השיקול שעל בית המשפט לבחון בנוגע לחריגה ממתחם הענישה?,"עתה, על בית המשפט לבחון האם ראוי לחרוג מן המתחם לקולא בשל שיקולי שיקום (סעיף 40ד לחוק העונשין) או לחומרה בשל הצורך להגנה על שלום הציבור (סעיף 40ה לחוק העונשין).",train
מהו הצורך המובהק בהגנה על הציבור מפני הנאשם ועברייני אלימות אחרים?,"על כן, מצאתי להביא בכלל חשבון את הצורך להגן על הציבור מפני הנאשם ועברייני אלימות כמותו, שכן בהעדר יכולת להבין את המניעים לביצוען יש חשש שיחזור לבצע עבירות דומות.",train
"מהו מתחם הענישה ההולם שנקבע לעבירה, בהתחשב בערכים החברתיים והנסיבות הקשורות בביצוע העבירה?","בנסיבות אלה, אקבע לעבירה זו מתחם ענישה הולם, בהתאם לעקרון ההלימה כפי שהוגדר בסעיף 40ג(א) לחוק העונשין, ובהביאי בחשבון את הערכים החברתיים בהם פגע הנאשם, הנסיבות הקשורות בביצוע העבירה, מידת אשמו של הנאשם ומדיניות הענישה הנהוגה.",train
מהי הסיבה לעודד את הנאשם להמשיך בדרכו ולפרנס את משפחתו?,"בנסיבות אלה, שוכנעתי כי יש לעודד את הנאשם להמשיך בדרכו ובכלל זה לפרנס את משפחתו.",train
מהן שלוש ההיבטים שעל בית המשפט להתחשב בהם ליישום עקרון ההלימה?,"על מנת ליישמו בית משפט יתחשב בשלושת אלה: ראשית, בערך החברתי שנפגע  מביצוע העבירה ובמידת הפגיעה בו; שנית, בנסיבות הקשורות בביצוע העבירה ומידת אשמו של הנאשם; שלישית, במדיניות הענישה הנהוגה.",train
מה יש לקחת בחשבון בקביעת מידת העונש בעבירות הצתה?,"נמצא כי מנעד הענישה בעבירות ההצתה הוא רחב ובקביעת מידת העונש בכל מקרה ומקרה יש לקחת בחבון את תוצאות המעשה, את מידת הסיכון שנשקפה בעטיו לחיי אדם ולרכוש, את קיומו או העדרו של תכנון מוקדם ואת עברו הפלילי של הנאשם.",train
כיצד עבודות שירות עשויות להשפיע על הנאשם מבחינה חברתית וטיפולית?,"ענישה בדרך של עבודות שירות תמנע את חשיפתו של הנאשם לחברה שולית ותאפשר לו להמשיך במסלול החיים הנורמטיבי והמשקם בו החל לפסוע, תוך מתן מעטפת טיפולית על ידי שירות המבחן, ובד בבד תהווה ענישה המציבה גבולות לנאשם בשים לב לחומרת מעשיו.",train
מהי הסיבה לכך שפסילת רישיון הנהיגה של הנאשם לא תשרת את מטרת הענישה במקרה זה?,"בענייננו, סבורני כי פסילת רישיון הנהיגה של הנאשם בשלב זה של חייו, תחטיא את המטרה של הענישה, ושכר העונש יצא בהפסד שיקומו אשר עלול להיפגע במסלולו הצבאי והמקצועי וכתוצאה מכך לשוב לחיים שוליים.",train
מדוע חוסר היכולת להוכיח כוונה להמית לא מפחיתה מחומרת המעשה?,"מבחינה מהותית ערכית, חוסר היכולת להוכיח כוונה להמית, אלא אך אדישות לגרימת המוות, אינה מפחיתה \איכותית\"" מחומרת המעשה.""",train
אילו שיקולים משפיעים על קביעת העונש המתאים לנאשם?,"אי-לכך, מכלול השיקולים, לרבות שיקולי הרתעת הנאשם ואחרים כמותו מפני ביצוע עבירות נוספות (ר' סעיפים 40ו ו-40ז לחוק העונשין), ינחוני בקביעת העונש המתאים לנאשם בגדרי מתחם הענישה.",train
מהו העיקרון החברתי שנפגע בעבירה של פציעה בנסיבות מחמירות?,"הערכים החברתיים שנפגעו בביצוע עבירה של פציעה בנסיבות מחמירות, לצדה קבע המחוקק עונש מרבי של 6 שנות מאסר, הינם תחושת ביטחון הציבור, הגנה על חיי אדם, שלמות הגוף והכבוד של כל פרט בציבור מפני תופעת האלימות, בעיקר כשזו כרוכה בשימוש בנשק חם או קר.",train
אילו שיקולים משפיעים על קביעת העונש המתאים לנאשם בגדרי מתחם הענישה?,"מכלול השיקולים, לרבות שיקולי הרתעת הנאשם ואחרים כמותו מפני ביצוע עבירות נוספות (ר' סעיפים 40ו ו-40ז לחוק העונשין), ינחוני בקביעת העונש המתאים לנאשם בגדרי מתחם הענישה.",train
אילו סוגי אלימות ומעשים דורשים הענשה נוקשה מצד הנאשמות?,"מעשיהן של הנאשמות כוללים אלימות חמורה ואף השפלה, והסכנה שהן יישנו מציאותית ודורשת הענשה נוקשה.",train
מדוע לא נמצא לחרוג ממתחם העונש ההולם במקרה זה?,"בענייננו, לא מצאתי לחרוג ממתחם העונש ההולם, כפי קביעתי, בשל שיקולי שיקום, שכן הנאשם לא הביע עניין בהליך טיפולי ולא הביע רצון לשקם את חייו (ר' סעיף 40ד(ב) לחוק העונשין).",train
כיצד השפיע חלוף הזמן מאז האירוע על הענישה?,"כך או כך, מצאתי להביא בכלל חשבון את חלוף הזמן מאז אירוע כתב אישום כגורם הממתן את הענישה.",train
מהי ההמלצה שניתנה למי שמעוניין להעריך את חומרת העונש במקרה זה?,"עצת היום לכל המהרהרים באשר לחומרת העונש, להתבונן בפניו המצולקות של הבטום, ולאמוד את חומרת הנזק ומפח הנפש שנגרמו לו.",train
מהו המשקל שיש לייחס לתחושות בעל הנכס כאשר אדם זר חודר לדירתו?,"יש לייחס משקל נרחב לתחושות האימה, אוזלת יד, הפגיעה בביטחון האישי והפגיעה בפרטיות אותן חש בעל הנכס המגלה אדם זר מחטט בחפציו האישיים בדירתו ונוטל לעצמו את אשר הוא חפץ בו.",train
אילו ערכים חברתיים מוגנים נפגעים מביצוע העבירות?,"הערכים החברתיים המוגנים שנפגעו מביצוע העבירות הינם שמירה על האוטונומיה לה זכאי כל אדם על גופו, בריאות הגוף והנפש, הזכות לכבוד, הצורך להגן על חסרי ישע ומניעת פגיעה בהם, והחובה המוטלת על מי אשר אחראי על קטין חסר ישע ומופקד לשמור ולהשגיח עליו, לגונן ולהגן עליו, להקפיד על שלומו, בריאותו, שלוותו, ביטחונו האישי, רווחתו ושלמות גופו ונפשו.",train
מהו האופי של מלאכת גזירת הדין וכיצד היא מתחשבת באינטרסים השונים?,"מלאכת גזירת הדין הינה מורכבת ובמסגרתה יש לתן ביטוי לאינטרסים השונים, אשר הם לעתים משלימים ולעתים עומדים בסתירה האחד לשני.",train
כיצד משפיעים השיקולים השונים על קביעת העונש המתאים לנאשם?,"בסופו של יום, סבורני כי השיקולים השונים ינחוני בקביעת העונש המתאים בתוך גדרי מתחם הענישה ההולם לצד שיקולי הרתעת הנאשם והרתעת הרבים מפני ביצוע עבירות נוספות (ר' סעיף 40ו לחוק העונשין).",train
מהו השיקול שהובא בחשבון בנוגע להשפעת העונש על משפחת הנאשם?,"בעניין זה נתתי דעתי, בין היתר, להשפעת הפגיעה של העונש במשפחתו של הנאשם.",train
מהן הערכים החברתיים שיש להביא בחשבון בעת קביעת העונש?,"לצורך כך יובאו בחשבון הערכים החברתיים שנפגעו מביצוע העבירה ומידת הפגיעה בהם; נסיבות הקשורות בביצוע העבירה, מידת אשמו של הנאשם ומדיניות הענישה הנוהגת.",train
אילו ערכים חברתיים נפגעים בביצוע תקיפת בן זוג?,"הערכים החברתיים הנפגעים בביצוע תקיפת בן זוג הוא שלימות הגוף וזכות האדם לאוטונומיה על גופו, הביטחון האישי בכלל וביטחונו האישי בד' האמות של התא המשפחתי בפרט.",train
מהי המשמעות של כך שהנאשם שב לבצע את אותה עבירה בעבר?,"לחובת הנאשם יש לציין כי הוא שב לבצע את אותה עבירה בגינה הורשע בעבר, אף אם מדובר בעבר רחוק, ובכך פגע במאבק להגנה על הסביבה.",train
כיצד ייבחן האם יש לחרוג מן המתחם לקולא או לחומרא?,"בכלל זה, אבחן האם ראוי לחרוג מן המתחם לקולא בשל שיקולי שיקום (סעיף 40ד לחוק העונשין) או לחומרא בשל שיקולי הגנה על שלום הציבור (סעיף 40ה לחוק העונשין).",train
מהו תפקידו של הנאשם בביצוע העבירה לפי הנסיבות הקשורות בה?,"בבחינת הנסיבות הקשורות בביצוע העבירות, מצאתי להתייחס לחלקו של הנאשם בביצוע העבירה שהיה עקרי ואף בלעדי.",train
מהו האיום שמהווה הלבנת הון על טוהר המידות בפעילות השלטונית?,הלבנת הון מאיימת על טוהר המידות בפעילות השלטונית.,train
כיצד השפיע השימוש בכלי נשק קר על זכות האדם להגנה על שלומו?,"במקרה דנא הנאשם עשה שימוש בכלי נשק קר ובדרך זו פגע בערך חברתי רם מעלה של זכות האדם להגנה על שלומו ועל שלמות גופו, וזכותו לתחושת בטחון בכל מקום בו הוא נמצא.",train
"מהי העונש המומלץ לנאשם בנסיבות המקרה, ומהו האופי השיקומי של העונש?","בנסיבות דנא, סבורני כי הגמול הנדרש לנאשם על מעשיו ימצא ביטויו בענישה הכוללת מאסר בפועל, לתקופה קצרה, שירוצה בדרך של עבודות שירות, המהווה אף עונש שיקומי ובצדו תרומה לחברה.",train
אילו ערכים חברתיים נפגעים בביצוע עבירה של תקיפה סתם?,"בביצוע עבירה של תקיפה סתם, אשר לצדה עונש מרבי של שנתיים מאסר, נפגעים ערכים חברתיים של סטנדרט התנהגות שנועד להגן על תחושת הביטחון, שלמות הגוף והכבוד של כל פרט בציבור מפני תופעת האלימות.",train
מהי המסקנה לגבי המשקל שיש לתת לשיקול ההרתעתי לעומת השיקולים האישיים?,"מאמרים אלו מובילים למסקנה כי יש ליתן משקל ממשי לשיקול ההרתעתי אל מול השיקולים האישיים, אשר משקלם יהיה נמוך יותר במקרים כגון אלה.",train
"מהי המשמעות של סמים \פותחי שער\"" בהקשר לפגיעתם בחברה?""","אף אם אין מדובר בסמים שנתפסים כסמים \קשים\"", פגיעתם מוחשית, הן באופן ישיר והן בהיותם סמים \""פותחי שער\"" לסמים אחרים, קשים ומסוכנים יותר.""",train
מהי מידת הפגיעה בערכים החברתיים המוגנים כאשר האיום לווה בתקיפה?,"מלבד האמור בסקירת האירוע הראשון, אוסיף כי באירוע זה מידת הפגיעה בערכים החברתיים המוגנים בשל ביצוע עבירת האיומים הייתה ברף הגבוהה שכן האיום לווה בתקיפה.",train
מהי הסיבה לקביעת רצף המעשים כקשורים זה לזה במקרה זה?,מסקנתי בקשר לכך נשענת בין השאר על העובדה כי מדובר ברצף מעשים קשורים זה לזה ומופנים כלפי המתלוננת וחברה הקטין בפרק זמן קצר.,train
מהו השיקול שנלקח בחשבון לגבי מצבו האישי של הנאשם בהליך?,"הבאתי בחשבון כי הנאשם מרוחק ממולדתו וממשפחתו, נעדר גורמי תמיכה ומתמודד עם קשיים בארץ בהיותו נתין זר.",train
אילו ערכים חברתיים יש לכלול בהגדרת הפגיעות כתוצאה מהעבירות שביצע הנאשם?,"לכן, בין הערכים החברתיים שנפגעו כתוצאה מהעבירות שביצע הנאשם, יש לכלול גם את גם את כבוד האדם וחירות הדיספוזיציה של אדם לגבי רכוש המצוי בשליטתו.",train
כיצד יש להביא בחשבון את הצורך בהרתעה בקביעת הענישה של הנאשמות?,"יש לתן להביא בחשבון בקביעת הענישה את הצורך בהרתעת היחיד והרבים, בעיקר נוכח כיעורן של עבירות המוסר שביצעו הנאשמות, ובכללן סרסרות למעשה זנות והחזקת מקום לשם זנות, שיש בהן ניצול חולשתן ומצבן הכלכלי והחברתי הקשה של נשים צעירות, המבקשות לפרנס עצמן.",train
כיצד משקף מתחם הענישה קביעה נורמטיבית של בית המשפט?,"מתחם הענישה, משקף לעומת זאת, קביעה נורמטיבית של בית המשפט בדבר האיזון הראוי בעיני החברה בין כלל השיקולים הרלבנטיים על פי המתכונת הקבועה בחוק.",train
"מהו המשקל שיש להעניק להלימה, גמול והרתעה בגזירת העונש?","בהתאם לתיקונים ולפסיקה, בית המשפט חייב להעניק משקל להלימה, גמול והרתעה בגזירת העונש, לצד שיקולי שיקום, תוך התחשבות מלאה בנסיבות המקרה והנאשם.",train
מהי מדיניות הענישה בעבירות התפרצות וביצוע גניבה לפי הפסיקה?,"מדיניות הענישה הנהוגה בפסיקה בעבירות בהן הורשע הנאשם, מתחשבת בצורך במאבק בנגע עבירות הרכוש בכלל ועבירות של כניסה וההתפרצות לבתי מגורים בפרט.",train
אילו שיקולים יש לקחת בחשבון בעת קביעת מתחם העונש לפי סעיף 40ט(א) לחוק העונשין?,"מלאכת קביעת מתחם העונש מחייבת להתחשב, בשינויים המחייבים, גם בנסיבות המנויות בסעיף 40ט(א) לחוק העונשין, ובין היתר בשאלה אם מדובר בסיוע במעשה או במחדל; אם הסיוע קדם לביצוע העבירה העיקרית או שהוא ניתן במהלך ביצועה; מידת תרומתו של הסיוע לביצוע העבירה העיקרית; תרומת הסיוע לנזק שהיה צפוי להיגרם ושנגרם בפועל; יכולתו של נאשם להבין את משמעות פעולותיו לרבות בשל גילו; ועוד.",train
מדוע יש להחמיר בעונש על עבירות המבוצעות נגד בעלי תפקיד ציבורי?,"יש לשוות חומרה יתרה לעבירות הבוצעות נגד בעלי תפקיד ציבורי, כגון עובדות סוציאליות המשקיעות מאמצים רבים לסייע ולשקם אוכלוסייה רחבה כשלרשותן אמצעים מוגבלים.",train
מהו המשקל שיש לתת לאינטרס הציבורי בעבירות אלימות בעת שקילת הענישה?,"בבוא בית המשפט לשקול את הענישה בעבירות מסוג זה, עליו לתת משקל נכבד לאינטרס הציבורי ולצורך בהרתעת עבריינים בכוח מלבצע עבירות דומות, על פני הנסיבות האישיות של העבריין.",train
אילו נסיבות אישיות של הנאשם נלקחו בחשבון לזכותו?,"לזכות הנאשם הבאתי בחשבון את גילו הצעיר, עברו הפלילי הנקי, היותו אב טרי לתינוק.",train
מהו העונש המרבי שנקבע על ידי המחוקק לעבירות סמים ומהם הערכים המוגנים שנפגעים?,"הערכים המוגנים שנפגעו מביצוע עבירה זו, לצדה קבע המחוקק עונש מרבי של 20 שנות מאסר, בדומה לכל עבירת סמים, הם הגנה על שלום ובריאות הציבור מפני פגיעתם הקשה של סמים מסוכנים ומניעת נזקים כלכליים וחברתיים עקיפים.",train
מהו השיקול המרכזי שעל העונש לשקף במקרה זה?,נקבע כי העונש צריך לשקף את חומרת הליקויים והנזקים שנגרמו לפעוטות וכן את הצורך להרתיע כל מי שממונה על שלומם.,train
מהו המעשה שביצע הנאשם בנוגע לאשפוזית הדרך תוך הפרת מעצר הבית?,"סבורני כי הנאשם פנה לאשפוזית הדרך, תוך הפרת מעצר הבית בו היה נתון על מנת לנחלץ עצמו מענישה מוחשית.",train
מהן תקופות המאסר שהוטלו על הנאשם 1 ולא הצליחו להרתיעו?,"נידון בין היתר לעונשי מאסר בפועל לתקופות ממושכות של 28 חודשים, 11 חודשים וחודש; בנוסף הושתו עליו מאסרים מותנים ברי הפעלה בגין עבירות סמים ושיבוש מהלכי משפט ובכל אלה לא היה כדי להרתיע את הנאשם 1 מלשוב ולבצע עבירות נוספות כפי הרשעתו.",train
מהו חלקו המרכזי של הנאשם בהתרחשות האלימה לפי הנסיבות הקשורות בביצוע העבירה?,בבחינת הנסיבות הקשורות בביצוע העבירה (סעיף 40ט לחוק העונשין) נתתי דעתי לחלקו המרכזי והעיקרי של הנאשם בהתרחשות האלימה.,train
"כיצד יש לראות באדם הדוקר מבחינת הסיכון לחיי הנדקר, גם אם התוצאה היא חבלה בלבד?","מכאן שיש לראות באדם הדוקר אחר כמי שנכון היה לסכן את חיי הנדקר, גם אם בסופו של דבר התוצאה היא של גרימת חבלה \בלבד\"".""",train
מהן הנסיבות הקשורות בביצוע העבירה שיש להביא בחשבון לפי סעיף 40ט לחוק העונשין?,"בבחינת נסיבות הקשורות בביצוע העבירה (סעיף 40ט לחוק העונשין), הבאתי בכלל חשבון את התכנון שקדם לביצוע העבירה, כפי שעלה מכתב האישום המתוקן, לפיו הנאשם והקטין נסעו במיוחד לתחנת הדלק על מנת להצטייד בבנזין, כחומר דליק, לצורך ביצוע ההצתה, ולאחר מכן נסעו אל מקום חנייתו של הרכב שהוצת.",train
מהי הסיבה לחומרת השיקולים לחומרה בענישה בעבירות התקיפה והאלימות נגד בת הזוג?,"בבסיס השיקולים לחומרה עומדת חומרתן הרבה של עבירת התקיפה הגורמת חבלה של ממש ועבירת האלימות נגד בת הזוג, אותן ביצע הנאשם והמדיניות המשפטית בענישה בעבירות אלו.",train
מהו השיקול המרכזי שהצדיק הטלת מאסר בפועל על הנאשם בעבירת האיומים?,"חומרת העבירה, תוכן דברי האיום שהופנו כלפי המתלוננת בנוכחות אחרים, עברו הפלילי של הנאשם והעובדה כי ביצע את העבירה כאשר לחובתו מאסר מותנה ולאור התרשמות שירות המבחן כי הנאשם מתקשה להפנים את הפסול שהתנהגותו - שיקולים אלה כולם מחייבים הטלת מאסר בפועל על הנאשם, ולו בדרך של עבודות שירות, כדי להמחיש עבורו ואחרים כמותו את החומרה שבמעשיו.",train
כיצד משפיע צבר העבירות על רמת החומרה של הענישה במקרה זה?,"עסקינן בצבר עבירות, אשר כל אחת מהן חמורה כשלעצמה בנסיבותיה ועל כן קם נופך נוסף של חומרה מכוח האפקט המצטבר.",train
מהו הבסיס לשיקולים לחומרה בענישה במקרה זה?,בבסיס השיקולים לחומרה עומדת המדיניות המשפטית שתוארה והצורך לתן ביטוי לזכויות הפרט לביטחונו האישי ולשמירה על קניינו בהיותן זכויות יסוד מקודשות.,train
מהו העיקרון המנחה לגבי נסיבותיו האישיות של נאשם בעבירות סמים?,"עוד נקבע, כי על דרך הכלל, נסיבותיו האישיות של נאשם ייסוגו בפני האינטרס הציבורי שבהחמרת הענישה בגין עבירות מסוג זה לשם הרתעת הרבים.",train
מהו השיקול המרכזי שיש לתת לו משקל בכורה בענישה של הנאשם?,"על השיקול ההלימה יש לתת משקל בכורה על מנת לגמול לנאשם על מעשיו, להגן על הציבור ולהרתיע את נאשם והרבים משלוב ולבצע עבירות דומות.",train
מהו השיקול בהטלת עונש נוסף על מי שכבר מרצה עונש מאסר?,"מי שכבר מרצה עונש מאסר בגין תיק אחר יכול להטיל עליו עונש נוסף במצטבר או חופף, על פי שיקולי הענישה ואיזון האינטרסים החברתיים והאישיים.",train
מהן הנסיבות האישיות שיש להביא בחשבון בגזירת העונש לנאשמת?,"בגזירת העונש המתאים לנאשמת, בהתאם להוראות סעיף 40יא לחוק העונשין, יובאו בכלל חשבון נסיבותיה האישיות, שאינן קשורות בביצוע העבירה.",train
מהו המשקל שניתן לשיתוף פעולה הנאשמים עם שירות המבחן?,"עיקר מצאתי לתת משקל משמעותי לזכות הנאשמים, נוכח שיתוף הפעולה עם שירות המבחן והשתתפותם במסגרות הטיפוליות בחסותו.",train
אילו נסיבות אישיות יש להתחשב בהן בגזירת העונש לנאשם?,"בגזירת העונש המתאים לנאשם וכמצוות סעיף 40יא לחוק העונשין, יש מקום להתחשב בנסיבותיו האישיות, אשר אינן קשורות בביצוע העבירות, כגון: גיל, עבר פלילי, נטילת האחריות, פגיעת העונש במשפחתו, נסיבות חיים קשות שהייתה להן השפעה על ביצוע העבירה, שיתוף הפעולה עם רשויות החוק ועוד.",train
"כיצד השפיע ההליך המשפטי על בני משפחת הנאשם, לפי עדות רעייתו?","הבאתי בחשבון את השפעות ההליך המשפטי וענישת הנאשם על בני משפחתו, כפי שעלה מדבריו ומעדות רעייתו, ובכלל זאת תחושת הבושה, הפגיעה בשמם הטוב, הקשיים עמם נתקלו במקומות עבודתם והפגיעה בפרנסת המשפחה.",train
אילו שיקולים משפיעים על קביעת העונש המתאים לנאשם?,"אי-לכך, מכלול השיקולים, לרבות שיקולי הרתעת הנאשם ואחרים כמותו ינחוני בקביעת העונש המתאים בגדר מתחמי הענישה (סע' 40ו ו-40ז לחוק העונשין).",train
מהי השפעת הענישה על הנאשם ומשפחתו בנסיבות המקרה?,"בנסיבות אלה, נתתי את דעתי לתוצאות הענישה על הנאשם עצמו ועל משפחתו.",train
מהו מתחם הענישה ההולם שנקבע עבור הנאשם בעבירות שביצע?,"מכל המקובץ, בהתחשב בערך החברתי שנפגע מביצוע העבירות, במידת הפגיעה בו, במדיניות הענישה הנהוגה, בנסיבות הקשורות בביצוע העבירות והיחס ההולם בין חומרת מעשי העבירות בנסיבותיהם ומידת אשמו של הנאשם ובין סוג ומידת העונש שיש להטיל עליו, סבורני כי מתחם העונש ההולם, לכל אחד מאירועים, כפי שאף הצדדים אינם חולקים עליו, הינו בין 6 ל-12 חודשי מאסר בפועל, לצד מאסרים מותנים, קנס ופיצוי.",train
מהי החומרה הנובעת מדברי האיומים של הנאשם?,"בנוסף, ברורה החומרה הנובעת מדברי האיומים בשל המסוכנות הטבועה בהם, בהתייחס להוצאת הדברים מן הכוח אל הפועל ולהיותם מעשי בריונות לשמה.",train
מהו השיקול המרכזי לחומרה בעבירות בהן הורשע הנאשם?,בבסיס השיקולים לחומרה ניצבת המדיניות המשפטית בעבירות בהן הורשע הנאשם והצורך להגן על הערכים החברתיים שנפגעו מביצוען.,train
מהו המצב המשפטי של הנאשם בנוגע לקבלת אחריות על מעשיו במהלך הדיונים בבית המשפט?,"דא עקא, הנאשם סירב לקבל אחריות למעשיו ונוכח התנהלותו בדיונים בבית המשפט, בעיקר זה ש განსაკუთრ לטיעוני הצדדים לעונש, ניכר היה שאין הנאשם מתאים לריצוי עונשו בדרכים אלו.",train
מהו השיקול החברתי שצריך להילקח בחשבון בענישה במקרה זה?,"בעניין זה יש להביא בכלל חשבון את שיקולי הרתעת היחיד והרבים, בעיקר נוכח ההשלכות החברתיות הקשות הכרוכות בעבירה זו.",train
אילו שיקולים הנחו את קביעת העונש המתאים לנאשם?,"אי-לכך, מכלול השיקולים, לרבות שיקולי הרתעת הנאשם ואחרים כמותו מפני ביצוע עבירות נוספות ינחוני בקביעת העונש המתאים לנאשם בגדרי מתחם הענישה (סע' 40ו ו-40ז לחוק העונשין).",train
"מהו הפוטנציאל הנזק שיכול היה להיגרם ממעשי הנאשם, למרות שהירי לא פגע בקורבן?","אמנם, הירי לכיוון הקורבן לא פגע בו, אך למעשי הנאשם היה פוטנציאל נזק גדול לאין ערוך מזה שנגרם, הרסני וקטלני בדמות פגיעה בגוף או אבדן בנפש, אם ביחס לקרבן ואם ביחס לאחרים ששהו במקום.",train
מהו הערך המוגן שנפגע ברף גבוה בעקבות מעשיו של הנאשם?,"בדרך זו פגע הנאשם, ברף גבוה, בערכים המוגנים של שמירה על אושיות שלטון החוק; הסדר הציבורי; ביטחונם, שלמות גופם וכבודם של הממונים על אכיפת החוק.",train
מהו העיקרון המנחה לקביעת מתחם הענישה לפי סעיף 40ג(א) לחוק העונשין?,"מתחם הענישה ההולם יקבע בהתאם לעקרון ההלימה, כאמור בסעיף 40ג(א) לחוק העונשין.",train
מהו העונש שהמליץ שירות המבחן לנאשם בעקבות העבירות שביצע?,"לאור האמור, המליץ שירות המבחן על עונש מרתיע ומציב גבולות בדמות מאסר על תנאי ועונש שיקומי טיפולי בדרך של צו מבחן למשך שנה, במהלכו ישולב בקבוצה טיפולית לשליטה בכעסים ולקבלת כלים נורמטיביים להתמודדות.",train
מהו המידע שנלקח בחשבון לגבי הרשעות קודמות של הנאשם?,עוד הבאתי בחשבון כי זו לו הרשעתו הראשונה של הנאשם ולא נמסר על הסתבכות נוספת מאז אירועי כתב האישום.,train
מהו הגמול הנדרש לנאשם כדי לשקף את סלידת החברה ממעשיו?,אין להתעלם מגמול נדרש לנאשם שישקף את הסלידה שחשה החברה נוכח מעשיו ואת הוקעתם הנדרשת.,train
מהו החשש שנובע מהעדר עניין של הנאשם בהליך טיפולי?,הנאשם לא גילה עניין בהליך טיפולי שהוצע לו ומכאן החשש שלא הפנים את חומרת מעשיו והסיכון הקיים להישנות מקרים דומים בעתיד.,train
כיצד משפיעה ההמלצה של שירות המבחן על הערכת הסיכון להישנות העבירה?,נתתי דעתי להמלצות שירות המבחן ולהערכתם כי הסיכוי להישנות העברה על ידי הנאשם נמוך.,train
כיצד משפיעים מעשי תקיפה ואיומים כלפי שוטרים על החברה הדמוקרטית?,"'מעשי תקיפה ואיומים כלפי שוטרי משטרת ישראל, רק מפני שהם ממלאים את תפקידם כחוק, מערערים את המוסכמות הבסיסיות ביותר של החברה הדמוקרטית בה אנו חיים.",train
מהי מידת ההשפעה של נסיבות המקרה על מתחם הענישה?,"עם זאת, אני מוצא להדגיש כי מידת ההשפעה של נסיבה זו על מתחם הענישה אינה ניכרת משמעותית, וזאת בהתחשב בעיקר בערכים החברתיים הניצבים מנגד שעניינו כאמור הגנה על שלומו וחייו של הזולת ומידת הפגיעה בערך זה.",train
מדוע לא הובילה הזכות הממתנת להפחתת מתחם העונש ההולם?,"בנסיבות זכות אלה יש כדי גורם ממתן בגזירת דינו של הנאשם, אך לא כדי הפחתה מרצפת מתחם העונש ההולם, כפי שציינתי לעיל, נוכח נסיבות ביצוע העבירות ואופיין החמור, העדר לקיחת אחריות ובהעדר שיקולי שיקום כהוראת סעיף 40ד(א) לחוק העונשין.",train
מהו תפקיד השיקול דעת השיפוטי בגזירת העונש לעבירות שהייה בלתי חוקית?,העקרונות שהותוו בעניין שהייה בלתי חוקית בעינם עומדים גם בימים אלו אך בגזירת העונש יש מקום לשיקול דעת שיפוטי בהתאם לנסיבות כל מקרה ומקרה ובהתאם לצוק העיתים.,train
מהן שלוש השיקולים שעל בית המשפט להתחשב בהם בעת יישום עקרון ההלימות?,"על מנת ליישמו בית משפט מתחשב בשלושת אלה: ראשית, בערך החברתי שנפגע מביצוע העבירה ובמידת הפגיעה בו; שנית, בנסיבות הקשורות בביצוע העבירה ומידת אשמו של הנאשם; שלישית, במדיניות הענישה הנהוגה.",train
מהי מידת הפגיעה בערכים המוגנים במקרה דנן?,"במקרה דנן, מידת הפגיעה בערכים המוגנים הינה רבה.",train
מדוע יש צורך בענישה הולמת כדי להילחם בנגע האלימות בחברה הישראלית?,רבות נפסק בדבר הצורך להילחם בנגע האלימות שפשה בחברה הישראלית ולעוקרו מן השורש באמצעות ענישה הולמת ומרתיעה.,train
אילו שיקולים ינחו בקביעת העונש המתאים לנאשם?,"אי-לכך, מכלול השיקולים, לרבות שיקולי הרתעת הנאשם ואחרים כמותו מפני ביצוע עבירות נוספות (ר' סעיפים 40ו ו-40ז לחוק העונשין), ינחוני בקביעת העונש המתאים לנאשם בגדרי מתחם הענישה.",train
כיצד נקבע מתחם העונש ההולם למעשי העבירות שביצע הנאשם?,"תחילה, אקבע את מתחם העונש ההולם למעשי העבירות שביצע הנאשם, על בסיס שיקולים נורמטיביים ואובייקטיבים, בהתחשב בערך החברתי שנפגע מביצוע העבירות, במידת הפגיעה בערך זה, במדיניות הענישה הנהוגה ובנסיבות הקשורות בביצוע העבירה כמפורט בסעיף 40ט לחוק העונשין (סעיף 40ג לחוק העונשין); לאחר מכן, אבחן האם ראוי לחרוג מן המתחם לקולא בשל שיקולי שיקום (סעיף 40ד לחוק העונשין) או לחומרא בשל שיקולי הגנה על שלום הציבור (סעיף 40ה לחוק העונשין); לבסוף, אקבע את העונש המתאים שיושת על הנאשם, בהתחשב בצורך בהרתעת הנאשם (סעיף40ו לחוק העונשין), בצורך בהרתעת הרבים (סעיף40ז לחוק העונשין) ובנסיבותיו האישיות של הנאשם שאינן קשורות לביצוע העבירה (סעיף 40יא לחוק העונשין), כמו גם נסיבות אחרות ככל שתמצאנה רלוונטיות (סעיף 40יב לחוק העונשין).",train
כיצד נקבע מתחם העונש ההולם לפי עקרון ההלימה בסעיף 40ג(א) לחוק העונשין?,"מתחם העונש ההולם נקבע בהתאם לעקרון ההלימות כפי שהוגדר בסעיף 40ג(א) לחוק העונשין ולצורך כך על בית משפט להתחשב בשלושת אלה: ראשית, בערך החברתי שנפגע  מביצוע העבירה ובמידת הפגיעה בו; שנית, בנסיבות הקשורות בביצוע העבירה ומידת אשמו של הנאשם; שלישית, במדיניות הענישה הנהוגה (ע\פ 8641/12 סעד נ' מדינת ישראל (ניתן ביום 5.8.2013).""",train
אילו נתונים רלוונטיים יש לקחת בחשבון בעת קביעת מתחם העונש ההולם?,"למותר לציין כי המתחם הכולל שייקבע, צריך ליתן ביטוי לרצף המעשים, ריבויים, משכם, תדירותם, לפגיעה שגרמו למתלוננת, וליתר הנתונים הרלוונטיים עת קובע בית המשפט את מתחם העונש ההולם.",train
מה מעלה בחינת מדיניות הענישה בנסיבות דומות?,"בחינת מדיניות הענישה הנהוגה מעלה כי בנסיבות דומות ככל הניתן, הוטלו על נאשמים עונשים במנעד שבין מאסר מותנה ועד חודשי מאסר בודדים, בהתאם לנסיבות המעשה והעושה.",train
מהו השינוי שחל בעקבות תיקון 113 לחוק העונשין בנוגע לענישה אינדיווידואלית?,"כך חידד תיקון 113 לחוק העונשין את הצורך בהמשך נקיטת שיטת ענישה אינדיווידואלית, הבוחנת נסיבותיו של כל מקרה ואדם והמובא לדין.",train
מהו תפקיד המלצת שירות המבחן בהליך גזירת הדין?,"אציין כי לא נעלמה מעיני המלצת שירות המבחן, אך כפי הידוע שיקוליו של שירות המבחן אינם כשיקוליו של בית המשפט, המלצת שירות המבחן היא אך שיקול במכלול השיקולים שבית המשפט שוקל בעת גזירת דינו של נאשם.",train
מהו השיקול המרכזי שהנחה את בית המשפט בענישה בעבירות בהן הורשע הנאשם?,בבסיס השיקולים לחומרה עומדת המדיניות המשפטית שתוארה לעיל באשר לענישה בעבירות בהן הורשע הנאשם.,train
כיצד מתאר בית המשפט את תופעת ה'סכינאות' והשפעתה על מדיניות הענישה?,"בתי משפט זה נדרש פעמים רבות להיקפה ולנזקיה של תופעת ה'סכינאות', הטומנת בחובה פוטנציאל לנזק רב, ומצדיקה נקיטה בענישה מחמירה ומרתיעה: 'אחת המטרות המרכזיות של הענישה הפלילית היא כאמור הרתעת עבריינים בכוח, ל'מען יראו וייראו'. תופעה זו של 'סכינאות' יש להדביר. המסר חייב להיות ברור, למען ידע כל איש ונער כי נטילת סכין כדי לתקוף היא נטילת סיכון – לא רק כלפי הקורבן, אלא גם כלפי העבריין בדמות הטלת ענישה מחמירה.",train
מדוע לא יהיה צודק להפעיל את המאסרים המותנים במקרה זה?,"בנסיבותיו של הנאשם עליהן עמדתי בהרחבה לעיל, סבורני כי לא יהיה צודק להפעיל את המאסרים המותנים.",train
מהי עמדת בית המשפט לגבי חומרת העבירה והשפעתה על הערכים החברתיים המוגנים?,"אינני מקל ראש בחומרת העבירה שמיוחסת לנאשם, תוצאותיה ובעוצמת הפגיעה באינטרס הציבורי המוגן בעקבות ביצועה של העבירה, אך דומני כי מכלול הנסיבות מצביעות על פגיעה בערכים החברתיים המוגנים ברף נמוך.",train
כיצד הנאשם היה יכול להבין את הפסול שבמעשיו?,הנאשם יכל להבין היטב את הפסול שבמעשיו והוא לא היה קרוב לסייג לאחריות פלילית.,train
מהי הסיבה לכך שהעונש הקודם לא ביטא את חומרת מעשה הירי והסיכון לחיי אדם?,"בדברי ההסבר להצעת החוק, הוטעם כי העונש שהיה קבוע לצד עבירה זו טרם התיקון, שעמד על שנת מאסר אחת \אינו נותן ביטוי הולם לחומרה הגלומה במעשה ירי שלא כדין ולסיכון הגלום במעשה כאמור לפגיעה בערך המוגן שבבסיס העבירה – הגנה על חיי אדם. סיכון כאמור קיים גם אם לא היה סיכון קונקרטי לחיי אדם שהעושה היה מודע לו.""",train
מהו העונש המרבי לעבירת חבלה בנסיבות מחמירות וכיצד הוא מאזן בין האינטרס הציבורי לנסיבות המקרה?,"בית המשפט העליון דחה את ערעור הנאשם על חומרת העונש, וקבע כי \עבירת חבלה בנסיבות מחמירות היא עבירה אשר עונשה המרבי הוא עונש מאסר של 14 שנים, ועל כן מתחם העונש שנקבע מאזן היטב בין האינטרס הציבורי בעקירתה מהשורש של תת-תרבות הסכין, לבין נסיבות ביצוע העבירה וחלקו של המתלונן באירוע.""",train
מהו הגמול הנדרש לנאשמת שיבטא את סלידת החברה ממעשיה?,לא נעלם מעיני הגמול הנדרש לנאשמת שישקף את הסלידה שחשה החברה נוכח מעשיה ואת הוקעתם הנדרשת.,train
כיצד יש לשלב רכיב כלכלי בענישה בעבירות המבוצעות עבור בצע כסף?,"בעבירות המבוצעות עבור בצע כסף, הענישה צריכה לכלול רכיב כלכלי, אשר יהיה בו מענה עונשי הולם וכדי להמחיש לנאשם ולאחרים כמותו כי תוחלת הרווח מביצוע עבירה דומה תהיה נמוכה מתוחלת הקנס הצפוי להם אם יתפסו ויורשעו.",train
מהו העיקרון שמדגיש תיקון 113 לחוק העונשין בנוגע לענישה?,"חידד תיקון 113 לחוק העונשין את הצורך בהמשך נקיטת שיטת ענישה אינדיווידואלית, הבוחנת נסיבותיו של כל מקרה ואדם והמובא לדין.",train
כיצד משפיעות נסיבותיו האישיות של הנאשם על ההחלטה האם להטיל עליו מאסר בפועל?,"המקרה דנא הינו דוגמה למתח שבין חומרת העבירות המצדיקות ככלל השתת מאסר בפועל, לבין נסיבותיו האישיות של הנאשם ונסיבות ביצוע העבירה, לצד רצונו להשתקם ולפתוח פרק חדש בחייו, הנוטים לכיוון הימנעות מהשתת מאסר בפועל, אף כזה שירוצה בעבודות שירות.",train
מהו תפקידו המרכזי של הנאשם בהעברת כספים במזומן מהחברה ברומניה לישראל?,"בבחינת נסיבות הקשורות בביצוע העבירות (סעיף 40ט לחוק העונשין), הבאתי בכלל חשבון את חלקו המרכזי והעיקרי של הנאשם כמי שקשר קשרים עם יתר הנאשמים ושימש למעשה כבלדר משמעותי עבורם, אשר לקח על עצמו להעביר באופן שיטתי ומתמשך כספים במזומן מהחברה שנוהלה ברומניה לישראל.",train
מהו השיקול שהשפיע על ההחלטה להטיל אחריות על הנאשם למרות ניסיונו להרחיק עצמו מהאירוע?,"הבאתי בחשבון את נטיית הנאשם להרחיק עצמו מהאירוע ולהשליך את האחריות על כתפי המתלוננים ויתר הנאשמים, בטענתו שנגרר אחריהם משל לא עמד לו שיקול דעת עצמאי.",train
מהי המדיניות המנחה את הענישה בעבירת החזקת סמים לצריכה עצמית לפי הפסיקה?,"מדיניות הענישה הנהוגה בפסיקה בעבירת החזקת סמים לצריכה עצמית, מתחשבת בצורך במאבק בנגע הסמים בחברתנו, רעה חולה שפשה בחברתנו ומחובתו של בית המשפט לתרום למיגור נגע זה.",train
מהו תפקידו של בית המשפט בהערכת נסיבות שונות בעת קביעת הענישה?,"מתפקידו של בית המשפט להעריך ולשקול נסיבות רבות ומגוונות, כמו למשל, חומרת העבירה ונפיצותה בציבור, הגנה על שלום הציבור וביטחונו, הרתעת העבריין ועבריינים בכוח, התגמול שבענישה וכיוצא באלה.",train
מהי המשמעות של קבלת אחריות מאוחרת של הנאשם לאחר הכרעת הדין?,"על-כן, יש לזקוף לזכות הנאשם קבלת אחריות מצדו, אף אם מדובר בקבלת אחריות מאוחרת, שלאחר הכרעת הדין, ומבלי שהיה בה כדי לחסוך בזמן שיפוטי.",train
אילו נסיבות הובאו לזכות הנאשם בהקשר להודאתו ולקיחת האחריות על מעשיו?,"לזכות הנאשם הבאתי בכלל חשבון את הודאתו במיוחס לו בכתב האישום ובתיק הנוסף שצורף, לקיחת האחריות על מעשיו, שיתוף הפעולה עם המשטרה מעת שנחקר, שיתוף פעולה עם שירות המבחן, הליך השיקום המשמעותי שעבר, נסיבות חייו אשר הובילו אותו לשימוש בסם, הבעת הצער והחרטה, גילו הצעיר, עברו הפלילי הנקי והחיסכון בזמן השיפוטי.",train
מהו השיקול שהוביל את בית המשפט להימנע מהחמרת הענישה במקרה זה?,"מנגד, לא מצאתי כי החשש שהנאשם יחזור ויבצע עבירות דומות מצדיק חציית רף מתחם הענישה לחומרה משיקולי הגנה על שלום הציבור.",train
כיצד נקבע מתחם הענישה לעבירה שביצע הנאשם?,"תחילה, אקבע את מתחם הענישה למעשה העבירה שביצע הנאשם, על בסיס שיקולים נורמטיביים ואובייקטיבים, בהתחשב בערכים החברתיים שנפגעו, מידת הפגיעה בהם, במדיניות הענישה ובנסיבות הקשורות בביצוע העבירה.",train
מדוע יש צורך להילחם בנגע האלימות בחברה הישראלית?,רבות דובר בפסיקה בדבר הצורך להילחם בנגע האלימות שפשה בחברה הישראלית ולעוקרו מן השורש באמצעות ענישה הולמת ומרתיעה.,train
אילו שיקולים לקולא נלקחו בחשבון בעניינו של הנאשם?,"שיקולים לקולא: הבאתי בכלל חשבון את גילו הצעיר של הנאשם, יליד 1991, רקעו המשפחתי כפי שתואר בתסקיר שירות המבחן והודאתו בכתב האישום שחסכה מזמנו של בית המשפט.",train
מהו הנזק הפוטנציאלי שנגרם ממעשיו האלימים של הנאשם?,"הנזק הפוטנציאלי שהיה עלול להיגרם ממעשיו האלימים של הנאשם הן למתלוננים והן לאחרים חמור שבעתיים ואין להקל ראש בכך, הנאשם היה מצויד בבקבוקי זכוכית ואין צורך להכביר מילים בפוטנציאל הסכנה הכרוכה במעשיו כך שבנקל היה יכול לגרום אף לאבדן חיים.",train
אילו נסיבות ייחודיות של הנאשמת לא נעלמו מעיני בית המשפט?,"עם זאת, לא ניתן להתעלם מנסיבות חייה המורכבות והייחודיות של הנאשמת ובכללן מצבה הבריאותי.",train
מהי הסיבה להחלת סעיף 40ד(א) לחוק העונשין במקרה זה?,"בנסיבות מיוחדות אלה, סבורני כי נכון להחיל בעניינו של הנאשם העומד מלפניי כאינדיבידואל לדין, את הוראת סעיף 40ד(א) לחוק העונשין המותירה בידי בית משפט הבא לגזור את עונשו של נאשם שיקול דעת אם לחרוג ממתחם הענישה, ככל שהוא מוצא כי הנאשם השתקם או כי יש סיכוי של ממש שישתקם.",train
כיצד תתבצע תפירת העונש לנאשם בהתאם לנסיבות המעשה והעושה?,"בדרכי תפירת חליפתו העונשית של הנאשם כמידתו המדויקת, גמול ההולם את מכלול נסיבות המעשה והעושה ימצא ביטויו בביצוע צו של\צ, בהיקף נרחב מהמלצת שירות המבחן, ובדרך זו יגמול הנאשם על מעשיו לחברה.""",train
מהי ההבנה שהייתה לנאשם לגבי מעשיו והנזקים שייגרמו לנפגעת העבירה?,"יכולתו להבין את אשר עשה לא נפגמה, והוא היה מודע היטב לפסול שבמעשיו, למשמעותם ולנזקים שייגרמו לנפגעת העבירה עקב מעשיו, שהרי לא בכדי דרש מ-א.א. שלא תספר לאיש על מעשיו.",train
מדוע עבירות כניסה או התפרצות לבית מגורים נחשבות לחמורות ומסוכנות?,עבירות של כניסה או התפרצות לבית מגורים בכוונה לבצע גניבה או פשע טומנות בחובן חומרה ומסוכנות משמעותיות.,train
מהי החשיבות של החמרה בענישה בעבירות המבוצעות בד' אמות המשפחה?,"בתי המשפט על ערכותיהם קבעו שיש לשוות חומרה יתרה לעבירות המבוצעות בד' האמות המשפחה ונקבע כי כל עבירת אלימות במשפחה, ובכללה אלימות מילולית, צריכה לקבל מענה מוחשי.",train
אילו ערכים חברתיים נפגעים בביצוע עבירת איומים כלפי הקרבן?,"בביצוע עבירת איומים נפגעים, כאמור לעיל, ערכים חברתיים של שלוות נפשו של הקרבן, חופש הפעולה והבחירה שלו.",train
מהו מתחם העונש ההולם שנקבע בהתחשב בערכים החברתיים שנפגעו ובנסיבות ביצוע העבירות?,"מכל המקובץ, בהתחשב בערכים החברתיים שנפגעו ובמידת הפגיעה בהם, במדיניות הענישה הנוהגת, בנסיבות הקשורות בביצוע העבירות בהן הורשע, היחס ההולם בין חומרת מעשה העבירות בנסיבותיהן ומידת אשמו של הנאשם ובין סוג ומידת העונש שיש להטיל עליו, סבורני כי מתחם העונש ההולם הינו בין 12 ל-36 חודשי מאסר בפועל, לצד מאסרים מותנים וענישה כלכלית.",train
מהו היחס בין העונש המזערי לבין מתחם העונש ההולם לפי תיקון 113 לחוק העונשין?,"תיקון 113 לחוק העונשין לא הגדיר את היחס בין העונש המזערי הקבוע בעבירות מסוימות לבין מתחם העונש ההולם, בדגש על הרף התחתון שלו, אשר בכללותו נדרש לשקף לצד חומרת העבירה את הערכים החברתיים שנפגעו ומידת הפגיעה בהם, את הנסיבות הקשורות בביצוע העבירות, מידת אשמו של הנאשם ואת מדיניות הענישה הנהוגה בנסיבות דומות.",train
כיצד בית המשפט מתכוון להגן על שוטרים הממלאים תפקידם כדין?,"מחובת בית המשפט ליצוק תוכן לענישה זו כמצוות המחוקק, ולהגן על שוטרים הממלאים תפקידם כדין, בין היתר, באמצעות ענישה ממשית.",train
"כיצד השפיעו שיקולי הגמול, השיקום וההרתעה על קביעת העונש המתאים לנאשם?","בהביאי בכלל חשבון את שיקולי הגמול, השיקום וההרתעה, ביחס לנאשם בנסיבותיו - הסלידה שחשה החברה נוכח מעשיו והוקעתם הנדרשת, הצורך בהרתעתו, הרתעת הרבים ושיקומו של הנאשם, הרי שבגדר תפירת חליפתו העונשית, סבורני כי העונש המתאים לנאשם ימצא ביטוי בביצוע עונש מאסר בעבודות שירות לתקופה קצרה, לצד רכיבי שיקום, הרתעה ופיצוי מידתי לנפגעי העבירה.",train
מהו המצב המשפטי בנוגע לבחינת טיב הראיות כאשר קיימים קשיים ראייתיים?,אין בית המשפט מנוע מלבחון את טיב הראיות גם במקום שהמאשימה הציגה קשיים ראייתיים.,train
מהן הנסיבות והגורמים שהובילו להטלת מאסר בפועל על הנאשם?,"חומרת ונסיבות ביצוע העבירות, טיב התקיפה, תוכן דברי האיום שהופנו כלפי המתלונן בנוכחות אחרים, עברו הפלילי של הנאשם והעובדה כי ביצע את העבירה כאשר לחובתו מאסר מותנה ולאור התרשמות שירות המבחן כי לנאשם גורמי סיכון לא מבוטלים להישנות ביצוע עבירות, מחייבים הטלת מאסר בפועל על הנאשם, ולו בדרך של עבודות שירות, כדי להמחיש עבורו ואחרים כמותו את החומרה שבמעשיו.",train
כיצד משפיעה החומרה של העבירות על היכולת להימנע מהרשעה?,"הימנעות מן הרשעה הופכת לקשה יותר ככל שהעבירות בהן עסקינן חמורות יותר (ר' בר\ע 432/85 רומנו נ' מדינת ישראל תק-על 85 (3) 737).""",train
כיצד משפיע הליך שיקומו של הנאשם על קביעת העונש במתחם הענישה?,"הליך שיקומו של הנאשם יובא בכלל חשבון בקביעת העונש המתאים לו במתחם הענישה; מנגד, לא שוכנעתי כי יש הצדקה לחציית רף מתחם הענישה לחומרה משיקולי הגנה על שלום הציבור.",train
אילו שיקולים לקולא נלקחו בחשבון בנוגע להרשעתו הראשונה של הנאשם?,שיקולים לקולא - לזכות הנאשם הבאתי בחשבון כי זו לו הרשעתו הראשונה בחייו ומאז האירוע לא נפתחו נגדו תיקים נוספים.,train
מהן הנסיבות האישיות שיש לקחת בחשבון בגזירת העונש לנאשם?,"בגזירת העונש המתאים לנאשם וכמצוות סעיף 40יא לחוק העונשין, יש מקום להתחשב בנסיבותיו האישיות, אשר אינן קשורות בביצוע העבירות, כגון: גיל, עבר פלילי, נטילת האחריות, פגיעת העונש במשפחתו, נסיבות חיים קשות שהייתה להן השפעה על ביצוע העבירה, שיתוף הפעולה עם רשויות החוק ועוד.",train
"מהי חומרת עבירות הסמים והשפעתן על המשתמשים, כפי שנאמר בע\פ 3117/12?""","יפים לעניין זה דברי כב' השופט א' שהם בע\פ 3117/12 ארביב נ' מדינת ישראל (ניתן ביום 6.9.2012): \""בית משפט זה עמד, לא אחת, על חומרתן היתירה של עבירות הסמים, ועל ההשלכות הקשות שיש לשימוש בסם על גופו ועל נפשו של המשתמש (ראו, למשל, ע\""פ 6029/03 מדינת ישראל נ' שמאי, פ\""ד נח(2) 734 (2004)). לפיכך, אמורה הענישה \\""לשקף את הצורך הדוחק להביא להדברת הנגע\\"" (שם, בעמ' 740).""",train
מהו השיקול לקולא שניתן לנאשם בעקבות הודאתו בכתב האישום?,"שיקולים לקולא: הנאשם הודה בכתב האישום שתוקן לקולא, קיבל אחריות למעשיו וחסך בזמן שיפוטי.",train
מדוע יש להטיל ענישה מחמירה גם על מי שאין לו עבר פלילי בעבירות אלימות?,"אין תמה על כך שעבירות אלימות באמצעות נשק קר או חם הוגדרו בפסיקה כעבירות חמורות ביותר, ובתי המשפט ביטאו לא אחת את העמדה לפיה גם מי שאין לו עבר פלילי, וזו לו העבירה הראשונה, ראוי לענישה מחמירה ומרתיעה אם ביצע עבירת נשק כלשהי.",train
מהו השיקול שיש להתחשב בו בגזירת העונש לנאשם בהתאם לסעיף 40יא לחוק העונשין?,"בגזירת העונש המתאים לנאשם שמלפניי וכמצוות סעיף 40יא לחוק העונשין, יש מקום להתחשב בנסיבותיו האישיות, אשר אינן קשורות בביצוע העבירות.",train
מה היתרון בשיקום הנאשם על החברה במקרה זה?,אם יתמיד הנאשם לשקם עצמו ייתרם מכך לא רק הוא עצמו אלא גם החברה תצא נשכרת.,train
כיצד הושפעה חירות המוכר לבחור את קניינו במצב של טעות?,"המוכר עשה פעולה של העברת רכוש, במצב בו חופש השיקול וההכרעה שלו הוגבלו בצורה ניכרת בהיותו תחת השפעה של טעות, ובכך נפגעה חירותו לבחור באופן חופשי ושקול האם ולמי למכור את קניינו.",train
מהן הנסיבות שצריך בית המשפט לשקול בעת הערכת חומרת העבירה?,"כידוע, מתפקידו של בית המשפט להעריך ולשקול נסיבות רבות ומגוונות, כגון חומרת העבירה ונפיצותה בציבור, הגנה על שלום הציבור ובטחונו, הרתעת העבריין ועבריינים בכוח, וכיוצא באלה.",train
מהו הצורך המשפטי שהוזכר במטרה למגר עבירות רכוש עם פוטנציאל לפגיעה בנפש?,"בבסיס השיקולים לחומרה עומדת המדיניות המשפטית עליה עמדתי לעיל והצורך של מערכת המשפט לתרום חלקה למיגור עבירות הרכוש, בייחוד אלה בהן טמון פוטנציאל לפגיעה בנפש, כדי להרתיע את הנאשם העומד לדין ועבריינים כמותו, מלשוב ולבצע עבירות דומות בעתיד.",train
מהו היחס הנדרש בין חומרת העבירות ומידת אשמו של הנאשם לבין סוג העונש המוטל עליו?,"בהתאם לתיקון 113 לחוק העונשין, נדרש יחס הולם בין חומרת מעשה העבירות בנסיבות ביצוען ומידת אשמו של הנאשם לבין סוג ומידת העונש המוטל עליו.",train
מדוע יש לתת משקל לצורך בהרתעת הציבור במקרה זה?,"בד בבד, יש לתן משקל לצורך בהרתעת הרבים בגדרו של המתחם.",train
מדוע יש לשוות חומרה יתרה לעבירות המבוצעות נגד בעלי תפקיד ציבורי?,"יש לשוות חומרה יתרה לעבירות המבוצעות נגד בעלי תפקיד ציבורי, כגון כוחות הביטחון ושוטרים הפועלים לעתים מזומנות תוך חירוף נפש לשמירה על השקט והביטחון לאזרחי המדינה.",train
מדוע יש חשיבות בנקיטת יד קשה כלפי עברייני מין במשפחה?,"בית המשפט העליון עמד לא אחת על החשיבות שבנקיטת יד קשה כלפי עבריינים שביצעו עבירות מין במשפחה, וזאת \הן לשם הרתעתם האישית והן להרתעת הרבים, ובעיקר על מנת לשקף את מידת הפגיעה החמורה בקורבנות ובזכות היסוד של כבוד האדם, וכן במטרה להביע את הסלידה ושאט הנפש של החברה מביצוע עבירות אלו. הדבר נכון ביתר שאת, כאשר מדובר בקורבנות קטינים\"".""",train
כיצד השפיע התסקיר החיובי על ההחלטה בעניינו של הנאשם?,"עוד הבאתי בכלל חשבון את התסקיר החיובי שהוגש בעניינו של הנאשם והתרשמות שירות המבחן כי הנאשם מנהל אורח חיים נורמטיבי, מודע לתגובותיו האימפולסיביות במצבי לחץ ומשבר והביע רצון להשתלב בהליך טיפולי במסגרת השירות לקבלת כלים להתמודדות במצבים אלה.",train
מהם הערכים החברתיים המוגנים שנפגעו בביצוע העבירות של הנאשם?,"הערכים החברתיים המוגנים ומידת הפגיעה בהם: בביצוע העבירות של תקיפה הגורמת חבלה של ממש כלפי בת זוג ואיומים, פגע הנאשם בהגנה על התא המשפחתי מפני אלימות, שלמות גופה של המותקפת, זכותה לאוטונומיה על גופה, שלוות נפשה ובטחונה האישי בעיקר בד' אמות התא המשפחתי.",train
מדוע ייבוא סמים מסוכנים פוגע בערכים חברתיים של שלום הציבור?,"עבירה זו, של ייבוא ארצה של סמים מסוכנים, אף אם לא נעשתה לצורכי רווח כספי, פוגעת בערכים חברתיים של הגנה על שלום הציבור, ביטחונו ובריאותו מפני הפגיעה ההרסנית הכרוכה בשימוש באותם הסמים.",train
כיצד נלקח בחשבון חלקו של הנאשם בביצוע העבירות לפי סעיף 40ט לחוק העונשין?,"בבחינת הנסיבות הקשורות בביצוע העבירות (סעיף 40ט לחוק העונשין), מצאתי להביא בכלל חשבון, את חלקו העיקרי והבלעדי של הנאשם במהלך הפעילות העבריינית המתוכננת היטב.",train
מדוע יש לקבוע מתחם ענישה נפרד עבור כל אחד מהאירועים שבהם הורשע הנאשם?,"כל אחד מהאירועים מצדיק התייחסות עונשית נפרדת, כמצוות סעיף 40יג(ב) לחוק העונשין ויש לקבוע מתחם ענישה הולם לגבי כל אחד מהאישומים בהם הורשע הנאשם.",train
מהי המסקנה שהגעת אליה בנוגע לאיזון השיקולים בענישת הנאשם?,"בנסיבות הנאשם שלפניי, באתי למסקנה כי איזון כלל השיקולים מחייב ענישה שיהא בה שילוב של רכיב גמול לנאשם, שישקף את הסלידה שחשה החברה נוכח מעשיו ואת הוקעתם הנדרשת, לצד רכיבי שיקום על מנת לסייע לנאשם להשתקם ולשמר אורח חיים נורמטיבי כדי שהנאשם והציבור כולו ייצאו נשכרים.",train
מהו הסעיף המאפשר לבית המשפט לחרוג ממתחם העונש ההולם על בסיס שיקולי שיקום?,"בהתאם לסעיף 40ד לחוק העונשין, רשאי בית המשפט לחרוג ממתחם העונש ההולם שנקבע ולגזור את עונשו של נאשם בהתאם לשיקולי שיקומו, אם מצא כי \הנאשם השתקם או כי יש סיכוי של ממש שישתקם\"".""",train
מהם הערכים החברתיים שנפגעו בעקבות העבירות לפי חוק איסור הלבנת הון?,"הערכים החברתיים שנפגעו הם הצורך בקיומו של הדיווח הנדרש בחוק איסור הלבנת הון, אמיתות הדיווח, שמירה על יציבותה ואמינותה של המערכת הפיננסית וגדיעת שרשרת העבריינות באמצעות פגיעה ביכולתו של העבריין לעשות שימוש חוזר ברווחים הכלכליים שנוצרו לו מן העבירות הפליליות, באופן שבו יוותר העבריין ללא מקורות מימון להמשך פעילותו העבריינית.",train
מהי הסיבה לחומרת העבירות שביצע הנאשם במקרה זה?,"ניכר אם כן כי חומרת מעשי העבירות שביצע הנאשם, כך גם אשמו, רבה היא בנסיבות הנידון דידן, נוכח הנחישות והתעוזה הרבה שגילה הנאשם בביצוע העבירות תוך סיכון חייו וחיי הזולת.",train
מהו הערך המוגן כאשר העבירות מבוצעות כלפי קטין?,"כאשר העבירות מבוצעות כלפי קטין נפגע הערך של הגנה על קטינים מפני ניצולם לרעה בשל גילם, יחסי התלות והקרבה והאמון שנותן הקטין באדם קרוב או בבן המשפחה הפוגע וכן הערך של ההגנה על התפתחותו הנפשית התקינה ומניעת פגיעה בשגרת חייו, בביטחונו האישי ובמרקם המשפחתי.",train
מהי חומרת העבירות והשפעתה על שיקולי הענישה?,בבסיס השיקולים לחומרה עומדת חומרת העבירות שביצע הנאשם והמדיניות המשפטית בענישה בעבירות אלה.,train
מהי הסיבה לכך שמצבו הרפואי של הנאשם לא מנע הטלת עונש מאסר בפועל?,אין במצבו הרפואי של הנאשם כדי להצדיק הימנעות מהטלת עונש מאסר בפועל שעה שחומרת העבירה שבוצעה דורשת ענישה הכוללת הרחקה מהחברה.,train
מהו הסיכון הציבורי שנגרם מהטמנת הסמים במקום מחבוא סמוך לבלוני גז?,"הנאשם הטמין את הסמים במקום מחבוא, בחצר בניין מגורים, סמוך לבלוני הגז, ובדרך זו גרם לסיכון של ממש בקרב הציבור, וניתן אך לשער את הנזק הרב שהיה עלול להיגרם, ככל שכמות כזו של סם קטלני הייתה מתגלית על ידי אחרים, לרבות ילדים קטנים שמסתובבים באזור.",train
כיצד משפיעות הנסיבות האישיות של הנאשם על גזירת העונש המתאים לו?,"בגזירת העונש המתאים לנאשם, בהתאם לסעיף 40יא לחוק העונשין, אביא בכלל חשבון את נסיבותיו האישיות, שאינן קשורות בביצוע העבירות.",train
מהו מתחם העונש ההולם שנקבע בגין כל אחד משלושת האירועים נשוא כתב האישום?,"בהתחשב בכל הנאמר עד כה, ובשים לב לעקרון ההלימה, אני סבור כי מתחם העונש ההולם בגין כל אחד משלושת האירועים נשוא כתב האישום נע בין 4 חודשי מאסר שיכול וירוצו בעבודות שירות ועד ל-18 חודשי מאסר בפועל, מאסר מותנה למשך מספר חודשים, מאסר מותנה וענישה כספית.",train
כיצד יש להתייחס לכל אחד מהאישומים בכתב האישום לפי סעיף 40יג(ב) לחוק העונשין?,"מכאן, יש לראות כל אחד מהאישומים המפורטים בכתב האישום כאירוע נפרד, המצדיק התייחסות עונשית נפרדת, כמצוות סעיף 40יג(ב) לחוק העונשין ועל כן אקבע מתחם עונש הולם לגבי כל אחד מהאישומים, בהתאם לעבירות הכלולות בו, בנסיבות ביצוען ומידת אשמו של הנאשם.",train
מהי המשמעות של נכונות הנאשם להשתלב במסגרת טיפולית ביחס לחומרת העבירות שביצע?,נכונותו של הנאשם להשתלב במסגרת טיפולית מצביעה על כך שהוא הפנים את חומרת העבירות שביצע וכי מדובר בפועל יוצא מקשייו להתמודדות במצבי לחץ.,train
מהו השיקול המרכזי שצריך להילקח בחשבון בענישה בעבירות שנעשו למטרות רווח כספי?,"בעבירות המבוצעות עבור בצע כסף, ראוי לכלול בין רכיבי הענישה גם רכיב כלכלי כדי להמחיש לנאשם ולאחרים כי תחולת הרווח מביצוע עבירה דומה תהיה נמוכה מתוחלת הקנס הצפוי להם אם יתפסו ויורשעו.",train
מהו הצורך שהודגש בפסיקה בנוגע למאבק באלימות בחברה הישראלית?,רבות דובר בפסיקה בדבר הצורך להילחם בנגע האלימות שפשה בחברה הישראלית ולעוקרו מן השורש באמצעות ענישה הולמת ומרתיעה.,train
מדוע נחשבת עבירה של ירי בנשק חם בסביבת מגורים לחמורה יותר?,על כן מעבירה של ירי בנשק חם בסביבת מגורים נשקפת חומרה יתרה.,train
אילו שיקולים יש להביא בחשבון בעת יישום עקרון ההלימה?,"על מנת ליישמו אביא בחשבון את הערכים החברתיים שנפגעו ומידת הפגיעה בהם; נסיבות הקשורות בביצוע העבירה, מידת אשמם של הנאשמים ובמדיניות הענישה הנהוגה.",train
מדוע לא נפגעה יכולתו של הנאשם להבין את הפסול שבמעשיו?,"עם זאת, לא נפגעה יכולתו של הנאשם להבין את הפסול שבמעשיו, הוא יכל להימנע מלקחת חלק בתגרה ואף לפעול לשם הרחקת חבריו על מנת למנוע מהם לבצע את מעשי האלימות והרכוש.",train
כיצד פגע הנאשם בתחושת הביטחון של דיירי הבית ובשלוות נפשם ורכושם?,"בדרך זו פגע הנאשם ביתר שאת בכל אותם ערכים מוגנים הנזכרים לעיל, ובעיקר פגע בתחושת הביטחון של דיירי הבית בתוך ביתם, שלוות נפשם ורכושם.",train
מדוע נחשבת מידת הפגיעה של הנאשם בערך החברתי של המוגנות גבוהה במקרה זה?,"אין צריך להרחיב באשר למוגנות הנדרשת לכל אדם מפני מעשי אלימות ולנוכח החבלות שנגרמו למתלונן, שנזקק לטיפול רפואי בבית החולים, הרי שמידת הפגיעה של הנאשם בערך חברתי זה גבוהה.",train
מדוע תקיפה אלימה באמצעות חפץ חד עלולה להסתיים בקיפוח חיי אדם?,"תקיפה אלימה באמצעות חפץ חד, עלולה להסתיים בתוצאה חמורה של קיפוח חיי אדם, כך שהנזק הפוטנציאלי הטמון במעשי הנאשם הנו רב ומשמעותי.",train
מהו הנזק שהיה צפוי להיגרם לולא גבריאלה וג'פרי מיהרו לסגת?,"הנזק שהיה צפוי להיגרם מביצוע העבירה, עשוי היה להיות חמור מזה שגרם, לולא גבריאלה וג'פרי מיהרו לסגת לאחור.",train
כיצד השתנה יחסו של הנאשם לאחר ההליך המשפטי והטיפולי?,"כנזכר, בתחילה התקשה הנאשם ליטול אחריות על מעשיו, אך לפי התרשמות שירות המבחן, כמו גם בדבריו לבית המשפט, עולה כי בעקבות ההליך המשפטי והטיפולי, גילה הנאשם אחריות למעשיו וערך ביקורת פנימית על התנהלותו.",train
מהי הסיבה לכך שהנאשמת לא קיבלה סיוע לשינוי התנהגותה על ידי שירות המבחן?,"הנאשמת לא הביעה מוטיבציה לשינוי באורח חייה, למרות הצעת שירות המבחן לסייע לה לבחון קשיים בהתנהגותה ולקבל כלים להתמודדות במצבים דומים, ומכאן קם הצורך בענישה מוחשית שיהא בה כדי להרתיעה מלבצע עבירות דומות בעתיד.",train
מהו השיקול המרכזי שעל בית המשפט לבחון לעניין חריגה ממתחם הענישה?,"כאמור, על בית המשפט לבחון האם ראוי לחרוג מן המתחם בשל שיקולי שיקום המהווים שיקול לקולא (סע' 40ד לחוק העונשין); או מאידך, לחרוג מן המתחם בשל הצורך להגנה על שלום הציבור, המהווה שיקול לחומרה (סע' 40ה לחוק העונשין).",train
אילו שיקולים יש לכלול בעונש שנגזר על הנאשמות?,"לעונש יש לכלול שיקולים אישיים, לצד שיקולי הגנה, הרתעה וגמול.",train
מהו הצורך המובהק שנדון בפסיקה בנוגע לעונש על אלימות?,רבות דובר בפסיקה בדבר הצורך להילחם בנגע האלימות שפשה בחברה הישראלית ולעוקרו מן השורש באמצעות ענישה הולמת ומרתיעה.,train
מדוע קיימת חשיבות להרתעת הציבור בעבירות שביצע הנאשם?,בעבירות שביצע הנאשם קיימת חשיבות מיוחדת להרתעת הרבים שכן חובתו של בית המשפט לשגר מסר חד וצלול באמצעות ענישה מרתיעה כי ביצוע העבירות שבוצעו אינו משתלם.,train
מדוע יש צורך להילחם בקטל בדרכים לפי פסיקות קודמות?,"רבות דובר בפסיקה בצורך להילחם בקטל בדרכים ובית המשפט מצווה להרים את תרומתו למאמץ הלאומי באמצעות ענישה הולמת ומרתיעה, כמו גם החובה לכבד את החוק ואלה הממונים על אכיפת שלטון החוק ושמירה על הסדר הציבורי.",train
מהו השיקול המרכזי שהובא לזכות הנאשם בגזר הדין?,"שיקולים לקולא: לזכות הנאשם הבאתי בחשבון את גילו והיותו \בגיר צעיר\"" (יליד שנת 1995), מצבו המשפחתי והאישי כמי שגדל בבית ללא דמות הורית סמכותית כאשר אביו עזב את הארץ בהיותו עוד רך בימים ואימו מיעטה לשהות בביתה על רקע שעות עבודתה מרובות, ושילובו בפנימייה בגיל צעיר.""",train
מה החשש הנובע מהחזקת סם בכמות גדולה בידי אדם שאינו צורך סמים?,"החזקת סם בכמות כה גדולה, במיוחד בידי מי שנטען לגביו כי אינו צורך סמים, מעלה את החשש שהסם יועד להפצה בקרב צרכני סמים ועל היות המחזיק חוליה בשרשרת הפצת הסם.",train
מה השיקולים המנחים את בית המשפט בקביעת העונש המתאים בתוך גדרי מתחם הענישה?,"בסופו של יום, סבורני כי השיקולים השונים, ינחוני בקביעת העונש המתאים בתוך גדרי מתחם הענישה ההולם לצד שיקולי הרתעת הנאשם והרתעת הרבים מפני ביצוע עבירות נוספות (ר' סעיף 40ו לחוק העונשין).",train
כיצד ניתן לפרש את המונח 'אירוע אחד' בהקשר של פעולות עברייניות שונות?,"השקפתו: \התיבה 'אירוע אחד' רחבה דיה כדי לכלול גם פעולות עברייניות שבוצעו על פני רצף זמן; כללו מעשים שונים; ביחס לקורבנות שונים; ובמקומות שונים. הכל – כל עוד הם מהווים מסכת עבריינית אחת\"", וזאת תוך שעמד על תכליתו הפונקציונאלית של סעיף 40יג לחוק העונשין לאפשר לערכאה הגוזרת את הדין להשוות את המקרה הנדון לפניה למקרים שנסיבותיהן דומות.""",train
כיצד יש לבחון את השיקולים לחריגה ממתחם העונש לפי חוק העונשין?,"כאמור, על בית המשפט לבחון האם ראוי לחרוג מן המתחם בשל שיקולי שיקום המהווים שיקול לקולא (סעיף 40ד לחוק העונשין); או מאידך, לחרוג מן המתחם בשל הצורך להגנה על שלום הציבור, המהווה שיקול לחומרה (סעיף 40ה לחוק העונשין).",train
מהו הצורך שהנחה את קביעת העונש המינימום בפקודת התעבורה?,"קביעת העונש המינימום בפקודה נעשתה על רקע הצורך להרתיע נהגים המסכנים חיי אדם בכבישי הארץ, ועל בתי המשפט להרים תרומתם למניעת התופעה\.""",train
מדוע יש להשית ענישה מחמירה כאשר מתלוננים על עבירות סחיטה באיומים?,"כאשר זה אוזר אומץ, כפי שקרה כאן, ובוחר להתלונן, חייב בית המשפט להשית ענישה מחמירה אשר תוציא מסר ברור הן למתלוננים, אשר תחוזקנה ידיהם לבוא ולהתלונן, והן לכלל הציבור כי בעבירות שכאלה יושתו עונשים כבדים כדי להפגין ולקדם את שאט הנפש אותה מגלה חברה מתוקנת כלפי עבירה זו'.",train
מהו המסר שענישה של מאסר בפועל נועדה להעביר לנאשם ולציבור?,"לשיטתי, ענישה בדרך של מאסר בפועל מאחורי סורג ובריח, לצד ענישה מרתיעה, תציב עבור הנאשם גבולות ברורים ותעביר את המסר הנדרש למי שבמשך שנים רבות חמק מריצוי העונש שהוטל עליו.",train
מדוע לא נמצאה הצדקה לחרוג ממתחמי הענישה במקרה של הנאשם?,"לא מצאתי הצדקה לחרוג ממתחמי הענישה, בשל שיקולי שיקום, בהעדר אפיק שיקומי בעניינו של הנאשם.",train
מהו הקריטריון להעדפת הליך שיקומי על פני מאסר כליאתי במקרה זה?,"כאשר שיקולי ההלימה ואיון המסוכנות אינם מחייבים מאסר ומצויים תנאים לשילוב הנאשם במסגרת שיקומית מחוץ לכלא, יש להעדיף את ההליך השיקומי על פני מאסר כליאתי.",train
מהי התרשמות שירות המבחן לגבי רמת הסיכון של הנאשם לחזור על העבירה?,"עוד הבאתי בכלל חשבון את התסקיר החיובי שהוגש בעניינו של הנאשם והתרשמות שירות המבחן כי הנאשם מנהל אורח חיים נורמטיבי, ללא דפוסים עבריינים מושרשים והערכתו כי רמת הסיכון שהנאשם ישוב לבצע עבירות דומות הינה נמוכה וברמת חומרה נמוכה.",train
מהו תפקיד בתי המשפט בקביעת ענישה לפגיעות בפעוטות רכים?,בתי המשפט מחויבים למלא את חלקם בקביעת ענישה שתמחיש כי פגיעה בפעוטות רכים בעונשין חמורה ומחמירה.,train
מדוע אין לזקוף לזכות הנאשמים את העובדה שהסמים לא הופצו?,"אין לזקוף לזכות הנאשמים את העובדה כי הסמים לא הופצו והנזק שהיה עלול להיגרם לציבור נמנע, מקום בו מניעת הנזק עומדת לזכות המשטרה.",train
כיצד מתחשבת מדיניות הענישה בעבירות סמים בצורך במאבק בנגע הסמים?,מדיניות הענישה הנהוגה בעבירה שבוצעה מתחשבת בצורך במאבק בנגע הסמים מעלה כי במקרים דומים הוטלו על נאשמים עונשים מרתיעים.,train
מהן הזכויות החברתיות שנפגעות בעבירת התקיפה הגורמת חבלה של ממש?,"הערכים החברתיים אשר נפגעו מביצוע עבירת התקיפה הגורמת חבלה של ממש, אשר העונש המקסימאלי שנקבע לצידה הינו 3 שנות מאסר, הינם זכותו של כל אדם לשלמות גופו, הגנה מפני אלימות פיזית וזכותו החוקתית של כל אדם לשמירה על בטחונו האישי, שלמות גופו וכבודו.",train
כיצד משפיעה החזקת אקדח 'דמה' על חומרת עבירת השוד?,"חומרת עבירת השוד עומדת אף כאשר בידי השודד אקדח 'דמה' בלבד, בשל החשש להסלמה מהירה ומאימה בקרב הקרבנות.",train
מהו השינוי שהביא תיקון מס' 113 לחוק העונשין בנוגע לשיטת הענישה?,"בדרך זו חידד תיקון מס' 113 לחוק העונשין את הצורך בהמשך נקיטת שיטת ענישה אינדיווידואלית, הבוחנת נסיבותיו של כל מקרה ואדם המובא לדין.",train
אילו ערכים חברתיים נפגעים בעבירות סמים כגון ייבוא ושימוש בסמים מסוכנים?,"הערכים החברתיים שנפגעו: עבירות סמים, ובכללן ייבוא ושימוש בסמים מסוכנים, פוגעות בערכים החברתיים של הגנה על שלום הציבור, ביטחונו ובריאותו מפני הפגיעה ההרסנית הכרוכה בשימוש באותם סמים.",train
מהו העונש שהטיל בית המשפט העליון על הנאשם בהתחשב בטיב העבירות שביצע?,"בית המשפט העליון העמיד את עונשו של הנאשם על 11 שנות מאסר בפועל לצד יתר מרכיבי הענישה, תוך שקבע כי עונש זה אינו ממצה את ההחמרה בענישה בהתחשב בטיב העבירות, נסיבות ביצוען, חומרתן, תדירותן והמצוקה אליה קלע הנאשם את נפגעת העבירה.",train
מהו הרובד הנוסף של האוטונומיה המוגן בסעיף 4 לחוק יסוד: כבוד האדם וחירותו?,"מעבר לאפשרות הבחירה, האוטונומיה כוללת גם רובד נוסף הנוגע לזכותו של אדם כי יעזבוהו לנפשו; אלימות מֵפרה באופן הבוטה ביותר את זכותו זו  של האדם והיא שוללת ממנו את הזכות הראשונית לשלמות נפשית וגופנית המוגנת בסעיף 4 לחוק יסוד: כבוד האדם וחירותו (\כל אדם זכאי להגנה על חייו, על גופו, ועל כבודו\"").""",train
באילו מקרים ניתן לחרוג לחומרה בעונשו של המסייע לעומת המבצע העיקרי?,"כמו כן, במקרים מסוימים, נקבע כי בגזירת עונשו של המסייע ניתן לחרוג לחומרה ממחצית העונש שנגזר על המבצע העיקרי, וזאת כאשר תרומת המסייע לביצועה של העבירה בעלת משקל משמעותי.",train
אילו נסיבות נלקחו בחשבון בבחינת ביצוע העבירות לפי סעיף 40ט לחוק העונשין?,"בבחינת הנסיבות הקשורות בביצוע העבירות (סעיף 40ט לחוק העונשין), נתתי דעתי לאורכה של התקופה במהלכה בוצעו מעשי העבירות ולהיקף האנשים שהונו על ידי הנאשם, לרבות ניסיונו להתחזות בפני שוטרים שהגיעו למקום עבודתו.",train
מהו השיקול שהוביל למסקנה כי אין צורך בחציית רף מתחם הענישה לחומרה?,"מנגד, לא מצאתי כי הסיכוי שהנאשם ישוב לבצע עבירות דומות מצדיק חציית רף מתחם הענישה לחומרה משיקולי הגנה על שלום הציבור.",train
אילו היבטים נוגעים לפגיעה שנגרמה לשוטרים בעקבות תקיפתם והעלבתם?,"לפגיעה האמורה, היבטים הן כאלו הקשורים באיש החוק עצמו אשר נפגע כתוצאה מתקיפתו והעלבתו והן בהיבטים הקשורים באופן מובהק במוסכמות הבסיסיות של היותנו חברה דמוקרטית המכבדת את שלטון החוק וזכויות הזולת, במערכת אכיפת החוק ובצורך להגן על אנשי חוק, המבצעים עבודתם נאמנה, לעיתים בתנאים קשים ומורכבים תוך סיכון שלומם וביטחונם האישי, כשלוחי החברה ושלטון החוק.",train
מהו השיקול שהשפיע על בחינת הנסיבות הקשורות בביצוע העבירות במקרה זה?,"בבחינת הנסיבות הקשורות בביצוע העבירות (סעיף 40ט לחוק העונשין), מצאתי להביא בכלל חשבון, את חלקו היחסי של הנאשם במהלך הדברים למול חלקו של המתלונן.",train
מדוע אין מקום להימנע מהטלת עונש מאסר בפועל במקרה זה?,"לאור חומרת העבירה, אין מקום להימנע מהטלת עונש של מאסר בפועל, הגם שמדובר בנאשם שאין ברקעו עבר רלוונטי.",train
אילו נסיבות יש להביא בחשבון בעת בחינת ביצוע העבירה?,"בבחינת נסיבות ביצוע העבירה, מצאתי להביא בכלל חשבון את הרקע לביצוע העבירה, אופן ביצוע העבירה והתנהלות הנאשם לאחריה, שיש בכל אלה כדי ללמוד על כלל נסיבות התנהלות הנאשם, בעת שתקף את המנוחה.",train
אילו היבטים קשורים לפגיעה במוסכמות הבסיסיות של חברה דמוקרטית בהפרעה לשוטר?,"לפגיעה האמורה, היבטים הקשורים באופן מובהק במוסכמות הבסיסיות של היותנו חברה דמוקרטית המכבדת את שלטון החוק וזכויות הזולת, במערכת אכיפת החוק ובצורך להגן על אנשי חוק המבצעים מלאכתם, לעיתים בתנאים קשים ומורכבים, תוך סיכון שלומם וביטחונם האישי, כשלוחי החברה ושלטון החוק ולא בכדי נקבע עונש מינימאלי לעבירות הפרעה לשוטר בשעת מילוי תפקידו.",train
כיצד מציירים חומרת האיום ונסיבות ביצועו תמונת מסוכנות עבור הנאשם?,"חומרת האיום ונסיבות ביצועו בשילוב עברו של הנאשם מציירים תמונת מסוכנות ומביאים למסקנה ברורה כי לא די בתמרורי האזהרה - בדמות מאסרים מותנים וענישה כלכלית, אלא יש צורך בענישה מוחשית בדרך של מאסר לריצוי בעבודות שירות על מנת להמחיש עבור הנאשם את החומרה שבמעשיו החוזרים ונשנים.",train
אילו נסיבות אישיות של הנאשמים יש להביא בחשבון בעת קביעת הענישה?,"יש להביא בחשבון נסיבות הנאשמים האישיות שאינן קשורות בביצוע העבירות, לרבות חוות דעת נציג שירות המבחן, עבר פלילי, נסיבות משפחתיות וכן התנהלות בבית המשפט.",train
מהי החשיבות של נסיבותיו האישיות של הנאשם בגזירת העונש?,"בגזירת העונש המתאים לנאשם, בהתאם להוראות סעיף 40יא לחוק העונשין, יש מקום להתחשב בנסיבותיו האישיות של הנאשם, אשר אינן קשורות בביצוע העבירה.",train
מדוע יש לשוות חומרה יתרה לעבירות המבוצעות בחוג המשפחה?,"בתי המשפט קבעו, לא אחת, כי יש לשוות חומרה יתרה לעבירות המבוצעות בחוג המשפחה.",train
מהו העונש המרבי לעבירת השכרות וכיצד הוא משפיע על מתחם הענישה?,"יש לציין כי העונש המרבי לעבירת השכרות עומד על 3 חודשי מאסר, כך שמלכתחילה מוטת כנפיי מתחם הענישה בעבירה זו הינו צר, באופן יחסי, מכוח הוראות החוק.",train
מהי הסיבה להימנע מענישה כלכלית כלפי הנאשם במקרה זה?,"נוכח נסיבותיו האישיות של הנאשם ולאור העובדה שאף הוא נפצע באירוע הנדון, אמנע מענישה כלכלית ואסתפק בהתחייבות, בשל הנטען ביחס למצבו הכלכלי, הגם שהיה ראוי להציג ראיות בעניין.",train
מדוע יש לנקוט ביד קשה בעבירות סמים כדי להרתיע עבריינים פוטנציאליים?,"כאשר בעבירות סמים עסקינן, על בית המשפט לנקוט ביד קשה כדי להרתיע עבריינים פוטנציאליים מפני ביצוען.",train
מהן השיקולים שיש להביא בחשבון ליישום מתחם העונש?,"על מנת ליישמו אביא בחשבון את הערכים החברתיים שנפגעו ומידת הפגיעה בהם; נסיבות הקשורות בביצוע העבירות, מידת אשמו של כל נאשם ואת מדיניות הענישה הנהוגה.",train
על מה מתבסס מתחם הענישה ההולם שנקבע לעבירות שביצע הנאשם?,"על כן, אקבע מתחם ענישה הולם למעשה העבירות שביצע הנאשם, על בסיס שיקולים נורמטיביים ואובייקטיבים, בהתחשב בערכים החברתיים שנפגעו, מידת הפגיעה בהם, במדיניות הענישה ובנסיבות הקשורות בביצוע העבירות.",train
מהו העיקרון שעליו מתבסס מתחם העונש ההולם לפי סעיף 40ג(א) לחוק העונשין?,מתחם העונש ההולם יקבע בהתאם לעקרון ההלימה כפי שהוגדר בסעיף 40ג(א) לחוק העונשין.,train
מהי חומרת עבירת החזקת הנשק כאשר נעשה בנשק שימוש בפועל?,"חמורה היא אם כן עבירת החזקת הנשק, וחומרה ירה נודעת לה מקום בו נעשה בנשק שימוש בפועל, כמו במקרה שלפנינו.",train
כיצד בוחן בית המשפט את האיזון בין טובת הנאשם לאינטרס הציבורי בהסדר טיעון?,"בית המשפט בוחן האם הושג איזון בין טובת ההנאה שמעניק הסדר הטיעון לנאשם, לבין התועלת שיש בהרשעת הנאשם ובעונש המוצע במסגרת ההסדר לאינטרס הציבורי, בין היתר בשים לב לחיסכון בזמן ובמשאבים השיפוטיים, להודיית הנאשם בביצוע העבירות וקבלת האחריות למעשיו, ממניעת הצורך בהעדתם של עדים שונים ונפגעי העבירה, ועוד.",train
כיצד משפיע סעיף 5 לחוק העונשין על החמרת הענישה במקרה זה?,"כפי שצוין בהכרעת הדין בעניינו של הנאשם, סעיף 5 לחוק העונשין מחיל באופן רטרואקטיבי נורמות פליליות מקלות, אלא שכאן מדובר במצב שבו לא ביטל החיקוק החדש את האיסור, אלא הקל ב\מידתו או סוגו\"" של העונש.""",train
מהי המסקנה לגבי רמת הסיכון שהוצגה בפני בית המשפט בנוגע לחריגה לחומרה?,"מנגד, לא הונחה בפניי תשתית עובדתית ממנה ניתן להסיק על רמת סיכון גבוהה בעוצמה המצדיקה חציית רף מתחם הענישה לחומרה, משיקולי הגנה על שלום הציבור.",train
מהי המסקנה לגבי תכנון מוקדם במעשי הנאשם?,"לא התרשמתי כי למעשי הנאשם קדם תכנון מוקדם, אך הוא יכל להימנע ממעשיו בכל עת ולהתרחק מהמקום, שכן לא שוכנעתי מהסבריו של הנאשם כי מגבלות פיזיות מנעו ממנו לעזוב את המקום.",train
מהו המחיר האישי והחברתי שצפוי למי שנוהג באלימות כלפי בן זוגו?,"יידע כל אדם הנוהג באלימות כלפי בת זוגו או בן משפחה שישלם מחיר אישי כבד, וחירותו תישלל ממנו לשנים ארוכות, וזאת לצד מחיר חברתי הנלווה לכך.",train
כיצד משפיעה התפרצות לבניין שאינו מקום מגורים על תחושת הביטחון של הקורבן?,"בדומה להתפרצות לדירת מגורים, גם התפרצות לבנין שאינו מקום מגורים וגניבה מתוכו פוגעת פגיעה של ממש בתחושת הביטחון של קורבן העבירה וסביבתו, גורמת לו צער ועוגמת נפש ופוגעת בפרטיותו.",train
מהו תפקיד העונש בהבעת סלידתה של החברה מעבריינות?,"כדי להילחם בכל אלה צריך העונש לבטא את סלידתה של החברה ודעתה הנחרצת שלא להשלים עם עבריינות בכלל, ומסוג זה בפרט\.""",train
מהו המתחם העונשי שנקבע כאשר נאשם הורשע במספר עבירות באירוע אחד לפי סעיף 40יג לחוק העונשין?,"סעיף 40יג(א) לחוק העונשין קובע כי משהורשע נאשם במספר עבירות המהוות אירוע אחד, יקבע בית המשפט מתחם עונש הולם כאמור בסעיף 40ג(א) לאירוע כולו ויגזור עונש כולל לכל העבירות בשל אותו אירוע.  מתחם העונש ההולם יקבע בהתאם לעקרון ההלימה כפי שהוגדר בסעיף 40ג(א) לחוק העונשין. על מנת ליישמו בית משפט יתחשב בשלושת אלה: בערכים החברתיים שנפגעו מביצוע העבירה ומידת הפגיעה בהם; נסיבות הקשורות בביצוע העבירות ומידת אשמו של הנאשם ובמדיניות הענישה הנוהגת (ע\פ 8641/12 סעד נ' מדינת ישראל (ניתן ביום 5.8.2013)).""",train
מהו השיקול שיש לקחת בחשבון בעת קביעת העונש במקרה של גניבה בידי עובד?,יש להביא בכלל חשבון את שיקולי הרתעת היחיד והרבים.,train
מדוע לא נמצאה הצדקה לחריגה ממתחם הענישה לקולה במקרה זה?,לא מצאתי הצדקה לחריגה ממתחם הענישה לקולה בהעדר המלצה טיפולית בעניינה של הנאשמת ובהעדר נכונות מצדה להירתם למאמץ שיוביל לשינוי באורחות חייה.,train
מהן שלושת השלבים במלאכת גזירת הדין לפי סעיף 40 לחוק העונשין?,"מלאכת גזירת הדין מורכבת משלושה שלבים עיקריים:  תחילה, אקבע את מתחם העונש ההולם למעשה העבירה שביצע הנאשם, על בסיס שיקולים נורמטיביים ואובייקטיבים, בהתחשב בערך החברתי שנפגע מביצוע העבירה, במידת הפגיעה בערך זה, במדיניות הענישה הנהוגה ובנסיבות הקשורות בביצוע העבירה כמפורט בסעיף 40ט לחוק העונשין (סעיף 40ג לחוק העונשין); לאחר מכן, אבחן האם ראוי לחרוג מן המתחם לקולא בשל שיקולי שיקום (סעיף 40ד לחוק העונשין) או לחומרה בשל שיקולי הגנה על שלום הציבור (סעיף 40ה לחוק העונשין); לבסוף, אקבע את העונש המתאים שיושת על הנאשם, בהתחשב בצורך בהרתעת הנאשם (סעיף40ו לחוק העונשין), בצורך בהרתעת הרבים (סעיף40ז לחוק העונשין) ובנסיבותיו האישיות של הנאשם שאינן קשורות בביצוע העבירה (סעיף 40יא לחוק העונשין), כמו גם בנסיבות אחרות ככל שתמצאנה רלוונטיות (סעיף 40יב לחוק העונשין).",train
מהו הצורך שהדגיש בית המשפט העליון בהטלת עונשי מאסר משמעותיים בנוגע לאלימות?,בית-המשפט העליון חזר בשורה של פסק-דין על הצורך להילחם בנגע האלימות באמצעות הטלת עונשי מאסר משמעותיים.,train
מהו השיקול המרכזי שלא הוביל לחומרה במתחם הענישה?,"מנגד, לא מצאתי לחצות את רף מתחם הענישה לחומרה משיקולי הגנה על שלום הציבור.",train
באילו אינטרסים מוגנים פוגע הנאשם במעשיו?,במעשיו אלה פגע הנאשם באינטרסים המוגנים והיסודיים של אושיות שלטון החוק ושמירה על הסדר הציבורי.,train
מדוע לא נמצא הצדקה לקבוע מתחם שונה לכל אחד מהאירועים?,"עם זאת, בשים לב לטיב ואופי המעשים, נסיבות ביצוע העבירות וסעיפי האישום, לא מצאתי הצדקה לקבוע מתחם שונה בהיקפו לכל אחד מהאירועים.",train
מהי השפעת השיקולים השונים על קביעת העונש המתאים לנאשם?,"בסופו של יום, סבורני כי השיקולים השונים, ינחוני בקביעת העונש המתאים בתוך גדרי מתחם הענישה ההולם לצד שיקולי הרתעת הנאשם והרתעת הרבים מפני ביצוע עבירות נוספות (ר' סעיף 40ו לחוק העונשין).",train
מהי המדיניות בענישה הנוגעת למאבק בנגע האלימות?,"מדיניות הענישה הנהוגה דוגלת במאבק בנגע האלימות על צורותיו השונות, על מנת להעביר מסר ברור כי מי שבוחר לפתור מחלוקת בדרכים אלימות יתקל בענישה מוחשית ומרתיעה.",train
כיצד נפגעו זכויותיהם של הבטום וסולומון בעקבות האירוע האלים?,"במקרה עסקינן נפגעו זכויותיהם של הבטום וסולומון לשלמות גופם ולביטחונם האישי, דבר שפגע גם בכבודם ובחירותם; מדובר בזכויות רמות מעלה עליהן יש להגן.",train
כיצד השפיע השימוש בסמים על מדיניות הענישה שנקבעה על ידי בתי המשפט?,"בתי המשפט התייחסו לנזקים הישירים והעקיפים משימוש בסמים, כולל הפרת הסדר הציבורי ויצירת מרחב לפעילות עבריינית נוספת, וכך גיבשו מדיניות ענישה המחזקת את המאבק בנושא זה.",train
מהו העיקרון המשפטי המנחה את הענישה בעבירות אלימות במשפחה כלפי נשים?,"יוצא כי עבירות חמורות הקשורות באלימות במשפחה, נושאות בצדן מאסר לריצוי מאחורי סורג ובריח ואין צורך להכביר מילים אודות ההחמרה הנדרשת בענישת גברים המבצעים עבירות אלימות כלפי בנות זוגם.",train
מהו העיקרון המשפטי שהדגיש תיקון מס' 113 לחוק העונשין בנוגע לענישה?,"בדרך זו חידד תיקון מס' 113 לחוק העונשין את הצורך בהמשך נקיטת שיטת ענישה אינדיווידואלית, הבוחנת נסיבותיו של כל מקרה ואדם המובא לדין [ע\פ 433/89 אטיאס נ' מדינת ישראל, פ\""ד מג(4) 170; ע\""פ 5106/99 אבו ניג'מה נ' מדינת ישראל, פ\""ד נד(1) 350; רע\""פ 3173/09 פראגין נ' מדינת ישראל (ניתן ביום 5.5.2009)].""",train
מהן השיקולים שעל בית המשפט להתחשב בהם בעת קביעת מתחם הענישה לפי סעיף 40ג לחוק?,"סעיף 40ג לחוק מורה כי בעת קביעת מתחם הענישה ההולם למעשה העבירה שביצע הנאשם, על בית המשפט להתחשב בערכים החברתיים שנפגעו מביצוע העבירה, במידת הפגיעה בהם, במדיניות הענישה הנהוגה ובנסיבות הקשורות בביצוע העבירה, כמפורט בסעיף 40ט לחוק.",train
מהו השיקול המרכזי שהנחה את בית המשפט בהטלת עונש מאסר ממושך על הנאשם?,"מכל המקובץ, בהביאי בכלל חשבון את שיקולי הגמול, השיקום וההרתעה, ביחס לנאשם בנסיבותיו - הסלידה שחשה החברה נוכח מעשיו והוקעתם הנדרשת, הצורך בהמחשת חומרת מעשיו, הרתעתו והרתעת עבריינים כמותו, לצד צרכיי שיקומו, הרי שבגדר תפירת חליפתו העונשית, סבורני כי אין מנוס מהשתת עונש מאסר ממושך, לצד ענישה מותנית ומרתיעה, פסילת רישיון נהיגה וענישה כלכלית.",train
מהו הערך החברתי החשוב המובא בהקשר של שמירה על מוגנות השוטרים בעת אכיפת החוק?,"ערך חברתי משמעותי הוא לשמר מוגנות נדרשת לשוטרים העוסקים באכיפת החוק, על מנת שיוכלו לבצע עבודתם נאמנה וללא הפרעה או חשש.",train
אילו שיקולים יש להביא בחשבון ליישום העקרון של הלימה בעונש?,על מנת ליישמו אביא בחשבון את הערכים החברתיים שנפגעו ומידת הפגיעה בהם; נסיבות הקשורות בביצוע העבירה ומידת אשמו של הנאשם ובמדיניות הענישה הנהוגה.,train
מהי הסיבה לכך שלא נמצאה הצדקה למעשי הנאשמת למרות הנסיבות הקשורות לחייה?,"נמסר כי מעשיה של הנאשמת אירעו על רקע תקופת משבר בחייה בשל פטירת שלושה מבני משפחתה ופרידתה מעלא לאחר זוגיות רבת שנים, אך לא מצאתי בכל זאת הצדקה למעשיה או להקהות מחומרתם.",train
מהו השיקול שהוביל לעידוד הנאשם להמשיך בדרך השיקומית?,"שוכנעתי כי יש לעודד את הנאשם להמשיך בנתיב השיקומי ולחזק ידיו בדרך חייו החדשה, לאחר שהקים משפחה, שומר על יציבות תעסוקתית ומשתף פעולה במסגרת הטיפולית בחסות שירות המבחן.",train
מהו הנזק הצפוי שהיה עלול להיגרם במקרה של עימות אלים במהלך העבירה?,"בנסיבות המתוארות, הנזק שהיה צפוי להיגרם מביצוע העבירה, עשוי היה להיות גדול וחמור אף יותר, במידה והיה מתפתח עימות אלים בין המתלוננת לבין הנאשם או במידה ואחד הילדים ששהו בבית היה מתעורר.",train
מהו היחס הנדרש בין חומרת העבירות ומידת אשמו של הנאשם לבין סוג העונש המוטל עליו?,"בהתאם לתיקון 113 לחוק העונשין, נדרש יחס הולם בין חומרת מעשי העבירות בנסיבותיהם ומידת אשמו של נאשם לבין סוג ומידת העונש המוטל עליו.",train
מהי הסיבה לכך שהחשש מהחזרת הנאשם לעבירות דומות לא מצדיק חציית רף מתחם הענישה לחומרה?,לא מצאתי כי החשש שהנאשם יחזור לבצע עבירות דומות מצדיק חציית רף מתחם הענישה לחומרה משיקולי הגנה על שלום הציבור.,train
אילו שיקולים הנחו בקביעת העונש המתאים לנאשם?,"אי-לכך, מכלול השיקולים, לרבות שיקולי הרתעת הנאשם ואחרים כמותו ינחוני בקביעת העונש המתאים בגדר מתחם הענישה.",train
מהן שלושת השלבים העיקריים במלאכת גזירת הדין לפי חוק העונשין?,"מלאכת גזירת הדין מורכבת משלושה שלבים עיקריים: תחילה, אקבע את מתחם העונש ההולם למעשה העבירה שביצע הנאשם, על בסיס שיקולים נורמטיביים ואובייקטיבים, בהתחשב בערך החברתי שנפגע מביצוע העבירה, במידת הפגיעה בערך זה, במדיניות הענישה הנהוגה ובנסיבות הקשורות בביצוע העבירה כמפורט בסעיף 40ט לחוק העונשין (סעיף 40ג לחוק העונשין); לאחר מכן, אבחן האם ראוי לחרוג מן המתחם לקולא בשל שיקולי שיקום (סעיף 40ד לחוק העונשין) או לחומרא בשל שיקולי הגנה על שלום הציבור (סעיף 40ה לחוק העונשין); לבסוף, אקבע את העונש המתאים שיושת על הנאשם, בהתחשב בצורך בהרתעת הנאשם (סעיף40ו לחוק העונשין), בצורך בהרתעת הרבים (סעיף40ז לחוק העונשין) ובנסיבותיו האישיות של הנאשם שאינן קשורות בביצוע העבירה (סעיף 40יא לחוק העונשין), כמו גם בנסיבות אחרות ככל שתמצאנה רלוונטיות (סעיף 40יב לחוק העונשין).",train
כיצד משפיע אינטרס המניעה על ההחלטה בעניינו של הנאשם?,"כן, הבאתי בכלל חשבון את אינטרס המניעה לשם הבטחת ניתוק מגע בינו לבין החברה הנפגעת ממעשיו.",train
מהו אופיו של הפיצוי שניתן לנפגעי העבירה בהליך הפלילי?,"כאמור, הפיצוי הינו רכיב עונשי אולם אופיו אזרחי ותכליתו לפצות את נפגע העבירה על הנזק והסבל שנגרמו לו, על דרך אומדן.",train
כיצד יש לקבוע את העונש המתאים לנאשם לפי סעיף 40יא לחוק העונשין?,"יש לקבוע את העונש המתאים לנאשם בהתאם לסעיף 40יא לחוק העונשין, תוך התחשבות בנסיבותיו האישיות אשר אינן קשורות בביצוע העבירה.",train
מהו הגמול הנדרש שיבטא את סלידת החברה ממעשיה של הנאשמת?,זהו הגמול הנדרש לנאשמת שישקף את הסלידה שחשה החברה נוכח מעשיה ואת הוקעתם הנדרשת.,train
מהו השיקול שהנחה את בית המשפט בהחלטה שלא לחצות את רף מתחם הענישה לחומרה?,"מנגד, לא מצאתי לחצות את רף מתחם הענישה לחומרה משיקולי הגנה על שלום הציבור.",train
מהן הנסיבות שהובילו למסקנה כי מדובר בעבירות אלימות חמורות במקרה זה?,"בבחינת הנסיבות הקשורות בביצוע העבירות, בהתאם לסעיף 40ט לחוק העונשין, עולה כי מדובר בעבירות אלימות חמורות, שרק בדרך נס לא הסתיים האירוע בתוצאות קשות יותר, אך מעשיו של הנאשם הותירו צלקות פיזיות ונפשיות.",train
מהו המשקל שניתן למסלול שיקומו של הנאשם בהליך השיפוטי?,"מצאתי לתן משקל משמעותי למסלול שיקומו של הנאשם, שיתוף הפעולה מצדו עם שירות המבחן, השתתפותו במפגשים בבית חוסן ושאיפותיו להשגת אורח חיים נורמטיבי.",train
אילו היבטים נלווים לפגיעה בשוטרים קשורים למוסכמות של חברה דמוקרטית?,"לפגיעה האמורה, היבטים הקשורים באופן מובהק במוסכמות הבסיסיות של היותנו חברה דמוקרטית המכבדת את שלטון החוק וזכויות הזולת, במערכת אכיפת החוק ובצורך להגן על אנשי חוק, המבצעים עבודתם נאמנה, לעיתים בתנאים קשים ומורכבים תוך סיכון שלומם וביטחונם האישי, כשלוחי החברה ושלטון החוק.",train
מהי החומרה והמסוכנות של עבירת התפרצות לבית מגורים בכוונה לבצע גניבה?,עבירת התפרצות לבית מגורים בכוונה לבצע גניבה או פשע טומנת בחובה חומרה ומסוכנות משמעותיות.,train
אילו שיקולים נלקחו בחשבון לקביעת גובה הקנס הכספי?,שיקולים שונים נלקחו בחשבון לקביעת גובה הקנס הכספי לרבות מצבו הכלכלי של הנאשם ומצב אמו.,train
מהו העונש המתאים שנקבע לנאשם בהתאם לנסיבות המקרה והשיקול השיקומי?,"אי לכך, נסיבות המקרה דנא והשיקול השיקומי מצדיק לטעמי קביעת עונש מתאים ברף התחתון של מתחם הענישה ואולי אף למטה מכך.",train
כיצד משפיעה היעדר פיצוי לנפגעים על חומרת העונש שניתן לנאשם?,"הנאשם לא נקט צעדים לתיקון תוצאות העבירות ולא פיצוי לנפגעים, ומצב זה משפיע על חומרת העונש.",train
כיצד משפיעה הקלה בעונש על התנהלות הנאשם בעתיד?,"בנסיבות אלה, הקלה בעונש במקרה דנן תהווה תמריץ חיובי לנאשם להתמיד בדרך חיים נורמטיבית, לשם בניית תשתית מתאימה שתרחיק אותו מחברה שולית.",train
מהו הערך החברתי המרכזי שנפגע בעבירה של תגרה במקום ציבורי?,"הערכים החברתיים שנפגעו מביצוע עבירה של תגרה במקום ציבורי, לצדה קבע המחוקק עונש מרבי של מאסר למשך שנה אחת, הינם שמירה על הסדר הציבורי, המשטר והחברה,  והגנה על גופם ונפשם של הקרבנות.",train
מהן החומרה והמסוכנות המיוחסות לעבירת התפרצות לבית מגורים בכוונה לגניבה?,עבירת התפרצות לבית מגורים בכוונה לבצע גניבה או פשע טומנת בחובה חומרה ומסוכנות משמעותיות.,train
מהי מידת האשמה של הנאשם בביצוע העבירות לפי הנסיבות?,"בבחינת הנסיבות הקשורות בביצוע העבירות עולה כי מידת אשמו של הנאשם רבה, חלקו בביצוע העבירות מרכזי ועיקרי, אף אם ניתן להצביע על ליקויים בהתנהלות השוטר כלפי הנאשם, בעיקר ביחס לאמירות מיותרות שנשמעו כלפיו, כפי שציינתי בסעיף 31 להכרעת הדין.",train
אילו שיקולים מצא בית המשפט לחובת הנאשם במקרה זה?,"שיקולים מרכזיים לחובת הנאשם, מצאתי בחומרת מעשיו ועברו הפלילי העשיר, חרף גילו הצעיר, אשר לא הניע אותו לשוב ולעבור עבירת רכוש נוספת.",train
כיצד חידד תיקון 113 לחוק העונשין את שיטת הענישה האינדיווידואלית?,"בדרך זו חידד תיקון 113 לחוק העונשין את הצורך בהמשך נקיטת שיטת ענישה אינדיווידואלית, הבוחנת נסיבותיו של כל מקרה ואדם המובא לדין (ע\פ 433/89 אטיאס נ' מדינת ישראל, פ\""ד מג(4) 170; ע\""פ 5106/99 אבו ניג'מה נ' מדינת ישראל, פ\""ד נד(1) 350; רע\""פ 3173/09 פראגין נ' מדינת ישראל (ניתן ביום 5.5.2009)).""",train
מהו הצורך המוביל להגן על הציבור מפני הנאשם במקרה זה?,"על כן, במסגרת השיקולים לחומרה מצאתי להביא בכלל חשבון את הצורך להגן על הציבור מפני הנאשם, שכן נוכח הכחשתו את העבירות ובהעדר יכולת להבין את המניעים לביצוען יש חשש שיחזור ויבצע את העבירות.",train
מהו המשקל שיש לתת לאינטרס הציבורי בהענשת עברייני סמים לעומת נסיבות הנאשם?,"כשעסקינן בעבירות סמים יש לתת משקל בכורה לאינטרס הציבורי בהענשת עברייני סמים, וכי נסיבותיו האישיות של הנאשם הינן בעלות משקל משני.",train
כיצד פוגע הנאשם בערכים חברתיים בביצוע עבירה של איומים?,"בנוסף, בביצוע עבירה של איומים, לצדה נקבע עונש מרבי של 3 שנות מאסר, פגע הנאשם בערכים חברתיים בדמות שלוות נפשו של הקרבן, חופש הפעולה והבחירה שלו.",train
מדוע מצדיקות נסיבותיו האישיות של הנאשם עונש מאסר בדרך של עבודות שירות?,נסיבותיו של הנאשם ותקופת מעצרו הממושכת מצדיקות להסתפק בעונש מאסר בפועל שיש לרצותו בדרך של עבודות שירות.,train
מדוע העונש הקבוע כיום אינו מבטא את החומרה הנדרשת של העבירה?,"העונש הקבוע כיום בצד העבירה אינו מבטא חומרה זו ואינו הולם את הפגיעה בערך המוגן, בין אם היה סיכון קונקרטי כאמור, ובין אם לאו\.""",train
מהו העיקרון המנחה את בית המשפט בקביעת מתחם הענישה כאשר אין הסכמה בין הצדדים?,"לא כך הדבר בגזר דין, שלא על בסיס הסכמה בין הצדדים, במסגרתו קובע בית המשפט מתחם ענישה על בסיס שיקולים נורמטיביים ואובייקטיבים וגוזר את עונשו של הנאשם בהתאם לנסיבות שאינן קשורות בביצוע העבירה, מבלי להביא בכלל חשבון חלק מאותם השיקולים שבאים לידי ביטוי במסגרת הסדרי טיעון.",train
מהו עקרון השוויון בענישת הנאשם בהשוואה ליתר הנאשמים?,"נתתי דעתי לעקרון השוויון בענישת הנאשם, בהשוואה ליתר הנאשמים.",train
אילו קשיים ראייתיים היו בפני התביעה ומה השפעתם על ההסדר?,"הקשיים הראייתיים הניכרים שעמדו בפני התביעה מהווים הצדקה להסדר הטיעון, לצד עמדת המתלוננת שלא התנגדה להסדר.",train
כיצד מתבטאת הענישה הנוהגת בעבירות מין בקטינים בתוך המשפחה בבית המשפט?,"גם הענישה הנוהגת בבית משפט זה, במקרים של עבירות מין בקטינים בתוך המשפחה, היא קשה ומרתיעה, באופן ההולם את חומרת המעשים ואת טיב הפגיעה בקורבנות.",train
כיצד משפיעה מידת הפגיעה בערכים המוגנים על החמרת הענישה במקרה זה?,"ממידת הפגיעה בערכים המוגנים כתוצאה מהמעשים המוגנים שביצעו הנאשמים בקטינה הינה משמעותית, קשה ומצויה במרום החומרה.",train
"מהו התכנון שהנאשם ביצע לפני ביצוע העבירות, אשר נלקח בחשבון בהחמרת הענישה?","בבחינת נסיבות הקשורות בביצוע העבירות (סעיף 40ט לחוק העונשין), הבאתי בחשבון את התכנון שקדם לביצוע העבירות, אשר בא ליידי ביטוי בשימוש בחברת טלה, בחשבונות הבנק של החברה ההולנדית, שרלוט וגוסוול והחשבונות האישיים על שם הנאשם.",train
כיצד יש להתייחס לעברו הפלילי של הנאשם בהקשר לענישה?,"לחובת הנאשם יש לקחת בחשבון את עברו הפלילי ואת העובדה שביצע עבירות חוזרות ונשנות, כשאף חרב המאסר על תנאי הייתה תלויה מעל ראשו, ומורת החוק לא הרתיעה אותו.",train
מהו היחס הנדרש בין חומרת העבירות למידת אשמו של הנאשם לפי תיקון 113 לחוק העונשין?,"בהתאם לתיקון 113 לחוק העונשין, נדרש יחס הולם בין חומרת מעשי העבירות בנסיבותיהם ומידת אשמו של נאשם לבין סוג ומידת העונש המוטל עליו.",train
מדוע יש למנוע מצב שבו איום יהפוך לאמצעי לפתרון סכסוכים?,"אין לאפשר מצב בו איום הופך להיות כלי או אמצעי לפתרון סכסוך כזה או אחר, בפרט סכסוך בין בני זוג וקיים חשש שאיום כאמור יהפוך לפגיעה פיסית של ממש לאור חומרת הדברים שנשמעו המהווים איום אמיתי ומוחשי.",train
כיצד נקבע מתחם הענישה ההולם בעבירה לפי סעיף 40ג(א) לחוק העונשין?,מתחם הענישה ההולם יקבע בהתאם לעקרון ההלימה כפי שהוגדר בסעיף 40ג(א) לחוק העונשין.,train
מהי ההתנהלות של הנאשם כפי שעולה מעובדות כתב האישום המתוקן?,"התנהלותו של הנאשם, כפי שעולה מעובדות כתב האישום המתוקן, מלמדת על מי שפעל כשהוא מודע לתוצאות הקטלניות של התנהגותו.",train
מדוע לא נמצא לנכון לחרוג ממתחם הענישה לקולא במקרה הנוכחי?,"בנסיבותיו של הנאשם שלפניי, עליהן אעמוד בהמשך, לא מצאתי לנכון לחרוג ממתחם הענישה ההולם לקולא, בהעדר המלצה להליך שיקומי.",train
כיצד השפיעו מעשי הנאשם על שלוות נפשה וחירותה של המתלוננת?,"הנאשם פגע אם כן בשלוות נפשה של המתלוננת, בחירותה وبחופש הבחירה שלה, שעה שגרם לה לתחושה שהיא צריכה לנוס מפניו, פן יאתר אותה ויפגע בה ובנה.",train
מהו ההבדל בין הנאשם לבין נאשמים המודים בעבירותיהם?,"עם זאת, הנאשם לא רשאי ליהנות מההקלות בהן נהנים נאשמים שמודים וחוסכים מזמנם של העדים ושל בית המשפט.",train
מהי מטרת קביעת הסטנדרטים של התנהגות במאבק נגד נגע האלימות בחברה?,"מדובר בקביעת סטנדרטים של התנהגות שנועדו לעקור מן השורש את נגע האלימות שפשה בחברתנו, בעיקר כשהמעשים כרוכים בשימוש בנשק חם או קר.",train
מהו הנימוק לקביעת מתחם ענישה אחד עבור כלל העבירות בהן הורשע הנאשם?,"סבורני כי ראוי לקבוע מתחם ענישה אחד ביחס לכלל העבירות בהן הורשע הנאשם בשני האישומים, שכן הלכה למעשה מדובר באותם מעשים המהווים את הבסיס לכלל העבירות בהן הורשע הנאשם.",train
כיצד השפיעה תקופת מעצרו של הנאשם על פרנסתו ועל ריצוי עבודות השירות?,"לצד זאת, הבאתי בחשבון כי פרנסתו של הנאשם נפגעה מאז מעצרו, וכך יימשך גם במהלך התקופה הקרובה שבה ירצה הנאשם עבודות שירות.",train
מהן שלושת השלבים במלאכת גזירת הדין לפי סעיף 40ג לחוק העונשין?,"מלאכת גזירת הדין מורכבת משלושה שלבים עיקריים:  תחילה, אקבע את מתחם העונש ההולם למעשה העבירות שביצע הנאשם, על בסיס שיקולים נורמטיביים ואובייקטיבים, בהתחשב בערכים החברתיים שנפגעו מביצוע העבירות, במידת הפגיעה בערכים החברתיים, במדיניות הענישה הנהוגה ובנסיבות הקשורות בביצוע העבירות כמפורט בסעיף 40ט לחוק העונשין (סעיף 40ג לחוק העונשין); לאחר מכן, אבחן האם ראוי לחרוג מן המתחם לקולא בשל שיקולי שיקום (סעיף 40ד לחוק העונשין) או לחומרה בשל שיקולי הגנה על שלום הציבור (סעיף 40ה לחוק העונשין); לבסוף, אקבע את העונש המתאים שיושת על הנאשם, בהתחשב בצורך בהרתעתו (סעיף40ו לחוק העונשין), בהרתעת הרבים (סעיף40з לחוק העונשין) ובנסיבותיו האישיות שאינן קשורות בביצוע העבירות (סעיף 40יא לחוק העונשין), כמו גם בנסיבות אחרות ככל שתמצאנה רלוונטיות (סעיף 40יב לחוק העונשין).",train
מהי המטרה לעודד את הנאשמת להמשיך בדרך השיקומית?,שוכנעתי כי יש לעודד את הנאשמת להמשיך בדרך השיקומית על מנת לסייע בידה לפתוח פרק חדש בחייה ולכלכל את עצמה.,train
מהו היחס הנדרש בין חומרת העבירה למידת אשמת הנאשם לפי תיקון 113 לחוק העונשין?,"בהתאם לתיקון 113 לחוק העונשין, נדרש יחס הולם בין חומרת מעשה העבירה בנסיבותיו ומידת אשמתו של הנאשם לבין סוג ומידת העונש המוטל עליו.",train
מהו התו המיוחד הנלווה לפגיעה בקניינו של המעסיק בעבירת גניבה ממעביד?,"מלבד הפגיעה בקניינו של המעסיק, נילווה למעשים אלו תו מיוחד של מעילה באמון, הפוגעת שבעתיים מפגיעתו של זר.",train
מדוע יש חשיבות בהגנה על התא המשפחתי ובזכויות המתלוננת במקרה של תקיפה סתם?,"בביצוע עבירה של תקיפה סתם בנסיבות מחמירות כלפי בן זוג, פגע הנאשם בהגנה על התא המשפחתי מפני אלימות, בשלמות גופה של המתלוננת, בזכותה לאוטונומיה על גופה, ובשלוות נפשה וביטחונה האישי בפרט בד' אמות התא המשפחתי.",train
מהו המשקל שצריך בית המשפט לתת לאינטרס הציבורי בעבירות אלימות?,"בבוא בית המשפט לשקול את הענישה בעבירות מסוג זה, עליו לתת משקל נכבד לאינטרס הציבורי ולצורך בהרתעת עבריינים בכוח מלבצע עבירות דומות על מנת להעביר מסר, הן לעבריין האינדיווידואלי, והן לעבריינים הפוטנציאליים ולחברה כולה, כדי שידע כל מי שנוטל לעצמו את החרות לנהוג באלימות כדרך לפתרון סכסוכים, כי הוא עלול לשלם על כך בחרותו (ראו: ע\פ 103/88 ליכטמן נ' מדינת ישראל, פ\""ד מג(3) 373; רע\""פ 2038/04 לם נ' מדינת ישראל, פ\""ד ס(4) 96; בע\""פ 4173/07 פלוני נ' מדינת ישראל (ניתן ביום 16.8.2007); ע\""פ 6999/09 שריתח נ' מדינת ישראל  (ניתן ביום 4.5.2010)).""",train
מדוע יש להציב גבולות ברורים לנאשם הממשיך לבצע עבירות אלימות מילולית?,"מי אשר חוזר ומבצע עבירות אלימות מילולית, מאיים על בא כוחו על מנת להשיג את מבוקשו, יש להציב בפניו גבולות ברורים ומסר של הוקעה שאינו משתמע לשתי פנים.",train
מהו הרף המחמיר שנוקט בית המשפט כלפי עבירות נשק?,"לא אחת עמד בית משפט זה על הצורך בנקיטת רף מחמיר כלפי עבירות נשק, גם כלפי אלו המצויות לכאורה בשלבים נמוכים יחסית של המדרג.",train
מהו החשש שנמצא על ידי שירות המבחן לגבי הנאשם?,"בנסיבות אלה, כך גם התרשמות שירות המבחן, קיים חשש של ממש להישנות ביצוע עבירות בעתיד.",train
כיצד השפיע השימוש בכלי נשק קר על זכות האדם לשלום גופו?,"במקרה דנא הנאשם עשה שימוש בכלי נשק קר ובדרך זו פגע בערך חברתי רם מעלה של זכות האדם להגנה על שלומו ועל שלמות גופו, וזכותו לתחושת בטחון בכל מקום בו הוא נמצא.",train
מדוע ישנה חומרה יתרה בביצוע עבירות מין בקטינים בתוך המשפחה?,"בית המשפט זה עמד לא אחת על החומרה היתרה הטמונה בביצוע עבירות מין בקטינים בתוך המשפחה – תוך ניצול לרעה של הקרבה הפיזית והנפשית, של האמון השורר באופן טבעי במסגרת התא המשפחתי, ושל פערי הכוחות האינהרנטיים בין הבגיר לקטין, וכל זאת לשם סיפוק יצריו של הפוגע.",train
מהו האינטרס הציבורי המוביל לעונש מחמיר בעבירות של תקיפה כלפי שוטרים ובני זוג?,"האינטרס הציבורי דורש הגנה על גורמי אכיפת החוק ושמירה על התא המשפחתי והזוגי, וזאת באמצעות ענישה מרתיעה שתבהיר כי כל פגיעה בערכים אלה תענה בענישה מוחשית.",train
כיצד משפיע עברו הפלילי של הנאשם על ההחלטה להפעיל את המאסר המותנה?,"לאור עברו הפלילי, התרשמות שירות המבחן כי הנאשם מתקשה להפנים את הפסול שבהתנהגותו - כל אלה מחייבים הפעלת המאסר המותנה כנגדו.",train
אילו גורמים אישיים נלקחו בחשבון כדי justify את ההקלה בעונש של הנאשם?,"בנסיבות אלה, גילו הצעיר, נסיבות חייו, החרטה שהביע, שיתוף הפעולה עם שירות המבחן, התמדתו בהליך השיקומי, הערכה החיובית של שירות המבחן בעניינו, התמדתו במסגרת עבודה מסודרת המלמדת על שאיפותיו לשמר אורח חיים נורמטיבי וחלוף הזמן מביצוע העבירה, מבלי שנודע על פתיחת הליכים נוספים נגדו, מצאתי הצדקה לחרוג לקולה ממתחם הענישה ההולם בעניינו, משיקולי שיקומו, מכוח סעיף 40ד לחוק העונשין.",train
אילו שלושה שיקולים נדרשים לקביעת מתחם העונש ההולם?,"על מנת ליישמו בית משפט יתחשב בשלושת אלה: ראשית, בערך החברתי שנפגע  מביצוע העבירה ובמידת הפגיעה בו; שנית, בנסיבות הקשורות בביצוע העבירה ומידת אשמו של הנאשם; שלישית, במדיניות הענישה הנהוגה.",train
אילו נסיבות יש להביא בחשבון בבחינת הנסיבות הקשורות בביצוע העבירות?,"בבחינת הנסיבות הקשורות בביצוע העבירות (סעיף 40ט לחוק העונשין), מצאתי להביא בכלל חשבון, את חלקו המרכזי של הנאשם במהלך הדברים למול חלקו של המתלונן שלא התגרה בנאשם ולא קינטר אותו.",train
"מהו המנעד של הענישה בעבירות בהן הורשע הנאשם, וכיצד הוא מושפע מנסיבות ביצוע העבירות?",מדיניות הענישה הנהוגה בעבירות בהן הורשע הנאשם מצביעה על מנעד ענישה רחב תלוית נסיבות ביצוע העבירות ובכללן סכומי הכסף מושא העבירות.,train
מהי מדיניות הענישה הנוהגת בעבירות אלימות וכיצד היא משפיעה על הענישה?,מדיניות הענישה הנוהגת בעבירות בהן הורשע הנאשם שמה דגש על הצורך במאבק בנגע האלימות ובצורך להשית ענישה מרתיעה.,train
כיצד ההחמרה בענישה משרתת את מטרות הגמול וההרתעה בעבירות סמים?,"ההחמרה בענישה בגין עבירות סמים משרתת את מטרות הגמול וההרתעה, שהן היעדים העיקריים של הענישה בתחום הסמים.",train
אילו פרמטרים נלקחו בחשבון לטובת הנאשם בעת קביעת הענישה?,"במסגרת השיקולים שמצאתי להניח על כף הזכות לטובת הנאשם, הבאתי בכלל חשבון את הפרמטרים הבאים: א) הנאשם יליד 1946 (בן 75), ללא עבר פלילי ברקעו ב) חלף פרק זמן ממושך מאז ביצוע העבירות, ובכלל זאת חלפו למעלה מ-3 שנים מאז תחילת החקירה הגלויה ועד שהוגש כתב האישום כנגד הנאשם ג) במסגרת הכרעת הדין, נמתחה ביקורת על התנהלות רשויות החקירה בעיקר בכל הנוגע לאופן ולשעת עריכת החיפוש בביתו של הנאשם, בשעה 05:00 לפנות בוקר, משל דובר על עבריין נמלט או מסוכן, שלגביו התעורר חשש המצדיק את דחיפות ביצוע החיפוש בשעות האשמורת השלישית.",train
אילו שיקולים ינחו את בית המשפט בקביעת העונש לכל נאשם?,"מכלול השיקולים, לרבות שיקולי הרתעת היחיד והרבים, ינחוני בקביעת העונש המתאים לכל אחד מהנאשמים בגדרי מתחם הענישה שנקבע בעניינו.",train
מהו ההסבר המשפטי לכך שגם חפצים תמים יכולים להיחשב כנשק?,"הלכה מושרשת היא, כי \נשק\"" אינו רק כלי שיועד מלכתחילה להוות \""נשק\"" וכי גם כלי או חפץ שנוצר לשימוש תמים ולא יועד לשמש למטרה אלימה, עשוי להיחשב כ\""נשק\"" אם בפועל נעשה בו שימוש ככזה (ראו: ע\""פ 371/08 מדינת ישראל נ' דסטה ביטאו (ניתן ביום 27.10.2008).""",train
מהו הנזק שנגרם לציבור כתוצאה מביצוע העבירות הכלכליות על ידי הנאשמות?,הבאתי בחשבון את הנזק והפגיעה שנגרמו לציבור כולו כתוצאה מביצוע העבירות הכלכליות והיקפן.,train
אילו שיקולים ינחו את בית המשפט בקביעת העונש לכל אחד מהנאשמים?,"השיקולים השונים, ינחוני בקביעת העונש המתאים לכל אחד מהנאשמים בתוך גדרי מתחם הענישה ההולם בהתאם לנסיבותיהם שאינן קשורות בביצוע העבירה ובהתאם לשיקולי הרתעת היחיד והרבים מפני ביצוע עבירות נוספות (ר' סעיפים 40ו ו-40ז לחוק העונשין).",train
מהי הסיבה לכך שאין להסתפק בענישה של מאסר לריצוי בעבודות שירות במקרה זה?,"לנוכח התנהלות הנאשם, הן כלפי בית המשפט והן בפגישותיו עם קצינת המבחן והתרשמות שירות המבחן אינני סבור כי ניתן להסתפק בענישה של מאסר לריצוי בעבודות שירות.",train
מהי המגמה בעונשי המאסר בעבירות חבלה בשנים האחרונות?,"בחינת הענישה הנהוגה בפסיקה מעלה כי בשנים האחרונות ניכרת מגמת החמרה בעונשי המאסר הנגזרים על נאשמים שמורשעים בעבירות של חבלות הן כאלה שנעשו בכוונה מחמירה והן חבלה חמורה בנסיבות מחמירות, נוכח נפיצות התופעה של פתרון סכסוכים בכוח הזרוע והצורך במיגורה.",train
מדוע יש להטיל ענישה מרתיעה ומשמעותית על עבירות חמורות אלו?,"עבירות חמורות אלה, כל אחת לחוד ובעיקר שילובן זו בזו, הינן עבירות ששומה על בית המשפט למגר בענישה מרתיעה ומשמעותית.",train
כיצד השפיעה הודאת הנאשם על ההליך השיפוטי והערכת אחריותו?,"שיקולים לקולא: בתחילה כפר הנאשם במיוחס לו, כך שנשמעו ראיות מטעם הצדדים, הוא חזר בו והודה במיוחס לו, לקח אחריות על מעשיו וסבורני שיש לראות בכך תחילתו הליך של הפנמה והכרה בחומרת מעשיו.",train
מהן הנסיבות לחובת הנאשם בהקשר לחומרת העבירה שביצע?,"לחובת הנאשם יש לציין את חומרת העבירה בה הורשע, מידת האלימות הרבה הטמונה במעשי הדקירה שביצע במנוח, תוצאות מעשי הדקירה ומדיניות הענישה עליה עמדתי לעיל.",train
כיצד השפיעו נסיבותיו האישיות והמשפחתיות של הנאשם על קביעת העונש?,"בשל נסיבותיו האישיות והמשפחתיות, גילו ועברו הפלילי, מצאתי לאמץ את המלצות שירות המבחן ולקבוע את העונש המתאים לנאשם ברף התחתון של מתחם הענישה, כדי שיהא בידי הנאשם להמשיך לסעוד את אמו החולה, הזקוקה לעזרתו.",train
אילו שיקולים ינחו את בית המשפט בקביעת העונש המתאים לנאשם?,"אי לכך, מכלול השיקולים, לרבות שיקולי הרתעת הנאשם ואחרים כמותו מפני ביצוע עבירות נוספות (ר' סעיפים 40ו ו-40ז לחוק העונשין), ינחוני בקביעת העונש המתאים לנאשם בגדרי מתחם הענישה.",train
מהי הדרך הראויה לפיצול האירועים וקביעת עונשים נפרדים?,"אם נורה לשופט לנהוג בדרך של פיצול האירועים וקביעת עונשים נפרדים – מהם חופפים ומהם מצטברים – נורה לו לנהוג בדרך לא טבעית, שתוצאתה לא תהיה גיבוש המכלול בעזרת הפרטים, אלא קביעה ראשונית של המכלול וגזירה מלאכותית של הפרטים ממנו.",train
"מהן השיקולים השונים שמנחים את הצדדים בהסדר טיעון, כולל טווח הענישה?","בנסיבות בהן מוצג בפני בית המשפט הסדר טיעון, ובכלל זה טווח ענישה מוסכם, לרוב, ברקעו שיקולים שונים של הצדדים, הן אלה הקשורים בביצוע העבירה והן אלה שאינם קשורים בביצוע העבירה.",train
כיצד השפיע התכנון המינורי על בחינת נסיבות ביצוע העבירה?,"בבחינת נסיבות הקשורות בביצוע העבירות (סעיף 40(ט) לחוק העונשין), הבאתי בכלל חשבון את התכנון שקדם לביצוע העבירה, הגם שמדובר בתכנון מינורי.",train
"מדוע לא ניתן להסתפק בענישה מקלה במקרה זה, לפי המלצת שרות המבחן?","לא ניתן להסתפק בענישה כה מקלה, כפי המלצת שרות המבחן, נוכח אופי העבירה, ובעיקר נסיבות ביצועה והתנהלותו הכוללת של הנאשם.",train
מהן המטרות שהנחו את בית המשפט בהחלטה על הענישה במקרה זה?,"לאחר שהתרשמתי מטענות הצדדים, המלצות שירות המבחן ומכלול נסיבות ביצוע העבירות, שוכנעתי אם כן כי יש מקום להימנע ממתיחת מלוא שורת הדין למול הנאשם ולהשיג את מטרות הענישה ובכללן גמול ההולם את מעשיו והתרעת הנאשם והציבור בכללותו, ועל כן להשית עליו רכיבי גמול כמאסר לריצוי בעבודות שירות ופיצוי, ביחד רכיב הרתעתי כמאסר מותנה.",train
מהו הצורך שהודגש בתיקון 113 לחוק העונשין בנוגע לענישה?,"נוכח התיקון 113 לחוק העונשין חודד הצורך בענישה אינדיווידואלית, הבוחנת נסיבותיו של כל אדם ומקרה ומובאת לדין.",train
מהו המתחם הכולל שייקבע בעונש בהתאם לרצף המעשים ולנתונים הרלוונטיים?,"למותר לציין כי המתחם הכולל שייקבע, צריך ליתן ביטוי לרצף המעשים, ריבויים, משכם, תדירותם, לפגיעה שגרמו וליתר הנתונים הרלוונטיים עת קובע בית המשפט את מתחם העונש ההולם.",train
מהו העיקרון שעל פיו נקבע מתחם העונש ההולם במקרה זה?,מתחם העונש ההולם יקבע בהתאם לעקרון ההלימה כפי שהוגדר בסעיף 40ג(א) לחוק העונשין.,train
כיצד נקבעים מתחמי הענישה למעשי העבירות שביצע הנאשם?,"תחילה, אקבע את מתחמי הענישה למעשי העבירות שביצע הנאשם, על בסיס שיקולים נורמטיביים ואובייקטיבים, בהתחשב בערכים החברתיים שנפגעו, מידת הפגיעה בהם, במדיניות הענישה ובנסיבות הקשורות בביצוע העבירות.",train
מהו האינטרס הציבורי בהליך השיקומי של הנאשם?,"על הצלחת ההליך השיקומי של הנאשם יש לראות אינטרס לציבור בכלל, מעבר לאינטרס של הנאשם בלבד.",train
מהו העונש המרבי הקבוע בחוק לעבירה של החזקת נשק בלא רשות?,לא בכדי העונש המרבי הקבוע בחוק העונשין לעבירה של החזקת נשק בלא רשות על פי דין הוא 7 שנות מאסר.,train
מהו תפקידו של בית המשפט בשקילת היחס בין טווח הענישה המוצע לבין טווח הענישה הראוי?,"גם בהתקיים הסדר טיעון, על בית המשפט לשקול גם את היחס בין טווח הענישה המוצע על ידי הצדדים לבין טווח הענישה הראוי בעיניו וככל שקיימת סטייה מהותית מטווח זה, הן לחומרה והן לקולה, עליו לתת דעתו לכך ולשקול האם יש מקום לכבד את ההסדר.",train
מהו העיקרון המנחה את בית המשפט בנוגע להבדלים בין מקרים שונים של עבירות דומות?,"אין כלל אחידות הענישה קובע – א-פריורי – כי דין אחד לכל העבריינים המורשעים באותו סוג של עבירות, ולא בהכרח ילמד בית-המשפט מהכרעת-הדין או מגזירת-הדין של אחד לגבי חברו ... כל מקרה והנסיבות המיוחדות שבצדו, לאמור: נסיבות העבירה ונסיבותיו האישיות של הנאשם.",train
אילו שיקולים משפיעים על קביעת העונש המתאים לנאשם?,"מכלול השיקולים, לרבות שיקולי הרתעת הנאשם ואחרים כמותו מפני ביצוע עבירות נוספות (סע' 40ו ו-40ז לחוק העונשין), ינחוני בקביעת העונש המתאים לו בגדר מתחם הענישה שנקבע בעניינו.",train
"מהו העיקרון המנחה לגבי האיזון בין שיקולי חומרה, הרתעה, גמול ושיקום בהליך המשפטי?","האיזון בין שיקולי חומרה, הרתעה, גמול ושיקום חייב להיות מדויק במסגרת משפטית ממוסדת.",train
מהו השיקול המרכזי המנחה את מדיניות הענישה בעבירות בהן הורשע הנאשם?,"בחינת מדיניות הענישה הנהוגה בעבירות בהן הורשע הנאשם, מתחשבת בצורך במאבק באלימות מינית ובביזוי גופו של הזולת.",train
כיצד השפיעה הודאת הנאשם על ההליך השיפוטי?,שיקולים לקולא: הנאשם הודה במיוחס לו בהזדמנות הראשונה ובכך חסך זמן שיפוטי יקר.,train
מהו הקשר הנדרש בין חומרת העבירות למידת העונש המוטל על הנאשם בהתאם לתיקון 113 לחוק העונשין?,"בהתאם לתיקון 113 לחוק העונשין, נדרש יחס הולם בין חומרת מעשי העבירות בנסיבותיו ומידת אשמו של נאשם לבין סוג ומידת העונש המוטל עליו.",train
מהו האינטרס הציבורי המרכזי במאבק נגד החזקת כלי נשק בלתי חוקיים?,"ביעור תופעת החזקת כלי נשק בלתי חוקיים הוא אפוא אינטרס ציבורי מהמעלה הראשונה ותנאי הכרחי למאבק בתופעות הפשיעה האלימה לסוגיה הרווחות במקומותינו, בבחינת 'ייבוש הביצה' המשמשת ערש גידולן של תופעות אלה.",train
אילו היבטים קשורים לפגיעה בערכים החברתיים המוגנים על ידי שלטון החוק?,"לפגיעה האמורה, היבטים הקשורים באופן מובהק במוסכמות הבסיסיות של היותנו חברה דמוקרטית המכבדת את שלטון החוק וזכויות הזולת, במערכת אכיפת החוק ובצורך להגן על אנשי חוק המבצעים מלאכתם, לעיתים בתנאים קשים ומורכבים, תוך סיכון שלומם וביטחונם האישי, כשלוחי החברה ושלטון החוק ולא בכדי נקבע עונש מינימלי לעבירות הפרעה ותקיפת שוטר בשעת מילוי תפקידו.",train
כיצד תרמה התנהגות הנאשם להפרת הסדר הציבורי במקום?,"התנהגות הנאשם תרמה להפרת הסדר ושלום הציבור במקום, והיא טמנה פוטנציאל להתלקחות אלימה עד כדי פגיעה בגוף ובנפש.",train
מדוע יש לתת משקל מועט לחלקו היחסי של הנאשם בעבירות המבוצעות על ידי המון מתפרע?,"למרות שחלקו היחסי של הנאשם מצומצם יחסית, מוצא אני להפנות לקביעתו של כב' השופט ע' פוגלמן בעניין אסווד, לפיהם \כאשר מדובר בעבירות שמבוצעות על ידי המון מתפרע יש לתת לכך משקל מועט.""",train
כיצד השפיעה מצבו הכלכלי של הנאשם על החלטת בית המשפט בענישה?,בבקביעת העונש הבאתי בכלל חשבון את מצבו הכלכלי של הנאשם והפגיעה הצפויה במשפחתו ועל כן מצאתי להסתפק בהשטת פיצוי כספי סמלי בלבד.,train
מהו מתחם העונש ההולם שנקבע לעבירה שביצע הנאשם?,בשקלול כל אלה סבורני כי מתחם העונש ההולם לעבירה שבוצעה על ידי הנאשם נע החל ממאסר למשך 6 חודשים שיכול וירוצה בעבודות שירות ועד ל-12 חודשי מאסר בפועל.,train
אילו ערכים חברתיים בסיסיים נפגעו על ידי הנאשם במקרה זה?,"הנאשם פגע בערכים חברתיים בסיסיים שנועדו להגן על שלטון החוק, שלמות גופם וכבודם של אנשי החוק והסדר הציבורי.",train
מהם הערכים החברתיים המוגנים שנפגעו בעבירות שביצע הנאשם?,"הערכים החברתיים המוגנים ומידת הפגיעה בהם – בביצוע עבירות איומים, לצידה קבע המחוקק עונש מרבי של שלוש שנות מאסר, ותקיפת סתם של בן זוג, לצידה קבע המחוקק עונש מרבי של ארבע שנות מאסר, פגע הנאשם בערכים חברתיים מוגנים של הגנה על התא המשפחתי מפני אלימות, שלמות גופה של המותקפת, זכותה לאוטונומיה על גופה, שלוות נפשה וביטחונה האישי בעיקר בד' אמות התא המשפחתי.",train
מדוע יש להטיל עונש מאסר משמעותי גם כאשר קיימות נסיבות אישיות מקלות לנאשם?,"על אף נסיבות אישיות מקלות או קשייו הבריאותיים של הנאשם, יש להטיל עונש מאסר משמעותי שישקף את חומרת העבירות ואת צו השעה להרתעת עבריינים אחרים.",train
מהו האיזון בין השיקולים לחומרה לבין השיקולים לקולא במקרה זה?,"כנגד השיקולים לחומרה, עומדים לנאשם גם שיקולים לקולא.",train
מהו העונש המומלץ כדי למנוע מהנאשם לבצע עבירות דומות בעתיד?,יש להשית על הנאשם עונש מרתיע על מנת למנוע ממנו ולפני אחרים לבצע עבירות דומות בעתיד.,train
כיצד מתבטאת עוצמת הפגיעה בערכים המוגנים במקרה זה?,עוצמת הפגיעה בערכים המוגנים במקרה דנא הינה גבוהה.,train
מהן המגבלות שהוטלו על חירותו של הנאשם והשפעתן על החלטת הענישה?,"הבאתי בחשבון את המגבלות שהוטלו על חירותו של הנאשם, ימי מעצרו מיום 23.8.2015 ועד ליום 9.9.2015, לאחריהם שוחרר בתנאים מגבילים שכללו השגחה והרחקה מהמתלוננת; וכן, את הפגיעה בפרנסתו הכרוכה בכך.",train
מהו האיזון בין השיקולים לחומרה לבין השיקולים לקולא בעניינו של הנאשם?,"כנגד השיקולים לחומרה, עומדים לנאשם גם שיקולים לקולא, אך לא מצאתי רבים כאלה להניח על כף הזכות לנאשם כנגד חומרת העבירה שביצע בנסיבות המפורטות בהכרעת הדין.",train
מהי אחת המטרות המרכזיות של הענישה הפלילית?,"'אחת המטרות המרכזיות של הענישה הפלילית היא כאמור הרתעת עבריינים בכוח, ל'מען יראו וייראו'.",train
מה ההבדל בין עבירת ניסיון רגילה לעבירה לפי סעיף 329(א)(2) לחוק העונשין?,"יפים לעניין זה דברי השופט ס' גובראן בע\פ 7528/13 אלאטראש נ' מדינת ישראל, פסקה 5 (26.5.2014), בהתייחסו לעבירה לפי סעיף 329(א)(2) לחוק שבביצועה הורשע המערער: 'להבדיל מעבירת ניסיון רגילה (לפי סעיף 25 לחוק העונשין), שהיא אינה ביצוע מושלם של היסוד העובדתי של עבירה פלונית, סעיף 329(א)(2) לחוק קובע בעצמו כי עצם הניסיון לפגוע באדם באמצעים המצוינים בסעיף מהווה עבירה מושלמת.""",train
אילו שיקולים יש להביא בחשבון בעת יישום העיקרון לקביעת העונש?,"על מנת ליישמו אביא בחשבון את הערכים החברתיים שנפגעו ומידת הפגיעה בהם; נסיבות הקשורות בביצוע העבירה, מידת אשמם של הנאשמים ובמדיניות הענישה הנהוגה.",train
מהי הסיבה לעידוד הנאשם להמשיך בנתיב השיקומי?,שוכנעתי כי יש לעודד את הנאשם להמשיך בנתיב השיקומי ולחזק ידיו בדרך חייו החדשה.,train
מהו העונש המוטל בדרך כלל על מי התוקף את רעהו באמצעות חפץ וגורם לחבלות?,"מסקירת הפסיקה הרלוונטית עולה כי לרוב דינו של מי התוקף את רעהו באמצעות חפץ כלשהו וגורם לו לחבלות, לעונש מאסר ממושך, אם כי הדבר תלוי בחומרת ועוצמת התקיפה, נסיבותיה ותוצאותיה.",train
מהי הבקרה הנורמטיבית שיש לקיים במקרים חריגים של עבירות קשורות?,"כשבמקרים חריגים בהם בחינת הנסיבות העובדתיות לא תוביל למסקנה ברורה האם הקשר 'הדוק' דיו, למשל כאשר מדובר בעבירה הנובעת מעבירה אחרת או נלווית לה, ראוי לקיים בקרה נורמטיבית, במסגרתה תיבחן השאלה האם נכון, כעניין של מדיניות משפטית ובשים לב לתכליתו של סעיף 40יג לחוק העונשין, לראות את העבירות ככמה אירועים נפרדים במטרה למנוע מצב שבו עבירה הקשורה בעבירה אחרת \תבלע\"" באותה עבירה.""",train
מהן תכליותיו של הפיצוי בהליך הפלילי לנפגעי העבירה?,"תכליותיו של הפיצוי בהליך הפלילי הן, בין היתר, לתת ביטוי והכרה חברתית, במסגרת ההליך הפלילי, למעמדם ולסבלם של נפגעי העבירה, ובמקביל להעניק סעד מהיר יחסית לנפגעי העבירה, במטרה לסייע להם בשיקום חייהם.",train
מהן השיקולים שיש להביא בחשבון ליישום עקרון ההלימה בעונש?,"על מנת ליישמו אביא בחשבון את הערכים החברתיים שנפגעו ומידת הפגיעה בהם; נסיבות הקשורות בביצוע העבירות, מידת אשמו של הנאשם ובמדיניות הענישה הנהוגה.",train
אילו שיקולים יש לקחת בחשבון בעת קביעת הענישה בעבירות סמים?,"בכל זאת תוך מתן משקל - בין היתר - לכמות הסם ואיכותו, טיב עבירת הסמים שבוצעה, תרומתו של הנאשם להתגשמות העבירה ועברו הפלילי.",train
"מדוע עבירות הנשק נחשבות ל\מכת מדינה\"" בפסיקה?""","עבירות הנשק הוכרו בפסיקה כ\מכת מדינה\"", ועל כן חלה מגמת החמרה בענישה בהן.""",train
מדוע עבירת התפרצות לבניין שאינו מקום מגורים נחשבת לחמורה ומסוכנת?,"בנוסף יש לציין כי ככל עבירת התפרצות, עבירת התפרצות לבניין שאינו מקום מגורים או תפילה וביצוע גניבה טומנת בחובה חומרה ומסוכנות משמעותיות.",train
מה מעידה נכונות הנאשם להשתלב במסגרת טיפולית על התמודדותו עם העבירה?,נכונותו של הנאשם להשתלב במסגרת טיפולית מצביעה על כך שהוא הפנים את חומרת העבירה שביצע וכי מדובר בפועל יוצא מקשייו להתמודדות במצבי לחץ.,train
כיצד צריכים העונשים בעבירות סמים להשתלב במאבק הכולל להדברת הנגע?,נגע הסמים הפוגע קשות בחברתנו מחייב מלחמת חורמה והעונשים שיגזרו על ידי בתי המשפט בשל עבירות סמים צריכים להשתלב במאבק הכולל להדברת הנגע.,train
מהו טיעון הנאשם בנוגע לחומרת העבירות המיוחסות לו?,"אינני מקל ראש בחומרת העבירות שמיוחסות לנאשם ובעוצמת הפגיעה באינטרס הציבורי המוגן בעקבות ביצוען של העבירות שבכתב האישום, אך לא ניתן לומר שהחומרה שנובעת מהעבירות שביצע היא בדרגה גבוהה ואף לא ברף התיכון של החומרה.",train
מהן הנסיבות האישיות שיש להביא בחשבון בגזירת העונש?,"בגזירת העונש המתאים לנאשם, בהתאם לסעיף 40יא לחוק העונשין, יובאו בכלל חשבון נסיבותיו האישיות, שאינן קשורות בביצוע העבירה.",train
מהי המסקנה לגבי העונש ההולם לעבירת תקיפת בת זוג בנסיבות המקרה?,"מכל המקובץ, באתי למסקנה כי העונש ההולם לעבירת תקיפת בת זוג הגורמת חבלה של ממש, בנסיבות ביצועה במקרה שלפניי, נתחם במשרעת שבין מאסר מותנה לבין 12 חודשי מאסר בפועל, לצד ענישה מרתיעה וענישה כלכלית.",train
אילו שיקולים הובאו לזכות הנאשם בעת קביעת הענישה?,"לזכות הנאשם הבאתי בחשבון את הודאתו בכתב האישום שתוקן לקולא, עברו הנקי והבעת החרטה מצדו.",train
מהי ההצדקה שנקבעה לפסוק פיצוי לנפגעי העבירה?,נקבע כי קיימת הצדקה ברורה לפסוק פיצוי לזכות נפגעי העבירה.,train
כיצד משפיעה חוסר ההפנמה של הנאשם את הפסול שבמעשיו על הצורך בענישה מוחשית?,"הנאשם לא הפנים את הפסול שבמעשיו, ומשום כך יש צורך להבהיר לו באמצעות ענישה מוחשית, את הפסול שבהתנהגותו למען יירתע הוא ואחרים כמותו מלבצע מעשים דומים בעתיד.",train
מהן השיקולים שיש לקחת בחשבון בעת קביעת העונש לנאשם בעבירות סחיטה באיומים?,"בעת קביעת העונש יש להביא בחשבון גם שיקולים סוציאליים אישיים ונסיבות הנאשם הפונות לקולא, כמו הבעת חרטה, לקיחת אחריות, השפעת העונש על משפחת הנאשם, אך גם יש לתת משקל עליון לחומרת המעשים, ההשלכות החברתיות והצורך בהרחקה והרתעה.",train
מהי החומרה והמסוכנות המיוחסת לעבירת התפרצות לבניין שאינו מקום מגורים?,"בנוסף יש לציין כי ככל עבירת התפרצות, עבירת התפרצות לבניין שאינו מקום מגורים או תפילה וביצוע גניבה טומנת בחובה חומרה ומסוכנות משמעותיות.",train
מהו העונש המומלץ במקרה זה בהתחשב בכל רכיבי העבירה?,"מכל הנאמר, שילוב כלל רכיבי העבירה בנסיבות דנא יימצא בענישה שתכלול מאסר בדרך של עבודות שירות, קנס וענישה מותנית צופה פני עתיד.",train
מהו העיקרון המנחה בענישה בעבור עבירות חמורות?,"עבירות חמורות אלה, כל אחת לחוד ובעיקר שילובן זו בזו, הינן עבירות ששומה על בית המשפט למגר בענישה מרתיעה ומשמעותית.",train
"כיצד יינתן ביטוי לשיקולי הגמול, ההרתעה והשיקום במקרה זה?","בדרך זו יינתן ביטוי למכלול שיקולי הגמול, ההרתעה והשיקום.",train
כיצד השפיע חלקו המרכזי של הנאשם על בחינת נסיבות ביצוע העבירה?,"בבחינת נסיבות הקשורות בביצוע העבירה (סעיף 40ט לחוק העונשין), הבאתי בכלל חשבון את חלקו המרכזי והעיקרי של הנאשם כמי שקשר קשרים ורקם את התכניות עם כלל המעורבים.",train
מהו המבחן המהותי להפעלת עונש מאסר על תנאי נגד נאשם?,הלכה היא כי המבחן להפעלת עונש מאסר על תנאי התלוי כנגד נאשם אינו טכני-פורמלי אלא ענייני-מהותי.,train
מהו העונש ההולם לעבירת תקיפת בת זוג בנסיבות המקרה?,"מכל המקובץ, באתי למסקנה כי העונש ההולם לעבירת תקיפת בת זוג הגורמת חבלה של ממש, בנסיבות ביצועה במקרה דנא, נתחם במשרעת שבין 8 ל-30 חודשי מאסר בפועל, לצד ענישה מרתיעה וענישה כלכלית.",train
מהו הרף שהמליץ עליו בית המשפט העליון בענישה בעבירות פציעה בנסיבות מחמירות?,"בית המשפט העליון פסק לא אחת, כי יש לקבוע רף ענישה מחמיר ומרתיע בעבירות מסוג זה (ראו: עניין ביטאו, המוזכר לעיל; ע\פ 10444/06 ציון עייני נ' מדינת ישראל (ניתן ביום 05.04.2007) וע\""פ 6885/04 שי חן נ' מדינת ישראל (ניתן ביום 10.02.2005)).""",train
מהו החשש המוגבר הנוגע להישנות מעשי אלימות מצד הנאשם?,"בנסיבות אלה, גובר החשש להישנות מעשי אלימות מצדו ויש להמחיש עבורו את חומרת מעשיו בענישה הולמת ומרתיעה.",train
מה היה העונש הצפוי לנאשם אילו היה מורשע בעבירה שלא במסגרת הסדר טיעון?,"אילו הנאשם היה מורשע באותה עבירה, בנסיבות ביצועה, שלא במסגרת הסדר טיעון, היה מקום להטיל עליו עונש חמור מזה שהוצע על ידי הצדדים.",train
כיצד יש לבחון את מדיניות הענישה במקרה של נאשמים בעבירות דומות?,"עם זאת, בבחינת מדיניות הענישה הנהוגה על בית המשפט לבחון ענישה שהוטלה על נאשמים במקרים שנסיבותיהם דומות לנסיבות המקרה הנדון, תוך שימת לב להבחנות מתחייבות.",train
מהן הערכים החברתיים המוגנים שנפגעים בעבירות סחר בסמים?,"עבירות סמים בכללותן, ובראשן עבירת הסחר בסמים, פוגעות בערכים החברתיים של הגנה על שלום הציבור, ביטחונו, בריאותו ובסדר הציבורי כתוצאה מהפגיעה ההרסנית הכרוכה בסחר ובשימוש בסמים.",train
כיצד מתבטאת המסוכנות הגבוהה של הנאשם במעשיו?,"מעשיו של הנאשם משקפים תעוזה, העדר מורא ומסוכנות גבוהה.",train
מהי החשיבות של העדר עבירות נלוות הפוגעות בגוף או בחיי אדם?,"מבלי להקל ראש בחומרת המעשה, דומני כי יש גם לתת את הדעת לכך כי לא נעברו עבירות נלוות הפוגעות בגוף או בחיי אדם.",train
כיצד חידש תיקון מס' 113 לחוק העונשין את השיטה בענישה אינדיווידואלית?,"דרך זו חידד תיקון מס' 113 לחוק העונשין את הצורך בהמשך נקיטת שיטת ענישה אינדיווידואלית, הבוחנת נסיבותיו של כל מקרה ואדם המובא לדין.",train
מהן הנסיבות האישיות שיש להביא בחשבון בגזירת העונש לנאשם?,"בגזירת העונש המתאים לנאשם, בהתאם לסעיף 40יא לחוק העונשין, יובאו בכלל חשבון נסיבותיו האישיות, שאינן קשורות בביצוע העבירה.",train
מהי התופעה העבריינית שמדוברת בפסק הדין וכיצד יש לנהוג בה?,"התופעה העבריינית בה פרזיטים מבקשים לחיות מעמל כפיהם של אחרים בדרך של סחיטה באיומים, הינה תופעה חמורה ובזויה המעוררת שאט נפש, אותה יש לשרש בדרך של השתת עונשים מרתיעים.",train
מהו הידע שהנאשמים החזיקו לגבי הפסול שבמעשיהם במהלך האירועים?,הנאשמים יכלו להבין את הפסול שבמעשיהם בכל רגע נתון ולהימנע מהם נוכח שליטתם במהלכיהם לכל אורך הדרך ולא כיחדתי מפוטנציאל הפגיעה הפיזית והנפשית במתלונן.,train
מה על בית המשפט לבחון כאשר הוא שוקל חריגה ממתחם הענישה?,"על בית המשפט לבחון האם ראוי לחרוג ממתחם הענישה בשל שיקולי שיקום המהווים שיקול לקולא (סע' 40ד לחוק העונשין); או מאידך, לחרוג מן המתחם בשל הצורך להגנה על שלום הציבור, המהווה שיקול לחומרה (סע' 40ה לחוק העונשין).",train
מהי מלאכת גזירת הדין ומהם שלביה העיקריים לפי חוק העונשין?,"מלאכת גזירת הדין מורכבת משלושה שלבים עיקריים:  תחילה, אקבע את מתחמי העונש ההולם לעבירות שביצע הנאשם, על בסיס שיקולים נורמטיביים ואובייקטיבים, בהתחשב בערכים החברתיים שנפגעו מביצוע העבירות, במידת הפגיעה בערכים החברתיים, במדיניות הענישה הנהוגה ובנסיבות הקשורות בביצוע העבירות כמפורט בסעיף 40ט לחוק העונשין (סעיף 40ג לחוק העונשין); לאחר מכן, אבחן האם ראוי לחרוג מן המתחם לקולא בשל שיקולי שיקום (סעיף 40ד לחוק העונשין) או לחומרה בשל שיקולי הגנה על שלום הציבור (סעיף 40ה לחוק העונשין); לבסוף, אקבע את העונש המתאים שיושת על הנאשם, בהתחשב בצורך בהרתעתו (סעיף40ו לחוק העונשין), בהרתעת הרבים (סעיף40ז לחוק העונשין) ובנסיבותיו האישיות שאינן קשורות בביצוע העבירות (סעיפים 40יא ו-40יב לחוק העונשין).",train
מה על בית המשפט לשקול כאשר הוא בוחן חריגה ממתחם הענישה?,"בהינתן מתחם הענישה ההולם, על בית המשפט לבחון האם ראוי לחרוג ממנו לקולה בשל שיקולי שיקום (סעיף 40ד לחוק העונשין) או לחומרה בשל הצורך להגנה על שלום הציבור (סעיף 40ה לחוק העונשין).",train
מהי המסקנה לגבי יחס הנזק הצפוי מהרשעת הנאשם לעומת חומרת העבירות?,"בענייננו לא שוכנעתי, כי אין יחס סביר בין הנזק הצפוי מהרשעת הנאשם לבין חומרת העבירות ואי לכך אני מותיר את הרשעת הנאשם בעינה.",train
כיצד מתאר בית המשפט את התנהגות הנאשם בניסיון לפגוע במתלוננת?,"בניסיונו של הנאשם להביא למותה של המתלוננת, הוא לא רק ביקש לפגוע בזכותה לחיים ולשלמות גופה, אלא לטעמי, התנהגותו מבטאת שלילה מוחלטת של אנושיותה של המתלוננת, מנקודת מבטו של הנאשם - התוקף.",train
מהו השיקול המרכזי שנלקח בחשבון לגבי חומרת מעשיו של הנאשם?,חומרת מעשיו של הנאשם מהווה אם כן את השיקול המרכזי לחובתו.,train
מהו רף הענישה המרבי שנקבע לעבירת נשיאת נשק ומה הוא מבטא?,בקביעת רף הענישה המרבי של 10 שנות מאסר ביטא המחוקק את החומרה הרבה הגלומה בעבירת נשיאת הנשק.,train
מהו חלקו המרכזי של הנאשם שנלקח בחשבון בבחינת הנסיבות הקשורות בביצוע העבירות?,"בבחינת הנסיבות הקשורות בביצוע העבירות (סעיף 40ט לחוק העונשין), מצאתי להביא בכלל חשבון, את חלקו המרכזי והעיקרי של הנאשם במהלך הדברים.",train
מהן הנסיבות האישיות שיבואו בחשבון בגזירת העונש לנאשם?,"בגזירת העונש המתאים לנאשם, בהתאם לסעיף 40יא לחוק העונשין, יובאו בכלל חשבון נסיבותיו האישיות, שאינן קשורות בביצוע העבירה.",train
מהו חלקו של הנאשם בביצוע העבירות שנלקח בחשבון לפי סעיף 40ט לחוק העונשין?,בבחינת הנסיבות הקשורות בביצוע העבירות (סעיף 40ט לחוק העונשין) הבאתי בחשבון את חלקו המרכזי של הנאשם בביצוע המעשים.,train
מהו הטיפול הצפוי למי שמעורב במעשי עבירה המסכנים חיי אדם?,"מי שנגרר אחרי מעשי עבירה המסכנים חיי אדם בצורה מפליגה, צריך לדעת אל-נכון, כי אם ייתפס יטופל עניינו בכל חומרת הדין (ע\פ 575/88 עאטף בן-אחמד עודה נ' מדינת ישראל, פ\""ד מב(4) 242).""",train
כיצד יש לשקול את הרכיב הכלכלי בענישה בעבירות רכוש?,"בעניינן של עבירות רכוש המכוונות לצרכים כלכליים, הענישה צריכה לכלול גם הרכיב הכלכלי, אך יש להתחשב בנסיבות הכוללות עונשים קיימים.",train
מהו מתחם העונש ההולם שנקבע בהתחשב בערכים החברתיים שנפגעו?,"מכל המקובץ, בהתחשב בערכים החברתיים שנפגעו מביצוע העבירות, במידת הפגיעה בהם, במדיניות הענישה הנהוגה, בנסיבות הקשורות בביצוע העבירות והיחס ההולם בין חומרת מעשי העבירות בנסיבותיהן ומידת אשמו של הנאשם, סבורני כי מתחם העונש ההולם הינו בין מאסר מותנה לבין 10 חודשי מאסר בפועל, לצד מאסרים מותנים וענישה כלכלית.",train
כיצד חידש תיקון מס' 113 לחוק העונשין את שיטת הענישה האינדיווידואלית?,"בדרך זו חידד תיקון מס' 113 לחוק העונשין את הצורך בהמשך נקיטת שיטת ענישה אינדיווידואלית, הבוחנת נסיבותיו של כל מקרה ואדם המובא לדין (ע\פ 433/89 אטיאס נ' מדינת ישראל, פ\""ד מג(4) 170; ע\""פ 5106/99 אבו ניג'מה נ' מדינת ישראל, פ\""ד נד(1) 350; רע\""פ 3173/09 פראגין נ' מדינת ישראל (ניתן ביום 5.5.2009)).""",train
מהי החשיבות של הפעלת מלוא חומרת הדין בתופעות אלימות נגד עורכי דין?,בית המשפט מצווה לפעול ולהפעיל את מלוא חומרת הדין שעה שתופעות אלימות נגד ציבור עורכי הדין הולכות ומתרבות.,train
מהו הקשר בין האיסור המופיע בעבירה לבין זכויות האדם המעוגנות בחוק יסוד?,"אין חולק אפוא על הקשר שבין האיסור המופיע בעבירה, לבין הזכויות המעוגנות בחוק יסוד: כבוד האדם וחירותו.",train
אילו גורמים נלקחים בחשבון בהערכת נסיבותיהם האישיות של הנאשמים?,"בהתחשב בנסיבותיהם האישיות, נסיבות אלה נלמדות, בין היתר, מטיעוני הצדדים לעונש, עברם הפלילי, דברי הנאשמים בבית המשפט ומכלול הראיות שהוצגו לעיוני.",train
מהו הצורך של בית המשפט לאתר מקרים דומים בעת קביעת מתחם ענישה לנאשם?,"בבואו של בית המשפט להציב מתחם ענישה הולם עבור הנאשם שבפניו, עליו לאתר מקרים שיהיו דומים דיים להשוואה\.""",train
כיצד השפיעו ימי מעצרו והגבלותיו על חירותו של הנאשם על ההחלטה בעניינו?,עוד אציין כי הבאתי בחשבון את ימי מעצרו של הנאשם במסגרת הליך זה וההגבלות שהוטלו על חירותו עם שחרורו.,train
כיצד משפיעים רקע הנאשם הבריאותי והעבירות על מסוכנותו בעיני בית המשפט?,"סבורני כי חומרתן של העבירות ונסיבות ביצוען בשילוב רקעו הבריאותי הפיזי והנפשי של הנאשם מציירים תמונת מסוכנות, שאין להתעלם ממנה, ובהעדר נכונות להשתלב במסגרת עבודות שירות, לא מצאתי כי ניתן להסתפק בענישה צופה פני עתיד בלבד.",train
מדוע יש לנקוט בענישה מחמירה כדי לעקור תופעות פסולות מן השורש?,"על בתי המשפט לעקור תופעות פסולות אלה מן השורש, בין היתר, באמצעות ענישה מחמירה ומרתיעה.",train
מהו העיקרון שעליו מתבסס מתחם הענישה ההולם לפי סעיף 40ג(א) לחוק העונשין?,"מתחם הענישה ההולם יקבע בהתאם לעקרון ההלימה, כאמור בסעיף 40ג(א) לחוק העונשין.",train
מהן הנסיבות שיכולות להשפיע על מתחם הענישה בעבירת הפרת הוראה חוקית?,"הנסיבות בהן יהא כדי להשפיע על מתחם הענישה בעבירת הפרת הוראה חוקית הינן מהותו של הצו והעומד ביסודו: אין דינה של הפרת הוראה אשר ניתנה לצורך הפקדת ערבות, כדינה של הוראה אשר ניתנה לצורך הגנה על חיי אדם.",train
מדוע יש להילחם בנגע האלימות בחברה הישראלית באמצעות ענישה הולמת?,רבות דובר בפסיקה בדבר הצורך להילחם בנגע האלימות שפשה בחברה הישראלית ולעוקרו מן השורש באמצעות ענישה הולמת ומרתיעה.,train
מהו העקרון המנחה לקביעת מתחם העונש ההולם לפי סעיף 40ג(א) לחוק העונשין?,מתחם העונש ההולם ייקבע בהתאם לעקרון ההלימה כפי שהוגדר בסעיף 40ג(א) לחוק העונשין.,train
מהי ההמלצה לגבי הטלת עונש כולל בגין סדרת עבירות מאותו הסוג?,"כאשר מדובר בסדרת עבירות מאותו הסוג שבנסיבותיהן הן דומות זו לזו יש מקום להטיל עונש כולל בגין מכלול העבירות, שכן 'קביעת עונש נפרד עבור כל אחת מהן נראית במקרה כזה כמלאכותית' (השופט י' כהן בע",train
מהו השיקול שעל בית המשפט לשקול לחריגה ממתחם הענישה?,"על בית המשפט לבחון האם ראוי לחרוג מן המתחם בשל שיקולי שיקום המהווים שיקול לקולא (סע' 40ד לחוק העונשין); או מאידך, לחרוג מן המתחם בשל הצורך להגנה על שלום הציבור, המהווה שיקול לחומרה (סע' 40ה לחוק העונשין).",train
מהי החשיבות שבנקיטת יד קשה כלפי עבריינים שביצעו עבירות מין במשפחה?,"בית המשפט העליון עמד לא אחת על החשיבות שבנקיטת יד קשה כלפי עבריינים שביצעו עבירות מין במשפחה, וזאת \הן לשם הרתעתם האישית והן להרתעת הרבים, ובעיקר על מנת לשקף את מידת הפגיעה החמורה בקורבנות ובזכות היסוד של כבוד האדם, וכן במטרה להביע את הסלידה ושאט הנפש של החברה מביצוע עבירות אלו. הדבר נכון ביתר שאת, כאשר מדובר בקורבנות קטינים\"".""",train
כיצד מוגדרת עצמת הפגיעה בערכים המוגנים במקרה זה?,עצמת הפגיעה בערכים המוגנים במקרה זה הינה ברף גבוה.,train
מהו הנזק הצפוי שהיה עשוי להיגרם אם הקרבנות היו שמים לב לגניבה?,"נזק שהיה צפוי להיגרם מביצוע העבירות, עשוי היה להיות גדול ומשמעותי, במידה ומי מהקרבנות היה שם ליבו למעשה, עד להתדרדרות לאלימות פיסית.",train
מהו האינטרס הציבורי הנדרש לשמירה על מערכות האמון בעובדים?,"בנסיבות אלו, האינטרס הציבורי דורש שמירה על מערכות האמון שיכול כל מעביד לתת בעובד, וזאת באמצעות ענישה מרתיעה שתבהיר כי כל פגיעה באמון זה תקבל מענה בדמות ענישה מוחשית.",train
מהו הצורך המשפטי בהבהרת הפסול בהתנהגות הנאשם כדי למנוע הישנות עבירות דומות בעתיד?,"בהעדר אופק שיקומי וחשש להישנות התנהגות פורצת גבולות כלפי האחר בעתיד, יש צורך להבהיר עבורו את הפסול שבהתנהגותו למען יירתע הוא ואחרים כמותו מלבצע עבירות דומות בעתיד.",train
"מהי המגמה בענישה בעבירות נשק שנחשבות כ\מכת מדינה\""?""","עבירות הנשק הוכרו בפסיקה כ\מכת מדינה\"", ועל כן חלה מגמת החמרה בענישה בהן.""",train
מהו האינטרס הציבורי שיש לתת לו משקל בעבירות סמים?,לא אחת נפסק כי בעבירות סמים יש לתת משקל בכורה לאינטרס הציבורי במיגור התופעה של הפצת סמים מסוכנים ובהרתעת היחיד והרבים.,train
מהו תפקידו של בית המשפט במאמץ הלאומי באמצעות הענישה?,בית המשפט מצווה להרים את תרומתו למאמץ הלאומי באמצעות ענישה הולמת ומרתיעה.,train
מהו החשש המוביל לענישה מרתיעה במקרה של הנאשם?,"במצב שכזה, גובר החשש להישנות מקרים דומים בעתיד ועל כן יש חשיבות בענישה מרתיעה שיהא בה להניא את הנאשם מלשוב ולבצע עבירות נוספות.",train
מהן שלושת השלבים במלאכת גזירת הדין לפי חוק העונשין?,"מלאכת גזירת הדין מורכבת משלושה שלבים עיקריים: תחילה, אקבע את מתחם העונש ההולם למעשי העבירות שביצע הנאשם, על בסיס שיקולים נורמטיביים ואובייקטיבים, בהתחשב בערך החברתי שנפגע מביצוע העבירה, במידת הפגיעה בערך זה, במדיניות הענישה הנהוגה ובנסיבות הקשורות בביצוע העבירות כמפורט בסעיף 40ט לחוק העונשין (סעיף 40ג לחוק העונשין); לאחר מכן, אבחן האם ראוי לחרוג מן המתחם לקולא בשל שיקולי שיקום (סעיף 40ד לחוק העונשין) או לחומרא בשל שיקולי הגנה על שלום הציבור (סעיף 40ה לחוק העונשין); לבסוף, אקבע את העונש המתאים שיושת על הנאשם, בהתחשב בצורך בהרתעת הנאשם (סעיף40ו לחוק העונשין), בצורך בהרתעת הרבים (סעיף40ז לחוק העונשין) ובנסיבותיו האישיות של הנאשם שאינן קשורות בביצוע העבירה (סעיף 40יא לחוק העונשין), כמו גם בנסיבות אחרות ככל שתמצאנה רלוונטיות (סעיף 40יב לחוק העונשין).",train
מהו הכלל לגבי מתן משקל להסדר טיעון לאחר הליך גישור?,"כאשר הסדר הטיעון מתגבש לאחר הליך גישור בפני שופט מגשר, הכלל הוא כי יינתן משקל נוסף לחשיבות כיבוד ההסדר.",train
מהו העיקרון המנחה לקביעת מתחם העונש ההולם לפי סעיף 40ג(א)?,מתחם העונש ההולם נקבע בהתאם לעיקרון ההלימה כפי שהוגדר בסעיף 40ג(א) לחוק העונשין.,train
מהו המצב הנפשי של הנאשם לאחר ההרשעה וכיצד הוא משפיע על נכונותו להליך שיקומי?,"על אף מאמציו לשינוי אורחות חייו וניהול אורח חיים נורמטיבי ויציב, הנאשם מוסיף להתכחש לביצוע העבירה אף לאחר שהורשע, נמנע מלבחון לעומק את התנהגותו בעת ביצוע העבירה, משליך את האחריות על צריכת האלכוהול ואינו מראה בשלות להליך שיקומי כלשהו.",train
מהי הסיבה שלא הוחמר העונש למרות התחמקויותיו של הנאשם?,"עם זאת, לאור נסיבותיו של הנאשם, לא מצאתי להחמיר בעונשו, על אף התחמקויותיו מלקבל על עצמו את הדין.",train
מדוע בית המשפט אינו כפוף להמלצות שירות המבחן במקרה זה?,"ברם, ידוע הוא כי אין בית המשפט כפוף להמלצות שרות המבחן בהיותו אמון על שקילת מכלול האינטרסים בענישה וסבורני כי נסיבות המעשים לבדן מקשות על אימוץ המלצותיו (ראו: ע\פ 4833/07  אבו פנה נ' מדינת ישראל (ניתן ביום 25.9.2007)).""",train
מהי זכותו של הנאשם במקרה של הגנה עצמית בעת סילוק פולשים מדירתו?,"דומה כי עד כאן, ועל כך אין חולק, עומדת לרשות הנאשם זכותו להגנה עצמית, בעודו מנסה לסלק את הפולשים שבאו להרע לו בביתו באישון הליל.",train
מהו העקרון המנחה לקביעת מתחם העונש ההולם לפי סעיף 40ג(א) לחוק העונשין?,מתחם העונש ההולם יקבע בהתאם לעקרון ההלימה כפי שהוגדר בסעיף 40ג(א) לחוק העונשין.,train
מהו השיקול המרכזי לחומרה שנוגע לנאשמים במקרה זה?,השיקול המרכזי העומד לחומרה מבחינת הנאשמים הינו חומרת מעשיהם האלימים בנסיבות ביצועם כפי המפורט לעיל.,train
מדוע לא הוחמרה הענישה למרות ניהול המשפט בהתאם לחוק העונשין?,"אדגיש כי לא החמרתי עם הנאשמים בשל כך שניהלו את משפטם כמצוות סעיף 40יא(6) לחוק העונשין, אולם הנאשמים אינם זכאים להקלה לה זכאים נאשמים אשר לוקחים אחריות למעשיהם, מביעים חרטה וחוסכים מזמנו של בית המשפט והעדים.",train
כיצד משפיעה חרטת הנאשמים על הערכת בית המשפט לגבי חומרת מעשיהם?,"אמנם, הנאשמים הביעו חרטה אך נוכח העולה מתסקירי שירות המבחן ספק בליבי עד כמה הפנימו הנאשמים את חומרת מעשיהם.",train
כיצד משפיעה פגיעת הסמים על השימוש בסמים אחרים?,"אף אם אין מדובר בסמים שנתפסים כסמים \קשים\"", פגיעתם מוחשית, הן באופן ישיר והן בהיותם סמים \""פותחי שער\"" לסמים אחרים, קשים ומסוכנים יותר.""",train
מהי מטרת הערכים החברתיים במניעת הפקת רווחים מעבירות הלבנת הון?,"מדובר אם כן בערכים חברתיים שמטרתם מניעת הפקת רווחים מעבירות; מניעת היכולת להטמיע כספים שמקורם בעבירות מקור, תוך שימוש במערכת הבנקאית ובנותני שירותי מטבע, עם כספים שהושגו בדרך חוקית; יצירת תמריץ שלילי לביצוע עבירות בעלות היבט כלכלי באמצעות נטרול יסוד הרווח הטמון בהן; ומניעת פעילות עבריינית.",train
מדוע עבירה של תקיפת קטין נחשבת לפוגעת בחסרי ישע לפי סעיף 368ב(א) לחוק העונשין?,"הערכים החברתיים שנפגעו ומידת הפגיעה - עבירה של תקיפת קטין וגרימת חבלה ע\י אחראי לפי סעיף 368ב(א) לחוק העונשין לצידה נקבע עונש מרבי של 7 שנות מאסר, נמנית על העבירות הפוגעות בחסרי ישע.""",train
כיצד חידש תיקון מס' 113 לחוק העונשין את השיטה לענישה אינדיווידואלית?,"דרך זו חידד תיקון מס' 113 לחוק העונשין את הצורך בהמשך נקיטת שיטת ענישה אינדיווידואלית, הבוחנת נסיבותיו של כל מקרה ואדם המובא לדין.",train
מדוע לא ניתן היה להקיש מהפסיקה שהציגה המאשימה לעניינו של הנאשם?,"לא מצאתי כי ניתן להקיש מהפסיקה שהציגה לפניי המאשימה לעניינו של הנאשם שכן אמנם המדובר היה בעבירת איומים אך במקרים שהובאו, תוכן האיום היה חמור יותר (איום בהריגה) והעבירה בוצעה בתוך התא המשפחתי כך שלא מצאתי לאמץ את המתחמים שנקבעו שם.",train
כיצד השפיעה הודאת הנאשם על גזר הדין?,"הבאתי בכלל חשבון את הודאתו של הנאשם בכתב האישום בהזדמנות הראשונה והחיסכון בזמנו של בית המשפט הכרוך בכך, לקיחת אחריות על מעשיו והבעת הצער והחרטה מצידו.",train
מדוע הנאשם אינו זכאי להקלה המוענקת לנאשמים המביעים חרטה?,"הנאשם אינו זכאי להקלה לה זכאים נאשמים אשר לוקחים אחריות למעשיהם, מביעים חרטה וחוסכים מזמנו של בית המשפט ועדי הצדדים.",train
אילו ערכים חברתיים נפגעים במעשיו של הנאשם לפי תיאור המקרה?,"הנאשם במעשיו פגע בערכים החברתיים של תחושת הביטחון, שלמות הגוף והאוטונומיה שיש לאדם על גופו, הגנה על הרכוש והכבוד של כל פרט בציבור מפני תופעת האלימות, הן ביחס לגופו והן ביחס לרכושו.",train
מהי החשיבות של נוכחות הנאשם במסגרת טיפולית ארוכת טווח למרות חוסר התמיכה המשפחתית?,"אומנם הנאשם אינו נהנה מתמיכה משפחתית רחבה, אך חשיבות נוכחותו במסגרת טיפולית ארוכת טווח בחסות שירות המבחן הינה משמעותית.",train
מהן שלושת השלבים העיקריים במלאכת גזירת הדין?,"מלאכת גזירת הדין מורכבת משלושה שלבים עיקריים:  תחילה, אקבע את מתחם העונש ההולם למעשה העבירה שביצע הנאשמת, על בסיס שיקולים נורמטיביים ואובייקטיבים, בהתחשב בערך החברתי שנפגע מביצוע העבירה, במידת הפגיעה בערך זה, במדיניות הענישה הנהוגה ובנסיבות הקשורות בביצוע העבירה כמפורט בסעיף 40ט לחוק העונשין (סעיף 40ג לחוק העונשין); לאחר מכן, אבחן האם ראוי לחרוג מן המתחם לקולא בשל שיקולי שיקום (סעיף 40ד לחוק העונשין) או לחומרה בשל שיקולי הגנה על שלום הציבור (סעיף 40ה לחוק העונשין); לבסוף, אקבע את העונש המתאים שיושת על הנאשמת, בהתחשב בצורך בהרתעת הנאשמת (סעיף40ו לחוק העונשין), בצורך בהרתעת הרבים (סעיף40ז לחוק העונשין) ובנסיבותיה האישיות של הנאשמת שאינן קשורות בביצוע העבירה (סעיף 40יא לחוק העונשין), כמו גם בנסיבות אחרות ככל שתמצאנה רלוונטיות (סעיף 40יב לחוק העונשין).",train
כיצד השפיעה הזיכוי בעבירת התנהגות פסולה על ההכרעה לגבי העבירות האחרות?,"בנוסף לכך, הבאתי בכלל חשבון כי הנאשם זוכה מעבירת התנהגות פסולה במקום ציבורי שיוחסה לו, אך זאת כאמור לאחר ששוכנעתי שיש בכלל העבירות בהן הורשע כיסוי מלא להתנהלותו האסורה.",train
מהי מדיניות הענישה בעבירות המיועדות לעובדי ציבור ואוכפי החוק?,"מדיניות הענישה הנהוגה בעבירות לעיל נותנת בדרך כלל ביטוי לצורך שבהשתת ענישה מוחשית בדמות מאסר מאחורי סורג ובריח, למי שמעז לנהוג באופן בריוני ומאיים כלפי עובדי ציבור ואוכפי החוק.",train
מה הסיכון בהפעלת עונשי המאסר המותנים על הנאשם במקרה זה?,סבורני כי הפעלת עונשי המאסר המותנים עשויה לגדוע את מסלול דרכו החדשה של הנאשם ולהוריד לטמיון את תוצאות מאמציו.,train
מהו תו המיוחדות של מעילה באמון בהשוואה לעבירות גניבה אחרות?,"מלבד הפגיעה בקנינו של המעסיק, נילווה למעשים אלו תו מיוחד של מעילה באמון, הפוגעת שבעתיים מפגיעתו של זר.",train
כיצד פוגע הנאשם בזכותו היסודית של המתלונן לאוטונומיה על גופו?,הנאשם עשה שימוש בכלי נשק קר ובדרך זו פגע בערך החברתי של זכותו היסודית של המתלונן לאוטונומיה על גופו.,train
כיצד שינוי ערכי בעבירה מתוך אדישות משפיע על קדושת החיים?,שינוי ערכי בעבירה מתוך אדישות מחדד את קדושת החיים ומקרב חומרת היסוד הנפשי של אדישות לזו של כוונה.,train
מהי מידת הפגיעה בערכים החברתיים המוגנים במקרה זה?,מידת הפגיעה בערכים החברתיים המוגנים במקרה דנא הינה ברף גבוה.,train
מהו מתחם העונש ההולם שנקבע בנסיבות המקרה שלפניי?,"מכל המקובץ, באתי למסקנה כי מתחם העונש ההולם בנסיבות המקרה שלפניי הינו בין 3 חודשי מאסר לבין 15 חודשי מאסר בפועל, לצד ענישה מותנית וענישה כלכלית.",train
מהי הציפייה ממי שהגיע למדינה תוך הברחת גבולה בהתנהגות חוקית?,"בנוסף מצאתי לאמץ את דבריו של כב' הש' א. ביתן בת\פ 8306/08 מדינת ישראל נ' טאקיה (ניתן ביום 16.9.2009) כפי שהובאו בע\""פ 8631/09 לעיל לפיהם: \""ניתן לצפות ממי שהגיע למדינה תוך הברחת גבולה וקיבל רשות לשהות בה, להקפדה על התנהגות חוקית והימנעות ממעשים הפוגעים במובהק בסדר הציבורי ובמוסכמות האנושיות המקובלות.\""""",train
מהו העונש המרבי שנקבע לעבירה של השמדת ראיה ומהם הערכים החברתיים שנפגעים ממנה?,"הערכים החברתיים שנפגעים בביצוע עבירה של השמדת ראיה, לצדה קבע המחוקק עונש מרבי של 5 שנות מאסר, הם הגנה על סדרי שלטון ומשפט.",train
מהו העיקרון המנחה בבחינת מקרים משפטיים שונים של נאשמים?,כל מקרה נבחן כפי נסיבותיו הייחודיות ולא מצאתי לגזור גזירה שווה בין אלו מהאסמכתאות לבין עניינו של הנאשם כאינדיבידואל העומד לדין מלפניי.,train
מהי הסיבה להשית על הנאשם עונש מוחשי והרתעתי?,"היות והנאשם לא הפנים את חומרת מעשיו ובחר שלא לקחת אחריות, סבורני כי אין מנוס אלה להשית על הנאשם עונש מוחשי והרתעתי על מנת לחדד עבורו את חומרת מעשיו.",train
אילו שיקולים ינחו את בית המשפט בקביעת העונש המתאים לנאשם?,"אי-לכך, מכלול השיקולים, לרבות שיקולי הרתעת הנאשם ואחרים כמותו מפני ביצוע עבירות נוספות, ינחוני בקביעת העונש המתאים לנאשם בגדרי מתחם הענישה (ר' סע' 40ו ו-40ז לחוק העונשין).",train
מהו ההשפעה של הפעלת המאסרים המותנים על הנאשם מבחינת נזק והרתעה?,הפעלה של המאסרים המותנים תסב לנאשם נזק חמור והארכת משך המאסרים המותנים תתרום להרתעת הנאשם לבל ישוב לבצע עבירות פליליות בהן הורשע.,train
מהי המדיניות המשפטית העומדת בבסיס השיקולים לחומרה בעבירות שביצע הנאשם?,"שיקולים לחומרה: בבסיס השיקולים לחומרה עומדת המדיניות המשפטית בעבירות בהן הורשע הנאשם, עבירות שבוצעו במסגרת התא המשפחתי, וחומרתן.",train
מהו הצורך שנקבע בתיקון מס' 113 לחוק העונשין לגבי שיטת הענישה?,"בדרך זו חידד תיקון מס' 113 לחוק העונשין את הצורך בהמשך נקיטת שיטת ענישה אינדיווידואלית, הבוחנת נסיבותיו של כל מקרה ואדם המובא לדין (ע\פ 433/89 אטיאס נ' מדינת ישראל, פ\""ד מג(4) 170; ע\""פ 5106/99 אבו ניג'מה נ' מדינת ישראל, פ\""ד נד(1) 350; רע\""פ 3173/09 פראגין נ' מדינת ישראל (ניתן ביום 5.5.2009)).""",train
מהי הסיבה שהובילה את שירות המבחן למסקנה כי תגובת הנאשם לא נבעה מנטייה לאלימות?,"שירות המבחן התרשם כי תגובתו האלימה של הנאשם נבעה מעומס רגשי באותה תקופה, במהלכה הדחיק רגשותיו והתקשה לשמור על תקשורת פתוחה עם המתלוננת, אך לא מנטייה להתנהגות אימפולסיבית ואלימה.",train
מהי המסקנה לגבי יכולת הנאשמת להבין את הפסול שבמעשיה בעקבות צריכת האלכוהול?,"לא התרשמתי כי צריכת האלכוהול פגעה ביכולתה של הנאשמת להבין את הפסול שבמעשיה, והיא יכלה להימנע מביצועם, בדרך של קריאה למשטרה.",train
מהו הנזק הפוטנציאלי שיכול היה להיגרם כתוצאה מהפצת הסם?,"הנזק שהיה עלול להיגרם כתוצאה מהפצתו של הסם הוא נזק פוטנציאלי משמעותי בשים לב לכמות הגדולה של הסם, אשר צפויה היה לפגוע בציבור משתמשים רב.",train
מהי מידת הפגיעה בערכים המוגנים בגין האישום הראשון?,"בבחינת מידת הפגיעה בערכים המוגנים בגין האישום הראשון, הנני סבור כי מדובר בפגיעה ברף תיכון.",train
מדוע יש לאפשר פרשנות רחבה למונח 'אירוע אחד' בהקשר של תיקון 113 לחוק?,"אף לגישתי, דומה כי ראוי לאפשר פרשנות רחבה דיה להגדרת המונח 'אירוע אחד' אשר תשאיר מתחם להפעלת שיקול דעתו של בית המשפט, וזאת הן בשל שיקולי יעילות עבודתו של בית המשפט והן לשם הגשמת תכליתו של תיקון 113 לחוק.",train
מהי המדיניות המשפטית בעבירות אלימות בתוך התא המשפחתי?,"שיקולים לחומרה: בבסיס השיקולים לחומרה עומדת המדיניות המשפטית בעבירות שבהן הורשע הנאשם, עבירות שבוצעו במסגרת התא המשפחתי וחומרתן.",train
מהי הסיבה להסתפק בפיצוי סמלי לנפגעי העבירה במקרה זה?,"מצאתי להסתפק בפיצוי סמלי לנפגעי העבירה, לא רק בשל אבדן כספי שנגרם להם, אלא גם בשל תחושות הפחד והאימה שליוו אותם במשך תקופות ממושכות כתוצאה מהתנהלות הנאשם כלפיהם.",train
מדוע יש להכיר בזכותו של נאשם לנהל משפט בעניינו?,"אין ספק, זכותו של נאשם לנהל משפט בעניינו ואין לזקוף זאת לחובתו בעת גזירת הדין.",train
מדוע נחשב הנאשם כמסוכן לשלום הציבור בעקבות מעשהו?,"בעצם נשיאת סכין קומנדו כה מסוכנת כשהיא קשורה לרגלו, מחוץ לביתו, ביודעו כי מעשהו אסור, היווה הנאשם סכנה ממשית לשלום הציבור ועל כן יש צורך להבהיר עבורו את מידת החומרה שבמעשיו על מנת שיירתע מלבצע עבירה דומה בעתיד.",train
מהי השפעת הענישה על משפחת הנאשם שהייתה רלוונטית להחלטת בית המשפט?,"באתי בחשבון את השפעת הענישה על משפחתו של הנאשם, בעיקר לאור העובדה שהוא מתגורר עם הוריו הקשישים ומסייע לאביו בעבודתו, חנות לממכר חמוצים.",train
"כיצד מתייחס בית המשפט לאינטרסים השונים של הנאשם, הקרבן והציבור בעת קביעת העונש?","שכן, בעוד שירות המבחן אמון על אינטרס שיקומו של הנאשם בלבד, לבית המשפט עומדת התמונה הכוללת של אינטרס הנאשם, הקרבן והציבור, ואמון הוא על כולם.",train
מהו השיקול שעל בית המשפט לבחון לחריגה ממתחם הענישה?,"על בית המשפט לבחון האם ראוי לחרוג מן המתחם בשל שיקולי שיקום המהווים שיקול לקולא (סעיף 40ד לחוק העונשין); או מאידך, לחרוג מן המתחם בשל הצורך להגנה על שלום הציבור, המהווה שיקול לחומרה (סעיף 40ה לחוק העונשין).",train
מהו השיקול שיש לקחת בחשבון בגזירת העונש בהתאם לסעיף 40יא לחוק העונשין?,"בגזירת העונש המתאים לנאשמת, בהתאם להוראות סעיף 40יא לחוק העונשין, יש מקום להתחשב בנסיבותיה האישיות, אשר אינן קשורות בביצוע העבירה.",train
מהי הסיבה לכך שהשופט לא ניכה מתקופת מאסר הנאשם את תקופת מעצרו?,"לפיכך, משמצאתי להקל בעונשו של הנאשם, נוכח נסיבותיו, ולהסתפק בעונש מאסר בפועל שירוצה בדרך של עבודות שירות, על פני ריצוי מאסר מאחורי סורג ובריח, לא מצאתי לנכות מתקופת מאסרו בדרך זו את תקופת מעצרו, על מנת שהנאשם ירצה עבודות שירות במשך התקופה המרבית לפי ס' 51ב(א) לחוק העונשין.",train
"אילו ערכים נפגעו בעקבות מעשיו של הנאשם, לפי בית המשפט?","מעשיו של הנאשם פגעו באותם ערכים של שמירה על ביטחון הציבור בכלל, וביטחון הנשים המצויות במערכות יחסים בפרט, ולטעמי - מדובר בפגיעה קשה ביותר.",train
אילו שיקולים יש להביא בחשבון בעת יישום עקרון ההלימה במתחם הענישה?,"על מנת ליישמו אביא בחשבון את הערכים החברתיים שנפגעו ומידת הפגיעה בהם; נסיבות הקשורות בביצוע העבירות, מידת אשמו של הנאשם ואת מדיניות הענישה הנהוגה.",train
מהי הסיבה לכך שלא נמצאו טעמים לחריגה ממתחם הענישה במקרה זה?,בנסיבות המקרה שלפניי לא מצאתי טעמים המצדיקים חריגה ממתחם הענישה לקולא או לחומרה.,train
כיצד משפיעה מגמת החמרה עקבית בענישה בעבירה של רצח באדישות על בחינת ההסדר?,"עינינו הרואות מגמת החמרה עקבית בענישה בעבירה של רצח ביסוד נפשי של אדישות, והדבר משפיע על בחינת ההסדר המונח בפני בית המשפט.",train
מהי עמדת המחוקק לגבי החומרה של העבירות המוזכרות?,"על כן, המחוקק הביע את דעתו על החומרה אשר בעבירות אלו על ידי קביעת ענישה מחמירה.",train
מהי הסיבה לכך שהנאשם נושא באחריות לחומרה בעבירות שביצע?,הוא זה שפיקד על המשימה ועל כן עליו לשאת באחריות לחומרה.,train
מהי המטרה של התבוננות פנימית עבור הנאשם במניעת הישנות התנהגותו?,"כך, יוכל הנאשם לערוך התבוננות פנימית ולמנוע הישנות התנהגותו בעתיד.",train
מהו תפקיד ההסדר החקיקתי במאבק בנגע הסמים?,הסדר חקיקתי זה הינו נדבך נוסף במלחמה בנגע הסמים והוא נועד להבטיח כי חוטא בעבירת סמים לא יצא נשכר.,train
מהי החשיבות של המגבלות שהוטלו על חירותו של הנאשם בהליך זה?,"בקביעת העונש הבאתי בחשבון את המגבלות שהוטלו על חירותו של הנאשם בהליך דנא, אף לאחר ששוחרר ממעצרו.",train
מהו הפוטנציאל להסלמה בביצוע עבירת התפרצות לבית מגורים?,בביצוע עבירה זו יש פוטנציאל להסלמה עד כדי מפגש אלים בין הפורץ לבין דיירי המקום.,train
כיצד יש להתחשב בנסיבות האישיות של הנאשם בעת גזירת העונש?,"בגזירת העונש המתאים לנאשם שמלפניי וכמצוות סעיף 40יא לחוק העונשין, יש מקום להתחשב בנסיבותיו האישיות, אשר אינן קשורות בביצוע העבירות.",train
מהו הנימוק לכך שלא מצאתי לחרוג ממתחם הענישה לקולא במקרה זה?,"במקרה זה, הנאשם אינו מצוי בהליך שיקומי ועל כן לא מצאתי לנכון לחרוג ממתחם הענישה ההולם לקולא.",train
מהן הנסיבות האישיות שיש להתחשב בהן בעת גזירת העונש?,"בגזירת העונש המתאים לנאשם שמלפניי וכמצוות סעיף 40יא לחוק העונשין, יש מקום להתחשב בנסיבותיו האישיות, אשר אינן קשורות בביצוע העבירות, כגון: גיל, עבר הפלילי, נטילת האחריות, פגיעת העונש במשפחתו, נסיבות חיים קשות שהייתה להן השפעה על ביצוע העבירה, שיתוף הפעולה עם רשויות החוק ועוד.",train
מהו השיקול המרכזי לחובת הנאשם שנדון במקרה זה?,שיקולים לחומרה: המדיניות המשפטית עליה עמדתי לעיל מהוות שיקול מרכזי לחובת הנאשם.,train
מדוע קיים חשש להישנות התנהגות אלימה מצד הנאשמת לפי הערכת שירות המבחן?,"להערכת שירות המבחן, ללא מעורבות טיפולית, ונוכח נסיבות ביצוע העבירה והשימוש בנשק בעל פוטנציאל פגיעה, חוסר המעש והתעסוקה מצד הנאשמת וסירובה לבצע בדיקות שתן קיים חשש ממשי להישנות התנהגות אימפולסיבית ואלימה מצדה.",train
מה מעידה החזקת הסכין על ידי הנאשם כשהיא מוסתרת מעיני כל?,"החזקת הסכין על ידי הנאשם כשהיא קשורה לרגלו, ובדרך זו מוסתרת מעיני כל, מעידה על כך שהנאשם היה מודע לפסול שבמעשיו.",train
מהי הסיבה שהובילה את שירות המבחן למסקנה לגבי הנאשם?,שירות המבחן התרשם כי הנאשם ביצע את העבירה על רקע התמכרות להימורים והעדר שיקול דעת מעמיק באשר למעשיו והשלכותיהם.,train
מהו הבסיס לשיקולים לחומרה בענישה לפי עקרונות המשפט?,"שיקולים לחומרה: בבסיס השיקולים לחומרה עומדת המדיניות המשפטית שתוארה והצורך לתן ביטוי לזכותו של כל אדם לחיים ולשלמות הגוף, בהיותה זכות יסוד מקודשת ואין להתיר לאיש לפגוע בזכות זו.",train
כיצד משפיעה כוונת הנאשם להבעת תסכול על חומרת האיומים שנאמרו?,"במקרה דנא, אין מדובר בדברי איום חמורים וקונקרטיים, אלא כאלה שכוונו להבעת תסכול ומפח נפש בעידנא דרתחא ועל כן הפגיעה בערכים המוגנים אינה גבוהה.",train
"מהי מידת הפגיעה בערכים המוגנים במקרה זה, בהתחשב בנסיבות האירוע?","מידת הפגיעה בערכים המוגנים כתוצאה ממעשה העבירה שביצע הנאשם הינה גבוהה, בהתחשב בכך שהנאשם עשה שימוש בחפץ חד כלפי גופו של המנוח, ללא כל היכרות מוקדמת ביניהם, לאחר שנטל ממנו את מכשיר הטלפון הנייד ובדק את תוכנו.",train
מהו העיקרון המנחה לקביעת מתחם העונש ההולם לפי חוק העונשין?,מתחם העונש ההולם יקבע בהתאם לעקרון ההלימה כפי שהוגדר בסעיף 40ג(א) לחוק העונשין.,train
מדוע יש להתחשב בחומרת הפגיעה בנפגע העבירה בעת קביעת הענישה?,"מידת הפגיעה בנפגע העבירה חמורה ומתמשכת, ולכך יש לתת ביטוי בענישה.",train
מהו המשמעות של חוסר כבוד מצד הנאשם למערכת המשפט ואכיפת החוק?,הדבר מלמד במעט על חוסר כבוד ומורא מצד הנאשם למערכת המשפט ואכיפת החוק.,train
כיצד חידד תיקון מס' 113 לחוק העונשין את הצורך בענישה אינדיווידואלית?,"בדרך זו חידד תיקון מס' 113 לחוק העונשין את הצורך בהמשך נקיטת שיטת ענישה אינדיווידואלית, הבוחנת נסיבותיו של כל מקרה ואדם המובא לדין.",train
מהו השיקול שצוין לזכות הנאשם בנוגע לשיתוף פעולה עם שירות המבחן?,"לזכות הנאשם יצוין כי שיתף פעולה עם שירות המבחן ופעל לשיקום אורחות חייו, בין היתר בכך שהחל להקפיד על נטילת תרופות וביקורים סדירים אצל הפסיכיאטר, עובד עם אביו, שומר על אורח חיים בריא, השיל ממשקלו וחדל מצריכת סמים והימורים.",train
כיצד יש לבחון את האפשרות לחרוג ממתחם הענישה?,"כאמור, על בית המשפט לבחון האם ראוי לחרוג מן המתחם בשל שיקולי שיקום המהווים שיקול לקולא (סע' 40ד לחוק העונשין); או מאידך, לחרוג מן המתחם בשל הצורך להגנה על שלום הציבור, המהווה שיקול לחומרה (סע' 40ה לחוק העונשין).",train
כיצד תתבטא ההרתעה הנדרשת לנאשם ולשכמותו בעונש המוטל עליו?,"ההרתעה הנדרשת לנאשם ולשכמותו, תמצא ביטויה לא רק בעצם הרשעתו בדין אלא גם בדרך של השתת ענישה צופה פני עתיד.",train
כיצד פוגע ביצוע עבירה זו בערך החברתי של הגנה על שלום הציבור?,ביצוע עבירה זו פוגע בערך חברתי של הגנה על שלום הציבור מפני פגיעתם הקשה של סמים מסוכנים.,train
כיצד משפיעה אחריות הנאשם על טיפול באמו הקשישה על גזר הדין?,"הבאתי בכלל חשבון כי הנאשם מטפל לבדו באמו הקשישה והחולה, התלויה בו.",train
מהי המשמעות של חומרה ומסוכנות בעבירת התפרצות לבניין שאינו מקום מגורים?,"ככל עבירת התפרצות, עבירת התפרצות לבניין שאינו מקום מגורים וביצוע גניבה טומנת בחובה חומרה ומסוכנות משמעותיות.",train
מה היו המניעים הכלכליים של הנאשמת להפקת רווח קל ומהיר?,"הנאשמת פעלה ממניעים כלכליים להפקת רווח קל ומהיר, ולכן ראוי להשית עליה קנס ופיצוי מידתיים, בהתחשב במצבה הכלכלי, שיהוו עבורה עונש הולם ומרתיע.",train
כיצד משפיעה הפרעה לשוטר על הערכים החברתיים המוגנים?,"הנאשם הורשע גם בעבירה של הפרעה לשוטר בשעת מילוי תפקידו ובכך פגע בערכים חברתיים מוגנים של שלטון החוק, שמירה על שלמות גופם וכבודם של אנשי חוק ושמירה על הסדר הציבורי.",train
מהו היחס הנדרש בין חומרת העבירה ומידת אשמו של הנאשם לבין העונש המוטל עליו?,"בהתאם לתיקון 113 לחוק העונשין, נדרש יחס הולם בין חומרת מעשה העבירה בנסיבותיו ומידת אשמו של הנאשם לבין סוג ומידת העונש המוטל עליו.",train
כיצד נקבע מתחם הענישה ההולם בעבירות לפי סעיף 40ג(א) לחוק העונשין?,"מתחם הענישה ההולם יקבע בהתאם לעקרון ההלימה, כאמור בסעיף 40ג(א) לחוק העונשין.",train
מהו המצב המשפטי של הנאשם בעת ביצוע העבירות שקשור למאסר המותנה?,"במיוחד יש להדגיש כי בעת ביצוע העבירות נשוא ההליך דנא היה תלוי ועומד נגד הנאשם, בין היתר, מאסר מותנה בר הפעלה למשך 3 חודשים, שלא היה בו כדי להרתיעו מלבצע עבירת סמים נוספת.",train
מהי המסקנה שהוסקה לאחר שקילת כלל השיקולים בעניינו של הנאשם?,"לאחר שקילת כלל השיקולים, הן לחומרה והן לקולא, האמור בתסקירי שירות המבחן ובחוות דעת הממונה על עבודות שירות, באתי למסקנה כי יש להטיל על הנאשם ענישה מוחשית למען לא ייצא מבית המשפט מסר פייסני בביצוע עבירה כגון דא, בנסיבות ביצועה, אך עם זאת התחשבתי בנסיבותיו של הנאשם.",train
מהו היחס הנדרש בין חומרת העבירה למידת האשמה של הנאשם לפי תיקון 113 לחוק העונשין?,"בהתאם לתיקון 113 לחוק העונשין, נדרש יחס הולם בין חומרת מעשי העבירה בנסיבותיה ומידת אשמו של נאשם לבין סוג ומידת העונש המוטל עליו.",train
מהו האיזון שהשופט חיפש בין רכיבי גמול לשיקום בעונש שניתן לנאשם?,"בנסיבות הנאשם שלפניי, באתי למסקנה כי איזון כלל השיקולים מחייב ענישה שיהא בה שילוב של רכיבי גמול לנאשם שישקף את הסלידה שחשה החברה נוכח מעשיו ואת הוקעתם הנדרשת, לצד רכיבי שיקום על מנת לסייע לנאשם לשמר אורח חיים נורמטיבי בחיק משפחתו, ובדרך זו הנאשם והציבור כולו ייצאו נשכרים.",train
כיצד יש להתחשב בנסיבות האישיות של הנאשם בגזירת העונש?,"בגזירת העונש המתאים לנאשם שלפניי וכמצוות סעיף 40יא לחוק העונשין, יש מקום להתחשב בנסיבותיו האישיות, אשר אינן קשורות בביצוע העבירות.",train
מהי הדרך הראויה להתייחס לרצף אירועים בעבירות מאותו סוג?,"נראה לי כי בסדרת עבירות מאותו סוג, ובנסיבות דומות, הדרך הראויה היא להשקיף על רצף האירועים כעל מכלול אחד, ולהשית את העונש בהתאם לכך.",train
אילו שיקולים יש להביא בחשבון בעת יישום העיקרון של הלימה בענישה?,"על מנת ליישמו אביא בחשבון את הערכים החברתיים שנפגעו ומידת הפגיעה בהם; נסיבות הקשורות בביצוע העבירה, מידת אשמו של הנאשם ובמדיניות הענישה הנהוגה.",train
מהי מידת הפגיעה בערכים המוגנים במקרה של פגיעה קשה בשלמות גופו של המתלונן?,"הנאשם פגע בשלמות גופו של המתלונן בעצמה גבוהה וגרם לו לחבלות קשות, כך שמידת הפגיעה בערכים המוגנים היא רבה וחמורה.",train
מדוע ראוי לאפשר פרשנות רחבה למונח 'אירוע אחד' בחוק העונשין?,"ראוי לאפשר פרשנות רחבה דיה להגדרת המונח 'אירוע אחד' אשר תשאיר מתחם להפעלת שיקול דעתו של בית המשפט, וזאת הן בשל שיקולי יעילות עבודתו של בית המשפט והן לשם הגשמת תכליתו של תיקון 113 לחוק.",train
כיצד חידש תיקון מס' 113 לחוק העונשין את השיטה של ענישה אינדיווידואלית?,"בדרך זו חידד תיקון מס' 113 לחוק העונשין את הצורך בהמשך נקיטת שיטת ענישה אינדיווידואלית, הבוחנת נסיבותיו של כל מקרה ואדם המובא לדין.",train
מהו הגמול הנדרש לנאשם לפי עקרונות הענישה?,"עם זאת, אין להתעלם מגמול נדרש לנאשם שישקף את הסלידה שחשה החברה נוכח מעשיו ואת הוקעתם הנדרשת.",train
מדוע יש צורך בהטלת עונשים מחמירים על ספקי סמים לפי ההלכה הפסוקה?,"ההלכה הפסוקה עמדה על ההכרח להיאבק בנגע הסמים ועל הצורך להעביר מסר מרתיע מפני הספקה או סחר בסמים, בין היתר על-ידי הטלת עונשים מחמירים על מי שנותן ידו למעגל הפצת הסמים ברבים ולהפיכת הסמים לזמינים ולנגישים.",train
מהן הסכנות בקביעת מספר מתחמי עונש שלא לצורך?,"קביעת מספר מתחמי עונש שלא לצורך עלולה במקרים מסוימים להביא להעלאת רף הענישה באופן שאינו ראוי, על-ידי פריטה לפרוטות של הרכיבים העונשיים בעניינו של הנאשם ויצירת תחושה לא נוחה של 'התחשבנות' עמו, העצמה של חומרת מעשיו מעבר למתחייב וחריצת דינו בדרך מלאכותית.",train
כיצד ישפיע ריבוי האירועים על קביעת העונש לכל אחד מהנאשמים?,בקביעת העונש המתאים לכל אחד מהנאשמים יובא בכלל חשבון ריבוי האירועים והעבירות הכלולות בהם.,train
אילו שיקולים נלקחים בחשבון בקביעת העונש המתאים לנאשם?,"אי-לכך, מכלול השיקולים, לרבות שיקולי הרתעת הנאשם והציבור, ינחוני בקביעת העונש המתאים לנאשם בגדר מתחם הענישה (סע' 40ו ו-40ז לחוק העונשין).",train
מהי הסיבה להחמרה בעונש בשל רצף העבירות הקשות?,"יש מקום להחמיר עם הנאשם בשל רצף העבירות הקשות, כל אחת כשלעצמה, בוודאי בצירופן יחד לאירוע אחד.",train
מדוע יש לתת חומרה יתרה לנסיבות ביצוע המעשים כאשר מדובר בנכדת הנאשם?,"חומרה יתרה יש לתן לנסיבות ביצוע המעשים, שכן מדובר בנכדתו הקטינה של הנאשם, בעת שהייתה כבת 10 ועד הגיעה לגיל 13.5, בהזדמנויות שונות ובמקומות שונים, לרבות בביתה ובחדרה, בה בעת שהנאשם ניצל לרעה את תמימותה, חולשתה, יחסי הקרבה והאמון ששררו בניהם, ופער הגילאים שעמד על כ-50 שנים, כדי לספק את מאווייו ודחפיו המיניים המעוותים, תוך פגיעה בערכים החברתיים המוגנים.",train
מדוע מוטל על בתי המשפט להחמיר בענישה לאור עליית האלימות בחברה?,"ככל שנגע האלימות גואה בחברתנו, כך מוטל על בתי המשפט להרים תרומתם ביתר שאת, לשם עקירתו מהשורש בדרך של ענישה ממשית והולמת.",train
מהי המסקנה לגבי הצורך בענישה מוחשית במקרה של הנאשם?,"חומרת האיום ונסיבות ביצועו בשילוב עברו של הנאשם מציירים תמונת מסוכנות ומובילים למסקנה כי לא די בתמרורי האזהרה - בדמות מאסרים מותנים וענישה כלכלית, אלא יש צורך בענישה מוחשית בדרך של מאסר בפועל על מנת להמחיש עבור הנאשם את החומרה שבמעשיו החוזרים ונשנים.",train
כיצד משפיע תוכן האיום על עורך הדין בהקשר לעבודתו?,"אמנם תוכן האיום אינו במרום חומרתו, אך הדברים הופנו כלפי עורך דין שייצג אותה עת את הנאשם, בהקשר ישיר לעבודתו זו, והוא חש חשש מדברים אלה.",train
מהי החשיבות של חומרה יתרה לעבירות המבוצעות בד' אמותיו של התא המשפחתי?,בתי המשפט על ערכאותיהם קבעו שיש לשוות חומרה יתרה לעבירות המבוצעות בד' אמותיו של התא המשפחתי ונקבע כי כל עבירת אלימות במשפחה צריכה לקבל מענה מוחחי.,train
מהן הנסיבות המצביעות על חומרה בעבירות שביצע הנאשם בבתי המלון?,"נסיבות ביצוען מצביעות על חומרה מסוימת, שעה שהנאשם נכנס בשעות הלילה למספר חדרים בבתי מלון שונים כאשר חלקם למצער היו מאוכלסים ומכאן הפוטנציאל להתרחשות אירוע אלים וגנב מתוכם רכוש בעל ערך.",train
כיצד היעדרויותיו של הנאשם לדיונים משפיעות על ההבנה של מעשיו?,היעדרויותיו של הנאשם לדיונים שנקבעו לו בעניינו למתן גזר הדין הינה חוליה נוספת בשרשרת המעשים המלמדים על הפגנת זלזול ואי הפנמת הפסול שבמעשיו.,train
מהן השיקולים שיביאו לקביעת העונש המתאים לנאשם?,"לאחר מכן, אקבע את העונש המתאים לנאשם, בהתחשב בנסיבותיו, בצורך בהרתעתו ואחרים כמותו, ובכלל זה אבחן האם ראוי כי ענישתו תחרוג ממתחם הענישה.",train
מהו המשקל שיש ליתן לשיקול ההרתעתי בעבירות סמים?,"על כן, יש ליתן משקל ממשי לשיקול ההרתעתי אל מול השיקולים האישיים, אשר משקלם יהיה נמוך יותר במקרים כגון אלה.",train
מהי המסקנה שהושגה בעקבות בחינה מהותית של מעשי הנאשמת ביחס לשתי העבירות שביצעה?,"בנסיבות אלה, באתי למסקנה כי בחינה עניינית, מהותית ותכליתית של מעשי הנאשמת, מובילה למסקנה כי קיימת זהות נורמטיבית של הרכיבים הכלולים בשתי העבירות שביצעה הנאשמת, הן באשר ליסוד העובדתי והן באשר ליסוד הנפשי, באופן שיש לחייבה בתשלום דמי ההתחייבות.",train
כיצד ניתן לשלב ענישה טיפולית עם עונש מאסר מותנה כדי לסייע בשיקום הנאשם?,בשילוב הענישה הטיפולית לצד עונש מאסר מותנה ניתן לאפשר לנאשם לפסוע באפיק השיקומי ולשקמו באופן ייחודי בהתאם לנסיבות האישיות והחברתיות שלו.,train
כיצד משפיעה תרומת המתלוננת על רף האשמה של הנאשם?,מסקירת נסיבות ביצוע העבירה מצאתי כי אשמו של הנאשם הינו ברף נמוך נוכח תרומתם של המתלוננת וחברה במכלול האירוע המפורט בכתב האישום.,train
מהו החשש שהנאשם יבצע עבירות דומות בעתיד וכיצד הוא משפיע על מתחם הענישה?,"מנגד, לא שוכנעתי כי החשש שהנאשם יבצע עבירות דומות בעתיד מצדיק חציית רף מתחם הענישה לחומרה משיקולי הגנה על שלום הציבור.",train
כיצד פוגע הנאשם בערכים חברתיים של שלום הציבור בעבירת התנהגות פרועה במקום ציבורי?,"בביצוע עבירה של התנהגות פרועה במקום ציבורי, לצדה קבע המחוקק עונש מרבי של 6 חודשי מאסר, פגע הנאשם בערכים חברתיים של שמירה על שלום הציבור, ביטחונו והסדר הציבורי.",train
מהי הסיבה המרכזית לשיקולים לחומרה בענישה במקרה זה?,"שיקולים לחומרה: בבסיס השיקולים לחומרה עומדת חומרת העבירות אותן ביצע הנאשם והמדיניות המשפטית בענישה בעבירות אלו, בייחוד לנוכח הנזק הממשי שנגרם למתלונן.",train
מהו המסר שיש להעביר לגבי עבירות סמים המבוצעות לשם השגת רווח?,"נקבע, כי בעבירות אלו נדרשת ענישה חמורה ומרתיעה, בפרט כאשר הן מבוצעות לשם השגת 'רווח', שכן, בדרך זו יועבר המסר כי עבירות הסמים נעדרות תוחלת כלכלית.",train
מהו היסוד המחמיר בעבירות אלימות המבוצעות בצוותא?,עבירות אלימות המבוצעות בצוותא על-ידי יותר מעבריין אחד יש בהן יסוד מחמיר הנובע מהאכזריות ומהעוצמה של שותפות למעשי אלימות.,train
מה השיקולים שנלקחו בחשבון בקביעת גובה הקנס לנאשם?,"בקביעת גובה הקנס התחשבתי בהיקף עסקאות הסמים בהן הורשע הנאשם בגין מעורבותו בהן, נסיבותיו האישיות והמשפחתיות.",train
כיצד תסייע הקלה בעונש לנאשם בהתמדה בדרך הנכונה לשיקומו?,"בנסיבות אלה, הקלה בעונש במקרה דנן תהווה תמריץ חיובי לנאשם להתמיד בדרך הנכונה שבה החל לפסוע לשם קידום שיקומו והבטחת עתיד טוב יותר בעבורו.",train
"מהי השפעת העונש על משפחת הנאשם, לפי שיקול דעת בית המשפט?","עוד לקחתי בחשבון את פגיעת העונש במשפחתו הענפה של הנאשם, אשר פרנסתה תלויה בו, לאחר ששני אחיו לקו במחלות פסיכיאטריות.",train
מהן המטרות של הענישה שניתן להשיג באמצעות עונש שיקומי במקרה זה?,סבורני כי ניתן להימנע ממתיחת מלוא שורת הדין למול הנאשם ולהשיג את מטרות הענישה באמצעות השתת רכיבי גמול בדרך של עונש שיקומי בביצוע עבודה לתועלת הציבור וצו מבחן לצד עונש הרתעתי בדמות של מאסר מותנה והתחייבות כספית.,train
מהי החומרה היתרה הגלומה בעבירות מין והשפעתן על הקורבן ובני משפחתו?,אין צורך להכביר במילים על החומרה היתרה הגלומה בעבירות מין ועל ההשלכות המשמעותיות שעבירות מסוג זה טומנות בחובן על הקורבן ובני משפחתו.,train
כיצד תורם בית המשפט למיגור נגע הסמים בחברה?,עבירות הסמים הן בגדר רעה חולה שפשתה בחברתנו ומחובתו של בית המשפט לתרום חלקו למיגור נגע זה באמצעות הטלת עונשים מחמירים ומרתיעים.,train
מהי הסיבה לכך שיש לראות בשלושת המעשים כמסכת עבריינית אחת ולקבוע בגינה מתחם ענישה אחד?,"מצאתי כי יש לראות בשלושת המעשים במושא השלושת האישומים כמסכת עבריינית אחת ולקבוע בגינה מתחם ענישה אחד, זאת בשל זיקה עניינית ביניהם.",train
מהו השיקול שהשפיע על ההחלטה שלא להחמיר עם הנאשם בענישה?,עוד הבאתי בחשבון כי לא ידוע על עבר פלילי ברקעו של הנאשם והוא נתון במעצר מאז מועד האירוע.,train
מהו השיקול שיש לקחת בחשבון בגזירת העונש לנאשם בהתאם להוראות סעיף 40יא לחוק העונשין?,"בגזירת העונש המתאים לנאשם שלפניי בהתאם להוראות סעיף 40יא לחוק העונשין, יש מקום להתחשב בנסיבותיו האישיות, אשר אינן קשורות בביצוע העבירות.",train
אילו שיקולים יש להביא בחשבון בהקשר להרתעת היחיד והרבים בביצוע העבירות?,"יש להביא בכלל חשבון את שיקולי הרתעת היחיד והרבים (ר' סעיפים 40ו ו-40ז לחוק העונשין), בייחוד נוכח ההשלכות החברתיות והכלכליות הכרוכות בביצוע העבירות בהן הורשע הנאשם.",train
מהו המימד של הסגת גבול בעבירות התפרצות וגניבה?,"אכן, כל עבירת התפרצות ו/או גניבה יש בה מימד של הסגת גבול לטריטוריה הפרטית של הפרט וטומנת בתוכה מימד של פגיעה בביטחון האישי של קורבן העבירה, אך עבירות הרכוש מעצם טיבן מחולקות לדרגות חומרה שונות.",train
כיצד משפיעה מדיניות הענישה על קביעת העונש במקרה זה?,"בבחינת מדיניות הענישה הנהוגה על בית המשפט לבחון ענישה שהוטלה על נאשמים במקרים שנסיבותיהם דומות לנסיבות המקרה הנדון, תוך שימת לב להבחנות מתחייבות.",train
אילו נסיבות על בית המשפט לשקול בעת קביעת העונש?,"מתפקידו של בית המשפט להעריך ולשקול נסיבות רבות ומגוונות, כמו למשל, חומרת העבירה ונפיצותה בציבור, הגנה על שלום הציבור וביטחונו, הרתעת העבריין ועבריינים בכוח, התגמול שבענישה וכיוצא באלה.",train
מהו העונש שהוטל על הנאשם לאחר איזון הנתונים והשיקולים?,"מכל הנתונים והשיקולים שפירטתי לעיל, באיזון ביניהם ובשים לב לפסיקה הנוהגת, סבורני כי מן הראוי להשית על הנאשם עונש כדלקמן: מאסר בפועל לתקופה של 12 חודשים, שמניינם מיום מעצרו של הנאשם, 25.3.2013.",train
מדוע נחשבים מעשי הנאשם כמזיקים למשטר הדיווח ולתכליות החקיקה לאיסור הלבנת הון?,"ברם, ברי כי מעשיו של הנאשם הסבו נזק למשטר הדיווח ומנעו את מימוש תכליות החקיקה לאיסור הלבנת הון.",train
מהו מתחם הענישה ההולם לעבירות שביצע הנאשם באירוע המדובר?,"מכל המקובץ עד כאן, סבורני כי מתחם הענישה ההולם למכלול העבירות שביצע הנאשם, באירוע המדובר, בראשן עבירת החזקת הסם מסוג הרואין במשקל של  נטו, אליה נלוו השמדת ראיה, איומים, החזקת סכין למטרה לא כשרה והתנגדות למעצר חוקי, ובנסיבות הקונקרטיות והעקרונות שביסוד תיקון 113 לחוק העונשין צריך להימצא בין 18 לבין 40 חודשי מאסר בפועל, בנוסף למאסר מותנה, קנס ופסילה מלקבל או מלהחזיק רישיון נהיגה.",train
מהו העיקרון שהדגיש תיקון 113 לחוק העונשין בנוגע לענישה?,"תיקון 113 לחוק העונשין חידד את הצורך בהמשך נקיטת שיטת ענישה אינדיווידואלית, הבוחנת נסיבותיו של כל מקרה ואדם והמובא לדין.",train
מהן ההשלכות של החזקת סמים לצריכה עצמית על בריאות הציבור?,החזקת סמים אף לצריכה עצמית פוגעת בבריאות הציבור וחושפת אותו לנזקים נלווים ולעבירות נוספות המבוצעות לצורך מימון רכישת הסם.,train
אילו שלושה שיקולים נדרשים לשם יישום עקרון ההלימה בענישה?,"על מנת ליישמו בית משפט יתחשב בשלושת אלה: ראשית, בערך החברתי שנפגע  מביצוע העבירה ובמידת הפגיעה בו; שנית, בנסיבות הקשורות בביצוע העבירה ומידת אשמו של הנאשם; שלישית, במדיניות הענישה הנהוגה (ע\פ 8641/12 סעד נ' מדינת ישראל (ניתן ביום 5.8.2013).""",train
כיצד נבחנים המקרים השונים לפי נסיבותיהם הייחודיות?,"אטעים באשר לאסמכתאות שהציגה ההגנה, כי כל מקרה נבחן כפי נסיבותיו הייחודיות הקשורות במעשה ובעושה.",train
מהי עמדת המחוקק לגבי הענישה המרבית בהספקת סם בתמורה או שלא בתמורה?,"ודוק, המחוקק לא הבחין במסגרת קביעת הענישה המרבית בין הספקת סם בתמורה או שלא בתמורה והיא שקולה לסחר, ייבוא וייצוא של סמים.",train
כיצד משפיעה הספקת סם לאחר על עצמת הפגיעה בערכים המוגנים?,"ככלל, עצמת הפגיעה בערכים המוגנים, הינה משמעותית ככל שמדובר בהספקת סם לאחר, או כל פעילות אחרת המשרתת את מערך הפצת הסמים בקרב הציבור.",train
מהו השיקול שנמצא כחשוב בהרתעת הנאשם ואחרים כמותו?,"בנסיבות אלה, מצאתי לתן משקל לצורך בהרתעת הנאשם ואחרים כמותו.",train
מהו העיקרון שהדגיש תיקון מס' 113 לחוק העונשין בנוגע לענישה?,"דרך זו חידד תיקון מס' 113 לחוק העונשין את הצורך בהמשך נקיטת שיטת ענישה אינדיווידואלית, הבוחנת נסיבותיו של כל מקרה ואדם המובא לדין (ע\פ 433/89 אטיאס נ' מדינת ישראל, פ\""ד מג(4) 170; ע\""פ 5106/99 אבו ניג'מה נ' מדינת ישראל, פ\""ד נד(1) 350; רע\""פ 3173/09 פראגין נ' מדינת ישראל [פורסם בנבו] (ניתן ביום 5.5.2009)).""",train
מהי תכלית העבירה של החזקת סכין למטרה לא כשרה?,"תכליתה של עבירה זו לסייע במיגור התופעה השלילית שהביאה עמה \תת תרבות הסכינאות\"" ומניעה מראש של הסיכונים העלולים להתרחש עקב שימוש פסול בסכין.""",train
מהו המשקל שניתן לנסיבות האישיות של הנאשם בעבירות סמים קשות לעומת החומרה של העבירה?,בעבירות הסמים הקשות ניגף משקל הנסיבות האישיות של נאשם מפני החומרה היתרה של העבירה ותוצאתה הקשה.,train
מהו עקרון ההלימה כפי שנקבע בתיקון 113 לחוק העונשין?,"תיקון 113 לחוק העונשין שעניינו \הבניית שיקול הדעת השיפוטי בענישה\"" התווה את עקרון ההלימה כעיקרון מנחה בענישה לפיו נדרש יחס הולם בין חומרת מעשי העבירות בנסיבותיהן ומידת אשמו של הנאשם לבין סוג ומידת העונש המוטל עליו (סעיף 40ב לחוק העונשין).""",train
מדוע נחשבים מעשי הנאשם לפוגעים בתלמידים ובמחנכים של בתי הספר?,דומני כי אין חולק שמעשיו של הנאשם גרמו נזק כלכלי ועוגמת נפש לתלמידי ולמחנכי בתי הספר וכמובן שהנזק שיכול היה להיגרם חמור שבעתיים שכן בכל אירוע של התפרצות קיים פוטנציאל להיתכנות מפגש אלים בין הפורץ לבין בעלי המקום או אלא העושים בו שימוש.,train
מהו השיקול המשפטי שהוביל למסקנה כי לא ניתן משקל ראוי לאינטרס הציבורי הרחב?,"לא ניתן משקל ראוי לאינטרס הציבורי הרחב, במובחן מהאינטרס הציבורי הפרטני.",train
מדוע לא נמצא הצדקה לחומרה בענישה במקרה זה?,"מנגד, לא מצאתי הצדקה לחצות את רף מתחם הענישה לחומרה, משיקולי הגנה על שלום הציבור.",train
מהו הנזק הצפוי שהיה עשוי להיגרם במקרה של עימות אלים בין המתלונן לבין הנאשם?,"בנסיבות המתוארות, הנזק שהיה צפוי להיגרם מביצוע העבירה, עשוי היה להיות גדול ומשמעותי אף יותר, במידה והיה מתפתח עימות אלים בין המתלונן לבין אמיל והנאשם.",train
מהם הערכים החברתיים המוגנים בעבירות חבלה חמורה והחזקת סכין למטרה לא כשרה?,"הערכים החברתיים המוגנים בעבירות חבלה חמורה בנסיבות מחמירות והחזקת סכין למטרה לא כשרה הינם זכותו של האדם להגנה על חייו ובריאותו, הזכות לאוטונומיה על הגוף, שלמות הגוף והנפש, כבוד האדם, הגנה על הביטחון האישי והגנה על שלום הציבור וביטחונו מפני מעשי אלימות מכל סוג.",train
מהו המאפיין המרכזי של מעשיו של הנאשם בנוגע לתכנון מראש?,"מעשיו המתוארים של הנאשם לא היו מקריים או כתוצאה ממעידה רגעית, אלא לאחר תכנון מראש, שכלל יצירת הזדמנויות להימצא ביחידות עם נפגעת העבירה.",train
מהי המדיניות בענישה בעבירות כלפי עובדי ציבור ואוכפי החוק?,"מדיניות הענישה הנהוגה בעבירות לעיל נותנת בדרך כלל ביטוי לצורך בענישה מוחשית בדמות מאסר מאחורי סורג ובריח, למי שמעז לנהוג באופן בריוני ופוגעני כלפי עובדי ציבור ואוכפי החוק.",train
מהן שלוש ההיבטים שעל בית המשפט להתחשב בהם בעת יישום עיקרון ההלימה?,"על מנת ליישמו בית משפט יתחשב בשלושת אלה: ראשית, בערך החברתי שנפגע  מביצוע העבירה ובמידת הפגיעה בו; שנית, בנסיבות הקשורות בביצוע העבירה ומידת אשמו של הנאשם; שלישית, במדיניות הענישה הנהוגה (ע\פ 8641/12 סעד נ' מדינת ישראל (ניתן ביום 5.8.2013).""",train
מהו טווח הענישה בעבירת החזקת סמים שלא לצריכה עצמית?,"מדיניות הענישה הנוהגת בעבירת החזקת סמים שלא לצריכה עצמית, מצביעה על טווח ענישה רחב התלוי בנסיבות ביצוע, ביניהן כמות הסמים וסוגם, העבירה ונסיבותיו האישיות של הנאשם.",train
מהו העונש המרבי שנקבע לעבירת החזקת סמים שלא לצריכה עצמית ומהם הערכים החברתיים שנפגעים?,"הערכים החברתיים שנפגעו בביצוע עבירה של החזקת הסמים שלא לצריכה עצמית, לצדה קבע המחוקק עונש מרבי של 20 שנות מאסר, הם הגנה על שלום ובריאות הציבור מפני פגיעתם הקשה של סמים מסוכנים ומניעת נזקים כלכליים וחברתיים עקיפים, לרבות ביצוע עבירות נוספות לצורך מימון רכישת הסם.",train
כיצד השפיע חלקו של הנאשם על הערכת הנסיבות הקשורות בביצוע העבירות?,"בבחינת הנסיבות הקשורות בביצוע העבירות (סעיף 40ט לחוק העונשין), מצאתי להביא בכלל חשבון, את חלקו המשמעותי של הנאשם במהלך הפעילות העבריינית המתוכננת היטב.",train
מדוע הוחלט להימנע מהטלת ענישה כלכלית על הנאשם?,"נוכח גילו והעובדה שלא הוא גרם למתלוננים לחבלות כלשהן, מצאתי להימנע מהשתת ענישה כלכלית על הנאשם.",train
כיצד משפיעות עבירות הפריצה והגניבה מרכב על הקורבן ועל החברה כולה?,"הפסיקה הבהירה כי עבירות הפריצה והגניבה מרכב מסבות נזק ליחיד ולחברה כולה, פוגעות ברכושו של הקורבן ובתחושת הביטחון שלו ומטילות על כלל בעלי הרכב לשאת בעלויות פרמיות ביטוח גבוהות יותר.",train
מהי הסיבה להרחיק את הנאשם מנהיגה לתקופה ממושכת?,בנסיבות אלו מצאתי כי יש מקום להרחיק את הנאשם מנהיגה לתקופה ממושכת נוכח מסוכנותו הרבה  שבאה לידי ביטוי באירוע כתב האישום שעה שנהג במצב של שכרות.,train
מהו המצב המשפטי של הנאשם 1 בנוגע להשפעת העונש על התנהגותו?,"לא זו בלבד, הנאשם 1 ביצע את העבירות מושא תיק זה מבלי שעונשו ובכללו המאסר המותנה הרתיע אותו, דבר המלמד על היעדר מורא מפני החוק ועל זלזול בשלטון החוק מצדו.",train
"מהי מידת הפגיעה בערכים החברתיים במקרה זה, ביחס לחומרת המעשה?","מידת הפגיעה בערכים אלה במקרה דנא, מבלי להקל ראש בחומרת המעשה הינה ברף התיכון ואף מטה ממנו.",train
מהן הנסיבות האישיות של הנאשם שיש לקחת בחשבון בעת גזירת העונש?,בגזירת העונש המתאים לנאשם שמלפניי יש מקום להתחשב בנסיבותיו האישיות אשר אינן קשורות בביצוע העבירות.,train
מדוע יש לייחס משקל לתחושות בעל המקום כאשר אדם זר חודר לחפציו האישיים?,"יש לייחס משקל גם לתחושות האימה, אוזלת יד, הפגיעה בביטחון האישי והפגיעה בפרטיות אותן חש בעל המקום המגלה אדם זר מחטט בחפציו האישיים ונוטל לעצמו את אשר הוא חפץ בו.",train
כיצד משפיעה מידת הפגיעה בערכים המוגנים על השוואת חומרת העבירות?,"מידת הפגיעה בערכים המוגנים שנפגעו כתוצאה מביצוע עבירות השוד ושהייה בלתי חוקית בישראל הינה משמעותית אך לא במרום חומרתה ביחס לעבירות השוד, בהתחשב בכך שעבירת השוד בוצעה ללא שימוש באיומים או באלימות פיזית חמורה ובהתחשב בפגיעות הגופניות הקלות יחסית שלא גרמו להקלות בדין.",train
כיצד יקבע בית המשפט את מתחם הענישה לעבירה שביצע הנאשם?,"תחילה, אקבע את מתחם הענישה למעשה העבירה שביצע הנאשם, על בסיס שיקולים נורמטיביים ואובייקטיבים, בהתחשב בערכים החברתיים שנפגעו, מידת הפגיעה בהם, במדיניות הענישה ובנסיבות הקשורות בביצוע העבירה.",train
מהו החשש שנמצא לגבי חזרת הנאשם על עבירות דומות בעתיד?,"מנגד, לא מצאתי חשש ממשי שהנאשם יחזור ויבצע עבירות דומות בעתיד, לבטח לא חשש המצדיק חציית רף מתחם הענישה לחומרה משיקולי הגנה על שלום הציבור.",train
כיצד השפיעה הודאת הנאשם על השיקולים לקולא בעניינו?,"לזכות הנאשם הבאתי בכלל חשבון את הודאתו במיוחס לו בכתב האישום שתוקן משמעותית לקולא, הבעת החרטה, לקיחת האחריות, העדר עבר פלילי ושיתוף פעולה עם הגורמים הטיפוליים והשיקומיים.",train
מהן הנסיבות שיביאו בחשבון בעת קביעת מתחם הענישה?,לצורך כך יובאו בחשבון הערכים החברתיים שנפגעו מביצוע העבירות ומידת הפגיעה בהם; נסיבות הקשורות בביצוע העבירות ומידת אשמה של הנאשמת ומדיניות הענישה הנוהגת.,train
מדוע הוחלט להקל עם הנאשם ולא לכלול בעונשו רכיבים כלכליים?,"בנסיבות אלה מצאתי להקל עם הנאשם ולא לכלול בעונשו רכיבים כלכליים, נוכח מצבו הכלכלי ובשל כך שעונש מאסר לריצוי בעבודות שירות, אותו מצאתי להטיל על הנאשם, יקשה גם כך על פרנסת משפחתו.",train
מדוע לא מצא בית המשפט הצדקה לחריגה ממתחם הענישה לקולא במקרה זה?,"בנסיבות דנא לא מצאתי הצדקה לחריגה ממתחם הענישה לקולא בשל סיכוייו של הנאשם להשתקם; ומצד שני, לא שוכנעתי כי יש מקום לחצות את רף מתחם הענישה לחומרה, משיקולי הגנה על שלום הציבור.",train
מהי עמדת המחוקק לגבי החומרה של עבירת התפרצות לבית מגורים?,"על כן, המחוקק הביע את דעתו על החומרה אשר בעבירה זו, בסיווגה כעבירת פשע על ידי קביעת ענישה מחמירה.",train
מהו הצורך הדוחק בהדברת נגע הסמים לפי עקרונות הענישה?,"לכן, אמורה הענישה \לשקף את הצורך הדוחק להביא להדברת הנגע\"".""",train
מהי הדרך המומלצת לשיקום הנאשם על מנת לתרום לחברה?,"ככל שהנאשם אכן מעוניין, באמת ובתמים, לשקם את אורחות חייו, הרי שעל הדבר להיעשות מתוך מניעים פנימיים איתנים, ובדרך של הימנעות מכליאתו ניתנת לו הזדמנות לתרום לחברה שנפגעה ממעשיו ולפצות את המתלונן.",train
מהו השיקול שעל בית המשפט לבחון כדי לחרוג ממתחם העונש?,"כאמור, על בית המשפט לבחון האם ראוי לחרוג מן המתחם בשל שיקולי שיקום המהווים שיקול לקולא (סע' 40ד לחוק העונשין); או מאידך, לחרוג מן המתחם בשל הצורך להגנה על שלום הציבור, המהווה שיקול לחומרה (סע' 40ה לחוק העונשין).",train
כיצד משפיעה היעדר הודאה וחרטה של הנאשם על גובה הענישה?,חומרת העבירות המוכחת בענייננו מצביעה על כך שהנאשם אינו ראוי להקלות שיקבל נאשם שהודה במעשיו והביע חרטה כנה.,train
מהי התשתית העובדתית הנדרשת כדי להצביע על רמת סיכון גבוהה של הנאשם?,"לא הונחה בפניי תשתית עובדתית ממנה ניתן להסיק על רמת סיכון גבוהה או חשש ממשי שהנאשם יחזור ויבצע עבירות דומות ולכן אינני מוצא מקום לחצות את רף מתחם הענישה לחומרה, משיקולי הגנה על שלום הציבור.",train
מה השיקולים שעל בית המשפט לבחון לחריגה ממתחם הענישה?,"כאמור, על בית המשפט לבחון האם ראוי לחרוג מן המתחם בשל שיקולי שיקום המהווים שיקול לקולא (סעיף 40ד לחוק העונשין); או מאידך, לחרוג מן המתחם בשל הצורך להגנה על שלום הציבור, המהווה שיקול לחומרא (סעיף 40ה לחוק העונשין).",train
מה קבע בית המשפט העליון לגבי עונש המאסר בפועל במקרה זה?,"בית המשפט העליון קיבל את ערעור המדינה וקבע כי לצד שיקולי השיקום אין מקום להשית עונש שאינו כולל מאסר בפועל, והשית על המשיב 12 חודשי מאסר בפועל לצד יתר רכיבי הענישה - מאסר מותנה וצו מבחן לתקופה של 12 חודשים.",train
מהו טווח הענישה ההולם לעבירה שביצע הנאשם?,"מכל המקובץ, באתי למסקנה כי טווח הענישה שהוצע על ידי הצדדים הולם את נסיבות המקרה דנא, ועל כן אני קובע כי מתחם הענישה ההולם לעבירה שביצע הנאשם הינו בין 5 חודשי מאסר בפועל שיכול וירוצו בעבודות שירות לבין 12 חודשי מאסר בפועל, לצד ענישה מותנית וענישה כלכלית.",train
מהי המדיניות המשפטית בנוגע למיגור עבירות רכוש המלווים בפגיעה בנפש?,"המדיניות המשפטית מדגישה את הצורך של מערכת המשפט לתרום למיגור עבירות הרכוש ובייחוד אלו המלווים בפגיעה בנפש, כדי להרתיע את הנאשם ועבריינים אחרים מלבצע שיבושים בעתיד.",train
מה ההבדל בין נאשמים המביעים חרטה לבין הנאשם במקרה זה בנוגע להקלה בעונש?,"אבהיר כי לא זקפתי לחובת הנאשם את ניהול המשפט על ידו; אולם, הנאשם אינו זכאי להקלה לה זכאים נאשמים אשר לוקחים אחריות למעשיהם, מפנימים את הפסול שבמעשיהם, מביעים חרטה וחוסכים מזמנו של בית המשפט ועדי הצדדים.",train
כיצד משפיעים שיקולי ההרתעה על קביעת העונש בעבירות סחיטה באיומים?,"במהלך הקביעת העונש על בית המשפט להביא בכלל חשבון את שיקולי ההרתעת היחיד והרבים, בעיקר נוכח הנזק הפוטנציאלי הרב הגלום בהן, שיכול להגיע עד כדי פגיעה בנפש, על-מנת להרתיע את הנאשם ועבריינים אחרים, מלשוב ולבצע עבירות דומות בעתיד.",train
מדוע יש לקבוע מתחם ענישה נפרד לכל אחד מהאישומים בהם הורשע הנאשם?,"כל אחד מהאירועים מצדיק התייחסות עונשית נפרדת, כמצוות סעיף 40יג לחוק העונשין ויש לקבוע מתחם ענישה הולם נפרד לגבי כל אחד מהאישומים בהם הורשע הנאשם.",train
מהו השינוי המרכזי שהביא תיקון מס' 113 לחוק העונשין בנוגע לשיטת הענישה?,"בדרך זו חידד תיקון מס' 113 לחוק העונשין את הצורך בהמשך נקיטת שיטת ענישה אינדיווידואלית, הבוחנת נסיבותיו של כל מקרה ואדם המובא לדין.",train
מהי נקודת הסיום בנוגע לאימוץ הסדר הטיעון שהוצג?,"זו נקודת המוצא, אולם נקודת הסיום היא שאיני יכול לאמץ את הסדר הטיעון שהוצג כי זהו המקרה הנדיר והחריג המצדיק סטייה ממנו.",train
מהי החשיבות של הגברת ההגנה על עובדי לילה במקרים של שוד?,מעשי שוד כלפי עובדי לילה נושאים חומרה יתרה ויש חשיבות להגברת ההגנה על עובדים אלה עקב חשיפתם הפוטנציאלית לעבירות מעין אלו.,train
אילו ערכים מוגנים נפגעים בביצוע עבירה של גניבה בידי עובד?,הערכים המוגנים הנפגעים בשל ביצוע עבירה זו הם ההגנה על קניין המעביד ושמירה על יחסי האמון בין העובד למעביד עליהם עומדים יחסי העבודה והתעסוקה.,train
מהו המנעד הרחב של הענישה הנוהגת וכיצד הוא תלוי בנסיבות ביצוע המעשים?,"מדיניות הענישה הנוהגת מלמדת על מנעד ענישה רחב, התלוי ברובו בנסיבות ביצוע המעשים, כמו גם בנסיבות הספציפיות של מבצעי העבירות.",train
מהו הערך המוגן כאשר העבירות מבוצעות כלפי קטין שהוא בן משפחה?,"כאשר העבירות מבוצעות כלפי קטין שהוא בן משפחה נפגע הערך של הגנה על קטינים מפני ניצולם לרעה בשל גילם, יחסי התלות, הקרבה והאמון שנותן הקטין בבן המשפחה הפוגע וכן ההגנה על התפתחותו הנפשית התקינה ומניעת פגיעה בשגרת חייו ובביטחונו האישי.",train
מהי ההשפעה של הרפורמה בדיני ההמתה על הענישה בעבירות המתה באדישות?,"בהמשך: \... הרפורמה בדיני ההמתה מחייבת החמרה בענישה בעבירות של המתה ביסוד נפשי של אדישות, אשר כעת מהווה רצח, אחרת במקום שנבטא את העמדה הרצויה והראויה, שלפיה המתה באדישות היא רצח, נשמר את ההבחנה שהייתה קיימת עובר לרפורמה ואשר אותה ביקש המחוקק לשנות״.""",train
מדוע תסקיר שירות המבחן נחשב לשיקול מכובד אך לא בלעדי בקביעת העונש?,"ברם, כפי שנפסק, לא אחת, תסקיר שירות המבחן הינו אך בגדר אחד השיקולים (אם כי שיקול מכובד), שעל בית המשפט לשקול בקבעו את עונשו של עבריין שהורשע בדין.",train
מהן שלוש השיקולים שעל בית המשפט להתחשב בהם בעת יישום עיקרון ההלימה?,"על מנת ליישמו בית משפט יתחשב בשלושת אלה: ראשית, בערך החברתי שנפגע  מביצוע העבירה ובמידת הפגיעה בו; שנית, בנסיבות הקשורות בביצוע העבירה ומידת אשמו של הנאשם; שלישית, במדיניות הענישה הנהוגה (ע\פ 8641/12 סעד נ' מדינת ישראל (ניתן ביום 5.8.2013).""",train
מהי הסיבה לכך שהמסקנה נשענת על רצף המעשים המופנים כלפי אותה מתלוננת?,"מסקנתי בקשר לכך נשענת בין השאר על העובדה כי מדובר ברצף מעשים דומים ביותר, קשורים זה לזה ומופנים כלפי אותה מתלוננת בפרק זמן קצר במקום עבודתם המשותף.",train
מהי יכולתו של הנאשם להבין את הפסול במעשיו?,הנאשם יכל להבין את הפסול שבמעשיו ולהימנע מהם.,train
מהו מתחם העונש ההולם שנמצא במקרה זה?,"מכל המקובץ, בהתחשב בערכים החברתיים שנפגעו מביצוע העבירות, במידת הפגיעה בהם, במדיניות הענישה הנהוגה, בנסיבות הקשורות בביצוע העבירה, תוצאותיהן והיחס ההולם בין חומרת מעשה העבירה בנסיבותיו ומידת אשמה של הנאשמת ובין סוג ומידת העונש שיש להטיל עליה, סבורני כי מתחם העונש ההולם נע בין מאסר מותנה לבין 10 חודשי מאסר בפועל, לצד רכיבי ענישה כלכליים וצופי פני עתיד.",train
מהו העיקרון המנחה לקביעת מתחם הענישה לפי סעיף 40ג(א) לחוק העונשין?,מתחם הענישה ההולם יקבע בהתאם לעקרון ההלימה כפי שהוגדר בסעיף 40ג(א) לחוק העונשין.,train
אילו גורמים יש לקחת בחשבון בעת קביעת הענישה בעבירות סמים?,"בכל זאת תוך מתן משקל - בין היתר - לכמות הסם ואיכותו, טיב עבירת הסמים שבוצעה, תרומתו של הנאשם להתגשמות העבירה ועברו הפלילי.",train
אילו שיקולים יש להביא בחשבון בעת יישום העקרון ההלימה?,"על מנת ליישמו אביא בחשבון את הערכים החברתיים שנפגעו ומידת הפגיעה בהם; נסיבות הקשורות בביצוע העבירה, מידת אשמו של הנאשם ואת מדיניות הענישה הנהוגה.",train
מהו השיקול שהשפיע על ההחלטה בעניינו של הנאשם לאחר שהה במעצר של 19 ימים?,"נתתי משקל לכך שהנאשם שהה במעצר שנמשך 19 ימים, ולאחר מכן שוחרר בתנאים מגבילים שכללו הרחקה מביתו למשך שנה, והפגיעה בפרנסתו הכרוכה בכך (סע' 40יא(3) לחוק העונשין).",train
מהו העיקרון המשפטי המנחה את הענישה בעבירות אלימות חמורות?,"המסר צריך להיות חד וברור, לאמור, אין לנקוט גישה סלחנית כלפי מי שביצע עבירת אלימות חמורה ואין לפטור עניינו של זה בעונש שאינו כולל מאסר בפועל לתקופה מהותית (לעניין זה ראו: ע\פ 6885/04 שי חן נ' מדינת ישראל (ניתן ביום 10.02.05).""",train
מהן שלוש הנסיבות שעל בית המשפט להתחשב בהן בעת יישום עקרון ההלימה?,"על מנת ליישמו בית משפט יתחשב בשלושת אלה: בערך החברתי שנפגע מביצוע העבירה ובמידת הפגיעה בה; נסיבות הקשורות בביצוע העבירה ומידת אשמו של הנאשם; ובמדיניות הענישה הנוהגת (ע\פ 8641/12 סעד נ' מדינת ישראל (ניתן ביום 5.8.2013)).""",train
מהו עקרון ההלימה כפי שנקבע בתיקון 113 לחוק העונשין?,"תיקון 113 לחוק העונשין שעניינו \הבניית שיקול הדעת השיפוטי בענישה\"" התווה את עקרון ההלימה כעיקרון מנחה בענישה לפיו נדרש יחס הולם בין חומרת מעשה העבירה בנסיבותיו ומידת אשמתו של הנאשם לבין סוג ומידת העונש המוטל עליו (ס' 40ב לחוק העונשין).""",train
מהי הסיבה לכך שהעונש שייגזר על הנאשם יחרוג לקולא ממתחם הענישה המקובל?,"בשל הסיבות לעיל, העונש שייגזר על הנאשם יחרוג לקולא ממתחם הענישה הראוי והמקובל בעבירות מסוג אלו בהן הורשע הנאשם.",train
כיצד משרתת ההחמרה בענישה את מטרות הגמול וההרתעה בעבירות סמים?,"ההחמרה בענישה בגין עבירות סמים משרתת את מטרות הגמול וההרתעה, שהן היעדים העיקריים של הענישה בתחום הסמים.",train
מהי הסיבה לחומרה המיוחסת לעבירות סמים קשים?,"חומרה זו נובעת, בין היתר, מנזקיהם הקשים של הסמים – במיוחד כך לגבי סמים המוגדרים 'קשים' – הן למשתמשים, הן לסביבתם.",train
אילו שיקולים ינחו את בית המשפט בקביעת העונש המתאים לנאשם?,"אי-לכך, מכלול השיקולים, לרבות שיקולי הרתעת הנאשם והציבור, ינחוני בקביעת העונש המתאים לנאשם בגדר מתחם הענישה.",train
"מהי הסיבה לכך שיש לראות בעבירות שביצע הנאשם כ\אירוע\"" אחד?""","הנאשם ביצע את העבירות בהן הורשע בסמיכות זמנים ויש ביניהן קשר הדוק, כך שיש לראותן כ\אירוע\"" אחד, לצורך קביעת מתחם הענישה.""",train
מהו הערך החברתי שנפגע בביצוע עבירת הסמים לפי ההקשר החברתי?,בביצוע עבירה זו נפגע ערך החברתי של הגנה על שלום הציבור מפני פגיעתם הקשה של סמים מסוכנים.,train
מהו הפער העונשי בין עבירת הרצח לעבירת ההריגה?,אין להתעלם מחומרה זו המייצרת את הפער העונשי המשמעותי בין עבירת הרצח (בין בכוונה ובין באדישות) לבין עבירת ההריגה.,train
מדוע יש צורך במדיניות ענישה מחמירה כאשר השימוש בנשק גורר פגיעה בגוף ובנפש?,"הצורך במדיניות ענישה מחמירה נחוץ במיוחד כאשר השימוש בנשק גורר פגיעה בגוף ובנפש, וכאשר מבצעי העבירות אינם מוסרים את כלי הנשק לידי רשויות החוק – ובכך מוסיפים לפגוע בביטחון הציבור וקיים חשש תמידי לשימוש עברייני חוזר בנשק זה, כמו גם להגעתו של נשק זה לגורמים עוינים ובכללם גורמי טרור.",train
כיצד קשורות עבירות הסרסרות לזנות לעבירות הכלכליות הנלוות להן?,"סבורני כי עבירות הסרסרות לזנות והעבירות הכלכליות שבאו בעקבותיהן שזורות הן זו בזו, ויש ביניהן קשר הדוק, כך שכל הפרדה ביניהן, בגדר \אירועים שונים\"" תהא מלאכותית ומאולצת.""",train
מהי עצמת הפגיעה במקרה זה בהקשר לפעילות הנאשמת?,"עצמת הפגיעה במקרה דנא הינה ברף גבוה, היות והנאשמת החזיקה והפעילה מקום שנועד לעריכת משחקים אסורים באופן שיטתי ומתמשך.",train
מהי הבקרה הנורמטיבית שיש לקיים במקרים חריגים לגבי הקשר בין העבירות?,"במקרים חריגים בהם בחינת הנסיבות העובדתיות לא תוביל למסקנה ברורה האם הקשר \הדוק\"" דיו, ראוי לקיים בקרה נורמטיבית, במסגרתה תיבחן השאלה האם נכון, כעניין של מדיניות משפטית ובשים לב לתכליתו של סעיף 40יג לחוק העונשין, לראות את העבירות ככמה אירועים נפרדים במטרה למנוע מצב שבו עבירה הקשורה בעבירה אחרת \""תבלע\"" באותה עבירה.""",train
מדוע הנאשם לא נמנע מהמעשים הפסולים שביצע?,הנאשם יכל להבין את הפסול שבמעשיו ולהימנע מהם בכל רגע ולא עשה כן.,train
מדוע יש לקחת בחשבון את שיקולי הרתעת היחיד והרבים במקרה זה?,"יש להביא בכלל חשבון את שיקולי הרתעת היחיד והרבים, בעיקר נוכח הקלות בה מבוצעות העבירות בהן הורשע הנאשם.",train
מהו הטעם לכך שהפיצוי אינו מחייב הוכחה מדויקת של הנזק שנגרם לנפגע העבירה?,"הטעם לכך נעוץ, בין היתר, בכלים הראייתיים המוגבלים העומדים לרשותו של בית המשפט בהליך הפלילי ובאופיו של הפיצוי אשר הינו בבחינת 'עזרה ראשונה' לנפגע העבירה ואינו מיועד לפצותו בגין מלוא נזקו.",train
אילו נסיבות שאינן קשורות בביצוע העבירות יש לקחת בחשבון בגזירת הדין?,"לצורך כך, יש מקום להתחשב בנסיבות שאינן קשורות בביצוע העבירות, שיש בהם כדי להשפיע על גזירת הדין, כגון: גיל, עבר הפלילי, נטילת האחריות, פגיעת העונש במשפחתו, נסיבות חיים קשות שהייתה להן השפעה על ביצוע העבירה, שיתוף הפעולה עם רשויות החוק ועוד (ר' סעיף 40יא לחוק העונשין).",train
מהי המדיניות המשפטית בבסיס השיקולים לחומרה בהגנה על זכות לחיים ולשלמות הגוף?,"שיקולים לחומרה: בבסיס השיקולים לחומרה עומדת המדיניות המשפטית שתוארה והצורך לתן ביטוי לזכותו של כל אדם לחיים ולשלמות הגוף, בהיותה זכות יסוד מקודשת ואין להתיר לאיש לפגוע בזכות זו.",train
מהו המתחם הענישתי שנראה ראוי ביחס לכלל עבירות הלבנת ההון בהן הורשע הנאשם?,"במקרה דנא, סבורני כי ראוי לקבוע מתחם ענישה אחד ביחס לכלל עבירות הלבנת ההון בהן הורשע הנאשם באישום השלישי.",train
מהו השיקול שהנחה את בית המשפט במניעת חציית רף מתחם הענישה לחומרה?,"מנגד, לא מצאתי כי החשש שהנאשם יחזור ויבצע עבירות דומות מצדיק חציית רף מתחם הענישה לחומרה משיקולי הגנה על שלום הציבור.",train
מהו השיקול המרכזי שצריך להנחות את בית המשפט בגזירת העונש?,"לשיקול ההלימה יש לתת משקל בכורה על מנת לגמול לנאשם על מעשיו, להגן על הציבור ולהרתיע את נאשם ואחרים מלשוב ולבצע עבירות דומות.",train
מהי הזכות החברתית שנפגעת בעבירת התקיפה הגורמת חבלה של ממש?,"הערך החברתי אשר נפגע מביצוע עבירת התקיפה הגורמת חבלה של ממש, לצדה קבע המחוקק ענישה מרבית של 3 שנות מאסר, הינו זכותו של כל אדם להגנה על שלמות גופו, בטחונו האישי וכבודו, מפני אלימות מכל סוג.",train
מהו היתרון בשילוב של שיקום והחזרת הנאשם לחברה?,שילוב שכזה יאפשר לנאשם המשך פסיעתו בדרך הישר ורווח לחברה בעצם קבלתו כאדם נורמטיבי בחזרה לזרועותיה.,train
כיצד השפיעו דברי הנאשם על המתלוננת ומה משמעות נוכחות האנשים הזרים?,"בדברי הנאשם היה כדי להטיל מורא כבד בלב המתלוננת והעובדה כי הדברים נאמרו בנוכחות אנשים זרים, עובדי המלון, מצביעה על כך שלנאשם לא היה כל מורא במעשיו.",train
מהו העקרון המנחה בענישה לפי סעיף 40ג(א) לחוק העונשין?,"אשר לקביעת מתחמי הענישה, נקבע בסעיף 40ג(א) לחוק העונשין כי על מתחם הענישה ההולם לשקף את עקרון הגמול, המהווה עקרון מנחה בענישה, בהתאם ליחס ההולם בין חומרת מעשה העבירה בנסיבותיו ומידת אשמו של הנאשם ובין סוג ומידת העונש המוטל עליו, וכי בקביעת המתחם יש להתחשב בערכים החברתיים שנפגעו בגין העבירות הנדונות, במידת הפגיעה בערכים אלה ובמדיניות הענישה הנוהגת בנסיבות הקשורות בביצוע העבירות, כמפורט בסעיף 40ט לחוק העונשין.",train
כיצד יש להבין את מספר העבירות במקרה זה בהתאם לסעיף 40יג(א) לחוק העונשין?,"הנני סבור כאמור כי מדובר במספר עבירות המהוות אירוע אחד, וזאת כאמור בהתאם לסעיף 40יג(א) לחוק העונשין.",train
כיצד משפיעה חדשנות החיקוק על קביעת מתחם הענישה במקרה זה?,"ובכן, היות והיה מדובר בחיקוק חדש יחסית, אשר יתכן ובמועד הרלוונטי, בעת ביצוע העבירה, טרם נטמע דיו בקרב הציבור, הרי שהדבר מהווה גורם ממתן, בקביעת מתחם הענישה למעשה העבירה שביצע הנאשם.",train
מהו המסר המשפטי שיש להעביר לנאשם המפר עבירות רכוש חמורות באופן מתוכנן?,"למותר לציין כי מי אשר חוזר ומבצע עבירות רכוש חמורות מתוכננות היטב, ללא פחד או מורא, על אף הפוטנציאל הממשי לפגיעה בגוף ובנפש, יש להציב בפניו גבולות ברורים ומסר של הוקעה שאינו משתמע לשתי פנים בדרך של הרחקתו מהחברה לתקופה ממושכת.",train
מהו הבסיס לשקול אסטרטגיית ענישה מותאמת במקרה של הנאשם?,"לדעת השופט, חומרת העבירות מצדיקה ככלל השתת מאסר בפועל לתקופה ממושכת, אך מצבו האישי של הנאשם, נסיבות ביצוע העבירה, ורצונו להשתקם מהווים בסיס לשקול אסטרטגיית ענישה מותאמת.",train
מהי חלקה המרכזי של הנאשמת בביצוע העבירה שנלקח בחשבון?,בבחינת הנסיבות הקשורות בביצוע העבירה (סעיף 40ט לחוק העונשין) נתתי דעתי לחלקה המרכזי והעיקרי של הנאשמת בביצוע העבירה ומעילתה באמון שנתן בה מעסיקה.,train
אילו נסיבות אישיות יש להביא בחשבון בעת גזירת העונש לנאשם עם עבר פלילי?,"למרות עברו הפלילי של הנאשם והעבירות שביצע, יש להביא בחשבון גם נסיבות אישיות כגון גיל, הבעת אחריות וחרטה כדי להשלים את תמונת הראייה בעת גזירת העונש.",train
כיצד נקבעים מתחמי העונש ההולם לפי סעיף 40ג(א) לחוק העונשין?,מתחמי העונש ההולם יקבעו בהתאם לעקרון ההלימה כפי שהוגדר בסעיף 40ג(א) לחוק העונשין.,train
מהי המגמה שניכרת בפסיקה בעונשי המאסר על נאשמים בעבירות חבלה?,"בחינת הענישה הנהוגה בפסיקה מעלה כי בשנים האחרונות ניכרת מגמת החמרה בעונשי המאסר הנגזרים על נאשמים שמורשעים בעבירות של חבלות הן כאלה שנעשו בכוונה מחמירה והן חבלה חמורה בנסיבות מחמירות, נוכח נפיצות התופעה של פתרון סכסוכים בכוח הזרוע והצורך במיגורה.",train
אילו נסיבות יש להביא בחשבון בבחינת הנסיבות הקשורות בביצוע העבירה?,"בבחינת הנסיבות הקשורות בביצוע העבירה (סעיף 40(ט) לחוק העונשין), מצאתי להביא בכלל חשבון, את תוכן האמירות, המסר הגלום בהן, נסיבות אמירתן והאופן שבו הופנו לשוטר.",train
כיצד מתחשבת מדיניות הענישה בעבירה זו במאבק באלימות מילולית?,מדיניות הענישה הנהוגה בעבירה זו מתחשבת בצורך במאבק בנגע האלימות המילולית שפשט בחברה הישראלית ככלל ומתפקידו של בית המשפט להעביר מסר ברור באמצעות השתת עונשים מוחשים על מי שבוחר לפתור את קשייו האישיים באמצעות פגיעה קשה בשלוות נפשו של אחר.,train
מדוע הענישה חייבת להיות אינדיווידואלית ומהם השיקולים שיש להביא בחשבון?,"הענישה היא לעולם אינדיווידואלית ומשמשים בה שיקולים שונים ואינטרסים שונים ויש להביא במסגרתה את הצורך בשמירה על האינטרס הציבורי הכרוך בצורך בהרתעה ובמניעה, ומנגד את הצורך בבחינת נסיבותיו האישיות של כל נאשם.",train
מהי מטרת האיסור למניעת פגיעות בגוף ובנפש במריבות מילוליות?,"מטרת האיסור למניעת מצבים בהם, מריבה מילולית הופכת במהרה לפגיעה בגוף ובנפש, כפי שעיננו רואות חדשות לבקרים, כיום יותר מבעבר [ראו: רע\פ 7484/08 פלוני נ' מדינת ישראל (ניתן ביום 22.12.2009); ע\""פ 6720/04 מדינת ישראל נ' עסאם זחאיקה (ניתן ביום 3.11.2004); ע\""פ 86/04 אבי כנפו נ' מדינת ישראל (ניתן ביום 10.6.2004); ע\""פ 9133/04 גורדון נ' מדינת ישראל (ניתן ביום 20.12.04); עפ\""ג 9095-02-11 מסארוה בן מוחמד נ' מדינת ישראל (ניתן ביום 17.5.2011)].""",train
מהי חומרת העבירה המצדיקה מאסר בפועל לצד נסיבותיה האישיות של הנאשמת?,"יש לתן הדעת לחומרת העבירה המצדיקה השתת מאסר בפועל על מנת לגמול לנאשמת על מעשיה ולהרתיעה מלשוב עליהם, לצד נסיבותיה האישיות המצביעות על נזקקות טיפולית ושיקומית.",train
מהן הנסיבות שאינן קשורות בביצוע העבירה שיש לקחת בחשבון בעת גזירת הדין?,"לאחר קביעת מתחם הענישה ההולם לעבירה בה הורשע הנאשם, יש לקבוע את העונש המתאים לו. לצורך כך, יש מקום להתחשב בנסיבות שאינן קשורות בביצוע העבירה שיש בהם כדי להשפיע על גזירת הדין, כגון: גיל, עבר הפלילי, נטילת האחריות, פגיעת העונש במשפחתו, נסיבות חיים קשות שהייתה להן השפעה על ביצוע העבירה, שיתוף הפעולה עם רשויות החוק ועוד (ר' סעיף 40יא לחוק העונשין).",train
מהו הצורך המהותי בהגנה על הציבור מפני עברייני אלימות?,"יש להביא בכלל חשבון את הצורך להגן על הציבור מפני הנאשם ועברייני אלימות כמותו, שכן בהעדר יכולת להבין את המניעים לביצוען יש חשש שיחזור לבצע עבירות דומות.",train
כיצד משפיעים חומרת המעשים ונסיבות ביצועם על הצורך בענישה מוחשית במקרה זה?,"חומרת המעשים ונסיבות ביצועם בשילוב עברו של הנאשם מציירים תמונת מסוכנות ומביאים למסקנה ברורה כי לא די בתמרורי האזהרה - בדמות מאסרים מותנים וענישה טיפולית כהמלצת שירות המבחן, כדי להרתיעו, אלא יש צורך בענישה מוחשית על מנת להמחיש עבור הנאשם את החומרה שבמעשיו החוזרים ונשנים ולבטא את סלידה שחשה החברה מביצועם.",train
מהו עיקרן של עבירות משחקים אסורים והגרלות?,"עיקרן של עבירות משחקים אסורים, הגרלות והימורים נעוץ בפגיעה החברתית שבהשתתפות בסוג זה של פעילות.",train
מהו ההסבר המשפטי לכך שפיצול האירועים וקביעת עונשים נפרדים עשוי להוביל לתוצאה לא טבעית?,"אם נורה לשופט לנהוג בדרך של פיצול האירועים וקביעת עונשים נפרדים – מהם חופפים ומהם מצטברים – נורה לו לנהוג בדרך לא טבעית, שתוצאתה לא תהיה גיבוש המכלול בעזרת הפרטים, אלא קביעה ראשונית של המכלול וגזירה מלאכותית של הפרטים ממנו.",train
מהו השיקול שלא מצדיק חציית רף מתחם הענישה לחומרה?,"מנגד, לא מצאתי כי הסיכוי שהנאשם ישוב לבצע עבירה דומה מצדיק חציית רף מתחם הענישה לחומרה משיקולי הגנה על שלום הציבור.",train
מהן שלושת השלבים במלאכת גזירת הדין לפי סעיף 40 לחוק העונשין?,"מלאכת גזירת הדין מורכבת משלושה שלבים עיקריים: תחילה, אקבע את מתחם העונש ההולם למעשה העבירה שביצע הנאשם, על בסיס שיקולים נורמטיביים ואובייקטיבים, בהתחשב בערך החברתי שנפגע מביצוע העבירה, במידת הפגיעה בערך זה, במדיניות הענישה הנהוגה ובנסיבות הקשורות בביצוע העבירה כמפורט בסעיף 40ט לחוק העונשין (סעיף 40ג לחוק העונשין); לאחר מכן, אבחן האם ראוי לחרוג מן המתחם לקולא משיקולי שיקום (סעיף 40ד לחוק העונשין) או לחומרה משיקולי הגנה על שלום הציבור (סעיף 40ה לחוק העונשין); לבסוף, אקבע את העונש המתאים לנאשם, בהתחשב בצורך בהרתעת הנאשם (סעיף 40ו לחוק העונשין), בצורך בהרתעת הרבים (סעיף 40ז לחוק העונשין), בנסיבותיו האישיות של הנאשם שאינן קשורות בביצוע העבירה (סעיף 40יא לחוק העונשין) ובנסיבות רלוונטיות אחרות (סעיף 40יב לחוק העונשין).",train
אילו נסיבות אישיות של הנאשם נלקחו בחשבון בגזירת העונש המתאים לו?,"בגזירת העונש המתאים לנאשם יובאו בכלל חשבון נסיבותיו האישיות, שאינן קשורות בביצוע העבירה.",train
מה הדגיש בית המשפט העליון לגבי חומרת העבירה והצורך בענישה מחמירה?,"בית המשפט העליון הדגיש בפסיקתו את חומרת העבירה ואת הצורך בגינויה, כמו גם את החשיבות שבענישה מחמירה ומרתיעה בדמות עונשי מאסר ממשיים בגין ביצועה.",train
כיצד נקבע מתחם הענישה למעשי העבירות שביצע הנאשם בהתאם לעקרון ההלימה?,"תחילה, אקבע את מתחם הענישה למעשי העבירות שביצע הנאשם בהתאם לעקרון ההלימה כפי שהוגדר בסעיף 40ג(א) לחוק העונשין, על בסיס שיקולים נורמטיביים ואובייקטיבים, בהתחשב בערכים החברתיים שנפגעו, מידת הפגיעה בהם, במדיניות הענישה ובנסיבות הקשורות בביצוע העבירות.",train
מהו מתחם העונש ההולם לעבירות שביצע הנאשם בנסיבות המפורטות?,"מכל המקובץ, סבורני כי מתחם העונש ההולם לעבירות שביצע הנאשם, בנסיבות המפורטות, הינו בין מאסר מותנה לבין 8 חודשי מאסר בפועל, לצד ענישה מרתיעה וענישה כלכלית.",train
"מהו הנזק הנגרם לקטינים בעקבות עבירות מין, לפי סעיף 40ט(4) לחוק העונשין?","יש להוסיף גם את הנזקים שנגרמים מעבירות אלה (בהתאם לסעיף 40ט(4) לחוק העונשין), אשר נוטים להיות חמורים ביותר, שכן מעשים אלה מצלקים את נפשם של הקטינים הנפגעים – מה שמשפיע על תפקודם לכל אורך חייהם נוכח השלב ההתפתחותי בו נמצאים הקטינים.",train
מהו הנזק הפוטנציאלי שיכול היה להיגרם מהתנהלות הנאשם במקרה זה?,"הנזק שהיה עלול להיגרם מהתנהלות הנאשם הינו רב וחמור, ככל שהיה מסתבר חלילה כי בחומר נפץ עסקינן, בעוד השוטרים נאלצו להשקיע מאמצים להרחיקו, במקום לפעול במלוא העצמה למניעת נזק רחב היקף ולהגן על הציבור.",train
כיצד נלקחה בחשבון העובדה שהנאשם לא הודה בביצוע העבירה?,"על אף שהנאשם לא הודה בביצוע והצריך את בית המשפט לקיים הליך של שמיעת עדים והצגת ראיות, הרי שלא זקפתי זאת לחובת הנאשם ולא החמרתי עמו בשל כך שניהל את משפטו (ר' סעיף 40יא(6) לחוק העונשין).",train
מהי השפעת צריכת האלכוהול על התנהגות הנאשם באירוע?,"סביר שצריכת האלכוהול הובילה לשחרור מסוים בעכבות אצל הנאשם, בעטיו ביצע המיוחס לו.",train
מהן תכליות הפיצוי שניתן לנפגעי העבירה במסגרת ההליך הפלילי?,"תכליותיו של הפיצוי בהליך הפלילי הן, בין היתר, לתת ביטוי והכרה חברתית, במסגרת ההליך הפלילי, למעמדם ולסבלם של נפגעי העבירה, ובמקביל להעניק סעד מהיר יחסית לנפגעי העבירה, במטרה לסייע להם בשיקום חייהם.",train
מדוע יש להביא בחשבון את פוטנציאל המסוכנות של הנאשם במהלך האירוע?,"יש להביא בחשבון את פוטנציאל המסוכנות שנשקף מהנאשם, בשעה שביקש לפגוע בסטניסלב באמצעות את החפירה וסכינים שאחז במהלך האירוע, אך הדבר נמנע אודות לאחרים שהיו במקום ומנעו זאת ממנו.",train
מהי המדיניות המומלצת כלפי עבירות החזקת נשק שלא כדין?,"בהתאם לכך ולנוכח ריבוי מקרי הירי, יש לנקוט במדיניות ענישה מחמירה כלפי ביצוע עבירות החזקת נשק שלא כדין, ועל אחת כמה וכמה שימוש בנשק חם ופציעתם של קורבנות שונים עקב כך.",train
מדוע יש לייחס משקל לתחושות האימה של בעל הנכס במקרה של התפרצות?,"יש לייחס משקל נרחב לתחושות האימה, אוזלת יד, הפגיעה בביטחון האישי והפגיעה בפרטיות אותן חש בעל הנכס המגלה אדם זר מחטט בחפציו האישיים בדירתו ונוטל לעצמו את אשר הוא חפץ בו.",train
כיצד ניתן להעריך את חלקו של הנאשם בביצוע העבירות?,חלקו היחסי של הנאשם בביצוע העבירות היה מרכזי ועיקרי והוא יכל להבין את הפסול שבמעשיו ולהימנע מהם נוכח שליטתו במהלכיו לכל אורך הדרך.,train
מהו השוני בין המערער למערערים אחרים שעמד עליו בית המשפט העליון?,"בית המשפט העליון דחה את הערעור על חומרת העונש, תוך שעמד על השוני בין המערער לאחר, בין היתר העובדה שהמערער היה בעל העניין בהצתת רכבו של המתלונן, והוא זה שיזם וחתר לביצוע ההצתה.",train
מדוע אי הרשעה לא משקפת יחס הולם בין העבירות למידת אשמו של הנאשם 2?,סבורני כי רכיב של אי הרשעה אינו משקף יחס הולם בין מעשי העבירות בנסיבותיו ומידת אשמו של הנאשם 2 ובין סוג ומידת העונש שיושת עליו.,train
מהי מידת הפגיעה בערכים ובעקרונות החברתיים במקרה זה?,מידת הפגיעה בערכים ובעקרונות החברתיים היא משמעותית וקשה מאד.,train
מהי ההמלצה שניתנה לנאשם בעקבות הערכת הסיכון הנמוך להישנות העבירות?,"נוכח הערכת סיכון נמוך להישנות העבירות והערכה כי ההליך המשפטי היווה עבור הנאשם גורם מרתיע ומציב גבולות, הומלץ להסתפק בענישה מותנית וצו של\צ בהיקף 200 שעות.""",train
מדוע תסקיר שירות המבחן נחשב לשיקול חשוב אך לא בלעדי בהטלת העונש?,"ברם, כפי שנפסק לא אחת, תסקיר שירות המבחן הינו אך בגדר אחד השיקולים (אם כי שיקול מכובד), שעל בית המשפט לשקול בקבעו את עונשו של עבריין שהורשע בדין.",train
כיצד משפיע תיקון מס' 113 לחוק העונשין על שיטת הענישה?,"בדרך זו חידד תיקון מס' 113 לחוק העונשין את הצורך בהמשך נקיטת שיטת ענישה אינדיווידואלית, הבוחנת נסיבותיו של כל מקרה ואדם המובא לדין.",train
כיצד משפיעה מצוקה כלכלית על חומרת מעשי השוד?,"למרות הטענה למצוקה כלכלית, אין בכך כדי להפחית מחומרת מעשי עבירת השוד או לשמש כמניע להקלה בדין.",train
כיצד החזקת סמים לצריכה עצמית פוגעת בבריאות הציבור?,"החזקת סמים אף לצריכה עצמית, פוגעת בבריאות הציבור וחושפת אותו לנזקים נלווים ולעבירות נוספות המבוצעות לצורך מימון ורכישת הסם.",train
מהו המשקל שצריך בית המשפט לייחס לאינטרס הציבורי בעבירות החזקת נשק?,"בעבירות אלו, נדרש בית המשפט לייחס משקל מרכזי לאינטרס הציבורי ולהרתעה, כך שהנסיבות האישיות אינן מקנות פטור או הקלה משמעותית בעונש.",train
מהי הסיבה לחומרה יתרה בעבירות המבוצעות נגד עורכי דין?,"יש לשוות חומרה יתרה לעבירות המבוצעות נגד עו\ד המייצגים ציבור רחב של לקוחות.""",train
מהו הגמול הנדרש שיבטא את סלידת החברה ממעשי הנאשם?,אין להתעלם מגמול נדרש לנאשם שישקף את הסלידה שחשה החברה נוכח מעשיו ואת הוקעתם הנדרשת.,train
"אילו שיקולים יש להביא בחשבון בעבירות סמים, במיוחד בהקשר של הרתעה?","יש להביא בכלל חשבון את שיקולי הרתעת היחיד והרבים, בעיקר נוכח הקלות שבה מבוצעות עבירות כגון אלה בהן הורשע הנאשם וההשלכות החברתיות הקשות הכרוכות בביצוען.",train
מהי הדרישה לגבי חלק מתקופת המאסר המוטלת על הנאשם?,"לפיכך, שעה שמוטל על הנאשם עונש מאסר בגין העבירות בתיק זה, חובה כי חלק מתקופת המאסר תהא בפועל.",train
מהו השיקול שהוביל להטלת עונש משמעותי על הנאשם?,"העונש המוטל היום על הנאשם הוא עונש משמעותי, נוכח מעשיו ותוצאותיהם, בהתחשב במכלול השיקולים לחומרה ולקולא.",train
מהי החשיבות של הרתעת הנאשם ועבריינים אחרים בעונש שנגזר עליו?,"לחובת הנאשם יש לציין את חומרת העבירות שביצע, והצורך שהענישה בגינן תרתיעו, כמו גם עבריינים כמותו, מלשוב ולבצע עבירות דומות, במטרה לשמור על ביטחון הציבור, פרטיותו וקניינו.",train
כיצד משפיעים כלל השיקולים על קביעת העונש המתאים לנאשמים?,"כלל השיקולים, לרבות שיקולי הרתעת הנאשמים ואחרים כמותם מפני ביצוע עבירות נוספות, ינחוני בקביעת העונש המתאים לכל אחד מהם בגדר מתחמי הענישה שנקבעו.",train
מהו המנעד הרחב של העונשים שהוטלו על נאשמים בעבירות דומות?,"בבחינת מדיניות הענישה באירועים דומים עלה כי על הנאשמים הוטלו עונשים במנעד רחב התלוי בנסיבות ביצוע העבירה, בנסיבותיו של הנאשם עצמו ובקיום עבירות נלוות.",train
מהו הפוטנציאל לגרימת נזק בהתנהלות הנאשם בעבירות סחיטה באיומים?,"להתנהלות המתוארת מצד הנאשם פוטנציאל לגרימת נזק רב יותר מזה שנגרם, שכן נקל לשער כי האירועים המתוארים היו עשויים להסלים עד כדי אלימות פיזית של ממש כלפי מי מהעובדים באתרי הבניה.",train
מהו העיקרון המנחה בפסיקה לגבי החמרה בעונש למבצעי עבירות מיניות?,"על רקע האמור, הובע בפסיקה חזור ושוב הצורך להחמיר עם מבצעי העבירות, לגמול לפוגע כעוצמת פגיעתו, לנקוט ביד קשה למען יראו ויראו.",train
מהי המגמה שניתן לזהות בשנים האחרונות בהתייחסות לעבירת ההצתה?,"בשנים האחרונות ניתן לזהות מגמה של החמרה בהתייחסות לעבירת ההצתה, ובית משפט זה אף התבטא בדבר הצורך בענישה מרתיעה כאשר לביצוע העבירה קדם תכנון מוקדם, וכאשר גלום במעשה סיכון לחיי אדם ולרכוש.",train
אילו גורמים יש לקחת בחשבון בקביעת רכיבי ענישה עבור העבריין?,"בקביעת רכיבי ענישה אלו יש להביא בחשבון את רווחיו של העבריין מביצוע העבירות, אך גם לתן את הדעת למצבו הכלכלי, האישי והמשפחתי.",train
מהי הסיבה לכך שהמלצת שירות המבחן לא משקפת את העונש הראוי לנאשם?,"לא נעלמו מעיניי המלצות שירות המבחן; ברם, סבורני כי המלצה זו אינה משקפת נכונה את האיזון הראוי בין שיקולי הענישה ואינה מגלמת את העונש הראוי לנאשם.",train
כיצד יקבע מתחם העונש ההולם לפי עקרון ההלימה?,מתחם העונש ההולם יקבע בהתאם לעקרון ההלימה כפי שהוגדר בסעיף 40ג(א) לחוק העונשין.,train
כיצד מתבצעת מלאכת הענישה לפי נסיבות המקרה?,"מלאכת הענישה הינה תוצאה של שקילת מכלול השיקולים ומתן המקום הראוי לכל אחד מהם בנסיבות המקרה, לעיתים גם תוך פשרה ביניהם.",train
מהי הסיבה לכך שאין הצדקה להימנע מהפעלת המאסר על תנאי במקרה זה?,"לאור המקובץ עד כה, סבורני כי אין כל הצדקה להימנע מהפעלת המאסר על תנאי שנגזר על הנאשם.",train
מדוע הומלץ על ענישה מרתיעה לנאשם בהתבסס על הערכת שירות המבחן?,"התקבל הרושם, כך גם מצד שירות המבחן, כי הנאשם מתקשה להפנים באופן מלא את הפסול שבמעשיו והשלכותיהם, ומכאן הצורך בענישה מרתיעה, לבל יימנע מלשוב על מעשים דומים.",train
מדוע ניתן משקל מכריע להיבט של השתלבות הנאשם במסגרת תעסוקתית בענישה?,"אף על פי כן, לאור הליך שיקומו והשתלבותו של הנאשם במסגרת תעסוקתית מצאתי לתת משקל מכריע להיבט זה בענישה, מתוך תקווה כי חזרתו של הנאשם למסלול נורמטיבי תסב תועלת רבה הן לו ולחבר בכללותה.",train
מהן שלושת השלבים העיקריים במלאכת גזירת הדין לפי חוק העונשין?,"מלאכת גזירת הדין מורכבת משלושה שלבים עיקריים: תחילה, אקבע את מתחם העונש ההולם למעשה העבירה שביצע הנאשם, על בסיס שיקולים נורמטיביים ואובייקטיבים, בהתחשב בערך החברתי שנפגע מביצוע העבירה, במידת הפגיעה בערך זה, במדיניות הענישה הנהוגה ובנסיבות הקשורות בביצוע העבירה כמפורט בסעיף 40ט לחוק העונשין (סעיף 40ג לחוק העונשין); לאחר מכן, אבחן האם ראוי לחרוג מן המתחם לקולא בשל שיקולי שיקום (סעיף 40ד לחוק העונשין) או לחומרא בשל שיקולי הגנה על שלום הציבור (סעיף 40ה לחוק העונשין); לבסוף, אקבע את העונש המתאים לנאשם, בהתחשב בצורך בהרתעת הנאשם והרבים (סעיפים 40ו ו-40ז לחוק העונשין) ובנסיבותיו האישיות של הנאשם שאינן קשורות בביצוע העבירה (סעיפים 40יא ו-40יב לחוק העונשין) [ראו: ע\פ 2918/13 דבס נ' מדינת ישראל (ניתן ביום 18.7.2013); ע\""פ 1903/13 עיאשה נ' מדינת ישראל (ניתן ביום 14.7.2013); ע\""פ 1323/13 חסן נ' מדינת ישראל (ניתן ביום 5.6.2013)].""",train
מהי האחריות המוטלת על בית המשפט במאבק נגד עבירות רכוש?,"על בית המשפט מוטלת האחריות לצמצם את התופעה, לטעת בציבור ביטחון במערכת אכיפת החוק וביכולתו להתמודד עם הפשיעה הגואה בעבירות אלה ולשדר מסר מרתיע של חומרה בעבירות רכוש, הפוגעות בקניין הזולת \אשר לא עמלת בו ולא גדלתו\"" (יונה ד', י').""",train
מהו מתחם העונש ההולם שנקבע לנאשמת בעקבות מעשיה?,"לנוכח עיון בפסיקה במקרים קרובים, בתוספת להתחשבות בערכים החברתיים בו פגעו הנאשמים, בנסיבות מעשיו ובמדיניות הענישה הנהוגה - אני קובע כי מתחם העונש ההולם למעשה העבירות שביצעה הנאשמת, הינו החל מ-6 חודשי מאסר ועד ל-18 חודשי מאסר בפועל, מאסר מותנה למשך מספר חודשים, קנס ופיצוי כספי.",train
מהו טווח הענישה המורכב בעבירות הלבנת הון ומהם הגורמים המשפיעים עליו?,"נראה כי מדיניות הענישה מורכבת מטווח ענישה רחב, והוא תלוי נסיבות ביצוע העבירות, סכום העבירות, ונסיבות המעשה והעושה.",train
מדוע יש להקפיד על כיבוד הוראה חוקית?,"הטעם העומד בבסיס הקפדה על כיבוד הוראה חוקית, הינו שמירה על שלטון החוק, אכיפתו והגנה על הציבור מפני אלה המפרים אותו ועלולים להביא במעשיהם לפגיעה בסדר הציבורי.",train
מהו העיקרון המשפטי המגנה על רכושו וקניינו של אדם בעבירה של שוד?,העבירה מגנה גם על רכושו וקניינו של אדם שכן היא גניבה בנסיבות מחמירות של אלימות.,train
מדוע יש שונות רבה בענישה בעבירות סמים?,"כבר צוין כי הענישה בעבירות סמים מאופיינת בשונות רבה, נוכח 'האינדיבידואליות בענישה והייחודיות של המקרים השונים'.",train
מהו המנעד שנמצא בעיון במקרים דומים לגבי ענישה לעבירות הנלוות?,"עם זאת, עיון במקרים דומים במידת האפשר, העלה מנעד ענישה רחב בהתאם לעבירות הנלוות, נסיבות המעשה והעושה.",train
מהו השיקול העיקרי שהוביל להחמרת הענישה במקרה של אלימות כלפי בת זוג?,"בבסיס השיקולים לחומרה עומדת חומרת העבירה בה הורשע הנאשם ומדיניות הענישה בעבירה המבוצעת בנסיבות מחמירות אלו, בדרך של נקיטת אלימות כלפי בת זוג, בנסיבות המפורטות.",train
מהו השיקול המרכזי להרתעה במקרה של נאשם עם עבר פלילי?,"מכאן שיש במקרה זה לתת משקל לשיקולי ההרתעה הן של הרבים ובעיקר לנאשם, נוכח העובדה כי ביצע זה מכבר בעברו עבירה של נהיגת רכב מנועי ללא רישיון.",train
מהי המסקנה שהסיק שירות המבחן לגבי סיכוי ההישנות של גילויי אלימות מצד הנאשם?,"שירות המבחן התרשם כי קיים סיכוי להישנות גילויי אלימות מצד הנאשם, ככל שלא יטופל בנושא זה.",train
אילו שיקולים הנחו את בית המשפט בקביעת העונש המתאים לנאשם?,"אי-לכך, מכלול השיקולים, לרבות שיקולי הרתעת הנאשם ואחרים כמותו (סע' 40ו ו-40ז לחוק העונשין), ינחוני בקביעת העונש המתאים בגדר מתחמי הענישה.",train
מהי הסיבה להטלת עונש מאסר בפועל על מי שהחזיק נשק בעבירה הראשונה שלו?,הסכנה הטמונה בעבירה החמורה של החזקת נשק מצדיקה הטלת עונש מאסר לריצוי בפועל גם על מי שזו עבירתו הראשונה.,train
כיצד משפיעה אלימות כלפי בת זוג על הזכות לאוטונומיה?,אלימות - כל אלימות - כלפי בת זוג מחלחלת ופוגעת בלשד עצמותיה של הזכות לאוטונומיה.,train
כיצד משפיעה התנהלות הנאשם בפני שירות המבחן על הבנתו את חומרת מעשיו?,"התנהלות הנאשם בפני שירות המבחן והתרשמותו, כמו גם התעלמות מהחלטת בית המשפט שהפנתה אותו לממונה, מצביעה כי הנאשם לא הפנים דיו את חומרת מעשיו על אף הודאתו במעשים.",train
מהו השיקול שהוזכר לקולא בעניינו של הנאשם?,"בבסיס השיקולים לקולא מצאתי לזקוף לזכות הנאשם את הודאתו בהזדמנות הראשונה בכתב האישום שתוקן לקולא, הבעת הצער ולקיחת האחריות על מעשיו.",train
מהי משמעותה של עבירת התפרצות לבית מגורים בכוונה לבצע גניבה?,עבירת התפרצות לבית מגורים בכוונה לבצע גניבה או פשע טומנת בחובה חומרה ומסוכנות משמעותיות.,train
כיצד יש להתחשב בנסיבות האישיות של הנאשמת בעת גזירת העונש?,"בגזירת העונש המתאים לנאשמת, בהתאם להוראות סעיף 40יא לחוק העונשין, יש מקום להתחשב בנסיבותיה האישיות של הנאשמת, אשר אינן קשורות בביצוע העבירה.",train
"מהו ההיבט המשפטי שמצביע על תעוזה במעשיו של הנאשם, למרות סכום הכסף שנגנב?",אמנם סכום הכסף שנגנב אינו גדול אך עצם הכניסה לחדר ולקיחת רכוש ממנו מצביעים על תעוזה בה פעל הנאשם.,train
מהו המסר שחשוב להעביר במקרה של עבירות חמורות כמו אלו של הנאשם 2?,"סבורני כי בעבירות חמורות כגון אלו בהן הורשע הנאשם 2, לאחר שמיעת מכלול הראיות מטעם הצדדים, יש להטביע חותם פליליות על מעשיו, לבל ישוגר מסר הפוך מן המתחייב, משמע המדובר בעבירה שהיא נסלחת.",train
כיצד עשויים שיקולים נוספים להשפיע על הטווח המוסכם בהסדר טיעון?,"בדרך זו עשוי הטווח המוסכם שלא לבטא מתחם ענישה על בסיס שיקולים נורמטיביים ואובייקטיבים, נוכח השפעתם של שיקולים נוספים המטים אותו לכאן או לכאן.",train
מהו העיקרון שהדגיש תיקון מס' 113 לחוק העונשין בנוגע לענישה?,"בדרך זו חידד תיקון מס' 113 לחוק העונשין את הצורך בהמשך נקיטת שיטת ענישה אינדיווידואלית, הבוחנת נסיבותיו של כל מקרה ואדם המובא לדין (ע\פ 433/89 אטיאס נ' מדינת ישראל, פ\""ד מג(4) 170; ע\""פ 5106/99 אבו ניג'מה נ' מדינת ישראל,פ\""ד נד(1) 350; רע\""פ 3173/09 פראגין נ' מדינת ישראל (ניתן ביום 5.5.2009)).""",train
מהו תפקידו של בית המשפט בבחינת שיקולי הענישה בהסדר טיעון?,"בית המשפט איננו פטור מלבחון בעצמו את שיקולי הענישה, אך לא ימהר להתערב בעונש שהוסכם בין הצדדים, בוודאי כאשר מדובר בהסדם 'סגור', אשר איננו קובע מתחם מסוים אלא עונש מוגדר ומסויים.",train
מהו ההסבר לכך שאין להקל ראש באיומים המופנים כלפי עובדי שירותי הרווחה?,"אין מקום להקל ראש באיומים המופנים כלפי עובדי שירותי הרווחה, גם אם האמירה עצמה אינה מכוונת לפגיעה פיזית בהם, שכן היא באה לפגוע בעבודתם הנאמנה ולעורר בהם מורא וחשש.",train
אילו גורמים מחייבים הטלת מאסר בפועל על הנאשם?,"חומרת מעשיו, העבירות בהן הורשע, עברו הפלילי המכביד העובדה כי ביצע את העבירות זמן קצר לאחר שסיים לרצות עונש של מאסר בפועל, כאשר לחובתו מאסר מותנה, מחייבים הטלת מאסר בפועל.",train
מהו הצורך שהודגש בפסיקות בנוגע למאבק בנגע האלימות במשפחה?,"רבות נפסק בצורך להילחם בנגע האלימות, בעיקר בקרב תא המשפחתי, שפשה בחברה הישראלית ולעקרו מן השורש באמצעות ענישה הולמת ומרתיעה.",train
מהי החשיבות של הרתעת הנאשם והרתעת הציבור במקרה זה?,יש לתת בנסיבות העניין ביטוי גם להרתעתו האישית של הנאשם וכן להרתעת  הרבים.,train
מדוע יש להטיל עונשים מחמירים בעבירות סמים?,עבירות הסמים הן בגדר רעה חולה שפשה בחברתנו ומחובתו של בית המשפט לתרום חלקו למיגור נגע זה באמצעות הטלת עונשים מחמירים ומרתיעים.,train
מהי הסיבה לכך שלא הונחה תשתית עובדתית לרמת סיכון גבוהה מהנאשם?,"מנגד, לא הונחה בפניי תשתית עובדתית ממנה ניתן להסיק על רמת סיכון גבוהה להתנהגות פוגענית חוזרת מצד הנאשם ועל כן אינני מוצא מקום לחצות את רף מתחמי הענישה לחומרא, משיקולי הגנה על שלום הציבור.",train
"מהי רמת הסיכון להישנות התנהגות עבריינית מצד הנאשמת, לפי שירות המבחן?","שירות המבחן התרשם כי קיימת רמת סיכון גבוהה להישנות התנהגות עוברת חוק מצד הנאשמת, ככל שלא תסתייע בגורם טיפולי.",train
אילו שיקולים יש להביא בחשבון בקביעת מתחם הענישה?,"לצורך כך אביא בחשבון את הערכים החברתיים שנפגעו מביצוע העבירה ומידת הפגיעה בהם; נסיבות הקשורות בביצוע העבירה, מידת אשמו של הנאשם ומדיניות הענישה הנוהגת.",train
מדוע נחשבת עבירת גניבה ממעביד לעבירה חמורה במיוחד?,"עבירה של גניבה ממעביד הינה עבירה חמורה, במיוחד בין עבירות הרכוש, שלצידה נקבע כאמור מקסימאלי של 7 שנות מאסר.",train
אילו שיקולים נלקחו בחשבון בגזירת העונש לנאשם?,בגזירת העונש הבאתי בחשבון את שיקולי הרתעת היחיד והרבים.,train
כיצד פגע הנאשם בערכים החברתיים הנוגעים לתא המשפחתי ולזכות האוטונומיה של המתלוננת?,"בביצוע עבירות אלו, פגע הנאשם בערכים החברתיים של שמירת התא המשפחתי מפני אלימות, כמו גם בשלימות גופה של המתלוננת, זכותה לאוטונומיה על גופה, הביטחון האישי שלה בכלל וביטחונה האישי בד' האמות של התא המשפחתי בפרט.",train
מהו העקרון המנחה לקביעת מתחם העונש ההולם לפי סעיף 40ג(א) לחוק העונשין?,"מתחם העונש ההולם נקבע בהתאם לעקרון ההלימה כפי שהוגדר בסעיף 40ג(א) לחוק העונשין, ולצורך כך על בית המשפט להתחשב בשלושת אלה: בערך החברתי שנפגע מביצוע העבירה ובמידת הפגיעה בו; בנסיבות הקשורות לביצוע העבירה ומידת אשמו של הנאשם; במדיניות הענישה הנהוגה.",train
מהו תפקיד הציות להוראות החוק בקביעת הענישה במקרה זה?,"ציות להוראות חוק ולקבלת אחריות על המעשים מהווים גורמים מרכזיים בהמתן הענישה, דבר שלא התקיים במקרה זה.",train
כיצד השפיעה השתתפות הנאשם בתגרה על הערך החברתי של זכות האדם לשלום גופו?,"במקרה דנא, השתתפות בתגרה הובילה את הנאשם לעשות שימוש בכלי נשק קר ובדרך זו פגע בערך חברתי רם מעלה של זכות האדם להגנה על שלומו ועל שלמות גופו, וזכותו לתחושת בטחון בכל מקום בו הוא נמצא.",train
מדוע יש לקחת בחשבון שיקולים מסוימים בעת קביעת העונש?,טעם עיקרי לכך הוא שחלק מהשיקולים שהוזכרו לעיל מובאים ברגיל בחשבון במסגרת קביעת העונש בתוך המתחם.,train
כיצד נקבע מתחם העונש ההולם לפי סעיף 40ג(א) לחוק העונשין?,מתחם העונש ההולם יקבע בהתאם לעיקרון ההלימות כפי שהוגדר בסעיף 40ג(א) לחוק העונשין.,train
מהו מתחם הענישה ההולם לעבירה שביצע הנאשם בהתחשב בערכים החברתיים שנפגעו?,"מכל המקובץ, בהתחשב בערכים החברתיים שנפגעו מביצוע העבירה, במידת הפגיעה בהם, במדיניות הענישה הנהוגה, בנסיבות הקשורות בביצוע העבירה והיחס ההולם בין חומרת מעשה העבירה בנסיבותיו ומידת אשמו של הנאשם ובין סוג ומידת העונש שיש להטיל עליו, סבורני כי מתחם העונש ההולם לעבירה זו שבוצעה על ידי הנאשם נע בין מאסר מותנה לבין 8 חודשי מאסר בפועל.",train
מהו מתחם העונש שנקבע לעבירות שביצע הנאשם?,"מכל המקובץ, באתי למסקנה כי מתחם העונש ההולם לעבירות שביצע הנאשם הינו בין 3 חודשי מאסר שיכול וירוצו בעבודות שירות לבין 12 חודשי מאסר בפועל, לצד ענישה מותנית וענישה כלכלית.",train
מה על בית המשפט לבחון עם קביעת מתחם הענישה?,"עם קביעת מתחם הענישה, על בית המשפט לבחון האם ראוי לחרוג ממנו לקולה בשל שיקולי שיקום (סעיף 40ד לחוק העונשין) או לחומרה בשל הצורך להגנה על שלום הציבור (סעיף 40ה לחוק העונשין).",train
כיצד משפיע השיהוי בהליך על התייחסות לבית המשפט למועד ביצוע העבירות?,"הגם שהשיהוי בהליך אינו רובץ לפתחו הבלעדי של אף אחד מן הצדדים, יש לתת את הדעת לכך שחלפו שנים רבות ממועד ביצוע העבירות.",train
מהו עקרון זכותו של כל אדם לחיים ולשלמות הגוף כפי שהדגיש בית המשפט העליון?,"על הבריונות ההולכת וגוברת במקומותינו, תוך שימוש בנשק, קר או חם, ועל הצורך בהרתעת היחיד והרבים על ידי הטלת עונשים ראויים, עמד בית המשפט העליון בע\פ 5753/04 מדינת ישראל נ' ירון רייכמן (ניתן ביום 07.02.2005):   בית המשפט העליון חזר והדגיש, כי זכותו של כל אדם לחיים ולשלמות הגוף היא זכות יסוד מקודשת ואין להתיר לאיש לפגוע בזכות זו.""",train
מהן שלוש ההתחשבויות שעל בית המשפט לקחת בחשבון ליישום עקרון ההלימה?,"על מנת ליישמו בית משפט מתחשב בשלושת אלה: ראשית, בערך החברתי שנפגע מביצוע העבירה ובמידת הפגיעה בו; שנית, בנסיבות הקשורות בביצוע העבירה ומידת אשמו של הנאשם; שלישית, במדיניות הענישה הנהוגה (ע\פ 8641/12 סעד נ' מדינת ישראל (ניתן ביום 5.8.2013).""",train
מהו המושג המשפטי המאפשר לכלול שיקולים פרטניים הנוגעים לנאשם בהליך החילוט?,"בגדרי התיבה 'נימוקים מיוחדים' יכולים לבוא גם שיקולים פרטניים הנוגעים לנאשם עצמו ולהליך שננקט בעניינו (וזאת בנוסף לסייגים לחילוט רכוש הקבועים בסעיפים 36ג(ב)-(ג) לפקודת הסמים המסוכנים המוחלים בענייננו דרך סעיף 23 לחוק איסור הלבנת הון, המורים בין היתר כי בית המשפט לא יורה על חילוט אלא אם נוכח שלבעל הרכוש שיחולט ולבני משפחתו הגרים עמו יהיו אמצעי מחיה סבירים ומקום מגורים סביר.",train
מהו חלקו של הנאשם במהלך ביצוע העבירות לפי סעיף 40ט לחוק העונשין?,"בבחינת הנסיבות הקשורות בביצוע העבירות (סעיף 40ט לחוק העונשין), מצאתי להביא בכלל חשבון את חלקו המרכזי והעיקרי של הנאשם במהלך הדברים.",train
מהו מתחם העונש ההולם שנקבע בנסיבות המקרה?,"מכל המקובץ, מסקנתי כי מתחם העונש ההולם בנסיבות דנא הינו בין מאסר מותנה לבין 6 חודשי מאסר בפועל, לצד ענישה מרתיעה צופה פני עתיד.",train
מה יש לזכור לגבי הקשר בין מתחם העונש ההולם למדיניות הענישה בעבירה מסוימת?,"לפני קביעת מתחמי הענישה ההולמים, יש לזכור כי אין בהכרח חפיפה בין מתחם העונש ההולם לבין מדיניות הענישה הנהוגה בעבירה רלבנטית מסוימת, שאינה אלא שיקול מבין השיקולים הנלקחים בחשבון בקביעת מתחם העונש ההולם.",train
מדוע יש להסתפק בעונש מאסר בפועל לפרק זמן שיאפשר ריצוי בדרך של עבודות שירות?,"סבורני כי נסיבותיו המיוחדות של הנאשם ותקופת מעצרו הממושכת,  מצדיקות להסתפק עתה בעונש מאסר בפועל לפרק זמן שיאפשר את ריצויו בדרך של עבודות שירות, ולשם כך לסטות אך בחודש ימים בלבד מהרף התחתון של מתחם הענישה ההולם שנקבע לעיל.",train
מהו הצורך שנדון בתיקון מס' 113 לחוק העונשין?,"דרך זו חידד תיקון מס' 113 לחוק העונשין את הצורך בהמשך נקיטת שיטת ענישה אינדיווידואלית, הבוחנת נסיבותיו של כל מקרה ואדם המובא לדין (ע\פ 433/89 אטיאס נ' מדינת ישראל, פ\""ד מג(4) 170; ע\""פ 5106/99 אבו ניג'מה נ' מדינת ישראל, פ\""ד נד(1) 350; רע\""פ 3173/09 פראגין נ' מדינת ישראל  (5.5.2009)).""",train
מהו הנימוק שהוביל את בית המשפט להימנע מהחמרה בענישה במקרה זה?,"מנגד, לא הונחה בפניי תשתית עובדתית ממנה ניתן להסיק על רמת סיכון גבוהה להתנהגות פוגענית חוזרת מצד הנאשם ועל כן אינני מוצא מקום לחצות את רף מתחם הענישה לחומרא, משיקולי הגנה על שלום הציבור.",train
כיצד השפיע גילו הצעיר של הנאשם על ההחלטה של בית המשפט?,"מצאתי לתן משקל רב לגילו הצעיר, לרקעו המשפחתי והכלכלי הקשה והמורכב ולהמלצות שירות המבחן.",train
"מהו ההיבט המשפטי שמוזיל את חומרת העבירה כאשר מציגים אותה כ\רצח באדישות\""?""","עצם הצגת העבירה כ\רצח באדישות\"", כפי שהצדדים הציגו אותה לפנינו, (וכתב האישום המתוקן אף נוקב בביטוי זה כעבירה שכביכול קיימת עלי ספר), מניחה מחשבה אפריורית (שגוייה) המוזילה את עוצמת חומרתה של העבירה.""",train
מהי ההשפעה של חומרת העבירות על הסתבכותו הראשונה של הנאשם 2?,"אכן, המדובר בהסתבכות ראשונה של הנאשם 2, אך יש בחומרת העבירות והיקפן, על הנסיבות בהן בוצעו כדי לגבור על מקריות כלשהי שניתן היה לייחס למעשיו.",train
מהו עקרון ההלימה שנקבע בתיקון 113 לחוק העונשין וכיצד הוא משפיע על הענישה?,"תיקון 113 לחוק העונשין שעניינו \הבניית שיקול הדעת השיפוטי בענישה\"" התווה את עקרון ההלימה כעיקרון מנחה בענישה, לפיו נדרש יחס הולם בין חומרת מעשה העבירה בנסיבותיו ומידת אשמו של הנאשם לבין סוג ומידת העונש המוטל עליו (ס' 40ב לחוק העונשין).""",train
כיצד יש להתחשב במספר המעשים העברייניים כאשר הם מהווים אירוע עברייני אחד?,"כאשר מעשי הנאשם בשני אישומים או יותר מהווים אירוע עברייני אחד, עדיין יש מקום להתחשב לצורך קביעת המתחם העונשי במספר המעשים העברייניים המרכיבים את אותו 'אירוע', שהרי כבר נקבע ש'לעיתים, העובדה שהאירוע כולל כמה מעשים יכולה לשוות לו מידה נוספת של חומרה'.",train
על מה מתבסס קביעת העונש המתאים לנאשמת?,"לפיכך, העונש המתאים לנאשמת, ייקבע בהתחשב בנסיבותיה ובשיקולי ההרתעה במסגרת מתחם הענישה.",train
מהו תפקידו של בית המשפט בענישה של עבירות חמורות ושילובן זו בזו?,"עבירות חמורות אלה, כל אחת לחוד ובעיקר שילובן זו בזו, הן עבירות ששומה על בית המשפט למגר בענישה מרתיעה ומשמעותית.",train
מהו העונש המרבי והעונש המינימלי שנקבעו לעבירה של הפרעה לשוטר במילוי תפקידו?,"בביצוע עבירה של הפרעה לשוטר במילוי תפקידו, לצדה קבע המחוקק עונש מרבי של 3 שנות מאסר ועונש מינימאלי של שבועיים מאסר, פגע הנאשם בערכים חברתיים בסיסיים שנועדו להגן על שלטון החוק, כבודם של אנשי החוק והסדר הציבורי.",train
מהי הסיבה לכך שלא הוחלט לחצות את רף מתחם הענישה לחומרה?,"מנגד, לא הונחה בפניי תשתית עובדתית ממנה ניתן להסיק על רמת סיכון גבוהה להתנהגות פוגענית חוזרת מצד הנאשם ועל כן אינני מוצא מקום לחצות את רף מתחם הענישה לחומרה, משיקולי הגנה על שלום הציבור.",train
מהי הסיבה לכך שבית המשפט החליט לא להטיל ענישה כלכלית על הנאשם?,"בנסיבות הכוללות, מצאתי שלא למתוח את שורת הדין עם הנאשם, ולהימנע משהשתת ענישה כלכלית בדמות קנס או פיצוי.",train
כיצד השפיעה הרפורמה בעבירות ההמתה על הענישה בעבירות אדישות?,"הרפורמה בעבירות ההמתה הובילה להחמרה בענישה בעבירות של המתה ביסוד נפשי של אדישות, אשר כעת מהווה רצח, בעוד שבעבר נאשם האדיש כלפי אפשרות גרימת המוות היה מורשע בעבירת ההריגה.",train
מהו המידע המצביע על הבנת הנאשם את הפסול במעשיו?,הנאשם הבין היטב את הפסול שבהם והיה ביכולתו להימנע מהם מבלי שעשה כן.,train
כיצד משפיעות הנסיבות על קביעת הענישה במקרה זה?,"מכאן, הענישה נקבעה תלויה בנסיבות המקרה, בהתאם לעבירות הנוספות שהצטרפו.",train
מהו תפקידו של בית המשפט בהערכת נסיבות שונות בעת גזירת העונש?,"מתפקידו של בית המשפט להעריך ולשקול נסיבות רבות ומגוונות, כמו למשל, חומרת העבירה ונפיצותה בציבור, הגנה על שלום הציבור וביטחונו, הרתעת העבריין ועבריינים בכוח, התגמול שבענישה וכיוצא באלה.",train
מהו הרקע לקביעת העונש המינימום בפקודת התעבורה?,"קביעת העונש המינימום בפקודה נעשתה על רקע הצורך להרתיע נהגים המסכנים חיי אדם בכבישי הארץ, ועל בתי המשפט להרים תרומתם למניעת התופעה.",train
כיצד יש לגזור את העונש המתאים לנאשם לפי סעיף 40יא לחוק?,"את העונש המתאים לנאשם יש לגזור בהתחשב בנסיבות שאינן קשורות בביצוע העבירה, כמפורט בסעיף 40יא לחוק.",train
מהו הנזק האפשרי שהיה עלול להיגרם מביצוע העבירה בנסיבות דנא?,"הנזק שהיה עלול להיגרם מביצוע העבירה בנסיבות דנא, הינו משמעותי ורב מזה שנגרם, עד כדי קיפוח חייו של המתלונן.",train
מהו טווח הענישה המוסכם בהסדר טיעון וכיצד הוא משקף את האינטרסים של הצדדים?,"ברמה המהותית - טווח ענישה מוסכם בהסדר טיעון הוא תוצאה של מיצוי כוח המיקוח של כל אחד מהצדדים להליך, בשים לב לכלל נסיבות התיק ולכן הוא משקף בעיקר את האינטרסים המידיים של שני הצדדים (תוך התחשבות בעובדה כי רשויות התביעה מייצגות אינטרס ציבורי רחב יותר).",train
מהו הנזק הצפוי שהיה יכול להיגרם אם המתלונן היה שב לרכבו בעת ביצוע העבירה?,"בנסיבות המתוארות, הנזק שהיה צפוי להיגרם מביצוע העבירה, עשוי היה להיות גדול ומשמעותי במידה והמתלונן היה שב לרכבו בעת ביצוע המעשה.",train
מהו תפקידו של בית המשפט בהגנה על שוטרים הממלאים תפקידם כדין במסגרת הענישה?,"מחובת בית המשפט ליצוק תוכן לענישה זו כמצוות המחוקק, ולהגן על שוטרים הממלאים תפקידם כדין, בין היתר, באמצעות ענישה ממשית.",train
מהן שלושת השלבים במלאכת גזירת הדין בעבירות רכוש?,"מלאכת גזירת הדין מורכבת משלושה שלבים עיקריים: תחילה, אקבע את מתחם העונש ההולם למעשה העבירה שביצע הנאשם, על בסיס שיקולים נורמטיביים ואובייקטיבים, בהתחשב בערך החברתי שנפגע מביצוע העבירה, במידת הפגיעה בערך זה, במדיניות הענישה הנהוגה ובנסיבות הקשורות בביצוע העבירה כמפורט בסעיף 40ט לחוק העונשין (סעיף 40ג לחוק העונשין); לאחר מכן, אבחן האם לחרוג מן המתחם לקולא בשל שיקולי שיקום (סעיף 40ד לחוק העונשין) או לחומרא בשל שיקולי הגנה על שלום הציבור (סעיף 40ה לחוק העונשין); לבסוף, אקבע את העונש המתאים שיושת על הנאשם, בהתחשב בצורך בהרתעת הנאשם (סעיף40ו לחוק העונשין), בצורך בהרתעת הרבים (סעיף40ז לחוק העונשין) ובנסיבותיו האישיות של הנאשם שאינן קשורות בביצוע העבירה (סעיף 40יא לחוק העונשין), כמו גם בנסיבות אחרות ככל שתמצאנה רלוונטיות (סעיף 40יב לחוק העונשין).",train
מהו הנזק החברתי שנגרם בעבירת איומים על הקרבן?,"בביצוע עבירת איומים נפגעים ערכים חברתיים של שלוות נפשו של הקרבן, חופש הפעולה והבחירה שלו ואין לאפשר מצב בו איום הופך להיות כלי או אמצעי לפתרון סכסוך כזה או אחר, בפרט כאשר קיים חשש ממשי שדברי איום יובילו לכדי פגיעה פיסית של ממש.",train
מהי הסיבה המרכזית להחמרת הענישה במקרה זה?,"לחובת הנאשם, עומדת חומרת העבירה אותה ביצע, המדיניות העונשית בעבירה זו והפוטנציאל לנזק לרכוש ולפגיעה בנפש הטמון בה.",train
מהן הנסיבות האישיות שצוינו בהקשר למצבו של הנאשם?,"הבאתי בחשבון את נסיבותיו האישיות, מצבו המשפחתי המורכב של הנאשם כפי המתואר בתסקיר שירות המבחן, מצבו הרפואי של אחיו הגדול והעדר עבר פלילי מכביד.",train
מדוע אין לעברו הפלילי של הנאשם השפעה מקלה על הענישה?,"הנאשם לא דק פורתא בטענתו שאין בעברו הפלילי, שרובו ככולו הוא בעבירות של שהייה שלא כדין בישראל ועבירות רכוש, כדי להוות שיקול לחומרה, באשר גם בעניינו הוא הורשע בעבירה של שהייה בלתי חוקית ובעבירות רכוש, ולכן יש לכך חשיבות, כמו גם לעברו הפלילי המכביד למדי, ואין הוא זכאי ליהנות מההקלה בענישה הניתנת לאדם הנעדר עבר פלילי.",train
מהו החשש שהנאשם יחזור ויבצע עבירות דומות ואיך הוא משפיע על מתחם הענישה?,"מנגד, החשש שהנאשם יחזור ויבצע עבירות דומות אינו מצדיק חציית רף מתחם הענישה לחומרה משיקולי הגנה על שלום הציבור.",train
"מהי המסקנה לגבי מניע הנאשם בביצוע העבירה, בהתבסס על הכמות הגדולה של החומר שנתפס?","מקרה דנן, לנוכח הכמות הגדולה של החומר שנתפס ( ואלפי שקיות אריזה ריקות לצדו), ניכר כי העבירה בוצעה למען בצע כסף, ולא לשימוש עצמי, כפי שהדברים נאמרו מפורשות בטיעוני הנאשם לעונש.",train
מהו השיקול שעל בית המשפט לבחון לחריגה מהמתחם?,"כאמור, על בית המשפט לבחון האם ראוי לחרוג מן המתחם בשל שיקולי שיקום המהווים שיקול לקולא (סעיף 40ד לחוק העונשין); או מאידך, לחרוג מן המתחם בשל הצורך להגנה על שלום הציבור, המהווה שיקול לחומרה (סעיף 40ה לחוק העונשין).",train
מדוע יש להתבונן בפגיעותיו של הבטום בעת קביעת חומרת העונש?,"עצתי לכל המהרהרים באשר לחומרת העונש, להתבונן בפניו המצולקות של הבטום, ולאמוד את חומרת הנזק ומפח הנפש שנגרמו לו.",train
כיצד עלולה הקלות בהורשע הנאשם לפגוע באינטרס הציבורי?,למעשה הקלות שבה הורשע הנאשם ופטור מעונש הולם עלולה לפגוע באינטרס הציבורי.,train
מהי המסקנה לגבי הצורך בענישה מוחשית לנוכח עברו של הנאשם?,"חומרת העבירה ונסיבות ביצועה בשילוב עברו של הנאשם מציירים תמונת מסוכנות ומובילים למסקנה כי לא די בתמרורי האזהרה - בדמות מאסרים מותנים וענישה כלכלית, אלא שיש צורך בענישה מוחשית בדרך של מאסר בפועל על מנת להמחיש עבור הנאשם את החומרה שבמעשיו החוזרים ונשנים.",train
מהו הצורך במאבק בתופעת הסמים כפי שנראה בעבודת בתי המשפט?,"לעניין זה יפים דבריו של בית המשפט העליון בדבר הצורך במלחמה בתופעה ובמיגורה, תוך הטלת עונשים מרתיעים.",train
מהן הנסיבות שיש להביא בחשבון בעת קביעת מתחם העונש לעבירות תקיפה?,"לצורך כך יובאו בחשבון הערכים החברתיים שנפגעו מביצוע העבירות ומידת הפגיעה בהם; נסיבות הקשורות בביצוע העבירות, מידת אשמו של הנאשם ומדיניות הענישה הנוהגת (ע\פ 8641/12 סעד נ' מדינת ישראל (ניתן ביום 5.8.2013)).""",train
כיצד יש להבחין בין מדרגי ביניים של חומרה בעבירת ההצתה?,"בבחינת מידת הפגיעה בערכים המוגנים יש להבחין בין מדרגי ביניים של חומרה בעבירת ההצתה, תוך הבחנה בין \הצתה של נכס בנסיבות שאין לחשוש כי ההצתה תתפשט לרכוש אחר; הצתה של נכס שעלולה להתפשט ולפגוע ברכוש אחר; הצתה של נכס שיש בה פוטנציאל לפגיעה בגוף ובנפש; הצתה של נכס בנוכחותו הקרובה והמידית של אדם, מה שמגביר את פוטנציאל הפגיעה בגוף ובנפש; הצתה שגרמה בפועל לפגיעה בגוף ובנפש על אף שהמצית לא התכוון לכך (מחשבה פלילית של פזיזות); והצתה בכוונה לפגוע בגוף ובנפש ... מובן כי בתוך מדרגי ביניים אלה יש להבחין בין נסיבות שונות לחומרה או לקולה, כמו ערך הרכוש שהוצת או מספר האנשים שעמדו תחת סיכון של פגיעה\"".""",train
מה ניתן להסיק לגבי תכנון העבירה בהקשר לנסיבותיה?,"עם זאת, לנוכח טיב העבירה, בהזדמנויות שונות, ניתן להניח כי קדם תכנון למעשה.",train
מהו השיקול שעל בית המשפט לבחון האם לחרוג ממתחם הענישה?,"כאמור, על בית המשפט לבחון האם ראוי לחרוג מן המתחם בשל שיקולי שיקום המהווים שיקול לקולא (סעיף 40ד לחוק העונשין) או מאידך בשל הצורך להגנה על שלום הציבור, המהווה שיקול לחומרא (סעיף 40ה לחוק העונשין).",train
מהו התכנון שקדם לביצוע העבירות שצריך להביא בחשבון?,"בבחינת הנסיבות הקשורות בביצוע העבירות לשלושת הנאשמים (סעיף 40ט לחוק העונשין), מצאתי להביא בכלל חשבון, את התכנון שקדם לביצוע העבירות שכן השלושה פעלו בהתאם לתכנית שיטתית, סדורה ובמהירות המצביעה על מיומנות רבה.",train
כיצד יש להתחשב בנסיבות האישיות של הנאשם בעת גזירת העונש?,"בגזירת העונש המתאים לנאשם, בהתאם להוראות סעיף 40יא לחוק העונשין, יש מקום להתחשב בנסיבותיו האישיות, אשר אינן קשורות בביצוע העבירה.",train
מהו מתחם העונש ההולם שנקבע לעבירות שביצע הנאשם בנסיבות המפורטות?,"מכל המקובץ, סבורני כי מתחם העונש ההולם לעבירות שביצע הנאשם, בנסיבות המפורטות, הינו בין מאסר מותנה לבין 12 חודשי מאסר בפועל, לצד מאסרים מותנים וענישה כלכלית.",train
מהן הנסיבות האישיות שיבואו בחשבון בעת גזירת העונש לנאשמים?,"בגזירת העונש המתאים לנאשמים, בהתאם לסעיף 40יא לחוק העונשין, יובאו בכלל חשבון נסיבותיהם האישיות, שאינן קשורות בביצוע העבירה.",train
מהו השיקול שיש לייחס במסגרת קביעת הענישה בעבירות סמים?,במסגרת זו יש ליחס משקל גם לסוג הסם ולכמותו.,train
מהו הצורך שהדגיש תיקון מס' 113 לחוק העונשין בנוגע לענישה?,"דרך זו חידד תיקון מס' 113 לחוק העונשין את הצורך בהמשך נקיטת שיטת ענישה אינדיווידואלית, הבוחנת נסיבותיו של כל מקרה ואדם המובא לדין (ע\פ 433/89 אטיאס נ' מדינת ישראל, פ\""ד מג(4) 170; ע\""פ 5106/99 אבו ניג'מה נ' מדינת ישראל, פ\""ד נד(1) 350; רע\""פ 3173/09 פראגין נ' מדינת ישראל (ניתן ביום 5.5.2009)).""",train
מהו היסוד הנפשי של כוונה והשלכותיו על הפגיעה בערך המוגן?,ככלל יסוד נפשי של כוונה מוביל למסקנה שהפגיעה בערך המוגן הינה ברף גבוה.,train
מהי מידת הפגיעה בערכים החברתיים במקרה זה?,"בנסיבות אלה, סבורני כי מידת הפגיעה בערכים החברתיים הינה משמעותית, אך אינה במרום החומרה.",train
מדוע אין הצדקה לקבוע רף תחתון לעונש שהוא נמוך מהעונש המזערי?,"לאור זאת, אין כל הצדקה לקבוע רף תחתון שהוא נמוך מהעונש המזערי.",train
מהו האינטרס הציבורי בענישה מחמירה במקרה של הנאשם?,"האינטרס הציבורי הוא לחזות בענישה מחמירה בנסיבות בהן הורשע הנאשם, שיהיה בה כדי להרתיעו ואחרים כמותו מביצוע מעשים דומים בעתיד.",train
מדוע יש להיזהר מטשטוש בין קביעת מתחם הענישה לבין טווח הענישה המוסכם?,"על כן בחלק מהמקרים תהיה חפיפה מסוימת בין השיקולים הנשקלים בעת קביעת מתחם הענישה, לבין אלה המובאים בחשבון בקביעת טווח ענישה מוסכם בהסדר טיעון, אך יש להיזהר מטשטוש, שעלול להיווצר כתוצאה מחפיפה חלקית זו, שאיננה גורעת מההבדלים המשמעותיים בין שני המושגים הנ\ל.""",train
"מהי ההגדרה הרחבה של \נשק\"" כפי שנקבעה בפסיקה?""","הלכה מושרשת היא, כי \נשק\"" אינו רק כלי שיועד מלכתחילה להוות \""נשק\"" וכי גם כלי או חפץ שנוצר לשימוש תמים ולא יועד לשמש למטרה אלימה, עשוי להיחשב כ\""נשק\"" אם בפועל נעשה בו שימוש ככזה (ראו: ע\""פ 371/08 מדינת ישראל נ' דסטה ביטאו (ניתן ביום 27.10.2008).""",train
מהי החשיבות הנורמטיבית בהבחנה בין אירועים שונים לקביעת מתחם עונש נפרד לכל אחד מהם?,"מכאן מתבהרת גם החשיבות הנורמטיבית – משיקולי הלימה ובעקבותיה גם הרתעה – להבחין בין אירועים שונים, ולקבוע מתחם נפרד לכל אחד מהם.",train
מהו היתרון שצוין לזכות הנאשם בעקבות הודאתו בכתב האישום?,"לזכות הנאשם יצוין כי הודה במיוחס לו בכתב האישום שתוקן לקולה, הביע צער וחרטה וחסך מזמנו של בית המשפט.",train
מהו מתחם הענישה ההולם עבור הנאשם בגין העבירות בהן הורשע?,"מכל המקובץ, בהתחשב בערכים החברתיים שנפגעו מביצוע העבירות, במידת הפגיעה בהם, במדיניות הענישה הנהוגה, בנסיבות הקשורות בביצוע העבירות והיחס ההולם בין חומרת העבירות בנסיבותיהן ומידת אשמו של הנאשם ובין סוג ומידת העונש שיש להטיל עליו, סבורני כי מתחמי העונש ההולמים לאירועים בהן הורשע הנאשם הינם כדלקמן: מתחם הענישה ההולם עבור כל אחד מהאירועים הראשון והשני, הכוללים הסגת גבול כדי לעבור עבירה וגניבה, הינו בין מספר חודשי מאסר שיכול וירוצו בעבודות שירות לבין 12 חודשי מאסר בפועל, לצד ענישה כספית והרתעתית.",train
מדוע הטלת עונשי מאסר עשויה לגרום לנזק לחברה במקרה זה?,"הטלת עונשי מאסר בכליאה, נוכח השלכותיה האפשריות עליהן עמדתי, תחטא לשיקול השיקום ועלולה לגרום ליותר נזק מתועלת לחברה.",train
מהו השיקול שהובא בחשבון לקולה בעקבות הודאת הנאשם במסגרת הסדר הטיעון?,"במסגרת השיקולים לקולה, הבאתי בחשבון כי הנאשם הודה במסגרת הסדר טיעון בעבירה שיוחסה לו בכתב האישום, אשר תוקן משמעותית לקולה, קיבל אחריות והביע חרטה.",train
מהי שיטת העונש הכולל ואילו יתרונות היא מציעה לבית המשפט?,שיטת העונש הכולל מאפשרת לבית-המשפט להביע עמדה עונשית ראויה ביחס למכלול התנהגותו הפלילית של הנאשם.,train
מהו השיקול שהוביל למסקנה כי לא נמצאו נסיבות המעלות את חומרת העבירה מעבר למתחם העונש ההולם?,"נוכח העובדה כי לא נטען כי הנאשם סיפק את הסמים לאחרים, או עשה בהם שימוש לשם בצע כסף, יוצא כי לא נמצאו נסיבות המעלות את חומרת העבירה מעבר למה שנקבע במתחם העונש ההולם.",train
מהי הסיבה לחומרה היתרה שמייחסים בתי המשפט לעבירות שוד וגניבה מקשישים?,"מכאן מידת הסלידה של החברה ביחס לשוד וגניבה מקשישים, ומכאן החומרה היתרה שבתי המשפט מייחסים לעבירה זו בהיבט של שיקולי גמול והלימה\.""",train
מהו השיקול המרכזי לחומרה במקרה זה וכיצד הוא קשור למעשיו של הנאשם?,"השיקול המרכזי העומד לחומרה מבחינת הנאשם הינו חומרת מעשיו, בייחוד כשאלה הופנו כלפי בת זוגתו דאז.",train
מהו העונש המרבי שנקבע לעבירת האיומים ומהם הערכים החברתיים שנפגעים ממנה?,"בנוסף, בביצוע עבירת האיומים, לצידה קבע המחוקק עונש מרבי של 3 שנות מאסר, נפגעים ערכים חברתיים של שלוות נפשו של הקרבן, חופש הפעולה והבחירה שלו.",train
מדוע נחשבת הפגיעה בשוטרים לחמורה כשלעצמה?,עצם הפגיעה בשוטרים היא חמורה כשלעצמה ללא קשר לתוצאותיה.,train
מהו הקשר בין חומרת מעשי הנאשם 2 לוויתור על הרשעתו?,"חומרת מעשי הנאשם 2 ונסיבותיו האישיות, אינם מאפשרים לוותר על ההרשעה בנסיבות המעשים, מבלי שייפגעו שיקולי ענישה הקשורים במקרה דנן לשיקולי גמול והרתעת הנאשם ועבריינים כמותו.",train
כיצד השפיעו הנסיבות על ההרשעה והענישה של הנאשם ברף התחתון?,"לנוכח מכלול הנסיבות, שיקולים אלו ימצאו ביטוי בעצם הרשעתו ובענישתו ברף התחתון של מתחם הענישה, שלא בדרך כליאה ומאסר מותנה שיושת עליו, וכל אלה אינם אפשריים ללא הרשעתו.",train
מה קובע בית המשפט העליון לגבי נגע הסמים וכיצד יש לפעול נגדו?,"בית המשפט העליון קבע בשורה ארוכה של פסקי דין, כי נגע הסמים פשה בארצנו כמגיפה ומשכך מצווים בתי המשפט לתרום את חלקם במלחמה נגד נגע זה על ידי הטלת עונשים חמורים ומרתיעים.",train
מהי מדיניות הענישה בעבירות אלימות במשפחה בישראל?,מדיניות הענישה הנהוגה בעבירות שבוצעו שמה דגש על הצורך במאבק בנגע האלימות שפשט בחברה הישראלית ובצורך להשית ענישה מרתיעה.,train
מהי הסיבה לכך שלא שוכנעו לחרוג ממתחם הענישה ההולם בעניינה של הנאשמת?,"עם זאת, נמסר כי הנאשמת נפקדה לא אחת מפגישות שנקבעו לה בשירות המבחן (ואף אצל הממונה על עבודות השירות) ולא שוכנעתי כי בנסיבותיה יש הצדקה לחריגה כלשהי ממתחם הענישה ההולם בעניינה.",train
מהו העונש המרבי שנקבע לעבירה של התנגדות למעצר חוקי ומהם הערכים החברתיים שנפגעים ממנה?,"הערכים החברתיים שנפגעים בביצוע עבירה של התנגדות למעצר חוקי, לצדה קבע המחוקק עונש מרבי של שישה חודשי מאסר, הם שמירה והגנה על הסדר הציבורי, שלטון החוק, שלמות גופם, כבודם וביטחונם של הממונים על אכיפת החוק.",train
מדוע נדרשת הענישה המחמירה בעבירות החזקת כלי נשק שלא כדין?,"בלב המדיניות המשפטית עומדת ההכרה בסכנה הממשית שילוו את החזקת כלי נשק שלא כדין ובפוטנציאל שנושא הנשק להסלמת אלימות ולפגיעה בציבור, ולכן נדרשת הענישה המחמירה והמרתיעה.",train
מהן שלוש הנסיבות שעל בית המשפט להתחשב בהן ליישום עקרון ההלימה?,על מנת ליישמו בית משפט יתחשב בשלושת אלה: בערך החברתי שנפגע מביצוע העבירה ובמידת הפגיעה בו; בנסיבות הקשורות בביצוע העבירה ומידת אשמו של הנאשם ובמדיניות הענישה הנוהגת.,train
כיצד יש להביא בחשבון את חלקו של הנאשם והמתלונן בביצוע העבירות?,"בבחינת הנסיבות הקשורות בביצוע העבירות (סעיף 40ט לחוק העונשין), מצאתי להביא בכלל חשבון, את חלקו היחסי של הנאשם במהלך הדברים למול חלקו של המתלונן.",train
מהו השיקול המרכזי לקביעת עונשו של הנאשם במחצית המתחם לפי נסיבות העניין?,"אלה צריכים, כמצוות המחוקק, להוות שיקולים שיהיה לתת להם משקל בעת קביעת העונש, ועל כן, בנסיבות העניין ובמכלול השיקולים לחומרה ולקולא, אני סבור שיש למקם את עונשו של הנאשם במחצית המתחם.",train
מדוע בית המשפט אינו כבול להסכמות הצדדים בנוגע לעונש המוסכם?,"אמנם, במקרה דנא הושגה הסכמה עונשית, וזו הוצגה לבית המשפט, אך כפי שנקבע לא אחת, בית המשפט אינו כבול להסכמות הצדדים, בין אם מדובר בטווח ענישה מוסכם ובין אם בעונש קונקרטי מוסכם.",train
מהן השלבים העיקריים במלאכת גזירת הדין לפי סעיף 40 לחוק העונשין?,"מלאכת גזירת הדין מורכבת ממספר שלבים עיקריים: תחילה, אקבע את מתחם העונש ההולם למעשה העבירה שביצע הנאשם, על בסיס שיקולים נורמטיביים ואובייקטיבים, בהתחשב בערך החברתי שנפגע מביצוע העבירה, במידת הפגיעה בערך זה, במדיניות הענישה הנהוגה ובנסיבות הקשורות בביצוע העבירה כמפורט בסעיף 40ט לחוק העונשין (סעיף 40ג לחוק העונשין); לאחר מכן, אקבע את העונש המתאים לנאשם, בהתחשב בצורך בהרתעת הנאשם (סעיף40ו לחוק העונשין) והרבים (סעיף40ז לחוק העונשין) ובנסיבותיו האישיות של הנאשם שאינן קשורות בביצוע העבירה (סעיף 40יא לחוק העונשין), כמו גם בנסיבות אחרות ככל שתמצאנה רלוונטיות (סעיף 40יב לחוק העונשין).",train
מהי המשמעות של ניצול סחטני חוזר כנסיבה מחמירה בעבירות סחיטה?,"ניצול סחטני חוזר, לאורך זמן, הוא נסיבה מחמירה.",train
מהו הסיכון המיוחד בעבירות הסגת גבול למקום מגורים?,"מלבד הפגיעה בשגרת החיים ועוגמת הנפש אשר קיימת בכל עבירות הרכוש, בעבירות של הסגת גבול למקום המשמש למגורים, אשר הינו מבצרו של האדם, קיים גם סיכון אינהרנטי להתדרדרות האירוע לפגיעה פיזית בחיי אדם.",train
כיצד משפיע עברו של הנאשם על ההחלטה בעניינו?,"אין זו המעידה הראשונה של הנאשם והנאשם צבר לחובתו עבר מכביד של עבירות אלימות, לרבות איומים, בגינם הושתו עליו עונשים מכבידים ומרתיעים, אך אלה לא מנעו מבעדו מלשוב ולבצע את העבירה בגינה הועמד לדין.",train
מהו מתחם הענישה ההולם לעבירה שביצע הנאשם בנסיבות המפורטות?,"מכל המקובץ, סבורני כי מתחם העונש ההולם לעבירה שביצע הנאשם בנסיבות המפורטות נע בין מאסר מותנה לבין 8 חודשי מאסר בפועל, לצד ענישה צופה פני עתיד וענישה כלכלית.",train
מהן שלושת השלבים במלאכת גזירת הדין לפי חוק העונשין?,"מלאכת גזירת הדין מורכבת משלושה שלבים עיקריים: תחילה, אקבע את מתחם העונש ההולם למעשי העבירות שביצע הנאשם, על בסיס שיקולים נורמטיביים ואובייקטיבים, בהתחשב בערכים החברתיים שנפגעו מביצוע העבירות, במידת הפגיעה בערכים אלה, במדיניות הענישה הנהוגה ובנסיבות הקשורות בביצוע העבירות כמפורט בסעיף 40ט לחוק העונשין (סעיף 40ג לחוק העונשין); לאחר מכן, אבחן האם ראוי לחרוג מן המתחם לקולא בשל שיקולי שיקום (סעיף 40ד לחוק העונשין) או לחומרא בשל שיקולי הגנה על שלום הציבור (סעיף 40ה לחוק העונשין); לבסוף, אקבע את העונש המתאים שיושת על הנאשם, בהתחשב בצורך בהרתעת הנאשם (סעיף40ו לחוק העונשין), בצורך בהרתעת הרבים (סעיף40ז לחוק העונשין) ובנסיבותיו האישיות של הנאשם שאינן קשורות בביצוע העבירות (סעיף 40יא לחוק העונשין), כמו גם בנסיבות אחרות ככל שתמצאנה רלוונטיות (סעיף 40יב לחוק העונשין).",train
כיצד יאפשר שילוב הנאשם בהליך טיפולי המשך פסיעתו בדרך הישר?,סבורני כי שילוב שכזה יאפשר לנאשם המשך פסיעתו בדרך הישר ורווח לחברה בעצם קבלתו כאדם נורמטיבי.,train
מהו העיקרון שעל פיו יקבע מתחם העונש ההולם לפי סעיף 40ג(א) לחוק העונשין?,מתחם העונש ההולם יקבע בהתאם לעקרון ההלימות כפי שהוגדר בסעיף 40ג(א) לחוק העונשין.,train
מהי הסיבה לכך שאין הצדקה להימנע מהפעלת המאסר על תנאי?,"לאור המקובץ עד כה, סבורני כי אין כל הצדקה להימנע מהפעלת המאסר על תנאי שנגזר על הנאשם.",train
כיצד מתבטא המתח בין חומרת העבירות לנסיבות האישיות של הנאשם?,"המקרה דנא הינו דוגמא למתח שבין חומרת העבירות ותוצאותיהם המצדיקות ככלל השתת מאסר בפועל, לבין נסיבותיו האישיות של הנאשם ומסלול שיקומו המוצלח, הנוטים לכיוון הימנעות מהשתת מאסר בפועל, אף כזה שירוצה בעבודות שירות.",train
מהו עקרון ההלימה שנקבע בתיקון 113 לחוק העונשין וכיצד הוא משפיע על הענישה?,"תיקון 113 לחוק העונשין שעניינו \הבניית שיקול הדעת השיפוטי בענישה\"" התווה את עקרון ההלימה כעיקרון מנחה בענישה לפיו נדרש יחס הולם בין חומרת מעשה העבירה בנסיבותיו ומידת אשמו של הנאשם לבין סוג ומידת העונש המוטל עליו (סעיף 40ב לחוק העונשין).""",train
מהו השיקול להחמרה בעונש הנאשם לאור רצף העבירות שביצע?,"נוסף לכך, יש מקום להחמיר עם הנאשם בשל רצף העבירות הקשות, כל אחת כשלעצמה, בוודאי בצירופן יחד לאירוע אחד.",train
מהו הקשר בין מתחם העונש ההולם למדיניות הענישה בעבירות סמים?,"במסגרת קביעת מתחם הענישה ההולם, ביחס לכל אחד מהנאשמים, יש לזכור כי אין בהכרח חפיפה בין מתחם העונש ההולם לבין מדיניות הענישה הנהוגה בעבירה הרלוונטית, שאינה אלא שיקול מבין השיקולים הנלקחים בחשבון בקביעת מתחם העונש ההולם.",train
מהי השפעת הפגיעה בערכים החברתיים כאשר הקורבן מקיים את דרישות הסוחט?,"הפגיעה בערכים החברתיים מתעצמת מקום בו מבצע הקורבן את דרישות הסוחט, וכאשר מדובר בסחיטה המתרחשת לאורך זמן.",train
מהי הטענה המרכזית של התביעה לגבי ענישה קודמת של הנאשמת?,"מצאתי טעם רב בטענת התביעה כי ענישה בדרך של של\צ, כפי שהושתה עליה בעבר בגין עבירת גניבה, לא הרתיעה את הנאשמת מלשוב ולבצע עבירה זהה ועבירות חמורות אף יותר.""",train
מהו השיקול המרכזי שיש לקחת בחשבון בענישה בעבירות חמורות כלפי פעוטות?,"יש ליתן את הדעת לשיקולי הרתעת היחיד והרבים, ולהבהיר כי הענישה בעבירות חמורות כגון אלו צריכה לשקף את חומרת המעשה ולהוות אמצעי הרתעה ברור.",train
מדוע יש להתחשב בכך שהסמים נתפסו על ידי המשטרה?,"לצד זאת, יש להתחשב בכך שהסמים נתפסו בסופו של יום על ידי המשטרה ובכך נמנע נזק ממשי להבדיל מנזק פוטנציאלי לקורבנות רבים ולחברה.",train
כיצד פעל הנאשם כלפי השוטרים ומה היו ההשפעות על אושיות שלטון החוק?,"במעשיו אלה פעל הנאשם בבריונות ובאלימות כלפי השוטרים ופגע באינטרסים המוגנים והיסודיים של אושיות שלטון החוק; שמירה על הסדר הציבורי; ביטחונם, שלמות גופם וכבודם של אנשי החוק.",train
כיצד מתחשבת מדיניות הענישה בעבירת איסור רוכלות בשמורות טבע בערכי הטבע?,"מדיניות הענישה בעבירת איסור רוכלות בשמורות טבע, מתחשבת אם כן, בצורך בשמירה על ערכי הטבע במדינת ישראל.",train
מהו הכלל המנחה שנקבע לגבי העונש שיש לגזור על העבריינים בעבירה זו?,"רף הענישה הגבוה שנקבע לעבירה, מהווה כלל מנחה בדבר העונש שיש לגזור על הדורסים את הוראות החוק ברגל גסה.",train
מהי הסיבה לכך שעבירת האיומים בנסיבות אלו נחשבת לחמורה במיוחד?,"ביחס לעבירה בנסיבות שלפניי, סבורני שיש לראות את עבירת האיומים בתוך המשפחה, ובייחוד ביחס לאיומים על חיי קטין חסר ישע, כבעלת חומרה ברף גבוה, גם אם דבר איום לא בא לידי מימוש בעולם המעשה ולא לווה במעשה המהווה עבירה נוספת.",train
מהו העיקרון המנחה בענישה במחוזותינו בהקשר של אינדיבידואליות?,"לצד האינטרס הציבורי הדורש ענישה מוחשית ומרתיעה, עדיין יש לזכור כי הענישה במחוזותינו היא אינדיבידואלית.",train
אילו שיקולים נלקחו בחשבון לקביעת העונש לנאשמת בעקבות מעשיה?,"לחובת הנאשמת הבאתי בחשבון את חומרת מעשיה בנסיבות ביצועם, השימוש בנשק קר בעל פוטנציאל לגרימת נזק ממשי, המדיניות העונשית בעבירה בה הורשעה והפגיעה בערכים החברתיים המוגנים המחייבים ענישה מרתיעה.",train
מהו העיקרון המנחה בענישה בעבירות אלימות בין בני זוג?,נקבע כי עבירות אלימות בכלל ועבירות אלימות בין בני זוג בפרט מחייבות ענישה מרתיעה ומוחשית ועל אחת כמה וכמה שעה שגרמו לחבלה של ממש.,train
מהי תכלית העבירה למניעת סיכונים משימוש פסול בסכין?,"תכלית העבירה הינה למנוע מראש את הסיכונים אשר עלולים להתרחש עקב שימוש פסול בסכין, ובפרט פגיעה בזולת.",train
מהו ההבדל בין החזקת סכין שלא כדין להחזקת סכין עם מטרה ברורה לפגוע?,"מדובר במקרה ברף חומרה גבוה, שכן אין המדובר אך בנאשם שאיים, אלא בנאשם שפעל בנחישות להוציא מכח אל הפועל את איומיו ולשם כך החזיק בסכין מתוך מטרה ברורה לפגוע באדם אליו הפנה את איומיו, כך שאין מדובר בהחזקת סכין שלא כדין בעלמא, אלא בהחזקת סכין המכוונת כלפי מטרה ברורה ומוחשית.",train
מהו הפגיעה בערכים החברתיים בעבירת האיומים שנעשתה על ידי הנאשם?,"בביצוע עבירת האיומים, לצדה נקבע עונש מרבי של 3 שנות מאסר, פגע הנאשם בערכים חברתיים של שלוות נפשו של הקרבן, חופש הפעולה והבחירה שלו.",train
כיצד מתחשבת מדיניות הענישה בעבירות נהיגה פרועה בצורך להגן על חיי אדם?,"מדיניות הענישה בעבירות בהן הורשע הנאשם, מתחשבת בצורך במאבק בתופעה של נהיגה פרועה ונטולת רסן בכבישי הארץ, תוך התעלמות מכללי החוק והבטיחות ויצירת סיכון ממשי לחיי אדם לרבות אלה המופקדים על אכיפת החוק.",train
מהו העיקרון המשפטי המנחה את פסילת המינימום בעבירת נהיגה בשכרות לפי סעיף 39א לפקודת התעבורה?,"לא בכדי קבע המחוקק פסילה מינימום לעבירת הנהיגה בשכרות, כך בסעיף 39א לפקודת התעבורה, שם נקבע כי לשם הטלת פסילה נמוכה מפסילת המינימום יש צורך בנסיבות מיוחדות: \הורשע אדם על עבירה כאמור בסעיף 62(3) דינו בנוסף לכל עונש אחר  פסילה מקבל או מהחזיק רשיון נהיגה לתקופה שלא תפחת משנתיים.""",train
כיצד משפיעה עבירת הגניבה ממעביד על יחסי האמון בין העובד למעביד?,"מעבר לנזק הכלכלי הניצב בבסיס כל עבירת גניבה, עבירת הגניבה ממעביד מתבצעת תוך ניצול האמון שנתן המעביד בעובדו ומסיבה נזק כבד בכלל ופוגעת במרקם העדין של יחסים הכרחיים אלו.",train
מהו המסר שיש לשדר לנאשם באמצעות הענישה?,יש להציב בפני הנאשם גבולות ברורים ולשדר מסר של הוקעה שאינו משתמע לשתי פנים.,train
מהן הנסיבות לקולא שנלקחו בחשבון לגבי הנאשם?,"שיקולים לקולא: הנאשם יליד 1972, אב לשני ילדים מתבגרים ואין לחובתו הרשעות קודמות.",train
מהו המסר שעל בית המשפט להעביר לנאשם ולעבריינים אחרים?,"חובתו של בית המשפט להעביר מסר חד וצלול לנאשם ולאחרים כמותו, לפיו עבירות מסוג זה יתקלו בענישה מוחשית.",train
מהו מתחם העונש ההולם שנמצא על ידי בית המשפט במקרה זה?,"מכל המקובץ, בהתחשב בערך החברתי שנפגע מביצוע העבירה, במידת הפגיעה בו, במדיניות הענישה הנהוגה, בנסיבות הקשורות בביצוע העבירה והיחס ההולם בין חומרת העבירה בנסיבותיה ומידת אשמו של הנאשם ובין סוג ומידת העונש שיש להטיל עליו, סבורני כי מתחם העונש ההולם נע על פני ספקטרום שבין מאסר מותנה ושל\צ לבין 6 חודשי מאסר בפועל, שיכול וירוצו בעבודות שירות.""",train
כיצד משפיעה התקופה שחלפה מאז האירוע על שיקול הדעת בענישה?,"מצאתי לתת משקל משמעותי לתקופה הממושכת שחלפה מאז אירוע כתב האישום, במהלכה ניהל הנאשם אורך חיים נורמטיבי.",train
מהי עמדת בתי המשפט לגבי הענישה בעבירות נשק לאור עליית האלימות?,"בימים אלה, כאשר האלימות גואה ברחבי הארץ, אין תמה על כך שעבירות הנשק הוגדרו בפסיקה כעבירות חמורות ביותר, ובתי המשפט ביטאו לא אחת את העמדה לפיה ראוי להטיל ענישה מחמירה ומרתיעה בעבירות נשק.",train
מהן הסיבות לחומרה שיש להביא בחשבון בעת גזירת העונש לנאשם?,"שיקולים לחומרה: לחובת הנאשם יש לציין את חומרת העבירות שביצע, והצורך שהענישה בגינן תרתיעו, כמו גם עבריינים כמותו, מלשוב ולבצע עבירות דומות.",train
כיצד השפיעו הנסיבות האישיות של הנאשם על גזירת העונש המתאים?,"בגזירת העונש המתאים לנאשם שמלפניי וכמצוות סעיף 40יא לחוק העונשין, יש מקום להתחשב בנסיבותיו האישיות, אשר אינן קשורות בביצוע העבירות.",train
מהו ממד הפגיעה בביטחון האישי של קורבן העבירה בעבירות ההתפרצות והגניבה?,עבירות ההתפרצות והגניבה נעשות תוך הסגת גבול לטריטוריה הפרטית של הפרט וטומנות בתוכן ממד של פגיעה בביטחון האישי של קורבן העבירה.,train
אילו שיקולים נלקחו בחשבון בקביעת סכומי הקנס והפיצוי לנאשם?,בקביעת סכומי הקנס והפיצוי הבאתי בחשבון את מצבו הכלכלי של הנאשם ואת העובדה כי הרכוש שנגנב הושב לבעליו.,train
מהו האלמנט המחמיר בעבירת האיומים שאינו פוגע פיזית בקורבן?,"אמנם מטיבה עבירת האיומים אינה פוגעת פיזית בקורבנה, אך היא טומנת בחובה אלמנט מחמיר של אימה והשפלה שדורש ענישה מרתיעה.",train
מהו הצורך להגן על הציבור מפני הנאשמים בהקשר להכחשתם את העבירות?,כחלק מהשיקולים לחומרה מצאתי להביא בכלל חשבון את הצורך להגן על הציבור מפני הנאשמים שכן נוכח הכחשתם את העבירות ובהעדר יכולת להבין את המניעים לביצוען יש חשש שיחזרו ויבצעו את העבירות.,train
מהי הסיבה לכך שיש מקום לענישה מרתיעה במקרה זה?,"סבורני שבמקרה זה יש מקום לענישה מרתיעה הן ביחס לציבור והן ביחס לנאשם, על מנת להמחיש את חומרת מעשיו לבל ישוב לבצע עבירות דומות בעתיד.",train
מדוע יש להביא בחשבון את האינטרס הציבורי והנסיבות האישיות של הנאשם בענישה?,"הענישה היא לעולם אינדיווידואלית ומשמשים בה שיקולים שונים ואינטרסים שונים ויש להביא במסגרתה את הצורך בשמירה על האינטרס הציבורי הכרוך בצורך בהרתעה ובמניעה, ומנגד הצורך בבחינת נסיבותיו האישיות של כל נאשם.",train
מהו המסר החינוכי וההרתעתי שצריכה לשדר הענישה בעבירות מסוג זה?,"בעבירות מסוג זה יש לשקול שיקולי הרתעה משמעותיים, והענישה צריכה לשדר מסר חינוכי והרתעתי חד-משמעי.",train
מהו מתחם העונש ההולם לעבירות שביצעו הנאשמים בהתחשב בנסיבותיהם?,"לפיכך, בהתחשב בערך החברתי שנפגע מביצוע העבירות, במידת הפגיעה בו, במדיניות הענישה הנהוגה, בנסיבות הקשורות בביצוע העבירות והיחס ההולם בין חומרת מעשה העבירות בנסיבותיהם ומידת אשמם של הנאשמים ובין סוג ומידת העונש שיש להטיל עליהם, סבורני כי מתחם העונש ההולם לעבירות שבוצעו על ידי הנאשמים נע בין 6 חודשי מאסר בפועל ועד 18 חודשי מאסר בפועל.",train
אילו נסיבות אישיות יש להתחשב בהן בגזירת העונש לנאשם?,"בגזירת העונש המתאים לנאשם שמלפניי וכמצוות סעיף 40יא לחוק העונשין, יש מקום להתחשב בנסיבותיו האישיות, אשר אינן קשורות בביצוע העבירות.",train
מהו מתחם העונש ההולם שנקבע לעבירת הפציעה בנסיבות מחמירות במקרה זה?,"מכל המקובץ, בהתחשב בערכים החברתיים שנפגעו מביצוע העבירה, במידת הפגיעה בהם, במדיניות הענישה הנהוגה, בנסיבות הקשורות בביצוע העבירה והיחס ההולם בין חומרת מעשה העבירה בנסיבותיו ומידת אשמו של הנאשם ובין סוג ומידת העונש שיש להטיל עליו, סבורני כי מתחם העונש ההולם לעבירת הפציעה בנסיבות מחמירות שביצע הנאשם נע בין מספר חודשי מאסר בודדים שיכול וירוצו בעבודות שירות לבין 18 חודשי מאסר בפועל, לצד מאסרים מותנים וענישה כלכלית.",train
כיצד באה לידי ביטוי מדיניות ההחמרה בעבירות החזקת נשק שלא כדין?,"מדיניות ההחמרה באה לידי ביטוי במשפטים רבים ובפסיקות שבו ביהמ\ש העליון הדגיש את הצורך בהטלת עונש מאסר בפועל בעבירות החזקת נשק שלא כדין, גם כאשר מדובר בעבירה ראשונה.""",train
מהו המשקל שצריך לתת לאינטרס הציבורי בעבירות אלימות בעת קביעת הענישה?,"בבוא בית המשפט לשקול את הענישה בעבירות מסוג זה, עליו לתת משקל נכבד יותר לאינטרס הציבורי ולצורך בהרתעת עבריינים בכוח מלבצע עבירות דומות, על פני הנסיבות האישיות של העבריין (ראו לדוגמא: רע\פ 2718/04 אבו דאחל נ' מדינת ישראל (ניתן ביום 29.3.2004); ע\""פ 5066/98 מדינת ישראל נ' ניעמן דחלה ואח', תק-על 99(3), 1574).""",train
מה השפעת תפיסת חשבונות הבנק של הנאשם על גובה הקנס?,לקבוע גובה הקנס הבאתי בחשבון כי במהלך תפיסת חשבונות הבנק של הנאשם בידי המדינה איבד תיק ההשקעות של הנאשם את מרבית שוויו.,train
מהו מתחם העונש ההולם שנמצא בעבירות שביצע הנאשם?,"מכל המקובץ, בהתחשב בערך החברתי שנפגע מביצוע העבירות, במידת הפגיעה בה, במדיניות הענישה הנהוגה, בנסבות הקשורות בביצוע העבירה והיחס ההולם בין חומרת מעשה העבירות בנסיבותיהן ומידת אשמו של הנאשם ובין סוג ומידת העונש שיש להטיל עליו, סבורני כי מתחם העונש ההולם למעשה העבירות שביצע הנאשם נע על פני ספקטרום שבין 6 חודשי מאסר לבין 18 חודשי מאסר בפועל.",train
מהי השפעת המציאות הביטחונית על מתחם העונש לעבירת שהייה בלתי חוקית?,"בחינה מחדש של מתחם העונש ההולם לעבירת שהייה בלתי חוקית נעשית בהתאם לנסיבות התקופה ובהתחשב במציאות הביטחונית, ומביא להחמרת הענישה ככל שהמצב הביטחוני מחמיר.",train
מהו השינוי החיובי שניכר בהתנהלות הנאשם בשנים האחרונות למרות עברו הפלילי?,"על אף עברו הפלילי המכביד ניכר כי בשנים האחרונות הנאשם עושה מאמצים לנהל אורח חיים נורמטיבי ויציב, מגדל את בתו הצעירה בכוחות עצמו ומבטא מחויבות רבה לתפקידו כאב.",train
מהו העונש המרבי שנקבע לעבירות סמים ומהם הערכים המוגנים?,"הערכים המוגנים שנפגעו מביצוע עבירה זו, לצדה קבע המחוקק עונש מרבי של 20 שנות מאסר, בדומה לכל עבירת סמים, הם הגנה על שלום ובריאות הציבור מפני פגיעתם הקשה של סמים מסוכנים ומניעת נזקים כלכליים וחברתיים עקיפים.",train
מהו השיקול שהופיע לזכות הנאשם בהתחשב במצבו המשפחתי ובפעולותיו האחרונות?,"הבאתי בחשבון כי הנאשם בעל משפחה ומזה זמן חדל מעיסוק ברוכלות, כך שנמוך הסיכוי להישנות עבירה דומה מצדו.",train
מדוע עשוי הטווח המוסכם לא לבטא מתחם ענישה על בסיס שיקולים נורמטיביים ואובייקטיביים?,"בהדרך זו עשוי הטווח המוסכם שלא לבטא מתחם ענישה על בסיס שיקולים נורמטיביים ואובייקטיבים, נוכח השפעתם של שיקולים נוספים המטים אותו לכאן או לכאן.",train
מהו הצורך במיגור האלימות הגואה בחברה לפי בית המשפט העליון?,בית המשפט העליון עמד רבות על הצורך במיגור האלימות הגואה בחברה ובתוך כך על הצורך בצמצום תופעת השימוש בנשק קר וחם ליישוב סכסוכים.,train
מהי מדיניות הענישה בעבירות אלימות וכיצד היא משפיעה על הענישה?,מדיניות הענישה הנהוגה בעבירות אלה מתחשבת בצורך להיאבק בנגע האלימות על כל צורותיו שפשה בחברה הישראלית ומתפקידו של בית המשפט להעביר מסר ברור באמצעות השתת עונשים מוחשים על מי שבוחר לפתור סכסוכים באמצעות פגיעה קשה בגופו של האחר.,train
מהו מתחם העונש ההולם שנקבע בגין עבירת הגניבה בנסיבות המקרה?,"מכל המקובץ, סבורני כי מתחם העונש ההולם לביצוע עבירת הגניבה נשוא האישום הראשון, בנסיבות ביצועה, הינו במנעד של 2-8 חודשי מאסר בפועל, לצד ענישה מרתיעה צופה פני עתיד וענישה כלכלית.",train
מהן השיקולים שיש להביא בחשבון ליישום מתחם העונש?,"על מנת ליישמו אביא בחשבון את הערכים החברתיים שנפגעו ומידת הפגיעה בהם; נסיבות הקשורות בביצוע העבירות, מידת אשמו של הנאשם ואת מדיניות הענישה הנהוגה.",train
מהן הנסיבות המעטות לזכות הנאשם וכיצד הן משפיעות על הענישה?,"המעט נסיבות לזכות הנאשם הן מצבו המשפחתי הרגיש ורצונו לשקם את משפחתו, אך אלו אינן מספיקות להקל בענישה.",train
מהו השיקול שלא מצדיק חציית רף מתחם הענישה לחומרה במקרה זה?,"מנגד, לא מצאתי כי החשש שהנאשם יחזור ויבצע עבירות דומות מצדיק חציית רף מתחם הענישה לחומרה משיקולי הגנה על שלום הציבור.",train
מהו העיקרון בהטלת עונש כולל עבור סדרת עבירות דומות?,"כאשר מדובר בסדרת עבירות מאותו הסוג שבנסיבותיהן הן דומות זו לזו יש מקום להטיל עונש כולל בגין מכלול העבירות, שכן 'קביעת עונש נפרד עבור כל אחת מהן נראית במקרה כזה כמלאכותית'.",train
אילו שיקולים יש להביא בחשבון בהקשר של הרתעת היחיד והרבים?,"בעניין זה, יש להביא בכלל חשבון את שיקולי הרתעת היחיד והרבים, בעיקר נוכח ההשלכות החברתיות הקשות הכרוכות בעבירות אלה.",train
מדוע יש לראות את העבירות שביצע הנאשם כאירוע אחד לצורך קביעת מתחם הענישה?,"הנאשם ביצע את העבירות ברצף, כאשר יש ביניהן קשר הדוק, ויש לראותן כאירוע אחד לצורך קביעת מתחם הענישה.",train
מדוע הנאשם אינו זכאי להקלות המוענקות לנאשמים המביעים חרטה?,"אולם, הנאשם אינו זכאי להקלה לה זכאים נאשמים אשר לוקחים אחריות למעשיהם, מביעים חרטה וחוסכים מזמנו של בית המשפט ועדי הצדדים.",train
מהו השיקול המרכזי שינחה את קביעת העונש המתאים לנאשם?,"אי-לכך, מכלול השיקולים, לרבות שיקולי הרתעת הנאשם ואחרים כמותו ינחוני בקביעת העונש המתאים בגדר מתחם הענישה (סע' 40ו ו-40ז לחוק העונשין).",train
כיצד יקבע מתחם הענישה במקרה של הנאשמת על סמך שיקולים נורמטיביים ואובייקטיביים?,"תחילה, אקבע את מתחם הענישה למעשה העבירה שביצעה הנאשמת, על בסיס שיקולים נורמטיביים ואובייקטיבים, בהתחשב בערכים החברתיים שנפגעו, מידת הפגיעה בהם, במדיניות הענישה ובנסיבות הקשורות בביצוע העבירה.",train
מהי הערכת שירות המבחן לגבי רמת המסוכנות של הנאשם וההליך הטיפולי?,שירות המבחן התרשם כי רמת המסוכנות עלתה אך סבר כי יש בהליך הטיפולי כדי למתנה.,train
מהו העונש המומלץ כדי למנוע פציעות בעת סכסוכים?,"ואכן, ככלל, למען יירתעו הרבים והנאשם עצמו מלפתור סכסוכים באמצעות פציעת איש ריבם בסכינים, בחפצים חדים ובכלי משחית אחרים, יש להשית מאסר בפועל מאחורי סורג ובריח בגין העבירה בה הורשע הנאשם.",train
כיצד משפיעה אלמנט האימה והשפלה על הענישה בעבירת האיומים?,"אמנם מטיבה, עבירת האיומים אינה פוגעת פיזית בקורבנה, אך היא טומנת בחובה אלמנט מחמיר של אימה והשפלה, אשר דורש ענישה מרתיעה.",train
מהו השיקול שעל בית המשפט לבחון במקרה של חריגה ממתחם הענישה?,"כאמור, על בית המשפט לבחון האם ראוי לחרוג מן המתחם בשל שיקולי שיקום המהווים שיקול לקולא (סעיף 40ד לחוק העונשין) או מאידך בשל הצורך להגנה על שלום הציבור, המהווה שיקול לחומרא (סעיף 40ה לחוק העונשין).",train
מהו הסיכון להישנות עבירה דומה על פי הערכת שירות המבחן?,"להערכת השירות, הסיכון להישנות ביצוע עבירה דומה הינו נמוך, אך לא אפסי בהעדר התערבות טיפולית נוכח חוסר בשלות רגשית לקבלת מענה טיפולי.",train
מה על בית המשפט לבחון כאשר הוא שוקל חריגה ממתחם הענישה?,"על בית המשפט לבחון האם ראוי לחרוג מן המתחם בשל שיקולי שיקום המהווים שיקול לקולא (סעיף 40ד לחוק העונשין); או מאידך, לחרוג מן המתחם בשל הצורך להגנה על שלום הציבור, המהווה שיקול לחומרה (סעיף 40ה לחוק העונשין).",train
כיצד יש לעקור תופעות פסולות מן השורש לפי עקרונות הענישה?,"על בתי המשפט לעקור תופעות פסולות אלה מן השורש, בין היתר, באמצעות ענישה מחמירה ומרתיעה.",train
מהי עמדת בתי המשפט לגבי נסיבות אישיות של נאשמים בעבירות נשק?,"כך גם כאשר מדובר במי שעברו הפלילי נקי ובמי שיש לו נסיבות אישיות לא קלות, אשר במקרים אחרים היו גורמות להקלה בעונש.",train
מהי התרשמות שירות המבחן לגבי הסיכון להישנות העבריינות מצד הנאשם?,"בנסיבות אלה, כך גם התרשמות שירות המבחן, קיים חשש של ממש להישנות ביצוע עבירות דומות בעתיד.",train
אילו נסיבות אישיות מתחשבות במיקום הנאשם בתוך המתחם העונשי?,"מיקומו של הנאשם בתוך המתחם מתחשב בנסיבות אישיות, היעדר עבר פלילי כבד, גיל צעיר, הבעת חרטה, חסכון זמן בית משפט, והצורך בהרתעת הרבים.",train
כיצד ניתן לתאר את מידת הפגיעה בערכים החברתיים המוגנים במקרה דנא?,מידת הפגיעה בערכים החברתיים המוגנים במקרה דנא אינה מבוטלת.,train
אילו שלושה שיקולים יש לקחת בחשבון בעת יישום העקרון של הלימות בענישה?,"על מנת ליישמו בית משפט יתחשב בשלושת אלה: ראשית, בערך החברתי שנפגע מביצוע העבירה ובמידת הפגיעה בו; שנית, בנסיבות הקשורות בביצוע העבירה ומידת אשמו של הנאשם; שלישית, במדיניות הענישה הנהוגה.",train
מהו מתחם העונש ההולם שנקבע לכל אחד מהאישומים נגד הנאשם?,"מכל המקובץ, בהתחשב בערך החברתי שנפגע מביצוע העבירות, במידת הפגיעה בו, במדיניות הענישה הנהוגה, בנסיבות הקשורות בביצוע העבירות והיחס ההולם בין חומרת מעשי העבירות בנסיבותיהם ומידת אשמו של הנאשם ובין סוג ומידת העונש שיש להטיל עליו, סבורני כי מתחם העונש ההולם הינו כדלקמן: לאישום הראשון, הכולל כניסה למקום מגורים בכוונה לבצע גניבה וגניבה – 6-18 חודשי מאסר בפועל;  לאישום השני, הכולל הסגת גבול פלילית – החל עונש מאסר על תנאי ועד 6 חודשי מאסר בפועל, שיכול וירוצו בעבודות שירות; לאישום השלישי, הכולל התפרצות למקום מגורים בכוונה לבצע גניבה וגניבה – 12-30 חודשי מאסר בפועל.",train
מהו המקור של האיסור על גניבה בהקשר לזכויות הפרט?,"איסור זה מקורו בהגנה על זכות הקנין, המוחזקת כזכות חוקתית של הפרט.",train
מהי המסקנה לגבי סבירות טווח הענישה המוסכם בהסדר הטיעון במקרה הנדון?,"מכל המקובץ, בבואי לבחון את סבירותו של טווח הענישה המוסכם, במסגרת הסדר הטיעון, ולאחר שערכתי איזון בין אותם נתונים עליהם עמדה המאשימה, לבין אלה עליהם עמדה ההגנה, הגעתי למסקנה לפיה הסדר הטיעון שהוצג משקף את נסיבותיו המיוחדות של המקרה.",train
מדוע יש להתייחס למסוכנות הרבה הכרוכה במעשיו של הנאשם?,אבהיר כי אין להתעלם מהמסוכנות הרבה הכרוכה במעשיו של הנאשם ופוטנציאל הנזק הרב הגלום בהם.,train
מהו השינוי שהביא תיקון מס' 113 לחוק העונשין בנוגע לענישה?,"בדרך זו חידד תיקון מס' 113 לחוק העונשין את הצורך בהמשך נקיטת שיטת ענישה אינדיווידואלית, הבוחנת נסיבותיו של כל מקרה ואדם המובא לדין.",train
מהו השיקול המרכזי לחומרה בענישה במקרה זה?,"בבסיס השיקולים לחומרה עומדת חומרת העבירות אותן ביצע הנאשם יום לאחר יום, נסיבות ביצוען והמדיניות המשפטית בענישה בעבירות אלה.",train
כיצד מתבטאת מידת הפגיעה בערכים המוגנים בעקבות מעשי הנאשם?,מיידת הפגיעה בערכים המוגנים בעקבות מעשיו של הנאשם הינה ברף גבוה.,train
מדוע יש להשית על הנאשם ענישה מרתיעה בעקבות ביצוע עבירות רכוש חוזרות?,"הנאשם לא נרתע מלבצע עבירות רכוש חוזרות בהן פוטנציאל לפגיעה בנפש, בתעוזה רבה, כלפי קרבנות שונים, יום אחר יום, ועל כן יש להשית עליו ענישה מרתיעה לבל ישוב ויפרוץ גבולות החוק בעתות משבר או קהות חושים.",train
מהו העונש המזערי שיכול לכלול בחובו גם מאסר מותנה לפי הפסיקה?,"בפסיקה נקבע, כי העונש המזערי כאמור, יכול ויכלול בחובו גם מאסר מותנה.",train
מהו השיקול שהשפיע על העונש שניתן לנאשמים בהקשר לגילם?,"שיקולים לקולא: הבאתי בחשבון את גילם הצעיר של הנאשמים, ילידי שנת 1989.",train
כיצד ייקבע מתחם העונש ההולם לפי עקרון ההלימה בחוק העונשין?,מתחם העונש ההולם ייקבע בהתאם לעקרון ההלימה כפי שהוגדר בסעיף 40ג(א) לחוק העונשין.,train
מדוע לא זקף בית המשפט לחובת הנאשם את ניהול המשפט על ידו?,"אבהיר כי לא זקפתי לחובת הנאשם את ניהול המשפט על ידו; אולם, הנאשם אינו זכאי להקלה לה זכאים נאשמים אשר לוקחים אחריות למעשיהם, מפנימים את הפסול שבמעשיהם, מביעים חרטה וחוסכים מזמנו של בית המשפט ועדי הצדדים (סעיף 40יא(6) לחוק העונשין).",train
מהן הסיבות המיוחדות המאפשרות לסטות מהכלל של פסילה בפועל במקרה זה?,"אמנם ביצוע העבירות בהן הורשע הנאשם מצדיק ככלל פסילה בפועל והפעלת הפסילה על תנאי, אך בעניינו של הנאשם, כפי שפרטתי בהרחבה לעיל, סבורני כי קיימים אותם טעמים מיוחדים לסטות מהכלל.",train
מהי המשמעות של התנהלות הנאשמת בהליך המשפטי והשיקומי?,התנהלות זו מצביעה על זלזול בהליך המשפטי והשיקומי ומלמדת כי הנאשמת לא הפנימה דיו את הפסול והחומרה שבמעשיה.,train
מהי המדיניות המומלצת בענישה בעבירות נהיגה פרועה לפי פסיקת בית המשפט העליון?,"בעניין זה, ראו פסיקת בית המשפט העליון בע\פ 10149/08 מדינת ישראל נ' גוואד מוסלמאן [פורסם בנבו] (ניתן ביום 24.3.2009), שם נקבע בין היתר כך:  \""בפסיקה מקיפה ועקבית, שב וחזר בית משפט זה על הצורך לנקוט מדיניות ענישה מחמירה במיוחד ביחס לעבירות שעניינן נהיגה פרועה ונטולת-רסן בכבישי הארץ, המתבצעות תוך סיכון ממשי של חיי אדם - הן של נהגים אחרים בכביש, הן של הולכי רגל, והן של גורמי אכיפת החוק - הנעשית תוך התעלמות מכללי החוק והבטיחות, ומהוראות וציוויי הגורמים המופקדים על אכיפתם. תכליתה של מדיניות ענישה זו לבטא מסר של גמול והרתעה לעבריינים המתפרעים בנהיגה בכבישי הארץ, מסכנים חיי אדם, ונמלטים מגורמי אכיפת החוק אגב סיכונם הם, ולהרתיע עבריינים פוטנציאליים מהתנהגות עבריינית דומה, תוך הבלטת המחיר העונשי שעל העבריין לשלם על סיכון חיי אדם הנגרם מהתנהגותו, ועל פגיעתו הקשה בגורמים המופקדים על אכיפת החוק ... מדיניות ענישה מחמירה זו יושמה בפועל גם על נאשמים חסרי עבר פלילי, וכן במקרים בהם לא נילוו לעבירות סיכון חיי אדם עבירות נוספות, וגם כאשר תוצאתה של נהיגה פרועה אגב הימלטות מאנשי המשטרה נסתיימה בדרך נס ללא פגע. בית המשפט אמר בהקשר זה: 'שעת חירום היא בדרכים, הואיל וכמעט בכל יום מצטרפות משפחות רבות למעגל השכול שנגרם בעטייה של נהיגה רשלנית. בנסיבות אלו, כשבתוכנו מסתובבים לא מעטים המעלים, ומדעת, את רף הסיכון בכבישים לשיאים שלא ידענו כמותם, מצווה בית המשפט להחמיר בענישה כדי לתרום את תרומתו לביעורו של נגע זה' (ע\""פ 2079/06 אבו עצא נ' מדינת ישראל (לא פורסם, [פורסם בנבו], 7.6.2006))\"".""",train
מדוע יש צורך בתגובה עונשית הולמת למעשיו של הנאשם?,"אי לכך, מעשיו של הנאשם מחייבים תגובה עונשית הולמת ומכאיבה, למען יורתעו הנאשם ואחרים כמותו מפני ביצוע עבירות דומות בעתיד.",train
מה זיהה שירות המבחן בנוגע לנזקקות טיפולית אצל הנאשמת?,"אמנם, כפי שעוד יבואר בהמשך, שירות המבחן זיהה נזקקות טיפולית בעצמה גבוהה אצל הנאשמת, על מנת להפחית את הסיכוי להישנות ביצוע עבירות דומות בעתיד, והנאשמת מצידה הביעה נכונות ורצון להסתייע בשירות המבחן.",train
מה מצביעה בחינת מדיניות הענישה על הקושי לגזור גזירה שווה במקרה זה?,"בחינת מדיניות הענישה במקרים הקרובים ככל הניתן למקרה דנא מצביעה על מגוון עונשים, היות והענישה נקבעה בתלוי בנסיבות המקרה, בהתאם לעבירות הנוספות שהצטרפו ומכאן הקושי לגזור גזירה שווה בינם לבין ענייננו בייחוד לנוכח צבר העבירות שבוצעו.",train
מה היו השיקולים שהובילו להחלטה על ענישה מרתיעה לנאשם בנסיבותיו?,"מכל המקובץ, בהביאי בכלל חשבון את שיקולי הגמול, השיקום וההרתעה, ביחס לנאשם בנסיבותיו - הסלידה שחשה החברה נוכח מעשיו והוקעתם הנדרשת, הצורך בהרתעתו והרתעת אחרים כמותו ושיקומו, והאמור בתסקיר שירות המבחן, סבורני כי העונש המתאים לנאשם ימצא ביטוי בענישה מרתיעה צופה פני עתיד ברף מתון.",train
מהי הסיבה לכך שלא התקבלה טענת ההגנה לגבי הפגישות עם הפסיכיאטר כהליך שיקומי?,"אין בידי לקבל את טענת ההגנה לפיה יש לראות בפגישותיו של הנאשם עם הפסיכיאטר ד\ר וייצמן כהליך שיקומי, לבטח לא כזה המצדיק סטייה ממתחם העונש ההולם, משלא הוצגה אסמכתא המלמדת על אודות תהליך שיקומי אותו עבר או עתיד לעבור הנאשם במסגרת טיפולים אלו, בפרט ביחס לעבירות בהן הורשע.""",train
מהן הנסיבות האישיות שזכו לשקלול לטובת הנאשם?,"לזכות הנאשם הבאתי בחשבון את גילו הצעיר (יליד שנת 1986), מצבו המשפחתי ואישי כמי שעלה ארצה בגפו בשנת 2005, שירת בצבא ושומר על יציבות תעסוקתית לשביעות רצון מעסיקו.",train
מהו השינוי שהכניס תיקון מס' 113 לחוק העונשין בנוגע לענישה אינדיווידואלית?,"בדרך זו חידד תיקון מס' 113 לחוק העונשין את הצורך בהמשך נקיטת שיטת ענישה אינדיווידואלית, הבוחנת נסיבותיו של כל מקרה ואדם המובא לדין.",train
מהי החשיבות של הצגת טענות המדינה בנוגע לקשיים ראייתיים בהסדר טיעון?,"בית המשפט העליון עמד על החשיבות הרבה ש\טענות המדינה בדבר קיומם של קשיים ראייתיים שהיוו שיקול להתקשרות בהסדר טיעון, תוצגנה באופן מפורש ובקול ברור לפני הערכאה שהסדר הטיעון מובא לפניה, ובפרט כאשר מדובר בהסדר טיעון אליו הגיעו הצדדים בשלב מוקדם של ההליך הפלילי\"".""",train
אילו ערכים חברתיים מוגנים נפגעו במעשיו של הנאשם?,"הנאשם פגע במעשיו בשלל ערכים חברתיים מוגנים, ביניהם שמירה על שלטון החוק והסדר הציבורי, הזכות להגנה על שלום הציבור ובטחונו, ובכלל זאת הגנה על חיי אדם ושלמות גופו.",train
כיצד פוגע הנאשם בערכים חברתיים של ביטחון ושלמות הגוף בעבירת תקיפה סתם?,"בביצוע עבירה של תקיפה סתם, לצדה קבע המחוקק עונש מרבי של שנתיים מאסר, פגע הנאשם בערכים חברתיים של סטנדרט התנהגות שנועד להגן על תחושת הביטחון, שלמות הגוף והכבוד של כל פרט בציבור מפני תופעת האלימות.",train
מהו המסר שצריך להיות ברור בנוגע לנטילת סכין לתקיפה?,"המסר חייב להיות ברור, למען ידע כל איש ונער כי נטילת סכין כדי לתקוף היא נטילת סיכון – לא רק כלפי הקורבן, אלא גם כלפי העבריין בדמות הטלת ענישה מחמירה.",train
מהו העיקרון שעל פיו יקבע מתחם העונש ההולם במקרה זה?,מתחם העונש ההולם יקבע בהתאם לעקרון ההלימה כפי שהוגדר בסעיף 40ג(א) לחוק העונשין.,train
כיצד החזקת סמים לצריכה עצמית משפיעה על בריאות הציבור?,החזקת סמים אף לצריכה עצמית פוגעת בבריאות הציבור וחושפת אותו לנזקים הנלווים משימוש בסמים ולעבירות נוספות המבוצעות לצורך מימון רכישת הסם.,train
מהו גמול ההולם את מכלול נסיבות המעשה והעושה במקרה זה?,"בגדר תפירת חליפתו העונשית של הנאשם כמידתו המדויקת, גמול ההולם את מכלול נסיבות המעשה והעושה ימצא ביטויו בהשתת עבודות שירות.",train
מהו השיקול המרכזי שיש להביא בחשבון ביחס לנאשם בנסיבותיו?,"יש להביא בכלל חשבון את שיקולי הגמול, השיקום וההרתעה, ביחס לנאשם בנסיבותיו אחדים - הסלידה שחשה החברה נוכח מעשיו והוקעתם הנדרשת, הצורך בהמחשת חומרת מעשיו, הרתעתו והרתעת עבריינים כמותו, לצד צרכיי שיקומו.",train
מדוע סכין נחשבת לפתח להתנהלות אלימה ומסוכנת?,"סכין היא פתח להתנהלות אלימה ומסוכנת, הן לנושא הסכין והן לסביבתו, ואין צריך להרחיק לכת כדי להיווכח בתוצאות החמורות של שימוש בסכין ליישוב סכסוכים, אף במסגרת תיק זה.",train
מהי הגישה שהעדיף בית המשפט בענישה כדי לתמוך בשיקומו של הנאשם?,"אחרי שהתרשמתי מטענות הצדדים, המלצות שירות המבחן ומכלול נסיבות העניין, נחה דעתי כי ראוי להעדיף בעניינו ענישה צופה פני שיקומו, להימנע ממתיחת מלוא שורת הדין למולו, ולהשיג את מטרות הענישה באמצעות השתת רכיבי גמול בדרך של עונש שיקומי שיתרום לחברה בדרך של צו שירות לתועלת הציבור וצו מבחן בהיקף נרחב מהמוצע בתסקיר שירות המבחן, לצד ענישה הרתעתית בדמות מאסר מותנה וענישה כלכלית בדמות קנס.",train
אילו שיקולים יש להביא בחשבון לקביעת מתחם הענישה במקרה זה?,"לצורך כך אביא בחשבון את הערכים החברתיים שנפגעו מביצוע העבירה ומידת הפגיעה בהם; נסיבות הקשורות בביצוע העבירה, מידת אשמו של הנאשם ומדיניות הענישה הנוהגת.",train
מהו הערך החברתי הנפגע בעבירות המגוננות על כבודו וחירותו של הפרט?,"הערך החברתי הנפגע מביצוע עבירות אלה הוא הגנה על כבודו, חירותו ופרטיותו האישית של כל פרט, לזכותו המוחלטת על גופו, לאוטונומיה המלאה שלו לבחור באופן חופשי ללא כפייה את מגעיו הגופניים ואת בני זוגו למגעים אלה.",train
אילו ערכים חברתיים נפגעים בביצוע עבירת איומים?,"בביצוע עבירת איומים נפגעים ערכים חברתיים של שלוות נפשו של הקרבן, חופש הפעולה והבחירה שלו.",train
מהו הכלל שנקבע לגבי אימוץ הסדרי טיעון על ידי בית המשפט?,"בהתאם לכך נקבע הכלל לפיו בית המשפט יאמץ את הסדר הטיעון שנערך בין הצדדים, בייחוד כאשר מדובר בהסדר \סגור\"", ולא ימהר להתערב בו אלא במקרים נדירים ויוצאי דופן.""",train
מה המליץ שירות המבחן לגבי הענישה המתאימה לנאשם במקרה זה?,"בנסיבות אלו, המליץ שירות המבחן להעמיד את הנאשם בצו מבחן ביחידה לנפגעי סמים למשך שנה, להטיל עליו עונש מותנה צופה פני עתיד ולהאריך את המעצר המותנה הקיים נגדו ולהימנע מענישה בדרך של עבודות שירות, אשר עלולה להביא לנסיגה במצבו.",train
מהו עקרון ההלימה שנקבע בתיקון 113 לחוק העונשין וכיצד הוא משפיע על גזירת הדין?,"תיקון 113 לחוק העונשין שעניינו \הבניית שיקול הדעת השיפוטי בענישה\"" התווה את עקרון ההלימה כעיקרון מנחה בענישה לפיו נדרש יחס הולם בין חומרת מעשה העבירה בנסיבותיו ומידת אשמו של הנאשם לבין סוג ומידת העונש המוטל עליו (סעיף 40ב לחוק העונשין).""",train
מהו הנימוק שגרם לבית המשפט לקבוע שאין פוטנציאל שיקומי במקרה זה?,לנסיבות המקרה שלפניי לא מצאתי כי קיים פוטנציאל שיקומי המצדיק חריגה ממתחם הענישה לקולא.,train
מהי מידת ההשפעה של הערכים החברתיים על מתחם הענישה במקרה זה?,"עם זאת, אני מוצא להדגיש כי מידת ההשפעה של נסיבה זו על מתחם הענישה אינה ניכרת משמעותית, וזאת בהתחשב בעיקר בערכים החברתיים הניצבים מנגד שעניינו כאמור הגנה על שלומו וחייו של הזולת ומידת הפגיעה בערך זה.",train
מדוע ההגנה על רכוש הפרט נחשבת חיונית לקיום סדר חברתי תקין?,"ההגנה על רכוש הפרט חיונית לקיומו של סדר חברתי תקין, והיא הניצבת בליבה של עבירת הגניבה.",train
מהו השילוב שיכול להעיד על 'סיכוי של ממש לשיקום' לפי סעיף 40ד(א)?,"ניתן לציין ששילוב בין שינוי מהותי בהתייחסות הרגשית לאירוע העבירה המתבטא בנטילת אחריות, כפרה והבעת אמפתיה לנפגעי העבירה לבין אינדיקציות אובייקטיביות לקיומו של תהליך שיקומי-טיפולי מוצלח וחזרה לדרך הישר, עשוי להצביע על 'סיכוי של ממש לשיקום' כלשונו של סעיף 40ד(א).",train
מהי הסיבה לכך שבית המשפט סבור כי יש סיכוי שהנאשם ישתקם?,שוכנעתי כי קיימים סיכויים של ממש שהנאשם ישתקם ויסגל לעצמו כלים התנהגותיים להתמודדות במצבים לחץ והחברה כולה תצא נשכרת מהמשך פסיעתו בדרך הישר.,train
מהו מתחם העונש ההולם שנקבע לעבירות שביצע הנאשם?,"מכל המקובץ, סבורני כי מתחם העונש ההולם לעבירות שבוצעו על ידי הנאשם, בנסיבות המפורטות, נע בין מאסר מותנה לבין 12 חודשי מאסר בפועל, לצד ענישה מרתיעה וענישה כלכלית.",train
מהו השיקול המרכזי שינחה את בית המשפט בקביעת העונש לנאשם?,"אי-לכך, מכלול השיקולים, לרבות שיקולי הרתעת הנאשם ואחרים כמותו מפני ביצוע עבירות נוספות (סע' 40ו ו-40ז לחוק העונשין), ינחוני בקביעת העונש המתאים בגדר מתחם הענישה.",train
מדוע אין חפיפה הכרחית בין מתחם העונש ההולם למדיניות הענישה בעבירה הרלבנטית?,"אין בהכרח חפיפה בין מתחם העונש ההולם, המהווה הכרעה ערכית המבוססת על שיקולים שונים, לבין מדיניות הענישה הנהוגה בעבירה הרלבנטית, שאינה אלא שיקול מבין השיקולים הנלקחים בחשבון בקביעת מתחם העונש ההולם.",train
מהו מתחם העונש ההולם שנקבע בגין העבירות המיוחסות לנאשם?,"בהתחשב בכל הנאמר עד כה, ובשים לב לעקרון ההלימה, אני סבור כי מתחם העונש ההולם בגין האירוע המתואר בכתב האישום המתוקן מצוי במנעד שבין עונשי מאסר ופסילה מותנים למשך מספר חודשים לבין לעונשי מאסר בפועל למשך 14 חודשים, פסילת רישיון נהיגה למשך 24 חודשים, מאסר ופסילה מותנים, קנס כספי והתחייבות.",train
מהו המסר המשפטי שיש להעביר לנאשמים המבצעים עבירות אלימות עם כלי דקירה?,"מי אשר חוזר ומבצע עבירות אלימות כשהוא מצטייד בכלי שמסוגל לדקור או לחתוך, יש להציב בפניו גבולות ברורים ומסר של הוקעה שאינו משתמע לשתי פנים.",train
מהו מתחם העונש ההולם שנקבע בהתחשב בנסיבות ובערכים החברתיים שנפגעו?,"מכל המקובץ, בהתחשב בערכים החברתיים שנפגעו מביצוע מכלול העבירות ובמידת הפגיעה בהם, במדיניות הענישה הנוהגת, בנסיבות הקשורות בביצוע העבירות, היחס ההולם בין חומרת מעשי העבירות בנסיבותיהן ומידת אשמו של הנאשם ובין סוג ומידת העונש שיש להטיל עליו, סבורני כי מתחם העונש ההולם למכלול האירוע נע בין 12 ל-30 חודשי מאסר בפועל, מאסרים מותנים וענישה כלכלית בדמות קנס ופיצוי.",train
כיצד יש לבחון את האפשרות לחרוג ממתחם הענישה בעבירות אלו?,"כאמור, על בית המשפט לבחון האם ראוי לחרוג מן המתחם בשל שיקולי שיקום המהווים שיקול לקולא (סעיף 40ד לחוק העונשין) או מאידך, לחרוג מן המתחם בשל הצורך להגנה על שלום הציבור, המהווה שיקול לחומרה (סעיף 40ה לחוק העונשין).",train
מהי ההמלצה לעודד את הנאשם בהליך השיקומי?,שוכנעתי כי יש לעודד את הנאשם להמשיך בנתיב השיקומי ולחזק ידיו בדרך חייו החדשה.,train
מהו הערך החברתי שנפגע בעבירת התקיפה הגורמת חבלה של ממש?,"הערך החברתי אשר נפגע מביצוע עבירת התקיפה הגורמת חבלה של ממש הינו זכותו של כל אדם לשלמות גופו, הגנה מפני אלימות פיזית וזכותו החוקתית של כל אדם לשמירה על בטחונו האישי, שלמות גופו וכבודו.",train
מהו השינוי שנעשה בעקבות תיקון מס' 113 לחוק העונשין בנוגע לענישה?,"בעקבות תיקון מס' 113 לחוק העונשין חודד הצורך בהמשך נקיטת שיטת ענישה אינדיווידואלית, הבוחנת נסיבותיו של כל מקרה ואדם המובא לדין.",train
מהו העיקרון המנחה בענישה שנקבע בתיקון 113 לחוק העונשין?,"תיקון 113 לחוק העונשין שעניינו \הבניית שיקול הדעת השיפוטי בענישה\"" התווה את עקרון ההלימה כעיקרון מנחה בענישה לפיו נדרש יחס הולם בין חומרת מעשה העבירה בנסיבותיו ומידת אשמתו של הנאשם לבין סוג ומידת העונש המוטל עליו (ס' 40ב לחוק העונשין).""",train
מהו המנעד הרחב של מדיניות הענישה בהתאם לנסיבות המעשה?,בחינת מדיניות הענישה הנהוגה מעלה מנעד רחב התלוי בנסיבות המעשה והעושה.,train
כיצד השפיעה פעילות הנאשם ברוכלות על הערכים החברתיים המוגנים?,"בענייננו, הנאשם עסק ברוכלות בשלושה מועדים שונים בפרק זמן קצר ובכך פגע בערכים החברתיים המוגנים, אך לא במרום החומרה נוכח טיב העבירה כפי שתוארה בכתב האישום.",train
מהו השיקול שהנחה את בית המשפט בהחלטתו שלא לחרוג ממתחם העונש ההולם?,"בעינייננו, לא מצאתי לחרוג ממתחם העונש ההולם, כפי קביעתי, בשל שיקולי שיקום.",train
מהו הצורך המובהק שנמצא בתסקירי שירות המבחן לגבי שיטת הענישה?,"בראשית העיון בתסקירי שירות המבחן, הדבר מצביע על הצורך בהמשכיות נקיטת שיטת ענישה אינדיווידואלית, הבוחנת נסיבותיו של כל מקרה ואדם המובא לדין.",train
מהו העונש הצפוי למי שנגרר אחרי מעשי עבירה המסכנים חיי אדם?,"מי שנגרר אחרי מעשי עבירה המסכנים חיי אדם בצורה מפליגה, צריך לדעת אל-נכון כי אם ייתפס יטופל עניינו בכל חומרת הדין (ע\פ 575/88 עאטף בן-אחמד עודה נ' מדינת ישראל, פ\""ד מב(4) 242).""",train
מדוע יש לראות כל אחד מהאישומים כאירוע נפרד לפי סעיף 40יג לחוק העונשין?,"בנסיבות אלה, סבורני כי נכון לראות כל אחד מהאישומים המפורטים בכתב האישום כאירוע נפרד, כמצוות סעיף 40יג לחוק העונשין.",train
מה על בית המשפט לשקול ביחס בין טווח הענישה המוצע לבין טווח הענישה הראוי?,"גם בהתקיים הסדר טיעון, על בית המשפט לשקול גם את היחס בין טווח הענישה המוצע על ידי הצדדים לבין טווח הענישה הראוי בעיניו וככל שקיימת סטייה מהותית מטווח זה, הן לחומרה והן לקולה, עליו לתת דעתו לכך ולשקול האם יש מקום לכבד את ההסדר.",train
מדוע הפוטנציאל להתפרצות בשעות הלילה מגביר את חומרת האירוע ואשמו של הנאשם?,"אין ספק, כי הפוטנציאל הטמון בהתפרצות למקום מגורים בשעות הלילה שעה ששוהים בבית דיירים, גבוה ולכן הדבר מגביר את חומרת האירוע ואשמו של הנאשם.",train
כיצד משפיעה קשת הענישה בעבירות על העונש המוטל על הנאשם?,"סקירת מדיניות הענישה הנהוגה בעבירות אלה בהן הורשע הנאשם מעלה כי קשת הענישה בעבירה רחבה למדיי, תלויה בנסיבות המקרה, בנסיבות האישיות של הנאשמים שעניינם נדון, ובעבירות הנוספות שהצטרפו לעבירה העיקרית (כגון שכרות, נהיגה תחת פסילה או תקיפת שוטרים).",train
אילו ערכים חברתיים מוגנים בעבירת נשיאת נשק?,"הערכים החברתיים המוגנים בעבירת נשיאת נשק הם שמירה על ערך חיי אדם, שלמות גופו ונפשו, הגנה על שלום הציבור, ביטחונו, הסדר הציבורי ואורח חיים תקין ובטוח.",train
כיצד השפיעו שיקולי ההרתעה על הענישה במקרה זה?,"סבורני שבמקרה זה לתת משקל רב לשיקולי ההרתעה הן של הרבים ובעיקר לנאשם, על מנת להמחיש בעבורו את חומרת מעשיו לבל ישוב לבצע עבירות דומות בעתיד.",train
מהו הרכיב העונשי שצריך לכלול בענישה בעבירות שבוצעו עבור בצע כסף?,"בענייני העבירות שבוצעו עבור בצע כסף, הענישה צריכה לכלול רכיב כלכלי משמעותי, שיהיה בו מסר עונשי הולם למעשה.",train
מהי המגמה שנמצאה במדיניות הענישה לעבירות של מעשים מגונים בקטינה בת משפחה?,"בחינת מדיניות הענישה הנהוגה ביחס לעבירות של מעשים מגונים בקטינה בת משפחה מעלה מגמת החמרה עקבית ומובהקת, כנגזרת מהחומרה היתרה שמייחס המחוקק, כמו גם הציבור בכללותו, לעבירות מין בקטינים, ובעיקר עבירות מין במשפחה, המתבטאת בהטלת עונשי מאסר משמעותיים, לשם הגנה על אינטרס שלום הציבור ובמטרה להרתיע את היחיד ואת הרבים.",train
מהו העיקרון המנחה בבחינת עונש במקרה של כיבוד הסדרי טיעון?,כלל כל מקרה נבחן כפי נסיבותיו ומכאן הקושי ביתר שאת לעשות גזירה שווה בין מקרים בהם הוטל עונשים במסגרת כיבוד הסדרי טיעון.,train
כיצד חידש תיקון מס' 113 לחוק העונשין את שיטת הענישה?,"בדרך זו חידד תיקון מס' 113 לחוק העונשין את הצורך בהמשך נקיטת שיטת ענישה אינדיווידואלית, הבוחנת נסיבותיו של כל מקרה ואדם המובא לדין (ע\פ 433/89 אטיאס נ' מדינת ישראל, פ\""ד מג(4) 170; ע\""פ 5106/99 אבו ניג'מה נ' מדינת ישראל, פ\""ד נד(1) 350; רע\""פ 3173/09 פראגין נ' מדינת ישראל (ניתן ביום 5.5.2009)).""",train
מהו תפקיד המלצת שירות המבחן בגזירת הדין של נאשם בבית המשפט?,"לא נעלמה מעיני המלצת שירות המבחן, אך כפי הידוע שיקוליו של שירות המבחן אינם כשיקוליו של בית המשפט, המלצת שירות המבחן היא אך שיקול במכלול השיקולים שבית המשפט שוקל בעת גזירת דינו של נאשם.",train
מהו המבחן לקביעת מתחם ענישה אחד לעבירות המקיימות קשר ענייני הדוק?,"בעניין דנן, בהתאם למבחני הפסיקה לסיווג מספר עבירות כ'אירוע אחד', אין חולק כי יש לקבוע מתחם ענישה אחד לכלל העבירות בהן הורשעו נאשמים 2 ו-3, בשל היותן עבירות המקיימות ביניהן קשר ענייני הדוק ומהוות אירוע עברייני אחד.",train
אילו ערכים מוגנים נפגעים בביצוע עבירה של גניבה ממעביד?,הערכים המוגנים הנפגעים בשל ביצוע עבירה זו הם ההגנה על קניין המעביד ושמירה על יחסי האמון בין העובד למעביד עליהם עומדים יחסי העבודה והתעסוקה.,train
מהי הסיבה להחלטת בית המשפט שלא להימנע מהפעלת המאסר המותנה במקרה זה?,"לאור המקובץ עד כה, ונוכח עברו המכביד של הנאשם, לא מצאתי הצדקה להימנע מהפעלת המאסר המותנה, על אף השתלבות הנאשם במסגרת שיקומית תומכת.",train
מהו יחס העונש המומלץ בהתחשב בחומרת העבירה ומידת אשמת הנאשמים?,"ובנסיבות אלה, סבורני כי יחס הולם בין חומרת מעשה העבירה בנסיבותיו ומידת אשמם של הנאשמים ימצא ביטויו בהשתת עונש מאסר שירוצה בעבודות שירות.",train
מהי המדיניות המשפטית שעמדה בבסיס השיקולים לחומרה בענישת הנאשם?,בבסיס השיקולים לחומרה עומדת המדיניות המשפטית שתוארה לעיל באשר לענישה בעבירות בהן הורשע הנאשם.,train
כיצד מתחשב עבר פלילי בגזירת העונש בתוך מתחם הענישה?,"עבר פלילי יילקח בחשבון במסגרת גזירת העונש בתוך מתחם הענישה בלבד, אלא אם הועברו עבירות נוספות המהוות סיכון לציבור.",train
כיצד פוגעים מעשי הנאשם בחברה ובעלויות הנדרשות לרשויות האכיפה?,"מעשיו של הנאשם לא פגעו רק בבעלי הנכס אליו פרץ, אלא אף בחברה בכללותה, בדרך של העלויות הגבוהות הקשורות לנזקי ההתפרצויות, הן ביחס לעלויות ביטוח הנכס והן ביחס לעלויות הנדרשות לרשויות האכיפה.",train
מהי חומרת העבירה שהשפיעה על השיקולים לחומרה בענישה?,"בבסיס השיקולים לחומרה עומדת חומרת העבירה בה הורשע הנאשם ומדיניות הענישה בעבירה המבוצעת בנסיבות מחמירות אלו, בדרך של נקיטת אלימות כלפי בת זוג, בנסיבות המפורטות.",train
כיצד השפיעו שיקולי הרתעה על קביעת העונש המתאים לנאשם?,"אי-לכך, מכלול השיקולים, לרבות שיקולי הרתעת הנאשם ואחרים כמותו מפני ביצוע עבירות נוספות (סע' 40ו ו-40ז לחוק העונשין), ינחוני בקביעת העונש המתאים לנאשם בגדר מתחם הענישה.",train
מהו השיקול שיכול להוביל את בית המשפט לחרוג ממתחמי הענישה שנקבעו?,"בית המשפט ישקול אם לחרוג מן המתחמים בשל הצורך להגנה על שלום הציבור, המהווה שיקול לחומרה.",train
מהן ההשפעות השונות שעלולות להשפיע על גיבוש העונש המוסכם?,בדרך זו עשוי העונש המוסכם להתגבש על בסיס השפעות שונות של שיקולים נוספים המטים אותו לכאן או לכאן.,train
מהי הגישה האינדיבידואלית בתורת הענישה וכיצד היא משפיעה על ההחלטות השיפוטיות?,"כפי שציין בית משפט העליון: \זאת תורת הגישה האינדיוידואלית בתורת הענישה המקובלת עלינו כקו מנחה בסוגיה קשה וסבוכה זו של הענישה ומטרותיה, ואין אנו רשאים \""להקל\"" על עצמנו ולהחמיר עם הנאשם, מתוך הסתמכות על הנימוק והחשש שמא הקלה במקרה מסוים הראוי לכך ישמש תקדים למקרים אחרים שאינם ראויים לכך. חזקה על בית המשפט שידע להבחין בין מקרה למקרה לגופן של נסיבות ולעיצומם של דברים\"".""",train
מדוע ייבוא סמים מסוכנים פוגע בערכים החברתיים של הגנה על שלום הציבור?,"עבירה זו, של ייבוא ארצה של סמים מסוכנים, אף אם לא נעשתה לצורך רווח כספי, פוגעת בערכים החברתיים של הגנה על שלום הציבור, ביטחונו ובריאותו מפני הפגיעה ההרסנית הכרוכה בשימוש באותם הסמים.",train
מהן ההיבטים החברתיים הקשורים לפגיעה בשוטרים בעת ביצוע תפקידם?,"לפגיעה האמורה, היבטים הקשורים באופן מובהק במוסכמות הבסיסיות של היותנו חברה דמוקרטית המכבדת את שלטון החוק וזכויות הזולת, במערכת אכיפת החוק ובצורך להגן על אנשי חוק, המבצעים עבודתם נאמנה, לעיתים בתנאים קשים ומורכבים תוך סיכון שלומם וביטחונם האישי, כשלוחי החברה ושלטון החוק.",train
מדוע לא הייתה הצדקה לחריגה ממתחם הענישה לקולה במקרה זה?,לא מצאתי הצדקה לחריגה ממתחם הענישה לקולה בהעדר המלצה טיפולית בעניינו של הנאשם.,train
אילו ערכים חברתיים נפגעים בעבירה של תקיפת שוטר?,"הערכים החברתיים שנפגעו מביצוע העבירה של תקיפת שוטר הם שמירה והגנה על הסדר הציבורי, שלטון החוק, שלמות גופם, כבודם וביטחונם של הממונים על אכיפת החוק.",train
מהי הסיבה שהמחוקק ראה בחומרה את מעשה הממית באדישות?,"המחוקק ביקש לבטא את החומרה הרבה ואת מידת אשמו של הממית באדישות, אשר מעשיו מבטאים זלזול מובהק והתנכרות חמורה לערך של חיי אדם.",train
כיצד השפיעה חוסר היכולת של הנאשם לקחת אחריות על מעשיו על ההחלטה בעניינו?,הנאשם התקשה לקחת אחריות על מעשיו ונטה להשליכה על המתלוננת ומכאן החשש שלא הפנים את חומרתם.,train
מהי הדרך המומלצת להילחם בתופעת נשיאת סכינים ושימוש בהן?,"יש להילחם בתופעה זו, של נשיאת הסכינים – ומקל וחומר השימוש בהן – דרך השתת ענישה מחמירה ומרתיעה...",train
מהו המניע של הנאשם לאיים ולתקוף את המתלונן?,"עולה אם כן, כי הנאשם היה מונע מרגשי נקם ולא בכדי איים ותקף את המתלונן.",train
אילו שיקולים נלקחים בחשבון לחובת הנאשם בגין ריבוי העבירות שביצע?,"לחובת הנאשם נזקפות ריבוי העבירות שביצע, חומרתן ומדיניות הענישה עליה עמדתי לעיל.",train
אילו שיקולים על בית המשפט להביא בחשבון בנוגע לסיכויי הרשעת הנאשם?,"מנגד, על בית המשפט להביא בחשבון גם את סיכויי הרשעתו של הנאשם אלמלא ההסדר ואת האינטרס הציבורי בשמירה על אמון הציבור ברשויות החוק ובהפעלת מדיניות ענישה הולמת ושוויונית.",train
מהו החשש הממשי הנוגע להתנהלות הנאשם בעתיד בעקבות מעשיו?,בנסיבות אלה קיים חשש ממשי כי הנאשם אינו מפנים את חומרת מעשיו ובהעדר טיפול מתאים עשוי לשוב על מעשים פוגעניים בעתיד.,train
"כיצד גניבת מכשיר טלפון \חכם\"" משפיעה על ביטחונו האישי של קורבן העבירה?""","בגניבת מכשיר טלפון \חכם\"" יש מימד של הסגת גבול לטריטוריה הפרטית של הפרט והיא טומנת בתוכה פגיעה ממשית בביטחון האישי של קורבן העבירה.""",train
כיצד מתחשבת מדיניות הענישה בעבירות איומים בצורך במאבק בנגע האלימות המילולית בחברה הישראלית?,מדיניות הענישה הנהוגה בעבירה זו מתחשבת בצורך במאבק בנגע האלימות המילולית שפשט בחברה הישראלית ככלל ומתפקידו של בית המשפט להעביר מסר ברור באמצעות השתת עונשים מוחשים על מי שבוחר לפתור את קשייו האישיים באמצעות פגיעה קשה בשלוות נפשו של אחר.,train
מהי המטרה של האיסור המוטל על תקיפה אלימה במקרים של ויכוח מילולי?,"מטרת האיסור למנוע מצבים בהם ויכוח מילולי מידרדר בנקל לתקיפה אלימה באמצעות סכין, עד כדי קיפוח חיי אדם.",train
כיצד פגיעה בערכים החברתיים קשורה למוסכמות של חברה דמוקרטית?,"פגיעה בערכים אלה קשורים באופן מובהק במוסכמות הבסיסיות של היותנו חברה דמוקרטית המכבדת את שלטון החוק וזכויות הזולת, במערכת אכיפת החוק ובצורך לכבד את אנשי חוק, המבצעים עבודתם נאמנה, לעיתים בתנאים קשים ומורכבים תוך סיכון שלומם וביטחונם האישי, כשלוחי החברה ושלטון החוק.",train
כיצד ייקבע מתחם הענישה ההולם למעשי העבירות שביצע הנאשם?,"תחילה, אקבע את מתחם הענישה ההולם למעשי העבירות שביצע הנאשם, על בסיס שיקולים נורמטיביים ואובייקטיבים, בהתחשב בערכים החברתיים שנפגעו, מידת הפגיעה בהם, במדיניות הענישה ובנסיבות הקשורות בביצוע העבירות.",train
מהו היתרון החברתי שיכול לנבוע משיקום הנאשם?,אם יצליח הנאשם לשקם עצמו ייתרם מכך לא רק הוא עצמו אלא גם החברה תצא נשכרת.,train
מהי מידת הפגיעה בערכים החברתיים המוגנים במקרה זה?,מידת הפגיעה בערכים החברתיים המוגנים במקרה דנא הינה גבוהה.,train
מדוע יש מקום לפסוק פיצוי גם כאשר מתעוררות שאלות לגבי היקף הנזק?,יש מקום לפסוק פיצוי גם במקרים שבהם מתעוררות שאלות הנוגעות להיקפו של הנזק המדויק.,train
מהו העבר הפלילי של הנאשם 1 שהצדיק את הצורך להגן על הציבור מפניו?,כמו כן ניתן ללמוד על הצורך להגן על הציבור מפני הנאשם 1 לאור עברו הפלילי הכולל הרשעות בעבירות אלה: החזקת נכס חשוד כגנוב; החזקה ושימוש בסמים לצריכה עצמית (2 מופעים); החזקת כלים להכנת סם לצריכה עצמית; שיבוש מהלכי משפט; תקיפה הגורמת חבלה ממש והצתה של מבנה במזיד.,train
מהי הסיבה לגמול עונשי בעבירות סמים לפי החברה?,פגיעתם הרעה של עבירות הסמים ביחידים ובציבור מחייבים גמול עונשי שישקף את הסלידה שחשה החברה ואת הוקעתם של מעשים כגון אלה.,train
מהי הסיבה לכך שלא נמצאה הצדקה לחרוג ממתחם העונש במקרה זה?,"בנסיבות דנא, לא מצאתי הצדקה לחרוג לכאן או לכאן ממתחם העונש.",train
כיצד נקבע מתחם העונש ההולם לפי סעיף 40ג(א) לחוק העונשין?,"מתחם העונש ההולם נקבע בהתאם לעקרון ההלימות כפי שהוגדר בסעיף 40ג(א) לחוק העונשין ולצורך לכך על בית משפט להתחשב בשלושת אלה: ראשית, בערך החברתי שנפגע  מביצוע העבירה ובמידת הפגיעה בו; שנית, בנסיבות הקשורות בביצוע העבירה ומידת אשמו של הנאשם; שלישית, במדיניות הענישה הנהוגה (ע\פ 8641/12 סעד נ' מדינת ישראל (ניתן ביום 5.8.2013).""",train
מדוע יש להדגיש את שיקולי ההרתעה במקרה זה?,"בנסיבות אלה יש לתן דגש לשיקולי הרתעת הנאשם והציבור כולו כדי להמחיש את הסלידה שחשה החברה מהמעשים אלה ובתוך כך לשגר מסר מרתיע לבל ישוב הנאשם לבצע עבירות נוספות בעתיד (ראו: ע\פ (נצ) 671/97 קיבוץ מרחביה נ' מדינת ישראל (ניתן ביום 31.12.1997), שם הדגיש בית המשפט את הצורך בענישה מרתיעה כדי למנוע מנאשמים ומעברייני סביבה לבצע התנהגות הפוגעת בסביבה).""",train
מהו היחס הנדרש בין חומרת העבירות ומידת אשמו של הנאשם לבין העונש המוטל עליו?,"בהתאם לתיקון 113 לחוק העונשין, נדרש יחס הולם בין חומרת מעשי העבירות בנסיבותיהם ומידת אשמו של נאשם לבין סוג ומידת העונש המוטל עליו.",train
מהי המסקנה לגבי מידת הפגיעה בערך המוגן במקרה זה?,בחינת מידת הפגיעה בערך המוגן מובילה למסקנה כי מדובר בפגיעה משמעותית ורבה.,train
מהו הטעם המרכזי לקיום הסדרי טיעון לפי פסיקות בית המשפט?,"כלכל, בית-המשפט יראה לקיים את הסדר הטיעון בשל הטעמים הקשורים בחשיבותם ובמעמדם של הסדרי הטיעון' (ע\פ 1958/98 פלוני נ' מדינת ישראל, פ\""ד נז(1) 577, 608 (1998) (להלן: \""עניין פלוני\"").""",train
מהו המסר שצריך לשדר בית המשפט באמצעות הטלת עונשים על עבריינים?,"מתפקידו של בית המשפט לשגר את המסר הצלול הנדרש, באמצעות הטלת עונשים ממשיים על עבריינים המבקשים לחיות על חשבון עמלם של אחרים.",train
כיצד משפיעה מידת הנזק שנגרם למתלונן על מידת האשם של הנאשם?,"ברי שיש שוני במידת האשם של נאשם על פי מידת הנזק שגרם למתלונן ויתכן שסכום מסוים שיראה כפעוט לאדם מסוים, יחשב כסכום משמעותי ביותר לאדם אחר.",train
כיצד יש להתחשב בנסיבות האישיות של הנאשם בעת גזירת העונש?,"בגזירת העונש המתאים לנאשם שלפניי וכמצוות סעיף 40יא לחוק העונשין, יש מקום להתחשב בנסיבותיו האישיות, אשר אינן קשורות בביצוע העבירות.",train
אילו שיקולים ינחו את בית המשפט בקביעת העונש המתאים בגדר מתחם הענישה?,"אי-לכך, מכלול השיקולים, לרבות שיקולי הרתעת הנאשם ואחרים כמותו מפני ביצוע עבירות נוספות (סע' 40ו ו-40ז לחוק העונשין), ינחוני בקביעת העונש המתאים בגדר מתחם הענישה.",train
מדוע יש חשיבות להעברת מסר ברור על הענישה בעבירות אלימות?,"מחובתו של בית המשפט להעביר מסר חד וצלול לנאשם ולאחרים כמותו, לפיו עבירות מסוג זה יתקלו בענישה מוחשית.",train
מדוע לא הוחמרה הענישה כלפי הנאשם בשל ניהול משפטו על ידו?,אין לזקוף לחובת הנאשם ניהול משפט על ידו ולא החמרתי עימו בשל כך שניהל את משפטו (ר' סעיף 40יא(6) לחוק העונשין).,train
אילו שיקולים נלקחו בחשבון בנוגע לנסיבות הקשורות בביצוע העבירה?,"בדיקת הנסיבות הקשורות בביצוע העבירה (סעיף 40ט לחוק העונשין) נתתי דעתי לחלקו המרכזי והעיקרי של הנאשם בביצוע העבירה, סוגי הסמים שאינם נחשבים לסמים היותר קשים ומסוכנים, כמות הסם הרבה שנתפסה אצל הנאשם, אף אם הוכח יעודה לשימוש עצמי.",train
"כיצד השפיעו שיקולי הגמול, השיקום וההרתעה על ההחלטה בעניינו של הנאשם?","מכל המקובץ, בהביאי בכלל חשבון את שיקולי הגמול, השיקום וההרתעה, ביחס לנאשם בנסיבותיו – הסלידה שחשה החברה נוכח מעשיו והוקעתם הנדרשת, הצורך בהמחשת חומרת מעשיו, הרתעתו ואחרים כמותו, לצד צרכיי שיקומו, הרי שבגדר תפירת חליפתו העונשית, סבורני כי ראוי ונכון להעדיף בעניינו ענישה צופה פני שיקומו ולהשיג את מטרות הענישה בדרך של ביצוע עבודות לתועלת הציבור, לצד מאסר מותנה, קנס סמלי והתחייבות כספית.",train
כיצד רואה בית המשפט את החשיבות של הסדרי הטיעון?,"כלכל, בית-המשפט יראה לקיים את הסדר הטיעון בשל הטעמים הקשורים בחשיבותם ובמעמדם של הסדרי הטיעון.\""	eval""",
מהו השינוי שהביא תיקון מס' 113 לחוק העונשין בנוגע לשיטת הענישה?,"בדרך זו חידד תיקון מס' 113 לחוק העונשין את הצורך בהמשך נקיטת שיטת ענישה אינדיווידואלית, הבוחנת נסיבותיו של כל מקרה ואדם המובא לדין (ע\פ 433/89 אטיאס נ' מדינת ישראל, פ\""ד מג(4) 170; ע\""פ 5106/99 אבו ניג'מה נ' מדינת ישראל, פ\""ד נד(1) 350; רע\""פ 3173/09 פראגין נ' מדינת ישראל (ניתן ביום 5.5.2009)).""",eval
כיצד יש להתחשב בנסיבות האישיות של הנאשם בגזירת העונש?,"בגזירת העונש המתאים לנאשא שמלפניי וכמצוות סעיף 40יא לחוק העונשין, יש מקום להתחשב בנסיבותיו האישיות, אשר אינן קשורות בביצוע העבירות, כגון: גיל, עבר הפלילי, נטילת האחריות, פגיעת העונש במשפחתו, נסיבות חיים קשות שהייתה להן השפעה על ביצוע העבירה, שיתוף הפעולה עם רשויות החוק ועוד.",eval
מהו העונש שהייתה מטילה השופטת על הנאשם אילו דעתה הייתה נשמעת בנוגע להסדר הטיעון?,"לעת עתה, לו דעתי הייתה נשמעת, הייתי דוחה את הסדר טיעון ומטיל על הנאשם עונש של 20 שנות מאסר בפועל, בהתחשב באי אישור ההסדר.",eval
מהו המבחן שנקבע בעניין ג'אבר ואילו מסקנות נגזרות ממנו לגבי עסקאות הסמים?,"על בסיס יישומו של מבחן 'הקשר ההדוק' שנקבע בעניין ג'אבר, נחה דעתי כי מדובר בשתי עסקאות סמים, בעלות אופי זהה, שבוצעו בהפרש של שבועות בודדים אל מול אותו סוכן, והגם שעל פניו כל עסקה בוצעה ויצאה אל הפועל באופן נפרד, התקיים ביניהן קשר ענייני הדוק, הן בעלות אותן המאפיינים ויש לראותן כמסכת עבריינית אחת שבוצעה ממניע אחד ולקבוע בגינן מתחם ענישה אחד לכלל המעשים שבוצעו.",eval
מהי דרישת מדיניות הענישה בעבירות תעבורה במטרה למגר את התופעה של נהיגה בידי בלתי מורשה?,מדיניות הענישה הנהוגה בעבירות תעבורה דורשת ענישה מרתיעה למיגור התופעה הרווחת של נהיגה בידי בלתי מורשה.,eval
מהו המשקל שניתן לשיתוף פעולה של הנאשם עם שירות המבחן?,משקל מיוחד נתתי לכך שהנאשם שיתף פעולה עם שירות המבחן ושולב בהצלחה במסגרת טיפולית בקבוצה ייעודית.,eval
מהו הערך המוגן העיקרי שנפגע בעבירת הגניבה המוזכרת?,"הערך המוגן העיקרי שנפגע הוא קניינו של הפרט עד כדי שלילתו ממנו, תוך הפרת הסדר הציבורי ופגיעה בתחושת הביטחון של כל עובר אורח החפץ להתהלך בבטחה בחוצות העיר.",eval
אילו שלושה שיקולים יתחשב בהם בית המשפט ביישום עקרון ההלימה?,"על מנת ליישמו בית משפט יתחשב בשלושת אלה: ראשית, בערך החברתי שנפגע  מביצוע העבירה ובמידת הפגיעה בו; שנית, בנסיבות הקשורות בביצוע העבירה ומידת אשמו של הנאשם; שלישית, במדיניות הענישה הנהוגה (ע\פ 8641/12 סעד נ' מדינת ישראל (ניתן ביום 5.8.2013).""",eval
מהו תפקיד מאמציו של הנאשם לפרנס את משפחתו בהליך זה?,"הבאתי בחשבון את מאמציו של הנאשם לפרנס את משפחתו על אף המשבר האישי אליו נקלע, ואת רצונו להיות מעורב עוד יותר בטיפול בילדיו, דבר אשר נמנע ממנו בשל ההגבלות שהוטלו על חירותו במסגרת הליך זה.",eval
מהו העונש המומלץ לנאשם כדי לעודד את שיקומו והשתלבותו החברתית?,"בסופו של דבר, סבורני כי מן הראוי להשית עליו עונש הכולל שילוב של עבודות לתועלת הציבור, צופים פני שיקום, צו מבחן והתחייבות כספית כדי לאפשר המשך השתלבותו במסגרת חברתית ועידוד ממשי לחזרתו לדרך הישר.",eval
מהי העמדה העונשית שהביעה הפסיקה כלפי מבצעי עבירות כנגד רכבים?,הפסיקה הביעה עמדה עונשית מחמירה כלפי מבצעי עבירות כנגד רכבים בשל פגיעתן הרבה בכלל ובפרט בהיבטים כלכליים ורגשיים.,eval
כיצד ייקבע מתחם הענישה לעבירות שביצע הנאשם?,"תחילה, אקבע את מתחם הענישה למעשה העבירות שביצע הנאשם, על בסיס שיקולים נורמטיביים ואובייקטיבים, בהתחשב בערכים החברתיים שנפגעו, מידת הפגיעה בהם, במדיניות הענישה ובנסיבות הקשורות בביצוע העבירות.",eval
מהו היחס הנדרש בין חומרת העבירה ומידת אשמו של הנאשם לבין העונש המוטל עליו לפי תיקון 113 לחוק העונשין?,"בהתאם לתיקון 113 לחוק העונשין נדרש יחס הולם בין חומרת מעשה העבירה בנסיבותיו ומידת אשמו של הנאשם, לבין סוג ומידת העונש המוטל עליו.",eval
מדוע יש להטיל גבולות ברורים על נאשמים המבצעים עבירות רכוש חמורות?,"מי אשר חוזר ומבצע עבירות רכוש חמורות מתוכננות היטב, ללא פחד או מורא, יום לאחר יום, בצוותא חדא עם אחרים, יש להציב בפניו גבולות ברורים ומסר של הוקעה שאינו משתמע לשתי פנים בדרך של הרחקתו מהחברה לתקופה ממושכת.",eval
מהו העונש שהוטל על הנאשם לאחר איזון הנתונים והשיקולים השונים?,"סוף דבר, מכל הנתונים והשיקולים שפירטתי לעיל, באיזון ביניהם ובשים לב לפסיקה הנוהגת, סבורני כי מן הראוי להשית על הנאשם עונש כדלקמן: מאסר בפועל לתקופה של 30 חודשים, בניכוי ימי מעצרו מיום 20.8.2013 ועד ליום 24.9.2013.",eval
מהו השיקול המרכזי המונע חריגה ממתחם הענישה לקולא במקרה זה?,כאשר מדובר בבחינת האם ראוי לחרוג מן המתחם בשל שיקולי שיקום או שיקולי הגנה על שלום הציבור אין במרשאותי למצוא כי קיים פוטנציאל שיקום מיוחד המצדיק חריגה ממתחם הענישה לקולא וכי אין תשתית עובדתית להסיק על רמת סיכון גבוהה המאפשרת חריגה לחומרא.,eval
מדוע יש להביא בחשבון את הצורך בהרתעת הנאשם ואחרים בעת קביעת העונש?,"כמו כן, על בית המשפט להביא בכלל חשבון את הצורך בהרתעת הנאשם ואחרים כמותו לבל ישוב לבצע עבירות דומות בעתות משבר או דחק.",eval
מדוע יש צורך בהוקעת מעשי העבירה במקרה זה?,"לא ניתן לוותר בנסיבותיו של תיק זה, על הצורך בהוקעת מעשי העבירה ובהרתעת הנאשם עצמו ועבריינים אחרים בכח.",eval
מדוע בית המשפט לא היה כפוף להמלצות שירות המבחן במקרה זה?,ידוע כי אין בית המשפט כפוף להמלצות שירות המבחן בהיותו אמון על שקילת מכלול האינטרסים בענישה וסבורני כי מעשיו של הנאשם מקשים על אימוץ המלצות שירות המבחן.,eval
כיצד מעשיו של הנאשם משפיעים על החברה בכללותה?,"מעשיו של הנאשם אינם פוגעים רק בבעל הנכס אלא אף בחברה בכללותה, בדרך של העלויות הגבוהות הקשורות לנזקי ההתפרצויות, הן ביחס לעלויות ביטוח הנכס והן ביחס לעלויות הנדרשות לרשויות האכיפה.",eval
מהי מידת הפגיעה בערכים החברתיים המוגנים במקרה זה?,מידת הפגיעה בערכים החברתיים המוגנים במקרה דנא הנה משמעותית.,eval
כיצד ישקול בית המשפט חריגה מהמתחם לקולא או לחומרא?,"בכלל זה, אבחן האם ראוי לחרוג מן המתחם לקולא בשל שיקולי שיקום (סעיף 40ד לחוק העונשין) או לחומרא בשל שיקולי הגנה על שלום הציבור (סעיף 40ה לחוק העונשין).",eval
מהי הסיבה לכך שלא מצא בית המשפט הצדקה לחרוג ממתחם העונש?,"בענייננו, לא מצאתי הצדקה לחרוג ממתחם העונש ההולם, בשל שיקולי שיקום, בהעדר המלצה ובהעדר נכונות מצד הנאשם להשתלב במסגרת טיפולית (סע' 40ד(ב) לחוק העונשין).",eval
אילו היבטים נוגעים לפגיעה בערכים דמוקרטיים במערכת אכיפת החוק?,"לפגיעה האמורה, היבטים הקשורים באופן מובהק במוסכמות הבסיסיות של היותנו חברה דמוקרטית המכבדת את שלטון החוק וזכויות הזולת, במערכת אכיפת החוק ובצורך להגן על אנשי חוק, המבצעים עבודתם נאמנה, לעיתים בתנאים קשים ומורכבים תוך סיכון שלומם וביטחונם האישי, כשלוחי החברה ושלטון החוק.",eval
אילו נסיבות יש לקחת בחשבון בעת קביעת הענישה של העבריין?,על בית המשפט להתחשב בנסיבות ביצוע העבירה ובנסיבותיו האישיות של העבריין.,eval
מהי הסיבה לכך שלא נמצא מקום להחמיר בעונש הנאשם משיקולי הגנה על שלום הציבור?,"מנגד, לא הונחה בפניי תשתית עובדתית ממנה ניתן להסיק על רמת סיכון גבוהה להתנהגות פוגענית חוזרת מצד הנאשם ועל כן אינני מוצא מקום לחצות את רף מתחם הענישה לחומרה, משיקולי הגנה על שלום הציבור.",eval
מהו האלמנט המחמיר בעבירת האיומים שאינו פוגע פיזית בקורבן?,"אינה פוגעת פיזית בקורבנה, אך היא טומנת בחובה אלמנט מחמיר של אימה והשפלה שדורש ענישה מרתיעה.",eval
מהי המשמעות של חיפוש המזון בהקשר לנסיבות העבירה של הנאשם?,"אדגיש כי אין בכך כדי להצדיק את מעשי הנאשם, אך העובדה כי הנאשם הסיג גבול לשם חיפוש אחר מזון שופכת אור על נסיבות העבירה כולה ותוצאותיה (ר' סעיף 40ט(א)(5)).",eval
מהי המסקנה לגבי הצורך בענישה ממושכת בעקבות חומרת המעשים?,חומרת המעשים ונסיבות ביצועם מציירים תמונת מסוכנות ומובילים למסקנה כי יש צורך בענישה מוחשית בדרך של מאסר ממושך בפועל על מנת להמחיש עבור הנאשם את החומרה שבמעשיו החוזרים ונשנים.,eval
מהו הערך החברתי שמצדיק את המוגנות הנדרשת לשוטרים בעבודתם?,"ערך חברתי משמעותי הוא לשמר מוגנות נדרשת לשוטרים העוסקים באכיפת החוק, על מנת שיוכלו לבצע עבודתם נאמנה וללא הפרעה או חשש.",eval
"מהו הסיווג המשפטי של מעשה האלימות שהפגין הנאשם כלפי פלונית, בהתחשב בנסיבות האירוע?","באשר למעשה האלימות שהפגין הנאשם כלפי פלונית, הרי שמבלי להקל ראש במעשה החמור כשלעצמו, הרי שדומני כי מדובר בתקיפה ברף נמוך, בלהט המאבק בין הנאשם לבין המתלונן, שעה שפלונית נכנסה בין הניצים כדי להפריד ביניהם.",eval
באילו ערכים בסיסיים פגע הנאשם בביצוע העבירות בהן הורשע?,"בביצוע העבירות בהן הורשע, פגע הנאשם בערכים בסיסיים ומרכזיים בחיי החברה.",eval
מהו מתחם העונש ההולם לאירוע כולו בנסיבות ביצועו?,"מכאן, אקבע מתחם עונש הולם לאירוע כולו, בנסיבות ביצועו, ואגזור עונש כולל לכל העבירות בשל אותו אירוע.",eval
מהי הדרישה להוכחת נזק בהליך הפלילי כאשר מדובר בפסיקת פיצוי?,"פסיקת הפיצוי בהליך הפלילי אינה מחייבת הוכחה מדויקת של הנזק שנגרם לנפגע העבירה, וזה נקבע על דרך האומדנא בהתאם להתרשמות בית המשפט.",eval
מהו הערך החברתי המרכזי שנפגע בביצוע עבירה של החזקת סמים שלא לצריכה עצמית?,"הערכים החברתיים שנפגעים בביצוע עבירה של החזקת הסמים שלא לצריכה עצמית, לצדה קבע המחוקק עונש מרבי של 20 שנות מאסר, הם הגנה על שלום ובריאות הציבור מפני פגיעתם הקשה של סמים מסוכנים ומניעת נזקים כלכליים וחברתיים עקיפים, לרבות ביצוע עבירות נוספות לצורך מימון רכישת הסם.",eval
מהו השיקול המרכזי המונע חריגה ממתחם הענישה לחומרה במקרה זה?,"על-כן, אין הצדקה לחרוג ממתחם הענישה לחומרה, משיקולי הגנה על שלום הציבור.",eval
כיצד משפיעה מדיניות הענישה על מנעד הענישה בעבירות אלימות במשפחה?,"בחינת מדיניות הענישה הנהוגה מצביעה על מנעד רחב של ענישה בעבירות אלימות במשפחה, בהתאם לנסיבות ביצוע העבירה ונסיבות העושה, כפי שהדברים משתקפים גם מהפסיקה שהובאה לפניי מטעם הצדדים.",eval
מהו העקרון שעל העונש לנאשם לשקף בנסיבות העניין?,"בנסיבות העניין, על העונש הראוי לנאשם בגדרי מתחם העונש ההולם לשקף את חומרת המעשים כפי שתוארה לעיל, את מידת אשמו, ואת המשקל המצטבר של הנסיבות האישיות שנמנו לעיל.",eval
מהו תכלית הענישה בעבירות תקיפה כלפי בן זוג לפי החוק?,"הערכים החברתיים שנפגעו מביצוע עבירה של תקיפה סתם כלפי בן זוג, לצדה קבע המחוקק עונש מרבי של 4 שנות מאסר ומביצוע עבירה של תקיפה הגורמת חבלה של ממש כלפי בן זוג, לצדה קבע המחוקק עונש מרבי של 6 שנות מאסר, הנם הגנה על התא המשפחתי מפני אלימות, שלמות גופה של המותקפת וזכותה לאוטונומיה על גופה, ושלוות נפשה וביטחונה האישי, בפרט בד' אמות התא המשפחתי.",eval
מדוע עבירת השוד נחשבת לחמורה מבחינת תחושת הביטחון הציבורית?,"בית משפט זה עמד לא אחת על חומרת עבירת השוד אשר מערערת את תחושת הביטחון הציבורית, ופוגעת בקניינם ולעיתים אף בגופם של אנשים תמימים שנקרים בדרכו של השודד.",eval
מהן הערכים החברתיים שנפגעו בעקבות תקיפת בן זוג ומהו העונש המרבי שנקבע?,"הערכים החברתיים שנפגעו בעקבות ביצוע עבירה של תקיפת בן זוג, לצדה קבע המחוקק עונש מרבי של 4 שנות מאסר, הינם האוטונומיה על גופו של הקורבן ושמירה על התא הזוגי והמשפחתי.",eval
מדוע לא הוחמרה הענישה למרות ניהול המשפט כמצוות החוק?,"לא החמרתי עם הנאשמים בשל כך שניהלו את משפטם כמצוות סעיף 40יא(6) לחוק העונשין, אולם הנאשמים אינם זכאים להקלה לה זכאים נאשמים אשר לוקחים אחריות למעשיהם, מביעים חרטה וחוסכים מזמנו של בית המשפט והעדים.",eval
מהו המקור המשפטי שמסביר את שיקולי הקולא והחומרה בענישה?,בנייני הדין של תחולת שיקולי הקולא והחומרה מובנים היטב במסגרת תיקון 113 לחוק העונשין.,eval
כיצד הנאשם ניצל את פערי הכוחות והאמון שניתן לו על ידי הקטינה?,"הנאשם הבין את אשר עשה, ויכול היה להימנע ממעשיו הבזויים, אולם הוא בחר לנצל לרעה את פערי הכוחות בינו לבין נכדתו ואת האמון שנתנה בו, תוך שהפכה ככלי שרת לסיפוק יצריו המיניים.",eval
אילו היבטים קשורים לפגיעה בערכים החברתיים בעקבות תקיפת שוטר?,"לפגיעה האמורה, היבטים הקשורים באופן מובהק במוסכמות הבסיסיות של היותנו חברה דמוקרטית המכבדת את שלטון החוק וזכויות הזולת, במערכת אכיפת החוק ובצורך להגן על אנשי חוק, המבצעים עבודתם נאמנה, לעיתים בתנאים קשים ומורכבים תוך סיכון שלומם וביטחונם האישי, כשלוחי החברה ושלטון החוק.",eval
אילו ערכים חברתיים נפגעים בעבירות רכוש כמו אלו בהן הורשע הנאשם?,"עבירות הרכוש, בהן הורשע הנאשם, פוגעות בערך חברתי מוגן שעניינו שמירה על שלום הציבור, תחושת הביטחון, שלוות הנפש, הגנה על רכושו, ביטחונו ופרטיותו.",eval
מהו המאפיין המרכזי של מעשיו של הנאשם שנוגע לריבוי המקרים המגונים שביצע?,"מעשיו המתוארים של הנאשם לא היו מקריים או כתוצאה ממעידה רגעית חד פעמית, שכן מדובר בריבוי מקרים שחזרו על עצמם, בהזדמנויות שונות על פני תקופה של כשלוש שנים וחצי.",eval
מהן ההוראות המאפשרות חריגה מעונש המאסר המינימלי?,"הוראות הדין קובעות שניתן לחרוג מעונש המאסר המינימאלי רק \מטעמים מיוחדים שיירשמו\"" (כאשר עונש המאסר המינימאלי יכול שיינתן באופן של ריצוי בפועל ובאופן של ריצוי על תנאי), ואולם – קיימת משמעות נורמטיבית לעונש המזערי באמצעות כלי ההרתעה של מאסר בפועל.""",eval
מהן השיקולים שעמדו לזכות הנאשם במהלך ההליך המשפטי?,"מנגד, עומדים לזכות הנאשם שיקולים רבים לקולא ובכללם הודאתו במיוחס לו בכתב האישום שתוקן לקולא, לקיחת האחריות, הבעת הצער והחרטה, המשקפים הפנמת הפסול שבמעשיו.",eval
"כיצד משפיעה העובדה שהמעשים בוצעו במהלך מבצע \שומר החומות\"" על חומרת העבירות?""","העובדה שהמעשים האלימים בוצעו במהלך מבצע \שומר החומות\"", בנסיבות ביצועם כמפורט בכתב האישום, ואף שהנאשם לא הורשע בביצוע אותן עבירות ממניע גזעני, מוסיפה נדבך של חומרה למעשים בכללותם.""",eval
"כיצד השפיעה \שבירת הכלים\"" של ההגנה על ההליך המשפטי?""","\שבירת הכלים\"" מטעם ההגנה, כך במקרה שלפניי, באופן שבו בחרה שלא לטעון לעונשו של הנאשם ולא להציג ראיות התומכות בדברי הנאשם, על בסיס הנחתה כי הכרעת הדין ממילא \""שגויה מיסודה\"", פגעה בראש ובראשונה בנאשם עצמו והפגינה זלזול וחוסר כבוד להליך המשפטי עד כדי הפרעה לבית המשפט לעשות משפט.""",eval
מהו העונש שייגזר על הנאשם בהקשר לחריגה ממתחם הענישה?,"בשלקה זה, העונש שייגזר על הנאשם יחרוג לקולא ממתחם הענישה הראוי והמקובל בעבירה בה הורשע הנאשם.",eval
כיצד יש להתייחס לעבר הפלילי של נאשם בעבירות מין שנמשך לאורך זמן?,בית המשפט מציין כי אין להתייחס לעבר הפלילי של נאשם שהורשע בעבירות מין לאורך תקופה ממושכת כעבר פלילי נקי.,eval
כיצד השפיעה הערכת שירות המבחן על ההחלטה בנוגע לסיכון להישנות התנהגות הנאשם?,באתי בחשבון את הערכת שירות המבחן כי נמוך הסיכון להישנות התנהגות עוברת מצד הנאשם.,eval
מהו הצורך בהמשך נקיטת שיטת ענישה אינדיווידואלית לפי תיקון מס' 113 לחוק העונשין?,"בדרך זו חידד תיקון מס' 113 לחוק העונשין את הצורך בהמשך נקיטת שיטת ענישה אינדיווידואלית, הבוחנת נסיבותיו של כל מקרה ואדם המובא לדין (ע\פ 433/89 אטיאס נ' מדינת ישראל, פ\""ד מג(4) 170; ע\""פ 5106/99 אבו ניג'מה נ' מדינת ישראל, פ\""ד נד(1) 350; רע\""פ 3173/09 פראגין נ' מדינת ישראל (ניתן ביום 5.5.2009)).""",eval
מהו השיקול המרכזי שינחה את בית המשפט בקביעת העונש לנאשם?,"אי-לכך, מכלול השיקולים, לרבות שיקולי הרתעת הנאשם ואחרים כמותו מפני ביצוע עבירות נוספות (סע' 40ו ו-40ז לחוק העונשין), ינחוני בקביעת העונש המתאים בגדר מתחמי הענישה.",eval
מהו המשקל שצריך בית המשפט לתת לאינטרס הציבורי בענישה בעבירות נשק?,"בבוא בית-המשפט לשקול את הענישה בעבירות מסוג זה, עליו לתת משקל נכבד יותר לאינטרס הציבורי ולצורך להרתיע עבריינים בכוח מלבצע עבירות דומות, על פני הנסיבות האישיות של העבריין.",eval
מהו התיקון בחוק העונשין שמדגיש את הצורך בענישה אינדיווידואלית?,"בדרך זו חידד תיקון מס' 113 לחוק העונשין את הצורך בהמשך נקיטת שיטת ענישה אינדיווידואלית, הבוחנת נסיבותיו של כל מקרה ואדם המובא לדין.",eval
מהי מטרת האיסור למנוע פגיעות בגוף ובנפש במריבות מילוליות?,"מטרת האיסור למנוע מצבים בהם, מריבה מילולית הופכת אך מהר לפגיעה בגוף ובנפש, כפי שעיננו רואות חדשות לבקרים, כיום יותר מבעבר (ר' ע\פ 6720/04 מדינת ישראל נ' עסאם זחאיקה [פורסם בנבו] (ניתן ביום 3.11.2004); ע\""פ 86/04 אבי כנפו נ' מדינת ישראל [פורסם בנבו] (ניתן ביום 10.6.2004); ע\""פ 9133/04 גורדון נ' מדינת ישראל [פורסם בנבו] (ניתן ביום 20.12.04)).""",eval
"מהי ההגדרה המשפטית של \נשק\"" בהקשר של שימוש בחפצים לא אלימים?""","הלכה מושרשת היא, כי \נשק\"" אינו רק כלי שיועד מלכתחילה להוות \""נשק\"" וכי גם כלי או חפץ שנוצר לשימוש תמים ולא יועד לשמש למטרה אלימה, עשוי להיחשב כ\""נשק\"" אם בפועל נעשה בו שימוש ככזה.""",eval
מהו האיזון בין שיקולי הזכות לנאשם לבין חומרת העבירה שביצע?,כנגד שיקולי הזכות לנאשם עומדת העבירה אותה ביצע במלוא חומרתה והצורך להירתם למאבק הסיזיפי בתת תרבות הסכין המתפתחת בחברתנו בדרך של ענישה מתאימה.,eval
מהי המודעות של הנאשמות למעשיהן ולפסול שבהם?,"הנאשמות היו מודעות למעשיהן, והן עשו כן לשם בצע כסף, מבלי שנגרעה יכולתן להבין את הפסול שבהם.",eval
מהן שלושת השלבים במלאכת גזירת הדין בעבירות פליליות?,"מלאכת גזירת הדין מורכבת משלושה שלבים עיקריים: תחילה, אקבע את מתחם העונש ההולם למעשה העבירה שביצע הנאשם, על בסיס שיקולים נורמטיביים ואובייקטיבים, בהתחשב בערך החברתי שנפגע מביצוע העבירה, במידת הפגיעה בערך זה, במדיניות הענישה הנהוגה ובנסיבות הקשורות בביצוע העבירה כמפורט בסעיף 40ט לחוק העונשין (סעיף 40ג לחוק העונשין); לאחר מכן, אבחן האם ראוי לחרוג מן המתחם לקולא בשל שיקולי שיקום (סעיף 40ד לחוק העונשין) או לחומרא בשל שיקולי הגנה על שלום הציבור (סעיף 40ה לחוק העונשין); לבסוף, אקבע את העונש המתאים שיושת על הנאשם, בהתחשב בצורך בהרתעת הנאשם (סעיף40ו לחוק העונשין), בצורך בהרתעת הרבים (סעיף40ז לחוק העונשין) ובנסיבותיו האישיות של הנאשם שאינן קשורות בביצוע העבירה (סעיף 40יא לחוק העונשין), כמו גם בנסיבות אחרות ככל שתמצאנה רלוונטיות (סעיף 40יב לחוק העונשין).",eval
מהו השיקול שהוביל למסקנה כי אי הרשעה אינה משקפת יחס הולם בין העבירות לעונש?,סבורני כי רכיב של אי הרשעה אינו משקף יחס הולם בין מעשי העבירות בנסיבותיו ומידת אשמו של הנאשם 2 ובין סוג ומידת העונש שיושת עליו.,eval
מהי התרשמות שירות המבחן לגבי השפעת השירות הצבאי על הנאשם?,"שירות המבחן התרשם אף הוא כי השירות הצבאי מהווה עבור הנאשם מסגרת תומכת, המחזקת אצלו את תחושות מסוגלותו והערכתו העצמית ומדרבנת אותו להמשיך בשינוי החיובי בהתנהלותו.",eval
מהו תפקידו של הנאשם בביצוע העבירה וכיצד הוא השפיע על יכולתו להבין את הפסול שבמעשיו?,"ביחס לנסיבות ביצוע העבירות באירוע זה, בדומה לאירוע דלעיל, גם כאן חלקו של הנאשם בביצוע העבירה הינו עיקרי, הוא יכול היה להבין את הפסול שבמעשיו בכל רגע נתון ולהימנע מהם נוכח שליטתו במהלכיו.",eval
מדוע חשוב להגן על נשים מפני אנשים שאינם מסוגלים לשלוט ביצריהם?,"על בית המשפט להגן על נשים מפני אלה שאינם מסוגלים לשלוט ביצריהם ולהציב לעצמם גבולות (ר' בש\פ 5625/98 מרדכייב נ' מדינת ישראל, תק-על 98(3)106; ע\""פ 1/97 דאודאי נ' מדינת ישראל, תק-על 97(2)679).""",eval
כיצד השפיעה התנהלות הנאשם במהלך ההליך המשפטי על גזירת העונש?,"אי לכך, הבאתי בכלל חשבון גם את התנהלות הנאשם במהלך ההליך המשפטי כשיקול לחומרה מכוח סעיף 40יב לחוק העונשין.",eval
מהי המדיניות המומלצת בענישה לנהגים הנתפסים נוהגים בשכרות?,"על-כן, יש לנקוט במדיניות ענישה מרתיעה ולהעניש בחומרה נהגים הנתפסים כאשר הם נוהגים בשכרות.",eval
אילו סיכונים קיימים במוסד הסדרי הטיעון שעל בית המשפט לשקול?,"לצד זאת, אין ולא ניתן להתעלם מהקשיים ומהסיכונים הבלתי מבוטלים שטומן בחובו מוסד זה, ובין היתר מהחשש מפני הרשעת חפים מפשע, מהחשש מפגיעה באינטרס הציבורי להענשת עבריינים ומפגיעה בעיקרון הבסיסי של שוויון בפני החוק.",eval
מהו השיקול שנלקח בחשבון לגבי הנאשם 2 בהקשר לעברו ותנאיו?,באשר לנאשם 2 הבאתי בחשבון את עברו הנקי את ימי מעצרו ותנאיי שחרורו.,eval
כיצד נקבעים מתחמי העונש ההולמים לפי סעיף 40ג(א) לחוק העונשין?,מתחמי העונש ההולמים יקבעו בהתאם לעקרון ההלימה כפי שהוגדר בסעיף 40ג(א) לחוק העונשין.,eval
אילו נסיבות נלקחו בחשבון בקביעת מתחם הענישה במקרה זה?,"בבחינת הנסיבות הקשורות בביצוע העבירה (בהתאם לסעיף 40ט לחוק העונשין) נתתי דעתי לסוג החומר המסכן שנתפס (PB-22), משקלו ( נטו), ולכך שנילווה לו קרטון ובו אלפי שקיות אריזה ריקות; ללמדך כי שקיות אלו נועדו להפצת החומר המסכן, במנות אישיות בקרב הציבור, על אף הסכנה הממשית לשלומם ולבריאותם של הצרכנים.",eval
מהו השיקול שהוביל לחריגה בקולא בעונש המוסכם עבור הנאשם?,בעקבות בחינת נסיבותיו האישיות של הנאשם ומכלול השיקולים נגזר שהוא זכאי לחריגה בקולא לעונש המוסכם.,eval
מהי מידת הפגיעה בערכים החברתיים במקרה שבו הנאשם תקף את המתלוננת מספר פעמים?,"מידת הפגיעה בערכים אלה ברף הגבוה שכן הנאשם תקף את המתלוננת מספר רב של פעמים, במועדים שונים על פני תקופה ממושכת.",eval
מדוע יש חשש שעונש מאסר יפגע ביכולת הנאשם לפרנס את משפחתו?,"בנסיבות אלה שוכנעתי כי עונש מאסר, אף כזה שירוצה בעבודות שירות, יפגע יתר על המידה ביכולתו של הנאשם לפרנס את משפחתו ולדאוג לילדיו.",eval
מהו הערך החברתי החשוב לשמר מוגנות לשוטרים העוסקים באכיפת החוק?,"ערך חברתי משמעותי הוא לשמר מוגנות נדרשת לשוטרים העוסקים באכיפת החוק, על מנת שיוכלו לבצע עבודתם נאמנה, ללא הפרעה או חשש.",eval
מהן הסיבות שהובילו את הנאשם לביצוע העבירות ומהי יכולתו להבין את מעשיו?,"נלמד כי הסיבות שהביאו את הנאשם לביצוע העבירות נעוצות בצורך למימון סמים, אך לא נגרעה יכולתו של הנאשם להבין את מעשיו ואת הפסול הברור שבהם.",eval
מהו העקרון המנחה לקביעת מתחם הענישה לפי סעיף 40ג(א) לחוק העונשין?,מתחם הענישה ההולם יקבע בהתאם לעקרון ההלימה כהגדרתו בסעיף 40ג(א) לחוק העונשין.,eval
כיצד משפיעה הטענה למצוקה כלכלית על גזירת העונש?,הטענה למצוקה כלכלית אינה מקלה את חומרת המעשה וראויה לעניין זה להביא לצמצום השפעתה בעת גזירת העונש.,eval
מהו מתחם העונש ההולם לעבירות הלבנת ההון שביצע הנאשם בנסיבות ביצוען?,"מכל המקובץ, סבורני כי מתחם העונש ההולם לעבירות הלבנת ההון שביצע הנאשם, בנסיבות ביצוען, כולל רכיב מאסר בפועל שבין מספר חודשי מאסר בפועל שיכול וירוצו בעבודות שירות לבין 18 חודשי מאסר בפועל, קנס בסכום שבין 25,000 לבין 60,000 ₪ וענישה מרתיעה צופה פני עתיד.",eval
מהו השיקול שקשור לחלוף הזמן מאז ביצוע העבירות של הנאשם?,"הבאתי בחשבון את חלוף הזמן מאז ביצוע העבירות מצד הנאשם, והתמשכות ההליך המשפטי כשלעצמו, מטעמים שלא היו תלויים בנאשם, אלא באילוצים של יתר הנאשמים ונסיבות נוספות.",eval
מהו העיקרון שעל פיו נקבע מתחם העונש ההולם לפי סעיף 40ג(א) לחוק העונשין?,"מתחם העונש ההולם נקבע בהתאם לעקרון ההלימה כפי שהוגדר בסעיף 40ג(א) לחוק העונשין ולצורך כך על בית משפט להתחשב בשלושת אלה: ראשית, בערך החברתי שנפגע  מביצוע העבירה ובמידת הפגיעה בו; שנית, בנסיבות הקשורות בביצוע העבירה ומידת אשמו של הנאשם; שלישית, במדיניות הענישה הנהוגה (ע\פ 8641/12 סעד נ' מדינת ישראל (ניתן ביום 5.8.2013). אעמוד להלן על מרכיביו השונים של מתחם העונש ההולם.""",eval
מהו הצורך בשיטת ענישה אינדיווידואלית לפי תיקון 113 לחוק העונשין?,"לאין ספק כי תיקון 113 לחוק העונשין חידד את הצורך בהמשך נקיטת שיטת ענישה אינדיווידואלית, הבוחנת נסיבותיו של כל מקרה ואדם והמובא לדין.",eval
מהו הרף המומלץ בעבירות אלימות לפי פסיקות בית המשפט העליון?,"בית המשפט העליון פסק לא אחת, כי יש לקבוע רף ענישה מחמיר ומרתיע בעבירות מסוג זה.",eval
כיצד תבוא לידי ביטוי התחשבות בימים בהם היה הנאשם בסטטוס של עצור-שפוט בעונש המאסר?,"התחשבות בימים בהם היה הנאשם בסטטוס של עצור-שפוט תבוא לידי ביטוי בדרך של חפיפה מצומצמת של העונש שאטיל על הנאשם עם תקופת המאסר אותה הוא מרצה בימים אלו, כך שיישא את עונשי המאסר ברובם, בזה אחר זה, למעט חפיפה בת 6 חודשים.",eval
מהי ההשפעה של לקיחת אחריות מלאה מצד הנאשם על הענישה?,"נאשם שפועל בדרך של לקיחת אחריות מלאה למעשיו, מביע חרטה וחוסך מזמנו של בית המשפט ועדי הצדדים, זכאי להקלות בענישה.",eval
מדוע יש להציב גבולות ברורים למי שחוזר על עבירות אלימות וסמים?,"מי אשר חוזר ומבצע עבירות אלימות וסמים, יש להציב בפניו גבולות ברורים ומסר של הוקעה שאינו משתמע לשתי פנים.",eval
מדוע יש לראות את ביצוע כלל העבירות כאירוע מתמשך לצורך קביעת מתחם הענישה?,"סבורני כי נוכח אופיין של העבירות, ייבוא סמים והחזקתם, הרי מדובר במסכת עבריינית אחת, שנמשכה על פני תקופה מוגדרת, כך שיש לראות את ביצוע כלל העבירות כאירוע מתמשך אחד לצורך קביעת מתחם הענישה.",eval
אילו שיקולים הובאו לזכות הנאשם במהלך ההליך המשפטי?,"לזכות הנאשם הבאתי בכלל חשבון את הודאתו בכתב האישום שתוקן לקולא, החיסכון הכרוך בכך מזמנו של בית המשפט, נטילת האחריות על מעשיו, הבעת הצער והחרטה והעובדה כי פיצה את המתלוננת על הנזקים שגרם לרכבה.",eval
אילו שיקולים ינחו את בית המשפט בקביעת העונש המתאים?,"בסופו של יום, סבורני כי השיקולים השונים, ינחוני בקביעת העונש המתאים בתוך גדרי מתחם הענישה ההולם לצד שיקולי הרתעת הנאשם והרתעת הרבים מפני ביצוע עבירות נוספות (ר' סעיף 40ו לחוק העונשין).",eval
כיצד משפיע חלקו של הנאשם במעשים על חומרת העבירה בהקשר להמון האלים?,"חלקו במתן מכות האגרוף וניסיון עקירת דלת הרכב, כפי המתואר, עיקרי כשלעצמו ומקבל נופך של חומרה לנוכח השתלבותו בהמון האלים כנגד גופו ורכושו של המתלונן.",eval
מהי עמדת בית המשפט העליון לגבי החמרת הענישה בעבירות החזקת סכין?,"בשל נפוצות התופעה הביע ביהמ\ש העליון את דעתו, לא אחת, שיש להחמיר בענישתם של אלה העוברים עבירות של החזקת סכין שלא כדין.""",eval
מהו המסר שענישה מחמירה בעבירת סחיטה באיומים מבקשת להעביר לקורבנות העבירה?,"הרשעה בעבירה של סחיטה באיומים מחייבת ענישה מחמירה, אשר תעביר מסר ברור לפיו העובר עבירה זו מסתכן בשלילת חירותו לתקופה ארוכה ותעודד את קורבנות העבירה 'לשבור את קשר-השתיקה'.",eval
אילו שלושה גורמים יש להתחשב בהם ליישום עקרון ההלימה?,על מנת ליישם את עקרון ההלימה יש להתחשב בשלושת אלה: בערך החברתי שנפגע מביצוע העבירה ובמידת הפגיעה בו; בנסיבות הקשורות בביצוע העבירה ומידת אשמו של הנאשם ובמדיניות הענישה הנוהגת.,eval
אילו שיקולים ייקח בית המשפט בחשבון בנוגע לסיכויי הרשעת הנאשם ללא הסדר?,"מנגד, יביא בית המשפט בחשבון גם את סיכויי הרשעתו של הנאשם אלמלא ההסדר, את האינטרס הציבורי בשמירה על אמון הציבור ברשויות החוק ובהפעלת מדיניות ענישה הולמת ושוויונית.",eval
מהי מטרת העבירה של החזקת סכין שלא כדין?,"באשר לעבירה של החזקת סכין שלא כדין, הרי שזו נועדה לסייע במיגור התופעה השלילית שהביאה עמה \תרבות הסכינאות\"" (ר' רע\""פ 7484/08 פלוני נ' מדינת ישראל [פורסם בנבו] (ניתן ביום 22.12.2009)), ולהקדים תרופה לתופעת השימוש בסכין.""",eval
מדוע יש להחמיר בעונש גם כלפי מי שמצטייד בסכין מבלי להשתמש בה?,"הלכה פסוקה כי למיגור תופעת הסכינאות לא די בנקיטת מדיניות של ענישה מחמירה רק כלפי אלה העושים שימוש אלים בסכין, אלא יש להתחיל להחמיר גם בעונשם של אלה המצטיידים בסכין כאשר הם יוצאים מביתם, גם אם לא עשו לבסוף שימוש אלים בסכין.",eval
כיצד השפיעה ההחלטה על חילוט הרכוש על קביעת גובה הקנס?,"ההחלטה בדבר חילוט הרכוש הובאה בחשבון לצורך קביעת גובה הקנס, על מנת שלא לפגוע בבני משפחתו של הנאשם יתר על המידה.",eval
מהו הגורם המשפיע על מנעד הענישה בעבירות דומות?,"בחינת מדיניות הענישה באירועים דומים העלתה כי הוטלו עונשים במנעד רחב התלוי בנסיבות ביצוע העבירה, בנסיבותיו של הנאשם עצמו ובקיומן של עבירות נלוות.",eval
מהן השיקולים שיש להביא בחשבון ליישום עקרון ההלימה?,"על מנת ליישם את עקרון ההלימה אביא בחשבון את הערכים החברתיים שנפגעו ומידת הפגיעה בהם; נסיבות הקשורות בביצוע העבירה, מידת אשמו של הנאשם ומדיניות הענישה הנהוגה.",eval
כיצד נקבע מתחם העונש ההולם לפי עקרון ההלימה בסעיף 40ג(א) לחוק העונשין?,מתחם העונש ההולם יקבע בהתאם לעקרון ההלימה כפי שהוגדר בסעיף 40ג(א) לחוק העונשין.,eval
מהו ההקשר המיוחד במקרה שבו נאשם 1 הורשע בעבירה של ירי מנשק חם?,"בענייננו, דברים אלו מקבלים משנה תוקף ביתר שאת, בשים לב לכך שנאשם 1 הורשע בעבירה של ירי מנשק חם אף לפי סעיף 340א(ב)(2), קרי באופן שיש בו כדי לסכן חיי אדם.",eval
מהן שלושת השלבים במלאכת גזירת הדין לפי סעיף 40 לחוק העונשין?,"מלאכת גזירת הדין מורכבת משלושה שלבים עיקריים: תחילה, אקבע את מתחם העונש ההולם למעשה העבירות שביצע הנאשם, על בסיס שיקולים נורמטיביים ואובייקטיבים, בהתחשב בערך החברתי שנפגע מביצוע העבירות, במידת הפגיעה בערך זה, במדיניות הענישה הנהוגה ובנסיבות הקשורות בביצוע העבירות כמפורט בסעיף 40ט לחוק העונשין (סעיף 40ג לחוק העונשין); לאחר מכן, אבחן האם ראוי לחרוג מן המתחם לקולא בשל שיקולי שיקום (סעיף 40ד לחוק העונשין) או לחומרא בשל שיקולי הגנה על שלום הציבור (סעיף 40ה לחוק העונשין); לבסוף, אקבע את העונש המתאים שיושת על הנאשם, בהתחשב בצורך בהרתעת הנאשם (סעיף40ו לחוק העונשין), בצורך בהרתעת הרבים (סעיף40ז לחוק העונשין) ובנסיבותיו האישיות של הנאשם שאינן קשורות בביצוע העבירה (סעיף 40יא לחוק העונשין), כמו גם בנסיבות אחרות ככל שתמצאנה רלוונטיות (סעיף 40יב לחוק העונשין).",eval
כיצד השפיעה התנהגות השוטרים על ההחלטה בעניינו של הנאשם?,"מצאתי לתן משקל נכבד להתנהגותם הפסולה של חלק מהשוטרים, שלקחו חלק במעצרו של הנאשם בזירה, במהלכו הפעילו כוח לא מידתי, בכך שבעטו בנאשם ללא כל צורך, גם אם לא בחזקה, בהיותו שרוע על הארץ וכבול בידיו.",eval
מהו ההיבט המיוחד של עבירות מין כאשר הן נעשות בחבורה?,"דומה שאין צורך להכביר מילים על כך שעבירות המין, שחומרתן רבה, הן בעלות חומרה יתרה כאשר המעשים נעשים בחבורה.",eval
מהו העונש המוטל בדרך כלל על מי שתוקף את רעהו באמצעות חפץ כלשהו?,"אשר לרמת הענישה, עיון בפסיקה מעלה, כי מי שתוקף את רעהו באמצעות חפץ כלשהו (ואין זה משנה אם מדובר בסכין, בבקבוק, באבן או במקל) וגורם לו לחבלות, בדרך כלל דינו לעונש מאסר, אם כי הדבר תלוי בחומרת ועוצמת התקיפה, בנסיבותיה ובתוצאותיה.",eval
מהי הנסיבה המנויה בסעיף 40ט(6) לחוק העונשין שיכולה להשפיע על מידת השליטה של הנאשם במעשיו?,"עם זאת, לא ניתן לבטל כליל כי עניינו של הנאשם עשוי להיכלל בגדרה של הנסיבה המנויה בסעיף 40ט(6) שעניינה \יכולתו של הנאשם להימנע מהמעשה ומידת השליטה שלו\"", הרלבנטית, למקרים בהם הושפעה מידת השליטה של הנאשם על מעשיו, גם אם שלא כתוצאה ממצב כלשהו המקרב אותו לסייג לאחריות פלילית.""",eval
מהו מתחם העונש ההולם שנמצא לנאשם על פי הנסיבות?,"מכל המקובץ, בהתחשב בערכים החברתיים שנפגעו מביצוע העבירות, במידת הפגיעה בהם, במדיניות הענישה הנהוגה, בנסיבות הקשורות בביצוע העבירות והיחס ההולם בין חומרת מעשי העבירות בנסיבותיהם ומידת אשמו של הנאשם ובין סוג ומידת העונש שיש להטיל עליו, סבורני כי מתחם העונש ההולם לעבירות שבוצעו על ידי הנאשם נע על פני ספקטרום שבין 3 חודשי מאסר (שיכול וירוצו בעבודות שירות) לבין 14 חודשי מאסר בפועל.",eval
כיצד השפיע העונש על משפחת הנאשם שנשארה באריתריאה?,עוד הבאתי בחשבון את תוצאות העונש על משפחת הנאשם שנותרה באריתריאה.,eval
מהו השיקול לקולא שניתן לנאשם בעקבות הודאתו בכתב האישום המתוקן?,"בבסיס השיקולים לקולא יש לציין כי הנאשם הודה בכתב האישום שתוקן לקולא, לקח אחריות על מעשיו וחסך מזמנו של בית המשפט.",eval
מהו היבט הכוונה של הנאשם בהחזקת הסמים במקרה זה?,"כמות הסם והנסיבות הכוללות של המקרה דנא מלמדת על כוונת הנאשם לחלוק סם זה עם אחרים, כך שאין המדובר בסמים שנועדו אך לצריכתו העצמית, אם בתמורה כספית ואם לאו.",eval
כיצד משפיעה עבירת התפרצות על הביטחון האישי של קורבן העבירה?,ביצוע עבירת התפרצות והגניבה נעשה תוך הסגת גבול לטריטוריה הפרטית של הפרט וטומנת בתוכה מימד של פגיעה בביטחון האישי של קורבן העבירה.,eval
מהי התקווה לגבי השפעת תקופת המאסר על התנהגות הנאשם בעתיד?,"יש לקוות כי תקופת המאסר המוטלת על הנאשם כעת יהיה בה כדי להרתיעו מלבצע שוב את העבירות החמורות אותן ביצע, זו הפעם השנייה, לצד רקעו התעבורתי הלא מבוטל.",eval
מדוע יש צורך להילחם בנגע האלימות במשפחה בחברה הישראלית?,"רבות נפסק בצורך להילחם בנגע האלימות, בעיקר בקרב התא המשפחתי, אשר פשה בחברה הישראלית ולעקרו מן השורש באמצעות ענישה הולמת ומרתיעה.",eval
מהו השיקול המרכזי שיש לקחת בחשבון בעת קביעת מתחם העונש בעבירות החזקת סמים?,"בעת קביעת מתחם העונש ההולם יש ליתן את הדעת לסוג העבירה (החזקת סם שלא לצריכה עצמית), סוג הסם (חשיש) וכמות הסם ().",eval
מהי היכולת של הנאשם להבין את הפסול שבמעשיו בכל רגע נתון?,הנאשם יכול היה להבין את הפסול שבמעשיו בכל רגע נתון ולהימנע מהם נוכח שליטתו במהלכיו.,eval
כיצד משפיעות מצוקות אישיות של נאשמים על הצורך בהגנה על הציבור מפני סמים?,"אף אם מצוקותיהם האישיות של הנאשמים שיכול ועמדו בבסיס מעשיהם, אינן צריכות לגרוע מהביטחון הנדרש לציבור, המבקש להיות מוגן מפני פגיעתם הקשה של סמים מסוכנים ובעניין זה יש להביא בכלל חשבון את הנזק שהיה צפוי להיגרם לציבור ככל שכמות כה גדולה של סם מסוכן, אף אם לא מהקשים שבהם, היתה מגיעה בסופו של דבר לידי צרכני סמים.",eval
מהו מתחם העונש ההולם שנקבע לנאשם בגין העבירות שביצע?,"מתחם העונש ההולם למכלול העבירות שביצע הנאשם, הן ליבוא הסמים והן להחזקתם, בנסיבות ביצוען, הינו בטווח של 20 עד 48 חודשי מאסר בפועל, לצד ענישה מרתיעה צופה פני העתיד וענישה כלכלית.",eval
מהו הנזק הפוטנציאלי שיכול היה להיגרם כתוצאה מההצתה באזור מגורים?,"יש להביא בחשבון את הנזק הפוטנציאלי שהיה עשוי בקלות להיגרם לכלי רכב אחר, אשר חנה בסמוך לרכב הניצת, והעובדה כי ההצתה בוצעה באזור מגורים, כך שהאש הייתה עשויה לפגוע בבתי תושבי הסביבה ואף בעוברי אורח.",eval
מהו הגורם שהשפיע על הנאשם להציג שאיפות לתפקוד תקין במהלך ההליך המשפטי?,"עם זאת, נראה כי ההליך המשפטי מהווה עבורו גורם מרתיע ומציג גבולות והוא מגלה שאיפות לתפקוד תקין, שיתף פעולה עם שירות המבחן והתייצב לכל המפגשים.",eval
מהו המסר שנועד להרתיע מפני ביצוע עבירת אלימות במשפחה?,"כאמור בסעיף 13 לחוות דעתו של האב\ד, השופט שגיא, מצאנו להעביר מסר שנועד להרתיע מפני ביצוע עבירת אלימות במשפחה בכלל וכלפי בנות זוג בפרט.""",eval
מהו היעדר הוכחה הנוגע לסכנה המוחשית מהנאשם לציבור?,"מנגד, לא נטען וקל וחומר שלא הוכח, כי נשקפת סכנה מוחשית מהנאשם לציבור, באופן המצדיק חריגה מרף מתחם הענישה לחומרה.",eval
מהו החשש הקיים לגבי חזרת הנאשם על מעשיו וכיצד יש לשקול זאת בעונש?,"החשש שמא הנאשם ישוב על מעשיו ויפגע פיזית ומילולית במתלוננת, כמו גם בגורמי הרווחה, אינו מבוטל ויש לשקול זאת במסגרת השיקולים לעניין העונש.",eval
"מהו מתחם הענישה ההולם לאירוע, בהתחשב בעבירות בהן הורשע הנאשם?","לכן אקבע מתחם ענישה הולם לאירוע כולו, בנסיבות ביצועו, ואגזור את עונשו של הנאשם, בהתחשב בעבירות בהן הורשע.",eval
מהו המסר שעל בית המשפט להעביר לגבי הענישה בעבירות רכוש?,"מחובתו של בית המשפט להעביר מסר חד וצלול לנאשם ולאחרים כמותו, לפיו עבירות מסוג זה יתקלו בענישה מוחשית.",eval
כיצד בית המשפט מתייחס לענישה שהוטלה על נאשמים במקרים דומים?,בית המשפט צריך לבחון ענישה שהוטלה על נאשמים במקרים דומים בהתאם לנסיבות ודין הענישה חייב להיות מותאם לנסיבות המקרה ולמידת חומרתו.,eval
מהו העונש המרבי שנקבע לעבירה של החזקת סכין למטרה לא כשרה ומהם הערכים החברתיים שנפגעים ממנה?,"הערכים החברתיים שנפגעים בביצוע עבירה של החזקת סכין למטרה לא כשרה, לצדה נקבע עונש מרבי של 5 שנות מאסר, הם הגנה על שלומו וביטחונו של הציבור.",eval
מהו האינטרס הציבורי בהענשת עברייני רכוש בצורה מרתיעה?,"בעבירות רכוש נפוצות מסוג אלה שלפניי, האינטרס הציבורי מחייב להעניש את העבריינים בצורה מרתיעה, בכדי למנוע הישנותם של המעשים הפוגעים בציבור כולו, החש כי ביטחונו נתערער ורכושו הפך הפקר ואין נפקא מינה אם המדובר בבעלי בתים, בעלי עסקים או במקומות ציבוריים כגון בתי ספר כבענייננו.",eval
מהו השיקול המרכזי לחומרה בענישה של הנאשמת בעבירה בה הורשעה?,שיקולים לחומרה: בבסיס השיקולים לחומרה עומדת המדיניות המשפטית בעבירה בה הורשעה הנאשמת והצורך להגן על הערכים החברתיים שנפגעו מביצוע העבירה.,eval
מהי חומרת העבירות שביצע הנאשם וכיצד היא משפיעה על הענישה?,"לחובת הנאשם נזקפות חומרת העבירות שביצע, ומדיניות הענישה עליה עמדתי לעיל.",eval
מהו השיקול שיכול להוביל לחריגה ממתחם הענש בשל שיקולי שיקום?,"כאמור, על בית המשפט לבחון האם ראוי לחרוג מן המתחם שקבע בשל שיקולי שיקום המהווים שיקול לקולא (סעיף 40ד לחוק העונשין); או מאידך, לחרוג מן המתחם בשל הצורך להגנה על שלום הציבור, המהווה שיקול לחומרה (סעיף 40ה לחוק העונשין).",eval
מהי המטרה המרכזית של הערכים החברתיים הקשורים במניעת הלבנת הון?,"מדובר אם כן בערכים חברתיים שמטרתם מניעת הפקת רווחים מעבירות; מניעת היכולת להטמיע כספים שמקורם בעבירות מקור, תוך שימוש במערכת הבנקאית ובנותני שירותי מטבע, עם כספים שהושגו בדרך חוקית; יצירת תמריץ שלילי לביצוע עבירות בעלות היבט כלכלי באמצעות נטרול יסוד הרווח הטמון בהן; ומניעת פעילות עבריינית.",eval
כיצד משפיע עקרון ההלימה על עונשו של נאשם ביחס לפגיעה בקורבן העבירה?,"האיזון המוסרי בין השיקולים השונים הטמון בעיקרון ההלימה המעוגן בתיקון 113 לחוק העונשין מצדיק, ככלל, כי עונשו של נאשם יהא שקול כנגד מה שהוא עולל לקורבן העבירה.",eval
מהו השיקול המרכזי שהצדיק את הצורך להגן על הציבור מפני הנאשמים?,במסגרת השיקולים לחומרה מצאתי  להביא בכלל חשבון את הצורך להגן על הציבור מפני הנאשמים שכן נוכח הכחשתם את העבירות ובהעדר יכולת להבין את המניעים לביצוען יש חשש שיחזרו ויבצעו את העבירות.,eval
מהו העונש המרבי שנקבע על ידי המחוקק לעבירת איומים ומהם הערכים החברתיים שנפגעו?,"הערכים החברתיים שנפגעו בביצוע עבירת איומים, לצדה קבע המחוקק עונש מרבי של שלוש שנות מאסר, הינם שלום הציבור, שלוות נפשו, ביטחונו, חירות פעולתו וחופש בחירתו של כל פרט.",eval
מה היה המצב המשפטי אילו הנאשם לא היה מודה בעובדות כתב האישום במסגרת הסדר טיעון?,"לולא הודאת הנאשם בעובדות כתב האישום וברשעתו במסגרת הסדר טיעון, לא ברור אם ניתן היה להוכיח זאת במלוא ההליך של שמיעת עדים והצגת ראיות.",eval
מהי המגמה שניכרת בענישה בשנים האחרונות לפי בית המשפט העליון?,"כמו כן, ניכרת מגמת החמרה בענישה בשנים האחרונות, כפי שהתווה בית המשפט העליון.",eval
מהו נטל ההוכחה הנדרש לצורך הגשת גרסת הגנה המסתברת יותר מהגרסה הנוגדת?,"לצורך כך מדובר בנטל הוכחה של מאזן הסתברויות, ודי בהגשת גרסת הגנה המסתברת יותר והגיונית יותר מהגרסה הנוגדת (ראו ע\פ 4496/04 מחג'נה נ' מדינת ישראל (ניתן ביום 11.9.2005)).""",eval
מהן שלוש ההתחשבויות שעל בית המשפט לקחת בחשבון ביישום עקרון ההלימה?,"על מנת ליישמו בית משפט יתחשב בשלושת אלה: ראשית, בערך החברתי שנפגע  מביצוע העבירה ובמידת הפגיעה בו; שנית, בנסיבות הקשורות בביצוע העבירה ומידת אשמו של הנאשם; שלישית, במדיניות הענישה הנהוגה (ע\פ 8641/12 סעד נ' מדינת ישראל (ניתן ביום 5.8.2013).""",eval
כיצד בית המשפט שוקל את האיזון בין התוצאה העונשית להקלה שהנאשם קיבל בהסדר טיעון?,"בית המשפט בבואו לבחון הסדר טיעון צריך לשקול אם נשמר האיזון הראוי בין התוצאה העונשית וההקלה שקיבל הנאשם במסגרת ההסדר, לבין האינטרס הציבורי שבקיומו.",eval
מהו העיקרון שעליו צריך להתבסס שיעור הקנס בעבירות החזקת חומר מסוכן?,מכאן שעונש הקנס צריך להיות בשיעור שבו תוחלת הרווח של נאשמים מהחזקת החומר תהיה נמוכה מתוחלת הקנס הצפוי להם אם יתפסו ויורשעו.,eval
מהן הנסיבות האישיות של הנאשם שיש להביא בחשבון בגזירת העונש?,"בגזירת העונש המתאים לנאשם, בהתאם להוראות סעיף 40יא לחוק העונשין, יובאו בכלל חשבון נסיבותיו האישיות של הנאשם, אשר אינן קשורות בביצוע העבירה.",eval
"מהו הפוטנציאל לנזק הנובע ממעשיו של הנאשם, למרות שלא נגרם נזק של פגיעה בנפש?","אמנם לא ניתן להצביע על נזק של פגיעה בנפש, אך למעשיו של הנאשם פוטנציאל לנזק גבוה עד כדי קיפוח חיי אדם.",eval
מהן השיקולים לקביעת עונש בעבירות שוד?,"השיקולים לקביעת עונש כולל התחשבות בתקנים כגון מידת הפגיעה, נסיבות ביצוע העבירה, מדיניות הענישה, נסיבות אישיות של הנאשם, והצורך במניעת פשיעה חוזרת.",eval
מהן הנסיבות האישיות שיבואו בחשבון בגזירת העונש לפי החוק?,"בגזירת העונש המתאים לנאשם, בהתאם לסעיף 40יא לחוק העונשין, יובאו בכלל חשבון נסיבותיו האישיות, שאינן קשורות בביצוע העבירה.",eval
כיצד משפיע העונש המרבי שנקבע לעבירה על קביעת מתחם העונש ההולם?,"העונש המרבי שקבע המחוקק לעבירה מסוימת, ובפרט כאשר עסקינן בחוק חדש, הינו בעל השפעה על קביעת מתחם העונש ההולם ועל מדיניות הענישה הראויה (ת\פ (רמ') 16980-01-14 מדינת ישראל נ' בן יחזקאל ואח' (ניתן ביום 20.11.2014)).""",eval
מדוע עקרון אחידות הענישה נחשב לחשוב בהליך הפלילי?,"עקרון אחידות הענישה הוא כלל חשוב הבא למנוע קיום הפלייה בין שווים או דומים, למען עשיית צדק עם נאשמים, ולצורך שמירת אימון הציבור בהליך הפלילי.",eval
כיצד עשוי שיקומו של הנאשם להועיל גם לחברה?,"אם יתמיד הנאשם בשיקומו, ייתרם מכך לא רק הוא עצמו, אלא גם החברה תצא נשכרת.",eval
מהו השיקול שיכול להוביל לחריגה ממתחם העונש לקולא או לחומרא?,"כאמור, על בית המשפט לבחון האם ראוי לחרוג מן המתחם בשל שיקולי שיקום המהווים שיקול לקולא (סעיף 40ד לחוק העונשין); או מאידך, לחרוג מן המתחם בשל הצורך להגנה על שלום הציבור, המהווה שיקול לחומרה (סעיף 40ה לחוק העונשין).",eval
מהו השיקול שלא ניתן לתלות בו את הירי שביצע הנאשם לקולה?,"אמנם, הירי שביצע הנאשם לכיוון הקורבן לא פגע בגופו, אך אין לתלות בזה שיקול מכריע לקולה.",eval
כיצד מתאר בית המשפט את מערכת היחסים בין הנאשם למתלוננת ביום האירוע?,"אמנם, במקרה דנן, אין המדובר במערכת יחסים אלימה באופן מובהק שהגיעה לשיאה ביום האירוע, אלא באירוע שנראה על פניו חריג בנוף מערכת היחסים, אך אין בכך כדי להקהות מחומרתו.",eval
כיצד יש להתייחס לכל אחד מהאישומים המפורטים בכתב האישום לפי סעיף 40יג(ב) לחוק העונשין?,"משכך, סבורני כי נכון לראות כל אחד מהאישומים המפורטים בכתב האישום כאירוע נפרד, המצדיק התייחסות עונשית נפרדת, בהתאם להוראות סעיף 40יג(ב) לחוק העונשין ועל כן אקבע מתחם עונש הולם לגבי כל אחד מהאישומים, בהתאם לעבירות הכלולות בו, בנסיבות ביצוען.",eval
"מהו המצב שנמצא בנוגע לסכנה הנשקפת מהנאשם 1, למרות עברו הפלילי?","מנגד, על אף שעברו של הנאשם 1 מצביע על אדם רצידיביסט בעבירות בהן הורשע, לא שוכנעתי כי נשקפת ממנו סכנה מוחשית לציבור, כזו המצדיקה חריגה מרף מתחם הענישה לחומרה.",eval
מהו היחס הנדרש בין חומרת העבירות ומידת אשמו של הנאשם לבין סוג העונש המוטל עליו?,"בהתאם לתיקון 113 לחוק העונשין, נדרש יחס הולם בין חומרת מעשי העבירות בנסיבותיהן ומידת אשמו של הנאשם לבין סוג ומידת העונש המוטל עליו.",eval
מהו חלקו המרכזי של הנאשם בהקשר לנסיבות הקשורות בביצוע העבירות?,"בבחינת הנסיבות הקשורות בביצוע העבירות (סעיף 40ט לחוק העונשין), מצאתי להביא בכלל חשבון, את חלקו המרכזי והעיקרי של הנאשם במהלך הדברים.",eval
מהו הגיבוי שצריך בית המשפט לתת לשוטרים המותקפים בעת ביצוע תפקידם?,"שלומם הגופני והאישי ושלום חייהם של השוטרים אינו הפקר, ועל בית המשפט לתן להם הגיבוי המתאים כאשר מותקפים בעת ביצוע תפקידם.",eval
מהו הקשר בין השיקולים הקובעים את מתחם הענישה לבין טווח העונש המושג בהסדר טיעון?,מרבית השיקולים הקובעים את מתחם הענישה משפיעים גם על טווח העונש המושג בהסדר טיעון.,eval
מהו ההבדל בין גזר דין על בסיס הסכמה לבין גזר דין אחר?,"לא כך הדבר בגזר דין, שלא על בסיס הסכמה בין הצדדים, במסגרתו קובע בית המשפט מתחם ענישה על בסיס שיקולים נורמטיביים ואובייקטיבים וגוזר את עונשו של הנאשם בהתאם לנסיבות שאינן קשורות בביצוע העבירה, מבלי להביא בכלל חשבון חלק מאותם השיקולים שבאים לידי ביטוי במסגרת הסדרי טיעון.",eval
כיצד יש לקבוע את המתחם הכולל לעונש לפי הנתונים הרלוונטיים?,"למותר לציין כי המתחם הכולל שייקבע, צריך ליתן ביטוי לרצף המעשים, ריבויים, משכם, תדירותם, לפגיעה שגרמו וליתר הנתונים הרלוונטיים עת קובע בית המשפט את מתחם העונש ההולם.",eval
באילו מקרים ישקול בית המשפט לחרוג מן המתחמים בעבירות פליליות?,בית המשפט ישקול אם ראוי לחרוג מן המתחמים משיקולי שיקום המהווים שיקול לקולא.,eval
מהו השינוי שנעשה בעקבות תיקון מס' 113 לחוק העונשין בנוגע לענישה?,"בעקבות תיקון מס' 113 לחוק העונשין חודד הצורך בשיטת ענישה אינדיווידואלית, הבוחנת נסיבותיו של כל מקרה ואדם המובא לדין.",eval
מהו הגורם הממתן בגזירת דינו של הנאשם?,"בכל זאת יש כדי גורם ממתן בגזירת דינו של הנאשם, אך לא כדי הפחתה מרצפת מתחם העונש ההולם, כפי שציינתי לעיל, נוכח נסיבות ביצוע העבירות ואופיין החמור ובהעדר שיקולי שיקום כהוראת סעיף 40ד(א) לחוק העונשין.",eval
מהי הסיבה לכך שהעונש המתאים לנאשמת הוא ריצוי מאסר בפועל בעבודות שירות?,"ברם, משנמצא כי הנאשמת אינה מתאימה לאפיק עונשי ושיקומי של ביצוע של\צ, בשל חוסר שיתוף פעולה ונכונות מצדה, ונוכח המלצות שירות המבחן בתסקירים שנערכו בעניינה, נחה דעתי כי העונש המתאים לה ימצא ביטוי בריצוי מאסר בפועל בדרך של עבודות שירות למשך תקופה קצרה יחסית, לצד מאסר מותנה והתחייבות כספית להימנע מביצוע עבירות אלימות.""",eval
כיצד הושג האיזון בין הצורך בענישה לבין עידוד שיקום הנאשם והאחדת משפחתו?,"מכל המקובץ, באיזון בין הצורך להציב גבולות ברורים ומסר של הוקעה חד וצלול לנאשם ולציבור כולו כי עבירות מסוג זה יתקלו בענישה מוחשית, לצד עידוד הנאשם לשקם את דרכיו ולאחד את משפחתו, והיות וזו הרשעתו הראשונה, באתי למסקנה כי בנסיבות המקרה ופרטי האירוע ניתן להסתפק בענישה מרתיעה בדרך של מאסר מותנה והתחייבות כספית, כדי להמחיש את הסלידה שחשה החברה מהמעשים, לשגר מסר מרתיע ולעודד את שיקומו האישי והמשפחתי של הנאשם.",eval
מהו העיקרון שהדגיש תיקון 113 לחוק העונשין בנוגע לענישה?,"דרך זו חידד תיקון 113 לחוק העונשין את הצורך בהמשך נקיטת שיטת ענישה אינדיווידואלית, הבוחנת נסיבותיו של כל מקרה ואדם המובא לדין.",eval
מהו תפקידו המרכזי של הנאשם בביצוע העבירות ומהי השפעתו על השוטרים והציבור?,"חלקו של הנאשם בביצוע העבירות היה מרכזי ועיקרי ופגיעתו בשוטרים ובציבור הינה קשה ומשמעותית, ללא כל סיבה של ממש.",eval
מהו הסיכוי לשיקום הנאשמות וכיצד יש לעודד אותן?,"כמי שמתקיימים סיכויי שיקום של ממש, וכי ראוי לעודד את הנאשמות להמשיך בנתיב השיקומי ולחזק ידיהן בדרכן החדשה.",eval
מהו הנזק הפוטנציאלי שנגרם מביצוע העבירות בנסיבות דנא?,"בצדק טען ב\כ המאשימה כי הנזק שהיה עלול להיגרם מביצוע העבירות, בנסיבות דנא, הינו משמעותי ורב מזה שנגרם, עת השתמש הנאשם בחפץ חד שנעץ אל תוך בטנו של המתלונן ובנקל היה יכול לגרום למותו.""",eval
מהו הנזק הפוטנציאלי שיכול היה להיגרם למתלונן לולא אחרים היו מפסיקים את ההתקפות?,"דומני כי הנזק הפוטנציאלי למעשים בכללותם היה יכול להביא למותו של המתלונן, לולא אחרים הביאו להפסקת מסכת ההתקפות נגדו.",eval
מה מלמדת בחינת מידת הפגיעה על העבירות בהן הורשע הנאשם?,בחינת מידת הפגיעה מלמדת כי העבירות בהן הורשע הנאשם חותרות תחת הסדר הציבורי והפכו למכת מדינה.,eval
מהו הנזק הקשה שנגרם מסמים קשים למשתמשים ולסביבתם?,"חומרה זו נובעת, בין היתר, מנזקיהם הקשים של הסמים – במיוחד כך לגבי סמים המוגדרים 'קשים' – הן למשתמשים, הן לסביבתם.",eval
מדוע לא נמצא מקום לחרוג לקולה ממתחם העונש ההולם במקרה זה?,"לא מצאתי לחרוג לקולה ממתחם העונש ההולם, כפי קביעתי, בשל שיקולי שיקום, שכן הנאשם לא הביע עניין בהליך טיפולי ולא הביע רצון לשקם את חייו (סע' 40ד(ב) לחוק העונשין).",eval
מדוע לא מצא בית המשפט לחרוג ממתחם העונש ההולם במקרה זה?,"בענייננו, לא מצאתי לחרוג ממתחם העונש ההולם, כפי קביעתי, בשל שיקולי שיקום, בהעדר המלצה ובהעדר טיעון בעניין (ר' סעיף 40ד(ב) לחוק העונשין).",eval
מהו הסטטוס החוקי של החומר המדובר במועד ביצוע העבירה?,"אמנם, במועד ביצוע העבירה החומר המדובר טרם הוגדר כסם מסוכן, אך עסקינן בכמות גדולה של חומר שהוכרז כמסכן.",eval
מהו הצורך שהובע בפסיקה להחמיר עם מבצעי עבירות מין בקטינים?,"הובע בפסיקה חזור ושוב הצורך להחמיר עם מבצעי העבירות, לגמול לפוגע כעוצמת פגיעתו, לנקוט ביד קשה למען יראו ויראו.",eval
מדוע יש למנוע מצב שבו איום יהפוך לאמצעי לפתרון סכסוכים?,"אין לאפשר מצב בו איום הופך להיות כלי או אמצעי לפתרון סכסוכים, בפרט בין בני משפחה.",eval
מהו הצורך להילחם בנגע האלימות בחברה הישראלית באמצעות ענישה הולמת?,רבות דובר בפסיקה בדבר הצורך להילחם בנגע האלימות שפשה בחברה הישראלית ולעוקרו מן השורש באמצעות ענישה הולמת ומרתיעה.,eval
מהו יתרון שיטת העונש הכולל בבית המשפט?,יתרונה של שיטת העונש הכולל הוא בכך שהיא מאפשרת לבית-המשפט להביע עמדה עונשית ראויה ביחס למכלול התנהגותו הפלילית של הנאשם.,eval
מהו השינוי שהביא תיקון 113 לחוק העונשין בנוגע לשיטת הענישה?,"תיקון 113 לחוק העונשין חידד את הצורך בנקיטת שיטת ענישה אינדיווידואלית, הבוחנת נסיבותיו של כל מקרה ואדם והמובא לדין.",eval
אילו שיקולים לקולה נלקחו בחשבון ביחס לנאשם בהליך המשפטי?,"שיקולים לקולה: במסגרת השיקולים שמצאתי להניח על כף הזכות ביחס לנאשם, הבאתי בכלל חשבון כי הנאשם יליד 1983 ללא הרשעות קודמות ומבלי שנפתחו לו תיקים נוספים מאז הגשת כתב האישום.",eval
מהו השיקול שיביא בית המשפט בחשבון בעת גזירת העונש?,בית המשפט יביא בחשבון את הצורך בהרתעת הנאשם והרתעת הרבים מפני ביצוע עבירות נוספות (ר' סעיף 40ו לחוק העונשין).,eval
כיצד נבחנת מדיניות הענישה ביחס לנאשמים בעבירות דומות?,"בבחינת מדיניות הענישה הנהוגה על בית המשפט לבחון ענישה שהוטלה על נאשמים במקרים שנסיבותיהם דומות לנסיבות המקרה הנדון, תוך שימת לב להבחנות מתחייבות.",eval
מהו המשקל שיש לייחס לתחושות האימה והפגיעה בביטחון האישי של בעל הנכס?,"יש לייחס משקל נרחב לתחושות האימה, אוזלת יד, הפגיעה בביטחון האישי והפגיעה בפרטיות אותן חש בעל הנכס המגלה אנשים זרים מחטטים בחפציו האישיים בדירתו ונוטלים לעצמם את אשר הם חפצים בו.",eval
"מהו המתחם הכולל שייקבע בעונש, ומהם הנתונים שצריך לקחת בחשבון?","למותר לציין כי המתחם הכולל שייקבע, צריך ליתן ביטוי לרצף המעשים, ריבויים, משכם, תדירותם, לפגיעה שגרמו וליתר הנתונים הרלוונטיים עת קובע בית המשפט את מתחם העונש ההולם.",eval
כיצד מצביעים מעשי הנאשם על הסלמה ברף האלימות כלפי הקרבן?,"מעשיו של הנאשם בגינן הורשע בהליך זה מצביעים על הסלמה משמעותית ברף האלימות שנקט כלפי הקרבן, כאשר המאסר המותנה שהיה תלוי ועומד נגדו כלל לא הרתיעו.",eval
מהו השיקול המרכזי שהשפיע על החלטת בית המשפט לגבי ריצוי המאסרים המותנים של הנאשם?,"נוכח השיקולים לזכות הנאשם, כפי שפירטתי לעיל, בעיקר גילו הצעיר ותמיכתו במשפחתו, אני קובע כי מרבית משך המאסרים המותנים ירוצו בחופף לעונש המאסר שנגזר היום על הנאשם.",eval
מהו העונש המומלץ שיבטא גמול לנאשם על מעשיו לחברה?,גמול ההולם את מכלול נסיבות המעשה והעושה ימצא ביטויו בהשתת עונש שירוצה בעבודות שירות ובדרך זו יגמול הנאשם על מעשיו לחברה.,eval
מה מלמדת התנהלות הנאשם על יחסו לאימת הדין ולחוק?,"התנהלות זו כשלעצמה, מלמדת על העדר מורא מאימת הדין וחוסר הפנמה מצד הנאשם בדבר התנהלותו הפסולה.",eval
מהו העונש המקסימלי שנקבע לעבירה לפי סעיף 7(א) לחוק המאבק בחומרים מסכנים?,"שיקול נוסף לקולא בקביעת המתחם טמון בכך שהעונש המקסימאלי שנקבע לצדה של העבירה לפי סעיף 7(א) לחוק הינו של שלוש שנות מאסר, כאשר מדובר בעבירה מסוג עוון בלבד, וזאת בניגוד לעבירות של החזקת סמים שלא לצריכה עצמית או סחר בסמים מסוכנים, אשר העונש המרבי הקבוע בצדן הוא עשרים שנות מאסר, וכאשר כתב האישום מוגש לבית-משפט השלום, עד שבע שנות מאסר.",eval
כיצד משפיעה נפיצות הסמים הסינתטיים על הערכים המוגנים בחברה?,"מצד אחד, מדובר בסמים מסוג קנובואידים סינתטיים, המכונים בפי כל \חגיגת\"", שאינם נמנים מבין הסמים הקשים כדוגמת הרואין וקוקאין, אך מצד שני נפיצותם בקרב הציבור והקלות היחסית שבה הם מועברים בין בתמורה ובין שלא, פוגעת רבות בכל אותם ערכים מוגנים המפורטים.""",eval
מדוע אין תירוץ לפגיעה בילדים קטנים הזקוקים להגנה?,פגיעה בילדים קטנים הזקוקים להגנה אינה נושאת הצדקה או תירוץ לקשיים ונסיבות החיים של המבצע.,eval
מהן הסיבות המרכזיות לשיקולים לחומרה במקרה של הנאשם?,"שיקולים לחומרה: בבסיס השיקולים לחומרה עומדת חומרת העבירות שביצע הנאשם, הפגיעה הקשה במתלוננת ובמשפחתה והמדיניות המשפטית שתוארה לעיל באשר לענישה בעבירות אלה.",eval
מהו הנימוק שהוביל את בית המשפט להפעיל את המאסרים המותנים במקרה של הנאשם 1?,"בנסיבותיו של הנאשם 1, לא שוכנעתי כי לא יהא זה צודק להפעיל את המאסרים המותנים.",eval
מהי החשיבות של שיקולי שיקום או הגנה על שלום הציבור במתחם הענישה?,"בהינתן מתחם הענישה ההולם, על בית המשפט לתן דעתו האם ראוי לחרוג ממנו לקולה בשל שיקולי שיקום (סעיף 40ד לחוק העונשין) או לחומרה בשל הצורך להגנה על שלום הציבור (סעיף 40ה לחוק העונשין).",eval
כיצד חידד תיקון מס' 113 לחוק העונשין את שיטת הענישה האינדיווידואלית?,"בדרך זו חידד תיקון מס' 113 לחוק העונשין את הצורך בהמשך נקיטת שיטת ענישה אינדיווידואלית, הבוחנת נסיבותיו של כל מקרה ואדם המובא לדין (ע\פ 433/89 אטיאס נ' מדינת ישראל, פ\""ד מג(4) 170; ע\""פ 5106/99 אבו ניג'מה נ' מדינת ישראל, פ\""ד נד(1) 350; רע\""פ 3173/09 פראגין נ' מדינת ישראל (ניתן ביום 5.5.2009)).""",eval
מהו הפוטנציאל השיקומי שנמצא או לא נמצא במקרה זה אשר השפיע על מתחם הענישה?,בנסיבות המקרה שלפניי לא מצאתי כי קיים פוטנציאל שיקום מיוחד המצדיק חריגה ממתחם הענישה לקולא.,eval
מהו העיקרון המנחה בענישה לפי סעיף 40ב לחוק העונשין?,"העיקרון המנחה בענישה נקבע בסעיף 40ב לחוק העונשין, שהוא עקרון ההלימה, שמשמעו יחס הולם בין חומרת המעשה בנסיבותיו ומידת אשמו של הנאשם לבין סוג ומידת העונש שיוטל עליו.",eval
מהי ההלכה בנוגע לקיום הסדרי טיעון במקרים חריגים?,"הלכה היא שככלל יראה בית המשפט לקיים הסדרי טיעון, אלא במקרים חריגים ונדירים בלבד, והדברים מקבלים משנה תוקף בהסדר שהושג בגישור שיפוטי.",eval
מהו עקרון ההלימה כפי שמוגדר בתיקון 113 לחוק העונשין?,"תיקון 113 לחוק העונשין שעניינו \הבניית שיקול הדעת השיפוטי בענישה\"" התווה את עקרון ההלימה כעיקרון מנחה בענישה לפיו נדרש יחס הולם בין חומרת מעשה העבירה בנסיבותיו ומידת אשמתו של הנאשם לבין סוג ומידת העונש המוטל עליו (ס' 40ב לחוק העונשין).""",eval
מהן שלוש ההתחשבויות שעל בית המשפט לקחת בחשבון ליישום עקרון ההלימה?,"על מנת ליישמו, בית משפט יתחשב בשלושת אלה: בערך החברתי שנפגע  מביצוע העבירות ובמידת הפגיעה בו; בנסיבות הקשורות בביצוע העבירות ומידת אשמו של הנאשם; במדיניות הענישה הנהוגה (ע\פ 8641/12 סעד נ' מדינת ישראל (ניתן ביום 5.8.2013).""",eval
מהו העיקרון שהדגיש תיקון מס' 113 לחוק העונשין בנוגע לענישה?,"באופן כללי, תיקן מס' 113 לחוק העונשין חידד את הצורך בהמשך נקיטת שיטת ענישה אינדיווידואלית, הבוחנת נסיבותיו של כל מקרה ואדם המובא לדין.",eval
מדוע יש לסלוד מהפעלת כוח והפחדה לשם פתרון סכסוך?,"הפעלת כוח והפחדה לשם פתרון סכסוך או כדי להתעשר על חשבון האחר שלא כדין תוך נטרול מערכת החוק והמשפט והשלטת אימה והפחדה, הן דרכים שיש לסלוד מהם ולהוקיע אותם.",eval
כיצד השפיע האינטרס הציבורי על ההחלטה בענישה של הנאשם?,נתתי משקל לאינטרס הציבור המבקש לחזות בענישה מרתיעה בנסיבות בהן הורשע הנאשם.,eval
מהו העונש המומלץ לנאשם בהתחשב בנסיבות המקרה?,"בנסיבות אלה, ראוי היה להשית על הנאשם עונש של מאסר בפועל לריצוי בעבודות שירות ולמצער הטלת צו שירות לתועלת הציבור.",eval
מהו השיקול שהנחה את בית המשפט בניכוי שלושה חודשים מתקופת המאסר של הנאשם?,"נוכח תנאי המעצר, שלרוב קשים מתנאי השהייה במאסר, ובפרט התנאים בהם שהה הנאשם כעצור בטחוני, מצאתי להתחשב באופן חלקי בתקופה שבה ריצה את מעצרו במקבל למאסרו, ולנכות מתקופה זו 3 חודשים (90 יום).",eval
באילו מקרים יגבר כלל אי ההתערבות בהסדרי טיעון?,כלל אי-ההתערבות בהסדרי טיעון המוצגים לבית המשפט מקבל משנה תוקף מקום בו השיקול המרכזי להסדר הוא קיומו של קושי ראייתי.,eval
מהי מדיניות הענישה בעבירת גניבה בידי עובד ממעבידו?,"מדיניות הענישה בעבירת גניבה בידי עובד ממעבידו, מתחשבת אם כן, בצורך במאבק בתופעה של שליחת יד בכספים, תוך ניצול אמון המעביד, לנוכח הקלות בביצוע המעשה והקושי לגלותו.",eval
מדוע יש להתייחס לכל אחד מהמקרים על נסיבותיו בקביעת מתחם הענישה לנאשם?,"כל אלה מצדיקים לשיטתי התייחסות מובחנת לכל אחד מהמקרים על נסיבותיו, שבשלו הורשע הנאשם בעבירה של סחיטה באיומים, בדרך של קביעת מתחם ענישה נפרד לכל אירוע.",eval
מדוע לא מצא בית המשפט הצדקה לחרוג ממתחם העונש ההולם במקרה זה?,"לא מצאתי הצדקה לחרוג ממתחם העונש ההולם, כפי קביעתי, בשל שיקולי שיקום, בהעדר המלצה שיקומית מגורם טיפולי או הבעת רצון מצד הנאשם להשתלב במסגרת שיקומית.",eval
מהו הנימוק שהוביל את בית המשפט להחליט שלא לחרוג ממתם העונש ההולם במקרה זה?,"לא מצאתי הצדקה לחרוג ממתם העונש ההולם, בשל שיקולי שיקום.",eval
מדוע יש לתת את הדעת לחלקו של המתלונן בבחינת נסיבות האירוע?,בבחינת מכלול נסיבות האירוע יש לתת את הדעת לחלקו של המתלונן אשר איים לחסל את הנאשם והתקרב אליו במהירות.,eval
כיצד תורמים הנאשמים לחברה בעקבות הפיצוי למתלונן?,בדרך זו יוכל הנאשמים לפצות את המתלונן ולתרום לחברה בכללותה שנפגעה ממעשיו.,eval
כיצד חידד תיקון מס' 113 לחוק העונשין את שיטת הענישה האינדיווידואלית?,"בדרך זו חידד תיקון מס' 113 לחוק העונשין את הצורך בהמשך נקיטת שיטת ענישה אינדיווידואלית, הבוחנת נסיבותיו של כל מקרה ואדם המובא לדין.",eval
מהו העקרון שעל פיו יקבע מתחם הענישה ההולם לפי סעיף 40ג(א) לחוק העונשין?,מתחם הענישה ההולם יקבע בהתאם לעקרון ההלימה כפי שהוגדר בסעיף 40ג(א) לחוק העונשין.,eval
מהו השיקול החשוב שעל השופט לשקול בהתאם להמלצת קצין המבחן?,"השופט, הוא אשר ישים במאזני שיקוליו, כאחד השיקולים החשובים, גם את המלצתו של קצין המבחן.",eval
מהו הקשר בין עבירת השוד לבין הגנה על רכוש ופרטיות?,"השני, ההגנה על הרכוש, הקניין, הפרטיות ושלוות הנפש, שכן עבירת שוד הינה גניבה, בנסיבות מחמירות של אלימות.",eval
מהו העיקרון המנחה לקביעת מתחם העונש ההולם לפי סעיף 40ג לחוק העונשין?,מתחם העונש ההולם יקבע בהתאם לעקרון ההלימות כפי שהוגדר בסעיף 40ג(א) לחוק העונשין.,eval
מהו הערך החברתי המוגן בעבירות סרסרות לזנות והחזקת מקום לשם כך?,"הערכים החברתיים המוגנים בעבירות סרסרות לזנות והחזקת מקום לשם כך הינם פגיעה בכבודן, בגופן ובנפשן של אותן נשים שהועסקו בזנות, תוך ניצול לרעה של מצוקתן לשם בצע כסף והפקת רווחים.",eval
"כיצד משפיעים שיקולי הגמול, השיקום וההרתעה על הענישה המומלצת לנאשמים?","מכל המקובץ, בהביאי בחשבון את שיקולי הגמול, השיקום וההרתעה, ביחס לנאשמים בנסיבותיהם, הסלידה שחשה החברה נוכח מעשיהם והוקעתם הנדרשת, הצורך בהמחשת חומרת מעשיהם, הרתעתם והרתעת הרבים, לצד צרכי שיקומם, סבורני כי יש להטיל על הנאשמים ענישה מוחשית שתרוצה בדרך של עבודות שירות לצד מאסרים מותנים ופיצוי למתלונן.",eval
מהו הצורך בענישה מרתיעה בעבירות הפוגעות בשלום הציבור וברכושו?,"מכאן, קיים צורך בענישה מרתיעה שיש בה משום ביטוי למדיניות שיפוטית ששוב אינה מוכנה להשלים עם פגיעה קשה ומתמשכת בשלום הציבור וברכושו.",eval
מהו השיקול שהובא לזכות הנאשם בהקשר לגילו ולעברו הנקי?,"לזכות הנאשם הבאתי בחשבון את גילו הצעיר, עברו הנקי, הודאתו במיוחס לו בכתב האישום שתוקן לקולא, קבלת האחריות על מעשיו, הבעת הצער ושאיפותיו לקיים אורח חיים נורמטיבי, הכולל לימודים גבוהים והשתלבות במעגל העבודה.",eval
מהו ההליך המבוקר שגזר בית המשפט על הנאשמות לשימור הנתיב השיקומי?,"לצורך מימוש ושימור הנתיב השיקומי והטיפולי, מצאתי לגזור עליהן רכיבי ענישה באופן שייווצר הליך מבוקר ומתמשך במסגרתו תועמד כל אחת מהנאשמות בפיקוח שיקומי ושיפוטי.",eval
מהי השפעת האיום על שלוות נפשו וחירותו של המתלונן במקרה זה?,"הנאשם פגע אם כן בערכים החברתיים של שלוות נפשו של המאוים, בחירותו ובחופש הבחירה שלו, עד כי המתלונן נאלץ לפנות למשטרה ולהתלונן על הנאשם, מרשו, וזאת לראשונה בחייו בסיטואציה כזו, כפי שמסר בעדותו.",eval
מהו הצורך בהרתעה במקרה של נאשם עם עבר פלילי בעבירות אלימות?,"מצאתי לתן משקל לצורך בהרתעת הנאשם, אשר ביצע את העבירות, על אף עונש מאסר מותנה, שהיה קיים נגדו; ולהרתעת הרבים נוכח נפיצותן וקלות ביצוען הרבה של העבירות.",eval
מהו סוג העונש המתאים לנאשמים שראוי לצמצם בעבורם את נזקי המאסר?,"סוג עונש זה תואם את עניינם של נאשמים אשר ראוי לצמצם בעבורם את נזקי המאסר הממשי, אגב הליך הענישה, תוך בחינת שיקומם והעמדת תרומה מטעמם לחברה שנפגעה ממעשיהם.",eval
מדוע בית המשפט אינו כפוף להמלצות שרות המבחן בענישה?,"בית המשפט אינו כפוף להמלצות שרות המבחן בהיותו אמון על שקילת מכלול האינטרסים בענישה וסברתי כי נסיבות המעשים לבדן מקשות על אימוץ המלצותיו (ראו: ע\פ 4833/07 אבו פנה נ' מדינת ישראל, מיום 25.9.2007).""",eval
אילו ערכים חברתיים מוגנים בעבירת ירי מנשק חם באזור מגורים?,הערכים החברתיים המוגנים בעבירת ירי מנשק חם באזור מגורים הם שמירה על בטחונו של הציבור וכן שמירה על שלמות גופו ורכושו של אדם ומניעת פגיעה משמעותית בהם כתוצאה משימוש בנשק חם.,eval
מהי המסקנה המשפטית הנובעת מהתנהגותו הפלילית של הנאשם ביחס ליסודות עבירת התנאי?,"משכך, היות והתנהגותו הפלילית של הנאשם שבעטיה הורשע, מקיימת, הלכה למעשה ובאורח מהותי, את יסודות עבירת התנאי, הרי שהמסקנה היא שיש להפעיל את התנאי, גם אם אין מדובר בזהות טכנית בין העבירות על פי מספרי סעיפי העבירות שבספר החוקים.",eval
כיצד השפיעו שיקולי הרתעה על קביעת העונש לנאשם?,"אי-לכך, מכלול השיקולים, לרבות שיקולי הרתעת הנאשם ואחרים כמותו מפני ביצוע עבירות נוספות (ר' סעיפים 40ו ו-40ז לחוק העונשין), ינחוני בקביעת העונש המתאים לנאשם בגדר מתחם הענישה.",eval
מהו מתחם העונש ההולם שנקבע לעבירות שביצע הנאשם?,"מכל המקובץ סבורני כי מתחם העונש ההולם לעבירות שבוצעו על ידי הנאשם, בנסיבות המפורטות, נע בין חודשיים מאסר בפועל שיכול וירוצו בעבודות שירות לבין 8 חודשי מאסר בפועל, לצד רכיבי ענישה מרתיעים וכלכליים.",eval
כיצד יש להבחין בין מדרגי ביניים של חומרה בביצוע עבירת הצתה?,"בבחינת מידת הפגיעה בערכים המוגנים בביצוע עבירת הצתה יש להבחין בין מדרגי ביניים של חומרה, תוך הבחנה בין \הצתה של נכס בנסיבות שאין לחשוש כי ההצתה תתפשט לרכוש אחר; הצתה של נכס שעלולה להתפשט ולפגוע ברכוש אחר; הצתה של נכס שיש בה פוטנציאל לפגיעה בגוף ובנפש; הצתה של נכס בנוכחותו הקרובה והמידית של אדם, מה שמגביר את פוטנציאל הפגיעה בגוף ובנפש; הצתה שגרמה בפועל לפגיעה בגוף ובנפש על אף שהמצית לא התכוון לכך (מחשבה פלילית של פזיזות); והצתה בכוונה לפגוע בגוף ובנפש ... מובן כי בתוך מדרגי ביניים אלה יש להבחין בין נסיבות שונות לחומרה או לקולה, כמו ערך הרכוש שהוצת או מספר האנשים שעמדו תחת סיכון של פגיעה\"".""",eval
כיצד משפיע עברו הפלילי של הנאשם על ההחלטה בעניינו ומהי מסקנת בית המשפט?,"נמצא אם כן שהאירוע נשוא ההליך דנן אינו חד פעמי או חריג מבחינת הנאשם ואף עונשי מאסר בפועל, שהוטלו עליו בעבר ועונשי מאסר מותנה והתחייבות כספית ברי הפעלה, התלויים עומדים כנגדו לא הרתיעו אותו ולא מנעו מבעדו מלשוב ולבצע את העבירה בגינה הועמד לדין.",eval
מדוע החזקת נשק ללא היתר נחשבת לסכנה ממשית לציבור?,"החזקת נשק ללא היתר, טומנת בחובה סכנה ממשית שכן כאשר נשק, שהינו חפץ מסוכן, מגיע לידיים לא אחראיות, הוא יכול לגרום נזק רציני לאדם ולרכוש עד כדי קיפוח חיי אדם וכן עלול להסלים אלימות ולהביא לפגיעה בציבור תמים.",eval
מהן הנסיבות האישיות שיש לקחת בחשבון בעת גזירת העונש?,בגזירת העונש המתאים לנאשם שלפניי יש מקום להתחשב בנסיבותיו האישיות שאינן קשורות בביצוע העבירה (סע' 40יא לחוק העונשין).,eval
מהי המשמעות של התיבה 'אירוע אחד' בהקשר לעבירות פליליות?,התיבה 'אירוע אחד' רחבה דיה כדי לכלול גם פעולות עברייניות שבוצעו על פני רצף זמן; כללו מעשים שונים; ביחס לקורבנות שונים; ובמקומות שונים. הכל – כל עוד הם מהווים מסכת עבריינית אחת,eval
מהו האלמנט המחמיר בעבירת האיומים כלפי בת זוג?,"אמנם מטיבה עבירת האיומים אינה פוגעת פיזית בקורבנה, אך עבירת האיום כלפי בת זוג טומנת בחובה אלמנט מחמיר של אימה והשפלה שדורש ענישה מרתיעה.",eval
באילו נסיבות יכול בית המשפט להימנע מהרשעת נאשם?,"ביהמ\ש משתמש בסמכותו, שלא להרשיע נאשם, בנסיבות יוצאות דופן בהן אין יחס סביר בין הנזק הצפוי מן ההרשעה, לבין חומרתה של העבירה.""",eval
מה המליץ שירות המבחן בנוגע לענישה של הנאשם?,שירות המבחן המליץ להשית על הנאשם ענישה קונקרטית על מנת שתציב בפניו גבולות חיצוניים ברורים.,eval
מהו הנזק הפוטנציאלי שעלול להיגרם מהשימוש בסם על ידי הנאשם ואחרים?,"בבחינת הנזק שנגרם מביצוע העבירה, יש להביא בכלל חשבון את הנזק הפוטנציאלי שעלול היה להיגרם לנאשם ולציבור בכללותו ככל שהיה נעשה שימוש בסם על ידי הנאשם ואחרים.",eval
מהן הנסיבות האישיות שיש להביא בחשבון בגזירת העונש?,"בגזירת העונש המתאים לנאשם, בהתאם להוראות סעיף 40יא לחוק העונשין, יובאו בכלל חשבון נסיבותיו האישיות, שאינן קשורות בביצוע העבירה.",eval
"מדוע יש להימנע מהפיכת האיום לכלי לפתרון סכסוכים, במיוחד בין בני זוג?","אין לאפשר מצב בו איום הופך להיות כלי או אמצעי לפתרון סכסוך כזה או אחר, בפרט סכסוך בין בני זוג וקיים חשש שאיום כאמור יהפוך לפגיעה פיסית של ממש לאור חומרת הדברים שנשמעו המהווים חשש אמיתי ומוחשי.",eval
מהו הגורם הממתן בקביעת מתחם הענישה לעבירה לפי חוק חדש יחסית?,"הנה כי כן, היות ומדובר בחוק חדש יחסית, אשר יתכן ובמועד הרלוונטי, בעת ביצוע העבירה, טרם נטמע דיו בקרב הציבור, הרי שהדבר מהווה גורם ממתן, בקביעת מתחם הענישה למעשה העבירה שביצע הנאשם.",eval
מדוע יש צורך בהטלת ענישה מרתיעה במקרה של אלימות כלפי פעוטות?,הקושי בחשיפת מעשי האלימות בקרב פעוטות מפעיל צורך חיוני בהטלת ענישה מרתיעה למניעת הישנות מקרים דומים.,eval
מהו תפקיד הדיווח בחוק איסור הלבנת הון לפי דברי המשנה לנשיא מ' חשין?,"כפי שכתב המשנה לנשיא מ' חשין בפ\ד שם טוב: \""טול מחוק איסור הלבנה את חובת הדיווח, ונטלת ממנו את נשמתו. .. ידענו כי דיווח הוא מאושיותיו של חוק איסור ההלבנה, כי בלעדיו לא ייכון החוק, כי הוא תשתית ליכולתן של הרשויות ללחום בפשיעה הגדולה, לכוחן של רשויות לנסות ולמגר את עבריינות הלבנת ההון.""",eval
כיצד משפיעה החומרה של העבירה על היכולת להימנע מהרשעה?,הימנעות מן הרשעה הופכת לקשה יותר ככל שהעבירות בהן עסקינן חמורות יותר.,eval
מהו עקרון ההלימה וכיצד הוא מתייחס לקביעת העונש בהתאם לחוק העונשין?,"תיקון 113 לחוק העונשין שעניינו \הבניית שיקול הדעת השיפוטי בענישה\"" התווה את עקרון ההלימה כעיקרון מנחה בענישה לפיו נדרש יחס הולם בין חומרת מעשה העבירה בנסיבותיו ומידת אשמתו של הנאשם לבין סוג ומידת העונש המוטל עליו (ס' 40ב לחוק העונשין).""",eval
כיצד חידד תיקון 113 לחוק העונשין את הצורך בשיטת ענישה אינדיווידואלית?,"בדרך זו חידד תיקון 113 לחוק העונשין את הצורך בהמשך נקיטת שיטת ענישה אינדיווידואלית, הבוחנת נסיבותיו של כל מקרה ואדם והמובא לדין.",eval
מהו ההבדל בין כניסות לישראל שלא כדין לפני אירועי מלחמה לבין כניסות באירועי מלחמה?,כניסות לישראל שלא כדין לפני אירועי המלחמה נחשבות לפחות חמורות מאשר כניסות באירועי מלחמה והמתחמים נקבעים בהתאם.,eval
מדוע חשובה שקיפות הסקטור הפיננסי במניעת הלבנת הון?,"חשיבות האמור ברורה לשם הבטחת שקיפות וכדי למנוע פעילות אסורה, בפרט בשים לב לכך שעל פי הוראות חוק איסור הלבנת הון והצווים מכוחו מוטל על הסקטור הפיננסי תפקיד אקטיבי כ\שומר סף\"" על מנת להקשות על מלביני הון להטמיע כספים במערכת הפיננסית ולנצלה, ולהקל על גילוין של עבירות.""",eval
כיצד משפיעה היעדר לקיחת אחריות מצד הנאשמות על הענישה המוטלת עליהן?,היעדר לקיחת אחריות מצד הנאשמות והיעדר רצון לשקם את אורחות חייהן מחייבים הענישה על פי מתחמי הענישה שנקבעו.,eval
מדוע לא מצא בית המשפט הצדקה לחרוג ממתחם הענישה ההולם במקרה זה?,"לא מצאתי הצדקה לחרוג ממתחם הענישה ההולם, בשל שיקולי שיקום, בהעדר טענה או אינדיקציה כלשהי להליך שיקום מצד הנאשם.",eval
מהו העיקרון שמדגיש תיקון 113 לחוק העונשין בנוגע לענישה אינדיווידואלית?,"בדרך זו חידד תיקון 113 לחוק העונשין את הצורך בנקיטת שיטת ענישה אינדיווידואלית, הבוחנת נסיבותיו של כל מקרה ואדם המובא לדין (ע\פ 433/89 אטיאס נ' מדינת ישראל, פ\""ד מג(4) 170; ע\""פ 5106/99 אבו ניג'מה נ' מדינת ישראל, פ\""ד נד(1) 350; רע\""פ 3173/09 פראגין נ' מדינת ישראל (ניתן ביום 5.5.2009).""",eval
מהי המדיניות המומלצת כלפי ביצוע עבירות החזקת נשק שלא כדין?,"בהתאם לכך ולנוכח ריבוי מקרי הירי, יש לנקוט במדיניות ענישה מחמירה כלפי ביצוע עבירות החזקת נשק שלא כדין, ועל אחת כמה וכמה שימוש בנשק חם ופציעתם של קורבנות שונים עקב כך.",eval
מדוע לא ניתן לקבל את בקשת סיפור כספי החילוט שיוקזו על הקנס?,"אין לקבל את בקשת סיפור כספי החילוט שיוקזו על הקנס, שכן מהות החילוט והקנס שונה; קנס הינו עונש, בעוד חילוט הוא אמצעי ל\הוצאת בלעו של גזלן מפיו\"".""",eval
מהו העיקרון שעל פיו ייקבע מתחם העונש במקרה זה?,מתחם העונש ההולם ייקבע בהתאם לעקרון ההלימה כפי שהוגדר בסעיף 40ג(א) לחוק העונשין.,eval
מהו השיקול המרכזי שהשפיע על ההחלטה להקל בעונש הנאשם?,"בנסיבותיו של הנאשם מצאתי לתן משקל נכבד להליך הטיפולי שיקומי שהחל ולשינויים שחלו אצלו במהלך המשפט, עת הפנים את הפסול שבמעשיו, לקח אחריות, הביע חרטה וניאות להשתלב במסגרת טיפולית לשינוי אורחות חייו, על אך שבתחילה שלל נזקקות טיפולית.",eval
מהו העיקרון שנקבע בתיקון מס' 113 לחוק העונשין לגבי ענישה אינדיווידואלית?,"בדרך זו חידד תיקון מס' 113 לחוק העונשין את הצורך בהמשך נקיטת שיטת ענישה אינדיווידואלית, הבוחנת נסיבותיו של כל מקרה ואדם המובא לדין (ע\פ 433/89 אטיאס נ' מדינת ישראל, פ\""ד מג(4) 170; ע\""פ 5106/99 אבו ניג'מה נ' מדינת ישראל,פ\""ד נד(1) 350; רע\""פ 3173/09 פראגין נ' מדינת ישראל (ניתן ביום 5.5.2009)).""",eval
מהו העיקרון שהדגיש תיקון מס' 113 לחוק העונשין?,"דרך זו חידד תיקון מס' 113 לחוק העונשין את הצורך בהמשך נקיטת שיטת ענישה אינדיווידואלית, הבוחנת נסיבותיו של כל מקרה ואדם המובא לדין.",eval
מהי הסיבה לחומרה שבעבירה של החזקת סכין ללא שימוש בפועל?,"החומרה שבעבירה אשר עניינה החזקה של סכין, אף ללא שימוש בה בפועל, נובעת מהצורך למנוע החזקה של נשק אשר יכול להביא לאסון במקרים של מחלוקות, קטנות כגדולות.",eval
מדוע יש להחמיר בעונש כאשר השימוש בנשק גורר פגיעה בגוף ובנפש?,"הצורך במדיניות ענישה מחמירה נחוץ במיוחד כאשר השימוש בנשק גורר פגיעה בגוף ובנפש, וכאשר מבצעי העבירות אינם מוסרים את כלי הנשק לידי רשויות החוק – ובכך מוסיפים לפגוע בביטחון הציבור וקיים חשש תמידי לשימוש עברייני חוזר בנשק זה, כמו גם להגעתו של נשק זה לגורמים עוינים ובכללם גורמי טרור.",eval
מדוע יש צורך בענישה משמעותית בעבור העבירות החמורות שביצע הנאשם?,"העבירות החמורות שביצע הנאשם, כל אחת לחוד ובעיקר שילובן זו בזו, מחייבות נקיטת ענישה משמעותית שיהא בה כדי לגמול לנאשם על מעשיו ולהרתיעו, כמו גם עבריינים כמותו, מלשוב ולבצע עבירות דומות בעתיד.",eval
אילו שיקולים משפיעים על קביעת העונש המתאים בגדר מתחם הענישה?,"אי-לכך, מכלול השיקולים, לרבות שיקולי הרתעת הנאשם ואחרים כמותו ינחוני בקביעת העונש המתאים בגדר מתחם הענישה (סע' 40ו ו-40ז לחוק העונשין).",eval
"מהו המצב הנפשי של הנאשם ביחס להודאתו ולמעשיו, כפי שמתואר בפסק הדין?","הנאשם לקח אחריות על מעשיו והודה במיוחס לו, אך דומה כי לא הפנים את חומרתם ונטה למזערה.",eval
מהו העיקרון שהדגיש תיקון מס' 113 לחוק העונשין בנוגע לענישה?,"בדרך זו חידד תיקון מס' 113 לחוק העונשין את הצורך בהמשך נקיטת שיטת ענישה אינדיווידואלית, הבוחנת נסיבותיו של כל מקרה ואדם המובא לדין [ע\פ 433/89 אטיאס נ' מדינת ישראל, פ\""ד מג(4) 170; ע\""פ 5106/99 אבו ניג'מה נ' מדינת ישראל, פ\""ד נד(1) 350; רע\""פ 3173/09 פראגין נ' מדינת ישראל (ניתן ביום 5.5.2009)].""",eval
מהי הסיבה לכך שחומרת העבירות לא מצדיקה חריגה לקולא ממתחם העונש ההולם?,"בנסיבות אלה, חומרת העבירות שביצע בנסיבותיהן לא מצדיקה חריגה לקולא ממתחם העונש ההולם (סעיף 40ד(ב) לחוק העונשין).",eval
"מהו מתחם העונש ההולם במקרה דנן, בהתאם לפסיקה ונסיבות?","בהתאם לפסיקה ונסיבות, מתחם העונש ההולם במקרה דנן נע בין 19 ל-25 שנות מאסר.",eval
כיצד השפיעו מעשי הנאשם על המרקם המשפחתי של הקטינה?,"מעשי הנאשם גרמו אף נזק למרקם המשפחתי, הגם שיש להכיר בעמדת אימה של הקטינה שלא להעמיד את בתה במצב של התמודדות מחודשת עם הפגיעה.",eval
מהם הערכים החברתיים שנפגעים בביצוע עבירת איומים ומהו העונש המרבי שנקבע עבורה?,"הערכים החברתיים שנפגעים בביצוע עבירת איומים, לצדה קבע המחוקק עונש מרבי של שלוש שנות מאסר, הינם שלום הציבור, שלוות נפשו, ביטחונו, חירות פעולתו וחופש בחירתו של כל פרט.",eval
מהן הסיבות להקל בעונשו של הנאשם במקרה זה?,"הבדלים אלה, לטעמי, מצדיקים הקלה מסוימת בעונשו של הנאשם.",eval
מהי הסיבה להימנע ממתיחת מלוא שורת הדין כלפי הנאשם במקרה זה?,"בסופו של יום, ולא בלב קל, מצאתי להימנע ממתיחת מלוא שורת הדין למול הנאשם ולהשיג את מטרות הענישה באמצעות השתת רכיבי גמול בדרך של ביצוע עבודות שירות ופיצוי משמעותי למתלוננת לצד עונש הרתעתי בדרך של מאסרים מותנים והתחייבות כספית.",eval
מהי התמונה הכללית לגבי פוטנציאל השיקום של הנאשם לפי הערכת שירות המבחן?,"הערכת שירות המבחן ומעריכות המסוכנות מעידה כי קיים פוטנציאל חיובי בשיקום הנאשם, אולם התמונה היא מורכבת וכוללת קשיים ביחס להשלמת הבדיקות והטיפול.",eval
מהן שלושת השלביים במלאכת גזירת הדין לפי חוק העונשין?,"מלאכת גזירת הדין מורכבת משלושה שלבים עיקריים: תחילה, אקבע את מתחם העונש ההולם למעשי העבירות שביצע הנאשם, על בסיס שיקולים נורמטיביים ואובייקטיבים, בהתחשב בערך החברתי שנפגע מביצוע העבירות, במידת הפגיעה בערך זה, במדיניות הענישה הנהוגה ובנסיבות הקשורות בביצוע העבירות כמפורט בסעיף 40ט לחוק העונשין (סעיף 40ג לחוק העונשין); לאחר מכן, אבחן האם ראוי לחרוג מן המתחם לקולא בשל שיקולי שיקום (סעיף 40ד לחוק העונשין) או לחומרה בשל שיקולי הגנה על שלום הציבור (סעיף 40ה לחוק העונשין); לבסוף, אקבע את העונש המתאים לנאשם, בהתחשב בצורך בהרתעת הנאשם והרבים (סעיפים 40ו ו-40ז לחוק העונשין) ובנסיבותיו האישיות של הנאשם שאינן קשורות בביצוע העבירות (סעיפים 40יא ו-40יב לחוק העונשין) [ראו: ע\פ 2918/13 דבס נ' מדינת ישראל (ניתן ביום 18.7.2013); ע\""פ 1903/13 עיאשה נ' מדינת ישראל (ניתן ביום 14.7.2013); ע\""פ 1323/13 חסן נ' מדינת ישראל (ניתן ביום 5.6.2013)].""",eval
כיצד השפיעה עמדת התביעה המתונה על גזר הדין של הנאשם?,"נוכח עמדת התביעה המתונה ולאור הנסיבות האישיות של הנאשם, על אף שההגנה מסיבותיה בחרה שלא להציג לפני בית המשפט ראיות לביסוס טענות הנאשם ביחס לחוליו ועוניו, הרי שבגדר תפירת חליפתו העונשית של הנאשם כמידתו המדויקת, גמול ההולם את מכלול נסיבות המעשה והעושה ימצא ביטויו, בנסיבות אלה, בהטלת קנס כספי.",eval
מדוע יש לקבוע מתחם ענישה הולם לאירוע כולו בנסיבות ביצועו?,"בענייננו אין מחלוקת כי המדובר במסכת עבריינית אחת, לכן אקבע מתחם ענישה הולם לאירוע כולו, בנסיבות ביצועו, ואגזור את דינו של הנאשם כעונש כולל בהתחשב בעבירות בהן הורשע.",eval
אילו ערכים חברתיים נפגעים בעבירה של התפרצות לבניין שאינו מקום מגורים?,"הערכים החברתיים שנפגעים מביצוע עבירה של התפרצות לבנין שאינו מקום מגורים הם שמירה על שלום הציבור, תחושת הביטחון, שלוות הנפש, הגנה על רכושו, ביטחונו ופרטיותו.",eval
מהי החשיבות של חומרה יתרה לעבירות המבוצעות בד' אמותיו של התא המשפחתי?,נקבע לא אחת כי יש לשוות חומרה יתרה לעבירות המבוצעות בד' אמותיו של התא המשפחתי ועבירת אלימות במשפחה צריכה לקבל מענה מוחשי.,eval
מהי הסיבה לכך שלא נמצא פוטנציאל שיקום המאפשר חריגה ממתחם הענישה לקולא?,"בנסיבות המקרה דנא, לא מצאתי כי קיים פוטנציאל שיקום מיוחד המצדיק חריגה ממתחם הענישה לקולא, לאור האמור בתסקיר שירות המבחן (כפי שארחיב בהמשך).",eval
מהו היחס הנדרש בין חומרת העבירה למידת אשמו של הנאשם בהתאם לתיקון 113 לחוק העונשין?,"בהתאם לתיקון 113 לחוק העונשין, נדרש יחס הולם בין חומרת מעשי העבירה בנסיבותיה ומידת אשמו של נאשם לבין סוג ומידת העונש המוטל עליו.",eval
מהן הסיבות לחומרה שנקבעו בגין העבירות בהן הורשעה הנאשמת?,"בבסיס השיקולים לחומרה עומדת המדיניות המשפטית בעבירות בהן הורשעה הנאשמת, ריבוי העבירות, ריבוי הקרבנות, האלימות הרבה שהפגינה כלפי בן זוגה ושוטר והצורך להרתיעה ואחרים כמותה.",eval
מדוע לא מצא בית המשפט לחרוג ממתחם העונש ההולם במקרה זה?,"בענייננו, לא מצאתי לחרוג ממתחם העונש ההולם, כפי קביעתי, בשל שיקולי שיקום, בהעדר המלצה ובהעדר נכונות מצד הנאשם להשתלב במסגרת טיפולית בחסות שירות המבחן (סע' 40ד(ב) לחוק העונשין).",eval
מדוע יש להחשיב את הנזק הפוטנציאלי ממעשיו של הנאשם כחמור?,"יתרה על כן, הנזק הפוטנציאלי שהיה עלול להיגרם ממעשיו האלימים של הנאשם הן למתלונן והן לאחרים הוא חמור ואין להקל ראש בכך.",eval
אילו גורמים תרמו לניצול הנאשם את הקטינה במהלך הפגיעות?,"הנאשם ניצל את גילה הצעיר של הקטינה בעת הפגיעות; פרק הזמן ששהתה עמו ביחידות, האמון שנתנו לנאשם בני המשפחה שהותירו אותו יחד איתה; זמינותה למימוש יצריו המיניים, ופער משמעותי של 50 שנה בינו לבין נכדתו.",eval
מהו עקרון ההלימה ומה תפקידו בהבניית שיקול הדעת השיפוטי בענישה?,"תיקון 113 לחוק העונשין שעניינו \הבניית שיקול הדעת השיפוטי בענישה\"" התווה את עקרון ההלימה כעיקרון מנחה בענישה לפיו נדרש יחס הולם בין חומרת מעשה העבירה בנסיבותיו ומידת אשמו של הנאשם לבין סוג ומידת העונש המוטל עליו (ס' 40ב לחוק העונשין).""",eval
כיצד ימצא הגמול ביטויו בעונש המוטל על הנאשם?,"גמול ההולם את מכלול נסיבות המעשה והעושה ימצא ביטויו בביצוע עבודות לתועלת הציבור, במכסה גדולה מהמלצת שירות המבחן.",eval
מהו השיקול שהשפיע על ההחלטה בענישת הנאשם?,"הבאתי בכלל חשבון את נסיבותיו האישיות, גילו ומצבו הבריאותי של הנאשם ונתתי את דעתי לתוצאות הענישה עליו.",eval
"מהי מידת הפגיעה בערכים החברתיים במקרה זה, בהתחשב בנסיבות האירוע?","מידת הפגיעה בערכים אלה במקרה דנא, הינה משמעותית, נוכח התמשכותו של אירוע האלימות ועוצמתו, חלקו בציבור וחלקו לנגד עיני ילדיהם הקטינים, ולאור ההשפלה, הכאב, החבלות והסימנים שנגרמו למתלוננת.",eval
מהו היחס הנדרש בין חומרת העבירות ומידת אשמו של הנאשם לבין סוג העונש המוטל עליו בהתאם לתיקון 113 לחוק העונשין?,"בהתאם לתיקון 113 לחוק העונשין, נדרש יחס הולם בין חומרת מעשי העבירות בנסיבותיהם ומידת אשמו של נאשם לבין סוג ומידת העונש המוטל עליו.",eval
מהי החומרה היתירה הנעוצה בעבירה זו כאשר היא נעברה על רקע עניין פעוט?,לא אחת עמד בית המשפט העליון על החומרה היתירה הנעוצה בעבירה זו ובמיוחד בעת נעברה על רקע עניין פעוט של מה בכך ועל הצורך בענישה ממשית ומתריעה.,eval
כיצד תורמת הענישה הכלכלית להרתעה של עבריינים בעבירות סמים?,"ענישה כלכלית מחמירה תורמת להרתעה של העבריין הספציפי ולהרתעת הרבים, והיא מהווה את תשובת המשקל ההולמת לעבירות כגון דא.",test
מהו הכלל הקבוע בסעיף 58 לחוק העונשין בנוגע לעונש מאסר מצטבר?,"לא מצאתי טעם לסטות מהכלל הקבוע בסעיף 58 לחוק העונשין לפיו מי שהוטל עליו עונש מאסר בשל עבירה נוספת והופעל נגדו עונש המאסר על תנאי, יישא את שתי תקופות המאסר במצטבר, בזו אחר זו.",test
מהו תפקידו של בית המשפט בבחינת שיקולי הענישה בהסדר טיעון?,"בית המשפט איננו פטור מלבחון בעצמו את שיקולי הענישה הנדרשים, אך גם לא ימהר להתערב בעונש שהוסכם בין הצדדים, לבטח כאשר מדובר ב\הסדר סגור\"", אשר אינו קובע מתחם מסוים אלא עונש מוגדר וקונקרטי.""",test
"מהי ההלכה המושרשת לגבי הגדרת \נשק\"" בהקשר של חפצים לא אלימים?""","הלכה מושרשת היא, כי \נשק\"" אינו רק כלי שיועד מלכתחילה להוות \""נשק\"" וכי גם כלי או חפץ שנוצר לשימוש תמים ולא יועד לשמש למטרה אלימה, עשוי להיחשב כ\""נשק\"" אם בפועל נעשה בו שימוש ככזה (ראו: ע\""פ 371/08 מדינת ישראל נ' דסטה ביטאו (ניתן ביום 27.10.2008).""",test
"כיצד משפיעים שיקולי הגמול, השיקום וההרתעה על הענישה המומלצת לנאשם?","בהביאי בכלל חשבון את שיקולי הגמול, השיקום וההרתעה, ביחס לנאשם בנסיבותיו - הסלידה שחשה החברה נוכח מעשיו והוקעתם הנדרשת, הצורך בהמחשת חומרת מעשיו, הרתעתו והרתעת עבריינים כמותו, לצד צרכיי שיקומו, הרי שבגדר תפירת חליפתו העונשית, סבורני כי יש להטיל על הנאשם ענישה מוחשית שתרוצה בדרך של עבודות שירות לצד מאסרים מותנים, פסילת רישיון נהיגה מותנית (בשים לב להפסקת השימוש בסמים), צו מבחן וקנס כספי.",test
מהי הסיבה לכך שלא נמצא שיקול לחריגה לקולא בעניינו של הנאשם?,"בענייננו, לא מצאתי עילה לחריגה לקולא ממתחם העונש ההולם, בשל שיקולי שיקום.",test
מהו השיקול המרכזי לחומרה בענישה של הנאשם?,בבסיס השיקולים לחומרה עומדת חומרת העבירה שביצע הנאשם והמדיניות המשפטית בענישה בעבירה זו.,test
מהי חומרת העבירות והשפעתה על השיקולים לחומרה בענישה?,"שיקולים לחומרה: בבסיס השיקולים לחומרה ניצבת חומרת העבירות שביצעו הנאשמים, הצורך להגן על הערכים החברתיים שנפגעו מביצוען והמדיניות המשפטית בענישה בעבירות אלה.",test
מהו הקשר בין גובה הקנס לבין יתר רכיבי הענישה והנסיבות הרלבנטיות?,"כאמור השתת קנס אינה נעשית בחלל ריק, ויש ליתן את הדעת ליחס שבין הקנס לבין יתר רכיבי הענישה ולנסיבות הרלבנטיות.",test
מהו הערך החברתי שנפגע בביצוע עבירת החזקת הסמים לצריכה עצמית?,בביצוע עבירת החזקת הסמים לצריכה עצמית פגע הנאשם בערך חברתי של הגנה על שלום הציבור מפני פגיעתם הקשה של סמים מסוכנים.,test
כיצד קובע בית המשפט את העונש בהתאם לעקרון ההלימה?,"בהתאם לעקרון ההלימה, בית המשפט קובע את העונש בגדרי מתחמי הענישה, תוך שקלול כל השיקולים שנקבעו לפניה.",test
מהן הנסיבות האישיות שיש להתחשב בהן בעת גזירת העונש לנאשם?,"בגזירת העונש המתאים לנאשם שמלפניי וכמצוות סעיף 40יא לחוק העונשין, יש מקום להתחשב בנסיבותיו האישיות, אשר אינן קשורות בביצוע העבירות.",test
מהי החשיבות של שיקולי שיקום והגנה על שלום הציבור בבחינת מתחם הענישה?,"בהתאם לסעיפים 40ד ו-40ה לחוק העונשין, על בית המשפט לבחון האם ראוי לחרוג מן המתחם לקולא בשל שיקולי שיקום או לחומרא בשל הצורך להגנה על שלום הציבור (סעיף 40ה לחוק העונשין).",test
מהו המשקל שיש לתת לאינטרס הציבורי בעבירות אלימות בעת קביעת הענישה?,"בבוא בית המשפט לשקול את הענישה בעבירות מסוג זה, עליו לתת משקל נכבד יותר לאינטרס הציבורי ולצורך בהרתעת עבריינים בכוח מלבצע עבירות דומות, על פני הנסיבות האישיות של העבריין (ראו לדוגמא: רע\פ 2718/04 אבו דאחל נ' מדינת ישראל (ניתן ביום 29.3.2004); ע\""פ 5066/98 מדינת ישראל נ' ניעמן דחלה ואח', תק-על 99(3), 1574).""",test
מהו היחס הנדרש בין חומרת העבירה למידת אשמו של הנאשם לפי תיקון 113 לחוק העונשין?,בהתאם לתיקון 113 לחוק העונשין נדרש יחס הולם בין חומרת מעשה העבירה בנסיבותיו ומידת אשמו של הנאשם לבין סוג ומידת העונש המוטל עליו.,test
מהו מתחם העונש ההולם שנקבע לעבירות שביצע הנאשם?,"מכל המקובץ, בהתחשב בערכים החברתיים שנפגעו מביצוע העבירות, במידת הפגיעה בהם, במדיניות הענישה הנהוגה, בנסיבות הקשורות בביצוע העבירות והיחס ההולם בין חומרת מעשי העבירות בנסיבותיהם ומידת אשמו של הנאשם ובין סוג ומידת העונש שיש להטיל עליו, סבורני כי מתחם העונש ההולם לעבירות שבוצעו על ידי הנאשם נע בין עונש מאסר קצר שיכול וירוצה בעבודות שירות ועד ל-12 חודשי מאסר בפועל, מאסרים מותנים וענישה כלכלית בדמות קנס ופיצוי.",test
מהו הצורך בהרתעת הנאשם ואחרים מפני ביצוע עבירות אלימות במשפחה?,"הבאתי בחשבון את הצורך בהרתעת הנאשם ואחרים כמותו מפני ביצוע עבירות אלימות במשפחה, בשל חומרתן והקושי לגלותן.",test
כיצד משפיעה חומרת מעשיו של הנאשם על גזר הדין המומלץ?,"חומרת מעשיו של הנאשם והפגיעה הרעה בעבירות הסמים מחייבים גמול עונשי ראוי, אולם ראוי לשלב זאת עם שיקולי שיקום המונעים הוראה עונשית חמורה מדי כעת.",test
מהי משמעות הפגיעה בערכים המוגנים כאשר העבירה בוצעה בצוותא חדא?,"מידת הפגיעה של הנאשם בערכים המוגנים מקבלת משנה תוקף נוכח ביצוע העבירה יחד עם אחר, בצוותא חדא, שעה שהגיע לעיר אילת ממקום מגוריו מרכז הארץ מתוך מטרה לבצע עבירות רכוש יום לאחר יום.",test
כיצד הוגבלה חירותו של המוכר בהחלטתו למכור את קניינו?,"המוכר עשה פעולה של העברת רכוש, במצב בו חופש השיקול וההכרעה שלו הוגבלו בצורה ניכרת בהיותו תחת השפעה של טעות, ובכך נפגעה חירותו לבחור באופן חופשי ושקול האם ולמי למכור את קניינו.",test
מהו המסר המועבר לעבריינים הפוגעים בקטינים בעונש המוטל עליהם?,היא באה להעביר מסר ברור כי הנוטלים לעצמם חירות לפגוע בקטינים – צפויים לעונשים כבדים ומשמעותיים.,test
מהו השיקול המרכזי שעל בית המשפט לשקול בעת קביעת ענישה לנאשמים בעבירות דומות?,"בבחינת מדיניות הענישה הנהוגה על בית המשפט לבחון ענישה שהוטלה על נאשמים במקרים שנסיבותיהם דומות לנסיבות המקרה הנדון, תוך שימת לב להבחנות מתחייבות.",test
אילו שיקולים לקולא נלקחו בחשבון בעקבות הודאת הנאשם?,"בבסיס השיקולים לקולא יש לציין את הודאת הנאשם בכתב האישום שתוקן לקולא, לקיחת  האחריות על מעשיו והחיסכון בזמן שיפוטי.",test
אילו שיקולים נלקחו בחשבון בקביעת העונש המתאים לנאשם?,"אי-לכך, מכלול השיקולים, לרבות שיקולי הרתעת הנאשם והציבור, ינחוני בקביעת העונש המתאים לנאשם בגדר מתחם הענישה (סע' 40ו ו-40ז לחוק העונשין).",test
כיצד משפיעות הנסיבות האישיות של הנאשם על גזירת העונש?,"בגזירת העונש המתאים לנאשם שמלפניי וכמצוות סעיף 40יא לחוק העונשין, יש מקום להתחשב בנסיבותיו האישיות אשר אינן קשורות בביצוע העבירות.",test
מהו האפקט המצטבר של העבירות שביצע הנאשם על חומרת הענישה?,"עסקינן בצבר עבירות, אשר כל אחת מהן חמורה כשלעצמה בנסיבותיה ועל כן קם נופך נוסף של חומרה מכוח האפקט המצטבר.",test
כיצד העריך שירות המבחן את רמת הסיכון להישנות עבירות אלימות ומה המליץ לגבי צו המבחן?,העריך כי רמת הסיכון להישנות עבירות אלימות פחתה והמליץ להטיל על הנאשם צו מבחן למשך 18 חודשים לצד ענישה מותנית והתחייבות להימנע מביצוע עבירות נוספות.,test
מה השיקולים הפרטניים שהובילו להקל בעונשו של הנאשם למרות חומרת מעשיו?,"השיקולים הפרטניים במקרה דנא מצדיקים הקלה משמעותית בעונשו של הנאשם, על אף החומרה הרבה שבמעשיו.",test
כיצד יש להתחשב בנסיבות האישיות של הנאשם בעת גזירת העונש?,"בגזירת העונש המתאים לנאשם, בהתאם להוראות סעיף 40יא לחוק העונשין, יש מקום להתחשב בנסיבותיו האישיות, אשר אינן קשורות בביצוע העבירות.",test
כיצד יבוא לידי ביטוי חומרת מעשיו של הנאשם 1 בענישה?,נוכח חומרת מעשיו באופן מוחלט ובאופן יחסי ליתר הנאשמים הדבר יבוא לידי ביטוי בענישת הנאשם 1.,test
מהי הסיבה לכך שלא הוטלו על הנאשם רכיבי ענישה של קנס?,נוכח מצבו הכלכלי של הנאשם לא מצאתי להשית עליו רכיבי ענישה של קנס אלא להסתפק בהתחייבות בלבד.,test
מהי היכולת של הנאשם להבין את הפסול במעשיו והאם הוא נמנע מהם?,לנאשם הייתה היכולת להבין את הפסול במעשיו והימנע ממעשיהם.,test
מהו השיקול הנוסף שנלקח בחשבון בגזר הדין?,עוד יש לתן את הדעת לשיקולי הרתעת היחיד והרתעת הרבים בגדרו של המתחם.,test
מהו השיקול המרכזי שצריך לשלב בקביעת מידת הענישה בעבירות סחיטה בכוח?,"מידת הענישה הנדרשת, צריך לשלב בחובה אינטרסים של גמול שישקף את הסלידה שחשה החברה  נוכח מעשים אלו וכן הרתעה כלפי הנאשם ועבריינים בכוח לבל יסחטו באמצעים פסולים.",test
כיצד נמדדת מידת הפגיעה בערכים החברתיים בעבירת גניבה ממעביד?,"מידת הפגיעה בערכים החברתיים נמדדת, בין היתר, לפי היקף הגניבה, זהות הקרבן ומידת הפגיעה באמון מצד מבצע העבירה (ראו: עפ\ג (חי') 55502-05-14 פנינה סקיף נ' מדינת ישראל (ניתן ביום 13.11.2014)).""",test
כיצד נקבע מתחם הענישה ההולם לפי עקרון ההלימה בחוק העונשין?,"מתחם הענישה ההולם יקבע בהתאם לעקרון ההלימה, כאמור בסעיף 40ג(א) לחוק העונשין.",test
מהי ההנחה הכללית לגבי רף ענישה תחתון ביחס לעונש המזערי לפי בית המשפט העליון?,"בית המשפט העליון סיכם, לאחר סקירה נרחבת של פסיקה קודמת, כי אין לקבוע, ככלל, רף ענישה תחתון הנמוך מהעונש המזערי, וזאת גם כאשר קיימת הצדקה לסטות ממתחם העונש ההולם משיקולי שיקום, אך יתכנו טעמים מיוחדים המצדיקים קביעה שונה ועל בית המשפט לפרטם.",test
כיצד חידש תיקון מס' 113 לחוק העונשין את שיטת הענישה?,"בדרך זו חידד תיקון מס' 113 לחוק העונשין את הצורך בהמשך נקיטת שיטת ענישה אינדיווידואלית, הבוחנת נסיבותיו של כל מקרה ואדם המובא לדין.",test
כיצד משפיעה פגיעה בפרנסת הנאשם על גזירת העונש?,"פגיעה אפשרית בפרנסתו של הנאשם בעקבות העונש שייגזר עליו, תוך התחשבות בפגיעה של ההליך כולו ושל העונש הצפוי לנאשם על משפחתו, כפי שגם השתקף מדבריהן של פנינה ושרון, ובפרט בשים לב למצבה הרפואי של פנינה.",test
מהי השפעת ביצוע עבירת תקיפה על ביטחון הציבור?,"ביצוע עבירת תקיפה פוגעת ביטחון הציבור, בשלוותו וברווחתו וזורעת בהלה ותחושת חוסר אונים בקרב האזרחים.",test
מהו הסיכון הקיים ללא התערבות טיפולית מתאימה בהתנהגות הנאשם?,"ללא התערבות טיפולית מתאימה, קיימת רמת סיכון להישנות התנהגות פורצת גבולות.",test
כיצד משפיעה התנהלות הנאשם בדיונים על עוצמת הענישה הראויה?,"התנהלות הנאשם בדיונים, לרבות אלימות מילולית ונסיונות להניא עדים, מחמירה את עוצמת הענישה הראויה.",test
מהו העונש שהוטל על הנאשם בגין כלל האירועים המפורטים בכתבי האישום?,"מכל הנתונים והשיקולים שפירטתי לעיל, באיזון ביניהם ובשים לב לפסיקה הנוהגת, מצאתי להשית על הנאשם עונש כולל בגין כלל האירועים נשוא כתבי האישום (ר' סעיף 40יג(ב) לחוק העונשין), כדלקמן: מאסר - מאסר בפועל לתקופה של 20 חודשים.",test
מהי תרומת התנהגות הנאשם להפרת הסדר ושלום הציבור?,התנהגות הנאשם תרמה להפרת הסדר ושלום הציבור והיא טמנה פוטנציאל להתלקחות אלימה עוד יותר.,test
מהו הערך החברתי שנפגע במעשה גניבה?,אף מעשה גניבה פוגע בערך החברתי של זכות האדם להגנה על קניינו ופרטיותו.,test
מהי מדיניות הענישה הנוהגת בעבירות של הפרת הוראה חוקית?,"מדיניות הענישה הנוהגת בעבירות של הפרת הוראה חוקית, מעלה כי הוטלו עונשים שבין מאסר מותנה לבין מאסר בפועל לתקופה קצרה, בהתאם לתכלית ההוראה החוקית שהופרה, שכן אין דינה של הפרת הוראה להפקדת ערבות, כדינה של הוראה שנועדה להגן על חיי אדם.",test
מהי החשיבות של שיקול החומרה בעונש בעבירות מין בקטינה בת משפחה?,"הענישה צריכה לשקף את החומרה היתרה של עבירות מין בקטינה בת משפחה, תוך התחשבות בפגיעה בערכים מוגנים, הנזק שנגרם, הפער הגילי והאמון שניצל הנאשם, והעונש המזערי מחייב להישאר ברף גבוה בהתאם לכך.",test
מהו העיקרון המשפטי המנחה את בית המשפט באישור הסדרי טיעון?,"לא בנקל ידחה בית המשפט הסדר טיעון שמובא לאישורו, וזאת נוכח קיומם של שיקולים כבדי משקל התומכים בכך.",test
אילו שיקולים יש לקחת בחשבון בקביעת העונש המתאים בגדרו של מתחם הענישה?,"אי לכך, מכלול השיקולים, לרבות שיקולי הרתעת הנאשם ואחרים כמותו ינחוני בקביעת העונש המתאים בגדרו של מתחם הענישה (סע' 40ו ו40ז לחוק העונשין).",test
מהו שיקול הקשיים הראייתיים וכיצד הוא משפיע על כיבוד הסדר טיעון?,"\שיקול הקשיים הראייתיים\"" הוכר על ידי בית המשפט העליון כנימוק מרכזי לכיבוד הסדר הטיעון, זאת מן הטעם שיש בו כדי לשנות באופן מהותי את תוצאת האיזון.""",test
כיצד השפיעו קשיי חייו של הנאשם כפליט מאריתריאה על ההחלטה בעניינו?,"הבאתי בחשבון כי הנאשם, יליד 1979, הינו פליט מאריתריאה הנמצא בישראל לבדו מזה למעלה מחמש שנים, על כל הקשיים הכרוכים בכך, מתוך רצון לפרנס את משפחתו.",test
מהו הנזק הצפוי מהפצת ושימוש בסמים בחברה?,"הנזק שהיה צפוי להיגרם מביצוע העבירה מתבטא בפגיעה ביחיד ובחברה מהפצת ושימוש בסמים, וההשלכות הבריאותיות והכלכליות הכרוכות בכך, לרבות פוטנציאל לביצוע עבירות רכוש, כתוצאה מהתמכרות לסמים והצורך לממנם.",test
מהו תפקיד הרצון והנכונות של הנאשם לטיפול בהליך השיקומי שלו?,"הבעת רצון, מוטיבציה ונכונות לטיפול ייעודי, ופנייתו היזומה של הנאשם לטיפול, כחלק ממאמציו לשוב לדרך הישר ולשקם את חייו, גם אם הדברים נעשו בחסות או בעקבות ההליך המשפטי, ראויים הם לשבח ולעידוד.",test
מהו הנזק שכרוך בעבירות הלבנת הון לאוצר המדינה ולכלכלה?,"בעבירות הלבנת ההון כרוך נזק רב לאוצר המדינה, לכלכלתה, ולאינטרס הציבורי.",test
מהו המשקל שיש ליתן לעקרון השוויון בענישה במקרה זה?,"יש ליתן משקל לעקרון השוויון בענישה, אך הוא אינו \בא לכפות על בית המשפט אמת-מידה עונשית מוטעית, רק מפני שהיא ננקטה במקרהו של אחד הנאשמים המשותפים\"".""",test
מהי ההמלצה של שירות המבחן לגבי העונש המוצע לנאשם?,"המלצת שירות המבחן היא להקל בעונשו ולהסתפק בעבודות שירות, מאסר מותנה וצו מבחן, בכדי להבטיח את המשך דרכו בנתיב השיקומי.",test
כיצד נקבע מתחם העונש ההולם לפי סעיף 40ג(א) לחוק העונשין?,מתחם העונש ההולם יקבע בהתאם לעקרון ההלימות כפי שהוגדר בסעיף 40ג(א) לחוק העונשין.,test
כיצד יש לשקלל את הפגיעה הנפשית במתלוננת במסגרת מתחם העונש?,"יתרה מכך, ומעבר לפגיעה הפיזית, יש ליתן את הדעת, ולשקלל במסגרת מתחם העונש ההולם, גם את הפגיעה הנפשית במתלוננת כעולה מדבריה, וכן מחוות הדעת הפסיכיאטרית שהוגשה (תע/2).",test
כיצד משפיעה העבירה שבוצעה בצוותא חדא על רמת החומרה של המעשה?,"שנית, העבירות נשוא האישום השני בוצעו בצוותא חדא על ידי שני הנאשמים, ולוו בקשירת קשר ותכנון משותף, דבר המלמד על נדבך חומרה נוסף.",test
מהו השיקול הנדרש בבחירת רכיבי הענישה הממוניים לנאשם?,בבחירת רכיבי הענישה הממוניים יש לשקול את מצבו הכלכלי של הנאשם בהתחשב בכלל רכיבי הענישה.,test
מהן הנסיבות הקשורות בביצוע העבירה המצביעות על אופי מאיים?,"בבחינת הנסיבות הקשורות בביצוע העבירה, כמפורט בסעיף 40ט לחוק העונשין, ראוי לציין כי התמונה העולה היא של התנהגות מאיימת ומטילת מורא מצד הנאשם כלפי המתלוננת וחברה, הן בשל לשון האיומים הקשה והחמורה לפגוע בחייהם והן בשל הגעת הנאשם לביתו של אותו חבר כשסכין באמתחתו לצורך מימוש איומיו.",test
כיצד מתבטאת מידת הפגיעה בערכים החברתיים במקרה זה?,מידת הפגיעה בערכים החברתיים המוגנים במקרה דנא הינה קשה ורבה.,test
אילו ערכים חברתיים נפגעו מהעבירות שביצע הנאשם?,"הערכים החברתיים שנפגעו מהעבירות שביצע הנאשם הינם הזכות לקניין, הגנה על תקינותם של שיקים כאמצעי תשלום בטוח ואמין, ובנגזר מכך פגיעה בביטחון למסחר תקין.",test
כיצד מתייחס בית המשפט לחומרת עבירות מין במשפחה ולענישה הנדרשת בגינן?,"בית משפט זה עמד לא אחת על חומרתן הרבה של עבירות מין במשפחה ועל החובה 'להשיב על עבירות אלו בענישה משמעותית, כגמול על מעשיו של העבריין וכביטוי לסלידתה של החברה ממעשים אלו'.",test
כיצד מצבה האישי של הנאשמת 2 מצדיק מתן הזדמנות להשתקם במסגרת טיפולית?,"מצבה של הנאשמת 2, אשר חוותה ילדות קשה וניכור מצד הוריה, בשל נטייתה המינית, ולימים נאלצה לעבוד בזנות, מצדיק את מתן ההזדמנות להשתקם במסגרת טיפולית.",test
"מהו הפוטנציאל להסלמה בעבירה זו, גם אם לא הייתה כוונה לכך מלכתחילה?","בביצוע עבירה זו יש פוטנציאל להסלמה עד כדי מפגש אלים בין הפורץ לבין אלה העושים שימוש במבנה, אף אם מבצע העבירה כלל לא התכוון לכך מלכתחילה.",test
כיצד משפיע עקרון השוויון על מלאכת הענישה של בית המשפט?,"עקרון זה אינו אלא אחד מתוך מכלול שיקולים ששומה על בית המשפט לשקול על מנת להגיע לענישה ראויה, ואין בו כדי להפוך את מלאכת הענישה לנוסחה מתמטית המכתיבה תוצאה מוגדרת מראש.",test
מהם הערכים המוגנים בעבירת שיבוש מהלכי משפט?,"הערכים המוגנים בעבירת שיבוש מהלכי משפט הם טוהר ההליך השיפוטי והבטחת הליך חשיפת האמת באמצעות המשפט (רע\פ 7153/99 אלגד נ' מדינת ישראל, פ\""ד נה(5), 729, 739 (2001)), תקינותם של הליכים משפטיים והבטחת קיומה של מערכת תקינה של עשיית משפט צדק הראויה לאמון הציבור (ע\""פ 8721/04 אוחנה נ' מדינת ישראל (ניתן ביום 17.6.2007), כמו גם הגנה על שלטון החוק ושמירה על הסדר הציבורי.""",test
מהו תפקידו של בית המשפט בשקילת נסיבות שאינן קשורות ישירות לעבירה בעת גזירת העונש?,בית המשפט מוסמך לשקול נסיבות נוספות שאינן קשורות ישירות בביצוע העבירה לצורך גזירת העונש המתאים.,test
מהו מתחם העונש שנקבע לנאשם בהתחשב בנסיבות ביצוע העבירות?,"מכל המקובץ, בהתחשב בערכים החברתיים שנפגעו מביצוע העבירות, במידת הפגיעה בהם, במדיניות הענישה הנהוגה, בנסיבות הקשורות בביצוע העבירות והיחס ההולם בין חומרת מעשי העבירה בנסיבותיה ומידת אשמו של הנאשם ובין סוג ומידת העונש שיש להטיל עליו, סבורני כי מתחם העונש ההולם לכלל העבירות שבוצעו על ידי הנאשם נע בין מספר חודשי מאסר שיכול וירוצו בעבודות שירות לבין 14 חודשי מאסר בפועל, לצד מאסרים מותנים, פיצוי וקנס.",test
מהו המנעד הענישה בעבירות מסוג הפרת הוראה חוקית בהתאם לנסיבות המעשה?,"בחינת מדיניות הענישה הנהוגה בעבירות מסוג זה, העלה כי מנעד הענישה הוא רחב בהתאם לנסיבות המעשה והעושה.",test
אילו ערכים חברתיים נפגעים בביצוע עבירות משחקים אסורים?,"בביצוע עבירות אלו נפגעים ערכים חברתיים של הגנה על מוסר העבודה בשל התמכרות למשחקים אסורים, שיבוש שגרת חייו של אדם ומשפחתו, פגיעה כלכלית של הפרט והחברה בכללותה שנאלצת לשאת בנטל הדאגה לכל אלה שאיבדו את הונם בהגרלות והימורים.",test
מהי הסיבה לכך שהארכת המאסר המותנה תתרום להרתעת הנאשם?,הפעלת המאסר המותנה תסב לו נזק חמור ומצאתי כי הארכת משך המאסר המותנה תתרום להרתעת הנאשם לבל ישוב לבצע עבירה פלילית בה הורשע.,test
מהו השיקול המשפטי המוביל לעונש מחמיר במציאות ביטחונית חריגה?,"בעת מציאות ביטחונית חריגה, הערך המוגן בדבר זכותה של המדינה לבחון את הבאים בשעריה מקבל משנה תוקף, ומתחם הענישה והענישה הראויה נדרשים להתאים לכך.",test
מהו ההבדל בין הנאשם לבין נאשמים המביעים חרטה ומקבלים הקלה בעונש?,"הנאשם אינו זכאי להקלה לה זכאים נאשמים אשר לוקחים אחריות למעשיהם, מביעים חרטה וחוסכים מזמנו של בית המשפט ועדי הצדדים.",test
אילו גורמים נלקחים בחשבון לחובת הנאשם בעת קביעת הענישה?,לחובת הנאשם נזקפות חומרת העבירות שביצע ומדיניות הענישה עליה עמדתי לעיל.,test
מהי חשיבות המלצת שירות המבחן בגזירת הדין?,"לא נעלמה מעיני המלצת שירות המבחן, אשר מהווה כלי חשוב לבית המשפט בבואו לגזור את הדין.",test
מהו מתחם העונש ההולם לעבירת הספקת סמים מסוכנים בנסיבות הקונקרטיות?,"נוכח האמור, סבורני כי מתחם העונש ההולם לעבירת הספקת סמים מסוכנים מסוג חשיש במשקל זעיר לעישון וכדור אחד של אקסטזי, לאור הנסיבות הקונקרטיות והעקרונות שביסוד תיקון 113 לחוק העונשין צריך לנוע בין מספר חודשי מאסר בודדים שיכול וירוצו בעבודות שירות ל-12 חודשי מאסר בפועל לצד מאסרים מותנים, פסילת רישיון נהיגה וענישה כלכלית.",test
מהו השיקול שהוביל את בית המשפט למסקנה כי החשש מהחזרת הנאשם לעבירות אינו מצדיק החמרה בעונש?,"מנגד, לא שוכנעתי כי החשש שהנאשם יחזור ויבצע עבירות דומות מצדיק חציית רף מתחם הענישה לחומרה, משיקולי הגנה על שלום הציבור.",test
מהן השיקולים שיביאו בחשבון בעת קביעת העונש לעבירה?,"להלן אביא בחשבון את הערכים החברתיים שנפגעו מביצוע העבירה ומידת הפגיעה בהם; נסיבות הקשורות בביצוע העבירה, מידת אשמו של הנאשם ומדיניות הענישה הנוהגת.",test
מדוע יש להתייחס לפגיעות הנגרמות לקרבנות העבירה מעבר להיבט הכלכלי בעבירת השוד?,"מעבר להיבט הכלכלי הטמון בעבירת השוד, ופגיעתה בזכות הקניין של הקרבן, יש לתת את הדעת לפגיעות הרבות הנגרמות לקרבנות העבירה, הן במובן הפיזי והן במובן הנפשי, ופגיעות אלו הן קשות ונרחבות יותר מאשר הפגיעות הפיזיות.",test
מדוע יש חשיבות להילחם בנגע האלימות בתוך התא המשפחתי בחברה הישראלית?,"רבות נפסק בדבר הצורך להילחם בנגע האלימות, בעיקר בתוך התא המשפחתי, שפשה בחברה הישראלית ולעקרו מן השורש באמצעות ענישה הולמת ומרתיעה.",test
מהי החשיבות של שיקולי שיקום והגנה על שלום הציבור בקביעת העונש?,"כאמור, על בית המשפט לבחון האם ראוי לחרוג מן המתחם בשל שיקולי שיקום המהווים שיקול לקולא (סעיף 40ד לחוק העונשין); או מאידך, לחרוג מן המתחם בשל הצורך להגנה על שלום הציבור, המהווה שיקול לחומרא (סעיף 40ה לחוק העונשין).",test
מהו השיקול המרכזי שיש לקחת בחשבון בעת שקילת הענישה בעבירות אלימות?,"למען רשויות המשפט, בעת שקילת הענישה בעבירות מסוג זה, יש לתת משקל נכבד לאינטרס הציבורי ולהעביר מסר ברור כדי שידע כל מי שנוטל לעצמו את החרות לנהוג באלימות כדרך לפתרון סכסוכים, עלול לשלם על כך בחרותו.",test
מהי החומרה היתרה הנעוצה בעבירה זו כאשר היא נעברה על רקע עניין פעוט?,לא אחת עמד בית המשפט העליון על החומרה היתרה הנעוצה בעבירה זו ובמיוחד עת נעברה על רקע עניין פעוט של מה בכך.,test
כיצד השפיעה השפעתו של בוריס על התנהלותו של הנאשם בביצוע העבירות?,"כפי שעלה מהעדויות שנשמעו, לרבות לצורך גזירת הדין, לבוריס הייתה השפעה עצומה ומשמעותית על התנהלותו היומיומית של הנאשם, ואין חולק שהביא את הנאשם לבצע העבירות בהן הורשע כדי לסייע לו.",test
מהו הנזק האפשרי שנגרם מביצוע העבירות וכיצד הוא עשוי להחמיר בעקבות תגובת המתלונן?,הנזק שנגרם מביצוע העבירות מתבטא בשלילת רכוש מבעליו והנזק שהיה עלול להיגרם חמור שבעתיים ככל שהיה מגיב המתלונן ותגובתו הייתה עשויה להוביל להסלמה.,test
מהי הסיבה לכך שלא נמצאה הצדקה לחריגה לקולא ממתחם העונש ההולם במקרה זה?,"לא נמצאה הצדקה לחריגה לקולא ממתחם העונש ההולם, בהעדר נטילת אחריות מצד הנאשם ושלילת הצורך מצדו למעורבות טיפולית שיקומית.",test
מהן הכלים שהחוק מקנה למניעת הסכנות הכרוכות בהפצת חומרים מסכנים?,"החוק מקנה, אם כן, כלים למניעת הסכנות הכרוכות בהפצת חומרים מסכנים אלו, לרבות העמדה לדין את מי אשר מסכן את בטחונו ואת בריאותו של הציבור, עד אשר חומרים אלו יכללו בפקודת הסמים המסוכנים (סעיף 5(א) לחוק).",test
כיצד יש לבחון את השיקולים לחריגה ממתחם הענישה במקרה זה?,"כאמור, על בית המשפט לבחון האם ראוי לחרוג מן המתחם בשל שיקולי שיקום המהווים שיקול לקולא (סעיף 40ד לחוק העונשין); או מאידך, לחרוג מן המתחם בשל הצורך להגנה על שלום הציבור, המהווה שיקול לחומרה (סעיף 40ה לחוק העונשין).",test
כיצד ימצא גמול ההולם את נסיבות המעשה והעושה?,גמול ההולם את מכלול נסיבות המעשה והעושה ימצא ביטויו בהשתת עונש מאסר שירוצה בעבודות שירות ועונש מרתיע.,test
מהו היחס הנדרש בין חומרת העבירה ומידת אשמו של הנאשם לבין סוג העונש המוטל עליו?,"בהתאם לתיקון 113 לחוק העונשין, נדרש יחס הולם בין חומרת מעשה העבירה בנסיבותיו ומידת אשמו של הנאשם לבין סוג ומידת העונש המוטל עליו.",test
מהי ההמלצה לגבי הטלת עונש כולל כאשר מדובר בשורת עבירות מהווה מסכת אחת?,"במקרים רבים, כאשר ההרשעה מתייחסת לשורת עבירות המהווה מסכת אחת של התנהגות עבריינית, הגם שניתן לחלקה באופן טכני לעבירות מספר, ראוי להטיל בגינה עונש כולל אחד.",test
כיצד נקבע מתחם העונש ההולם לפי עקרון ההלימה בסעיף 40ג(א) לחוק העונשין?,מתחם העונש ההולם ייקבע בהתאם לעקרון ההלימה כפי שהוגדר בסעיף 40ג(א) לחוק העונשין.,test
כיצד מתבטאת הטלת האימה בפגיעה בביטחון האישי של הנפגע והציבור?,"יש ביסודות ההתנהגות שבעבירה זו, משום הטלת אימה ופגיעה בביטחון האישי של נפגע העבירה ושל הציבור בכללותו.",test
מדוע סכין נחשבת לכלי מסוכן בהקשרים של אלימות?,"סכין, כמו כל כלי שסוגל לדקור או לחתוך, היא פתח להתנהלות אלימה ומסוכנת, הן לנושא הסכין והן לסביבתו, ואין צריך להרחיק לכת כדי להיווכח בתוצאות החמורות של שימוש בסכין ליישוב סכסוכים.",test
מהן שלושת השלבים העיקריים במלאכת גזירת הדין לפי סעיף 40 לחוק העונשין?,"מלאכת גזירת הדין מורכבת משלושה שלבים עיקריים:  תחילה, אקבע את מתחם העונש ההולם למעשה העבירות שביצעה הנאשמת, על בסיס שיקולים נורמטיביים ואובייקטיבים, בהתחשב בערכים החברתיים שנפגעו מביצוע העבירות, במידת הפגיעה בערכים החברתיים, במדיניות הענישה הנהוגה ובנסיבות הקשורות בביצוע העבירות כמפורט בסעיף 40ט לחוק העונשין (סעיף 40ג לחוק העונשין); לאחר מכן, אבחן האם ראוי לחרוג מן המתחם לקולא בשל שיקולי שיקום (סעיף 40ד לחוק העונשין) או לחומרה בשל שיקולי הגנה על שלום הציבור (סעיף 40ה לחוק העונשין); לבסוף, אקבע את העונש המתאים שיושת על הנאשמת, בהתחשב בצורך בהרתעת הנאשמת (סעיף40ו לחוק העונשין), בצורך בהרתעת הרבים (סעיף40ז לחוק העונשין) ובנסיבותיה האישיות של הנאשמת שאינן קשורות בביצוע העבירות (סעיף 40יא לחוק העונשין), כמו גם בנסיבות אחרות ככל שתמצאנה רלוונטיות (סעיף 40יב לחוק העונשין).",test
מהי המדיניות הענישתית הנוהגת לגבי עבירות התפרצות ורכוש?,"מבחינת מדיניות הענישה הנוהגת עולה כי בתי המשפט נתנו ביטוי לתכלית המאבק בעבירות התפרצות ועבירות רכוש, באמצעות עונשי מאסר בפועל לתקופות ממושכות לצד ענישה מרתיעה.",test
מהו מתחם העונש ההולם שנקבע לעבירה שביצע הנאשם בנסיבות ביצועה?,"מכל המקובץ, סבורני כי מתחם העונש ההולם לעבירה שבוצעה על ידי הנאשם, בנסיבות ביצועה, הינו בין מאסר למשך 3 חודשים (שיכול וירוצה בעבודות שירות) לבין 12 חודשי מאסר בפועל, לצד ענישה מרתיעה וענישה כלכלית.",test
מהי התוצאה של שיתוף הפעולה של הנאשם עם שירות המבחן וההליך הטיפולי?,"הנאשם שיתף פעולה עם שירות המבחן, שולב בהליך טיפולי ממנו הפיק תועלת ונראה כי הפנים את הפסול שבמעשיו.",test
מדוע נדרשת ענישה מחמירה בעבירות דומות בהתחשב בקושי לחשוף אותן?,"ענישה מחמירה נדרשת גם בהתחשב בקושי הטמון בחשיפת עבירות דומות, נוכח שרק לעיתים רחוקות אוזר הקרבן אומץ להתלונן ולהסתייע ברשויות החוק כדי להיחלץ מהמצוקה אליה נקלע.",test
מהי מידת הפגיעה בערכים החברתיים בעבירת הסמים בהתחשב בכמות ובסוג הסם?,"מידת הפגיעה בערכים החברתיים בשל ביצוע עבירת הסמים אינה בעצמה גבוהה בהתחשב בכמות ובסוג הסם, שאינו נמנה על הסמים הקשים.",test
כיצד פוגע הנאשם בערכים חברתיים בהחזקת סמים לצריכה עצמית?,"בביצוע עבירה של החזקת סמים לצריכה עצמית, לצדה קבע המחוקק עונש מרבי של 3 שנות מאסר, פגע הנאשם בערכים חברתיים של הגנה על שלום ובריאות הציבור מפני פגיעתם הקשה של סמים מסוכנים ומניעת נזקים כלכליים וחברתיים עקיפים, לרבות ביצוע עבירות נוספות לצורך מימון רכישת הסם.",test
מהן הנסיבות האישיות של הנאשם שיבואו בחשבון בגזירת העונש?,"בגזירת העונש המתאים לנאשם, בהתאם להוראות סעיף 40יא לחוק העונשין, יובאו בכלל חשבון נסיבותיו האישיות של הנאשם, אשר אינן קשורות בביצוע העבירה.",test
באילו מקרים יש מקום להטיל עונש כולל בגין סדרת עבירות דומות?,"כאשר מדובר בסדרת עבירות מאותו הסוג שבנסיבותיהן הן דומות זו לזו יש מקום להטיל עונש כולל בגין מכלול העבירות, שכן 'קביעת עונש נפרד עבור כל אחת מהן נראית במקרה כזה כמלאכותית'.",test
מדוע יש להתייחס לעונש בנפרד עבור כל אחד מהאירועים?,"מדובר אם כן בשני אירועים נפרדים, המצדיקים התייחסות עונשית נפרדת, בהתאם להוראות סעיף 40יג(ב) לחוק העונשין.",test
מהו פוטנציאל הסכנה הכרוך במעשיו של הנאשם עם בקבוקי זכוכית?,נכנסתי לפסק הדין כי הנאשם מצויד בבקבוקי זכוכית ואין צורך להכביר מילים בפוטנציאל הסכנה הכרוכה במעשיו כך שבנקל היה יכול לגרום אף לאבדן חיים.,test
מהי ההעדפה בענישה שנמצאה מתאימה לנאשם למרות העדר המלצה טיפולית?,"לאחר שהתרשמתי מטענות הצדדים, המלצות שירות המבחן ומכלול נסיבות העניין, נחה דעתי כי ראוי להעדיף בעניינו של הנאשם ענישה צופה פני שיקומו, למרות העדר המלצה טיפולית מטעם שירות המבחן, להימנע ממתיחת מלוא שורת הדין עמו, ולהסתפק בהטלת עונש מאסר שירוצה בעבודות שירות וענישה מרתיעה בדרך של מאסר מותנה והתחייבות כספית.",test
מהו מתחם העונש ההולם שנקבע לאירוע נשוא כתב האישום?,"מכל המקובץ, סבורני כי מתחם העונש ההולם לאירוע נשוא כתב האישום הינו בין מספר חודשי מאסר בודדים שיכול וירוצו בעבודות שירות לבין 12 חודשי מאסר בפועל, לצד מאסרים מותנים וענישה כלכלית.",test
מהו הנזק שנגרם לנשים שהועסקו בזנות בעקבות העבירות שביצעו הנאשמות?,"נתתי דעתי לנזק שנגרם לאותן נשים שהועסקו בזנות בבית הבושת,  בעקבות ביצוע העבירות מצד הנאשמות, הגם שלא נטען שהעסקתן התאפיינה בסממני כפייה או בהתנהלות כוחנית או בריונית, או בניצול מכוון של אותן נשים או חולשתן, מעבר לזה הטמון ממילא בעבירות עצמן.",test
מהו השיקול הכלכלי שנלקח בחשבון בגזירת העונש?,"בבקעת העונש המתאים לנאשם, נתתי דעתי למצבו הכלכלי, כמי שמתפרנס מאיסוף בקבוקים, על אף שלא הוצגה כל ראיה ביחס למצבו הכלכלי.",test
כיצד השפיעה הודאת הנאשם בכתב האישום על שיקול הדעת בענישה?,"לזכות הנאשם הבאתי בחשבון את הודאתו בכתב האישום, לקיחת האחריות והחיסכון בזמן שיפוטי הכרוך בה.",test
"מהי ההשפעה של ניהול משפט על ידי הנאשם על הענישה, וכיצד זה שונה מנאשמים המביעים חרטה?","אין לזקוף לחובת הנאשם ניהול משפט על ידו ולא החמרתי עמו בשל כך שניהל את משפטו (ר' סעיף 40יא(6) לחוק העונשין); אולם, הנאשם אינו זכאי להקלה לה זכאים נאשמים אשר לוקחים אחריות למעשיהם, מביעים חרטה וחוסכים מזמנו של בית המשפט ועדי הצדדים.",test
מהו המתח המשפטי שנוצר בין חומרת העבירות לנסיבות האישיות של הנאשם?,"המקרה דנא הינו דוגמא למתח שבין חומרת העבירות המצדיקה ככלל השתת מאסר בפועל לתקופה ממושכת לבין נסיבותיו האישיות של הנאשם ונסיבות ביצוע העבירות, לצד רצונו להשתקם ולפתוח פרק חדש בחייו, בהיותו בחור צעיר ששוהה שנים ספורות בארץ.",test
כיצד חידד תיקון מס' 113 לחוק העונשין את שיטת הענישה?,"בדרך זו חידד תיקון מס' 113 לחוק העונשין את הצורך בהמשך נקיטת שיטת ענישה אינדיווידואלית, הבוחנת נסיבותיו של כל מקרה ואדם המובא לדין (ע\פ 433/89 אטיאס נ' מדינת ישראל, פ\""ד מג(4) 170; ע\""פ 5106/99 אבו ניג'מה נ' מדינת ישראל, פ\""ד נד(1) 350; רע\""פ 3173/09 פראגין נ' מדינת ישראל (ניתן ביום 5.5.2009)).""",test
כיצד משפיע 'קשר השתיקה' על נפגעי עבירות סחיטה באיומים?,"עוד נקבע, כי חומרתה היתרה של עבירה זו 'באה לידי ביטוי גם בהתחשב במימד הייחודי שטמון בה 'קשר שתיקה' אשר מונע מנפגע העבירה לפנות לעזרתן של רשויות אכיפת החוק, מחשש שמא יתממשו איומי הסחיטה'.",test
מהו העיקרון המרכזי שהדגיש תיקון מס' 113 לחוק העונשין בנוגע לענישה?,"בדרך זו חידד תיקון מס' 113 לחוק העונשין את הצורך בהמשך נקיטת שיטת ענישה אינדיווידואלית, הבוחנת נסיבותיו של כל מקרה ואדם המובא לדין.",test
כיצד משפיע ניצול המרחב הפנימי על נפגעי העבירה?,"'הפיכתו של 'המרחב הפנימי', שנועד ליחסי אמון והגנה, למרחב של ניצול ופגיעה, יכולה להמיט השפעה מתמשכת על נפגע העבירה'.",test
מהי המשמעות של עבירת התפרצות לבית מגורים בכוונה לבצע גניבה מבחינת החומרה והמסוכנות?,עבירת התפרצות לבית מגורים בכוונה לבצע גניבה או פשע טומנת בחובה חומרה ומסוכנות משמעותיות.,test
מדוע לא נמצא מקום לחרוג ממתחם העונש במקרה זה?,"בענייננו, הגם שהנאשם חדל מצריכת סמים, לא מצאתי לחרוג ממתחם העונש ההולם, כפי קביעתי, בשל שיקולי שיקום, בהעדר המלצה שיקומית ובהעדר נזקקות להליך טיפולי כפי התרשמות שירות המבחן (סע' 40ד(ב) לחוק העונשין).",test
מדוע הנאשם אינו זכאי להקלה המוענקת לנאשמים המביעים חרטה?,"עם זאת, הנאשם אינו זכאי להקלה לה זכאים נאשמים אשר לוקחים אחריות למעשיהם, מביעים חרטה וחוסכים מזמנו של בית המשפט, התביעה והעדים.",test
"מהו החשש שהנאשם יחזור על עבירות דומות, וכיצד הוא משפיע על הענישה?","מנגד, לא מצאתי כי החשש שהנאשם יחזור ויבצע עבירות דומות מצדיק חציית רף מתחמי הענישה לחומרה משיקולי הגנה על שלום הציבור.",test
מהו השיקול המרכזי שהוביל לשיקולים לחומרה בענישה במקרה זה?,שיקולים לחומרה: בבסיס השיקולים לחומרה עומדת המדיניות המשפטית בעבירה בה הורשע הנאשם והצורך לשמור על הערכים החברתיים שנפגעים מביצוע העבירה.,test
מה המליץ שירות המבחן לגבי העונש המתאים לנאשם בנסיבותיו?,"בנסיבות אלה, לאור גילו הצעיר ביותר, העדר עבר פלילי והרושם כי הנאשם מסוגל לסגל לעצמו אורח חיים נורמטיבי, המליץ שירות המבחן להטיל עליו צו של\צ בהיקף של 140 שעות, צו מבחן למשך שנה ומאסר מותנה.""",test
מהו העיקרון המרכזי שנקבע בתיקון מס' 113 לחוק העונשין בנוגע לענישה?,"דרך זו חידד תיקון מס' 113 לחוק העונשין את הצורך בהמשך נקיטת שיטת ענישה אינדיווידואלית, הבוחנת נסיבותיו של כל מקרה ואדם המובא לדין.",test
כיצד חידד תיקון 113 לחוק העונשין את שיטת הענישה האינדיווידואלית?,"בדרך זו חידד תיקון 113 לחוק העונשין את הצורך בהמשך נקיטת שיטת ענישה אינדיווידואלית, הבוחנת נסיבותיו של כל מקרה ואדם המובא לדין (433/89 אטיאס נ' מדינת ישראל, פ\ד מג(4) 170; ע\""פ 5106/99 אבו ניג'מה נ' מדינת ישראל, פ\""ד נד(1) 350; רע\""פ 3173/09 פראגין נ' מדינת ישראל [פורסם בנבו] (5.5.2009)).""",test
מהו השיקול המרכזי שנדרש כדי להרתיע עבריינים מהביצוע של עבירות דומות בעתיד?,"יש להביא בכלל חשבון את שיקולי הרתעת היחיד והרבים, בעיקר נוכח הנזק הפוטנציאלי הרב הגלום בהן, שיכול להגיע עד כדי פגיעה בנפש, על-מנת להרתיע את הנאשמים ועבריינים אחרים כמותם, מלשוב ולבצע עבירות דומות בעתיד.",test
כיצד משפיע ניהול המשפט על גזר הדין של הנאשם לפי סעיף 40יא(6) לחוק העונשין?,ניהול המשפט לא נזקף לחובת הנאשם ולא החמרתי עמו בשל כך שניהל את משפטו (ר' סעיף 40יא(6) לחוק העונשין).,test
מהו מתחם העונש ההולם שנקבע לעבירה שביצע הנאשם?,"מכל המקובץ, בהתחשב בערכים החברתיים שנפגעו מביצוע העבירות, במידת הפגיעה בהם, במדיניות הענישה הנהוגה, בנסיבות הקשורות בביצוע העבירות והיחס ההולם בין חומרת מעשי העבירה בנסיבותיה ומידת אשמו של הנאשם ובין סוג ומידת העונש שיש להטיל עליו, סבורני כי מתחם העונש ההולם לעבירה שבוצעה על ידי הנאשם נע בין מאסר מותנה למשך מספר חודשי מאסר ועד ל-12 חודשי מאסר בפועל.",test
אילו שיקולים לקולא נלקחו בחשבון בעניינו של הנאשם בן ה-62?,"שיקולים לקולא: מצאתי להביא בחשבון כי מדובר בנאשם בן 62 ומצבו הבריאותי, על אף שלא הוצגה לפניי אסמכתא רפואית מטעמו.",test
מהי המסקנה לגבי מתחם העונש בעניינו של הנאשם בהקשר להסדר הטיעון?,"הגעתי לכלל מסקנה כי מתחם העונש ההולם בעניינו של הנאשם חופף למתחם עליו הסכימו הצדדים במסגרת הסדר הטיעון, אף שיש בו סטייה מסוימת לקולא, וזאת בהתחשב בערך החברתי שנפגע מביצוע העבירות, במידת הפגיעה בו, במדיניות הענישה הנהוגה, בנסיבות הקשורות בביצוע העבירות והיחס ההולם בין חומרת מעשי העבירות בנסיבותיהם ומידת אשמו של הנאשם.",test
מהו הערך המוגן כאשר העבירות מבוצעות כלפי קטין שהוא בן משפחה?,"כאשר העבירות מבוצעות כלפי קטין שהוא בן משפחה נפגע הערך של הגנה על קטינים מפני ניצולם לרעה בשל גילם, יחסי התלות והקרבה והאמון שנותן הקטין בבן המשפחה הפוגע וכן הערך של ההגנה על התפתחותו הנפשית התקינה ומניעת פגיעה בשגרת חייו, בביטחונו האישי ובמרקם המשפחתי.",test
מהו עקרון ההלימה בענישה לפי תיקון 113 לחוק העונשין?,"תיקון 113 לחוק העונשין שעניינו \הבניית שיקול הדעת השיפוטי בענישה\"" התווה את עקרון ההלימה כעיקרון מנחה בענישה לפיו נדרש יחס הולם בין חומרת מעשה העבירה בנסיבותיו ומידת אשמתו של הנאשם לבין סוג ומידת העונש המוטל עליו (ס' 40ב לחוק העונשין).""",test
מהו העיקרון שהדגיש תיקון מס' 113 לחוק העונשין בנוגע לענישה?,"בדרך זו חידד תיקון מס' 113 לחוק העונשין את הצורך בהמשך נקיטת שיטת ענישה אינדיווידואלית, הבוחנת נסיבותיו של כל מקרה ואדם המובא לדין (ע\פ 433/89 אטיאס נ' מדינת ישראל, פ\""ד מג(4) 170; ע\""פ 5106/99 אבו ניג'מה נ' מדינת ישראל, פ\""ד נד(1) 350; רע\""פ 3173/09 פראגין נ' מדינת ישראל (ניתן ביום 5.5.2009)).""",test
מדוע הפוטנציאל בהתפרצות למקום מגורים בשעות היום מגביר את חומרת האירוע ואשמו של הנאשם?,"אין ספק, כי הפוטנציאל הטמון בהתפרצות למקום מגורים בשעות היום שעה ששוהים בבית דיירים, גבוה ולכן הדבר מגביר את חומרת האירוע ואשמו של הנאשם.",test
מה השפיע על קבלת ערעור הנאשמים על חומרת העונש בבית המשפט העליון?,"בית המשפט העליון קיבל את ערעור הנאשמים על חומרת העונש, נוכח שינוי משמעותי בהתנהלותם ופסיעתם בדרך שיקומית, כפי שעלה מתסקירי שירות המבחן.",test
מהו השיקול המרכזי שנלקח בחשבון בקביעת העונש המתאים לנאשם?,"אי-לכך, מכלול השיקולים, לרבות שיקולי הרתעת הנאשם והציבור, ינחוני בקביעת העונש המתאים לנאשם בגדר מתחם הענישה (סע' 40ו ו-40ז לחוק העונשין).",test
כיצד משפיעה התנהלות הנאשם על ההחמרה בענישתו למרות חפותו?,"אין להחמיר עם נאשם בשל כך שעמד על חפותו בניהול הוכחות, אך במקרה דנא התנהלות הנאשם לאורך כל ההליך הייתה חמורה במיוחד.",test
מהו השיקול שלא מצדיק חציית רף מתחם הענישה לחומרה במקרה הנוכחי?,"מנגד, לא מצאתי כי החשש שהנאשם יחזור ויבצע עבירות דומות מצדיק חציית רף מתחם הענישה לחומרה משיקולי הגנה על שלום הציבור.",test
כיצד משפיע חלקו של הנאשם על בחינת הנסיבות הקשורות בביצוע העבירות?,"במסגרת בחינת הנסיבות הקשורות בביצוע העבירות (סעיף 40ט לחוק העונשין) נתתי דעתי, בין היתר, לחלקו המצומצם של הנאשם במהלך הדברים לעומת חלקם של נאשמים אחרים ואף של המתלוננים.",test
מהי המשמעות של החמרה מהותית בהיבט הערכי והעונשי בעבירת הרצח במקרה זה?,בכך באה לידי ביטוי החמרה מהותית הן בהיבט הערכי והן בהיבט העונשי שבעבירה זו.,test
כיצד השפיעה תקופת המעצר של הנאשם על גזירת העונש?,לא נעלם מעיני כי במסגרת ההליך דנא נעצר הנאשם למשך חודש ימים ולאחר מכן שוחרר בתנאים מגבילים שכללו מעצר בית מלא ולאחר מכן מעצר בית חלקי והבאתי זאת בכלל חשבון בעת גזירת העונש בכללותו.,test
כיצד משפיע העונש על משפחת הנאשם שנותרה באריתריאה?,עוד הבאתי בחשבון את תוצאות העונש על משפחת הנאשם שנותרה באריתריאה.,test
כיצד השפיעה קרבת הנאשם לסייג לאחריות פלילית על קביעת המתחם?,"מכאן, הבאתי בכלל חשבון בקביעת המתחם את קרבת הנאשם לסייג לאחריות פלילית על רקע נפשי.",test
כיצד נפגעו זכויותיהם של הבטום וסולומון בעקבות מעשי הנאשם?,"במקרה עסקינן נפגעו זכויותיהם של הבטום וסולומון לשלמות גופם ולביטחונם האישי, דבר שפגע גם בכבודם ובחירותם; מדובר בזכויות רמות מעלה עליהן יש להגן.",test
מדוע יש להעדיף את שיקולי ההרתעה על פני נסיבותיהם האישיות של עברייני המין?,"נוכח משקלם המוגבר של שיקולי ההרתעה בקביעת עונשיהם של עברייני מין, נקבע כי יש להעדיפם על פני נסיבותיהם האישיות של עברייני המין.",test
כיצד משפיעה חומרת העבירות והצורך בהרתעה על גזר הדין של הנאשם?,סבורני כי חומרת מעשי העבירות בנסיבותיו ומידת אשמו של הנאשם והצורך בהרתעתו ועבריינים אחרים כמותו כדי להמחיש עבורו בדרך ענישתו את הסלידה אותה חשה החברה נוכח הכיעור שבמעשיו.,test
מהי מידת הפגיעה בערכים המוגנים במקרה זה?,"במקרה דנן, מידת הפגיעה בערכים המוגנים הינה ממשית.",test
מהו מתחם העונש שנקבע לנאשם 1 לאור אופיים של המעשים והנסיבות?,"נוכח אופיים של המעשים במקרה דנא, נסיבות ביצועם וצירוף העבירות בהן הורשעו מי מהנאשמים, החלטתי לקבוע מתחם עונש לכלל העבירות שביצע הנאשם 1 במנעד שבין 30 ל-60 חודשי מאסר.",test
מהי הסיבה לחומרת הענישה במקרה זה?,"לחובת הנאשם עומדת חומרת מעשיו בנסיבות ביצועם, המדיניות העונשית בעבירה בה הורשע, הפגיעה בערכים החברתיים המוגנים, המחייבים ענישה מרתיעה.",test
מהו העיקרון המשפטי שמנחה את בית המשפט בנוגע לפגיעות בנפגעות עבירות מין ואלימות?,"לא רק שאין להשלים עם פגיעה חמורה בגופן ובנפשן של נפגעות עבירות מין ואלימות, אלא שיש להוקיע מעשים אלו – בין היתר באמצעות השתת עונשים חמורים.",test
אילו שיקולים יש לקחת בחשבון בעת קביעת העונש המתאים לנאשם?,"מכלול השיקולים, לרבות שיקולי הרתעת הנאשם ואחרים כמותו מפני ביצוע עבירות נוספות (סע' 40ו ו-40ז לחוק העונשין), ינחוני בקביעת העונש המתאים בגדר מתחם הענישה.",test
אילו שיקולים מצדיקים חריגה מהמתחם ההולם בענישת הנאשם?,"בנסיבות אלה, גילו הצעיר, החרטה שהביע הנאשם, התנתקותו מהמתלוננת, שיתוף הפעולה עם שירות המבחן, התמדתו בהליך השיקומי, הערכה החיובית של שירות המבחן בעניינו, השתלבותו במסגרת עבודה ולימודים המלמדים על שאיפותיו להתקדם בחייו ולשמור על אורח חיים נורמטיבי, מצאתי הצדקה לחרוג מטה ממתחם הענישה ההולם, אותו קבעתי לעיל, משיקולי שיקומו של הנאשם, מכוח סעיף 40ד לחוק העונשין.",test
מהו העיקרון המנחה בהטלת עונש כולל על שורת עבירות מהותית אחת?,"במקרים רבים, כאשר ההרשעה מתייחסת לשורת עבירות המהווה מסכת אחת של התנהגות עבריינית, הגם שניתן לחלקה באופן טכני לעבירות מספר, ראוי להטיל בגינה עונש כולל אחד.",test
מהי ההמלצה לעונש שניתנה בהתבסס על הנתונים והשיקולים שהוצגו?,"סוף דבר, מכל הנתונים והשיקולים שפירטתי לעיל, באיזון ביניהם ובשים לב לפסיקה הנוהגת, סבורני כי מן הראוי להשית על הנאשם עונש כדלקמן:",test
כיצד משפיעה הבעת רצונו של הנאשם לקבל עזרה על האינטרס הציבורי?,"הבעת רצונו של הנאשם לקבל עזרה כדי להימנע מתגובות דומות בעתיד מטה את הכף, בנסיבותיו מול האינטרס הציבורי (ר' פסיקת כב' השופטת שטרסברג כהן בע\פ 9090/00 בועז שניידרמן נ' מדינת ישראל (ניתן ביום 22.2.2001).""",test
מהו מתחם העונש ההולם שנקבע עבור הנאשם בעבירות שביצע?,"מכל המקובץ, סבורני כי מתחם העונש ההולם לכלל העבירות שביצע הנאשם בנסיבות ביצוען, נע בין 16 ל-36 חודשי מאסר בפועל, לצד מאסרים מותנים וענישה כלכלית.",test
מהי מדיניות הענישה בעבירות איומים וכיצד היא מתמודדת עם האלימות המילולית בחברה?,מדיניות הענישה הנהוגה בעבירה זו מתחשבת בצורך במאבק בנגע האלימות המילולית שפשט בחברה הישראלית ומתפקידו של בית המשפט להעביר מסר ברור באמצעות השתת עונשים מוחשים על מי שבוחר לפתור את קשייו האישיים באמצעות פגיעה קשה בשלוות נפשו של אחר.,test
מדוע נדחה ערעור המערער על חומרת העונש למרות שהמתלונן נכנס לרכבו ללא רשות?,"ערעור שהוגש על חומרת העונש נפסל על ידי בית המשפט העליון בציינו כי: \אין לקבל את טענת המערער שלפיה יש להתערב לקולה במתחם עקב העובדה שהמתלונן הוא זה שהתחיל את האירוע. אמנם המתלונן נכנס לרכבו של המערער ללא רשות, ואולם לאחר שיצא המתלונן מן הרכב, היה באפשרותו של המערער לנסוע מן המקום. חלף זאת בחר המערער להסלים את האירוע עשרות מונים ולנהוג באלימות קשה, ומשכך האחריות המלאה למעשים מוטלת עליו\"".""",test
מהו הבסיס לשיקולים לחומרה בעניינו של הנאשם?,"שיקולים לחומרה: בבסיס השיקולים לחומרה יש לציין את צבר העבירות שביצע הנאשם, החמורות כל אחת כשלעצמה, ולבטח ביצוען המצרפי במהלך אירוע אחד.",test
מהו המבחן הנוהג שעל בית המשפט להחיל כאשר הוא קובע אם הנאשם ביצע עבירה נוספת במהלך תקופת ההתחייבות?,"סבורני כי בבוא בית המשפט לקבוע האם הנאשם שלפניו ביצע עבירה נוספת במהלך תקופת ההתחייבות שנכללה באותה התחייבות להימנע מעשותה, להחיל את המבחן הנוהג לעניינו של \אותו מעשה\"" הנהוג בקשר לטענה \""כבר הורשעתי/זוכיתי\"" (קדמי, \""על סדר הדין בפלילים הדין בראי הפסיקה\"", חלק שני, כרך ב', מהדורה מעודכנת 2009, עמ' 1755).""",test
מדוע כל אחת מהפרת ההוראה החוקית מהווה אירוע נפרד המצריך התייחסות עונשית?,"מכלול העבירות נשוא האישום הראשון, וכל אחת מהפרת ההוראה החוקית בהן הורשע הנאשם מהווה אירוע בפני עצמו, המצדיק התייחסות עונשית נפרדת, בהתאם להוראות סעיף 40יג(ב) לחוק העונשין.",test
מהי הדרך המומלצת לפריסת סכומי הפיצוי שנפסקו לנאשמות?,"את סכומי הפיצוי שנפסקו יש לפרוס לתשלומים בכדי לסייע לנאשמות בפירעון הפיצוי, בהתחשב במצבן הכלכלי ובעונש המאסר הממושך שנגזר עליהן.",test
כיצד יקבע מתחם הענישה במקרה זה על בסיס שיקולים נורמטיביים ואובייקטיביים?,"תחילה, אקבע את מתחם הענישה למעשה העבירה שביצע הנאשם, על בסיס שיקולים נורמטיביים ואובייקטיבים, בהתחשב בערכים החברתיים שנפגעו, מידת הפגיעה בהם, במדיניות הענישה ובנסיבות הקשורות בביצוע העבירה.",test
"מהו המשמעות של הנזק הפוטנציאלי שנגרם ממעשי הנאשם, למרות שלא נגרם נזק בפועל?","אמנם, לא ידוע על נזק בפועל שנגרם ממעשיו של הנאשם, אך הנזק הפוטנציאלי שהיה עשוי להיגרם ממעשיו הינו משמעותי וחמור ביותר.",test
מהו ההליך הנדרש לשימור ההליך הטיפולי של הנאשם בבית המשפט?,בבית המשפט קבע כי לצורך מימוש ושימור ההליך הטיפולי יש לגזור על הנאשם רכיבי ענישה באופן שייווצר הליך מבוקר ומתמשך במסגרתו יועמד הנאשם בפיקוח טיפולי ושיפוטי.,test
אילו שיקולים נלקחים בחשבון לקביעת מתחם הענישה?,"לצורך כך אביא בחשבון את הערכים החברתיים שנפגעו מביצוע העבירה ומידת הפגיעה בהם; נסיבות הקשורות בביצוע העבירה, מידת אשמו של הנאשם; ומדיניות הענישה הנוהגת.",test
כיצד משפיעה אי לקיחת אחריות על החשש להישנות מעשים דומים בעתיד?,"יתר על כן, אי לקיחת אחריות, העדר מודעות לחומרת המעשים והימנעות מהבעת צער וחרטה מעלים את החשש להישנות מעשים דומים בעתיד.",test
מהי השפעת המציאות הסוציו-אקונומית על קביעת מידת הפגיעה בערכים המוגנים?,"דומה כי קביעת בית המשפט בדבר מידת הפגיעה בערכים המוגנים, שעל פי לשון סעיף 40ג(א) לחוק העונשין היא רלוונטית לקביעת המתחם, צריכה להיות מושפעת גם מהמציאות המוכרת, במסגרתה אלה החיים לצידנו נתונים במצב סוציו-אקונומי בעייתי, ולא אחת במצוקת אבטלה ועוני.",test
כיצד משפיעות נסיבות ביצוע העבירה על חומרת העונש במקרה זה?,"עם זאת, נסיבות ביצועה מצביעות על חומרה מסוימת, שעה שהנאשם נכנס באור יום ללא רשות לחדר במלון שעשוי היה להיות מאוכלס ומכאן הפוטנציאל להתרחשות אירוע אלים.",test
מהו השיקול שהנחה את בית המשפט בקביעת מתחמי הענישה במקרה זה?,"בשקלול כל הנתונים והטעמים שמניתי, מצאתי לקבוע מתחמי ענישה אלה.",test
מהי מדיניות הענישה בעבירת סחיטה בכוח וכיצד היא משפיעה על החברה?,"מדיניות הענישה הנהוגה - עבירת סחיטה בכוח, שלעתים מלווה באיומים או בהיזק לרכוש, מאפיינת התנהגות של עולם תחתון, פוגעת באושיות סדרי החברה ומחייבת הטלת עונש ממשי של מאסר בפועל, שיאפשר הרתעה ועידוד קורבנות העבירה לשתף פעולה עם רשויות החוק.",test
כיצד מתחם הענישה משקף קביעה נורמטיבית של בית המשפט לגבי האיזון החברתי?,"מתחם הענישה, משקף לעומת זאת, קביעה נורמטיבית של בית המשפט בדבר האיזון הראוי בעיני החברה בין כלל השיקולים הרלבנטיים על פי המתכונת הקבועה בחוק.",test
מהו הערך החברתי החשוב בהגנה על שלום הציבור מפני סמים מסוכנים?,הגנה על שלום הציבור מפני פגיעתם הקשה של סמים מסוכנים הינה ערך חברתי חשוב.,test
מהו יתרון שיטת העונש הכולל בהבעת עמדה עונשית ביחס להתנהגות הנאשם?,יתרונה של שיטת העונש הכולל הוא בכך שהיא מאפשרת לבית-המשפט להביע עמדה עונשית ראויה ביחס למכלול התנהגותו הפלילית של הנאשם.,test
מהו המפתח לקביעת מתחם העונש ההולם בעבירה לפי סעיף 40ג(א) לחוק העונשין?,מתחם העונש ההולם יקבע בהתאם לעקרון ההלימות כפי שהוגדר בסעיף 40ג(א) לחוק העונשין.,test
כיצד משפיעה הבעת רצון הנאשם לקבל עזרה על האינטרס הציבורי?,"הבעת רצונו של הנאשם לקבל עזרה כדי להימנע מתגובות דומות בעתיד מטה את הכף, בנסיבותיו מול האינטרס הציבורי (ר' פסיקת כב' השופטת שטרסברג כהן בע\פ 9090/00 בועז שניידרמן נ' מדינת ישראל [פורסם בנבו] (ניתן ביום 22.2.2001).""",test
מהו אופי מעשי הפגיעה והתעללות בקטינים לפי כבוד השופט?,"כבוד השופט מציין כי מעשי הפגיעה והתעללות בקטינים, פעוטות חסרי ישע הינם מעשים אשר שלובים בהם רוע ואכזריות ועולה מהם פגיעה עמוקה בבסיס האנושיות המתבקשת.",test
"מהי התופעה החברתית שבתי המשפט מצווים להיאבק בה, במיוחד בעבירות אלימות?","עבירות האלימות ככלל, וכנגד בני/בנות זוג בפרט, הפכו זה מכבר לרעה חולה, אשר בתי המשפט מצווים להיאבק בה.",test
מהו השיקול שהשפיע על ההחלטה בענישה במקרה זה?,לקחתי בחשבון את השפעת הענישה על המתלוננת וילדם המשותף.,test
מהו העונש המקסימלי שנקבע על ידי המחוקק לעבירת החזקת סכין?,"עבירה של החזקת סכין, לצדה קבע המחוקק עונש של עד 5 שנות מאסר, הינה עבירה חמורה וחומרתה בהיתכנות אירוע אלים.",test
מהו השיקול המרכזי להטלת מאסר בפועל על הנאשם?,"חומרת מעשיו והעבירות בהן הורשע והעובדה כי ביצע את העבירות פחות מחודש לאחר ששוחרר ממאסר כאשר לחובתו מאסר מותנה, מחייבים הטלת מאסר בפועל.",test
מהן הנסיבות האישיות של הנאשם שנלקחו בחשבון לפי תסקירי שירות המבחן?,"הבאתי בכלל חשבון את גילו הצעיר של הנאשם, נסיבות חייו הקשים ורקעו הפסיכיאטרי, כפי שפורטו בתסקירי שירות המבחן, בחוו\ד הפסיכיאטר ובראיות ההגנה.""",test
מהו מתחם העונש ההולם לעבירות שביצע הנאשם בנסיבות המפורטות?,"מכל המקובץ, סבורני כי מתחם העונש ההולם לעבירות שבוצעו על ידי הנאשם, בנסיבות המפורטות, נע בין מאסר קצר שיכול וירוצה בעבודת שירות לבין 18 חודשי מאסר בפועל, לצד מאסרים מותנים וענישה כלכלית.",test
מהן שלושת השלבים במלאכת גזירת הדין לפי סעיף 40 לחוק העונשין?,"מלאכת גזירת הדין מורכבת משלושה שלבים עיקריים: תחילה, אקבע את מתחם העונש ההולם למעשה העבירות שביצע הנאשמים, על בסיס שיקולים נורמטיביים ואובייקטיבים, בהתחשב בערך החברתי שנפגע מביצוע העבירות, במידת הפגיעה בערך זה, במדיניות הענישה הנהוגה ובנסיבות הקשורות בביצוע העבירות כמפורט בסעיף 40ט לחוק העונשין (סעיף 40ג לחוק העונשין); לאחר מכן, אבחן האם ראוי לחרוג מן המתחם לקולא בשל שיקולי שיקום (סעיף 40ד לחוק העונשין) או לחומרא בשל שיקולי הגנה על שלום הציבור (סעיף 40ה לחוק העונשין); לבסוף, אקבע את העונש המתאים שיושת על כל אחד מהנאשמים, בהתחשב בצורך בהרתעת הנאשמים (סעיף40ו לחוק העונשין), בצורך בהרתעת הרבים (סעיף40ז לחוק העונשין) ובנסיבותיו האישיות של כל אחד מהנאשמים שאינן קשורות בביצוע העבירות (סעיף 40יא לחוק העונשין), כמו גם בנסיבות אחרות ככל שתמצאנה רלוונטיות (סעיף 40יב לחוק העונשין).",test
מהו העיקרון המנחה לקביעת מתחם העונש ההולם לפי סעיף 40ג(א) לחוק העונשין?,מתחם העונש ההולם יקבע בהתאם לעקרון ההלימה כפי שהוגדר בסעיף 40ג(א) לחוק העונשין.,test
כיצד יוכל בית המשפט לפקח על התמדתן של הנאשמות?,"דרך זו תאפשר לבית המשפט לפקח על התמדתן של הנאשמות, שכן במקרה של ביצוע עבירה נוספת או היעדר שיתוף פעולה עם הממונה על עבודות השירות, תרצנה מי מהנאשמות את יתרת התקופה שנגזרה עליה מאחורי סורג ובריח.",test
מהו המתחם הכולל שייקבע בענישה ואילו נתונים עליו לשקול?,"למותר לציין כי המתחם הכולל שייקבע, צריך ליתן ביטוי לרצף המעשים, ריבויים, משכם, תדירותם, לפגיעה שגרמו וליתר הנתונים הרלוונטיים עת קובע בית המשפט את מתחם העונש ההולם.",test
מהו ההבדל בין חלקו של המתלונן לחלקו של הנאשם באירוע?,"עם זאת, חלקו של המתלונן במכלול האירוע היה שונה מזה של הנאשם ועל כן זכאי היה לענישה מקלה באופן יחסי.",test
מדוע יש לתת משקל לרווח הכלכלי שנצמח מהעבירות בעת הענישה?,"בעת ענישתם של העוסקים בסחר בסמים, יש לתן משקל גדול לשאלת הרווח הכלכלי שנצמח מהעבירות.",test
מהו העקרון שעל פיו יקבע מתחם העונש ההולם לפי סעיף 40ג(א) לחוק העונשין?,מתחם העונש ההולם יקבע בהתאם לעקרון ההלימה כפי שהוגדר בסעיף 40ג(א) לחוק העונשין.,test
מהו השיקול המרכזי שיש לתת לו משקל בכורה במקרה זה?,"מכאן שיש במקרה זה לתת משקל בכורה לשיקול ההלימה וכן להגנה על הציבור והרתעה הן של הנאשם והן של הרבים על פני נסיבותיו האישיות של הנאשם. (ראו: ע\פ 3863/09 מדינת ישראל נ' חסן (ניתן ביום 10.11.2009); ע\""פ 4383/07 אבו פנה נ' מדינת ישראל (ניתן ביום 25.9.2007)).""",test
כיצד מתחשבים בתי המשפט בחומרת העבירות ובסכנות הכרוכות בהן?,"בתי המשפט ציינו את חומרת העבירות ומגמת החמרת הענישה שנגזרה עליהן, להתחשב בחומרת הפגיעה בערכים החברתיים המוגנים ובסכנות הרבות הכרוכות בהן.",test
מהו הדגש המרכזי במדיניות הענישה בעבירה שבה הורשע הנאשם?,"מדיניות הענישה הנוהגת בעבירה בה הורשע הנאשם, שמה דגש על הצורך במאבק בנגע האלימות בחיק המשפחה ובצורך להשית ענישה מרתיעה.",test
מהו הנזק הפוטנציאלי שהיה עלול להיגרם מעבר לחבלות שנגרמו לקטין?,הנזק הפוטנציאלי שהיה עלול להיגרם חמור יותר מאותן חבלות שנגרמו לקטין.,test
מהו הנזק הממשי שנגרם בעקבות מעשיו של הנאשם וכיצד הוא השפיע על בעלי המקום?,הנזק שנגרם מביצוע העבירה ממשי שכן הנאשם בעט בשולחנות ומדפים עליהם הונחה סחורה וניתן לשער את תחושת הפחד שאחזה בבעלי המקום.,test
"מהו תפקיד הענישה המרתיעה בהקשר לתופעת \תת תרבות הסכינאות\""?""","על בית המשפט למגר בענישה מרתיעה בין השאר את תופעת \תת תרבות הסכינאות\"" על כל השלכותיה הרעות.""",test
מהי ההכרעה לגבי אחריות פלילית של הנאשם ביחס לסייגים הקיימים?,"כאמור בהכרעת הדין מעשיו של הנאשם אינם חוסים תחת הסייג לאחריות פלילית, אך ניתן לקבוע קרבה לסייג האמור.",test
מהו השיקול המרכזי שהשפיע על ההחלטה להקל בעונש הנאשם?,"שיקולים לקולא: הנאשם הודה בכתב האישום שתוקן לקולא, לקח אחריות על מעשיו וניכר כי כיום הוא פועל לשיקום אורחות חייו.",test
אילו ערכים מוגנים נפגעים בביצוע העבירות שביצעו הנאשמים?,"ביצוע העבירה פגעו הנאשמים בערכים המוגנים בבסיסה והם שמירה על הסדר החברתי, שלטון החוק, שלום הציבור, והצורך למנוע השלכות פליליות וחברתיות.",test
מהו ההליך המוצע לפיקוח טיפולי ושיפוטי על הנאשם במסגרת הענישה?,"לבסוף, במסגרת זו, מצאתי לגזור על הנאשם רכיבי ענישה באופן שייווצר הליך מבוקר ומתמשך במסגרתו יועמד הנאשם בפיקוח טיפולי ושיפוטי שנועד להוות מנוף לטיפול ושיקום.",test
מהו השיקול שעל בית המשפט לבחון בעניין חריגה ממתחם הענישה?,"כאמור, על בית המשפט לבחון האם ראוי לחרוג מן המתחם בשל שיקולי שיקום המהווים שיקול לקולא (סעיף 40ד לחוק העונשין) או מאידך, לחרוג מן המתחם בשל הצורך להגנה על שלום הציבור, המהווה שיקול לחומרה (סעיף 40ה לחוק העונשין).",test
אילו שיקולים יובאו בחשבון לקביעת מתחם הענישה במקרה זה?,"לצורך כך יובאו בחשבון הערכים החברתיים שנפגעו מביצוע העבירות ומידת הפגיעה בהם; נסיבות הקשורות בביצוע העבירות, מידת אשמו של הנאשם ומדיניות הענישה הנוהגת.",test
מדוע לא נמצא מקום לחרוג ממתחם העונש ההולם במקרה זה?,"בענייננו, לא מצאתי לחרוג ממתחם העונש ההולם, כפי קביעתי, בשל שיקולי שיקום.",test
מהו מתחם העונש ההולם שנקבע בגין העבירות המיוחסות לנאשם?,"בהתחשב בכל הנאמר עד כה, ובשים לב לעקרון ההלימה, אני סבור כי מתחם העונש ההולם בגין האירוע המתואר בכתב האישום המתוקן נע בין 4 ל- 14 חודשי מאסר בפועל, מאסר מותנה למשך מספר חודשים, קנס, פיצוי כספי ופסילת רישיון נהיגה למשך 24-30 חודשים.",test
מדוע קבע המחוקק עונש מינימלי לעבירות של תקיפת שוטר?,לא בכדי קבע המחוקק עונש מינימאלי לעבירות של תקיפת שוטר הקשורה למילוי תפקידו.,test
כיצד ייקבע מתחם הענישה למעשי העבירות שביצעו הנאשמים?,"תחילה, אקבע את מתחם הענישה למעשי העבירות שביצעו הנאשמים, על בסיס שיקולים נורמטיביים ואובייקטיבים, בהתחשב בערכים החברתיים שנפגעו, מידת הפגיעה בהם, במדיניות הענישה ובנסיבות הקשורות בביצוע העבירות.",test
מהו הרושם שהתקבל לגבי הפנמת הנאשם את חומרת מעשיו?,"יתרה על כן, מתקבל הרושם שהנאשם לא הפנים את חומרת מעשיו ומתרץ את ביצוע העבירות בשל מצבו הרפואי והתמכרותו רבת השנים לסמים ואלכוהול, משל מדובר בחסינות לביצוע עבירות.",test
כיצד נקבע מתחם הענישה למעשי העבירות שביצעו הנאשמים?,"תחילה, אקבע את מתחם הענישה למעשי העבירות שביצעו הנאשמים, על בסיס שיקולים נורמטיביים ואובייקטיבים, בהתחשב בערכים החברתיים שנפגעו, מידת הפגיעה בהם, במדיניות הענישה ובנסיבות הקשורות בביצוע העבירות.",test
מהו השיקול המאפשר סטייה לקולא מרמת הענישה המקובלת במקרה זה?,"אי לכך, ומשהשיקול השיקומי מצדיק סטייה לקולא מרמת הענישה המקובלת, מצאתי כי זהו מקרה בו ניתן לחצות את קו המתחם לקולא.",test
כיצד יש לראות עבירות אלימות כלפי עורכי דין בהקשר למילוי תפקידם?,"מכאן, יש לראות בחומרה מיוחדת כל עבירת אלימות פיסית או מילולית המופנית כלפי עורך דין על רקע מילוי תפקידו.",test
מהי הגישה שננקטה בפסיקה בנוגע לעבירות בהן נעשה שימוש בסכין או בחפץ חד?,"אשר לעבירות בהן נעשה שימוש בסכין או בחפץ חד אחר, נקבע לא אחת בפסיקת בית המשפט העליון כי יש למגר את תת תרבות הסכין, בדרך של ענישה מחמירה.",test
מדוע נחשבות עבירות הפצה וסחר בחומרים מסכנים לעבירות חמורות הרות אסון לחברה?,"\הפצה וסחר בחומרים מסכנים מהווה עבירות חמורות הרות אסון לחברה, ויש שחומרים מסכנים אלו, בדומה להשפעות סמים מסוכנים, גורמים להרס רב ומצמיחים עבירות קשות. לאור החומרה הרבה שבכך, צריכה להיות גם עוצמת המלחמה בנגע רע זה\"" (עמ\""ת     57509-11-13 (מח' ב\""ש) מדינת ישראל נ' פלוני (ניתן ביום 4.12.2013)).""",test
מדוע יש לקבוע מתחמי ענישה נפרדים לכל אחד מהאישומים?,"לפיכך, יש מקום לקבוע מתחמי ענישה נפרדים לכל אחד מהאישומים.",test
מה קבע בית המשפט העליון לגבי המאסר המותנה והחמרת העונש בעבירת ההצתה?,"בית המשפט העליון קיבל את הערעור על קולת העונש וקבע כי המאסר המותנה יופעל בחופף, תוך שציין את חומרתה של עבירת ההצתה וכי ככלל ראוי להטיל בגינה עונש מאסר בפועל אף מבלי שנגרם נזק רחב לרכוש או לגוף.",test
מהי מלאכת גזירת הדין ומהם השלבים העיקריים בה?,"מלאכת גזירת הדין מורכבת ממספר שלבים עיקריים: תחילה, אקבע את מתחם העונש ההולם למעשה העבירה שביצע הנאשם, על בסיס שיקולים נורמטיביים ואובייקטיבים, בהתחשב בערך החברתי שנפגע מביצוע העבירה, במידת הפגיעה בערך זה, במדיניות הענישה הנהוגה ובנסיבות הקשורות בביצוע העבירה כמפורט בסעיף 40ט לחוק העונשין (סעיף 40ג לחוק העונשין); לאחר מכן, אקבע את העונש המתאים לנאשם, בהתחשב בצורך בהרתעת הנאשם (סעיף40ו לחוק העונשין) והרבים (סעיף40ז לחוק העונשין) ובנסיבותיו האישיות של הנאשם שאינן קשורות בביצוע העבירה (סעיף 40יא לחוק העונשין), כמו גם בנסיבות אחרות ככל שתמצאנה רלוונטיות (סעיף 40יב לחוק העונשין).",test
אילו שיקולים ינחו את בית המשפט בקביעת העונש המתאים לנאשם?,"אי לכך, מכלול השיקולים, לרבות שיקולי הרתעת הנאשם ואחרים כמותו ינחוני בקביעת העונש המתאים בגדרו של מתחם הענישה (סע' 40ו ו-40ז לחוק העונשין).",test
מהי הסיבה לכך שהמלצות שירות המבחן לא שיקפו את האיזון הראוי בענישה?,"ברם, סבורני כי אין בהמלצות שירות המבחן כדי לשקף נכונה את האיזון הראוי בין שיקולי הענישה.",test
מה העריך שירות המבחן לגבי הסיכון להישנות העבירה אצל הנאשם?,"בהתחשב בגילו הצעיר של הנאשם, היותו בעל דימוי עצמי נמוך ובעל קושי לשלוט ולווסת דחפים ונטייה להתפרצויות זעם, בעיקר לאחר צריכת אלכוהול, העריך שירות המבחן כי ההליכים המשפטיים היוו עבורו גורם בולם ומציב גבולות להתנהגותו והסיכון להישנות העבירה נמוך.",test
מהו הסיכון הקיים בעבירה של הסגת גבול בהקשר לפגיעה פיזית בחיי אדם?,בעבירה של הסגת גבול קיים גם סיכון אינהרנטי להתדרדרות האירוע לפגיעה פיזית בחיי אדם.,test
כיצד משפיעה סכין על פוטנציאל הנזק במקרה של חיכוך אלים?,"כפי שנזדמן לי להעיר לפני שבועות ספורים סכין המצויה באמתחתו של פלוני מהווה 'מכפיל כוח'; עצם הימצאותה מגדיל עשרות מונים את פוטנציאל הנזק שעשוי להיגרם במקרה של חיכוך אלים, ויש שאף את הסתברות התקיימותו מלכתחילה.",test
כיצד משפיעה מידת ההשפעה של צריכת האלכוהול על מתחם הענישה?,"מידת ההשפעה של נסיבה זו על מתחם הענישה אינה ניכרת משמעותית, וזאת בהתחשב בעיקר בערכים החברתיים הניצבים מנגד שעניינם כאמור הגנה על שלומו וחייו של הזולת ומידת הפגיעה בערך זה.",test
מהו המתח בין חומרת העבירה לנסיבות האישיות של הנאשם בגזירת העונש?,"המקרה דנא הינו דוגמא למתח שבין חומרת העבירה המצדיקה ככלל השתת מאסר בפועל לבין נסיבותיו האישיות של הנאשם ונסיבות העבירה, נתונים \המושכים\"" לכיוון השתת עונש שאינו כולל מאסר בפועל, גם לא כזה שירוצה בעבודות שירות.""",test
"מהו החשש שהנאשם לא יחזור על עבירות דומות, אשר השפיע על קביעת העונש?","מנגד, לא מצאתי כי קיים חשש שהנאשם יחזור ויבצע עבירות דומות בעוצמה המצדיקה את חציית רף מתחם הענישה לחומרה משיקולי הגנה על שלום הציבור.",test
מהן הנסיבות שצריך לשקול בית המשפט בעת גזירת העונש?,"כידוע, מתפקידו של בית המשפט להעריך ולשקול נסיבות רבות ומגוונות, כגון חומרת העבירה ונפיצותה בציבור, הגנה על שלום הציבור ובטחונו, הרתעת העבריין ועבריינים בכוח, וכיוצא באלה.",test
אילו שיקולים ינחו בקביעת העונש המתאים בגדר מתחם הענישה?,"אי-לכך, מכלול השיקולים, לרבות שיקולי הרתעת הנאשם ואחרים כמותו (סע' 40ו ו-40ז לחוק העונשין), ינחוני בקביעת העונש המתאים בגדר מתחם הענישה.",test
מהו השינוי שהביא תיקון 113 לחוק העונשין בנוגע לשיטת הענישה?,"בדרך זו חידד תיקון 113 לחוק העונשין את הצורך בהמשך נקיטת שיטת ענישה אינדיווידואלית, הבוחנת נסיבותיו של כל מקרה ואדם המובא לדין.",test
מדוע הנאשם אינו זכאי להגנה בשל מצב השכרות בעת ביצוע העבירות?,"על אף היותו שרוי בגילופין בשעת המעשה, הנאשם הביא את עצמו למצב השכרות, יכל להימנע מהמעשים לו רצה בכך, הוא אינו זכאי לחסות מהגנה שבדין ואף לא נטען לסייג לאחריותו הפלילית.",test
מדוע הוחלט להטיל על הנאשם עונש מצטבר לעונש מאסר אחר?,"לאור הלכה זו, ובשים לב לכך שאת העבירות הנוספות ביצע הנאשם לאחר האירועים מושא כתב האישום בתיק זה, אני מורה שהנאשם ירצה את העונש שהוטל עליו, במצטבר לכל עונש מאסר אחר.",test
מהו תפקידם של שיקולי הרתעת היחיד ואחרים בהקשר להשלכות החברתיות והכלכליות של העבירות?,"יש להביא בכלל חשבון את שיקולי הרתעת היחיד ואחרים כמותו, בייחוד כך נוכח ההשלכות החברתיות והכלכליות הכרוכות בביצוע העבירות בהן הורשע הנאשם.",test
אילו נסיבות יש להביא בחשבון לפי סעיף 40יא לחוק העונשין?,"בהתאם לסעיף 40יא לחוק העונשין, יובאו בכלל חשבון נסיבותיו האישות, שאינן קשורות בביצוע העבירה.",test
כיצד הומלץ להעדיף בעניינו של הנאשם ענישה שיקומית על פני מלוא שורת הדין?,"לאחר שהתרשמתי מטענות הצדדים, המלצות שירות המבחן ומכלול נסיבות העניין, נחה דעתי כי  ראוי להעדיף בעניינו ענישה צופה פני שיקומו, להימנע ממתיחת מלוא שורת הדין למולו, ולהשיג את מטרות הענישה באמצעות השתת רכיבי גמול בדרך של עונש שיקומי שיתרום לחברה בדרך של עבודות שירות, צו מבחן ממושך, לצד ענישה מרתיעה בדמות מאסר מותנה והתחייבות כספית וענישה כלכלית בדמות קנס משמעותי.",test
מהו המסר שחשוב להעביר לנאשם בנוגע לעבירותיו?,"מחובתו של בית המשפט להעביר מסר חד וצלול לנאשם ולאחרים כמותו, לפיו עבירות מסוג זה יתקלו בענישה מוחשית.",test
מהו שיקול ההרתעה שיש להביא בחשבון בנוגע לעבירות שביצע הנאשם?,"יש להביא בכלל חשבון את שיקולי הרתעת היחיד ואחרים כמותו, בייחוד נוכח ההשלכות החברתיות והכלכליות הכרוכות בביצוע העבירות שבהן הורשע הנאשם.",test
מדוע יש להחמיר בעונש על עבירת איומים המבוצעת כלפי עורך דין מצד לקוחו?,"סבורני שבנסיבות דנא, יש לצקת חומרה מיוחדת לעבירת איומים המבוצעת כלפי עורך דין מצד לקוחו, במסגרת יחסי עורך הדין – לקוח, הגם שדברי האיום במקרה דנא, כשלעצמם, אינם ניצבים ברף חומרה גבוה.",test
"כיצד מבחן \הקשר ההדוק\"" משפיע על ההבנה של העבירות שביצע הנאשם?""","על יסוד מבחן \הקשר ההדוק\"" שנקבע בעניין ג'אבר, סבורני כי עסקינן במספר עבירות שבוצעו באופן רציף, שלובות הן זו בזו ונגזרות אחת מהשנייה, כך שמדובר ברצף מקרים שיש ביניהם קשר ענייני הדוק והם חלק מתוכנית עבריינית אחת שבוצעה ממניע אחד, כך שכל הפרדה ביניהן, בגדר \""אירועים שונים\"" תהא מלאכותית ומאולצת.""",test
מהו הדגש שיש לייחד בעת קביעת הענישה ביחס לשלומו של הזולת?,"יש לייחד את הדגש לשלומו ולביטחונו של הזולת, להבדיל מתחושותיו של הנאשם עצמו.",test
מדוע לא נמצא לנכון לחרוג ממתחם העונש ההולם במקרה זה?,"בענייננו, לא מצאתי לחרוג ממתחם העונש ההולם, כפי קביעתי, בשל שיקולי שיקום, בייחוד לאור מידת אשמו הגבוהה של הנאשם בעבירות בהן הורשע ומבלי שהוצגה בפניי תכנית שיקומית עבור הנאשם או הבעת רצון מצידו להשתלב במסגרת זו, במסגרת התיק שלפניי (ר' סעיף 40ד(ב) לחוק העונשין).",test
"מהי הענישה המוחשית שהומלצה לנאשם בהתחשב בשיקולי הגמול, השיקום וההרתעה?","מכל המקובץ, בהביאי בחשבון את שיקולי הגמול, השיקום וההרתעה, ביחס לנאשם בנסיבותיו, הסלידה שחשה החברה נוכח מעשיו והוקעתם הנדרשת, הצורך בהמחשת חומרת מעשיו, הרתעתו והרתעת עבריינים כמותו, לצד צרכי שיקומו, סבורני כי להטיל על הנאשם ענישה מוחשית שתרוצה בדרך של עבודות שירות לצד מאסרים מותנים, פיצוי לבית המלון וצו מבחן.",test
מהן הנסיבות שהניעו את הנאשם לבצע את העבירה המפורטת בכתב האישום המתוקן?,נסיבות חייו הקשות של הנאשם וצרכיי הישרדותו הניעו אותו לבצע את העבירה נשוא כתב האישום המתוקן.,test
מדוע יש לראות כל אישום בכתב האישום כאירוע נפרד מבחינה עונשית?,"משכך, סבורני כי נכון לראות כל אחד מהאישומים המפורטים בכתב האישום כאירוע נפרד, המצדיק התייחסות עונשית נפרדת, בהתאם להוראות סעיף 40יג(ב) לחוק העונשין ועל כן אקבע מתחם עונש הולם לגבי כל אחד מהאישומים, בהתאם לעבירות הכלולות בו, בנסיבות ביצוען.",test
מהו האמון שהנאשמות מעלו בו בהקשר לטיפול בפעוטות בגן?,"הנאשמות מעלו קשות באמון שניתן בהן על ידי הורי הפעוטות שמפקידים בידיהן את היקר להם מכל, מתוך ציפייה ברורה וטבעית שהנאשמות תטפלנה בהם במסירות ותשמורנה על שלומם וביטחונם.",test
מהו המסר שיש להעביר לנאשם ולשאר העבריינים בעקבות ביצוע עבירות אלימות מילולית?,"מי אשר חוזר ומבצע עבירות אלימות מילולית, מאיים על שוטר על מנת להשיג את מבוקשו, יש להציב בפניו גבולות ברורים ומסר של הוקעה שאינו משתמע לשתי פנים ומחובתו של בית המשפט להעביר מסר חד וצלול לנאשם ולאחרים כמותו, לפיו עבירות מסוג זה יתקלו בענישה מוחשית.",test
מהו ספקטרום העונש ההולם במקרה הנידון?,"מכל המקובץ, ובנסיבות הנידון דידן אני קובע כי מתחם העונש ההולם נע על פני ספקטרום שבקצהו האחד עונש של מאסר בפועל למשך 3 חודשים ובקצהו האחר עונש של מאסר בפועל למשך 12 חודשים.",test
מהי עמדת קצינת המבחן לגבי יכולת הנאשם להבין את מעשיו ביום האירוע?,"בעקבות כך, הנאשם מסר לקצינת המבחן כי באותו היום צרך אלכוהול בכמות מוגזמת, אך לא נטען לסייג לאחריות פלילית ולמעשה ההתנהלות הכוללת של הנאשם מצביעה על יכולתו להבין את אשר עשה, את הפסול שבמעשיו והוא יכל להימנע מהם.",test
מהי הסכנה הנשקפת לעבירת הסחיטה באיומים על שלום הציבור?,"בית משפט זה עמד לא אחת על החומרה הרבה הנשקפת מעבירת הסחיטה באיומים, הפוגעת באופן ניכר בשלום הציבור, בשגרת חייו ובביטחונו, ואשר מצדיקה הטלת עונשים מחמירים ללא פשרות.",test
מהו הממצא לגבי נאשמים 2 ו-3 בנוגע לסטייה ממתחם הענישה?,"כך גם בעניינם של נאשמים 2 ו-3, לא מצאתי לסטות ממתחם הענישה שקבעתי לעיל לקולא בשל שיקולי שיקום או לחומרה בשל שיקולי הגנה על שלום הציבור.",test
מהן שלושת השלבים העיקריים במלאכת גזירת הדין לפי חוק העונשין?,"מלאכת גזירת הדין מורכבת משלושה שלבים עיקריים: תחילה, אקבע את מתחם העונש ההולם לעבירות שביצע הנאשם, על בסיס שיקולים נורמטיביים ואובייקטיבים, בהתחשב בערכים החברתיים שנפגעו מביצוע העבירות, במידת הפגיעה בערכים אלה, במדיניות הענישה הנהוגה ובנסיבות הקשורות בביצוע העבירות כמפורט בסעיף 40ט לחוק העונשין (סעיף 40ג לחוק העונשין); לאחר מכן, אבחן האם ראוי לחרוג מן המתחם לקולא בשל שיקולי שיקום (סעיף 40ד לחוק העונשין) או לחומרה בשל שיקולי הגנה על שלום הציבור (סעיף 40ה לחוק העונשין); לבסוף, אקבע את העונש המתאים שיושת על הנאשם, בהתחשב בצורך בהרתעת הנאשם (סעיף 40ו לחוק העונשין), בצורך בהרתעת הרבים (סעיף 40ז לחוק העונשין) ובנסיבותיו האישיות של הנאשם שאינן קשורות בביצוע העבירה (סעיף 40יא לחוק העונשין), כמו גם בנסיבות אחרות ככל שתמצאנה רלוונטיות (סעיף 40יב לחוק העונשין).",test
מהי מידת הפגיעה בערכים החברתיים המוגנים במקרה זה?,מידת הפגיעה בערכים החברתיים המוגנים במקרה דנא הינה משמעותית.,test
מהי הסיבה לכך ששירות המבחן לא המליץ על ביטול הרשעת הנאשם?,"בנסיבות אלה, בהעדר בשלות רגשית לקשר טיפולי מצד הנאשם, נמנע שירות המבחן מהמלצה לביטול הרשעתו.",test
מהו המאבק הנדרש בתופעות האלימות החמורות בחברה הישראלית בהן נעשה שימוש בנשק?,"על כן, המאבק בתופעות האלימות החמורות בחברה הישראלית בהן נעשה שימוש בנשק מחייב, מעבר למאמץ 'לשים יד' על כלי הנשק הבלתי חוקיים הרבים שבידי הציבור, גם ענישה מחמירה ומרתיעה בעבירות נשק, לרבות על עצם החזקה או רכישה שלא כדין של נשק...",test
כיצד השפיע ההסכם בין הצדדים על גובה הענישה שהוטלה על הנאשם?,"לאור מתן משקל לשיקולי הצדדים משהגיעו להסכמה בדרך של טווח ענישה מוסכם, ומשלא מצאתי כי טווח זה חורג יתר על המידה ממתחם הענישה ההולם ומתוך מגמה לעודד הגעה להסדרים, באתי לכלל מסקנה כי יש להשית על הנאשם ענישה המצויה במרום הטווח המוסכם, בנקודת ההשקה לרף התחתון של מתחם הענישה ההולם בנסיבותיו ומידת אשמו של הנאשם.",test
מדוע יש ליתן משקל מוגבל לשיקול חלוף השנים בגזירת הדין בעבירות מין במשפחה?,"לטעמי, וככל שעסקינן בגזירת הדין בגין עבירות מין במשפחה, שקורבנותיהן הם קטינים, יש ליתן משקל מוגבל לשיקול, בדבר חלוף השנים מאז בוצעו העבירות.",test
מהי ההחלטה לגבי הפיצוי במקרה שלא הוכח שווי הרכוש הגנוב?,"הואיל ולא הוכח לפניי מהו שווי הרכוש שלא הושב לבעליו ולנוכח נסיבותיו של הנאשם והענישה המוחשית המוטלת עליו, אפסוק פיצוי סמלי בלבד ואין בכך כדי לחסום את דרכם של בעלי הדירה, לנקוט כנגד הנאשם בהליכים אחרים לקבלת פיצוי מלא לנזקיהם.",test
מהו הקשר בין העבירות שביצע הנאשם למשבר בחיי הזוגיות שלו?,עוד הבאתי בחשבון כי העבירות בוצעו בעיצומו של משבר בחיי הזוגיות בינו לבין איריס והעובדה כי מאז נפרדו דרכיהם.,test
"מהו תפקידו של בית המשפט במאבק בקטל בדרכים, לפי הפסיקה?",רבות דובר בפסיקה בצורך להילחם בקטל בדרכים ובית המשפט מצווה להרים את תרומתו למאמץ הלאומי באמצעות ענישה הולמת ומרתיעה.,test
מהי החשיבות של התחשבות בנסיבות האישיות של הנאשם בעת גזירת העונש?,"בגזירת העונש המתאים לנאשם שמלפניי וכמצוות סעיף 40יא לחוק העונשין, יש מקום להתחשב בנסיבותיו האישיות, אשר אינן קשורות בביצוע העבירות.",test
מהו תפקיד הערך הענישתי בעבירות סמים לפי פסיקות בתי המשפט?,מדגישים בתי המשפט בפסיקתם את חשיבות הערך הענישתי בעבירות סמים כאחד הכלים החשובים בפעילות לביעורו של נגע הסמים.,test
מהי הסיבה לכך שאין די בענישה טיפולית במקרה זה?,"חומרת המעשים ונסיבות ביצועם מביאים למסקנה כי אין די בענישה טיפולית בעניינו, אלא יש צורך בענישה מוחשית ומרתיעה בדרך תרומה לחברה וענישה צופה פני עתיד, כדי להמחיש את הסלידה שחש הציבור מהמעשים ובתוך כך לשגר מסר מרתיע לבל ישוב הנאשם לבצע עבירות נוספות בעתיד.",test
מהו רף המסוכנות הנשקף מהנאשם לפי הערכת בית המשפט?,רף המסוכנות הנשקף מהמשיב הינו בעצמה גבוהה והוא מהווה סיכון של ממש לשלום הציבור.,test
מהן הגורמים שיכולים להשפיע על מדיניות הענישה בעבירות דומות?,"בחינת מדיניות הענישה באירועים דומים העלתה כי הוטלו עונשים במנעד רחב התלוי בעבירות הנלוות שבוצעו, בנסיבות ביצוע העבירות ובנסיבותיו של הנאשם עצמו.",test
מדוע יש לראות את העבירות שביצע הנאשם כאירוע אחד לצורך קביעת מתחם הענישה?,"הנאשם ביצע את העבירות ברצף, כשיש ביניהן קשר הדוק, ועל כן יש לראותן כאירוע אחד, לצורך קביעת מתחם הענישה.",test
כיצד משפיעה האלימות כלפי בת זוג על החמרת הענישה?,"מעשים אלה מקבלים משנה חומרה, כאשר מדובר באלימות הננקטת כלפי בת זוג, החיה עם אותו אדם תחת קורת גג אחת, בתא משפחתי מצומצם, האמור להוות עבורה משענת ומקום מבטחים.",test
מהי הסיבה לכך שהעונש יחרוג לקולה ממתחם הענישה הראוי במקרה זה?,"העונש שייגזר על הנאשם יחרוג לקולה ממתחם הענישה הראוי והמקובל בעבירות מסוג אלו בהן הורשע הנאשם, לאחר ששוכנעתי כי במקרה זה מתקיימים התנאים אליהם כיוון סעיף 40ד(א) לחוק העונשין, המצדיקים סטייה ממתחם ענישה וגזירת דין שיביא לידי ביטוי סיכוי שיקום.",test
מהו המסר המשפטי שנועד להוקיע עבירות אלימות במשפחה?,"נפסק לא אחת כי בכל הנודע לעבירות אלימות ואיומים בחיק המשפחה, יש להציב גבולות ברורים ומסר של הוקעה חד וצלול לנאשם ולציבור כולו, כי עבירות מסוג זה יתקלו בענישה מוחשית.",test
כיצד חידד תיקון מס' 113 לחוק העונשין את שיטת הענישה?,"בדרך זו חידד תיקון מס' 113 לחוק העונשין את הצורך בהמשך נקיטת שיטת ענישה אינדיווידואלית, הבוחנת נסיבותיו של כל מקרה ואדם המובא לדין.",test
מהי הסיבה לקביעת ענישה מרבית מחמירה בעבירות אלימות במשפחה?,"עבירות אלה, נפיצותן, וכן הקושי של קורבנות העבירה להתלונן, הביאו את המחוקק לקבוע ענישה מרבית מחמירה ובנגזר מכך ביטאה הפסיקה את הצורך במלחמה בתופעה זו.",test
מהי מידת הפגיעה בערכים המוגנים במקרה הנדון?,"במקרה דנא, מידת הפגיעה של הנאשם בערכים המוגנים ממשית.",test
אילו שיקולים משפיעים על קביעת העונש המתאים בגדר מתחם הענישה?,"מכלול השיקולים, לרבות שיקולי הרתעת הנאשם ואחרים כמותו מפני ביצוע עבירות נוספות (סע' 40ו ו-40ז לחוק העונשין), ינחוני בקביעת העונש המתאים בגדר מתחם הענישה.",test
מהו הרושם שהשאיר הנאשם על שירות המבחן בנוגע לגילו ולזהותו?,"שירות המבחן התרשם מהנאשם כבחור צעיר מאוד, ילדותי ולא בשל אשר זהותו העצמית טרם גובשה  וציין כי ההליך המשפטי בשילוב עם השיחות בשירות משמעותיים מאוד עבורו ועשויים לסייע לו לסמן דרך להתנהגות נורמטיבית ותקינה.",test
"מהו המאפיין המרכזי של הפעולה שביצע הנאשם, כפי שניתן להסיק מהעובדות?","מכך, ניתן להסיק כי אין מדובר בפעולה אקראית או ספונטנית, אלא בפעילות עבריינית שקדמה לה תכנון מראש.",test
מהו השיקול המרכזי שיש לבחון במדיניות הענישה בנוגע לעבירות דומות?,"באשר למדיניות הענישה הנהוגה יש לבחון ענישה שהוטלה על נאשמים במקרים שנסיבותיהם דומות לנסיבות המקרה הנדון, תוך שימת לב להבחנות מתחייבות.",test
מדוע יש לקחת בחשבון את שיקולי ההרתעה במקרה זה?,"יש להביא בכלל חשבון את שיקולי הרתעת היחיד והרבים, בעיקר נוכח ההשלכות החברתיות הקשות הכרוכות בביצוע עבירות אלה, ובשים לב שהנאשם נטה למזער מחומרת העבירות שביצע הן לפני שירות המבחן והן לפני הממונה על עבודות השירות, כך שגובר החשש להישנות ביצוע עבירות סמים בעתיד מצדו.",test
מהו המצב הכלכלי של הנאשם וכיצד הוא משפיע על גזירת העונש?,"לצד זאת, הבאתי בחשבון את מצבו הכלכלי הקשה של הנאשם, יתר רכיבי הענישה והפגיעה הצפויה בפרנסתו ובכלכלת משפחתו.",test
מהו השיקול החשוב שעל השופט לשקול במאזני שיקוליו?,"השופט, הוא אשר ישים במאזני שיקוליו, כאחד השיקולים החשובים, גם את המלצתו של קצין המבחן.",test
מהו הרף החומרה של עבירת שהייה בלתי חוקית בישראל?,"העבירה של שהייה בלתי חוקית בישראל, בדרך כלל, איננה ברף חומרה גבוה ומניעיה הם בעיקר דוחק כלכלי, ואין בה סימן למניע פוגעני או חבלה ביטחונית.",test
מהו הנזק שעלול להיגרם לנאשם ולמשפחתו אם יופעל המאסר המותנה?,"לאור זאת ולאור קרבתו לסייג לאחריות פלילית, מצאתי כי הפעלת המאסר המותנה תסב לו ולמשפחתו נזק חמור ואילו הארכת משך המאסר המותנה תתרום להרתעת הנאשם לבל ישוב לבצע עבירה פלילית בה הורשע.",test
מדוע יש להחמיר בענישת מבצעי עבירות אלימות תוך שימוש בסכין?,"בשל נפיצותה של התופעה הביע ביהמ\ש העליון דעתו, לא אחת, שיש להחמיר בענישתם של אלה המבצעים עבירות של אלימות תוך עשיית שימוש בסכין.""",test
מדוע יש לייחס משקל לתחושות האימה והפגיעה בביטחון האישי של בעל הנכס?,"יש לייחס משקל נרחב לתחושות האימה, אוזלת יד, הפגיעה בביטחון האישי והפגיעה בפרטיות אותן חש בעל הנכס המגלה אנשים זרים מחטטים בחפציו האישיים בדירתו ונוטלים לעצמם את אשר הם חפצים בו.",test
כיצד תורמים בתי המשפט למלחמה באלימות בחברה הישראלית ומהי מטרת ההרתעה?,"בתי המשפט מצווים לתרום חלקם למלחמה באלימות שפשטה בחברה הישראלית על כל צורותיה וגווניה, שיהא בה כדי להרתיע הן את הנאשם העומד לדין והן עבריינים אחרים כמותו, מלשוב ולבצע עבירות אלימות בעתות דחק או כהות חושים.",test
מהו השיקול שיש לקחת בחשבון בגזירת העונש המתאים לנאשם?,"בגזירת העונש המתאים לנאשם שמלפניי וכמצוות סעיף 40יא לחוק העונשין, יש מקום להתחשב בנסיבותיו האישיות, אשר אינן קשורות בביצוע העבירות.",test
מדוע יש צורך בהרתעה משמעותית בעבירות רכוש שבוצעו על ידי מי שנכנס לישראל ללא היתר?,"חומרה מיוחדת מתקיימת כאשר עבירות רכוש תוך שימוש באלימות מתבצעות על ידי מי שנכנס לישראל ללא היתר, ודורשת הרתעה משמעותית למנוע עבירות חוזרות.",test
כיצד נקבע מתחם העונש ההולם לפי עקרון ההלימה בחוק העונשין?,מתחם העונש ההולם יקבע בהתאם לעקרון ההלימה כפי שהוגדר בסעיף 40ג(א) לחוק העונשין.,test
כיצד מתבטא חוסר ההפנמה של הנאשמות לגבי חומרת מעשיהן?,"הנאשמות הפגינו חוסר הפנמה של חומרת מעשיהן, ומעשיהן היו ברובם חלק משגרת טיפול בגן, אף שזו התגלתה כפוגענית ואכזרית כלפי חסרי ישע.",test
מהי הסיבה לכך שלא נמצא לחרוג ממתחם העונש במקרה זה?,"בענייננו, לא מצאתי לחרוג ממתחם העונש ההולם, כפי קביעתי, בשל שיקולי שיקום, בהעדר המלצה טיפולית (ר' סעיף 40ד(ב) לחוק העונשין).",test
מהו הפוטנציאל של הנאשמות לבניית חיים נורמטיביים במסגרת הנתיב השיקומי?,"הנאשמות נמצאות בנתיב שיקומי, הכולל פוטנציאל של ממש לבניית חיים נורמטיביים, שתאפשר להן לנהל חיי משפחה, לעבוד בכבוד ולגדל את ילדיהן, ולכל הפחות \יש סיכוי של ממש\"" לשיקומן.""",test
מהי המטרה של ענישה מחמירה בהקשר לעבירת הסחיטה באיומים?,"זאת לשם מניעתה, בשים לב למאפייניה הייחודיים ו'קשר השתיקה' שלצידה אשר נובע מחששו של קורבן הסחיטה לפנות לרשויות האכיפה, ואשר מעצים את פגיעתו.",test
כיצד העונש הקבוע כיום אינו מבטא את החומרה של העבירה לפי הצעות החוק?,"העונש הקבוע כיום בצד העבירה אינו מבטא חומרה זו ואינו הולם את הפגיעה בערך המוגן, בין אם היה סיכון קונקרטי כאמור, ובין אם לאו\ (הצעות חוק הממשלה, מס' 1223, 30.4.2018, עמ' 914).""",test
מהו העקרון שעל פיו נקבע מתחם העונש ההולם לעבירות שביצע הנאשם?,"מתחם העונש ההולם נקבע בהתאם לעקרון ההלימה כפי שהוגדר בסעיף 40ג(א) לחוק העונשין, ולצורך כך על בית המשפט להתחשב בשלושת אלה: בערך החברתי שנפגע מביצוע העבירה ובמידת הפגיעה בו; בנסיבות הקשורות בביצוע העבירה ומידת אשמו של הנאשם; במדיניות הענישה הנהוגה.",test
מהו העיקרון שעל פיו יקבע מתחם הענישה ההולם במקרה זה?,"מתחם הענישה ההולם יקבע בהתאם לעקרון ההלימה, כאמור בסעיף 40ג(א) לחוק העונשין.",test
מהן הסיבות להטלת עונש מאסר ממושך על הנאשם?,"נוכח חומרת העבירות, נסיבות ביצוען, העדר נטילת אחריות וביצוען בזמן שעמדה נגדו ענישה מותנית, וניסיונו לשבש בהליכי המשפט לאחר ביצוע עבירות הרכוש, שהינה עבירה בפני עצמה, אין מנוס מהטלת עונש של מאסר ממושך וענישה מרתיעה, כדי להבהיר לנאשם ולאחרים כמותו את חומרת מעשיו.",test
מהי תכלית העבירה המיועדת למיגור תת תרבות הסכינאות?,"תכליתה של עבירה זו לסייע במיגור התופעה השלילית שהביאה עמה \תת תרבות הסכינאות\"" ומניעה מראש של הסיכונים העלולים להתרחש עקב שימוש פסול בסכין.""",test
אילו נסיבות אישיות של הנאשם נלקחו בחשבון להקל בעונשו?,"במסגרת השיקולים שמצאתי להניח על כף הזכות ביחס לנאשם, הבאתי בכלל חשבון את גילו הצעיר, יליד 1996, הודאתו בכתב האישום שתוקן לקולא, לקיחת האחריות מצדו, הבעת הצער והחרטה והחיסכון בזמן שיפוטי בכך שמנע את הצורך בשמיעת עדים.",test
מהי החשיבות הנורמטיבית של קביעת האם מדובר באירוע אחד או במספר אירועים?,עמד כב' השופט נ' סולברג על חשיבותה הנורמטיבית של הקביעה האם מדובר באירוע אחד לגביו יש לקבוע מתחם אחד או מספר אירועים.,test
מהו הצורך החברתי המתרקם סביב שמירה על משאבי הטבע ואיכות החיים?,"קיים צורך חברתי גובר לשמירה על משאבי טבע, למניעת פגיעה באיכות החיים והכרה בנזק שנגרם לכלל הציבור בשל הפגיעה במשאבי הטבע (ראו: בג\צ 4128/02 אדם טבע בדין נ' ראש הממשלה, פ\""ד נח(3), 503; רע\""פ 1223/07 סח עלי מורשב נ' מדינת ישראל ( ניתן ביום 12.2.2007)).""",test
כיצד משפיע הטלת קנס כספי על תוחלת הרווח של יורשי עבירות סמים?,הטלת קנס כספי עצמאית יש בה רכיב הרתעתי המפחית את תוחלת הרווח של יורשי עבירות סמים אם נתפסו.,test
אילו ערכים חברתיים ונסיבות יש לקחת בחשבון בקביעת מתחם העונש?,בואו של בית המשפט לקבוע מתחם העונש ההולם חייב להביא בחשבון לא רק את הערכים החברתיים שנפגעו אלא גם את הנסיבות הקשורות בביצוע העבירה.,test
מהו התגובה הנדרשת למעשים המעוררים סלידה כדי לתרום למלחמה בעבירות האלימות?,"מעשים אלו מעוררים סלידה שיש להגיב עליהם ביד קשה ובכך לתרום למלחמת חורמה בעבירות האלימות, המכרסמות ביסודות חברתנו הדמוקרטית.",test
מדוע לא ניתן ליחס לנאשם תכנון מוקדם למעשיו במקרה זה?,בנסיבות אלא אינני סבור כי ניתן ליחס לנאשם תכנון מוקדם למעשיו; מדובר במקרה שבו התגרותם ותעוזתם של המתלוננת וחברה מרכזיים והם העפילו על הארוע כולו עד כי היה בהם להצדיק את צורכו של הנאשם להתגונן מפניהם ולפעול כדי להוציאם מדירתו.,test
מהו המשקל שניתן להמלצות שירות המבחן בהליך השיפוטי של הנאשם?,"מצאתי לתן משקל רב להמלצות שירות המבחן, לאורחות חייו הנורמטיביים של הנאשם, יציבותו התעסוקתית מזה כשנה וחצי, אבחונו כלוקה במחלת סכיזואפקטיבית והתמודדותו הלא פשוטה למניעת החמרה במצבו.",test
מהן הנסיבות שהובילו לביצוע העבירה לפי סעיף 40ט לחוק העונשין?,"בחינת הנסיבות הקשורות לביצוע העבירה, בהתאם לסעיף 40ט לחוק העונשין, מעלה כי מדובר בעבירה שהתרחשה על רקע ויכוח שהתלהט בין הנאשם למתלוננת, בעת שנישואיהם עלו על שרטון.",test
כיצד נקבע מתחם העונש ההולם לפי עקרון ההלימה?,"מתחם העונש ההולם נקבע בהתאם לעקרון ההלימות כפי שהוגדר בסעיף 40ג(א) לחוק העונשין ולצורך כך על בית משפט להתחשב בשלושת אלה: ראשית, בערך החברתי שנפגע  מביצוע העבירה ובמידת הפגיעה בו; שנית, בנסיבות הקשורות בביצוע העבירה ומידת אשמו של הנאשם; שלישית, במדיניות הענישה הנהוגה (ע\פ 8641/12 סעד נ' מדינת ישראל (ניתן ביום 5.8.2013).""",test
כיצד משפיעים שיקולי הרתעה על קביעת העונש המתאים לנאשם?,"בסופו של יום, סבורני כי השיקולים השונים, ינחוני בקביעת העונש המתאים בתוך גדרי מתחם הענישה ההולם לצד שיקולי הרתעת הנאשם והרתעת הרבים מפני ביצוע עבירות נוספות (ר' סעיף 40ו לחוק העונשין).",test
מדוע יש להטיל ענישה מרתיעה על העבירות בהן הורשע הנאשם?,"עבירות חמורות אלה, כל אחת לחוד ובעיקר שילובן זו בזו, הינן עבירות ששומה על בית המשפט למגר בענישה מרתיעה ומשמעותית.",test
כיצד יקבע מתחם העונש ההולם לפי סעיף 40ג(א) לחוק העונשין?,מתחם העונש ההולם יקבע בהתאם לעקרון ההלימות כפי שהוגדר בסעיף 40ג(א) לחוק העונשין.,test
מהו תפקיד בתי המשפט במאבק נגד נגע הסמים במדינה?,"נקבע בשורה ארוכה של פסקי דין, כי נגע הסמים פשה בארצנו כמגיפה ומשכך מצווים בתי המשפט לתרום את חלקם במלחמה נגד נגע זה, על מנת לבלום את הצפת המדינה בכמויות גדולות של סם.",test
מהו הערכת שירות המבחן לגבי ההשלכות ארוכות הטווח של פגיעות הנאשם בנפגעת העבירה?,"שירות המבחן העריך כי השלכות פגיעות הנאשם והנזקים עמם מתמודדת נפגעת העבירה, הינם ארוכי טווח ובהעדר עיבוד ומענה טיפולי, הן עלולות לבוא לידי ביטוי גם בהמשך בכל תחומי חייה ותפקודה בעתיד.",test
מהי המטרה של השילוב של הנאשם במסגרת טיפול קבוצתי לפי חוות הדעת?,כותבת חוות הדעת המליצה לשלב את הנאשם במסגרת טיפול קבוצתי על מנת שהנאשם יוכל להתייחס להתנהגות שבעטיה הוא נכנס למצבי סיכון וזיהוי גורמי סיכון אפשריים עתידיים ולצורך הפקת תובנות.,test
מהו הכלל הנוגע לחובת המאסר כאשר מוטל עונש בגין עבירות בתיק זה?,"כשמוטל על הנאשם עונש מאסר בגין העבירות בתיק זה, חובה כי חלק מתקופת המאסר תהא בפועל.",test
מהי מידת הפגיעה בערך המוגן במקרה זה?,"במקרה דנן, מידת הפגיעה בערך המוגן הינה רבה.",test
מהי הסיבה להטיל על הנאשם עונש כולל אחד ביחס לשני האירועים?,"בהתחשב בעובדה כי המדובר באירועים דומים מאד, ממניעים זהים, שבוצעו בסמיכות זמנים, באתרי בנייה קרובים, הגם שכלפי מתלוננים שונים שאין זיקה ביניהם, יש מקום להטיל על הנאשם עונש כולל אחד ביחס לשני האירועים.",test
כיצד השפיעה התנהלות הנאשם על ההחלטה לגבי הענישה המוטלת עליו?,"התנהלות הנאשם בגינה הורשע ואי לקיחת אחריות לאחר הרשעתו הביאו אותי למסקנה כי אין הוא זכאי לאימון בית המשפט, הנדרש לשם שליחתו לביצוע עונש בדרך של עבודות שירות.",test
מהי החובה המוטלת על בתי המשפט ביחס לתוצאת מעשי הנאשמים?,על בתי המשפט מוטלת החובה להגיב בכל חומרת הדין לתוצאת מעשי הנאשמים.,test
כיצד הגעת למסקנה לגבי סבירות טווח הענישה המוסכם בהסדר הטיעון?,"מכל המקובץ, בבואי לבחון את סבירותו של טווח הענישה המוסכם, במסגרת הסדר הטיעון, ולאחר שערכתי איזון בין אותם נתונים עליהם עמדה המאשימה, לבין אלה עליהם עמדה ההגנה, הגעתי למסקנה לפיה הסדר הטיעון שהוצג משקף את נסיבות ביצוע מעשיו של הנאשם.",test
