question,answer,split
"מהו הכלל לגבי עונשם של נאשמים בביצוע העבירה הנדונה, ומהם החריגים לכך?","כמו כן, וחרף הכלל לפיו בדרך כלל עונשם של נאשמים בביצוע העבירה דנן הוא למאסר מאחורי סורג ובריח, ניתן ללמוד על מקרים בהם נגזרו על נאשמים אף עונשי מאסר לריצוי בעבודות שירות.",train
מהו העיקרון שעל פיו נקבעת מידת העונש ההולם?,קביעת מתחם העונש ההולם נעשית על פי עיקרון ההלימה.,train
מהו תפקיד השיהוי בהגשת כתב האישום בשיקולי הענישה?,"כידוע, שיהוי וחלוף הזמן מהווים שיקולים רלבנטיים בין שיקולי הענישה, ונקבע לא אחת כי שיהוי בהגשת כתב אישום מביא לעינוי דין לנאשם, ולצידו פגיעה פוטנציאלית ביכולתו להתגונן, ויש בו כדי להביא להקלה משמעותית בעונש במקרים מתאימים, כשכל מקרה נבחן על פי נסיבותיו.",train
מהו העיקרון המשפטי המונע חריגה ממתחם העונש ההולם במקרה זה?,"בנוסף, לא מתקיימים במקרה זה טעמים המצדיקים חריגה ממתחם העונש ההולם.",train
כיצד עשויים בתי המשפט להטיל עונשי מאסר בעבודות שירות במקרה של נזק כספי לא מתוקן?,"גם במקרים בהם הנאשם לא תיקן את הנזק הכספי שגרם, עשויים בתי המשפט להטיל עונשי מאסר לריצוי בעבודות שירות, זאת בהתאם לנסיבות המיוחדות של כל מקרה ומקרה.",train
מהי השפעת הרשעתו הקודמת של הנאשם על שיקולי הענישה הנוכחיים?,"לא נעלמה ממני הרשעתו הפלילית של הנאשם משנת 2017 (עבירות משנת 2014) בהחזקת סמים לצריכה עצמית והפרעה לשוטר (עת/1), אך לא מצאתי שיש בה כדי להשפיע במידה ממשית על שיקולי, בשים לב לסוג העבירות והעובדה שגם מאז ביצוען חלפו שנים ארוכות, ונראה שהנאשם עלה על דרך חדשה והוא, כאמור, נעדר עבר פלילי בתחום הרלוונטי.",train
מהו תפקיד מדיניות הענישה בקביעת מתחם העונש ההולם בעבירות מס?,"בקשר לענישה הנוהגת יש לזכור, מבלי למעט בחשיבות שקילתה וחשיבות אחידות הענישה, כי מתחם העונש ההולם מגלם הכרעה ערכית המבוססת על שיקולים שונים שמדיניות הענישה היא רק אחד מהם.",train
כיצד מעשי הנאשמים פגעו באמון הציבור בעוסקים ובנישומים?,"מעשי הנאשמים פגעו באמון הניתן בעוסקים ונישומים שיגישו דיווחי אמת וישלמו מסים כחוק, ואף גרמו לנזק של ממש לקופת המדינה הנסמכת על כספי המסים לטובת כלל אזרחי המדינה וצרכיה.",train
כיצד משפיעים המאסרים המותנים על ההחלטה להאריך את המאסר במקרה הנדון?,"במקרה שלפני המאסרים המותנים התלויים ועומדים כנגד הנאשם אכן מכבידים, בני 24 ו- 9 חודשים אך אין בכך כאמור כדי לאפשר ולהצדיק בנסיבותיו של המקרה דנן הארכתם.",train
אילו גורמים הביאו לקביעת עונש הנאשם בתחתית מתחם הענישה ל-9 חודשי מאסר בפועל?,"השילוב בין נתון זה לשיהוי הממשי בהגשת כתב האישום, יחד עם הודיית הנאשם לאחר התיקון המשמעותי שנערך בכתב האישום, לצד מתחם הענישה שנקבע ועמדת המאשימה עצמה לפיה ראוי לקבוע את עונשו של הנאשם בתחתית מתחם הענישה חרף אי הסרת המחדלים על ידו (גם אם עתרה למתחם אחר מזה שנקבע), הביאוני למסקנה כי נכון לקבוע את עונשו של הנאשם בתחתית המתחם ל- 9 חודשי מאסר בפועל, ולהורות כי בנסיבות החריגות עונשו ירוצה בעבודות שירות.",train
כיצד תיבחן סבירות ההסדר כאשר הצדדים הסכימו על טווח ענישה?,"על פי הגישה הרווחת, גם מקום בו הסכימו הצדדים בהסדר טיעון על טווח ענישה, ובכלל זאת מקרה בו הסכימה המאשימה להגביל עצמה לעונש מסוים בעוד שההגנה חופשית בטיעוניה, תיבחן סבירותו של ההסדר במבחן האיזון בהתאם לאמות מידה מקובלות המעוגנות בתיקון 113 לחוק העונשין (עניין מצגר, פסקה 12 (30.4.2017)).",train
מהי עמדת בית המשפט לגבי חומרת עבירות המס על פי הפסיקה שהוצגה?,"עיינתי גם בפסיקה אליה הפנתה המאשימה, העולה בקנה אחד עם האמירות הנורמטיביות בדבר חומרת עבירות המס.",train
מהו השיקול המרכזי שהוביל למסקנה שאין פוטנציאל שיקומי המגביר את שיקולי הענישה?,"במקרה זה אין המדובר בשיקום או בפוטנציאל לשיקום הגובר על יתר שיקולי הענישה שנמנו לעיל, ואף לא כזה המצדיק חפיפה מלאה של עונש המאסר על תנאי שתלוי ועומד נגד הנאשם עם העונש שייגזר.",train
מהו העיקרון שעל פיו נקבעת מידת העונש בהקשר לערך החברתי שנפגע?,"קביעת מתחם העונש ההולם נעשית על פי עיקרון ההלימה תוך התחשבות בערך החברתי אשר נפגע, במידת הפגיעה בו, במדיניות הענישה הנוהגת ובנסיבות ביצוע העבירה.",train
מדוע לא ניתן לחרוג ממתחם העונש שנקבע?,לא מתקיימים טעמים המצדיקים חריגה ממתחם העונש שנקבע לחומרה או לקולא.,train
מהו הערך המוגן שנפגע בביצוע עבירה של חבלה במזיד ברכב?,מביצוע עבירה של חבלה במזיד ברכב נפגעים הערכים המוגנים הנוגעים לשמירה על הרכוש והקניין וזכותו של כל אדם כי לא יפגעו בו וברכושו.,train
כיצד השפיע תיקון הנזק החלקי לקופה הציבורית על שיקול הדעת בענישה של הנאשם?,"שקלתי לקולא גם את תיקון הנזק החלקי, אך המשמעותי, לקופה הציבורית על ידי הנאשם בסך 500,000 ₪, בהתאם להסדר הטיעון בין הצדדים (ענ/1).",train
מהי הסיבה לכך שאין נסיבות לסטייה לקולא או לחומרה במקרה זה?,במקרה דנן לא מתקיימות נסיבות לסטייה לקולא או לחומרה ממתחם העונש אשר נקבע.,train
מדוע לא ניתן להשוות את עונש הנאשמים לעונש המוסכם של עד המדינה?,"כידוע, אין להשוות עונשם של נאשמים לעונש מוסכם בעניינו עד מדינה אשר אושר על ידי הגורמים המוסמכים, ועונש מסוג זה אינו יכול להוות אמת מידה רלוונטית.",train
אילו סוגי עונש עשויים להיגזר במקרים מיוחדים בהם לא הוסרו מחדלי כתב האישום?,"מהפסיקה אף עולה כי קיימים מקרים מיוחדים ומתאימים בהם נגזר עונש צופה פני עתיד וקנס, ולעיתים של\צ, מקום בו לא הוסרו מחדלי כתב האישום במלואם, כל מקרה ונסיבותיו.""",train
מהי המשמעות של הסרת מחדלים בעבירות מסוג זה?,כידוע להסרת מחדלים משמעות ממשית לעניין הענישה בעבירות מסוג זה וכך גם למועד בו היא מבוצעת .,train
מהו השיקול המרכזי בקביעת מתחם הקנס בעבירות הנעברות לצורך הפקת תועלת כלכלית?,"לעניין מתחם הקנס, מדובר בעבירות הנעברות לצורך הפקת תועלת כלכלית, כשהקנס הוא ממין העבירה ומשכך קיימת חשיבות אף לענישה כספית משמעותית אשר תלמד כי אין תועלת כלכלית לצד עבירות אלה.",train
כיצד פוגעת עבירה זו בפיקוח רשות המס?,"עבירה זו אף פוגעת בפיקוח רשות המס כששיטת המס במחוזותינו מבוססת על האמון שנותנת הרשות בנישום, שיגיש דיווחיו כדין במועד ואף ישלם את המס, ככל שזה מתחייב.",train
מהו הגורם שהוביל לקביעת מתחמי ענישה שונים לנאשמים השונים?,"השילוב בין ההבדלים שבסעיפי העבירות בהן הורשעו הנאשמים השונים, לצד תפקידיהם השונים במערך העברייני, הביאוני למסקנה כי נכון לקבוע במקרה זה מתחמי ענישה שונים לנאשמים כפי שיפורט להלן.",train
מהן השפעות השיטתיות והיקפן של העבירות על מדיניות הענישה הנוהגת?,"מדיניות הענישה הנוהגת ביחס לעבירות שעניינן אי הגשת דוחות במועד למס הכנסה ואי העברת ניכויים מושפעת מהשיטתיות שבמעשים והיקפם, מהנזק שנגרם, כמו גם מהסרת המחדל.",train
מהו העיקרון המנחה לקביעת מתחם העונש ההולם בעבירות מס?,"מתחם העונש ההולם נקבע בהתאם לעקרון ההלימה, בשים לב לערכים המוגנים אשר נפגעו, לנסיבות ביצוע העבירות ולמידת הפגיעה בהם, כמו גם למדיניות הענישה הנוהגת.",train
"מהי מידת הפגיעה שנמצאה ממעשי הנאשם בערכים המוגנים בעבירות, בהתחשב בנסיבות לקולא?","מבלי להתעלם מנסיבות לקולא שפורטו, בין היתר העובדה שהנאשם עזב את חברת ה.ג.א אחרי תקופה קצרה וטרם קבלת רישיון הנש\מ ואף לפני תחילת הפעילות בה והפעלת חשבון הבנק, וטענתו כי עזב לאור התנהלותו של אמסטט וחילוקי דעות עמו, כשאף הגיש כנגדו תלונות במשטרה בגין התנהלות אלימה, מצאתי מידת פגיעה לא מבוטלת ממעשי הנאשם בערכים המוגנים בעבירות.""",train
כיצד משפיעה נטילת הסכום העודף על טענת הנאשם לפעולה מתוך צדק?,"גם בראי ההסבר שניתן, יש בנטילת הסכום העודף כדי לפגוע במידת מה בטענה לפיה פעל הנאשם מתוך תחושת צדק בלבד.",train
מהו תפקיד התנהגות רשויות אכיפת החוק בקביעת עונשו של נאשם?,"כידוע, על פי סעיף 40יא(9) לחוק העונשין, בעת מיקום עונשו של נאשם בגדרי המתחם רשאי בית המשפט לשקול את התנהגות רשויות אכיפת החוק בין יתר שיקוליו – וזה המקום הראוי לשקול שיקולים אלה גם במקרה דנן.",train
באילו מקרים ניתן לקבוע מתחם ענישה של מאסר על תנאי בעבירות גידול סם?,"קיימים מקרים בהם תחתית המתחם נקבעת למאסר על תנאי לצד של\צ ואף מאסר על תנאי בלבד, בפרט כאשר המדובר בעבירות של גידול סם לצד החזקתו לצריכה עצמית ולא בכמויות גדולות וללא תחכום, ואף בנסיבות חמורות מאלה שבעניינו.""",train
מהו הקושי שהנאשם חווה בעקבות ההליך הפלילי והמעשים הפליליים בהם הורשע?,"בפרט לקושי הברור אותו חווה הנאשם משך שנים רבות כשמעליו עננת ההליך הפלילי, ואף בקשר למעשים פליליים נרחבים וחמורים מאלה בהם הורשע בסופו של יום, בקשר למשך התקופה בה היה חבר ועד ההנהלה של האגודה המשליך על מידת מעורבותו ואחריותו לתוכנית העבריינית הכוללת.",train
כיצד השפיעו הנזקים שנגרמו למתלונן על קביעת העונש?,"על פי עדות המתלונן, נזקק לכ- 4 חודשי החלמה, סבל כאבים קשים, עד היום סובל מקוצר נשימה במאמץ ואף פרנסתו נפגעה, כך שאין להקל ראש כלל בנזק החמור שנגרם למתלונן בעת בחינת הנסיבות.",train
כיצד משפיעים ההבדלים בהיקף העבירות על חפיפת העונשים המוטלים?,"בראייה כוללת ולפי תכלית הענישה, מצאתי כי על אף ההבדלים בהיקף וחומרת העבירות שיש כלולות במאסרים המותנים, חפיפת העונשים נמנעת מפגיעה בהלימה בין ההתנהגות האסורה לבין העונש שיופעל בגינה.",train
מהו מתחם העונש ההולם במקרה של הנאשם בהתחשב בנסיבות ביצוע העבירה?,"על פי טענות הנאשם, המגובות במסמכים, ובעדותו של ח\כ גליק כאמור באשר לנסיבות ביצוע העבירה – חששו של הנאשם לשוב לשטחי הרשות הפלסטינאית, לטעמי, מתחם עונש שבתחתיתו עונש של מאסר על תנאי הוא ההולם, כפי שאף קבע כב' השופט דרויאן בעניינו של הנאשם בת\""פ 1089-03-14.""",train
"מהי המשמעות הממתנת לרקע הנטען במקרה זה, בהתחשב בהיסטוריית העסקים של הנאשמת?","בנסיבותיו הקונקרטיות של המקרה קיימת משמעות ממתנת מסוימת לרקע הנטען, בשים לב לדברי הסנגורית שלא נסתרו לפיהם עסקיה של הנאשמת פעלו משך כ-20 שנה קודם לביצוע העבירות, ולא נטען כי במהלך תקופה זו בוצעו עבירות, ולכך שתקופת ביצוע העבירות איננה ארוכה במיוחד, כ- 6-7 חודשים, והעבירות כולן בוצעו במקביל כמעט לחלוטין, גם אם במסגרת 4 חברות (החברות הנאשמות).",train
מהי החשיבות של הענישה הכספית בעבירות מס הכנסה?,"לעניין מתחם הקנס, כידוע, בסוג זה של עבירות קיימת חשיבות לענישה כספית ממשית אשר תלמד כי אין אף תועלת כלכלית לצד ביצוען של העבירות.",train
מהו המידע שנלקח בחשבון לגבי עברו הפלילי של הנאשם בהקשר לעונש המוטל עליו?,"עוד נתתי דעתי לכך שהנאשם נעדר עבר פלילי וזו הסתבכותו הראשונה הגם שהושת בעבר קנס מנהלי על נאשמת 1, ומבלי להתעלם מכמות העבירות ומשך תקופת ביצוען על פי כתב האישום.",train
אילו שיקולים יש לשקלל לפי סעיף 40יא לחוק העונשין?,"יש לשקלל את כלל השיקולים העומדים לנגד עיניו של בית המשפט, על פי סעיף 40יא לחוק העונשין, בשקלול שיקולי הרתעה ונסיבות אישיות גם ביחד.",train
מדוע נחשבות העבירות שביצעו הנאשמים לחמורות על פי דיני המס?,מושכלות ראשונים הן כי העבירות שבביצוען הורשעו הנאשמים הן מהחמורות על פי דיני המס ובאות להגן על ערכים בסיסיים וחשובים למרקם החברתי של חיינו.,train
מהי מסקנת בית המשפט לגבי מידת הפגיעה בערכים המוגנים ממעשי הנאשם?,"בראי הנתונים שלעיל מסקנתי היא כי מידת הפגיעה בערכים המוגנים ממעשי הנאשם במקרה זה, גם  אם אינה מבוטלת, איננה ברף גבוה.",train
מהו השיקול המשפטי המאפשר ויתור על הרשעה במקרה זה מבלי לפגוע בשיקולי הענישה האחרים?,סוג העבירה ונסיבות ביצועה מאפשרים לוותר בנסיבות המקרה על ההרשעה מבלי לפגוע באופן מהותי בשיקולי הענישה האחרים.,train
מהן הנסיבות שהופכות את עניין אי ריידר מוטורס לחמור יותר מהעבירות הנדונות?,"נסיבותיו של עניין אי ריידר מוטורס חמורות מענייננו משבנוסף לביצוע עבירות על פי פקודת המכס, דובר בניסיון לעקוף איסור או מגבלה של משרד התחבורה, וממעשי העבירות נפגעו ערכים מוגנים נוספים וחשובים בדמות שלום הציבור ובטחונו.",train
מדוע לא ניתן להתייחס לעונשו של אבו אלרוב ככזה המגלם מחצית מהעונש של המבצע העיקרי?,"הגם שקיימת משמעות לכך שעונשו של אבו אלרוב נגזר עליו כמסייע לחבלה בכוונה מחמירה כלפי שמעון רביבו (לצד העבירות הנוספות) ואף לא יוחסה לו עבירה בגין הפגיעה באיילין, ובאופן רגיל עונשו של מסייע הוא מחצית עונשו של המבצע העיקרי (סעיף 31 לחוק) –  יש לזכור כי התיקון שנערך בכתב האישום בעניינו הוא תולדה של הסכמת הצדדים בהסדר הטיעון, כשחלקו בביצוע העבירות כעולה מן העובדות אינו מבוטל.",train
מהו ההבדל בין התלהמות רגעית לבין פעולה מתוכננת של הנאשם כלפי המתלונן?,"אין המדובר בהתלהמות רגעית כי אם בנאשם אשר תכנן להפתיע את המתלונן בזמן עבודתו, עת נהג באוטובוס, תוך שהוא חמוש במוט וחפץ חד כאמור.",train
מדוע לא ניתן לקבוע גזירה שווה בין הנאשם לנאשמים אחרים בפרשה?,לא ניתן ללמוד מענישה שניתנה לאחרים בפרשה גזירה שווה בנוגע לנאשם בשל הבדלים בין חלקם בביצוע העבירות והיקף המעורבות.,train
כיצד משפיעים שיקולי אינטרס ציבורי על הענישה בעבירות כלכליות?,"על פי הפסיקה, שיקולי אינטרס ציבורי בדמות שיקולי הרתעה ובכללם הרתעת הרבים מקבלים בכורה בסוג זה של עבירות על פני נסיבות אישיות.",train
מה ניתן ללמוד על גזרי הדין בעבירות מס כאשר המחדלים הוסרו?,"עיון בפסיקה אף מלמד על מקרים רבים בהם גזרו בתי המשפט עונש של מאסר מותנה בלבד וקנס לצדו מקום בו הוסר המחדל במלואו, או בחלקו הגדול, גם במקרים בהם דובר בביצוע מספר לא מבוטל של עבירות בסכום משמעותי, בין אם נקבע אירוע עונשי אחד או מספר אירועים, גם בהסכמת המאשימה, מבלי שנטען או נקבע כי יש לחרוג לקולא ממתחם העונש ההולם הכולל ביחס לעבירות.",train
מדוע יש לשקול בכובד ראש את התרשמות שירות המבחן לגבי עונש המאסר?,יש לשקול בכובד ראש את התרשמות שירות המבחן בדבר הנזק והנסיגה שעונש של מאסר מאחורי סורג ובריח יגרום לנאשם.,train
מדוע יש חשיבות להסרת מחדל בסוף ההליך?,"אמנם מדובר בהסרת מחדל בסוף ההליך, אך אין למעט מחשיבותה – מבחינת תיקון הנזק והבעת חרטה במעשה ולא רק מהפה החוצה.",train
מהו השיקול שהנחה את בית המשפט בקביעת מתחמי הענישה במקרה של העבירות המיוחסות לנאשמים?,"בראי נסיבות ביצוען של העבירות, ובראי הערכים המוגנים בעבירות על חוק מע\מ וחוק מס קנייה, כמו גם פקודת המשקאות המשכרים, שחלקם דומים אך קיים גם שוני ביניהם, והגם שהעבירות בוצעו באותה התקופה, מצאתי לקבוע במקרה זה שני מתחמי ענישה כעתירת המאשימה.""",train
"מה ההבדל בין המקרה הנוכחי לבין המקרה ברע\פ 1441/14 חמיס נ' מדינת ישראל?""","אינני מוצאת כי מקרה זה דומה לעניינו של המערער ברע\פ 1441/14 חמיס נ' מדינת ישראל (9.12.2014), שם דובר בצבר נסיבות אשר הביאו לקביעת בית המשפט העליון כי יש מקום באותו המקרה לחרוג ממתחם העונש ההולם ולהאריך את המאסר המותנה, ואינן מתקיימות בעניינו.""",train
מהי המשמעות של סיכויי שיקום הנאשם לפי התסקירים שהתקבלו?,"בפרט, מבלי להתעלם מהשלב הראשוני של הטיפול בו מצוי הנאשם והדרך שעל הנאשם עוד לעבור, לא ניתן להתעלם מסיכויי שיקומו העולים מן התסקירים, ומההמלצה על העמדתו בצו מבחן.",train
כיצד משפיע רצף העבירות על קביעת מתחם הענישה לפי הפסיקה?,"זאת בשים לב לכך שכלל העבירות בוצעו ברצף, בהתאם למבחן הקשר ההדוק אשר נקבע בע\פ 4910/13 ג'אבר נ' מדינת ישראל [פורסם בנבו] (29.10.2014), והצדדים אף לא עתרו אחרת (לגישה אחרת ראו רע\""פ 1688/14 כץ נ' מדינת ישראל [פורסם בנבו] (9.03.2014)).""",train
מהן שתי התכליות להתחשבות בהסרת המחדל לפי השופט מלצר?,"ברע\פ 7851/13 חדר עודה נ' מדינת ישראל (3.9.2015) ציין כב' השופט מלצר כי להתחשבות בהסרת המחדל שתי תכליות, האחת סילוקו של המחדל והשלמת החסר לקופת המדינה והטבת הנזק והשנייה עידוד הבעת חרטה וקבלת אחריות של הנאשם.""",train
מהו השיקול שהשפיע על קביעת העונש לנאשם בהתחשב במעורבותם של אחרים בפרשה?,"בעת שקילת העונש ההולם לנאשם נתתי דעתי גם לעונשם של מעורבים נוספים בפרשה, הגם שחלקם בביצוע העבירות היה קטן בהרבה מחלקו של הנאשם, הם שימשו כאנשי קש והופעלו על ידו, כך שעונשם אינו יכול לשמש כמקור להשוואה לעניינו (ראו בהקשר זה את עונשו של נאשם 8, יוסף פיץ, אשר נגזר ל-6 חודשי מאסר בעבודות שירות, את עונשו של אריק כהן אשר נגזר ל- 7 חודשי מאסר בת\פ (ת\""א) 55634-12-18 מדינת ישראל נ' כהן (23.9.2019), ואת עונשו של גיא פלץ אשר נגזר ל-9 חודשי מאסר בעבודות שירות מסגרת ת\""פ (ת\""א) 22307-01-19 מדינת ישראל נ' פלץ (28.10.2020) על נימוקי הענישה בעניינם).""",train
אילו ערכים מוגנים נפגעים מהעבירות שביצעו הנאשמים?,"הערכים המוגנים הנפגעים מהעבירות הנדונות הם ערך השוויון ואמון הציבור בשלטון החוק, וכן האמון הניתן בנישומים, ובאופן מוגבר במי שחב חובת אמון לרשויות כדוגמת הנאשם 3 שהוא רואה חשבון, כי יגישו דיווחים נכונים ומלאים כחוק לרשות המסים, וישלמו את המס המתחייב.",train
מהו הקריטריון הנוסף שצריך לקחת בחשבון מעבר להיקף העבירה?,"מובן כי כל מקרה ונסיבותיו, ויש עוד לזכור כי היקף או סוג העבירה אינם הקריטריונים היחידים לבחינה.",train
מהו מתחם העונש שנמצא מתאים לנאשם לאחר בחינת נסיבות ביצוע העבירה?,"לאחר בחינת נסיבות ביצוע העבירה, מידת הפגיעה בערכים המוגנים והענישה הנוהגת שלעיל, מצאתי לאמץ את מתחם הענישה לו עתרה המאשימה ביחס לעונש המאסר ולהעמידו בין 5 חודשי מאסר שיכול וירוצו בעבודות שירות ועד 12 חודשי מאסר בפועל.",train
מהו מתחם הענישה שנקבע עבור חסין וקיפניס לעומת סמירנוב?,"כך, לאחר שקילת כלל הנסיבות, הסדרי הטיעון ומתחמי הענישה להם טענו הצדדים מתחם הענישה בעניינם של חסין וקיפניס שנע בין 3 ועד 5 שנות מאסר; ומתחם ענישה בעניינו של סמירנוב בין 30 ועד 50 חודשי מאסר.",train
מהו הקושי שהנאשם נתקל בו במידה וייגזר עליו עונש מאסר בפועל?,"נתתי דעתי לקושי של הנאשם במצבו לרצות עונש של מאסר בפועל, ואף לקושי לבני משפחתו ככל שעונש כזה ייגזר עליו.",train
מהן הנסיבות שיש להתחשב בהן בבחינת סבירות הסדר הטיעון?,"בבחינת סבירות הסדר הטיעון יש להתחשב בנסיבות הקונקרטיות שהביאו להסדר, בשים לב לכך שמשקל שיקולי תיקון 113 לחוק העונשין משתנה בהתאם לנסיבות המקרה.",train
מדוע נחשבת המרמה האקטיבית של הנאשמת לרף גבוה ביותר בהקשר לעבירות שביצעה?,"זאת גם בשל המרמה האקטיבית שלצד ביצוען, שהיא ברף גבוה ביותר, כשמצג השווא בספרי הנהלת החשבונות ובדווחי מבצע העבירה הוא כזה המהתל במעיין בהם.",train
מה השיקולים שנלקחו בחשבון בעת קביעת מיקום עונשו של הנאשם במתחם הענישה?,"בעתירת המאשימה למיקום עונשו במרכז מתחם הענישה נשקלה בכובד ראש, בראי האינטרס הציבורי ובכורתו בסוג זה של עבירות.",train
"מדוע ישנה חשיבות לפיצוי במקרה זה, ומהו הנזק שנגרם למתלונן בעקבות מעשיו של הנאשם?","במקרה זה אף חשיבותו של הפיצוי ברורה, לאור הסבל והנזק שנגרם למתלונן ואף בקשר למילוי תפקידו, משנאלץ לעזוב את תפקידו במרחב מוריה כפי שפירט, ואשר סבל וסובל מהשפלה וביזוי בעקבות מעשיו של הנאשם.",train
מדוע טוענת המאשימה שהמקרה הנדון חמור יותר מעניין יקב ערק גת?,"המאשימה טענה כי המקרה דנן חמור מעניין יקב ערק גת, הפנתה לסכומי העבירה הגבוהים יותר בעניינו ואף לכך שהנאשמים הורשעו בתיק הנדון בעבירה הכוללת כוונה להתחמק מתשלום מס, בסופו של יום עתרה כי יקבע מתחם זהה לזה שנקבע בעניין יקב ערק גת בקשר לעבירות על חוק מס קניה ופקודת המשקאות המשכרים, תוך שציינה את מיעוט התיקים שהוגשו בקשר לעבירות אלה, ואת הכלל לפיו ראוי שהחמרה בענישה תעשה בהדרגה.",train
"מדוע הוחלט להטיל על הנאשם צו של\צ במקום עונש מאסר בעבודות שירות?""","לאור התרשמות שירות המבחן אשר ליווה את הנאשם משך תקופה ארוכה, לפיה עונש מאסר בעבודות שירות עלול להביא לקטיעת הליך השינוי והשיקום שבעיצומו מצוי הנאשם, ולפגוע בהישגיו ובתפקודו התקין בעודו נתון בשלב של בניית התא המשפחתי ובעתידו מהיבט תעסוקתי ותפקודי, מצאתי כי נכון יהיה להשית על הנאשם צו של\צ נרחב (אף מעבר לשעות שהומלצו על ידי שירות המבחן) לצד צו מבחן ומאסר על תנאי מרתיע, קנס ופסילה על תנאי, כהבעת אמון בדרכו הטובה לשיקום.""",train
כיצד נפגע פיקוח רשות המסים בעקבות ביצוע העבירות?,"מביצוע העבירות נפגע פיקוח רשות המסים, כששיטת המס מבוססת על האמון בנישום שיגיש דיווחיו כחוק ושיטת חישוב המס וגבייתו מבוססת על הדוחות המוגשים על ידי נישומים ועל אמיתותם.",train
מהו הסיכון בהתייחסות סלחנית לאי קיום הוראות החוק?,התייחסות סלחנית לאי קיום הוראות החוק יביא להיעדר המוטיבציה של כלל ציבור משלמי המסים לדווח ולשלם מסיהם כנדרש על פי חוק.,train
מהו הצורך להבטיח ענישה מרתיעה כדי למנוע ביצוע עבירות נוספות מאותו הסוג?,ברור כי על הענישה במקרה דנן להיות מרתיעה דיה על מנת להבטיח מפני ביצוע עבירות נוספות מאותו הסוג על ידי הנאשם.,train
מהי המשמעות של הרקע והענף בו בוצעו העבירות בעת הערכת החומרה שלהן?,יש משמעות רבה לרקע ולענף בו בוצעו העבירות בעת בחינת נסיבות ביצוען ומידת החומרה שיש ליחס להן.,train
כיצד השפיעה התנהלות הנאשם במהלך המשפט על גזר הדין שניתן לו?,"לאחר כל אלה, בשים לב לסכום המחדל שלא הוסר ומשמצאתי לתת משקל מופחת במידת מה לסכום קביעת המס אשר נותרה ביחס לחודש יולי 2014 בראי סכומי הדוחות הסמוכים לדוח זה, לצד נסיבותיו של הנאשם ותוך שנתתי אף משקל להתנהלותו של הנאשם במהלך המשפט, אני גוזרת על הנאשמים את העונשים הבאים:",train
"מדוע בית המשפט אימץ את ההסדר במקרה זה ולא את עבירות המע\מ?""","בנימוקיו לאימוץ ההסדר הפנה בית המשפט לכך שהעבירות המיוחסות לנאשמים הן על פי הפקודה ולא עבירות מע\מ ולכך שאור שיטת מיסוי היהלומנים לא נעשה שימוש בחשבוניות לניכוי מס תשומות.""",train
מהי ההגדרה שניתנה להוצאה והשימוש בחשבוניות פיקטיביות בהקשר של הענישה?,"הוצאה והשימוש בחשבוניות פיקטיביות הוגדרו לא אחת כ\מכת מדינה\"" שיש להילחם בה מלחמת חורמה ויש לתת לכך משקל בעת קביעת מתחם העונש וגזירת הדין.""",train
מה משפיע על מדיניות הענישה בעבירות מסוג זה?,"מדיניות הענישה בגין ביצוע עבירות מסוג זה היא מחמירה בדרך כלל ומושפעת ממידת התחכום, משך ביצוע העבירות, השיטתיות שבביצוען וסכומי המס אשר נגזלו מהקופה הציבורית.",train
מהן הנסיבות המיוחדות של הנאשם שמצדיקות את מיקום עונשו בתחתית מתחם הענישה?,"אין ספק כי כלל נסיבותיו של הנאשם מצדיקות את מיקום עונשו בתחתית מתחם הענישה שנקבע, הן ביחס לעונש המאסר הן ביחס לקנס.",train
מהו מעמד המלצות שירות המבחן בהליך הענישה?,"המלצות שירות המבחן הן המלצה בלבד והשיקולים המשפטיים רחבים יותר, ולכן לא תמיד המלצות אלו ייאמצו על ידי בית המשפט.",train
מהו הכלל המנחה לגבי כיבוד הסדר טיעון על ידי בית המשפט?,"הכלל הוא כי בית המשפט יטה לכבד הסדר טיעון ויתערב בו רק מטעמים המצדיקים זאת לאחר בחינתו במבחן האיזון אשר נקבע בע\פ 1958/98 פלוני נ' מדינת ישראל (25.12.2002), ובשים לב לכך שהשיקולים הנשקלים בעת עריכת הסדר טיעון אינם זהים בהכרח לאלה הנשקלים במסגרת תיקון 113 לחוק העונשין התשל\""ז  1977 (להלן: \""חוק העונשין\"").""",train
מהו מבחן האיזון שעל בית המשפט לבצע בהסדרי טיעון?,"על פי מבחן האיזון על בית המשפט לבחון קיומו של \איזון בין טובת ההנאה הצומחת לנאשמים מן ההסדר לעניין העונש לבין אינטרס הציבור כפי שהוא בא לידי ביטוי בעונש שבית המשפט גוזר\"" (שם, בעמ' 606).""",train
מהו מתחם העונש שנקבע במקרים דומים שבהם לא הוחזקה סכין גדולה?,"מעיון בפסיקה עולה כי במקרים רבים, בנסיבות הדומות לעניינו, בהן אין המדובר בסכין גדולה ואימתנית, אשר לא הוחזקה על גופו של הנאשם ואף לא במקום מועד לפורענות או על מנת לקדם אלימות, ואף בנסיבות חמורות מעט יותר, נקבע מתחם העונש בין מאסר מותנה לבין מאסר בפועל (שישה או שמונה חודשים).",train
מהו הכלל המנחה לגבי כיבוד הסדר טיעון על ידי בית המשפט?,"הכלל הוא כי בית המשפט יטה לכבד הסדר טיעון ויתערב בו רק מטעמים המצדיקים זאת לאחר בחינתו במבחן האיזון אשר נקבע בע\פ 1958/98 פלוני נ' מדינת ישראל (25.12.2002) ובשים לב לכך שהשיקולים הנשקלים בעת עריכת הסדר טיעון אינם זהים בהכרח לאלה הנשקלים במסגרת תיקון 113 לחוק העונשין התשל\""ז – 1977 (להלן: \""חוק העונשין\""), ובכללם צפיית הנאשם כי הסדר הטיעון יאומץ.""",train
כיצד תורמת הענישה המוצעת לשיקום הנאשם ולשמירה על האינטרס הציבורי?,"ענישה זו תהווה ענישה קונקרטית ומרתיעה ולצד זאת תאפשר לנאשם להמשיך בעבודתו ולעמוד בהתחייבויותיו, אלה אף יגבירו את סיכויי שיקומו לטובת בנו והאינטרס הציבורי בכללותו.",train
מהו המצב שבו ניתן לגזור עונש צופה פני עתיד וקנס למרות שמחדלי כתב האישום לא הוסרו?,"עם זאת, קיימים המקרים מיוחדים ומתאימים בהם נגזר עונש צופה פני עתיד וקנס, גם מקום בו לא הוסרו מחדלי כתב האישום (ראו כדוגמה: עניין י.ד.כ מרכז והפסיקה המוזכרת שם, ת\פ (שלום ת\""א) 54943-01-17 מדינת ישראל נ' פאלומה תעשיות נעליים (3.12.2018), ת\""פ (שלום ת\""א) 50808-10-18 מדינת ישראל נ' אזולאי (28.5.2019), ת\""פ (שלום ת\""א) 64422-02-18 מדינת ישראל נ' וינר (3.6.2019). כפי שצוין בעפ\""ג 12063-04-15 בראונר נ' מדינת ישראל (20.07.2015) \""עצם העובדה שלעולם ימצא כל צד את פסקי הדין התומכים בעמדתו, מצביעה על כך שאין מדובר במדע מדויק...\"").""",train
כיצד משפיעה אי הגשת הדוחות על פיקוח רשות המסים?,"אי הגשת הדוחות אף פוגע בפיקוח רשות המסים כששיטת המס מבוססת על האמון שנותנת רשות המסים בנישום, שיגיש דיווחיו כדין במועד ואף ישלם את המס ככל שזה מתחייב.",train
מה יש לקחת בחשבון בעת בחינת נסיבות ביצוע העבירות?,"בעת בחינת נסיבות ביצוע העבירות, יש לתת את הדעת לרקע לביצוען ולסביבה בה בוצעו.",train
מה יש לקחת בחשבון בנסיבות הספציפיות של המקרה הנדון?,"בנסיבותיו הספציפיות של מקרה זה וביחד עם יתר השיקולים שמניתי לעיל, יש מקום ליתן משקל גם לכך.",train
מהו העיקרון שעל פיו נקבעת מתחם העונש ההולם?,קביעת מתחם העונש ההולם נעשית על פי עקרון ההלימה.,train
כיצד השפיע חשדו של הנאשם על ביצוע העבירות במקרה זה?,"בחינת הנסיבות במקרה זה מלמדת כי הנאשם ביצע את העבירות על רקע חשדו שהמתלוננת בוגדת בו עם המתלונן, והגם שאין המדובר באלימות ברף הגבוה, ולא נגרמו למתלוננים חבלות של ממש מתקיפת הנאשם, אין להתעלם מכך שהנאשם הכה את המתלונן במכת אגרוף בפניו וסטר למתלוננת, ומפוטנציאל הפגיעה הפיזית לצד המעשים.",train
מהו פוטנציאל הנזק ממעשיו של הנאשם בהקשר לעבירות שביצע?,"בנסיבות אלה יש טעם רב בטענת ב\כ המאשימה לפיה פוטנציאל הנזק ממעשיו של הנאשם אף גבוה מהנזק אשר נגרם בפועל.""",train
מהו העיקרון המנחה לקביעת מתחם העונש ההולם בעבירות פליליות?,"כידוע, מתחם העונש ההולם נקבע בהתאם לעקרון המנחה בענישה, היינו קיומו של יחס הולם בין חומרת מעשה העבירה בנסיבותיו ומידת אשמו של הנאשם לבין סוג ומידת העונש המוטל עליו, תוך התחשבות בערך החברתי אשר נפגע, במידת הפגיעה בו, בנסיבות הקשורות בביצוע העבירה ובמדיניות הענישה הנהוגה.",train
מהו הטעם בשקילת משך ביצוע העבירות כנסיבה לחומרה?,"אמנם במקרה זה הפנתה ב\כ המאשימה כאמור למשך ביצוע העבירות על פני שנים ארוכות עד לגילוין כנסיבה לחומרה אותה יש לשקול, ויש טעם בדברים, ואף ידוע כי חקירות מהסוג הנדון, ודאי כאלה המערבות חשודים רבים, אורכות זמן לא מבוטל.""",train
מהן הנסיבות שגרמו לכך שלא ניתן לחרוג מהמתחמים שנקבעו במקרה זה?,במקרה דנן לא מתקיימות נסיבות לחריגה לקולא או לחומרה מהמתחמים אשר נקבעו.,train
מדוע נחשבת חשיבות ההרתעה לשיקול מהותי בענישה בעבירות מסוג זה?,חשיבות ההרתעה היא שיקול מהותי בענישה של עבירות מסוג זה ובכורתו על פני נסיבותיהם האישיות של הנאשמים.,train
אילו שיקולים נוספים נלקחו בחשבון בעת קביעת העונש של הנאשם?,"בנוסף לקולא שקלתי את הודיית הנאשם, לקיחת האחריות על ידו וחיסכון הזמן השיפוטי.",train
"מהו העיקרון המנחה בענישה בעבירות מס, בהתחשב באופי העבר הפלילי של הנאשמים ובאינטרס הציבורי?","ביצוע עבירות מהסוג הנדון נעשה בדרך כלל על ידי אנשים נורמטיביים ביתר תחומי חייהם, בהיעדר עבר פלילי, ובענישה מקבלים לרוב אינטרס ציבורי בכורה על פני נסיבות אישיות, ודרך המלך היא לענישה הכוללת מאסר בפועל מאחורי סורג ובריח בפרט לאור חשיבות הרתעת היחיד והרתעת הרבים.",train
מהו הקריטריון המרכזי לבחינת העונש במקרה של הנאשם בפעילות הבנק?,"על פניו ולו הקריטריון היחיד לבחינת העונש היה מידת המעורבות של הנאשם בפעילות הבנק, הרי שגם במקרה זה מכוח עקרון אחידות הענישה, היה מקום להגיע לעונש נמוך מזה עליו הסכימו הצדדים, חרף מדיניות הענישה המחמירה עד מאוד ביחס לעבירות אשר בוצעו על ידי הנאשמים.",train
מהו העיקרון המנחה לקביעת מתחם העונש ההולם בעבירות מס?,"מתחם העונש ההולם נקבע בהתאם לעקרון המנחה בענישה, היינו קיומו של יחס הולם בין חומרת מעשה העבירה בנסיבותיו ומידת אשמו של הנאשם, לבין סוג ומידת העונש המוטל עליו, תוך התחשבות בערך החברתי אשר נפגע, במידת הפגיעה בו, בנסיבות הקשורות בביצוע העבירה ובמדיניות הענישה הנהוגה.",train
מהן שתי התכליות להתחשבות בהסרת המחדל כפי שציין כב' השופט מלצר?,"ברע\פ 7851/13 חדר עודה נ' מדינת ישראל (3.9.2015) ציין כב' השופט מלצר כי להתחשבות בהסרת המחדל שתי תכליות, האחת \""סילוקו של המחדל כרוך בהשלמת החסר מקופת המדינה והטבת הנזק שנגרם כתוצאה מהעבירה\"" והשנייה \""עידוד הבעת חרטה וקבלת אחריות לביצוע העבירה בידי הנאשם\"".""",train
מהו המידע בתסקיר שירות המבחן שמצביע על הצורך בענישה ממשית לנאשם?,"הצורך בענישה ממשית ומרתיעה לנאשם אף עולה מהתסקיר, אשר פירט גורמי סיכון רבים בעניינו, ובכלל זאת היסטוריה התמכרותית, דפוסי שימוש אינטנסיביים בחומרים פסיכו-אקטיביים וקושי בבחינה כנה ונטילת אחריות על דפוסיו ומצבו.",train
מהי תרומתה של הנאשמת להחמרת נגע הסמים במעשיה?,"אמנם אין באמור כי לפטור את הנאשמת מביצוע העבירה בה הודתה, כשיש לזכור עוד כי מדירתה סופק חשמל למעבדה כך שבמעשיה תרמה הנאשמת, ולו בעקיפין, להחמרת נגע הסמים והביאה לפגיעה בערכים חברתיים חשובים ובראשם החובה להגן על שלומו, בריאותו, בטחונו ורכושו של הציבור.",train
כיצד נוטל הנאשם אחריות על הדקירה למרות שהוא משליך חלק מהאחריות על המתלונן?,"אבהיר כי להתרשמותי, גם אם משליך הנאשם חלק מהאחריות לאירוע בכללותו על המתלונן (אשר כזכור גם נגדו הוגש כתב אישום), הנאשם נוטל אחריות מלאה לדקירת המתלונן ומביע חרטה על כך.",train
מה משפיע על מדיניות הענישה בעבירות אי הגשת דוחות למס הכנסה?,"מדיניות הענישה הנוהגת ביחס לעבירות שעניינן אי הגשת דוחות במועד למס הכנסה מושפעת בדרך כלל מהשיטתיות שבמעשים והיקפם, מהנזק שנגרם לאוצר המדינה, כמו גם מהסרת המחדל מושא כתב האישום.",train
מהי המשמעות של הסדר הטיעון במקרה זה וכיצד היא משפיעה על הודיית הנאשם?,"למרות האמור, במקרה דנן, בשים לב לכך שהצדדים הגיעו להסדר הטיעון הדיוני במהלך ניהול ההוכחות ובין היתר לאור \קשיים ראיתיים לא מבוטלים\"" כדברי התובעת, אשר אף הביאו לתיקון כתב האישום, יש מקום ליתן משמעות רבה מהרגיל להודיית הנאשם, חיסכון הזמן השיפוטי ונטילת האחריות על ידו כמו גם לשיתוף הפעולה שלו לאורך ההליך כפי שציינה התובעת.""",train
מדוע אי דיווח במועד נחשב לפוגע בשיטת גביית המס?,"כידוע, אי דיווח במועד, פוגע בשיטת גביית המס ואף גורם לחסר של ממש בקופת המדינה משלא משולם המס הנובע מהדוחות אשר לא הוגשו.",train
"מהו המדד החשוב ביותר בעת קביעת מתחם הענישה, מעבר לענישה הנוהגת?","בקשר לענישה הנוהגת יש לזכור כי אין זה המדד היחיד, ואף לא החשוב ביותר בעת קביעת מתחם הענישה.",train
כיצד נתון זה משפיע על החלטת בית המשפט לגבי אימוץ הסדר הטיעון?,נתון זה ממתן את מידת הפגיעה בערכים המוגנים  ממעשי הנאשמים ומהווה שיקול רלבנטי בעת החלטה אם לאמץ את הסדר הטיעון.,train
מהו הערך החברתי שנפגע כתוצאה מביצוע העבירה?,מביצוע העבירה נפגע גם הערך החברתי הנוגע לשוויון נטל המס.,train
מהו העונש הראוי שיש לשקול בעת אימוץ הסדר טיעון?,"נקבע כי בגדר הבחינה, בית המשפט מוסמך לשקול מהו העונש הראוי בשים לב לשיקולי הענישה על פי תיקון 113 לחוק העונשין, לצד יתר השיקולים הרלבנטיים לסוגיית אימוצו של הסדר הטיעון.",train
מהי המשמעות של הסרת מחדלים בעבירות מס על הענישה?,"כידוע, להסרת מחדלים בסוג זה של עבירות משמעות רבה לעניין הענישה ומי שמסיר מחדלים באופן מלא זוכה פעמים רבות להקלה ממשית בענישה, לעיתים קרובות אף בהסכמת המאשימה.",train
מדוע הטבת המס לחברה משפחתית נחשבת לחיסכון מס ממשי לבעלי המניות?,"הוכח כי הטבת המס לחברה העומדת בתנאים הדרושים להכרתה כחברה משפחתית מביאה לחיסכון מס ממשי, ובסופו של יום, בהתאמה, לסכום נוסף בכיס בעלי המניות בנאשמת – הנאשם ואחיו.",train
כיצד עשוי השימוש בכספי המכירה להשפיע על נסיבות ביצוע העבירה?,"עוד הובהר כי גם אם הייתה ההגנה מבססת טענתה לפיה נמכרו היהלומים במחירי הפסד והנאשמים עשו שימוש בכספי המכירה או בחלקם להחזר הלוואה לאליקשווילי, לא היה בכך כדי למתן את נסיבות ביצוע העבירה.",train
מדוע לא ניתן למתן את נסיבות ביצוע העבירות על ידי התנדבות הנאשם?,"להשקפתי, אין בכך שהנאשם ניהל בהתנדבות את נאשמת 1 כדי למתן באופן ממשי את נסיבות ביצוע העבירות על ידו.",train
מהי משמעות הסרת המחדלים בעבירות מסוג זה לעניין הענישה?,"כידוע, להסרת מחדלים בסוג זה של עבירות משמעות רבה לעניין הענישה.",train
מהן הנסיבות המיוחדות שבגינן בוצעו העבירות במקרה זה?,"אשר לנסיבות ביצוע העבירות, במקרה זה המדובר בביצוע עבירות של אי הגשת דו\חות במשך שלושה חודשים בלבד שהם חודשים עוקבים, ואשר בוצעו על רקע קריסה כלכלית, ללא תכנון מוקדם או תחכום.""",train
מהו השיקול שהוביל לגזר דין של 12 חודשי מאסר בפועל לנאשם?,"לאור השפעת מותם של יקיריו על חייו, לצד הודייתו וחיסכון הזמן השיפוטי, תוך שקלול העונשים אשר יושתו, בראי קשייו הכלכליים של הנאשם וחשיבות ההרתעה בעבירות מסוג זה, מצאתי לגזור את העונשים הבאים: מאסר בפועל לתקופה של  12  חודשים.",train
מהי החשיבות של הענישה ההולמת כאשר נפגע הערך המוגן בעבירה?,"מקום בו נפגע הערך המוגן, כמו בענייננו, אין להקל בכך ראש, ויש להשית ענישה הולמת בהתאם לדין על הנאשם.",train
מהי האחריות המוטלת על הנאשם בניהול הנאשמת למרות הטרגדיות האישיות?,"יש טעם בטענה לפיה חרף הטרגדיות אשר פקדו את הנאשם, ומבלי להקל ראש בקושי להתמודד עמן, בחר הנאשם להמשיך ולנהל את הנאשמת, וככל שכך מצא לנכון לעשות (בין או בכוחות עצמו ובין אם ביחד עם עובדים שמינה), היה עליו לנהוג באחריות ועל פי חוק, לדווח במועד ולהעביר את כספי המסים כנדרש.",train
מהי החומרה הרבה בעבירות המרמה והעושק שביצעו הנאשמים?,"יחס לעבירות המרמה והעושק, החומרה הרבה אשר במעשים נובעת בעיקרה מההתנהלות רחבת ההיקף, משך תקופה בת שנתיים, בין השנים 2015-2017, המתוכננת מראש, והמרמתית, במהלכה ביצעו הנאשמים את העבירות, בתחכום רב ושיטתיות, בצוותא וביחד עם אחרים.",train
"מהו השיקול שצריך להילקח בחשבון בעת קביעת מתחם העונש, למרות הפגיעה בערכים המוגנים?","אין במפורט לעיל כדי להפחית ממידת הפגיעה שפגע הנאשם בערכים המוגנים ובקופה הציבורית, אך על נסיבות אלה לבוא בחשבון בעת קביעת מתחם העונש ההולם.",train
מהי הסיבה לקביעת מתחם ענישה אחד למספר נאשמים במקרה זה?,"משך העבירות בוצעו בצוותא חדא ותוך קשירת קשר, בחלק מן המקרים, מקום בו לאחר בחינת חלקו האינדיבידואלי של כל אחד מהנאשמים, לכל אחד מהם תפקיד לא מבוטל בהוצאת התוכנית העבריינית לפועל, נכון יהיה לקבוע מתחם ענישה אחד למספר נאשמים כעתירת המאשימה.",train
"מהי ההמלצה של שירות המבחן לגבי עונשו של גראמי, בהתחשב בגילו ובנכונותו להשתלב בטיפול?","בנסיבות הכוללות לא בא שירות המבחן בהמלצה טיפולית והמליץ כי בעת קביעת עונשו יובא בחשבון גילו, ההשפעות הבעייתיות של ריצוי מאסר ממושך בחברת עוברי חוק מבוגרים ממנו עליו ונכונות ראשונית שהביע גראמי להשתלב בטיפול בתחום השליטה בכעסים.",train
מהו הנזק שנגרם כתוצאה מביצוע העבירות על פי סעיף 216(4) לפקודת מס הכנסה?,"מביצוע העבירות נפגע פיקוח רשות המסים, כששיטת המס מבוססת על האמון בנישום שיגיש דיווחיו כחוק ושיטת חישוב המס וגבייתו מבוססת על הדוחות המוגשים על ידי נישומים ועל אמיתותם.",train
כיצד יכולים שיקולי שיהוי וחלוף זמן להשפיע על קביעת עונש לריצוי בעבודות שירות?,"שיקולי שיהוי וחלוף זמן אף יכולים להביא לקביעת עונש לריצוי בעבודות שירות בנסיבות מתאימות, חרף הכלל לפיו בסוג זה של עבירות דרך המלך היא לגזירת עונשי מאסר מאחורי סורג ובריח נוכח חשיבות ההרתעה ובכורתו של האינטרס הציבורי (רע\פ 9004/18 יצחקי נ' מדינת ישראל (31.12.2018)).""",train
מדוע אפקט ההרתעה בעבירות כלכליות נחשב למשקל רב יותר?,אפקט ההרתעה בעבירות כלכליות הוא בעל משקל רב יותר מאשר בעבירות אחרות.,train
כיצד משפיעה השימוש במרמה על ערך השוויון בביצוע העבירות?,"מביצוען של העבירות מהסוג הנדון, אשר בוצעו תוך שימוש במרמה עורמה ותחבולה נפגם ערך השוויון.",train
מהו השיקול החריג שנקבע בעניין לופוליאנסקי?,"יש לזכור כי בעניין לופוליאנסקי, קבע כב' השופט פוגלמן כי המדובר בשיקול היפה למקרים חריגים כאשר המדובר \בפתח צר\"" לחריגה ממתחם הענישה.""",train
מהי הערכת הפגיעה בערכים המוגנים ממעשי הנאשם לפי המפורט לעיל?,לאור המפורט לעיל  מצאתי כי הפגיעה בערכים המוגנים ממעשי הנאשם היא ברף בינוני-נמוך.,train
כיצד חסכה הודיית הנאשמים את הצורך בהעדת המתלוננים?,"בנוסף, בהודייתם, חסכו הנאשמים את הצורך בהעדת ולו חלק מהמתלוננים, חלקם קשישים כאמור, שהתייצבות לעדות וודאי איננה פשוטה עבורם.",train
מהו הנטל המוטל על הנאשם בהצגת סיכויי השיקום?,"על הנאשם הנטל להציג עובדות וראיות לסיכויי שיקום, שבראשם תסקיר שירות המבחן, להבדיל מטענות בעלמא.",train
מהי הזהירות הנדרשת בקביעת מתחם הענישה בהסדר טווח?,"בקביעת המתחם נדרשת זהירות, אין המדובר בקביעת מתחם ענישה במובן הפורמלי של תיקון 113 לחוק העונשין, וקביעתו תתבצע בצורה רכה לשם \קבלת מידע והקשר לעונש שראוי לקבוע בהסדר טווח\"", בשים לב לקיומן של נסיבות מגוונות שיכולות להוביל להחלטת המדינה להגיע להסדר, כשהמשקל שיש ליתן לשיקולי תיקון 113 לחוק העונשין ולמתחם הענישה במקרה נתון משתנה בהתאם לנסיבות הקונקרטיות שהביאו להסדר.""",train
מהי המשמעות של הסרת מחדל המס במלואו בעבירות מסוג זה?,"כידוע, להסרת מחדל המס במלואו בסוג זה של עבירות משמעות ממשית לקולא בין שיקולי הענישה (רע\פ 7851/13 עודה נ' מדינת ישראל (3.9.2015)), ובדרך כלל, מקום בו מוסרים מחדלי כתב האישום במלואם, נגזר דינם של נאשמים למאסר על תנאי לצד קנס והתחייבות בלבד.""",train
מהן שתי התכליות להתחשבות בהסרת המחדל במקרה זה?,"להתחשבות בהסרת המחדל שתי תכליות, האחת \סילוקו של המחדל כרוך בהשלמת החסר מקופת המדינה והטבת הנזק שנגרם כתוצאה מהעבירה\"" והשנייה \""עידוד הבעת חרטה וקבלת אחריות לביצוע העבירה בידי הנאשם\"".""",train
מהי המשמעות המשפטית של העבר הפלילי של הנאשם לאחר גירושיו מהמתלוננת?,"לכן, בנסיבות בהן הנאשם והמתלוננת התגרשו, אינם מתגוררים יחד ואין קשר ביניהם, אין משמעות רבה לעבר הפלילי הקיים – אך אינני מוצאת לקבל הטענה.",train
מהו השיקול שעל בית המשפט לשקול בעת אימוץ הסדר טיעון לפי תיקון 113 לחוק העונשין?,"עוד צוין כי בין יתר השיקולים, ולאור תיקון 113 לחוק העונשין, על בית המשפט הדן בשאלת אימוצו של הסדר טיעון לשקול מהו העונש הראוי.",train
מהו הידע שהיה לנאשם לגבי המאסר המותנה וכיצד הוא השפיע על מעשיו?,"יש לזכור ולהזכיר שוב, בכל הכבוד לטענה בקשר להסדר המותנה, משלא נערך עם הנאשם הסדר מותנה בתיק הקודם, ולאחר מתן גזר הדין, ידע הנאשם היטב כי תלוי ועומד כנגדו מאסר מותנה ועובדה זו לא הרתיעה אותו או מנעה ממנו ביצוע העבירות בתיק דנן בסמוך מאוד למועד בו נגזר המאסר המותנה.",train
מהו היסוד המשפטי שהצדיק את פסיקת הפיצוי למתלוננת למרות חוסר ההוכחה המדויקת להיקף הנזק?,"אשר לפיצוי למתלוננת, בהכרעת הדין קבעתי כי הוכחה העבירה של גרימת נזק לרכב גם אם היקפו הכספי לא הוכח במדויק, ועל כן נכון וראוי לפסוק פיצוי בשל כך.",train
מדוע הסרת המחדל אינה נחשבת למעשה חסד מצד הנאשם?,"יחד עם זאת יש לזכור שהסרת המחדל איננה מעשה חסד מצד נאשם, ומובן שמי שאינו מסיר את מלוא המחדל (גם אם בשל חסרון כיס) אינו זכאי באופן אוטומטי לאותה הקלה הניתנת בדרך כלל למי שמסירו במלואו.",train
כיצד השפיעו הקשיים הרגשיים של הנאשם על ההחלטה בעניינו?,שקלתי את העובדה שהעבירות בוצעו על ידי הנאשם בשל הקושי שחווה לווסת דחפיו וכן לקיומם של קשיים רגשיים אצל הנאשם אשר אינם מקבלים מענה הולם.,train
מהו עיקרון ההלימה וכיצד הוא משפיע על קביעת מתחם הענישה במקרה זה?,"כלל המפורט לעיל מלמד כי בנסיבות המקרה דנן, ומבלי להתעלם מהיות הנאשם איש קש והגורם הפחות דומיננטי בביצוע העבירות אשר פעל על פי הנחיות אחר, בשים לב להיקף העבירות, עיקרון ההלימה מחייב העמדת תחתית מתחם הענישה על תקופת מאסר ממשית לריצוי מאחורי סורג ובריח, ועמדת המאשימה לפיה במקרה דנן יש להעמיד את תחתית מתחם הענישה על 10 חודשי מאסר בפועל ראויה ואף מקלה מעט, ואני מוצאת לאמצה.",train
מהו מבחן האיזון שעל בית המשפט לבצע בעת בחינת הסדר טיעון?,"על פי מבחן האיזון על בית המשפט לבחון קיומו של \איזון בין טובת ההנאה הצומחת לנאשמים מן ההסדר לעניין העונש לבין אינטרס הציבור כפי שהוא בא לידי ביטוי בעונש שבית המשפט גוזר\"" (שם, בעמ' 606).""",train
כיצד השפיעה חרטת הנאשם על שיקולי הענישה?,"חשוב לציין כי להתרשמותי מהנאשם ודבריו, הנאשם מביע חרטה כנה ואמיתית על מעשיו, ואף הורתע היטב מההליך דנן, וכפי שהפנו באי כוחו בעת הטיעון לעונש אף נפגע מעצם קיום החקירה וההרשעה.",train
מהו הערך המוגן בעבירות המס שביצע הנאשם לפי פקודת מס הכנסה?,"אשר לערכים המוגנים בעבירות שביצע הנאשם, עבירות המס שביצע הנאשם הן החמורות במדרג עבירות המס על פי פקודת מס הכנסה ובאות להגן על ערכים בסיסיים וחשובים למרקם החברתי במדינה.",train
כיצד משפיעים כלל מעשיו של הנאשם על מתחם הענישה הכולל?,"גם אם בגין כל אחת מהעבירות בהן הורשע הנאשם ניתן היה לקבוע בתחתית מתחם הענישה עונש של מאסר על תנאי, הרי שבשכלול כלל מעשיו של הנאשם, לאחר בחינת נסיבות המקרה והענישה הנוהגת, מסקנתי היא שמתחם הענישה ביחס לשתי העבירות כאירוע הוא בין חודשיים ועד 10 חודשי מאסר לצד מאסר על תנאי.",train
כיצד העובדה שניתן להטיל כופר כסף על העבירה משפיעה על הענישה במקרה זה?,"אין בעובדה שהמדובר בעבירה בגינה ניתן להטיל כופר כסף כדי להצדיק או ללמד על כך שיש להטיל ענישה מקלה, ודאי כאשר לא ביקשה הנאשמת לשלם כופר בגין העבירות.",train
מהו הקשר בין גובה האמון שניתן לבין עומק הפגיעה במקרה של הפרתו?,כגודל האמון שניתן – כך עומק הפגיעה כשזה מופר.,train
כיצד משפיע מצבו הרפואי של הנאשם על סבירות הסדר הטיעון?,"בעת בחינת סבירות הסדר הטיעון וקביעת העונש שקולתי את מצבו הרפואי של הנאשם כפי שעולה מחוות הדעת הרפואיות אשר הוגשו ומעדויות המומחים בבית המשפט, ואשר היווה שיקול מרכזי להגעה להסדר הטיעון.",train
מהו הכלל המנחה לגבי כיבוד הסדר טיעון על ידי בית המשפט?,"הכלל הוא כי בית המשפט יטה לכבד הסדר טיעון ויתערב בו רק מטעמים המצדיקים זאת לאחר בחינתו במבחן האיזון אשר נקבע בע\פ 1958/98 פלוני נ' מדינת ישראל [פורסם בנבו] (25.12.2002) ובשים לב לכך שהשיקולים הנשקלים בעת עריכת הסדר טיעון אינם זהים בהכרח לאלה הנשקלים במסגרת תיקון 113 לחוק העונשין ובכללם ציפיית הנאשם כי הסדר הטיעון יאומץ.""",train
מהו המאפיין הכללי של עברייני המס בהקשר של הענישה?,"שקלתי את העובדה שבדרך כלל עברייני המס הם אנשים נורמטיביים ביתר תחומי חייהם, בעלי מידות טובות, ונעדרי עבר פלילי, וכי אין בכך כדי להביא להקלה יוצאת דופן בענישה בסוג זה של עבירות (רע\פ 7135/10 חן נ' מדינת ישראל (3.11.2010).""",train
מהי ייחודיות המקרה הנדון בהקשר לשינויים שנעשו בבורסה ליהלומים?,"יש לזכור את ייחודיות המקרה דנן, כחלק מהפרשה הרחבה אשר נחקרה, אשר הביאה לשינוי נהלים בבורסה ליהלומים, ואף לשינוי נהלי עבודה אצל הנאשמת עצמה כפי שהובא.",train
אילו גורמים יש לשקול בהערכת סיכויי השיקום של הנאשם?,"עוד נקבע בפסיקה, כי על מנת להעריך את סיכויי השיקום יש לשקול, בין היתר, את \המוטיבציה שהפגין האדם שהורשע להשתקם; הליך של גמילה מהתמכרות שהוא עובר; השתלבות מוצלחת בהליכים טיפוליים שונים; אינדיקציות לשינוי עמוק בהתנהגות ובדרך החשיבה; הבעת חרטה כנה על המעשים והפגנת אמפתיה כלפי נפגעי העבירה\"" (ע\""פ 6637/17 קרנדל נ' מדינת ישראל, פס' 24 [פורסם בנבו] (18.4.2018)).""",train
מהי עמדת פסיקת בית המשפט העליון לגבי הענישה בעבירות התפרצות למגורים בשילוב עם אלימות?,"מעיון בפסיקת בית המשפט העליון עולה בדרך כלל כי יש להתייחס בחומרה ולהטיל עונשי מאסר ממשיים על מבצעי עבירת התפרצות למגורים, והדברים מקבלים משנה תוקף כשהעבירה מבוצעת בשילוב עבירת אלימות ושהייה בלתי חוקית.",train
מהו התנאי להמלצת שירות המבחן על עונש שיקומי לנאשם?,"מהתסקירים ניתן ללמוד שלא בנקל המליץ שירות המבחן על עונש בעל אופי שיקומי, ומצא לעשות כן רק לאחר שווידא את מחויבותו של הנאשם להליך הטיפולי.",train
כיצד הסרת המחדלים מעידה על קבלת האחריות של הנאשמת?,"הסרת המחדלים גם היא מעידה על קבלת האחריות ומלמדת שאיננה רק מהפה החוצה (רע\פ 7851/13 חדר עודה נ' מדינת ישראל (03.09.2015)).""",train
מדוע יש להכות בכיסו של מי שמבצע עבירות כלכליות?,"מובן שיש להכות בכיסו של מי שמבצע עבירות מהסוג הנדון המבוצעות ממניע כלכלי, על מנת ללמד שאין אף רווח כספי לצד ביצוע העבירה.",train
כיצד יש לבחון את העונש המוסכם בהסדר הטיעון?,"בעת הבחינה האם לאמץ את העונש המוסכם בהסדר הטיעון, יבחנו העונשים המוסכמים במבחן האיזון ובשים לב לכללי ושיקולי הענישה שבתיקון 113 לחוק העונשין, ומבלי להידרש לקביעת מתחם ענישה.",train
מהו האיזון הנדרש בין נסיבות הנאשם לחשיבות ההרתעה בעבירות מס?,יש לערוך איזון מתאים בין כלל נסיבותיו של הנאשם אשר הובאו לעיל ולתת את הדעת לחשיבות ההרתעה המוגברת בעבירות הנדונות בעת בחינת העונש שייגזר בתוך מתחם הענישה שנקבע.,train
כיצד משפיע סיכון של חזרה לעבירה על שיקולי הענישה במקרה של נאשם שנגמל מהתמכרות?,"סיכון מסוג זה קיים בעניינו של כל נאשם (או אדם) שנגמל מהתמכרות וסיים טיפול בהצלחה, אך ודאי שאין בו כדי להביא להחמרה בענישה או להפחית מההקלה המוצדקת לצדו.",train
מהן הנסיבות שהובילו לגזר דין הנאשם בחלקו התחתון של מתחם הענישה?,"בראי המפורט לעיל, ובכלל זאת בהתחשב במשבר שעבר הנאשם ונסיבותיו המורכבות, בשיהוי וחלוף הזמן, ומבלי להעלם מעברו הפלילי ומכך שלא הסיר את מחדלי כתב האישום, מצאתי לגזור את דינו של הנאשם בחלקו התחתון של מתחם הענישה שנקבע אך לא בתחתיתו – ולריצוי בעבודות שירות, לצד קנס ומאסר על תנאי.",train
"מהו המחדל שהנאשמים לא פעלו להסרתו, למרות שהגישו דוחות אחרים?","לנגד זאת, לחומרה, הנאשמים לא פעלו להסרת המחדלים מושא 4 הדוחות שלא הוגשו (הגם שהגישו את יתר הדוחות המפורטים בכתב האישום במהלך ניהול התיק ובכך הסירו מחדלים אלה) ואף לא העבירו כל נתון מדויק בדבר סכום המחדל.",train
מהו המקור להתנהלות התוקפנית והאלימה של הנאשם בביצוע העבירות?," מבחינת כתב האישום והתסקירים ניתן ללמוד כי התנהלות הנאשם בביצוע העבירות נבעה  מפרץ תסכול אשר כלל התנהלות תוקפנית ואלימה, ואין המדובר בעבירות אשר בוצעו תוך תכנון מוקדם.",train
מהו הערך המוגן בעבירת הסחר בסמים ומהי החומרה המיוחסת למעשי הנאשם?,"הערך המוגן בעבירת הסחר בסמים בביצועה הודה הנאשם הוא שלום הציבור ובטחונו כמו גם החוסן החברתי, ובריאות הפרט והציבור, כשלא אחת נקבע כי קיימת חומרה יתרה במעשיו של כל גורם בשרשרת הפצת הסם, וודאי במעשי מי שפועל לסחור בו כדוגמת הנאשם.",train
כיצד מגלם מתחם הענישה הכרעה ערכית ולא רק חישוב אריתמטי?,"עוד יש לזכור כי, כפי שנקבע בע\פ 3877/16 ג'אבלי נגד  מדינת ישראל (17.11.2016), מתחם הענישה אינו עניין אריתמטי פשוט אלא מגלם הכרעה ערכית המבוססת על שיקולים שונים שמדיניות הענישה היא רק אחד מהם.""",train
מדוע לא ניתן לקבוע כי עונש המאסר יירצה בעבודות שירות במקרה זה?,"לאור מתחם הענישה שנקבע, ובהעדר הצדקה לסטייה ממנו, לא ניתן לקבוע כי עונש המאסר שייגזר על הנאשם ירוצה בעבודות שירות.",train
מהו מתחם העונש שנקבע לאחר סקירת הנסיבות והערכים המוגנים?,"לאחר סקירת המפורט לעיל, בראי מדיניות הענישה הנוהגת, נסיבות ביצוע העבירה, הערכים המוגנים שנפגעו ומידת הפגיעה בהם מצאתי להעמיד את מתחם העונש ההולם בין מאסר על תנאי לבין 8 חודשי מאסר בפועל, לצד ענישה נלוות הכוללת פיצוי למתלוננת.",train
מה עולה מהפסיקה לגבי העונש המינימלי בעבירות מהסוג הנדון?,"מבחינת הפסיקה, ובפרט פסיקת בית המשפט העליון, עולה כי גם משיקולי הרתעה ואינטרס ציבורי, בשורה ארוכה של פסקי דין נקבע כי דרך המלך בעבירות מהסוג הנדון היא לגזירת עונשי מאסר ממשיים מאחורי סורג ובריח לצד קנסות מכבידים, בפרט כאשר אלה מבוצעות על פני תקופה ממושכת, בשיטתיות ובהיקפים ממשיים (ואף נמוכים מאלה שבעניינו).",train
כיצד השפיע מצב הנאשם על קביעת העונש בעניינו?,נתתי דעתי למצבו הכלכלי והמשפחתי המורכב של הנאשם ובכלל זאת לצו הכינוס שהוצא בעניינו (נ/1) ומצב בנו והטיפול הדרוש בו.,train
מה יש לקחת בחשבון לגבי אופי האירוע והנסיבות שקדמו לתקיפה?,"אמנם, באופן ממתן במידת מה, אין להתעלם מכך שהמדובר באירוע שאינו מתוכנן, מדין ודברים בין המתלוננת לנאשמת טרם התקיפה ואף מאישור המתלוננת כי אמרה לנאשמת ש\היא הדביקה את כולנו במחלות\"" ממש לפני שהותקפה על ידה.""",train
כיצד משפיעה ההחזקה של מגוון סמים על ההגדרה המשפטית של הנאשם בשרשרת הפצת הסם?,"מגוון הסמים אשר נתפסו לצד כמותם, המקומות בהם הוחזקו, אופן ההחזקה של חלקם, ואישור הנאשם בהחזקתם שלא לשימוש עצמי, יש בהם כדי למקם את הנאשם כחולייה בשרשרת הפצת הסם, גם אם לא כמי שסחר בהם ממש.",train
"מהו האופי של העבירות שבהן הורשע הנאשם לפי סעיף 117(א) לחוק מע\מ?""","אמנם העבירות שבביצוען הורשע הנאשם כלולות בסעיף 117(א) לחוק מע\מ והעונש לצדן הוא שנת מאסר, אך יחד עם זאת, עבירות אלה בשל אופיין, קלות מאוד לביצוע וגילוין קשה.""",train
אילו נסיבות יש לקחת בחשבון בעת גזירת העונש לנאשם?,"בעת גזירת העונש המתאים לנאשם, בגדרי מתחם העונש ההולם, יש להתחשב בנסיבות שאינן קשורות בביצוע העבירה.",train
מה ניתן ללמוד מהניסיונות הכנים של הנאשם לפעול כחוק?,יש במפורט לעיל כדי להעיד על ניסיונות כנים מצד הנאשם לפעול כחוק.,train
מהו העונש הנפוץ שנגזר על נאשמים בעבירות מסוג זה?,"בדרך כלל, בסוג זה של עבירות ובהיקפים ממשיים, נגזר דינם של נאשמים למאסר מאחורי סורג ובריח, תוך שבתי המשפט מדגישים את חומרת העבירות, חשיבות ההרתעה ובכללה הרתעת הרבים, ובכורתו של האינטרס הציבורי על פני נסיבות אישיות.",train
מהי התרשמות שירות המבחן לגבי הסיכון הנשקף מהנאשם?,"בנוסף שקלתי את התרשמות שירות המבחן מהסיכון הנשקף ממנו כאדם נוקשה המאופיין בקושי לווסת את דחפיו התוקפניים, בקושי לראות את צרכי האחר ואשר נוטה לראות בעצמו קורבן במצבי קונפליקט ביחסים בינאישיים.",train
מהו מתחם הענישה המומלץ במקרה זה בהתחשב בערכים המוגנים ובפגיעות הממשיות?,"בעת בחינת שיקולי תיקון 113 לחוק העונשין, בשים לב  לערכים המוגנים בעבירות, מידת הפגיעה הממשית בהם ממעשי הנאשמים בנסיבות והענישה הנוהגת, להשקפתי, נכון היה לקבוע במקרה זה מתחם הענישה בגין כלל העבירות כאירוע, שבתחתיתו ובתקרתו עונש מאסר ממשי מאחורי סורג ובריח.",train
כיצד משפיע עיסוקו של הנאשם כיועץ מס על בחינת הנסיבות במקרה זה?,"בנוסף, בעת בחינת הנסיבות, אין להתעלם מכך שהנאשם הוא יועץ מס במקצועו, ועסק בכך בעת ביצוע העבירות.",train
מהן הנסיבות שיש להתחשב בהן בעת קביעת מתחם העונש?,"במסגרת קביעה זו יש להתחשב בערך החברתי אשר נפגע, במידת הפגיעה בו, במדיניות הענישה הנוהגת ובנסיבות ביצוע העבירה.",train
כיצד משפיעות הנסיבות האישיות של הנאשם על ההחלטה בעניינו?,"יחד עם זאת, במקרה הנדון, לא ניתן להתעלם מנסיבותיו האישיות המורכבות עד מאוד של הנאשם.",train
כיצד משפיע ביצוע העבירות על היוצרים והציבור?,ביצוע העבירות גוזל מהיוצר את פרי עמלו ופוגע בציבור בכללותו.,train
מדוע יש חשיבות לתדמית מדינת ישראל בהקשר לעבירות סימני מסחר?,"בנוסף, בביצוע עבירות מהסוג הנדון יש כדי לפגוע בתדמיתה של מדינת ישראל כמדינה אוכפת חוק בנוגע לסימני מסחר של חברות בינלאומיות.",train
מהו הטיעון לקולא במקרה של הנאשם בהסכמתו להיות בעלים של הנאשמות?,"לצד האמור, אין להתעלם מנסיבות לקולא במקרה דנן ובכלל זאת מהנסיבה המוסכמת על הצדדים, לפיה בעת שהסכים הנאשם להירשם כבעליהן ומנהלן של הנאשמות, האמין וסבר כי פעילותן חוקית, ורק במהלך הפעילות הבין כי מבוצעות עבירות במסגרת הנאשמות, אז מנעו ממנו אחרים לחדול מהמעשים.",train
כיצד השפיע חלוף הזמן מאז ביצוע העבירות על שיקול הדעת בענישה?,"כן נתתי דעתי לחלוף הזמן מאז ביצוע העבירות וגם לכך משקל, ודאי בראי גילו של הנאשם.",train
מהי מידת הפגיעה בערכים המוגנים בהפצה של חשבוניות פיקטיביות?,"מידת הפגיעה בערכים המוגנים מתעצמת מקום בו המדובר בעבירה של הפצה או שימוש בחשבוניות פיקטיביות אשר הוגדרה לא אחת כ\מכת מדינה\"" שיש להילחם בה מלחמת חורמה וכ\""אביי אבות הטומאה\"" ואף נקבע כי המדובר \""בנגע קשה שפוגע בכל רבדי תשלום מס אמת\"".""",train
מדוע יש חשיבות להגיש דוחות מס במועד לפי הוראות החוק?,זאת מאחר וכל שיטת חישוב המס וגבייתו מבוססת על קיום הוראות החוק המחייבות הגשת הדוחות במועד.,train
מהו המאפיין הייחודי של מגזר היהלומנים בהקשר לענישה בתחום המס?,"כמו כן, יש לתת את הדעת לכך שכפי שעולה מקביעותי בהכרעת הדין (סעיף 31 לפרק ג' להכרעה), ועל פי קביעותי בגזרי הדין אשר ניתנו בפרשה הכוללת אליהם אף הפנו הצדדים, מגזר היהלומנים עליו נמנו הנאשמים הוא מגזר ייחודי שזכה לאורך שנים ארוכות ליחס שונה בתחום המס.",train
כיצד משפיעה עמדת שירות המבחן על שיקול הדעת של בית המשפט בעניינו של הנאשם?,"על אף עמדת שירות המבחן לפיה ניתן להורות בעניינו של הנאשם להארכתו על הארכת המאסר המותנה, יש לציין כי גם אם ניתן להתייחס לכך כאל המלצה (אשר ניתנה בנקודת זמן מסוימת בה ריצה הנאשם עונש מאסר בעבודות שירות), כידוע, המלצת שירות המבחן כשמה כן היא, ושיקולי בית המשפט בבואו לגזור את הדין רחבים יותר.",train
מהי המגמה בפסיקה לגבי עונשי מאסר בעבירות גניבה בידי עובד?,"בכל הנוגע לעבירות הגניבה בידי עובד לצד שימוש במסמך מזויף, המגמה בפסיקה היא לגזרת עונשי מאסר ממשיים מאחורי סורג ובריח, בפרט כשהמדובר בגניבה בהיקף ממשי ובסדרת מעשים.",train
מה הערכים המוגנים שנפגעו ממעשי הנאשם בעבירות המס?,"בעת בחינת הסכמות הצדדים בהסדר הטיעון ובדיקת סבירותן, נתתי דעתי לערכים המוגנים החשובים שנפגעו ממעשי הנאשם כשכידוע, עבירות המס הכוללות כוונה להתחמק מתשלום מס ואף כאלה המבוצעות במטרה לסייע לאחר להתחמק מתשלום מס הן במדרג הגבוה של עבירות המס.",train
מדוע ביצוע עבירות מס מהסוג הנדון פוגע בפעילות התקינה של מנגנון המסים?,"ביצוע עבירות מהסוג דנן גורם לנזק לפעילות התקינה של מנגנון המסים ולפגיעה ממשית בקופה הציבורית המביאה לפגיעה בכל אחד ואחת מאזרחי המדינה, ובפרט בציבור הנשען על השירותים הציבוריים.",train
מהו העיקרון המנחה בענישה בעבירות מס לפי האינטרס הציבורי?,"בהת בהתאם לפסיקה, בסוג זה של עבירות, בראי האינטרס הציבורי ושיקולי ההרתעה המקבלים בכורה על פני נסיבות אישיות, בדרך כלל, יטה בית המשפט לגזור עונשי מאסר מאחורי סורג ובריח (עניין יצחקי) כאמור.",train
מהו מתחם הקנס המומלץ לאחר שקילת כלל הנסיבות במקרה זה?,"לאחר שקילת כלל הנסיבות, לטעמי על מתחם הקנס לעמוד בין 10,000 ₪ לבין 20,000 ₪, לצד התחייבות להימנע מביצוע העבירה.",train
מה טוען הסנגור לגבי חובת ציון המוכר או הרוכש בחשבונית?,"בנוסף יש לזכור כפי שטען הסנגור כי באותה עת וככל שנמכרו או נרכשו יהלומים מתושב חוץ לא הייתה חובה לציין את שם המוכר או הרוכש על גבי החשבונית ומשכך ספק אף אם המניע לביצוע העבירות על ידי הנאשם היה לצורך \סידור ספריו\"" כפי שטענה המאשימה.""",train
כיצד חלוף הזמן מאפשר לבחון את תוצאות ההליך השיקומי של הנאשם?,"בנוסף ומזווית אחרת, חלוף הזמן מאז ביצוע העבירות אף מאפשר במקרה זה את בחינת תוצאותיו של ההליך השיקומי שעבר הנאשם, ומחזק את המסקנה לפיה המדובר בהליך שיקומי מוצלח ואפקטיבי.",train
מהי מידת הפגיעה בערכים המוגנים במקרה זה לפי הערכת בית המשפט?,"בנסיבות הכוללות, מידת הפגיעה בערכים המוגנים במקרה זה היא ברף בינוני - נמוך.",train
מהי החשיבות של הסרת המחדל בעבירות מסוג זה בעת שקילת מיקום הנאשמת במתחם הענישה?,"כידוע, בעבירות מסוג זה ישנה חשיבות להסרת המחדל והיא בעלת משמעות בעת שקילת מיקום הנאשמת בתוך המתחם.",train
מהו העיקרון המנחה בגזירת עונש בעבירות מס ביחס לשיקולי הרתעה?,"נפסק לא אחת, כי יש ליתן לחומרה זו ביטוי ממשי במסגרת גזירת עונשו של מי שהורשע בעבירות אלה, תוך מתן עדיפות לשיקולי הרתעה ולאינטרס הציבורי שבהחמרת הענישה על פני נסיבותיו האישיות של הנאשם, וכאשר נקודת המוצא היא כי העונש ההולם בעבירות אלה הוא מאסר בפועל.",train
מהו הקושי בהצגת שיקולי שיקום כדי להצדיק חריגה ממתחם הענישה?,לא די במפורט בתסקיר ובכלל זאת בכך שלדעת שירות המבחן עונש של מאסר בפועל עלול לגרום למצב דחק אצל הנאשם אשר יקשה שיקומו (בפרט בפן התעסוקתי) או שענישה בקהילה יכולה להפחית מהסיכון במצבו ובכוונתו להשתלב בטיפול כדי להצדיק חריגה ממתחם הענישה לקולא בנסיבות.,train
מדוע יש להתייחס ליכולת הכלכלית של הנאשם בעת קביעת המתחם לעונש?,בעת קביעת המתחם יש להידרש גם לשאלת יכולתו הכלכלית של הנאשם.,train
מהי המדיניות העקרונית של בית המשפט העליון לגבי אימוץ הסדרי טיעון?,"בית המשפט העליון חזר פעם נוספת והדגיש את המדיניות העקרונית התומכת באימוץ הסדרי טיעון, תוך שעמד על כך שבתי המשפט הדגישו לא אחת את יתרונותיהם של הסדרי הטיעון, חשיבותם, האינטרס הציבורי שבבסיסם ותפקידם הראוי במסגרת מערכת האכיפה הפלילית.",train
כיצד השפיעו שיקולי ההרתעה על גזר הדין במקרה זה?,"שקלתי את כלל המפורט לעיל ואף שיקולי ההרתעה המקבלים בכורה על פני נסיבות אישיות בסוג זה של עבירות (עניין יצחקיאן), אך אינם מאיינים אותן -  בנסיבות מצאתי כי נכון וראוי לגזור עונש ממשי של עבודות שירות, אך כזה אשר יאפשר חזרתו של הנאשם תוך פרק זמן סביר לשוק העבודה על מנת שיוכל לכלכל את משפחתו וילדיו הרכים בשנים, לצד קנס, מאסר על תנאי מרתיע  והתחייבות.",train
מהו היתרון המשפטי שניתן לנאשם בשל הודאתו בהזדמנות הראשונה?,הודה בהזדמנות הראשונה וחסך זמן שיפוטי יקר ואלה ייזקפו לזכותו.,train
מהו הערך החברתי שנפגע במקרה הנדון?,במקרה הנדון הערך החברתי אשר נפגע הוא שוויון נטל המס המביא אף להיעדר  המוטיבציה של כלל ציבור משלמי המסים לשלם מסיהם כנדרש על פי חוק וכמובן לפגיעה בקופת המדינה.,train
כיצד משפיעה העדר כוונה להתחמק מתשלום מס על בחינת הנסיבות במקרה זה?,"בעת בחינת הנסיבות ומידת הפגיעה בערכים המוגנים מביצוע העבירות נתתי דעתי גם לכך שהעבירות הנדונות אינן כוללות כוונה להתחמק מתשלום מס או מרמה, וכי אין ביסודן תכנון או תחכום.",train
כיצד רשאי בית המשפט ליתן משקל לשיקולים לצד שיקולי הרתעה?,"אדרבא, על פי המחוקק רשאי בית המשפט ליתן לכלל השיקולים הללו משקל, לצד שיקולי הרתעה.",train
מהו העונש שנראה כמתאים במקרה זה בהתחשב בנסיבות הנאשם?,"למרות האמור, להשקפתי, עונש מאסר בתחתית מתחם הענישה, לצד קנס המביא בחשבון גם את מצבו הכלכלי של הנאשם והיותו בהליך פשיטת רגל (ענ/2), הוא המתאים במקרה זה.",train
מהו העונש המוטל על עבירות סיוע להתחמקות מתשלום מס לפי החוק?,"יש לזכור, כשבעבירות על פי חוק מע\מ עסקינן, העונש לצד עבירת הסיוע לאחר זהה לעונשו של מי שמתחמק מתשלום מס הלכה למעשה, מה שמדגיש את החומרה שמייחס המחוקק לעבירה.""",train
מהו השיקול שהוזכר בנוגע להפסקת הטיפול של הנאשם בשירות המבחן?,"בעת שקילת כלל השיקולים לא ניתן להתעלם מכך שלצד הדרך המבורכת אותה עשה הנאשם, רק בחודש דצמבר 2017 פנה שירות המבחן בבקשה לבית המשפט ביחס לצו המבחן אשר הושת על הנאשם בת\פ 14577-03-13 לאור הפסקת הטיפול על ידי הנאשם וניתוק הקשר עמו.""",train
מהו השיקול המרכזי שגובר על הנסיבות האישיות של הנאשמים בעבירות מסוג זה?,"בהקשר זה אציין שוב כי שיקולי ההרתעה, הכוללים הרתעת הנאשמים והרתעת רבים תופסים בכורה על הנסיבות האישיות של נאשמים בעבירות מסוג זה (ראו: רע\פ 3998/15 פלוני נ' מדינת ישראל [פורסם בנבו] (28.6.2015)).""",train
מדוע קיימת חשיבות לענישה כספית משמעותית בעבירות הנעברות לצורך הפקת תועלת כלכלית?,"מדובר בעבירות הנעברות לצורך הפקת תועלת כלכלית, כשהקנס הוא ממין העבירה ומשכך קיימת חשיבות לענישה כספית משמעותית אשר תלמד כי אין תועלת כלכלית לצד עבירות אלה.",train
מהו המשקל שיש לתת לפגיעה בערכים המוגנים בבחינת הסדר הטיעון?,בבחינת הסדר הטיעון ובישום המבחן יש לתת משקל לחשיבות הפגיעה בערכים המוגנים בעבירות שבביצוען הורשעו הנאשמים.,train
כיצד מתבטאת הגמישות של בית המשפט בקביעת מתחם העונש?,"אין המדובר בעניין אריתמטי ולבית המשפט נתון בהקשר זה מרחב מסוים של גמישות (ר' בע\פ 3877/16 ג'אבלי נגד  מדינת ישראל (17.11.2016) ועפ\""ג 12063-04-15 בראונר נ' מדינת ישראל (20.07.2015)).""",train
כיצד משפיע הרקע לביצוע העבירות על המתחמים שנקבעים?,"יחד עם זאת, המתחמים יחפפו במידת מה בשים לב לרקע לביצוע העבירות ולתקופה החופפת בה בוצעו.",train
מהו הערך החברתי שנפגע בעבירות המס שביצעו הנאשמים?,"אשר לערכים המוגנים בעבירות שביצעו הנאשמים, עבירות המס שבביצוען הורשעו באות להגן על ערכים בסיסיים וחשובים למרקם החברתי במדינה, ומביצוען נפגע ערך השוויון ואמון הציבור ברשויות החוק.",train
מהו שיקול ההרתעה שנלקח בחשבון בגזירת העונש?,"נתתי דעתי לשיקולי הרתעה, ובכלל זאת הרתעת הרבים, כנדרש בסוג זה של עבירות.",train
מהו היתרון של מתן משקל לשיתוף פעולה של הנאשם בענישה?,"מתן משקל מתאים וראוי לשיתוף הפעולה של הנאשם, על דרך התחשבות לקולא בענישה, ישרת את האינטרס הציבורי שירות טוב יותר מאשר השתת ענישה מאחורי סורג ובריח על הנאשם משיקולי הרתעה.",train
כיצד השפיעה הודאת הנאשמים על ניהול ההליך השיפוטי?,נתתי דעתי לכך שהנאשמים הודו וחסכו זמן שיפוטי ויש זקוף עובדה זו לזכותם.,train
כיצד עשויה התייחסות סלחנית לאי קיום הוראות החוק להשפיע על ציבור משלמי המסים?,התייחסות סלחנית לאי קיום הוראות החוק עלולה להביא להיעדר המוטיבציה של כלל ציבור משלמי המסים לדווח ולשלם מסיהם כנדרש.,train
מהו המסר הכלכלי שניתן ללמוד מביצוע העבירות במקרה זה?,זאת גם כדי ללמד שאין אף תועלת כלכלית מביצוע העבירות.,train
מהו מתחם העונש שנקבע עבור העבירות בהן הורשע הנאשם?," לאחר שקילת כלל המפורט לעיל, בשים לב לעבירות בהן הורשע הנאשם ונסיבותיהן, הערכים המוגנים שנפגעו ממעשיו ומדיניות הענישה, מצאתי להעמיד את מתחם העונש לכלל העבירות שבכתב האישום, הן אירוע, בין מאסר למספר חודשים, אותו ניתן לרצות בעבודות שירות, ועד 18 חודשים מאסר בפועל לצד מאסר מותנה.",train
מהו מתחם הענישה שנכון היה לקבוע במקרה זה?,"סופו של יום, מסקנתי היא כי בשים לב לענישה הנוהגת, לנסיבות ביצוע העבירות ובכלל זאת אף לסכום הנזק לקופה הציבורית ולמידת הפגיעה בערכים המוגנים מהמעשים, נכון היה לקבוע במקרה זה מתחם ענישה בין 12 ו-28 חודשי מאסר בפועל.",train
באילו מקרים מיוחדים עשוי להיות נגזר עונש צופה פני עתיד וקנס?,"קיימים מקרים מיוחדים ומתאימים בהם נגזר עונש צופה פני עתיד וקנס, גם מקום בו לא הוסרו מחדלי כתב האישום במלואם או בכלל.",train
מהי רמת החומרה של עבירות השהייה הבלתי חוקית במקרה זה?,"בהקשר זה ניתן לומר, באופן כללי, כי נסיבות ביצוע עבירות השהייה הבלתי חוקית בישראל אינן ברף הגבוה במקרה זה, ובשים לב אף לכך שאין כל אינדיקציה לחשש ביטחוני מפני הנאשם ומבלי להקל ראש בכך, שלצד שתיים מעבירות אלה ביצע הנאשם אף עבירות נוספות.",train
"מדוע עבירות אלו אינן נחשבות לטכניות, וכיצד יש להעריך את חומרתן?","במובן זה – עבירות אלה אינן טכניות ובוודאי שאין לקבוע כי המדובר העבירה קלת ערך או \זניחה ביותר\"" כפי שטען הסנגור, על אחת כמה וכמה מקום בו זו מבוצעת באופן שיטתי ועל פני שנים.""",train
כיצד ניתן לקבוע את מידת הפגיעה בערכים המוגנים ביחס לאישום הראשון?,"ביחס לאישום הראשון, מבחינת הנסיבות ניתן לקבוע כי מידת הפגיעה בערכים המוגנים מביצוע העבירות איננה ברף הגבוה.",train
מהו המידע החשוב שניתן ללמוד מפסקי דין לגבי קביעת מתחם העונש ההולם?,"יש לזכור, את שנקבע בע\פ 4456/14 קלנר נ' מדינת ישראל  (29.12.2015)  (פסקה 198 בפרק הדן בע\""פ 5669/14 לופוליאנסקי נ' מדינת ישראל מפי כב' הש' פוגלמן: \""תיקון 113 לחוק מדריך את בית המשפט לקבוע בגזר דינו מתחם עונש הולם למעשי הנאשם. מתחם העונש ההולם הוא טווח של עונשים אשר כל עונש שבתוכו יעמוד בעקרון המנחה וייחשב הולם. אין מדובר בטווחי ענישה הנקבעים ביחס לעבירה פלונית; המתחמים משתנים ממעשה עבירה אחד לשני, בהתאם לחומרתו, ומנאשם אחד לשני, בהתאם לאשמו\"".""",train
מדוע מידת הפגיעה בערכים המוגנים ממעשי הנאשם איננה נחשבת גבוהה?,"נוכח כל המפורט לעיל, נראה כי מידת הפגיעה בערכים המוגנים ממעשי הנאשם איננה ברף הגבוה.",train
כיצד משפיעה ספונטניות העבירה על הערכת כוונת הנאשם?,במבחן הנסיבות נראה כי אין המדובר בעבירות מתוכננות או מתוחכמות (גם אם עבירת הגניבה בוצעה יחד עם אחר) והן בוצעו באופן ספונטני תוך ניצל הזדמנויות.,train
מה השפעת חלוף הזמן על ההליך המשפטי במקרה זה?,"נתתי דעתי לחלוף הזמן מאז תחילת ביצוע העבירות ושנות המס הרלבנטיות  ולצד זאת, לכך שניתנו דחיות רבות בתיק זה על מנת לאפשר לנאשם למצות פניותיו לעיכוב הליכים והמרת כתב האישום בקנס מנהלי וכן להסרת מחדלי כתב האישום.",train
כיצד השפיעה הזיכוי של הנאשם מחלק מהסכומים על גזירת הדין?,"בעת גזירת הדין, נתתי משקל מסוים לקולא לכך שהנאשם זוכה מחלק מהסכומים בכתב האישום מחמת הספק, ושמחלק מהם חזרה בה המאשימה.",train
מה יש לקחת בחשבון בעת קביעת מתחם הקנס?,"בעת קביעת מתחם הקנס יש לתת את הדעת לכלל הנסיבות אשר פורטו לעיל, ולעיקרון ההלימה, ולצד זאת גם למצבו הכלכלי של הנאשם, שבמקרה זה אינו פשוט כלל.",train
מהי המסקנה לגבי מידת הפגיעה בערכים המוגנים ממעשיו של הנאשם?,כלל נסיבות אלה מביאות למסקנה כי מידת הפגיעה בערכים המוגנים ממעשיו של הנאשם איננה ברף הגבוה.,train
כיצד משפיעות עבירות המס על הקופה הציבורית והציבור המוחלש?,"כתוצאה מביצוע עבירות המס נפגעת באופן תדיר הקופה הציבורית, וכפועל יוצא נפגע ה'קורבן השקט', הציבור בכללותו ובפרט ציבור המוחלש בחברה, הנשען על השירותים הציבוריים.",train
כיצד משפיעים פסקי דין בעבירות דומות על מדיניות הענישה?,"בעת בחינת הענישה הנוהגת נתתי דעתי לפסקי הדין בעבירות דומות אליהם הפנתה ב\כ המאשימה בהם נגזרו עונשי מאסר בפועל לריצוי מאחורי סורג ובריח על נאשמים.""",train
מהי האפשרות שהייתה לנאשם להפסיק את פעילותו בנאשמת?,"כן לא ניתן להתעלם מכך שבכל עת יכול היה הנאשם להפסיק פעילותו בנאשמת, ככל שראה שאינו יכול לעמוד בחובתו להגיש את הדוחות, או בשל מצבו הכלכלי.",train
"מהו מעמדו של בית המשפט בהסדרי טיעון, למרות האינטרס הציבורי לאמץ אותם?","כידוע, וכפי שאף פורט בהסדר הטיעון ובעת הצגת הסדר הטיעון לבית המשפט, בית המשפט אינו מחויב לאמץ את ההסדר אליו הגיעו הצדדים הגם שקיים אינטרס ציבורי לאמצו .",train
כיצד השפיעה התנהלות הנאשם בבורסה ליהלומים על שיקול הדעת של בית המשפט?,"בהקשר זה נתתי דעתי גם לטענת ההגנה לפיה התנהלות הנאשם הייתה התנהלות נהוגה בבורסה ליהלומים באותה עת, והתנהלות אשר לא נחקרה על ידי רשויות המס משך שנים ארוכות, הגם שאינני מוצאת ליתן לעניין זה משקל ממשי.",train
"מהי תוכנית השל\צ שהוצעה לנאשם וכיצד היא נחשבת לעונש חינוכי?""","בנוסף יש לתת את הדעת לכך שתוכנית השל\צ אותה גיבש שירות המבחן עבור הנאשם נרחבת ומשמעותית, מונה 450 שעות, ולדעת שירות המבחן בתסקירו מיום 21.12.2017 תהווה עונש חינוכי לנאשם, ויש בה להקטין סיכון להישנות ביצוע העבירה באמצעות תרומה לחברה ופיצוי על הנזק והפגיעה שהסב.""",train
מהו השיקול המרכזי שיש לקחת בחשבון בעת קביעת מתחם העונש ההולם?,"בעת קביעת מתחם העונש ההולם יש להתחשב בערך החברתי אשר נפגע, במידת הפגיעה בו, במדיניות הענישה הנוהגת ובנסיבות ביצוע העבירה.",train
מהו ההיבט שמאזן את הענישה המקלה במקרה זה?,רכיבים אלה מאזנים את הענישה המקלה מעט בדמות 2 חודשי המאסר לריצוי בעבודות שירות.,train
מה השפעת מצבו הכלכלי של הנאשם על קביעת מתחם הקנס?,"בעת קביעת מתחם הקנס, נתתי דעתי לערכים המוגנים ולכלל הנסיבות ולמצבו הכלכלי הנטען של הנאשם, אך לא צורפו אסמכתאות בהקשר זה בעת הטיעון לעונש.",train
מהי החשיבות של העובדה שהעבירה בוצעה כנגד תובע משטרתי במהלך תפקידו?,"המפורט לעיל, בהתייחס לנסיבות ביצוע העבירה, יש ליתן את הדעת לעובדה שהעבירה בוצעה כנגד תובע משטרתי במהלך תפקידו, ובתוך באולם בית המשפט אגב קיומו של דיון בעניינו של הנאשם בתיק אחר שעניינו דומה.",train
אילו גורמי סיכון ציין שירות המבחן בנוגע להתנהלות הנאשם בעבירות?,"לצד זאת הפנה לגורמי הסיכון במצבו בדמות התנהלותו בעבירות, החזרתיות והשיטתיות המלמדים על דפוס של תכנון ומרמה מורכב, טשטוש גבולות בין המותר לאסור במצבים מסוימים, והערכה עצמית נמוכה אותה הוא נוטה לטשטש בניסיון להציג פסאדה של אדם תקין ולטשטש חלקים בעייתיים באישיותו.",train
מדוע עבירות אלו נחשבות לקשות לגילוי?,"המדובר בעבירות שבבסיסן מרמה והן קשות לגילוי, משכך אף רב הפיתוי לבצען.",train
מהי ההחלטה שנעשתה בנוגע לחפיפת העונש שנגזר בתיק לעונש המאסר המותנה?,לאור כלל נסיבות אלה ומבלי למעט בחומרת מעשיו של הנאשם מצאתי כי נכון יהיה ללכת כברת דרך לקראת הנאשם ולהורות על חפיפת העונש אשר נגזר בתיק לעונש המאסר המותנה אשר יופעל בעניינו.,train
מה היה הרף שנקבע לעונש הנאשם לאחר שנמצא לא מתאים לעבודות שירות?,"משהנאשם לא נמצא מתאים לבצע עבודות שירות, מצאתי לגזור את עונשו ברף התחתון של מתחמי הענישה שנקבעו, אך לתקופה משמעותית ומרתיעה.",train
מהי השאלה שיש להידרש אליה בעת קביעת מתחם הקנס?,בעת קביעת המתחם יש להידרש גם לשאלת יכולתו הכלכלית של הנאשם.,train
מהו השיקול שיש לקחת בחשבון בעת קביעת העונש במקרה של תקיפה הגורמת לחבלה?,יש לשקול את שיקולי ההרתעה הכללית וחשיבותם.,train
כיצד יש להתייחס לסכום העבירות בהקשר לנסיבות ביצוען?,"בעת בחינת נסיבות ביצוע העבירות יש לתת את הדעת לכך שסכום העבירות במקרה דנן, הגם שאינו זניח, אינו מהגבוהים ביותר, בפרט בשים לב לתקופת ביצוע העבירות הממושכת.",train
מדוע נגרם נזק לקופה הציבורית כתוצאה מהעבירות המיוחסות לנאשמים?,"הערכים המוגנים בעבירות אלה נוגעים לחשיבות הקופה הציבורית לכלכלת המדינה וביטחונה, וכתוצאה מביצוען נגרם באופן תדיר נזק רב לקופה הציבורית בפן הכספי, וכן נפגע עיקרון השוויון בנשיאת נטל המס.",train
כיצד השפיע מאמציו של הנאשם להסרת מחדלי כתב האישום על קביעת עונשו?,"בעת קביעת עונשו של הנאשם נתתי דעתי לכך שהנאשם עשה מאמץ להסרת מחדלי כתב האישום, הגיש את הדוחות, שילם 16,951 ₪ לטובת הסרת המחדל, ולאחר הטיעון לעונש 30,000 ₪ נוספים.",train
מהו המצב בעבירות המערבות שימוש בחשבוניות כוזבות מבחינת הענישה?,"הדברים מקבלים משנה תוקף מקום בו מדובר בעבירות המערבות הוצאה ושימוש בחשבוניות כוזבות, ובדרך כלל מתחמי הענישה בגין עבירות אלה ובהיקפים ממשיים כוללים בתחתיתם עונשי מאסר ממשיים לריצוי מאחורי סורג ובריח.",train
מהן הנסיבות המקלות שיכולות להשפיע על הענישה במקרה של הנאשם?,"הנאשם נעדר עבר פלילי, הודה ונטל אחריות לביצוע העבירות, התחרט והשקיע מאמצים לחזור למוטב ואף חסך זמן שיפוטי יקר - כל אלה ישקלו לזכותו.",train
מדוע ניתן משקל להסכמה העונשית בהקשר של עיקרון השוויון?,"משקל מסוים יינתן להסכמה עונשית זו, שהיא בוודאי מקלה, וזאת מכוח עיקרון השיוויון.",train
מהי הסיבה לקביעת תחתית מתחם הענישה בעבירת האיומים במקרה זה?,"בנסיבות הנדונות, נוכח חומרת תוכן האיום והעובדה שבוצע בתחנת המשטרה נראה כי נכון היה לקבוע את תחתית מתחם הענישה ביחס לעבירת האיומים על תקופת מאסר קצרה.",train
באילו נסיבות מיוחדות ניתן לקבוע כי המאסר המותנה ירוצה בחופף?,"\רק בנסיבות מיוחדות רשאי בית המשפט לקבוע כי המאסר המותנה שהופעל ירוצה בחופף לעונש המאסר שנגזר בגין העבירה הנוספת.""",train
מדוע יש חשיבות לשמירה על הוגנות שוק ההון והשוויון בין המשקיעים?,"כדי שמרבית הציבור לא ידיר רגליו מהשקעות יש חשיבות לשמירה על הוגנות שוק ההון ועל השוויון בין המשקיעים, וזאת גם לצורך הבטחת תפקודו התקין של שוק ההון באופן יעיל, ביסוס אמון הציבור בו, ובהתחשב בערכים המוגנים ובתכליות שבבסיסה, בהיבט המוסרי והמעשי.",train
מהו המצב שנוצר בנוגע למחדלים שהנאשם ניסה להסיר?,"לקחתי בחשבון את הטענה שהנאשם ניסה להסיר את מחדליו, לשם כך נעזר ברואת חשבון אשר קבעה כי לא ניתן לחתום על הדוחות כמבוקרים בשל חומר חסר, אותו ניסה הנאשם להשיג מספקיו, ללא הועיל.",train
מהו מתחם הענישה שנקבע במקרה זה בהתבסס על הנסיבות?,"בראי הנסיבות ותוך שקילת האירוע בכללותו, במקרה זה יקבע מתחם הענישה בין חמישה חודשי מאסר שיכול וירוצו בעבודות שירות ועד 16 חודשי מאסר לצד ענישה נלווית.",train
מהו השיקול המרכזי שנלקח בחשבון בנוגע לגילו ומצבו של הנאשם?,"נתתי דעתי אף לגילו של הנאשם, מצבו המשפחתי, הכלכלי והרפואי ולכך שעובד כשכיר היום ואינו בעל עסק עוד.",train
מהי עמדת בית המשפט העליון לגבי גבולות עבירת העלבת עובד ציבור וחופש הביטוי?,"בית המשפט העליון, בהרכב של תשעה שופטים, את גבולותיה של עבירת העלבת עובד ציבור ואף הדגיש שוב את חשיבות חופש הביטוי והצורך באיזונה של זכות יסוד חשובה זו אל מול הערכים המוגנים בעבירה.",train
מהו ההסבר לפגיעה בערכים המוגנים בעקבות ביצוע העבירות בבורסה ליהלומים?,"מבחינת הנסיבות עולה כי בהקשר זה נפגעו הערכים המוגנים פגיעה ממשית וקשה מביצוע העבירות, כשהרקע לביצוע העבירות ו/או ביצוען בבורסה ליהלומים וחקירתן במסגרת פרשת צ'ק ליסט רלבנטי פחות ואינו מצדיק את אותה הקלה ממשית.",train
מהו השיקול החוקי המנחה את בית המשפט בקביעת מיקום הנאשם במתחם הענישה?,"כידוע, על פי סעיף 40יא(10) לחוק העונשין, תשל\ז – 1977 (להלן: \""חוק העונשין\"") שיקולי חלוף זמן נשקלים בעת קביעת מיקומו של הנאשם בגדרי מתחם הענישה שנקבע.""",train
מהו המשקל של המלצת שירות המבחן במקרה של נאשם המטופל לאורך זמן?,"יש לזכור כי הגם שהמלצת שירות המבחן איננה מחייבת, היא בעלת משקל ומשמעות, וודאי כאשר המדובר בנאשם המטופל ומלווה משך תקופה ארוכה על  ידי שירות המבחן כמו בענייננו.",train
מהו המשקל שיש ליתן לנסיבות אישיות וחרטה בעת קביעת העונש?,"אין באמור כדי ללמד שאין ליתן כל משקל, באופן אוטומטי, לנסיבות אישיות, הבעת חרטה ויתר השיקולים הרלבנטים המנויים בסעיף 40יא לחוק העונשין.",train
מהו המדרג של העבירות לפי סעיף 217 לפקודת מס הכנסה בהקשר של הנאשמים?,"בעת בחינת מידת הנזק לערכים המוגנים ממעשי הנאשמים נתתי דעתי לכך שכלל הנאשמים הורשעו במקרה זה בביצוע עבירות לפי סעיף 217 לפקודה, שהן במדרג ביניים מבחינת פקודת מס הכנסה, ואינן מייחסות יסוד נפשי של כוונה להתחמק ממס, וכי העבירות לא בוצעו תוך תכנון מוקדם ובתחכום.",train
מהן הנסיבות שיש לשקול בעת קביעת העונש על העבירות?,"זאת כאמור בשים לב לנסיבות ביצוע העבירות אשר פורטו לעיל, לגילו של הנאשם בעת ביצוען, משך ביצוען, סכומן של העבירות ובראי הענישה הנוהגת.",train
כיצד ניהול המשפט על ידי הנאשם הביא לזיכויו בעבירת האיומים?,"הנאשם אמנם בחר לנהל משפטו ולא חסך את הצורך בשמיעת עדים, אך ניהול ההוכחות הביא לזיכויו מביצוע עבירת האיומים בה הואשם, ואף הבהיר את הנסיבות הכוללות של האירוע, ויש טעם בטענה לפיה לא היה לשווא.",train
מהן ההשלכות האפשריות על הנאשם מבחינה רגשית וכלכלית בעקבות הרשעה בעבירות אלו?,"הערכת שירות המבחן היא כי מעבר לפגיעה כלכלית תתכן אף פגיעה רגשית בזהותו של הנאשם כמפרנס, במעמדו במשפחה ובמעגלים חברתיים, בתחושת הערך העצמית שלו וביכולתו לשמור על סדר יום יצרני וחיוני.",train
מדוע יש חשיבות לענישה ממשית במקרה של הנאשם?,בנסיבות אלה נראה כי יש חשיבות ומשמעות לענישה ממשית במקרה זה ואין מקום למקם את עונשו של הנאשם בתחתית תחתיתו של המתחם אשר נקבע.,train
מדוע לא ניתן לנאשם להנות מהקלות המוענקות למי שמודה בעבירה?,"אמנם ניהול המשפט כשלעצמו אינו נזקף לחובתו, אך מובן שהנאשם אינו זכאי לאותה הקלה הניתנת למי שמודה ואף חוסך זמן שיפוטי.",train
מהו הפוטנציאל הנזק שנגרם לקופה הציבורית בעקבות ביצוע העבירות?,"בנוסף, קיים פוטנציאל נזק ממשי לקופה הציבורית מביצוע העבירות, ובכך לכל אחד ואחת מאזרחיה, ובפרט לציבור המוחלש בחברה, הנשען על השירותים הציבוריים.",train
מהו האינטרס הציבורי שקשור בשיקום הנאשם בעבירות מסוג זה?,אין להתעלם מהמאמצים אותם משקיע הנאשם בחודשים האחרונים תוך שהוא מפגין מחויבות להליך שיקומו ואף מהאינטרס הציבורי הידוע שבשיקום הנאשם באופן כללי ובסוג זה של עבירות וגמילתו מסמים.,train
מהי ההמלצה של שירות המבחן בנוגע לענישה שיקומית לנאשם?,"על כן ממליץ שירות המבחן על ענישה שיקומית, תוך הדגשת חשיבות המשך מעורבות השירות במסגרת צו מבחן, והמשך טיפול, על מנת לתרום להפחתה מרמת הסיכון במצבו של הנאשם.",train
כיצד משפיעה אי הסרת המחדלים על קביעת עונשו של נאשם בעבירות מסוג זה?,"יחד עם זאת, באופן רגיל, בסוג זה של עבירות ועל פי הפסיקה, אי הסרת המחדלים ותיקון הנזק מקשה עד מאוד את קביעת עונשו של נאשם בתחתית מתחם הענישה.",train
מהי המסקנה לגבי המסמכים הרפואיים שהוצגו במקרה זה?,המסמכים הרפואיים במ/2 ובמ/3 אשר הונחו בפני אינם מלמדים לדעתי על מצב רפואי או על נזק פוטנציאלי בדמות קיצור תוחלת חייו של הנאשם מהענישה הצפויה לו בתוך מתחם הענישה אשר מצדיקה סטייה מהמתחם משיקולי צדק.,train
כיצד השפיעה קריסתה הכלכלית של הנאשמת על ביצוע העבירות?,נתתי דעתי לטענות בדבר קריסתה הכלכלית של הנאשמת אשר הביאה לטענת ההגנה לביצוע העבירות.,train
אילו ערכים מוגנים נפגעים בעבירות של ניכוי מס תשומות ללא מסמך כדין?,"הערכים המוגנים בעבירות דנן, נוגעים לחשיבותה של הקופה הציבורית לכלכלתה וביטחונה של המדינה, לנזק הרב שנגרם כתוצאה מביצוע העבירות הן בפן הכספי והן בפן הפגיעה בעקרון השוויון בנשיאת נטל המס החל על כלל ציבור העוסקים ובאמון הציבור בשלטון החוק.",train
כיצד מתיישב מתחם העונש עם הפסיקה הכללית בעבירות דומות?,"מתחם זה הגיוני וסביר אף בראי הפסיקה הכללית בסוג זה של עבירות, בהיקפים דומים.",train
כיצד השפיעה הודאת הנאשם בביצוע העבירות הנוספות על שיקול הענישה?,"למרות שהעבירות הנוספות בהן הודה מביאות להחמרה בענישה, לקולא מסוימת שקלתי את בקשתו להודות בביצוע העבירות הנוספות אותן ביצע במסגרת פעילותו בנאשמת 3.",train
מהי מדיניות הענישה המומלצת לעברייני מס ביחס לשיקולי ההרתעה?,"מדיניות הענישה לפיה יש לגזור את דינם של עברייני המס תוך מתן הבכורה לשיקולי ההרתעה, ולהעדיפם על פני נסיבותיו האישיות של הנאשם.",train
מהי מידת הפגיעה בערכים המוגנים ממעשי הנאשם לפי הנסיבות המפורטות?,"נסיבות המפורטות נראה כי מידת הפגיעה בערכים המוגנים ממעשי הנאשם היא ברף הבינוני, ובכלל זאת אף הנזק שנגרם לקופת המדינה ממעשיו.",train
מה היו השיקולים שהובילו לגזר דין של 6.5 שנות מאסר לניר?,"לאחר שקילת כל המפורט לעיל, ובהינתן הסכמת הצדדים לפי הסדר הטיעון, מצאתי למקם את עונשו בשליש התחתון של מתחמי הענישה שנקבעו בעניינו, אך לא בתחתיתו, ובשים לב גם לשיקולי הרתעה, עונשו של ניר ייגזר ל- 6.5 שנות מאסר, לצד מאסר מותנה ופיצוי כספי בסך 50,000 ₪.",train
מהו העיקרון שעל פיו נקבעת הלימה בין מתחם העונש לערך החברתי שנפגע?,"קביעת מתחם העונש ההולם נעשית על פי עקרון ההלימה, תוך התחשבות בערך החברתי אשר נפגע, במידת הפגיעה בו, במדיניות הענישה הנוהגת ובנסיבות ביצוע העבירה.",train
כיצד משפיעים השיהוי בהגשת כתב האישום ויתר הנסיבות על מיקום עונשו של הנאשם בתחתית מתחם הענישה?,"גם עובדה זו, בשילוב עם השיהוי הממשי בהגשת כתב האישום ויתר הנסיבות, מאפשרת את מיקום עונשו של הנאשם בתחתית מתחם הענישה חרף אי הסרת המחדל על ידו, ואף קביעה כי עונשו ירוצה בעבודות שירות, למרות הכלל לפיו יש לגזור על מבצעי העבירות הנדונות עונשי מאסר לריצוי מאחורי סורג ובריח.",train
מהו הממד לקולא שנלקח בחשבון בענישה המוסכמת של הנאשמים?,"ענישה מוסכמת אף מימד מסוים לקולא, בשים לב לכך שעל הנאשמים אשר אף הורשעו בביצוע עבירות מס, לא הוטל עונש של קנס במסגרת הסדר הטיעון.",train
כיצד מתבטאת הגמישות של בית המשפט בקביעת מתחם העונש בעבירות מס?,"אין המדובר בעניין אריתמטי ולבית המשפט נתון בהקשר זה מרחב מסוים של גמישות (ר' בע\פ 3877/16 ג'אבלי נגד  מדינת ישראל [פורסם בנבו] (17.11.2016) ועפ\""ג 12063-04-15 בראונר נ' מדינת ישראל [פורסם בנבו] (20.07.2015)).""",train
מהו מבחן האיזון שעל בית המשפט לבצע בהסדרי טיעון?,"על פי מבחן האיזון על בית המשפט לבחון קיומו של \איזון בין טובת ההנאה הצומחת לנאשמים מן ההסדר לעניין העונש לבין אינטרס הציבור כפי שהוא בא לידי ביטוי בעונש שבית המשפט גוזר\"".""",train
מהו השיקול לגבי רלוונטיות התיקון בספרי הנהלת החשבונות בעת קביעת מתחם הענישה?,"לצד זאת, אינני שותפה לדעת המאשימה לפיה התיקון שבוצע בספרי הנהלת החשבונות של הנאשמת אינו רלבנטי בעת קביעת מתחם הענישה, ועליו להישקל רק בעת קביעת העונש בגדרי מתחם הענישה, כסוג של הסרת המחדל.",train
כיצד מגלם מתחם העונש הכרעה ערכית ולא מדד מדויק?,"כידוע, מתחם העונש איננו עניין אריתמטי פשוט אלא מגלם הכרעה ערכית המבוססת על שיקולים שונים שמדיניות הענישה היא רק אחד מהם, כשעצם העובדה שלעולם יוכל כל צד למצוא פסקי דין התומכים בעמדתו מלמדת כי אין המדובר במדד מדויק, ולבית המשפט נתון בהקשר זה מרחב מסוים של גמישות (ע\פ 1323/13 חסן נגד מדינת ישראל (5.06.2013)  עפ\""ג (ת\""א) 12063-04-15  בראונר נ' מדינת ישראל (20.07.2015).""",train
מהו הערך המוגן בעבירות המס הקשורות להימנעות מתשלום מס?,"הערכים המוגנים בעבירות המס הכוללות כוונה להתחמק מתשלום מס או לסייע לאחר כאמור, נוגעים לחשיבותה של הקופה הציבורית לכלכלת המדינה וביטחונה.",train
מהו הכלל המנחה את בית המשפט בנוגע לכיבוד הסדרי טיעון?,"הכלל הוא כי בית המשפט יטה לכבד הסדר טיעון ויתערב בו רק מטעמים המצדיקים זאת לאחר בחינתו במבחן האיזון אשר נקבע בע\פ 1958/98 פלוני נ' מדינת ישראל (25.12.2002) ובשים לב לכך שהשיקולים הנשקלים בעת עריכת הסדר טיעון אינם זהים בהכרח לאלה הנשקלים במסגרת תיקון 113 לחוק העונשין, ובכללם צפיית הנאשם כי הסדר הטיעון יאומץ.""",train
מהי חומרת התקיפה שביצעה הנאשמת במקום ציבורי?,"לצד זאת, לחומרה, יש לתת את הדעת לכך שהנאשמת תקפה את המתלוננת במקום ציבורי, שירותי המועדון, בפרץ אלימות ממשי שכלל משיכה בשיער המתלוננת, הפלתה, ריתוקה ושריטתה.",train
כיצד השפיעה הודאתו של גלמן בכתב האישום על קביעת עונשו?,"גם בעניינו של גלמן הבאתי בין שיקוליי את הודאתו בכתב האישום על המשתמע מכך, ונתון זה ייזקף לזכותו.",train
מהי החשיבות של הרתעה בעבירות הנוגעות לשחיתות שלטונית?,אין להקל ראש כלל וכלל בחומרת העבירה שבוצעה על ידי הנאשם ובחשיבות ההרתעה ובכללה הרתעת הרבים בעבירות הנוגעות לשחיתות שלטונית.,train
אילו נסיבות מיוחדות מצדיקות התחשבות נוספת בנאשם במקרה זה?,"נסיבות מיוחדות עד מאוד אלה מצדיקות התחשבות נוספת בנאשם, אשר אפשרית במקרה זה בגדרי מתחם העונש, בשים לב אף לכך שאין המדובר במחדל מס גבוה עד מאוד.",train
מהי המדיניות הרצויה לגבי ריצוי עונש מאסר בעבודות שירות בעבירות פיסקליות?,"בית משפט זה, ראה אותן בחומרה וקבע \כמדיניות רצויה, שלא לאפשר ריצוי עונש מאסר בעבודות שירות כשהמדובר בעבירות פיסקליות\"".""",train
מדוע יש להתייחס לפגיעה בערכים המוגנים בעבירות המס בנפרד?,"יחד עם זאת, לא ניתן להתעלם מהפגיעה בערכים המוגנים בעבירות המס, שהם שונים מאלה בהם פגע הנאשם בביצוע עבירות הגניבה בידי עובד ושימוש במסמך מזויף.",train
מהי מידת הפגיעה בערכים המוגנים במקרה של רישום כוזב של חשבוניות?,"גם בקשר לאישום הראשון שעניינו כאמור רישומן במרמה וכזב של חשבוניות כוזבות בספרי הנהלת החשבונות של הנאשמת, מידת הפגיעה בערכים המוגנים ממעשי הנאשם איננה זניחה.",train
מהו המצב המשפטי במקרה זה בנוגע לשיקולים לסטייה מהמתחם?,"במקרה דנן, לא קיימים שיקולים אשר מצדיקים סטייה מהמתחם, לחומרה או לקולא.",train
מהו מתחם העונש המוסכם שנמצא חורג לקולא במקרה זה?,"מבחינת כלל המפורט לעיל, ואף מבלי לקבוע מתחם ענישה מדויק, נראה כי תקרת העונש המוסכם בין הצדדים לעונש מאסר של 9 חודשי מאסר בפועל חורג לקולא ממתחם העונש ההולם – זאת גם אם תישקל לקולא העובדה שהנאשם היה \איש קש\"" ולא הנהנה העיקרי מביצוע העבירות, וכי מוסכם על הצדדים, שתחילה, כשהסכים לפעול כמפורט בכתב האישום, לא ידע הנאשם שהמדובר בביצוע עבירות, ולאחר מכן המשיך לפעול לאור לחץ שהופעל עליו ובשל חששו מגורמים עבריינים.""",train
"מהו העונש הנוהג בבתי המשפט בגין עבירה ראשונה מסוג זה, וכיצד הוא מתייחס לנסיבות המקרה?","על פי הענישה הנוהגת, בגין ביצועה של עבירה ראשונה מסוג זה, נוהגים בתי המשפט לגזור במרבית המקרים עונש של מאסר מותנה, לעיתים לצד קנס ופיצוי, כך שענישה הכוללת את הרכיבים המפורטים לעיל מחמירה והולמת יותר, כפי שאף נדרש בנסיבותיו החמורות של המקרה.",train
כיצד משפיע המצב הכלכלי של הנאשם על פרנסתו של משפחתו?,"נתתי דעתי לכך שהנאשם מתמודד עם קושי כלכלי ממשי ולצד זאת מפרנס לבדו את אשתו וחמשת ילדיהם הקטינים, אחד מהם בן שנה והשני בן שבוע בלבד.",train
מהי החשיבות שיש לשקול בעת קביעת העונש בנוגע לאחידות הענישה?,לצד זאת יש לזכור את חשיבות אחידות הענישה.,train
מהו מתחם העונש שנקבע עבור כל אירוע במקרה זה?,"זאת בשים לב לכך שמתחם העונש בגין כל אירוע כולל מאסר מותנה בתחתיתו וברף העליון עונש מאסר למשך 7 חודשים, לאור העדר עבר פלילי לנאשם, הודייתו וחיסכון הזמן השיפוטי על ידו ונסיבותיו המצערות לפיהן ערב מתן גזר הדין התגלתה מחלתו בשלה אינו יכול לרצות את עונשו בעבודות שירות.",train
כיצד מתבטאת הגמישות של בית המשפט בקביעת העונש?,"אין המדובר בעניין אריתמטי ולבית המשפט נתון בהקשר זה מרחב מסוים של גמישות (ר' בע\פ 3877/16 ג'אבלי נגד  מדינת ישראל (17.11.2016) ועפ\""ג 12063-04-15 בראונר נ' מדינת ישראל (20.07.2015)).""",train
מהי המשמעות של מועד הגשת כתב האישום ביחס לעבירות שביצע הנאשם?,"לכתב האישום הוגש בחודש יולי 2016 כאשר העבירה הראשונה בזמן נוגעת לשנת המס 2011 והיתר, ביחס לדוחות הנאשמת (לשנות המס 2012-2013), לכך יש משמעות מסוימת בעת מיקומו של הנאשם בתוך המתחם. (ר' סעיף 40יא(10) לחוק העונשין)",train
"מהו העיקרון המשפטי המנחה בענישה בעבירות מס לפי טענת ב\כ המאשימה?""","צודק ב\כ המאשימה בטענתו כי בסוג זה של עבירות יש ליתן את הבכורה לשיקולי ההרתעה ובכלל זאת הרתעת הנאשם והרתעת הרבים, על פני שיקולים אישיים.""",train
אילו מקרים עשויים להוביל למתחמי ענישה גבוהים יותר בעבירות דומות?,"לצד זאת, קיימים מקרים מתאימים, בהם בגין ביצוע עבירות דומות ואף בהיקף גבוה מזה שבמקרה דנן, ובכלל זאת מקרים בהם פעלו נאשמים בתחכום ו/או העלימו מקור הכנסה שלם כמו בעניינינו, נקבעו מתחמי ענישה שתחתיתם 6 חודשי מאסר.",train
כיצד חיזק התסקיר שהוגש על ידי הסנגור את התרשמות בית המשפט מהנאשם?,"בעת גזירת הדין, התסקיר שהוגש על ידי הסנגור חיזק את התרשמותי מהנאשם וכן את חשיבותה של ענישה מרתיעה בעניינו.",train
מהן העונשים המומלצים לנאשם כדי לאזן בין ענישה מרתיעה לבין המשך השיקום?,"על הנאשם יגזרו עונשים אשר מהווים ענישה קונקרטית ומרתיעה, ולצד זאת תינתן לו ההזדמנות להמשיך בשיקום ולבנות חיים בוגרים נורמטיביים, תוך שמירה על שיגרת יומו בעבודתו ובטיפול בליווי שירות המבחן.",train
"כיצד משפיעה ההסדר טיעון על הענישה במקרה זה, במיוחד כאשר יש קושי ראייתי?","מעבר לכך, האמור עומד גם בקשר לטענה לפיה באופן רגיל ענישה שהושתה בהתאם להסדר טיעון, בפרט כזה בו פורט קושי ראייתי איננה יכולה לשמש אמת מידה לענישה ראויה נכונה ברמה העקרונית.",train
"מהי החשיבות של הרתעת הרבים בעבירות מס, לפי פסיקות בתי המשפט?",בתי המשפט עמדו לא אחת על חשיבות הרתעת הרבים כאשר עסקינן בעבירות מס.,train
כיצד משפיעים מאמצי הנאשם לתקן את המחדל על גזר הדין?,"בנסיבות המקרה דנן למאמצי הנאשם לפעול להסרת המחדל והסרת מחציתו על ידו יינתן משקל ממשי ומתאים לקולא, ויש בו כדי ללמד על חרטה כנה ואמתית ולהביא לתיקון לא מבוטל של הנזק לו גרם בפן הכלכלי.",train
מהי החשיבות שניתנה לעבירת השוחד בהנחיית היועץ המשפטי לממשלה בנוגע לאכיפת החוק?,"החשיבות הרבה שניתנה לעבירה באה לידי ביטוי גם בהנחיית היועץ המשפטי לממשלה בעניין אכיפת סעיף 241א לחוק העונשין כך שבמסגרת השיקולים בדבר חקירה והעמדה לדין בעבירה זו, לא ניתן לשקול שיקולים הנוגעים לאינטרסים כלכליים לאומיים, להשפעה פוטנציאלית על היחסים של מדינת ישראל עם מדינה זרה או לזהותו האדם או התאגיד המעורב.",train
מהו הערך המוגן בעבירה בה הורשע הנאשם 1?,"הערך המוגן בעבירה בה הורשע הנאשם 1 פורט לעיל, וכולל את זכותו של הפרט ליהנות מהגנה מפני פגיעה והשחתה של קניינו, גם אם מדובר בקניין המצוי בבעלות משותפת.",train
כיצד השפיע המצב הרפואי המורכב של הנאשם על שיקול הדעת של בית המשפט?,ממצבו הרפואי המורכב של הנאשם מצאתי לנכון לתת משקל מיוחד לתחשבות.,train
מהו המימד לחומרה בעבירות של אי העברת ניכויים?,"ביחס לעבירות של אי העברת ניכויים, המדובר בהתנהלות שיטתית בביצוע 24 עבירות בחודשים עוקבים ויש בכך מימד לחומרה.",train
מהי עמדת המאשימה לגבי הצורך באמצעי ענישה קשים נגד מעורבים בעבירות שוחד?,"מקובלת עלי טענת ב\כ המאשימה לפיה יש לנקוט באמצעי ענישה קשים כנגד כל מי שעולה על דרך השוחד ובכלל זאת נותן, לוקח או מתווך.""",train
באילו מקרים רשאי בית המשפט לחרוג ממתחם הענישה לפי סעיף 40ד(א) לחוק העונשין?,"כידוע, סעיף 40ד(א) לחוק העונשין מאפשר לבית המשפט, במקרים המתאימים, לחרוג ממתחם הענישה אם \מצא כי הנאשם השתקם או כי יש סיכוי של ממש שישתקם\"".""",train
כיצד משפיעה מידת הפגיעה בערכים המוגנים על נסיבות ביצוע העבירות במקרה זה?,"מבחינת נסיבות ביצוע העבירות במקרה זה, תוך התייחסות אליהן כאירוע עונשי אחד, עולה מידת פגיעה שאיננה גבוהה במיוחד בערכים המוגנים.",train
מהי ההשלכה של קבלת הטענה לפיה מתחם הענישה לא יכול להיות גבוה מהעונש המוסכם?,"בעניין זעילה דחה בית המשפט העליון את הטענה לפיה שגה בית המשפט המחוזי משקבע מתחם ענישה שתקרתו גבוהה מהעונש שהוסכם שהמדינה רשאית לטעון לו וציין כי קבלת הטענה מסוג זה משמעה שלילת שיקול הדעת של בית המשפט, והיא מנוגדת להלכה הפסוקה.",train
מהי הסיבה לכך שהשופט לא ראה לנכון לחרוג ממתחם הענישה במקרה זה?,"להשקפתי, מבלי להתעלם מכלל הנסיבות לקולא שצוינו ובכלל זאת מהדרך הטובה שעשה בטיפול עד כה, וכן ממצבו המורכב של הנאשם בעת ביצוע העבירות וכיום, אין המדובר במקרה המצדיק חריגה ממתחם הענישה משיקולי שיקום.",train
מהו המשמעות של הסרת המחדלים בעבירות מס לעניין הענישה?,"כידוע, להסרת המחדלים בסוג זה של עבירות משמעות רבה לעניין הענישה.",train
כיצד השפיעה הודאת הנאשם ונטילת האחריות על מעשיו על ההליך המשפטי?,"הנאשם הודה ונטל אחריות על מעשיו, בעת החקירה ובמסגרת ההליך המשפטי ויש לזקוף עובדה זו לזכותו.",train
מהו שיקול חלוף הזמן שצריך להתחשב בו בעת גזירת דינו של הנאשם?,נתתי דעתי גם לשיקולי חלוף זמן בעת גזירת דינו של הנאשם.,train
מהו העיקרון המנחה לקביעת מתחם העונש ההולם בעבירות מס?,"קביעת מתחם העונש ההולם נעשית על פי עיקרון ההלימה תוך התחשבות בערך החברתי אשר נפגע, במידת הפגיעה בו, במדיניות הענישה הנוהגת ובנסיבות ביצוע העבירה.",train
אילו ערכים מוגנים נפגעים בעבירות המס שביצע הנאשם?,"במסגרת זו, נתתי דעתי לערכים המוגנים בעבירות המס שבביצוען הורשע הנאשם, שהן במדרג הגבוה ביותר של עבירות המס, הנוגעים לחשיבות הקופה הציבורית לכלכלת המדינה וביטחונה, כשלצד העבירות פוטנציאל נזק ממשי לקופה הציבורית ופעמים רבות, כמו במקרה דנן, אף נגרם לה נזק לא מבוטל הלכה למעשה.",train
מהן הערכים החברתיים החשובים שהעבירות המיוחסות לנאשמים נועדו להגן עליהם?,"העבירות בביצוען הורשעו הנאשמים באות להגן על ערכים חברתיים בעלי חשיבות רבה, הנוגעים גם לחשיבות הקופה הציבורית לכלכלת המדינה וביטחונה.",train
מהו העונש הנפוץ לנאשמים בעבירות הפצה של חשבוניות פיקטיביות בהיקפים משמעותיים?,"בדרך כלל, בסוג זה של עבירות, המערבות הפצה או שימוש בחשבוניות פיקטיביות, ובהיקפים ממשיים הדומים לזה שבעניינו, נגזר דינם של נאשמים למאסר מאחורי סורג ובריח, תוך שבתי המשפט מדגישים את חומרת העבירות, חשיבות ההרתעה ובכללה הרתעת הרבים, ובכורתו של האינטרס הציבורי על פני נסיבות אישיות.",train
כיצד משפיעים מאמצי הנאשם להסרת מחדלים על מיקומו בגדרי המתחם?,"יחד עם זאת, מאמציו הכנים של הנאשם להסיר את המחדלים יזקפו לזכותו בעת מיקומו בגדרי המתחם.",train
מהו העיקרון המנחה בגזירת עונש בעבירות מס לפי האינטרס הציבורי?,"לסוג זה של עבירות מקבלים האינטרס הציבורי ולשיקולי ההרתעה בכורה, ודרך המלך היא לגזירת עונשם של העבריינים למאסר מאחורי סורג ובריח.",train
מה השפעת החרטה של הנאשם על קביעת העונש?,"בעת קביעה כאמור, ומבלי להתעלם מכך שהנאשם לא הסיר את מחדל כתב האישום ולא תיקן את הנזק לו גרם במעשיו, נתתי דעתי לחרטה שהביע הנאשם, לשיתוף הפעולה שלו עם היחידה החוקרת, להודייתו בתחילת ההליך, וחיסכון הזמן השיפוטי לצידה.",train
מהו השיקול שנלקח בחשבון בעת בחינת סבירות הסדר הטיעון בהשוואה לעניין נחאיסי?,"בעת בחינת סבירות הסדר הטיעון בחנתי גם את מתחמי עונש המאסר שנקבעו בעניין נחאיסי אליו הפנו הצדדים, ואת העונש שנגזר עליו, משעניינו דומה לעניין הנאשמים במקרה דנן בשינויים המחויבים.",train
"מהו הנזק הכלכלי שנגרם לציבור כתוצאה מעבירות אי הגשת דו\ח ואי תשלום המס?""","עבירות של אי הגשת דו\ח במועד ואי תשלום המס הגלום בו, פוגעות ביכולת הרשות לקיים מערכת גבייה תקינה ונשיאה שוויונית בנטל, נגרם נזק כלכלי לציבור וכן נפגעת פעילות רשויות המדינה.""",train
מהי המשמעות של הרשעות קודמות בעבירות דומות בהקשר של חומרה?,"כך, בעפ\ג 59091-02-16 עזאם נ' מדינת ישראל (19.05.16) המדובר במי שלחובתו שתי הרשעות קודמות בעבירות דומות ואת העבירות מושא כתב האישום ביצע בעת שהתנהלו כנגדו ההליכים הקודמים בגין עבירות דומות, מה שמהווה נסיבה ממשית לחומרה.""",train
מהו מעמד המלצת שירות המבחן בהליך השיפוטי?,"בית המשפט אינו כבול להמלצת שירות המבחן, ושיקוליו רחבים יותר.",train
כיצד נפגע ערך השוויון והאמון בעקבות ביצוע העבירות על ידי הנאשמות?,"מביצוע העבירות שבביצוען הורשעו הנאשמות נפגע ערך השוויון והאמון, וביצוען מביא לחסר בקופת המדינה, ובכך לפגיעה בכל אחד ואחת מאזרחיה.",train
מהו המשקל שיש לתת לשיתוף הפעולה של הנאשמים במהלך החקירה?,"יש לתת את הדעת לשיתוף הפעולה המסוים של הנאשמים במסגרת החקירה, הגם שאין המדובר בשיקול בעל משקל משמעותי, בעיקר לאור העובדה שהנאשם לא נטלו אחריות בזמן החקירה וניהלו את המשפט משך שנים עד הודייתם.",train
מהו תפקיד מדיניות הענישה בקביעת מתחם הענישה לפי ההכרעה המשפטית?,"מדיניות הענישה הנהוגה היא רק אחד המדדים לקביעת המתחם ולא בהכרח החשוב שבהם, כשעצם העובדה שלעולם יוכל כל צד למצוא פסקי דין התומכים בעמדתו, מלמדת כי אין המדובר במדד מדויק.",train
מהו השיקול שיש לבחון בעת קביעת הענישה הנוהגת ביחס למקרה הנדון?,"בעת בחינת הענישה הנוהגת, ואף בשים לב לעיקרון השוויון וחשיבות אחידות הענישה, יש לבחון האם יש ללמוד מהם גזירה שווה או שמא להבחין ביניהם לבין המקרה הנדון ולשם כך לבחון את נסיבותיהם.",train
מהו המשקל של האינטרס הציבורי ושיקולי ההרתעה בעבירות מסוג זה?,"בסוג זה של עבירות, מקבלים האינטרס הציבורי ושיקולי ההרתעה, ובכללם הרתעת הרבים, בכורה על פני נסיבות אישיות.",train
מדוע יש לקחת בחשבון את יכולתו הכלכלית של הנאשם בעת קביעת המתחם?,בעת קביעת המתחם יש להידרש גם לשאלת יכולתו הכלכלית של הנאשם.,train
מהי החשיבות של ענישה מרתיעה נגד מוצאי החשבוניות הכוזבות?,"בתי המשפט שבו והבהירו כי קיימת חשיבות לענישה מרתיעה גם כנגד מוצאי החשבוניות הכוזבות במדרג הנמוך, וללא ההרתעה הנדרשת, מה ימנע מאותם אנשים להתפתות ותמורת כסף קל לבצע את העבירות, ואף להירשם כבעלי חברות ולהוציא בעצמם או להתיר לאחרים הוצאת חשבוניות כוזבות על שמם.",train
מהי עמדת בית המשפט העליון לגבי שיקולי ההרתעה בעבירות מס?,"בית המשפט העליון קבע לא אחת כי בכל הנוגע לעבירות המס, יש ליתן את הבכורה לשיקולי ההרתעה ובכלל זאת הרתעת הנאשם והרתעת הרבים, על פני שיקולים אישיים.",train
מהו תפקיד שיקולי צדק והגינות בקביעת מתחם הענישה?,יש לזכור כי על פי פסיקת בית המשפט העליון שיקולי צדק והגינות (ביניהם עיקרון השוויון) יכולים להשפיע לא רק על קביעת עונשו הקונקרטי של נאשם אלא גם על קביעת מתחם הענישה עצמו.,train
מהו ההשפעה של התיקון המשמעותי בכתב האישום על ניהול המשפט של הנאשם?,"כך או כך, לאור התיקון המשמעותי שבוצע בכתב האישום (במסגרתו הופחת מספר העבירות מ- 310 ל- 65, וסכום העבירות הופחת באופן משמעותי מ- 5,579,668 ₪ ל- 1,055,328 ₪) ניתן לקבוע כי ניהול המשפט על ידי הנאשם לא היה לשווא, ומבלי להתעלם מטענות המאשימה אין להתעלם מחיסכון הזמן היחסי לצד הודייתו בסופו של יום.",train
מהו המצב הכלכלי של הנאשם והשלכותיו על תהליך הענישה?,"יש לתת את הדעת למצבו הכלכלי הקשה של הנאשם ומשפחתו, לצווי הכינוס בעניינו ובעניין רעייתו לפיהם עליהם לשלם כל חודש סך של 400 ₪ כל אחד לטובת נושיהם, ולכך שנותר חסר כל, עם חובות כבדים, כשגם דירת המגורים שבבעלותו עומדת בפני כינוס.",train
מהי החשיבות של הרתעת הציבור בעבירות מסוג זה?,"בתי המשפט עמדו לא אחת על חשיבות הרתעת הרבים בסוג העבירות בהן הורשעו הנאשמים, וציינו כי בסוג זה של העבירות יש ליתן בכורה לאינטרס הציבורי על פני נסיבות אישיות.",train
כיצד משפיעה חשיבות ההוצאות שרשמו יהלומנים על טענת הדומיננטיות של הנאשם?,"אמנם הייתה חשיבות להוצאות שרשמו יהלומנים בספרי הנהלת החשבונות, שכן יהלומנים נדרשו לשלם את המס בהתאם להכנסה החייבת הגבוהה יותר מבין התוצאה המתקבלת על פי המסלול הרגיל לבין התחשיב, אך דווקא עובדה זו מקשה על קבלת הטענה לפיה הנאשם הוא הגורם הדומיננטי, אשר הביא להחטאת מקבלי החשבוניות וליחס בשל כך חומרה משמעותית ויתרה למעשיו.",train
מה השיקולים שהובילו לאימוץ תקרת הענישה המוסכמת בעניין אריק כהן?,"למרות האמור, בראי נסיבותיו המיוחדות של המקרה, גזר הדין שניתן בעניין אריק כהן שהוא חלק מאותה הפרשה, עיקרון אחידות הענישה וערך השוויון (ע\פ 8345/15 אוחנה נ' מדינת ישראל (19.9.2017)), ונסיבותיו הקונקרטיות המיוחדות של הנאשם ושילובו בטיפול, לצד חשיבות כיבודם של הסדרי טיעון לאינטרס הציבורי שהסטייה מהם תעשה רק מטעמים כבדי משקל, מצאתי לאמץ את תקרת הענישה המוסכמת בין הצדדים ואף לקבוע את עונשו של הנאשם בתקרה זו.""",train
מדוע יש לשקול את הסיכון במצבו של הנאשם למרות חוות דעת הפסיכולוג המטפל?,"מבלי להתעלם מהמלצה זו על נימוקיה, בעת בחינת התסקיר יש לתת את הדעת לכך שחרף העובדה שהפסיכולוג המטפל בנאשם במרכז לבריאות הנפש לא סבר שנדרשת בעניינו מעורבות טיפולית בתחום האלימות במשפחה, לא נקבע בתסקיר כי כיום אין סיכון במצבו של הנאשם.",train
מה ניתן ללמוד מעונשי מאסר שנגזרו במקרים חמורים יותר מהנאשם?,"בנוסף ובפרט, מעיון בפסיקה שצוינה לעיל ובכללה עניין נמירובסקי, עניין משהראוי, עניין חליל ועניין לימודה, ניתן ללמוד כי עונשי מאסר לתקופה דומה לזו המבוקשת על ידי המאשימה נגזרו באותם מקרים שהם חמורים בהרבה מהמקרה דנן, בהם בוצעו עבירות הנוגעות לחשבוניות כוזבות, על החומרה היתרה שלצידן, ובסכומי מס גבוהים העומדים על מיליוני שקלים.",train
כיצד משפיעה הענישה האינדיבידואלית על גזירת עונשו של הנאשם?,"לצד זאת, ומשהענישה בסופו של יום היא לעולם אינדיבידואלית, בעת גזירת עונשו של הנאשם יינתן משקל מתאים לכלל הנסיבות, וביניהן לגיל הנאשם ולגילו בעת ביצוע העבירה, לשיהוי שבהגשת כתב האישום, לקושי הרב לנאשם לאורך השנים להתמודד בגילו הצעיר ובשנים חשובות בחייו עם עננת ההליך הפלילי, כמו כן לקושי הכלכלי הנטען שנגרם לנאשם, כשלדבריו הוא נרדף על ידי נושים עד היום בשל רישומו כמנהל בחברות הנאשמות.",train
מהו הגורם המרכזי במדיניות הענישה שנוגע לשיטתיות והיקף העבירות?,"מדיניות הענישה מושפעת מהשיטתיות שבמעשים והיקפם ומהנזק שנגרם לאוצר המדינה, כמו גם מהסרת המחדל.",train
כיצד ישפיעו נסיבותיו האישיות של הנאשם על מיקומו במתחם העונש?,"יחד עם זאת, נסיבותיו של הנאשם יילקחו בחשבון בעת מיקומו בגדרי המתחם.",train
מהו הרף התחתון שנקבע למתחם הענישה בעבירות של אי דיווח שבוצעו בשיטתיות?,"בחלק מהמקרים,  כאשר המדובר בעבירות של אי דיווח או אי קיום דרישה אשר שבוצעו בשיטתיות או בהיקף ניכר, נקבע הרף התחתון של מתחם הענישה על עונש מאסר לריצוי בעבודות שירות והעליון מאסר ממשי לתקופה שאיננה מבוטלת.",train
מהי עמדת המחוקק לגבי מידת הפגיעה בערכים המוגנים מהחזקת קנביס לצריכה עצמית?,"מהוראת השעה ודברי ההסבר נראה שגם המחוקק מצא שמידת הפגיעה בערכים המוגנים מהחזקת קנביס לשם צריכה עצמית היא מתונה יחסית ומצדיקה, במקרים מתאימים, את אכיפת האיסור באופן שאינו מכתים את גיליונו הפלילי של מבצע העבירה.",train
מהו השיקול שהשפיע על החלטת בית המשפט לגבי העונש המוסכם לנאשם?,"בעת בחינת העונש המוסכם נתתי דעתי גם לכך שהנאשם הוא ללא עבר פלילי ונטען כי ניהל אורח חיים נורמטיבי לאורך חייו ורצונו הוא לפתוח פרק חדש, להשתקם ולשקם את משפחתו.",train
מדוע יש להתחשב בקושי של הנאשם להתמודד עם ההליך הפלילי בעת קביעת העונש?,"לא יהיה זה נכון שלא לתת את הדעת לקושי של הנאשם להתמודד משך שנים עם עננת ההליך הפלילי, בפרט בהיותו דמות שחלקה בביצוע התוכנית העבריינית קטן יחסית.",train
מהי החשיבות של ענישה מרתיעה נגד מבצעי עבירות עם חשבוניות כוזבות?,"בתי המשפט שבו והבהירו כי קיימת חשיבות לענישה מרתיעה גם כנגד מבצעי עבירות המערבות חשבוניות כוזבות במדרג הנמוך, וכן ללא ההרתעה הנדרשת, מה ימנע מאותם אנשים להתפתות ותמורת כסף קל לבצע את העבירות, ואף להירשם כבעלי חברות לשם ביצוע העבירות.",train
מהו השיקול שיש לקחת בחשבון בעת גזירת העונש לנאשם מעבר לנסיבות ביצוע העבירה?,"בעת גזירת העונש המתאים לנאשם, בגדר מתחם העונש ההולם, יש להתחשב בנסיבות שאינן קשורות בביצוע העבירה.",train
מהי המלצת שירות המבחן בעניינו של סמירנוב?,המלצתו של שירות המבחן בעניינו היא לענישה מרתיעה ומיציבת גבול ברור תוך שילובו של סמירנוב בטיפול רגשי ייעודי בתחום האלימות ושליטה בכעסים.,train
אילו שיקולים נלקחים בחשבון על ידי בית המשפט בעת גזירת הדין?,"שיקולי בית המשפט בבואו לגזור את הדין רחבים מאלה הנשקלים על ידי שירות המבחן וכוללים גם שיקולי אינטרס ציבורי, הלימה והרתעה.",train
מהי החשיבות לשילוב הנאשם בשיחות פרטניות וקבוצתיות במרפאה לבריאות הנפש?,"נתתי דעתי להתרשמות שירות המבחן לפיה קיימת חשיבות במצבו של הנאשם לשילובו בשיחות פרטניות וקבוצתיות במרפאה לבריאות הנפש בה הוא מטופל (ענ/3), לצד מענה תרופתי, ולכך שהנאשם התחייב לקדם זאת.",train
מדוע נחשבות העבירות הנדונות לחמורות בעבירות המס?,"כפי שנקבע לא אחת, העבירות הנדונות הן מבין החמורות שבעבירות המס, ומביצוען נפגע ערך השוויון והאמון הניתן בנישומים כי ידווחו דיווחי אמת וישלמו מס כנדרש.",train
מהי החומרה הנוספת שהוזכרה ביחס להתנהלות הנאשמת בהקשר להתרעות מצד בעלי מקצוע?,"עוד כטענת המאשימה, קיימת חומרה נוספת בכך שהנאשמת אף לא שעתה להתרעות מצד בעלי מקצוע שהעסיקה ביחס להתנהלותה, לרבות ביחס למועד החיוב במס ושיעורו בסוג העסקאות אשר ביצעה.",train
מהו השיקול שהוביל לקביעת מתחם ענישה נפרד לכל אחד מהאישומים?,"אחר בחינת הנסיבות, מבלי להתעלם מהרקע הדומה לשני האישומים, והגם שרוב רובן של העבירות בוצעו בתקופה מקבילה, בשים לב לאופיין השונה, כשהעבירות מושא האישום הראשון קשורות לשימוש בשירותי מגן ואלעד, והעבירות מושא האישום השני בוצעו על ידי הנאשמים במנותק משירותים אלה,  מצאתי כי נכון לקבל את עתירת המאשימה ולקבוע מתחם ענישה לכל אחד מהאישומים בנפרד.",train
מהו הרף התחתון של מתחם העונש ההולם במקרה של העברת כספי שוחד בהיקף משמעותי?,"בהיקף המשמעותי של כספי השוחד במקרה דנן, והפעולות האקטיביות שעשה הנאשם להעברתו על פני תקופה, אינני מוצאת כי נכון לקבוע את הרף התחתון של מתחם העונש ההולם לתקופה קצרה משישה חודשי מאסר כבקשת ההגנה.",train
מהו תפקיד ההסדר הטיעון והשיקולים החריגים שנלקחו בחשבון בעת גזירת העונש?,"ייתן משקל גם לכך שהמדובר בעונש שנגזר תוך אישור הסדר טיעון, מבלי שנקבע מתחם ענישה, כשעל פי גזר הדין, ניתן מקום מרכזי בשיקולי הצדדים ובכיבוד ההסדר לתסקיר שירות המבחן ול\נסיבות חריגות ויוצאות דופן\"" הנוגעות לחבה, לרעייתו ולטרגדיה שפקדה את משפחתו.""",train
מהו השיקול המרכזי שהצדיק את העדפת שיקולי ההרתעה על פני הנסיבות האישיות של הנאשמים בעבירות אלו?,"שיקולי ההרתעה, הכוללים הרתעת הנאשמים והרתעת רבים תופסים בכורה על הנסיבות האישיות של נאשמים בעבירות מסוג זה.",train
כיצד משפיעה השימוש בחשבוניות פיקטיביות על מידת הפגיעה בערכים המוגנים?,מידת הפגיעה בערכים המוגנים אף מתעצמת מקום בו המדובר בעבירות המערבות שימוש בחשבוניות פיקטיביות.,train
מהו העיקרון שעל פיו נקבעת מתחם העונש ההולם?,קביעת מתחם העונש ההולם נעשית על פי עיקרון ההלימה.,train
כיצד פוגעות עבירות המס המיוחסות לנאשם בשיטת הגביה ובאמון הציבור?,"בנוסף, עבירות המס המיוחסות לנאשם פוגעות בשיטת הגביה, בפיקוח הרשות וכן באמון הניתן בעוסק שיפעל על פי חוק, יוציא חשבוניות כדין וידווח דיווחי אמת.",train
מדוע ישנה חשיבות להטלת קנס בעבירות מסוג זה?,"לעניין מתחם הקנס, המדובר בעבירות בהן הקנס הוא ממין העבירה, ועל כן קיימת חשיבות להטלתו.",train
מהי ההשלכה של מצבו הרפואי הקשה של הנאשם על גזר הדין?,"מן האמור עולה כי בשל מצבו הרפואי הקשה של הנאשם, ככל שייגזר עליו עונש של מאסר ולו לתקופה קצרה יהיה עליו לרצותו מאחורי סורג ובריח.",train
מהי המשמעות של הסרת מחדלים בשלב מוקדם על שיקולי הענישה?,"הגם שאין המדובר במעשה חסד מצד הנאשמים, כידוע, להסרת מחדלים, על אחת כמה וכמה בשלב כה מוקדם, נודעת משמעות רבה לקולא בשיקולי הענישה, משיש בה כדי ללמד על חרטה כנה ואף כדי לתקן את הנזק הכספי שנגרם מביצוע העבירות (רע\פ 7851/13 עודה נ' מדינת ישראל (25.10.2015).""",train
מדוע יש לקחת בחשבון את הייחודיות של המקרה הראשון בו נאכפת העבירה החדשה בעת קביעת הענישה?,"לקחתי בחשבון שהמדובר במקרה ראשון בו נאכפת העבירה דנן, כאשר כידוע, על החמרה בענישה להיות הדרגתית ובוודאי מקום בו המדובר במקרה ראשון בו מוגש כתב אישום בגין עבירה אשר הוספה לספר החוקים בשנים האחרונות, כמו במקרה דנן.",train
מדוע יש לתת משקל לקושי שחווה הנאשם תחת החשדות הפליליים לאורך זמן?,"יש לתת משקל ממשי לקושי שחווה הנאשם לחיות תחת עננת החשדות הפליליים משך שנים ארוכות, במקרה זה קושי זה אף קיבל אותותיו במצבו הנפשי כמפורט בתסקיר ובמסמכים הרפואיים שהגיש.",train
כיצד משפיעה השיטתיות על הענישה בעבירות אי העברת ניכויים?,"גם מדיניות הענישה בעבירה של אי העברת ניכויים היא מחמירה בדרך כלל, וכוללת ענישה ממשית, במסגרת שיקולי הענישה נלקחים בחשבון סכום המס שלא הועבר, לצד השיטתיות שבביצוע העבירות ויתר הנסיבות.",train
אילו שיקולים יש לקחת בחשבון בעת קביעת עונשו של הנאשם?,נסיבותיו האישיות המיוחדות של הנאשם והמפורט בתסקיר שירות המבחן ישקלו בין יתר השיקולים בעת קביעת עונשו של הנאשם בתוך המתחם שנקבע.,train
מדוע פסיקת סכום הפיצוי במלואו עלולה להוביל לעשיית עושר ולא במשפט?,"פסיקת סכום הפיצוי במלואו ללא כל סייג, כנגד כל אחד מהנאשמים, עלולה להביא לתוצאה הלא רצויה של עשיית עושר ולא במשפט על ידי נפגעי העבירה, מקום בו המדובר בעבירה אשר בוצעה על ידי מספר נאשמים כמו בענייננו.",train
מהו הערך המוגן שנפגע בביצוע עבירות כלפי שוטרים?,"ערך מוגן נוסף נוגע לשמירה על הסדר הציבורי ועל מלאכת השוטרים האמונים על אכיפת החוק, והחשש כי מביצוע עבירות מהסוג הנדון ייפגע כפועל יוצא הציבור בכללותו.",train
מהו השיקול המרכזי שיש לתת עליו משקל בעת קביעת מתחם ענישה בעבירות מרמה ואלימות כלכלית?,"בסה\כ רצוי כי בעת קביעת מתחם ענישה יסוכם כי יש לתת משקל מרכזי להרתעה, במיוחד בעבירות שביסודן מרמה ואלימות כלכלית, מאחר שאלו משפיעות לרעה על אמון הציבור במערכת המשפטית והכלכלית.""",train
מדוע לא ניתן להשוות את מצבו של הנאשם למצבו של מי שהצליח להסיר את המחדלים?,"יחד עם זאת, משבסופו של יום לא הוסר המחדל חרף אותן דחיות, מובן שאין מצבו של הנאשם כמצבו של מי שפעל והצליח להסירם.",train
מהו תפקיד הסיווג לאירועים בהליך גזירת הדין לפי בית המשפט העליון?,"כפי שציין בית המשפט העליון רק לאחרונה, הסיווג לאירועים הוא פונקציונלי ומטרתו לשמש ככלי עזר לבית המשפט הגוזר את הדין, וממילא במסגרת מתחם שנקבע יש משמעות למספר המעשים גם אם סווגו כאירוע עברייני אחד.",train
מהו ההיבט המיוחד בהסכמה העונשית בעניין אריק כהן?,בעניין אריק כהן ציינתי כי ההסכמה העונשית בין הצדדים מקלה באופן חריג ואלמלא הנסיבות המיוחדות היה מקום לדחותה.,train
מהי החשיבות בהטלת קנס בעבירות מס לפי סוגן?,"אשר לקנס, כידוע, בסוג זה של עבירות הקנס הוא ממין העבירה ומכאן אף החשיבות שבהטלתו.",train
מהי המשמעות המעשית של סעיף 40ד(א) לחוק העונשין לפי הפסיקה?,"כפי שנקבע בע\פ 6637/17 קרנדל נ' מדינת ישראל (18.4.2018), הגם שאת סעיף 40ד(א) לחוק העונשין יש ליישם בזהירות, יש לתת לו משמעות מעשית תוך העדפת שיקולי שיקום: \""חשוב לשים לב כי המחוקק הקנה שיקול דעת רחב לבית המשפט ביישומו של הסעיף וכי נקודת המוצא בהפעלתו היא העדפתם של שיקולי שיקום (ראו: אורן גזל-אייל \\""חריגה ממתחם העונש ההולם\\"" ספר דורית ביניש 539, 546 (קרן אזולאי ואחרים עורכים, 2018) (להלן: גזל-אייל)). אכן, לא מתפוגגים מאליהם שיקולי ההלימה גם כאשר חלים שיקולי השיקום. אולם, יש להקפיד על כך שהבחירה בעונש לא תפגע באופן ממשי בסיכויי השיקום (שם, בעמ' 551-550).\""""",train
מהי משמעות דרישת 'טעמים שיירשמו' על שיקול דעת בית המשפט?,"\דרישת 'טעמים שיירשמו' מצמצמת את שיקול דעת בית המשפט, וזאת על מנת לא לפגוע בכוחו של עונש המאסר כעונש ממשי ומוחשי\"".""",train
כיצד השפיע מות אביו של הנאשם על התנהלותו במועד ביצוע העבירות?," לא ניתן להתעלם מכך שהנאשם בגילו הצעיר באותה העת (בן 19 שנה) התמודד במועד ביצוע העבירות עם מות אביו, ונטילת תפקיד הורי כלפיי אחותו, בעידודה של אמו, התמודדות אשר לא הייתה מותאמת ליכולותיו.",train
מדוע אי יכולתו של הנאשם לרפא את מחדלי העבירות אינה מהווה שיקול להקלה בעונש?,"בנוסף, כפי שהפנתה ב\כ המאשימה, ומבלי להתעלם ממצבו הכלכלי הקשה שהנאשם וצו הכינוס בעניינו, אי יכולתו של הנאשם לרפא את מחדלי העבירות או אי יכולת לגבות את סכום המחדל מידיו אינו מהווה שיקול להקלה בעונש (ע\""פ 977/13 אודיז נ' מדינת ישראל (20.2.2013).""",train
מהי הסיבה לכך שמתקיימים טעמים מיוחדים לחפיפת המאסרים המותנים במקרה זה?,"בראייה כוללת ולפי תכלית הענישה, מצאתי כי מתקיימים במקרה זה טעמים מיוחדים המצדיקים את חפיפת המאסרים המותנים האחד עם השני ואף את חפיפת חלק מעונש המאסר שייגזר בתיק דנן עמם.",train
מהי עמדתו הסופית של שירות המבחן לגבי הנאשמת והמלצתו בעניינה?,"יחד עם זאת, אין להתעלם מעמדתו הסופית של שירות המבחן אשר המליץ על השתת של\צ על הנאשמת כאמור, על מנת שלא לפגוע בתפקודיה החיוביים כאם ומפרנסת, ועל מנת לעודד רצונה לחזור לתפקוד תקין.""",train
מהו הקושי המשפטי שקשור לחשדות שנמשכים שנים רבות בהקשר של הענישה?,"הקושי הברור בהתמודדות עם החשדות משך שנים, מאז שנת 2014, כמו גם העובדה שנראה שניתן היה להגיש כתב אישום אחד בגין תיק זה והתיק הקודם כאמור, ישקלו גם הם בין שיקולי הענישה.",train
"מהו הנזק שנגרם מהעבירות הטכניות על פי פקודת מס הכנסה וחוק מע\מ?""","הגם שעבירות מסוג הנדון מכונות \עבירות טכניות\"" והן מהעבירות החמורות פחות על פי פקודת מס הכנסה וחוק מע\""מ, פעמים רבות הנזק אשר נגרם מביצוען אינו טכני כלל ועיקר וביצוען מביא לחסר של ממש בקופת המדינה.""",train
מה קבע בית המשפט בעניין זעילה לגבי מתחם הענישה והסכמת המדינה?,"בעניין זעילה דחה בית המשפט את הטענה לפיה שגה בית המשפט המחוזי משקבע מתחם ענישה שתקרתו גבוהה מהעונש שהוסכם שהמדינה רשאית לטעון לו וציין כי קבלת הטענה מסוג זה משמעה שלילת שיקול הדעת של בית המשפט, והיא מנוגדת להלכה הפסוקה.",train
כיצד משפיע מספר האירועים על גזירת העונש כאשר מדובר בעונש כולל?,"בנוסף, מקום בו גוזר בית המשפט עונש כולל, ולא עונש נפרד לכל אירוע, חשיבות מספר האירועים לגזירת העונש פחותה (ע\פ 2454/18 שיינברג נ' מדינת ישראל (5.12.2018), פסקה 20).""",train
מהו העיקרון שהוביל לדחיית הבקשה למיקום העונש בתחתית מתחם הענישה?,"לא השתכנעתי שנסיבות המקרה הן כאלה המצדיקות מיקום עונשו של הנאשם בתחתית מתחם הענישה שנקבע ולריצוי בעבודות שירות, לאור עיקרון ההלימה וחשיבות ההרתעה בעבירות אלה שביצוען קל וגילוין קשה, ובכללה הרתעת הרבים.",train
מהו הערך החברתי שנפגע במקרה זה בעקבות העבירה?,במקרה הנדון הערך החברתי אשר נפגע הוא שוויון נטל המס המביא אף להיעדר המוטיבציה של כלל ציבור משלמי המסים לשלם מסיהם כנדרש על פי חוק וכמובן פגיעה בקופת המדינה.,train
מהו הקושי במתן משקל לטענה על קושי כלכלי בהקשר לעבירות אלו?,"עניין זה אף מקשה על מתן משקל ממשי לטענה לפיה העבירות בוצעו בשל קושי כלכלי שנגרם בשל התנהלות לקויה של הנאשם, שלא פורט טיבה, ומנסיבות אישיות (מה גם שטענות אלה נטענו ללא אסמכתאות).",train
כיצד השפיעה התחכום וההתכנון של העבירות על קביעת מתחם הענישה?,עצם ביצוע העבירות על פני שנים בתחכום ותכנון נשקל דווקא לחומרה בעת קביעת מתחם הענישה.,train
מהי המסקנה לגבי גזירת העונש לאור חלוף הזמן והקלות שניתנות?,"כלל המפורט לעיל מביא למסקנה כי נכון לגזור את עונשו של הנאשם קרוב לחלקו האמצעי של מתחם הענישה תוך מתן הקלה מסוימת בעיקר לאור חלוף הזמן, לתקופת מאסר לא ממושכת אותה ניתן לרצות בעבודות שירות ולצידה מאסר על תנאי.",train
מדוע לא ניתן לקבוע כי חומרת מעשיהם של מוציאי החשבוניות נמוכה מאלו המנכים אותן?,"אינני מקבלת את הטענה לפיה חומרת מעשיהם של מוציאי החשבוניות הפיקטיביות נמוכה מחומרת מעשיהם של אלה המנכים אותן, המדובר בשני צדדים של אותה מטבע.",train
"כיצד מוגדרות עבירות אלו למרות שהן מכונות \עבירות טכניות\""?""","עבירות אלה מכונות לא אחת \עבירות טכניות\"" ומוגדרות כעבירות מנהליות, יחד עם זאת, מידת הפגיעה בערכים המוגנים הנגרמת מביצוען איננה טכנית כלל ועיקר ולא ניתן לומר כי בהגדרתה העבירה היא קלת ערך.""",train
מדוע מתן הגנה לגורמי אכיפת החוק הוא חיוני לשמירה על הסדר הציבורי?,"חשוב לציין שאלמלא מתן הגנה כאמור, ודווקא בשל כך שמדי יום נשמעות כנגד גורמי אכיפת החוק מסוגם של המתלוננים קללות ועלבונות כאלה ואחרים, עלול להיפגע הסדר הציבורי ומנגנון השמירה על מוסדות אכיפת החוק.",train
כיצד השפיעה מדיניות הענישה הנוהגת על קביעת העונש בעבירה הנדונה?,"בנוסף, בחנתי את מדיניות הענישה הנוהגת, הכוללת מנעד רחב של עונשים בעבירה הנדונה, בין מאסרים מותנים או כאלה לצד צו של\צ ועד עונשי מאסר בפועל, לצד ענישה נלווית.""",train
כיצד חסך הנאשם זמן שיפוטי יקר משפיע על שיקול הענישה?,הנאשם אף חסך זמן שיפוטי יקר - כל אלה ישקלו לזכותו.,train
מהי חומרת העבירה והנזק שנגרם למתלונן לפי בית המשפט?,לא ניתן להתעלם מחומרת העבירה והנזק שנגרם למתלונן.,train
מהי משמעות הסרת המחדלים בעבירות מסוג זה לעניין הענישה?,"כידוע, להסרת המחדלים בסוג זה של עבירות משמעות רבה לעניין הענישה.",train
מדוע יש לראות בעבירה של שיבוש מהלכי משפט פגיעה בטוהר ההליך המשפטי?,"כאמור הנאשם הורשע גם בעבירה של שיבוש מהלכי משפט, ביצועה של עבירה זו פוגע גם בטוהר ההליך המשפטי ובשלטון החוק.",train
מהו השיקול הנוסף שנלקח בחשבון בזכות הנאשם בעת גזירת הדין?,"בעת גזירת הדין שקלתי את כל אלה לזכות הנאשם, וכך גם את התנדבותו בבית החולים בשנה האחרונה, מאז התפרצות מגפת הקורונה.",train
מהו המצב שנמצא בתסקירים לגבי הנאשם וכיצד הוא משפיע על ההחלטה בעניינו?,"התסקירים בעניין הנאשם אינם מעודדים ונדמה כי הנאשם לא נוטל אחריות אמיתית, וודאי לא מלאה על מעשיו, ולא ניתן לשלול קיומו של סיכון במצבו.",train
מהי הסיבה לכך שנדרש עונש מוחשי לנאשם על אף עברו הפלילי?,"לצד זאת, לעברו הפלילי המכביד, למפורט בתסקיר שירות המבחן הכולל הערכת המסוכנות הגבוהה במצבו, ולצורך בעונש מוחשי אשר יעביר מסר מציב גבול עבורו.",train
כיצד משפיע מצבו האישי של הנאשם על הקשר לביצוע העבירות המיוחסות לו?,"ההתרשמות היא שלמצבו האישי הקשה של הנאשם קשר ישיר לביצוע העבירות על ידו, בפרט כאשר גם לדברי המתלוננת לשירות המבחן המדובר במקרה חד פעמי (גם אם מתמשך במידת מה) משך שנות הנישואין.",train
מהו השיקול שהוביל להקל בעונשו של הנאשם בבית המשפט העליון?,"בית המשפט העליון הקל בעונשו של נאשם משיקולי צדק, משמצא כי עונש מאסר בפועל עלול לסכן את חייו או לקצר את תוחלת חייו לאור מצבו הבריאותי וכלל נסיבותיו.",train
מדוע בעבירות מס לא נדרשת כוונה להתחמק ממס?,"בנוסף, יש לתת את הדעת לכך שבעבירות אלה לא נדרשת כוונה להתחמק ממס, וממילא הן נעברות באופן תדיר על רקע קושי כלכלי ולא לשם הפקת רווח.",train
"מהו הכלל שנקבע לגבי הרשעת אדם בגיר בעבירה, ומהם המצבים שבהם ניתן לחרוג ממנו?","כידוע משנקבע כי אדם בגיר עבר עבירה יש להרשיעו, כשחריגה מהכלל שמורה למצבים יוצאי דופן.",train
מהו המשקל שניתן לקשיים הראייתיים בשלב המוקדם של ההליך?,"עוד נתתי משקל לטענת המאשימה בדבר קשיים ראייתיים וכן מצאתי ליתן משקל ממשי לשלב המוקדם של ההליך בו נערך הסדר הטיעון, עוד טרם הגשת כתב האישום וניהול הוכחות.",train
מהן הנסיבות האישיות שנלקחו בחשבון בעת קביעת מתחם הקנס וגובהו?,"בעת קביעת מתחם הקנס וגובהו נתתי דעתי גם למצבו הכלכלי הקשה של הנאשם ולחובותיו, לכך שהוא מתקיים כיום מדמי אבטלה חודשיים בסך של 3,321 ₪ , למצבו הבריאותי והמשפחתי ולכלל הנסיבות שפורטו לעיל, ואף לכך שלאחרונה שילם סך של 50,000 ₪.",train
כיצד נקבע מתחם עונשי אחד לכל האירועים בהכרעת הדין במקרה זה?,"במקרה דנן יקבע מתחם עונשי אחד לכלל האירועים המפורטים בהכרעת הדין בשים לב לזיקה ביניהם, ובהתאם למבחן הקשר ההדוק אשר נקבע בע\פ 4910/13 ג'אבר נ' מדינת ישראל (29.10.2014).""",train
"מהי החשיבות של הרתעת הרבים בעבירות מס, כפי שנצפה בפסיקות בתי המשפט?",בתי המשפט עמדו לא אחת על חשיבות הרתעת הרבים כאשר עסקינן בעבירות מס.,train
מהי המשמעות של הסרת המחדל בשלב מוקדם של ההליך לגבי הענישה?,"כידוע, להסרת המחדל משמעות רבה לעניין הענישה, ודאי בשלב מוקדם של ההליך, ויש בה כדי ללמד על חרטה כנה ולהביא לתיקון הנזק הכלכלי מביצוע העבירות (רע\פ 7851/13 עודה נ' מדינת ישראל [פורסם בנבו] (3.9.2015)).""",train
מדוע יש לראות את הנאשם כמי שלא היה מהגורמים המרכזיים בעסקי מגן ואלעד?,"כנסיבה ממתנת נוספת יש לתת את הדעת לכך שלא נטען כי הנאשם הפיק רווח מביצוע העבירות, ועוד כי מן העובדות עולה כי הנאשם לא היה מהגורמים המרכזיים אשר הזינו את עסקם של מגן ואלעד או פעלו מולו.",train
"מהו הנזק שנגרם לכלכלת המדינה כתוצאה מעבירות אי הגשת דו\ח במועד?""","עבירות של אי הגשת דו\ח במועד ואי תשלום המס הנובע ממנו, פוגעות ביכולת הרשות לקיים מערכת גבייה תקינה ונשיאה שוויונית בנטל, נגרם נזק לכלכלת המדינה ולציבור וכן נפגעת פעילות רשויות המדינה.""",train
מהי הסיבה לאימוץ הסדר הטיעון כראוי ונכון במקרה זה?,"בראי המפורט, מצאתי כי ראוי ונכון לאמץ את הסדר הטיעון המשקף ענישה ראויה בשקלול נתוני הנאשמים האינדיבידואלים וכלל הנסיבות.",train
כיצד יש לשקול את היקף העבירות ביחס למחזור בעת בחינת הנסיבות?,"הגם שמדובר בהיקף ממשי יותר ביחס למחזור, מזה אשר הודגם בעניין ענבי, וחרף טענות המאשימה הקשר זה, להשקפתי, גם כאן יש לשקול נתון זה במידה המתאימה בעת בחינת הנסיבות.",train
מהי ההשלכה של קבלת הטענה לפיה מתחם הענישה גבוה מהעונש המוסכם?,"בעניין זעילה דחה בית המשפט את הטענה לפיה שגה בית המשפט המחוזי כשהסכים למתחם ענישה שתקרתו גבוהה מהעונש שהוסכם שהמדינה רשאית לטעון לו וציין כי קבלת הטענה מסוג זה משמעה שלילת שיקול הדעת של בית המשפט, והיא מנוגדת להלכה הפסוקה.",train
כיצד משפיעה מדיניות הענישה על הענישה בעבירות ניכוי מס תשומות?,"מדיניות הענישה בגין עבירות אלו היא בדרך כלל מחמירה ומושפעת ממידת התחכום, משך ביצוע העבירות, השיטתיות שבביצוען וסכומי המס אשר נגזלו מהקופה הציבורית.",train
מהו הקריטריון המאפשר לבית המשפט לחרוג ממתחם הענישה במקרה של נאשם?,בית המשפט רשאי לחרוג ממתחם הענישה אם הנאשם השתקם או יש סיכוי שישתקם.,train
מהי החשיבות של פסיקות קודמות בהקשר לנסיבות המיוחדות של כל מקרה משפטי?,"נתתי דעתי גם ליתר הפסיקה אליה הפנתה ההגנה, רוב רובה פסיקת בתי משפט השלום, בה כל מקרה נדון על פי נסיבותיו, חלקן מיוחדות, בחלק מהמקרים דובר בעבירות אחרות מאלה שבעניינו, ובחלקם אף בגזרי דין שניתנו תוך אימוץ הסדרי טיעון.",train
מהו העונש שניתן במקרים בהם סכומי המס אינם גבוהים והיו נסיבות מיוחדות?,"במקרים אחרים בהם דובר בסכומי מס שאינם גבוהים, כאשר דובר בנסיבות מיוחדות ובעיקר מקום בו הוסרו המחדלים במלואם, או כאשר הורשע הנאשם בגין איחור בדיווח בלבד, נגזר עונש מאסר צופה פני עתיד בלבד לצד קנס.",train
מהי המשמעות של הרשעת הנאשם בתיק הקודם על הענישה במקרה זה?,לחובתו של הנאשם יש לזקוף את הרשעתו בתיק הקודם בגין ביצוען של עבירות מאותו סוג ממש.,train
כיצד יש להתחשב בנסיבות הכלכליות הקשות של הנאשם בעת קביעת המתחם?,קרה כי יש לטובת הנאשם להתחשב בנסיבותיו הכלכליות הקשות בעת קביעת המתחם.,train
מה משפיע על מדיניות הענישה בעבירות מהסוג הנדון?,"כידוע, מדיניות הענישה בעבירות אלה מחמירה בדרך כלל ומושפעת ממידת התחכום, משך ביצוע העבירות, השיטתיות שבביצוען וסכומי המס אשר נגזלו מהקופה הציבורית.",train
מהי המלצת שירות המבחן לגבי סיכויי השיקום של הנאשם במקרה זה?,"יש לזכור את המלצת שירות המבחן, סיכויי שיקום שאינם קיימים במקרה זה, כשעסקינן בנאשם רצידיוויסט לא הורתע בעבר ונשקפת ממנו מסוכנות.",train
מהו הקשר בין הקנס המוסכם לבין עקרון ההלימה לפי תיקון 113 לחוק העונשין?,"חשוב להבהיר כנקודת מוצא בעת בחינת סבירות ההסדר כי מובן שהקנס בשיעור המוסכם, אשר אף הוגדר כ\קנס סמלי\"", אינו עומד בעיקרון ההלימה שבבסיס תיקון 113 לחוק העונשין בשים לב לעבירות בביצוען הורשעו כל אחת מהנאשמות, חומרתן והיקפן כמפורט לעיל.""",train
מהי המשמעות של הסרת מחדלים בעבירות מסוג זה בהקשר לענישה?,"כידוע, להסרת מחדלים בסוג זה של עבירות משמעות רבה וזו מביאה להקלה ניכרת בענישה.",train
כיצד משפיע העדר צורך כלכלי על ההבנה של מניעי הנאשם בביצוע העבירות?,"בחינת טענה זו מזווית אחרת מביאה למסקנה לפיה לא קמה בעניינו של הנאשם נסיבה, הנשקלת באופן תדיר לקולא מסוימת, כי ביצוע העבירות היה על רקע קושי כלכלי ממשי – כך שהעדר צורך כלכלי דווקא יכול לרמוז על תאוות בצע פשוטה בבסיס העבירות.",train
מהו הנימוק לכך שהבדיקה של המסמכים לא הייתה מספקת להוכחת עמידה בדרישות החוק?,"משקבעתי כי אותו אישור שהוצג והאופן בו הוצג לא די בהם כדי להרים את הנטל לפיו בדק את המסמכים שבידי הנוסע, הרי שדומה שאותה בדיקת מסמכים שביצע הייתה אך על מנת לצאת ידי חובה, וכדי שבמקרה שייתפס, יוכל לטעון כי בדק המסמכים כאמור.",train
מהי מסקנתך לגבי מידת האיזון והראויות של הענישה בהסדר הטיעון?,בראי חשיבות מוסד הסדרי הטיעון מסקנתי היא כי הענישה עליה הסכימו הצדדים בהסדר הטיעון מאוזנת וראויה בשים לב לקנסות הניכרים עליהם הסכימו הצדדים לצד עונש המאסר לריצוי בעבודות השירות לנאשם ואני מוצאת לאמצה.,train
כיצד משפיעות נסיבות ביצוע העבירות על קביעת מתחם העונש במקרה זה?,"יחד עם זאת, נסיבות ביצוע העבירות ומידת הפגיעה הנמוכה בערכים המוגנים ממעשיו של הנאשם במקרה זה, מביאים אותי לקבוע את הרף התחתון של מתחם עונש המאסר כמאסר על תנאי ואת הרף העליון על מספר חודשי מאסר בפועל.",train
מהו הסיכון להישנות עבירות דומות על פי התסקיר?,על פי התסקיר הסיכון להישנות עבירות דומות עשוי לפחות בכפוף להתמדת הנאשם בטיפול.,train
מדוע נגרם פגיעה לפיקוח רשות המסים בעקבות ביצוע העבירות?,עוד מביצוע העבירות בהן הורשע הנאשם נפגע פיקוח רשות המסים כששיטת המס מבוססת על האמון בנישום שיגיש דיווחיו כחוק ושיטת חישוב המס וגבייתו מבוססת על הדוחות המוגשים על ידי נישומים.,train
מהי חשיבות שיקולי צדק ואיזון בעת קביעת מתחם העונש?,"מנגד, חשיבות שיקולי צדק ואיזון בין הענישה וההרתעה מעידים על נחיצות שיקול זה בעת הקביעת מתחם העונש.",train
"מהו הנזק שנגרם למראת הרכב ממעשי הנאשם, וכיצד יש להתייחס אליו?","בעת בחינת הנסיבות יש אף לתת את הדעת לנזק שנגרם למראת הרכב ממעשי הנאשם, הגם שלא בוסס סכומו.",train
מהו המידע המצביע על כך שהנאשם פועל ללא מורא מפני רשויות אכיפת החוק?,"דברים מדברים בעד עצמם ומלמדים על כך שהנאשם הוא רצידיבסט בתחום המרמה, ופועל ללא כל מורא מפני רשויות אכיפת החוק.",train
כיצד יש לאזן בין שיקולי ההרתעה לנסיבות האישיות של הנאשמים בעבירות מסוג זה?,"שקלתי שיקולי ההרתעה, הכוללים הרתעת הנאשמים והרתעת רבים התופסים בכורה על הנסיבות האישיות של הנאשמים בעבירות מסוג זה, אותם יש לאזן מול נסיבותיהם האישיות של הנאשמים.",train
מהו תפקידו של בית המשפט בקביעת מתחם ענישה כאשר הצדדים הגיעו להסדר טיעון?,"בית המשפט רשאי לקבוע מתחם ענישה גם מקום בו הגיעו הצדדים להסדר טיעון, ובכלל זאת להסדר טיעון הכולל טווח ענישה, וראוי שכך יעשה.",train
כיצד ייבחן עניינם של הנאשמים לפי תיקון 113 לחוק העונשין?,"נוכח המפורט לעיל, יבחן עניינם של הנאשמים לפי תיקון 113 לחוק העונשין, ולפיו אף יקבע העונש אשר ייגזר עליו, בשים לב לטווח הענישה המוסכם, ולאחר בחינת סבירותו.",train
מהו השיקול שהשפיע על קביעת העונש שנגזר על הנאשם בהשוואה לחבה?,"בעת קביעת עונשו של הנאשם, שקלתי שוב את העונש שנגזר על חבה, ואף את הפניית הסנגור לכך שגם לחבה עבר פלילי, שהוא ביצע את העבירות בהיותו תחת צו מבחן בתיק קודם, ולמרות זאת, בהסכמת המאשימה, הוטלה עליו ענישה שיקומית.",train
מדוע לא מתקיימות נסיבות לסטייה לקולא או לחומרה ממתחם העונש שנקבע?,במקרה דנן לא מתקיימות נסיבות לסטייה לקולא או לחומרה ממתחם העונש אשר נקבע.,train
מה היו השיקולים שהובילו לגזר דין קרוב לתחתית מתחם הענישה במקרה זה?,"לאור כלל המפורט, מצאתי לגזור את עונשו של הנאשם קרוב מאוד לתחתית מתחם הענישה, לצד מאסר על תנאי מרתיע ופיצוי למתלוננת, בפרט לאור חלוף הזמן מאז ביצוע העבירה, העדרו של עבר פלילי, ומשך התקופה הממושכת בה היה נתון תחת בתנאים מגבילים, ואף תקופת מעצרו, וחרף היעדר חרטה והפנמה מצידו.",train
מהו העיקרון המנחה בענישה שנלקח בחשבון בעת קביעת מתחם העונש ההולם?,"מתחם העונש ההולם נקבע בהתאם לעקרון המנחה בענישה, היינו קיומו של  יחס הולם בין חומרת מעשה העבירה בנסיבותיה ומידת אשמו של הנאשם, לבין סוג ומידת העונש המוטל עליו, תוך התחשבות בערך החברתי אשר נפגע, במידת הפגיעה בו, בנסיבות הקשורות בביצוע העבירה ובמדיניות הענישה הנהוגה.",train
מהן הסיבות שהובילו להקל בעונש הנאשם לאחר תיקון כתב האישום?,"לבד מהעובדה שהנאשם, שהוא נעדר עבר פלילי, הודה ונטל אחריות לביצוע העבירות לאחר תיקון משמעותי של כתב האישום לקולא, חסך זמן שיפוטי, ואף הסיר את מחדלי כתב האישום, מהטיעון לעונש עלו מידותיו הטובות של הנאשם, כמו הקושי הרב והנזק אשר נגרם לו מהחקירה הכוללת, הכל כמפורט בטיעוני הסנגור הנרחבים בעת הטיעון לעונש ובדבריי הנאשם עצמו.",train
מהו העונש המוטל על עבירות סיוע בהתחמקות מתשלום מס לפי החוק?,"כשבעבירות על פי חוק מע\מ עסקינן, העונש לצד עבירת הסיוע לאחר זהה לעונשו של מי שמתחמק ממס הלכה למעשה, מה שמדגיש את החומרה שמייחס המחוקק לעבירה.""",train
מהו השיקול המרכזי שקשור למחדלי הנאשם במהלך ההליך המשפטי?,"בעת קביעת עונשו של הנאשם נתתי דעתי לכך שהנאשם לא הסיר את מחדלי כתב האישום על אף הזדמנויות שניתנו לו לשם כך במהלך ההליך, על החשיבות הנודעת לכך מבין שיקולי הענישה (רע\פ 7851/13 עודה נ' מדינת ישראל (3.9.2015)).""",train
"מהו הקו המנחה במקרים של שיקום נאשמים, גם כאשר יש פגיעה בשיקולי ההלימה?",במקרים מסוג זה הקו המנחה הוא שימור סיכויי השיקום גם תוך פגיעה מסוימת בשיקולי ההלימה.,train
מהי מדיניות הענישה הכללית בעבירות מסוג זה וכיצד היא מושפעת?,"מדיניות הענישה בגין ביצוע עבירות מסוג זה היא מחמירה בדרך כלל ומושפעת ממידת התחכום, משך ביצוע העבירות, השיטתיות שבביצוען וסכומי המס אשר נגזלו מהקופה הציבורית.",train
מהו האיזון הנדרש בין האינטרס הציבורי לנסיבות האישיות של הנאשם בעבירות מס?,"יש לזכור כי בעבירות אלה, מקבל האינטרס הציבורי בכורה על פני נסיבות אישיות, יחד עם זאת, על פי סעיף 40 ח' לחוק העונשין בעת קביעת מתחם הקנס יש להידרש גם לשאלת יכולתו הכלכלית של הנאשם.",train
מהו הסיכון להתנהלות עבריינית חוזרת על ידי הנאשם לאור מאפייני אישיותו והרתעתו?,"בראי מאפייני אישיות הנאשם, לצד הרתעתו, הסיכון להתנהלות עבריינית חוזרת על ידי הנאשם הוא נמוך.",train
מדוע התייחסות סלחנית לאי קיום הוראות החוק עלולה לפגוע במוטיבציה של משלמי המסים?,ברור כי התייחסות סלחנית לאי קיום הוראות החוק עלול יביא להיעדר  המוטיבציה של כלל ציבור משלמי המסים לדווח ולשלם מסיהם כנדרש על פי חוק.,train
מהו המשקל שניתן לסל הרשעות הקודמות של הנאשם בהליך זה?,לא ניתן להימנע מלציין שסל הרשעות הקודמות של הנאשם מוכיח כי ההליכים הקודמים לא הותירו עליו מערך מרתיע.,train
כיצד משפיע גיל הנאשם בעת ביצוע העבירות על הערכת המצב?,"יחד עם זאת יש לזכור כי בעת ביצוע העבירות היה הנאשם כבן 21-22, צעיר ביותר, כמעט בגיר צעיר, ללא כל רקע תומך.",train
"כיצד גזר בית המשפט את העונש במקרה זה, אם לא על פי ההסדר המלא?","לאור האינטרס הציבורי שבאימוץ הסדרי טיעון והגם שבחרתי שלא לאמץ את ההסדר במלואו מהטעמים שפרטתי, אגזור את העונש \ברוח\"" ההסדר גם אם לא על פי הסכמות הצדדים, תוך מתן משקל לכלל הנסיבות הקונקרטיות בעניינו של הנאשם.""",train
מהו השיקול המרכזי לקביעת עונשו של הנאשם לפי תיקון 113 לחוק העונשין?,"לאור המפורט לעיל, עונשו של הנאשם ייקבע בשים לב לשיקולי הענישה לפי תיקון 113 לחוק העונשין ולמתחם העונש ההולם, בשים לב להסדר הדיוני אליו הגיעו הצדדים, והנסיבות כולן.",train
מדוע יש לתת משקל בהוצאה והשימוש בחשבוניות כוזבות בעת קביעת העונש?,"בהוצאה והשימוש בחשבוניות כוזבות יש לתת משקל בעת קביעת מתחם העונש וגזירת הדין מאחר שהוגדרו כ\מכת מדינה\"" שיש להילחם בה מלחמת חורמה.""",train
אילו שיקולים נלקחים בחשבון בוועדת הכופר מעבר לסכום העלמת המס?,"נוסף על כך, ממלא, בפני ועדת הכופר מכלול שיקולים כשסכום העלמת המס, הגם שהוא נתון רלבנטי וחשוב, אינו חזות הכל.",train
מהו השיקול המרכזי לגבי היעדר עבר פלילי של הנאשם והשפעתו על הענישה?,"זאת בפרט משהנאשם מעולם לא ריצה עונש של מאסר והוא ללא עבר פלילי, לאור גילה של העבירה שנעברה בשנת 2017 כאמור, כשמאז ועד היום שוהה הנאשם בארץ ואינו נתון במעצר, וכן בשים לב לכך שעליו לכלכל את בתו הקטינה.",train
מהו הקשר בין נורמטיביות של עברייני מס לבין שיקולי הענישה במקרה זה?,"ערה אני לכך שבמקרים רבים עברייני המס הם אנשים נורמטיביים ביתר תחומי חייהם, בעלי מידות טובות, ונעדרי עבר פלילי וכי על פי הפסיקה, שיקולי אינטרס ציבורי בדמות שיקולי הרתעה ובכללם הרתעת הרבים מקבלים בכורה בסוג זה של עבירות על פני נסיבות אישיות.",train
מה ההבדל במידת הפגיעה בערכים המוגנים בין האישום הראשון לשני?,ביחס לאישום השני פני הדברים שונים במידת מה והנסיבות מלמדות על מידת פגיעה גבוהה יותר בערכים המוגנים.,train
מהו המתחם הכולל לעונש במקרה זה בהתחשב בכל העבירות המפורטות?,"במקרה דנן מצאתי כי המתחם הכולל יהיה בין תקופת מאסר בת 5 חודשים הניתנת לריצוי בעבודות שירות, ועד לתשעה חודשי מאסר בפועל משניתן להתייחס לכלל העבירות המפורטות בכתב האישום כאירוע אחד ואף אם נתייחס אליהם כאל אירועים שונים הרי שמדובר באירועים שהעונשים לגביהם חופפים במידה כזו או אחרת.",train
"כיצד הסכמת ב\כ הנאשמים השפיעה על קביעת הרף התחתון של עונש המאסר?""","הסכמת ב\כ הנאשמים בפרוטוקול להשתת קנס ממשי אף אפשרה איזונו אל מול עונש המאסר והעמדת הרף התחתון של עונש המאסר על 9 חודשי מאסר בעבודות שירות.""",train
"מהי המסקנה לגבי הפגיעה בערכים המוגנים, גם אם לא הייתה כוונה להתחמק מתשלום מס?","בראי כלל המפורט, מסקנתי היא כי במעשיו פגע הנאשם פגיעה לא מבוטלת בערכים המוגנים, גם אם זו איננה ברף הגבוה השמור למקרים בהם היסוד הנפשי שבסיס העבירה הוא כוונה להתחמק מתשלום מס.",train
מהו העונש הממשי שנטיית בתי המשפט לגזור כאשר המחדלים לא הוסרו?,"מקום בו לא הוסרו המחדלים נוטים בתי המשפט לגזור על נאשמים עונשים ממשיים בדמות מאסר לריצוי בעבודות שירות, ואף מאסר מאחורי סורג ובריח.",train
מהו השיקול המרכזי שנלקח בחשבון לפני קבלת ההחלטה בעניינו של הנאשם?,"טרם קבלת החלטה שקלתי את הקביעות הנורמטיביות הידועות בפסיקה לפיהן, בדרך כלל, מקומו של המבצע עבירות מהסוג הנדון מאחורי סורג ובריח (עניין יצחקי).",train
מה עולה מהענישה הנוהגת בעבירות אלו לגבי מדיניות הענישה?,"בחנתי את הענישה הנוהגת בסוג זה של עבירות ממנה עולה כי בדרך כלל מדיניות הענישה בעבירות אלה היא מחמירה, ומושפעת ממידת התחכום, משך ביצוע העבירות, השיטתיות שבביצוען וסכומי המס אשר נגזלו מהקופה הציבורית.",train
מהו העיקרון המנחה בקביעת מתחם העונש ההולם?,"מתחם העונש ההולם נקבע בהתאם לעקרון המנחה בענישה, היינו קיומו של יחס הולם בין חומרת מעשה העבירה בנסיבותיו ומידת אשמו של הנאשם, לבין סוג ומידת העונש המוטל עליו, תוך התחשבות בערך החברתי אשר נפגע, במידת הפגיעה בו, בנסיבות הקשורות בביצוע העבירה ובמדיניות הענישה הנהוגה.",train
מהי ההבחנה בין טווח ענישה למתחם ענישה כפי שהובהר על ידי בית המשפט העליון?,"בית המשפט העליון אף הבהיר את ההבחנה בין טווח ענישה, המשקף את כוח המיקוח של הצדדים לבין מתחם ענישה המשקף קביעה נורמטיבית של בית המשפט.",train
מהו הקריטריון המרכזי שנקבע בעניין ג'אבר לבחינת תוכנית עבריינית אחת?,"בעניין ג'אבר נקבע כי בעת יישום מבחן הקשר ההדוק על בית המשפט לבחון, על פי ניסיון החיים, האם נסיבות ביצוען של העבירות מלמדות על תוכנית עבריינית אחת, ולשם כך להתחשב, בין היתר, בקיומו של תכנון משותף, שיטתיות בביצוע העבירות, סמיכות זמנים, מקום וקשר בין העבירות (ראו גם: ע\פ 1261/15 דלאל נ' מדינת ישראל (13.9.15)).""",train
כיצד משפיעים קשיים כלכליים על חומרת העבירות שביצעו הנאשמים?,"בנסיבות אלה, קשה להלום הטענה לפיה העבירות בוצעו על רקע קושי כלכלי, ובכל מקרה וגם אם היה קיים אותו קושי כלכלי נטען- אין בו כדי להצדיק או להפחית באופן ניכר, בנסיבות המקרה דנן, מחומרת העבירות אשר בוצעו בשיטתיות ולאורך שנים.",train
מהו הקשר בין השילוב של העונשים לבין ערך השוויון במקרה הנדון?,"השילוב בין העונשים אשר הושתו בגזרי הדין אשר ניתנו בפרשה, בהסכמת המאשימה, והעובדה שלא נחקרו או הועמדו לדין חלק מן הגורמים אשר קיבלו את החשבוניות הכוזבות על פי כתב האישום, בראי ערך השוויון, מביאים אותי למסקנה כי במקרה הנדון יש מקום אף לשקול שיקולי צדק בעת קביעתו של מתחם העונש ההולם.",train
מהו העונש המומלץ בעבירות מס לפי פסיקת בית המשפט במקרה של הרשעה בעבירות חמורות?,"כך גם תפ\ח (ב\""ש) 14860-04-12 מדינת ישראל נ' נחמיאס [פורסם בנבו] (4.4.2013) אליו הפנתה ההגנה, שם ציין בית המשפט בסעיף 9 לגזר הדין כי עונש של מאסר על תנאי ברף התחתון הוא מקל, וכי דרך המלך בעבירות אלה היא לעונש של מאסר, ואף לא כזה שירוצה בעבודות שירות.""",train
כיצד משפיעים העונשים שנגזרו על המעורבים האחרים על שיקול הענישה בעניינו של הנאשם?,"בעת בחינת הענישה הנוהגת נתתי דעתי גם לעונשים שנגזרו על תמימי ונאשם 2 שביצעו את העבירה בצוותא עם הנאשם, מבלי להתעלם מכך שהמדובר בעונשים שנגזרו בהמשך להסדר טיעון בין הצדדים שנערך גם לאור קשיים ראייתיים, כך שאין בהם כדי להוות אמת מידה לעניינו.",train
מהי חומרת עבריינות המס וכיצד היא משפיעה על הכלכלה והחברה?,"בית משפט זה חזר ועמד על חומרתה של עבריינות המס, אשר נובעת מפגיעתה הקשה במשק, בכלכלה ובמגוון היבטים חברתיים הנוגעים לנטל תשלום המיסים, כמו גם מהקושי הרב שבחשיפתה.",train
מהן גורמי הסיכוי לשיקום שהוזכרו בנוגע לנאשם?,"לצד זאת נתתי דעתי לגורמי הסיכוי לשיקום וביניהם יציבותו של הנאשם במסגרות שונות לאורך שנים, בפרט במסגרות תעסוקה, המחויבות והאחריות כלפיי תפקידיו התעסוקתיים וההוריים, מסוגלותו להעמיק בדפוסי חשיבתו והתנהלותו הבעייתיים והמוטיבציה שלו להשתלב בטיפול.",train
מהי הסיבה לסטייה מהכלל של גזירת מחצית העונש על המסייע במקרה של אבו אלרוב?,"בכך יש כדי להצדיק סטייה מהכלל ביחס לגזירת מחצית העונש על המסייע, ומובן שאין להתייחס לעונשו של אבו אלרוב ככזה המגלם מחצית מהעונש שראוי לגזור על הנאשמים בעניינינו, ולו ביחס לעבירת החבלה בכוונה מחמירה בעניינו של שמעון רביבו.",train
מהו המשמעות של סכום הפיצוי הנוסף שנקבע לנאשמים מעבר לנזק הכספי?,"סכום בסך 1,000 ₪, הנוסף לסכום הנזק הכספי, אינו סכום גבוה במיוחד, ולטעמי, על דרך האומדנא, מביא לידי ביטוי אף את הנזק שבהשחתת זמנם של המתלוננים ועוגמת הנפש שנגרמה להם כתוצאה ממעשי הנאשמים.",train
מהו הכלל לגבי כיבוד הסדרי טיעון ובאילו מקרים יתערב בהם בית המשפט?,"הכלל הוא כי בית המשפט יטה לכבד הסדר טיעון ויתערב בו רק מטעמים המצדיקים זאת לאחר בחינתו במבחן האיזון אשר נקבע בע\פ 1958/98 פלוני נ' מדינת ישראל (25.12.2002), ובשים לב לכך שהשיקולים הנשקלים בעת עריכת הסדר טיעון אינם זהים בהכרח לאלה הנשקלים במסגרת תיקון 113 לחוק העונשין.""",train
מה ההבחנה בין טווח ענישה למתחם ענישה לפי עמדת בית המשפט?,"בית המשפט אף הבהיר את ההבחנה בין טווח ענישה, המשקף את כוח המיקוח של הצדדים לבין מתחם ענישה המשקף קביעה נורמטיבית של בית המשפט.",train
מה מלמדים גזרי דין על הנסיבות המיוחדות המובילות להקלה בעונש?,"עיון בגזרי דין אלה מלמד כי בחלקם דובר בנסיבות מיוחדות אשר הצדיקו זאת, ובכלל זאת סכומי עבירה נמוכים, מספר עבירות קטן, ו/או הסרת מחדל חלקית משמעותית וכזו הכוללת רכיב כספי.",train
מהי החשיבות של הרשעה קודמת בעבירות דומות בעת קביעת העונש?,"בעת קביעת העונש לא ניתן להתעלם מכך שלחובתו של הנאשם הרשעה קודמת בעבירות זיוף, שימוש במסמך מזויף וקבלת דבר במרמה שהן ממין העניין.",train
מהי מטרת קביעת המתחם כאשר מדובר בהסדר טיעון?,"אין המדובר בקביעת מתחם ענישה במובן הפורמלי של תיקון 113 לחוק העונשין, וקביעת המתחם בנסיבות אלה נועדה לשם \קבלת מידע והקשר לעונש שראוי לקבוע בהסדר טווח\"".""",train
כיצד משפיעה ניסיונו של הנאשם לשקם את חייו על שיקולי הענישה?,נתתי משקל לכך שהנאשם מנסה כיום לשקם את חייו.,train
מהו הכלל המנחה את בית המשפט בנוגע להסדרי טיעון בין הצדדים?,"הכלל הוא כי בית המשפט יטה לכבד הסדר טיעון בין הצדדים ויתערב בו רק מטעמים המצדיקים זאת לאחר בחינתו במבחן האיזון אשר נקבע בע\פ 1958/98 פלוני נ' מדינת ישראל (25.12.2002) (להלן: \""עניין פלוני\"").""",train
מהו הרף התחתון שנקבע במקרים של עבירות אי דיווח שבוצעו בשיטתיות?,"בכל הנוגע למתחמי ענישה, הפסיקה מלמדת כי בחלק מהמקרים, כאשר המדובר בעבירות של אי דיווח אשר שבוצעו בשיטתיות או בהיקף ניכר, נקבע הרף התחתון של מתחם הענישה על עונש מאסר לריצוי בעבודות שירות והעליון על מאסר ממשי ואף לתקופה שאיננה מבוטלת (עניין יצחקיאן ועניין מולדובן).",train
כיצד משפיעה ההרתעה הציבורית על גזירת העונש בעבירות מס?,"נתתי דעתי לחשיבות ההרתעה ובכללה הרתעת הרבים בקשר לעבירות שבביצוען הורשע הנאשם, כשעל פי פסיקה ענפה כשעסקינן בעבירות מס מהסוג הנדון, מקבל כאמור האינטרס הציבורי בכורה על פני נסיבות אישיות ודרך המלך היא גזירת עונש מאסר מאחורי סורג ובריח (עניין יצחקי).",train
מהו טיב העבירות בהן הורשע הנאשם וכיצד הן משפיעות על ערכים חברתיים?,"כלל העבירות שבביצוען הורשע הנאשם, ובפרט אלה הנוגעות לקבלת והוצאת חשבוניות כוזבות, הן מהחמורות על פי דיני המס ובאות להגן על ערכים בסיסיים וחשובים למרקם החברתי של חיינו.",train
מהו המצב המשפטי של הנאשמת לאחר הפסקת פעילותה בסוף 2014?,מנגד יש לזכור כי הנאשמת הפסיקה פעילותה בסוף שנת 2014 והפכה חדלת פירעון וכי העבירות לא בוצעו תוך תכנון מוקדם או בתחכום.,train
מהי הסיבה לכך שטענת הנאשם לגבי משיכת הכסף לא בוססה כנדרש?,"טענת הנאשם בדבר הצורך במשיכת הכסף המזומן ממגן ואלעד לשם החזר הלוואה באופן דחוף לאליקשווילי לא בוססה כנדרש (סעיפים 23-24 לפרק א' להכרעת הדין), אך גם לו שימשו כספי המזומן או חלקם לצורך כך, לא היה בכך כדי למתן את מידת הפגיעה בערכים המוגנים מרישומן בספרי הנהלת החשבונות של הנאשמת במרמה, ומהכוונה להתחמק ממס שלצד הרישום.",train
מהו הגורם האישי שנלקח בחשבון בעת קביעת העונש עבור הנאשם?,"במסגרת קביעת העונש בתוך המתחם האמור לקחתי בחשבון כי הנאשם הוא עורך דין כבן 40, נשוי ואב לילדה בת כשנה וחצי.",train
מהו השיקול המרכזי שיש לקחת בחשבון בעת קביעת מתחם העונש ההולם?,"בקשר לענישה הנוהגת יש לזכור, מבלי למעט בחשיבות שקילתה וחשיבות אחידות הענישה (ע\פ 6544/16 ניסנצויג נ' מדינת ישראל [פורסם בנבו] (21.2.2017)), כי מתחם העונש ההולם מגלם הכרעה ערכית המבוססת על שיקולים שונים שמדיניות הענישה היא רק אחד מהם.""",train
מהו הכלל לגבי כיבוד הסדרי טיעון על ידי בית המשפט?,"הכלל הוא שבית המשפט ייטה לכבד הסדר טיעון בין הצדדים ויתערב בו רק בהתקיים טעמים המצדיקים זאת ולאחר בחינתו במסגרת מבחן האיזון אשר אומץ בע\פ 1958/98 בעניין פלוני.""",train
מהו השוני בנסיבות המקרה של קיפניס בהשוואה לנאשמים האחרים?,"הנסיבות מלמדות על שוני לא מבוטל בינו לבין האחרים, כשעולה מהנסיבות שעל אף שמראש תכנן להניח את מטען החבלה בבניין, החליט לבדו בסופו של יום שלא לעשות כן לאור נוכחות אנשים במקום.",train
מהו המבחן שעל בית המשפט לבצע כדי לאזן בין טובת הנאה לנאשמים לאינטרס הציבורי?,"על פי מבחן האיזון על בית המשפט לבחון קיומו של \איזון בין טובת ההנאה הצומחת לנאשמים מן ההסדר לעניין העונש לבין אינטרס הציבור כפי שהוא בא לידי ביטוי בעונש שבית המשפט גוזר\"" (שם, בעמ' 606).""",train
כיצד השפיעה הפסיקה הנוספת על קביעת העונש במקרה זה?,"בנוסף, שקלתי את הפסיקה הנוספת אליה הפנה הסנגור ובכללה עניין ארזון, ועניין הורברג תוך שנתתי דעתי לכך ששם דובר בענישה מוסכמת בהסדר טיעון (בעניין הורברג אף לצד חילוט משמעותי).",train
לפי איזה תיקון ייבחן עניינו של הנאשם וכיצד ייקבע העונש?,"עניינו של הנאשם יבחן לפי תיקון 113 לחוק העונשין, ולפיו אף יקבע העונש אשר ייגזר עליו, בשים לב לטווח הענישה המוסכם, ולאחר בחינת סבירותו.",train
מדוע יש לבחון את מעשה העבירה בנסיבותיו הספציפיות?,"מעשה העבירה לעולם נבחן בנסיבותיו - ואלה, מטבע הדברים, שונות ממקרה למקרה.",train
מדוע הסרת המחדל לא נחשבת לחסד מצד הנאשם?,"אין בהסרת המחדל משום מעשה של חסד מצד הנאשם, ובוודאי שאין בה כדי לאיין את ביצוע העבירות בהן הורשע.",train
מהו מתחם העונש לעבירה של אי צירוף תשלום לדוח?,"לגבי עבירה של אי צירוף תשלום לדוח, משמידת הפגיעה בערכים המוגנים מביצועה נמוכה יותר, יעמוד מתחם עונש המאסר בין מאסר מותנה למאסר בפועל למשך 3 חודשים וכך גם ביחס לעבירה של הגשת הדו\ח באיחור לצד תשלומו.""",train
כיצד ישפיעו נסיבותיו של הנאשם על שיקולי הענישה?,נסיבותיו אלה של הנאשם יובאו בין שיקולי.,train
"מהי הדרך השיקומית שהנאשם החל בה, כפי שנמסר בתסקירים?"," בחנתי בדקדקנות את התסקירים אשר התקבלו בעניינו של הנאשם, המלמדים על דרך שיקומית בה החל ואותה עושה, וכן על התגייסותו ומוכנותו לשינוי וטיפול.",train
כיצד יש לשקול את העבירות שביצעו הנאשמים בהקשר לתכנון או תחכום?,"לצד זאת, יש לשקול כי אין המדובר בעבירות שבוצעו תוך תכנון או בתחכום.",train
מהו העיקרון המנחה לגבי מיקום עונשו של הנאשם בעבירות מסוג זה?,"בנסיבות המתוארות, באופן רגיל לא היה זה נכון למקם את עונשו של הנאשם בסמוך לרף התחתון של מתחם הענישה, לאור עיקרון ההלימה, והכלל לפיו בסוג זה של עבירות שיקולי הרתעה ובכללם הרתעת הרבים מקבלים בכורה על פני נסיבות אישיות, כשדרך המלך, ודאי בהיקפי עבירות כמו במקרה דנן שמחדליהן לא הוסרו, היא לגזירת עונשי מאסר מאחורי סורג ובריח.",train
כיצד השפיע גילו של הנאשם על שיקול הדעת בענישה במקרה זה?,"נתתי דעתי לגילו של הנאשם, בעת ביצוע העבירות כנסיבה לקולא, לצד זאת, לא ניתן להתייחס למעשים בסלחנות רבה חרף גילו בשים לב לחבטות שספג המתלונן מהנאשם בכתפו ובאשכיו רק בשל העובדה שניסה למלא תפקידו כחוק, וללא התגרות בנאשם.",train
כיצד משפיעים שיקולי ההרתעה על הנסיבות האישיות של הנאשם?,"יחד עם זאת, יש לזכור כי שיקולי ההרתעה אינם מאיינים את הנסיבות האישיות.",train
מהו הערך המוגן בעבירות המס הנדונות ומהי חשיבותו למרקם החברתי?,"כפי שציינתי בעניינם של מעורבים אחרים בפרשה, הערכים המוגנים בעבירות המס הנדונות הם כאלה שחשיבותם ראשונה במעלה למרקם החברתי במדינה, ביניהם ערך השוויון ואמון הציבור.",train
מהי המסקנה העיקרית הנובעת מהנסיבות ופסיקות בית המשפט העליון לגבי ענישת הנאשם?,כלל הנסיבות ופסיקת בית המשפט העליון מלמדים על צורך ברור בענישה קונקרטית ומרתיעה בעניינו של הנאשם וכזו תיגזר.,train
כיצד משפיע גילו ועייפותו של הנאשם על שיקולי הענישה?,"הנאשם הוא יליד שנת 1959, וגילו ועייפותו הנטענת באים בין שיקולי.",train
מהי ההשלכה של העדר נסיבות מיוחדות על קביעת מתחם הענישה במקרה זה?,"בהעדר נסיבות מיוחדות, יש באמור כדי להביא לקביעה שאין מקום למקם את עונשו בתחתית מתחם הענישה, ובוודאי שאין מקום להורות על הארכת המאסר המותנה התלוי ועומד כנגדו.",train
מהי הסיבה לכך שאין נסיבות המאפשרות חריגה לקולא ממתחם הענישה?,אינני מוצאת כי מתקיימות נסיבות המצדיקות חריגה לקולא ממתחם הענישה חרף ההליך הטיפולי שעבר הנאשם.,train
מהו ההיבט המקל בעניינו של הנאשם בהשוואה לנאשמים האחרים בכתב האישום?,"מבלי להתעלם מהקביעות הנורמטיביות שלעיל, בעת בחינת מידת הנזק לערכים המוגנים ממעשי הנאשם, אין להתעלם מכך שהנאשם הוא היחיד מבין הנאשמים בכתב האישום שהואשם והורשע בביצוע עבירות שאין לצדן כוונה להתחמק מתשלום מס, וכי לא נטען כי היה יוזם העבירות או הדמות המרכזית ביותר בכתב האישום.",train
מהו המשמעות המשפטית של אי הגשת הדוחות במועד בהקשר לערכים המוגנים?,"עבירות אלה, לצד אי הגשת הדוחות במועד מלמדות על פגיעה ממשית ברף חומרה גבוה בערכים המוגנים.",train
מהי ההשפעה של עבירות המס על האמון שניתן במבצעי העבירה?,"נקבע לא אחת כי המבצעים עבירה מסוג זה מפרים ברגל גסה את האמון שניתן בהם, ואף נקבע כי עבירות אלה נושקות לעבירה של גניבה בידי מורשה.",train
מהו העיקרון המנחה את קביעת מתחם הקנס בעבירות אלו?,"יש לזכור כי בעבירות אלה, מקבל האינטרס הציבורי בכורה על פני נסיבות אישיות (ר' רע\פ 977/13 אודיז נ' מדינת ישראל [פורסם בנבו] (20.2.2013), רע\""פ 3998/15 פלוני נ' מדינת ישראל [פורסם בנבו] (28.6.2015)), יחד עם זאת, על פי סעיף 40 ח' לחוק העונשין בעת קביעת מתחם הקנס יש להידרש גם לשאלת יכולתו הכלכלית של הנאשם.""",train
כיצד היקף העבירות משפיע על חומרת הנסיבות והנזק הפוטנציאלי לקופת המדינה?,"היקף העבירות מלמד על חומרת הנסיבות, והנזק הפוטנציאלי האדיר שלצידן, בפן הכספי, לקופת המדינה.",train
כיצד השפיעה הודיית הנאשם בשלב מוקדם על ההליך השיפוטי?,"אני שקלתי את הודיית הנאשם בשלב מוקדם עד מאוד של ההליך ועוד טרם הגשת כתב האישום, ויתורו על ניהול ההליך וחיסכון הזמן השיפוטי על ידו ובכלל זאת הצורך בשמיעת עדותם של למעלה מ- 20 עדים.",train
מה יש לבחון לצורך הערכת נסיבות ביצוע העבירות?,"לשם בחינה כמפורט יש לבחון את נסיבות ביצוען של העבירות, היקפן ומידת הפגיעה בערכים המוגנים, לצד הענישה הנוהגת וכן לתת את הדעת לטיעוני הצדדים באשר לשיקולים אשר הביאו אותם לעריכת ההסדר.",train
מהי הסיבה לכך שאלימות בין בני זוג נחשבת לחמורה במיוחד?,חשוב לזכור כי אלימות בין בני זוג נתפסת כבעלת חומרה מיוחדת המחייבת באופן רגיל ענישה מרתיעה.,train
מהי הסיבה לכך שנסיבות ביצוע העבירות מלמדות על פיתוי גדול לבצען?,"יש טעם רב בטענת ב\כ המאשימה לפיה נסיבות ביצוע העבירות במקרה זה מלמדות על פיתוי גדול לבצען לאור הסיכון הנמוך בגילוין.""",train
מהו השיקול שצריך להתחשב בו במסגרת שיקולי הענישה במקרה זה?,"בנוסף, במסגרת שיקולי הענישה יש לתת את הדעת לחלוף הזמן מאז ביצוע העבירות, בין השנים 2005-2009, ובפרט מאז תחילת החקירה בשנת 2013.",train
"כיצד יש להבין את הנזק הנגרם מביצוע עבירות טכניות לפי חוק מע\מ?""","כפי שצוין על ידי לא אחת בעבר, להשקפתי, הגם שעבירות מסוג הנדון  נקראות \עבירות טכניות\"" והן מהעבירות החמורות פחות על פי חוק מע\""מ והפקודה, פעמים רבות הנזק אשר נגרם מביצוען, אינו טכני כלל ועיקר.""",train
מהן הסיבות לכך שלא נמצאו טעמים לחריגה ממתחם העונש ההולם במקרה זה?,במקרה דנן לא נמצאו טעמים לחריגה ממתחם העונש ההולם לשם שיקומו של הנאשם או לשם הגנה על שלום הציבור.,train
כיצד משפיעה הוודאות של המאשימה על כיבוד הסדרי הטיעון שנחתמים?,"האינטרס שבכיבוד ואימוץ הסדרי טיעון נוגע כמובן גם לציפיותיו ותקוותיו של הנאשם, אך גם נוגע לוודאות של המאשימה כאשר היא חותמת על הסדר טיעון, כי העונש שהיא מוצאת כראוי והולם מהשיקולים אותם היא שקלה, יכובד.",train
מהו הרקע המשפחתי והאישי של הנאשם כפי שפורט על ידי רעייתו?,"נתתי דעתי לדברי רעיית הנאשם מזה 30 שנה, ליאת בצלאל, בעת הטיעון לעונש, אשר פירטה אודות הרקע של הנאשם, מידותיו הטובות, והקושי שחוו בני המשפחה והוא מאז פרוץ החקירה ואלה באים בין שיקולי, לצד דבריי הנאשם בעת הטיעון לעונש ובכלל זאת הקשיים הבריאותיים והאחרים שפירט.",train
מהי מדיניות הענישה הכללית לגבי נאשמים שהם אנשי קש?,"זוהי אף מדיניות הענישה הכללית כאשר המדובר בנאשמים שהם אנשי קש, למעט במקרים חריגים ויוצאי דופן.",train
מה היו הנסיבות שהובילו לגזר דין בעונש בתחתית מתחם הענישה עבור הנאשם?,"חרף עתירת המאשימה, גזרתי את עונשו של הנאשם בתחתית מתחם הענישה שנקבע, לצד ענישה נלווית, זאת בראי תיקון כתב האישום, הודיית הנאשם וחיסכון הזמן השיפוטי על ידו, הסכמתו לחילוט, נסיבותיו המורכבות וגילו הצעיר כיום ובעת ביצוע העבירות, וכן לאור חלוף הזמן מאז ביצוע העבירות, והעובדה שמאז לא הוגשו כנגדו תיקים נוספים, ובשים לב לתקופה בת החודשיים בה שהה במעצר בהליך דנן כמו גם התקופה הארוכה בה היה נתון תחת תנאים מגבילים.",train
כיצד מוגדרות עבירות אלו למרות שהן נחשבות לעבירות טכניות?,"עבירות אלה מכונות לא אחת \עבירות טכניות\"" ומוגדרות כעבירות מנהליות, יחד עם זאת, כאמור, מידת הפגיעה בערכים המוגנים הנגרמת מביצוען איננה טכנית כלל ועיקר ולא ניתן לומר כי בהגדרתה העבירה היא קלת ערך חרף העובדה שהיא נכללת בחוק העבירות המנהליות.""",train
מהו המידע שמצביע על כך שהנאשם לא הורתע מההליך בתיק הקודם?,ביצוע העבירה על ידי הנאשם בנסיבות אלה מלמד כי לא הורתע דיו מההליך בתיק הקודם ואף אינה מאפשרת את מיקום עונשו ברף התחתון של מתחם הענישה אשר נקבע.,train
מהן הנסיבות שמצדיקות העמדת תחתיתו של מתחם הענישה על 9 חודשי מאסר בפועל במקרה זה?,"הנסיבות המפורטות מצדיקות העמדת תחתיתו של מתחם הענישה של עונש המאסר בעניינו של הנאשם על 9 חודשי מאסר בפועל, חרף העובדה שבאופן רגיל כאמור, מן הראוי היה להעמידה על 10 חודשי מאסר לפחות.",train
כיצד השפיע הקשר הרומנטי בין הנאשם למתלוננת על החמרת הענישה?,"אמנם במקרה דנן, אין המדובר בבת זוג לפי ההגדרה בחוק, אך הנאשם והמתלוננת ניהלו קשר רומנטי בעת ביצוע העבירות ועניין זה מוסיף חומרה למעשים.",train
מהן הערכים המוגנים שנפגעו בעבירה של תקיפה חבלנית במקרה זה?,"בתמצית, וכפי שצוין לעיל, הנאשם פגע במידה לא מבוטלת בערכים המוגנים בעבירה של תקיפה חבלנית, שהם שמירת הגוף והבריאות, וכיבוד האוטונומיה של האדם על גופו כחלק מכבודו כאדם.",train
מהו השיקול שהשפיע על ההבנה כי העבירות שביצע הנאשם אינן כוללות שימוש בחשבוניות כוזבות?,"בעת בחינת הנסיבות נתתי דעתי גם לכך שבמקרה זה המדובר בביצוע עבירות שאינו כולל שימוש בחשבוניות כוזבות על החומרה היתרה בכך, ואף אין המדובר במי שפעל באופן מתוחכם להסתיר את הדיווח הכוזב שביצע, תוך שינוי העתקי חשבוניות מס שמסר ללקוחותיו, שינוי מספר העוסק על גבי החשבוניות שהוציא, ו/או שימוש במספר עוסק שאינו פעיל וכיוצא באלה, ולא נטען כי הנאשם ניהל ספרים כוזבים או פעל במרמה ותחבולה (ראו והבחינו ת\פ (שלום ת\""א) 65534-12-17 מדינת ישראל נ' גבריאלי (27.1.2020) (להלן: \""עניין גבריאלי\"").""",train
כיצד משפיעה התנהגות המתלוננת על קביעת העונש לנאשם?,"גם אם התנהגותה של המתלוננת לא ענתה לסטנדרט ההתנהגות המצופה ממנה על ידי הנאשם ותפיסותיו, אין בכך נסיבה ממתנת לעניין העונש.",train
מדוע יש ליתן משקל לחלוף הזמן מאז החקירה ועד להגשת כתב האישום?,"מובן שיש ליתן משקל מתאים לחלוף הזמן מאז החקירה ועד להגשת כתב האישום, מבלי להתעלם גם מכך שהמדובר בחקירה של פרשה נרחבת שכללה חשודים רבים.",train
כיצד יש לקחת בחשבון את הרקע לביצוע העבירות בעת קביעת מתחם הענישה?,"בראי האמור, בעת קביעת מתחם הענישה ביחס לעבירות מושא האישום השני יילקח בחשבון הרקע לביצוע העבירות בבורסה ליהלומים גם בקשר לאישום זה במידה המתאימה, כמו גם העדר נזק כספי לצד ביצוע העבירות מושא אישום זה לאור תיקון הספרים, וכן תיעוד חלקה הקטן של המכירה מלכתחילה בספרים כנסיבות ממתנות.",train
מהו העיקרון המנחה לקביעת מתחם העונש ההולם במקרה זה?,"מתחם העונש ההולם נקבע בהתאם לעקרון המנחה בענישה, היינו קיומו של יחס הולם בין חומרת מעשה העבירה בנסיבותיו ומידת אשמו של הנאשם, לבין סוג ומידת העונש המוטל עליו, תוך התחשבות בערך החברתי אשר נפגע, במידת הפגיעה בו, בנסיבות הקשורות בביצוע העבירה ובמדיניות הענישה הנהוגה.",train
מהו השיקול המרכזי שהוביל להחלטה שלא לגזור את עונשו של הנאשם בתחתית המתחם?,"אין מקום לגזור את עונשו של הנאשם בתחתית המתחם כעתירת הסנגור שכן כאמור, קיימת חשיבות במקרה זה לענישה קונקרטית וברורה על הנאשם.",train
כיצד ניתן להעריך את מידת הפגיעה בערכים המוגנים ממעשי הנאשמים?,"בראי ככלל הנסיבות, ניתן לקבוע כי מידת הפגיעה בערכים המוגנים ממעשי הנאשמים איננה זניחה והיא ברף הבינוני.",train
כיצד משפיע העניין הנוסף על קביעת מתחמי הענישה?,"גם עניין זה לא נעלם מעיני, הוא רלוונטי בעת קביעת מתחמי הענישה, ויילקח בחשבון במידה הנדרשת.",train
מהו השיקול המקל שנלקח בחשבון בנוגע לאיום שהשמיע הנאשם?,"יחד עם זאת, אתחשב במידה מסוימת לקולא בכך שהאיום שהשמיע היה מרומז ולא ישיר.",train
כיצד משפיע מספר העבירות והחברות הנאשמות על קביעת המתחם?,מובן שיינתן משקל מתאים למספר העבירות והחברות הנאשמות במסגרתן בוצעו בעת קביעת המתחם.,train
מה ניתן ללמוד על מדיניות הענישה בעבירות מס שיטתיות עם סכומי מס גבוהים?,"ניתן ללמוד כי באופן רגיל מדיניות הענישה היא מוחשית וכוללת עונשי מאסר משמעותיים לריצוי מאחורי סורג ובריח, בעיקר מקום בו לא הוסרו המחדלים ובהם דובר בעבירות אשר נעברו בשיטתיות ו/או בסכומי מס גבוהים.",train
מהן השיקולים שיש לקחת בחשבון בעת קביעת מתחם העונש?,"במסגרת קביעה זו יש להתחשב בערך החברתי אשר נפגע, במידת הפגיעה בו, בנסיבות ביצוע העבירה, ובמדיניות הענישה הנוהגת.",train
מהי הפגיעה בערכים המוגנים בעבירת ההתפרצות לבית מגורים?,"ביחס לעבירת ההתפרצות אף פגע הנאשם בפרטיות ובתחושת הביטחון האישי, שכן ביתו של אדם אמור להיות מבצרו.",train
מהי החשיבות של ענישה כספית משמעותית בעבירות מסוג זה?,"לעניין מתחם הקנס, בסוג זה של עבירות קיימת חשיבות ממשית לענישה כספית משמעותית אשר תלמד כי אין אף תועלת כלכלית לצד ביצוען של העבירות.",train
מהו השיקול המשפטי המרכזי שנלקח בחשבון בעקבות חלוף הזמן בהגשת כתב האישום?,במקרה זה לא ניתן להתעלם מחלוף הזמן המשמעותי והשיהוי שבהגשת כתב האישום לו לא ניתן כל הסבר.,train
כיצד משפיע הזמן שחלף מאז ביצוע העבירות על הענישה במקרה זה?,"הגם שאין המדובר במקרה זה בחלוף זמן משמעותי מאז החלה החקירה, אשר אמור להביא להקלה ממשית בענישה (בשים לב אף לסוג העבירות בביצוען הורשעה הנאשמת), לא ניתן להתעלם מכך שחלפו מאז ביצוע העבירות שנים רבות ולא נטען כי בוצעה כל עבירה נוספת על ידי הנאשמת מאז, גם עניין זה יישקל לזכותה.",train
מהן הסיבות לקביעת מתחם הענישה בין 24 ל-48 חודשי מאסר בפועל במקרה זה?,"לאור חומרת הנסיבות, בין היתר בשל תפקידו המרכזי של הנאשם כהוגה ומיישם התוכנית העבריינית שהיא תוכנית רחבת היקף ומעורבים, היקפן הגבוה של העבירות, תקופת ביצוען הממושכת בת 8 שנים, והפגיעה המשמעותית בערכים המוגנים מהמעשים ועוד, ייקבע מתחם הענישה במקרה זה בין 24 ו-48 חודשי מאסר בפועל.",train
מדוע יש חשש שההתייחסות לאי קיום הוראות החוק תוביל להיעדר מוטיבציה לדווח ולשלם מסים?,התייחסות סלחנית לאי קיום הוראות החוק בהקשר זה עלולה להביא להיעדר המוטיבציה של כלל ציבור משלמי המסים לדווח ולשלם מסיהם כנדרש.,train
כיצד משפיעה הצטברות העונשים על סוג העונש המוטל?,"הצטברות העונשים (תוך חפיפה מסוימת ביניהם) אינה מביאה לשינוי סוג העונש (קרי, ממאסר על תנאי שבתחתית מתחם הענישה למאסר לריצוי בעבודות שירות), אלא מביאה להכבדה במאסר על תנאי אשר ייגזר, אשר גם יישקף את החומרה הנובעת מהשיטתיות שבביצוע העבירות וממספרן באופן הולם, לצד קנס מתאים והתחייבות.",train
כיצד השפיעה מידת שיתוף הפעולה של הנאשם על גזירת העונש?,"לטענת ההגנה לפיה לאור מידת שיתוף הפעולה של הנאשם בחקירה ותרומתו לחשיפת ביצוע העבירות בפרשה, מבלי שביקש כל טובת הנאה בתמורה, גם האינטרס הציבורי בדמות תחושת הצדק וההגינות יצא נשכר מגזירת עונש במסגרתו יינתן משקל ממשי ומתאים לקולא לאמור.",train
כיצד באות לידי ביטוי מידותיו הטובות של הנאשם בפעילותו ובפעילות הנאשמת?,שקלתי את מידותיו הטובות של הנאשם הבאות לידי ביטוי בפעילותו ובפעילות הנאשמת בעזרה לאחרים כפי שעולה מנ/1 \t6 נ/4.,train
מהן התכליות להתחשבות בהסרת המחדל בעבירות מס?,"להתחשבות בהסרת המחדל שתי תכליות, האחת \סילוקו של המחדל כרוך בהשלמת החסר מקופת המדינה והטבת הנזק שנגרם כתוצאה מהעבירה\"" והשנייה \""עידוד הבעת חרטה וקבלת אחריות לביצוע העבירה בידי הנאשם\"".""",train
מהו העיקרון המשפטי שמונע גזירת עונש מאסר דומה לנאשם בהשוואה למקרים אחרים?,"בראי עיקרון אחידות הענישה, וודאי שאין מקום לגזור את עונשו של הנאשם לתקופת מאסר דומה (גם אם פחותה במעט) לזו אשר הושת באותם המקרים.",train
כיצד משפיע הרקע המשותף על המתחמים שנקבעים לעבירות?,"יחד עם זאת לאור הרקע המשותף לביצוען של העבירות, המתחמים אשר יקבעו יחפפו במידה מסוימת ביניהם.",train
מהו הכלל לגבי כיבוד הסדרי טיעון על ידי בית המשפט?,"הכלל הוא כי בית המשפט יטה לכבד הסדר טיעון בין הצדדים ויתערב בו רק מטעמים המצדיקים לאחר בחינתו במבחן האיזון אשר נקבע בע\פ 1958/98 פלוני נ' מדינת ישראל (25.12.2002) (להלן: \""עניין פלוני\"").""",train
מהי החשיבות של הערכים המוגנים בעבירות שביצעו הנאשמים בעת בחינת הענישה?,"בעת בחינת הענישה המוסכמת והחלטה האם לאמצה, נתתי דעתי לערכים המוגנים בעבירות שביצעו הנאשמים ולמידת הפגיעה בהם.",train
מהו המתחם המינימלי והמרבי שניתן לקבוע לעבירות המיוחסות לנאשם?,"המתחמים יחפפו ביניהם במידה רבה לאור הרקע המשותף הנטען לביצוען, ואדגיש, גם אם הייתי קובעת מתחם אחד לכלל עבירות כתב האישום, תחתיתו הייתה נקבעת על מאסר על תנאי ותקרתו על מאסר בפועל ממושך יותר.",train
"מדוע לא נחשבה שקרתו של הנאשם לגבי נכסים בחו\ל כנסיבה לחומרה?""","אבהיר כי אינני מוצאת לשקול כנסיבה לחומרה את שיקרי הנאשם בקשר להעמדת הנכסים בחו\ל משלטענת המאשימה יתכן ובחר לשקר על מנת לכסות על פיעלות של הברחה.""",train
"מהן הנסיבות שהובילו להחלטה להטיל עונש של של\צ לצד מאסר על תנאי?""","נוכח כלל הנסיבות המפורטות, חרף עברו הפלילי של הנאשם, ובשים לב לכך שעבירת החזקת הסכין בה הורשע בעבר בוצעה על ידו לפני כ- 13 שנה, ואף מבלי להתעלם מהרשעתו בעבירת תקיפה בשנת 2017, מצאתי כי ניתן להסתפק במקרה זה בהשתת עונש של של\צ לצד מאסר על תנאי מרתיע וקנס.""",train
מהו המשקל שיינתן להבחנה בין העבירות בעת קביעת מתחם הענישה?,"לאור האמור, בסקירת הענישה הנוהגת תיבחן ענישה אשר הושתה בגין ניכוי חשבוניות פיקטיביות, כשבעת קביעת מתחם הענישה, יינתן משקל גם להבחנה בין העבירות.",train
מהו הגורם שהשפיע על קביעת תקופת המאסר ולא לאפשר את התחתית במתחם הענישה?,"משלא הסיר הנאשם את מחדלי כתב האישום חרף דחיית הדיונים לשם כך, ומשיקולי הרתעה ואינטרס ציבורי, לא מצאתי לקבוע את תקופת המאסר בתחתית מתחם הענישה.",train
מהו מבחן האיזון שעל בית המשפט לבחון בהסדרי טיעון?,"על פי מבחן האיזון על בית המשפט לבחון קיומו של \איזון בין טובת ההנאה הצומחת לנאשמים מן ההסדר לעניין העונש לבין אינטרס הציבור כפי שהוא בא לידי ביטוי בעונש שבית המשפט גוזר\"".""",train
כיצד משפיעה גמישות בית המשפט על קביעת מתחם העונש ההולם?,עוד נפסק כי קביעת מתחם העונש ההולם איננה עניין אריתמטי וכי לבית המשפט נתון בהקשר זה מרחב מסוים של גמישות.,train
מהי המסקנה לגבי העונש המוצע לנאשמים לאור כלל השיקולים שנשקלו?,"נוכח העובדה שהרשעת הנאשמים נותרה על כנה וגם לה אפקט מרתיע, בשים לב לכך שהעונש המוצע על ידי שירות המבחן בדמות שירות לתועלת הציבור, הוצע לצד הימנעות מהרשעה, בראי כלל השיקולים שלעיל, מסקנתי היא שניתן להסתפק במקרה זה בעונש של מאסר על תנאי לצד הפיצוי המוסכם ובשים לב לשיעורו הגבוה.",train
מהי הסיבה לכך שהטענה לגבי מניע הנאשם לא הוכחה כעובדה מוסכמת?,"הסיבה בגינה פעל לביצוע עסקת הסמים המפורטת בכתב האישום לא הוכחה בפני ולא הוצגה כעובדה מוסכמת על ידי הצדדים, והמשקל שיינתן לכל טענה בהקשר זה אינו כזה שיש בו להקל עוד על מידת הפגיעה בערכים המוגנים.",train
מדוע יש סיכון רב באופני ייצור הסמים הסינתטיים בהשוואה לסמים אחרים?,"בנוסף, ביחס לסוג זה של סם עמדו בתי המשפט על כך שאופן ייצורם בתנאים בהם אין שליטה על היקף החומר הפעיל בכל מנה, עלול לגרום לסיכון רב, מעבר לסיכון \הרגיל\"" הנגרם למשתמשים בסמים (ת\""פ 55163-03-15 מדינת ישראל נ' אלקנה (20.7.2016)), וגם עניין זה רלבנטי בעת שקילת מידת הפגיעה בערכים המוגנים.""",train
מהו השיקול המרכזי שיש להעדיף בעבירות מסוג זה לפי בית המשפט העליון?,"בית המשפט העליון חזר ושנה כי בסוג זה של עבירות יש ליתן בכורה לשיקולי הרתעה ואינטרס הציבורי, ולהעדיפם על פני נסיבותיהם האישיות של נאשמים, וכי בדרך כלל עונשו של מי שמבצע עבירות מהסוג דנן הוא למאסר בפועל של ממש מאחורי סורג ובריח (רע\פ 977/13 אודיז נ' מדינת ישראל (20.2.2013); רע\""פ 3998/15 פלוני נ' מדינת ישראל (28.6.2015), רע\""פ 9004/18 יצחקי נ' מדינת ישראל (31.12.2019)).""",train
מהי המשמעות של הימשכות האירוע בהקשר לערכים המוגנים שנפגעו?,"האמור אמנם מלמד על מצוקה ממשית של הנאשם בעת האירוע, ולא נטען והנאשם אף לא הואשם בביצוע כל עבירה כלפי המתלוננת בקשר לסכין, יחד עם זאת, אין ספק כי הימשכותו של האירוע (אפילו עד השלב הזה בלבד), מלמדת על מידת פגיעה לא מבוטלת בערכים המוגנים, גם אם כאמור האלימות הפיזית שבנשיכת ודחיפת המתלוננת הייתה ספונטנית ולא ברף חומרה גבוה במיוחד.",train
"מהו היסוד הנפשי הנדרש להרשעה בעבירות טכניות, וכיצד הוא משפיע על חומרת העבירה?","ואדגיש, הגם שנהוג לכנות את סוג העבירות בהן הורשע הנאשם \עבירות טכניות\"" והיסוד הנפשי הדרוש להרשעה בעבירה מסוג זו אינו כולל כוונה להתחמק ממס - מידת הפגיעה בערכים המוגנים הנגרמת מביצועה איננה טכנית כלל ועיקר יש בה חומרה ממשית ומשמעותית.""",train
מהי ההשלכה של קבלת הטענה על מתחם הענישה הגבוה בהקשר לשיקול דעת בית המשפט?,"בעניין זעילה דחה בית המשפט את הטענה לפיה שגה בית המשפט המחוזי משקבע מתחם ענישה שתקרתו גבוהה מהעונש שהוסכם שהמדינה רשאית לטעון לו, וציין כי קבלת הטענה מסוג זה משמעה שלילת שיקול הדעת של בית המשפט, והיא מנוגדת להלכה הפסוקה.",train
מהו הערך הנוסף שנפגע כתוצאה מהפרת שוויון נשיאת נטל המס?,ערך נוסף שנפגע נוגע להפרת שיוויון נשיאת נטל המס וכך גם הפרת האמון הניתן בנישום שידווח דיווחי אמת וישלם מיסיו כחוק.,train
"מהו העונש המוטל על עבירות סיוע להתחמקות מתשלום מס לפי חוק מע\מ?""","בנוסף יש לזכור, שכשבעבירות על פי חוק מע\מ עסקינן, העונש לצד עבירת הסיוע לאחר זהה לעונשו של מי שמתחמק ממס הלכה למעשה, מה שמדגיש את החומרה שמייחס המחוקק לעבירה.""",train
מהו השיקול המשפטי שהשפיע על קביעת העונש במקרה של שיהוי בהגשת כתב האישום?,"מבלי להתעלם מהאמור, כשמובן שיש לעודד בדיקה וחשיבה מחודשת של המאשימה במסגרת שימוע גם אם הדבר מעכב במידת מה את הגשת כתב האישום, במקרה זה, בשים לב למועד העבירות וסוגן, מועד הפתיחה בחקירה ומועד הגשת כתב האישום, לא ניתן להימנע מקביעה לפיה המדובר בשיהוי ובחלוף זמן לא מבוטל בהגשת כתב האישום, שיש לתת לכך משקל לקולא בין שיקולי הענישה בהתאם לסעיפים 40יא(9) ו-(10) לחוק העונשין.",train
מהו הקונפליקט בין מאמצי הנאשם 2 לשינוי חייו לבין הערכת שירות המבחן לגבי סיכון לחזרה לפלילים?,"האמור מעיד במידה מסוימת על מאמציו הכנים של הנאשם 2 לערוך שינוי בחייו כפי שציין שירות המבחן, ובמידה מסוימת אף עומד בסתירה להערכת שירות המבחן לפיה ללא טיפול מקיף וכוללני במסגרת סגורה, קיים סיכון גבוה למעורבות חוזרת שלו בפלילים, וכי במצבו של הנאשם 2 סיכון להתנהגות אלימה שתוצאותיה צפויות להיות בדרגת חומרה בינונית.",train
כיצד משפיע גילו של הנאשם על מידת הפגיעה בערכים המוגנים?,"בעת בחינת מידת הפגיעה בערכים המוגנים ובאופן ממתן במידת מה, יש לתת את הדעת לגילו של הנאשם בעת ביצוע העבירות, בן 19 ומספר חודשים בלבד, קרוב מאוד לגיל הקטינות, \בגיר-צעיר\"".""",train
אילו ערכים חברתיים מגנות עבירות ההדחה בחקירה?,עבירות ההדחה בחקירה שבביצוען הורשע הנאשם מגנות על ערכים חברתיים בדמות גילוי האמת ועשיית משפט.,train
כיצד השפיעו נסיבותיו האישיות של הנאשם על קביעת העונש?,"שקלתי את תרומתו של הנאשם לקהילה כעולה מענ/12, ואת השנים הקשות שעבר מאז החקירה (גם אם ללא קשר אליה) במהלכן הסתבך כלכלית ואוים (ענ/8), והנאשמת, החברה שבבעלותו קרסה, ולכך שהצליח להשתקם מאז.",train
מה ההבדל בין הנאשמים במקרה זה לבין מי שעיקר עיסוקו הוא ביצוע עבירות?,מובן כי לא דין מי שכל או עיקר עיסוקו ביצוע עבירות כדין הנאשמים כאן.,train
מהי הסיבה לכך שהנאשם לא זכה להקלות בעונש למרות הליכי השיקום?,"אשר לעונש הקונקרטי לנאשם, במקרה הנדון, על אף עתירת הנאשם לסטות לקולא ממתחם העונש לאור הליכי שיקום, כפי שפורט לעיל, אינני מוצאת כי הנאשם השתקם, גם לא \שיקום עצמי\"", וודאי לא באופן המצדיק חריגה לקולא ממתחם הענישה.""",train
כיצד נפגע ערך השוויון ואמון הציבור כתוצאה מביצוע העבירות על ידי הנאשם?,"מביצוע עבירות אלה נפגע ערך השוויון ואמון הציבור ברשויות החוק, ולצידן פוטנציאל נזק ממשי לקופה הציבורית, ובכך לכל אחד ואחת מאזרחיה.",train
אילו ערכים מוגנים נפגעים בעבירות המס שביצע הנאשם?,"אשר לערכים המוגנים בעבירות המס שביצע הנאשם, עבירות המס באות להגן על ערכים בסיסיים וחשובים למרקם החברתי במדינה, ומביצועהן נפגע ערך השוויון ואמון הציבור ברשויות החוק.",train
מהו העיקרון שעל פיו נקבעת ההלימה במתחם העונש ההולם?,קביעת מתחם העונש ההולם נעשית על פי עקרון ההלימה.,train
כיצד השפיע תהליך השיקום של הנאשם על שקלול הענישה בעניינו?,"שקלתי את עתירת הסנגור להתחשבות בדרך אותה עשה ועושה הנאשם לשיקום אשר פורטה בענ/1, בעדותה של גב' יעקובוביץ, העובדת הסוציאלית אצלה מטופל הנאשם, ובתסקירי שירות המבחן, עד כדי סטייה לקולא ממתחם הענישה במידת הצורך, למרות הנסיבות לחומרה בעניינו של הנאשם, ובכלל זאת המאסר המותנה התלוי ועומד כנגדו.",train
מדוע יש להתייחס לקשייו הרגשיים של הנאשם ולא לקושי כלכלי כמניע לעבירה?,ברקע בחינת נסיבות ביצוע העבירות יש לתת את הדעת לכך שהנאשם לא ציין קושי כלכלי כמניע למעורבותו בעבירה אלא התייחס לקשייו הרגשיים לאור הנתק עם משפחתו מגיל צעיר כגורם לכניסתו לעולם הסמים.,train
מהי המסקנה לגבי מיקום עונשו של הנאשם בהתחשב בשיקולי אינטרס ציבורי ונסיבות קונקרטיות?,"בשכלול הנסיבות הקונקרטיות המפורטות לעיל, ומבלי להתעלם מכך שבעבירות מס נסיבות אישיות נדחות מפני שיקולי אינטרס ציבורי, מסקנתי היא כי ראוי למקם את עונשו של הנאשם בתחתית מתחמי הענישה שנקבעו וכך אני מורה.",train
מהו השיקול שהוביל לגזירת מאסר מותנה וקנס כספי על הנאשם?,"לצד עונש המאסר בפועל יגזרו על הנאשם מאסר מותנה וכן קנס כספי, תוך מתן משקל להליך חדלות הפירעון בו הוא מצוי בשל חובותיו ולמצבו הבריאותי.",train
מהו הסיכון הנוסף הנגרם למשתמשים בסמים מסוג זה בעקבות אופן ייצורם?,"ביחס לסוג זה של סם עמדו בתי המשפט על כך שאופן ייצורם בתנאים בהם אין שליטה על היקף החומר הפעיל בכל מנה, עלול לגרום לסיכון רב, מעבר לסיכון  \הרגיל\"" הנגרם למשתמשים בסמים.""",train
כיצד השפיעה הודיית הנאשמים בשלב מוקדם על שיקולי הענישה?,"בהקשר זה נתתי דעתי להודיית הנאשמים ונטילת אחריות על ידם בשלב מוקדם ועוד טרם הגשת כתב האישום, ולחיסכון הזמן השיפוטי שבכך.",train
מהי הזהירות הנדרשת בקביעת מתחם הענישה בהסדר טווח?,"בקביעת המתחם נדרשת זהירות, אין המדובר בקביעת מתחם ענישה במובן הפורמלי של תיקון 113 לחוק העונשין, וקביעת המתחם בנסיבות אלה נועדה לשם \קבלת מידע והקשר לעונש שראוי לקבוע בהסדר טווח\"".""",train
מהי משמעות הסרת מחדלים בעבירות מסוג זה לעניין הענישה?,"כידוע, להסרת מחדלים בסוג זה של עבירות משמעות רבה לעניין הענישה.",train
מהן הנסיבות שיש לקחת בחשבון בעת קביעת מתחם העונש?,"במסגרת קביעה זו יש להתחשב בערך החברתי אשר נפגע, במידת הפגיעה בו, במדיניות הענישה הנוהגת ובנסיבות ביצוע העבירה.",train
כיצד ישפיעו ניסיונות השיקום של הנאשם על משך המאסר שייגזר עליו?,"יחד עם זאת, על מנת לחזק את כוחותיו של הנאשם ותוך מתן משקל מסוים לתהליך אותו החל, בעת גזירת משך המאסר והפעלת המאסר המותנה אתחשב במידת מה בניסיונותיו של הנאשם לשיקום שתוארו לעיל, בשים לב לכך שעוד נכונה לו דרך ארוכה לשיקום ככל שיחפוץ בכך, ועל מנת שלא לרפות את ידיו.",train
כיצד מתבטאת ההכרעה הערכית במתחם הענישה מעבר לחישוב אריתמטי פשוט?,מתחם הענישה אינו עניין אריתמטי פשוט אלא מגלם הכרעה ערכית המבוססת על שיקולים שונים שמדיניות הענישה היא רק אחד מהם.,train
מהו השיקול המרכזי שהשפיע על קביעת הענישה בעבירות הנדונות?,"נתתי דעתי לענישה הנוהגת, ובין היתר לפסיקה אליה הפנו הצדדים, המלמדת על ענישה מגוונת בעבירות הנדונות.",train
מהי מסקנת בית המשפט לגבי ההסדר הדיוני בין הצדדים ביחס לעונש המאסר?,"אמנם העונש שבתחתית טווח הענישה המוסכם נמצא מעט מעל תחתית מתחם הענישה שנקבע, שהוא להשקפתי העונש המדויק יותר בעניינו של הנאשם, אך בשים לב לכך שטווח הענישה בהסדר הטיעון נמצא בגדרי מתחם הענישה ותחתיתו בסמוך לתחתית המתחם, מסקנתי היא שההסדר הדיוני בין הצדדים ביחס לעונש המאסר הוא מאוזן, ובוודאי אינו כזה המצדיק חריגה ממנו.",train
מהו ההבדל בין המלצת שירות המבחן לשיקולי בית המשפט בגזירת הדין?,"אמנם, כפי שהפנה ב\כ המאשימה, המלצת שירות המבחן כשמה כן היא, ושיקולי בית המשפט בבואו לגזור את הדין רחבים יותר (ע\""פ 1472/15 שעשוע נ' מדינת ישראל (17.5.2015)).""",train
מהו המצב המשפטי שנקבע לגבי חריגה ממתחם העונש במקרה זה?,בנסיבות אלה לא מתקיימות נסיבות לחריגה לקולא או לחומרה ממתחם העונש אשר נקבע.,train
מהו השיקול שצריך להתחשב בו בנוגע למצבו הכלכלי של הנאשם במהלך המשפט?,"יש לקחת בחשבון את מצב הכלכלי הנטען של הנאשם אשר פונה מביתו ועבר להתגורר עם ביתו, הגם שלא הוצגו כל מסמכים מטעם ההגנה בהקשר זה.",train
מהו העיקרון המשפטי שנמצא בהבנת הנאשם את התנאי והאזהרה בעת הטלתו?,"בנוסף, במקרה זה אף אין כל קושי הנוגע לעיקרון החוקיות, ועולה כי הנאשם הבין את התנאי ואת האזהרה הגלומה בו בעת הטלתו.",train
מהו השיקול שהשפיע על ההבנה כי העבירה לא בוצעה בתכנון מוקדם או תחכום?,בעת בחינת הנסיבות נתתי דעתי לכך שאין המדובר בעבירה שבוצעה תוך תכנון מוקדם או תחכום.,train
כיצד משפיעה הגשת דוח במועד ללא תשלום על מידת הפגיעה בערכים המוגנים?,"העבירה לחודש 4/16 במסגרת הנאשמת נוגעת להפרת החובה לתשלום מס, משהדוח לתקופה זו הוגש במועד, אך ללא צירוף תשלום ומידת הפגיעה בערכים המוגנים בקשר אליה פחותה ממידת הפגיעה מקום בו לא מוגשים הדוחות במועד ואף לא משולמים.",train
מהו היסוד המשפטי שהוביל למסקנה כי המאשימה לא עמדה בדרישות החוקיות בהגשת כתב האישום?,"מסקנתי זאת מקבלת משנה תוקף אף בשים לב לכך שלבד מהשיהוי בהגשת כתב האישום, המאשימה אף אינה אוחזת באישורים להארכת מועדים לגיבוש החלטה בדבר החשד כנגד הנאשם, ובאישור להגשת כתב האישום כנדרש על פי הנחית היועץ המשפטי לממשלה וסעיף 57א(א) לחסד\פ.""",train
מהו העונש שנקבע בתחתית מתחם הענישה בעבירות תקיפה שאינן ברף הגבוה?,"לצד זאת, מעיון בפסיקה עולה כי במקרים לא מעטים, גם כשאין המדובר במעשי אלימות פיזית ברף הגבוה, בתחתית מתחם הענישה נקבע עונש של מאסר קצר שניתן לרצותו בעבודות שירות ובתקרתו תקופת מאסר מאחורי סורג ובריח, על אחת כמה וכמה מקום בו מדובר גם בביצוע עבירה נוספת, וכמו בעניינו ההתייחסות לכלל העבירות היא כאל אירוע אחד.",train
מהו השיקול שצריך להתחשב בו כאשר בוחנים את מצבו של הנאשם ביחס לעבירות שביצע?,"בעוד יתייחס למשקל הטענות לפיהן הרקע לביצוען הוא מצבו הרפואי הקריסה הכלכלית של הנאשם, יש לתת משקל לכך שהעבירות לא בוצעו תוך תחכום או תכנון מקודם.",train
מהו השיקול שהנחה את בית המשפט בגזירת קנס לנאשם בעבירה של הסעת תושב זר השוהה שלא כדין?,משכך מקובלת עליי טענת המאשימה לפיה יש לגזור קנס ממשי לצד יתר רכיבי הענישה על מנת להבהיר כי המבצע עבירה מסוג זה לא יצא אף נשכר בפן הכלכלי.,train
מהו השיקול המרכזי שיש לקחת בחשבון בעת גזירת העונש לנאשם?,"בשיקול העונש יש לקחת בחשבון את דרך השיקום בה צועד הנאשם, הודייתו, הפחתת הסיכון במצבו ונסיבות ביצוע העבירות והימנעותו מביצוע עבירות נוספות מאז.",train
מהו ההבדל בין הסרת מחדלים חלקית לבין הסרת מחדלים במלואם בהקשר של הענישה?,"משכך, ניתן לקבוע כי קיימת הסרת מחדלים חלקית בלבד במקרה דנן, לצידה התחשבות לקולא אך וודאי שהתחשבות זו איננה בסדר גודל דומה להתחשבות הניתנת מקרה בו הוסרו המחדלים במלואם.",train
כיצד משפיעים מאמצי הנאשם על גזירת העונש שלו?,מאמציו של הנאשם והתשלום שביצע יבואו גם הם בחשבון לקולא בעת מיקום עונשו של הנאשם בגדרי מתחם הענישה.,train
מה משפיע על מדיניות הענישה בעבירות מס כמו אלו שבמקרה זה?,"לעניין מדיניות הענישה, זו מושפעת בין היתר מהשיטתיות שבמעשים והיקפם וכן מהנזק שנגרם לאוצר המדינה כתוצאה מהעבירות אשר ביצעו הנאשמים כמו גם מהסרת המחדל מושא כתב האישום.",train
אילו גורמים משפיעים על גובה הקנסות בעבירות מס?,"גובה הקנסות מושפע מסכום המחדל מושא כתב האישום, מנסיבות ביצוע העבירות ומידת הפגיעה בערכים המוגנים ובעת קביעת המתחם יש להידרש גם לשאלת יכולתה הכלכלית של הנאשמת.",train
מהי החשיבות של מסירת נתוני אמת לפקיד השומה?,"אין להקל ראש בחשיבות מסירת נתוני אמת מלאים ונכונים לפקיד השומה, המהווה בסיס לכל גביית מס, ובשיבוש הפעולה התקינה של מנגנון המס מביצוע עבירות מהסוג הנדון.",train
מהו הקושי הטבעי שבביצוע עבודת המשטרה וכיצד הוא משפיע על החברה הדמוקרטית?,"יש לתת את הדעת לקושי הטבעי שבביצוע עבודת המשטרה, לאור נקודות חיכוך ברורות עם האוכלוסייה, ולחשיבות תפקוד תקין של המשטרה לקיומה של חברה דמוקרטית.",train
מהי הנסיבה הממתנת לקולא שנוגעת לביצוע העבירות בשנת 2011?,"המדובר בביצוע מרבית מרביתן של העבירות במהלך שנת 2011, על פני פרק זמן שאינו ממושך יחסית, ובכך נסיבה ממתנת לקולא.",train
מהי הסיבה לאימוץ הסדר הטיעון והעונש המוסכם במקרה זה?,מצאתי לאמץ את הסדר הטיעון בין הצדדים ואימצתי את העונש המוסכם תוך התחשבות בנסיבות המיוחדות של הנאשם.,train
מהי משמעות הסרת המחדלים בעבירות מס לעניין הענישה?,"להסרת המחדלים בסוג זה של עבירות, משמעות רבה לעניין הענישה שכן היא מלמדת על נטילת אחריות אמיתית ואף מביאה לתיקונו של הנזק שנגרם מביצוע העבירה ולו בפן הכלכלי.",train
מהי המסקנה הנובעת מהמעשים המתוארים של הנאשם בנוגע לחומרת העבירות?,"כלל האמור מוביל למסקנה לפיה במעשיו המתוארים של הנאשם חומרה משמעותית, ויש בהם כדי להביא לפגיעה קשה בערכים המוגנים.",train
מהו המשקל שיש לתת לטענה שלא הוצג כעובדה מוסכמת?,"גם  אם יינתן משקל מסוים לאמור, שלא הוצג כעובדה מוסכמת, אין בכך כדי להביא לשינוי ממשי במידת הפגיעה בערכים המוגנים ממעשי העבירה או להקלה מפליגה בענישה בנסיבות.",train
מהי המשמעות של כך שאיש מלקוחות הנאשם לא הועמד לדין פלילי?,"בעת קביעת עונשו של הנאשם שקלתי גם את העובדה שאיש מלקוחות הנאשם המפורטים בכתב האישום לא הועמד לדין פלילי, ואת המשמעות שיש ליחס לכך.",train
"מדוע יש חשיבות לענישה מרתיעה במקרה של חסין, בהתחשב בעברו הפלילי ובביצוע עבירות חמורות נוספות?","עברו הפלילי של חסין במגוון עבירות, גם אם אינן עבירות זהות לעבירות בהן הורשע בענייננו, לצד העובדה שהמאסר שריצה לא הרתיע אותו מלהמשיך ולעבור על החוק תוך ביצוע עבירות חמורות, מלמד על חשיבותה של ענישה מרתיעה בעניינו, וחשיבות ענישה מחמירה ידועה כאמור גם לצורך הרתעת הרבים.",train
באילו דרכים מתן השוחד פוגע בכללי המשחק הדמוקרטיים ובערך השוויון?,מתן השוחד בנסיבות אלה פוגע בכללי המשחק הדמוקרטים ובערך השוויון.,train
מהי השפעת התנהלות הרשויות על בקשת הנאשם להימנע מהרשעתו?,"התנהלות הרשויות בעיכוב תשלום עבור השירותים שנתן הנאשם היא נסיבה רלבנטית לקבלת בקשת הנאשם להימנע מהרשעתו, תוך שביקורת כלפי התנהלות המדינה.",train
מהו המתחם הנוהג בעבירות איומים לפי הפסיקה?,"באשר לענישה הנוהגת בעבירת האיומים, הפסיקה בעבירות מסוג זה קבעה מתחם רחב, בהתחשב בכל מקרה ונסיבותיו.",train
מהו הנימוק לכך שנסיבותיו של הנאשם אינן מצדיקות הארכת התנאי במקרה זה?,"אציין כי אף אינני סבורה שנסיבותיו של הנאשם הן כאלה המצדיקות את הארכת התנאי גם לו ניתן היה לגזור על הנאשם עונש שאינו כולל מאסר, מבלי להתעלם מאורכם הממושך של המאסרים המותנים התלויים ועומדים ומשניתן לחפוף ביניהם כפי שיפורט להלן.",train
מהו השיקול המומלץ לשקול בעת גזירת העונש במקרה זה?,"בנסיבות המתוארות, מבלי להתעלם מחומרת המעשים והעבירות אותן ביצע הנאשם, נכון לשקול שיקולי שיקום בעת גזירת עונשו ואף לסטות לקולא ממתחם העונש ההולם במידה מסוימת מכוח סעיף 40 ד(א) לחוק העונשין.",train
באילו מקרים נדירים עשויים להיגזר עונשים קלים בעבירות מס?,"במקרים מיוחדים או כשדובר בהיקפי עבירה קטנים במיוחד או במסגרת הסדר טיעון, נגזרים לעיתים נדירות אף עונשים קלים מאלה.",train
כיצד השפיעה הודיית הנאשמת על תהליך השיפוט?,"שקלתי לזכות הנאשמת את הודייתה וחיסכון הזמן השיפוטי על ידה (מבלי להתעלם מכך שניתנו לה מספר לא מועט של דחיות מאז הגשת כתב האישום, והתקיימו לא מעט דיונים על מנת לאפשר לה להסיר את מחדלי כתב האישום).",train
מהו הכלל לגבי כיבוד הסדר טיעון וההתערבות בו על ידי בית המשפט?,"הכלל הוא כי בית המשפט יטה לכבד הסדר טיעון ויתערב בו רק מטעמים המצדיקים זאת לאחר בחינתו במבחן האיזון אשר נקבע בע\פ 1958/98 פלוני נ' מדינת ישראל (25.12.2002) ובשים לב לכך שהשיקולים הנשקלים בעת עריכת הסדר טיעון אינם זהים בהכרח לאלה הנשקלים במסגרת תיקון 113 לחוק העונשין, ובכללם ציפיית הנאשם כי הסדר הטיעון יאומץ.""",train
מהי הגישה הרווחת לגבי סבירות הסדר טיעון כאשר הצדדים הסכימו על טווח ענישה?,"על פי הגישה הרווחת, גם מקום בו הסכימו הצדדים בהסדר טיעון על טווח ענישה, ובכלל זאת מקרה בו הסכימה המאשימה להגביל עצמה לעונש מסוים בעוד שההגנה חופשיה בטיעוניה, יש לבחון את סבירותו של ההסדר במבחן האיזון בהתאם לאמות מידה מקובלות המעוגנות בתיקון 113 לחוק העונשין (עניין מצגר, פסקה 12).",train
מדוע לא נמצא במצבו הרפואי של הנאשם עילה לחריגה ממתחם העונש?,"כפי שקבעתי לעיל, אין במצבו הרפואי הנטען או באישורים הרפואיים אשר הוגשו כדי להצדיק חריגה ממתחם העונש ההולם.",train
מדוע יש להקפיד על בהירות התנאים במאסר על תנאי?,"הגם שאין מניעה לעשות שימוש בנוסח רחב של התנאי, יש להקפיד על בהירותו, ו\מטרת ההרתעה של התנאי ועיקרון החוקיות מצדיקים וודאות ביחס לטיב העונש שנגזר מלכתחילה ולא בדיעבד\"".""",train
מהי ההבחנה המרכזית בין נסיבות ביצוע העבירות במקרה זה לבין המקרים שציינה המאשימה?,"נסיבות ביצוען של העבירות בפסיקה אליה הפנתה המאשימה שונות באופן ממשי מהנסיבות שבעניינו ומצביעות על דרגת חומרה רבה יותר, ובכללה אף התחמקות ממס של הנאשמים עצמם, לצד הוצאת החשבוניות הכוזבות על ידם כשאין חולק שזה אינו המקרה בעניינו.",train
"מהי הענישה המקובלת בעבירות מסוג זה, לפי ההנחיות המשפטיות?",הדרך המלך בסוג זה של עבירות היא לעונש  מאסר מאחורי סורג ובריח.,train
מהו הערך המוגן שנפגע מביצוע העבירות של נהיגה פוחזת והחזקת אגרופן על ידי הנאשם?,"הערכים המוגנים אשר נפגעו מביצוע העבירות של נהיגה פוחזת והחזקת אגרופן על ידי הנאשם הם שמירה על גופו של אדם ובטחונו, שמירה על ביטחון ציבור המשתמשים בדרך וכן שמירה על אכיפת החוק והסדר.",train
כיצד ייבחן עניינו של הנאשם לפי תיקון 113 לחוק העונשין?,"נוכח המפורט לעיל, יבחן עניינו של הנאשם לפי תיקון 113 לחוק העונשין, ולפיו אף יקבע העונש אשר ייגזר עליו, בשים לב לטווח הענישה המוסכם, ולאחר בחינת סבירותו.",train
מדוע ביצוע עבירות מסוג זה אינו מתגלה מיד עם ביצוען?,"יש לזכור כי ביצוע סוג עבירות זה בדרך כלל אינו מתגלה מיד עם ביצוען, בשל מוטיב ההסתרה שבהן, ועניין זה הוא דווקא לפתחו של הנאשם.",train
מהי החשיבות של הענישה הכספית בעבירות מסוג זה לצורך הרתעה?,"לעניין מתחם הקנס, בעבירות מסוג זה הקנס הוא ממין העבירה ומשכך קיימת חשיבות לענישה כספית משמעותית אשר תלמד כי אין אף תועלת כלכלית לצד עבירות אלה, לשם הרתעת הנאשמים ואף הרתעת הרבים שחשיבותה נודעת בעבירות מסוג זה.",train
מהו הערך החברתי הנוסף שנפגע כתוצאה מהתייחסות סלחנית לאי קיום הוראות החוק?,ערך חברתי נוסף שנפגע הוא  שוויון נטל המס כשהתייחסות סלחנית לאי קיום הוראות החוק יביא אף להיעדר המוטיבציה של כלל ציבור משלמי המסים לדווח ולשלם מסיהם כנדרש על פי חוק.,train
מהי החשיבות להטלת קנס בעבירות בהן הקנס הוא ממין העבירה?,"לעניין מתחם הקנס, המדובר בעבירות בהן הקנס הוא ממין העבירה, ועל כן קיימת חשיבות להטלתו.",train
מהו השיקול המרכזי שעל בית המשפט לשקול בעבירות מס מסוג זה?,"בית המשפט העליון חזר ושנה כי בסוג זה של עבירות יש ליתן בכורה לשיקולי הרתעה ואינטרס הציבורי ולהעדיפם על פני נסיבותיהם האישיות של נאשמים, וכי בדרך כלל עונשו של מי שמבצע עבירות מהסוג דנן הוא למאסר בפועל של ממש מאחורי סורג ובריח.",train
מהו הקשר בין הסרת המחדלים לבין הענישה בעבירות מסוג זה?,"ערע אני למצבו הכלכלי של הנאשם ואף לטיעוני ההגנה בדבר חוסר היכולת להסיר המחדלים, יחד עם זאת, כידוע, להסרת המחדלים בסוג זה של עבירות משמעות רבה לעניין הענישה.",train
מהי מידת הפגיעה בערכים המוגנים ממעשי הנאשמים על פי הודאתם?,"לנוכח העובדות שהודה הנאשם, מידת הפגיעה בערכים המוגנים ממעשי הנאשמים ממשית.",train
מהי המשמעות של שיתוף פעולה עם החקירה מבחינת הענישה?,הנאשם הודה ושיתף פעולה עם החקירה ואלה ייזקפו לזכותו.,train
כיצד משפיע סכום המחדל על מיקום הנאשם במתחם העונש ההולם?,"לאור סכום המחדל שלא הוסר לצד נסיבותיו של הנאשם אשר הובאו לעיל, אני מוצאת כי יש למקם את הנאשם סמוך לאמצעו של מתחם העונש ההולם.",train
מהו הקשר בין העבירות שביצע הנאשם לבין קביעת מתחם ענישה אחד לשתיהן?,"לאור ביצוע העבירות ברצף על ידי הנאשם (תקיפה ופגיעה במזיד לרכב), והקשר שבנסיבות ביצוען, יקבע מתחם ענישה אחד לשתי העבירות כאירוע, וכך אף טענו הצדדים בטיעוניהם.",train
כיצד משפיעות נסיבות ביצוע העבירות במקרים דומים על חומרת העונש?,נסיבות ביצוע העבירות במקרים דומים לפעמים שונות מאוד ומשפיעות משמעותית על חומרת העונש שיש להטיל.,train
כיצד מתבטאת הגמישות של בית המשפט בקביעת העונש בעבירות מס?,אין המדובר בעניין אריתמטי ולבית המשפט נתון בהקשר זה מרחב מסוים של גמישות.,train
מהי ההבחנה הנדרשת בין גזרי הדין שניתנו למקבלי החשבוניות הפיקטיביות לבין הנאשם?,"עיינתי בארבעת כתבי האישום אשר הוגשו לטענת המאשימה כנגד מקבליהן של חלק מהחשבוניות הפיקטיביות שבהוצאתן הורשע הנאשם ובגזרי דין שניתנו בעניינם של שניים מתוכם (חלק מעת/1), תוך שנתתי דעתי להבחנה הנדרשת בין גזרי הדין אלה לענייננו, בשים לב לפער המשמעותי בהיקפי העבירות.",train
מהו מתחם הענישה שנקבע במקרה זה בהתחשב בנסיבות השונות?,"בבראי כלל המפורט לעיל, ובכלל זאת הערכים המוגנים שנפגעו ממעשי הנאשמת ומידת הפגיעה בהם, נסיבות ביצוע העבירות, והעובדה שהנאשמת ביצעה עבירת תקיפה ועבירת איומים גם יחד, מצאתי להעמיד את מתחם הענישה בין שלושה חודשי מאסר אשר יכול וירוצו בעבודות שירות ועד 10 חודשי מאסר, לצד ענישה נלווית.",train
מהי ההחלטה לגבי פסילת רישיון הנהיגה של הנאשם בנסיבות המקרה?,"מבלי להתעלם מרישום התעבורתי, לא מצאתי בנסיבות להורות על פסילת רישיון הנהיגה של הנאשם, אך תיקבע פסילה מרתיעה על תנאי.",train
מהי הענישה הנוהגת בעבירות מסוג זה והדגשים המיוחסים לה?,"מבחינת הענישה הנוהגת עולה כי בדרך כלל, בסוג זה של עבירות ובהיקפים ממשיים, נגזר דינם של נאשמים למאסר מאחורי סורג ובריח, תוך שבתי המשפט מדגישים את חומרת העבירות, חשיבות ההרתעה ובכללה הרתעת הרבים, ובכורתו של האינטרס הציבורי על פני נסיבות אישיות.",train
מהי החשיבות של זהות הנושים בעת שקילת השפעת הקנס על תאגיד?,"בנוסף, בעת שקילת השפעת הקנס על נושי תאגיד, יש לתת את הדעת גם לזהות הנושים העלולים להיפגע ולבחון האם היו שותפים לביצוע העבירות ועד כמה ראוי להגן עליהם (הע\ז 2230/09 מדינת ישראל נ' א.ר.מ.ס החזקות בע\""מ [פורסם בנבו] (29.10.2012)).""",train
מהי החומרה הנוספת בביצוע עבירות על ידי יועצי מס?,"קיימת חומרה יתרה בביצוע עבירות מהסוג הנדון על ידי יועצי מס (כמו גם רואי חשבון), ועל החומרה לבוא בחשבון בעת קביעת מתחם הענישה.",train
מהי החשיבות המשפטית של אחידות הענישה כפי שנקבע בפסיקה?,"לצד זאת, יש לזכור את חשיבות אחידות הענישה (ר' ע\פ 6544/16 ניסנצויג נ' מדינת ישראל (21.2.2017).""",train
אילו ערכים בסיסיים מוגנים על ידי עבירות המס וכיצד הן פוגעות בהם?,"עבירות המס באות להגן על ערכים בסיסיים וחשובים למרקם החברתי במדינה, ומביצוען נפגע ערך השוויון ואמון הציבור ברשויות החוק.",train
"מהן הנסיבות המיוחדות שהצדיקו גזרי דין של מאסר על תנאי בלבד בעבירות מס, בהשוואה למקרה הנוכחי?","ועיין בגזרי הדין שפורטו לעיל המפרטים את המקרים בהם נגזר עונש מאסר על תנאי בלבד ללא הסרת מחדלים מלאה או כזה לצד של\צ מלמד כי בחלקם דובר בנסיבות מיוחדות אשר הצדיקו זאת, בסכומים נמוכים יותר, ומספר דוחות מועט יותר מאלה בענייננו, ו/או בהסרת מחדל חלקית משמעותית יחסית.""",train
כיצד משפיעים גיל הנאשם ומידותיו הטובות על קביעת העונש?,"שקלתי את גילו, בן 70, ואת מידותיו הטובות עליהן העידה הגב' ליאת שוחט, ותרומתו הרבה לחברה ולקהילה.",train
כיצד משפיעה טענת ההגנה על מידת הפגיעה בערכים המוגנים ממעשי הנאשם?,"בעת בחינת הנסיבות נתתי דעתי לטענת ההגנה לפיה הוצאת חשבוניות העסקה הייתה גלויה ולגיטימית עד שלהי שנת 2010, וכי בכך יש כדי למתן את מידת הפגיעה בערכים המוגנים ממעשי הנאשם, אך דעתי איננה כדעתה.",train
מהי המדיניות הרגילה בענישה בעבירות שנעברו בשיטתיות ובסכומי מס גבוהים?,"באשר לענישה קונקרטית, ניתן ללמוד כי באופן רגיל מדיניות הענישה היא מוחשית וכוללת עונשי מאסר משמעותיים לריצוי מאחורי סורג ובריח, בעיקר מקום בו לא הוסרו המחדלים או מקרים בהם דובר בעבירות אשר נעברו בשיטתיות ו/או בסכומי מס גבוהים.",train
כיצד תיבחן סבירות ההסדר כאשר הצדדים מסכימים על טווח ענישה?,"על פי הגישה הרווחת, גם מקום בו הסכימו הצדדים בהסדר טיעון על טווח ענישה, ובכלל זאת מקרה בו הסכימה המאשימה להגביל עצמה לעונש מסוים בעוד שההגנה חופשית בטיעוניה, תיבחן סבירותו של ההסדר במבחן האיזון בהתאם לאמות מידה מקובלות המעוגנות בתיקון 113 לחוק העונשין.",train
מדוע יש משמעות רבה להסרת המחדלים בסוג זה של עבירות לעניין הענישה?,"באשר להסרת המחדלים: כידוע, להסרת המחדלים בסוג זה של עבירות משמעות רבה לעניין הענישה.",train
כיצד מתעצמת מידת הפגיעה בערכים המוגנים בעבירות של שימוש בחשבוניות כוזבות?,מידת הפגיעה בערכים המוגנים מתעצמת מקום בו המדובר בעבירה של הפצה או שימוש בחשבוניות כוזבות.,train
"מהי מידת הפגיעה בערכים המוגנים במקרה זה, למרות חוסר הנזק הפיזי?","בנסיבות הכוללות, וגם אם לא נגרם נזק פיזי בדמות חבלות של ממש ממעשי הנאשם, מידת הפגיעה בערכים המוגנים בנסיבות מקרה זה איננה זניחה ומצויה ברף בינוני.",train
מהו ההיבט שיכול למתן את חומרת הנסיבות במקרה זה?,במפורט יש כדי למתן במידת מה את חומרת הנסיבות.,train
מהו המשקל שניתן לעובדה שהנאשם היה מעורב באופן אקטיבי במכירת הסם?,"לצד החומרה האינהרנטית בעבירות הקשורות להפצת סם כאמור, כשהנאשם התנהל באופן אקטיבי מול השוטרים ואף נכח בעת מכירת הסם,  נתתי דעתי גם לכך שהמדובר בתיווך סם מסוג חשיש, ולמשקל הנמוך יחסית של כ-2.5 גרם תמורת סכום של 200 ₪.",train
מהו העיקרון המנחה לקביעת מתחם העונש ההולם בעבירות פליליות?,"כידוע, מתחם העונש ההולם נקבע בהתאם לעקרון המנחה בענישה, היינו קיומו של יחס הולם בין חומרת מעשה העבירה בנסיבותיו ומידת אשמו של הנאשם, לבין סוג ומידת העונש המוטל עליו, תוך התחשבות בערך החברתי אשר נפגע, במידת הפגיעה בו, בנסיבות הקשורות בביצוע העבירה ובמדיניות הענישה הנהוגה.",train
מהו הכלל לגבי כיבוד הסדרי טיעון על ידי בית המשפט?,"כך הובהר כי הכלל הוא שבית המשפט יטה לכבד הסדר טיעון בין הצדדים ויתערב בו רק בהתקיים טעמים המצדיקים זאת לאחר בחינתו במסגרת גישת האיזון הראוי אשר אומצה בע\פ 1958/98 פלוני נ' מדינת ישראל (25.12.2002).""",train
מהי החשיבות בהטלת קנס בעבירות מסוג זה?,"באשר לקנס, כידוע, בסוג זה של עבירות, הקנס הוא ממין העבירה ומכאן החשיבות שבהטלתו.",train
מהי ההבהרה שניתנה לגבי יישום סעיף 40ד(א) לחוק העונשין?,"הבהירה כב' השופטת ברק ארז כי את סעיף 40ד(א) לחוק העונשין יש ליישם בזהירות, אך לתת לו משמעות מעשית.",train
מדוע לא ניתן משקל משמעותי לטענות ההגנה בדבר תום הלב של הנאשם?,שקלתי אף את טענות ההגנה בדבר תום הלב של הנאשם אך אינני מוצאת ליתן לכך משקל משמעותי.,train
כיצד יש להשוות את חלקו של איינהורן לחלקו של הנאשם בביצוע העבירות?,"מבחינת עניינו של איינהורן עולה פער ממשי בין חלקו בביצוע העבירות לבין חלקו של הנאשם, והשוואה בין השניים צריכה להיעשות בהתאם לחלקם במעשים על פי הודייתם.",train
מהו השיקול הנוסף שצריך להתחשב בו מעבר לסוג העבירה בה הורשע הנאשם?,סוג או סעיף העבירה בה הורשע נאשם אינו השיקול היחיד הרלבנטי או אף הדומיננטי ביותר.,train
מהו מתחם הקנס שנקבע לאור השפעת מגפת הקורונה על המשק?,"בנסיבות אלה, בשים לב גם להתפרצות מגפת הקורונה המקשה באופן כלכלי על כלל המשק, מתחם הקנס יקבע בין 25,000 ₪ ו- 60,000 ₪.",train
מהי המשמעות של הסרת המחדלים בעבירות מסוג זה לעניין הענישה?,"כידוע, להסרת המחדלים בסוג זה של עבירות משמעות רבה לעניין הענישה, והיא מלמדת על נטילת אחריות אמיתית ומביאה לתיקונו של הנזק שנגרם מביצוע העבירה ולו בפן הכלכלי.",train
מהי המדיניות המשפטית הנוגעת לבחינת העונש המוסכם בהסדרי טיעון?,"זאת לאור המדיניות המשפטית אשר הייתה נהוגה אף טרם כניסתו של תיקון 113 לחוק העונשין לתוקף, לפיה על בית המשפט לבחון את העונש המוסכם על פי הסדר הטיעון בהתאם לאמות המידה המקובלות.",train
"כיצד משפיעה כמות העבירות על מדיניות הענישה בעבירות אי הגשת דוח למע\מ?""","באשר למדיניות הענישה הנוהגת בקשר לעבירה של אי הגשת דוח במועד למע\מ, גם כאן מושפעת מדיניות הענישה מכמות העבירות אשר בוצעו, השיטתיות ביצוען והנזק שנגרם לאוצר המדינה.""",train
כיצד יש לאזן בין הפגיעה בעיקרון ההלימה לנסיבות הייחודיות של הנאשם?,חשיבות אחידות הענישה מחייבת איזון בין הפגיעה בעיקרון ההלימה לבין הנסיבות הייחודיות של הנאשם במצבו הבריאותי המורכב.,train
מהו היסוד המשפטי המונע את בית המשפט מלהפעיל מאסר מותנה מטעמי צדק במקרה זה?,אף לא הונחה בפני כל אסמכתא לסמכות לחרוג מהוראות חוק העונשין ולקבוע כי אין מקום להורות על הפעלת מאסר מותנה מטעמי צדק כאלה ואחרים כשתנאי הסף להארכת התנאי אינם מתקיימים.,train
כיצד משפיע מצבו הבריאותי והנפשי של הנאשם על הבנת נסיבות ביצוע העבירות?,"המפורט לעיל מלמד על מורכבות מצבו של הנאשם שאף השתחרר מבית החולים ממש סמוך לביצוען של העבירות, וסבל ממחלת חום במועד ביצוען, וכן על מצבו הנפשי המורכב והדיכאוני באותה העת.",train
מהי הזהירות הנדרשת בקביעת המתחם בהקשר להסדר טווח?,"בקביעת המתחם נדרשת זהירות, אין המדובר בקביעת מתחם ענישה במובן הפורמלי של תיקון 113 לחוק העונשין, וקביעת המתחם בנסיבות אלה נועדה לשם \קבלת מידע והקשר לעונש שראוי לקבוע בהסדר טווח\"".""",train
מהי החומרה הנוספת במעשי הנאשמים בהקשר לחשבוניות הכוזבות?,"כפי שציינתי בעניין בצלאל ועניין ענבי, להשקפתי, הנהנים העיקריים והישירים מהחשבוניות הכוזבות, על אחת כמה וכמה אלה שאין מאחוריהן אף כל רכישת יהלומים אמיתית, הם מקבליהן, כדוגמת הנאשמים, וקיימת חומרה יתרה ומשמעותית במעשיהם.",train
כיצד משפיעה פסיקת בית המשפט בעניין פלוני על גזר הדין של נאשם 1 בהקשר להסדר הטיעון?,"בנסיבות אלה, ובהינתן פסיקת בית המשפט בעניין פלוני המצוטטת בסעיף 89 לעיל, חרף הטענות, עונשו של נאשם 1 ייגזר כפי עונשם של הנאשמים האחרים, בכפוף למסגרת הסדר הטיעון ולשיקולי הבניית הענישה שבתיקון 113 לחוק כאמור.",train
מהו המצב שבו ניתן להטיל עונש לריצוי בעבודות שירות גם בעבירות מסוג זה?,"יחד עם זאת, ברור כי במקרים מתאימים נגזר עונש לריצוי בעבודות שירות גם בסוג זה של עבירות (וראו את הפסיקה אליה הפניתי לעיל).",train
מהי החשיבות שבהטלת קנס בסוג זה של עבירות?,"באשר לקנס, כידוע, בסוג זה של עבירות, הקנס הוא ממין העבירה ומכאן החשיבות שבהטלתו.",train
כיצד משפיע מצבו המשפחתי של הנאשם 2 על מאמציו לשינוי חייו?,"גם לא ניתן להתעלם מכך שלמרות מצבו המשפחתי המורכב והמסגרת בה גדל, ובכלל זאת מצבה של אמו (נ/2), שניכרת מדבריו אהבתו הרבה כלפיה, וחרף אי שיתוף הפעולה שלו עם הטיפול שהוצע לו, מנסה הנאשם 2 לערוך שינוי בחייו ומתאמץ לדאוג לפרנסה ותעסוקה יציבה, כפי שפורט בתסקירים.",train
אילו גורמים משפיעים על גובה הקנס בעבירות המוזכרות?,"גם הקנס מושפע מהסכומים מושא כתב האישום, מהשיטתיות שבביצוע העבירות וממשך ביצוען, כמו גם מהסרת המחדל.",train
מהן המטרות העיקריות של הענישה בעבירות החזקת סמים?,"ענישת בעבירות מסוג זה נועדה, קודם לכל, לשרת את מטרת הגמול לעבריין על עיסוק בסם העלול לסכן חיי אדם ולפגוע בבריאות המשתמשים בו; שנית, על העונש להעביר מסר חד-משמעי של הרתעה ביחס לעבריינים פוטנציאליים, ולשמש אות אזהרה אפקטיבי לכל מי שמתכוון לקחת חלק במערכת ההעברות והסחר בסמים, תהא אשר תהא הפונקציה אותה הוא ממלא בשרשרת זו של העברת הסם מיד ליד.",train
"מהו תפקיד רכיב ההסדר בהגשמת חזון אמנת האו\ם ואמנת ה-OECD?""","רכיב זה בהסדר מגשים, הלכה למעשה את חזון אמנת האו\ם נגד שחיתות ואמנת ה OECD, ומאפשר הוצאתו מהכוח אל הפועל.""",train
מהי התכלית הפונקציונלית של סיווג האירועים בעבירות מס?,"בקשר לקביעת מספר אירועים ראו דברי כב' השופטת ברק ארז  בע\פ 6888/17 שירזי נ' מדינת ישראל [פורסם בנבו] (10.12.2018) לפיהם הסיווג לאירועים נועד לתכלית פונקציונלית ככלי עזר, וממילא במישור המהותי מוטל על בית המשפט הקובע מתחם ענישה לשקול את מספר המעשים וחומרתם גם כאשר הם סווגו כאירוע עברייני אחד.""",train
מהי הסיבה לסטיית בית המשפט המחוזי ממתחם הענישה שנקבע?,סטה בית המשפט המחוזי ממתחם העונש ההולם שתחתיתו נקבעה על 24 חודשי מאסר בפועל נוכח הסיכון לנאשם במצבו הרפואי המורכב וכלל נסיבותיו.,train
כיצד משפיעה הכוונה לבצע מרמה נוספת על החמרת הענישה?,"קבלו הנאשמים לידיהם סך של קרוב למיליון ₪ ואף ביקשו כאמור לבצע מרמה נוספת גם היא בסכום ממשי, וכשלא התקבלה עמדתם, פעלו להגשת ערר, מה שמוסיף חומרה ממשית למעשיהם.",train
מהו השיקול המרכזי שהוביל להעדפת האינטרס הציבורי על פני נסיבות אישיות בענישה?,"לבסוף נתתי דעתי לשיקולי הרתעה ולכך שעל פי פסיקת בית המשפט העליון, בסוג זה של עבירות מקבל האינטרס הציבורי בכורה על פני נסיבות אישיות.",train
כיצד משפיעה עבירת השוחד על הכלכלה הלאומית והבינלאומית ועל תחרות חופשית בשוק העסקים?,עבירת השוחד פוגעת בכלכלה הלאומית והבינלאומית וכן בתחרות החופשית בשוק העסקים שתפקודו התקין תלוי בעצמאותו ובהיותו מונע משיקולים רציונליים וכלכליים ולא משיקולים זרים של בעלי אינטרסים.,train
מהי ההוכחה לכך שהנאשם לא הפנים את חומרת המעשים המיוחסים לו?,התנהלות זו של הנאשם מעידה על העדר הפנמה אצל הנאשם של חומרת המעשים המיוחסים לו ואף על זלזול בהליך המשפטי שהתנהל כנגדו.,train
מהו העיקרון המשפטי הנוגע להשפעת אי הכשירות לביצוע עבודות שירות על גזר הדין?,"מובן כי אין בדברים כדי ללמד שבכל מקרה ומקרה בו נאשם נמצא בלתי כשיר לביצוע עבודות שירות מסיבות רפואיות יביא הדבר לתוצאה אוטומטית של מיתון גזר הדין בעניינו והשתת עונש קל יותר, בדמות מאסר על תנאי.",train
אילו שאלות יש לשאול לגבי יכולתו של הנאשם להבין את מעשהו?,"כך כידוע, בעת קביעת מתחם הענישה, על פי הוראת סעיף 40ט(א)(6) ו(7) לחוק העונשין וכחלק מהנסיבות שיש לשקול,  יש לבחון האם נפגעה יכולתו של הנאשם להבין או להימנע מביצוע העבירה, וכן האם נפגעה שליטתו על מעשהו במידת מה.",train
מהן הנסיבות שיש לקחת בחשבון בעת קביעת עונשו של הנאשם?,"בעת קביעת עונשו של הנאשם יש לתת את הדעת לגילו הצעיר כיום, 26, לנטילת האחריות על ידו ולצירוף התיקים שביצע, אשר הביא לחיסכון זמן שיפוטי ניכר, ויש בו כדי להעיד על חרטתו.",train
מהו התנאי הנדרש להטלת עונש מאסר לריצוי בעבודות שירות על נאשמים?,רק בנסיבות מתאימות ומיוחדות נגזר עונשם של נאשמים למאסר לריצוי בעבודת שירות.,train
מהו השיקול שהוביל למיקום הנאשמת בתחתית מתחם הענישה?,"אשר לקביעת עונשה של הנאשמת בגדרי מתחם הענישה, אין ספק בעיני כי נכון למקמה בתחתיתו, בשים לב למאפייניה, לחלוף הזמן, לתסקירים החיוביים שהתקבלו בעניינה, לדרך הטובה אותה עשתה עד עתה בהשתלבותה בתוכנית המנטורינג והתמדתה בה.",train
מה ההבדל בין הנאשם לבין מי שמודה ומביע חרטה במהלך המשפט?,"אמנם אין לזקוף לחובת הנאשם את ניהול המשפט, אך מנגד, אין הוא זכאי לאותה הקלה הניתנת למי שמודה, מביע חרטה כנה וחוסך זמן שיפוטי.",train
כיצד משפיע אי דיווח במועד על גביית המס ועל רשות המסים?,"אי דיווח במועד על פי הוראות החוק, פוגע בשיטת גביית המס וגורם לחסר של ממש בקופת המדינה ואף פוגע פיקוח רשות המסים.",train
מהי ייחודיות המקרה בהקשר לשיקולי הרתעה בענף היהלומים?,"בנוסף ובקשר לשיקולי הרתעה יש לזכור את ייחודיות המקרה דנן, כחלק מהפרשה הרחבה אשר נחקרה, אשר הביאה לשינוי בהתנהלות היהלומנים והכללים בעניינם.",train
מהי החשיבות של שקילת הפסיקה והאחידות בענישה לפני קביעת מתחם העונש?,"טרם קביעת מתחם העונש במקרה זה, לאחר סקירת הפסיקה לעיל, ומבלי למעט בחשיבות שקילתה וחשיבות אחידות הענישה (ע\פ 6544/16 ניסנצויג נ' מדינת ישראל (21.2.2017)), יש לזכור כי מתחם העונש ההולם מגלם הכרעה ערכית המבוססת על שיקולים שונים שמדיניות הענישה היא רק אחד מהם.""",train
מהו הקשר בין מתחם הענישה להסדר טיעון במקרה זה?,"אמנם עונש זה נמצא מתחת למתחם הענישה שהיה נקבע באופן רגיל, אך ראו בהקשר זה עניין אסולין ביחס למשמעות של מתחם ענישה כששיקולים נוספים לשיקולי תיקון 113 עומדים בבסיס הסדר טיעון.",train
מהו ההישג בהרתעה בענף היהלומים בעקבות החקירה וההעמדה לדין?,"המפורט מלמד כי נראה שהרתעה מסוימת, ולו בענף היהלומים, הושגה מעצם החקירה וההעמדה לדין של הנאשמים בפרשה.",train
מהו העיקרון שעליו מתבסס מתחם העונש ההולם במקרה זה?,"מתחם העונש ההולם נקבע בהתאם לעקרון ההלימה, בשים לב לערכים המוגנים אשר נפגעו, לנסיבות ביצוע העבירות ומידת הפגיעה בהם, כמו גם למדיניות הענישה הנוהגת.",train
כיצד משפיע חלוף הזמן על טיפול הפרקליטות בתיק עבירות כלפי הציבור?,"נתתי דעתי גם לחלוף הזמן מאז ביצוע העבירות, מבלי להתעלם מכך שבמקרה זה פעלה הפרקליטות ביעילות בטיפול בתיק כפי שפרטה ב\כ המאשימה, ומכך שבאופן טבעי, פעמים רבות עוברת תקופה ממושכת עד שמתגלה ביצוע עבירות מהסוג דנן (אם בכלל), לאור התחכום והמרמה שבבסיסן וקורבנן השקט – הציבור בכללותו.""",train
מדוע יש חשיבות להשתת ענישה ממשית על הנאשם בנסיבות המתוארות?,"בנסיבות המתוארות מובן כי יש חשיבות להשתת ענישה ממשית על הנאשם, תוך תקווה שיהיה בה כדי להביא להרתעתו מפני ביצוע עבירות נוספות.",train
מהו הקנס המוסכם על הצדדים בהשוואה לקנסות המוטלים במקרים דומים?,"יש טעם בדברי ב\כ הצדדים לפיהם, בדרך כלל מוטלים על נאשמים במקרים דומים קנסות מתונים בהרבה מהקנס המוסכם על הצדדים.""",train
מהו תפקידו של עונש מאסר בעבודות שירות בהרתעת הנאשם?,"הנאשם הורתע כהוגן מקיומו של ההליך, ועונש מאסר בעבודות שירות לתקופה ממושכת בת 9 חודשים תהיה בעלת משמעות מרתיעה.",train
מהו המצב המשפטי בנוגע לחריגה מהמתחמים שנקבעו במקרה זה?,במקרה דנן אין מקום לחריגה לקולא או לחומרה מהמתחמים אשר נקבעו.,train
מהו המשקל שניתן לחלוף הזמן בין תחילת החקירה למועד גזר הדין?,"גם משקל מסוים מתאים לקולא יינתן לכך שחלפו מספר שנים מאז תחילת החקירה ועד למועד הגשת כתב האישום ולמועד הכרעת הדין, אך חלוף הזמן מיום הכרעת הדין למתן גזר הדין יילקח בחשבון לטובתו של הנאשם.",train
מדוע יש להדגיש את חשיבות ההרתעה במקרים מסוג זה?,כן לא ניתן להפריז בחשיבות ההרתעה במקרים מסוג זה.,train
מהי חשיבות הסרת המחדלים בעבירות מסוג זה?,"חשיבות הסרת המחדלים בעבירות מסוג זה ידועה היטב, מבטאת לקיחת אחריות וחרטה כנה ואף יש בה להביא לתיקון הנזק במידת מה ולו לאחר מעשה (ר' רע\פ 7851/13 חדר עודה נ' מדינת ישראל (3.9.2015).""",train
מהו השיקול המרכזי שהנחה את בית המשפט בעניינן של הנאשמות בהקשר לעבירות המיוחסות להן?,"כמו בעניינו של נאשם 2, הזהרתי את עצמי שוב בדבר חשיבותו של האינטרס הציבורי בסוג זה של עבירות ובכורתו על פני נסיבות אישיות.",train
מהו הסיכון המוגבר שקשור לבריאותו של הנאשם בעקבות נגיף הקורונה?,יש לשקלל את הסיכון המוגבר לבריאותו של הנאשם מנגיף הקורונה בשל הספק ביעילות החיסון במצבו והיותו בקבוצת סיכון לתחלואה קשה ככל שיחלה.,train
מהו מתחם הקנס שנקבע בגין העבירות שביצע הנאשם?,"בנסיבות אלה ובראי העבירות אשר בוצעו על ידי הנאשם, השיטתיות והנזק הרב שנגרם מביצוען, מצאתי להעמיד את מתחם הקנס בגין האירוע הראשון בין 20,000– 80,000 ₪ ובגין האירוע השני בין 10,000 ₪ ל- 40,000 ₪ בהקשר זה מצאתי לחפוף במידה רבה בין המתחמים.",train
מהו הכלל לגבי כיבוד הסדרי טיעון על ידי בית המשפט?,"הכלל הוא כי בית המשפט יטה לכבד הסדר טיעון בין הצדדים ויתערב בו רק מטעמים המצדיקים זאת לאחר בחינתו במבחן האיזון אשר נקבע בע\פ 1958/98 פלוני נ' מדינת ישראל (25.12.2002) (להלן: \""עניין פלוני\"").""",train
כיצד השפיע עברו הפלילי של הנאשם על קביעת העונש בעניינו?,"לאור עברו הפלילי המכביד, עונשי המאסר הרבים שריצה במהלך חייו, המאסר המותנה חב ההפעלה התלוי ועומד כנגדו שלא הרתיע אותו מביצוע העבירות והמסוכנות הנשקפת מפניו לרכוש הציבור, ולאור העדרה של חרטה או נטילת אחריות על ידו, כשעל פי התרשמותי הנאשם כלל לא הפנים את חומרת מעשיו - אף בעת הטיעון לעונש.",train
אילו שיקולים נלקחו בחשבון בעת קביעת העונש לנאשם?,"בעת קביעת העונש הקונקרטי לנאשם נתתי דעתי לגילו, 26, לכך שנישא והוא אב לתינוק בן כחודשיים, עצמאי בעל מספרה (בחוות דעת הממונה נכתב שכיום אינו עובד).",train
מהי הסיבה לכך שיש מימד של חומרה בתקיפת המנעולן במקרה זה?,"בנוסף, משלא ניתן לנתק בין תקיפת המנעולן לבין הסגת הגבול, יש מימד של חומרה בתקיפת המנעולן, ובניסיונו של הנאשם להוציאו מדירת המתלוננת, לאחר שפרץ אותה על פי בקשתו.",train
מהי המשמעות המשפטית של הודאת הנאשם בביצוע העבירות בהקשר לטענותיו להקלה בענישה?,"משהנאשם בחר להודות בביצוע העבירות בנסיבותיהן המפורטות בכתב האישום, משמעות הטענות מוגבלת, ואינני סבורה שיש בהן כדי להביא באופן אוטומטי להקלה בענישה.",train
כיצד יש לבחון את העונשים המוסכמים בהסדר טיעון במבחן האיזון?,"בנסיבות אלה, ובראי הפסיקה, בעת בחינה באם לאמץ את העונש המוסכם בהסדר הטיעון, יבחנו העונשים המוסכמים לנאשמות במבחן האיזון, בשים לב לשיקולים הצריכים לעניין, אך מבלי להידרש לקביעת מתחם ענישה (ע\פ 8109/15 אביטן נ' מדינת ישראל [פורסם בנבו] (9.6.2016) פסקה 8, ותפ\""ח (מחוזי ת\""א) 31343-04-19 מדינת ישראל נ' אברג'יל [פורסם בנבו] (5.4.2020)).""",train
מהי הסיבה לכך שאין להטיל ענישה מקלה בשל האפשרות להטיל כופר כסף על העבירה?,שאינני מקבלת את הטענה לפיה יש להטיל ענישה מקלה בשל העובדה שהמדובר בעבירה בגינה ניתן להטיל כופר כסף.,train
כיצד פגעו הנאשמים בערכים המוגנים למרות החזקת רישיון מורחב?,"מכאן עולה כי הנאשמים, אשר לדברי בא כוחם החזיקו פעילות כלכלית רחבה ביותר ואשר אחזו  ב\רישיון מורחב\"" לעסוק במתן אשראי, פגעו במעשיהם בערכים המוגנים פגיעה ממשית, ורמסו ברגל גסה את האמון שניתן בהם תוך שימוש בתכנון ותחכום.""",train
מדוע התייחסות סלחנית לאי קיום הוראות החוק עלולה לפגוע במוטיבציה של משלמי המסים?,התייחסות סלחנית לאי קיום הוראות החוק עלולה להביא להיעדר מוטיבציה של כלל ציבור משלמי המסים לדווח ולשלם מסיהם כנדרש על פי חוק.,train
מהו השיקול המרכזי שהוביל את בית המשפט לגזור עונש מאסר בעבודות שירות לתקופה קצרה מהמתחם?,"יחד עם זאת, בנסיבות חייו של הנאשם, גילו, מצבו המשפחתי והדרך השיקומית המשמעותית שעשה, החלטתי כי נכון יהיה לגזור את עונשו לתקופת מאסר בעבודות שירות תקופה קצרה מזו שבתחתית מתחם הענישה, תוך סטייה לקולא משיקולי שיקום, על מנת שלא להקשות על שיקומו יתר על מידה – תוך איזון של צרכיו השיקומיים והדרך הטובה שעשה עם שיקולי הלימה והרתעה.",train
מהו השיקול שנדון בעניין לופוליאנסקי בנוגע לסטייה מהמתחם?,"נתתי דעתי לטיעוני ב\כ הנאשם באשר לסטייה מהמתחם לאור שיקולי צדק, כפי שנקבע בעניין לופוליאנסקי, אך אין זה המקרה המתאים.""",train
כיצד יש להבחין בין מידת הפגיעה בערכים המוגנים בעבירות לפי סעיף 224א לפקודה?,"מובן שבמקרים מתאימים קיימת הבחנה בין מידת הפגיעה בערכים המוגנים על ידי מי שמורשע בביצוע עבירה לפי סעיף 224א לפקודה, לבין מי שמורשע בביצועה הישיר, ולעניין זה תינתן המשמעות המתאימה בעת קביעת מתחם הענישה, לאחר בחינת נסיבות ביצוע העבירות.",train
מדוע לא ניתן לסטות ממתחם העונש שנקבע במקרה זה?,"במקרה זה, אין מקום לסטות לקולא או לחומרה ממתחם העונש שנקבע.",train
"מהו העיקרון המשפטי המנחה את שב\ס בטיפול בעבריינים עם בעיות רפואיות?""","כידוע, שב\ס ערוך לטפל בסובלים מקושי רפואי ותחלואה, ואין במצב בריאותי קשה כדי להקנות פטור אוטומטי לעבריין מעונש של מאסר בפועל (ע\""פ 4456/14 מדינת ישראל נ' קלנר (29.12.2015) ורע\""פ 4497/20 אביבי נ' מדינת ישראל (5.7.2020)).""",train
מדוע נחשבות עבירות מעין אלה לחמורות מבחינת השפעתן על כלכלת המדינה?,"בתי המשפט עמדו לא פעם על הנזק הרב שמסבות עבירות מעין אלה לכלכלת המדינה וציינו את החומרה הגלומה בהן נוכח שכיחותן, הקלות שבביצוען והקושי שבגילויין .",train
מהי ההמלצה שניתנה לגבי הרשעת הנאשם והעונש המוטל עליו?,"בנסיבות אלה המלצתו היא להותיר את הרשעתו של הנאשם על כנה בהעדר נזק לתעסוקתו, ולהשית עליו צו של\צ למשך 250 שעות לצד מאסר על תנאי.""",train
מהו העיקרון המנחה בענישה שנלקח בחשבון בקביעת מתחם העונש ההולם?,"מתחם העונש ההולם נקבע בהתאם לעקרון המנחה בענישה, היינו קיומו של  יחס הולם בין חומרת מעשה העבירה בנסיבותיה ומידת אשמו של הנאשם, לבין סוג ומידת העונש המוטל עליו, תוך התחשבות בערך החברתי אשר נפגע, במידת הפגיעה בו, בנסיבות הקשורות בביצוע העבירה ובמדיניות הענישה הנהוגה.",train
מדוע יש לקחת בחשבון את החומרה של הנסיבות בעניינו של הנאשם בהשוואה לאיינהורן?,"נסיבות ביצוע העבירות על ידי הנאשם חמורות באופן ממשי מאלה בעניינו של איינהורן, ועל עניין זה לבוא לידי ביטוי במתחם הענישה שיקבע, גם אם בעת קביעתו, יילקח בחשבון מתחם הענישה והעונש שנגזר על איינהורן כמו גם על נאשמים אחרים בפרשה, בשינויים המחויבים.",train
כיצד השפיעה הודיית הנאשם ושיתוף הפעולה שלו על העבירות המיוחסות לו?,צדדים הסכימו כי הנאשם שיתף פעולה בחקירתו וחלק מן העבירות המיוחסות לו בכתב האישום מיוחסות לו לאור הודייתו ושיתוף הפעולה שלו וגם לכך יש משמעות לטובתו.,train
"מהו העונש המוטל על מי שסייע לאחר להתחמק ממס לפי חוק מע\מ?""","יש לזכור כי כשבעבירות לפי חוק מע\מ עסקינן, עונשו של מי שפועל במטרה לסייע לאחר להתחמק ממס הוא כעונשו של המבצע העיקרי.""",train
מהי ההמלצה בנוגע להפחתת העונש בהתאם למצבו של הנאשם?,"עוד נטען, כי במקרים כאלה ראוי להפחית ממידת העונש לנאשם בהתאם למצבו (שם, 55, ס' ג(7)).",train
מהו מתחם עונש המאסר שנקבע לאירועים הנוגעים להגשת הדוחות באיחור?,"באשר לאירועים הנוגעים להגשת הדוחות באיחור יעמוד מתחם עונש המאסר בין מאסר מותנה למאסר בפועל בן 5 חודשים, בשים לב לכך שהמדובר באיחורים ניכרים בדיווח.",train
מה יש לבחון לגבי נזק קונקרטי לנאשם כאשר הוא נעדר עבר פלילי?,כן נקבע כי יש לבחון קיומו של נזק קונקרטי לנאשם גם במקום בו הנאשם נעדר עבר פלילי.,train
מה מלמדות הנסיבות על רף החומרה של המעשים שביצעו הנאשמים?,"הנסיבות מלמדות על רף חומרה לא מבוטל, כשמדובר במעשים שעל פי טבעם אף מאופיינים בתכנון ותחכום.",train
"מהו מתחם הענישה שנקבע לעבירה לפי סעיף 118 לחוק מע\מ?""","ביחס לעבירה לפי סעיף 118 לחוק מע\מ, בשל הפגיעה המתונה יותר בערכים המוגנים, נקבע באופן תדיר מתחם הענישה בין מאסר על תנאי ועד 3 חודשי מאסר בפועל לצד ענישה נלווית.""",train
מהו העיקרון המנחה לקביעת מתחם העונש ההולם?,קביעת מתחם העונש ההולם נעשית לפי עיקרון ההלימה.,train
מדוע דחה בית המשפט את הטענה לגבי מתחם הענישה הגבוה מהעונש המוסכם?,"בעניין זעילה דחה בית המשפט את הטענה לפיה שגה בית המשפט המחוזי משקבע מתחם ענישה שתקרתו גבוהה מהעונש שהוסכם שהמדינה רשאית לטעון לו, וציין כי קבלת הטענה מסוג זה משמעה שלילת שיקול הדעת של בית המשפט, והיא מנוגדת להלכה הפסוקה.",train
מדוע יש לשקול את הערכים המוגנים בעבירות הסמים בעת קביעת הענישה?,"בהקשר זה יש לתת את הדעת לערכים המוגנים בעבירות הסמים, לחומרה שלצידן ולחשיבות ההרתעה.",train
מהו השיקול הממתן שנלקח בחשבון לגבי גילו של הנאשם בעת ביצוע העבירה?,"באופן ממתן במידת מה יישקל גילו הצעיר של הנאשם בעת ביצוע העבירה (על גבול קטינות), העדר התמיכה ומסלול ההתדרדרות בו היה מצוי באותה העת, מבלי שישמע שיש בכך כדי להצדיק ולו במעט את מעשיו.",train
מהו המבחן הקובע לגבי קביעת מתחם אחד לכלל עבירות כתב האישום?,"נכון לקבוע מתחם אחד לכלל עבירות כתב האישום, בהתאם למבחן הקשר ההדוק הקובע כי נסיבות ביצוען של העבירות מלמדות על תוכנית עבריינית אחת.",train
מהי עמדת בית המשפט לגבי חומרת העבירות במקרה זה?,"מבחינת נסיבות ביצוע העבירות במקרה זה עולה פגיעה ממשית וחריפה בערכים המוגנים, ואינני שותפה לדעת הסנגורית לפיה המדובר במעשים שמבחינת נסיבותיהם אינם מדגימים חומרה רבה או כי אין המדובר במעשים מתוכננים, גם אם ברקע ביצוע העבירות משבר אישי ומצב כלכלי קשה.",train
מהו הכלל המנחה לגבי כיבוד הסדרי טיעון על ידי בית המשפט?,"הכלל הוא כי בית המשפט יטה לכבד הסדר טיעון ויתערב בו רק מטעמים המצדיקים זאת לאחר בחינתו במבחן האיזון אשר נקבע בע\פ 1958/98 פלוני נ' מדינת ישראל (25.12.2002) ובשים לב לכך שהשיקולים הנשקלים בעת עריכת הסדר טיעון אינם זהים בהכרח לאלה הנשקלים במסגרת תיקון 113 לחוק העונשין התשל\""ז – 1977 (להלן: \""חוק העונשין\"").""",train
כיצד משפיעה עבריינות המס על המשק והכלכלה במדינה?,"בית משפט זה חזר ועמד על חומרתה של עבריינות המס, אשר נובעת מפגיעתה הקשה במשק, בכלכלה ובמגוון היבטים חברתיים הנוגעים לנטל תשלום המיסים, כמו גם מהקושי הרב שבחשיפתה.",train
כיצד יש להתייחס לטענות בדבר מצבו הכלכלי של הנאשם?,לטענות בדבר מצבו הכלכלי הקשה של הנאשם וחובותיו יש לתת את הדעת אף אם לא הוצגה כל ראיה לאמור.,train
מהו העיקרון שעל פיו נקבעת מתחם העונש ההולם?,קביעת מתחם העונש ההולם נעשית לפי עיקרון ההלימה.,train
מהו המשקל שניתן למאמצי הנאשם להסרת המחדל בהליך השיפוטי?,"בנוסף, משקל מסוים לקולא יינתן למאמצי הנאשם להסרת המחדל, בגינם אף נדחה ההליך מעת לעת.",train
מהו המשקל שניתן לחלוף הזמן מעת ביצוע העבירות בעת גזירת העונש?,"שקלתי בכלל חשבון את חלוף הזמן המשמעותי מעת ביצוע העבירות, מעל 5 שנים, ולכך יינתן משקל מתאים בעת גזירת העונש.",train
כיצד קשורות עבירות המס לעבירות הזיוף והמרמה במקרה זה?,"במקרה זה, עבירות המס מושא שני האישומים שלובות בעבירות הזיוף והמרמה, שבוצעו בנסיבות מחמירות, כך שיקבע מתחם ענישה אחד לכלל העבירות בהתאם למבחן הקשר ההדוק וכפי טיעוני הצדדים.",train
כיצד משפיעה מסוכנות הנאשם על ההחלטה בעניינו במקרה זה?,"יחד עם זאת, במקרה זה, לאור המפורט בתסקיר לצד מסוכנות הנאשם והעובדה שבעבר השתתף הנאשם בהליכי שיקום אך חזר וביצע עבירות, אינני סבורה שזהו המקרה המתאים.",train
מהו תפקיד שיקולי ההרתעה בעבירות מס בעת גזירת העונש?,"לבסוף, נתתי דעתי לשיקולי הרתעה, ובכלל זאת הרתעת הרבים, כנדרש בסוג זה של עבירות.",train
מהי הסיבה לכך שנסיבותיו האישיות של קריכלי נחשבות משמעותיות בגזר הדין?,"שנית ועיקר, לא ניתן להתעלם מנסיבותיו האישיות הקשות עד מאוד של קריכלי המפורטות בהרחבה בגזר דינו.",train
מהי המשמעות של מכתבי תודה שהתקבלו בגין פעולות התנדבות של הנאשם?,"עיינתי  גם בענ/2 ובו אסופת מכתבי תודה מצד גורמים שונים בגין פעולות התנדבות ותרומות של הנאשם לטובת ילדים חולים ובעלי צרכים מיוחדים, אלה ישקלו לזכותו בין שיקולי.",train
מהי החשיבות של ענישה כספית משמעותית בעבירות מסוג זה?,"בהקשר לקביעת מתחם הקנס, לטעמי, ועל פי פסיקת בית המשפט העליון, בסוג זה של עבירות קיימת חשיבות ממשית לענישה כספית משמעותית אשר תלמד כי אין אף תועלת כלכלית לצד העבירות כשעונש של קנס הוא ממין העבירה.",train
מדוע לא ניתן לסטות ממתחמי הענישה שנקבעו במקרה זה?,במקרה זה אין מקום לסטייה לקולא או לחומרה ממתחמי הענישה שנקבעו.,train
מהו המשקל שניתן לחרטה מצד הנאשם לאחר הטיעונים לעונש?,"מצאתי ליתן משקל מה לחרטה מצד הנאשם לאחר הטיעונים לעונש בעניינו וכן לעובדה שכבר בתום הדיון, בו השמיע את האיום, ניסה להתנצל בפני המתלונן, תוך מתן משקל גם לכך שהנאשם מכחיש את ביצוע האיום בגינו הורשע גם עתה אך אישר כי אמר למתלונן שמי שפוגע בו יפגע מלמעלה ועל כך התנצלותו.",train
כיצד משפיעה התקופה בה בוצעו העבירות על קביעת העונש?,"לצד זאת יש לתת את הדעת לכך שהמדובר בתקופה בת כ- 7 חודשים בסך הכל בהן בוצעו העבירות (למעט הדוח לתקופה 12/12), שאיננה ארוכה במיוחד ובנוסף כי בתקופות 1/16 ו-2/16 מסרו הנאשמים את נתוני הדוחות במועד כנדרש הגם שלא צרפו תשלום לדוחות.",train
מדוע יש להדגיש את חומרת עבירת השוחד והשפעתה על סדרי השלטון?,"לא ניתן להפריז בחומרתה של עבירת השוחד, פגיעתה בסדרי השלטון וחתירתה תחת ערכי האמון ששם הציבור במשרתיו, השוויון והתחרות ההוגנת.",train
מהי ההשפעה של התייחסות סלחנית לאי קיום הוראות החוק על ציבור משלמי המסים?,התייחסות סלחנית לאי קיום הוראות החוק תביא להיעדר  המוטיבציה של כלל ציבור משלמי המסים לדווח ולשלם מסיהם כנדרש.,train
מהן הערכים המוגנים שנפגעים מביצוע עבירות תקיפת בן זוג ואיומים?,"הערכים המוגנים אשר נפגעים מביצוע עבירת תקיפת בן זוג הם שלמות גופו, נפשו, כבודו וביטחונו של בן הזוג ושמירה על החלשים מפני נחת זרועם של החזקים, מביצוע עבירת האיומים נפגעת שלוות נפשו של האדם ומביצוע עבירה של הפרת הוראה חוקית נפגע האמון שניתן בנאשם כי יעמוד בתנאים שנקבעו בעניינו.",train
מהי הסיבה להסכמת המאשימה לעונש של מאסר על תנאי במקרה זה?,"הנסיבות האישיות המורכבות המפורטות לעיל הביאו את המאשימה להסכים לכך שייגזר עונש של מאסר על תנאי על הנאשם, חרף אי הסרת מחדל מלאה על ידו בגין עבירות המע\מ וסכומו ויש לברך על כך.""",train
כיצד משפיע אי דיווח במועד על שוויון בנטל המס?,"אי דיווח במועד על פי הוראות החוק פוגע בשוויון בנטל המס, בשיטת גביית המס, גורם לחסר של ממש בקופת המדינה ואף פוגע בפיקוח רשות המסים.",train
כיצד משפיעים שיקולים ערכיים על קביעת מתחם הענישה בעבירות מס?,"כידוע, מתחם הענישה אינו עניין אריתמטי פשוט אלא מגלם הכרעה ערכית המבוססת על שיקולים שונים שמדיניות הענישה היא רק אחד מהם, כשעצם העובדה שלעולם יוכל כל צד למצוא פסקי דין התומכים בעמדתו מלמדת כי אין המדובר במדד מדויק.",train
מהו המאפיין של מתחם הענישה שאינו מדד אריתמטי פשוט?,"שיקולי בית המשפט בקביעת הענישה כוללים שיקולים ערכיים שונים, ומתחם הענישה אינו מדד אריתמטי פשוט, ומכאן שלא תמיד ניתן להסתמך על פסיקה התומכת בעמדה מסוימת.",train
מדוע נחשבת הפגיעה בערכים המוגנים במקרה זה גבוהה במיוחד?,"הפגיעה בערכים המוגנים במקרה זה גבוהה, וביתר שאת לאור הנזק אשר נגרם לאזרחים בלתי מעורבים ופוטנציאל הנזק לגוף ולנפש מן המעשים, וגם אם קיפניס מסר לסמירנוב ולגלמן שהדירה ריקה (כשטענה זו עומדת בסתירה כאמור לסעיף העבירה בו הודו – חבלה בכוונה מחמירה בצוותא חדא).",train
כיצד תרם הנאשם לחשיפת פרשת השחיתות השלטונית?,"בהודייתו ומסירת פרטים והקלטות תרם וקידם הנאשם חשיפת פרשת שחיתות שלטונית חמורה, אף מבלי שקיבל כל טובת הנאה כדוגמת הסכמת המאשימה לענישה מקלה בעניינו ואף לא ביקש כי ייחתם עמו הסכם עד מדינה.",train
מהו ההיבט המיוחד של העבירות בהן הורשעו הנאשמים שצריך להתחשב בו?,"מספר העבירות בהן הורשעו הנאשמים בעניינו רב יותר ואין להתעלם ממעשי המרמה בנסיבות מחמירות בהם הודה והורשע הנאשם 1 ביחד עם הנאשמת 3, כמו גם מהודיית הנאשם 1 והרשעתו, ביחד עם נאשמת 4, בניסיון לקבל דבר במרמה.",train
כיצד משפיעה כמות העבירות שבוצעו על מדיניות הענישה הנוהגת?,"בחינת מדיניות הענישה הנוהגת מלמדת כי בדרך כלל, מדיניות הענישה בסוג זה של עבירות מושפעת מכמות העבירות שבוצעו, שיטתיות ביצוען, הנזק שנגרם לאוצר המדינה ותיקונו.",train
מדוע השיקולים לאימוץ הסדר טיעון עשויים להיות שונים מאלו לפי תיקון 113 לחוק העונשין?,"לצד זאת, בעת הבחינה, אין להתעלם מכך שהשיקולים שבבסיס אימוצו של הסדר טיעון אינם זהים בהכרח לאלה הנשקלים לפי תיקון 113 וכוללים שיקולים נוספים ואחרים (ראו גם ע\פ 512/13 פלוני נ' מדינת ישראל [פורסם בנבו] (4.12.2013)).""",train
כיצד קביעת העונש בתחתית מתחם הענישה עשויה להשפיע על הנאשם במצבו הנוכחי?,"קביעת העונש בתחתית מתחם הענישה יביא לחיזוק כוחותיו של הנאשם במצבו, ותוך תקווה שימשיך בדרך הטובה בה צעד, במהלך ולאחר שיסיים את ריצוי עונשו.",train
כיצד משפיע משקל השתילים על הערכת החומרה של העבירה?,"משקל השתילים אותם גידל הנאשם ממשי, אך המשקל אינו הגורם היחיד או אפילו העיקרי ללמד על החומרה שבמעשיו, בשים לב לכך שמועד גילוי המעבדה הוא שרירותי, ומשקל השתילים תלוי בגודלם בעת תפיסתם.",train
מהו מתחם הקנס שנקבע בעבירות מסוג זה?,"לאחר שקלול הנסיבות המפורטות לעיל לצד חשיבותו של קנס בעבירות מסוג זה, יעמוד מתחם הקנס בין אלפי שקלים ל- 10,000 ₪ ביחס לכלל האירועים, לצד התחייבות להימנע מביצוע עבירה.",train
מהו משך הזמן שחלף מאז ביצוע העבירות וכיצד זה משפיע על הענישה?,"נתתי דעתי גם לחלוף הזמן מאז ביצוע העבירות, לפני כ- 6 שנים (וכן לחלוף הזמן ממועד ביצוע העבירות ועד הגשת כתב האישום), ולכך שמאז ביצוע העבירות הנדונות לא הורשע הנאשם בביצוע כל עבירה נוספת (במ/1).",train
כיצד משפיעות נסיבות חייה של הנאשמת על קביעת עונשה?,"בעת קביעת עונשה של הנאשמת, לא ניתן להתעלם מנסיבות חייה המורכבות והקשות, מהעדרם של גורמי תמיכה עבורה בישראל ומכך שהנאשמת מטופלת בתינוקת ובהריון שני מתקדם, גם עניינים אלה באים בין שיקולי.",train
כיצד משפיע חלקו של הנאשם על קביעת מתחם הענישה לעומת אורלי?,"בשמים לב למתחם הענישה אשר נקבע בעניינה של אורלי על נימוקי בית המשפט שם הרלבנטיים גם לעניינו, לחלקו המינורי יחסית של הנאשם בפן האקטיבי של ביצוע העבירה ולכך שחלקה של אורלי דומיננטי מחלקו של הנאשם, והיא אף הורשעה בביצוע עבירה נוספת בהיקף ממשי של 4,300,000 ₪, מצאתי לקבוע בעניינו של הנאשם מתחם ענישה נמוך מזה שנקבע בעניינה של אורלי.",train
מהו ההיבט המהותי בהיסטוריה הפלילית של הנאשם שקשור לעבירה הנוכחית?,"ולא ניתן להתעלם מכך שהנאשם בחר לבצע את העבירה בה הורשע חרף הרשעתו הקודמת בביצוע עבירה זהה בת\פ (שלום ת\""א) 27605-04-11 מדינת ישראל נ' סבג [פורסם בנבו] (13.2.2014) (להלן: \""התיק הקודם\"") וממאסר על תנאי בן 6 חודשים התלוי ועומד כנגדו אשר הושת במסגרתה (ת/1, ת/2).""",train
כיצד משפיע מוטיב ההסתרה על גילוי עבירת אי רישום תקבול?,"באשר לאי רישום התקבול, לא ניתן להתעלם מכך שבעוד שעבירות כגון אי הגשת דוח במועד או אי העברת ניכויים, הן עבירות קלות יחסית לגילוי, וקיים סיכון ממשי להיתפס בביצוען, הרי שבעבירת אי רישום תקבול קיים מוטיב של הסתרה המקשה על גילוי ביצועה של העבירה.",train
מהי הסיבה לכך שהנסיבות במקרה זה אינן מצדיקות מתן הקלה משמעותית בעונש?,"במקרה שלפני, כפי שאפרט להלן, אינני סבורה כי הנסיבות מצדיקות או מאפשרות מתן הקלה כה ניכרת בדמות הארכת התנאים, או למצער התנאי בן 24 החודשים גם אם אלה מכבידים.",train
אילו שיקולים עיקריים הובילו להטלת עונש מאסר בפועל על הנאשם בעבירות המס?,"הנסיבות המפורטות, עיקרון ההלימה, חשיבות ההרתעה והאינטרס הציבורי, על בכורתם בסוג זה של עבירות על פני נסיבות אישיות, ופסיקת בית המשפט העליון לפיה עונשם של מבצעי עבירות המס מהסוג הנדון הוא למאסר מאחורי סורג ובריח, בפרט כשמחדלי כתב האישום אינם מוסרים, אינם מאפשרים להימנע מהטלת עונש מאסר בפועל על הנאשם (רע\פ 3398/15 פלוני נ' מדינת ישראל (28.6.2012) ועניין גחלי).""",train
מהו מתחם העונש ההולם שנקבע לאירועים המפורטים בכתב האישום?,"לאחר סקירת המפורט לעיל, לצד נסיבות ביצוע העבירות ובראי הערכים המוגנים אשר נפגעו ומידת הפגיעה בהם, מצאתי כי מתחם העונש ההולם באשר לאירועים המפורטים בכתב האישום הוא בין מאסר מותנה ל-7 חודשי מאסר בפועל.",train
מהו השיקול שיש לקחת בחשבון בעת קביעת מתחם הקנס?,בעת קביעת מתחם הקנס יש לתת את הדעת גם למצבו הכלכלי של הנאשם.,train
כיצד משפיע הרקע הכלכלי של הנאשם על שיקול הדעת בענישה?,"עובדה זו אף מאפשרת ליתן משקל לדברי ההגנה לפיהם הרקע לביצוע העבירות הוא קריסה כלכלית של הנאשם ושל העסק אותו הפעיל בין השנים 2017-2014, שעל פי הנטען נבעה מכך שאחד מלקוחותיו הגדולים לא שילם עבור עבודות שבוצעו ונמסרו לו.",train
מהו תיקון 103 לחוק העונשין וכיצד הוא משפיע על הענישה בעבירות שוחד?,תיקון 103 לחוק העונשין אשר החמיר בענישה בגין עבירות שוחד ובכלל זאת קבע קנסות מוגדלים בגין העבירות נוכח חומרתן ועל מנת לפגוע במוטיבציה הכלכלית לביצוען.,train
מדוע ישנה פגיעה ממשית בערכים המוגנים בעבירות טכניות?,"למרות כינוין של עבירות אלו \עבירות טכניות\"", הפגיעה בערכים המוגנים כתוצאה מביצוען ממשית בדרך כלל, וכוללת פגיעה בשוויון בנטל המס, בשיטת גביית המס ובפיקוח הרשות.""",train
מהי הסיבה לכך שהשופט לא מצא לנכון לגזור עונש חמור יותר?,"אינני מוצאת כי הנסיבות הכוללות מצדיקות גזירת עונש חמור מזה, חרף עתירת המאשימה על נימוקיה.",train
"מהו תחתית מתחם הענישה בעבירות אי הדיווח, וכיצד היא נקבעת?","בכל הנוגע לקביעת מתחמי ענישה, מהפסיקה עולה כי בעבירות אי הדיווח תחתית מתחם הענישה נקבעת באופן תדיר על מאסר על תנאי, גם כשמדובר בקביעת כלל העבירות כאירוע עונשי אחד.",train
מהי השאלה שיש להידרש אליה בעת קביעת המתחם?,בעת קביעת המתחם יש להידרש גם לשאלת יכולתו הכלכלית של הנאשם.,train
מהי החשיבות של הנסיבות האישיות בשיקול דעת בית המשפט לקביעת העונש?,"כאמור, לנסיבות אלו יש חשיבות בשיקול דעת בית המשפט לקביעת עונשו.",train
כיצד מתבטא מתחם הענישה כהכרעה ערכית ולא כעניין אריתמטי פשוט?,"כידוע, מתחם הענישה אינו עניין אריתמטי פשוט אלא מגלם הכרעה ערכית המבוססת על שיקולים שונים שמדיניות הענישה היא רק אחד מהם, כשעצם העובדה שלעולם יוכל כל צד למצוא פסקי דין התומכים בעמדתו, מלמדת כי אין המדובר במדד מדויק (ע\פ 3877/16 ג'אבלי נגד  מדינת ישראל (17.11.2016), עפ\""ג (ת\""א) 12063-04-15 בראונר נ' מדינת ישראל (20.07.2015)).""",train
כיצד משפיע עברו הפלילי של הנאשם על גזירת העונש במקרה זה?,"הנתונים בדבר עברו הפלילי של הנאשם ישקלו לחומרה, והם אף מלמדים על הצורך בגזירת עונש מרתיע יותר ממאסר מותנה וצו מבחן על הנאשם,  חרף עתירת הסנגור.",train
"מהי המשמעות של ביצוע העבירות \מתחת לראדר\"" בהקשר לחומרתן?""","אין ספק כי המדובר במעשים חמורים ויש טעם בטענה לפיה הנסיבות מלמדות כי העבירות בוצעו \מתחת לראדר\"" תוך שימוש במרמה עורמה ותחבולה כאמור, מה שמלמד על החומרה שלצידן.""",train
מדוע לא נחשבת התמכרות לאלכוהול כנסיבה לקולא בעונש?,"אמנם הרקע הנטען לביצוע העבירות על ידי הנאשם הוא התמכרותו לאלכוהול באותה עת אך כידוע, צריכת אלכוהול כשלעצמה לא מהווה נסיבה לקולא (ראו: ע\פ 9356/09 פלוני נ' מדינת ישראל (24.10.2010) וע\""פ 1620/10 מצגורה נ' מדינת ישראל (3.12.2013)).""",train
כיצד משפיעים הפגמים שנמצאו על גזירת הדין במקרה זה?,"עוד קבעתי כי הגם שהפגמים אשר נפלו אינם פגמים היורדים לשורשו של עניין, מהטעמים המפורטים שם, אלה יבואו בחשבון בעת גזירת הדין.",train
מדוע לא הסכים בית המשפט עם עמדת המאשימה לגבי ההקלות שניתנו לענף היהלומים?,"דעתי איננה כדעת המאשימה לפיה ההקלות אשר ניתנו לענף היהלומים צריכות להוות דווקא נסיבה לחומרה, כפי שפורט בהרחבה בעניין בצלאל ועניין ענבי.",train
מדוע אין נסיבות שמצדיקות סטייה לקולא או לחומרה בעניינה של הנאשמת?,בעיניינה של הנאשמת לא מתקיימות נסיבות שיש בהן כדי להביא לסטייה לקולא או לחומרה ממתחם הענישה אשר נקבע.,train
מהו תפקיד השיקולים השונים בעונש המוטל על הנאשם לפי המחוקק?,"על פי המחוקק רשאי בית המשפט ליתן לכלל השיקולים הללו משקל, לצד שיקולי הרתעה.",train
מהו המימד לחומרה בהתנהלות הנאשמים כפי שטוענת המאשימה?,"יש טעם בטענת המאשימה לפיה האמור מוסיף מימד לחומרה בהתנהלות הנאשמים, גם אם עסקם של מגן ואלעד פעל עוד טרם הוצאת תלושי השכר הכוזבים על ידי הנאשמים, וגם אם אין המדובר בסכומים גבוהים במיוחד.",train
מהי מידת הפגיעה בערכים המוגנים במקרה זה?,מן המפורט לעיל עולה כאמור כי מידת הפגיעה בערכים המוגנים במקרה זה היא משמעותית.,train
מהו עיקרון אחידות הענישה וכיצד הוא משפיע על קביעת העונש?,"זאת לאור עיקרון אחידות הענישה המצדד \בהטלת עונשים דומים על מי שביצעו מעשים דומים וכן בשמירה על יחס של שקילות בין מבצעיהם של מעשים הנבדלים זה מזה במניינם, חומרתם או בנסיבותיו האישיות של המבצע\"" (ראו ע\""פ 8345/15 אוחנה נ' מדינת ישראל (19.9.2017), המפנה לע\""פ 2580/14 חסן נ' מדינת ישראל (23.9.2014)).""",train
כיצד השפיעו היחסים המורכבים בין המתלוננת לנאשם על מידת הפגיעה במתלוננת?,"מידת הפגיעה במתלוננת ניכרה היטב בעת עדותה ואף מועצמת בשים לב ליחסים המורכבים שהיו בינה ובין הנאשם ותחושותיה הקשות כלפיו אשר באו לידי ביטוי בעת עדותה, אותן חשה אף במועד ביצוע העבירה.",train
מדוע עשויה התייחסות סלחנית לאי קיום הוראות החוק להשפיע על ציבור משלמי המסים?,התייחסות סלחנית לאי קיום הוראות החוק עלולה להביא אף להיעדר המוטיבציה של כלל ציבור משלמי המסים לדווח ולשלם מסיהם כנדרש.,train
מהי ההמלצה של שירות המבחן לגבי מאסר בפועל והשפעתו על הנאשם?,זאת אף לאחר ששקלתי את המלצת שירות המבחן והערכתו לפיה מאסר בפועל יעמיק את הדפוסים העבריינים הקיימים אצל הנאשם ויפגע בהליך השיקומי בו הוא מצוי.,train
"כיצד יש לקבוע את מתחם העונש בעבירה לפי סעיף 117(א)(6) לחוק מע\מ?""","על מתחם העונש ההולם בקשר אליה (ובהתאם לנסיבות ביצוע העבירה) להיות מתון יותר מהמתחם שנקבע באופן תדיר בגין ביצוע עבירה לפי סעיף 117(א)(6) לחוק מע\מ, בין מאסר על תנאי ל-7 חודשי מאסר בפועל לצד ענישה נלווית.""",train
מהו ההליך השיקומי שהנאשם עבר וכיצד הוא השפיע על קביעת עונשו?,"כמו כן ובפרט, נתתי דעתי לכך שעל פי התסקיר לעונש שהתקבל ופורט בהרחבה לעיל ולדברי הנאשם, הנאשם עבר הליך שיקומי ממשי בבית המאסר ובמסגרת הרשות לשיקום האסיר ולמשמעות האמור בעת קביעת עונשו.",train
מה ניתן לומר על מידת הפגיעה בערכים המוגנים ממעשי הנאשם?,"בראי האמור והערכים המוגנים בעבירות דנן, ניתן לומר כי מידת הפגיעה בערכים המוגנים ממעשי הנאשם איננה זניחה, אף אם אין המדובר בסכום עבירה גבוה במיוחד כאמור ואף אם לא בוסס קיומו של נזק כספי ממשי לקופת המדינה ממעשי הנאשם כטענת הסנגור.",train
מהו השיקול שהוביל למיקום עונשה בתחתית מתחם הענישה שנקבע?,"בשקלול כלל הנתונים שלעיל ובשל נסיבותיה האישיות המיוחדות של הנאשמת, חרף הקושי העולה מהתסקיר שהתקבל, מצאתי למקם את עונשה הקונקרטי של הנאשמת בתחתית מתחם הענישה שנקבע, לצד מאסר על תנאי מרתיע אשר ישמש כתמרור אזהרה עבורה, ופיצוי לנפגעת העבירה",train
מהי החשיבות של הסרת מחדלי כתב האישום בשיקולי הענישה בעבירות אלו?,"כידוע, להסרת מחדלי כתב האישום חשיבות רבה בין שיקולי הענישה בסוג זה של עבירות (רע\פ 7851/13 עודה נ' מדינת ישראל (3.9.2015)), ובין שיקולי הענישה נשקלים גם מאמצים כנים לתיקון הנזק או תיקונו החלקי.""",train
מהו השיקול המרכזי שמונע התעלמות מרף הענישה שנקבע בהסדרי הטיעון בפרשה?,המסה הקריטית של הסדרי הטיעון בפרשה איננה מאפשרת להתעלם מרף הענישה אשר נקבע בה.,train
"מה משפיע על מדיניות הענישה בעבירות של אי הגשת דוח במועד למע\מ?""","בכל הנוגע לעבירות של אי הגשת דוח במועד למע\מ, גם כאן מושפעת מדיניות הענישה מכמות העבירות אשר בוצעו, משיטתיות ביצוען ומהנזק שנגרם לאוצר המדינה.""",train
מדוע יש קושי לקבוע פער משמעותי בין הענישה לנאשם לבין העונשים שהושתו בהסכמת המאשימה?,"ללא להתעלם או להקל ראש בקשיים ראייתיים נטענים אשר פורטו ביחס לחלק גדול מהסדרי הטיעון בתיקי הפרשה, לא ניתן להלום פער כה משמעותי כפי שמבקשת המאשימה שיקבע בין הענישה לנאשם כאן לבין העונשים אשר הושתו בהסכמתה ולבקשתה - הן בקשר לגבולות המתחם שיקבע, הן בקשר לעונש הקונקרטי לנאשם.",train
מהו ההיבט לחומרה שנמצא בהתנהלות הנאשמים בנוגע לדוחות לתקופות 6/17-8/17?,"לצד זאת, לא ניתן להתעלם מכך שהנאשמים לא העבירו את נתוני הדוחות לתקופות 6/17-8/17 ובכך היבט לחומרה.",train
מה יש לבחון בנוגע למצבו הנפשי של הנאשם לפי סעיף 40ט(א)(9)?,"כמצוות סעיף 40ט(א)(9) לחוק העונשין יש לבחון, האם מצבו הנפשי היה קרוב לסייג לאחריות פלילית על פי סעיף 34ח לחוק העונשין.",train
כיצד השפיעו שיקולי ההרתעה על גזר הדין במקרה זה?,"שקלתי את כלל המפורט לעיל ואף שיקולי ההרתעה המקבלים בכורה על פני נסיבות אישיות בסוג זה של עבירות (עניין יצחקיאן), אך אינם מאיינים אותן ונתתי דעתי לעתירת המאשימה לגזור את עונשו של הנאשם לתקופת מאסר בעבודות שירות נוכח השיטתיות שבביצוע העבירות ומספרן.",train
אילו נסיבות לא התקיימו במקרה זה לחריגה מהמתחמים שנקבעו?,במקרה דנן לא מתקיימות נסיבות לחריגה לקולא או לחומרה מהמתחמים אשר נקבעו.,train
מהו ההסבר לכך שהנאשם לא נתפס כמי שביצע עבירת שוד בהליך גזירת הדין?," ומשבחרה לפעול כך, מובן שאין להתייחס לנאשם כמי שביצע עבירת שוד, ולסעיפי העבירה בהם הואשם והורשע יש משמעות בעת גזירת הדין וקביעת מתחם הענישה לצד הנסיבות – במקרה זה לקולא לעומת עבירת שוד.",train
מדוע עשויה התייחסות סלחנית לאי קיום הוראות החוק להשפיע על ציבור משלמי המסים?,התייחסות סלחנית לאי קיום הוראות החוק אף עלולה להביא להיעדר המוטיבציה של כלל ציבור משלמי המסים לדווח ולשלם מסיהם כנדרש.,train
מדוע יש לשקול את הקושי של הנאשם לחיות עם עננת ההליך הפלילי מאז 2015?,"יש לשקול עוד את הקושי לנאשם לחיות עם עננת ההליך הפלילי מעל ראשו מאז שנת 2015, וגם עניין זה יישקל בין יתר שיקולי.",train
כיצד נקבע אירוע עונשי אחד לכלל עבירות כתב האישום במקרה זה?,"במקרה זה יקבע אירוע עונשי אחד לכלל עבירות כתב האישום כעתירת המאשימה, בשים לב לקשר בין העבירות, לסוגן, ולכך שכלל העבירות בוצעו ברצף וחלקן באופן חופף, בהתאם למבחן הקשר ההדוק אשר נקבע בע\פ 4910/13 ג'אבר נ' מדינת ישראל (29.10.2014) (לגישה אחרת בקשר לעבירות מס ראו רע\""פ 1688/14 כץ נ' מדינת ישראל (9.03.2014)).""",train
מהו השיקול שהוביל לאפשר לנאשם לרצות את עונשו בעבודות שירות לצד קנס ומאסר על תנאי?,"בראי כלל המפורט לעיל, מצאתי כי ניתן במקרה מיוחד זה, על צבר נסיבותיו, לאפשר ריצוי עונשו של הנאשם בעבודות שירות לצד קנס כספי ומאסר על תנאי מרתיע, ואני גוזרת על הנאשם את העונשים הבאים: מאסר בפועל לתקופה של 9 חודשים שירוצה בדרך של עבודות שירות על פי חוות דעת הממונה על עבודות השירות בבית החולים בלינסון ברח' ז'בוטינסקי 39, פתח תקווה.",train
מהו ההשפעה האפשרית של עונש מאסר בפועל על מצב הנאשם לפי שירות המבחן?,"שירות המבחן מצביע על כך שעונש מאסר בפועל עלול להביא לרגרסיה משמעותית במצבו של הנאשם, מה שמצדיק מתן הקלה חשובה בנסיבות המקרה.",train
מדוע יש לבחון את העונש המוסכם על פי אמות המידה המקובלות?,"זאת לאור המדיניות המשפטית אשר הייתה נהוגה אף טרם כניסתו של תיקון 113 לחוק העונשין לתוקף, לפיה על בית המשפט לבחון את העונש המוסכם על פי הסדר הטיעון בהתאם לאמות המידה המקובלות.",train
מה הנזק שנגרם לקופה הציבורית כתוצאה מביצוע עבירות מסוג זה?,כתוצאה מביצוע עבירות מהסוג הנדון נגרם באופן תדיר נזק רב לקופה הציבורית בפן הכספי וכן נפגע עיקרון השוויון בנשיאת נטל המס.,train
מהי המסקנה לגבי השפעת ההפרעה הפוסט טראומתית על מידת אשמו המוסרי של הנאשם?,"בנסיבות אלה מסקנתי היא כי יש בהפרעה הפוסט טראומתית ממנה סבל הנאשם בעת ביצוע העבירה (וסובל עד היום), כדי להפחית ממידת אשמו המוסרי ויש להתחשב בכך בעת קביעת מתחם הענישה.",train
כיצד השפיעה ההודאה של הנאשם על ההליך המשפטי?,"הנאשם הודה במיוחס לו בכתב האישום המתוקן, לאחר שכתב האישום תוקן לקולא, וחסך זמן שיפוטי - עובדה זו תיזקף לזכותו.",train
כיצד משפיעה מדיניות הענישה על העונש המוטל בגין עבירות מסוג זה?,"מדיניות הענישה בגין ביצוע עבירות מסוג זה היא מחמירה בדרך כלל ומושפעת ממידת התחכום, משך ביצוע העבירות, השיטתיות שבביצוען וסכומי המס אשר נגזלו מהקופה הציבורית.",train
מהו השיקול המרכזי שהשפיע על השופט בקביעת מתחם הענישה במקרה זה?,"חלוף הזמן ממי שהובילה לביצוע העבירות איננו עומד על דעת השופט כסיבה לחריגה משמעותית ממתחם הענישה, בעיקר לאור השיהוי ותחכום הנאשמים.",train
מדוע יש לקבוע את עונשו של הנאשם בתחתית מתחם העונש ההולם?,"בהתחשב באמור לעיל, להשקפתי, באופן רגיל, בנסיבותיו של הנאשם ומיהותו, מן הראוי היה לקבוע את עונשו של הנאשם בתחתית מתחם העונש ההולם, זאת לאור הודייתו ונטילת האחריות על ידו, שאינני מוצאת לתת לה משקל נמוך כעתירת המאשימה, ולאור חלוף הזמן הממשי מאז חקירתו של הנאשם והשנים הרבות בהן עננת ההליך הפלילי הייתה תלויה מעל ראשו, על הקושי הרב שבכך.",train
מדוע מצב בריאותי קשה לא בהכרח מקנה פטור מעונש מאסר בפועל?,"בשב\ס ערוך ליתן טיפול למי שסובל מקושי רפואי ותחלואה, ואין במצב בריאותי קשה כדי להקנות בהכרח פטור לעבריין מעונש של מאסר בפועל.""",train
מהי החשיבות של מתן ביטוי לחומרת העבירות בעונש של מי שהורשע בהן?,"נפסק לא אחת, כי יש ליתן לחומרה זו ביטוי ממשי במסגרת גזירת עונשו של מי שהורשע בעבירות אלה, תוך מתן עדיפות לשיקולי הרתעה ולאינטרס הציבורי שבהחמרת הענישה על פני נסיבותיו האישיות של הנאשם, וכאשר נקודת המוצא היא כי העונש ההולם בעבירות אלה הוא מאסר בפועל (וראו: רע\פ 5823/09 באשיתי נ' מדינת ישראל [פורסם בנבו] (17.8.2009); רע\""פ 5308/18 ג'בארין נ' מדינת ישראל, [פורסם בנבו] פסקה 11 להחלטתי (18.7.2018)).""",train
מהו המתחם ההולם לעונש במקרה של אי הודעה על תחילת התעסקות?,"בנסיבות אלה מקובל עליי כי מתחם העונש ההולם לאירוע של אי הודעה על תחילת התעסקות ואי ניהול פנקסי חשבונות צריך שיעמוד בין תקופת מאסר קצרה אותה ניתן לרצות בעבודות שירות, לבין תקופת מאסר בפועל של תשעה חודשים, מאסר על תנאי מרתיע, קנס והתחייבות.",train
מהו העיקרון שעל פיו נקבעת קביעת מתחם העונש ההולם?,קביעת מתחם העונש ההולם נעשית על פי עיקרון ההלימה.,train
מהי החשיבות של שקילת שיקולים שונים במתחם העונש ההולם?,"מבלי למעט בחשיבות שקילתה וחשיבות אחידות הענישה (ע\פ 6544/16 ניסנצויג נ' מדינת ישראל (21.2.2017)), כי מתחם העונש ההולם מגלם הכרעה ערכית המבוססת על שיקולים שונים שמדיניות הענישה היא רק אחד מהם.""",train
מהו המשקל שניתן לנורמות הענישה הכלליות בעת קביעת מתחם הענישה בעבירות מס?,בעת קביעת מתחם הענישה יינתן על ידי משקל לנורמות הענישה הכלליות שהותוו בפסיקת בית המשפט העליון ביחס לעבירות מס ועבירות כלכליות.,train
מהו העיקרון המנחה לגבי תקופת המאסר בעבודות שירות לנאשם?,"לטעמי, על תקופת המאסר בעבודות שירות להיות ממשית ומרתיעה, כך גם מחייב עיקרון ההלימה.",train
מדוע העדר יכולת להסיר המחדלים אינו נחשב לנסיבה מקלה?,"כידוע, העדר יכולת להסיר המחדלים איננה מהווה נסיבה לקולא ובוודאי שאינה שקולה להסרתו.",train
כיצד משפיעה כמות העבירות והנזק לאוצר המדינה על מדיניות הענישה בעבירות אי הגשת דוח?,"בחינת מדיניות הענישה הנוהגת בקשר לעבירה של אי הגשת דוח במועד, מלמדת כי בדרך כלל, מדיניות הענישה מושפעת מכמות העבירות, השיטתיות ביצוען והנזק שנגרם לאוצר המדינה.",train
מה ניתן ללמוד על מדיניות הענישה הנוהגת בעבירות בהן הורשע הנאשם?," מבחינת מדיניות הענישה הנוהגת בקשר לעבירות בהן הורשע הנאשם ובהקשר המשפחתי, ניתן ללמוד על קיומו של מנעד די רחב של עונשים, אך באופן רגיל, בשם לב לצבר וסוג העבירות, נגזרים על נאשמים אשר מורשעים בעבירות אלה עונשי מאסר, בחלק מהמקרים לריצוי בעבודות שירות.",train
כיצד יש לבחון את סבירות ההסדר כאשר הצדדים הסכימו על טווח ענישה?,"על פי הגישה הרווחת, גם מקום בו הסכימו הצדדים בהסדר טיעון על טווח ענישה, ובכלל זאת מקרה בו הסכימה המאשימה להגביל עצמה לעונש מסוים בעוד שההגנה חופשית בטיעוניה, יש לבחון את סבירותו של ההסדר במבחן האיזון בהתאם לאמות מידה מקובלות המעוגנות בתיקון 113 לחוק העונשין (עניין מצגר, פסקה 12 (30.4.2017)).",train
מהו המשקל שיש לתת לעבירות המערבות שימוש בחשבוניות פיקטיביות?,הדברים מקבלים משנה תוקף מקום בו מדובר בעבירות המערבות שימוש בחשבוניות פיקטיביות (גם אם רק בקשר לחלק מהעבירות בלבד – כמו בעניינו).,train
כיצד השפיע מצבו הכלכלי של הנאשם על קביעת העונש?,לקחתי בחשבון את טענות הסנגורית בדבר מצבו הכלכלי הקשה של הנאשם.,train
מהו השיקול המרכזי שהחמיר את הענישה במקרה של הנאשם?,"שנית, כמפורט לעיל, לחומרה יש לשקול את העובדה שלנאשם עבר פלילי הכולל 4 הרשעות קודמות.",train
מהי המסקנה שהוסקה לגבי הצורך בענישה ממשית בעניינו של הנאשם?,המפורט לעיל מביא למסקנה שיש מקום לענישה ממשית וקונקרטית בעניינו של הנאשם.,train
מדוע לא ניתן להקל בעונש על הנאשם למרות הדחיות שניתנו לו?,הנאשם לא פעל להסרת המחדלים חרף דחיות רבות שניתנו לשם כך - ועובדה זו תיזקף לחובתו.,train
מהן הנסיבות האישיות שצוינו בנוגע לנאשם?,כמו כן שקלתי  את נסיבותיו האישיות המשפחתיות והרפואיות המורכבות של הנאשם.,train
אילו שיקולים נלקחו בחשבון בעת הכרעה לגבי ריצוי העונש בעבודות שירות?,"בעת הכרעה האם לאפשר ריצוי העונש בעבודות שירות שקלתי את חשיבות האינטרס הציבורי בעבירות הנדונות, את חומרת העבירות, ואת חשיבות ההרתעה בעבירות אלה ובכללה הרתעת הרבים, בפרט לאור הקלות הבלתי נסבלת והפיתוי הרב שבביצוען (עניין יצחקי, עניין אוחנה, פסקה 32, רע\פ 1929/18 אריאלי נ' מדינת ישראל (26.4.2018) וע\""פ 3927/16 מדינת ישראל נ' בר זיו (23.2.2017)).""",train
מהי החשיבות של הענישה הכספית בעבירות מסוג זה?,"באשר לעונש הקנס, כידוע בעבירות אלה הקנס הוא ממין העבירה וקיימת חשיבות לענישה כספית משמעותית אשר תלמד, כי אין אף תועלת כלכלית בצד ביצוען.",train
כיצד תבוא ההקלה לנאשם בעונש המאסר שנגזר עליו?,"הקלה מסוימת לנאשם שעונשו ייגזר בתחתית טווח הענישה המוסכם תוך אימוץ הסדר הטיעון, תבוא באמצעות קביעה כי הנאשם ירצה את עונש המאסר בעבודות שירות למשך שש שעות יומיות – לאור נסיבותיו האישיות וכלל המפורט לעיל.",train
מהו העיקרון המנחה בענישה אשר קובע את מתחם העונש ההולם?,"מתחם העונש ההולם נקבע בהתאם לעקרון המנחה בענישה, היינו קיומו של יחס הולם בין חומרת מעשה העבירה בנסיבותיו ומידת אשמו של הנאשם, לבין סוג ומידת העונש המוטל עליו, תוך התחשבות בערך החברתי אשר נפגע, במידת הפגיעה בו, בנסיבות הקשורות בביצוע העבירה ובמדיניות הענישה הנהוגה.",train
מהו הפוטנציאל האלימות הגלום בהתפרצות לבית מגורים בשעות הלילה?,"בנוסף, בהתפרצות לבית מגורים טמון פוטנציאל מובנה להתפתחות אלימה, וודאי מוקם בו המדובר בהתפרצות המבוצעת בשעות הלילה כאשר דרי הבית בתוכו, ומשכך מעשי הנאשם אף פגעו בערך המוגן בדמות ההגנה על שלום הגוף והנפש.",train
מהי המשמעות של מרמה אקטיבית בהקשר לחומרת המעשים שביצע הנאשם?,"המפורט לעיל מלמד על מרמה אקטיבית מצד הנאשם, המוסיפה חומרה למעשים שבאופן אינהרנטי מחייבים תכנון ותחכום, ואשר בוצעו כאמור על פני תקופה ממושכת באופן שיטתי ובעת שמתנהלת חקירה בעניינו.",train
מהו הנזק שנגרם לערך השוויון בנשיאה בנטל המס בעקבות עבירות מס?,"בנוסף, ביצוע עבירות מסוג זה פוגע בערך השוויון בנשיאה בנטל המס ואף פוגע במוטיבציה של כלל ציבור משלמי המסים לשלם מסיהם כנדרש על פי חוק.",train
מהן הנסיבות שיכולות להצדיק חריגה ממתחם הענישה שנקבע במקרה הנדון?,במקרה הנדון לא מתקיימות נסיבות המצדיקות חריגה לקולא או לחומרה ממתחם הענישה שנקבע.,train
מה השפעת חרטתו של חסין והודאתו על קביעת עונשו במסגרת מתחמי הענישה?,"לאחר שקילת המפורט לעיל, בהינתן הסכמת הצדדים לפי הסדר הטיעון, תוך מתן משקל לחרטה שהביע חסין ונטילת האחריות שבאה לידי ביטוי בהודאתו, כשאף לא בוצע כל תיקון בכתב האישום המקורי ביחס אליו, ובשים לב גם לעברו הפלילי וטיבו, מצאתי למקם את עונשו בנסיבותיו בחלק האמצעי של מתחמי הענישה שנקבעו.",train
מדוע לא ניתן להסתמך על גזר דין שניתן בהסדר טיעון כאמת מידה?,"ביחס לעתירת ההגנה לגזירת עונש של של\צ על הנאשם – חשוב לציין כי גזר הדין אליו הפנה הסנגור הוא גזר דין שניתן תוך אימוץ הסדר טיעון סגור, שבין שיקוליו אף קושי ראייתי (לצד שיקולים נוספים) והוא אינו יכול לשמש כאמת מידה לענייננו.""",train
מהי משמעות הסרת המחדלים בעבירות מסוג זה?,"כידוע, להסרת מחדלים בסוג זה של עבירות משמעות רבה וזו מביאה להקלה ניכרת בענישה.",train
מהו הסיכון שגזירת עונש מאסר בפועל עלולה לגרום להליך השיקומי של הנאשם?,"אין להקל ראש בדרך הטובה והמשמעותית שעשה הנאשם לשיקום חרף הקשיים הלא מבוטלים, הכלכליים והאחרים בהם נתקל עם שחרורו ממאסר ממושך, ובכך שגזירת עונש מאסר בפועל לנאשם ולו לתקופה קצרה יחסית, עלולה לגדוע את ההליך השיקומי המוצלח בו הוא מתמיד משך שנים ארוכות, ולגרום לנזק רב יותר מתועלת לאינטרס הציבורי במובנו הרחב.",train
מהו מעמדו של בית המשפט ביחס להסדרי טיעון שהושגו בין הצדדים?,"כידוע, וכפי שאף פורט בהסדר הטיעון ובעת הצגת הסדר הטיעון לבית המשפט, בית המשפט אינו מחויב לאמץ את ההסדר אליו הגיעו הצדדים הגם שקיים אינטרס ציבורי לאמצו .",train
אילו שיקולים יש לקחת בחשבון בעת קביעת הענישה וההרשעה?,"מרבית שיקולי ההרשעה והענישה צריכים לקחת בחשבון את חומרת העבירה, נסיבותיה, פגיעה בערכי מוסר וחברה, והצורך בהרתעה, לצד שיקולים אישיים והמצב האישי של הנאשם.",train
כיצד ישפיע שינוי זה על הנאשם ובני משפחתו?,"שינוי זה עתיד להטיב עם הנאשם עצמו, עם בני משפחתו ועם האינטרס הציבורי בכללותו.",train
מה היה קובע בית המשפט אם היה מתייחס לכל העבירות כאירוע אחד?,"עוד אציין במאמר מוסגר כי לו הייתי קובעת כי המדובר באירוע אחד, ממילא היה נקבע מתחם מחמיר מזה שיקבע ביחס לכל עבירה, היא אירוע, לאור כך שהמדובר בחמש עבירות ולאור סכום המחדל הכולל.",train
כיצד יש לקבוע את המתחם תוך התחשבות בנסיבות המקרה?,"על בית המשפט לקבוע את המתחם \בצורה רכה\""\"", בשים לב לקיומן של נסיבות מגוונות שיכולות להוביל להחלטת המדינה להגיע להסדר, כשהמשקל שיש ליתן לשיקולי תיקון 113 לחוק העונשין ולמתחם העונש ההולם במקרה נתון משתנה בהתאם לנסיבות הקונקרטיות שהביאו להסדר.""",train
מהי עמדת המאשימה לגבי כוונת הנאשמים בהקשר לעבירות המיוחסות להם?,"דומה כי גם המאשימה סברה כך, שכן כפי שציינה ב\כ המאשימה בעצמה בהגינותה, על אף המעשים אשר יוחסו לנאשמים, מצאה המאשימה להאשימם בעבירות על פי סעיף 117(א) לחוק, מסוג עוון, שאין לצידן כוונה להתחמק מתשלום מס.""",train
מהו השיקול המרכזי שהוביל למסקנה כי הנאשם לא השתנה מאז ביצוע העבירות?,"לא ניתן להתעלם מכך שכאמור, מאז ביצוע העבירות הנדונות ביצע הנאשם עבירות נוספות, כך שלא ניתן לומר שמאז שינה אורחותיו והשתקם.",train
מהו העיקרון שעל פיו נקבעת הענישה ההולמת במקרה של עבירות פליליות?,קביעת מתחם העונש ההולם נעשית על פי עקרון ההלימה.,train
מדוע יש לשקול את הקושי שבביצוע עבודת המשטרה בהקשר לעבירות אלו?,"יש לתת את הדעת לקושי הטבעי שבביצוע עבודת המשטרה, לאור נקודות חיכוך ברורות עם האוכלוסייה ולחשיבות תפקוד תקין של המשטרה לקיומה של חברה דמוקרטית.",train
מהו העונש המומלץ כאשר לא מוסרים מחדלי כתב האישום במקרה זה?,"אמנם, באופן רגיל, מקום בו לא מוסרים מחדלי כתב האישום במקרה כגון זה, נכון וראוי לגזור עונש מאסר לריצוי בעבודות שירות ולו לתקופה קצרה בראי הענישה הנוהגת, כשהנטייה היא במקרה כזה שלא למקם את הנאשם ברף התחתון של המתחם שנקבע.",train
"מהו השיקול המרכזי שיבחן בעבירות מס, לקולא ולחומרה?","כל מקרה יבחן על פי נסיבותיו, כשהנזק שנגרם לקופת המדינה משמש שיקול מבין שיקולי הענישה בעבירות מס, לקולא ולחומרה.",train
כיצד השפיעו הודיית הנאשם וגילו הצעיר על ההחלטה לגבי ריצוי המאסר המותנה?,"במקרה דנן, מבלי להתעלם מכך שהנאשם ביצע את העבירה זמן לא רב לאחר המועד בו נגזר עליו המאסר המותנה, אך גם בשים לב להודייתו ולגילו הצעיר בעת ביצוע העבירה וכלל הנסיבות, מצאתי להורות כי המאסר המותנה ירוצה בחציו בחופף וחציו במצטבר.",train
כיצד עשויה גזירת ההליך הטיפולי להשפיע על המתלוננת ואינטרס הציבור?,"בנסיבות המקרה יהיה בגדיעת ההליך הטיפולי כדי לפגוע, בין היתר, בקורבן העבירה, המתלוננת עצמה, כמו גם באינטרס הציבורי בכללותו.",train
מה יש לקחת בחשבון בעת קביעת מתחם העונש לאור מעורבות הנאשמת?,"בעת קביעת המתחם יש להביא בחשבון את הפשע בעבורו ניתנו האמצעים, את סוג האמצעים שסופקו, ואת מידת מעורבות הנאשמת.",train
מהו המשקל שיש לתת לעברו של הנאשם בביצוע עבירות אלימות נוספות?,"יחד עם זאת, לא ניתן להתעלם מכך שכאמור, מאז ביצוע העבירות הנדונות ביצע הנאשם עבירות אלימות נוספות, כך שלא ניתן לומר שמאז שינה אורחותיו והשתקם.",train
מהן השיקולים שיש לקחת בחשבון בעת קביעת מתחם העונש?,"במסגרת קביעה זו יש להתחשב בערך החברתי אשר נפגע, במידת הפגיעה בו, בשים לב לנסיבות ביצוע העבירה, ובמדיניות הענישה הנוהגת.",train
אילו שיקולים הביאו את בתי המשפט לסטות ממתחם העונש ההולם?,"שיקולים מעין אלה אף הביאו את בתי המשפט, בנסיבות המיוחדות של התיקים אשר נדונו בפניהם, לסטות ממתחם העונש ההולם (ר' ת\פ (ת\""א) 35610-12-10 מדינת ישראל נ' ברוך (4.1.2017), ת\""פ (רמלה) 21679-04-15 מדינת ישראל נ'' בראנץ (24.2.2016).""",train
מהו הערך המוגן שנפגע במידה לא מבוטלת על ידי הנאשם במקרה זה?,"אשר למתחם הענישה, בתמצית, וכפי שצוין לעיל, הנאשם פגע במידה לא מבוטלת בערכים המוגנים לשלמות גופה, נפשה, כבודה וביטחונה של בת הזוג ושמירה על החלשים מפני נחת זרועם של החזקים.",train
מהו המשקל של האינטרס הציבורי לעומת נסיבות אישיות בגזירת הדין בעבירות אלו?,"אמנם כידוע, בהתאם לפסיקה, בסוג זה של עבירות, מקבלים האינטרס הציבורי ושיקולי הרתעה ובכללם הרתעת הרבים בכורה על פני נסיבות אישיות (רע\פ 9004/18 יצחקי נ' מדינת ישראל (31.12.2018)), ואלה באים בין שיקוליי בעת גזירת דינו של הנאשם, יחד עם זאת יש לזכור כי שיקולי אינטרס ציבורי והרתעה אינם מאיינים את נסיבותיו האישיות של הנאשם, והענישה בסופו של יום היא לעולם אינדיווידואלית.  """,train
"כיצד השפיעו הקשיים של שירות המבחן על בניית תוכנית השל\צ לנאשמת?""","בנוסף, שקלתי את הקשיים בהם נתקל שירות המבחן בעת בניית תוכנית השל\צ לנאשמת, הנוגעים לעמדתה התוקפנית והדרשנית, ונטייתה להתפרצות במצבים בהם צרכיה האישיים אינם נענים כפי ציפייתה.""",train
"מהו הרף התחתון של מתחם הענישה במקרה זה, למרות אי הסרת המחדלים?",בנסיבות אלה ובאופן חריג יועמד עונשו של הנאשם על הרף התחתון של מתחם הענישה אשר נקבע אף מבלי שהסיר את המחדלים (ראו עניין אסולין ביחס לחשיבות השיקולים שבבסיס הסדר הטיעון בעת קביעת העונש ביחס למתחם העונש ההולם).,train
מהי השפעת ביצוע העבירות על מנגנון המסים ודיווח ההכנסות?,"בביצוע העבירות יש אף כדי להביא לשיבוש הפעולה התקינה של מנגנון המסים, ולפגיעה במנגנון הדיווח על חשיבותו הרבה.",train
מהי המסקנה לגבי המקרה הנדון ביחס לתנאי הלכת כתב?,אקדים מסקנה לנימוק ואבהיר כי המקרה דנן בבירור אינו עומד בתנאי הלכת כתב.,train
מהו מתחם הענישה שנקבע במקרה דנן עבור כלל העבירות?,"בראי נסיבות ביצוע העבירות, מידת הפגיעה בערכים המוגנים והענישה הנוהגת, ומשעולה מטיעוני הצדדים כי התייחסותם היא לכלל העבירות כאירוע, מצאתי להעמיד את מתחם הענישה במקרה דנן בגין כלל העבירות כאירוע, בין 6 חודשי מאסר ל- 18 חודשי מאסר, לצד ענישה נלווית.",train
מהי האחריות המוטלת על הנאשם להפעיל את הנאשמת למרות הקשיים הכלכליים?,"יחד עם זאת, ומבלי להקל ראש בקשיים הנטענים, משבחר הנאשם להמשיך ולהפעיל את הנאשמת חרף הקשיים היה עליו לנהוג באחריות ועל פי חוק, לדווח במועד ולהעביר את כספי המסים כנדרש.",train
מהו השיפור המשמעותי שחל במערכת יחסיו של הנאשם מאז ביצוע העבירות?," נתתי דעתי לדרך אותה עשה מאז ביצוע העבירות (לפני כ- 3 שנים ועד עתה), לכך שלא נפתחו כנגדו תיקים משך תקופה זו, לשיפור האדיר שחל במערכת יחסיו עם המתלוננות ועם בן זוגה של אמו, ולתפקודו המשפחתי והתעסוקתי.",train
מהי המדיניות בענישה הנוהגת בעבירה זו לפי ההלכה הפסוקה?,"אשר למדיניות הענישה הנוהגת, לא יכול להיות חולק כי על פי ההלכה הפסוקה נקבעה ענישה מחמירה לצד העבירה דנן.",train
מדוע הסרת המחדלים נחשבת לחשובה במיוחד בעבירות מס?,"אין להפריז בחשיבות הסרת המחדלים כשעסקינן בעבירות מס, אשר מבטאת חרטה ולקיחת אחריות אמיתית על ידי הנאשם.",train
אילו נסיבות יוצאות דופן נלקחו בחשבון בהקלת העונש במקרה זה?,"לאור נסיבות יוצאות דופן המתקיימות בעניינו הנובעות מהשילוב בין השיהוי שבהגשת כתב האישום וחלוף הזמן מאז ביצוע העבירות, לצד מצבו הבריאותי המורכב עד מאוד של הנאשם, ובשים לב לתיקון המשמעותי שבוצע בכתב האישום.",train
מהו ההבדל במתחם העונש כאשר מדובר במתחם כולל לעומת עבירות נפרדות?,מובן כי במקרים בהם יקבע מתחם כולל זה יהיה מחמיר יותר מאחר וכלל העבירות יבואו לידי ביטוי במסגרתו.,train
אילו נסיבות אישיות של הנאשם נלקחו בחשבון בעת קביעת העונש?,"נסיבותיו האישיות של הנאשם, התרשמותו החיובית של שירות המבחן ממנו כמו גם תרומתו למדינה והיותו שותף לזכייה בפרס ביטחון ישראל (ענ/9) פורטו בהרחבה בפרק הדן בביטול ההרשעה לעיל ובתסקיר, וכך גם העדרו של עבר פלילי לנאשם, חלוף הזמן מאז ביצוע העבירות, נטילת האחריות על ידו וחיסכון הזמן השיפוטי.",train
מהו הסכום הכולל של הרווח הכספי שהוסב לנאשמת בעקבות השימוש במידע פנים?,"בשנים 2017-2018 השימוש במידע פנים בוצע במסגרת שני אישומים ובביצוע עסקאות רכישה ומכירה במספר פעימות שהסבו לנאשמת רווח כספי בסך כולל של כ-184,000 ₪, והעבירות היו מתמשכות ואינן חד פעמיות, והוא שיקול משמעותי להבדיל ממקרה כגון רדו.",train
מדוע אין מקום להשוואה בין חומרת מעשי הנאשם לבין מעשיהם של לקוחותיו?,"יש לזכור כי לקוחות הנאשם פעלו להסרת מחדל המס, וממילא להשקפתי אין מקום להשוואה בין חומרת מעשי הנאשם לבין מעשיהם, אשר נהנו באופן ישיר מהנמכת המחיר שבוצעה, בעוד הנאשם הוא זה אשר פעל באופן שיטתי, מתוחכם ואקטיבי לביצוע העבירות ביחס לכלל הרכבים המפורטים בכתב האישום.",train
כיצד משפיעה עבירת אי הדיווח במועד על שיטת גביית המס?,עבירת אי הדיווח במועד פוגעת בשיטת גביית המס ואף גורמת לחסר של ממש בקופת המדינה משלא משולם המס הנובע מהדוחות שלא הוגשו.,train
מהי המסקנה לגבי מידת הפגיעה בערכים המוגנים ממעשי הנאשם?,כלל נסיבות אלה מביאות למסקנה כי מידת הפגיעה בערכים המוגנים ממעשיו של הנאשם איננה ברף הגבוה.,train
כיצד השפיעה התנהלות הנאשם על יחסו למצוקת המתלונן במהלך המשפט?,"גם אם סבור הנאשם כי התנהלותו לגיטימית לחלוטין, אין בכך למנוע הבנה למצוקת המתלונן ולכל הפחות יחס של כבוד אלמנטרי כלפיו במהלך המשפט ובעת עדותו.",train
מדוע לא אימץ בית המשפט את המלצת שירות המבחן להסתפק בעונש קל יותר?," בשל שיקולי ההלימה וההרתעה, לא מצאתי לאמץ את המלצת שירות המבחן ועתירת הסנגור להסתפק בעונש של של\צ לצד צו מבחן ומאסר על תנאי בנסיבות, חרף טענת הסנגור לפיה גם עונש של מאסר בעבודות שירות יפגע בשיקום הנאשם.""",train
מהו השיקול שהנחה את בית המשפט במיקום עונשו של גלמן במסגרת מתחמי הענישה?,"לאחר שקילת כל המפורט לעיל, ובשים לב להסכמת הצדדים לפי הסדר הטיעון, מצאתי למקם את עונשו של גלמן באמצע מתחמי הענישה, ותוך חפיפה מתאימה ביניהם.",train
מהו המצב המשפטי של הנאשם בנוגע לעמידה על חפותו?,מובן כי הנאשם רשאי היה לעמוד על חפותו ועניין זה לא ייזקף לחובתו.,train
כיצד נחשבת נטילת האחריות של הנאשמים בפן הכלכלי?,"בכך אינדיקציה מעשית לנטילת אחריות שאינה עניין של מה בכך על ידי הנאשמים בפן הכלכלי, שיש גם בה כדי חסוך זמן שיפוטי בעניין העתירה לחילוט.",train
מה ההבחנה בין טווח ענישה למתחם ענישה לפי בית המשפט?,"בית המשפט אף הבהיר את ההבחנה بین טווח ענישה, המשקף את כוח המיקוח של הצדדים לבין מתחם ענישה המשקף קביעה נורמטיבית של בת המשפט.",train
מהי המדיניות הרגילה בענישה בעבירות מס כאשר לא הוסרו המחדלים או לא שולם המס האזרחי?,"באשר לענישה קונקרטית, ניתן ללמוד כי באופן רגיל מדיניות הענישה היא מגוונת אך מוחשית, וכוללת עונשי מאסר לריצוי מאחורי סורג ובריח בעיקר מקום בו לא הוסרו המחדלים או לא שולם המס האזרחי ו/או מקרים בהם דובר בעבירות אשר נעברו בשיטתיות ו/או בהיקפים גבוהים.",train
מהי המשמעות של תיעוד חלקי של המכירה בספרים כנסיבה ממתנת?,"לצד האמור, וכנסיבה ממתנת במידת מה תישקל העובדה שחלקה הקטן של המכירה תועד על ידי הנאשמים כנדרש, כך שאין המדובר בהסתרה מוחלטת של מכירת היהלומים על ידי הנאשמים.",train
כיצד השפיעו שיקולי הרתעה ואינטרס ציבורי על קביעת העונש במקרה זה?,"בעת קביעת העונש, נתתי דעתי לעתירת הסנגור לגזור את עונשו של הנאשם למאסר על תנאי חרף אי הסרת המחדל בנסיבות המקרה, אך לאור חשיבות ההרתעה והאינטרס הציבורי המקבלים בכורה בסוג זה של עבירות על פני נסיבות אישיות (עניין יצחקיאן), ובהעדר טעמים המצדיקים זאת, לא מצאתי להיעתר לה.",train
מהו החשש שהביע הנאשם בנוגע לעונש של מאסר בעבודות שירות?,"בעת קביעת עונשו של הנאשם נתתי דעתי גם לחשש הנאשם לפיו ככל שייגזר עליו עונש של מאסר בעבודות שירות יפוטר מעבודתו בשל האיסור בחוזהו לעסוק בעבודה אחרת ללא אישור מוקדם (סעיף 3 לענ/5), אך לא מצאתי ממש בחשש זה בשים לב לנוסח הסעיף, מה גם שאין בחשש זה כדי לאפשר סטייה ממתחם הענישה שנקבע בהתאם להוראות חוק העונשין.",train
מהו העונש שהוטל על הנאשם בעקבות ההקלות שניתנו לו בגין עבירות המס?,"בין היתר משכך, מצא בית המשפט המחוזי להקל בעונש המאסר שנגזר על הנאשם אשר ביצע עבירות מס על פי סעיף 220 לפקודה וסעיף 117(ב) לחוק מע\מ, באופן ממשי, ולהעמידו על מאסר בן 9 חודשים אשר ירוצה בעבודות שירות, חלף 16 חודשי מאסר בפועל.""",train
כיצד יש לבחון את הסדר הטיעון במבחן האיזון לפי תיקון 113 לחוק העונשין?,"בנסיבות אלה, ובראי הפסיקה, בעת בחינה אם לאמץ את הסדר הטיעון, יבחן הסדר הטיעון במבחן האיזון בשים לב לשיקולי הענישה שבתיקון 113 לחוק העונשין באופן כללי ומבלי להידרש לקביעת מתחם (ע\פ 8109/15 אביטן נ' מדינת ישראל (9.6.2016).""",train
מהי מידת הפגיעה בערכים המוגנים בעקבות העבירות בתקופות ללא פעילות?,"באשר לחודשים 9/17-12/17, על פי הצהרת הנאשמים (באיחור ניכר), המדובר בתקופות ללא פעילות ומשכך, מידת הפגיעה בערכים המוגנים מביצוע העבירות בתקופה זו מתונה ביותר.",train
מהו הגורם המרכזי שמוביל להמלצה על טיפול בתחום האלימות הזוגית עבור הנאשם?,"הטעם לכך נוגע למאפייני הנאשם המפורטים בתסקיר, יחסו לעבירה ולמתלוננת, וסירובו להשתלב בטיפול בתחום האלימות הזוגית שהוא טיפול נחוץ במיוחד בנסיבותיו.",train
מהי עמדת המאשימה לגבי מתחם הענישה במקרה זה?,"בנסיבות המתוארות, עתירת המאשימה לקביעת מתחם ענישה שבין 30 ו- 50 חודשי מאסר בפועל הגיונית וסבירה ואני מוצאת לאמצה.",train
מהי החשיבות של העבר הפלילי של הנאשמים בהקשר של הענישה?,בעת בחינת הסדר הטיעון נתתי דעתי גם לכך שלחובת הנאשמים לא עומד כל עבר פלילי והרשעתם הנדונה של הנאשמים חריגה בנוף חייהם.,train
מדוע לא ניתן לחרוג לקולא או לחומרה ממתחמי הענישה שנקבעו במקרה זה?,במקרה זה אין מקום לחריגה לקולא או לחומרה ממתחמי הענישה שנקבעו.,train
"מהו העונש המומלץ במקרה של עבירות מהסוג הנדון, בהתאם לנסיבות מסוימות?","בנסיבות אלה ניתן ונכון להשקפתי לשקול הטלת עונש מאסר לריצוי בעבודות שירות לתשעה חודשים במקרים מתאימים, גם אם לא על דרך הכלל, כאשר המדובר במבצעי עבירות מהסוג הנדון.",train
מהי ההשפעה של חלוף זמן על אפקטיביות ההרתעה בעונש מאסר?,"בקשר לחלוף הזמן ולשיהוי יש לתת את הדעת גם לכך שאפקטיביות ההרתעה שבענישה בדמות מאסר מאחורי סורג ובריח לאחר שנים ארוכות נפגעת, ומוגבלת גם ביחס להרתעת הרבים.",train
כיצד השפיעו העונשים שנגזרו על הנאשמים האחרים על שיקול הדעת בעניינו של הנאשם 2?,"טרם סיום נתתי דעתי שוב לעונשם של הנאשמים האחרים בכתב האישום, ולחשיבותו של ערך השוויון ואחידות הענישה (עניין אוחנה), זאת מבלי להתעלם מההבחנה הנדרשת בין עניינם של הנאשמים האחרים לעניינו של הנאשם 2.",train
כיצד משפיעה נורמטיביות של מבצעי העבירות על קביעת העונש הקונקרטי?,"אמנם נכון כי מבצעי עבירות מהסוג הנדון הם פעמים רבות נורמטיביים ביתר תחומי חייהם, ונקבע לא אחת שאין בכך כדי למעט מחומרת ביצוע העבירות על ידם, יחד עם זאת, וודאי שיש מקום לתת משקל לאמור בעת קביעת העונש הקונקרטי לנאשם בגדרי מתחם הענישה שנקבע, וזו אף מצוות המחוקק.",train
מהו תנאי הסף השני שעליו להתקיים גם במקרה של מאסר על תנאי?,"גם לו הייתי מוצאת כי במקרה דנן המדובר במאסר על תנאי שאינו חב הפעלה, עדיין היה על תנאי הסף השני להתקיים, לפיו לא ייגזר על הנאשם עונש מאסר בגין תיק זה.",train
"מהו \מבחן הקשר ההדוק\"" שנקבע בעניין ג'אבר?""","בע\פ 4910/13 ג'אבר נ' מדינת ישראל (29.10.2014) (להלן: \""עניין ג'אבר\"") נקבע \""מבחן הקשר ההדוק\"" לפיו לשם הכרעה על בית המשפט לבחון, על פי ניסיון החיים, האם נסיבות ביצוען של העבירות מלמדות על תוכנית עבריינית אחת, ולשם כך להתחשב, בין היתר, בקיומו של תכנון משותף, שיטתיות בביצוע העבירות, סמיכות זמנים, מקום וקשר בין העבירות (ראו גם: ע\""פ 1261/15 דלאל נ' מדינת ישראל (13.9.15)).""",train
מה ההבדל בין הנאשמים לבין מי שעיסוקו מתמצה בהוצאת חשבוניות כוזבות?,"בפרט, ודומה שעל כך אין מחלוקת, יש לתת את הדעת לכך שאין המדובר במי שעיסוקו מתמצה בהוצאת חשבוניות כוזבות (כפי שקורה פעמים רבות במקרים דומים בעבירות של הוצאת חשבוניות כוזבות) אלא במי שעסק בסחר ביהלומים ולצד ביצוע העבירות ניהל עסק לגיטימי.",train
כיצד משפיעה האפקטיביות שבהרתעה על העונש שנגזר שנים לאחר ביצוע העבירות?,"בנוסף, כפי שנקבע בפסיקה, גם האפקטיביות שבהרתעה נפגעת מקום בו נגזר עונש על נאשם שנים כה ארוכות מאז ביצוע העבירות והחקירה.",train
כיצד יש לשקול את חומרת העבריינות בעונש הניתן לנאשם בעבירות מס?,"יש ליתן לחומרה זו ביטוי ממשי במסגרת גזירת עונשו של מי שהורשע בעבירות אלה, תוך מתן עדיפות לשיקולי הרתעה ולאינטרס הציבורי שבהחמרת הענישה על פני נסיבותיו האישיות של הנאשם, וכאשר נקודת המוצא היא כי העונש ההולם בעבירות אלה הוא מאסר בפועל.",train
מהו השיקול לקולא שהשפיע על החלטת בית המשפט בעניינם של הנאשמים?,"לקולא שקל בית המשפט את הודיית הנאשם ונטילת האחריות, את חלוף הזמן מאז בוצעו העבירות ומאז הגשת כתב האישום.",train
מהי עמדת השופט לגבי שיקולי שיקום במקרה זה?,"בראי חומרת העבירות שביצע הנאשם ונסיבותיהן, בשים לב לעיקרון ההלימה ומתחם הענישה שנקבע, ומשאינני מוצאת כי קמים במקרה זה שיקולי שיקום המצדיקים חריגה ממתחם הענישה אשר נקבע, אינני מוצאת לאמץ את המלצתו העונשית של שירות המבחן חרף עתירת ההגנה לכך.",train
כיצד משפיעה השעה בה התרחש האירוע על פוטנציאל הנזק שנגרם?,"האירוע התרחש בשעה 3:00 לפנות בוקר, שעה בה באופן טבעי פחות תנועה בכבישים, וגם בקשר לעבירות אלה, פוטנציאל הנזק לצד ביצוע העבירות ממשי ומשמעותי וחמור במידה רבה מהנזק שנגרם הלכה למעשה וכולל נזק פוטנציאלי של פגיעה בחיי אדם .",train
מה מעיד על תכנון מוקדם בהקמת מעבדת הסמים בדירה?,"עצם בחירתו של הנאשם להקים מעבדה בדירה עליה שילמו הנאשמים דמי שכירות, תוך אבזורה ב- 23 מנורות, 17 שנאים, מערכת אוורור ויריעות אלומיניום, ותוך שימוש בחדריה השונים מלמד על מידת התכנון שבהקמתה ואף על ההוצאה כספית לצידה – ובכך על החומרה שבמעשיו.",train
מהו האיזון שיש לבצע לפני החלטה סופית לגבי ביטול הרשעה?,"נוסף, וטרם החלטה סופית יש אף לאזן, בסוג של מקבילית כוחות, את הנזק הקונקרטי הנטען וסוגו אל מול סוג העבירה שבביצועה הורשע הנאשם ונסיבותיה ולבחון האם מתקיים יחס בלתי סביר בין הנזק הצפוי לנאשם מן ההרשעה, לבין חומרת העבירה המצדיק את ביטול ההרשעה.",train
מהו מתחם הענישה המומלץ עבור הגשת דוחות באיחור?,לאחר שקילת כל אלה אל מול הערכים המוגנים והפסיקה הנוהגת אני קובעת כי מתחם הענישה לכל אירוע של הגשת הדוחות באיחור נע בין מאסר מותנה לתקופה קצרה ל – 3 חודשי מאסר שניתן לרצותם בעבודות שירות ואילו מתחם הענישה הנוגע לדוח שלא הוגש כלל נע בין מאסר מותנה מרתיע לבין 7 חודשי מאסר.,train
מהן שתי התכליות להתחשבות בהסרת המחדל בעבירות אלו?,"להתחשבות בהסרת המחדל שתי תכליות, האחת \סילוקו של המחדל כרוך בהשלמת החסר מקופת המדינה והטבת הנזק שנגרם כתוצאה מהעבירה\"" והשנייה \""עידוד הבעת חרטה וקבלת אחריות לביצוע העבירה בידי הנאשם\"".""",train
מהו השיקול הממתן בנוגע לתכנון מוקדם בביצוע העבירה?,"לצד זאת ובאופן ממתן במידת מה, יש לתת את הדעת לכך שאין המדובר בביצוע העבירה תוך תכנון מוקדם על ידי הנאשם, ואף לא במי שהצטייד בסכין מבעוד מועד, נשא אותה על גופו (ולו לצרכי הגנה עצמית) והשתמש בה, גם אם באופן ספונטני (ראו והבחינו ע\פ 7682/18 עלקם נ' מדינת ישראל (4.4.2019)).""",train
כיצד משפיעות הנסיבות האישיות של הנאשם על מיקום העונש במתחם ההולם?,"אני סבורה כי במקרה הנדון ניתן ליתן משקל ממשי לנסיבות אישיות של הנאשם בעת מיקומו בגדרי מתחם העונש ההולם, חרף הכלל שנקבע בהלכות בית המשפט העליון לפיו בעבירות מס נדחות נסיבות אישיות מפני האינטרס הציבורי.",train
כיצד משפיעה טענת הסתבכות ואיומים על הערכת נסיבות ביצוע העבירות?,"נתתי דעתי לטענות ההגנה בדבר הסתבכות ואיומים מצד השוק האפור שברקע ביצוע העבירות אשר נטענה מבלי שהוגשה כל ראייה לאמור, אך גם אם הנטען נכון, אין בו כדי למתן באופן ממשי את נסיבות ביצוע העבירות במקרה זה, בפרט בשים לתקופת ביצוען הממושכת ואופן ביצוען.",train
כיצד השפיעה הודאת הנאשם ולקיחת האחריות על שיקולי הענישה?,"אמנם לא ניתן לזקוף לזכותו חיסכון זמן שיפוטי ניכר בנסיבות, אך הודייתו ולקיחת האחריות ישקלו לקולא במסגרת שיקולי הענישה.",train
מהו תפקיד האינטרס הציבורי בקביעת עונש מאסר והרתעה?,"בית המשפט העליון מציין את חשיבותו של האינטרס הציבורי ובכורתו על פני נסיבות אישיות, וכן את חשיבות גזירת עונש מאסר מאחורי סורג ובריח לשם הרתעה ובכללה הרתעת הרבים.",train
מהי המשמעות של הסרת המחדל בהקשר לענישה בעבירות מסוג זה?,"בסוג זה של עבירות יש להסרת המחדל משמעות רבה לעניין הענישה, והיא מעידה על חרטה כנה ונטילת אחריות שאיננה רק מהפה החוצה, ואף מביאה לתיקון הנזק הכספי שנגרם ממעשי העבירה.",train
מהי הסיבה לכך שלא מתקיימים טעמים לחריגה מהמתחמים שנקבעו במקרה זה?,במקרה דנן לא מתקיימים טעמים לחריגה לקולא או לחומרא מהמתחמים אשר נקבעו.,train
"מהי המטרה של הטלת צו של\צ על הנאשם לפי התרשמות שירות המבחן?""","זאת על מנת לחזק כוחותיו ולאפשר לו רצף תעסוקתי, בשים לב לכך שלדעת שירות המבחן יהיה בצו של\צ כדי להקטין את הסיכון להישנות עבירות דומות בעתיד, לשמר חלקיו המתפקדים של הנאשם, ולחזק את דימויו העצמי.""",train
מדוע השיהוי בהגשת כתב האישום נחשב לעינוי דין לנאשם?,"בשיהוי שהממשלתי במקרה זה אין כל הסבר לכך מצד ב\כ המאשימה, נקבע לא אחת כי שיהוי בהגשת כתב אישום מביא לעינוי דין לנאשם, לצדו אף פגיעה פוטנציאלית ביכולתו להתגונן, ויש בו כדי להביא להקלה משמעותית בעונש במקרים מתאימים.""",train
מדוע להסרת המחדלים בסוג זה של עבירות יש משמעות לקולא?,"כידוע, להסרת המחדלים בסוג זה של עבירות משמעות רבה לקולא, יש בה כדי להעיד על נטילת אחריות אמיתית וחרטה כנה, ואף לתקן את הנזק הכלכלי שנגרם מביצוע העבירות (רע\פ 7851/13 חדר עודה נ' מדינת ישראל (3.9.2015)).""",train
מהו מתחם הענישה שנקבע לעבירת אי העברת ניכויים כאשר מדובר במספר עבירות?,"ביחס לעבירת אי העברת ניכויים, באופן תדיר נקבע מתחם ענישה שתחתיתו מאסר על תנאי, גם כאשר המדובר במתחם ענישה לאירוע הכולל מספר עבירות (עניין דורנט).",train
כיצד פגע הנאשם בערכים המוגנים בביצוע עבירות הרכוש?,"כך, בביצוע עבירות הרכוש פגע הנאשם בערכים המוגנים בדמות הגנה על הקניין ורכוש הפרט.",train
מדוע ישנה חשיבות לשמירה על החלשים מפני החזקים בעבירות תקיפה?,בכל הנוגע לתקיפת המתלוננת יש לציין גם את  חשיבות השמירה על החלשים מפני נחת זרועם של החזקים.,train
מהו העיקרון המנחה בענישה בעבירות מסוג זה לפי הפסיקה?,"ככלל נקבע כי על הענישה בגין ביצוען של עבירות מסוג זה להיות משמעותית ומרתיעה וכי נסיבות אישיות נדחקות הצידה תוך מתן בכורה לאינטרס הציבורי (ר' רע\פ 3998/15 פלוני נ' מדינת ישראל (28.6.2015) ורע\""פ 977/13 אודיז נ' מדינת ישראל (20.2.2013)).""",train
מהו הערך החברתי שנפגע במקרה הנדון?,"במקרה הנדון, במעשהו פגע הנאשם בערכים המגנים על בטחונו, שלומו ושלוות נפשו של אדם.",train
מהו ההבדל בעבירה המיוחסת לקיפניס לעומת הנאשמים האחרים?,"כשבניגוד לנאשמים האחרים קיפניס הואשם והורשע בעבירה של רשלנות בחומר נפץ ולא בעבירת חבלה בכוונה מחמירה, מצאתי לקבוע מתחם ענישה שונה ומתון יותר בעניינו.",train
מדוע נחשבת עבירת גידול סם לחמורה בעיני המחוקק ובתי המשפט?,"כידוע, לעבירה של גידול סם ייחסו המחוקק ובתי המשפט חומרה רבה, זאת בראי הערכים המוגנים הנוגעים לשלומו, בריאותו ובטחונו של הציבור, ולתופעת ההתמכרות על השפעותיה ההרסניות.",train
מדוע נפגע פיקוח רשות המסים בעקבות ביצוע העבירות על ידי הנאשמים?,עוד מביצוע העבירות נפגע פיקוח רשות המסים כששיטת המס מבוססת על האמון בנישום שיגיש דוחותיו כחוק ושיטת חישוב המס וגבייתו מבוססת על הדוחות המוגשים על ידי נישומים.,train
מהו תפקיד מדיניות הענישה בקביעת מתחם העונש ההולם?,"נקבע כי מתחם העונש ההולם מגלם הכרעה ערכית המבוססת על שיקולים שונים שמדיניות הענישה היא רק אחד מהם, אין המדובר בעניין אריתמטי ולבית המשפט נתון בהקשר זה מרחב מסוים של גמישות.",train
כיצד השפיע ביצוע העבירות במרמה על ערך השוויון בחברה?,"מביצוען של העבירות, אשר בוצעו תוך שימוש במרמה עורמה ותחבולה ועל מנת לעזור לאחר להתחמק ממס, נפגע ערך השוויון.",train
מהו העיקרון המנחה לקביעת מתחם העונש ההולם בעבירות שביצע הנאשם?,"מתחם העונש ההולם נקבע בהתאם לעקרון המנחה בענישה, היינו קיומו של יחס הולם בין חומרת מעשה העבירה בנסיבותיו ומידת אשמו של הנאשם, לבין סוג ומידת העונש המוטל עליו, תוך התחשבות בערך החברתי אשר נפגע, במידת הפגיעה בו, בנסיבות הקשורות בביצוע העבירה ובמדיניות הענישה הנהוגה.",train
מהו הכלל הנוגע לכיבוד הסדרי טיעון על ידי בית המשפט?,"הכלל הוא כי בית המשפט יטה לכבד הסדר טיעון, ובכלל זאת הסדרי טיעון בהם המאשימה מגבילה את עתירתה העונשית וההגנה חופשיה בטענותיה, ויתערב בו רק מטעמים המצדיקים זאת לאחר בחינתו במבחן האיזון אשר נקבע בע\פ 1958/98 פלוני נ' מדינת ישראל (25.12.2002).""",train
מהו הקושי בביצוע העבירות בהן הורשעו הנאשמים ומהו הפיתוי הקיים?,"ביצוע העבירות בהן הורשעו הנאשמים קל, גילויין קשה וקיים פיתוי גדול לבצען.",train
מהי החשיבות של הענישה הכספית בעבירות הנעברות לצורך הפקת תועלת כלכלית?,"לעניין מתחם הקנס, מדובר בעבירות הנעברות לצורך הפקת תועלת כלכלית, הקנס הוא ממין העבירה ומשכך קיימת חשיבות לענישה כספית משמעותית אשר תלמד כי אין אף תועלת כלכלית לצד עבירות אלה.",train
כיצד הוגדר השימוש בחשבוניות כוזבות והשפעתו על קביעת מתחם העונש?,"ההוצאה והשימוש בחשבוניות כוזבות הוגדרו לא אחת כ\מכת מדינה\"" שיש להילחם בה מלחמת חורמה ויש לתת לכך משקל בעת קביעת מתחם העונש וגזירת הדין.""",train
מהו עקרון אחידות הענישה וכיצד הוא מתבטא במשפט הפלילי?,עקרון אחידות הענישה הוא עקרון יסוד במשפט הפלילי אשר נועד להבטיח שוויון בפני החוק ולמנוע שרירות בענישה...עקרון זה מקבל משנה חשיבות כאשר מדובר בנאשמים שונים המורשעים בגדרה של אותה פרשה.,train
מהו העיקרון המשפטי המנחה בבחינת מקרים של גניבה ואיומים?,מובן כי יש לבחון כל מקרה בנסיבותיו.,train
מהי הסיבה לכך שאין מקום לחריגה ממתחם הענישה שנקבע במקרה זה?,במקרה זה אין מקום לחריגה לקולא או לחומרה ממתחם הענישה שנקבע.,train
כיצד השפיע מחדל המס של הנאשם על קביעת עונשו?,"בעת קביעת עונשו של הנאשם שקלתי את העובדה שהנאשם לא הסיר להנחת דעתו של פקיד השומה את מחדל המס הנובע מההכנסות האישיות שהשמיט בהתאם להסדר הטיעון בין הצדדים, ואף לא כל חלק ממנו.",train
מהי החשיבות של ההסדרים המיוחדים בענף היהלומים בעת בחינת העבירות?,"ההסדרים המיוחדים בענף היהלומים אשר נקבעו לאור מאפייניו הייחודיים צריכים לבוא בחשבון בין יתר השיקולים, ואין ספק כי יש משמעות רבה לרקע ולענף בו בוצעו העבירות בעת בחינת נסיבות ביצוען ומידת החומרה שיש ליחס להן.",train
מהו הקריטריון המרכזי שנלקח בחשבון בעת גזירת העונש של הנאשם?,"כלל המפורט לעיל מביא למסקנה שנכון לגזור את עונשו של הנאשם קרוב לאמצע מתחם הענישה (אך לא גבוה מכך), בעיקר לאור גילו, חלוף הזמן, והעונש המקל שנגזר על חבה (תוך ביצוע הבחנה נדרשת).",train
מהי מידת הפגיעה בעבירות שביצע הנאשם באירוע השני?,"בנוגע לאירוע השני מידת הפגיעה גם כן ברף הבינוני, אך עוצמתה גבוהה מעט יותר בשים לב לביצוע העבירות תוך הפרת הוראה חוקית ולצד תקיפת בנו בזמן שההליך בתיק העיקרי מתנהל.",train
כיצד השפיעה עמדת שירות המבחן על האפשרות להתערבות טיפולית שיקומית בנוגע לנאשם?,בעת קביעת עונשו של הנאשם נתתי דעתי לעמדת שירות המבחן לפיה לא נוצר פתח להתערבות טיפולית שיקומית בעניין הנאשם בשים לב לעמדותיו והמשך השימוש בקנביס על ידיו.,train
מהו מתחם העונש ההולם וכיצד הוא משקף שיקולים שונים במדיניות הענישה?,"טרם סקירתה יש לזכור, מבלי למעט בחשיבות שקילתה וחשיבות אחידות הענישה (ע\פ 6544/16 ניסנצויג נ' מדינת ישראל (21.2.2017), כי מתחם העונש ההולם מגלם הכרעה ערכית המבוססת על שיקולים שונים שמדיניות הענישה היא רק אחד מהם.""",train
כיצד התנהלות רשויות החקירה משפיעה על עונשו של הנאשם?,בנסיבות אלה יינתן משקל להתנהלות זו של רשויות החקירה בעת קביעת עונשו של הנאשם בתוך המתחם לקולא.,train
מהן הנסיבות הייחודיות שהובילו לגזר דין של 7 חודשי מאסר לאריק כהן?,"בסופו של יום, לאור נסיבותיו הייחודיות של המקרה, חלוף הזמן ממועד ביצוע העבירות ללא הרשעה בעבירות נוספות מאז, השיהוי בהגשת כתב האישום וניסיונו של אריק כהן לשקם את חייו לפי תסקיר שהתקבל, אימצתי את הסכמת הצדדים באשר לטווח הענישה, וגזרתי את עונשו של הנאשם בתקרתו ל- 7 חודשי מאסר.",train
מהו השיקול הכלכלי שיש לקחת בחשבון בעת קביעת מתחם הקנס?,מתחם הקנס חשוב לשקול בו את המצב הכלכלי של הנאשמים בביצוע עבירות מסוג זה שהמניע לביצוען כלכלי.,train
כיצד השפיעו טענות הסנגורית על ההחלטה בעניינו של הנאשם?,לקחתי בחשבון את טענות הסנגורית בדבר מצבו הכלכלי הקשה של הנאשם והמסמכים שהוגשו לתמיכה בטענות אלה (נ/2).,train
מהו השיקול שצריך לקחת בחשבון לקולא למרות הכחשת הנאשם לגבי סחר בסם?,"נתונים אלה ישקלו לקולא, מבלי להתעלם מכך שבפני שירות המבחן הכחיש הנאשם שסחר בסם.",train
"מהו מתחם הענישה שנקבע לנאשם 3, בהתחשב בתפקידו בביצוע העבירות?","בעת גזירת דינו של נאשם 3 קיבלתי את עתירת המאשימה לקבוע מתחם שבין 6 ו-14 חודשי מאסר בפועל, לצד מאסר על תנאי, תוך שנתתי דעתי לכך שהוא אינו העבריין העיקרי או הוגה ביצוע העבירות, לא הגורם אשר עתיד היה להפיק את מירב הרווח מביצוען, ואינו בעל מומחיות בזיוף מסמכים.",train
מהו מתחם העונש המומלץ בעבירות המס שביצע הנאשם?,"לאור מידת הפגיעה הממשית בערכים המוגנים מעבירות המס שביצע הנאשם והחומרה הנוספת שבביצוען על ידו בעת שהיה מפקח במס הכנסה, ומבלי להתעלם מכך שסכום ההכנסה שבהעלמתה הורשע אינו גבוה – מתחם העונש בגין עבירות המס יקבע בין 4 חודשי מאסר שיכול וירוצו בעבודות שירות ועד 9 חודשי מאסר לצד ענישה נלווית כעתירת המאשימה.",train
מהי ההשפעה של המרמה על קביעת מתחם הענישה בעבירה זו?,המרמה המשמעותית שננקטה בביצוע העבירה והיקפה הייתה מצדיקה להשקפתי באופן רגיל קביעת מתחם ענישה שתחתיתו עונש מאסר ממשי לריצוי מאחורי סורג ובריח.,train
מדוע לא יהיה זה צודק לגזור על הנאשם עונש מאסר בשל מצבו הבריאותי?,אינני סבורה כי יהיה זה צודק וראוי לגזור על הנאשם עונש מאסר לריצוי מאחורי סורג ובריח רק בשל העובדה שאינו כשיר לבצע עבודות שירות בשל מצבו הבריאותי.,train
מהו הקושי המרכזי להקל עם הנאשם במקרה זה?,"בפרט, הקושי להקל עם הנאשם נובע מהעדר כל אמפטיה מצידו כלפיי המתלונן ואי לקיחת האחריות על ידו.",train
מהו הטעם העיקרי לכך שחלק מהשיקולים נלקחים בחשבון במסגרת קביעת העונש?,"טעם עיקרי לכך הוא שחלק מהשיקולים שהוזכרו לעיל מובאים ברגיל בחשבון במסגרת קביעת העונש בתוך המתחם\ (שם, פס' 25).""",train
"מהו הנזק שגורמות עבירות המס לכלכלת המדינה, לפי פסיקות בתי המשפט?","בתי המשפט עמדו לא פעם על הנזק הרב שמסבות עבירות המס לכלכלת המדינה וציינו את החומרה הגלומה בהן נוכח שכיחותן, הקלות שבביצוען והקושי שבגילוין.",train
מהו העיקרון המנחה בענישה בעבירות מרמה וכיצד הוא משפיע על העונש?,"יש לזכור כי המדובר בעבירות שבבסיסן מרמה, גילוין קשה וקיים פיתוי  גדול לבצען, לכן, חזרו בתי המשפט ושנו כי בסוג זה של עבירות יש מקום לענישה ממשית ומרתיעה, הכוללת בדרך כלל מאסר מאחורי סורג ובריח, כשנסיבותיו האישיות של העבריין נדחות מפני האינטרס הציבורי.",train
"כיצד השפיעה אי הסרת המחדל המלאה על עונשו של הנאשם, בהתחשב בנסיבות אחרות?","נוכח העובדה שבעניין זה המדובר בביצוע עבירות של אי הגשת דו\חות לצד עבירות ניכויים, לאור אי הסרת המחדל המלאה, אך תוך התחשבות בהסרת המחדלים שבוצעה, לצד עברו הפלילי של הנאשם ויתר הנסיבות, מצאתי למקם את עונשו של הנאשם ברף התחתון של המתחם, אך לא בתחתיתו.""",train
מהי עמדת בית המשפט לגבי הוראות תיקון 113 לחוק העונשין בהקשר להסדרי טיעון?,"בע\פ 921/17 אבו זעילה נ' מדינת ישראל (28.5.2017) (להלן: \""עניין זעילה\"") צוין שוב כי הוראות תיקון 113 לחוק העונשין אינן עומדות בסתירה לגישת האיזון הראוי וכי הערכאה הדיונית מוסמכת ונדרשת לבחון הסדרי טיעון על רקע מתחם הענישה ההולם.""",train
מהי מדיניות הענישה הכללית בעבירות מסוג זה?,"מדיניות הענישה בגין עבירות מסוג זה היא מחמירה בדרך כלל ומושפעת ממידת התחכום, משך ביצוע העבירות, השיטתיות שבביצוען וסכומי המס אשר נגזלו מהקופה הציבורית כמו גם סכומי השמטת ההכנסה.",train
מדוע אין מקום לסטייה לקולא או לחומרה במתחם הענישה במקרה זה?,"אין מנוס מלהורות כאמור, כשבמקרה זה אין מקום לסטייה לקולא או לחומרה מגדרי מתחם הענישה שנקבע.",train
מדוע קושי כלכלי אינו מקנה הקלה אוטומטית בעת קביעת מתחם הענישה?,"כידוע, קושי כלכלי בבסיס עבירות מהסוג הנדון אינו מקנה הקלה אוטומטית ומשמעותית בעת קביעת מתחם הענישה והעונש לנאשם, משעבירות נעברות באופן תדיר על רקע קושי כלכלי, ונקבע שלפרט אין זכות לבסס את המשך פעילותו העסקית על כספי ציבור שאינם שייכים לו (ראו והשוו רע\פ 4844/00 ברקאי נ' מדינת ישראל (9.12.2001).""",train
מהו השיקול המקל שנלקח בחשבון לגבי עברו הפלילי של הנאשם?,לקולא יש לשקול את העובדה שהנאשם נעדר עבר פלילי וזו לו הסתבכותו הראשונה עם החוק.,train
מהן שתי התכליות להתחשבות בהסרת מחדל בעבירות מס לפי השופט מלצר?,"ברע\פ 7851/13 עודה נ' מדינת ישראל (3.9.2015) ציין כב' השופט מלצר כי להתחשבות בהסרת המחדל שתי תכליות, האחת \""סילוקו של המחדל כרוך בהשלמת החסר מקופת המדינה והטבת הנזק שנגרם כתוצאה מהעבירה\"" והשנייה \""עידוד הבעת חרטה וקבלת אחריות לביצוע העבירה בידי הנאשם\"".""",train
מהי הסיבה לכך שאין מקום לחריגה מהמתחמים שנקבעו במקרה זה?,במקרה דנן אין מקום לחריגה לקולא או לחומרה מהמתחמים אשר נקבעו.,train
מדוע מעמדו של הנאשם כעורך דין מהווה שיקול לחומרה בענישה?,"משכך, יש בכך שהנאשם הוא עורך דין ואף ביצע את העבירות בכובעו זה כדי להוות נסיבה לחומרה המחייבת ענישה מרתיעה.",train
מהו הערך המשפטי שחשוב לשקול כאשר דנים בהגשת דוחות מס?,עוד יש לזכור את חשיבות ערך השוויון בנטל המס.,train
מהי המטרה המרכזית של הענישה במקרה זה כדי למנוע עבירות נוספות?,ברור כי על הענישה במקרה דנן להיות מרתיעה דיה על מנת להבטיח מפני ביצוע עבירות נוספות מאותו הסוג על ידי הנאשמים.,train
"מהו ההבדל בין המקרה הנוכחי למקרה בת\פ 30247-12-18 בנוגע לענישה?""","לא נעלם ממני כי כאמור, בת\פ 30247-12-18 הסתפק בית המשפט בענישה שיקומית בלבד, אך להשקפתי, במקרה זה על נסיבותיו אין מקום לעשות כן.""",train
מהי הסיבה לכך שלא נמצאו נסיבות מיוחדות המצריכות התחשבות מיוחדת בנאשם?,"יש לזכור כי סכום העבירות אינו חזות הכל, ובמקרה זה, מבלי להתעלם מנסיבותיו האישיות והכלכליות הנטענות של הנאשם שפורטו לעיל, לא מצאתי קיומן של נסיבות מיוחדות מגובות בראיות המצדיקות את אותה התחשבות מיוחדת מבוקשת על ידי ההגנה.",train
מהו העיקרון המנחה לגבי עונשם של מבצעי עבירה כאשר לא הוסר מחדל כתב האישום?,"בכל הנוגע לעונשם של מבצעי עבירה מהסוג הנדון, כפי שציינה הסנגורית, קיימים מקרים בהם גם כאשר לא הוסר מחדל כתב האישום או לא הוסר במלואו, מצא בית המשפט לגזור עונש של מאסר על תנאי לצד קנס בלבד על נאשמים בעבירות הנדונות.",train
מהו מתחם הענישה שנקבע על ידי בית המשפט לעבירות סמים מסוג קנבואיד סינטטי?,"בית המשפט ציין כי מתחמי הענישה הם בין עבודות שירות לבין כליאה, תוך הפנייה לפוטנציאל הנזק החמור \שבסמי רחוב\"" או \""סמי מעבדה\"" מסוג קנבואיד סינטטי.""",train
מהו העיקרון שעל פיו נקבע מתחם העונש ההולם במקרה זה?,"מתחם העונש ההולם נקבע על פי עיקרון ההלימה, תוך התחשבות בערך החברתי אשר נפגע, במידת הפגיעה בו, במדיניות הענישה הנוהגת ובנסיבות ביצוע העבירה.",train
מדוע יש להשית ענישה מחמירה על העבירות המיוחסות לנאשמים?,בנסיבות אלה בתי המשפט חזרו ושנו כי לצד עבירות אלה יש להשית ענישה מחמירה אשר תבטא את הפסול שבביצוען ותביא להרתעה הנדרשת ובכללה הרתעת הרבים.,train
מהו התכנון הנדרש לביצוע המעשים והאם יש להם מטרה כלכלית?,"בנוסף, המדובר במעשים המחייבים תכנון מוקדם ותחכום, ומטרת ביצועם הפקת רווח כלכלי על חשבון הקופה הציבורית.",train
מה ההבדל בין מתחם העונש ההולם לבין מדיניות הענישה הנוהגת בעבירות מס?,"מדיניות הענישה הנוהגת, ראו את דברי כב' השופטת חיות: \אין זהות בין מתחם העונש ההולם ובין מדיניות הענישה הנוהגת והובהר כי מתחם העונש ההולם מגלם 'הכרעה ערכית המבוססת על שיקולים שונים' וכי מדיניות הענישה בעבירה הנתונה היא רק אחד מאותם שיקולים\"".""",train
אילו גורמים משפיעים על גובה הקנס בעבירות המפורטות בכתב האישום?,"גובה הקנס מושפע גם מהסכומים מושא כתב האישום, מהשיטתיות שבביצוע העבירות כמו גם מיתר הנסיבות.",train
כיצד משפיע חלוף הזמן על גזירת העונש במקרה זה?,"לקחתי בכלל חשבון את חלוף הזמן המשמעותי מעת ביצוע העבירות, מעל 5 שנים, ולכך יינתן לכך משקל מתאים בעת גזירת העונש.",train
מהו מדרג העבירות שבו הורשע הנאשם בעבירות המס?,מרבית עבירות המס בביצוען הורשע הנאשם הן במדרג הגבוה ביותר של עבירות המס ובאות להגן על ערכים מוגנים החשובים למרקם החברתי במדינה.,train
מהי העילה המנויה בסעיף 51(ב1)(2) לחוק העונשין שהשפיעה על אפשרות עבודות השירות?,"לאחר קיומו של הדיון במעמד צד אחד ולאחר שנתתי דעתי לדברים שהובאו בפני במסגרת אותו דיון, מצאתי כי כדין סבר הממונה על עבודות השירות שלא ניתן לאפשר לנאשם לרצות עונש מאסר, ככל שיגזר עליו, בעבודות שירות מהעילה המנויה בסעיף 51(ב1)(2) לחוק העונשין.",train
אילו ערכים מוגנים נוגעים לעבירות ניכוי מס תשומות ללא מסמך כדין?,"הערכים המוגנים בעבירות דנן, נוגעים לחשיבותה של הקופה הציבורית לכלכלת המדינה וביטחונה, לנזק הרב שנגרם כתוצאה מביצוע העבירות בפן הכספי ובפן הפגיעה בעקרון השוויון בנשיאת נטל המס, וכן לפגיעה באמון הציבור בשלטון החוק.",train
מהו העיקרון שעליו מתבססת קביעת מתחם העונש ההולם?,"קביעת מתחם העונש ההולם נעשית על פי עיקרון ההלימה תוך התחשבות בערך החברתי אשר נפגע, במידת הפגיעה בו, במדיניות הענישה הנוהגת ובנסיבות ביצוע העבירה.",train
מהי ההשפעה של שיקולי אינטרס ציבורי על הענישה בעבירות מס?,"טרם גזירת הדין שקלתי את העובדה שכידוע, במקרים רבים עברייני המס הם אנשים נורמטיביים ביתר תחומי חייהם, בעלי מידות טובות, ונעדרי עבר פלילי, וכי על פי הפסיקה כאמור, שיקולי אינטרס ציבורי בדמות שיקולי הרתעה ובכללם הרתעת הרבים מקבלים בכורה בסוג זה של עבירות על פני נסיבות אישיות.",train
"מהו הקושי הרגשי שהתפתחותי לילדה בעקבות מעצרו של חסין, וכיצד הוא משפיע על שיקולי הענישה?","גב' אבוחצירה אף תיארה קושי רגשי והתפתחותי לילדה מאז מעצרו של חסין, ואין ספק כי כל עונש אשר ייגזר עליו יקשה עליה – ועניין זה בא בין שיקולי.",train
מהי החשיבות שבהטלת קנס בעבירות מסוג זה?,"בלתי נמנע כי בסוג זה של עבירות, הקנס הוא ממין העבירה ומכאן החשיבות שבהטלתו, בין היתר על מנת ללמד שאין אף תועלת כלכלית מביצוע העבירות.",train
מהו הפוטנציאל הנזק שנגרם לקופה הציבורית בעקבות עבירות המס?,"לצד ביצוע עבירות המס פוטנציאל נזק ממשי לקופה הציבורית, שחשיבותה לכלכלת המדינה וביטחונה ברורה.",train
מהו הכלל לגבי כיבוד הסדר טיעון על ידי בית המשפט?,"הכלל הוא כי בית המשפט יטה לכבד הסדר טיעון ויתערב בו רק מטעמים מוצדקים, לאחר בחינתו במבחן האיזון אשר נקבע בע\פ 1958/98 פלוני נ' מדינת ישראל (25.12.2002).""",train
כיצד עבירות המס שביצעו הנאשמים פגעו בערכים המוגנים?,בנסיבות המתוארות גם עבירות המס אשר בוצעו על ידי הנאשמים פגעו פגיעה ממשית וחמורה בערכים המוגנים.,train
מהו הנזק שנגרם לקופה הציבורית כתוצאה מביצוע העבירות?,כתוצאה מביצוע עבירות מסוג זה נגרם באופן תדיר נזק רב לקופה הציבורית בפן הכספי וכן נפגע עיקרון השוויון בנשיאת נטל המס.,train
מהו הקשר בין משבר הקורונה למצבו הכלכלי של הנאשם בעת גזר הדין?,"עוד נתתי דעתי לכך שבמועד מתן גזר הדין ולאור משבר הקורונה, חווים רבים קשיים כלכליים וכך אף הוסבר על ידי הסנגור בטיעוניו לעונש.",train
מהי החשיבות של המלצת שירות המבחן בהליך השיפוטי?,"יש משמעות רבה להמלצתו של שירות המבחן כגורם מקצועי אשר מלווה את הנאשם מזה תקופה, להתרשמותו ממנו, מהפחתת הסיכון במצבו ומנזקקותו הטיפולית.",train
מדוע הסרת מחדלים בעבירות מסוג זה נחשבת לחשובה?,"כידוע, להסרת מחדלים בסוג זה של עבירות משמעות רבה וזו מביאה להקלה ניכרת בענישה.",train
אילו נסיבות לקולא הובילו לגזר דין מקל במקרה הנאשם?,"עובדה זו, יחד עם יתר הנסיבות לקולא שפורטו לעיל, ביניהן העדרו של עבר פלילי לנאשם, חלוף הזמן, הודייתו חרף קושי ראייתי, וחרטתו הכנה שבאה לידי ביטוי גם במעשה (הסרת מחדל המס להנחת דעתו של פקיד השומה והפיצוי המוסכם בהסכם לסילוק החוב שחלק ממנו כבר שולם), כמו גם  העובדה שלהערכת שירות המבחן עונש מאסר מאחורי סורג ובריח עלול להביא לרגרסיה במצבו, הביאו אותי למסקנה שבמקרה מיוחד זה, חרף חומרת העבירות, נכון לשקול בעניינו של הנאשם שיקולי שיקום ולגזור את דינו לעונש של מאסר שירוצה בעבודות שירות לתקופה המקסימלית ומאסר על תנאי מרתיע, לצד פיצוי בהתאם להסכם לסילוק החוב (ענ/7) וצו מבחן למשך שנה וחצי, במסגרתו ימשיך הנאשם את דרכו בטיפול ושיקום.",train
כיצד מתמודד הנאשם עם הקשיים השונים בחייו?,"בנוסף, כי חרף ריבוי הקשיים איתם מתמודד בתחום הרפואי, הזוגי והתעסוקתי, משתדל הנאשם לגייס כוחות לצורך התמודדות תקינה עם מצבי משבר, מבטא רצון ושאיפה לניהול אורח חיים תקין תוך הימנעות ממעורבות שולית.",train
מדוע יש לשקול חפיפה של חלק מהעונש עם עונש המאסר הנוכחי של הנאשם?,"ללא להתעלם מעברו הפלילי, ובהתחשב בהתמכרותו ובשים לב לדרך השיקומית שעשה, יש לשקול חפיפה של חלק משמעותי מהעונש שייגזר על הנאשם עם עונש המאסר אותו הוא מרצה כיום.",train
מהי המשמעות של הסרת מחדלים בסוג זה של עבירות על שיקולי הענישה?,"כידוע, הגם שהסרת המחדל איננה מעשה חסד מצד נאשם, להסרת מחדלים בסוג זה של עבירות נודעת משמעות רבה לקולא בין שיקולי הענישה.",train
כיצד תילקח הדרך שעשה הנאשם בחשבון בעת קביעת עונשו?,"עם זאת, הדרך אותה עושה הנאשם תילקח בחשבון לקולא בעת קביעת עונשו הקונקרטי.",train
כיצד משפיע הקנס על מדיניות הענישה בעבירות כלכליות?,"הקנס תואם את מדיניות הענישה הנוהגת ואת הכלל לפיו בעבירות כלכליות ובכללן עבירות המס, יש לפגוע גם בכיסו של העבריין על מנת שלא יצא נשכר גם מהפן הכלכלי.",train
מהו הנזק הנוסף שנגרם למתלונן מעבר לחבלה הפיזית במקרה זה?,"בנוסף, לא ניתן להתעלם מכך שמעבר לנזק הפיזי שנגרם למתלונן במקרה זה, בדמות חבלה בצד שמאל של הפנים מתחת לעינו, נטילת הטלפון החכם של המתלונן, מעבר לנזק הכלכלי, כרוכה גם בפוטנציאל אובדן מידע אישי אשר אוחסן במכשיר ובפגיעה בפרטיות.",train
כיצד משפיעות הנסיבות האישיות על הענישה בעבירות מס?,"מובן כי על אף כללים אלה, בסופו של יום הענישה היא  אינדיווידואלית, וגם בסוג זה של עבירות קיימת משמעות לנסיבות אישיות, הבעת חרטה, כמו גם לכלל השיקולים המנויים בסעיף 40יא לחוק העונשין.",train
"מהו הגורם שגרם לנאשמים לבצע את העבירות, לפי הממצאים?","אין לשכוח כי לא הוצגה כל סיבה או מצוקה כלכלית אשר הביאה את הנאשמים לביצוע העבירות, כך שנראה כי המדובר בביצוע העבירות לשם בצע כסף לשמו, ואף בשים לב לכך שהנאשמים הם אנשי עסקים בעלי ניסיון.",train
כיצד השפיע הרקע הכלכלי על חפיפת המתחמים בעבירות הנוגעות לדוחות?,"יחד עם זאת נוכח הנסיבות אשר הביאו לביצוע העבירות אשר פורטו על ידי ב\כ הנאשם, והרקע הכלכלי לביצוען ובראי החפיפה (לשנים 2012-2013) בביצוע העבירות הנוגעות לדוחות הנאשמת והדוחות האישיים של הנאשם, מצאתי לחפף בין המתחמים במידה מסוימת.""",train
מהי התרשמות בית המשפט לגבי השפעת ההפרעה הפוסט טראומתית על שליטת הנאשם במעשיו?,"מכלל הנתונים המפורטים לעיל בעניין הנאשם ובכלל זאת אף מדבריו שלו לפיהם \ראה שחור בעיניים\"" בעת האירוע התרשמותי היא כי ההפרעה הפוסט טראומתית ממנה סובל תרמה לתחושת האיום והדחק שחש מהתנהלות המתלונן כלפי רעייתו ואף הביאה לפגיעה מסוימת בשליטתו על מעשהו ולקושי עבורו להימנע מביצוע העבירה.""",train
מה השיקולים לקולא שנלקחו בחשבון בעת קביעת העונש?,"בעת קביעת עונשו של הנאשם, נתתי דעתי לקולא להודייתו וחיסכון הזמן השיפוטי שבכך, לגילו כיום ולמצבו המשפחתי והיותו מטופל ב- 8 קטינים.",train
מהו תפקיד מדיניות הענישה בקביעת מתחם הענישה לפי פסקי דין?,"מדיניות הענישה הנהוגה היא רק אחד המדדים לקביעת המתחם ולא בהכרח החשוב שבהם, כשעצם העובדה שלעולם יוכל כל צד למצוא פסקי דין התומכים בעמדתו, מלמדת כי אין המדובר במדד מדויק.",train
מהי המשמעות המשפטית של הסרת המחדל בהקשר לחרטה ולקיחת אחריות של הנאשם?,בהסרת המחדל ישנה הבעת חרטה ולקיחת אחריות וזו תיזקף לזכות הנאשם.,train
"מהו טווח הענישה שנקבע בעבירות לפי סעיף 117(א)(6) לחוק מע\מ וביחס לעבירה לפי סעיף 118 לחוק?""","שים לב לנסיבות ביצוע העבירות במקרה זה, ולמידת הפגיעה בערכים המוגנים מתחם עונש המאסר ביחס לכל עבירה לפי סעיף 117(א)(6) לחוק מע\מ כאירוע יקבע בין מאסר על תנאי לשבעה חודשי מאסר בפועל, וביחס לעבירה לפי סעיף 118 לחוק מע\""מ בין מאסר על תנאי ועד 3 חודשי מאסר בפועל.""",train
מדוע הענישה הנוהגת אינה המדד החשוב ביותר בקביעת מתחם הענישה?,טרם סקירתה של הענישה הנוהגת והפנייה לדוגמאות רלוונטיות יש לזכור שהענישה הנוהגת אינה המדד היחיד ואף לא החשוב ביותר בעת קביעת מתחם ענישה.,train
מדוע יש לתת דגש לחשיבות הענישה הנפרדת בעבירות מס ועבירות הדחה בחקירה?,"מברור כל האמור לעיל בין הנסיבות והעובדות, דרוש לתת דגש לעניין החשיבות של הענישה הנפרדת הן לגבי עבירות המס והן לגבי עבירות ההדחה בחקירה.",train
מה מאפיין את מעשי הנאשם במקרה זה מבחינת חומרה?,"במקרה דנן מאופיינים מעשי הנאשם בשיטתיות, תכנון, ותחכום ובכך מימד לחומרה.",train
מהו ההשלכה המשפטית של שיהוי בהגשת כתב אישום על העונש?,"כמו כן, נקבע לא אחת כי שיהוי בהגשת כתב אישום יכול להביא להקלה ממשית בעונש (ע\פ (מרכז) 57577-02-19 ילדרים נ' מדינת ישראל (21.11.2019) והפסיקה המוזכרת שם, ע\""פ 4603/17 אדרי נ' מדינת ישראל (16.7.2019) פסקה 33, ע\""פ 7989/17 דשקוב נ' מדינת ישראל (18.4.2018) פסקה 17).""",train
מהי החשיבות בהטלת אחריות פלילית על תאגידים לפי האינטרס הציבורי?,"כפי שפירטה ב\כ המאשימה בטיעוניה תוך הפנייה לפסיקה, אין חולק כי קיימת חשיבות ראשונה במעלה בהטלת אחריות פלילית על תאגידים במקרים מתאימים, בראי האינטרס הציבורי, מרכזיותם של תאגידים בפעילות הכלכלית והתחזקות מעמדם, ועל מנת שלא ניתן יהיה לחסות מעשי עבירה תחת מסך המבנה התאגידי (ראו את הסקירה המשפטית הנרחבת על ידי כב' השופטת אגמון-גונן בת\""פ (ת\""א) 59453-07-19 מדינת ישראל נ' אבי מוטולה [פורסם בנבו] (22.7.2020) (להלן: \""עניין מוטולה\"") וההפניות שם גם ביחס לענישה לתאגיד).""",train
כיצד השפיע חלוף הזמן מאז תחילת החקירה על קביעת העונש?,שקלתי גם חלוף הזמן הניכר מאז תחילת החקירה בשנת 2013 ועד הגשת כתב האישום ומאז ועד היום.,train
מדוע יש לבחון את העונש המוסכם על פי הסדר הטיעון בהתאם לאמות המידה המקובלות?,"זאת לאור המדיניות המשפטית אשר הייתה נהוגה אף טרם כניסתו של תיקון 113 לחוק העונשין לתוקף, לפיה על בית המשפט לבחון את העונש המוסכם על פי הסדר הטיעון בהתאם לאמות המידה המקובלות.",train
"מהי החשיבות של הרתעת הציבור בעבירות מס, לפי פסיקות בתי המשפט?","בתי המשפט עמדו לא אחת על חשיבות ההרתעה ובכללה הרתעת הרבים בסוג זה של עבירות, על כך שבסוג עבירות זה יש ליתן לאינטרס הציבורי בכורה על פני נסיבות אישיות, וכי דרך המלך היא לעונשי מאסר ממשיים מאחורי סורג ובריח.",train
מהו המשקל שיש לתת לכך שהנאשם יכול היה לחדול מהעבירות אך לא עשה זאת?,"נתתי דעתי גם לכך שהעבירות אשר בוצעו על ידי הנאשם אינן רגעיות או חד פעמיות ולכך שהנאשם יכול היה לחדול בכל עת מביצוע העבירות, אך המשיך לבצען.",train
כיצד משפיעה התנהלות הנאשם בהסתרת עסקאות על החמרת הענישה?,"התנהלותו של הנאשם באופן אקטיבי להסתרת עסקאות שביצע, מושא האישום השני, בגינן הוציא קבלות אך לא חשבוניות, מוסיפה מימד נוסף לחומרה במעשיו של הנאשם.",train
כיצד השפיעה הודאת הנאשם על ההליך השיפוטי?,הנאשם הודה בביצוע העבירה וחסך זמן שיפוטי ואלה ייזקפו לזכותו.,train
כיצד השפיעו הנסיבות האישיות של הנאשמים על קביעת העונש?,"בה בעת שקילת נסיבותיהם האישיות, ובכלל זאת את גילם, אף נתתי משקל לדרך הטובה אשר עשו, ככל שעשו, במסגרת המעצר, ובחנתי את גורמי הסיכון והסיכוי בעניינם כפי שהוערכו בתסקירי שירות המבחן.",train
מהו מתחם הענישה שנקבע במקרה זה בהתחשב במספר העבירות והיקפן?,"לאחר בחינת כלל המפורט לעיל, הנסיבות אשר פורטו לקולא ולצד זאת מספרן הרב של העבירות שנעברו (גם עם רובן חופפות) ובפרט היקף העבירות, מצאתי להעמיד את מתחם הענישה במקרה זה בין מאסר על תנאי ועד 8 חודשי מאסר בפועל ביחס לכלל העבירות כאירוע.",train
מדוע שיקולי אינטרס ציבורי והרתעה מקבלים בכורה בעבירות מס?,"כידוע, בסוג זה של עבירות שיקולי אינטרס ציבורי והרתעה המקבלים בכורה על פני נסיבות אישיות (עניין יצחקיאן), גם אם אינם מאיינים אותם.",train
מדוע הקנס נחשב לרכיב חשוב בענישה בעבירות מסוג זה?,"על פי הפסיקה הנוהגת בעבירות מסוג זה, הקנס הוא ממין העבירה ורכיב חשוב ברכיבי הענישה לשם הרתעה ועל מנת שיובהר כי אין תועלת בביצוע עבירות מהסוג הנדון אף בפן הכלכלי.",train
מהן השיקולים שיש לקחת בחשבון בעת קביעת מתחם העונש?,"במסגרת קביעה זו יש להתחשב בערך החברתי שנפגע, במידת הפגיעה בו, במדיניות הענישה הנוהגת ובנסיבות ביצוע העבירה.",train
מהו השיקול המאפשר לבית המשפט לחרוג ממתחם העונש ההולם?,"על פי סעיף 40 ד(א) לחוק העונשין קבע בית המשפט את מתחם העונש ההולם בהתאם לעיקרון המנחה ומצא כי הנאשם השתקם או כי יש סיכוי של ממש שישתקם, רשאי הוא לחרוג ממתחם העונש ההולם ולקבוע את עונשו של הנאשם לפי שיקולי שיקומו, וכן להורות על נקיטת אמצעי שיקומי כלפי הנאשם, לרבות העמדתו במבחן לפי סעיפים 82 או 86 או לפי פקודת המבחן [נוסח חדש], התשכ\ט-1969.""",train
מדוע לא ראויים הנאשמים לעונש של מאסר בפועל במקרים אלו?,"אין הם ראויים לעונש של מאסר בפועל מאחורי סורג ובריח, ועל כן הסדר הטיעון בעניינם שמדבר על עונש של מאסר בעבודות שירות.",train
מהו העיקרון המנחה לקביעת מתחם העונש ההולם בעבירות סחר בסמים?,"כידוע, מתחם העונש ההולם נקבע בהתאם לעקרון המנחה בענישה, היינו קיומו של יחס הולם בין חומרת מעשה העבירה בנסיבותיו ומידת אשמו של הנאשם, לבין סוג ומידת העונש המוטל עליו, תוך התחשבות בערך החברתי אשר נפגע, במידת הפגיעה בו, בנסיבות הקשורות בביצוע העבירה ובמדיניות הענישה הנהוגה.",train
מדוע לא ניתן להקל בעונש של נאשם שגרם לחסר בקופת המדינה?,"אין עיגון מוסרי או משפטי לבקשה להקל בעונש של מי שהביא במעשיו לחסר בקופת המדינה רק בשל האפשרות שככל הנראה, במועד לא ידוע בעתיד, תקבל רשות המסים את כספי המחדל אותו יצר.",train
מהו העיקרון שעל פיו נקבעת מידת העונש ההולם במקרה של עבירה פלילית?,"קביעת מתחם העונש ההולם נעשית על פי עיקרון ההלימה תוך התחשבות בערך החברתי אשר נפגע, במידת הפגיעה בו, במדיניות הענישה הנוהגת ובנסיבות ביצוע העבירה.",train
כיצד מעשיו של הנאשם פוגעים באמון הציבור בבית המשפט וברשות המסים?,"במעשים אלה יש אף כדי להביא לפגיעה עקיפה באמון הציבור בבית המשפט ובמעמדו של בית המשפט, וכך גם באמון ברשות המסים, ובערך המוגן של גילוי האמת ועשיית משפט אמת.",train
"אילו מקורות פסיקה שימשו לקביעת מדיניות הענישה בעבירות מע\מ דומות?""","אני בחרתי להפנות לפסיקה שחלקה פסיקת בת המשפט העליון ופסיקה נוספת שרובה מהעת האחרונה, המדגימה את מדיניות הענישה הנוהגת בכל הקשור לעבירות מע\מ דומות לאלה שבעניינו ובהיקפים דומים.""",train
מהי ההגבלה של המלצות הועדה הציבורית בנוגע לעבירות כלכליות?,"בנוסף, לדברי בית המשפט העליון בע\פ 1656/16 דוידוביץ נ' מדינת ישראל [פורסם בנבו] (20.3.2017) לפיהם המלצות הועדה הציבורית לבחינת מדיניות הענישה והטיפול בעבריינים (נובמבר 2015) בקשר לאפקטיביות ההרתעה שלצד עונש מאסר מאחורי סורג ובריח, על נימוקיהן, מוגבלות בכל הנוגע לעבירות כלכליות, בשים לב למאפייני העבירות הכלכליות והנאשמים בהן בדרך כלל (שם, פסקה 105).""",train
מהו הקשר בין תיקון הנזק שנגרם לבין ההקלה המפליגה בעבירות אלו?,"לצד זאת, יש לזכור כי בבסיס ההקלה המפליגה למי שמסיר את מחדלי כתב האישום בעבירות מסוג זה -  גם תיקון הנזק שנגרם ממעשה העבירה.",train
כיצד תיבחן בחינת הסדר הטיעון בהתאם לאמות המידה המקובלות?,"בחינת הסדר הטיעון תעשה גם בהתאם לאמות מידה מקובלות המעוגנות בתיקון 113 לחוק העונשין, תשל\ז  1977 (להלן: \""חוק העונשין\""), ואף בשים לב לכך שהשיקולים הנשקלים בעת עריכת הסדר טיעון אינם זהים בהכרח לאלה הנשקלים במסגרת תיקון 113 לחוק העונשין, כשכל מקרה נבחן בהתאם לנסיבותיו (ע\""פ 921/17 אבו זעילה נ' מדינת ישראל (28.5.2017), ע\""פ 2745/18 אבו שארב נ' מדינת ישראל, פסקה 14 (8.8.2018), ע\""פ 1548/18 תום נתנאל גיא נ' מדינת ישראל, פסקה 18 (23.11.2018)).""",train
מהי החשיבות של מדיניות הענישה בהקשר לקביעת המתחם?,"ר' גם עפ\ג (ת\""א) 12063-04-15  בראונר נ' מדינת ישראל (20.07.2015) ודבריי כב' הנשיאה ברלינר (כתוארה אז) לפיהם מדיניות הענישה הנהוגה היא רק אחד המדדים לקביעת המתחם ולא בהכרח החשוב שבהם, כשעצם העובדה שלעולם יוכל כל צד למצוא פסקי דין התומכים בעמדתו, מלמדת כי אין המדובר במדד מדויק.""",train
מהו הקשר בין שיהוי בהגשת כתב אישום לבין עינוי דין ופגיעה ביכולת ההתגוננות של הנאשם?,"שיהוי בהגשת כתב אישום מביא לעינוי דין לנאשם ולצדו אף פגיעה פוטנציאלית ביכולתו להתגונן ונקבע לא אחת כי יש בו כדי להביא להקלה ממשית בעונש במקרים מתאימים (ע\פ (מרכז) 57577-02-19 ילדרים נ' מדינת ישראל (21.11.2019) והפסיקה המוזכרת שם, ע\""פ 4603/17 אדרי נ' מדינת ישראל (16.7.2019) פסקה 33, ע\""פ 7989/17 דשקוב נ' מדינת ישראל (18.4.2018) פסקה 17).""",train
מדוע התייחסות סלחנית לאי קיום הוראות החוק עלולה להשפיע על ציבור משלמי המסים?,התייחסות סלחנית לאי קיום הוראות החוק עלולה להביא אף להיעדר המוטיבציה של כלל ציבור משלמי המסים לדווח ולשלם מסיהם כנדרש על פי חוק.,train
מהו הקשר בין סוג העבירה לקנס המוטל עליה?,"לעניין מתחם הקנס, מדובר בעבירות הנעברות לצורך הפקת תועלת כלכלית, הקנס הוא ממין העבירה  ומשכך קיימת חשיבות לענישה כספית משמעותית אשר תלמד כי אין אף תועלת כלכלית לצד עבירות אלה.",train
מהו הרף התחתון של מתחם העונש ההולם בעבירות מס משמעותיות?,"מבחינת מדיניות הענישה הנוהגת עולה כי בחלק מהמקרים הרף התחתון של מתחם העונש ההולם עומד על מאסר מותנה בגין כל אירוע, גם כאשר עסקינן בסכומי מס משמעותיים.",train
מהו הקושי שבגילוי עבירות מהסוג הנדון במקרה זה?,"במקרה זה, התקופה הממושכת בה בוצעו העבירות בפרשה הכוללת והיקפן האדיר, לצד מועד גילוין, מדגימים באופן ברור את הקושי שבגילוי עבירות מהסוג הנדון חרף הקלות הרבה לבצען, ואת חשיבות הענישה המרתיעה לצידן.",train
באיזה אופן עשויה התנהלות הנאשם להקל על הנזק שגרם בביצוע העבירה?,בהתנהלות זו של הנאשם יש כדי לרפא במידת מה את הנזק שגרם בביצוע העבירה והיא תישקל לזכותו.,train
מהו המיקום המומלץ לעונש הנאשם על פי כלל נסיבותיו?,"לסיום, כלל נסיבותיו מאפשרות מיקום עונשו בחלקו התחתון של מתחם הענישה, וכך יקבע.",train
מהו ההסבר לכך שהנאשם לא נטל אחריות מלאה על העבירות בהן הורשע?,"הנאשם לא פעל להסרת מחדלי כתב האישום, ויש טעם בטענת ב\כ המאשימה לפיה בנסיבות אלה, חרף הודיית הנאשם בביצוע העבירות, אין המדובר בנטילת אחריות מלאה.""",train
"מהו העיקרון שנקבע בע\פ 3877/16 לגבי קביעת מתחם הענישה?""","בעת קביעת מתחם הענישה יש לזכור, כפי שנקבע בע\פ 3877/16 ג'אבלי נגד  מדינת ישראל (17.11.2016), כי מתחם הענישה אינו עניין אריתמטי פשוט אלא מגלם הכרעה ערכית המבוססת על שיקולים שונים שמדיניות הענישה היא רק אחד מהם.""",train
מה מלמד פירוט השתלשלות האירוע בכתב האישום המתוקן לגבי פוטנציאל הנזק לשלום השוטרים?,פירוט השתלשלות האירוע בכתב האישום המתוקן מלמד על פוטנציאל נזק לשלום השוטרים ולכלל המשתמשים בדרך ולנזק בפועל בדמות פגיעה באכיפת החוק ובשמירה על הסדר הציבורי.,train
מהי מידת הפגיעה בערכים המוגנים בעבירה של שימוש בחשבוניות כוזבות?,מידת הפגיעה בערכים המוגנים מתעצמת מקום בו המדובר בעבירה של הפצה או שימוש בחשבוניות כוזבות.,train
"כיצד התנהלות הנאשם \מתחת לרדאר\"" משפיעה על חומרת העבירות?""","זאת בשים לב לכך שבבסיס העבירות במקרה דנן התנהלות הנאשם \מתחת לרדאר\"", וללא ניהול ספרי הנהלת חשבונות.""",train
מהו המסר המשפטי שיש להעביר ביחס לשימוש באלימות בעבירות מסוג זה?,"דומה כי זו אף העמדה הראויה לאור חומרת העבירות, והמסר הברור והתקיף שיש להעביר ביחס לשימוש באלימות בכלל ומהסוג הנדון בפרט.",train
מהי התרשמות שירות המבחן מהנאשם בנוגע לנטילת אחריות על העבירות?,"בתסקירים פורטה התרשמות שירות המבחן מהנאשם כמי שנוטל אחריות לביצוע העבירות, כשלמרות שלהתרשמות שירות המבחן לאורך שנים טשטש את גבולות החוק ונקט בעיוותי חשיבה באופן הנותן לגיטימציה למעשיו, והסביר לעצמו שאינו פוגע באדם ישירות, כיום חש בושה וחרטה, והוא בעל תובנה למעשיו והורתע מההליך המשפטי.",train
מדוע נחשב אפקט ההרתעה בעבירות כלכליות למשמעותי יותר מאשר בעבירות אחרות?,נקבע כי אפקט ההרתעה בעבירות כלכליות הוא בעל משקל רב יותר מאשר בעבירות אחרות.,train
"כיצד משפיעה הוצאת החשבוניות הכוזבות בסך 2,061,101 ₪ על מידת הפגיעה בערכים המוגנים?","ביחס להוצאת החשבוניות הכוזבות בסך 2,061,101 ₪, דומה כי מידת הפגיעה בערכים המוגנים ממשית מעט יותר אך גם היא איננה ברף גבוה במיוחד.",train
מה השפעת השיטתיות והיקף המעשים על מדיניות הענישה בעבירות אלו?,"מדיניות הענישה כנגד המבצעים עבירות אלה מושפעת בדרך כלל מהשיטתיות שבמעשים והיקפם, מהנזק שנגרם לאוצר המדינה, כמו גם מהסרת המחדל מושא כתב האישום.",train
מהו השיקול שצריך לקחת בחשבון בעת בחינת האינטרס הציבורי במקרה של עונש מאסר לנאשם?,"יש לזכור בעת בחינת האינטרס הציבורי ועריכת האיזון כנדרש כי יצירת נקודת חיכוך לנאשם בנסיבותיו אשר פורטו, עם סביבה עבריינית, ככל שיושת עליו עונש מאסר מאחורי סורג ובריח, אשר עלולה להביא להתדרדרותו, גם היא לא תשרת את האינטרס הציבורי במובנו הרחב.",train
מהי עמדת המאשימה בנוגע לקביעת עונשו של הנאשם בתחתית מתחם הענישה?,"אין חולק כי נסיבות אלה מצדיקות קביעת עונשו של הנאשם בתחתית מתחם הענישה, וזו הייתה גם עמדת המאשימה, הגם שטענה למתחם שתחתיתו שונה.",train
מהו ההיבט שיש לשקול בנוגע לתכנון המעשים של הנאשם?,"מנגד יש לשקול את העובדה כי אין מדובר במעשים מתוכננים ויזומים, אלא בהתנהגות אימפולסיבית וספונטנית מצד הנאשם במהלך דיון משפטי טעון שהתנהל בעניינו, ותחושת תסכול שחש במהלכו.",train
מדוע יש חשיבות לענישה כספית משמעותית בעבירות הנעברות לצורך הפקת תועלת כלכלית?,"לעניין מתחם הקנס, מדובר בעבירות הנעברות לצורך הפקת תועלת כלכלית, כשהקנס הוא ממין העבירה ומשכך קיימת חשיבות לענישה כספית משמעותית אשר תלמד כי אין תועלת כלכלית לצד עבירות אלה.",train
מהי החשיבות של שקיפות פעולות התאגיד בהקשר לרישום כוזב במסמכים?,הערכים המוגנים בעבירה של רישום כוזב במסמכי תאגיד בכוונה לרמות נוגעים לחשיבות שקיפות פעולות התאגיד וכן לשמירה על טוהר המידות ולהגנה מפני הטעיה.,train
מהו השיקול שיש לקחת בחשבון בעת גזירת הדין כאשר הצדדים הסכימו על טווח ענישה?,"בעת גזירת הדין, וטרם קביעת מתחם העונש ההולם יש לתת את הדעת לטענת ההגנה, תוך הפנייה לע\פ 2524/15 שפרנוביץ נ' מדינת ישראל, (8.9.2016) (להלן: \""עניין שפרנוביץ\""), לפיה מקום בו הסכימו צדדים על טווח ענישה, אין מקום לקבוע מתחם ענישה שתקרתו גבוהה מהטווח המוסכם, לאור הסכמת הצדדים וציפיותיהם.""",train
כיצד משפיעה מחיקת החובה של חברת קורל אופנה על מידת הפגיעה בערכים המוגנים?,"גם אם נמחק חובה של חברת קורל אופנה כחיוב אזרחי, וודאי שאין בכך כדי להפחית ממידת הפגיעה שבמעשי הנאשם בערכים המוגנים ובכללם הקופה הציבורית, או להביא לכל הקלה בענישה בעניינו.",train
מי הם הנהנים העיקריים מהחשבוניות הכוזבות ומהי חומרת מעשיהם?,הנהנים העיקריים והישירים מהחשבוניות הכוזבות הם מקבלי החשבוניות הכוזבות כדוגמת הנאשם וקיימת חומרה יתרה ומשמעותית במעשיהם.,train
כיצד נשקל האינטרס הציבורי והחשיבות של הסדרי טיעון בהחלטות בית המשפט?,כל המפורט לעיל נשקל על ידי בראי חשיבות מוסד הסדרי הטיעון והאינטרס הציבורי שבבסיסם והכלל לפיו באופן רגיל יטה בית המשפט לכבד הסדר טיעון בין הצדדים ויסטה ממנו רק מקום בו מתקיימים טעמים המצדיקים זאת.,train
מהי המשמעות של אי הסרת המחדלים על ידי הנאשם על אף הדחיות שניתנו?,מנגד יש לתת את הדעת לכך שהנאשם לא הסיר את המחדלים מושא כתב האישום על אף דחיות שניתנו לשם כך ואף לא חלק סמלי מהם.,train
מהו הנזק שנגרם כתוצאה מעבירות המס המיוחסות לנאשמים?,"בנוסף, עבירות המס המיוחסות לנאשמים פוגעות בשיטת הגביה, בפיקוח הרשות וכן באמון הניתן בעוסק/נישום שיפעל על פי חוק, וידווח במועדים הקבועים בחוק.",train
האם קיימים טעמים לחריגה ממתחם הענישה במקרה זה?,אינני מוצאת כי מתקיימים במקרה זה טעמים לחריגה לקולא או לחומרה ממתחם הענישה ואף לא נטען כאמור.,train
כיצד משפיע ביצוע העבירות על הפעולה התקינה של מנגנון המסים?,"בביצוע עבירות מסוג זה יש כדי להביא לשיבוש הפעולה התקינה של מנגנון המסים ויש טעם בטענת ב\כ המאשימה לפיה מערכת המס מהווה ביטוי מודרני של האמנה החברתית עליה מושתת הרעיון המדיני העומד בבסיס דמוקרטיות מערביות.""",train
מהו הערך המוגן בעבירה של הפרת הוראה חוקית?,"הערך המוגן בעבירה של הפרת הוראה חוקית הוא האמון שניתן בנאשם כי יעמוד בתנאים שנקבעו בעניינו וכן ערך ההגנה על הסדר הציבורי, הציות למערכת אכיפת החוק וכיבודם של צווי בית המשפט.",train
מהו העונש המוסכם לנאשמת 2 בהקשר לשיקולי הרתעה?,"העונש המוסכם לנאשמת 2 הוא מקל יחסית לסוג העבירות ולהיקפן, אולם משיקולי הרתעה ונכונות לסיכום כולל, מדובר בענישה סבירה והולמת.",train
כיצד פוגע אי קיום דרישות פקיד השומה בפיקוח רשות המסים?,"אי קיומה של דרישה שנדרשה על ידיי פקיד שומה להגיש הצהרת הון, טופס רמת מחייה ודוח על הכנסות פוגע בפיקוח רשות המסים ואף באפשרות הרשות לשום שומת אמת ובכך, במקרים רבים, אף פוגע בגביית המס .",train
מהו הרף התחתון של מתחם הענישה בעבירות מסוג זה לפי הפסיקה?,"מנגד, נתתי דעתי לכך שעל פי הפסיקה אליה הפנה ב\כ הנאשמים קיימים מקרים בהם קבעו בתי המשפט כי הרף התחתון של מתחם הענישה יכול לעמוד על מאסר לריצוי בעבודות שירות גם כאשר עסקינן בעבירות מסוג זה.""",train
אילו גורמים משפיעים על מדיניות הענישה בעבירות מהסוג הנדון?,"מעיון בפסיקה עולה כי מדיניות הענישה כנגד המבצעים עבירות מהסוג הנדון מושפעת בדרך כלל מהשיטתיות שבמעשים והיקפם, מהנזק שנגרם לאוצר המדינה, כמו גם מהסרת המחדל מושא כתב האישום.",train
מדוע נחשבת אלימות בתוך המשפחה לחמורה במיוחד מבחינת הענישה?,חשוב לזכור כי אלימות בתוך המשפחה נתפסת כבעלת חומרה מיוחדת המחייבת באופן רגיל ענישה מרתיעה.,train
מדוע לא נחשב תסכולו של הנאשם כגורם מקל בענישה?,"אינני מוצאת כי ראוי או נכון לשקול לקולא במסגרת הנסיבות את תסכולו של הנאשם מהתנהלות המתלוננת, המבוססת על רמת ציפיותיו, כגורם הממתן את ביצוע העבירה על ידו.",train
מהו השיקול המרכזי שיש לקחת בחשבון בעת קביעת גובה הקנסות לנאשם בעבירות מס?,גובה הקנסות מושפע מסכום המס וממשך אי הדיווח ובעת קביעת המתחם יש להידרש גם לשאלת יכולתו הכלכלית של הנאשם.,train
מדוע החזקת קנביס ללא רישיון נחשבת לפגיעה בהגבלה שנקבעה?,"משהגבילה המדינה את השימוש בחומרים משני תודעה ובכללם קנביס ואת החזקת הכלים לשם הכנתם, יש בהחזקת קנביס ללא רישיון מאת המנהל, אף לשימוש עצמי, כדי לפגוע בהגבלה שנקבעה.",train
מדוע לא ניתן לראות בנאשם אדם נורמטיבי למרות ביצוע עבירות בתוך התא המשפחתי?,"אין לקבל הטענה כי אדם המבצע עבירות בתוך התא המשפחתי, ולו מסוג איומים, הוא אדם נורמטיבי, רק בשל העובדה שעבירותיו לא בוצעו כלפי הציבור הרחב.",train
מהן הנסיבות שמצדיקות את מיקומו של הנאשם בתחתית מתחם עונש המאסר?,כלל נסיבותיו של הנאשם המפורטות לעיל מצדיקות את מיקומו של הנאשם בתחתית מתחם עונש המאסר אשר נקבע וכך אני קובעת.,train
מהן הסיבות לכך שהפגיעה בקורבן בתוך הבית נחשבת לחמורה?,"זאת לאור המאפיינים המיוחדים של עבירות אלה, מאזן הכוחות בין הצדדים, והפגיעה בקורבן בין כותלי ביתו מבצרו, שאמור להיות מקום בטוח עבורו.",train
מהי עוצמת הפגיעה בערכים המוגנים כאשר הנאשם היה אמון על אכיפת החוק?,"גם בקשר לעבירות אלה, עוצמת הפגיעה בערכים המוגנים ממעשי הנאשם, שהיה באותה עת ממש אמון על אכיפת החוק, ממשית.",train
מדוע נלקח בחשבון חלוף הזמן מאז ביצוע העבירות בשיקולי הענישה?,במסגרת שיקולי הענישה נתתי דעתי גם לחלוף הזמן מאז ביצוע העבירות.,train
מהו השיקול הנוסף שיש לקחת בחשבון לצד שיקולי השיקום בענישה?,לצד זאת יש לזכור כי שיקולי שיקום אינם חזות הכל ולצידם שיקולים רבים נוספים.,train
מהו הכלל המנחה את בית המשפט בנוגע לכיבוד הסדר טיעון?,"הכלל הוא כי בית המשפט יטה לכבד הסדר טיעון ויתערב בו רק מטעמים המצדיקים זאת לאחר בחינתו במבחן האיזון אשר נקבע בע\פ 1958/98 פלוני נ' מדינת ישראל (25.12.2002), ובשים לב לכך שהשיקולים הנשקלים בעת עריכת הסדר טיעון אינם זהים בהכרח לאלה הנשקלים במסגרת תיקון 113 לחוק העונשין.""",train
מהו העיקרון המנחה לקביעת מתחם העונש ההולם בעבירות פליליות?,"מתחם העונש ההולם נקבע בהתאם לעקרון המנחה בענישה, היינו קיומו של יחס הולם בין חומרת מעשה העבירה בנסיבותיו ומידת אשמו של הנאשם לבין סוג ומידת העונש המוטל עליו, תוך התחשבות בערך החברתי אשר נפגע, במידת הפגיעה בו, בנסיבות הקשורות בביצוע העבירה ובמדיניות הענישה הנהוגה.",train
מהו השיקול המרכזי בהתייחסות לכך שהנאשם הוא היחיד המשלם מחיר פלילי בגין המעשים?,"אין להתעלם מהעובדה שהנאשם הוא היחיד המשלם מחיר פלילי בגין המעשים, ועניין זה יילקח בחשבון בעת קביעת עונשו.",train
מהו הכלל לגבי כיבוד הסדרי טיעון וכיצד יש לבחון אותם?,"הכלל הוא כי בית המשפט יטה לכבד הסדר טיעון ויתערב בו רק מטעמים המצדיקים זאת לאחר בחינתו במבחן האיזון אשר נקבע בע\פ 1958/98 פלוני נ' מדינת ישראל (25.12.2002) ובשים לב לכך שהשיקולים הנשקלים בעת עריכת הסדר טיעון אינם זהים בהכרח לאלה הנשקלים במסגרת תיקון 113 לחוק העונשין ובכללם צפיית הנאשם כי הסדר הטיעון יאומץ.""",train
מהו העונש שנקבע לנאשם בהתחשב בשיקולים שהוצגו?,"נוכח השיקולים שפורטו לעיל אני סבורה כי העונש הקונקרטי במקרה דנן הוא 6 חודשי מאסר בפועל, אשר יכול וירוצו בעבודות שירות,  זאת בעיקר נוכח מצבו הרפואי נפשי של הנאשם, גילו ועברו הפלילי הישן יחסית, למעט העבירה משנת 2014 אליה התייחסתי כמפורט לעיל.",train
מהו תפקיד החקירה בהקשר לבחינת טענות הגנה של חשודים?,"יש לזכור כי ללא קשר למיהות החשוד, תפקידה של החקירה הוא להגיע לחקר האמת ועל גורמי החקירה לפעול לבחינת טענות הגנה של חשודים בזמן אמת ובשקידה ראויה.",train
מה מלמדת השיטתיות בביצוע העבירות על חומרתן?,"ביצוע העבירות על ידי הנאשמים משך תקופה בת כ- 4 שנים ויותר, מלמדת על השיטתיות שבביצוען ובכך נסיבה לחומרה, גם אם הראיות בדבר ביצוע העבירות בתקופות קודומות לקלסר האדום מבוססות על הודיית הנאשם בחקירה ושיתוף הפעולה שלו עמה.",train
מהו המחדל של התביעה במקרה זה וכיצד הוא משפיע על השיקולים?,"משקל מסוים יינתן גם למחדל התביעה שנפל במקרה זה, בכך שלא נגבתה עדות מעדת הראיה הפוטנציאלית נאיה, וגם עניין זה יבוא בין שקולי.",train
כיצד יש להתייחס לנסיבות אישיות ולחרטה בעת קביעת הענישה?,"אין באמור כדי ללמד שאין ליתן כל משקל, באופן אוטומטי, לנסיבות אישיות, הבעת חרטה ויתר השיקולים הרלבנטיים המנויים בסעיף 40יא לחוק העונשין.",train
כיצד יש לקבוע את המתחם במקרה של הסדר טיעון לפי תיקון 113 לחוק העונשין?,"בכלל זאת, בקביעת המתחם נדרשת זהירות, אין המדובר בקביעת מתחם ענישה במובן הפורמלי של תיקון 113 לחוק העונשין, וקביעתו תתבצע בצורה רכה לשם \קבלת מידע והקשר לעונש שראוי לקבוע בהסדר טווח\"", בשים לב לקיומן של נסיבות מגוונות שיכולות להוביל להחלטת המדינה להגיע להסדר, כשהמשקל שיש ליתן לשיקולי תיקון 113 לחוק העונשין ולמתחם הענישה במקרה נתון משתנה בהתאם לנסיבות הקונקרטיות שהביאו להסדר.""",train
מהו הערך המוגן בעבירה של החזקת סמים שלא לצריכה עצמית?,"הערך המוגן בעבירה של החזקת סמים שלא לצריכה עצמית הוא שלום הציבור ובטחונו כמו גם החוסן החברתי, ובריאות הפרט והציבור.",train
אילו מקרים ציין בית המשפט שבהם הוקלה הענישה בשל שיהוי?,"בהקשר זה הפנה בית המשפט למקרים בהם הקל בית המשפט העליון בענישה משלא ניתן הסבר לשיהוי הנעוץ היה בהתנהלות התביעה כדוגמת ע\פ 4603/17 אדרי נגד מדינת ישראל (16.7.2019) (פסקה 33 לערעור על גזר הדין), וע\""פ 7989/17 דשקוב נגד מדינת ישראל (18.4.2018) (פסקה 11).""",train
מדוע קיימת חשיבות לענישה מרתיעה בעבירות סמים?,"המדובר בעבירות הקלות לביצוע ולצידן רווח כספי, וקיים פיתוי ממשי לבצען, וגם בשל כך קיימת חשיבות לענישה מרתיעה בגינן.",train
מהו היבט החומרה הנוסף שנמצא בביצוע העבירות במקרה זה?,"האמור מוסיף משנה חומרה למעשים, ומלמד כי בבסיס ביצוע העבירות עמד תכנון ואף תחכום מסוים מצדו.",train
כיצד משפיעה העובדה שהנאשם ביצע שלוש עבירות בקשר לעסקה אחת על הענישה?,לצד זאת שקלתי את העובדה שהמדובר בשלוש עבירות שבוצעו בקשר לעסקה אחת (ועסקאות משנה במסגרתה) וכי לא נטען ולא בוסס כי הנאשם קיבל כל תמורה עבור מעשי העבירות (למעט שכר טרחה בתחילת העסקה).,train
כיצד משפיעים שיקולי ההרתעה ואינטרס הציבורי על קביעת העונש במקרה זה?,"כל אלה ישקלו על ידי לקולא בעת קביעת עונשו של הנאשם, בשים לב לכך שהענישה היא לעולם אינדיווידואלית, אך מבלי להתעלם מכך שעל פי ההלכה, בסוג זה של עבירות יש ליתן לאינטרס הציבורי ולשיקולי ההרתעה בכורה על פני נסיבות אישיות.",train
אילו שיקולים יש לקחת בחשבון לקולא בעת גזירת העונש על הנאשם?,"יש לתת את הדעת לקולא להודייתו של הנאשם, לטענת בא כוחו בדבר שיתוף פעולה בחקירה, לחיסכון הזמן השיפוטי על ידו ולקיחת האחריות על ידו.",train
מדוע עשויה ההרשעה לפגוע בפרנסתו של הנאשם?,"בנוסף, בשל מקצועו, עצם הותרת ההרשעה על כנה עלולה להביא לפגיעה בפרנסתו.",train
כיצד נימוקי הסנגור לגבי המאסר המותנה לא התקבלו על ידי בית המשפט?,"אינני מוצאת כי המאסר המותנה שהושת על הנאשם בתיק הקודם אינו מידתי בנסיבות המקרה, כנטען ע\י הסנגור.""",train
מהו ההבדל בין עבירות המעשה חד פעמי לבין השמטת הכנסה בהקשר של התנהלות שיטתית?,"בשמים לב לכך שבמקרה דנן מדובר בביצוע עבירות במעשה חד פעמי, זאת בניגוד למקרים של השמטת הכנסה, בהם בדרך כלל, מדובר בהתנהלות שיטתית על פני תקופה.",train
מהו הכלל לגבי כיבוד הסדר טיעון וההתערבות בו על ידי בית המשפט?,"הכלל הוא כי בית המשפט יטה לכבד הסדר טיעון ויתערב בו רק מטעמים המצדיקים זאת לאחר בחינתו במבחן האיזון אשר נקבע בע\פ 1958/98 פלוני נ' מדינת ישראל (25.12.2002), ובשים לב לכך שהשיקולים הנשקלים בעת עריכת הסדר טיעון אינם זהים בהכרח לאלה הנשקלים במסגרת תיקון 113 לחוק העונשין.""",train
מהו המידע שמעיד על כך שהנאשמת לא פעלה בזלזול בחובותיה החוקיות?,"האמור מעיד על כך שהנאשמת איננה מי שפועלת בזלזול בחובותיה החוקיות, ויש בכך להקל במידת מה בעת בחינת הנסיבות.",train
מהי מסקנת בית המשפט לגבי דרגת החומרה של העבירה הנדונה?,"יש טעם בטענת המאשימה לפיה העבירה הנדונה יכולה להשתרע על פני דרגות חומרה שונות, ולאחר בחינת הנסיבות ומעשיו של הנאשם עצמו מסקנתי היא שדרגת החומרה שבמעשיו אמנם אינה זניחה, אך גם איננה ברף הגבוה ביותר.",train
מהו מבחן האיזון שעל בית המשפט לבצע בהסדר טיעון?,"על פי מבחן האיזון על בית המשפט לבחון קיומו של \איזון בין טובת ההנאה הצומחת לנאשמים מן ההסדר לעניין העונש לבין אינטרס הציבור כפי שהוא בא לידי ביטוי בעונש שבית המשפט גוזר\"" (שם, בעמ' 606).""",train
מה ההבדל בין מתחם העונש ההולם למדיניות הענישה הנוהגת?,"כפי שנפסק לא אחת \אין זהות בין מתחם העונש ההולם ובין מדיניות הענישה הנוהגת והובהר כי מתחם העונש ההולם מגלם 'הכרעה ערכית המבוססת על שיקולים שונים' וכי מדיניות הענישה בעבירה הנתונה היא רק אחד מאותם שיקולים\"".""",train
באילו מקרים יתקיים יחס בלתי סביר בין הנזק מההרשעה לחומרת העבירה?,"ביטול הרשעה יהיה מוצדק, כאמור, רק באותם המקרים בהם מתקיים יחס בלתי סביר בין הנזק הצפוי לנאשם מן ההרשעה לבין חומרת העבירה, כשהצטברות הנסיבות הקשורות בנאשם ובעבירה מצדיקות שלא להטביע בו \אות קלון של פליליות\"" (הלכת כתב).""",train
מהי המשמעות של כך שהנאשם לא פעל להסרת מחדלי כתב האישום?,"בעת בחינת הנסיבות הקונקרטיות בעניינו של הנאשם, אף לא ניתן להתעלם מכך שהנאשם לא פעל בכל דרך שהיא ולו לנסות ולהסיר את מחדלי כתב האישום.",train
כיצד מתבצעת קביעת מתחם הענישה מעבר לחישוב מתמטי פשוט?,מתחם הענישה אינו עניין אריתמטי פשוט אלא מגלם הכרעה ערכית המבוססת על שיקולים שונים שמדיניות הענישה היא רק אחד מהם.,train
מהי ההשפעה הצפויה של חזרת הנאשם לעבודה על שיקומו?,הערכת שירות המבחן היא כי גם חזרתו של הנאשם לעבודה לצד הטיפול תועיל אף היא לשיקומו ולהפחתת מסוכנותו.,train
מהי התרשמות שירות המבחן לגבי יכולתו של הנאשם להתייחס למעשיו?,"זאת בראי התרשמות שירות המבחן לפיה הנאשם מתקשה להתייחס באופן ביקורתי למעשיו, משליך את האחריות למצבו על גורמים חיצוניים ומתקשה בביקורת עצמית, כששירות המבחן אף הבהיר כי בנסיבות אלה אין מקום לתהליך של העמקה וטיפול ולהמלצה שיקומית בעניינו.",train
"מהן הנסיבות האישיות שיכולות להשפיע על הענישה בעבירות כלכליות, לפי סעיף 40יא לחוק העונשין?","בנוסף יש לזכור כי הענישה בסופו של יום אינדיווידואלית וגם בסוג עבירות זה, רשאי בית המשפט ליתן משקל מתאים לנסיבות אישיות, הבעת חרטה ויתר השיקולים הרלבנטיביים המנויים בסעיף 40יא לחוק העונשין.",train
מהו העיקרון המנחה בענישה המוביל לקביעת מתחם העונש ההולם?,"כידוע, מתחם העונש ההולם נקבע בהתאם לעקרון המנחה בענישה, היינו קיומו של יחס הולם בין חומרת מעשה העבירה בנסיבותיו ומידת אשמו של הנאשם, לבין סוג ומידת העונש המוטל עליו, תוך התחשבות בערך החברתי אשר נפגע, במידת הפגיעה בו, בנסיבות הקשורות בביצוע העבירה ובמדיניות הענישה הנהוגה.",train
מהו מתחם הענישה שנקבע במקרה זה בהתחשב בנסיבות השונות?,"לאור המפורט לעיל, ובכלל זאת נסיבות ביצוע העבירות, סוגן, הערכים המוגנים בהן, ומידת הפגיעה המשמעותית בהם, מצאתי לקבוע מתחם ענישה בין 7 ו-18 חודשי מאסר, לצד ענישה נלווית.",train
מדוע חשוב להטיל קנס וחילוט בעבירות שוחד ושחיתות ציבורית?,השתת הקנס והחילוט תואמים את הרציונל באשר לחשיבות הענישה הכלכלית כאשר עסקינן בעבירות שרווח כלכלי בצדן בכלל ועבירות שחיתות ציבורית ושוחד בפרט.,train
מהי עמדת שירות המבחן לגבי עונש מאסר והשפעתו על הנאשם?, עוד נתתי דעתי לעמדת שירות המבחן בתסקיר השני לפיה עונש של מאסר ולו בעבודות שירות עלול להביא להתדרדרותו.,train
מדוע נגרם נזק לקופה הציבורית בעקבות ביצוע עבירות מסוג זה?,"יש לזכור כי כתוצאה מביצוע עבירות מהסוג דנן נגרם באופן תדיר נזק רב לקופה הציבורית בפן הכספי, וכן נפגע עיקרון השוויון בנשיאת נטל המס.",train
מהי הסתירה שהתגלתה בעדות גב' יעקובוביץ בנוגע לשיתוף המידע על עברו הפלילי של הנאשם?,"בעת בחינת המשקל שיש לתת להתרשמות גב' יעקובוביץ מהנאשם והתהליך אותו הוא עובר, לא ניתן להתעלם מכך שלמרות התרשמותה מפתיחות ושיתוף אצל הנאשם, ובסתירה לאותה התרשמות, בעדותה בבית המשפט התברר כי הנאשם בחר שלא לשתף אותה בעברו הפלילי המלא מתחום המרמה וההונאה הרלבנטי לעניינו, ובכך שביצע בעבר עבירות על פקודת סימני מסחר ותלוי ועומד נגדו מאסר על תנאי.",train
כיצד השפיעו נסיבות חייו של הנאשם על שיקול הדעת בעניינו?,"נתתי דעתי לגילו ולמורכבות מצבו ונסיבות חייו אשר פורטו בהרחבה בתסקירים, ולהתמכרותו הנמצאת כאמור ברקע מעשי העבירה, ואף מקשה עד מאוד על שיקומו.",train
מהו המנעד של העונשים האפשריים לעבירות שיבוש והדחה בחקירה בהתאם לנסיבות המקרה?,"בכל הנוגע לעבירות השיבוש ההדחה בחקירה, קיים מנעד רחב של עונשים כתלות בנסיבות המקרה הקונקרטי והפגיעה בערכים המוגנים.",train
מהי חומרת הנסיבות בהתפתחות האלימה במקרה של עבירת ההתפרצות?,"אין להקל ראש בחומרת הנסיבות לפיהן במקרה דנן ההתפתחות הפוטנציאלית האלימה שלצד עבירת ההתפרצות לבית מגורים ארעה – הלכה למעשה, כשהנאשם בחר להפעיל כוח ולתקוף את המתלונן אשר שב הביתה בשעת לילה מאוחרת.",train
מדוע יש מקום לענישה ממשית ומרתיעה במקרה זה?,"בעניינו יש מקום לענישה ממשית ומרתיעה, הכוללת בדרך כלל מאסר מאחורי סורג ובריח, כשנסיבותיו האישיות של העבריין נדחות מפני האינטרס הציבורי.",train
מה היו השיקולים שהובילו למיקום עונשו של הנאשם בחלקו התחתון של מתחם הענישה?,"לאחר שקילת המפורט לעיל, ובכלל זאת גילו הצעיר והעדרו של עבר פלילי, לצד המלצת שירות המבחן, ובהינתן הסכמת הצדדים לפי הסדר הטיעון, מצאתי למקם את עונשו בנסיבותיו בחלקו התחתון של מתחם הענישה.",train
מהו העיקרון המנחה לגבי אינדיבידואליות הענישה בעת גזירת הדין?,"יחד עם זאת, מובן כי הענישה היא לעולם אינדיבידואלית ובעת גזירת הדין אין להתעלם גם ממיהותו של הנאשם וכלל נסיבותיו.",train
מהו הסיכון לעבירות חוזרות מצד הנאשם לאחר תהליך השיקום שעבר?,"בהערכת הסיכוי לשיקום על ידי שירות המבחן נשקלה האחריות שנטל הנאשם להתנהגותו, רצונו לשיקום והשינוי באורח חייו אשר בא לידי ביטוי גם בהיעדר פתיחת תיקים חדשים מאז שחרורו ממאסרו בשנת 2014, תוך שעבר תהליכי טיפול ושיקום משמעותיים וממושכים בתקופת המאסר ובפיקוח הרשות לשיקום האסיר.",train
כיצד משפיעות עבירות המס על ערך השוויון והאמון בנישומים?,מביצוען של עבירות מהסוג הנדון נפגע ערך השוויון והאמון הניתן בנישומים.,train
מהו ההבדל בין הנסיבות החמורות המוזכרות בפסיקה לבין נסיבות הנאשם?,"חשוב לציין כי חלק מהפסיקה אליה הפנתה המאשימה מדגימה נסיבות חמורות ושונות מאלה של הנאשם בענייננו, ונוגעות למי שהעלים מקור הכנסה שלם, לא דיווח על עיסוקו, פעל להעלמת הכנסה משך שנים ארוכות, ואף לא הסיר את מחדלי כתב האישום.",train
כיצד השפיעה מידת החרטה והאחריות של הנאשם על קביעת העונש במקרה זה?,"לאור התרשמותי ממידת החרטה והאחריות אותה גילה הנאשם, ומשהתרשמתי כי הנאשם הורתע כנדרש במקרה דנן ומידת הסיכון ממנו נמוכה, מצאתי כי נסיבותיו הכוללות של הנאשם מצדיקות את מיקומו בתחתית מתחם העונש ההולם אשר נקבע, לצד קנס מרתיע ומאסר לצידו וכך יקבע.",train
מהו המחדל החקירתי שנוגע לחפץ שבו השתמש הנאשם בתקיפה?,"בנוסף, נתתי דעתי למחדל החקירה הנוגע להיעדרו של החפץ (כבל ומטען) שנטען שבאמצעותו תקף הנאשם את המתלוננת, כשאין אף אינדיקציה בתיק החקירה לכך שחיפשו אחריו.",train
אילו ערכים מוגנים נוגעים לעבירות המס עם כוונה להתחמק מתשלום מס?,"הערכים המוגנים בעבירות המס הכוללות כוונה להתחמק מתשלום מס או לסייע לאחר כאמור, נוגעים לחשיבותה של הקופה הציבורית לכלכלת המדינה וביטחונה.",train
כיצד משפיעים מעשיו הטובים של הנאשם בקהילה על שיקולי הענישה?,מעשיו הטובים של הנאשם בקהילה באים בין שיקולי לזכותו.,train
מהי הענישה הנוהגת בעבירות מסוג זה בהיקפים משמעותיים?,"מבחינת הענישה הנוהגת עולה כי בדרך כלל, בסוג זה של עבירות ובהיקפים ממשיים, נגזר דינם של נאשמים למאסר מאחורי סורג ובריח, תוך שבתי המשפט מדגישים את חומרת העבירות, חשיבות ההרתעה ובכללה הרתעת הרבים, ובכורתו של האינטרס הציבורי על פני נסיבות אישיות.",train
כיצד השפיעו התנאים המגבילים על גזירת עונשו של הנאשם?,"בעת גזירת עונשו של הנאשם שקלתי את העובדה שהנאשם נמצא תחת תנאים מגבילים הכוללים מעצר בית משך כשנתיים, והיה נתון במעצר של ממש תקופה של כחודשיים וחצי  על הקושי הכרוך בכך.",train
כיצד היעדר דוח מבוקר משפיע על קביעת נגרם מס מקופת המדינה?,"אמנם נכון, המאשימה לא טענה בכתב האישום או בכלל שנגרע מס מקופת המדינה מהמעשים, אך יש לזכור כי דוח מבוקר, עליו ניתן לסמוך קביעה בשאלה האם נגרע מס מקופת המדינה לא הוגש (לא במועד ולא בכלל).",train
כיצד השפיעו מאמצי הנאשם להסרת המחדלים על שיקול הענישה?,התרשמתי מכנות מאמציו לפעול להסרת המחדלים לצד קשייו הכלכליים - ואלה נשקלים לקולא על ידי.,train
מהו העונש שנקבע במקרים של אלימות פיזית ומילולית שאינה ברף הגבוה ביותר?,"לצד זאת, מעיון בפסיקה עולה כי במקרים רבים, גם כאשר אין המדובר במעשי אלימות פיזית ומילולית ברף הגבוה ביותר, ואף כאשר אלה מבוצעות לצד עבירות נוספות, בין היתר, לצד הפרת צו, בתחתית מתחם הענישה נקבע עונש של מאסר בן מספר חודשים (שבמקרים מתאימים ניתן לרצותו בעבודות שירות) ובתקרתו תקופת מאסר ממשית:",train
כיצד אי הגשת הדוחות משפיעה על פיקוח רשות המסים?,"אי הגשת הדוחות אף פוגע בפיקוח רשות המסים כאשר שיטת המס במחוזותינו מבוססת על האמון שנותנת רשות המסים בנישום, שיגיש דיווחיו כדין במועד ואף ישלם את המס ככל שזה מתחייב.",train
מדוע יש לשקול את השפעת העונש על מסלול תעסוקתו של הנאשם?,"יש לתת את הדעת לכך שקביעת עונשו של הנאשם למאסר ולו בעבודות שירות עלולה לגדוע את מסלול תעסוקתו של הנאשם, המאפשר לו לפעול באופן אחראי לתשלום חובותיו ומהווה נדבך משמעותי בהליך שיקומו.",train
מה קבע בית המשפט בעניין זעילה לגבי מתחם הענישה והסכמות הצדדים?,"בעניין זעילה דחה בית המשפט את הטענה לפיה שגה בית המשפט המחוזי משקבע מתחם ענישה שתקרתו גבוהה מהעונש שהוסכם שהמדינה רשאית לטעון לו וציין כי קבלת הטענה מסוג זה משמעה שלילת שיקול הדעת של בית המשפט, והיא מנוגדת להלכה הפסוקה.",train
אילו ערכים מוגנים נוגעים לעבירות המוזכרות בהקשר לקופה הציבורית?,הערכים המוגנים בעבירות אלה נוגעים לחשיבותה הרבה של הקופה הציבורית לכלכלת המדינה וביטחונה.,train
מהי המדיניות שהדגיש בית המשפט העליון בנוגע לאימוץ הסדרי טיעון?,"בעניין מצגר חזר בית המשפט העליון על המדיניות התומכת באימוץ הסדרי טיעון והדגיש את יתרונותיהם, את האינטרס הציבורי אותו הם משרתים ואת תפקידם הראוי במערכת אכיפת החוק.",train
מדוע לא התקבלה עמדת ההגנה לפיה יש לראות את הנאשם כמבצע עבירה אחת בלבד?,"נתתי דעתי לטענות ההגנה לפיהן יש לראות את הנאשם כמי שביצע עבירה אחת בלבד בנסיבות העניין וכן לפסיקה אליה הפנתה, בין היתר, ע\פ 264/83 שירי נ' מדינת ישראל פ\""ד לט(2) 380, (1985) - אך אינני מקבלת עמדתה.""",train
מהי המשמעות של התעלמות הנאשם מדרישות פקיד השומה בשנת 2012 ו-2013?,"באשר לנסיבות ביצוע העבירות יש לתת את הדעת לכך שהנאשם התעלם הלכה למעשה מדרישות שקיבל, הן בשנת 2012 והן בשנת 2013, מה שמלמד על זלזול בהוראות החוק, בחובותיו ובפקיד השומה ולכך חומרה ברורה.",train
מהו העיקרון המנחה לקביעת מתחם העונש ההולם בעבירות שביצעו הנאשמים?,"מתחם העונש ההולם נקבע בהתאם לעקרון המנחה בענישה, היינו קיומו של יחס הולם בין חומרת מעשה העבירה בנסיבותיו ומידת אשמו של הנאשם, לבין סוג ומידת העונש המוטל עליו, תוך התחשבות בערך החברתי אשר נפגע, במידת הפגיעה בו, בנסיבות הקשורות בביצוע העבירה ובמדיניות הענישה הנהוגה.",train
כיצד השפיע מצבו הכלכלי של הנאשם על שיקול הדעת בענישה במקרה זה?,"במקרה זה, נתתי דעתי לכך שהנאשם מצוי בהליך פשיטת רגל ואף לכך שחרף קשיו הכלכליים פעל לתשלום סך של 30,000 ₪, על חשבון הנזק שנגרם לקופה הציבורית.",train
מהי הגישה הרווחת בנוגע לסבירות הסדר טיעון כאשר הצדדים הסכימו על טווח ענישה?,"על פי הגישה הרווחת, גם מקום בו הסכימו הצדדים בהסדר טיעון על טווח ענישה, ובכלל זאת מקרה בו הסכימה המאשימה להגביל עצמה לעונש מסוים בעוד שההגנה חופשית בטיעוניה, יש לבחון את סבירותו של ההסדר במבחן האיזון בהתאם לאמות מידה מקובלות המעוגנות בתיקון 113 לחוק העונשין (עניין מצגר, פסקה 12 (30.4.2017)).",train
מהן הנסיבות המצביעות על רף גבוה של חומרה בעבירות שביצע הנאשם?,"מבחינת הנסיבות עולה כי במקרה זה נסיבות ביצוע העבירות הן ברף גבוה, ויש טעם מסוים בטענת המאשימה לפיה העובדות בהם הודה הנאשם הן כאלה שאף יכולות היו לענות על יסודות עבירת השוד (ראו את ניתוחו של כב' השופט רובינשטיין בקשר ליסודות עבירת השוד במסגרת ע\פ 5942/13 אבו דלי מג'ד נ' מדינת ישראל (10.2.2014)).""",train
מהו האתגר שמציב מצבו של בנו של הנאשם על משפחתו?,"די אם אציין כי מצבו של בנו של הנאשם, אשר סובל כאמור מתסמונת גנטית נדירה, דורש טיפול צמוד סביב השעון וכרוך בהתמודדות ממשית, פיזית, כלכלית ואף נפשית של הנאשם ובני משפחתו.",train
מהו ההבדל בין ביצוע עסקאות ללא הוצאת חשבוניות לבין אי הגשת דוחות על עסקאות תועדו?,"ביצוען של עסקאות מבלי להוציא בגינן חשבוניות מס כלל ומשכך, ניהול ספרי הנהלת החשבונות בסטייה מהותית, מהווה לטעמי אירוע נפרד בו בוצעו פעולות אקטיביות על ידי הנאשם, הכוללות גם רכיב של הסתרה בשונה מהעבירות מושא סעיף 2 לכתב האישום שעניינן אי הגשת דוחות ואי דיווח על עסקאות שבוצעו אשר תועדו בחשבוניות.",train
מהי החשיבות של קנס בעבירות מס וכיצד הוא תורם להרתעה?,"כידוע, לעונש מסוג קנס חשיבות רבה בסוג זה של עבירות שכן הקנס הוא ממין העבירה ולא אחת הודגשה חשיבות הפגיעה גם בכיסו של העבריין לשם הרתעה.",train
מהי מדיניות הענישה בעבירות מס וכיצד היא מושפעת?,"מדיניות הענישה בגין ביצוע עבירות מסוג זה היא מחמירה בדרך כלל ומושפעת ממידת התחכום, משך ביצוע העבירות, השיטתיות שבביצוען וסכומי המס אשר נגזלו מהקופה הציבורית.",train
כיצד ניתן לסכם את מידת הפגיעה בערכים המוגנים בעקבות מעשי הנאשמים?,"בראי כלל המפורט לעיל, כמו גם הנזק הכספי הפוטנציאלי מביצוע העבירות וכן הפגיעה ביתר הערכים המוגנים בעבירות, ניתן לסכם ולקבוע כאמור כי מידת הפגיעה בערכים המוגנים גם ממעשי הנאשמים באישום זה איננה זניחה או נמוכה.",train
כיצד משפיעים שיקולי צדק על קביעת המתחם בענישה במקרה זה?,"השילוב בין העונשים אשר נגזרו בפרשה, על הצד המקל ובהסכמת המאשימה, לצד העובדה שלא נחקרו או הועמדו לדין חלק מהגורמים ששמותיהם הופיעו בקלסר האדום, בראי ערך השוויון, מביאים למסקנה כי יש אף לשקול שיקולי צדק בעת קביעת המתחם.",train
מהי הסיבה לסירוב להזמין תסקיר לעונש בעניינו של הנאשם למרות גילו המבוגר?,"החלטתי לסרב להזמין תסקיר לעונש בעניינו של הנאשם על אף גילו המבוגר וחרף נימוקי הסנגור, וזאת על אף שכלל חשבתי את המפורט בתסקיר שהתקבל בתיק אחר, אשר מציג תמונה עדכנית ומעמיקה בעניינו.",train
כיצד משפיע אפקט ההרתעה בעבירות כלכליות על הענישה בהשוואה לעבירות אחרות?,"בפסיקה אף נקבע כי אפקט ההרתעה בעבירות כלכליות, הוא בדרך כלל בעל משקל רב יותר מאשר בעבירות אחרות, וגם מכאן חשיבותו.",train
"מהו העיקרון המנחה בענישה בעבירות מס, בהתחשב בפיתוי ובקושי בגילוי העבירות?","בפסיקה עקבית לאורך שנים נקבע כי נוכח הפיתוי שבביצוען לצד הקושי הגדול שבגילוין, תינתן בכורה בענישה בעבירות מסוג זה לאינטרס הציבורי.",train
אילו קשיים נפשיים ורגשיים נלקחו בחשבון בעניינו של הנאשם?,"בעניינו של הנאשם שקלתי את קשייו הנפשיים והרגשיים לאורך חייו, את מצבו כיום כפי שעולה מהמסמכים הרפואיים שהוגשו (ענ/4, ענ/6), ואת העובדה שהנאשם סובל מדיכאון, חרדות, חרדה חברתית ובעל אישיות נמנעת, כשברקע מצבו סיפור משפחתי מורכב כמפורט בתסקיר.",train
"מהו העיקרון המשפטי שנקבע בע\פ 921/17 אבו זעילה נ' מדינת ישראל לגבי הסדרי טיעון ומתחם הענישה?""","כך גם בע\פ 921/17 אבו זעילה נ' מדינת ישראל (28.5.2017) (להלן: \""עניין זעילה\"") צוין כי הוראות תיקון 113 לחוק העונשין אינן עומדות בסתירה לגישת האיזון הראוי וכי הערכאה הדיונית מוסמכת ונדרשת לבחון הסדרי טיעון על רקע מתחם הענישה ההולם.""",train
באילו מקרים ניתן לקבוע עונש מאסר בעבודות שירות בעבירות מס?,"כאשר המדובר בסכומים מתונים במידת מה ובנסיבות מתאימות, קיימים מקרים בהם נקבעת תחתית מתחם עונש המאסר על עונש אותו ניתן לרצות בעבודות שירות.",train
מהו השיקול שנלקח בחשבון לחומרה בעניינו של הנאשם בהקשר למחדלי כתב האישום?,על הנאשם לא הסיר את מחדלי כתב האישום ועניין זה נשקל לחומרה בין שיקולי הענישה.,train
מהי התוצאה שהושגה בענף היהלומים בעקבות החקירה וההעמדה לדין של הנאשמים?,"נראה שהרתעה מסוימת, ולו בענף היהלומים, הושגה מעצם החקירה וההעמדה לדין של הנאשמים בפרשה.",train
מה מלמדת רשימת התיקים הסגורים של הנאשם על מסלול ההתדרדרות שלו?,"נתתי דעתי גם לענ/1, רשימת התיקים הסגורים של הנאשם שהגישה ההגנה, המלמדת על מסלול ההתדרדרות בו היה נתון סביב תקופת ביצוע העבירות ואף לפניה.",train
כיצד איזנת בין שיעור הקנס לעונש המאסר המוסכם על הנאשמים 2 ו-3?,"בנוסף, שקלתי את העובדה שלצד עונשי המאסר המוסכמים הסכימו הצדדים על תשלום קנסות ואת חשיבות הטלת קנסות בסוג זה של עבירות תוך שאיזנתי בין שיעור הקנס לנאשמים 2 ו-3 ועונש המאסר שהוסכם שייגזר עליהם.",train
באילו מקרים עשויים בתי המשפט להטיל עונש מאסר בעבודות שירות בעבירות מס?,"לצד זאת, לעיתים, במקרים מתאימים, ובכלל זאת מקרים בהם  לא הוסרו המחדלים כלל או הוסרו באופן חלקי גוזרים בתי המשפט בגין ביצוע העבירות עונשי מאסר לריצוי בעבודות שירות, לצד ענישה צופה פני עתיד וקנס.",train
מהו השיקול המרכזי שהשפיע על הענישה במקרה זה?,"משכך, הודיית הנאשם ונטילת האחריות החלקית על ידו, כמו גם חיסכון הזמן השיפוטי ישקלו לקולא בין יתר שיקולי הענישה.",train
"מהו הנזק הכלכלי שמסבות עבירות מס לעיתים קרובות למדינה, כפי שצוין בפסיקות בתי המשפט?","בתי המשפט עמדו לא פעם על הנזק הרב שמסבות עבירות מעין אלה לכלכלת המדינה וציינו את החומרה הגלומה בהן נוכח שכיחותן, הקלות שבביצוען והקושי שבגילויין .",train
מהו השיקול שהשפיע על ההחלטה להקל בעונש בשל שינוי אורחותיו של הנאשם?,"נתתי משקל לדבריו לפיהם מאז החקירה שינה אורחותיו ומתנהל על פי חוק וכן להיותה של הנאשמת חברה יצרנית הפועלת בישראל, בין היתר מטעמי ציונות ולמרות הירידה במחזורי פעילותה מאז שנת 2011 (נ/5).",train
מהו העיקרון המנחה לקביעת מתחם העונש בעבירות מס?,"קביעת מתחם העונש ההולם נעשית על פי עיקרון ההלימה תוך התחשבות בערך החברתי אשר נפגע, במידת הפגיעה בו, במדיניות הענישה הנוהגת ובנסיבות ביצוע העבירה.",train
כיצד יש לקבוע את שיעור הקנס לתאגיד בהתחשב בפגיעתו בבעלי האינטרסים השונים?,"לצד זאת, בעת קביעת שיעור הקנס לתאגיד לא ניתן לתת לעיקרון ההלימה את מלוא משקלו, כאשר בעת קביעתו יש לתת את הדעת גם לפגיעת הקנס בבעלי האינטרסים השונים בתאגיד, ובכלל זה בנושי התאגיד ועובדיו.",train
כיצד משפיע היקף המכירה והעובדה שהנאשם פעל בצוותא על שיקול הענישה?,"לצד החומרה הנובעת מסוג הסם בו סחר הנאשם, אין להתעלם מכך שהמדובר במקרה זה במכירה בהיקף קטן יחסית, לשוטר סמוי, ללא היכרות מוקדמת וכי הנאשם פעל בצוותא עם שניים נוספים.",train
כיצד השפיעה הסרת המחדל החלקית על גזר הדין של הנאשמת בהשוואה לנאשם 2?,"לאחר בחינת כלל המפורט לעיל, בראי הסרת המחדל החלקית על ידי הנאשמת, מצאתי כי נכון וראוי לגזור בעניינה עונש קל יותר מזה אשר נגזר על הנאשם 2 שלא הסיר את המחדלים כלל, משמאמציה והסרת המחדל החלקית על ידה מעידים כאמור על חרטה ונטילת האחריות על ידה, ויש בהם אף כדי לתקן את הנזק שגרמה בביצוע העבירות במידת מה.",train
כיצד תומכת התקופה הממושכת שחלפה בשיקולי השיקום של הנאשם?,"התקופה הממושכת שחלפה מאפשרת בחינת הדרך שעשה הנאשם מאז ביצוע העבירות הלכה למעשה, וגם בה יש כדי לתמוך בהעדפת שיקולי השיקום בעניינו.",train
מהו העיקרון שהדגיש בית המשפט לגבי הענישה בעבירות כלכליות?,"בית המשפט בעניין בר זיו, תוך הפניה לע\פ 677/14 דנקנר נ' מדינת ישראל (17.7.2014) ציין כי  משציינו את הכלל יש להבהיר שהענישה בסופו של יום היא אינדיווידואלית.""",train
כיצד משפיע סכום הנזק שנגרם על שיקול הענישה בעניינו של הנאשם?,בכך יש כדי להביא למיתון מסוים בנסיבות בעניינו חרף סכום הנזק האדיר שנגרם מביצוע העבירות.,train
מה מלמדות עובדות כתב האישום על מידת הפגיעה בערכים המוגנים?,עובדות כתב האישום בהן הודה הנאשם מלמדות על מידת פגיעה לא מבוטלת בערכים המוגנים ממעשיו.,train
מהו מתחם הקנס שנקבע לנאשם 3 בהתחשב בנסיבותיו האישיות ובחשיבות הקנס?,"באשר למתחם הקנס לנאשם 3, בשים לב לכלל השיקולים הצריכים לעניין ובכללם נסיבותיו האישיות לצד חשיבות קנס בסוג זה של עבירות כפי שפירטתי בעניינם של נאשמים 1 ו- 2, יעמוד מתחם הקנס בעניינו בין 30,000 ₪ ל- 70,000 ₪.",train
כיצד משפיעים הביטויים בהם השתמש הנאשם על טענות הסנגורית לגבי גזענות?,"הגם שהביטויים בהם השתמש הנאשם מעוררים אי נוחות, יש טעם בדברי הסנגורית לפיהם הנאשם השתמש בביטוי \קוף\"" גם כנגד המתלוננת שאיננה ממוצא אתיופי, וכן בטענתה לפיה לא נטען בכתב האישום המקורי או המתוקן במסגרת ההסדר כי המדובר באמירות גזעניות.""",train
מהו השיקול שהוביל להקל בעונשו של לופוליאנסקי במקרה הנדון?,"הקל בית המשפט העליון בעונשו של לופוליאנסקי משיקולי צדק, משמצא כי עונש מאסר בפועל עלול לסכן את חייו או לקצר את תוחלת חייו לאור מצבו הבריאותי וכלל נסיבותיו.",train
כיצד השפיע המצב הכלכלי והמשפחתי של הנאשם על ההחלטה בעניינו?,נתתי דעתי למצבו הכלכלי והמשפחתי המורכב של הנאשם ולמפורט בנ/1.,train
כיצד השפיעה מידת החרטה והאחריות של הנאשם על קביעת העונש בעניינו?,"לאור התרשמותי ממידת החרטה והאחריות אותה גילה הנאשם, ומידת ההרתעה שהושגה, מצאתי כי נסיבותיו הכוללות של הנאשם מצדיקות את מיקומו בתחתית מתחם העונש ההולם לצד קנס ומאסר בפועל.",train
מהו השיקול המרכזי שיש להעדיף בעבירות מסוג זה לפי בית המשפט העליון?,"יש לזכור, כפי שנקבע לא אחת על ידי בית המשפט העליון כי בסוג זה של עבירות יש ליתן את הבכורה לשיקולי ההרתעה ובכלל זאת הרתעת הנאשם והרתעת הרבים, על פני שיקולים אישיים.",train
מהו המאפיין המרכזי של העבירות שביצע הנאשם המצביע על הצורך בענישה מרתיעה?,"בבסיס כלל העבירות שבביצוען הורשע הנאשם מרמה, ביצוען קל וגילוין קשה, קיים פיתוי גדול לבצען, וגם בשל כך קיימת חשיבות לענישה מרתיעה לצידן.",train
מהי החומרה המיוחדת של העבירות הנדונות בהקשר של ניצול מצב חירום?,העבירות הנדונות נגועות בחומרה יתרה מצד הנאשמים אשר ניצלו ניצול ציני את רצונה הטוב של המדינה בשעת מלחמה.,train
מדוע לא ניתן לשנות את ההחלטה על הפעלת מאסר מותנה על פי הוראות חוק העונשין?,"עמדה זו, על פניה, וללא אסמכתאות וטיעון סדור, עומדת בניגוד להוראות המפורשות בחוק העונשין ולפסיקה הענפה אשר הדגישה כי מאסר מותנה הושת על ידי בית המשפט בתיק קודם, ולבית המשפט הגוזר את הדין בגין עבירות המפעילות את התנאי אין שיקול דעת באשר להפעלתו (למעט במקרים בהם ניתן להורות על הארכתו) גם מקום בו לדוגמא נראה כי הפעלתו איננה מידתית.",train
כיצד השפיע העבר הנקי של שני הנאשמים על ההחלטה בעניינם?,"שני הנאשמים נעדרי עבר פלילי ולטעמי יש לזקוף לזכותם את העובדה שמשך שנים ארוכות בהן ניהלו את הנאשמות, קודם לאירועים מושא כתב האישום, פעלו על פי חוק לאורך כל אותן שנים.",train
מהי החשיבות של כך שהעונש לא יפגע בסיכויי השיקום?,יש להקפיד על כך שהבחירה בעונש לא תפגע באופן ממשי בסיכויי השיקום.,train
מהו העיקרון המשפטי שעליו התבסס בית המשפט בהתייחסותו לנאשם במצבו?,"בהתאם לסעיף 40ט(א)(א)(7) לחוק העונשין ולאור קרבה לסייג לאחריות פלילית, בית המשפט ציין כי התייחסות לנאשם כאל כל נאשם אחר במצבו תחטא לעקרון ההלימה ולהוראות החוק.",train
מה עולה ממסקירת הפסיקה לגבי הענישה בעבירות סחר בסמים?,"מסקירת הפסיקה עולה כי בגין ביצוען של העבירות הנדונות, בנסיבות דומות, נוהגים בתי המשפט לקבוע מתחמי ענישה הכוללים ענישה קונקרטית ומחמירה, פעמים רבות בתחתיתם עונשי מאסר מאחורי סורג ובריח, בפרט כאשר המדובר במספר עבירות של סחר בסם (ובמקרה זה לצידה אף עבירה של החזקת סם שלא לצריכה עצמית).",train
כיצד נפגע האמון הציבורי כתוצאה מביצוע העבירות על ידי הנאשם?,"מביצוע העבירות נפגע האמון, ולצד ביצוען אף פוטנציאל נזק ממשי לקופה הציבורית, ובכך לכל אחד ואחת מאזרחיה.",train
מהי החשיבות של תיקון הנזק הכספי בעבירות מס בהקשר לענישה?,לתיקון הנזק הכספי בסוג זה של עבירות משמעות רבה לעניין הענישה ויש בה כדי ללמד על חרטה כנה מצדו של נאשם.,train
כיצד השפיע העונש שנגזר על אבו אלרוב על עניינו של גלמן?,"בעת בחינת עניינו של גלמן אף נתתי משקל מתאים לעונש שנגזר על אבו אלרוב כמפורט לעיל, בשים לב לתפקידו במסגרת האישום הראשון.",train
כיצד משפיעה חפיפת המאסרים המותנים על הענישה במקרה זה?,"חפיפת המאסרים המותנים התלויים ועומדים (בינם לבין עצמם  כהסכמת המאשימה) לצד חפיפתם עם העונש אשר ייגזר בתיק דנן, יש בה לטעמי כדי למתן מחד את אורכם של המאסרים המותנים ומנגד להבטיח ענישה מתאימה ממשית, קונקרטית ומאוזנת לנאשם.",train
"כיצד משפיעה שיטתיות העבירות על חומרתן, למרות היעדר תחכום?","אמנם אין המדובר בעבירות שבבסיסן תחכום או תכנון, אך יש מידה של שיטתיות במעשים, בשים לב למספר העבירות שבוצעו (גם אם לא כולן ברצף) ולמשך התקופה המוסיפה להם חומרה.",train
מהן הנסיבות שדרשו עונש ממשי הכולל מאסר וקנסות לנאשמות?,"למרות היות הנאשמות נעדרות עבר פלילי ופעלו להסרת מחדלים, לאחר בחינת נסיבות ביצוע העבירות והיקפן, נדרש עונש ממשי הכולל מאסר וקנסות.",train
כיצד משפיעים שיקולים ערכיים על קביעת מתחם העונש?,"כידוע, מתחם העונש איננו עניין אריתמטי פשוט אלא מגלם הכרעה ערכית המבוססת על שיקולים שונים שמדיניות הענישה היא רק אחד מהם, כשעצם העובדה שלעולם יוכל כל צד למצוא פסקי דין התומכים בעמדתו מלמדת כי אין המדובר במדד מדויק, ולבית המשפט נתון בהקשר זה מרחב מסוים של גמישות (ע\פ 1323/13 חסן נגד מדינת ישראל (5.06.2013) עפ\""ג (ת\""א) 12063-04-15 בראונר נ' מדינת ישראל (20.07.2015).""",train
כיצד משפיעים שיקולי ההלימה כאשר שיקולי השיקום חלים?,"אכן, לא מתפוגגים מאליהם שיקולי ההלימה גם כאשר חלים שיקולי השיקום.",train
מהו הכלל לגבי כיבוד הסדרי טיעון ומתי יתערב בית המשפט בהם?,"הכלל הוא כי בית המשפט יטה לכבד הסדר טיעון ויתערב בו רק מטעמים המצדיקים זאת לאחר בחינתו במבחן האיזון אשר נקבע בע\פ 1958/98 פלוני נ' מדינת ישראל (25.12.2002) ובשים לב לכך שהשיקולים הנשקלים בעת עריכת הסדר טיעון אינם זהים בהכרח לאלה הנשקלים במסגרת תיקון 113 לחוק העונשין ובכללם צפיית הנאשם כי הסדר הטיעון יאומץ.""",train
מהי החשיבות של הענישה המחמירה בעבירות הנעברות כנגד קשישים?,בית המשפט העליון התייחס לא אחת לחומרה היתרה שבעבירות הנעברות כנגד קשישים ולחשיבות הענישה המחמירה במקרים אלה.,train
מהי מסקנת בית המשפט לגבי מידת הפגיעה בערכים המוגנים בעניינו של הנאשם?,בראי כלל הנסיבות אשר פורטו לעיל – מסקנתי היא כי בעניינו של הנאשם מידת הפגיעה בערכים המוגנים איננה ברף הגבוה.,train
מהי המשמעות של הסרת המחדלים בעבירות מסוג זה לעניין הענישה?,"כידוע, להסרת המחדלים בסוג זה של עבירות משמעות רבה לעניין הענישה.",train
אילו פרמטרים נלקחו בחשבון בעת קביעת העונש הקונקרטי לנאשם?,"בעת קביעת העונש הקונקרטי לנאשם נתתי דעתי לגילו, בן 66, נשוי, אב וסב ל-3 נכדים, ללא עבר פלילי או תיקי מב\ד פתוחים, אשר הודה בביצוע העבירות ונטל אחריות ולו מילולית פורמלית (כניסוח שירות המבחן) למעשים.""",train
מהו השיקול שהוביל לכך שניהול ההוכחות על ידי הנאשם לא היה לשווא?,"לצד זאת יש לזכור ולשקול כי ניהול ההוכחות על ידי הנאשם לא היה לשווא, בשים לב לכך שהנאשם זוכה מביצוע העבירות מושא האישום השני.",train
מהי הנזקקות הטיפולית שהביע הנאשם בתסקיר שירות המבחן?,"בתסקירו ציין שירות המבחן נזקקות טיפולית ברורה אצל הנאשם וכי הנאשם מבטא חרטה ורצון לעזרה מגורמי טיפול לשינוי דפוסי חייו, כשההליך המשפטי מהווה עבורו גורם מרתיע.",train
מהי התכלית הפונקציונלית של סיווג העבירות לאירועים לפי דברי השופטת ברק ארז?,"בקשר לקביעת מספר אירועים ראו את דברי כב' השופטת ברק ארז בע\פ 6888/17 שירזי נ' מדינת ישראל (10.12.2018) לפיהם הסיווג לאירועים נועד לתכלית פונקציונלית ככלי עזר, וממילא במישור המהותי מוטל על בית המשפט הקובע מתחם ענישה לשקול את מספר המעשים וחומרתם גם כאשר הם סווגו כאירוע עברייני אחד.""",train
מהו המשקל שיינתן לנטען בעת שקילת כלל הנסיבות?,"יחד עם זאת, לנטען יינתן משקל בעת שקילת כלל הנסיבות.",train
מהו השיקול החיצוני שצריך לשקול בית המשפט בעת גזירת עונש בהסדר טיעון שנגזר בהליך גישור?,"יש לזכור שבעת בחינת עונשים מוסכמים בהסדר טיעון ועל אחת כמה וכמה כזה אשר גובש בהליך גישור, שוקל בית המשפט גם שיקולים חיצוניים לשיקולי תיקון 113 לחוק, כדוגמת חשיבות אימוצם של הסדרי טיעון לאינטרס הציבורי, צפיית הנאשם כי העונש המוסכם יאומץ וכיוצא באלה.",train
מהי מידת הפגיעה בערכים המוגנים ממעשי נאשמת 2 בהתחשב בנסיבותיה?,"מידת הפגיעה בערכים המוגנים ממעשי נאשמת 2 מתונה יותר, בהתחשב בחלקה הקטן במעשים, גיל צעיר וסוג העבירות שבהן הורשעה.",train
מהו ההיבט המיוחד כאשר מדובר בביצוע מספר רב של עבירות על פני תקופה ארוכה?,"זאת בפרט כאשר המדובר בביצוע מספר רב יחסית של עבירות (16 במספר) על פני תקופה לא מבוטלת, ואין המדובר בניסיון להפעיל עסק החווה קשיים כלכליים משך תקופה קצרה טרם קריסתו.",train
כיצד השפיעה התנהלות הנאשם על הסלמת האירוע במהלך המעצר?,"יחד עם זאת, לא ניתן להתעלם מכך שלנאשם היו מספר הזדמנויות במהלך האירוע לעצור התנהלותו ולפעול בהתאם להוראות השוטר, אך הוא בחר להסלים את האירוע ולנקוט באלימות כמפורט בכתב האישום.",train
מהי החשיבות בהטלת עונש קונקרטי על הנאשם בנסיבותיו האישיות?,"יתר על כן, דווקא בנסיבותיו של הנאשם וקשייו בהפנמת הפסול שבמעשים על ידו, קיימת חשיבות להטלת עונש קונקרטי בדמות מאסר לריצוי בעבודות שירות בגין המעשים ולו למשך תקופה קצרה, בתחתית מתחם הענישה שנקבע.",train
כיצד השפיעו הערכים המוגנים שנפגעו על גזר דינו של קריכלי?,בגזר דינו של קריכלי נתן השופט בקר דעתו לערכים המוגנים שנפגעו ולענישה הנוהגת.,train
מהו השיקול שקשור לחלוף הזמן והשפעתו על ההליך המשפטי?,נתתי דעתי לשיקולי חלוף הזמן וחשיבותם.,train
מהו המצב הרפואי של הנאשם וכיצד הוא משפיע על טיעוני הענישה?,"נתתי דעתי למצבו הרפואי המורכב כמפורט בנ/7 ובמסמכים אודות טיפולים רפואיים עליו לעבור, אשר צורפו לתיק לאחר הטיעון לעונש.",train
מהי השאלה שיש להידרש אליה בעת קביעת מתחם הקנס לנאשם?,בעת קביעת מתחם הקנס יש להידרש גם לשאלת יכולתו הכלכלית של הנאשם.,train
מהו האיזון הנדרש בין כלל הנסיבות במקרה זה במתחם הענישה?,"איזון בין כלל הנסיבות במקרה זה אינו מצדיק מיקומו של הנאשם ברף התחתון של מתחם הענישה בגין כל אירוע, תוך חפיפה מלאה ביניהם, בין היתר לאור אי הסרת החלק הארי של המחדלים ובשים לב למספר האירועים.",train
כיצד מתבטאת הגמישות של בית המשפט בהטלת עונש על הנאשם?,אין המדובר בעניין אריתמטי ולבית המשפט נתון בהקשר זה מרחב מסוים של גמישות.,train
כיצד השפיעו הנסיבות החיים הקשות על התנהלות הנאשם והקשר שלו לעבירות?,"מדובר בנסיבות חיים קשות, אשר הובילו את הנאשם להתחבר לחברה עבריינית ושולית ועל כך גם יעיד גיליון הרישום הפלילי שלו (ת/1) הכולל בין היתר, עבירות שבבסיסן אינטרס כלכלי.",train
מהו מתחם הענישה המומלץ בעבירות דומות למקרה זה?,"מתחמי הענישה בגין עבירות אלה, ובהיקפים ממשיים הדומים לאלה שבמקרה זה כוללים בתחתיתם עונשי מאסר ממשיים לריצוי מאחורי סורג ובריח, והעונש שנגזר על הנאשמים הוא עונש מאסר ממשי, תוך שבתי המשפט מדגישים את חומרת העבירות, חשיבות ההרתעה ובכללה הרתעת הרבים, ובכורתו של האינטרס הציבורי על פני נסיבות אישיות.",train
מהי מידת הפגיעה בערכים המוגנים כאשר הדוחות הוגשו באיחור?,מידת הפגיעה בערכים המוגנים מהגשתם באיחור איננה גבוהה ביותר ואף מעידה על ניסיון כן מצד הנאשמים לקיים חובותיהם על פי חוק.,train
מדוע התייחסות סלחנית לאי קיום הוראות החוק עלולה להשפיע על ציבור משלמי המסים?,"התייחסות סלחנית לאי קיום הוראות החוק תביא להיעדר מוטיבציה של כלל ציבור משלמי המסים לדווח ולשלם מסיהם כנדרש, כשיש לזכור כי כשבעבירות על פי חוק מע\מ עסקינן, הנאשם הוא צינור של הרשות בלבד לצורך העברת הכספים אליה.""",train
מהו עיסוקם של הנאשמים מעבר להוצאת חשבוניות כוזבות?,יש לתת את הדעת לכך שעיסוקם של הנאשמים לא התמצה בהוצאת חשבוניות כוזבות וכי עסקו בסחר ביהלומים לצד ביצוע העבירות.,train
כיצד משפיעה השיטה על חומרת העבירות שביצע הנאשם?,גם בביצוען של העבירות בעיקר על פני שנתיים יש כדי ללמד על שיטתיות ולהוסיף לחומרה שלצידן.,train
מהו השיקול הכלכלי שצריך להתחשב בו בעת קביעת מתחם הקנס?,בעת קביעת מתחם הקנס יש לתת את הדעת גם למצבם הכלכלי של הנאשמים.,train
מה צוין בעניין זעילה לגבי הוראות תיקון 113 לחוק העונשין והאיזון הראוי?,"בע\פ 921/17 אבו זעילה נ' מדינת ישראל (28.5.2017) (להלן: \""עניין זעילה\"") צוין שוב כי הוראות תיקון 113 לחוק העונשין אינן עומדות בסתירה לגישת האיזון הראוי וכי הערכאה הדיונית מוסמכת ונדרשת לבחון הסדרי טיעון על רקע מתחם הענישה ההולם.""",train
מהי החשיבות בהבהרת מהות התנאי בפני הנאשם?,"נתתי דעתי לטענות הסנגורית כנגד הפעלת המאסר המותנה ולנימוקיה, ובמסגרת זו לכך שבפסיקה הודגשה גם החשיבות שבהצבת אזהרה ברורה וודאית בפני הנאשם באשר למעשים אשר יביאו להפעלת התנאי, ונקבע כי על מהות התנאי להיות מובנת לנאשם על דרך הפשט ולא על דרך הפלפול (ע\פ 6420/10 סלסנר נ' מדינת ישראל [פורסם בנבו] (23.8.2011)).""",train
"מהו מתחם עונש המאסר שנקבע במקרה זה, בהתאם לנסיבות?","בש ים לב לענישה הנוהגת וכלל הנסיבות, מצאתי להעמיד את מתחם עונש המאסר בין 4 חודשי מאסר ועד 15 חודשי מאסר, לצד קנס ומאסר על תנאי מרתיע.",train
מהו העיקרון המנחה לגבי רצף העבירות שביצע הנאשם?,"לצד זאת נתתי דעתי לכך שכלל העבירות בהן הורשע הנאשם בוצעו ברצף, ובסימולטניות במרבית המקרים, ובבסיס כולן הכוונה להתחמק מתשלום מס.",train
מהו עיקרון ההלימה וכיצד הוא משפיע על ההחלטה בעניינו של הנאשם?,"במקרה דנן, בראי כלל הנסיבות אשר פורטו בהרחבה לעיל, עיקרון ההלימה אינו מאפשר להימנע מהשתת עונש של מאסר בפועל, ואף מהפעלת המאסר המותנה חלקו בחופף וחלקו במצטבר.",train
מהו השיקול הכלכלי שיש לקחת בחשבון בעת קביעת המתחם בענישה של נאשם?,בעת קביעת המתחם יש להידרש לשאלת יכולתו הכלכלית של הנאשם.,train
מדוע המחוקק מייחס חומרה מיוחדת לעבירות תקיפת קשישים?,"המחוקק מייחס חומרה מיוחדת לעבירות של תקיפת קשישים, והדבר בא לידי הן בקביעת עונש מרבי של מאסר עד חמש שנים, הן בהוראת סעיף 368ו(ד) לחוק העונשין לפיה \הורשע אדם בעבירה לפי סעיף זה, יוטל עליו עונש מאסר, שלא יהיה, בהעדר טעמים מיוחדים שיירשמו, כולו על-תנאי\"".""",train
מהי החשיבות של ענישה מרתיעה במקרה של ביצוע עבירות על ידי איש קש?,"יש לזכור כי אפילו כאשר המדובר בביצוע עבירות על ידי איש קש (ולא נטען או בוסס שזה המצב בענייננו), בתי המשפט שבו והבהירו כי קיימת חשיבות לענישה מרתיעה למבצע העבירות.",train
כיצד יש לתת משקל לרקע המפורט בעת קביעת הענישה לאישום השני?,"בנסיבות אלה, גם בקשר לאישום השני, יינתן משקל מסוים ומתאים לרקע המפורט לעיל, תוך ביצוע הבחנה כשזו נדרשת ובשים לב לכך שאין המדובר בעבירות אשר בוצעו תוך שימוש בעסקם של מגן ואלעד, וכי המדובר בביצוע מכירות ללא תיעוד.",train
"מהו המשקל שניתן לעובדה כי ד\ר דיהי אינה מומחית בטיפול בעברייני מס?""","כפי שציינה ב\כ המאשימה, ד\""ר דיהי אינה מומחית בטיפול בעברייני מס, כך שנראה שנתנה משקל יתר להיות הנאשם אדם נורמטיבי ללא דפוסים עבריינים וללא עבר פלילי – הגם שאלה הם מאפייני עברייני מס פעמים רבות.""",train
מהי מסקנת בית המשפט לגבי עונש המאסר שייגזר על הנאשם?,"מסקנתי היא נכון וצודק יהיה לקבוע כאמור את עונש המאסר שייגזר על הנאשם בתחתית מתחם הענישה, ואף לקבוע כי עונשו ירוצה בעבודות שירות.",train
מהו העונש שניתן להטיל במקרה זה לאחר שקילת כלל הנסיבות?,"לאחר שקילת  את כלל הנסיבות המפורטות לעיל, ולאחר שאף נתתי דעתי לשיקולי ההרתעה המקבלים בכורה על פני נסיבות אישיות בסוג זה של עבירות אך אינם מאיינים אותן -  מצאתי כי בנסיבותיו של מקרה זה אשר פורטו לעיל ניתן להסתפק בגזירת עונש מאסר אותו ניתן לרצות בעבודות שירות, לצד קנס, מאסר על תנאי מרתיע  והתחייבות.",train
באילו מקרים ניתן לקבוע תחתית מתחם עונש המאסר על עונש בעבודות שירות?,"כאשר המדובר בסכומים מתונים במידת מה (כמו בעניינו) ובנסיבות מתאימות, וכאשר אין המדובר בעבירות המערבות חשבוניות כוזבות, קיימים מקרים בהם נקבעת תחתית מתחם עונש המאסר על עונש אותו ניתן לרצות בעבודות שירות.",train
מהו התהליך המשמעותי שהנאשם עובר לפי דברי גב' יעקובוביץ?,"שקלתי גם את דברי גב' יעקובוביץ לפיהם הנאשם עובר תהליך שיקום משמעותי הכולל את חידוש ושימור הקשר עם ילדיו ובני משפחתו, הקמת עסק וחקר עצמי.",train
מהי החשיבות של הרתעת הרבים בעבירות מס לפי פסיקות בתי המשפט?,"בנוסף, בתי המשפט עמדו לא אחת על חשיבות הרתעת הרבים כאשר עסקינן בעבירות מס, תוך מתן בכורה לשיקולי ההרתעה והגמול והעדפתם, על פני נסיבותיו האישיות של הנאשם (רע\פ 3857/13 יצחקיאן נ' מדינת ישראל (30.07.2013)).""",train
מהי הסיבה לכך שאין נסיבות לחריגה מהמתחמים שנקבעו במקרה זה?,במקרה דנן לא מתקיימות נסיבות לחריגה לקולא או לחומרה מהמתחמים אשר נקבעו.,train
מה שקל בית המשפט לגבי עדות המתלוננת והכאב שחשה בעקבות התקיפה?,"בהקשר זה שקלתי גם את עדות המתלוננת אודות הכאב והבושה שחשה והקושי עמו התמודדה ומתמודדת עד היום בעקבות התקיפה, וכן את פוטנציאל הנזק הממשי שלצד המעשים, ואינני מקבלת את הטענה לפיה מאפייני הנאשמת והמתלוננת בהיותן נשים דקות גו, מלמד על פוטנציאל נזק נמוך.",train
כיצד השפיעו מאמצי השיקום של הנאשם על גזירת העונש במקרה זה?,"ראוי כי מאמציו השיקומיים של הנאשם והדרך שעשה עד כה יביאו למיקומו ברף התחתון של המתחם חרף עברו הפלילי הרלבנטי, ואף העובדה שביצע את העבירות מושא התיק דנן בעת שהתנהל כנגדו ההליך הפלילי בת\פ 14577-03-17, וזו אף עמדת המאשימה.""",train
מהן הנסיבות המיוחדות שיכולות להביא לסטייה ממתחם הענישה הרגיל בעונש?,"מעיון בפסיקה עולה כי קיימים מקרים בהם בשל נסיבות מיוחדות של הנאשם הנוגעות למצבו הבריאותי או למצב בריאותי של בני משפחתו (ת\פ (מחוזי ת\""א) 23061-07-15 מדינת ישראל נ' עזרן (13.10.2016), אפילו חרג בית המשפט ממתחם הענישה משיקולי צדק, עד כדי גזירת עונש של מאסר בעבודות שירות גם על מבצעי עבירות חמורות שבתחתית מתחם הענישה בעניינם נקבעה תקופת מאסר ממושכת מזו שנקבעה במקרה דנן.""",train
מהו הממצא לגבי טעמים לחריגה ממתחם העונש בעניינו של הנאשם?,בעניינו של הנאשם לא מתקיימים טעמים המצדיקים חריגה ממתחם העונש שנקבע לחומרה או לקולא.,train
מדוע עשוי שיהוי בהגשת כתב אישום להוביל להקלה בעונש?,"כידוע, שיהוי וחלוף הזמן מהווים שיקולים רלבנטיים בין שיקולי הענישה, ונקבע לא אחת כי שיהוי בהגשת כתב אישום מביא לעינוי דין לנאשם, ולצידו פגיעה פוטנציאלית ביכולתו להתגונן, ויש בו כדי להביא להקלה משמעותית בעונש במקרים מתאימים, כשכל מקרה נבחן על פי נסיבותיו.",train
מהו התנאי להקלה בעונש בשל חלוף הזמן במקרה של נאשם בעבירות מס?,"על מנת שנאשם אשר הורשע בעבירות הנדונות בנסיבותיהן יזכה להקלה בשל חלוף הזמן, וודאי משמעותית, בדמות עונש בתחתית מתחם הענישה, לא כל שכן כזה שירוצה בעבודות שירות - יש לוודא שהוא לא זה שהביא לחלוף הזמן או לחלק משמעותי ממנו במעשיו.",train
מהו הרף התחתון של מתחם העונש ההולם בעבירות בהיקף נמוך?,"בבאופן תדיר נקבע הרף התחתון של מתחם העונש ההולם על מאסר מותנה, בפרט כאשר מדובר בביצוע עבירות בהיקף שאינו גבוה ביותר או על פני תקופה קצרה יחסית.",train
מהי ההשפעה של עבירת המס שביצע הנאשם על המרקם החברתי והאמון ברשויות החוק?,"בנוסף לפגיעה בערכים המוגנים שלעיל יש בעבירת המס שביצע הנאשם, שבבסיסה מרמה ותחבולה, כדי לפגוע במרקם החברתי במדינה ופוטנציאלית אף בקופה הציבורית, וגם מביצועה נפגע ערך השוויון ואמון הציבור ברשויות החוק.",train
כיצד השפיע גילו הצעיר של הנאשם על ההחלטה בעניינו?,שקלתי גם את גילו הצעיר של הנאשם ואת הפגיעה הפוטנציאלית של עונש מאסר בפועל בו גם בשל כך שהוא נעדר עבר פלילי וקשרים עברייניים.,train
מדוע יש טעם בטענה שעונש הנאשם ישפיע על ילדיו?,"בנסיבות אלה יש טעם בטענה לפיה כי כל עונש קונקרטי על הנאשם ישפיע על ילדיו, וכן לטענה בדבר חשיבות הכנסתו הכספית עבורם.",train
מהו השיקול שהביא למיתון הנסיבות במקרה של הנאשם למרות מעורבותו בתוכנית העבריינית?,"מובן כי אין בקושי מסוג זה כדי להצדיק את ביצוען של העבירות או לבטל את העובדה שבהסכמתו סייע הנאשם להוצאת התוכנית העבריינית לפועל ואף נהנה ממנה והתחמק ממס כאמור, אך גם בו יש כדי להביא למיתון הנסיבות.",train
אילו גורמים נלקחים בחשבון במסגרת שיקולי הענישה?,"במסגרת שיקולי הענישה נלקחים בחשבון סכום המס שלא הועבר, לצד השיטתיות שבביצוע העבירות ויתר הנסיבות.",train
מהו המשקל של עבר פלילי בעבירת איומים על גזר הדין?,"יש לשקול את העובדה שלנאשם עבר פלילי הכולל הרשעה קודמת בעבירת איומים, משנת 2011, בגין עבירה שבוצעה בשנת 2008.",train
מהו הפוטנציאל הנזק שנגרם לקופה הציבורית בעקבות ביצוע העבירות?,"בנוסף, קיים פוטנציאל נזק ממשי לקופה הציבורית מביצוען של העבירות, ובכך לכל אחד ואחת מאזרחיה, ובפרט לציבור המוחלש בחברה, הנשען על השירותים הציבוריים.",train
מהו הערך החברתי המוגן שנפגע כתוצאה מהמעשה של הנאשמים?,"הערך החברתי המוגן שנפגע כתוצאה מהמעשה של הנאשמים עניינו בשמירה על הסדר הציבורי התקין, המשטר והחברה והגנה על שלמות גופו ונפשו של הפרט וזכותו לשהות במרחב הציבורי מבלי להיתקל בתופעות של אלימות ובריונות.",train
כיצד נזקי העבירות הטכניות משפיעים על קופת המדינה?,"הגם שעבירות מסוג זה נקראת \עבירות טכניות\"" והן מהעבירות החמורות פחות על פי פקודת מס הכנסה, פעמים רבות הנזק אשר נגרם מביצוען, אינו טכני כלל ועיקר, וביצוען מביא אף לחסר של ממש בקופת המדינה.""",train
מהי הסיבה לכך שחלוף הזמן לא נחשב לנסיבה מקלה במקרה זה?,"בטענה לגבי חלוף הזמן לא נטענה על ידי ההגנה וכמפורט בדברי ב\כ המאשימה מרבית הדחיות של דיונים בתיק זה אושרו לבקשת ההגנה, כך שאין בחלוף הזמן במקרה זה נסיבה בעלת משמעות לקולא.""",train
מהי הסיבה לסטייה לקולא ממתחם העונש במקרה זה?,"בנסיבות המפורטות, מצאתי לסטות לקולא ממתחם העונש ההולם מטעמי שיקום, להימנע מהטלת עונש של מאסר על הנאשם ולהורות על ענישה שיקומית בעניינו.",train
כיצד השפיע גילו של הנאשם על ההחלטה בעניינו?,"חמישית, נתתי דעתי לגילו של המשיב – בן 54 שנים, מעולם לא ריצה עונש מאסר מאחורי סורג ובריח וכן להיותו בעל משפחה, אב וסב והשפעת עונש מאסר עליו ועל בני משפחתו בנסיבות אלה.",train
מהי ההשפעה של היותו של אדם איש קש על הענישה בעבירות מס?,"אין ספק כי עצם היותו של אדם איש קש אינו מקנה הנחה מפליגה בענישה, בדמות ענישה שאינה כוללת מאסר ממשי מאחורי סורג ובריח, נוכח חומרת העבירות, הנזק הניכר מביצוען והיסוד הנפשי לצד העבירה.",train
כיצד השפיעה סערת הרגשות של רעיית הנאשם על התנהלותו?,"לצד זאת, יש לשקול כי אין המדובר בעבירה אשר בוצעה תוך תכנון או בתחכום, ונראה כי המדובר בהתנהלות ספונטנית ואימפולסיבית של הנאשם על רקע סערת הרגשות של רעייתו מפניית המתלונן והתקרבותו אליה ואל בנותיה כמפורט בכתב האישום כשברקע מצבו הנפשי, כפי שיפורט להלן.",train
אילו נסיבות יש לקחת בחשבון בגזירת העונש לנאשם?,"בגזירת העונש המתאים לנאשם, בגדרי מתחם העונש ההולם, יש להתחשב בנסיבות שאינן קשורות בביצוע העבירה.",train
מדוע לא ניתן להתעלם מהמחדלים של הנאשם בעת קביעת עונשו?,בעת קביעת עונשו של הנאשם לא ניתן להתעלם מכך שהנאשם לא הסיר את מחדלי כתב האישום.,train
מדוע יש חשיבות להתייחסות מחמירה לאי קיום הוראות החוק?,"התייחסות סלחנית לאי קיום הוראות החוק תביא להיעדר המוטיבציה של כלל ציבור משלמי המסים לדווח ולשלם מסיהם כנדרש, כשיש לזכור שכשבעבירות על פי חוק מע\מ עסקינן, הנאשם הוא צינור של הרשות בלבד לצורך העברת הכספים אליה.""",train
מדוע לא הומלץ על מאסר מאחורי סורג ובריח לנאשם despite חומרת העבירות?,"אינני סבורה כי בנסיבות ובכללן גילו של הנאשם, העדר עבר פלילי ונסיבות חייו המורכבות - יהיה זה נכון וראוי, חרף חומרת העבירות והנזק החמור למתלונן, להורות על מאסרו מאחורי סורג ובריח.",train
מהו תפקידו של בית המשפט בשקילת העונש הראוי לפי תיקון 113 לחוק העונשין?,בית המשפט מוסמך ואף נדרש לשקול מהו העונש הראוי לפי תיקון 113 לחוק העונשין לצד יתר השיקולים הרלבנטים לסוגיית אימוצו של הסדר טיעון.,train
מהו הנטל המוטל על ההגנה כאשר היא מבקשת להעדיף שיקולי שיקום על פני שיקולי ענישה?,"על ההגנה מונח הנטל לשכנע כי בנסיבות המקרה יש להעדיף את שיקולי השיקום האינדיבידואלים של הנאשם על פני שיקולי האינטרס הציבורי שבהרשעה (ראו התייחסות נורמטיבית בע\פ 5985/13 אבן נ' מדינת ישראל [נבו] (2.4.2014) פסקה 7).""",train
מהו העונש המרבי המוטל על עבירת התקיפה כדי לגנוב?,"עם זאת, בעת קביעת מתחם הענישה וגזירת הדין אין להתעלם מכך שעבירת התקיפה כדי לגנוב היא עבירת עוון שהעונש המרבי לצידה הוא 3 שנות מאסר, ולצד עבירת השוד שהיא עבירה מסוג פשע עונש מרבי של 14 שנות מאסר.",train
אילו עקרונות יש לקחת בחשבון בענישה במקרים של עבירות מס?,"ענישה במקרים של עבירות מס כוללת התחשבות בעקרונות של שוויון, קיומו של תכנון משותף, שיטתיות בביצוע העבירות, סמיכות זמנים, מקום וקשר בין האירועים.",train
מהו השיקול הנוסף שיש להתחשב בו בעת קביעת מתחם הקנס?,"לצד זאת, יש להתחשב גם  במצבו הכלכלי של הנאשם.",train
"מהו השיקול שהעלה ב\כ המאשימה בנוגע להשפעת הרשעות קודמות על הרתעת הנאשם?""","נתתי דעתי לכך שמדובר בעבירות משנת 2006, הרשעה משנת 2008, אך יש טעם רב בדברי ב\כ המאשימה לפיהם נראה כי הרשעתו בתיק הקודם והעונש שהושת עליו לא הביאו להרתעתו מביצוע העבירה בתיק דנן.""",train
מהו הקשר בין מצבה הנפשי של אמו של הנאשם לבין העונש שייגזר עליו?,"מצבה הנפשי של אמו של הנאשם מורכב ועל פי נ/1, מסמך מבית החולים אברבנאל, מצבה הנפשי עלול להחריף לאור מצוקת הנאשם והעונש שייגזר עליו.",train
"מהו העונש המומלץ בגין העבירות שביצע הנאשם בתיק הצירוף, בהתחשב בחומרתן ובנסיבות המקרה?","בגין האירוע בתיק הצירוף, הכולל תקיפה חבלנית של בת זוגו, לצד תקיפה סתם של בנו והפרת הוראה חוקית, על החומרה הנוספת הגלומה בו משעבירות האלימות בוצעו תוך הפרת ההוראה חוקית ובעת שהתיק העיקרי מתנהל, בין 5 ו-15 חודשי מאסר בפועל.",train
מה ההבדל בין השיקולים לאימוץ הסדר טיעון לבין השיקולים לפי תיקון 113 לחוק העונשין?,"כידוע, השיקולים לאימוץ הסדר טיעון על ידי בית המשפט אינם זהים לגמרי לאלה הנשקלים לפי תיקון 113 לחוק העונשין, וקיימים שיקולים שונים ונוספים הנשקלים במסגרת מבחן האיזון (ע\פ 2021/17 מצגר נ' מדינת ישראל (30.4.2017)).""",train
מהו השיקול שעל בית המשפט לשקול בעת גזירת עונשו של נאשם?,"בוא בית המשפט לגזור את עונשו של נאשם, שומה עליו לבחון את נסיבותיה של העבירה בה הורשע וכן את נסיבותיו המיוחדות של כל נאשם.",train
מה ההבחנה בין טווח ענישה לבין מתחם ענישה לפי בית המשפט?,"בית המשפט אף הבהיר את ההבחנה בין טווח ענישה המשקף את כוח המיקוח של הצדדים, ובין מתחם ענישה המשקף קביעה נורמטיבית של בת המשפט.",train
מהו הממצא המשפטי לגבי הסדר הטיעון במקרה שלא יוסרו המחדלים?,"לסיכום, לאחר בחינת הסדר הטיעון אל מול כלל הנסיבות אשר פורטו לעיל, מצאתי כי הסדר הטיעון עליו הסכימו הצדדים למקרה שלא יוסרו המחדלים על ידי הנאשם מאוזן וראוי, וממוקם בגדרי מתחם העונש ההולם, ואני מוצאת לאמצו.",train
מהו העיקרון שעליו מתבססת קביעת מתחם העונש ההולם?,"כידוע, קביעת מתחם העונש ההולם נעשית על פי עיקרון ההלימה.",train
מהן שתי התכליות להתחשבות בהסרת המחדל לפי פסיקת השופט מלצר?,"ברע\פ 7851/13 חדר עודה נ' מדינת ישראל (3.9.2015) ציין כב' השופט מלצר כי להתחשבות בהסרת המחדל שתי תכליות, האחת \""סילוקו של המחדל כרוך בהשלמת החסר מקופת המדינה והטבת הנזק שנגרם כתוצאה מהעבירה\"" והשנייה \""עידוד הבעת חרטה וקבלת אחריות לביצוע העבירה בידי הנאשם\"".""",train
מהו השיקול המרכזי שמקבל בכורה בעבירות אלו על פני נסיבות אישיות?,"בעבירות אלה מקבלים שיקולי הרתעה, דמות הרתעת היחיד והרבים, בכורה על פני נסיבות אישיות.",train
מהו המשקל של האינטרס השיקומי לעומת שיקולים אחרים בגזירת העונש?,"האינטרס השיקומי אינו חזות הכל, ולצידו ניצבים שיקולים חשובים לא פחות, ובהם עקרונות הגמול וההרתעה.",train
מהי ההשפעה של נסיבות רפואיות על ריצוי עונש מאסר בפועל?,"מהפסיקה אף עולה כי חריגה לקולא משיקולי צדק נקבעה גם בעניינם של מי שלא בוסס כי נשקפת סכנה לחייהם, אך נסיבותיהם הרפואיות הן כאלה שריצוי עונש מאסר בפועל על ידם יהיה כבד פי כמה בהשוואה לעונש אשר יוטל על אדם בריא (ת\פ (ראשל\""צ) 47713-05-12 מדינת ישראל נ' ווקנין (30.4.2019), ת\""פ (מחוזי נצ') 26563-03-14 מדינת ישראל נ' עאסלה (24.4.2017)).""",train
כיצד שיקולי ההרתעה משפיעים על הנסיבות האישיות של הנאשם?,יש לזכור כי שיקולי ההרתעה אינם מאיינים את הנסיבות האישיות.,train
מה יש לקחת בחשבון בעת בחינת סבירות הסדר הטיעון בעבירות מס?,"בעת בחינת סבירות הסדר הטיעון יש לתת את הדעת לכך שכידוע, עבירות המס הכוללות כוונה להתחמק מתשלום מס ואף כאלה המבוצעות במטרה לסייע לאחר להתחמק מתשלום מס הן במדרג הגבוה של עבירות המס.",train
"מהי הפגיעה הממשית בערכים המוגנים שנגרמה על ידי הנאשם, בהתחשב בנסיבות אישיותיו?","ממפורט לעיל עולה תמונה של פגיעה ממשית בערכים המוגנים מביצוע העבירות על ידי הנאשם, וזאת אף אם יינתן משקל מסוים לקולא לדברי הנאשם בדבר הרקע לביצוען, פטירתו של אחד מאחיו ממחלה קשה, והטראומה מאירוע מוחי שעבר אחיו השני שעבד עמו, לו היה עד, ותוצאותיו, והצורך לדאוג לאחיו בפן הרגשי ובכלל.",train
מדוע הנזק הנגרם מעבירה זו אינו נחשב טכני?,"הגם שעבירה זו מכונה \עבירה טכנית\"", לטעמי, וכפי שקבעתי כבר בעבר, הנזק הממשי לערכים המוגנים אשר נגרם כתוצאה מביצועה אינו טכני כלל ועיקר.""",train
מה קבע בית המשפט המחוזי לגבי מתחם הענישה והעונש שנגזר על הנאשם?,"בית המשפט במחוזי קיבל את ערעור המדינה, קבע את מתחם הענישה לעמוד בין 16 ו-30 חודשי מאסר בפועל וגזר את עונשו של הנאשם שלא הסיר את מחדלי כתב האישום על 20 חודשי מאסר לאור הכלל לפיו ערכאת הערעור אינה ממצה את הדין, ותוך שציין שאין מקום לתת משקל משמעותי לחלוף הזמן כנסיבה לקולא כשעיון בתיק מלמד שחלק נכבד ממנו רובץ לפתח המשיב.",train
מהי הסבירות של הטענה להמרת עבירות מס חמורות בכופר בנסיבות המקרה?,"טענה זו סבירה בנסיבות, מבלי לקבוע מסמרות כמובן, ותוך שאציין כי עצם האפשרות להמרת עבירות מס חמורות בכופר אינה מפחיתה מחומרתן, ומהאינטרס הציבורי שבבסיס ענישה מרתיעה בגינן, ככל שמתנהל משפט.",train
כיצד משפיעה מדיניות הענישה על קביעת מתחם הענישה במקרה זה?,"כידוע, מתחם הענישה אינו עניין אריתמטי פשוט אלא מגלם הכרעה ערכית המבוססת על שיקולים שונים שמדיניות הענישה היא רק אחד מהם, כשעצם העובדה שלעולם יוכל כל צד למצוא פסקי דין התומכים בעמדתו מלמדת כי אין המדובר במדד מדויק (ע\פ 3877/13  ג'אבלי נ' מדינת ישראל (17.11.2016), עפ\""ג (ת\""א) 12063-04-15 בראונר נ' מדינת ישראל (20.07.2015)).""",train
כיצד משפיע הרישום הפלילי של הנאשם על שיקולי הענישה?,"במסגרת שיקולים אלה אף לא נעלם ממני הרישום הפלילי של הנאשם עת/1 הכולל עבירות נוספות, שהן ישנות בזמן (ביצוע עבירות בשנים 2002 ו-2005 והרשעה משנת 2008, וכן הרשעה משנת 2009 בגין עבירה משנת 2000),  אך כאלה הרלבנטיות לעניין.",train
"מהי החשיבות של הרתעת הנאשם במקרה זה, על פי התסקיר?","בעונש המאסר שייגזר יש אף כדי להרתיע את הרבים והיחיד, כשבמאמר מוסגר יצוין שעל פי התסקיר הנאשם עדיין עוסק כיועץ מס, כך שיש חשיבות גם להרתעתו, גם אם לדעת שירות המבחן הורתע מההליך המשפטי.",train
מהו השיקול המרכזי שהוביל להטלת עונש ממשי על הנאשם למרות גילתו וההפוגה בביצוע העבירות?,"כלל הנסיבות מלמדות כי חרף גיל הנאשם שבא בין שיקולי, וההפוגה בביצוע העבירות על ידו לפי הרישום הפלילי, קיימת חשיבות לענישה ממשית ומציבת גבולות לנאשם, לשם הרתעתו וגם אם נראה שכזו לא סייעה בעבר.",train
מהו העונש המינימלי שניתן להטיל על הנאשם בנסיבות המיוחדות של המקרה?,"אף על פי שבאופן רגיל ראוי כי המבצע עבירות מהסוג שבביצוען הורשע הנאשם, על הנזק החמור שנגרם למתלונן, ירצה עונש מאסר מאחורי סורג ובריח, בנסיבותיו המיוחדות של המקרה הנדון, גם לאחר שקילת שיקולי ההרתעה, ניתן להסתפק בעונש מאסר ברף התחתון של המתחם, 6 חודשי מאסר, אשר ירוצו בעבודות שירות לצד מאסר על תנאי מרתיע ופיצוי למתלונן לצד צו מבחן במסגרתו ישולב בטיפול.",train
מהו ההבדל בין הנאשם לבין מי שמודה ומביע חרטה במשפט?,"מובן כי אין לזקוף לחובת הנאשם את ניהול המשפט, אולם אין הוא זכאי להקלה הניתנת למי שמודה, מביע חרטה ונוטל אחריות מלאה על מעשיו.",train
מהי עמדת בית המשפט לגבי טענה של נאשם המתחיל לרצות עונש מאסר לראשונה?,"מובן כי ניתן לטעון טענה זו במקרים רבים בהם נאשם נדרש לראשונה לרצות עונש מאסר ובאופן כללי, לא די בטענה מסוג זה, ואין בה למנוע מהשתת עונש מאסר מאחורי סורג ובריח כשזה העונש הראוי והמתחייב.",train
כיצד השיקולים של השיקום במקרה זה שונים מאלה שבמקרה של משהראוי?,"במקרה דנן מצאתי להעניק לשיקולי השיקום המשמעותי שעובר הנאשם חשיבות רבה יותר מאשר בעניין משהראוי, שבעניינו נסיבות מקלות אחרות שאינן קיימות במקרה דנן כגון גילו הצעיר עד מאוד בעת ביצוען של העבירות והיעדר עבר פלילי.",train
מהי ההשפעה של השפלה על תפקודו של עובד ציבור והשירות הציבורי?,"הצורך בהגנה על עובד הציבור עצמו כאורגן של השירות הציבורי מפני השפלה וביזוי בעת מילוי תפקידו, נובע מהחזקה לפיה במצב כזה תפקודו המקצועי יפגע, ובכך יפגע תפקוד השירות הציבורי בכללותו.",train
כיצד משפיעה המידע המפורט על חומרת הנסיבות במקרה זה?, יחד עם זאת יש באמור לעיל כדי למתן במידת מה את חומרתן של הנסיבות.,train
מהי הסיבה לכך שהמאשימה לא התייחסה לסכומי העבירה בפרשת צ'ק ליסט כפי שהיא נוהגת בדרך כלל?,"בנוסף, מהתחשבות המסוימת לקולא בהעמדה לדין ובענישה במסגרת פרשת צ'ק ליסט, כשדומה כי התייחסות המאשימה עצמה לסכומי עבירה איננה כהתייחסותה הרגילה, משבאופן רגיל, בגין עבירות בסכומים נמוכים ממיליון דולר, עומדת המאשימה על מיצוי הדין עם עבריינים ובכלל זאת על השתת עונשי מאסר ממשיים עליהם.",train
מדוע ישנה חשיבות לעבירות נוספות כמו אי הגשת דוחות בהקשר לעבירות מס?,"חשוב לציין, כי לצד ההתנהלות הנפסדת של אי הודעה על התחלת התעסקות מבוצעות פעמים רבות עבירות נוספות כדוגמת אי הגשת דוחות ואי ניהול פנקסים, אשר פעמים רבות מביאות לפגיעה של ממש בקופה הציבורית.",train
"מהן שתי התכליות להתחשבות בהסרת המחדל, כפי שנאמר בפסיקה?","ברע\פ 7851/13 חדר עודה נ' מדינת ישראל (3.9.2015) ציין כב' השופט מלצר כי להתחשבות בהסרת המחדל שתי תכליות, האחת \""סילוקו של המחדל כרוך בהשלמת החסר מקופת המדינה והטבת הנזק שנגרם כתוצאה מהעבירה\"" והשנייה \""עידוד הבעת חרטה וקבלת אחריות לביצוע העבירה בידי הנאשם\"".""",train
מהו ההבדל שצריך להיבחן בין המקרה הנדון לבין גזרי דין אחרים בעבירות מס?,"יש אף מקום להבחנה בין המקרה הנדון לבין גזרי הדין הנוגעים לעבירות מס בסכומים ניכרים ועבירות מרמה אליהם הפנתה ב\כ הנאשמים, מבלי למעט כמובן מחומרתם.""",train
כיצד השפיעה העובדה שלא קמה חבות במס על נסיבות ביצוע העבירות?,"בהקשר זה יש לזכור כי לאחר הגשת הדוחות אף התברר ואין חולק כי לא קמה חבות במס לנאשמים, ועובדה זו מיתנה במידה מסוימת את נסיבות ביצוען של העבירות כמפורט לעיל.",train
מהי המדיניות המשפטית המובילה לאימוץ הסדרי טיעון על ידי בית המשפט העליון?,"חזר בית המשפט העליון על המדיניות התומכת באימוץ הסדרי טיעון והדגיש את יתרונותיהם, את האינטרס הציבורי אותו הם משרתים ואת תפקידם הראוי במערכת אכיפת החוק.",train
מהי התכלית הפונקציונלית של סיווג העבירות כאירוע עונשי אחד לפי השופטת ברק ארז?,"בקשר לקביעת כלל העבירות כאירוע, ראו את דברי כב' השופטת ברק ארז בע\פ 6888/17 שירזי נ' מדינת ישראל (10.12.2018) לפיהם הסיווג לאירועים נועד לתכלית פונקציונלית ככלי עזר, וממילא במישור המהותי מוטל על בית המשפט הקובע מתחם ענישה לשקול את מספר המעשים וחומרתם גם כאשר הם סווגו כאירוע עברייני אחד.""",train
מהו השיקול שהנחה את בית המשפט באימוץ ההסדר הטיעון בעניינו של בירנבאום?,בית המשפט בחר לאמץ הסדר טיעון בעניינו של בירנבאום כמתן ביטוי הולם לאינטרס הציבורי במסגרת ההליך.,train
מהו השיקול המרכזי שהמאשימה לא הבהירה בנוגע לעונש הנאשם?,"חשוב לציין בהקשר זה כי המאשימה לא הבהירה או שכנעה מדוע נכון במקרה דנן לגזור את עונשו של הנאשם, שהוא נעדר עבר פלילי רלבנטי ואשר הודה מיד בתחילת חקירתו בביצוע העבירות, בחלקו העליון של עונש המאסר לו עתרה.",train
מהו מעמדו של קנביס בהשוואה לסמים אחרים לפי החוק?,"יש לתת את הדעת ולזכור כי קנביס נמנה על הסמים הקלים ואינו מצוי במדרג הגבוה מבין הסמים השונים, ואף נטען ונמצא כי לקנביס יתרונות ושימושים חיוביים לצד חסרונותיו (כמפורט בהצעת החוק).",train
מהי הסיבה לחומרה המיוחסת לעבירות מס והשפעתן על הציבור?,"עבירות המס מתאפיינות בחומרה יתרה נוכח פגיעתן הישירה בקופה הציבורית, והעקיפה בכיסו של כל אזרח, ולאור חתירתן תחת ערך השוויון בנשיאת נטל המס.",train
מהי הסיבה לכך שאין מקום לחריגה לקולא או לחומרה מהמתחמים שנקבעו במקרה זה?,במקרה דנן אין מקום לחריגה לקולא או לחומרה מהמתחמים אשר נקבעו.,train
כיצד הקנס שנ imposed תואם את מדיניות הענישה בעבירות כלכליות?,"הקנס תואם את מדיניות הענישה הנוהגת ואת הכלל לפיו בעבירות כלכליות ובכללן עבירות המס, יש לפגוע גם בכיסו של העבריין על מנת שלא יצא נשכר גם מהפן הכלכלי.",train
כיצד מתוארת הענישה הממשית שנבחרה עבור הנאשם בהקשר לטיפולו?,"המדובר בענישה ממשית, אך כזו שלא תפגע יתר על המידה בטיפול אותו הוא עובר הנאשם ובסיכויי שיקומו.",train
כיצד מוגדרת מידת הפגיעה בערכים המוגנים מביצוע עבירת התקיפה במקרה זה?,"בנסיבות אלה, מידת הפגיעה בערכים המוגנים מביצוע עבירת התקיפה איננה מינורית או זניחה.",train
מהו מתחם הענישה הצפוי בעבירת גניבה מרכב בלבד?,"במקרה זה, משמדובר בעבירת גניבה בלבד, שאיננה ברף גבוה גם אם תיקה של המתלוננת נגנב מרכב, נראה כי מתחם הענישה בגין עבירה זו לבדה היה נקבע בתחתיתו על מאסר על תנאי.",train
כיצד משפיעה מעורבותו השולית של הנאשם על קביעת מתחם הענישה בעניינו?,"הרקע המפורט לעיל רלבנטי בעת בחינת הנסיבות, אך בעת קביעת מתחם הענישה בעניינו של הנאשם עצמו, חשוב לתת את הדעת לכך שחלקו הקונקרטי בביצוע התוכנית העבריינית שולי ומעורבותו בהוצאתה לפועל קטנה יחסית - מה שמביא למיתון הנסיבות בעניינו.",train
מהו השיקול שאינו תקין במעצר חשוד על ידי משטרת ישראל?,"מעצר חשוד בשל שיקולים מעין אלה אינו תקין – ועל משטרת ישראל לוודא כי אלה אינם שיקולים הנשקלים על ידי שוטרים בשטח, מקום בו ניתן להסתפק בעיכוב חשוד.",train
מהי ההשפעה של ביצוע העבירות על ערך השוויון והאמון הציבורי?,"שקלתי גם את העובדה שמביצוען של העבירות נפגע ערך השוויון, פיקוח הרשות, והאמון, וכי המדובר בעבירות שבבסיסן מרמה, ביצוען קל וגילוין קשה, וקיים פיתוי גדול לבצען.",train
כיצד יש לאזן בין שיקולי ההרתעה לבין נסיבותיו האישיות של הנאשם?,"לבסוף שקלתי שיקולי ההרתעה, הכוללים הרתעת הנאשם והרתעת רבים התופסים בכורה על נסיבותיו האישיות של הנאשם, אותם יש לאזן מול נסיבותיו האישיות של הנאשם.",train
באילו מקרים הרף התחתון של מתחם העונש שמור לנאשם?,"הרף התחתון של מתחם העונש ההולם שמור לאותם מקרים בהם נהיר כי הנאשם, בנסיבותיו המיוחדות של המקרה,  הפנים את חומרת מעשיו, הביע חרטה אמיתית וכנה ועשה לתיקון הנזק אותו גרם.",train
מה ההבדל בין החשבוניות הכוזבות שהתקבלו לבין אלו שנרשמו בספרי הנאשמת?,"יחד עם זאת, בשונה מחלק גדול מהתיקים בפרשה בהם נשקלה לקולא העובדה שהחשבוניות הכוזבות שהתקבלו על ידי הנאשמים שם באמצעות מגן ואלעד  הן בגדר חשבוניות זרות אשר שיקפו הוצאה אמיתית גם אם לא מול הגורם אשר הוציא את החשבונית, החשבוניות הכוזבות אותן רשמו הנאשמים בספרי הנאשמת במרמה אינן מכסות כל רכישת יהלומים אמיתית של הנאשמים.",train
מהו תהליך השקלול של עונשים שנגזרו על נאשמים בעבירות דומות?,"בעת קביעת מתחם הענישה שקלתי גם עונשים שנגזרו על נאשמים נוספים שעניינם דומה (קרי, ביצוע עבירות של העלמת הכנסות תוך ניהול עסק לממכר רהיטים במרכז הישראלי לריהוט) ואת הנסיבות בעניינם.",train
"מדוע לא ניתן להגדיר את העבירות כקלות ערך למרות שהן מכונות \עבירות טכניות\""?""","עבירות אלה מכונות לא אחת \עבירות טכניות\"" ומוגדרות כעבירות מנהליות, יחד עם זאת, מידת הפגיעה בערכים המוגנים הנגרמת מביצוען איננה טכנית כלל ועיקר ולא ניתן לומר כי בהגדרתה העבירה היא קלת ערך.""",train
מדוע יש לשקול את הנזק שנגרם מביצוע העבירה בעת קביעת מתחם העונש?,יש לזכור שעל פי סעיף 40ט(4) לחוק העונשין הנזק אשר נגרם מביצוע העבירה הוא נסיבה הקשורה לביצוע העבירה הנשקלת בעת קביעת מתחם העונש ההולם.,train
אילו שיקולים על בית המשפט לשקול בעת קביעת העונש בהסדר טיעון?,"נקבע כי בגדר הבחינה, בית המשפט מוסמך לשקול מהו העונש הראוי בשים לב לשיקולי הענישה על פי תיקון 113 לחוק העונשין, התשל\ז - 1977 (להלן: \""חוק העונשין\""), לצד יתר השיקולים הרלבנטיים לסוגיית אימוצו של הסדר הטיעון.""",train
מהו ההבדל המרכזי בין העונש שנגזר בעניין ארבוב לעונש במקרה הנוכחי?,"לעומתו עומד העונש אשר נגזר בעניין ארבוב, אשר אמנם הורשע בביצוע העבירות מכוח היותו מנהל פעיל, ונטען לקשיים ראייתיים, אך דובר בעבירות חמורות מאשר בענייננו, חלקן בוצעו במטרה להתחמק ממס, ואף נקבע כי חלק מהחשבוניות הן חשבוניות כוזבות לחלוטין ללא עסקה מאחוריהן.",train
מהו תפקיד המדיניות בענישה בהקשר למתחם העונש ההולם?,"מבלי למעט בחשיבות שקילתה וחשיבות אחידות הענישה (ע\פ 6544/16 ניסנצויג נ' מדינת ישראל (21.2.2017)), כי מתחם העונש ההולם מגלם הכרעה ערכית המבוססת על שיקולים שונים שמדיניות הענישה היא רק אחד מהם.""",train
מהו השיקול שקשור לגילו של הנאשם בהקשר לעונש המוטל עליו?,"לקולא יש לשקול את גילו של הנאשם, בן 78 שנים, אשר מעולם לא ריצה עונש מאסר מאחורי סורג ובריח.",train
מהי החשיבות של סיכויי שיקום נאשמים לאינטרס הציבורי?,"חשוב לציין בהקשר זה כי הגם שהתוצאה של קיומם של סיכויי שיקום היא רווח מידי לנאשם עצמו, סיכויי שיקום ושיקום נאשמים הם בעלי חשיבות מן המעלה הראשונה לאינטרס הציבורי בכללותו.",train
כיצד נפגע הערך החברתי בעקבות ביצוע העבירה הנדונה?,מביצוע העבירה נפגע גם הערך החברתי בדמות שוויון נטל המס.,train
מהו הערך החברתי המוגן בעבירות הגניבה בידי עובד?,"בכל הנוגע לעבירות הגניבה בידי עובד שביצע הנאשם לצד ותוך שימוש במסמך המזויף, הערך החברתי המוגן נוגע לחשיבות ההגנה על רכושו של אדם ועל אמון המעביד בעובדו.",train
מהו מתחם הענישה שנקבע לעבירות גידול סם עם החזקת סם לצריכה עצמית?,"כפי שיודגם להלן, בגין ביצוע עבירות של גידול סם, לעיתים לצד החזקת סם לצריכה עצמית, אך בפרט לצד החזקתו שלא לצריכה עצמית, נקבעים פעמים רבות מתחמי ענישה שתחתיתם מאסר בעבודות שירות, ונגזרים עונשי מאסר בני מספר חודשים אותם ניתן לרצות בעבודות שירות.",train
מהו העיקרון המנחה בשיקולי ההרתעה בעבירות מסוג זה?,"יש לזכור, כפי שצוין לעיל, כי שיקולי ההרתעה, ובכלל זאת הרתעת הנאשם אך גם הרתעת הרבים תופסים בכורה על נסיבותיו האישיות של הנאשם בסוג זה של עבירות.",train
כיצד משפיעה חפיפה בין אירועים על גזירת העונש של הנאשם?,"מובן שבעת גזירת דינו של הנאשם יינתן משקל לכך שהנאשם נענש בגין ביצוע עבירות במספר אירועים, אחד מהם כזה הכולל 12 עבירות, כשבנסיבות אף אינני מוצאת סיבה לחפיפה בעלת משמעות ממשית בין האירועים שנקבעו בהעדר קשר בין הגופים במסגרתם בוצעו העבירות, וקשר בין העבירות עצמן.",train
מה העריך שירות המבחן לגבי קשרי הנאשם עם גורמים שוליים?,"שירות המבחן העריך כי ייתכן והנאשם ממשיך לקיים קשרים עם גורמים שוליים, ולאור הסיכון ממשי להישנות ביצוע עבירות לא בא בהמלצה שלא להטיל עונש מאסר בפועל.",train
"כיצד תרומתו של הנאשם לנכי צה\ל משפיעה על שיקולי הענישה בעניינו?""","נתתי דעתי אף לעדי האופי שנשמעו בעניינו של הנאשם אשר העידו אודות תרומתו המשמעותית לנכי צה\ל, שאיננה מסתכמת רק במתן תרומות כספיות וכוללת השקעה ממשית של הנאשם ורעייתו מזמנם וממרצם, תוך מחויבות עמוקה וארוכת שנים.""",train
מהו הגורם להחלטה שלא לצרף את העבירות בתיקים הנדונים?,אי צירוף העבירות שבתיקים דנן לא נבע מבלבול או מצוקה כי אם מהחלטה מושכלת.,train
מדוע יש להילחם בתופעות האלימות בענישה של ממש?,באשר לעבירות אלימות נקבע לא אחת כי המדובר בתופעה חמורה הולכת וגוברת במחוזותינו וכי יש להילחם בתופעות האלימות בענישה של ממש לצורך מניעה והרתעה.,train
מהו השיקול המהותי לפי סעיף 40יא(10) לחוק העונשין בעת קביעת העונש?,"כידוע, על פי סעיף 40יא(10) לחוק העונשין, תשל\ז – 1977 (להלן: \""חוק העונשין\"") יש לשקול שיקולי חלוף זמן בעת קביעת מיקומו של הנאשם בגדרי מתחם הענישה שנקבע.""",train
מהן הגורמים המשפיעים על מדיניות הענישה בעבירות אי הגשת דוחות במועד למס הכנסה?,"מדיניות הענישה הנוהגת ביחס לעבירות שעניינן אי הגשת דוחות במועד למס הכנסה מושפעת מהשיטתיות שבמעשים והיקפם, מהנזק שנגרם, כמו גם מהסרת המחדל.",train
מהו הסיכון הנוסף הנגרם ממעשי סחר בסמים מסוג זה?,"ביחס לסוג זה של סם עמדו בתי המשפט על כך שאופן ייצורם בתנאים בהם אין שליטה על היקף החומר הפעיל בכל מנה, עלול לגרום לסיכון רב, מעבר לסיכון \הרגיל\"" הנגרם למשתמשים בסמים (ת\""פ (פ\""ת) 55163-03-15 מדינת ישראל נ' אלקנה [פורסם בנבו] (20.7.2016)).""",train
מהי המשמעות של סיווג האירועים בעבירות מס לפי בית המשפט העליון?,"כפי שציין בית המשפט העליון רק לאחרונה, הסיווג לאירועים הוא פונקציונלי ומטרתו לשמש ככלי עזר לבית המשפט הגוזר את הדין, וממלא במסגרת מתחם שנקבע יש משמעות למספר המעשים גם אם סווגו כאירוע עברייני אחד.",train
כיצד השפיעה הודאת הנאשם על גזירת העונש?,הנאשם הודה ונטל אחריות על מעשיו וחסך זמן שיפוטי ובכך יש נסיבה לקולא.,train
מהן השפעות השיטתיות והיקפיות על מדיניות הענישה בעבירות אי הגשת דוחות למס הכנסה?,"מדיניות הענישה הנוהגת ביחס לעבירות שעניינן אי הגשת דוחות במועד למס הכנסה מושפעת בדרך כלל מהשיטתיות שבמעשים והיקפם, מהנזק שנגרם לאוצר המדינה, כמו גם מהסרת המחדל מושא כתב האישום.",train
מהו העיקרון שנשקל בקביעת מתחם הענישה בין הנאשמים השונים בפרשה?,"בראי כלל המפורט לעיל ובכלל זאת שיקולי הקולא בעניין הנסיבות, ולאחר ששקלתי את חשיבות עיקרון השוויון ואחידות הענישה, בפרט בגדרי אותה הפרשה, תוך שמירה על יחס של שקילות בין הנאשמים השונים (ע\פ 8345/15 אוחנה נ' מדינת ישראל) (פסקה 35), לאור קביעות כב' השופט שגיא בדבר מתחם העונש ההולם באופן \""רגיל\"" למעשי הגר, ותוך שערכתי הבחנה נדרשת בעניינו של הנאשם, מצאתי להעמיד את מתחם הענישה בעניינו של הנאשם בין 3 ו-12 חודשי מאסר בפועל, לצד מאסר על תנאי מרתיע וקנס.""",train
מהי התרשמות שירות המבחן לגבי מאמצי השיקום של הנאשם?,"למרות האמור, אין בעיני ספק שחרף קשייו הנאשם נמצא במסלול שיקום חיובי ומשקיע בכך מאמץ ניכר, וזו גם התרשמות שירות המבחן בתסקיר האחרון שהוגש, בו צוין כאמור כי מזה תקופה ארוכה עושה הנאשם מאמצים להשתלב בהליך הטיפולי בתחום ההתמכרויות, ומאז שילובו בחודש נובמבר מבטא מחויבות גבוהה להליך ורצון כן לעריכת שינוי בחייו בעזרת קבלת עזרה מקצועית.",train
כיצד יש לשקול את טענת ההגנה בנוגע לתועלת הכלכלית של הנאשם?,"נתתי דעתי לטענת ההגנה לפיה הנאשם לא הפיק תועלת כלכלית מביצוע העבירות (ב\כ המאשימה הבהיר כי אין לו כל אינדיקציה בקשר לאמור), וכי יש לשקול עניין זה לקולא.""",train
על פי איזה תיקון ייבחן עניינו של הנאשם בקביעת העונש?,"בראי המפורט, עניינו של הנאשם ייבחן לפי תיקון 113 לחוק העונשין, ולפיו אף יקבע העונש אשר ייגזר עליו, בשים לב לטווח הענישה המוסכם, ולאחר בחינת סבירותו.",train
מדוע לא הייתה למאשימה חובה להציע לנאשם לצרף את העבירות הנוספות לתיק הקודם?,"בנסיבות אלה איני מוצאת לקבוע כי הייתה למאשימה חובה להציע לנאשם לצרף את העבירות הנוספות (מושא התיק דנן) לתיק הקודם, וודאי לא במידה בה מחדלה לעשות כן מקים לנאשם הגנה מן הצדק על פי המבחנים הידועים (ראו גם בהקשר זה עניין עזרא).",train
כיצד משפיע חיסכון הזמן השיפוטי על סבירות הסדר הטיעון?,"בבחינת סבירות הסדר הטיעון וקביעת העונש, שקלתי את חיסכון הזמן השיפוטי המסוים שבהודיה, מבלי להתעלם מכך שבזכות הסדר הטיעון אף נחסך זמן שיפוטי הקשור בניהול ההליך המשפטי ביחס לשומת המס.",train
מהו הערך המוגן בעבירות המוזכרות אשר נוגע לקופה הציבורית?,הערכים המוגנים בעבירות דנן נוגעים לחשיבותה של הקופה הציבורית לכלכלת המדינה וביטחונה.,train
"מהי החובה המוטלת על הנאשם בניהול נאשמת 1, גם אם פעל בהתנדבות?","מקום בו בחר הנאשם לנהל את הנאשמת 1, הרי שחלה עליו חובה לפעול בהתאם להוראות החוק וניתן בו אמון שכך יעשה, וככל שאינו פועל כאמור, בין אם הוא מנהל בנאשמת בהתנדבות או בשכר, נפגעים ממעשיו הערכים המוגנים כמפורט לעיל.",train
מדוע נתפסת אלימות בתוך המשפחה כחמורה במיוחד מבחינת הענישה?,חשוב לזכור ולהזכיר כי אלימות בתוך המשפחה נתפסת כבעלת חומרה מיוחדת המחייבת באופן רגיל ענישה מרתיעה.,train
מהו העיקרון לגבי חלוף הזמן והשפעתו על הענישה במקרה זה?,"כידוע, חלוף הזמן אינו מקנה הקלה אוטומטית בענישה, בפרט מקום בו לא נפל שיהוי בהתנהלות המאשימה כבענייננו.",train
כיצד השפיעה הלכת חטיב על קביעת מדיניות הענישה בעבירה של הסעת תושב זר?,"ניתח כב' השופט גובראן את הלכת חטיב אל מול רע\פ 3674/04 אבו סאלם נ' מדינת ישראל (12.2.2006), חידד את חשיבות הענישה הממשית הכוללת עונשי מאסר בפועל בעבירה דנן אך הבהיר כי הלכת חטיב אינה קובעת חובת הטלת עונש מאסר בפועל כי אם קובעת שזו מדיניות הענישה הראויה, כשלצורך קביעת העונש יש לבחון את נסיבות ביצוע העבירה ונסיבות הנאשם.""",train
מדוע קיימת חשיבות לענישה כספית בעבירות הנעברות לצורך הפקת תועלת כלכלית?,"מדובר בעבירות הנעברות לצורך הפקת תועלת כלכלית, כאשר הקנס הוא ממין העבירה ומשכך קיימת חשיבות לענישה כספית משמעותית אשר תלמד כי אין אף תועלת כלכלית לצד עבירות אלה.",train
מהו הנזק שנגרם לקופה הציבורית כתוצאה מביצוע עבירות מסוג זה?,"כך, נקבע לא אחת כי מביצוע עבירות מסוג זה נגרם נזק לקופה הציבורית ובכך לכלכלת המדינה ולכל אחד מאזרחיה.",train
"מהו השיקול המרכזי שהשפיע על גזירת הדין במקרה של הנאשמת, למרות מצבה האישי וטיפולים שהיא עברה?","בעת גזירת הדין נתתי דעתי גם לטיפולים אותם נטען שעוברת הנאשמת (הגם שלא צורפה כל אסמכתא) ולמצבה האישי, אך גם לכך שבסוג זה של עבירות שיקולי אינטרס ציבורי והרתעה המקבלים בכורה על פני נסיבות אישיות, גם אם אינם מאיינים אותם.",train
מהו השיקול לקולא במקרה של תקיפה על רקע סכסוך ספונטני?,"יש להתחשב לקולא בכך שמדובר בתקיפה שבאה על רקע סכסוך ספונטני, מבלי שקדם לה תכנון מוקדם.",train
מה השפעת הודיית הנאשם ונטילת האחריות על גובה העונש שנקבע?,"שים לב להודיית הנאשם ונטילת האחריות על ידו ולחלוף הזמן, ומנגד לעברו הפלילי, מצאתי למקם את עונשו של הנאשם סמוך לתחתית מתחם הענישה שנקבע.",train
מהו המשקל שניתן לחלוף הזמן ולשיהוי במקרה זה בהקשר לעונש?,"כשאלה הם פני הדברים, יינתן משקל מסוים לקולא לחלוף הזמן ולשיהוי במקרה זה, אך מבלי להתעלם מטענות הסנגור הנוגעות לחלוף הזמן ומשמעות הענישה וההרתעה לאחר שנים כה רבות, או לקושי עבור הנאשם ומשפחתו לחיות עם עננת החקירה וההליך הפלילי משך שנים ארוכות, אין זה המקרה בו חלוף הזמן מצדיק הקלה כה משמעותית כעתירתו בעונש.",train
מה קבע בית המשפט בעניין זעילה לגבי מתחם ענישה גבוה מהעונש המוסכם?,"בעניין זעילה דחה בית המשפט את הטענה לפיה שגה בית המשפט המחוזי משקבע מתחם ענישה שתקרתו גבוהה מהעונש שהוסכם שהמדינה רשאית לטעון לו, וציין כי קבלת הטענה מסוג זה משמעה שלילת שיקול הדעת של בית המשפט, והיא מנוגדת להלכה הפסוקה.",train
מה הסיבה לכך שלא התקבלה ההמלצה לגזור את עונשו בתחתית מתחמי הענישה?,"עם זאת, אני איני מוצאת לאמץ המלצה לגזור את עונשו בתחתית מתחמי הענישה לאור הנסיבות הכוללות.",train
מדוע לא ניתן לנאשם את ההקלות הניתנות למי שמודה בעבירות?,"מובן שאין לזקוף לחובת הנאשם את ניהול המשפט, אך לצד זאת, אין הוא זכאי לאותה הקלה הניתנת למי שמודה, נוטל אחריות למעשים, חוסך זמן שיפוטי ואת הצורך בשמיעת העדויות על הקושי הברור עבור העדות להעיד, בפרט כשהמדובר בעבירות שבוצעו כלפיי המתלוננת בת זוגו, והיה צורך בשמיעת עדותה של בתו פלונית, שאף הבהירה והדגישה עד כמה קשה עבורה המעמד, והדבר ניכר בעת עדותה.",train
מהו המשקל שניתן לנסיבות ביצוע העבירות על ידי הנאשם בהקשר ליסוד המרמה?,"יש טעם מסוים בטענה זו, הגם ואין בכך לבטל את יסוד המרמה שבהתנהלות הנאשם ובנסיבות אלה, יש להתייחס לנסיבות ביצוע העבירות על ידי  הנאשם כמצויות ברף הבינוני.",train
כיצד משפיע שיתוף הפעולה של הנאשם על קביעת עונשו?,"משכך, גם לעניין זה יינתן משקל מסוים לקולא בעת קביעת עונשו.",train
אילו גורמים נלקחו בחשבון בקביעת העונש לנאשם לאחר ביצוע העבירות?,"בעת קביעת העונש לנאשם נתתי דעתי גם לחלוף הזמן מאז ביצוע העבירות, וכן לגורמי הסיכוי לשיקום בעניינו הכוללים את הודייתו, החרטה והבושה שחש בקשר לביצוע העבירות, ואת המוטיבציה שלו לערוך שינוי ולהשתלב בטיפול.",train
מהו הקריטריון להערכת הליך שיקומי בבית המשפט?,"בבית המשפט המחוזי בפסק הדין בערעור בתיק הקודם נאמר כי בעת בחינת הליך שיקומי על בית המשפט להשתכנע כי המדובר בשיקום אמיתי או שיש סיכוי אמיתי לשיקום, כשגם אם כל הליך שיקומי מלווה בעליות וירידות, השאלה היא לעולם מהו היקף הירידות וכיצד אלה באו לידי ביטוי.",train
כיצד יכולים שיקולי שיהוי וחלוף זמן להשפיע על סוג העונש המוטל?,"שיקולי שיהוי וחלוף זמן אף יכולים להביא לקביעת עונש לריצוי בעבודות שירות בנסיבות מתאימות, חרף הכלל לפיו בסוג זה של עבירות דרך המלך היא לגזירת עונשי מאסר מאחורי סורג ובריח.",train
מהו ההיבט המשפטי שמונע מתן הקלה משמעותית בעונש לנאשמת 1 למרות קריסתה?,"מבלי להקל ראש בהשפעת הבדיקות על הנאשמת 1 וההוראה מטעם משרד הבריאות להפסיק פעילות ולהשמיד את הוודקה שנותרה, או בכך שהנאשמת 1 קרסה בסופו של יום והפסיקה פעילותה, אין באמור כדי למתן באופן משמעותי את הנסיבות ואת מידת הפגיעה שבמעשי הנאשמים בערכים המוגנים.",train
מהי המסקנה לגבי אפקטיביות ההרתעה בעבירות כלכליות לפי פסקי דין קודמים?,"בנוסף, שקלתי את דברי בית המשפט בע\פ 1656/16 דוידוביץ נ' מדינת ישראל (20.3.2017) לפיהם מסקנות דוח ועדת דורנר בקשר לאפקטיביות ההרתעה שלצד עונש מאסר מאחורי סורג ובריח, על נימוקיהן, מוגבלות בכל הנוגע לעבירות כלכליות, בשים לב למאפייני העבירות הכלכליות והנאשמים בהן בדרך כלל (שם, פסקה 105).""",train
כיצד השפיעה עזיבת אחד החשודים את הארץ על הטיפול בעניינו של הנאשם?,"אמנם לדברי המאשימה במהלך תקופה זו ניסתה המאשימה לבצע השלמות חקירה ונתקלה בקושי הנובע מכך שאחד מהחשודים עזב את הארץ, אך ברור שאין בכך כדי להצדיק שיהוי כה ניכר בטיפול בעניינו של הנאשם, מקום בו כבר נערך שימוע בעניינו.",train
כיצד משפיע השיהוי בהגשת כתב האישום על מיקום הנאשם במתחם הענישה?,"יחד עם זאת, במקרה זה המדובר בחלוף זמן ושיהוי שיש בו כדי להוות שיקול ממשי לקולא בעת מיקומו של הנאשם בגדרי מתחם הענישה.",train
כיצד היה משתנה מתחם הענישה אם חלקו של הנאשם בביצוע העבירות לא היה כזה של איש קש?,"עוד אבהיר כי אם לא היה חלקו של הנאשם בביצוע העבירות כזה של איש קש, היה נכון לקבוע את תחתית מתחם הענישה ברף גבוה יותר.",train
מדוע נחשבת השהות בבית הסוהר לעונש כבד יותר עבור אדם במצב רפואי?,לא יכול להיות חולק כי השהות בבית הסוהר לאדם במצבו הרפואי מהווה עונש כבד יותר מעונש מסוג זה אשר יוטל על אדם בריא.,train
מהי המשמעות של קבלת טענה המובילה לשלילת שיקול הדעת של בית המשפט?,"קבלת הטענה מסוג זה משמעה שלילת שיקול הדעת של בית המשפט, והיא מנוגדת להלכה הפסוקה.",train
מהי הטענה שהנאשם העלה בנוגע לקריסת העסק והשפעתה על מחדליו?,"נתתי דעתי לטענה כי קריסת העסק הובילה לקריסתו האישית של הנאשם ולמחדלים מושא כתב האישום כך שעת שהיה על הנאשם להגיש את הדו\ח לשנת 2013, לא היה ביכולתו לממן רואה חשבון.""",train
מהי המשמעות המשפטית של הסרת מחדלים בעבירות מסוג זה על פי הפסיקה?,"כידוע, להסרת מחדלים בסוג זה של עבירות משמעות רבה וזו מביאה להקלה ניכרת בענישה ועניין זה ייזקף לזכותו.",train
כיצד ערך השוויון משפיע על גזירת עונשו של הנאשם?,"ערך השוויון, שהוא אחד מעמודי התווך של דוקטרינת ההגנה מן הצדק, מחייב התחשבות לקולא באמור בעת גזירת עונשו של הנאשם משיקולי צדק והגינות משפטית.",train
מהו הערך החברתי הנוסף שנפגע כתוצאה מהעבירות המנהליות?,ערך חברתי נוסף שנפגע הוא שוויון נטל המס כשהתייחסות סלחנית לאי קיום הוראות החוק יביא אף להיעדר המוטיבציה של כלל ציבור משלמי המסים לדווח ולשלם מסיהם כנדרש על פי חוק.,train
באילו מקרים עשויה להתחשב מערכת המשפט בקשיים כלכליים בעת קביעת הענישה?,"למרות האמור - לעיתים, מקום בו מדובר בביצוע נקודתי של עבירות על רקע קושי כלכלי, ישנה התחשבות מסוימת בקשיים כלכליים בעת בחינת הנסיבות ומידת הפגיעה בערכים המוגנים, כאמור, אין זה המקרה בעניינו.",train
כיצד משפיע היעדר עבר פלילי על הענישה של נאשם בגיל מבוגר?,להיעדר עבר פלילי משמעות רבה יותר כשעסקינן בנאשם שגילו מבוגר יותר כגילו של הנאשם.,train
אילו ערכים מוגנים עומדים בבסיס העבירות של נהיגה תחת השפעת סמים ללא רישיון?,"הערכים המוגנים שבבסיס העבירות שעניינן נהיגה תחת השפעת סמים ללא רישיון וללא ביטוח, מתרכזים בערך שמירת החיים ושלמות הגוף, ההגנה על שלומם וביטחונם של ציבור משתמשי הדרך.",train
מהו המאמץ שציין בא כוחו של הנאשם בהקשר להסרת המחדלים?,לדברי בא כוחו עשה הנאשם מאמצים רבים לשם הסרת המחדלים בנסיבותיו הכלכליות המורכבות ויש לשקול זאת לזכותו.,train
מדוע לא ניתן לחרוג ממתחם הענישה שנקבע במקרה זה?,במקרה זה אין מקום לחריגה לקולא או לחומרה ממתחם הענישה שנקבע.,train
מה משפיע על גובה הקנס בעבירות אלו?,"גובה הקנס מושפע מהנסיבות וממידת הפגיעה בערכים המוגנים, ובכלל זאת מהנזק שנגרם לקופה הציבורית.",train
מדוע יש טעם בעמדה להקל בעונש הנאשם בהתחשב בגילו ובמאפייניו?,"מצאתי טעם רב בעמדה זו, בפרט לאור גילו הצעיר של הנאשם ומאפייניו, ומבלי להתעלם מכך שגורמי הסיכון בעניינו קשורים למאפיינים אלה, לחומרת העבירות שביצע ולעברו הפלילי.",train
מהי המשמעות של גיל הנאשם בשיקולי הענישה?,"עניין זה הוא בעל משמעות במסגרת שיקולי הענישה, וודאי נוכח גילו של הנאשם.",train
מהו ההשפעה של אי הגשת דוחות על פיקוח רשות המסים?,"אי הגשת הדוחות אף פוגע בפיקוח רשות המסים כששיטת המס מבוססת על האמון שנותנת רשות המסים בנישום, שיגיש דיווחיו כדין במועד ואף ישלם את המס ככל שזה מתחייב.",train
"מדוע נחשב עונש במסגרת צו של\צ כאפקט חינוכי עבור הנאשמת?""","גם אני, כמו שירות המבחן, סבורה שעונש במסגרת צו של\צ יהיה בעל אפקט חינוכי עבור הנאשמת.""",train
מדוע לא נפסק פיצוי נוסף למרות בקשת המאשימה?,"בחרתי שלא לפסוק פיצוי נוסף כעתירת המאשימה בשים לב כי לבקשתה, לה הסכים, חלק נכבד מהפיצוי שהפקיד יועבר לנפגעת העבירה באישום הראשון סמירנוב הודה בביצוע העבירות על כל המשתמע מכך, ועניין זה ייזקף לזכותו.",train
מהו הנזק שנגרם כתוצאה מביצוע העבירות על הכוח והאותנטיות של מסמכים?,"מביצוע העבירות אף נפגעים הכוח והאותנטיות של מסמכים, חופש הרצון, חופש הפעולה, וחופש הבחירה של המרומה, במקרה זה גורמי רשות המסים, ויכולתם לקבל החלטות מושכלות ונכונות.",train
כיצד שיקול הדעת של הערכאה הדיונית משפיע על יישום סעיף 40ד(א) לחוק העונשין?,"יישום סעיף 40ד(א) לחוק העונשין נתון במידה רבה לשיקול דעתה של הערכאה הדיונית, המתרשמת מסיכויי השיקום ומעריכה אותם.",train
מהו הכלל הנוגע לכיבוד הסדר טיעון על ידי בית המשפט?,"הכלל הוא כי בית המשפט יטה לכבד הסדר טיעון ויתערב בו רק מטעמים המצדיקים זאת לאחר בחינתו במבחן האיזון אשר נקבע בע\פ 1958/98 פלוני נ' מדינת ישראל (25.12.2002), ובשים לב לכך שהשיקולים הנשקלים בעת עריכת הסדר טיעון אינם זהים בהכרח לאלה הנשקלים במסגרת תיקון 113 לחוק העונשין.""",train
מדוע נגרם נזק לקופה הציבורית כתוצאה מביצוע עבירות מס?,"כתוצאה מביצוע עבירות אף נגרם באופן תדיר נזק רב לקופה הציבורית בפן הכספי, וכן נפגע עיקרון השוויון בנשיאת נטל המס.",train
כיצד משפיע מצבו הנפשי של הנאשם על מידת אשמו המוסרי?,"בעת בחינת הנסיבות, יש לתת את הדעת למצבו הנפשי של הנאשם בעת ביצוע העבירה ולבחון האם יש במצבו הנפשי כדי למתן ולהפחית ממידת אשמו המוסרי של (ע\פ  1865/14 פלוני נ' מדינת ישראל (4.1.2016)) (להלן: \""עניין פלוני\"").""",train
מה התברר בסופו של יום לגבי כוונת הנאשמים בהקשר לחשדות הכבדים?,"לצד האמור, אין להתעלם מכך שחרף החשדות הכבדים שהביאו לפתיחה בחקירה במקרה הנדון, בסופו של יום התברר כי הנאשמים לא פעלו במטרה להטעות משקיע סביר (ראו והבחינו: ת\פ 4709/03 מדינת ישראל נ' מנדל סטפן (11.10.2004) (להלן: עניין סטפן)) או לביצוע עבירות נוספות.""",train
מהן הנסיבות שיש לקחת בחשבון בעת קביעת מתחם הקנס?,בעת קביעת מתחם הקנס יש לתת את הדעת לנסיבות ביצוע העבירות ובכלל זאת לנזק אשר נגרם ולשיטתיות שבביצוען.,train
מהן הנסיבות שיש להתחשב בהן בעת גזירת העונש לנאשם?,"בעת גזירת העונש המתאים לנאשם, בגדרי מתחם העונש ההולם, יש להתחשב בנסיבות שאינן קשורות בביצוע העבירה ונסיבותיו האישיות המורכבות של הנאשם.",train
כיצד עבירות המס המיוחסות לנאשמים פוגעות באמון הציבור ברשות המסים?,"בנוסף, עבירות המס המיוחסות לנאשמים פוגעות בשיטת הגביה, בפיקוח הרשות וכן באמון הניתן בעוסק/נישום שיפעל על פי חוק, וידווח במועדים הקבועים בחוק.",train
מהו מתחם הענישה שנקבע במקרה זה בהתחשב בעונשים שנגזרו על מעורבים אחרים?,"במקרה זה, בשים לב למידת הפגיעה בערכים המוגנים ממעשי הנאשם ולאחר בחינת הענישה הנוהגת שלעיל, אך תוך מתן משקל ממשי גם לעונשים שנגזרו בגדרי הפרשה וכן לעובדה שלגביי חלק מהמעורבים אושר כופר חלף כתב אישום, בעוד שבקשת הנאשם לכופר סורבה – מצאתי כי נכון לקבוע מתחם הענישה מתון ביחס לעונש המאסר, בין 4 ועד 10 חודשי מאסר בפועל, אותם ניתן לרצות בעבודות שירות בכפוף לחוות דעת הממונה על עבודות שירות, לצד ענישה נלווית.",train
מהי משמעות הסרת המחדלים בהקשר של הענישה בעבירות אלו?,"כידוע, להסרת המחדלים בסוג זה של עבירות, משמעות רבה לעניין הענישה.",train
מה ההבחנה בין טווח ענישה למתחם ענישה כפי שהובהר על ידי בית המשפט?,"בית המשפט אף הבהיר את ההבחנה בין טווח ענישה, המשקף את כוח המיקוח של הצדדים לבין מתחם ענישה המשקף קביעה נורמטיבית של בת המשפט.",train
כיצד משפיעות נסיבות ביצוע העבירות על הפגיעה בערכים החברתיים?,נסיבות ביצוע העבירות במקרה זה מלמדות על פגיעה ממשית בערכים החברתיים המצוינים לעיל.,train
מהו העיקרון שעל פיו נקבעת רמת הענישה במקרה זה?,קביעת המתחם נעשית על פי עיקרון ההלימה.,train
מהי התרשמות שירות המבחן לגבי השפעת ההליך המשפטי על הנאשם והשתלבותו בטיפול?,"בהקשר זה שקלתי את התרשמות שירות המבחן לפיה ההליך המשפטי היווה גורם מרתיע משמעותי אשר הביא למוטיבציה אצל הנאשם להשתלב בטיפול התואם את צרכיו, וכי לדעת שירות המבחן, בשל השתתפות הנאשם בהליך טיפולי יציב משנת 2018 ומאמציו לנהל אורח חיים תקין, קיימת חשיבות באימוץ הפן הטיפולי-שיקומי בעניינו.",train
מהן ההשלכות של גילו של הנאשם על השיקולים המשפטיים בעניינו?,"השיקולים בדבר גילו של הנאשם מוצאים את ביטויים במסגרת השיקולים המותווים בחוק, כגון יכולתו של הנאשם להבין את אשר הוא עושה, לרבות בשל גילו (סעיף 40ט(א)(6) ו-(7)), הפגיעה של העונש בנאשם, לרבות בשל גילו (סעיף 40יא(1)); וכן בשיקולי השיקום (סעיף 40ד(א)).",train
מהי הטענה העקרונית של המאשימה בנוגע לעונשים שנגזרו במסגרת הסדרי הטיעון בפרשה?,"טענת המאשימה לפיה העונשים האחרים אשר נגזרו במסגרת הפרשה נגזרו במסגרת הסדרי טיעון, ואף מקרים בהם קמו קשיים ראייתים ועל כן אינם יכולים לשמש אמת מידה לענישה הראויה נכונה ברמה העקרונית.",train
מהו המידע המצביע על כך שהנאשם אינו מנהל אורח חיים עברייני?,המדובר בחלוף זמן שאינו מבוטל ויש בכך יש כדי להעיד כי אין המדובר במי שמנהל אורח חיים עברייני.,train
מהי המסקנה שהתקבלה לאחר איזון בין שיקולי ההרתעה לנסיבות הנאשמת בנוגע לעונש המוטל עליה?,"לאחר איזון בין חשיבות ההרתעה וההלימה לבין נסיבות הנאשמת, מסקנתי היא כי עיקרון ההלימה אינו מאפשר להסתפק במקרה זה בעונש של מאסר על תנאי והתחייבות, או אף בעונש מאסר על תנאי לצד קנס והתחייבות.",train
כיצד השפיע חלוף הזמן מאז ביצוע העבירות על קביעת העונש?,בעת קביעת העונש לא נעלם ממני חלוף הזמן מאז ביצוע העבירות.,train
מהי המשמעות המעשית של סעיף 40ד(א) לחוק העונשין בפסיקה?,"בפסיקה נקבע שהגם שאת סעיף 40ד(א) לחוק העונשין יש ליישם בזהירות, יש לתת לו משמעות מעשית, תוך העדפת שיקולי שיקום (ע\פ 6637/17 קרנדל נ' מדינת ישראל (18.4.2018)), בנוסף, כי יישום סעיף 40ד(א) לחוק העונשין נתון במידה רבה לשיקול דעתה של הערכאה הדיונית, המתרשמת מסיכויי השיקום ומעריכה אותם, וכי במקרים מסוג זה הקו המנחה הוא שימור סיכויי השיקום גם תוך פגיעה מסוימת בשיקולי ההלימה (ת\""פ (מחוזי ח\""י) 48024-03-17 מדינת ישראל נ' פייבושנקו (14.6.2018)).""",train
מהי חומרת עבריינות המס וכיצד היא משפיעה על הכלכלה והחברה?,"כפי שנקבע רק לאחרונה פעם נוספת בעניין יצחקי: \בית משפט זה חזר ועמד על חומרתה של עבריינות המס, אשר נובעת מפגיעתה הקשה במשק, בכלכלה ובמגוון היבטים חברתיים הנוגעים לנטל תשלום המיסים, כמו גם מהקושי הרב שבחשיפתה.""",train
מדוע יש חשיבות להבנת הרקע לביצוע העבירות בהקשר לחומרתן?,"הבנת הרקע המפורט לעיל חיונית לשם בחינת נסיבות ביצוע העבירות וחומרתן, ואינני שותפה לדעת המאשימה לפיה, אין נפקות לכך שהעבירות בוצעו במסגרת פעילות הנאשמים בבורסה ליהלומים בתקופה הרלבנטית על מאפייניה או כי ככל שקיימת נפקות, עליה להישקל דווקא לחומרה.",train
מהי החשיבות של ענישה כספית בעבירות מסוג זה לפי בית המשפט?,"לעניין מתחם הקנס, בסוג זה של עבירות קיימת חשיבות ממשית לענישה כספית משמעותית אשר תלמד כי אין אף תועלת כלכלית לצד ביצוען של העבירות.",train
מה משפיע על מדיניות הענישה בעבירות אי הגשת דוח במועד?,"בחינת מדיניות הענישה הנוהגת בקשר לעבירה של אי הגשת דוח במועד, מלמדת כי בדרך כלל, מדיניות הענישה מושפעת מכמות העבירות, השיטתיות ביצוען והנזק שנגרם לאוצר המדינה.",train
מהן הנסיבות שיש לקחת בחשבון בעת קביעת מתחם הקנס לעבירות מס?,בעת קביעת מתחם הקנס יש לתת את הדעת לנסיבות ביצוע העבירות ובכלל זאת לנזק אשר נגרם ולשיטתיות שבביצוען.,train
מהו השיקול שהוביל להחלטה לאפשר את ריצוי העונש בעבודות שירות במקרה זה?,"השיקולים המנויים לעיל הביאו אותי למסקנה כי נכון במקרה מיוחד זה לחרוג מהכלל, ולאפשר את ריצוי עונש המאסר בפועל אשר ייגזר על הנאשם בעבודות שירות, וכך יקבע.",train
מדוע קיימת חשיבות לענישה כספית משמעותית בעבירות הנעברות לצורך הפקת תועלת כלכלית?,"מדובר בעבירות הנעברות לצורך הפקת תועלת כלכלית, הקנס הוא ממין העבירה  ומשכך קיימת חשיבות לענישה כספית משמעותית אשר תלמד כי אין אף תועלת כלכלית לצד עבירות אלה.",train
מה מלמדות נסיבות ביצוע העבירות על פגיעות בערכים המוגנים?,נסיבות ביצוע העבירות במקרה זה מלמדות על פגיעה ממשית בערכים המוגנים ממעשי הנאשם.,train
מהי התרשמות שירות המבחן לגבי הסיכון להישנות התנהגות אלימה מצד הנאשם?,"בהקשר זה חשוב לציין שזו גם התרשמות שירות המבחן, אשר לאחר בחינת מאפייניו של הנאשם העריך היא כי הסיכון להישנות התנהגות אלימה מצד הנאשם נמוך, וחומרת האלימות צפויה להיות גם היא נמוכה ככל שתישנה.",train
מדוע קושי כלכלי אינו מקנה הקלה אוטומטית בעת קביעת מתחם הענישה?,"מבלי להתעלם מהאמור, כידוע, קושי כלכלי ברקע עבירות מהסוג הנדון אינו מקנה הקלה אוטומטית, וודאי לא משמעותית, בעת קביעת מתחם הענישה ועונשו של הנאשם.",train
מהי הסיבה לכך שהסיכוי לגילוי העבירות נמוך במקרה זה?,"ודוק, שילוב העבירות אשר בוצעו על ידי הנאשם ונסיבות ביצוען, כשפעילותו העסקית של הנאשם מבוצעת לצד ובמסגרת פעילות שאיננה חוקית, ומתבצעת למעשה \מתחת לרדאר\"", במחשכים מביא לכך שהסיכוי לגילוין של העבירות נמוך עד מאוד.""",train
מדוע יש לקחת בחשבון את יזמת הנאשם 2 בעת קביעת הענישה לנאשם 1?,"כפי שפורט במסגרת הדיון בביטול ההרשעה, מבחינת נסיבות ביצוע העבירה עולה כי מעשי העבירה פגעו פגיעה שאינה זניחה בערך מוגן זה, מבלי להתעלם מכך שמי שיזם את המעשים הוא הנאשם 2, על פי דברי הנאשם 1 לשירות המבחן, או מכך שלטענת ההגנה היו בפיו של הנאשם טענות הגנה כדוגמת טענת הסתמכות עליה ויתר.",train
כיצד משפיע מצבו הבריאותי של הנאשם על הענישה?,"נתתי דעתי אף למצבו הבריאותי של הנאשם (הגם שלא הוצגו כל אישורים גם בהקשר זה), להתקף הלב שנטען שעבר, הצנתורים, הניתוח, הטיפול התרופתי והמעקב הרפואי הקבוע.",train
מהו המאפיין המרכזי של מתחם הענישה בהקשר לפסיקה?,"בעת סקירת הפסיקה יש לזכור כי כידוע, מתחם הענישה אינו עניין אריתמטי פשוט אלא מגלם הכרעה ערכית המבוססת על שיקולים שונים שמדיניות הענישה היא רק אחד מהם, כשעצם העובדה שלעולם יוכל כל צד למצוא פסקי דין התומכים בעמדתו מלמדת כי אין המדובר במדד מדויק (ע\פ 3877/13  ג'אבלי נ' מדינת ישראל (17.11.2016), עפ\""ג (ת\""א) 12063-04-15 בראונר נ' מדינת ישראל (20.07.2015)).""",train
מהו המשמעות המשפטית של הסרת המחדלים בהקשר לקבלת אחריות של הנאשם?,בהסרת המחדלים יש כדי להעיד על קבלת אחריות שאיננה רק מהפה החוצה.,train
מהו המצב המשפטי של אדם המאפשר שימוש בו כאיש קש בעבירה?,"אדם המאפשר במודע כי יעשה בו שימוש כ\איש קש\"", היינו עומד בחזית העבירה על מנת שאליו תפנה האצבע המאשימה מה לו כי ילין על ש\""תוכניתו\"" התגשמה\"".""",train
מהו העיקרון שעל פיו נקבע מתחם העונש ההולם במקרה זה?,"קביעת מתחם העונש ההולם נעשית על פי עיקרון ההלימה תוך התחשבות בערך החברתי אשר נפגע, במידת הפגיעה בו, במדיניות הענישה הנוהגת ובנסיבות ביצוע העבירה.",train
"מהי הסיבה לגזירת עונש של של\צ בהיקף ממשי על הנאשם?""","בראי כלל המפורט לעיל והענישה הנוהגת, משנמצא מקום בו יכול הנאשם לרצות עונש של של\צ, מצאתי כי נכון יהיה לגזור של\""צ בהיקף ממשי על הנאשם, אשר יהווה ענישה קונקרטית ומרתיעה, לצד מאסר על תנאי מרתיע וקנס ממשי ופסילת רישיון נהיגה על תנאי.""",train
מה ההבדל בין הנאשם לבין אריק כהן וגיא פלץ בהקשר של טווח הענישה?,"אמנם, בעניינם של אריק כהן וגיא פלץ הסכימו הצדדים על טווח ענישה, הם הוגדרו כאנשי קש בניגוד לנאשם, ונשקלו נסיבות מיוחדות בעניינם, כל אחד ונסיבותיו, כך שקשה לגזור גזרה שווה מעונש שנגזר עליהם.",train
כיצד משפיע פרק הזמן שחלף מאז ביצוע העבירות על קביעת העונש?,"בעת קביעת עונשו של הנאשם נתתי דעתי לטענות הסנגור בקשר לשיהוי ולחלוף הזמן מאז ביצוע העבירות, ואין חולק שהמדובר בפרק זמן ממשי בן 14 שנה מאז העבירה הראשונה ו- 8 שנים מאז האחרונה.",train
כיצד השפיע דיווח הנאשם על הכנסותיו כחוק על הערכת הנסיבות?,"עוד יש לזכור כי הנאשם פעל לדיווח על הכנסותיו כחוק (ובכללן אף הכנסותיו ממכירת היהלומים המפורטים בחשבוניות הכוזבות – הגם שנמכרו ליהלומנים אחרים מאלה הרשומים בחשבוניות הכוזבות), באמור יש כדי למתן במידת מה את הנסיבות וללמד כי אין המדובר במי שהפגין זלזול מוחלט כלפיי חובותיו החוקיות.",train
מהו המשקל שיש ליתן לאינטרס הציבורי בענישה בעבירות מס?,"נסיבות אלה מלמדות כי על הענישה בעניינו של הנאשם להיות מרתיעה ומוחשית, כשיש ליתן משקל ממשי לאינטרס הציבורי בדמות הרתעת הנאשם והרתעת הרבים, שגם כך מקבל בכורה על פני נסיבות אישיות בסוג זה של עבירות.",train
מדוע יש חשש שההתייחסות הסלחנית לאי קיום הוראות החוק תפגע במוטיבציה של משלמי המסים?,התייחסות סלחנית לאי קיום הוראות החוק עלולה להביא אף להיעדר המוטיבציה של כלל ציבור משלמי המסים לדווח ולשלם מסיהם כנדרש.,train
מהו הכלל לגבי כיבוד הסדרי טיעון ומהם השיקולים הנדרשים לבחינה זו?,"הכלל הוא כי בית המשפט יטה לכבד הסדר טיעון ויתערב בו רק מטעמים המצדיקים זאת לאחר בחינתו במבחן האיזון אשר נקבע בע\פ 1958/98 פלוני נ' מדינת ישראל (25.12.2002) ובשים לב לכך שהשיקולים הנשקלים בעת עריכת הסדר טיעון אינם זהים בהכרח לאלה הנשקלים במסגרת תיקון 113 לחוק העונשין.""",train
מהו תפקידו של בית המשפט בקביעת מתחם ענישה בהסדר טיעון?,"בית המשפט רשאי לקבוע מתחם ענישה גם מקום בו הגיעו הצדדים להסדר טיעון, ובכלל זאת להסדר טיעון הכולל טווח ענישה, וראוי שכך יעשה.",train
מהי המדיניות המשפטית לגבי בחינת העונש המוסכם בהסדר טיעון?,"זאת לאור המדיניות המשפטית אשר הייתה נהוגה אף טרם כניסתו של תיקון 113 לחוק העונשין לתוקף, לפיה על בית המשפט לבחון את העונש המוסכם על פי הסדר הטיעון בהתאם לאמות המידה המקובלות.",train
מהי הסיבה למיקום עונשם של הנאשמים ברף התחתון של מתחם העונש?,"מצאתי כי נכון למקם את עונשם של הנאשמים ברף התחתון של מתחם העונש שנקבע, לצד ענישה נלווית.",train
מהו המיקום שנמצא לעונש הנאשם ביחס לתחתית מתחם הענישה?,"לאחר שאיזנתי בין נתוני הזכות והחובה בעניינו של הנאשם, מצאתי למקם את עונשו של הנאשם מעט מעל תחתית מתחם הענישה שנקבע, ולאפשר את ביצוע העונש בעבודות שירות.",train
מהו המשקל של אפקט ההרתעה בעבירות כלכליות לעומת עבירות אחרות?,"אפקט ההרתעה בעבירות כלכליות, הוא בדרך כלל בעל משקל רב יותר מאשר בעבירות אחרות וגם מכאן חשיבותו.",train
כיצד השפיעה מסירת התצהיר על חומרת מעשי הנאשם?,"עוד יש לשקול באופן הממתן במידת מה את חומרת מעשי הנאשם, את העובדה שלאחר מעשה הנאשם מסר תצהיר על מנת לסייע למזרחי לקבל בחזרה בעלות חוקית על הרכב.",train
מהי החשיבות שבהטלת קנס בעבירות מסוג זה?,"כידוע, בסוג זה של עבירות הקנס הוא ממין העבירה ומכאן אף החשיבות שבהטלתו.",train
"מהו ההיבט הציבורי שמצדיק ענישה מרתיעה בעבירות מס חמורות, גם כאשר קיימת אפשרות להמרתן בכופר?","עוד אציין כי עצם האפשרות להמרת עבירות מס חמורות בכופר אינה מפחיתה מחומרתן, ומהאינטרס הציבורי שבבסיס ענישה מרתיעה בגינן, ככל שמתנהל משפט.",train
מהו מבחן האיזון שעל בית המשפט לבחון בהסדרי טיעון?,"על פי מבחן האיזון על בית המשפט לבחון קיומו של \איזון בין טובת ההנאה הצומחת לנאשמים מן ההסדר לעניין העונש לבין אינטרס הציבור כפי שהוא בא לידי ביטוי בעונש שבית המשפט גוזר\"" (שם, בעמ' 606).""",train
מהו העונש הראוי בעבירות מס לפי גזר הדין שניתן בעבירות דומות?,"באותו גזר דין אף הבהיר בית המשפט כי בעבירות מהסוג דנן העונש הראוי הוא עונש של מאסר מאחורי סורג ובריח (ת\פ (ת\""א) 53045-09-12 מדינת ישראל נ' זריף ואח' [פורסם בנבו] (27.2.2014).""",train
מהי מידת הפגיעה בערכים המוגנים שנגרמה כתוצאה מהעבירות שביצעו הנאשמים?,מובן כי באמור יש ללמד על מידת פגיעה שאיננה שולית בערכים המוגנים.,train
מהו המשקל שניתן לשיקולים אישיים לעומת שיקולים ציבוריים בעבירות מס?,שיקולים אלה כידוע מקבלים בסוג זה של עבירות בכורה על פני נסיבות אישיות.,train
מהו השיקול שהביא את בית המשפט לקצר את העונש שניתן לנאשם?,"בית המשפט המחוזי הבהיר, כי גזר הדין שניתן מאוזן ומידתי וכי מצא לנכון לקצר את העונש, נוכח חלוף הזמן מאז מתן גזר הדין והטלטלה שעבר הנאשם משנמצא תחילה, בשלב הערעור, כבלתי מתאים לריצוי עונש בעבודות שירות.",train
מהו השיקול שיש לקחת בחשבון בעת קביעת אופן ריצוי העונש של הנאשם?,"מבלי להתעלם מהאמור, בעת קביעת אופן ריצוי העונש על ידי הנאשם, בעבודות שירות או בבית המאסר, יש לתת את הדעת גם לחלוף הזמן מאז ביצוע העבירות, ובפרט מאז פתיחת החקירה ועד להגשת כתב האישום ומאז ועד היום.",train
מהי השפעת יכולתו הכלכלית של הנאשם על קביעת מתחם הענישה?,בעת קביעת המתחם יש להידרש גם לשאלת יכולתו הכלכלית של הנאשם (במקרה הנדון לא נטען לקושי כלכלי מיוחד).,train
מהי המשמעות שניתנת לקולא בעת בחינת מידת הפגיעה בערכים המוגנים?,"על כן, בעת בחינת מידת הפגיעה בערכים המוגנים, תינתן משמעות מסוימת לקולא למפורט לעיל.",train
"מהי עמדת ב\כ המאשימה לגבי העונשים המוצעים?""","ב\כ המאשימה הביעה התנגדות נחרצת לאמור, והדגישה טענתה לפיה העונשים להם היא עותרת בהתאם להסדר הטיעון הם העונשים הראויים והמינימליים בנסיבות, לאחר שקילת השיקולים הרלוונטיים, ובכללם שיקולים הקונקרטיים ביחס לכל אחד מהנאשמים, ואין מדובר בתקרת ענישה.""",train
כיצד משפיע גילו של הנאשם על שיקול הדעת בענישה במקרה זה?,"בעת בחינת הנסיבות שקלתי גם את גילו של הנאשם היה צעיר מאוד בעת ביצוע העבירות, כבן 19, גם אם האחרים שביצעו את העבירות בצוותא עמו היו צעירים ממנו, קטינים.",train
מהו המנעד הקיים בענישה עבור סוג העבירה הנדונה?,"מבחינת הענישה הנוהגת עולה כי בסוג העבירה הנדונה, קיים מנעד ענישה די רחב ותלוי נסיבות.",train
מהי ההמלצה לגבי מאסר מאחורי סורג ובריח לאור חומרת העבירה?,"חרף חומרת העבירה שאין להקל בה ראש כלל, להורות על מאסרו מאחורי סורג ובריח יהיה זה נכון וראוי.",train
כיצד משפיעה החמרה בענישה בעבירות המערבות חשבוניות פיקטיביות?,"הדברים מקבלים משנה תוקף מקום בו מדובר בעבירות המערבות הוצאה ושימוש בחשבוניות פיקטיביות, ובדרך כלל מתחמי הענישה בגין עבירות אלה ובהיקפים ממשיים הדומים לאלה שבענייננו כוללים בתחתיתם עונשי מאסר ממשיים לריצוי מאחורי סורג ובריח, והעונש שנגזר על הנאשמים הוא עונש מאסר ממשי, תוך שבתי המשפט מדגישים את חומרת העבירות, חשיבות ההרתעה ובכללה הרתעת הרבים, ובכורתו של האינטרס הציבורי על פני נסיבות אישיות.",train
מהו תפקידו של בית המשפט בקביעת מתחם העונש בהקשר של גמישות?,מתחם העונש איננו עניין אריתמטי ולבית המשפט נתון בהקשר זה מרחב מסוים של גמישות.,train
מהו הנזק הכלכלי שגורמות עבירות המס לחברה ולמדינה?,"עבירות המס, בהן הורשע המבקש, חותרות תחת ערך השוויון, הן גוזלות כספים מהקופה הציבורית ופוגעות במישרין ביכולותיה הכלכליות של המדינה ובאיתנותה הפיננסית.",train
מדוע לא ניתנה משמעות לעברו הפלילי של הנאשם 1 בעת גזירת הדין?,"בנוסף, לא מצאתי ליתן משמעות ממשית בעת גזירת הדין לעברו הפלילי של הנאשם 1, בשים לב לכך שהמדובר בעבירות שהתיישנו ובוצעו על ידו לפני שנים רבות, כשמשך שנים ארוכות, עד לביצוע העבירה הנוכחית לא ביצע כל עבירה.",train
מהו הנטל המוטל על הנאשם להוכחת סיכויי השיקום שלו?,"כידוע, באשר לתנאי שעניינו סיכוי של ממש שהנאשם ישתקם, על הנאשם הנטל להציג עובדות וראיות לסיכויי שיקום, שבראשם תסקיר שירות המבחן, להבדיל מטענות בעלמא.",train
כיצד משפיעה בעיה לבבית וגיל מתקדם על האפשרות של הנאשם למצוא חלופה תעסוקתית במקרה של הרשעה?,"בגילו המתקדם (כשהוא גם סובל מבעיה לבבית לדברי באת כוחו) ובהעדר כישורים תעסוקתיים בתחומים אחרים, יתקשה הנאשם למצוא חלופה תעסוקתית באם יורשע ויפוטר מעבודתו.",train
מהן שתי התכליות להתחשבות בהסרת המחדל לפי השופט מלצר?,"ברע\פ 7851/13 חדר עודה נ' מדינת ישראל (3.9.2015) ציין כב' השופט מלצר כי להתחשבות בהסרת המחדל שתי תכליות, האחת \""סילוקו של המחדל כרוך בהשלמת החסר מקופת המדינה והטבת הנזק שנגרם כתוצאה מהעבירה\"" והשנייה \""עידוד הבעת חרטה וקבלת אחריות לביצוע העבירה בידי הנאשם\"".""",train
"מהי הענישה המומלצת לעבירות מסוג זה, בהתחשב באינטרס הציבורי?","משכך, נקבע לא אחת, עבירות מסוג זה, באופן רגיל, מחייבות השתת ענישה מרתיעה ומכבידה הכוללת עונשי מאסר מאחורי סורג ובריח, תוך מתן בכורה לאינטרס הציבורי שבהרתעת הנאשם והרתעת הרבים על פני נסיבותיו האישיות של הנאשם.",train
מהו העונש המינימלי שניתן להטיל על הנאשם בהתאם לנסיבות המקרה?,"לאחר ביצוע האמור ובהינתן מתחם הענישה אשר קבעתי  לעיל סבורני כי על אף שבאופן רגיל ראוי כי מי שביצע עבירות מהסוג בהן הורשע הנאשם, ירצה עונש מאחורי סורג ובריח, הרי שבנסיבות מקרה דנן, גם לאחר שקילת שיקולי ההרתעה ניתן להסתפק בעונש מאסר ברף התחתון של המתחם, קרי 6 חודשי מאסר, אשר בכפוף לחוות דעת הממונה על עבודות השירות, יכול וירוצו בעבודות שירות.",train
מהי התרשמות בית המשפט לגבי המסוכנות הנשקפת מהנאשם והצורך בהרתעתו?,"בראי התרשמותי כי המסוכנות הנשקפת ממנו איננה ברף הגבוה וכך גם הצורך בהרתעתו, ראוי ונכון למקם את עונשו בתחתית מתחם הענישה אשר נקבע.",train
מדוע יש להתייחס ליכולת הכלכלית של הנאשם בעת קביעת המתחם?,בעת קביעת המתחם יש להידרש גם לשאלת יכולתו הכלכלית של הנאשם.,train
מהי המשמעות של חלוף הזמן על הענישה במקרה זה?,"למרות חומרת הנסיבות והעבירות שבוצעו על ידי הנאשם, אשר באופן רגיל היו מצדיקות השתת עונש של מאסר לריצוי מאחורי סורג ובריח, קיימת משמעות לחלוף זמן מאז ביצוען של העבירות ולכך שהנאשם החל בדרך חדשה.",train
מהו השיקול שיש לקחת בחשבון בעת בחינת הנסיבות של הנאשם בביצוע העבירות?,"בעת בחינת הנסיבות יש לתת משקל גם לגילו של הנאשם בעת ביצוע העבירות, בן 22, ולכך שבעת התיווך בסם החזיק גם באופניים החשודים כגנובים.",train
כיצד השפיעו טענות הסנגור על ההחלטה בנוגע להפעלת המאסר המותנה?,"נתתי דעתי לטענות הסנגור לפיהן אין מקום להפעלת המאסר המותנה מטעמים שונים, הנוגעים אף להגנה מן הצדק.",train
מדוע יש לקחת בחשבון את נסיבות המקרה בעת בחינת מידת הפגיעה בערכים המוגנים?,"מובן וברור שאין בכך כדי להצדיק את תקיפת המתלונן באגרופים בפניו כפי שתקף הנאשם, אך נסיבות אלה בהחלט רלבנטיות בעת בחינת מידת הפגיעה בערכים המוגנים מהמעשה.",train
מהו התנאי הראשון שעל בית המשפט לבחון בבקשה לביטול הרשעה?,"בהתאם להלכה על בית-המשפט לבחון הצטברותם של שני תנאים עיקריים בבואו לבחון בקשה לביטול הרשעה: האחד, האם סוג העבירה ונסיבות ביצועה מאפשרים לוותר על ההרשעה מבלי שהדבר יפגע באופן מהותי בשיקולי הענישה האחרים.",train
אילו נסיבות אישיות יש לקחת בחשבון לגבי מצבו הכלכלי של הנאשם?,"לצד זאת ובהקשר זה יש לתת את הדעת למצבו הכלכלי הקשה של הנאשם כיום אשר פורט בהרחבה על ידי הסנגור, לכך שהוא ומשפחתו איבדו את כל רכושם בעקבות ההסתבכות הכלכלית וההלוואות שנטל הנאשם ולכך שהנאשם אף נפגע פיזית בשנת 2015, כמפורט בנ/1.",train
מהי כוונת המחוקק בנוגע להתעשרות שלא כדין של נפגעי העבירה?,כוונת המחוקק לא הייתה להביא להתעשרות שלא כדין של נפגעי העבירה.,train
מהו השיקול המרכזי שנלקח בחשבון בעת קביעת מתחם הקנס לנאשם?,"בעת קביעת מתחם הקנס נתתי דעתי לכלל הנסיבות המפורטות לעיל ולערכים המוגנים, ולצד זאת, לקשייו הכלכליים של הנאשם העולים מהמסמכים שהוגשו.",train
מהו ההבדל במידת הפגיעה בערכים המוגנים בין הנאשם לאורלי?,"פרט חשוב להדגיש כי מידת הפגיעה בערכים המוגנים ממעשיו נמוכה באופן ממשי מהפגיעה שנגרמה ממעשיה של אורלי, שלמתחם הענישה שנקבע בעניינה רלבנטיות רבה לקביעת המתחם בעניינו של הנאשם, מכוח עיקרון השוויון ואחידות הענישה.",train
מהו העיקרון המשפטי המנחה לגבי חובת הנאשמים לדווח ולשלם את המס בזמן?,"יש לזכור כי על הנאשמים היה לדווח ולשלם את המס בזמן אמת, אינני מוצאת ליתן משקל לקולא לאותו עיקול נטען והשפעותיו (מה גם שהטענות בדבר הקושי שיצר העיקול הנטען לא בוססו בראיות כלל).",train
מהו הסיכון להישנות ביצוע עבירות על ידי הנאשם לפי הערכת שירות המבחן?,"באשר להערכת הסיכון, שירות המבחן מעריך כאמור סיכון להישנות ביצוע עבירות על ידי הנאשם ומפנה לכך שהנאשם הפנים לאורך שנים, בגין משבר רגשי מתמשך, דפוסי חשיבה שהם בעלי קווים של מרמה ועבריינות.",train
מהו המידע לגבי הענישה הנוהגת באישום הראשון בפרשה זו?,"אשר לענישה הנוהגת, בכל הקשור לאישום הראשון, אין חולק כי הענישה הרלבנטית היא הענישה אשר ניתנה במסגרת הפרשה דנן, המלמדת על ענישה מקלה יחסית לענישה בסוג זה של עבירות בדרך כלל (לפירוט רחב יותר לטעמים לכך ראו כדוגמא עניין ענבי).",train
מהו היבט החומרה שנלקח בחשבון בנוגע לפעולות הנאשם לאחר חקירתו?,"זאת מבלי שנעלם ממני כי הנאשם פעל לביצוע חלק מהעבירות אף לאחר שנחקר, על החומרה לצד האמור.",train
מהי החשיבות של ענישה כספית בעבירות אי הגשת דוחות למס הכנסה?,"לעניין מתחם הקנס, בסוג זה של עבירות קיימת חשיבות גם לענישה כספית שתלמד כי אין אף תועלת כלכלית לצד ביצוען של העבירות.",train
כיצד משפיע חלקו של הנאשם בביצוע העבירות על קביעת מתחם הענישה שלו?,"שים לב לחלקו הגדול יותר של הנאשם בביצוע העבירות, ולמידת הפגיעה הרבה יותר בערכים המוגנים מביצוען על ידו ולחובת האמון שחב, ומבלי להתעלם מכך שהנאשם 3 הוא זה אשר ביצע את מעשה הזיוף בפועל, ואף הורשע בביצוע עבירה נוספת של זיוף בכוונה לקבל באמצעותו דבר, מתחם הענישה ביחס לעונש המאסר בעניינו של הנאשם יקבע גבוה יותר מזה שנקבע בעניינו של נאשם 3 - בין 8 ו- 24 חודשי מאסר בפועל.",train
מה מלמדות הנסיבות במקרה זה לגבי מידת הפגיעה בערכים המוגנים?,"אשר לסוג העבירה שביצעה הנאשמת ונסיבותיה, במקרה זה הנסיבות מלמדות על מידת פגיעה לא מבוטלת (גם אם אינה ברף הגבוה ביותר) בערכים המוגנים בעבירה שביצעה הנאשמת הנוגעים לשלמות גופו ביטחונו ושלוות נפשו של אדם.",train
מהו העיקרון המנחה בענישה שנלקח בחשבון בעת קביעת מתחם העונש ההולם?,"מתחם העונש ההולם נקבע בהתאם לעקרון המנחה בענישה, היינו קיומו של יחס הולם בין חומרת מעשה העבירה בנסיבותיו ומידת אשמו של הנאשם, לבין סוג ומידת העונש המוטל עליו, תוך התחשבות בערך החברתי אשר נפגע, במידת הפגיעה בו, בנסובות הקשורות בביצוע העבירה ובמדיניות הענישה הנהוגה.",train
מהי ההבנה שהנאשמת הייתה צריכה לפתח לגבי חובותיה החוקיות?,"בראי הרשעתה הקודמת ברי כי הנאשמת אף הבינה היטב את חובותיה החוקיות ואת המשמעות של אי קיומן בכל שנה ושנה אך בחרה לפעול כאמור באופן שיטתי, ועולה כי לא הורתעה דיה מהמאסר המותנה התלוי ועומד כנגדה.",train
מהי הנסיבה הממתנת שנזכרה בנוגע לשירות המבחן במקרה זה?,"יש לזכור כי באותו מועד טרם החל ליווי שירות המבחן בת\פ  14577-03-13 (אשר החל בשנת 2016 על פי התסקירים שהתקבלו) ובכך נסיבה ממתנת.""",train
מהו ההיבט המרכזי שציין בית המשפט לגבי הסדר הטיעון של אבו אלרוב?,"בגזר דינו של אבו אלרוב אף פירט בית המשפט כי הסדר הטיעון הוא תולדה של הליך גישור ש\מקפל לתוכו שיקולים ראייתיים מגוונים, ונותן ביטוי גם לעובדה כי הנאשם קיבל אחריות על מעשיו בתחילת ההליך המשפטי, ואין לחובתו הרשעות קודמות.""",train
כיצד משפיעה הודיית הנאשם על שיקולי הענישה בעניינו?,"הודיית הנאשם, חרטתו, חיסכון הזמן השיפוטי על ידו והסרת המחדל המוקדמת יזקפו לזכותו וישקלו לקולא בין שיקולי הענישה.",train
כיצד מתבטאת ההכרעה הערכית במתחם הענישה?,"כידוע, מתחם הענישה אינו עניין אריתמטי פשוט אלא מגלם הכרעה ערכית המבוססת על שיקולים שונים שמדיניות הענישה היא רק אחד מהם, כשעצם העובדה שלעולם יוכל כל צד למצוא פסקי דין התומכים בעמדתו, מלמדת כי אין המדובר במדד מדויק.",train
מהי מידת הפגיעה בערכים המוגנים שנקבעה על ידי בית המשפט במקרה זה?,"מבלי למעט מחומרת מעשי הנאשם, הנזק שגרם במעשיו למתלונן ופוטנציאל הנזק החמור לצד המעשה, בראי הנסיבות כולן ובכללן תרומת המתלונן לאירוע, מצאתי לקבוע כי מידת הפגיעה בערכים המוגנים ממעשי הנאשם היא ברף הבינוני.",train
מהו הרף התחתון של מתחם העונש ההולם שנקבע בפסיקה בעבור עבירות מס?,"עוד מבחינת הפסיקה עולה כי באופן תדיר נקבע הרף התחתון של מתחם העונש ההולם על מאסר מותנה, גם כאשר עסקינן בסכומי מס שאינם מבוטלים וביצוע די שיטתי של עבירות ואף כאשר נקבע מתחם כולל לכלל העבירות שבכתב האישום.",train
מהי עמדת בית המשפט לגבי חריגה ממתחמי הענישה שנקבעו במקרה זה?,במקרה דנן אין מקום לחריגה לקולא או לחומרה ממתחמי הענישה שנקבעו.,train
מהי הסיבה לקביעת העונש ברף התחתון למרות עברו הפלילי של הנאשם?,"גם אם זו אינה חפה מנפילות, ומבלי להתעלם מעברו הפלילי הכולל 5 הרשעות, ביניהן כאלה מן העניין, ומהעובדה שהיה במהלכו של ההליך השיקומי בעת ביצוע העבירות בתיק דנן, מסקנתי היא כי חרף עתירת המאשימה לקביעת עונשו של הנאשם ברף העליון של מתחם הענישה, נכון במקרה זה דווקא לקבוע את עונשו ברף התחתון.",train
מהו מתחם העונש ההולם שנמצא לאחר סקירת הנסיבות והערכים המוגנים?,"לאחר סקירת כל אלה, לצד נסיבות ביצוע העבירות ובראי הערכים המוגנים שנפגעו מצאתי כי מתחם העונש ההולם הוא בין מאסר על תנאי לבין 7 חודשי מאסר.",train
מהי עמדת בית המשפט לגבי האפשרות של הנאשם להימנע מהמעשה?,"גם אם יש באמור כדי למתן במידת מה את הנסיבות, מובן שאין בכך כדי להצדיק את ביצוע העבירה על ידי הנאשם כשכטענת המאשימה, לא יכול להיות חולק כי הנאשם יכול היה להימנע מהמעשה, גם אם סרב המתלונן לעזוב את המסעדה ושב אליה, ולפנות למשטרה (גם אם התבקש שלא לעשות כן על ידי חברו של המתלונן) - אך הוא לא פעל כאמור.",train
מהו הצעד שהיה על הנאשם לנקוט אם לא היה יכול לעמוד בדרישות החוק?,"ככל שלא היה ביכולתו לעשות כן בשל קשייו הכלכליים, יכול וצריך היה להפסיק את הפעילות.",train
כיצד משפיעה השיטתיות והיקף העבירות על מדיניות הענישה בעבירות הנדונות?,"ניתן ללמוד מהפסיקה הנוהגת כי באופן רגיל, מדיניות הענישה בעבירות הנדונות היא מוחשית וכוללת עונשי מאסר משמעותיים לריצוי מאחורי סורג ובריח, בעיקר מקום בו לא הוסרו המחדלים, מקרים בהם דובר בעבירות אשר נעברו בשיטתיות ו/או בסכומי מס גבוהים.",train
"כיצד משפיעים שיקולים שונים על קביעת מתחם הענישה, מעבר למדיניות הענישה?","כידוע, מתחם הענישה אינו עניין אריתמטי פשוט אלא מגלם הכרעה ערכית המבוססת על שיקולים שונים שמדיניות הענישה היא רק אחד מהם, כשעצם העובדה שלעולם יוכל כל צד למצוא פסקי דין התומכים בעמדתו, מלמדת כי אין המדובר במדד מדויק (ע\פ 3877/13 ג'אבלי נגד  מדינת ישראל (17.11.2016), עפ\""ג (ת\""א) 12063-04-15 בראונר נ' מדינת ישראל (20.07.2015)).""",train
כיצד משפיעה ניהול ההליך על ההקלה בעונש?,"עובדת ניהול ההליך אינה נזקפת כמובן לחובתו של הנאשם, אך אין הוא יכול ליהנות מההקלה הניתנת למי שהודה, הביע חרטה ואף חסך בכך זמן שיפוטי יקר.",train
כיצד משפיעים שיקולי צדק והגינות על ענישת הנאשם בהקשר למעורבותו בעבירות?,"מטעמי צדק והגינות המאשימה אינה יכולה לדבר בשני קולות, ומשובת האישום היחיד הרלבנטי לעניינו של הנאשם הוא זה המתוקן שהוגש נגדו, ועל פיו חלקו בביצוע המעשים העבריינים במערך הכולל הוא הקטן ביותר (אף ביחס לאברהם אייזנברג, נאשם 4, הגם שהורשע בעבירות קלות יותר), על עניין זה לבוא לידי ביטוי בענישה.",train
מהי הסיבה להערכת המסוכנות להישנות העבירות על ידי הנאשם?,"העדר האמור, לצד העדר ההפנמה בדבר הפסול במעשיו, מקים מסוכנות מסוימת להישנות העבירות על ידו כלפי גורמי ממסד, כפי שאף ציין שירות המבחן, ועניין זה נשקל לחומרה במסגרת שיקולי הענישה.",train
כיצד משפיע חלוף הזמן מאז ביצוע העבירות על שיקול הענישה?,"גם חלוף הזמן הממשי מאז ביצוע העבירות בשנת 2015 יישקל לקולא, וכן העובדה שהנאשמת לא הסתבכה מאז בביצוע עבירות נוספות.",train
מהי מידת הפגיעה בערכים המוגנים מהחזקת קנביס לצריכה עצמית לפי המחוקק?,"מהוראת השעה ודברי ההסבר נראה שגם המחוקק מצא שמידת הפגיעה בערכים המוגנים מהחזקת קנביס לשם צריכה עצמית היא מתונה יחסית ומצדיקה, במקרים מתאימים, את אכיפת האיסור באופן שאינו מכתים את גיליונו הפלילי של מבצע העבירה.",train
מדוע נדחתה טענת המאשימה בנוגע להקלה המגיעה לנאשמים?,"טענת המאשימה לפיה בשל העובדה שבחרו לנהל את ההליך אינם זכאים להקלה הנדונה נידחת, בשים לב לכך שבעקבות ניהול פרשת התביעה, מצאה המאשימה לנכון לתקן את כתב האישום תיקון משמעותי עד מאוד.",train
כיצד משפיע סכום המס מושא כתב האישום על גובה הקנסות?,גובה הקנסות מושפע מסכום המס מושא כתב האישום וכלל הנסיבות.,train
מהו הנזק הפוטנציאלי שנגרם לפעילות התקינה של מנגנון המסים בעקבות העבירות?,"ביצוע עבירות מהסוג דנן גורם לנזק לפעילות התקינה של מנגנון המסים, לפגיעה פוטנציאלית בקופה הציבורית, ופעמים רבות אף לפגיעה הלכה למעשה, אשר מביאה לפגיעה בכל אחד ואחת מאזרחי המדינה, ובפרט בציבור הנשען על השירותים הציבוריים.",train
מהו ההסבר לכך שיכולה להתקיים פגיעה בערך השוויון גם כאשר החלטת הרשות היא הגיונית ואינה נגועה בשרירותיות?,"יכולה להתקיים פגיעה בערך השוויון ובתחושת הצדק וההגינות, גם אם החלטת הרשות (במקרה זה להשתת הכופר על מנכ\לי אשטרום) היא הגיונית בנסיבות ואיננה נגועה בשרירותיות, ולא נלווה לה מניע פסול או כוונה רעה (ע\""פ 7621/14 גוטסדינר נ' מדינת ישראל (1.3.2017) (כב' השופטת ברק ארז, פסקאות 56-57), ורע\""פ 1611/16 מדינת ישראל נ' ורדי (31.10.2018).""",train
מהי משמעות הסרת המחדלים בעבירות מסוג זה לעניין הענישה?,להסרת המחדלים בסוג זה של עבירות משמעות רבה לעניין הענישה.,train
מהו הישגיו של הנאשם למרות נסיבות חייו הקשות?,"חרף נסיבות חייו הקשות של הנאשם, אשר אף נאלץ לעזוב את בית הספר בסוף כיתה י' כדי לכלכל את משפחתו, הצליח הנאשם כנגד כל הסיכויים לנהל חיים נורמטיביים ויש לברך על כך, ולזקוף הישגיו אלה לזכותו.",train
מהו השיקול שהנחה את בית המשפט להטיל על הנאשם ענישה שיקומית?,"לאור השיקום המשמעותי שעבר הנאשם ותואר בגזר הדין, ומשך מעצרו ושהייתו בקהילה סגורה משך 11 חודשים, מצא בית המשפט להטיל עליו ענישה שיקומית בדמות צו של\צ למשך 250 שעות לצד צו מבחן למשך שנתיים ופיצוי למתלוננים, תוך שהופעלה התחייבות קודמת והוארך מאסר על תנאי שהיה תלוי ועומד נגדו למשך שנתיים.""",train
מהי החשיבות של ענישה ממשית במקרה זה בהקשר של הרתעת הנאשם והרבים?,"בנסיבות המקרה לטעמי קיימת חשיבות להשתת ענישה ממשית אשר תביא להרתעת הנאשם וכך גם להרתעת הרבים, שחשיבותה ברורה נוכח פוטנציאל הסיכון הביטחוני לצידה של העבירה.",train
מהי מידת הפגיעה בערכים המוגנים ממעשהו של הנאשם?,"בשקלול כלל המפורט לעיל נראה כי חרף נסיבות ממתנות מסוימות, ובפרט לאור החבלה המשמעותית שנגרמה למתלונן, מידת הפגיעה בערכים המוגנים ממעשהו של הנאשם איננה מבוטלת.",train
מה נקבע בעניין יצחקי לגבי האפקט ההרתעה בעבירות כלכליות?,בעניין יצחקי נקבע שהאפקט ההרתעה בעבירות כלכליות הוא בדרך כלל בעל משקל רב יותר מאשר בעניינים אחרים.,train
מהי עמדת בית המשפט לגבי טענות הסנגור בנוגע להגדרת העבירות?,"נתתי דעתי לטענותיו של הסנגור כנגד הגדרת העבירות בהן הורשע הנאשם כ\עבירות נמשכות\"" והפנייתו לעניין בוני הבירה כמו גם לרציונל שבבסיס ענישה צופה פני עתיד -אך אלה אינן מתקבלות.""",train
מהן הנסיבות החיוביות שציין בית המשפט בנוגע להודאת הנאשם?,"יחד עם זאת, המדובר בנאשם אשר הודה וחסך זמן שיפוטי, נסיבות חייו אינן פשוטות ואף קיים טעם בטענת ההגנה בדבר אורכם הניכר של המאסרים המותנים התלויים ועומדים ביחס לנסיבות העבירה בה הורשע בתיק דנן.",train
מהו העונש שנקבע לנאשם בהתאם לנסיבות המקרה?,נוכח המפורט לעיל מצאתי למקם את עונשו של הנאשם בשליש התחתון של המתחם כך שיעמוד על 45 ימי מאסר שירוצו בעבודות שירות לצד מאסר על תנאי והתחייבות.,train
מהי חומרת העבירה בהקשר לחוק אכיפת החוק?,"נקבע כי חומרתה של העבירה טמונה בחתירת המעשה תחת מנגנון אכיפת החוק, מתוך מטרה לאיין את ייעודן החברתי של הרשויות המופקדות עליה, המשטרה, התביעה ובית המשפט, ומכאן אף ההצדקה לענישה מוקיעה ומרתיעה בגינן .",train
מהי נקודת המוצא לגבי נזק קונקרטי לשיקומו של הנאשם?,"נקודת המוצא היא כאמור כי על ההגנה לשכנע שהרשעה בדין תגרום לנזק קונקרטי וממשי לשיקומו או לעתידו של הנאשם, ואין להסתפק בעניין זה בתרחישים תיאורטיים ואין לדעת אם יתממשו בעתיד.",train
מהן הנסיבות האישיות שתרמו לקביעת העונש כראוי ומאוזן במקרה זה?,"בראי כלל המפורט לעיל דומה כי עונש זה הוא עונש ראוי ומאוזן וזאת אף בראי נסיבותיו האישיות, מצבו הכלכלי והמשפחתי, הודייתו, חסכון הזמן השיפוטי על ידו, ההגעה להסכם שומה כמפורט בנע/3.",train
מהו העיקרון שעל פיו נקבעת מתחם העונש ההולם בעבירות מס?,"קביעת מתחם העונש ההולם נעשית על פי עיקרון ההלימה תוך התחשבות בערך החברתי אשר נפגע, במידת הפגיעה בו, במדיניות הענישה הנוהגת ובנסיבות ביצוע העבירה.",train
מהי הסיבה לכך שלא ניתן לקבוע ריצוי עונש בעבודות שירות במקרה הנדון?,"בנסיבות המקרה הנדון לא די בנתון זה לבדו כדי להצדיק קביעת ריצוי עונש המאסר על ידי הנאשם בדרך של עבודות שירות, לאור חשיבות האינטרס הציבורי וההרתעה בסוג זה של עבירות ובכורתם על פני נסיבות אישיות, כשדרך המלך כאמור היא לעונש מאסר מאחורי סורג ובריח (עניין יצחקי, רע\פ 1929/18 אריאלי נ' מדינת ישראל (26.4.2018)).""",train
כיצד משפיעות טענות הנוגעות להגנה מן הצדק על קביעת מתחם העונש?,"בטענות הנוגעות להגנה מן הצדק יכולות להשפיע לא רק על גזירת הדין בתוך מתחם העונש ההולם, אלא גם בעת קביעת המתחם עצמו (פסקה 50 לדברי כב' השופט הנדל).",train
כיצד יש לבחון את סבירות ההסדר כאשר הצדדים הסכימו על טווח ענישה?,"על פי הגישה הרווחת, גם מקום בו הסכימו הצדדים בהסדר טיעון על טווח ענישה, ובכלל זאת מקרה בו הסכימה המאשימה להגביל עצמה לעונש מסוים בעוד שההגנה חופשיה בטיעוניה, יש לבחון את סבירותו של ההסדר במבחן האיזון בהתאם לאמות מידה מקובלות המעוגנות בתיקון 113 לחוק העונשין (עניין מצגר, פסקה 12).",train
מהי הסיבה לכך שהענישה המוסכמת בהסדר הטיעון היא ראויה ומאוזנת?,"בברא האינטרס הציבורי שבבסיס הסדרי טיעון וחשיבות כיבודם, בראי נסיבות ביצוע העבירות אשר פורטו לעיל ובכלל זאת הקושי הראייתי הנטען, בשים לב לענישה הנוהגת ולנסיבות הקונקרטיות בעניין הנאשמים, הענישה המוסכמת לנאשמים בהסדר הטיעון, הכוללת גם קנס לכל אחד מהנאשמים על חשיבותו בסוג זה של עבירות, היא ראויה ומאוזנת ואני מוצאת לאמצה.",train
כיצד משפיע חלקם הקטן של נאשמים אחרים על רמת הענישה בעניינם?,"לגבי נאשמים אחרים בפרשה, חלקם הקטן בביצוע העבירות ביחס למערך העברייני הכולל מובן שיש לכך השפעה על רמת הענישה החלה עליהם ועל כך שהענישה בעניינם רלבנטית פחות לעניינו של הנאשם.",train
מהו השילוב שהוביל להחלטה לחרוג לקולא ממתחם הענישה במקרה זה?,"עם זאת, במקרה זה, השילוב בין עמדתה העונשית של המאשימה, מצבו הרפואי הקשה והמורכב של הנאשם, הסיכון לבריאותו מריצוי עונש של מאסר בפועל, ואי כשירותו לריצוי עונש בעבודות שירות, ואיזונם אל מול העבירה שביצע בנסיבותיה, מביאים למסקנה כי נכון לחרוג לקולא ממתחם הענישה משיקולי צדק ולגזור על הנאשם עונש של מאסר על תנאי מרתיע לצד פיצוי.",train
מהו הצורך באיזון בין חומרת העבירה לעובדות המקרה במעמד התיק?,מעמד התיק חושף שיקולים וצורך באיזון בין חומרת העבירה לעובדות המקרה ותנאי הנאשם.,train
מהו ההבדל בין השיקולים לאימוץ הסדר טיעון לבין השיקולים לפי תיקון 113 לחוק העונשין?,"לצד זאת, בעת הבחינה, אין להתעלם מכך שהשיקולים שבבסיס אימוצו של הסדר טיעון אינם זהים בהכרח לאלה הנשקלים במסגרת תיקון 113 לחוק העונשין, ובכללם ציפיית הנאשם כי הסדר הטיעון יאומץ (ראו גם ע\פ 512/13   פלוני נ' מדינת ישראל (4.12.2013)).""",train
כיצד יש לאזן את מצבו הרפואי של הנאשם עם שיקולים אחרים?,"את מצבו הרפואי של מי שהורשע בדין יש לאזן עם שיקולים רלוונטיים אחרים, ובכלל אלה הסיכון שנשקף לציבור ממנו.",train
מהי הגישה הרווחת בנוגע לבחינת סבירות הסדר טיעון כאשר הצדדים מסכימים על טווח ענישה?,"על פי הגישה הרווחת, גם מקום בו הסכימו הצדדים בהסדר טיעון על טווח ענישה, ובכלל זאת מקרה בו הסכימה המאשימה להגביל עצמה לעונש מסוים בעוד שההגנה חופשיה בטיעוניה, יש לבחון את סבירותו של ההסדר במבחן האיזון בהתאם לאמות מידה מקובלות המעוגנות בתיקון 113 לחוק העונשין (עניין מצגר, פסקה 12 (30.4.2017)).",train
"מדוע לא ניתן לזקוף לזכות הנאשם את הסרת המחדל הכספי שנגרם מעבירות המע\מ?""","בנסיבות אלה הרי שלא ניתן לזקוף לזכות הנאשם אפילו הסרה חלקית אך ממשית של המחדל הכספי הנובע מעבירות המע\מ, אשר מעידה פעמים רבות לכל הפחות על כנות מאמצי נאשם לתקן את הנזק שגרם במעשיו.""",train
מה יש לקחת בחשבון בעת קביעת מתחם הקנס?,"בעת קביעת מתחם הקנס יש לתת את הדעת לנסיבות ביצוע העבירות, ולהיקף ומידת הפגיעה מהן בערכים המוגנים.",train
מהו המבחן שעל פיו ייבחן הסדר הטיעון שנעשה בין הצדדים?,"הסדר הטיעון אליו הגיעו הצדדים יבחן בנסיבות אלה על פי מבחן האיזון ואף בראי תיקון 113 לחוק העונשין, ועל פיו אף יקבע העונש אשר ייגזר על הנאשמים, בשים לב להסכמות הצדדים, ולאחר בחינת סבירותן.",train
מדוע לא נמצא חפיפה משמעותית בין העונשים שנקבעו לעבירות השונות במקרה זה?,"איני מוצאת לחפוף בין העונשים באופן משמעותי, בשים לב למאפייני העבירות והערכים המוגנים השונים בבסיסם ומכוח עיקרון ההלימה, ואף אינני מוצאת כי הנסיבות הקונקרטיות אשר צוינו בעניינו של הנאשם מצדיקות זאת.",train
מהו הקריטריון המיוחד לביטול או הימנעות מהרשעה במקרה של הנאשם?,ביטול או הימנעות מהרשעה הוא חריג מצומצם המוצדק רק במקרים חריגים ויוצאי דופן בהם לא מתקיים יחס סביר בין הנזק הצפוי לנאשם מן ההרשעה לבין חומרתה של העבירה.,train
כיצד משפיעה נטילת האחריות של הנאשמת על טענת הסנגורית לגבי ניהול העסק?,"לא נעלמה ממני טענת הסנגורית לפיה מי שניהל את העסק בפועל הוא בן זוגה של הנאשמת, אולם משנטלה הנאשמת אחריות ואישרה שניהלה היא את העסק, אין בטענה שנטענה בעת הטיעון לעונש להביא להקלה בנסיבות ביצוע העבירות על ידה.",train
מהן שתי האדנים שעליהם מבוססת חשיבות הסרת המחדל ומשקלה לקולא לפי פסיקת בית המשפט העליון?,"על פי פסיקת בית המשפט העליון, חשיבות הסרת המחדל ומשקלה לקולא מבוססת על שני אדנים.",train
מהו השיקול המיוחד שנלקח בחשבון במקרה זה בנוגע למצבו של הנאשם?,"בנסיבותיו המיוחדות של המקרה דנן, נוכח מחלתו הקשה עד מאוד של הנאשם, מבלי להקל ראש בעבירות אשר בוצעו אך בשים לב גם למשך השנים בהן שימש כעוסק לפני ביצוען ובהן שילם מסיו כחוק, ומבלי לתת משקל מכריע לטענה לפיה בסופו של יום ישולם חובו של הנאשם לרשות המסים מהכספים שהתקבלו ממכירת בית מגוריו, דומני כי זהו אחד המקרים המיוחדים בהם יש ללכת כברת דרך לקראת הנאשם.",train
מהי החומרה הנובעת ממשך ביצוע העבירות במקרה זה?,"יחד עם זאת, לא ניתן להתעלם מהחומרה הנובעת ממעשי הנאשם העולה ממשך ביצוען, מאז שנת 2005 ועד שנת 2017, לצד העובדה שהנאשם העלים מקור הכנסה שלם, והקושי הברור, הנוסף לקושי הרגיל שבגילוי עבירות מסוג זה בשל כך.",train
מהי השפעת כמות העבירות על מדיניות הענישה בעבירות אי הגשת דוח במועד?,"בכל הנוגע לעבירות של אי הגשת דוח במועד למע\מ, מדיניות הענישה מושפעת מכמות העבירות אשר בוצעו, משיטתיות ביצוען ומהנזק שנגרם לאוצר המדינה.""",train
מהי משמעות הסרת המחדל בהקשר לשיקולי הענישה לקולא?,"כידוע להסרת המחדל קיימת משמעות רבה בין שיקולי הענישה לקולא, משיש בה כדי להביא לתיקון הנזק שנגרם מביצוע העבירות בפן הכספי, ובמקרים מתאימים היא עשויה ללמד על חרטה ונטילת אחריות אמיתית (רע\פ 7851/13 עודה נ' מדינת ישראל (3.9.2015).""",train
מהו העונש הנוהג בדרך כלל בעבור סוג זה של עבירות?,"מבחינת הענישה הנוהגת, עולה כי בדרך כלל, בסוג זה של עבירות ובהיקפים ממשיים, נגזר דינם של נאשמים למאסר מאחורי סורג ובריח, תוך שבתי המשפט מדגישים את חומרת העבירות, חשיבות ההרתעה ובכללה הרתעת הרבים, ובכורתו של האינטרס הציבורי על פני נסיבות אישיות.",train
מהו התנאי הראשון שיש לבחון כדי להימנע מהרשעה או לבטלה במקרה זה?,"על מנת להימנע מהרשעה או לבטלה יש לבחון הצטברותם של שני תנאים עיקריים: האחד, האם סוג העבירה ונסיבות ביצועה מאפשרים לוותר בנסיבות המקרה על ההרשעה מבלי לפגוע באופן מהותי בשיקולי הענישה האחרים.",train
מהי מידת הפגיעה מביצוע העבירות במקרה הנדון?,"מבחינת נסיבות ביצוע העבירות במקרה הנדון, תוך התייחסות לכלל העבירות כאירוע כפי התייחסות הצדדים, עולה כי מידת הפגיעה מביצוען אינה מבוטלת, בשים לב לסכום המס, לשימוש בחשבוניות כוזבות לצורך ביצוע העבירות, למרמה שבבסיסן ולקושי לגלותן.",train
כיצד נקבעים מתחמי הענישה לכל אחד מאישומי הסחר במקרה הנדון?,"מקרה הנדון, יקבעו מתחמי ענישה נפרדים לכל אחד מאישומי הסחר כאירוע בהתאם לפסיקת בית המשפט העליון בע\פ 4910/13 ג'אבר נ' מדינת ישראל (29.10.2014) ומבחן הקשר ההדוק שנקבע במסגרתו.""",train
מדוע קיימת חשיבות לענישה כספית משמעותית בעבירות הנעברות לצורך הפקת תועלת כלכלית?,"לעניין מתחם הקנס, מדובר בעבירות הנעברות לצורך הפקת תועלת כלכלית, הקנס הוא ממין העבירה  ומשכך קיימת חשיבות לענישה כספית משמעותית אשר תלמד כי אין אף תועלת כלכלית לצד עבירות אלה.",train
כיצד משפיעה האפשרות להמרת עבירות מס חמורות בכופר על חומרתן?,"כך או כך, וכפי שציינתי לא אחת, עצם האפשרות להמרת עבירות מס חמורות בכופר אינה מפחיתה מחומרתן, ומהאינטרס הציבורי שבבסיס ענישה מרתיעה בגינן כמצוות בית המשפט העליון, ככל שמוגש משפט.",train
מהו המצב שבו ניתן להימנע מהרשעה או לבטלה לפי החוק?,הימנעות מהרשעה או ביטולה מהווים חריג השמור למקרים בעלי נסיבות מיוחדות ויוצאות דופן.,train
מהי עמדת השופט בנוגע להקלות שניתנו לענף היהלומים והשפעתן על הענישה?,דעתי איננה כדעת המאשימה לפיה ההקלות אשר ניתנו לענף היהלומים צריכות להוות דווקא נסיבה לחומרה לאור האמון המוגבר שניתן בהם והפרתו.,train
מהו העיקרון המנחה לגבי שיקולי ההרתעה בעבירות מסוג זה?,"נקבע לא אחת כי בסוג זה של עבירות מקבלים האינטרס הציבורי ושיקולי ההרתעה בכורה על פני נסיבות אישיות, וכי דרך המלך היא גזירת עונש של מאסר בפועל בגין ביצוען.",train
"מהו מעמד האינטרס הציבורי והרתעת הרבים בעבירות מס, לפי פסקי דין קודמים?","כידוע, בשורת פסקי דין אף נקבע כי כשבעבירות מס עסקינן, בין אם אלה כוללות כוונה להתחמק מתשלום מס או לא, ואף באלה המכונות \עבירות טכניות\"" שעניינן אי דיווח, מקבלים האינטרס הציבורי ושיקולי ההרתעה ובכללם הרתעת הרבים בכורה על פני נסיבות אישיות (ראו לדוגמא: רע\""פ 4323/14 מולדובן נ' מדינת ישראל (26.6.2014) ורע\""פ 977/13 אודיז נ' מדינת ישראל (20.2.2013)).""",train
מהי המשמעות של ביצוע העבירות על פני מספר שנים בהקשר למתן הנסיבות?,"הגם שאין באמור כדי להצדיק את ביצוע העבירות, על אחת כמה וכמה כאשר המדובר בביצוען על פני מספר שנים, יש בכך כדי למתן את הנסיבות במידת מה.",train
כיצד השפיעה הקריסה הכלכלית של הנאשם על קביעת העונש?,"נתתי דעתי לקריסה הכלכלית של הנאשם ורעייתו (ענ/1), להיותם פושטי רגל ולכך שהנאשם משתכר כיום סך של 6,000 ₪ בחודש (ענ/2) ומטופל ב-4 קטינים אותם עליו לפרנס, על הקושי שבכך (ענ/3).",train
מהי ההמלצה לגבי תשלום הפיצוי לנאשמים בנסיבות המקרה?,"בנסיבות אלה, נראה כי צודק וראוי להורות על תשלום הפיצוי אשר יפסק במלואו כנגד כל אחד מהנאשמים ביחד ולחוד.",train
מהי המשמעות של חרטת הנאשם בפני בית המשפט?,נתתי משקל לחרטתו הכנה בפני בעת הטיעון לעונש.,train
מהו השיקול המאזן בין אי הסרת המחדלים לבין האינטרס הציבורי?,"נתתי דעתי גם לאי הסרת המחדלים על ידו ולביצוע חלק מהעבירות על ידו לאחר החקירה, לצורך בהרתעה ולחשיבות האינטרס הציבורי.",train
מדוע קיימת חשיבות לענישה כספית בעבירות מסוג זה?,בעבירות מסוג זה הקנס הוא ממין העבירה ומשכך קיימת חשיבות לענישה כספית לשם הרתעת הנאשמים ואף הרתעת הרבים.,train
מהי המשמעות של החומרה המשמעותית במעשים המתוארים?,"מובן כי במעשים המתוארים לעיל חומרה משמעותית, ויש בהם כדי להביא לפגיעה ממשית בערכים המוגנים.",train
מהו העיקרון המשפטי לגבי הענישה של איש קש בהקשר לחומרת העבירות והנזק שנגרם?,"בפסיקה נקבע לא אחת שעצם היותו של אדם איש קש אינו מקנה הנחה מפליגה בענישה, בדמות ענישה שאינה כוללת מאסר ממשי מאחורי סורג ובריח, נוכח חומרת העבירות, הנזק הניכר מביצוען והיסוד הנפשי לצד העבירה.",train
מדוע יש צורך בענישה משמעותית בעבירות אלו?,"הפיתוי לביצוע העבירות, ריבויין וקלות ביצוען לצד הסיכוי הלא גדול להיתפס מחייבים \ענישה משמעותית שיהיה בה להלום את חומרת המעשה ולהרתיע\"".""",train
מהו הנימוק שציינו הצדדים בהסדר הטיעון לגבי החשבוניות הכוזבות והשפעתן על הענישה?,"מאידך, נתתי דעתי לכך ששני הצדדים ראו להדגיש את היות החשבוניות חשבוניות זרות כאחד הנימוקים לענישה עליה הסכימו ובפרט לכך שהמאשימה ציינה את נסיבותיו הייחודיות של המקרה דנן בו הוצג ספר המלאי מזמן אמת המלמד כי כלל היהלומים המפורטים בחשבוניות הכוזבות נרכשו בפועל על ידי הנאשמים הגם שמיהלומנים אחרים.",train
מהו העונש המוחשי הניתן בעבירות שבוצעו בשיטתיות לאורך זמן?,"על פי הענישה הנוהגת, הענישה בעבירות מסוג זה היא ממשית ומוחשית, להסרת המחדל נודעת משמעות רבה, ובאופן רגיל, משלא מוסרים המחדלים, וודאי כשהמדובר בעבירות אשר בוצעו בשיטתיות לאורך זמן ובמחזורים גבוהים כוללת הענישה עונש מוחשי של מאסר בפועל מאחורי סורג ובריח לצד קנסות ומאסר מותנה מרתיע.",train
מהו העיקרון המנחה לקביעת מתחם העונש ההולם לפי סעיף 40ג(א) לחוק העונשין?,"בהתאם לסעיף 40ג(א) לחוק העונשין, מתחם העונש ההולם יקבע בהתאם לעקרון המנחה בענישה, היינו קיומו של יחס הולם בין חומרת מעשה העבירה בנסיבותיו ומידת אשמו של הנאשם, לבין סוג ומידת העונש המוטל עליו, תוך התחשבות בערך החברתי שנפגע, במידת הפגיעה בו, בנסיבות הקשורות בביצוע העבירה ובמדיניות הענישה הנהוגה.",train
כיצד משפיעה מידת הפגיעה בערכים המוגנים על מעשיו של הנאשם?,"בנסיבות אלה, מידת הפגיעה בערכים המוגנים ממעשי הנאשם גם היא איננה זניחה.",train
כיצד פוגעות עבירות המס המיוחסות לנאשם בשיטת הגביה ובאמון הציבור?,"בנוסף, עבירות המס המיוחסות לנאשם פוגעות בשיטת הגביה, בפיקוח הרשות וכן באמון הניתן בעוסק שיפעל על פי חוק, וידווח במועדים הקבועים בחוק.",train
מהן השיקולים שיש לקחת בחשבון בקביעת מתחם העונש?,"במסגרת קביעה זו יש להתחשב בערך החברתי אשר נפגע, במידת הפגיעה בו, במדיניות הענישה הנוהגת ובנסיבות ביצוע העבירה.",train
מהי הזהירות הנדרשת בקביעת מתחם העונש בהסדר טווח?,"בקביעת המתחם נדרשת זהירות, אין המדובר בקביעת מתחם ענישה במובן הפורמלי של תיקון 113 לחוק העונשין, וקביעת המתחם בנסיבות אלה נועדה לשם \קבלת מידע והקשר לעונש שראוי לקבוע בהסדר טווח\"".""",train
מדוע אין נסיבות אישיות או אי יכולת להסיר מחדלים יכולות להביא להקלה בעונש?,אין בנסיבות אישיות או אחרות של נאשם ובכלל זאת אי יכולת להסיר מחדלים מטעמי מצב כלכלי ואף פשיטת רגל או מסיבות אחרות כדי להביא  על בסיס כך להקלה בעונש חרף אי הסרת המחדל.,train
כיצד שיקולי הרתעה מתאזנים עם נסיבותיו האישיות של הנאשם?,"יחד עם זאת יש להבהיר, שיקולי הרתעה אינם מאיינים את נסיבותיו האישיות של הנאשם, והענישה בסופו של יום היא אינדיווידואלית ומושפעת בין היתר מהנסיבות הרלבנטיות של הנאשם גם בסוג זה של עבירות.",train
מהו המשקל שניתן לעבר הפלילי של הנאשם בהליך השיפוטי?,"שקלתי את העובדה שחרף גילו הצעיר של הנאשם, לחובתו עבר פלילי לא מבוטל (עת/1) הכולל את הרשעתו בעבירה של החזקת סמים לצריכה עצמית בתיק הקודם, וכי גזר הדין בתיק הקודם ניתן אך חודשים בודדים לפני ביצוע העבירה בתיק דנן (עת/3) אך לא מנע ממנו את ביצוע העבירה הנדונה.",train
מהי החשיבות של הענישה הכספית בעבירות לפי סעיף 216(4) לפקודת מס הכנסה?,"לעניין מתחם הקנס, בסוג זה של עבירות קיימת חשיבות ממשית לענישה כספית משמעותית אשר תלמד כי אין אף תועלת כלכלית לצד ביצוען של העבירות.",train
מהי החשיבות של הענישה הכספית בעבירות מס?,"לעניין מתחם הקנס, בסוג זה של עבירות קיימת חשיבות ממשית לענישה כספית משמעותית אשר תלמד כי אף אין תועלת כלכלית לצד ביצוען.",train
מהי ההמלצה בנוגע לשאלת שלילת רישיון בעקבות הרשעה?,"איננו עוסקים במי שעוסקת במקצוע המצריך רישיון אשר עלול להישלל בעקבות הרשעה ולאחר שנקבע כי גם כאשר נמצא נאשם בסיכון לשלול רישיונו, ראוי ששאלת שלילת הרישיון תוכרע על ידי הגורם המוסמך לכך בחוק ולא על ידי בית המשפט.",train
מהו העיקרון המנחה של בית המשפט העליון בנוגע להסדרי טיעון?,"בעניין מצגר חזר בית המשפט העליון וציין את המדיניות התומכת באימוץ הסדרי טיעון והדגיש את יתרונותיהם, את האינטרס הציבורי שבבסיסם ואת תפקידם הראוי במערכת אכיפת החוק.",train
כיצד השפיעה תקופת המעצר של הנאשם על קביעת עונשו?,בעת קביעת עונשו של הנאשם שקלתי גם את התקופה בה היה הנאשם במעצר מאחורי סורג ובריח (החל מיום 29.12.2017 ועד ליום 8.1.2018) וכן כי היה נתון תחת תנאים מגבילים תקופה ממושכת מאוד (החל מיום 8.1.2018 ועד ליום 6.7.2021) אז גם לא עבד.,train
"מה נקבע בע\פ 1901/19 לגבי קביעת מתחם ענישה בהסדר טיעון?""","בע\פ 1901/19 שמעון אסולין נ' מדינת ישראל (31.5.2020) נקבע כי בית המשפט רשאי לקבוע מתחם ענישה גם מקום בו הגיעו הצדדים להסדר טיעון, ובכלל זאת להסדר טיעון הכולל טווח ענישה כמו בעניינו, וראוי שכך יעשה.""",train
כיצד השפיעו נסיבותיו האישיות של הנאשם על גזר הדין שניתן לו?,"לאור נסיבותיו האישיות של הנאשם תוך מתן משקל לשינוי משמעותי בחייו, שיתוף פעולה עם שירות המבחן, אי פתיחת תיקים נוספים כנגדו ותסקיר חיובי, השית עליו בית המשפט 5 חודשי מאסר לריצוי בעבודות שירות , 6 חודשי מאסר על תנאי, קנס בסך 4,500 ₪, וצו מבחן למשך 6 חודשים.",train
"מהי החשיבות שבהטלת קנס בסוג זה של עבירות, גם אם הנאשם לא נהנה מכספי העבירה?","אשר לקנס לנאשם, כידוע, בסוג זה של עבירות הקנס הוא ממין העבירה ומכאן אף החשיבות שבהטלתו, זאת אף אם הנאשם הוא לא זה שנהנה מכספי העבירה.",train
מהו המידע שהצביע על הפנמה וחרטה מצד הנאשם?,"בכך יש כדי ללמד על מידה של הפנמה, חרטה ונטילת אחריות שאיננה רק מהפה החוצה.",train
כיצד משפיעה הודאת הנאשם על הערכת נסיבות ביצוע העבירות במקרה זה?,"מבלי להתעלם מכך, כשמדובר בכמות נכבדה של סמים קשים ובהודאת הנאשם בבית המשפט בהחזקתו שלא לצריכה עצמית, טענת בא-כוח הנאשם לפיה ההודאה בהחזקת סמים שלא לצריכה עצמית היא \משפטית\"" ולכן מסר הנאשם לשירות המבחן כי החזיק בסמים לצריכה עצמית נדחית, ואין בה כדי למתן את נסיבות ביצוע העבירות.""",train
מה נקבע לגבי סמכות בית המשפט לקבוע מתחם ענישה בהסדר טיעון?,"בע\פ 1901/19 שמעון אסולין נ' מדינת ישראל (31.5.2020) נקבע כי בית המשפט רשאי לקבוע מתחם ענישה גם מקום בו הגיעו הצדדים להסדר טיעון, ובכלל זאת להסדר טיעון הכולל טווח ענישה, וראוי שכך יעשה.""",train
מדוע מידת הפגיעה באמון הרשות בעוסק נחשבת למתונה יותר ביחס לעבירות מס אחרות?,"נוסף לכך, מידת הפגיעה באמון הרשות בעוסק מביצוע העבירה מתון יותר ביחס לעבירות מס אחרות, שכן העוסק לכל הפחות מוסר את נתוני דוחותיו כחוק.",train
מהו העיקרון המנחה בענישה בהקשר לקביעת מתחם העונש ההולם?,"מתחם העונש ההולם נקבע בהתאם לעקרון המנחה בענישה, היינו קיומו של יחס הולם בין חומרת מעשה העבירה בנסיבותיו ומידת אשמו של הנאשם, לבין סוג ומידת העונש המוטל עליו, תוך התחשבות בערך החברתי אשר נפגע, במידת הפגיעה בו, בנסיבות הקשורות בביצוע העבירה ובמדיניות הענישה הנהוגה.",train
מהו ההבדל במשקל אפקט ההרתעה בעבירות כלכליות לעומת עבירות אחרות?,אפקט ההרתעה בעבירות כלכליות הוא בעל משקל רב יותר מאשר בעבירות אחרות.,train
מהי המסקנה לגבי עונשו של הנאשם בהתחשב בנסיבותיו האישיות והמאמצים לתקן את המחדל?,"במקרה הנדון, הסרת מחצית המחדל על ידי הנאשם והתרשמותי ממנו, מחרטתו הכנה ומאמציו בהקשר זה, לצד נסיבותיו הכלכליות הקשות ומצבה הבריאותי של רעייתו מביאים אותי למסקנה שנכון במקרה מיוחד זה לקבוע את עונשו בתחתית מתחם הענישה, גם אם לא הסיר את המחדל במלואו, וכך יקבע לצד עונש מאסר על תנאי מרתיע, קנס ברף התחתון של מתחם העונש שנקבע והתחייבות בסכום ממשי להימנע מביצוע העבירות.",train
כיצד השפיעה עננת החשדות על הנאשם על שיקול הדעת בענישה?,"כל אלה, ובכללם הקושי אותו חווה הנאשם להתמודד משך תקופה עם עננת חשדות חמורה בהרבה מזו בה הודה והורשע בסופו של יום, באים בין שיקוליי ואינני מקלה בהם ראש כלל.",train
"מהו השיקול שהוביל למסקנה כי לא ניתן ליחס לנאשם ביצוע ישיר של עבירות בהיקף של 2,400,000 ₪?","בנסיבות אלה, בעת בחינת הנסיבות וחומרתן, לא יהיה זה נכון ליחס לנאשם ביצוע ישיר של עבירות בהיקף של 2,400,000 ₪ על החומרה שבכך, לצד העבירות שביצע באופן אישי בסך 396,410 ₪ כמפורט באישום השני, ויינתן משקל אך לכך שהנאשם ביצע חלק מעבירות באופן ישיר בהיקף שאינו ידוע, ביחס לאישום הראשון.",train
מדוע לא ניתן להיענות לבקשת הסנגור להטיל עונש קל יותר על הנאשם?,"בנסיבות אלה, לאור חשיבות הרתעת היחיד והרבים ובכורתו של האינטרס הציבורי, לא יהיה זה נכון להיעתר לבקשת הסנגור ולגזור על הנאשם עונש של מאסר על תנאי לצד קנס בלבד.",train
כיצד משפיע חלוף הזמן מאז ביצוע העבירות על קביעת העונש לנאשם?,"בעת קביעת עונשו של הנאשם נתתי דעתי גם לחלוף הזמן המשמעותי מאז ביצוע העבירות, בין השנים 2008 ועד 2012 ומאז ביצועה של החקירה.",train
מהו העונש הראוי לנאשם לאור מאמציו להסרת המחדלים?,"להשקפתי, ואף בראי הפסיקה, בנסיבותיו של הנאשם אשר חרף קשייו הכלכליים פעל להסרת המחדלים באופן מלא במאמץ רב, נכון וראוי לגזור עונש בתחתית מתחמי הענישה בגין כל אחד מהאירועים.",train
מה היו השיקולים שהובילו להקלת העונש של הנאשם בערכאת הערעור?,"בהסכמת המאשימה, הקלה ערכאת הערעור בעונשו של הנאשם, בין היתר בשל גילו, מצבו הרפואי ונסיבות נוספות.",train
כיצד ניתן לתאר את מידת הפגיעה בערכים המוגנים ממעשי הנאשם?,"בראי כלל המפורט לעיל, הגם שמידת הפגיעה בערכים המוגנים ממעשי הנאשם אינה זניחה, היא איננה ברף הגבוה ביותר.",train
כיצד משפיעה טענת הסנגור על שיקולי הענישה בעבירות המס?,"נתתי דעתי לטענת הסנגור לפיה עבירות המס בוצעו על ידי הנאשם כחלק בלתי נפרד מעבירות העיקריות, ועניין זה בא בין שיקולי.",train
מהי החשיבות של פרק הזמן שחלף מאז ביצוע העבירות במיקום הנאשם במתחם הענישה?,"בעת שקילת מיקום הנאשם בגדרי המתחם יש משמעות לפרק הזמן שעבר מאז ביצוע העבירות, בשים לב לצורך של הנאשם להתמודד עם ההליך משך שנים ארוכות מאז חקירתו.",train
מדוע יש לתת עדיפות לשיקולי הרתעה בעבירות המס בהן הורשעה נאשמת 1?,"בעבירות המס הכוללות כוונה להתחמק ממס שעליהן הורשעה נאשמת 1, יש לתת עדיפות לשיקולי הרתעה ולאינטרס הציבורי על פני נסיבות אישיות, וראוי שתישקל הענישה הכוללת עונשי מאסר בפועל.",train
מהי ההקלה המגיעה לנאשמים שהודו ונטלו אחריות על מעשיהם?,בהקשר זה אבהיר כי מצאתי שמגיעה לנאשמים ההקלה המגיעה למי שהודה ונטל אחריות.,train
מה קובע בית המשפט העליון לגבי פוטנציאל פגיעה תעסוקתי בהקשר לביטול הרשעה?,"התנאי הנוגע לנזק קונקרטי לנאשם מההרשעה שריר וקיים, ובית המשפט העליון שב וקבע כי גם מקום בו קיים פוטנציאל פגיעה תעסוקתי, אין מקום לקביעה אוטומטית של נזק קונקרטי לצורך ביטול הרשעה, בפרט כאשר נותר שיקול הדעת אצל הגורם המקצועי הרלוונטי.",train
כיצד הוגדר הערך המוגן בעבירת העלבת עובד ציבור ומהי חשיבותו?,"בית המשפט ציין את הערך המוגן בעבירת העלבת עובד ציבור כפי שהוגדר בדנ\פ אונגרפלד וחשיבותו, זאת חרף טענת המבקש לפיה הערך המוגן המוגדר בדנ\""פ אונגרפלד הוא בלתי ראוי להגנה במשטר דמוקרטי.""",train
מהי מידת הפגיעה בערכים המוגנים ממעשי הנאשם לפי המפורט לעיל?,"נוכח כל המפורט לעיל, נראה כי מידת הפגיעה בערכים המוגנים ממעשי הנאשם איננה ברף הגבוה.",train
מהי הטענה המרכזית של הסנגורית לגבי שיהוי וחלוף זמן במקרה זה?,"יש טעם בטענת הסנגורית לשיהוי וחלוף זמן במקרה דנן, ולעינוי הדין שבכך לנאשם, משלא ניתן הסבר מטעם המאשימה מדוע כתב האישום בתיק זה, אשר חקירתו התנהלה בשנת 2013, הוגש רק בחודש נובמבר 2018, וזאת לאחר שבוצעו השלמות חקירה מעטות רק בשנת 2016.",train
מהו האיזון הנדרש בין נסיבותיו האישיות של הנאשם לשיקולי ההרתעה?,יש לערוך איזון מתאים בין כלל נסיבותיו האישיות של הנאשם אשר הובאו לעיל ולתת את הדעת לחשיבות ההרתעה המוגברת בעבירות הנדונות בעת בחינת העונש שייגזר בתוך מתחם הענישה שנקבע.,train
כיצד משפיעה מצוקתו של הנאשם על שיקולי הענישה במקרה זה?,"האמור מלמד על מצוקה ממשית וקשה, ייאוש ודיכאון שחווה, ועניין זה בא בין שיקולי.",train
כיצד משפיע אופי העבירות שבוצעו על מתן משקל לקולא בעת הענישה?,"אמנם בשים לב לאופי העבירות שבוצעו, ביצוען באופן שיטתי ומשכן קיים קושי לתת לנתונים אלה משקל ממשי לקולא, אך יינתן להם משקל מתאים בעת בחינת הנסיבות.",train
מהי התוצאה הצודקת והנכונה המוצעת עבור הנאשם בנסיבות המקרה?,"בנסיבות אלה, הארכת המאסר המותנה לצד צו של\צ ומבחן יאפשרו לנאשם לנהל חייו בביתו עם משפחתו, לעבוד ולהתפרנס, וזו התוצאה הצודקת והנכונה בנסיבות העניין.""",train
מדוע עבירות המס המערבות כוונה להתחמק מתשלום מס נחשבות למדרג הגבוה של עבירות המס?,"כפי שנקבע לא אחת, עבירות המס הכוללות כוונה להתחמק מתשלום מס הן במדרג הגבוה של עבירות המס, והערכים המוגנים בהן נוגעים לחשיבותה של הקופה הציבורית לכלכלת המדינה וביטחונה.",train
מדוע יש טעם בטענה כי נדרשת ענישה מרתיעה לנאשם לאור עברו הפלילי?,"יש טעם בטענה לפיה לאור עברו הפלילי ובפרט הרשעתו הקודמת בעבירה זהה, הגם שזו רחוקה בזמן, נחוצה ענישה מרתיעה לנאשם.",train
מהו המקדם המקל שיש להחיל על נסיבות ביצוע העבירות במקרה הנדון?,"כפי שציינה המאשימה, ברור שאת המקדם המקל לקביעת מתחם הענישה הנובע ממאפייני הפרשה יש להחיל על נסיבות ביצוע העבירות הקונקרטיות במקרה הנדון (ראו ע\פ 4456/14 קלנר נ' מדינת ישראל (29.12.2015)).""",train
מהי החשיבות של הסרת מחדלים בעבירות מס לפי פסיקות קודמות?,"כידוע, להסרת מחדלים בסוג זה של עבירות משמעות רבה לעניין הענישה (רע\פ 7851/13 עודה נ' מדינת ישראל (3.9.2015)).""",train
כיצד יש ליתן ביטוי לחומרה בעונש של מי שהורשע בעבירות מס?,"נפסק לא אחת, כי יש ליתן לחומרה זו ביטוי ממשי במסגרת גזירת עונשו של מי שהורשע בעבירות אלה, תוך מתן עדיפות לשיקולי הרתעה ולאינטרס הציבורי שבהחמרת הענישה על פני נסיבותיו האישיות של הנאשם, וכאשר נקודת המוצא היא כי העונש ההולם בעבירות אלה הוא מאסר בפועל.",train
מהי התכלית הפונקציונלית של הסיווג לאירועים בעבירות שביצע הנאשם?,"בקשר לקביעת מספר אירועים ראו דברי בית המשפט העליון בע\פ 6888/17 שירזי נ' מדינת ישראל (10.12.2018) לפיהם הסיווג לאירועים נועד לתכלית פונקציונלית ככלי עזר, וממילא במישור המהותי מוטל על בית המשפט הקובע מתחם ענישה לשקול את מספר המעשים וחומרתם גם כאשר הם סווגו כאירוע עברייני אחד תוך הפנייה לעניין ג'אבר.""",train
מהו המשקל שניתן לחלוף הזמן מאז ביצוע העבירות בעת קביעת העונש?,"נתתי דעתי גם לחלוף הזמן מאז ביצוע העבירות ומאז חקירתן, לעובדה שכתב האישום הוגש בשנת 2018, וגם לכך יינתן משקל בעת קביעת עונשו של הנאשם.",train
כיצד משפיעה הודאת הנאשם ונטילת האחריות על מעשיו על הענישה?,הנאשם הודה ונטל אחריות על מעשיו בעת החקירה ובמסגרת ההליך המשפטי ויש לזקוף עובדה זו לזכותו.,train
מהו המבחן שנמצא בשימוש לקביעת מתחם אחד לכלל העבירות?,בנסיבות אלה ובהתאם למבחן הקשר ההדוק מצאתי לקבוע מתחם אחד לכלל העבירות כאירוע ומובן שבעת קביעת המתחם ישקלו מספר המעשים וחומרתם.,train
כיצד השפיעו טענות הנאשם בשימוע על סעיפי העבירה המיוחסים לו?,"כלל האמור נשקל על ידי לקולא בעת קביעת עונשו, מבלי להתעלם מכך שלדברי ב\כ המאשימה, טענות הנאשם אשר נשמעו בשימוע נלקחו בחשבון והביאו לכך שהואשם בסעיפי העבירה שהם במדרג החמור פחות על פי הפקודה.""",train
כיצד יש לבחון את סבירות ההסדר כאשר הצדדים הסכימו על טווח ענישה?,"על פי הגישה הרווחת, ובשונה מהקביעות בעניין שפרנוביץ ומספר פסקי דין נוספים, גם מקום בו הסכימו הצדדים בהסדר טיעון על טווח ענישה, ובכלל זאת מקרה בו הסכימה המאשימה להגביל עצמה לעונש מסוים בעוד שההגנה חופשיה בטיעוניה, יש לבחון את סבירותו של ההסדר במבחן האיזון בהתאם לאמות מידה מקובלות המעוגנות בתיקון 113 לחוק העונשין (עניין מצגר, פסקה 12 (30.4.2017)).",train
מה השפעת מחדלי כתב האישום על שיקול הענישה במקרה זה?,בעניינו של הנאשם שקלתי את העובדה שהנאשם לא הסיר את מחדלי כתב האישום כך שלא ניתן לזקוף לזכותו את תיקון הנזק שגרם לקופה הציבורית במעשיו.,train
מהן גורמי הסיכוי לשיקום שנצפו אצל הנאשם על ידי שירות המבחן?,"לצד זאת, את גורמי הסיכוי לשיקום אותם ציין שירות המבחן וביניהם ההתרשמות לפיה לאורך חייו השקיע הנאשם כוחות בשמירה על תפקוד תקין, רצונו לנהל אורח חיים נורמטיבי, וקיומן של מערכות תמיכה משמעותיות בחייו.",train
כיצד עלולה החזקת קנבוס שלא לצריכה עצמית לפגוע בערכים המוגנים?,"מהשימוש בקנבוס יתכנו נזקים בריאותיים, בטיחותיים וחברתיים ויש בהחזקתו שלא לצריכה עצמית כמו בעניינו כדי לפגוע בערכים המוגנים אשר פורטו לעיל.",train
מה קובע הדין לגבי פתיחת הליכים פליליים נגד חברה בפירוק?,"כב' השופטת פרוקצ'יה פסקה כי ניתן לפתוח הליכים פליליים כנגד חברה בפירוק ללא אישור מיוחד מבית המשפט של הפירוק, וכי הדין הפלילי אינו כולל הגנה אוטומטית של חדלות פירעון, ואף לא ראוי שכך יהיה מטעמי אינטרס ציבורי.",train
מהו הקושי המיוחד של הנאשם בהתמודדות עם עונש מאסר בגילו?,יש לשקול את הקושי הטבעי לנאשם ולבני משפחתו להתמודד עם עונש מאסר לראשונה בחייו ובגילו.,train
מהו מתחם העונש שנקבע לאחר שקילת כל השיקולים והנסיבות הממתנות?,"אחר שקילת המפורט לעיל, מבלי להתעלם מחשיבות הערכים המוגנים אשר נפגעו ומחומרת העבירות אך בשים לב לנסיבות הממתנות אשר פורטו לעיל, לאור שיקולי הצדק, הגינות ואחידות ענישה מצאתי להעמיד את מתחם העונש לכלל העבירות כאירוע, בין 9 חודשי מאסר בפועל אותם ניתן לרצות בעבודות שירות, לצד קנס מכביד ועד 30 חודשי מאסר.",train
אילו מאפיינים של הנאשם נלקחו בחשבון לפי התסקיר שהתקבל?,"שקלתי גם את מאפייני הנאשם על פי התסקיר שהתקבל: מחד, את העובדה שהנאשם שיתף באופן לקוני ומצמצם, שלל נזקקות טיפולית, עלה קושי בהערכת מצבו ההתמכרותי משלא שיתף פעולה בביצוע בדיקות שתן וההתרשמות היא שלאור גורמי הסיכון בעניינו, ביניהם מעורבותו בעבירות וחומרתן, דפוסי התמכרותו, היותו ממוקד בצרכיו, מעורבותו בקשרים חברתיים שוליים והיעדר גורמי תמיכה מספקים, לא ניתן לשלול סיכון להתנהגות שולית.",train
אילו ערכים חברתיים מוגנים נלקחים בחשבון בעת בחינת הענישה המוסכמת?,"בעת בחינת הענישה המוסכמת לשם החלטה אם לאמצה, נתתי דעתי לפגיעת מעשי הנאשמות בערכים חברתיים מוגנים חשובים, ובכלל אלה הפגיעה בערך השוויון ובאמון הציבור בשלטון החוק.",train
מהי משמעות הסרת המחדלים בעבירות מסוג זה לעניין הענישה?,"אמנם, הסרת המחדלים בסוג זה של עבירות (ובפרט בעבירה הנדונה) משמעות רבה לעניין הענישה, ויש בה כדי ללמד על חרטה אמיתית ולהביא לתיקון הנזק הכספי שנגרם מביצוע העבירות.",train
מהו המניע הכלכלי בביצוע העבירות וכיצד הוא משפיע על ענישת הנאשם?,"אשר למתחם הקנס, העבירות בביצוען הורשע הנאשם בוצעו ממניע כלכלי כך שקיימת חשיבות רבה גם בהטלת ענישה אשר תפגע בכיסו של הנאשם.",train
כיצד עלולות עבירות המס לגרום לנזק לקופה הציבורית ולציבור האזרחים?,"בעבירות אלה יש פוטנציאל לגרום לנזק ממשי לקופה הציבורית, ובכך לכל אחד ואחת מאזרחיה, ובפרט לציבור הנשען על השירותים הציבוריים, ופעמים רבות אף מוכח הנזק לקופה הציבורית הלכה למעשה.",train
מהי המדיניות המשפטית הנוגעת לבחינת העונש המוסכם בהסדר טיעון?,"זאת לאור המדיניות המשפטית אשר הייתה נהוגה אף טרם כניסתו של תיקון 113 לחוק העונשין לתוקף, לפיה על בית המשפט לבחון את העונש המוסכם על פי הסדר הטיעון בהתאם לאמות המידה המקובלות.",train
מה מעיד על מסוכנותו של הנאשם בהתנהלותו כלפי המתלוננת?,"לאחר שעיינתי בעובדות כתב האישום בהן הורשע בעת/2, ביצוע אותן עבירות בגינן הורשע בשנת 2016 מעיד כאלף עדים על התנהלות אלימה ושיטתית של הנאשם כלפי המתלוננת, כפי שעולה גם מאירועים מושא גזר הדין הנדון, מלמד על מסוכנותו, המחייבת ענישה מרתיעה בגין מעשיו באירועים דנן.",train
אילו גורמים נלקחים בחשבון בקביעת מתחם הענישה בעבירות סמים?,"הענישה מגוונת ותלוית נסיבות, ובקביעת מתחם הענישה נלקח בחשבון בין היתר סוג הסם שהוחזק, כמותו, מקום החזקתו וכיוצא באלה.",train
מהי השפעת חלוף הזמן על הנאשמים בתנאי מעצר?,"שקלתי גם את חלוף הזמן והתקופה הממושכת בה נתונים הנאשמים בתנאי מעצר, ואת הקושי הנלווה לכך.",train
כיצד משפיע חלקו היחסי של הנאשם 1 על קביעת מתחם הענישה בעניינו?,"אמנם נסיבות ביצוע העבירה מצביעות על חומרה לא מבוטלת, אך בעת קביעת מתחם הענישה בעניינו של הנאשם 1 יש לזכור את חלקו היחסי בביצועה.",train
מהו התפקיד של מידת התחכום והתכנון בעבירות גידול סמים?,"חשוב לבחון אף את מידת התחכום והתכנון, השימוש באבזור מיוחד ו/או הקמת מעבדה.",train
מהי התכלית הפונקציונלית של סיווג האירועים בעבירות פליליות לפי פסיקות בית המשפט?,"בקשר לקביעת מספר אירועים, ראו דברי בית המשפט העליון בע\פ 6888/17 שירזי נ' מדינת ישראל (10.12.2018) לפיהם הסיווג לאירועים נועד לתכלית פונקציונלית ככלי עזר, וממילא במישור המהותי מוטל על בית המשפט הקובע מתחם ענישה לשקול את מספר המעשים וחומרתם גם כאשר הם סווגו כאירוע עברייני אחד תוך הפנייה לע\""פ 4910/13 ג'אבר נ' מדינת ישראל (29.10.2014)).""",train
מהו העיקרון המנחה לקביעת מתחם העונש ההולם בעבירות פליליות?,"מתחם העונש ההולם נקבע בהתאם לעיקרון המנחה בענישה, היינו קיומו של יחס הולם בין חומרת מעשה העבירה בנסיבותיו ומידת אשמו של הנאשם, לבין סוג ומידת העונש המוטל עליו, תוך התחשבות בערך החברתי אשר נפגע, במידת הפגיעה בו, בנסיבות הקשורות בביצוע העבירה ובמדיניות הענישה הנהוגה.",train
"כיצד משפיעות נסיבות המקרה על ההכרעה במתחם הענישה, ולא רק על בסיס מדדים אריתמטיים?","מובן שכל מקרה נבחן על פי נסיבותיו, כשכידוע, מתחם הענישה אינו עניין אריתמטי פשוט אלא מגלם הכרעה ערכית המבוססת על שיקולים שונים שמדיניות הענישה היא רק אחד מהם, כשעצם העובדה שלעולם יוכל כל צד למצוא פסקי דין התומכים בעמדתו מלמדת כי אין המדובר במדד מדויק (ע\פ 3877/13  ג'אבלי נ' מדינת ישראל (17.11.2016), עפ\""ג (ת\""א) 12063-04-15 בראונר נ' מדינת ישראל (20.07.2015)).""",train
מהו הכלל שניתן ללמוד ממבחינת הפסיקה לגבי סוג זה של עבירות?,"באשר לענישה הנוהגת, מבחינת הפסיקה ניתן ללמוד כי הכלל בסוג זה של עבירות הוא לגזירת עונשי מאסר ממשיים מאחורי סורג ובריח.",train
כיצד משפיע עברו הפלילי של הנאשם על גזירת העונש במקרה זה?,"בשים לב לעובדה שלחובת הנאשם עבר פלילי בגין ביצוע עבירה של מסירת הצהרה לא נכונה לפקיד מכס לפי סעיף 212(א)(6) לפקודת המכס, ושזו התקופה בה בוצעו העבירות בתיק דנן, אינני מוצאת לכך משמעות יתרה לחומרה.",train
מדוע יש חשיבות למוטיבציה של ציבור משלמי המסים לדווח ולשלם מסים כנדרש?,התייחסות סלחנית לאי קיום הוראות החוק תביא להיעדר  המוטיבציה של כלל ציבור משלמי המסים לדווח ולשלם מסיהם כנדרש.,train
כיצד השפיע התחכום וההסתרה על גילוי העבירה שביצע הנאשם?,"התחכום וההסתרה שננקטו הקשו על גילוי העבירה, ויש במעשים שבוצעו כדי לפגוע פגיעה ממשית בערכים המוגנים.",train
מהי החשיבות של חלוף הזמן מאז ביצוע העבירות במקרה זה?,"הסנגורית ציינה ובצדק את חשיבות חלוף הזמן מאז ביצוע העבירות במקרה זה, הגם שמרביתו נח לפתח הנאשם.",train
כיצד משפיעה אפקטיביות ההרתעה על הענישה לאחר חלוף זמן רב?,"יש לתת הדעת גם לכך שאפקטיביות ההרתעה שבענישה בדמות מאסר מאחורי סורג ובריח לאחר שנים כה רבות נפגעת, ומוגבלת גם ביחס להרתעת הרבים.",train
כיצד משפיעה המלצת שירות המבחן על ההחלטה בעניינו של הנאשם?,"יחד עם זאת, בנסיבות המקרה ובראי המלצת שירות המבחן שאמנם אינה מחייבת את בית המשפט, אך מלמדת על נכונותו של הנאשם להשתלב בטיפול ונזקקותו לטיפול, יש מקום ליתן משקל מסוים גם לכך.",train
מהו העקרון המנחה בענישה בקביעת מתחם העונש ההולם?,"מתחם העונש ההולם נקבע בהתאם לעקרון המנחה בענישה, היינו קיומו של יחס הולם בין חומרת מעשה העבירה בנסיבותיו ומידת אשמו של הנאשם, לבין סוג ומידת העונש המוטל עליו, תוך התחשבות בערך החברתי אשר נפגע, במידת הפגיעה בו, בנסיבות הקשורות בביצוע העבירה ובמדיניות הענישה הנהוגה.",train
מהו השיקול שהוביל את בית המשפט לקבוע שאין להורות על חפיפה מלאה בין תקופת התנאי לעונש שייגזר?,"ככל שיופעל המאסר המותנה, אני אינה מוצאת כי קיימים טעמים מיוחדים להורות על חפיפה מלאה בין תקופת התנאי שתופעל לבין העונש שייגזר בהליך שלפני.",train
מהי עמדת המאשימה לגבי סוג העונש המומלץ לנאשם בעבירות אלו?,"אמנם עתירת המאשימה היא כי עונש המאסר שייגזר של הנאשם ירוצה מאחורי סורג ובריח, וכידוע, זוהי דרך המלך בסוג זה של עבירות (עניין יצחקי, וכן גזר הדין שניתן על ידי בעניין כליפה).",train
מהו מתחם הקנס שנקבע לאחר שקילת כלל השיקולים?,"לאחר שקילת כלל השיקולים הצריכים לעניין, מצאתי לקבוע את מתחם הקנס שבין 30,000 ₪ ל- 60,000 ₪.",train
כיצד יש לקבוע את המתחם בענישה בהקשר להסדרי טיעון?,"בקביעת המתחם נדרשת זהירות, אין המדובר בקביעת מתחם ענישה במובן הפורמלי של תיקון 113 לחוק העונשין, וקביעתו תתבצע בצורה רכה לשם \קבלת מידע והקשר לעונש שראוי לקבוע בהסדר טווח\"", בשים לב לקיומן של נסיבות מגוונות שיכולות להוביל להחלטת המדינה להגיע להסדר, כשהמשקל שיש ליתן לשיקולי תיקון 113 לחוק העונשין ולמתחם הענישה במקרה נתון משתנה בהתאם לנסיבות הקונקרטיות שהביאו להסדר.""",train
מהי מדיניות הענישה בגין עבירות מס וכיצד היא מושפעת?,"מדיניות הענישה בגין עבירות מסוג זה היא  מחמירה בדרך כלל ומושפעת ממידת התחכום, משך ביצוע העבירות, השיטתיות שבביצוען וסכומי המס אשר נגזלו מהקופה הציבורית.",train
מהו הנזק שנגרם לקופה הציבורית כתוצאה מביצוע עבירות מס?,כתוצאה מביצוע עבירות מהסוג הנדון נגרם באופן תדיר נזק רב לקופה הציבורית בפן הכספי וכן נפגע עיקרון השוויון בנשיאת נטל המס.,train
מהו ההשפעה על אפקטיביות ההרתעה כאשר נגזר עונש מאסר זמן רב לאחר ביצוע העבירות?,יש לזכור עוד שנקבע לא אחת כי גם האפקטיביות שבהרתעה נפגעת מקום בו נגזר עונש מאסר מאחורי סורג ובריח על נאשם שנים כה ארוכות מאז ביצוע העבירות והחקירה.,train
כיצד השפיעו הנסיבות האישיות של הנאשמת על בחינת כוונותיה בביצוע העבירות?,"בעת בחינת הנסיבות נתתי משקל מסוים לקולא לכך שהנאשמת אינה מי שהקימה את עסקיה כחלק מתוכנית עבריינית על מנת לגזול כספים מאחרים ומהקופה הציבורית, כי ניהלה עסקי אמת ושילמה חלק מהמס שהיה עליה לשלם במסגרת עסקיה, כשנראה שהמניע בבסיס העבירות הוא גם קושי תזרימי עמו התמודדה.",train
כיצד השפיע העונש שהושת על נאשם 2 על קביעת עונשו של הנאשם?,"בעת קביעת עונשו של הנאשם שקלתי גם את העונש שהושת על נאשם 2, למאסר על תנאי בלבד, וגם עניין זה בא בין שיקולי, בהתאמות הנדרשות, בשים לב לכך שמובן שיש לערוך הבחנה ממשית בין עניינם של שני הנאשמים, בהתאם לסוג העבירות שבוצעו על ידם, נסיבות ביצוען ומאפייניהם הקונקרטיים.",train
מה משפיע על מדיניות הענישה בעבירות מהסוג הנדון?,"מעיון בפסיקה עולה כי מדיניות הענישה כנגד המבצעים עבירות מהסוג הנדון מושפעת בדרך כלל מהשיטתיות שבמעשים והיקפם, מהנזק שנגרם לאוצר המדינה כמו גם מהסרת המחדל.",train
מדוע נחשבות העבירות הללו לחמורות במיוחד?,המדובר בעבירות שבבסיסן מרמה המקשה על גילוין והפיתוי לביצוען גדול ובכך חומרה נוספת.,train
מהו הקשר בין סוג העבירות לבין הפקת תועלת כלכלית?,"לעניין מתחם הקנס, המדובר בעבירות שנעברו לצורך הפקת תועלת כלכלית וכזו הופקה הלכה למעשה במקרה זה.",train
כיצד נשקלים מאמצי הנאשם להסרת המחדלים בהקשר של הענישה?,"צד זאת, אין להתעלם ממאמציו הכנים של הנאשם, באמצעות בני משפחתו, לפעול להסרת המחדלים, ולצד הסרת המחדלים החלקית, גם מאמצים ממשיים אלה להסרתו  נשקלים  על ידי לקולא (ראו בהקשר זה עפ\ג (ת\""א) כובאני נ' מיסוי וכלכלה ועפ\""ג (ת\""א) אלבחר נ' מדור תביעות מס הכנסה תל אביב (3.10.2018) אשר נשמעו במאוחד).""",train
מהו מתחם העונש שנקבע במקרה זה ביחס לכלל העבירות?,"לאור המפורט לעיל, בשים לב לנסיבות ביצוע העבירות במקרה זה ולמידת הפגיעה בערכים המוגנים, מתחם העונש ביחס לכלל העבירות כאירוע יקבע בין מאסר על תנאי ועד 10 חודשי מאסר בפועל, לצד ענישה נלווית בדמות קנס והתחייבות להימנע מביצוע עבירה.",train
כיצד משפיע התחכום שבביצוע העבירות על חומרת הנסיבות?,התחכום שבביצוע העבירות כמתואר לעיל ומשך ביצוען מלמד על חומרת הנסיבות.,train
מדוע התייחסות סלחנית לאי קיום הוראות החוק עלולה להשפיע על ציבור משלמי המסים?,התייחסות סלחנית לאי קיום הוראות החוק עלולה להביא אף להיעדר המוטיבציה של כלל ציבור משלמי המסים לדווח ולשלם מסיהם כנדרש.,train
מהו העיקרון שעליו מתבססת קביעת מתחם העונש ההולם?,"קביעת מתחם העונש ההולם נעשית על פי עקרון ההלימה, תוך התחשבות בערך החברתי אשר נפגע, במידת הפגיעה בו, במדיניות הענישה הנוהגת ובנסיבות ביצוע העבירה.",train
כיצד משפיע חלוף הזמן על ההחלטה לרצות את העונש בעבודות שירות?,"יחד עם זאת, מקום בו נקבע ברף התחתון של מתחם הענישה עונש מאסר למשך 9 חודשים אותו ניתן מבחינת אורכו לרצות בעבודות שירות, יש בחלוף הזמן המתואר לעיל לצד יתר הנסיבות כדי להטות את הכף לטובת ריצוי העונש בעבודות שירות (ראו בקשר לחלוף הזמן כשיקול מבין שיקולי הענישה: הוראות סעיף 40יא(10) לחוק העונשין, תשל\ז – 1977 (להלן: \""חוק העונשין\"") וכן בשינויים המחוייבים ע\""פ (מרכז) 57577-02-19 ילדרים נ' מדינת ישראל (21.11.2019) והפסיקה המוזכרת שם, ועפ\""ג (מרכז) 43947-05-16 פדידה נ' מדינת ישראל (8.11.2016).""",train
מהי הסיבה להתחשבות לקולא במקרה של רכישות שטרות מזויפים ביוזמת הסוכן?,"השופט בקר הבהיר כי הגם שאין המדובר \בהדחה\"" יש מקום להתחשב לקולא, במסגרת הנסיבות, בכך ששלושת הרכישות של השטרות המזוייפים (מושא האישומים הראשון, השני והשלישי) בוצעו ביוזמת הסוכן.""",train
מהי ההשפעה של היות הנאשם איש קש על הענישה במקרה זה?,"מבלי להתעלם מכך שהיותו של הנאשם \איש קש\"" מביאה להקלה מסוימת בנסיבות בעניינו, כפי שציינתי בת\""פ (שלום ת\""א) מדינת ישראל נ' כליפה (4.8.2020) (להלן: \""עניין כליפה\"") בעניינו ערעור תלוי ועומד, יש לזכור כי על פי הפסיקה עצם היותו של אדם איש קש אינו מקנה הנחה מפליגה בענישה, בדמות ענישה שאינה כוללת מאסר ממשי מאחורי סורג ובריח, נוכח חומרת העבירות, הנזק הניכר מביצוען והיסוד הנפשי לצד העבירה.""",train
כיצד משפיעים גיל הנאשם והרשעתו הראשונה על קביעת העונש הקונקרטי?,"בעת קביעת העונש הקונקרטי לנאשם נתתי דעתי לגילו, 50, ולכך שהמדובר בהרשעה פלילית ראשונה ויחידה בחייו.",train
מהי השאלה שיש להידרש אליה בעת קביעת המתחם בנוגע ליכולת הכלכלית של הנאשם?,בעת קביעת המתחם יש להידרש גם לשאלת יכולתו הכלכלית של הנאשם.,train
"מהו השיקול של חלוף הזמן בענישה, וכיצד הוא משפיע על חומרת העונש?","חלוף הזמן של כ-13 שנים מעת ביצוע העבירות הוא שיקול רלבנטי בענישה, ומוכר במצבים מתאימים כנסיבה מצמצמת בחומרת העונש.",train
כיצד יש לשקול את הנסיבות האישיות והבעת החרטה בעת קביעת העונש?,"יש לתת משקל מתאים לנסיבות אישיות, הבעת חרטה ויתר השיקולים הרלבנטיביים המנויים בסעיף 40יא לחוק העונשין.",train
מהו העונש המומלץ על ידי שירות המבחן שיביא בחשבון את מאמצי השיקום של הנאשם?,"שירות המבחן ממליץ כי יושת על הנאשם עונש קונקרטי בדמות של\צ, אשר לא יפגע במאמציו השיקומיים ובכללם בעבודתו לשם החזרת חובות כספיים.""",train
היכן ממקם בית המשפט את עונשו של הנאשם במתחם הענישה?,"על יסוד המפורט לעיל, מצאתי למקם את עונשו של הנאשם בשליש התחתון של מתחם הענישה אשר נקבע, אך לא בתחתיתו.",train
אילו ערכים מוגנים בעבירה זו נוגעים לגילוי האמת ועשיית משפט?,הערכים המוגנים בעבירה זו נוגעים לחשיבות גילוי האמת ועשיית משפט ולשמירה על שלטון החוק והסדר הציבורי.,train
כיצד השפיעו שיקולי ההרתעה על גזירת הדין בעניינו של הנאשם?,"לבסוף, שקלתי את כלל המפורט לעיל ואף שיקולי ההרתעה המקבלים בכורה על פני נסיבות אישיות בסוג זה של עבירות (עניין יצחקיאן), אך אינם מאיינים אותן -  לאחר שאף נתתי דעתי למצבו המשפחתי המורכב של הנאשם ומצב בנו.",train
מדוע נחשבת עבירת גידול סמים לעבירה חמורה במיוחד?,"באשר לנאשם, המדובר בביצוע עבירה של גידול, ייצור, והכנת סמים מסוכנים לה מייחסים המחוקק ובתי המשפט חומרה רבה, לא כל שכן כאשר עסקינן בגידול בהיקף נרחב תוך תכנון ושימוש באביזרים לשם כך.",train
מהי עמדת בית המשפט לגבי מידת הפגיעה בערכים המוגנים בעבירות טכניות?,"כפי שציינתי לא אחת, הגם שנהוג לכנות את סוג העבירות בהן הורשע הנאשם \עבירות טכניות\"", לטעמי, מידת הפגיעה בערכים המוגנים הנגרמת מביצועה של העבירה איננה טכנית כלל ועיקר ויש בה חומרה ממשית ומשמעותית, מאחר ושיטת חישוב המס וגבייתו מבוססת על קיום הוראות החוק.""",train
מהי מידת הפגיעה בערכים המוגנים במקרה זה לפי בית המשפט?,"לאחר בחינת כל המפורט לעיל, בראי הערכים המוגנים אשר פירטתי וכאשר לטעמי מוציאי החשבוניות הכוזבות אינם בהכרח המשחיתים מבין המעורבים, חרף סכומי החשבוניות הכוזבות הגבוהים אותם הוציא הנאשם, מצאתי כי מידת הפגיעה בערכים המוגנים במקרה זה היא ברף הבינוני.",train
מהן הנסיבות האישיות של הנאשם שנלקחו בחשבון בעת קביעת מתחם הקנס?,"בעת קביעת מתחם הקנס, נתתי דעתי לכלל הנסיבות המפורטות לעיל, ולצד זאת, לנסיבותיו האישיות המורכבות של הנאשם ולעובדה שעל פי דבריו לשירות המבחן הוא משלם מזונות ומכלכל את ילדיו הקטינים.",train
מהו השיקול שהנחה את בית המשפט בקביעת העונש לנאשם במקרה זה?,"בשקלול כלל הנתונים, מצאתי כי נכון יהיה במקרה זה לגזור את עונשו של הנאשם בשליש התחתון של מתחם הענישה, אך לא בתחתיתו, ולאפשר לו, בנסיבותיו המורכבות, לרצות את העונש בעבודות שירות, לצד ענישה נלווית ממשית ומרתיעה.",train
מהי הסיבה להעדפת שיקומו של הנאשם במקרה זה?," כאמור, נסיבותיו המיוחדות של המקרה דנן לצד המלצת שירות המבחן והדרך אותה עשה הנאשם הביאו אותי במקרה זה להעדיף את שיקומו של הנאשם.",train
מהו העונש הראוי שעל בית המשפט לשקול במסגרת הסדר טיעון?,"נקבע כי בגדר הבחינה, בית המשפט מוסמך לשקול מהו העונש הראוי בשים לב לשיקולי הענישה על פי תיקון 113 לחוק העונשין לצד יתר השיקולים הרלבנטיים לסוגיית אימוצו של הסדר הטיעון.",train
מדוע אין לבית המשפט סמכות להורות על הארכת מאסר מותנה במקרה זה?,"משמצאתי מהנימוקים המפורטים לעיל כי בעניינו של הנאשם יש מקום לגזור על הנאשם עונש ממשי הכולל מאסר הניתן לריצוי בעבודות שירות ואף מאסר מותנה, הרי שעל פי הוראות סעיף 65 לחוק העונשין, התשל\ז – 1977 (להלן: \""חוק העונשין\""), הקובעות כי יכול בית המשפט להאריך מאסר מותנה רק מקום בו לא גזר עונש מאסר על הנאשם,  ובכלל זאת מאסר על תנאי, אין בידי סמכות כדי להורות כאמור.""",train
כיצד נבחנים מקרים של עבירות מס לפי נסיבותיהם האישיות וההרתעה הנדרשת?,כל מקרה יבחן על פי נסיבותיו ובסוג זה של עבירות אף בראי חשיבותה של ההרתעה הכוללת את הרתעת הנאשם והרתעת הרבים המקבלת בכורה על פני נסיבות אישיות.,train
כיצד משפיעה כמות השתילים על הענישה בעבירות גידול קנביס?,"כאשר בעבירות גידול קנביס עסקינן, ובפרט כשמדובר בנאשם שהוא משתמש בקנביס באופן סדיר ותדיר כמו בעניינו, משמעותית יותר כמות השתילים שגודלו מאשר משקלם.",train
מהו הערך המוגן בעבירת הסחר בסמים וכיצד הוא מושפע ממעשי הנאשם?,"הערך המוגן בעבירת הסחר בסמים בביצועה הודה הנאשם הוא שלום הציבור ובטחונו כמו גם החוסן החברתי, ובריאות הפרט והציבור, כשלא אחת נקבע כי קיימת חומרה יתרה במעשיו של כל גורם בשרשרת הפצת הסם, וודאי במעשי מי שפועל לסחור בו כדוגמת הנאשם.",train
מהי החשיבות שבהטלת קנס בעבירות מהסוג הנדון?,"כידוע, בסוג זה של עבירות הקנס הוא ממין העבירה ומכאן אף החשיבות שבהטלתו.",train
מהי חשיבות הענישה הכלכלית בעבירות עם תועלת כלכלית?,יש לציין את חשיבות השתת ענישה כלכלית מרתיעה בסוג זה של עבירות שבבסיסן אף תועלת כלכלית לשם הרתעה.,train
מהי הענישה הנוהגת בעבירות דומות ומהם השיקולים לקביעת העונש?,"שקלתי את הענישה הנוהגת בסוג זה של עבירות, לפיה קיימים מקרים בהם בוצעו עבירות בנסיבות דומות, לעיתים לצד עבירות נוספות, ותחתית מתחם הענישה נקבעה בעניינם של הנאשמים על עונש מאסר בפועל לתקופה ממשית מאחורי סורג ובריח, כשהעונש לנאשמים עצמם נקבע על פי נסיבותיהם הקונקרטיות.",train
"מהו העונש המינימלי שניתן לגזור בעבירות מסוג זה, ומהם השיקולים לכך?","מתחמי הענישה בגין עבירות אלה, ובהיקפים ממשיים, כוללים בתחתיתם עונשי מאסר ממשיים לריצוי מאחורי סורג ובריח, והעונש שנגזר על הנאשמים הוא עונש מאסר של ממש, תוך שבתי המשפט מדגישים את חומרת העבירות, חשיבות ההרתעה ובכללה הרתעת הרבים, ובכורתו של האינטרס הציבורי על פני נסיבות אישיות, וכי דרך המלך בעבירות אלה היא לגזירת עונש מאסר מאחורי סורג ובריח (רע\פ 9004/18 יצחקי נ' מדינת ישראל (31.12.2018) (להלן: \""עניין יצחקי\"")) לצד זאת, ישנם מקרים בהם נקבע בתחתית מתחם הענישה עונש מאסר אותו בנסיבות מיוחדות ניתן בעבודות שירות.""",train
מהו העדיפות שניתנת לשיקולי הרתעה בעונש על פני נסיבותיו האישיות של הנאשם בעבירות מס?,"נפסק לא אחת, כי יש ליתן לחומרה זו ביטוי ממשי במסגרת גזירת עונשו של מי שהורשע בעבירות אלה, תוך מתן עדיפות לשיקולי הרתעה ולאינטרס הציבורי שבהחמרת הענישה על פני נסיבותיו האישיות של הנאשם, וכאשר נקודת המוצא היא כי העונש ההולם בעבירות אלה הוא מאסר בפועל (וראו: רע\פ 5823/09 באשיתי נ' מדינת ישראל [פורסם בנבו] (17.8.2009); רע\""פ 5308/18 ג'בארין נ' מדינת ישראל, [פורסם בנבו] פסקה 11 להחלטתי (18.7.2018)).""",train
מהי החשיבות של משך הזמן שבו פעלו הנאשמים בביצוע העבירות?,"יש לתת את הדעת לכך שהנאשמים פעל כאמור משך שתי תקופות דיווח בלבד (7-8/2013 ו-9-10/2013), כך שאין המדובר בביצוע שיטתי של העבירות על פני תקופה ארוכה.",train
כיצד משפיעה התנהלות הנאשם על ההבנה האם הוא הגורם הדומיננטי בעסקת הסחר?,"התנהלות הנאשם וגילו הצעיר מחזקים את הנטען על ידי הסנגורית לפיו בראיה כוללת של האירוע והנסיבות, הנאשם אינו בהכרח הגורם הדומיננטי מבין שלושת המעורבים כפי שטענה ב\כ המאשימה (ויש לציין כי עובדה זו אף לא צוינה בכתב האישום בו הודה הנאשם), ואינני מוצאת כי ראוי להבחין בין עניינו לעניינם של תמימי והנאשם 2 לחומרה דווקא בעת בחינת הנסיבות כעתירת המאשימה.""",train
מהו הנימוק שהוביל להטלת עונשי מאסר בחופף במקרה זה?,"במקרה דנן, מצאתי כי מתקיימים טעמים מיוחדים המצדיקים את הטלת עונשי המאסר בחופף.",train
מהי עמדת בית המשפט לגבי סטייה מהמתחם שנקבע?,במקרה דנן אין מקום לסטות לקולא או לחומרה מהמתחם שנקבע.,train
מהו הגורם המשפיע על בחינת נסיבות ביצוע העבירה בהחזקת הסכין?,"כידוע, בעת בחינת נסיבות ביצוע העבירה קיימת משמעות לנסיבות החזקת הסכין, אופי הסכין, אופן החזקתו וההקשר שבו הוחזק.",train
מהן התנאים שנקבעו בהלכת כתב לביטול הרשעה וכיצד הם מתקיימים במקרה זה?,"עניינו של הנאשם במקרה הנדון עומד בתנאים אשר נקבעו בהלכת כתב לביטול הרשעה, וכי יש מקום לאמץ את המלצת שירות המבחן לבטל את הרשעתו.",train
כיצד נתון יישום סעיף 40ד(א) לחוק העונשין לשיקול דעת הערכאה הדיונית?,"יישום סעיף 40ד(א) לחוק העונשין נתון במידה רבה לשיקול דעתה של הערכאה הדיונית, המתרשמת מסיכויי השיקום ומעריכה אותם.",train
אילו נסיבות נלקחו בחשבון לגבי פגיעת הנאשמים בערכים המוגנים?,"נתתי דעתי לנסיבות ביצוע העבירות המפורטות בהרחבה לעיל, המלמדות על פגיעה ממשית בערכים המוגנים ממעשי הנאשמים 1 ו-2.",train
מהי המטרה של הקשחת התנאים למלביני הון במערכת הפיננסית?,"זאת על מנת להקשות על מלביני הון להטמיע כספים במערכת הפיננסית ולנצלה, ולהקל על גילוין של עבירות (להרחבה ראו דברי כב' השופט חשין בבש\פ 1542/04 מדינת ישראל נ' אדר, פ\""ד נח(3) 613).""",train
מהו העיקרון לגבי הענישה בעבירות מסוג זה?,לא אחת נקבע כי בעבירות מסוג זה על הענישה להיות משמעותית ומרתיעה וכי נסיבות אישיות נדחות מפני האינטרס הציבורי בסוג זה של עבירות.,train
מהן הנסיבות שבהן עשויה לקום הצדקה לאי הרשעה על פי פסיקה?,"\מקום שבנסיבות מיוחדות וחריגות עלול להיווצר יחס בלתי סביר באורח קיצוני בין חשיבות ההרשעה הציבורי הכללי לבין עוצמת הפגיעה בנאשם הצפויה מההרשעה, עשויה לקום הצדקה לעשות שימוש בסמכות השיפוטית של אי הרשעה\"" והשאלה תלויה גם במיהות הנאשם ויתר נסיבותיו (ע\""פ 9893/06 לאופר נ' מדינת ישראל, [נבו] תק-על 2007 (4) 4546, עמ' 4561).""",train
"מהו הקושי בטיעון הסנגור לגבי \הצלת חיים\"" של קיפניס?""","וזה אף לא מצאתי לתת כל משקל לטענת הסנגור לפיה קיפניס \הציל חיים\"" בכך שהצביע על מיקום המטען בפני המשטרה – קיים קושי בסיסי בטיעון זה – וודאי במתן משקל לקולא בגינו, מקום בו קיפניס הוא שיצר את הסכנה לחיי אחרים במעשיו מלכתחילה.""",train
כיצד משפיעה העדר עבר פלילי של הנאשם על שיקול הענישה במקרה זה?,"לצד האמור שקלתי לכף קולא את העובדה שהנאשם נעדר עבר פלילי, וב-4 השנים שעברו מביצוע העבירות לא נפתחו נגדו תיקים חדשים.",train
מהו המשמעות של פרק הזמן בן 4 השנים בין החקירה להגשת כתב האישום עבור הנאשם הצעיר?,"פרק זמן בן 4 שנים שבין החקירה ועד הגשת כתב האישום, הוא משמעותי ובוודאי שעבור אדם צעיר שבעת ביצוע העבירות היה כאמור בן 20.",train
כיצד משפיע נזק קונקרטי חמור על ההחלטה לבטל הרשעה?,"עם זאת, גם כאשר מוכח נזק קונקרטי חמור מההרשעה, מובן שאין בכך כדי להביא באופן אוטומטי לביטולה, ומדובר בנוסחת איזון עדינה.",train
מהי המדיניות של בית המשפט העליון לגבי אימוץ הסדרי טיעון לפי עניין מצגר?,"בע\פ 2021/17 מצגר נ' מדינת ישראל (30.4.2017) (להלן: \""עניין מצגר\"") חזר בית המשפט העליון וציין את המדיניות התומכת באימוץ הסדרי טיעון והדגיש את יתרונותיהם, את האינטרס הציבורי שבבסיסם ואת תפקידם הראוי במערכת אכיפת החוק.""",train
מהי המשמעות של נסיבות החזקת האגרופן ואופיו בהקשר לעבירה?,"כידוע, קיימת משמעות לנסיבות החזקת האגרופן, אופי האגרופן, אופן החזקתו וההקשר שבו הוחזק האגרופן.",train
מהי עמדת המאשימה במקרה זה וכיצד היא מתקשרת להמלצת שירות המבחן?,בנסיבות אלה ראויה והוגנת עמדת המאשימה אשר עתרה אף היא לאמץ את המלצת שירות המבחן ואין לי אלא לקבל את הסכמת הצדדים במקרה מיוחד זה.,train
כיצד השיקולים להמשך שיקומה של הנאשמת משפיעים על ההמלצה בענישה?,זאת גם בראי המלצת שירות המבחן להמשך שיקומה של הנאשמת תוך טיפול רפואי הדרוש לה.,train
מהו הנזק שנגרם לקופת המדינה אשר משפיע על גובה הקנס שיש לגזור?,"גובה הקנס שיש לגזור מושפע גם מהנזק שנגרם לקופת המדינה העומד על סך של כ- 2 מיליון ₪ , משך ביצוען של העבירות והשיטתיות שבביצוען.",train
מהו הקושי המשפטי בהתקבלות הטענה לגבי הרישום הפלילי של הנאשם בהקשר לעבירות שביצע?,"קיים קושי לקבל טענה זו משעל פי עת/1, הרישום הפלילי של הנאשם, עבירות אלה בוצעו בחודש דצמבר 2014 וספטמבר 2015, פרק זמן מסוים לאחר סיום ביצוע העבירות בתיק דנן בחודש מרץ 2013, ואף לאחר החקירה הנדונה (ראו ענ/13 - הסדר הטיעון, הכרעת הדין וגזר הדין בת\פ 4,1719-10-16) אך משקל ממתן מסוים יינתן לכך שמאז, והגם שחלפה תקופה ממושכת עד היום, אין כל הרשעה נוספת לנאשם, מה שתומך בטענת בא כוחו לפיה השתקם.""",train
מהי הסיבה לכך שהעיכוב בהגעת המשטרה לא הביא להקלה בעונש הנאשם?,"שקלתי את טענת ב\כ הנאשם בדבר כשליה של המשטרה להגיע למקום בזמן אמת, הגם שזומנה על ידי הנאשם עצמו בעת האירוע כנסיבה לקולא, אך לא מצאתי שיש בדברים כדי להביא להקלה ממשית גם בעת קביעת עונשו של הנאשם בתוך המתחם.""",train
מדוע הסרת המחדל אינה נחשבת למעשה חסד מצד הנאשם?,"הסנגורית אמנם ציינה את קשייה הכלכליים של הנאשמת אך יש לזכור כי הסרת המחדל אינה מעשה חסד מצד נאשם, ומובן שמי שאינו מסיר את המחדל במלואו (אם בשל חיסרון כיס או מכל סיבה אחרת) אינו זכאי באופן אוטומטי להקלה הניתנת למי שפועל כאמור.",train
מהו הכלל בנוגע לכיבוד הסדר טיעון ובחינת המבחן המנחה לכך?,"הכלל הוא כי בית המשפט יטה לכבד הסדר טיעון ויתערב בו רק מטעמים המצדיקים זאת לאחר בחינתו במבחן האיזון אשר נקבע בע\פ 1958/98 פלוני נ' מדינת ישראל (25.12.2002) ובשים לב לכך שהשיקולים הנשקלים בעת עריכת הסדר טיעון אינם זהים בהכרח לאלה הנשקלים במסגרת תיקון 113 לחוק העונשין התשל\""ז  1977 (להלן: \""חוק העונשין\"").""",train
כיצד השפיע חלוף הזמן מאז ביצוע העבירות על עונשו של הנאשם במקרה זה?,"נתתי דעתי לחלוף הזמן מאז ביצוע העבירות הנדונות ומאז הגשת כתבי האישום, בפרט ת\פ 9616-03-17, אך במקרה זה חלוף הזמן נח בעיקרו לפתחו של הנאשם, ואינני מוצאת שיש בו כדי להקנות לו כל הקלה.""",train
כיצד הוגדר השימוש בחשבוניות כוזבות ומה המשקל שיש לתת לכך בעת קביעת העונש?,"ההוצאה והשימוש בחשבוניות כוזבות הוגדרו לא אחת כ\מכת מדינה\"" שיש להילחם בה מלחמת חורמה ויש לתת לכך משקל בעת קביעת מתחם העונש וגזירת הדין.""",train
מהי המדיניות המשפטית התומכת באימוץ הסדרי טיעון כפי שנקבע בעניין מצגר?,"בע\פ 2021/17 מצגר נ' מדינת ישראל (30.4.2017) (להלן: \""עניין מצגר\"") חזר בית המשפט העליון על המדיניות התומכת באימוץ הסדרי טיעון והדגיש את יתרונותיהם, את האינטרס הציבורי אותו הם משרתים ואת תפקידם הראוי במערכת אכיפת החוק.""",train
מהי החשיבות של הגנה על הקניין בעבירת הגניבה מרכב?,הערכים המוגנים בעבירת הגניבה מרכב נוגעים לחשיבות ההגנה על הקניין והשמירה על רכוש הציבור וביטחונו.,train
מהו המאפיין השיטתי של העבירות שביצעו הנאשמים?,"האמור מעיד על ביצוע שיטתי של העבירות אשר באופן אינהרנטי דורשות תכנון מוקדם ותחכום, ואין המדובר במעידה חד פעמית.",train
כיצד העונש שנגזר מתייחס למידת הקלות ביחס לדרישות המאשימה?,"העונש שנגזר על ידי, גם אם אינו בתחתית תחתיתו של מתחם הענישה מהנימוקים שפרטתי, מקל במידת מה מזה המבוקש על ידי המאשימה, עולה בקנה אחד עם הענישה הנוהגת והאמירות הנורמטיביות בפסיקה מהעת האחרונה, ומביא בחשבון את חלוף הזמן מאז ביצוע העבירות, האחרונה בהן בדצמבר 2018, במהלכו לא הורשע הנאשם בכל עבירה נוספת.",train
מהי עמדת בתי המשפט לגבי שיקולי הרתעה בעבירות המבוצעות על ידי אנשי קש?,"נקבע לא אחת כי בסוג זה של עבירות, מקבלים האינטרס הציבורי ושיקולי ההרתעה, ובכללם הרתעת הרבים, בכורה על פני נסיבות אישיות (ראו לשם הדוגמא דברי כב' השופט י' אלרון בע\פ 9004/18  יצחקי נ' מדינת ישראל (31.12.2018) (להלן: \""עניין יצחקי\"").""",train
מהו מתחם הענישה שנקבע במקרה זה בהתחשב במדיניות הענישה ובנסיבות האירוע?,"בשים לב למדיניות הענישה הנהוגה, הכוללת מנעד רחב של עונשים, בין מאסרים מותנים או כאלה לצד צו של\צ ועד עונשי מאסר בפועל, בראי הנסיבות ותוך שקילת האירוע בכללותו, במקרה זה יקבע מתחם הענישה בין מאסר על תנאי ועד 7 חודשי מאסר שיכול וירוצו בעבודות שירות.""",train
מהי הסיבה לכך שלא נמצא נימוק המצדיק הקלה עם הנאשם למרות טענת הסנגור לגבי חובותיו לרשות המסים?,"נתתי דעתי לטענת הסנגור לפיה משחובותיו של הנאשם לרשות המסים הם אישיים (בהבחנה מחובות חברה), הרי שקיים סיכוי ממשי שהרשות תפעל לגביית החובות, ויתכן שתצליח לגבותם בשים לב למעמד חוב מס בהליכי חדלות פירעון, אך לא מצאתי כי קיימת ודאות שכזו או כי המדובר בנימוק המצדיק הקלה עם הנאשם.",train
מהי הגישה שהציג בית המשפט העליון לגבי הענישה בעבירה הנדונה?,"בית המשפט העליון שב וקבע כי בעבירה הנדונה יש לנקוט ביד קשה, וראוי להעדיף שיקולים של הרתעה כללית והגנה על שלום הציבור על פני נסיבות אישיות.",train
כיצד השפיעו מאמצי הנאשם על ההחלטה לגבי הפעלת המאסר המותנה?,"לאור מאמציו הרבים של הנאשם אשר הביאו כאמור להסרה מלאה של המחדלים ובראי כלל הנסיבות אשר פורטו לעיל, מצאתי להיעתר באופן חלקי לבקשת הסנגור ולהורות על הפעלת המאסר המותנה התלוי ועומד כנגד הנאשם בחפיפה חלקית לעונש אשר ייגזר בתיק זה.",train
מהו העונש המינימלי הנוהג לעבירה של הסגת גבול לפי הפסיקה?,"ביחס לענישה הנוהגת, עיון בפסיקה, ובכללה הפסיקה אליה הפנו הצדדים מלמד כי בחלק גדול מהמקרים, תחתית מתחם הענישה ביחס לעבירה של הסגת גבול מתחיל בעונש של מאסר על תנאי ועד מספר חודשי מאסר בפועל, גם כאשר המדובר במי שהורשע בהסגת גבול לשם גניבה.",train
מהו מתחם העונש שנקבע לנאשם בגין כלל העבירות במקרה זה?,"לאחר סקירת המפורט לעיל, בשים לב לנסיבות ביצוע העבירות וקביעתי לפיה מידת הפגיעה בערכים המוגנים במקרה זה איננה ברף הגבוה, מתחם עונש המאסר לנאשם בגין כלל העבירות כאירוע יקבע בין 4 חודשי מאסר אותם ניתן לרצות בעבודות שירות ובין  14 חודשי מאסר בפועל.",train
מהו השיקול שקשור לחלוף הזמן מאז ביצוע העבירות?,"יש לתת את הדעת גם לחלוף הזמן מאז ביצוע העבירות, כ- 7 שנים מאז ביצוע העבירה האחרונה וכ- 12 שנה מאז ביצוע הראשונה.",train
מהו הנזק הכולל שנגרם לקופה הציבורית בעקבות מעשי הנאשם?,"כאמור, הנאשם התנהל באופן שיטתי בביצוע העבירות משך כשנה ואף גרם במעשיו (ביחד עם אחרים) לנזק האדיר לקופה הציבורית בסך של 4,777,827 ₪ ובכך היבט לחומרה בעת בחינת הנסיבות.",train
מהו הקושי הכלכלי הצפוי לנאשמת במקרה של עונש מאסר?,לא נעלם ממני גם קושי כלכלי צפוי לנאשמת ובעלה ככל שיהיה עליה לרצות עונש מאסר ולו בעבודות שירות ובשל כך להיעדר מניהול עסקה.,train
מהו הכלל המנחה את בית המשפט בנוגע להסדרי טיעון?,"הכלל הוא כי בית המשפט יטה לכבד הסדר טיעון ויתערב בו רק מטעמים מוצדקים, לאחר בחינתו במבחן האיזון אשר נקבע בע\פ 1958/98 פלוני נ' מדינת ישראל (25.12.2002).""",train
"מהו מתחם עונש המאסר שהציעה המאשימה בעבירות המע\מ?""","לאור הטענות שהועלו, מצאתי כי מתחם עונש המאסר אותו הציעה המאשימה בקשר לעבירות המע\מ, בין 6 ל- 18 חודשי מאסר, הגיוני וראוי ואני מוצאת לאמצו.""",train
מהו תפקיד בית המשפט בקביעת מתחם ענישה בהסדר טיעון?,"בית המשפט רשאי לקבוע מתחם ענישה גם מקום בו הגיעו הצדדים להסדר טיעון, ובכלל זאת להסדר טיעון הכולל טווח ענישה ותקרת ענישה, וראוי שכך יעשה.",train
מדוע נחשבות העבירות שביצעו הנאשמים לחמורות לפי דיני המס?,"כידוע, העבירות שבביצוען הורשעו הנאשמים הן מהחמורות על פי דיני המס ובאות להגן על ערכים בסיסיים וחשובים למרקם החברתי במדינה.",train
מהו האתגר בגילוי עבירות המס שביצעו הנאשמים?,"המדובר בעבירות שביצוען קל וגילוין קשה, וקיים פיתוי גדול לבצען.",train
כיצד משפיעה מדיניות הענישה על העונש בגין עבירות ניכוי מס תשומות?,"מדיניות הענישה בגין עבירות אלו היא בדרך כלל מחמירה ומושפעת ממידת התחכום, משך ביצוע העבירות, השיטתיות שבביצוען וסכומי המס אשר נגזלו מהקופה הציבורית.",train
כיצד הושפע מתחם הענישה מהנזק שנגרם לרכוש בלבד?,"משכך, ולאחר בחינת הענישה הנוהגת, הסדרי הטיעון ומתחמי הענישה להם טענו הצדדים, ותוך מתן משקל ממתן לכך שבסופו של יום נגרם נזק לרכוש בלבד, מתחם הענישה לכלל הנאשמים יקבע בין 3 שנים וחצי ועד 5 שנות מאסר.",train
מהו מתחם הענישה שנקבע לעונש המאסר במקרה זה?,בראי הנסיבות במקרה זה מתחם הענישה ביחס לעונש המאסר יקבע בין 5 ו-14 חודשי מאסר לצד ענישה נלווית.,train
מהו מתחם הענישה שנקבע במקרה זה בהתחשב בנסיבות השונות?,"בבראי המפורט לעיל, ובכלל זאת נסיבות ביצוע העבירה, הערכים המוגנים בעבירה, מידת הפגיעה בהם והענישה הנוהגת, מצאתי לקבוע מתחם ענישה לעונש המאסר בין מאסר לתקופה קצרה שיכול וירוצה בעבודות שירות ועד 9 חודשי מאסר.",train
על אילו שיקולים נשענו נימוקי בית המשפט בפסק הדין בנוגע למאסר המותנה?,"עיון בפסק הדין מלמד כי נימוקי בית המשפט נשענו על שינוי ההלכה בדבר הענישה הראויה בעבירת שב\ח בנסיבותיו של המערער לאחר גזירת המאסר המותנה אשר הופעל, על אורכו של המאסר המותנה שהופעל (10 חודשים) וכלליותו וכן על שיקומו של הנאשם.""",train
מהו המבחן שהנחה את בית המשפט באימוץ ההסדר הטיעון במקרה זה?,"על יסוד כלל המפורט לעיל, ולאחר שבחנתי גם את הענישה בגין ביצוע עבירות אלה במקרים דומים (ראו לדוגמא בשינויים המחויבים ת\פ (מחוזי מרכז) 6912-11-16 מדינת ישראל נ' נחמני והפסיקה המוזכרת שם) מצאתי לאמץ את הסדר הטיעון משהעונש המוסכם בו עומד במבחן האיזון.""",train
מהי מידת הפגיעה בערכים המוגנים שנגרמה ממעשיו של הנאשם?,לצד זאת ציינתי את מידת הפגיעה הממשית בערכים המוגנים ממעשיו המצויה ברף הבינוני.,train
מהו העיקרון המנחה בענישה אשר משפיע על קביעת מתחם העונש ההולם?,"מתחם העונש ההולם נקבע בהתאם לעקרון המנחה בענישה, היינו קיומו של יחס הולם בין חומרת מעשה העבירה בנסיבותיו ומידת אשמו של הנאשם, לבין סוג ומידת העונש המוטל עליו, תוך התחשבות בערך החברתי אשר נפגע, במידת הפגיעה בו, בנסיבות הקשורות בביצוע העבירה ובמדיניות הענישה הנהוגה.",train
מהו המיקום שנמצא לעונשו של הנאשם ביחס למתחמי הענישה שנקבעו?,"מצאתי למקם את עונשו של הנאשם בתחתית מתחמי הענישה אשר נקבעו, ואף לחפוף חלק מהעונש שייגזר בגין עבירות ההדחה בחקירה שביצע הנאשם, לעונש שייגזר על הנאשם בגין ביצוע עבירות המס.",train
מהו המשקל שניתן לקולא בהקשר לדיווחי הנאשם על הכנסותיו וניהול עסקו?,"משקל מסוים לקולא יינתן לכך שהנאשם הגיש את דיווח על הכנסותיו, ולכך שלדבריו כיום הוא מנהל עסק ומשלם מסים כנדרש.",train
מהו ההבדל בין ריצוי עונש מאסר מאחורי סורג ובריח לבין ריצוי בעבודות שירות?,"קיים טעם בטיעונו של ב\כ המאשימה לפיו יש שוני ממשי בין ריצוי עונש במאסר מאחורי סורג ובריח לבין ריצויו בעבודות שירות, משהפגיעה בנאשם מריצוי עונש בעבודות שירות היא בעיקרה כלכלית, כשבסוג זה של עבירות המבוצעות בדרך כלל ממניע כלכלי, יתכן שלא יהיה בעונש זה כדי להרתיע או להוות תמריץ להימנע מביצוען.""",train
מה מלמדות נסיבות ביצוע העבירות על הפגיעה בערכים המוגנים במקרה זה?,נסיבות ביצוע העבירות במקרה זה מלמדות על פגיעה לא מבוטלת בערכים המוגנים.,train
מהו ההיבט המרכזי שמצביע על מידת הפגיעה בערכים המוגנים ממעשי הנאשמת?,"גם בראי נסיבות אלה, מידת הפגיעה בערכים המוגנים ממעשי הנאשמת היא ממשית.",train
כיצד השפיעו הנסיבות על קביעת המתחמים בענישה במקרה זה?,"נוכח הנסיבות אשר הביאו לביצוע העבירות אשר פורטו על ידי ב\כ הנאשם והרקע הנטען לביצוען, מצאתי לחפוף בין המתחמים במידה רבה.""",train
כיצד השפיעה נטילת האחריות של הנאשם על מחדלי כתב האישום?,"נטילת האחריות על ידי הנאשם לא הייתה מהפה החוצה בלבד, וחרף מצבו הכלכלי הקשה כמתואר לעיל, הסיר את מחדלי כתב האישום ואין המדובר בעניין של מה בכך.",train
"מהו השיקול שהוביל לדחיית הבקשה למתן הקלה בעונש, למרות סכום העסקה הנמוך?","אף שאין משמעות לסכום הנמוך של העסקה בין שני לנאשם (בסך 7,000 ₪) כדי למתן, בהינתן הערכים המוגנים שבבסיס העבירות והנסיבות כולן.",train
כיצד יש לקבוע את המתחם במקרה של הסדר טיעון לפי הנסיבות הקונקרטיות?,"בקביעת המתחם נדרשת זהירות, אין המדובר בקביעת מתחם ענישה במובן הפורמלי של תיקון 113 לחוק העונשין, וקביעתו תתבצע בצורה רכה לשם \קבלת מידע והקשר לעונש שראוי לקבוע בהסדר טווח\"", בשים לב לקיומן של נסיבות מגוונות שיכולות להוביל להחלטת המדינה להגיע להסדר, כשהמשקל שיש ליתן לשיקולי תיקון 113 לחוק העונשין ולמתחם הענישה במקרה נתון משתנה בהתאם לנסיבות הקונקרטיות שהביאו להסדר.""",train
מהן הנסיבות שהשפיעו על ההתרשמות לגבי מידת הפגיעה בערכים המוגנים ממעשיו של הנאשם?,"לאחר בחינת הענישה הנוהגת, נסיבות ביצוע העבירות וחלקו של הנאשם בביצוען, כשלהתרשמותי, גם ברקע לביצוע העבירות מושא האישום הראשון חובות הימורים של הנאשם, וחלקו בביצוען קטן מחלקו של חבה, מידת הפגיעה בערכים המוגנים ממעשיו היא ברף בינוני.",train
מהו הערך המוגן שיש לתת עליו את הדעת בבחינת העבירות שביצעו הנאשמים?,"ראשית, יש לתת הדעת לערכים המוגנים אשר נפגעו מביצוע העבירות על ידי הנאשמים.",train
"מהי מידת הפגיעה בערכים המוגנים בעבירה לפי סעיף 118 לחוק מע\מ?""","ממביצוע עבירה לפי סעיף 118 לחוק מע\מ מידת הפגיעה בערכים המוגנים פחותה, משהעוסק מעביר דיווח במועד כנדרש, כך שלפחות פיקוח הרשות אינו נפגע מביצועה.""",train
"כיצד משפיעה טענת הנאשם על מידת המיתון בעניינו, בהתחשב במעשיו?","נתתי דעתי לטענת הנאשם לפיה לא ידע שהמדובר בשוטרים עת החל מנוסתו, גם אם אקבל את הדברים, אין בכך כדי להביא למיתון משמעותי מאוד בנסיבות, וודאי לאחר שהנאשם בחר שלא לעצור לאחר שכרזו לו השוטרים, כמפורט בכתב האישום המתוקן.",train
כיצד משפיעים דוחות הפסד שהוגשו על מידת הפגיעה בערכים המוגנים ממעשי הנאשם?,"חשוב לציין כי חרף המחזורים הלא מבוטלים בשנות המס הרלבנטיות, הדוחות שהוגשו התקבלו אצל רשות המסים בשם החברות הנאשמות כחלק מהסרת המחדל הם דוחות הפסד, וגם בכך יש כדי למתן במידת מה את מידת הפגיעה בערכים המוגנים ממעשי הנאשם, חרף השיטתיות שבביצוע העבירות על ידו.",train
"מהי עמדת בית המשפט לגבי חומרת העבירה, למרות הכינוי \עבירה טכנית\""?""","כפי שציינתי לא אחת, הגם שנהוג לכנות את סוג העבירה בה הורשע הנאשם \עבירה טכנית\"" והיסוד הנפשי הדרוש להרשעה בעבירה מסוג זה אינו כולל כוונה להתחמק ממס, לטעמי מידת הפגיעה בערכים המוגנים הנגרמת מביצועה של העבירה איננה טכנית כלל ועיקר ויש בה חומרה ממשית ומשמעותית, מאחר ושיטת חישוב המס וגבייתו מבוססת על קיום הוראות החוק.""",train
כיצד יינתן משקל לטענה בדבר הפסדים במסגרת בחינת העבירות?,לטענה בדבר הפסדים יינתן משקל מה במסגרת בחינת נסיבות ביצוע העבירות ובחינת מידת הנזק שנגרם ממעשי הנאשמים.,train
מהי הטענה המרכזית של המאשימה לגבי האפשרות של הנאשם 1 להפסיק את העבירות?,"יש טעם בטענת המאשימה לפיה בכל עת, יכול היה הנאשם 1 לחדול ולחזור בו מביצוע העבירות אך לא עשה כן.",train
מהו מתחם הקנס שנקבע ביחס לכלל האירועים?,"לאחר שקלול הנסיבות המפורטות לעיל לצד חשיבותו של קנס בעבירות מסוג זה, יעמוד מתחם הקנס בין אלפי שקלים ל- 6,000 ₪ ביחס לכלל האירועים, לצד התחייבות להימנע מביצוע עבירה.",train
מהי התרשמות בית המשפט מהודיית הנאשם בביצוע העבירה?,"הנאשם אף הודה בביצוע העבירה לצד הגשת כתב האישום כנגדו, חסך זמן שיפוטי יקר והתרשמתי כי הודייתו כנה ואמיתית ואיננה רק מהשפה החוצה.",train
"מהי הסיבה להשתת עונש מאסר לתקופה ממשית במקרה זה, למרות התאמת הנאשם לעבודות שירות?","לטעמי, נסיבותיו של המקרה דנן והעדר הסרת המחדלים מחייבים השתת עונש מאסר לתקופה ממשית חרף העובדה שהנאשם נמצא מתאים לריצוי עבודות שירות על ידי הממונה על עבודות השירות.",train
מדוע נקבע כי יש להעדיף את שיקולי ההרתעה על פני נסיבות אישיות בעבירות מסוג זה?,"בשל כך, לאור חשיבות ההרתעה ובכללה הרתעת הרבים, נקבע לא אחת כי בסוג זה של עבירות מקבלים האינטרס הציבורי ושיקולי ההרתעה בכורה על פני נסיבות אישיות, וכי דרך המלך היא גזירת עונש של מאסר בפועל בגין ביצוען (ע\פ 9004/18 יצחקי נ' מדינת ישראל (31.12.2018)).""",train
מה מצביעות הנסיבות המתוארות על מידת הפגיעה בערכים המוגנים?,"הנסיבות המתוארות לעיל מצביעות על מידת פגיעה לא מבוטלת בערכים המוגנים ממעשי הנאשמים ועל פוטנציאל נזק ממשי למשקיעים (ראו והבחינו בין הנסיבות במקרה דנן לנסיבות בהן נערכו הסדרי אכיפה אשר אושרו על ידי ועדת האכיפה המנהלית (ענ/2), בחלקם צוין כי בבסיס המעשים רשלנות ובחלקם מצוינת ראשוניות האכיפה).",train
מהו תפקיד שיקולי ההרתעה בעבירות מסוג זה?,"יש לשקול שיקולי ההרתעה, הכוללים הרתעת הנאשם והרתעת רבים ואשר נקבע כי אלה תופסים בכורה על נסיבותיו האישיות של הנאשם בסוג זה של עבירות.",train
מה השפעת ההודיה והחרטה של הנאשם על גזר הדין?,"לאור ההודיה, לקיחת האחריות והחרטה שבהתנהגות (הסדרי פשרה), חסכון הזמן השיפוטי והעדר עבר פלילי נגזר על הנאשם מאסר על תנאי למשך 4 חודשים לצד התחייבות להימנע מביצוע העבירה.",train
מהן הנסיבות המקלות במקרה של גידול שני שתילים בלבד לצריכה עצמית?,"בשמים לב לכך שבמקרה דנן הורשע הנאשם בגידול שני שתילים בלבד כאמור, ללא כל טענה שהקים מעבדה לשם כך או השתמש באבזור מיוחד, בשמים לב לכך שלצד הגידול החזיק הנאשם בקנביס לצריכה עצמית בלבד, ואין כל ראיה להפצת סם על ידו, ולאור האינדיקציה לשימוש אינטנסיבי בקנביס על ידו, אינני מוצאת לקבוע כי חזקה שהנאשם גידל את הסם שלא לצריכה עצמית.",train
מהו ההבדל המרכזי בין הנאשם אבו אלרוב לנאשמים האחרים בהקשר של לקיחת אחריות?,"הנאשם צעיר והיה נכון לקחת אחריות כבר מהרגע הראשון\ – ונתונים אלה או חלקם אינם מתקיימים בעניינם של הנאשמים האחרים.""",train
מהי ההשפעה של החקירה וההעמדה לדין על הרתעת העבריינים בענף היהלומים?,"נראה שהרתעה מסוימת, ולו בענף היהלומים, הושגה מעצם החקירה וההעמדה לדין של הנאשמים בפרשה.",train
מהי החשיבות של הרתעת הרבים בעבירות מס לפי פסיקות בתי המשפט?,בתי המשפט עמדו לא אחת על חשיבות הרתעת הרבים כאשר עסקינן בעבירות מס.,train
כיצד מתבטאת הפגיעה בערכים המוגנים בהפרת צו הפיקוח?,"משכך, המדובר בפגיעה שאיננה זניחה בערכים המוגנים, מבלי להתעלם מכך שאין כל ביצוע של עבירת מין במסגרת ההפרה.",train
מהי הסיבה להקל במתחם העונש שנקבע לאור סכום העבירות והקושי הראייתי?,המאשימה בהגינותה אף הסכימה כי יש מקום להקל במתחם העונש שיקבע לאור סכום העבירות הנמוך מהסכום שנקבע כקריטריון מרכזי לפתיחה בחקירה בפרשה וכן לאור קושי ראייתי מסוים - ולהעמיד את תחתיתו על 8 חודשי מאסר.,train
מדוע השיקולים באימוץ הסדר טיעון עשויים להיות שונים משיקולי הענישה לפי תיקון 113?,"אין להתעלם מכך שהשיקולים שבבסיס אימוצו של הסדר טיעון אינם זהים בהכרח לאלה הנשקלים במסגרת תיקון 113 לחוק העונשין, ובכללם ציפיית הנאשם כי הסדר הטיעון יאומץ.",train
מהו השיקול הנוסף שיש לקחת בחשבון בנוגע להתנהלות הנאשם לאחר פרוץ החקירה?,יש לשקול עוד את דברי הנאשם לפיהם שינה את התנהלותו בנאשמת מיד עם פרוץ החקירה.,train
כיצד השפיעו מידותיו הטובות של הנאשם 1 על ההחלטה בעניינו?,נתתי דעתי גם למידותיו הטובות של הנאשם 1 ותרומתו לקהילה כפי שפורטה בעת הטיעון לעונש.,train
מהו העיקרון שמנחה את הענישה בסופו של יום?,לצד האמור יש לזכור שהענישה בסופו של יום היא  אינדיווידואלית.,train
מדוע יש להתחשב בפגיעה באמון הציבור בהקשר לעבירות מס?,"יש לתת את הדעת אף לפגיעה באמון הנגרמת מביצוע העבירות מהסוג דנן, מששיטת המס מבוססת על האמון הניתן בכך שידווחו דיווחי אמת.",train
מדוע יש לקחת בחשבון את הפוטנציאל של סיכון ביטחוני בעת גזירת העונש?,"יש עוד לתת את הדעת לפוטנציאל של סיכון ביטחוני כפי שציין ב\כ המאשימה.""",train
מהי המשמעות של פוטנציאל הנזק לבני משפחת רביבו בהקשר לביצוע הירי?,"אף לא היה בכך כדי לעצור את גרמאי ואטיאס מביצוע הירי כששמעון רביבו צועד עם בני משפחתו (כשפוטנציאל הנזק והסיכון לבני המשפחה הבלתי מעורבים נוספים ברור על פני הדברים), והנאשמים צפו כאפשרות קרובה לוודאי, שמהירי יפגעו גם רעייתו של שמעון רביבו והקטינים.",train
מהו תפקיד שיתוף הפעולה של הנחקרים בהקלת הענישה?,יש במתן משקל לקולא לשיתוף הפעולה להביא לעידוד ותמרוץ נחקרים לשתף פעולה עם רשויות אכיפת החוק.,train
מהו מתחם העונש שנקבע במקרה זה בהתחשב בנסיבות ביצוע העבירות?,"בראי המפורט לעיל, בשים לב לנסיבות ביצוע העבירות במקרה זה, ולמידת הפגיעה בערכים המוגנים מתחם העונש ביחס לכלל העבירות כאירוע יקבע בין מאסר על תנאי ועד 9 חודשי מאסר בפועל, לצד ענישה נלווית בדמות קנס והתחייבות להימנע מביצוע עבירה.",train
אילו טעמים לא מתקיימים בעניינו של הנאשם המובילים לחוסר חריגה ממתחם העונש?,בעניינו של הנאשם לא מתקיימים טעמים המצדיקים חריגה ממתחם העונש ההולם משיקולי שיקום.,train
מהו המשקל של אפקט ההרתעה בעבירות כלכליות לעומת עבירות אחרות?,"אפקט ההרתעה ובכללה הרתעת הרבים בעבירות כלכליות, הוא בדרך כלל בעל משקל רב יותר מאשר בעבירות אחרות וגם מכאן חשיבותו.",train
מה קבע בית המשפט בעניין זעילה לגבי מתחם הענישה והסכמת המדינה?,"בעניין זעילה דחה בית המשפט את הטענה לפיה שגה בית המשפט המחוזי משקבע מתחם ענישה שתקרתו גבוהה מהעונש שהוסכם שהמדינה רשאית לטעון לו, וציין כי קבלת הטענה מסוג זה משמעה שלילת שיקול הדעת של בית המשפט, והיא מנוגדת להלכה הפסוקה.",train
מהו התנאי הנדרש כדי שהתקופות המאסר יחפפו לפי החלטת בית המשפט?,בית המשפט נותן דעתו כי תקופות המאסר יחפפו רק אם קיימים טעמים שירשמו.,train
מהי ההשפעה של הגשת דוח לרשות המסים לאחר זמן רב על הנזק שנגרם?,"נקבע לא אחת כי הגשת דוח לרשות המסים שנים רבות לאחר המועד שהיה להגישו אינה באמת מתקנת את הנזק שנגרם ממעשי הנאשם, גם אם מבחינה פורמלית יש לראות בנאשם \כמי שעמד בחובה המקורית שלו\"" וכי \""מרחק הזמן אינו מאפשר לרשויות לעמוד על אמיתות הדוח והאפשרות להגיע לשומת אמת ולגבות את הכספים המגיעים למדינה נפגמת מאוד\"" (ע\""פ (ב\""ש) 21294-07-19 דהן נ' רשות המסים (22.1.2020), עניין מולדובן (שם, פסקה 9).""",train
כיצד משפיעה מדיניות הענישה על עבירות מסוג זה?,"מדיניות הענישה בגין עבירות מסוג זה היא  מחמירה בדרך כלל ומושפעת ממידת התחכום, משך ביצוע העבירות, השיטתיות שבביצוען וסכומי המס אשר נגזלו מהקופה הציבורית.",train
אילו ערכים מוגנים יש לקחת בחשבון בעת הערכת פגיעת הנאשם בקופה הציבורית?,"במסגרת זו, נתתי דעתי לערכים המוגנים בעבירות שביצע הנאשם, הנוגעים לחשיבותה של הקופה הציבורית לכלכלת המדינה וביטחונה ולפגיעה הפוטנציאלית בקופה מהמעשים, כשפעמים רבות פגיעה אף מתקיימת הלכה למעשה כמו בעניינו.",train
מהי הסיבה לכך שאין מקום לסטייה לקולא או לחומרה ממתחם הענישה במקרה זה?,במקרה זה אין מקום לסטייה לקולא או לחומרה ממתחם הענישה שנקבע.,train
"מהו מתחם הקנס שנקבע בעבור כל אירוע, בהתחשב באינטרס הציבורי?","בראי האינטרס הציבורי ובכורתו, תוך התחשבות במצבו הכלכלי של הנאשם מצאתי להעמיד את מתחם הקנס בין 3,000 ₪ לבין 8,000 ₪ בגין כל אירוע לצד התחייבות להימנע מביצוע עבירה.",train
מדוע יש לתת לאינטרס הציבורי בכורה בעת גזירת עונש למבצע העבירות?,"בשל כך, לאור חשיבות ההרתעה ובכללה הרתעת הרבים, נקבע לא אחת כי בעת גזירת דינו של מבצע העבירות יש לתת לאינטרס הציבורי בכורה על פני נסיבות אישיות, וכי דרך המלך היא גזירת עונש של מאסר בפועל )רע\פ 4684/12  גחלי נ' מדינת ישראל (14.6.2012)) (להלן: \""עניין גחלי\"").""",train
מהו השיקום התעסוקתי שעבר הנאשם וכיצד הוא עשוי להשפיע עליו?,"נתתי דעתי גם לכך שבמסגרת הטיפול עבר הנאשם שיקום תעסוקתי במהלכו השלים קורס מאמני ספורט ועוסק באימון אגרוף, כשהרושם הוא שעבודה בתחום זה תסייע לו לתעל את תוקפנותו באופן מסתגל.",train
מהו השיקול הממתן את חומרת הנסיבות במקרה זה?,יש לתת את הדעת לכך שהמדובר במקרה זה בכמות פריטים מפרים שאיננה גדולה ביחס לפריטים אשר עמדו למכירה בחנות ויש בכך למתן במידת מה את חומרת הנסיבות.,train
מהו השיקול שהוביל את בית המשפט לקבוע שאין מקום להקל בעונש בשל חלוף זמן?,"בשמים לב לסוג העבירות בהם הורשעו הנאשמים, אינני מוצאת כי המדובר במקרה זה בחלוף זמן קיצוני המצדיק הקלה משמעותית בענישה.",train
אילו ערכים חברתיים מוגנים נפגעים בשיבוש הליכי המשפט?,"באשר לשיבוש הליכי המשפט, הערכים החברתיים המוגנים בהם פגע הנאשם הינם פגיעה בשלטון החוק, בכבודם ומעמדם של בית המשפט ורשויות התביעה, בסדרי המשפט ובטוהר ההליך המשפטי.",train
מהי רמת הפגיעה שנגרמה על ידי מעשיו של הנאשם לפי ההערכה המשפטית?,בנסיבות אלה ומבלי למעט בחומרת העבירות וחשיבות הערכים המוגנים שנפגעו סבורני כי רמת הפגיעה על ידי מעשיו של הנאשם היא לכל היותר בינונית.,train
מהו הקושי הראייתי שהוזכר על ידי המאשימה כהצדקה להסדר בעניינו של הנאשם?,"המאשימה אכן הפנתה לקושי ראייתי כנימוק להצדקת ההסדר, להרשעת הנאשם מכוח סעיף 224א לפקודה וכן גם לקנסות  הגבוהים והמאזנים בין רכיבי הענישה.",train
מהו מתחם הקנס שנקבע לנאשמת ולנאשמת 1 בהתחשב בנסיבות ביצוע העבירה והיקפי ההכנסות?,"בבראי כלל המפורט לעיל, מבלי שאני מתעלמת מנסיבות ביצוע העבירה המפורטות, ובכללן השיטתיות ומספר העבירות, אך גם לאור היקפי ההכנסות הנמוכים בשנות המס הרלוונטיות ותוצאות המס, מצאתי להעמיד את מתחם הקנס לנאשמת בין 4,000 ₪ לבין 20,000 ₪ לצד התחייבות להימנע מביצוע העבירה; לנאשמת 1 בין 5,000 ₪ לבין 20,000 ₪.",train
מהו העיקרון המנחה בעונש צופה פני עתיד כאשר לא הוסרו מחדלי כתב האישום?,"מהפסיקה אף עולה כי קיימים מקרים מיוחדים ומתאימים בהם נגזר עונש צופה פני עתיד וקנס, ולעיתים של\צ, מקום בו לא הוסרו מחדלי כתב האישום במלואם, כל מקרה ונסיבותיו.""",train
מדוע ההבדלים בין מתחמי הענישה לא יהיו משמעותיים במקרה זה?,"עם זאת יובהר כי בשים לב לקשירת הקשר ולחלק המשמעותי של כל אחד מהנאשמים במערך הכולל, ההבדלים בין מתחמי הענישה לא יהיו משמעותיים וגם במקרה זה מצאתי כי הנסיבות מצדיקות סטייה מן הכלל בדבר גזירת מחצית העונש על המסייע (עניין פדידה).",train
מהו שיקול הענישה שעל בית המשפט לשקול לפי תיקון 113 לחוק העונשין?,"בית המשפט מוסמך לשקול מהו העונש הראוי בשים לב לשיקולי הענישה על פי תיקון 113 לחוק העונשין, התשל\ז – 1977, לצד יתר השיקולים הרלבנטיים לסוגיית אימוצו של הסדר הטיעון.""",train
מהו המשקל שניתן להודיית הנאשם 2 בהקשר לאחריותו לביצוע העבירות?,"אמנם על פי התסקירים הנאשם 2 נוטל אחריות חלקית בלבד לביצוען, אך לא ניתן להתעלם כאמור מהודייתו, במסגרתה אף ויתר על טענות הגנה שונות שביקש לטעון ויש לזקוף אותה לזכותו.",train
"מהו העונש שהוטל על גרמאי, ומהם המרכיבים הנלווים לכך?","בסופו של יום, ובשים לב גם לשיקולי הרתעה, עונשו של גרמאי ייגזר ל- 6 שנים ו- 3 חודשי מאסר, לצד מאסר מותנה ופיצוי כספי בסך 50,000 ₪  לטובת נפגעת העבירה באישום הראשון, אשר הופקד בקופת בית המשפט.",train
מהו הקריטריון לקביעת מתחם ענישה אחיד לכלל העבירות במקרה זה?,מנסיבות ביצוע העבירות עולה כי יש לקבוע מתחם ענישה אחד לכלל העבירות כאירוע על פי מבחן הקשר ההדוק.,train
כיצד השפיעה הודאת הנאשם על שיקולי הענישה בעניינו?,"הנאשם הוא יליד שנת 1947, אב וסב לנכדים, ללא עבר פלילי, אשר הודה בביצוע העבירות, גם אם רק ערב ההוכחות, ובכך חסך זמן שיפוטי ניכר ושמיעת עדים רבים – כל אלה יזקפו לזכותו.",train
מדוע לא נמצאו שיקולים לסטייה ממתחם הענישה במקרה זה?,אינני מוצאת כי קיימים שיקולים לסטייה ממתחם הענישה.,train
מהו הרקע הנטען לביצוע העבירות וכיצד הוא משפיע על הענישה?,"שקלתי גם את הרקע הנטען לביצוע העבירות על ידי הנאשם, את התמכרותו לאלכוהול, וכי על פי התסקיר הנאשם מתבייש כיום במעשיו וכואב על  הפגיעה שפגע במתלונן על מנת למלא את צרכיו ההתמכרותיים.",train
מהו השיקול לקולא שניתן לקחת בחשבון כאשר הנאשם הודה בביצוע העבירות?,"לקולא יש לשקול  כי הנאשם הודה בביצוע העבירות, ובכך חסך זמן שיפוטי.",train
כיצד משפיעה הסרת המחדל על שיקולי הענישה של הנאשמים?,הסרת המחדל תיזקף לזכות הנאשמים ומהווה שיקול של ממש מבין שיקולי הענישה.,train
מהו השיקול המרכזי שנבחן בעת קביעת מתחם הענישה?,"לשם קביעת מתחם הענישה בחנתי את הענישה הנוהגת ונתתי דעתי לפסיקה אליה הפנו הצדדים, מתחמי הענישה והעונשים שנגזרו שם, על השונה והדומה לעניינו.",train
מהו הקשר בין מעורבות הנאשם בעולם הסחר לפוטנציאל הנזק?,יש טעם בטענה לפיה כלל המפורט מלמד גם על מעורבות הנאשם בעולם הסחר ואף על פוטנציאל הנזק הממשי לצד מעשיו.,train
מהי המשמעות של הפרת ההוראה החוקית בתיק הצירוף מבחינת חומרת העבירה?,"בקשר להפרת ההוראה החוקית בתיק הצירוף, המדובר בפגיעה ברף הבינוני בערכים המוגנים לכל הפחות, מקום בו הנאשם לא רק הפר את תנאי השחרור שנקבעו בעניינו ביחס לתיק העיקרי תוך זלזול בהם ושהה בבית עם המתלוננת, אלא אף הגדיל לעשות וביצע את העבירות מושא תיק הצירוף, ואף בעת שהתיק העיקרי מתנהל בבית המשפט (גם אם הסתיימה באותה העת פרשת התביעה).",train
מדוע לא ניתן לקבוע כי העבירות המיוחסות לנאשמים הן עבירות קלות ערך?,במובן זה – עבירות אלה אינן טכניות ובוודאי שאין לקבוע כי המדובר בעבירה קלת ערך גם אם בנסיבות מסוימות מוטל בגינה קנס מנהלי או ניתן להמירה בקנס מנהלי.,train
מהו ההבדל בין מקרים שבהם מוסתרת ההכנסה לבין המקרה הנדון?,"במקרים רבים ובהם מוסתרת ההכנסה עצמה, באישום זה לא הוסתר סכום ההכנסה המרכזי, ובהקשר זה יש לשקול זאת לקולא.",train
מהו תפקידו של הנאשם בהקשר למסוכנותו והצורך בהרתעתו?,"אדרבא, מזווית אחרת יש בכך כדי להוסיף על מסוכנותו והצורך בהרתעתו, בהינתן שיזם את ביצוע העבירות ועמד בראש הקבוצה העבריינית שהתארגנה ביוזמתו.",train
מהו המאפיין המרכזי של העבירות המיוחסות לנאשמים לפי כתב האישום?,לצד זאת יש לזכור כי העבירות מושא כתב האישום לא בוצעו תוך תכנון או בתחכום.,train
מהן הנסיבות שיש להתחשב בהן בעת קביעת מתחם העונש?,"בסגרת קביעה זו יש להתחשב בערך החברתי אשר נפגע, במידת הפגיעה בו, במדיניות הענישה הנוהגת ובנסיבות ביצוע העבירה.",train
כיצד השפיע חששו של הנאשם על ההחלטה בעניינו?,כן התרשמתי מחששו הכן של הנאשם כי יאבד את מקום עבודתו לו יושת עליו עונש של מאסר ולו בעבודות שירות.,train
מהו השיקול המרכזי שהוביל לדחיית טענות הנאשם להקלה בעונש?,עוד צוין כי אין מקום להקלה בעונש בשל טענות הנאשם להסתבכות בשוק האפור.,train
מהי הבחנה שנעשתה בין מתחמי הענישה של סמירנוב לבין חסין וקיפניס?,בנסיבות המתוארות מצאתי לערוך הבחנה בין מתחם הענישה שייקבע בעניינו של סמירנוב למתחם הענישה בעניינם של חסין וקיפניס.,train
מהו העונש המוטל על עבירות סיוע לפי הוראות הפקודה בהקשר לעבירות מס?,"כשעבירות מס עסקינן, על פי הוראות הפקודה, העונש לצד עבירת הסיוע זהה לעונשו של מי שמבצע את העבירה על מנת להתחמק ממס בעצמו, כך גם על פי הפסיקה, ודאי כשהמדובר בגורם הדומיננטי ומחולל העבירות.",train
כיצד משפיעים שיקולים ערכיים על קביעת מתחם הענישה בעבירות מס?,"כידוע, מתחם הענישה אינו עניין אריתמטי פשוט אלא מגלם הכרעה ערכית המבוססת על שיקולים שונים שמדיניות הענישה היא רק אחד מהם, כשעצם העובדה שלעולם יוכל כל צד למצוא פסקי דין התומכים בעמדתו, מלמדת כי אין המדובר במדד מדויק (ע\פ 3877/13  ג'אבלי נ' מדינת ישראל [פורסם בנבו] (17.11.2016), עפ\""ג (ת\""א) 12063-04-15 בראונר נ' מדינת ישראל [פורסם בנבו] (20.07.2015)).""",train
מהי המשמעות של הסרת מחדלים בעבירות מסוג זה?,"כידוע, להסרת מחדלים בסוג זה של עבירות משמעות רבה וזו מביאה להקלה ניכרת בענישה.",train
מהו השיקול שהשפיע על קביעת העונש במקרה זה?,בעת קביעת העונש שקלתי גם את גורמי הסיכוי אותם ציין שירות המבחן בתסקיר.,train
מדוע יש חשיבות להשתת קנס מרתיע על מבצע עבירה מסוג זה?,"לגבי חשיבות השתת קנס מרתיע על המבצע עבירה מסוג זה, בפרט בשים לב לכך שהחזקת הסם הייתה שלא לשימוש עצמי ועל מנת להרתיע מפני מניע כלכלי בביצוע עבירות מסוג זה.",train
מהן הנסיבות שאינן מצדיקות חריגה לקולא או לחומרה במתחם הענישה?,במקרה דנן לא מתקיימות נסיבות המצדיקות חריגה לקולא או לחומרה ממתחם הענישה אשר נקבע.,train
מהו תפקידו של נאשם 3 במעשי הזיוף וכיצד זה משפיע על קביעת מתחם הענישה?,"לצד האמור, בעת בחינת והשוואת העונשים של הנאשם ונאשם 3 וקביעת מתחם הענישה, אין להתעלם מכך שכאמור נאשם 3 הוא זה אשר ביצע את מעשי הזיוף של דו\ח רואה חשבון מבקר וחוות דעת רואה חשבון הכוזבים, הנחזים להיות בחתימת אלחסוב, ואף הורשע כאמור בעבירת זיוף בכוונה לקבל באמצעותו דבר, לצד יתר העבירות בהן הורשע הנאשם.""",train
"מדוע יש לראות בעבירות אלו חומרה משמעותית למרות שהן מכונות \עבירות טכניות\""?""","אוסיף, הגם שנהוג לכנות את סוג העבירות בהן הורשע הנאשם \עבירות טכניות\"" והיסוד הנפשי הדרוש להרשעה בעבירה זו אינו כולל כוונה להתחמק ממס - מידת הפגיעה בערכים המוגנים הנגרמת מביצועה איננה טכנית כלל ועיקר יש בה חומרה ממשית ומשמעותית.""",train
מהי הטענה המועלת לגבי מצבו של הנאשם בסיטואציה שנוצרה?," ואולם, לאחר  היכרות עם פרטי המקרה על מורכבותו, ומבלי למעט כלל מחומרת העבירות, ניתן ללמוד כי אין המדובר במקרה פשוט ויש טעם מסוים בטענה לפיה גם הנאשם היה גורם מוחלש בסיטואציה.",train
מהי הסיבה לכך שהנאשם 2 בחר להודות בעבירות למרות שלא הואשם בהן?,"הנאשם 2 לא הואשם בביצוע עבירות אלה אך בחר להודות בהן כסוג של לקיחת אחריות נוספת על ידו, בשים לב שלא היה בעל תפקיד רשמי בנאשמת 3 (הגם שמנגד, בניהול החברה מבלי להירשם כבעל תפקיד בה יש גוון של הסתרה).",train
כיצד משפיע מצבו הכלכלי של הנאשם על קביעת שיעור העונש?,"בעת קביעת שיעור שקלתי את מצבו הכלכלי של הנאשם, את העובדה שחווה קריסה כלכלית מאז ביצוע העבירות (והנאשמת גם היא קרסה), וכי כיום חייו במגמת שיקום, אין לו חובות, הוא עובד כשכיר בחברה קבלנית ומשתכר סך של כ- 10,000 ₪ נטו בחודש (ענ/9), ורעייתו משתכרת סך של כ- 4,000 ₪ בחודש (ענ/10).",train
כיצד השפיעו נזקי המתלונן על קביעת שיעור הפיצוי שיושת עליו?,"בעת מיקום הנאשם בגדרי המתחם שנקבע וקביעת שיעור הפיצוי שיושת לטובת המתלונן, נתתי דעתי לנזקיו של המתלונן, הכוללים את נזקיו הפיזיים (שבר בעצמות האף עם סטייה ודימום) וכן נזקים בדמות כאב סבל שהם אינהרנטיים בנסיבות.",train
מהו המשקל של האינטרס הציבורי בעבירות מסוג זה לעומת נסיבות אישיות של הנאשם?,בתיקים מסוג זה מקבל האינטרס הציבורי בדמות הרתעת היחיד והרתעת הרבים בכורה על פני נסיבות אישיות.,train
מהו מתחם העונש המוצע לעבירה של אי צירוף תשלום לדוח?,"באשר לעבירה של אי צירוף תשלום לדוח, משמידת הפגיעה בערכים המוגנים מביצועה נמוכה יותר, יעמוד מתחם עונש המאסר בין מאסר מותנה למאסר בפועל 3 חודשים כפי שעתרה המאשימה.",train
מהו שיקול הדעת שהוקנה לבית המשפט ביישום סעיף זה?,חשוב לשים לב כי המחוקק הקנה שיקול דעת רחב לבית המשפט ביישומו של הסעיף וכי נקודת המוצא בהפעלתו היא העדפתם של שיקולי שיקום.,train
מדוע יש חשיבות לענישה כספית משמעותית בעבירות המיועדות להפקת תועלת כלכלית?,"באגן לעונש הקנס, כידוע בעבירות אלה הקנס הוא ממין העבירה ומשהמדובר בעבירות הנעברות לצורך הפקת תועלת כלכלית, קיימת חשיבות לענישה כספית משמעותית אשר תלמד כי אין אף תועלת כלכלית בצד עבירות אלה.",train
מהי עמדת בית המשפט לגבי הוראות תיקון 113 לחוק העונשין בהקשר להסדרי טיעון?,צוין שוב כי הוראות תיקון 113 לחוק העונשין אינן עומדות בסתירה לגישת האיזון הראוי וכי הערכאה הדיונית מוסמכת ונדרשת לבחון הסדרי טיעון על רקע מתחם הענישה ההולם.,train
מהי ההשפעה של עבירת השוחד על סדרי השלטון והאמון הציבורי במשרתים?,"רבות דובר על חומרתה של עבירת השוחד, עבירה הפוגעת בסדרי השלטון וחותרת תחת ערכי האמון ששם הציבור במשרתיו, השוויון והתחרות ההוגנת.",train
מהי התרשמות השופט מהחרטה שהביע הנאשם בעת הטיעון לעונש?,"גם אני התרשמתי כי הנאשם הפגין חרטה כנה בדבריו בעת הטיעון לעונש והודייתו, החרטה שהביע וחיסכון הזמן השיפוטי המסוים ייזקפו לזכותו.",train
כיצד משפיעה כמות העבירות על מדיניות הענישה בעבירות אי הגשת דוח במועד?,"בחינת מדיניות הענישה הנוהגת בקשר לעבירה של אי הגשת דוח במועד מלמדת כי בדרך כלל, מדיניות הענישה מושפעת מכמות העבירות, השיטתיות ביצוען והנזק שנגרם לאוצר המדינה.",train
"כיצד השפיעה מגפת הקורונה על הקושי של הנאשמות לשלם את המע\מ שלא שולם?""","בנוסף, משקל מסוים ממתן יינתן גם לכך שהגם שעל פי הנטען הנאשמות החלו בתוכנית הבראה ערב התפרצות מגפת הקורונה, התפרצות המגפה, אשר הביאה לקושי ושינוי בכל תחומי החיים ופגעה בין היתר בעסקים, גם ובפרט בתחום המסעדנות, פגעה גם בעסקי הנאשמות, ותרמה לקושי להבריא את הנאשמות ולשלם את המע\מ שלא שולם גם אם באיחור מסוים.""",train
כיצד השפיעה התרשמות שירות המבחן על מיקום הנאשם במתחם הענישה?,"יחד עם זאת, להתרשמות שירות המבחן מכך שהנאשם הורתע מההליך דנן ומסוכנותו פחתה, כמו גם לרצונו ונכונותו להתגייס לטיפול ויתר הפרמטריים המעידים על סיכויי השיקום שפורטו לעיל, ינתן משקל לקולא בעת מיקום הנאשם בגדרי מתחם הענישה, ואף בעת הכרעה האם נכון לגזור את עונשו מאחורי סורג ובריח בנסיבות.",train
כיצד ניתן להבטיח את מידת הענישה הנדרשת והרתעת הנאשם בעת קביעת העונש?,"ניתן להגיע למידת הענישה הנדרשת, ההרתעה הפוטנציאלית, והגמול שבצידה גם באמצעות השתת עונש של של\צ על הנאשם לתקופה נרחבת יותר משהומלץ, לצד מאסר על תנאי מרתיע, פיצוי למתלונן וקנס.""",train
מדוע יש בעבירות שביצע הנאשם פגיעה בסדר החברתי והמשפטי?,"אשר לערכים המוגנים בעבירות שביצע הנאשם, צודק ב\כ המאשימה בטענותיו לפיהן יש בעבירות כדי לפגוע פגיעה ממשית בסדר החברתי והמשפטי ותקינות ההליך המשפטי, בשים לב לכך שהמדובר במעשים שנועדו לפגוע ולהכשיל הליך שיפוטי מתנהל ולהביא להטעיית בית המשפט ורשות המסים, ולעיוות דין.""",train
מהו השיקול שהוביל להטלת עונשים מקלים על הנאשם בפרשה זו?,"בעניינו, העונשים שניתנו בפרשה בהסכמת המאשימה הם על הצד המקל, בשל קשיים ראייתיים ושיקולי צדק.",train
כיצד השפיעה הבחנה בין הנאשמות על שיקול הענישה?,"שקלתי את ההבחנה המוצדקת והנכונה בין הנאשמות, בהתחשב בסוגים השונים של עבירותיהן, נסיבותיהן האישיות, והיחסים שביניהן, וכן בהיקף הפרשות הפליליות שלהן יחדיו.",train
אילו שיקולים נלקחו בחשבון בעת קביעת העונש הקונקרטי לנאשם?,"בעת קביעת העונש הקונקרטי לנאשם נתתי דעתי לגילו, 33, להודייתו ולחסכון בזמן השיפוטי בעקבותיה.",train
כיצד השתנה יחסו של הנאשם לחומרת הפגיעה במתלונן בין התסקירים השונים?,"אמנם, על פי התסקיר הראשון התקשה הנאשם להתייחס באופן מעמיק לחומרת הפגיעה במתלונן, והשליך את האחריות על עובדת היותו של המתלונן תחת השפעת אלכוהול, אך להתרשמות שירות המבחן בתסקיר השני,  כיום מבין הנאשם יותר מבעבר את השלכות התנהגותו האלימה ואת הפגיעה שגרם.",train
מהו העיקרון המרכזי שיש לשקול בעת קביעת העונש לנאשם?,"הענישה היא לעולם אינדיווידואלית, ובעת קביעת העונש יש לתת את הדעת גם לנתונים אלה.",train
מהי החשיבות של הרתעת הרבים בעבירות מס על פי פסיקות בתי המשפט?,בתי המשפט עמדו לא אחת על חשיבות הרתעת הרבים כאשר עסקינן בעבירות מס.,train
"מהי ההשפעה של טענת \איש קש\"" על חומרת מעשיו של הנאשם?""","אף אם נקבל את טענת המבקש כי היה איש קש עבור אותו רבי אשר ניהל בפועל את החברה, אין זה ברור כלל וכלל כי יש בכך כדי להפחית מחומרת מעשיו.",train
מהי המדיניות המשפטית הקודמת לתיקון 113 לחוק העונשין בנוגע להסדרי טיעון?,"זאת לאור המדיניות המשפטית אשר הייתה נהוגה אף טרם כניסתו של תיקון 113 לחוק העונשין לתוקף, לפיה על בית המשפט לבחון את העונש המוסכם על פי הסדר הטיעון בהתאם לאמות המידה המקובלות.",train
מדוע לא שוכנע בית המשפט כי ההליך השיקומי של הנאשם מצדיק הקלה בעונש?,"מבלי להקל ראש בדרך המסוימת שעושה הנאשם בניסיון לתקן דרכיו ולשנות התנהלותו, במקרה זה לא שוכנעתי כי ההליך השיקומי/טיפולי שעובר הנאשם מצדיק את גזירת דינו של הנאשם בתחתית מתחם הענישה שנקבע חרף הנסיבות לחומרה שנמנו.",train
מהו השיקול שצריך להתחשב בו בעת מיקום הנאשם בתוך מתחם הענישה?,"הגם שקבעתי מתחם ענישה זהה לזה שנקבע בעניינו של קריכלי ביחס לאירוע הראשון, הרי שבעת מיקום הנאשם בתוך המתחמים יש לתת את הדעת לנסיבותיהם הקונקרטיות השונות עד מאוד.",train
מהו העיקרון המנחה במדיניות הענישה בעבירה של אי העברת ניכויים?,"מדיניות הענישה בעבירה של אי העברת ניכויים היא מחמירה בדרך כלל, וכוללת ענישה ממשית, במסגרת שיקולי הענישה נלקחים בחשבון סכום המס שלא הועבר, לצד השיטתיות שבביצוע העבירות  ויתר הנסיבות.",train
מהו המבחן המהותי לקביעת תחולת מאסר על תנאי לפי הפסיקה?,"כידוע, וכפי שנקבע בפסיקה, המבחן לתחולת מאסר על תנאי אינו טכני-פורמאלי, אלא מהותי-ענייני.",train
"מהו ההשפעה של אי הגשת דו\חות על פיקוח רשות המיסים בישראל?""","אי הגשת דו\חות פוגע בפיקוח רשות המיסים מששיטת המס במחוזותינו מבוססת על האמון שנותנת הרשות בנישום שיגיש דיווחיו במועד וכדין ואף ישלם את המס ככל שזה מתחייב.""",train
מהן הנסיבות שגרמו לכך שלא גזרו על הנאשם 2 עונש של 8 חודשי מאסר?,"בנסיבות המקרה, ובכללן העונשים שנגזרו על הנאשמים האחרים בפרשה, לצד נסיבותיו הקונקרטיות של הנאשם, גילו, מצבו המשפחתי, ניסיונותיו להתפרנס וכוחותיו, אינני מוצאת כי יהיה זה נכון, מידתי או צודק לגזור את עונשו של הנאשם ל-8 חודשי מאסר כעתירת המאשימה ולו בדרך של עבודות שירות.",train
מהי הסיבה לגזירת עונש הנאשם בשליש התחתון של המתחם במקרה זה?,"בנסיבותיו המיוחדות של מקרה זה, מצאתי, לגזור את עונשו של הנאשם בשליש התחתון של המתחם תוך התחשבות ממשית בנסיבותיו האישיות ובפרט בתהליך השיקום הממשי אותו הוא עובר ובשים לב לעונש המאסר שקבע בית המשפט המחוזי בעניין משהראוי, על הדומה והשונה שביניהם.",train
"מהי ההלכה הנוגעת לביטול או הימנעות מהרשעה לפי רע\פ 3589/14?""","ברע\פ 3589/14 לוזון נ' מדינת ישראל (10.6.2014) נקבע כי על פי הלכת כתב, ביטול או הימנעות מהרשעה הוא חריג מצומצם, המוצדק רק במקרים חריגים ויוצאי דופן, בהם לא מתקיים יחס סביר בין הנזק הצפוי לנאשם מן ההרשעה לבין חומרתה של העבירה.""",train
מהו הצורך החברתי המונח ביסוד החמרת הענישה בעבירות סמים?,"זאת לאור הערכים החשובים המוגנים בעבירה, והצורך להילחם בנגע הסם הפוגע בבריאותו, שלומו, וביטחונו של הציבור ובחוסן החברתי, ולצדו סכנת ההתמכרות על כל השלכותיה ההרסניות.",train
מהו השיקול שנלקח בחשבון בעת קביעת עונשו של הנאשם ביחס להשפעת מאסר על יקיריו?,"אלה נשקלים על ידי בעת קביעת עונשו של הנאשם, כמו גם שקילת השפעת עונש מאסר מאחורי סורג ובריח, ככל שכזה ייגזר, על יקיריו.",train
מהו הסיכון להישנות התנהגות אלימה מצד הנאשמת לפי הערכת בית המשפט?,"נתתי דעתי לכך שהסיכון להישנות התנהגות אלימה מצד הנאשמת בינוני, כשרף החומרה הצפוי גם הוא בינוני ולכך שהנאשמת אף לא ביטאה נזקקות טיפולית כך שלא ניתן לשקול כל הליך של שיקום בעניינה.",train
מהי התכלית הפונקציונלית של סיווג מספר האירועים בהקשר לקביעת מתחם הענישה?,"בקשר לקביעת מספר אירועים ראו גם דברי בית המשפט העליון בהלכת ג'אבר ובע\פ 6888/17 שירזי נ' מדינת ישראל (10.12.2018) לפיהם הסיווג לאירועים נועד לתכלית פונקציונלית ככלי עזר, וממילא במישור המהותי מוטל על בית המשפט הקובע מתחם ענישה לשקול את מספר המעשים וחומרתם גם כאשר הם סווגו כאירוע עברייני אחד.""",train
מדוע חששו של הנאשם לאבד פרנסה אינו מצדיק ענישה החורגת ממתחם הענישה שנקבע?,"אין באמור, אף לצד נסיבותיו הכוללות וחששו לאבדן פרנסה ככל שייגזר עליו עונש מאסר ולו בעבודות שירות במצבו הכלכלי, כדי ללמד על שיקום ממשי המצדיק ענישה החורגת ממתחם הענישה אשר נקבע.",train
מהו מתחם הענישה שנקבע במקרה זה בעקבות העבירות שביצע הנאשם?,"לאחר בחינת כלל המפורט לעיל, בשים לב לנסיבות ביצוע העבירות ולכך שבענייננו אחת העבירות בביצוען הורשע הנאשם היא תקיפת בת זוג, מתחם הענישה יקבע בין מספר חודשי מאסר שיכול וירוצו בעבודות שירות ועד 12 חודשי מאסר בפועל, לצד מאסר על תנאי, ופיצוי למתלוננים.",train
מהי עמדת בית המשפט העליון לגבי עבירות המס הכלכליות והשפעתן על הענישה?,"טרם אדרש לנסיבותיו הקונקרטיות של הנאשם אבהיר כי בפסיקה עקבית של בית המשפט העליון נקבע כי עבירות המס הכלכליות הן בגדר \רעה חולה\"" ומשכך יש ליתן לפן ההרתעתי משקל רב בענישה ואף להעדיפו על פני נסיבותיו האישיות של הנאשם ובכלל זאת מצוקתו הכלכלית.""",train
מהן הנסיבות שהובילו לקביעת מתחם העונש בין מאסר על תנאי לבין 6 חודשי מאסר?,"לאחר סקירת המפורט לעיל ומבלי להתעלם מהחומרה המיוחסת לעבירה ופוטנציאל הנזק שלצידה, בראי מידת הפגיעה בערכים המוגנים ובהתחשב בנסיבות ביצוע העבירה שאיננות ברף הגבוה כמפורט לעיל, בשים לב לסוג הסכין (סכין מטבח) ולעובדה שהנאשם לא החזיקה על גופו והיא נמצאה ברכבו במקום גלוי, מצאתי להעמיד את מתחם העונש, בין מאסר על תנאי לצד צו שירות לתועלת הציבור לבין 6 חודשי מאסר שיכול וירוצו בעבודות שירות.",train
מדוע אין מקום להקל בנאשם שלא תיקן את הנזק שנגרם לקופה הציבורית?,"משלא תוקנה הפגיעה הממשית שנגרמה לקופה הציבורית מביצוע העבירות, אין מקום לטעמי ליתן לנאשם את אותה הקלה מפליגה הניתנת למי שמביא לתיקון המלא של הנזק הכספי שגרם לקופת המדינה.",train
מהו הקושי שהנאשם חווה בהליך המקביל במשרד הבריאות?,שקלתי גם את הקושי עבור הנאשם להתמודד עם ההליך המקביל המתנהל בעניינו במשרד הבריאות וחוסר הוודאות לצידו.,train
כיצד יש לקחת בחשבון את מצבה הכספי של החברה בפירוק בעת גזירת הדין?,"יחד עם זאת, על פי השופטת פרוקצ'יה, סביר שבעת גזירת הדין יתחשב בית המשפט במצבה הכספי של החברה בפירוק, והשפעת גובה הקנס שייגזר על נושיה והיקף נכסיה:",train
כיצד תובא בחשבון מצבו הכלכלי והאישי של הנאשם בעת קביעת העונש?,התחשבות במצבו המורכב של הנאשם (הכלכלי והאישי) תבוא בכך שאמנע מהטלת קנס על הנאשם חרף עתירת המאשימה.,train
מהו השיקול שהוביל לקביעת עונש המאסר קרוב לתחתית מתחם הענישה?,"בהתחשב בגילו של הנאשם, מצבו הבריאותי הכללי, חלוף הזמן מאז תחילת החקירה ועד הגשת כתב האישום, וכן בחיסכון הזמן השיפוטי בזכות הודאתו, מצאתי לקבוע את עונש המאסר קרוב לתחתית מתחם הענישה.",train
מהו מתחם העונש ההולם שנמצא במקרה זה לפי הנסיבות?,"לאחר בחינת כלל המפורט לעיל, בשים לב לכלל הנסיבות, לפגיעה הבינונית בערכים המוגנים במקרה זה ולמדיניות הענישה הנוהגת מצאתי כי מתחם העונש ההולם הכולל הוא בין 7 ו- 15 חודשי מאסר בפועל, לצד קנס ומאסר על תנאי.",train
מהו העיקרון המנחה בענישה שנלקח בחשבון בעת קביעת מתחם העונש ההולם?,"מתחם העונש ההולם נקבע בהתאם לעקרון המנחה בענישה, היינו קיומו של יחס הולם בין חומרת מעשה העבירה בנסיבותיו ומידת אשמו של הנאשם, לבין סוג ומידת העונש המוטל עליו, תוך התחשבות בערך החברתי אשר נפגע, במידת הפגיעה בו, בנסיבות הקשורות בביצוע העבירה ובמדיניות הענישה הנהוגה.",train
מהי ההבהרה המשפטית שניתנה על ידי בית המשפט העליון לגבי הסדרי טיעון?,"יש להבהיר כי פסיקת בית המשפט העליון בקשר לטענות מסוג זה ברורה, ולפיה נקבע: \בעולמם של הסדרי טיעון, כאשר המילים והמשפטים, עליהם הוסכם בהסדר, נבחרו ונוסחו בקפידה כדי לשקף במדויק את ההסכמות ההדדיות אשר נועדו להבטיח את זכויות הנאשם מצד אחד, ואת האינטרס הציבורי באכיפת הדין הפלילי, מהצד השני – יש לאכוף את ההסדר ככתבו וכלשונו\"".""",train
מהי דרך המלך בעבירות מס לפי הפסיקה?,"בנוסף נתתי דעתי לכך שעל פי הפסיקה דרך המלך בעבירות הנדונות היא לגזירת עונשי מאסר ממשיים מאחורי סורג ובריח על מבצעיהן, בפרט כאשר המדובר בביצוע שיטתי של עבירות ו/או בביצוע עבירות בהיקף גבוה.",train
מהי הדרך המומלצת לעונש בעבירות אלו לפי פסיקת בית המשפט העליון?,"על פי פסיקת בית המשפט העליון, לאור הערכים המוגנים החשובים הנפגעים מעבירות אלה ולאור חשיבות ההרתעה, דרך המלך בעבירות אלה ובהיקפים ממשיים היא לגזירת עונש של מאסר מאחורי סורג ובריח.",train
מהו השיקול הרפואי שנלקח בחשבון בעת קביעת עונשו של הנאשם?,"בעת קביעת עונשו של הנאשם, יינתן משקל למצבו הבריאותי הכללי ולכך שהוא סובל מכאבים בחזה, סכרת, מחלת לב ועבר צנתור, ומטען רפואי נוסף.",train
כיצד משפיעים מאמצי הנאשמת לתיקון הנזק על הערכת הענישה?,"יש בה כדי להעיד על רצון וניסיון כן להביא לתיקון הנזק וכן ללמד על לקיחת אחריות ומזווית זו יזקפו מאמציה אלה של הנאשמת, כמו גם הסרת המחדל החלקית על ידה לזכותה בגדרי המתחם שנקבע.",train
מהי משמעות גילו הצעיר של הנאשם בהקשר לנסיבות הממתנות?,נסיבותיו המורכבות וגילו הצעיר של הנאשם בעת ביצוע העבירות הן משמעות ממתנת שבכך.,train
מהי העמדה השתרשה בפסיקה לגבי ענישת עברייני המס?,"על יסוד טעמים אלו, השתרשה בפסיקה העמדה, לפיה יש להשית על עברייני המס עונשי מאסר לריצוי בפועל וקנסות משמעותיים, תוך מתן משקל הבכורה לשיקולי ההרתעה והגמול והעדפתם על-פני נסיבותיו האישיות של העבריין.",train
מהו השיקול המרכזי שהשפיע על ההחלטה בעניינו של הנאשם?,"בשמים לב לגילו הצעיר, לתסקיר לעונש שהתקבל בעניינו ויתר הנסיבות.",train
מדוע יש לשקול את השיהוי בהגשת כתב האישום לאחר ביצוע העבירה?,"יש לשקול שמאז ביצוע העבירה חלפו כשלוש וחצי שנים וכתב האישום הוגש לאחר שנה וחצי ממועד האירוע, בשיהוי מסוים, וזאת על אף שהאירוע תועד במצלמות אבטחה.",train
מהו העיקרון המשפטי המנחה את בית המשפט בענישה בעבירות אי הגשת דוחות תקופתיים?,"כל מקרה יבחן על פי נסיבותיו ובסוג זה של עבירות אף בראי חשיבותה של ההרתעה הכוללת את הרתעת הנאשם והרתעת הרבים המקבלת בכורה על פני נסיבות אישיות של הנאשם (רע\פ 3998/15 פלוני נ' מדינת ישראל (28.6.2015)).""",train
מהו הערכת שירות המבחן לגבי דפוסי ההתנהגות של הנאשם והסיכון להישנות העבירות?,שירות המבחן מעריך כי הנאשם אינו מאופיין בדפוסים מרמתיים מושרשים ועל פי ההערכה הורתע מההליך המשפטי ומידת הסיכון להישנות ביצוע עבירות דומות מצדו פחתה.,train
מהו המשקל שניתן לחלוף הזמן והקושי של הנאשם להתמודד עם האישומים?,"הגם שלא בוסס קיומו של שיהוי ממשי הנופל לפתח המאשימה, יינתן משקל לחלוף הזמן והקושי הברור עבור הנאשם להתמודד משך שנים ארוכות עם החשדות והאישומים כנגדו.",train
מהי התועלת הכלכלית מביצוע העבירות המוזכרות?,זאת אף על מנת ללמד שאין אף תועלת כלכלית מביצוע העבירות.,train
כיצד יש להבין את מידת הפגיעה בערכים המוגנים בעבירות הנדונות?,"הגם שבעבירות הנדונות מכונות לעיתים \עבירות טכניות\"", מידת הפגיעה בערכים המוגנים הנגרמת מביצוען איננה טכנית כלל ועיקר.""",train
מה ניתן ללמוד מעונשי מאסר משמעותיים שנקבעו בעבירות מס?,"מעיון בפסיקה ניתן לומר, בראייה כוללת, כי עונשי מאסר משמעותיים, שלא לריצוי בעבודות שירות, נקבעו בסוג העבירות הנדון, בעיקר מקום בו דובר בסכומי מס ממשיים והתנהלות שיטתית מצד הנאשם, לצד אי הסרת מחדלים.",train
מהי חשיבות ייחודיות המקרה בהקשר להרתעת הרבים?,"בקשר להרתעת הרבים יש לזכור את ייחודיות המקרה כחלק מהפרשה הרחבה אשר נחקרה על מאפייניה הייחודיים, והביאה לשינוי בהתנהלות היהלומנים והכללים בעניינם.",train
מהו הפוטנציאל הפגיעה שנגרם כתוצאה מהירי באזור מגורים בשעת ערב?,"בניתן המפורט לעיל, ובכלל זאת קשירת הקשר, התכנון והערכות המוקפדת לביצוע בצוותא חדא על רקע סכסוך אלים ופעיל, חלקו הממשי של כל אחד מהנאשמים, וביצוע הירי באזור מגורים, בשעת ערב, על פוטנציאל הפגיעה שבכך – ברי כי הפגיעה בערכים המוגנים גם במקרה זה משמעותית.",train
אילו ערכים נפגעו במעשיו של הנאשם במקרה זה?,"במקרה הנדון, במעשהו פגע הנאשם בערכים המגנים על בטחונו, שלומו ושלוות נפשו של אדם.",train
מה ההשפעה של אי הגשת דוחות במועד על קופת הציבור?,"פעמים רבות ביצוען של העבירות הנדונות מביא לחסר של ממש בקופה הציבורית שלא ניתן להפריז בחשיבות חוסנה לציבור בכללותו, וכן כי כפי שטען ב\כ המאשימה, הגשת דוחות באיחור (כמו גם אי ניהול ספרים ורישום תקבולים) אף פוגעים ביכולתו של פקיד השומה לשום שומת אמת (רע\""פ 9/09 מזרחי נ' מדינת ישראל (6.1.2009)).""",train
מה ניתן ללמוד מכתב האישום המתוקן לגבי תכנון מוקדם של העבירות שביצעו הנאשמים?,"ממבט על בכתב האישום המתוקן ניתן ללמוד כי העבירות שבביצוען הורשעו הנאשמים בוצעו תוך תכנון מוקדם, וחלקן בשיטתיות, כשמטרת ביצוען הפקת רווח כלכלי, גם אם סכומי העבירות נמוכים יחסית לתיקים אחרים בפרשה, ואין לקבל את טענת ההגנה לפיה הסיטואציה עולה כמעט כדי טעות במצב הדברים.",train
מהו השיקול שהוביל את בתי המשפט לסטות ממתחם העונש ההולם?,"שיקולים מעין אלה אף הביאו את בתי המשפט, בנסיבות המיוחדות של התיקים אשר נדונו בפניהם לסטות ממתחם העונש ההולם.",train
מהן הנסיבות שיכולות להוביל לסטייה ממתחם העונש שנקבע?,במקרה דנן לא מתקיימות נסיבות לסטייה לקולא או לחומרה ממתחם העונש אשר נקבע.,train
מהי הסיבה לגזר דין ברף התחתון של המתחם למרות אי הסרת המחדל?,"בהסכמת המאשימה ולאור הנסיבות המיוחדת מצאתי לגזור את דינו ברף התחתון של המתחם למאסר על תנאי, חרף אי הסרת המחדל, לצד קנס והתחייבות.",train
כיצד משפיע מצב כלכלי של הנאשם על אפשרות הטלת עבודות שירות?,"גם עונש של עבודות שירות יביא להכבדה עליהם, בפרט אף בראי המצב הכלכלי של הנאשם ובני משפחתו (ובכלל זאת אמו ורעייתו) והעובדה שהנאשם עובד כיום ומשתכר כ- 9,000 ₪ בחודש ובסכום זה מכלכל את משפחתו ומשלם את הסכום אשר נקבע לטובת נושיו.",train
מהו האפקט של חלוף הזמן על ההרתעה שבענישה?,"בקשר לחלוף הזמן ולשיהוי יש לתת את הדעת גם לכך שאפקטיביות ההרתעה שבענישה בדמות מאסר מאחורי סורג ובריח לאחר שנים כה רבות נפגעת, ומוגבלת גם ביחס להרתעת הרבים.",train
מהו הנזק שנגרם לקופה הציבורית ממעשי הנאשם לפי שומת רשות המסים?,"עם זאת, לא ניתן להתעלם מכך שלנאשם הוצאה שומה לפי מיטב השפיטה על ידי רשות המסים, ועל פיה קיים מחדל אזרחי ונגרם נזק לקופה הציבורית ממעשי הנאשם.",train
מהן הנסיבות שלא מצדיקות חריגה לקולא ממתחם העונש ההולם במקרה של הנאשם?,בעניינו של הנאשם לא מתקיימות נסיבות המצדיקות חריגה לקולא ממתחם העונש ההולם (הבחינו עמ' 17 לעת/3).,train
מדוע לא ניתן לחרוג לקולא ממתחמי הענישה במקרה זה?,"במקרה זה אין מקום לחריגה לקולא או לחומרה ממתחמי הענישה שנקבעו חרף עתירת ההגנה לחריגה לקולא משיקולי שיקום – בבירור, נסיבות העניין אינן מצדיקות זאת.",train
באילו נסיבות צריכה להתקבל עתירה לביטול הרשעה בעבירות מסוג זה?,"בעבירות מסוג זה, קבלת עתירה לביטול הרשעה צריכה להיעשות במשורה, ובנסיבות יוצאות דופן וחריגות עד מאוד, בשל מאפייני העבירה, המניע הכלכלי שבבסיסה, והקשיים בגילוי עבירות מסוג זה.",train
מהו השיקול המשפטי שקשור לאי חקירת בעל חברת פרסום מלין בהקשר להליך המשפטי נגד הנאשם?,"טענות ההגנה יבואו בין שיקולי במידה מתאימה לצד הטענה לאפליה מפי הנאשם בכך שבעל חברת פרסום מלין, שבין היתר בגין ניכוי חשבוניות כוזבות על שמה הורשע הנאשם, לא נחקר באזהרה.",train
"מהו השיקול המרכזי בקביעת העונש לנאשם בעבירות מס, בהתחשב בנסיבות אישיות?","בעת קביעת העונש לנאשם ואופן ריצויו, נתתי דעתי לכך שבמקרים רבים עברייני המס הם אנשים נורמטיביים ביתר תחומי חייהם, בעלי מידות טובות ונעדרי עבר פלילי, וכאמור על פי הפסיקה, שיקולי אינטרס ציבורי בדמות שיקולי הרתעה ובכללם הרתעת הרבים מקבלים בכורה בסוג זה של עבירות על פני נסיבות אישיות, כשדרך המלך בעבירות מהסוג דנן היא לגזירת עונשי מאסר לריצוי מאחורי סורג ובריח (ע\פ 9004/18  יצחקי נ' מדינת ישראל (31.12.2018)).""",train
כיצד יש לבחון את מידת הפגיעה בערכים המוגנים במקרה של הנאשם?,"מבלי להתעלם מהאמור, במקרה זה יש לבחון את עניינו של הנאשם הנדון, ומידת הפגיעה בערכים המוגנים ממעשיו שלו ובשים לב לסוג ואופי העבירות בביצוען הורשע הוא בנסיבותיהן.",train
מה משפיע על מדיניות הענישה בעבירות מס לפי הפסיקה?,"מעיון בפסיקה עולה כי מדיניות הענישה כנגד המבצעים עבירות מהסוג הנדון מושפעת בדרך כלל מהשיטתיות שבמעשים והיקפם, מהנזק שנגרם לאוצר המדינה, כמו גם מהסרת המחדל מושא כתב האישום.",train
מהו עיקרון השוויון בפני החוק וכיצד הוא משפיע על אחידות הענישה?,"כידוע, כלל אחידות הענישה נגזר מעיקרון היסוד בדבר השוויון בפני החוק.",train
"מהן שתי התכליות להתחשבות בהסרת המחדל בעבירות מס, כפי שנקבע בפסיקה?","ברע\פ 7851/13 חדר עודה נ' מדינת ישראל (3.9.2015) ציין כב' השופט מלצר כי להתחשבות בהסרת המחדל שתי תכליות,  האחת סילוקו של המחדל והשלמת החסר לקופת המדינה והטבת הנזק והשנייה עידוד הבעת חרטה וקבלת אחריות של הנאשם.""",train
כיצד משפיעה מידת הפגיעה בערכים המוגנים על הערכת מעשיה של הנאשמת?,"עם זאת, בראי הנסיבות שפורטו לעיל, מידת הפגיעה בערכים המוגנים ממעשיה איננה ברף הגבוה.",train
מהו המרחב של הגמישות הנתון לבית המשפט בהקשר של ענישה?,"אין המדובר בעניין אריתמטי ולבית המשפט נתון בהקשר זה מרחב מסוים של גמישות (ר' בע\פ 3877/16 ג'אבלי נגד  מדינת ישראל (17.11.2016) ועפ\""ג 12063-04-15 בראונר נ' מדינת ישראל (20.07.2015)).""",train
מדוע ישנה חשיבות לעונש כלכלי בעבירות שוחד ושחיתות ציבורית?,אין צורך להכביר מילים בדבר חשיבותה של ענישה כלכלית כאשר עסקינן בעבירות שפוטנציאל רווח כלכלי בצדן בכלל ועבירות שחיתות ציבורית ושוחד בפרט.,train
מה מלמדות הנסיבות הכוללות על רף החומרה של העבירות המיוחסות לנאשם?,"הימשכותו של האירוע, גם אם החל באופן ספונטני, כמו גם הנסיבות הכוללות שפורטו, מלמדים על רף חומרה בינוני בערכים המוגנים בעבירות.",train
מהי הסיבה לדחיית טענת הכורח של הנאשם בהקשר למעשי המרמה בחנות השעונים?,"נדחתה טענת הכורח של הנאשם על פי המפורטים בהכרעת הדין, תוך שציינתי, בין היתר, כי המרמה בחנות השעונים בוצעה על ידי הנאשם באופן אקטיבי ויעיל, והוא אף בחר להתמקח עם המוכרת על מחיר השעון על מנת \להישמע אמין וטבעי בעת ביצוע ההונאה\"" כדבריו.""",train
מהו תפקיד הסרת המחדלים בשיקולי הענישה בעבירות אלו?,"הסרת המחדלים מהווה שיקול רלבנטי לקולא מבין שיקולי הענישה בסוג זה של עבירות, הגם שהסרת המחדל איננה מעשה של חסד מצד הנאשם.",train
מהן הנסיבות המיוחדות שלא התקיימו במקרה זה והובילו לקביעת העונש?,"אשר לקביעת עונשו הקונקרטי של הנאשם, לא מתקיימות במקרה זה נסיבות מיוחדות המצדיקות חריגה ממתחם העונש ההולם על פי תיקון 113 לחוק העונשין.",train
מה יש לקחת בחשבון בעת קביעת מתחם העונש?,"במסגרת קביעה זו יש לתת את הדעת לערכים המוגנים אשר נפגעו ומידת הפגיעה בהם, לנסיבות ביצוע העבירות ולענישה הנוהגת.",train
כיצד יכולה התייחסות סלחנית לאי קיום הוראות החוק להשפיע על ציבור משלמי המסים?,התייחסות סלחנית לאי קיום הוראות החוק יביא אף להיעדר המוטיבציה של כלל ציבור משלמי המסים להודיע על תחילת התעסקותם.,train
מהי ההבחנה המוצדקת בענישה בין נאשמים 2 ו-3 בהתחשב בתקופות ביצוע העבירות?,נתתי דעתי גם להבחנה המוצדקת והנכונה בענישה בין נאשמים 2 ו- 3 בשים לב לתקופות ביצוע העבירות על ידם.,train
כיצד השפיעה השתלבות הנאשם בטיפול על הערכת שירות המבחן לגבי עונשו?,"לצד זאת, נתתי דעתי לדרך שעשה הנאשם מאז התסקיר הראשון בהשתלבותו בטיפול, וכן להערכת שירות המבחן כי טיפול ייעודי בתחום האלימות במשפחה עשוי להפחית את הסיכון במצבו.",train
כיצד משפיעים שיקולים שונים על קביעת מתחם הענישה?,"כידוע, מתחם הענישה אינו עניין אריתמטי פשוט אלא מגלם הכרעה ערכית המבוססת על שיקולים שונים שמדיניות הענישה היא רק אחד מהם, כשעצם העובדה שלעולם יוכל כל צד למצוא פסקי דין התומכים בעמדתו מלמדת כי אין המדובר במדד מדויק (ע\פ 3877/13  ג'אבלי נ' מדינת ישראל (17.11.2016), עפ\""ג (ת\""א) 12063-04-15 בראונר נ' מדינת ישראל (20.07.2015)).""",train
כיצד משפיעים היקף המחזורים של הנאשמת על רף החומרה של העבירות שביצע הנאשם?,"גם שהמדובר בשש עבירות אשר בוצעו על ידי הנאשם, אין המדובר ברף חומרה גבוה ביותר, נוכח היקף המחזורים של הנאשמת בשנות המס הרלבנטיות וכן העובדה שלא עלתה כל חבות במס מהדוחות לצד הסרת המחדלים.",train
מהו אופי הענישה הנוהגת בעבירות מסוג זה ומה משמעות הסרת המחדל?,"על פי הענישה הנוהגת, הענישה בעבירות מסוג זה היא ממשית ומוחשית, להסרת המחדל נודעת משמעות רבה, ובאופן רגיל, משלא מוסרים המחדלים, כוללת הענישה עונש מוחשי של מאסר בפועל, לעיתים בעבודות שירות ובמקרים חמורים יותר מאחורי סורג ובריח, לצד קנסות ומאסר מותנה מרתיע.",train
מהן הגורמים המשפיעים על מדיניות הענישה בעבירות אי הגשת דוחות תקופתיים?,"לעניין מדיניות הענישה בעבירות אלה, זו מושפעת בין היתר מהשיטתיות שבמעשים והיקפם וכן מהנזק שנגרם לאוצר המדינה מביצוען, כמו גם מהסרת המחדל מושא כתב האישום.",train
מהן הנסיבות שגרמו לכך שלא ניתן לחרוג מהמתחם שנקבע בעניינו של הנאשם 2?,במקרה דנן לא מתקיימות נסיבות לחריגה לקולא או לחומרה מהמתחם שנקבע.,train
מהי השאלה שיש להידרש אליה בעת קביעת מתחם הענישה בנוגע ליכולת הכלכלית של הנאשם?,בעת קביעת המתחם יש להידרש גם לשאלת יכולתו הכלכלית של הנאשם.,train
מהו העיקרון המנחה בענישה בעבירות כלכליות לאור הפיתוי והקושי בגילוין?,"בפסיקה עקבית לאורך שנים נקבע כי נוכח הפיתוי שבביצוען לצד הקושי הגדול שבגילוין, תינתן בכורה בענישה בעבירות מסוג זה לאינטרס הציבורי.",train
מהי החשיבות של שלב ההודאה של הנאשם על הענישה?,ברור שקיימת משמעות לשלב בו לוקח נאשם אחריות על מעשיו ומודה.,train
כיצד משפיע המצב הכלכלי של הנאשם על קביעת מתחם הקנס?,"בבר באינטרס הציבורי ובכורתו במקרים מסוג זה, תוך התחשבות במצבו הכלכלי של הנאשם מצאתי להעמיד את מתחם הקנס בין אלפי ₪ ל- 10,000 ₪ בגין כל אירוע.",train
מהו החשש הקשור לעונש מאסר מאחורי סורג ובריח עבור הנאשם?,"קיים חשש שעונש מאסר מאחורי סורג ובריח במסגרת בו תיווצר לנאשם נקודת חיכוך עם סביבה עבריינית יביא להתדרדרותו, דבר שכמובן לא ישרת את האינטרס הציבורי במובנו הרחב.",train
מהו העונש הרגיל המוטל על עבירות שנעברו בשיטתיות ובסכומי מס גבוהים?,"ניתן ללמוד כי באופן רגיל מדיניות הענישה היא מוחשית וכוללת עונשי מאסר משמעותיים לריצוי מאחורי סורג ובריח, בעיקר מקום בו לא הוסרו המחדלים ובהם דובר בעבירות אשר נעברו בשיטתיות ו/או בסכומי מס גבוהים.",train
אילו ערכים חברתיים מוגנים על ידי עבירות המס ומהי חשיבותם?,"עבירות אלה באות להגן על ערכים חברתיים שחשיבותם ראשונה במעלה למרקם החברתי במדינה, ביניהם בערך השוויון ואמון הציבור.",train
מהו הפגם שהתנהל בעניינו של הנאשם אשר מצדיק הקלה בעונשו?,יחד עם זאת – בהתנהלות רשויות אכיפת החוק בעניינו של הנאשם נפל פגם המצדיק הקלה בעונשו.,train
כיצד משפיעה המרמה על ערך השוויון בביצוע העבירות?,"מביצוען של העבירות מהסוג הנדון, אשר בוצעו תוך שימוש במרמה עורמה ותחבולה נפגע ערך השוויון.",train
מהן השיקולים שנלקחו בחשבון לקביעת מתחם הענישה בעבירות אלו?,"לשם קביעת מתחם הענישה, בחנתי את הענישה הנוהגת בסוג זה של עבירות ובמקרים שנסיבותיהן דומות ואת הפסיקה אליה הפנו הצדדים.",train
מהו סוג הסם שבו סחר הנאשם ומהן השפעותיו על גוף האדם?,"בעת בחינת הנסיבות יש לתת את הדעת לסוג הסם בו סחר הנאשם, קנבינואיד סינטטי, שהוא חומר פסיכו- אקטיבי בעל השפעות התמכרותיות משנות תודעה, מצב רוח, ערות, התנהגות ותפיסה, שהשפעתו על גוף האדם היא קשה וחמורה יותר מזו של צמח הקנביס (ראו: ת\פ (חי') 9572-01-15 מדינת ישראל נ' ותד  (3.6.2015)) (להלן: \""עניין ותד בבית המשפט המחוזי\""), וכי מאפייניו של סם מסוג  ALFA-PVPמלמדים על מסוכנות העולה על זו של סמים כגון מריחואנה (ראו: ע\""פ 4915/15 ותד ואח' נ' מדינת ישראל (2.11.2015)) (להלן: \""עניין ותד בבית המשפט העליון\"").""",train
כיצד השפיע מצבו הכלכלי של הנאשם על קביעת מתחם הקנס?,"בעת קביעת מתחם הקנס שקלתי גם את מצבו הכלכלי הנטען של הנאשם, ואת המסמכים שהוגשו בהקשר זה - ענ/1, המלמד על חובות בסך של כ- 517,000 ₪ לנאשם נכון ליום 6.12.2020, וענ/2 דרישה והודעה לתשלום חובות מס הכנסה בסך 17,769 ₪.",train
מהי ההבחנה בין כוח המיקוח של הצדדים למתחם הענישה הנורמטיבי?,"בית המשפט העליון הבהיר את ההבחנה בין טווח ענישה, המשקף את כוח המיקוח של הצדדים, לבין מתחם ענישה המשקף קביעה נורמטיבית של בית המשפט.",train
מהי מידת הפגיעה בערכים המוגנים במקרה זה?,"מן האמור עולה כי מידת הפגיעה בערכים המוגנים במקרה דנן הגם שאיננה מבוטלת, איננה ברף הגבוה.",train
מהי טענת ההגנה בנוגע לקביעת מתחם ענישה שתקרתו גבוהה מהעונש המוסכם?,"נוכח המפורט לעיל, טענת ההגנה לפיה אין לקבוע מתחם ענישה שתקרתו גבוהה מהעונש אליו הגבילה עצמה המאשימה בהסדר הטיעון נידחת.",train
מדוע לא ניתן לנאשם הקלה בעונש למרות המחדל הכספי שנגרם?,"המדובר בהקלה שאיננה מובנת מאליה בשים לב לכך שהנאשם לא פעל להסרת ולו חלק מהמחדל הכספי לו גרם במעשיו, כשבדרך כלל מי שאינו פועל לתיקון הנזק לו גרם או חלקו בפן הכלכלי אינו זכאי לאותה הקלה ממשית בדמות מיקום העונש בתחתית תחתיתו של מתחם הענישה, הניתנת במקרים מתאימים.",train
מהו תפקיד שיקולי ההרתעה בעבירות הנדונות?,"שקלתי גם שיקולי הרתעה שחשיבותם נודעת בעבירות הנדונות, הנובעת גם מהמסוכנות האינהרנטית לצידן.",train
מה יש לשקול בעת בחינת נסיבות ביצוע העבירות?,בעת בחינת נסיבות ביצוע העבירות יש לשקול את הרקע והסביבה בה בוצעו.,train
כיצד השפיעה קריסתה הכלכלית של הנאשמת על אי העברת כספי הניכויים?,"עוד נתתי דעתי לכך שהעבירות בוצעו על רקע קריסתה הכלכלית של הנאשמת ובחודשי פעילותה האחרונים, כשהמדובר בחמישה חודשי פעילות - הגם שקשיים כלכליים והרצון להציל את הנאשמת ופעילותה אינם מהווים הצדק לאי העברת כספי הניכויים או עיכובם (עניין ברקאי).",train
מדוע עבירת המס שביצע הנאשם נחשבת לעבירה מסוג פשע?,עבירת המס שביצע הנאשם היא עבירה מסוג פשע אשר באה להגן על ערכים חברתיים בסיסיים וחשובים למרקם החברתי במדינה.,train
"מהו ההסבר לכך שעבירה מסוג זה נחשבת לחמורה למרות שהיא מכונה \עבירה טכנית\""?""","הגם שעבירה מסוג הנדון מכונה פעמים רבות \עבירה טכנית\"" והיא מהעבירות החמורות פחות על פי פקודת מס הכנסה, במקרים רבים גורר ביצועה גם פגיעה בקופת המדינה ובכך בכל אחד ואחת מאזרחיה, ואף מביא לפגיעה בשוויון בנטל תשלום המסים.""",train
כיצד משפיעה העובדה שלא הוצאו חשבוניות על דרגת החומרה של העבירות שביצעה הנאשמת?,"בענייננו לעומת זאת, הגם שלא הוצאו חשבוניות בגין מכירת זכויות על ידי החברות, ועסקאות אלה לא דווחו ולא שולם מע\מ בגינם, ועל אף ערבוב פעילות וכספי החברות, ועבירות המס הנוספות אשר בוצעו, אין מדובר בהתנהלות מרמתית אקטיבית העולה כדי דרגת החומרה שבשימוש בחשבוניות פיקטיביות, ומדובר בהבחנה בעלת משמעות מסוימת בעת קביעת מתחם הענישה.""",train
מהי משמעות הסרת מחדלים בעבירות מס על שיקולי הענישה?,"כידוע, להסרת מחדלים בסוג זה של עבירות נודעת משמעות רבה לקולה בין שיקולי הענישה, וללא הסרת מחדלים, גם אם בשל העדר יכולת כללית, נגזרים בדרך כלל על נאשמים בעבירות הנדונות עונשי מאסר לריצוי מאחורי סורג ובריח לצד קנסות ממשיים – כאמור – זוהי דרך המלך בסוג זה של עבירות גם כאשר מתקן נאשם את הנזק הכספי לו גרם במעשיו.",train
מדוע קביעת מתחם העונש ההולם אינה עניין אריתמטי?,עוד נפסק כי קביעת מתחם העונש ההולם איננה עניין אריתמטי וכי לבית המשפט נתון בהקשר זה מרחב מסוים של גמישות שאין להתערב בו בייחוד אם העונש שנגזר בסופו של יום אינו חורג מן הראוי וההולם.,train
מהי הסיבה לכך שטענות הסנגור נגד הפעלת המאסר המותנה לא התקבלו?,על אף טענות הסנגור לפיהן אין מקום להפעלת המאסר המותנה מטעמים שונים הנוגעים אף להגנה מן הצדק אינני מוצאת לקבל הטענות.,train
מדוע יש מקום לסטות ממתחם העונש ההולם במקרה של הנאשם?,"בשל נסיבות מיוחדות אלה, מאפייניו של הנאשם אשר פורטו בהרחבה לעיל ובתסקירים, לצד עמדת שירות המבחן ביחס לעונש מאסר לנאשם, מסקנתי היא כי בהינתן שהעונש היחיד אותו ניתן לגזור על הנאשם בנסיבותיו הוא מאסר בפועל של ממש, יש מקום לסטות ממתחם העונש ההולם על מנת שלא לחבל בסיכויי שיקומו.",train
מהו העונש המומלץ לנאשם בהתחשב בנסיבותיו הקונקרטיות?,"מבחינת נסיבותיו הקונקרטיות של הנאשם, לטעמי, נכון וראוי היה לגזור את עונשו למאסר לריצוי בעבודות שירות לתקופה בת מספר חודשים.",train
מדוע לא נעתר בית המשפט לעתירת ההגנה להטיל עונש קל יותר על הנאשם?,"נתתי דעתי לעתירת ההגנה להסתפק במקרה זה בענישה צופה פני עתיד לצד קנס נמוך או להשית על הנאשם שירות לתועלת הציבור, לאור הקושי הנטען בגילו של הנאשם למצוא עבודה וכן לאור מצבו הכלכלי, אך לא מצאתי להיעתר לבקשה.",train
מה השיקולים שהובילו להחלטה שלא לגזור על הנאשם עונש מאסר בעבודות שירות?,"הגם שניתן לחשוב שבנסיבותיו של הנאשם ומעשיו ניתן לגזור עונש של מאסר קצר לריצוי בעבודות שירות, אינני סבורה כי ראוי, נכון וצודק לגזור עליו עונש מאסר שירוצה מאחורי סורג ובריח בשים לב לסוג העבירות בהן הורשע, להסרת המחדל המלאה על ידו ויתר הנסיבות שפורטו לעיל, זאת בפרט כאשר העובדה שהנאשם אינו יכול לבצע עבודות שירות נובעת מהעילה לפי סעיף 51(ב1)(2) לחוק העונשין, ולאחר שקיימתי את הדיון במעמד צד אחד, שהפרוטוקול שנערך באותו דיון יופקד בכספת מזכירות בית המשפט.",train
מדוע דחה בית המשפט את הטענה לגבי מתחם הענישה שנקבע על ידי בית המשפט המחוזי?,"בעניין זעילה דחה בית המשפט את הטענה לפיה שגה בית המשפט המחוזי משקבע מתחם ענישה שתקרתו גבוהה מהעונש שהוסכם שהמדינה רשאית לטעון לו, וציין כי קבלת הטענה מסוג זה משמעה שלילת שיקול הדעת של בית המשפט, והיא מנוגדת להלכה הפסוקה.",train
מדוע יש משמעות רבה להסרת המחדלים בעבירות אי הגשת דוחות תקופתיים לעניין הענישה?,"כידוע, להסרת המחדלים בסוג זה של עבירות משמעות רבה לעניין הענישה.",train
מהי הסיבה לחומרת עבריינות המס והשפעתה על הכלכלה והחברה?,"בית משפט זה חזר ועמד על חומרתה של עבריינות המס, אשר נובעת מפגיעתה הקשה במשק, בכלכלה ובמגוון היבטים חברתיים הנוגעים לנטל תשלום המיסים, כמו גם מהקושי הרב שבחשיפתה.",train
מהו העונש הנוטים בתי המשפט לגזור כאשר לא הוסרו המחדלים?,"אמנם בדרך כלל, מקום בו לא הוסרו המחדלים, נוטים בתי המשפט לגזור על נאשמים עונשים ממשיים בדמות מאסר לריצוי בעבודות שירות, ואף מאסר מאחורי סורג ובריח.",train
מהו השיקול המרכזי שנלקח בחשבון בעת קביעת מתחם הענישה עבור הנאשם?,"בעת קביעת מתחם הענישה, נתתי דעתי לסוג העבירות בביצוען הורשע הנאשם, לתקופת ביצוען החופפת אלה את אלה והתפרסותן על פני תקופה קצרה יחסית.",train
מהי הגישה המומלצת בעבירה הנדונה לפי בית המשפט העליון?,"בית המשפט העליון שב וקבע כי בעבירה הנדונה יש לנקוט ביד קשה, וראוי להעדיף שיקולים של הרתעה כללית והגנה על שלום הציבור על פני נסיבות אישיות.",train
כיצד משפיע סוג הרכוש שהנאשם קיבל על מידת הפגיעה בערכים המוגנים ממעשיו?,"בששים לב לסוג הרכוש שקיבל הנאשם לידיו, ולעובדה שהנאשם לא הורשע בביצוע ישיר של הגניבה, מידת הפגיעה בערכים המוגנים ממעשיו היא ברף הבינוני - נמוך.",train
כיצד השפיע האינטרס הציבורי על ההחלטה בעניינו של הנאשם?,"לאחר ששקלתי את כלל המפורט לעיל ונתתי אף משקל לנסיבותיו האישיות המורכבות של הנאשם ולמצבו הכלכלי, אך מבלי להתעלם מהכלל לפיו בסוג זה של עבירות מקבל האינטרס הציבורי בכורה על פני נסיבות אישיות",train
מהו המצב המשפטי בנוגע לקביעת מאסר על תנאי בלבד בעניינם של הנאשמים?,לא סבורה כי עיקרון ההלימה מאפשר קביעת מאסר על תנאי בלבד כרף תחתון של מתחם הענישה בעניינם של מי מהנאשמים.,train
מדוע נועדו עבירות המרמה להגן על חופש הרצון של המתלונן במקרה זה?,"עבירות המרמה נועדו בין היתר, להגן על חופש הרצון, חופש הפעולה וחופש הבחירה של המרומה - במקרה הנדון המתלונן שהינו בעל עסק.",train
מהי הסיבה להעדיף ענישה קולא לנאשמת שניהלה עסקים נרחבים ללא עבירות קודמות?,"להתרשמותי, מן הראוי לדון את הנאשמת שניהלה עסקים נרחבים משך שנים ללא כל עבירה ממין העניין לכף קולא, תוך מתן הזדמנות אמיתית לשיקומה.",train
מהו העיקרון המשפטי המאפשר גזירת ענישה לריצוי בעבודות שירות למרות הצורך בהרתעת הרבים?,במקרים מתאימים ניתן לגזור ענישה לריצוי בעבודות שירות חרף חשיבות הרתעת הרבים.,train
מהו המידע שמצביע על מחויבות הנאשם לשיקום למרות הרשעתו בתיק הקודם?,חלוף הזמן מאז תחילת הטיפול והתמדת הנאשם בו מלמד כי המדובר במי שמחוייב באופן אמיתי לשיקום ומבקש לחולל שינוי בהתנהלותו ותפיסותיו וראוי ונכון ליתן לו הזדמנות שניה למרות הרשעתו בתיק הקודם על כל המשתמע ממנה.,train
מדוע הוראות תיקון 113 לחוק העונשין אינן סותרות את גישת האיזון הראוי?,הוראות תיקון 113 לחוק העונשין אינן עומדות בסתירה לגישת האיזון הראוי וכי הערכאה הדיונית מוסמכת ונדרשת לבחון הסדרי טיעון על רקע מתחם הענישה ההולם.,train
מהי מדיניות הענישה הכללית בעבירות מסוג זה ומה משפיע עליה?,"מדיניות הענישה בגין ביצוע עבירות מסוג זה היא מחמירה בדרך כלל ומושפעת ממידת התחכום, משך ביצוע העבירות, השיטתיות שבביצוען וסכומי המס אשר נגזלו מהקופה הציבורית.",train
מהי השפעת יכולתו הכלכלית של הנאשם על קביעת מתחם הקנס?,בעת קביעת מתחם הקנס יש להידרש גם לשאלת יכולתו הכלכלית של הנאשם.,train
מהו ההיקף של החשבוניות שהתקבלו ומה הייתה מטרת מעשי הנאשם?,"לצד זאת לא ניתן להתעלם כאמור מההיקפים האדירים של החשבוניות אשר התקבלו ובפרט הוצאו על ידי הנאשם ומכך שמעשיו של הנאשם נעשו במטרה לעזור לאחר להתחמק ממס, בין אם אלה עזרו בסופו של יום, וגרמו לנזק בפן הכלכלי ובין אם לאו.",train
מהו מתחם העונש ההולם שנקבע בעניין בראונר?,"חשוב לציין בהקשר זה כי כפי שנקבע בעפ\ג 12063-04-15  בראונר נ' מדינת ישראל [פורסם בנבו] (20.7.2015) (להלן: \""עניין בראונר\"") על ידי כב' הנשיאה ברלינר: בנסיבות אלה סבורני כי מתחם העונש ההולם בגין האירוע הנדון בנסיבותיו הוא בין 6-20 חודשי מאסר בפועל, אשר בכפוף לחוות דעת הממונה על עבודות שירות, ברף התחתון, יכול וירוצו בעבודות שירות.""",train
מהי החשיבות של כיבוד הסדרי טיעון בהקשר של האינטרס הציבורי והאפקטיביות שבהרתעה?,"שקלתי את המפורט לעיל, ובכלל זאת את האינטרס הציבורי שבבסיס הסדרי טיעון וחשיבות כיבודם, כמו גם את חשיבות סיום ההליך הנדון בסמוך להגשתו לשם קידום האפקטיביות שבהרתעה ובענישה.",train
מדוע קושי כלכלי אינו מהווה צידוק לביצוע העבירות?,"לבד מהעובדה שלא הוצגה בפני כל ראיה לאמור, יש לזכור שקושי כלכלי אינו מהווה צידוק לביצוע העבירות והוא אינו בעל משקל משמעותי לקולא בפרט מקום בו מדובר בביצוע שיטתי של העבירות על פני 5 שנות מס כמו בענייננו.",train
כיצד השפיעה שיתוף הפעולה של הנאשם בחקירה על הענישה?,"יש לתת את הדעת לכך שהנאשם שיתף פעולה בחקירה, חסך זמן שיפוטי והודה בביצוע העבירות ואת אלה יש לזקוף לזכותו.",train
מהו המשקל שניתן להפקדת הפיצוי לטובת נפגעת העבירה בהקשר של חרטה ונטילת אחריות?,"כשבנוסף מצאתי לתת משקל לא מבוטל להפקדת הפיצוי בסך לא מבוטל של 50,000 ₪, לטובת נפגעת העבירה מבעוד מועד, כשבכך יש כדי ללמד גם על מידה של הפנמה, חרטה ונטילת אחריות שאיננה רק מהפה החוצה, וכי הצער שהביע בדבריו לעונש הוא אותנטי, תוך שביקש הזדמנות לשקם את חייו.",train
מהו המשקל שיש ליתן לשיקולים המנויים בסעיף 40יא לחוק העונשין בהקשר להליך המשפטי?,"על כן, אין באמור כדי ללמד שאין ליתן כל משקל, באופן אוטומטי, לכלל השיקולים הרלבנטיים המנויים בסעיף 40יא לחוק העונשין.",train
מהו ההסבר לכך שהליכי כופר אינם משפיעים על קביעת מתחם הענישה?,אינני מוצאת  כי הליכי כופר בנסיבות מסוימות משפיעים על קביעת מתחם הענישה מאחר שבהליכי כופר סכום העבירה אינו חזות הכל.,train
מהי דרך המלך בעבירות מס חמורות מבחינת הענישה?,"דרך המלך בעבירות אלה היא לגזירת עונשי מאסר מאחורי סורג ובריח לאור חומרת העבירות, חשיבות ההרתעה ובכללה הרתעת הרבים, ובכורתו של האינטרס הציבורי על פני נסיבות אישיות.",train
מהו המגבלות בהתחשבות בנסיבות האישיות של הנאשם במקרה זה?,"המפורט אינו מאפשר התחשבות משמעותית ומקסימלית בנסיבותיו האישיות המורכבות של הנאשם, מבלי להקל בהן ראש.",train
כיצד מתבטאת הגמישות של בית המשפט בקביעת מתחם העונש?,"אין המדובר בעניין אריתמטי ולבית המשפט נתון בהקשר זה מרחב מסוים של גמישות (ר' בע\פ 3877/16 ג'אבלי נגד  מדינת ישראל  (17.11.2016).""",train
מדוע התייחסות סלחנית לאי קיום הוראות החוק עלולה להשפיע על ציבור משלמי המסים?,התייחסות סלחנית לאי קיום הוראות החוק תביא להיעדר  המוטיבציה של כלל ציבור משלמי המסים לדווח ולשלם מסיהם כנדרש.,train
מהו הגורם המשפיע על גובה הקנס שיש לגזור במקרה של אי דיווח על פי כתב האישום?,גובה הקנס שיש לגזור מושפע גם מסכום המס מושא כתב האישום וממשך אי הדיווח.,train
מהו המידע שמצביע על התנהלות שיטתית של הנאשמים בביצוע העבירות?,אין ספק כי נתונים אלה מלמדים על התנהלות שיטתית של הנאשמים בביצוע העבירות ועל פגיעה ממשית בערכים המוגנים מביצוען.,train
כיצד השפיעה עמדת המתלוננת על שיקוליי בית המשפט בקביעת העונש?,"אמנם, אין להתעלם מכך שעל פי התסקיר הראשון התרשם שירות המבחן מהצגת תמונה מגמתית על ידי המתלוננת והנאשם ביחס למערכת הזוגית, ועמדת המתלוננת איננה הגורם המכריע בשיקוליי בעת קביעת עונשו של הנאשם, לא כל שכן בשאלה האם יש מקום לסטות בעניינו ממתחם העונש ההולם.",train
כיצד משפיעות הנסיבות על קביעת מתחם העונש בעבירות אלו?,"בשקלול הנסיבות לרבות נסיבות ביצוע העבירות ומדיניות הענישה הנוהגת, ניתן לקבוע את מתחם העונש בהתאם לעובדות העניין.",train
מהי הטענה שנשקלה לגבי הקלה בענישה בעבירות ייבוא אישי של רכבים?,"בעת קביעת מתחם הענישה, שקלתי את הטענה בדבר הקלה מתבקשת בענישה לאור ראשוניות אכיפת העבירות הנדונות בנסיבות של ייבוא אישי של רכבים, וכי על ההחמרה בענישה להיעשות בהדרגה, גם מקום בו מדובר בעבירות חמורות ונסיבות שאין להקל בהן ראש.",train
מהו השיקול שנלקח בחשבון בעת בחינת מידת הפגיעה בערכים המוגנים?,"בעת בחינת מידת הפגיעה בערכים המוגנים מביצוע העבירה על ידי הנאשם, שקלתי גם את היקפה, ואת המחלוקת בין הצדדים בהקשר זה.",train
"מהו הנזק המהותי שנגרם לקופת המדינה בעקבות עבירות המס, אם הן נחשבות \טכניות\""?""","הגם שעבירות מסוג הנדון  נקראות \עבירות טכניות\"" והן מהעבירות החמורות פחות על פי פקודת מס הכנסה וחוק מע\""מ, פעמים רבות הנזק אשר נגרם מביצוען, אינו טכני כלל ועיקר, וביצוען מביא לחסר של ממש בקופת המדינה.""",train
כיצד משפיע רצף ביצוע העבירות על קביעת מתחם הענישה?,"בכל הנוגע לעבירות אי העברת הניכויים, בהתאם למבחן הקשר ההדוק, בשים לב לרצף ביצוען, יקבע מתחם ענישה כולל שבין מאסר על תנאי ועד 9 חודשי מאסר בפועל (בקשר לקביעת כלל עבירות הניכויים כאירוע ראו ע\פ 4910/13 ג'אבר נ' מדינת ישראל (29.10.2014), רע\""פ 4173/15 אבו הלאל נ' מדינת ישראל (29.06.2015), ולגישה אחרת רע\""פ 1688/14 כץ נ' מדינת ישראל (9.03.2014)).""",train
כיצד משפיע אי דיווח במועד על שיטת גביית המס?,"אי דיווח במועד על פי הוראות החוק פוגע בשיטת גביית המס, גורם לחסר של ממש בקופת המדינה ואף פוגע בפיקוח רשות המסים.",train
מה הובהר בפסיקה לגבי התקיימות שיקולים שונים בהקשר לחריגה ממתחם העונש?,"לצד זאת, הובהר כי \התקיימותו של שיקול זה או אחר אינה מצדיקה בהכרח חריגה ממתחם העונש משיקולי שיקום.""",train
מהו מנעד הענישה המקובל בעבירות מסוג זה בנסיבות דומות?,"אשר למדיניות הענישה הנוהגת, מתחם הענישה בעבירות מסוג זה בנסיבות דומות נע במנעד די רחב של עונשים הכוללים אף מאסר על תנאי בחלק מהמקרים, אך בדרך כלל, גם כאשר המדובר במי שהורשעו בביצוע עבירות של תקיפה סתם בנסיבות דומות, נגזרים עונשי מאסר אותם ניתן לרצות בעבודות שירות, לצד ענישה נלווית, כל מקרה ונסיבותיו.",train
מהו הקשר בין עבירת הסגת הגבול לעבירת התקיפה לפי המבחן שנקבע בעניין ג'אבר?,"בשמים לב למפורט לעיל, לאור הנסיבות המלמדות על קשר בין עבירת הסגת הגבול לעבירת התקיפה, ובהתאם למבחן הקשר ההדוק אשר נקבע בע\פ 4910/13 ג'אבר נ' מדינת ישראל (29.10.2014) (להלן: \""עניין ג'אבר\"") יקבע במקרה זה אירוע אחד הכולל את שתי העבירות בהן הורשע הנאשם (ראו עוד בקשר לקביעת אירועים, התכלית הפונקצונלית והמהותית : ע\""פ 1261/15 דלאל נ' מדינת ישראל (13.9.15) וע\""פ 6888/17 שירזי נ' מדינת ישראל (10.12.2018)).""",train
"כיצד יש לקבוע את המתחם \בצורה רכה\"" לפי נסיבות המקרה?""","על בית המשפט לקבוע את המתחם \בצורה \""רכה\""\"", בשים לב לקיומן של נסיבות מגוונות שיכולות להוביל להחלטת המדינה להגיע להסדר, כשהמשקל שיש ליתן לשיקולי תיקון 113 לחוק העונשין ולמתחם העונש ההולם במקרה נתון משתנה בהתאם לנסיבות הקונקרטיות שהביאו להסדר.""",train
מהי דרך המלך בעבירות מס המבוצעות בשיטתיות ובהיקפים משמעותיים?,"מבחינת הפסיקה ובפרט פסיקת בית המשפט העליון עולה כי כפי שצוין לעיל, גם משיקולי הרתעה ואינטרס ציבורי, בשורה ארוכה של פסקי דין נקבע כי דרך המלך בעבירות מהסוג הנדון, בפרט כאשר אלה מבוצעות על פני תקופה ממושכת, בשיטתיות ובהיקפים ממשיים, היא לגזירת עונשי מאסר ממשיים מאחורי סורג ובריח לצד קנסות מכבידים (ראו לדוגמא: עניין יצחקי, רע\פ 4684/12 גחלי נ' מדינת ישראל [פורסם בנבו] (14.6.2012)).""",train
מה יש להביא בחשבון בעת גזירת העונש על הנאשם בעבירות מס?,בעת גזירת העונש יש להביא בחשבון את השפעתו על בני משפחת הנאשם ועל מצב העובדים בעסק שהוא מנהל.,train
מהי התרשמות שירות המבחן לגבי מידת המסוכנות של הנאשמת?,"שירות המבחן התרשם ממידת מסוכנות נמוכה במצבה, מכך שאינה מאופיינת בדפוסים עבריינים והיא בעלת שאיפות נורמטיביות לעתידה.",train
כיצד השפיעו הישגי הנאשם על הערכת הסיכון לעבירות חוזרות?,"לאור היעדר נזקקות מצד הנאשם לטיפול בתחום המרמה כיום כמו גם העמדה העונשית, וכן לאור הרושם כי הטיפול הרגשי הארוך והאינטנסיבי שעבר עסק גם בדפוסיו המרמתיים, העריך שירות המבחן שהסיכון לעבירות חוזרות מצד הנאשם פחת, לא בא בהמלצה טיפולית והמליץ כי בשל חלוף הזמן מביצוע העבירות והליך השיקום בשיקולי הענישה יילקחו בחשבון הישגיו ועמדותיו של הנאשם היום.",train
מהי מידת הפגיעה בערכים המוגנים ממעשי הנאשם?,ממפורט עולה כי מידת הפגיעה בערכים המוגנים ממעשי הנאשם ממשית.,train
מהי המשמעות של חשבוניות זרות בהקשר של עבירות מס בענף היהלומים?,"בהקשר זה אציין כי בניגוד לטענת הסנגור, להשקפתי קיימת משמעות לשאלה האם עסקינן בחשבוניות זרות בעת בחינת הנסיבות, בפרט כאשר על ענף היהלומים לא חל מע\מ והחשבוניות הכוזבות לא שימשו גם לניכוי מס תשומות.""",train
מהו מתחם העונש שנקבע בגין שתי העבירות בהן הורשע הנאשם?,"לצד זאת אף מבלי להתעלם ממידת הפגיעה הממשית בערכים המוגנים מביצוע העבירות בראי הנסיבות כפי שפורטו לעיל, ומששתי העבירות בהן הורשע הנאשם מהוות אירוע עונשי אחד, מצאתי להעמיד את מתחם העונש בגין שתי העבירות כאירוע בין תקופת מאסר קצרה בת חודש אותה ניתן לרצות בעבודות שירות ועד 9 חודשי מאסר בפועל.",train
מהו המדרג של עבירות המס הכוללות כוונה להתחמק מתשלום מס ומה הערכים שהן מגינות עליהם?,"כידוע, עבירות המס הכוללות כוונה להתחמק מתשלום מס הן במדרג הגבוה של עבירות המס, ובאות להגן על ערכים בסיסיים וחשובים למרקם החברתי במדינה.",train
אילו שיקולים נלקחו בחשבון בנוגע לנסיבות חייהם של הנאשמים?,"כן נתתי דעתי לנסיבות חייהם, תרומתם למדינה במסגרת שירותם הצבאי (כל אחד על פי חלקו), למכתבי ההמלצה בעניינו של נאשם 2 (נ/2), והתנהלותם הנורמטיבית ביתר תחומי חייהם.",train
מהי הטענה שלא נסתרה לגבי התנהלות הנאשם לאחר ביצוע העבירות?,יש לתת את הדעת גם לטענת הסנגור שלא נסתרה לפיה משך התקופה הארוכה מאז ביצוע העבירות לא ביצע הנאשם כל עבירה פלילית נוספת.,train
אילו גורמים משפיעים על גובה הקנסות בעבירות אלו?,"גובה הקנסות מושפע גם הוא מנסיבות ביצוע העבירה, השיטתיות והנזק שנגרם.",train
מהו העיקרון המנחה בענישה שנלקח בחשבון בעת קביעת מתחם העונש להנאשם?,"כידוע, מתחם העונש ההולם נקבע בהתאם לעקרון המנחה בענישה, היינו קיומו של יחס הולם בין חומרת מעשה העבירה בנסיבותיו ומידת אשמו של הנאשם, לבין סוג ומידת העונש המוטל עליו, תוך התחשבות בערך החברתי אשר נפגע, במידת הפגיעה בו, בנסיבות הקשורות בביצוע העבירה ובמדיניות הענישה הנהוגה.",train
מדוע יש חשיבות לענישה מרתיעה גם כנגד מוציאי החשבוניות במדרג הנמוך?,"בתי המשפט הבהירו לא אחת כי קיימת חשיבות לענישה מרתיעה גם כנגד מוציאי החשבוניות במדרג הנמוך, וללא ההרתעה הנדרשת, מה ימנע מאותם אנשים להתפתות ותמורת כסף קל לבצע העבירות, ואף להירשם כבעלי חברות ולהוציא בעצמם או להתיר לאחרים הוצאת חשבוניות פיקטיביות על שמם.",train
מהו הסיכון שהצביע עליו שירות המבחן לגבי הנאשם במצבו הנוכחי?,"שירות המבחן מצא כי קיים סיכון להישנות עבירות במצבו של הנאשם, ואף ציין כי עמדותיו של הנאשם תומכות בשימוש בסמים, דפוסיו התמכרותיים ועמדתו מלמדת על קושי לשאת באחריות ובהפעלת שיקול דעת מותאם.",train
מהו הנימוק לכך שלא ניתן לחרוג לקולא ממתחם העונש ההולם במקרה זה?,לא מתקיימות נסיבות המצדיקות חריגה לקולא ממתחם העונש ההולם לשם שיקום הנאשם.,train
מדוע העדר נטילת האחריות וחרטה משפיע על חשיבות הענישה המרתיעה במקרה זה?,"העדר נטילת האחריות וחרטה אף מלמד על חשיבות ענישה מרתיעה במקרה קונקרטי זה, אשר חשיבותה נודעת בסוג העבירות שבביצוען הורשע גם באופן רגיל.",train
מדוע לא מתקיימות נסיבות המצדיקות חריגה ממתחם הענישה במקרה זה?,במקרה דנן לא מתקיימות נסיבות המצדיקות חריגה ממתחם הענישה לקולא או לחומרה.,train
מהי ההשקפה לגבי עונשו של הנאשם לאור העדר חרטה ונסיבות לקולא?,"בראי הנסיבות הקונקרטיות המפורטות לעיל, בשים לב להעדר חרטה ונטילת אחריות מצד הנאשם, חרף תיקון הספרים המשמעותי שביצע, ומבלי להתעלם מיתר הנסיבות לקולא, להשקפתי באופן רגיל, וכפי שאף טענה המאשימה, היה מקום למקם את עונשו של הנאשם בתחתית מתחמי הענישה אשר נקבעו בעניינו, תוך חפיפה מתאימה ביניהם, אך לא ברצפתם.",train
"מדוע נחשב העוסק כצינור להעברת סכום המע\מ לרשות?""","כן יש לזכור כי ככל שעסקינן בתשלום המע\מ, משמש העוסק כצינור להעברת סכום המס לרשות.""",train
אילו נסיבות לקולא נלקחו בחשבון בעת קביעת העונש?,"לצד האמור, שקלתי גם את הנסיבות לקולא שפורטו, ובכלל זאת חלוף הזמן והחרטה הכנה שהביע הנאשם.",train
כיצד משפיעות הנסיבות לחומרה על מיקום הענישה של הנאשמת?,"ניתן למקמה בחלק התחתון של מתחם הענישה, גם בראי הנסיבות לחומרה אשר פורטו לעיל.",train
כיצד משפיעות הנסיבות האישיות של הנאשם על הענישה בעבירות מס?,"כידוע, שיקולי הרתעה אינם מאיינים את נסיבותיו האישיות של הנאשם, הענישה בסופו של יום היא אינדיווידואלית ומושפעת בין היתר מהנסיבות הרלבנטיות של הנאשם גם בסוג זה של עבירות.",train
מהו העיקרון המשפטי הנוגע לטענות המועלות על ידי נאשמים הנדרשים לראשונה לרצות עונש מאסר?,"מובן כי ניתן לטעון טענה מסוג זה בכל מקרה בו כל נאשם נדרש לראשונה לרצות עונש מאסר ובאופן כללי, לא די בטענה מסוג זה ואין בה למנוע מהשתת עונש מאסר מאחורי סורג ובריח כשזה העונש הראוי והמתחייב.",train
מהו השיקול שהשפיע על ההחלטה בעניינה של הנאשמת בנוגע למצב הרפואי של בעלה?,"שקלתי גם את מצבו הרפואי המורכב של בעלה של הנאשמת בו היא מטפלת בטיפול יומיומי, ואת דבריה לפיהם הוא מתלווה אליה לעבודה.",train
מה מעידה הפסיקה לגבי הענישה בעבירות מס המטריאליות והאפשרות להטיל כופר?,"הפסיקה דווקא מעידה כי לצד עבירות המס המטריאליות שבגין ביצוען ניתן להטיל כופר בנסיבות מתאימות, נקבעת באופן תדיר ענישה מחמירה, הכוללת עונשי מאסר של ממש.",train
מדוע נחשבת הפגיעה בערכים המוגנים לממשית במקרה זה?,"בנסיבות המפורטות, ולאור השימוש במרמה לשם קבלת פיצוי מכספים אשר נועדו לסייע לאזרחים במצוקה, תוך ניצול ציני של המצב הקשה – המדובר בפגיעה ממשית בערכים המוגנים.",train
אילו ערכים מוגנים נפגעים בביצוע עבירה של תקיפה חבלנית?,"מביצוע עבירה של תקיפה חבלנית נפגעים הערכים המוגנים החשובים הנוגעים לשלמות גופו ובטחונו של הפרט, בריאותו ושלוות נפשו.",train
מהי התמונה הכוללת שנובעת מהעבירות שביצע הנאשם ביחס לערכים המוגנים?,"אמנם נסיבות התקיפה אינן ברף גבוה ביותר ביחס לשני האירועים, וכך גם החבלות שנגרמו בעקבותיה, והאיום שנשמע מפי הנאשם בתיק העיקרי בוצע כחלק מהאירוע הכולל, וחרף המלל החמור, במהלך ההוכחות ניתן היה להתרשם כי המתלוננת ופלונית התייחסו לאיום מפיו כ\קללות\"", יחד עם זאת, התמונה הכוללת העולה מכלל העבירות ביחס לכל אחד מהאירועים מלמדת על פגיעה לא מבוטלת בערכים המוגנים.""",train
מהו תפקיד שיקולי ההרתעה בעבירות מסוג זה ביחס לנסיבות אישיות?,"יש לתת את הדעת לשיקולי ההרתעה, ובכללם הרתעת הרבים והאינטרס הציבורי, בשים לב לכך שבעבירות מסוג זה מקבל האינטרס הציבורי בכורה על פני נסיבות אישיות.",train
כיצד משפיע הזמן שחלף מאז ביצוע העבירה על שיקולי הענישה?,"נתתי דעתי גם לרצונו של הנאשם להמשיך בחייו, ולחלוף הזמן מאז ביצוע העבירה, בשנים 2014-2015, כשכתב האישום הוגש רק בחודש ינואר 2020, כפי שב\כ המאשימה הצביע בעצמו, וגם עניין זה יישקל לקולא בין שיקולי הענישה.""",train
מהי הסיבה לכך שהנאשם זוכה מעבירה לפי סעיף 465 לחוק?,"אמנם הנאשם זוכה מביצועה של עבירה על פי סעיף 465 לחוק, אך יש טעם בטענת המאשימה לפיה הנאשם זוכה בשל קושי משפטי בסעיף העבירה שיוחס לו ולא בשל כך שלא הוכחו העובדות המפורטות בכתב האישום.",train
מהו השיקול המרכזי שנלקח בחשבון בעת קביעת העונשים לנאשמים?,"בעת קביעת העונשים יינתן משקל ממשי לכך שהנאשמים הודו בביצוע העבירות, תולדה של הליך גישור אינטנסיבי ומעמיק, ולכך שהודאתם הביאה לחסכון עדות נפגעי העבירה, על הקושי שבכך, ליעילות דיונית ממשית וחסכון בזמן שיפוטי הכרוך בניהול ההליך.",train
מהי ההשלכה של שיהוי בהגשת כתב אישום על העונש לפי הפסיקה?,"בפסיקה נקבע לא אחת כי שיהוי בהגשת כתב אישום יכול להביא להקלה ממשית בעונש (ע\פ (מרכז) 57577-02-19 ילדרים נ' מדינת ישראל (21.11.2019) והפסיקה המוזכרת שם, ע\""פ 4603/17 אדרי נ' מדינת ישראל (16.7.2019) פסקה 33, ע\""פ 7989/17 דשקוב נ' מדינת ישראל (18.4.2018) פסקה 17).""",train
מהו מתחם העונש ההולם שנקבע בגין העבירה בה הורשע הנאשם?,"לאחר ששקלתי את כלל השיקולים כמפורט לעיל ואף את חומרת החבלה שנגרמה למתלונן, סבורני כי מתחם העונש ההולם בגין העבירה בה הורשע הנאשם נע בין עונש מאסר על תנאי, לבין מאסר בפועל בן 8 חודשים.",train
מהו הכלל המנחה לגבי כיבוד הסדר טיעון ובחינת טעמים להתערבות בו?,"הכלל הוא כי בית המשפט יטה לכבד הסדר טיעון ויתערב בו רק מטעמים המצדיקים זאת לאחר בחינתו במבחן האיזון אשר נקבע בע\פ 1958/98 פלוני נ' מדינת ישראל (25.12.2002) ובשים לב לכך שהשיקולים הנשקלים בעת עריכת הסדר טיעון אינם זהים בהכרח לאלה הנשקלים במסגרת תיקון 113 לחוק העונשין התשל\""ז 1972 (להלן: \""חוק העונשין\"").""",train
מהו העונש הרגיל בעבירות מסוג זה כאשר המחדלים לא הוסרו?,"ניתן ללמוד כי באופן רגיל מדיניות הענישה היא מוחשית וכוללת עונשי מאסר משמעותיים לריצוי מאחורי סורג ובריח, בעיקר מקום בו לא הוסרו המחדלים ובהם דובר בעבירות אשר נעברו בשיטתיות ו/או בסכומי מס גבוהים.",train
מהו שיקול האינטרס הציבורי בהרתעת הרבים בעבירות מס?,"בנוסף, נתתי דעתי לכלל לפיו שיקולי אינטרס ציבורי בדמות שיקולי הרתעה ובכללם הרתעת הרבים מקבלים בסוג זה של עבירות בכורה על פני נסיבות אישיות.",train
אילו נסיבות יש לקחת בחשבון בעת גזירת העונש של הנאשם?,"בעת גזירת עונשו של הנאשם בתוך המתחם, יש להתחשב בנסיבות שאינן קשורות לביצוע העבירה כמפורט להלן: הנאשם בחר לנהל הוכחות, לא הביע כל חרטה,  ומסר גרסה מתפתחת שלא נתתי בה אמון.",train
מהו התנאי שהוצב להצלחת הסדר הטיעון במקרה זה?,"משכך, הצבת התנאי שאלמלא שיתוף פעולה מלא, לא ייושם הסדר הטיעון, נראה בעיניי מאוזן וראוי.",train
מדוע אי דיווח במועד נחשב לפוגע בשיטת גביית המס?,"אי דיווח במועד פוגע בשיטת גביית המס, גורם לחסר של ממש בקופת המדינה ואף פוגע בפיקוח רשות המסים.",train
כיצד ייקבע הקנס בהתחשב במצבו הכלכלי של הנאשם?,הקנס ייקבע גם הוא קרוב לתחתית מתחם הענישה תוך איזונו עם תקופת המאסר ותוך התחשבות במצבו הכלכלי של הנאשם.,train
מהו הקושי בטענת המאשימה להחמיר עם הנאשמים בהקשר לסכום העבירה?,"קיים קושי עם טענת המאשימה, לפיה יש להחמיר עם הנאשמים לאור סכום העבירה מקום בו היא עצמה לא טרחה לבדוק בזמן אמת את כל אותם מקבלי החשבוניות הכוזבות מהנאשמים, לבחון מהו הנזק האמיתי אשר נגרם (והגם שהעבירה איננה עבירה תוצאתית).",train
מדוע נחשבת הסרת מחדלים לשיקול משמעותי בעבירות מס?,"כידוע, להסרת מחדלים בסוג זה של עבירות נודעת משמעות רבה לקולה בין שיקולי הענישה.",train
מהו העונש הנוהג כאשר הוסרו מלוא מחדלי כתב האישום והנאשם נעדר עבר פלילי?,"לרוב, כאשר הוסרו מלוא מחדלי כתב האישום והנאשם נעדר עבר פלילי, נוהגים בתי המשפט לגזור על נאשמים המורשעים בעבירות מהסוג הנדון עונש צופה פני עתיד לצד קנס בלבד.",train
מהו מתחם הענישה שנקבע לעבירה לפי סעיף 118 לחוק?,"ביחס לעבירה לפי סעיף 118 לחוק, בין מאסר על תנאי ל-3 חודשי מאסר בפועל, בשים לב למידת הפגיעה הפחותה מביצוע עבירה זו בערכים המוגנים ולענישה הנוהגת.",train
מהי עמדת בית המשפט לגבי המלצת שירות המבחן למרות עברו הפלילי של הנאשם?,"לאחר בחינת עמדת שירות המבחן והנימוקים עליה היא מבוססת, מצאתי לאמץ המלצתו, חרף עברו הפלילי של הנאשם והסיכון שעדיין נשקף ממנו.",train
"מהו מתחם העונש ההולם שנקבע במקרה זה ביחס לעבירות לפי סעיף 117(א)(6) לחוק מע\מ?""","על כן, על מתחם העונש ההולם בקשר אליה (ובהתאם לנסיבות ביצוע העבירה) להיות מתון יותר מהמתחם שנקבע באופן תדיר בגין ביצוע עבירה לפי סעיף 117(א)(6) לחוק מע\מ, בין מאסר על תנאי ל-7 חודשי מאסר בפועל לצד ענישה נלווית.""",train
מהו הקריטריון הנוסף שנבחן בעת קביעת עונשו של הנאשם מעבר להסרת מחדלים?,"אמנם הנאשם לא הסיר את מחדלי כתב האישום ולא תיקן את הנזק שגרם ולו בפן הכספי, יחד עם זאת, ומבלי להקל ראש במשמעות הסרת מחדלים על עונשו של נאשם בסוג זה של עבירות, אין זה הקריטריון היחיד שנבחן בעת קביעת עונשו של הנאשם בתוך מתחם הענישה בהתאם לסעיף 40יא לחוק העונשין.",train
מדוע אין תיקים רבים של חשוד מצדיקים העדר בדיקה של טענותיו בזמן אמת?,ברור לכל כי אין בכך שיש לחשוד תיקים רבים (גם אם הדבר נכון) כדי להצדיק העדר בדיקה בזמן אמת של טענותיו ובכלל זאת של ראיות אותן הוא מבקש להציג על מנת לסתור תלונה כנגדו ו/או על מנת לערער את אמינות המתלוננת.,train
מהו משקל שיקולי אינטרס ציבורי בהרתעת הרבים בעבירות כלכליות?,"כידוע, לשיקולי אינטרס ציבורי בדמות שיקולי הרתעה ובכללם הרתעת הרבים משקל ממשי בסוג זה של עבירות.",train
מהו תפקיד העונש שנגזר על חבה בהשפעה על קביעת מתחם הענישה להנאשם?,"בעת קביעת מתחם הענישה (כמו גם קביעת עונשו הקונקרטי של הנאשם) שקלתי גם את העונש שנגזר על חבה שותפו של הנאשם בביצוע העבירות מושא האישום הראשון, שחלקו בביצוען דומיננטי מחלקו של הנאשם כאמור, עליו נגזרו בהסכמת המאשימה 350 שעות של\צ לצד צו מבחן, מאסר על תנאי ופיצוי.""",train
מהי המסקנה לגבי הפגיעה בערכים המוגנים בעקבות מעשי הנאשם?,"הערכים המוגנים, פרטי העבירות ונסיבותיהן נדונו בהרחבה לעיל, והמסקנה היא כי הנאשם פגע פגיעה ממשית בערכים המוגנים ובמתלוננת במעשיו.",train
כיצד השפיעה חרטת הנאשם על חיסכון הזמן השיפוטי?,"בכך יש כדי ללמד על חרטה ונטילת אחריות, ואף להביא לחיסכון לא מבוטל בזמנו של בית המשפט.",train
מהו הנזק שנגרם לקופה הציבורית כתוצאה מביצוע עבירות מס?,כתוצאה מביצוע עבירות מהסוג הנדון נגרם באופן תדיר נזק רב לקופה הציבורית בפן הכספי וכן נפגע עיקרון השוויון בנשיאת נטל המס ואמון הציבור.,train
מהו הטיעון המרכזי של הסנגורים בנוגע לחומרת הנסיבות במקרה זה?,קיים אף טעם בטיעוני הסנגורים לפיהם המדובר בנסיבות שחומרתן מתונה.,train
מהו העיקרון שעל פיו נקבעת מידת העונש ההולם לעבירות פליליות?,קביעת מתחם העונש ההולם נעשית על פי עיקרון ההלימה.,train
כיצד יש להבחין בין מקרים שונים בעת בחינת מתחם הענישה?,יש להבהיר כי אין המדובר במקרים דומים מבחינת נסיבות ועל כן יש להבחין בהם בעת בחינת מתחם הענישה.,train
מהו הערך המוגן בעבירות המס וכיצד הוא משפיע על הציבור?,"בכל הנוגע לעבירות המס, אלה באות להגן על ערכים בסיסיים וחשובים למרקם החברתי במדינה, ומביצוען נפגע ערך השוויון ואמון הציבור ברשויות החוק.",train
כיצד משפיעה עבירת השוחד על הכלכלה והתחרות החופשית בשוק העסקים?,עבירת השוחד פוגעת בכלכלה ובתחרות החופשית בשוק העסקים שתפקודו התקין תלוי בעצמאותו ובהיותו מונע משיקולים רציונליים וכלכליים ולא משיקולים זרים של בעלי אינטרסים.,train
מהי משמעות הסרת המחדלים בעבירות הנדונות על שיקולי הענישה?,"להסרת המחדלים בעבירות הנדונות משמעות רבה בין שיקולי הענישה, משיש בהם כדי ללמד על כנות ההודייה והחרטה וכן לתקן את הנזק שנגרם מביצוע העבירות ולו בפן הכלכלי.",train
מה ניתן לקבוע לגבי תכנון המעשה של הנאשם בהתבסס על הנסיבות המפורטות?,"בנסיבות המפורטות אף ניתן לקבוע כי אין המדובר במעשה מתוכנן על ידי הנאשם, ומצפייה בסרטון נראה כי המדובר במעשה ספונטני מצדו על רקע סערת הרגשות ואובדן עשתונות.",train
מהו מתחם העונש ההולם בעבירות גידול סם בנסיבות המקרה הנדון?,"בראי כלל המפורט לעיל, מתחם העונש ההולם ביחס לעונש המאסר בנסיבות המקרה דנן יקבע בין מאסר על תנאי לצד של\צ ועד מספר חודשי מאסר בפועל אותם ניתן לרצות בעבודות שירות, ברף הגבוה.""",train
מהו תפקידו של הערך המוגן בעבירת העלבה כלפי עובד ציבור?,"לערך המוגן של עבירת ההעלבה שני פנים: הגנה על עובד הציבור מפני פגיעה ביכולתו למלא את תפקידו כראוי ושמירה על דמותו ותדמיתו של השירות הציבורי, על מנת להבטיח את אמון הציבור בו ובעובדיו.",train
מהו העיקרון המשפטי המנחה את בתי המשפט במקרים בהם מוסרים מלוא מחדלי כתב האישום?,"במקרים אחרים ומתאימים, ובפרט כאשר מוסרים מלוא מחדלי כתב האישום, נוהגים בתי המשפט לגזור על הנאשמים עונש צופה פני עתיד בלבד, וזאת אף עמדת המאשימה במקרים רבים (ראו פירוט ההגנה בטבלת הפסיקה ענ/3).",train
מהו העונש הנוהג בדרך כלל כאשר הוסרו מלוא מחדלי כתב האישום?,"חשוב לציין כי בדרך כלל, כאשר הוסרו מלוא מחדלי כתב האישום, נוהגים בתי המשפט לגזור על נאשמים המורשעים בעבירות מהסוג הנדון (בפרט כאלה נעדרי עבר פלילי), עונש צופה פני עתיד בלבד.",train
מהו המצב המשפחתי והבריאותי של הנאשם והשפעתו על ההחלטה בעניינו?,"מבלי להקל ראש כלל בקשייו של הנאשם (הכלכליים והבריאותיים) ובקושי הברור הרגשי שנגרם כתוצאה מקריסת הנאשמת וההתמודדות עם ההליך הפלילי, הרי שהנאשם אינו מטופל בילדים קטינים כי אם בבנות בגירות (הגם שאחת מהן סובלת מנכות מסוימת), רעייתו עובדת ומשתכרת והוא אף נמצא כשיר לבצע עבודות שירות מבחינת מצבו הבריאותי.",train
מהו תפקיד הקנס בעבירות מסוג זה וכיצד הוא משפיע על הענישה?,"באשר לעונש הקנס אבהיר, המדובר בסוג עבירה בה הקנס הוא ממין העבירה ועל כן חשיבות רבה בהטלתו.",train
מדוע יש לשקול שיקולים שונים בעת אימוץ הסדר טיעון?,"בעת הבחינה, אין להתעלם מכך שהשיקולים שבבסיס אימוצו של הסדר טיעון אינם זהים בהכרח לאלה הנשקלים במסגרת תיקון 113 לחוק העונשין, ובכללם ציפיית הנאשם כי הסדר הטיעון יאומץ (ראו גם ע\פ 512/13  פלוני נ' מדינת ישראל (4.12.2013)).""",train
כיצד משפיעים כלל הפרסומים של הנאשם על תחולת עבירת העלבת עובד ציבור?,"גם אם מאן דהוא היה חושב שפרסום ספציפי כזה או אחר בדוחק אינו נכנס בגדר העבירה, הרי שכלל הפרסומים של הנאשם מקיימים את המבחנים לתחולת העבירה.",train
כיצד נקבע מתחם העונש ההולם בעבירות פליליות?,"מתחם העונש ההולם נקבע בהתאם לעקרון המנחה בענישה, היינו קיומו של יחס הולם בין חומרת מעשה העבירה בנסיבותיו ומידת אשמו של הנאשם, לבין סוג ומידת העונש המוטל עליו, תוך התחשבות בערך החברתי אשר נפגע, במידת הפגיעה בו, בנסיבות הקשורות בביצוע העבירה ובמדיניות הענישה הנהוגה.",train
מהי החשיבות של הקופה הציבורית לכלכלת המדינה וביטחונה?,"בנוסף, מביצוע העבירות נפגעת באופן תדיר הקופה הציבורית שחשיבותה לכלכלת המדינה וביטחונה ברורה, ומהפגיעה בה נפגעים כפועל יוצא כל אחד ואחת מאזרחי המדינה, ובפרט הציבור הנשען על השירותים הציבוריים.",train
כיצד השפיעה השתתפותו של גרמאי בקבוצות טיפוליות על ההחלטה בעניינו?,"כן נתתי משקל לטענה לפיה גרמאי משתתף בקבוצות טיפוליות במעצר, זוכה להערכה ומשמש אסיר תומך, הגם שהמסמכים לא נסרקו לתיק בית המשפט על ידי הסנגור.",train
מהו הצורך בענישה קונקרטית ומציבת גבול ברור לנאשמת?,"נתונים אלה אכן מלמדים על הצורך בענישה קונקרטית ומציבת גבול ברור לנאשמת, כפי שהמליץ שירות המבחן.",train
כיצד משפיעה הסרת המחדל על מיקום הנאשם במתחם העונש?,"כידוע להסרת המחדל בסוג זה של עבירות משמעות לעניין מיקומו של הנאשם במתחם ויש בה כדי ללמד על חרטה ממשית וכנה (ר' רע\פ 7851/13 חדר עודה נ' מדינת ישראל (3.9.2015)).""",train
מדוע ישנה חשיבות לענישה מרתיעה גם כנגד מבצעי עבירות עם חשבוניות כוזבות במדרג הנמוך?,"בתי המשפט שבו והבהירו כי קיימת חשיבות לענישה מרתיעה גם כנגד מבצעי עבירות המערבות חשבוניות כוזבות במדרג הנמוך, וללא ההרתעה הנדרשת, מה ימנע מאותם אנשים להתפתות ותמורת כסף קל לבצע את העבירות, ואף להירשם כבעלי חברות לשם ביצוע העבירות.",train
מדוע יש משמעות להסרת מחדלים בעבירות מסוג זה?,"כידוע, להסרת מחדלים בסוג זה של עבירות משמעות רבה לעניין הענישה, גם אם אין המדובר במעשה חסד מצידם (רע\פ 7851/13 [פורסם בנבו].""",train
כיצד משפיעה השלכה כלכלית לא ודאית על הנזק הקונקרטי בבקשה לביטול הרשעה?,"עצם קיומה של השלכה כלכלית להרשעה, שאינה ודאית, אינה מבססת נזק קונקרטי חמור המצדיק ביטול הרשעה, בפרט כשמדובר במי שביצע עבירה כלכלית.",train
מהו מתחם העונש שנקבע במקרה זה בהתבסס על נסיבות ביצוע העבירה?,"בראי המפורט לעיל, ובכלל זאת נסיבות ביצוע העבירה, הערכים המוגנים בעבירה, מידת הפגיעה בהם והענישה הנוהגת, מצאתי להעמיד את מתחם העונש ההולם במקרה זה בין 9 חודשי מאסר (שבנסיבות מתאימות ניתן לרצות בעבודות שירות) ועד 28 חודשי מאסר בפועל, לצד מאסר על תנאי, קנס, פיצוי למתלונן והתחייבות.",train
מהו הממצא המשפטי לגבי שיקולי השיקום במקרה זה?,כן לא מצאתי כי יש במקרה דנן שיקולי שיקום אשר יש בהם כדי להביא לסטייה מהמתחם שנקבע.,train
מהו הסיכון הנובע מהתייחסות סלחנית לאי קיום הוראות החוק?,התייחסות סלחנית לאי קיום הוראות החוק עלולה להביא אף להיעדר המוטיבציה של כלל ציבור משלמי המסים לדווח ולשלם מסיהם כנדרש.,train
מהי חומרת המעשים והפגיעה בערכים המוגנים מביצוע העבירות?,"לצד זאת, תילקח בחשבון גם חומרת המעשים, הפגיעה שאינה מבוטלת בערכים המוגנים מביצוע העבירות, ובכללם באמון המוגבר שניתן בעוסקים בענף היהלומים, הנזק הפוטנציאלי הממשי (ובכללו נזק כספי לקופת המדינה) מביצוע העבירות, וחשיבות הענישה המרתיעה לצידן.",train
מהי מידת הפגיעה באמון הרשות בעוסק כאשר הוא מוסר את נתוני דוחותיו כחוק?,"מידת הפגיעה באמון הרשות בעוסק מביצוע העבירה מתון יותר, שכן העוסק לכל הפחות מוסר את נתוני דוחותיו כחוק.",train
מהו השיקול שהוביל את בית המשפט לדחות את עתירת הסנגור לקיצור שעות עבודות השירות?,"נתתי דעתי לעתירת הסנגור לקיצור שעות עבודות השירות היומיות בראי המצב הכללי במשק, התפשטות נגיף הקורונה והסגר בימים אלה, אך לא מצאתי להיעתר לבקשה בשים לב להתנגדות המאשימה, לעובדה שהצדדים הציגו במקרה זה הסדר טיעון סגור ובשים לב לכך שטענה מסוג זה, ככל שתתקבל, הרי שתביא לקיצור שעות עבודות השירות כמעט בכל תיק ותיק ואינה עונה, להשקפתי, על הגדרת \שיקולים מיוחדים\"" בעניינו של נאשם קונקרטי.""",train
מהי המשמעות של הסרת המחדל מבחינת הענישה והאם היא מעידה על חרטה כנה של הנאשם?,"כל אלה יזקפו לזכותו, כשכידוע, הגם שהסרת המחדל אינה מעשה חסד מצד הנאשם, להסרת המחדל משמעות רבה לעניין הענישה, ויש בה כדי ללמד על חרטה כנה ולהביא לתיקון הנזק הכלכלי מביצוע העבירות.",train
מהו השיקול שהשפיע על ההחלטה בעניינו של הנאשם לאור המצב הכלכלי במדינה בעקבות נגיף הקורונה?,"גם שקלתי את הקושי הכללי ובפרט הכלכלי לכלל האוכלוסייה במדינה בימים אלה, לאור התפשטות נגיף הקורונה, ואת העובדה שהנאשם נאלץ בשל כך להפסיק עבודתו בתחום החינוך המיוחד, ומאז התפשטות הנגיף מטפל בזקן באופן פרטי.",train
כיצד יש ליישם את סעיף 40ד(א) לחוק העונשין לפי פסיקות קודמות?,"כפי שנקבע בע\פ 6637/17 קרנדל נ' מדינת ישראל (18.4.2018), הגם שאת סעיף 40ד(א) לחוק העונשין יש ליישם בזהירות, יש לתת לו משמעות מעשית, תוך העדפת שיקולי שיקום.""",train
כיצד השפיע מצבו הרפואי של אחד מבני הנאשם על טיעוני ההגנה?,"נתתי דעתי גם לטענת ההגנה בדבר קושי כלכלי לנאשם ולטענה לפיה אחד מבניו חולה במחלה כרונית, מתאשפז מעת לעת בבית חולים והנאשם מטפל בו וטרוד במצבו הרפואי.",train
כיצד הביע הנאשם חרטה על מעשיו לאחר ההודאה?,"הנאשם הביע חרטה כנה שאיננה רק מהפה החוצה כך שלצד הודייתו פעל להסרה מלאה של מחדלי כתב האישום (ואף שילם את מלוא הסכום כולל קנסות בסך משמעותי של 865,186 ₪) חרף מצבו הכלכלי הקשה, כשלצורך כך מכר בנו הבכור את ביתו.",train
מדוע יש הצדקה לעונש ממשי ומרתיע בעבירות אלימות במשפחה?,"מובן כי מסקנה זו נובעת מנסיבותיו הייחודיות של המקרה ומהדרך אותה עשה הנאשם, ואין לשכוח כי עבירות אלימות במשפחה מצדיקות באופן רגיל ענישה ממשית ומרתיעה.",train
כיצד משפיעה חומרת העבירה על הצורך בנזק קונקרטי לשם ביטול הרשעה?,ככל שמעשי העבירה חמורים יותר כך נדרשת פגיעה קונקרטית ומוחשית יותר ולהיפך.,train
מהו העיקרון המשפטי שמונע קביעת מאסר על תנאי בלבד כעונש מינימלי לנאשמים במקרה זה?,נמצא כי עיקרון ההלימה אינו מאפשר קביעת מאסר על תנאי בלבד כרף תחתון של מתחם הענישה בעניינם של מי מהנאשמים למרות העונשים שנגזרו בעניין חלום בגורן וזועבי.,train
מהי החשיבות של הרתעת הרבים בעבירות מס על פני נסיבות אישיות של הנאשם?,"בנוסף, בתי המשפט עמדו לא אחת על חשיבות הרתעת הרבים כאשר עסקינן בעבירות מס, תוך מתן בכורה לשיקולי ההרתעה והגמול והעדפתם, על פני נסיבותיו האישיות של הנאשם.",train
מהו השיקול שיכול להשפיע על העונש כאשר הנאשם לא גרם לחלוף הזמן?,"חלוף הזמן מהווה שיקול רלבנטי מבין שיקולי הענישה, אשר יכול להשפיע במידה ניכרת על העונש, ובלבד שהנאשם הוא לא זה אשר גרם לכך.",train
מהו מתחם העונש המוסכם שנראה הגיוני ופרופורציונלי במקרה זה?,"לדעתי, מתחם העונש הכולל אליו הפנתה המאשימה ביחס לכלל העבירות שבכתב האישום כאירוע, (בין 4.5 ל- 9 שנות מאסר) הגיוני ופרופורציונלי ותואם אף את הענישה הנוהגת.",train
מהו השיקול המרכזי שיש לבחון בעת קביעת מתחם העונש ההולם לעבירה של הסעת תושב זר השוהה שלא כדין בישראל?,"בעת קביעת מתחם העונש ההולם יש לבחון את הערכים המוגנים שנפגעו ממעשה העבירה, מידת הפגיעה בהם, מדיניות הענישה ונסיבות ביצוע העבירה על פי עיקרון ההלימה.",train
"מהו מתחם הענישה המומלץ לעבירות מסוג זה, בהתחשב בנסיבות?","באופן רגיל, וודאי מקום בו נקבע מתחם אחד למספר לא מבוטל של עבירות מהסוג הנדון, שחומרה נוספת לצדן כמפורט לעיל, ובסכומים ממשיים, יש לקבוע מתחם אשר בתחתיתו ענישה קונקרטית בדמות תקופת מאסר, אותה ניתן לרצות בעבודות שירות ועד לתקופת מאסר משמעותית מאחורי סורג ובריח, בהתאם לנסיבות.",train
מהי מדיניות הענישה הנוהגת בעבירות מעין אלו?,"נתתי דעתי למדיניות הענישה הנוהגת לפיה בעבירות מעין אלה יש להשית על נאשמים עונשים ממשיים הכוללים עונשי מאסר בפועל לריצוי מאחורי סורג ובריח לצד קנסות מחמירים, כשהאינטרס הציבורי מקבל בכורה על פני נסיבותיהם האישיות של הנאשמים כאמור.",train
מהו השיקול שיש לקחת בחשבון בעת קביעת מתחם הקנס לפי סעיף 40 ח' לחוק העונשין?,"על פי סעיף 40 ח' לחוק העונשין, תשל\ז -1977, בעת קביעת מתחם הקנס יש להידרש גם לשאלת יכולתו הכלכלית של הנאשם.""",train
מהי המסקנה לגבי גזר הדין של הנאשם בהתבסס על כלל הנסיבות שנדונו?,"כלל הנסיבות המתוארות לעיל מביאות למסקנה כי נכון להעמיד את עונשו של הנאשם בתחתית מתחם הענישה אשר נקבע, תוך שייגזר עליו עונש של מאסר על תנאי מרתיע לצד פיצוי למתלונן.",train
כיצד משפיע מצב בריאותי של נאשם על קביעת העונש?,"בעניין לופוליאנסקי נקבע כי מצב בריאותי יכול, במקרים מסוימים, להוות שיקול לסטייה לקולא ממתחם העונש שנקבע מטעמי צדק, כשטרם החלטה, יש אף לערוך איזון בין מידת הסיכון שיש להשפעת מאסר על מצבו הבריאותי של הנאשם לבין חומרת המעשה בו הורשע.",train
כיצד מבטאים מעשי הנאשם אלימות שאינה נקודתית?,מעשי הנאשם מבטאים אלימות שאינה אך נקודתית וגם בכך היבט לחומרה.,train
כיצד משפיעות הנסיבות הממתנות על מידת הפגיעה בערכים המוגנים במקרה זה?,"בשקלול כלל המפורט לעיל נראה כי חרף חומרת המעשה והחבלה המשמעותית שנגרמה למתלונן, לאור הנסיבות הממתנות, מידת הפגיעה בערכים המוגנים ממעשהו של הנאשם, הגם שאינה מבוטלת, איננה ברף גבוה.",train
מהו השיקול שצריך להילקח בחשבון בעת קביעת שיעור הקנס הנוגע למצבו הכלכלי של הנאשם?,בעת קביעת שיעור הקנס יש לתת את הדעת אף למצבו הכלכלי של הנאשם ויתר נסיבותיו.,train
מדוע יש להחמיר בעונש הנאשמים מעבר לעבירות המרמה והעושק שביצעו?,"אם לא די בחומרתן החריגה של עבירות המרמה והעושק אותן ביצעו הנאשמים, והענישה המחמירה שיש לגזור בגין ביצוען, הרי שבנוסף לעבירות אלה ביצעו הנאשמים עבירות מס בהיקף משמעותי, תוך שימוש במרמה ותחבולה, ובסכומים ניכרים.",train
מהי מדיניות הענישה הכללית בעבירות מסוג זה?,"מדיניות הענישה בגין ביצוע עבירות מסוג זה היא מחמירה בדרך כלל ומושפעת ממידת התחכום, משך ביצוע העבירות, השיטתיות שבביצוען וסכומי המס אשר נגזלו מהקופה הציבורית.",train
מה השפעת הודיית הנאשמים על העונש המוסכם שנקבע להם?,בעת בחינת העונש המוסכם לכל אחד מהנאשמים שקלתי את הודיית הנאשמים (הגם שביקשו לחזור ממנה לאחר מכן – ובקשתם נדחתה) וחיסכון הזמן השיפוטי המשמעותי על ידם.,train
מהו תפקיד הנסיבות האישיות של הנאשם בהליך הענישה בעבירות מס?,"שיקולי הרתעה אינם מאיינים את נסיבותיו האישיות של הנאשם, הענישה בסופו של יום היא אינדיווידואלית ומושפעת בין היתר מהנסיבות הרלבנטיות של הנאשם גם בסוג זה של עבירות.",train
מהי החשיבות של הענישה הכספית בעבירות הנעברות לצורך הפקת תועלת כלכלית?,"לעניין מתחם הקנס, מדובר בעבירות הנעברות לצורך הפקת תועלת כלכלית, כאשר הקנס הוא ממין העבירה  ומשכך קיימת חשיבות לענישה כספית משמעותית אשר תלמד כי אין אף תועלת כלכלית לצד עבירות אלה.",train
"מה נקבע בע\פ 1901/19 לגבי קביעת מתחם ענישה בהסדר טיעון?""","בע\פ 1901/19 שמעון אסולין נ' מדינת ישראל (31.5.2020) נקבע כי ראוי שבית המשפט יקבע מתחם ענישה גם מקום בו הגיעו הצדדים להסדר טיעון מהסוג בענייננו, אך בקביעתו נדרשת זהירות.""",train
מהו המנעד הרחב של העונשים שהוטלו על נאשמים בעבירות גניבה והסגת גבול?,"אשר לענישה הנוהגת, בחינתה בעבירות של גניבה לצד הסגת גבול מלמדת כי במקרים דומים הוטלו על נאשמים עונשים במנעד רחב, בהתאם לנסיבות המקרה ולנסיבותיו האישיות של הנאשם, לרבות גילו ועברו הפלילי.",train
כיצד משפיעים תשלומים לשם הסרת מחדלים על הנאשמים מבחינה כלכלית?,"אמנם הנאשמים לא הציגו מסמכים ערוכים כדין לשם ביסוס הנטען, יחד עם זאת לא יכול להיות ספק בכך שביצוע תשלומים בהיקפים הנדרשים לשם הסרת המחדלים כאן מטילים מעמסה כלכלית ממשית על הנאשמים.",train
מהו השיקול המרכזי שהשפיע על ההחלטה להקל בעונש הנאשם?," בעת בחינת עניינו של הנאשם נתתי דעתי להודייתו וחסכון הזמן השיפוטי על ידו, לצד לקיחת האחריות מצדו, תוך שהתרשמתי כי הנאשם מצטער מעומק ליבו על ביצוען של העבירות וחש אמפטיה כלפיי המתלוננות.",train
"מהי מידת הפגיעה בערכים המוגנים בעבירה לפי סעיף 118 לחוק מע\מ?""","מביצוע עבירה לפי סעיף 118 לחוק מע\מ מידת הפגיעה בערכים המוגנים פחותה, משהעוסק מעביר דיווח במועד כנדרש, כך שלפחות פיקוח הרשות אינו נפגע מביצועה, גם אם מביצועה נפגעת הקופה הציבורית ואף נפגע השוויון בנשיאת נטל המס.""",train
מדוע הסרת המחדלים נחשבת משמעותית בענישה בעבירות מסוג זה?,"אמנם כידוע, להסרת המחדלים בסוג זה של עבירות, משמעות רבה לעניין הענישה שכן היא מלמדת על נטילת אחריות אמתית ומביאה לתיקונו של הנזק שנגרם מביצוע העבירה ולו בפן הכלכלי (רע\פ 7851/13 חדר עודה נ' מדינת ישראל (3.9.2015)).""",train
מדוע עיקרון אחידות הענישה רלבנטי במקרה זה?,עיקרון אחידות הענישה במקרה זה אף רלבנטי ביתר שאת נוכח עתירת המאשימה שלא למקם את הנאשם בתחתית מתחם הענישה משיקולי הרתעה ואינטרס ציבורי.,train
מהו הנזק שנגרם לקופה הציבורית כתוצאה מביצוע עבירות מס קניה?,"כתוצאה מביצוע עבירות מהסוג דנן נגרם באופן תדיר נזק רב לקופה הציבורית בפן הכספי, וכן נפגע עיקרון השוויון בנשיאת נטל המס.",train
מהו הרושם שנוצר לגבי הנאשם בעקבות העדר עבר פלילי?,"הרושם העולה מהאמור, לצד העדר עבר פלילי לנאשם, הוא כי ביצוע עבירות חריג בנוף חייו.",train
מדוע יש להתייחס לעבירות השיבוש וההדחה בנפרד מעבירות המס?,"במקרה זה עבירות השיבוש וההדחה בוצעו במנותק מעבירות המס, אין מדובר בתוכנית עבריינית אחת, וקיימת חשיבות להתייחסות נפרדת לכל סדרת עבירות גם לאור הערכים המוגנים השונים בבסיסן.",train
מהו הצורך בענישה מרתיעה במקרה של הנאשמים?,"רקע ממנו הגיעו הנאשמים לצד העבירה אותה ביצעו, מלמדים על צורך בענישה מרתיעה צופה פני עתיד, שתשמש עבור הנאשמים כתמרור אזהרה, תוך תקווה שלא ישובו על המעשים המיוחסים להם בכתב האישום.",train
כיצד הוראות תיקון 113 לחוק העונשין מתייחסות למבחן האיזון?,"הוראותיו של תיקון 113 לחוק העונשין, אשר נחקק לאחר עניין פלוני, אינן עומדות בסתירה למבחן האיזון.",train
מהן הנסיבות האישיות המורכבות של הנאשם שנדונו בתסקירי שירות המבחן?,"נסיבותיו האישיות המורכבות של הנאשם נסקרו לעיל בהרחבה בתסקירי שירות המבחן ועל ידי הסנגור בטיעון לעונש ובכללן מצבו המשפחתי, פטירת אחיו והאירוע המוחי שעבר אחיו השני, וטיפול לו נדרש כמו גם טיפול הנאשם באמו (ענ/1, ענ/2), והצורך לכלכל את ילדיו.",train
מהו הרף התחתון שנקבע לעבירות אי דיווח שבוצעו בשיטתיות?,"בחלק מהמקרים, כאשר המדובר בעבירות של אי דיווח אשר שבוצעו בשיטתיות או בהיקף ניכר, נקבע הרף התחתון של מתחם הענישה על עונש מאסר לריצוי בעבודות שירות והעליון מאסר ממשי לתקופה שאיננה מבוטלת.",train
"מה משפיע על מדיניות הענישה בעבירות מס, לפי שיטתיות המעשים והיקפם?","מדיניות הענישה כנגד המבצעים עבירות אלה מושפעת בדרך כלל מהשיטתיות שבמעשים והיקפם, מהנזק שנגרם לאוצר המדינה, כמו גם מהסרת המחדל מושא כתב האישום.",train
מהו השיקול המרכזי שהוביל לדחיית טענות הנאשם לגבי מצבו הכלכלי ומעמדו ברשות המסים כגורמים ממתני נסיבות?,"אין בכך שהנאשם ביצע את העבירות משלא קודם בתפקידו ברשות המסים על אף מאמציו, או בכך שחש מצוקה כלכלית כדי להוות גורמים ממתני נסיבות.",train
מהו השיקול המרכזי בעבירות מס שקשור להרתעת הנאשם והרבים?,"יש ממש בטענת ב\כ המאשימה לפיה בעבירות מעין אלה שיקורי ההרתעה, הכוללים הרתעת הנאשם והרתעת רבים תופסים בכורה על נסיבותיו האישיות של הנאשם.""",train
מדוע המתין בית המשפט 9 חודשים מאז הטיעון לעונש ועד למתן גזר הדין?,"בנסיבות אלה, לא הסתפקתי בהמלצת התסקיר הראשון ומצאתי להמתין פרק זמן משמעותי בן 9 חודשים מאז הטיעון לעונש ועד למתן גזר הדין, כדי לבחון את שילובו של הנאשם בטיפול באלימות לאחר שסיים את הטיפול בבית חוסן, את התקדמותו בטיפול, ואת השתלבותו חזרה בחיים בבית לצד המתלוננת ובתו.",train
כיצד ייבחן המשקל לקולא של מצב הנפשי של הנאשם?,"כפי שצוין בעניין פלוני, המשקל לקולא שיש ליחס למצבו הנפשי של הנאשם יבחן בכל מקרה ומקרה בהתאם לנסיבותיו.",train
כיצד משקף העונש את הפסול שבמעשי הנאשם ואת שיקולי ההלימה?,"עונש זה מבטא באופן ראוי מחד את הפסול שבמעשי הנאשם ואת שיקולי ההלימה, ומאידך מתחשב בנסיבותיו הייחודיות של הנאשם ושל המקרה כאמור, כשיש לזכור שהענישה בסופו של יום היא לעולם אינדיווידואלית.",train
מדוע הסרת מחדל המס נחשבת לשיקול משמעותי לקולא בענייני ענישה בעבירות מסוג זה?,"כידוע, להסרת מחדל המס במלואו בסוג זה של עבירות משמעות ממשית לקולא בין שיקולי הענישה (רע\פ 7851/13 עודה נ' מדינת ישראל (3.9.2015)), ובדרך כלל, מקום בו מוסרים מחדלי כתב האישום במלואם, נגזר דינם של נאשמים למאסר על תנאי לצד קנס והתחייבות בלבד.""",train
מהו המאפיין הנפוץ של עברייני המס שיש לקחת בחשבון בעת גזירת הדין?,"במקרים רבים עברייני המס הם אנשים נורמטיביים בתחומים אחרים בחייהם, בעלי מידות טובות, ונטולי עבר פלילי, ויש להתחשב בכך בעת גזירת הדין.",train
מהו השיקול שהוביל למסקנה שאין טעמים לחריגה ממתחם העונש ההולם?,לא מצאתי כי מתקיימים במקרה דנן טעמים לחריגה ממתחם העונש ההולם משיקולי שיקום.,train
מהו העיקרון שמונע הקלה מרחיקת לכת בעונש המאסר של הנאשם?,"יחד עם זאת אבהיר, כי גם בראי האמור, עיקרון ההלימה וכלל הנסיבות אשר פורטו, כמו גם מתחמי הענישה שנקבעו על בסיס השיקולים שפורטו לעיל, אינם מאפשרים הקלה מרחיקת לכת עד כדי הקלה תוך קביעת עונשו של הנאשם למאסר שירוץ בעבודות שירות, כעתירת ההגנה, הן מבחינת משך התקופה, הן מבחינת סוג העונש.",train
מהו העיקרון המשפטי המנחה את ההחמרה בענישה לפי הפסיקה?,גם על החמרה בענישה יש להיעשות בהדרגתיות.,train
כיצד השפיעו הנסיבות האישיות של הנאשם על ההחלטה בעניינו?,"בידיעתי נסיבותיו האישיות של הנאשם, אשר אינן קלות, מפורטות במסמכים אשר הוגשו במסגרת נ/1 ואף בבקשה שהוגשה טרם הטיעון לעונש, נתתי דעתי לאלה ואף לעדויותיהן של רעייתו וביתו במסגרת הראיות לעונש ובכלל זאת לדאגה הכנה אשר ניכרה בדבריהן לנאשם.",train
מהו העיקרון המנחה בענישה שנלקח בחשבון לקביעת מתחם העונש ההולם?,"מתחם העונש ההולם נקבע בהתאם לעקרון המנחה בענישה, היינו קיומו של יחס הולם בין חומרת מעשה העבירה בנסיבותיו ומידת אשמו של הנאשם, לבין סוג ומידת העונש המוטל עליו, תוך התחשבות בערך החברתי אשר נפגע, במידת הפגיעה בו, בנסיבות הקשורות בביצוע העבירה ובמדיניות הענישה הנהוגה.",train
מדוע לא הייתה למאשימה חובה להציע לנאשם לצרף את העבירות הנוספות לתיק הקודם?,"איני מוצאת לקבוע כי הייתה למאשימה חובה להציע לנאשם לצרף את העבירות הנוספות לתיק הקודם, וודאי לא במידה בה מחדלה לעשות כן מקים לנאשם הגנה מן הצדק על פי המבחנים הידועים.",train
כיצד נפגע פיקוח רשות המסים בעקבות ביצוע העבירות על ידי הנאשמים?,עוד מביצוע העבירות נפגע פיקוח רשות המסים כששיטת המס מבוססת על האמון בנישום שיגיש דוחותיו כחוק ושיטת חישוב המס וגבייתו מבוססת על הדוחות המוגשים על ידי נישומים.,train
מהו מתחם הקנס המומלץ בעבירות כלכליות אלו?,"בראי נסיבות ביצוע העבירות, והחשיבות שבהטלת קנסות על מבצעי עבירות מהסוג דנן המבוצעות ממניע כלכלי, בשים לב לערכים המוגנים שנפגעו, ולצד זאת למצבו הכלכלי של הנאשם, יעמוד מתחם הקנס בין 80,000 ו- 150,000  ₪.",train
מהי ההשפעה של תיעוד העסקאות על חומרת המעשים?,עובדה זו מקהה במעט את חומרת המעשים.,train
מדוע נחשב אפקט ההרתעה בעבירות כלכליות למשמעותי יותר?,"אפקט ההרתעה בעבירות כלכליות, הוא בדרך כלל בעל משקל רב יותר מאשר בעבירות אחרות וגם מכאן חשיבותו.",train
מהי מדיניות הענישה לגבי עבירות המערבות שימוש בחשבוניות כוזבות?,"מדיניות הענישה בגין ביצוע עבירות מסוג זה, על אחת כמה וכמה אלה המערבות שימוש והפצה של חשבוניות כוזבות, היא מחמירה בדרך כלל ומושפעת ממידת התחכום, משך ביצוע העבירות, השיטתיות שבביצוען וסכומי המס אשר נגזלו מהקופה הציבורית.",train
מהו העיקרון המשפטי שמחייב התייחסות לעונש שנגזר על הנאשם 2 בעת קביעת העונש לנאשמת?,"מכוח עיקרון השוויון ואחידות הענישה, יש לתת את הדעת בראש ובראשונה לעונש אשר נגזר על הנאשם 2.",train
"מהי המסקנה לגבי מתחם הענישה במקרה זה, בהתחשב בעבירות הנאשמים בשנים 2013 ו-2015?","מסקנתי היא שבנסיבותיו של המקרה דנן, ובפרט ביחס לאירועים הכוללים את עבירות הנאשמים 1 ו-2 בשנים 2013 ו-2015, על מתחם הענישה, גם ברף התחתון, לכלול ענישה קונקרטית וממשית התואמת את מידת הפגיעה בערכים המוגנים וחומרת הנסיבות.",train
כיצד משפיעה חברותו של הנאשם בוועד המנהל על קביעת מתחם הענישה?,"בעת בחינת הנסיבות ובאופן הממתן במידת מה את חומרתן, נתתי דעתי לכך שבחלק מהעבירות אותן ביצע הנאשם במסגרת חברותו בוועד המנהל כמתואר באישום הראשון, הורשע הנאשם מכוח היותו \מנהל פעיל\"" באגודה, לפי סעיף 224א לפקודה.""",train
מה היה על הנאשם לעשות במקום לבחור בדרך אלימה לגביית החוב?,"גם אם סבר הנאשם כי הכספים מגיעים לו מידי המתלונן, היה עליו לבחור בדרך שאינה אלימה לגביית החוב, אך הוא בחר לנהוג באלימות.",train
מהו הכלל המנחה לגבי כיבוד הסדר טיעון על ידי בית המשפט?,"הכלל הוא כי בית המשפט יטה לכבד הסדר טיעון ויתערב בו רק מטעמים המצדיקים זאת לאחר בחינתו במבחן האיזון אשר נקבע בע\פ 1958/98 פלוני נ' מדינת ישראל (25.12.2002) ובשים לב לכך שהשיקולים הנשקלים בעת עריכת הסדר טיעון אינם זהים בהכרח לאלה הנשקלים במסגרת תיקון 113 לחוק העונשין התשל\""ז  1977 (להלן: \""חוק העונשין\"").""",train
מהי ההשפעה של פער הגילים בין הנאשם למתלונן על הענישה?,בהכירי את המתלונן והנאשם איני סבורה כי פער הגילים ביניהם עומד לחובת הנאשם בבחינת רכיב מיוחד לחומרה.,train
מהי החשיבות של הערכים החברתיים המוגנים בעבירות שביצעו הנאשמים?,"בעת בחינת הענישה המוסכמת נתתי דעתי לעבירות בביצוען הורשעו הנאשמים ולערכים החברתיים המוגנים בבסיסן שהם בעלי חשיבות רבה, גם אם מדובר בעבירות שעניינן חובת זיהוי ודיווח.",train
מהו המוטיב המיוחד הקיים בעבירת אי הודעה על התחלת התעסקות?,"בעבירת אי הודעה על התחלת התעסקות קיים מוטיב של הסתרה, משההתנהלות העסקית מתקיימת למעשה \מתחת לראדר\"" ובכך חומרה נוספת.""",train
מהו מתחם הענישה שנמצא בעבור הנאשם בהתחשב במאפייניו ובנסיבות ביצוע העבירות?,"לאחר בחינת כלל המפורט לעיל, תוך ששקלתי את היות הנאשם יועץ מס והחומרה היתרה שבביצוע העבירות על ידו ולצד זאת לקולא את מאפייניו ולאישיותו כמפורט בתסקיר ובחומר הרפואי (ענ/4), ואת רקע ביצוע העבירות לצד יעקב שמואל, מצאתי להעמיד את מתחם הענישה ביחס לעונש המאסר לכלל העבירות כאירוע (כפי התייחסות הצדדים) בין 12 ו-24 חודשי מאסר בפועל.",train
מהי משמעות תיקון הנזק הכספי שנגרם בעבירות אלו לעניין הענישה?,"בסוג זה של עבירות לתיקון הנזק הכספי שנגרם כתוצאה מביצוע העבירות משמעות רבה לעניין הענישה ויש בה כדי להעיד חרטה כנה (רע\פ 7851/13 עודה נ' מדינת ישראל (3.9.2015)).""",train
מהי ההשפעה של הודאת הנאשם על ניהול ההליך המשפטי?,הודה בהזדמנות הראשונה וחסך זמן שיפוטי יקר ואלה ייזקפו לזכותו.,train
כיצד משפיעות עבירות טכניות על קופת המדינה למרות שהן נחשבות לחמורות פחות?,"הגם שעבירות מסוג הנדון  נקראות \עבירות טכניות\"" והן מהעבירות החמורות פחות על פי פקודת מס הכנסה וחוק מע\""מ, פעמים רבות הנזק אשר נגרם מביצוען, אינו טכני כלל ועיקר, וביצוען מביא לחסר של ממש בקופת המדינה.""",train
כיצד משפיעה מידת הפגיעה בערכים המוגנים על ההערכה המשפטית במקרה זה?,"בנסיבות אלה, בחינת מידת הפגיעה בערכים המוגנים מובילה למסקנה כי הפגיעה בערכים המוגנים היא ברף הבינוני.",train
מהו תפקידם של שיקולי קולא במקרה זה?,"מאידך, במקרה זה שיקולי קולא לא מבוטלים.",train
"מהו העונש הנוהג בגין עבירות מהסוג שביצעו הנאשמים, לפי הענישה הנוהגת?","אציין כי בגין ביצוע עבירות מהסוג דנן ובהיקפים אשר בוצעו, באופן רגיל נהוג לגזור חודשי מאסר ארוכים, אם לא שנות מאסר בפועל, על פי הענישה הנוהגת.",train
מהו ההליך שצריך להתחשב בכל הנסיבות בעת קביעת הענישה?,"ענישה היא הליך אינדיווידואלי המתחשב בכל הנסיבות אל מול האינטרס הציבורי, חשיבות ההרתעה ועיקרון ההלימה, וכך יש להחליט על הענישה במקרים מסוימים.",train
מהי המשמעות של אמירות הנאשם בדבריו האחרונים לגבי גזירת הדין?,"לעת גזירת הדין, שקלתי את אמירותיו של הנאשם בדבריו האחרונים, ואת דבריו לפיהם הוא מצר על מעשיו ונוטל אחריות לביצועם.",train
מדוע יש להקפיד על הכלל של גזירת העונש בתוך מתחם הענישה?,"אחרת, נמצא כי החריג מרוקן מתוכן את הכלל, שלפיו יש לגזור את העונש בתוך מתחם הענישה בהלימה לחומרת המעשה ולמידת האשם של העושה.",train
כיצד יש לשקול נסיבות אישיות בהקשר לעונש המוטל על הנאשם?,"אין באמור כדי ללמד שאין ליתן כל משקל, באופן אוטומטי, לנסיבות אישיות, הבעת חרטה ויתר השיקולים הרלבנטים המנויים בסעיף 40יא לחוק העונשין.",train
"מהי הסיבה לחפיפה בין העברויות במקרה זה, למרות בקשת המאשימה?","לעניין מספר האירועים, גם אם אקבע כבקשת המאשימה – כל עבירה כאירוע,  הרי שיש מקום לחפוף במידה מסוימת בין האירועים, נוכח סמיכות ביצוען של העבירות והרקע המשותף לביצוען כמפורט לעיל.",train
מדוע נלקחה הודאת קריכלי בחשבון בעת גזירת העונש עליו?,"ראשית,  הגם שלקריכלי הרשעה קודמת בעבירה דומה הרי שקריכלי הודה ולקח אחריות על המיוחס לו, ועובדה זו נזקפה לזכותו.",train
כיצד השפיעה נטילת האחריות המוקדמת של הנאשם על תהליך הענישה?,"מובן כי נטילת האחריות המוקדמת, גם אם החלקית, תיזקף לזכות הנאשם.",train
מהי החשיבות של הענישה המרתיעה במקרה זה?,"כשהאלה הן הנסיבות, קיימת חשיבות לענישה מרתיעה וקונקרטית בעניינו של הנאשם, לצד חשיבותה גם בראי האינטרס הציבורי הכללי ופסיקת בית המשפט העליון.",train
מהי עמדת בית המשפט לגבי ענישה של איש קש בעבירות מס?,"למעלה מזה, בית המשפט הבהיר כי עצם היותו של אדם איש קש אינו מקנה הנחה מפליגה בענישה, בדמות ענישה שאינה כוללת מאסר ממשי מאחורי סורג ובריח, נוכח חומרת העבירות, הנזק הניכר מביצוען והיסוד הנפשי לצד העבירה.",train
מהו המאפיין המרכזי של המעשים שביצעו הנאשמים לפני הירי לשמעון רביבו?,"מהם עולה כי אין מדובר באירוע ספונטני או בירי שבוצע בלהט הרגע, אלא במעשים להם קדמה קשירת קשר בין הנאשמים ונאשם 2, אבו אלרוב, לגרום לחבלה חמורה לשמעון רביבו, תוך היערכות והתארגנות על החומרה הנלווית לכך.",train
מהו המשקל של אפקט ההרתעה בעבירות מס בהשוואה לעבירות אחרות?,בקשר לעבירות מס ועבירות כלכליות בכלל ציין בית המשפט העליון לא אחת כי אפקט ההרתעה הוא בעל משקל רב יותר מאשר בעבירות אחרות.,train
כיצד יש להתחשב בקושי של משפחת הנאשם במקרה של עונש מאסר?,במסגרת זו יש להתחשב גם בקושי למשפחתו של הנאשם ככל שייגזר עליו עונש של מאסר מאחורי סורג ובריח.,train
כיצד נקבע מתחם העונש ההולם לפי עקרון המנחה בענישה?,"מתחם העונש ההולם נקבע בהתאם לעקרון המנחה בענישה, היינו קיומו של יחס הולם בין חומרת מעשה העבירה בנסיבותיו ומידת אשמו של הנאשם, לבין סוג ומידת העונש המוטל עליו, תוך התחשבות בערך החברתי אשר נפגע, במידת הפגיעה בו, בנסיבות הקשורות בביצוע העבירה ובמדיניות הענישה הנהוגה.",train
כיצד משפיעים שיקולים שונים על קביעת מתחם העונש ההולם?,מתחם העונש ההולם מגלם הכרעה ערכית המבוססת על שיקולים שונים שמדיניות הענישה היא רק אחד מהם.,train
מהי ההשפעה של הפגיעה בערכים המוגנים על קביעת מתחם הענישה?,למידת הפגיעה הממשית בערכים המוגנים ממעשי הנאשמים בנסיבות והענישה הנוהגת מחייבים אותי לקבוע מתחם הענישה בגין כלל העבירות כאירוע.,train
מהי החשיבות של הענישה הכספית בעבירות מסוג זה?,"לעניין מתחם הקנס, בעבירות מסוג זה הקנס הוא ממין העבירה ומשכך קיימת חשיבות לענישה כספית משמעותית אשר תלמד כי אין אף תועלת כלכלית לצד עבירות אלה, לשם הרתעת הנאשמים ואף הרתעת הרבים שחשיבותה נודעת בעבירות מסוג זה.",train
מהו סוג הנזק שעל ההגנה להצביע עליו כדי לבקש ביטול הרשעה?,"כפי שנקבע לא אחת בפסיקה, בעת בחינת הנזק שייגרם לנאשם מההרשעה, על ההגנה להצביע על נזק חמור ממשי וקונקרטי, ולא די בהעלאת תרחישים תיאורטיים שאין לדעת אם יתממשו בעתיד.",train
מהי המדיניות התומכת באימוץ הסדרי טיעון כפי שנציינה בעניין מצגר?,"בע\פ 2021/17 מצגר נ' מדינת ישראל (30.4.2017) (להלן: \""עניין מצגר\"") חזר בית המשפט העליון וציין את המדיניות התומכת באימוץ הסדרי טיעון והדגיש את יתרונותיהם, את האינטרס הציבורי שבבסיסם ואת תפקידם הראוי במערכת אכיפת החוק.""",train
כיצד משפיע מצבו הכלכלי של הנאשם על הנסיבות במקרה זה?,"בנסיבות אלה, ובשים לב לסוג העבירות בביצוען הורשע הנאשם ויסוד המרמה בבסיסן, אין בטענתו לפיה מצבו הכלכלי הקשה הביא אותו לבצען כדי למתן באופן ממשי את הנסיבות.",train
כיצד משפיע שיהוי בהגשת כתב אישום על יכולת הנאשם להתגונן?,"כידוע, שיהוי בהגשת כתב אישום מביא לעינוי דין לנאשם ולצדו אף פגיעה פוטנציאלית ביכולתו להתגונן, ונקבע לא אחת כי יש בו כדי להביא להקלה ממשית בעונש במקרים מתאימים (ע\פ (מרכז) 57577-02-19 ילדרים נ' מדינת ישראל (21.11.2019) והפסיקה המוזכרת שם, ע\""פ 4603/17 אדרי נ' מדינת ישראל (16.7.2019) פסקה 33, ע\""פ 7989/17 דשקוב נ' מדינת ישראל (18.4.2018) פסקה 17).""",train
כיצד מתייחס סעיף 40יא(10) לחוק העונשין לשיקולי חלוף זמן בעונש?,"כידוע, על פי סעיף 40יא(10) לחוק העונשין רשאי בית המשפט לשקול שיקולי חלוף זמן בעת קביעת עונשו של הנאשם בגדרי מתחם העונש ההולם.",train
מדוע יש חשיבות לענישה כספית בעבירות מסוג זה?,בסוג זה של עבירות קיימת חשיבות ממשית לענישה כספית משמעותית אשר תלמד כי אין אף תועלת כלכלית לצד ביצוען של העבירות.,train
מהו השיקול המרכזי שהצדיק את הארכת המאסר המותנה במקרה זה?,בית המשפט העליון מצא טעמים מיוחדים המצדיקים את הארכת המאסר המותנה הקשורים גם בחוסר הלימה ניכר בין העונש שיושת על המערער באם יופעל התנאי לבין מדיניות הענישה בעבירה אשר נדונה אך ציין באופן מפורש כי אין המדובר במקרה שגרתי בו מופעל תנאי שבשל אורכו מטיל עונש כבד על הנאשם.,train
כיצד משפיעים הנסיבות האישיות של הנאשם על בחינת נסיבות ביצוע העבירות?,"בנסיבות האמורות, מבלי להקל ראש כלל במצבו האישי והרפואי של הנאשם, ובטרגדיות האישיות אשר תקפו את משפחתו והשפיעו על תפקודו בניהול הנאשמת, אינני מוצאת אף לתת לנסיבותיו האישיות משקל מכריע בעת בחינת נסיבות ביצוע העבירות.",train
מהו העונש המומלץ בעבירות עם רף חומרה גבוה בנסיבות מתאימות?,"מעיון בפסיקה הרלוונטית עולה כי בעבירות שבביצוען הורשע הנאשם, בנסיבות המלמדות על רף חומרה גבוה ומידת פגיעה ממשית בערכים המוגנים, בדרך כלל נקבעים בתחתית מתחם הענישה עונשי מאסר אותו ניתן לרצות בנסיבות מתאימות בעבודות שירות.",train
מהו השיקול המרכזי שהוביל למסקנה כי יש להטיל עונש חמור יותר מאשר מאסר על תנאי?,"אחרי איזון בין חשיבות ההרתעה וההלימה לבין נסיבותיו של הנאשם, לא מצאתי כי עיקרון ההלימה מאפשר להסתפק במקרה זה בעונש של מאסר על תנאי לצד קנס והתחייבות בלבד.",train
מהו השיקול המאפשר הטלת עונש מאסר בעבודות שירות בעבירות מס?,"כפי שהובהר בעת סקירת הענישה הנוהגת, חרף הכלל שלעיל, ניתן לשקול הטלת עונש מאסר לריצוי בעבודות שירות, גם בסוג זה של עבירות במקרים מתאימים, גם אם לא על דרך הכלל (ראו ת\פ (ת\""א) 42879-10-15 פרקליטות מחוז תל אביב מיסוי וכלכלה נ' בצלאל (3.7.2019) והפסיקה שם, ותיקון 133 לחוק העונשין אשר אינו מגביל או מחריג  את העבירות הכלכליות או עבירות המס מגדרי התיקון).""",train
"מהו המצב המשפטי שנוגע למודעות הנאשם בזמן ביצוע העבירות, בהתחשב בהשפעת האלכוהול?","המעשה לא היה מתוכנן, אך היה כזה אשר נמשך פרק זמן בו יכול היה הנאשם, כבן 24 בעת ביצוע העבירות, שהיה לטענתו תחת השפעת אלכוהול, להתעשת ולחדול ממעשיו, והוא לא עשה כן.",train
מהו העיקרון הכללי לגבי סיום הליך משפטי של אדם בגיר שהורשע בעבירה פלילית?,"ככלל, הליך משפטי של אדם בגיר שהוכח כי עבר עבירה פלילית יסתיים בהרשעה והימנעות מהרשעה או ביטולה מהווים חריג בשל נסיבות מיוחדות ויוצאות דופן.",train
מהו העיקרון שעל פיו נקבע מתחם העונש ההולם?,"קביעת מתחם העונש ההולם נעשית על פי עקרון ההלימה תוך התחשבות בערך החברתי אשר נפגע, במידת הפגיעה בו, במדיניות הענישה הנוהגת ובנסיבות ביצוע העבירה.",train
כיצד משפיע השילוב בין העונשים על תחושת השוויון והצדק בפרשה?,"השילוב בין העונשים אשר נגזרו בפרשה לצד העובדה שלא נחקרו חלק מהגורמים שמקבלים את החשבוניות הכוזבות, מביא לתחושה של פגיעה בערך השוויון ובכללי הצדק וההגינות.",train
מהי מרכזיותם של גרמאי ואטיאס בהקשר לביצוע הירי והסיכון לבני משפחת רביבו?,"חומרת מעשיהם ומרכזיותם של גרמאי ואטיאס ברורה גם היא, בהינתן שהם אלה אשר ביצעו את הירי בפועל (גם אם לא ידוע מי מבין שניהם ירה באקדח) כאשר אף צפו, כאפשרות קרובה לוודאי, שמהירי יפגעו גם רעייתו של שמעון רביבו והקטינים.",train
כיצד משפיעה אמירת מילים מאיימות על החשש מפגיעה פיזית?,"בהמשך לכך, ברור כי אמירת מילים אלה אשר נאמרו על מנת להפחיד את המתלוננת, מביאה באופן אסוציאטיבי לחשש מפני פגיעה פיזית.",train
כיצד השפיע חלוף הזמן מאז ביצוע העבירות על שיקול הדעת בגזירת העונש?,"שקלתי גם את העובדה שלפי התסקיר לא נפתחו לנאשם תיקי מב\ד חדשים, את חלוף הזמן הממשי מאז ביצוע העבירות, ואת דברי הנאשם עצמו באשר לדרך אותה הוא עושה לשיקום ובקשתו כי דרכו זו לא תחסום בעונש מאסר בפועל שיוטל עליו.""",train
"מהי המשמעות של גילוי הקושי באיסוף ראיות בעבירות ייבוא טובין מחו\ל?""","דברים אלה מקבלים משנה תוקף מקום בו מדובר בעבירות המערבות ייבוא טובין מחו\ל כמו בענייננו, בראי הקושי הנוסף שבגילוין  ובאיסוף הראיות להוכחת ביצוען.""",train
מהו המצב המשפטי בעניינו של הנאשם ביחס לחריגה ממתחם העונש?,בעניינו של הנאשם לא מתקיימים טעמים המצדיקים חריגה ממתחם העונש שנקבע לחומרה או לקולא.,train
כיצד משפיע טשטוש חומרת המעשים על סיכויי השיקום של הנאשם?,באשר לסיכויי השיקום מעריך שירות המבחן כי טשטוש חומרת המעשים והשלכותיהם על ידי הנאשם אינם מאפשרים העמקה וטיפול בבעיותיו ואף מגבירים את הסיכון במצבו.,train
כיצד השפיע היקף המחזורים של הנאשמת על רף החומרה שנקבע לעבירות שביצע הנאשם?,"במסגרת הטעמים המיוחדים במקרה זה נתתי דעתי לכך שהגם שהמדובר בשש עבירות אשר בוצעו על ידי הנאשם, אין המדובר ברף חומרה גבוה ביותר, נוכח היקף המחזורים של הנאשמת בשנות המס הרלבנטיות וכן העובדה שלא עלתה כל חבות במס מהדוחות לצד הסרת המחדלים.",train
מהו הסיכון שקשור להטלת עונש מאסר על הנאשם בהקשר לאינטרס הציבורי?,"יש לזכור בעת בחינת האינטרס הציבורי ועריכת האיזון כנדרש כי יצירת נקודת חיכוך לנאשם הנעדר גורמי תמיכה לצד מאפייניו הנוספים אשר פורטו, עם סביבה עבריינית, ככל שיושת עליו עונש מאסר מאחורי סורג ובריח, עלולה להביא להתדרדרותו, וגם היא לא תשרת את האינטרס הציבורי במובנו הרחב.",train
אילו נסיבות אישיות של דהן עשויות להשפיע על חומרת הענישה במקרה שלו?,"נסיבותיו האישיות של דהן שונות, גילו צעיר והוא היה חסר ניסיון בעת ביצוע העבירה והיו עובדות שלא היו ידועות לו, לדוגמא שקלגנוב לו שילמה העמותה שכר הוא פעיל במפלגת ישראל ביתנו.",train
כיצד מבדיל בית המשפט בין טווח ענישה למשקף כוח מיקוח לבין מתחם ענישה נורמטיבי?,"בית המשפט אף הבהיר את ההבחנה בין טווח ענישה המשקף את כוח המיקוח של הצדדים, ובין מתחם ענישה המשקף קביעה נורמטיבית של בית המשפט.",train
כיצד מתכוון בית המשפט לגזור את העונש למרות אי אימוץ ההסדר במלואו?,"לאור האינטרס הציבורי שבאימוץ הסדרי טיעון והגם שבחרתי שלא לאמץ את ההסדר במלואו מהטעמים שפרטתי, אגזור את העונש \ברוח\"" ההסדר גם אם לא על פי הסכמות הצדדים, תוך מתן משקל לכלל הנסיבות הקונקרטיות בעניינו של הנאשם.""",train
כיצד השפיע עונש מאסר על משפחת הנאשם ומטופליו על ההחלטה בעניינו?,"נתתי דעתי גם להשפעת עונש של מאסר מאחורי סורג ובריח ככל שהיה נגזר על הנאשם על משפחתו של הנאשם וכן על מטופליו, כשעונש מסוג זה היה בהכרח מביא להשהיית הטיפול החשוב בהם.",train
כיצד משפיע המאסר המותנה הקודם על התנהגות הנאשם בעבירה הנוכחית?,"המאסר המותנה שנגזר על הנאשם  בגין אותה עבירת איומים שביצע לא הרתיע אותו  מלבצע את העבירה מושא כתב האישום שלפני, שהיא מאותה \המשפחה\"", תוך הסלמת התנהגותו.""",train
כיצד משפיע מצבו הכלכלי של הנאשם על קביעת שיעור הקנס?,"בעת קביעת שיעור הקנס יש לתת את הדעת גם למצבו הכלכלי של הנאשם שנמצא כיום כאמור בחל\ת ומתגורר בבית אמו.""",train
מהי חומרת המעשים של הנאשם לפי העובדות המוצגות?,"מהעובדות עולה חומרה ממשית במעשי הנאשם, בשים לב לתכנון האינהרנטי שקדם לביצוע העבירות ולכך שהסיגו גבול למחסן מצוידים בכלים (גם אם אלה היו בידי הנאשם ורכבו בשל עבודתו בתחום האלומיניום כנטען על ידי הסנגור), לכך שהעבירות בוצעו בצוותא, בתעוזה ובשעת לילה מאוחרת, ולהיקף הנזק הכספי שנגרם למתלוננים.",train
מהו העיקרון שמנחה את בתי המשפט בעת קביעת מתחם הענישה בעבירות שימוש במידע פנים?,"בתי המשפט משקללים את מכלול הנסיבות הספציפיות של כל מקרה בעת קביעת מתחם הענישה, כולל פערי גיל, ניסיון וההשפעה ההדדית בין המעורבים בעבירה.",train
מה משפיע על מדיניות הענישה בעבירות מהסוג הנדון?,"כידוע, קיים מנעד רחב של עונשים בעבירות מהסוג הנדון, ומדיניות הענישה מושפעת בין היתר מהשיטתיות שבמעשים והיקפם, מהנזק שנגרם לאוצר המדינה כתוצאה מביצוע העבירות כמו גם מהסרת המחדל.",train
"מדוע ישנה חשיבות להרתעה בעבירות מסוג זה, במיוחד כאשר קורבנן אינו מודע לפגיעה?","זאת לאור חשיבות הערכים המוגנים בעבירות ופוטנציאל הנזק הגדול לצידן, ולאור חשיבות ההרתעה בעבירות מסוג זה שקורבנן, בשל טבעו, אינו מודע לפגיעה הנגרמת לו בעת שזו נגרמת, כך שאף אין בכוחו להתלונן ולהתריע בגינה.",train
מהו השיקול המשפטי המנחה את בית המשפט בהטלת קנס על תאגיד במצב של חדלות פירעון?,"בפרט נכון הדבר כאשר הטלת הקנס תביא את התאגיד להליך של חדלות פירעון, או כאשר מדובר בתאגיד המצוי בהליך כזה, כל מקרה ונסיבותיו.",train
מהי מדיניות הענישה בעבירות מס וכיצד היא מושפעת?,"מדיניות הענישה בגין עבירות מסוג זה היא מחמירה בדרך כלל ומושפעת ממידת התחכום, משך ביצוע העבירות, השיטתיות שבביצוען וסכומי המס אשר נגזלו מהקופה הציבורית.",train
מה ההבחנה בין טווח ענישה למתחם ענישה לפי עקרונות המשפט?,"בית המשפט אף הבהיר את ההבחנה בין טווח ענישה, המשקף את כוח המיקוח של הצדדים לבין מתחם ענישה המשקף קביעה נורמטיבית של בית המשפט.",train
כיצד משפיעה מידת הפגיעה בערכים המוגנים על גזר הדין?,בשקלול כלל הנסיבות המפורטות מידת הפגיעה בערכים המוגנים במקרה זה איננה מהגבוהות ביותר אך איננה מבוטלת.,train
מדוע קיים חשש שהשתת עונש מאסר על הנאשם לא תשרת את האינטרס הציבורי?,"בנוסף, במקרה הנדון, בשים לב למאפייניו של הנאשם, להתמכרותו לחומרים פסיכואקטיביים בעבר ממנה נגמל, ולכך שמעולם לא ריצה עונש של מאסר, קיים אף חשש כי השתת עונש של מאסר מאחורי סורג ובריח עליו, עלולה להביא להתדרדרותו שאף לא תשרת את האינטרס הציבורי גם במובנו הרחב.",train
מדוע יש לתת את הדעת על אופי האגרופן בהקשר של פוטנציאל הנזק?,יש לתת את הדעת לכך שהמדובר באגרופן בעל שני חודים ושימוש בו יכול לגרום נזק.,train
מהו השיקול שהשפיע על ההחלטה לזכות את הנאשם מהעבירות שיוחסו לו?,"נתתי דעתי גם לכך שהנאשם לא היה מעורב כלל בדיווח על הכנסותיהם של אורלי ויאיר לפקיד השומה, וגם עניין זה בא בין שיקולי.",train
מהו הפער הערכי והחברתי המודגש במעשיו של הנאשם?,"לא ניתן להימנע מלציין שדווקא האמור מדגים פער של ממש, ערכי וחברתי, אצל הנאשם – משבחר ליזום ולבצע את העבירות שביצע שיש בהן כדי להביא ולו לפוטנציאל פגיעה ממשי בקופה הציבורית, ובכך בציבור המוחלש בחברה בכללותו.",train
מהו הנימוק שהוביל להחלטה לרצות את העונש בחופף למאסר המותנה?,"בראי מכלול השיקולים אשר פורטו לעיל, ובכללם מצבו הבריאותי, הנפשי והמשפחתי של הנאשם, ובשים לב לאורכו של המאסר המותנה התלוי ועומד, מצאתי כי מתקיימים במקרה זה נימוקים המצדיקים ריצוי העונש שייגזר בתיק זה בחופף למאסר המותנה אשר יופעל, וזאת בדרך של עבודות שירות.",train
כיצד משפיעות הנסיבות הממתנות על חומרת העונש במקרה זה?,"לצד חומרת החבלות, בעת בחינת הנסיבות, לא ניתן להתעלם גם מקיומן של נסיבות ממתנות במקרה דנן, המפורטות בהרחבה בהכרעת הדין, הנוגעות בראש ובראשונה לחלקו ומעורבותו של המתלונן, ולכך שהוא זה אשר החל ויזם את תחילת האירוע.",train
מהו העיקרון המשפטי המנחה את בית המשפט העליון בעבירות אי הגשת דוחות תקופתיים?,"אין להתעלם מפסיקתו העקבית של בית המשפט העליון לפיה בעבירות מהסוג הנדון מקבל האינטרס הציבורי בכורה על פני נסיבות אישיות (רע\פ 3857/13 יצחקיאן נ' מדינת ישראל (30.7.2013).""",train
מהי עמדת המחוקק לגבי מתן מעמד לשיקול השיקומי על פני עיקרון ההלימה?,"סעיף זה מבטא את עמדת המחוקק שלפיה, במקרים המתאימים לכך, יש ליתן מעמד בכורה לשיקול השיקומי על-פני העיקרון המנחה בענישה, הוא עיקרון ההלימה.",train
כיצד משפיעה חומרת העבירות על ההחלטה אם לחרוג ממתחם העונש ההולם?,"גם נוכח חומרת העבירות המפורטות לעיל וחשיבות האינטרס הציבורי בדמות הרתעת הנאשם והרתעת הרבים בעבירות מסוג זה, לא מצאתי כי יש מקום לחרוג ממתחם העונש ההולם משיקולי שיקום.",train
מהי הסיבה להחמרת הענישה לנאשם 4 בעקבות הרשעתו בעבירה של אי הגשת דוח?,"לאור הרשעתו של הנאשם 4, ביחד עם נאשמת 1, בעבירה של אי הגשת דוח לשנת 2013 במסגרת נאשמת 1, בגינה לא הוסר המחדל, מצאתי להחמיר במידת מה בענישה לנאשם 4, תוך השתת קנס גבוה יותר בעניינו.",train
מהן הנסיבות שיש להתחשב בהן בעת קביעת מתחם העונש בעבירות מס?,"במסגרת קביעה זו יש להתחשב בערך החברתי אשר נפגע, במידת הפגיעה בו, במדיניות הענישה הנוהגת ובנסיבות ביצוע העבירה.",train
מה השיקולים שיביאו לקביעת העונש במקרה של הסדר דיוני?,"בראי המפורט, ייבחן עניינו של הנאשם ועונשו יקבע גם בשים לב לשיקולי הענישה לפי תיקון 113 לחוק העונשין ולמתחם העונש ההולם, בשים לב להסדר הדיוני אליו הגיעו הצדדים, והנסיבות כולן.",train
מהי ההשפעה של התסמונת על יכולת הנאשם לשלוט במעשיו?,"יחד עם זאת, התסמונת יכולה ליצור אצל נאשם קושי ממשי לכבוש את מעשיו ולהביא לכך שהעבירה מבוצעת על ידו עם מידה מוגבלת של אשמה ויכולת בחירה.",train
על מה מתבססת המסקנה כי חזרת הנאשם לחיק משפחתו מפחיתה את מסוכנותו?,"מסקנתי זו, מבוססת כאמור על התסקירים אשר התקבלו בהם מפרט שירות המבחן כי חזרת הנאשם לחיק משפחתו ולעבודה לצד ההליך הטיפולי יש בה כדי לאיין את מסוכנותו אשר כבר עתה מוערכת ברף הנמוך, לאחר התהליך שעבר .",train
מדוע יש להכות בכיסו של מי שמבצע עבירות כלכליות כדי למנוע רווח כספי מהעבירה?,"מובן כי יש להכות בכיסו של מי שמבצע עבירות מהסוג הנדון המבוצעות באופן רגיל ממניע כלכלי, על מנת ללמד שאין אף רווח כספי לצד ביצוע העבירה.",train
מהו הגורם שהוביל את הנאשם לבצע את העבירות בהן הורשע?,שילוב אלה עם אופי העבודה בבורסה ליהלומים והפחד מאובדן הכנסות הובילו את הנאשם לבצע את העבירות בהן הורשע.,train
מהי הסיבה לחומרה היתרה של העבירות במקרה זה?,"יש טעם רב בטענת המאשימה לפיה החומרה היתרה במקרה זה נובעת לא רק מביצוע העבירות על פני 8 שנות מס ובהיקף משמעותי תוך שהנאשם מעלים הכנסות בסך של 2,135,787 ₪, אלא גם מאופן ביצוע העבירות, סוג העבירות שבוצעו, התכנון האינהרנטי לביצוען והתחכום לצידן.",train
מהי הדרך המקובלת בענישה בעבירות מס לפי פסיקות בית המשפט העליון?,"על פי קביעת בית המשפט העליון דרך המלך בעבירות אלה היא לגזירת עונשי מאסר מאחורי סורג ובריח (עניין יצחקיאן, עניין חג'ג', עניין נעים) תוך מתן בכורה לשיקולי אינטרס ציבורי והרתעה על פני נסיבות אישיות.",train
מהו הכלל לגבי כיבוד הסדרי טיעון על ידי בית המשפט?,"כך הובהר כי הכלל הוא שבית המשפט יטה לכבד הסדר טיעון בין הצדדים ויתערב בו רק בהתקיים טעמים המצדיקים זאת לאחר בחינתו במסגרת מבחן האיזון אשר אומץ בע\פ 1958/98 פלוני נ' מדינת ישראל (25.12.2002) כשבין יתר השיקולים, הכוללים, קשיים ראיתים וחשיבות מוסד הסדרי הטיעון ומדיניות אימוצם, יישקל העונש הראוי בהתאם לתיקון 113 לחוק העונשין.""",train
מהו המשמעות של ביצוע העבירות באופן שיטתי על פני כשנתיים וחצי?,"ביצוע העבירות באופן שיטתי, על פני כשנתיים וחצי, יש כדי ללמד על חומרת הנסיבות.",train
מהי הזהירות הנדרשת בהפעלת סעיף 40ד לחוק העונשין?,"לא בכדי אפוא, נקבע כי יש לנקוט זהירות רבה בהפעלת סעיף 40ד לחוק העונשין, וכי סטייה ממתחם הענישה תיעשה אך במקרים חריגים, בבחינת יוצא מן הכלל, כאשר סיכויי שיקום מובהקים מצדיקים זאת.",train
מהי המשמעות שניתנת לקשיים הכלכליים של הנאשם בהקשר לעבירות שביצע?,"בשל כך, לקשיים הכלכליים של הנאשם תינתן משמעות מוגבלת ביחס לעבירות אותן עבר בפן האישי.",train
כיצד נקבע מתחם הקנס בעבירות מס בהתאם לנסיבות?,"מתחם קנס נקבע בין 10,000 ל- 23,000 ₪ בהתחשב בנסיבות ביצוע העבירות, לנזק אשר נגרם, לשיטתיות שבביצוען ולמצבו הכלכלי של הנאשם.",train
מדוע יש לקבוע ענישה מחמירה בעבירת החזקת סמים שלא לצריכה עצמית?,"בית המשפט העליון עמד על חומרתה של עבירת החזקת סמים שלא לצריכה עצמית, אשר מהווה בבסיסה חלק משרשרת הפצת הסמים, ועל כך שיש לקבוע לצידה ענישה מחמירה אשר תביא לידי ביטוי עקרונות של גמול וההרתעה.",train
מהו הערך המוגן בעבירת האיומים והשפעתו על תפקוד הפקח?,"הערכים המוגנים בעבירת האיומים נוגעים לשלוות הנפש והביטחון של הפרט, ובמקרה זה של הפקח, אשר אמון בין היתר על הסדר הציבורי וקיימת חשיבות יתרה לתפקודו התקין במסגרת תפקידיו ללא חשש ומורא.",train
מהו העונש המוטל על סיוע לאחר להתחמק מתשלום מס בהשוואה למי שמתחמק בעצמו?,"יש לזכור שלצד העבירה בביצועה הורשע הנאשם שעניינה כאמור סיוע לאחר להתחמק מתשלום מס עונש זהה לעונשו של מי שמתחמק מתשלום המס, מה שמדגיש את החומרה שמייחס המחוקק לעבירה.",train
מהי המשמעות של הודאת הנאשם בביצוע העבירות לפני שמיעת ההוכחות?,"הנאשם הודה בביצוע העבירות עוד טרם החלה שמיעת ההוכחות, בכך יש לקיחת אחריות ואף חיסכון בזמן.",train
כיצד משפיע אפקט ההרתעה בעבירות כלכליות על חשיבות הענישה בהשוואה לעבירות אחרות?,"אפקט ההרתעה בעבירות כלכליות, הוא בדרך כלל בעל משקל רב יותר מאשר בעבירות אחרות, וגם מכאן חשיבותו.",train
מהו מרחב הגמישות של בית המשפט בקביעת העונש?,"אין המדובר בעניין אריתמטי ולבית המשפט נתון בהקשר זה מרחב מסוים של גמישות (ר' בע\פ 3877/16 ג'אבלי נגד  מדינת ישראל (17.11.2016), בע\""פ 4456/14 קלנר נ' מדינת ישראל (29.12.2015)).""",train
מהו הרף התחתון של מתחם העונש שנקבע ביחס לכל אירוע במקרה זה?,"אם קבעתי כי הרף התחתון של מתחם העונש ההולם ביחס לכל אירוע הוא מאסר מותנה בן מספר חודשים וכן קבעתי כי אין נסיבות המצדיקות חריגה לקולא מהמתחם שנקבע הרי שממלא, וגם אם היה המאסר המותנה רק בר הפעלה במקרה דנן, לא ניתן היה להורות על הארכתו.",train
מהי הטענה הנוגעת לקושי הכלכלי של הנאשם בעקבות מבצע צוק איתן?,"עוד יש להתחשב בטענה לפיה הנאשם, בשל קושי כלכלי שנבע ממבצע צוק איתן, נאלץ לסגור את המסעדה.",train
כיצד משפיע עברו הפלילי של הנאשם על גזירת העונש?,"לאור עברו הפלילי הרלבנטי של הנאשם אך גם תוך מתן משקל לנסיבותיו המורכבות ובכללן מצבו האישי, הנפשי והמשפחתי.",train
מהו השיקול המרכזי שיש לתת עליו משקל בעת קביעת הענישה בתיקי הפרשה?,"מן האמור עולה, כפי שציינה השופטת תבור בעניין ארבוב, כי הדגש בתיקי הפרשה אינו בעיקרו סכום העבירה ונכון לתת משקל גם לנסיבות הייחודיות לביצוע העבירות, המפורטות לעיל, הן מבחינת הרקע הכולל, הן אלה המתייחסות באופן קונקרטי לנאשמים.",train
כיצד יש לערוך איזון בין נסיבותיו האישיות של הנאשם לבין חשיבות ההרתעה בעבירות הנדונות?,בהתאם יש לערוך איזון מתאים בין כלל נסיבותיו האישיות של הנאשם אשר הובאו לעיל וליתן את הדעת לחשיבות ההרתעה המוגברת בעבירות הנדונות בעת בחינת העונש שייגזר בתוך מתחם הענישה שנקבע (ס' 40ו' ו-40ז' לחוק העונשין).,train
כיצד משפיעה מידת הפגיעה בערכים המוגנים על ההבנה של העבירות הנדונות?,"עוד אבהיר שעל אף שנהוג לכנות את העבירות מהסוג הנדון \עבירות טכניות\"", הרי שמידת הפגיעה בערכים המוגנים בביצוען איננה טכנית כלל ועיקר, משכך, אין להקל ראש בעבירות מסוג זה ובוודאי שלא ניתן לקבוע, כפי שעתרה הסנגורית, כי הנאשם לא גזל את הקופה הציבורית במעשיו.""",train
מהו המצב המשפטי לגבי עונשו של איש קש בעבירות מס?,"האמור נכון גם כאשר דובר בעונשו של מי ששימש כאיש קש בלבד, למעט במקרים חריגים ויוצאי דופן (ראו לשם הדוגמא ת\פ (ת\""א) 55634-12-18 מדינת ישראל נ' אריק כהן (23.9.2019) (להלן: \""עניין אריק כהן\""), ות\""פ (ת\""א) 22307-01-19 מדינת ישראל נ' פלץ (28.10.2020) (להלן: \""עניין פלץ\""), והנימוקים לענישה שם).""",train
מהו המצב שבו ניתן לשקול שיקולי שיקום בעבירות מס?,פירוש האמור אינו כמובן שלא ניתן לשקול שיקולי שיקום ולסטות ממתחם הענישה במקרים מתאימים גם בעבירות מהסוג דנן.,train
מהו המשקל שניתן לחלוף הזמן מאז ביצוע העבירות ועד להגשת כתב האישום?,"משקל מסוים יינתן לחלוף הזמן מאז ביצוע העבירות ועד להגשת כתב האישום, אך גם הוא מוגבל.",train
מהו הכלל המנחה לגבי כיבוד הסדר טיעון על ידי בית המשפט?,"הכלל הוא כי בית המשפט יטה לכבד הסדר טיעון ויתערב בו רק מטעמים המצדיקים זאת לאחר בחינתו במבחן האיזון אשר נקבע בע\פ 1958/98 פלוני נ' מדינת ישראל (25.12.2002) ובשים לב לכך שהשיקולים הנשקלים בעת עריכת הסדר טיעון אינם זהים בהכרח לאלה הנשקלים במסגרת תיקון 113 לחוק העונשין, ובכללם צפיית הנאשם כי הסדר הטיעון יאומץ.""",train
מדוע לא הוטל על הנאשם עונש בתחתית תחתיתו של מתחם הענישה למרות הנסיבות לקולא?,"לא מצאתי לגזור את עונשו של הנאשם בתחתית תחתיתו של מתחם הענישה חרף הנסיבות לקולא שנמנו, ולדעתי עונש בתחתית תחתיתו של המתחם שמור למי שבנוסף לנסיבות שנמנו גם מתקן את נזק המס האזרחי שנגרם ממעשי העבירה, והנאשם לא פעל כאמור.",train
מדוע יש לשקול את מדרג העבירות בהסדר טיעון בעבירות מס?,"בעת בחינת הסדר הטיעון במבחן האיזון יש לתת את הדעת לכך שכידוע, עבירות המס הכוללות כוונה להתחמק מתשלום מס הן במדרג הגבוה של עבירות המס, והערכים המוגנים בהן נוגעים לחשיבותה של הקופה הציבורית לכלכלת המדינה וביטחונה.",train
מדוע יש לתת משקל לטענת הנאשם לגבי קשייו בהתאוששות מההתעמרות שעבר?,"אמנם, המדובר בגזרי דין ובכתבה מתחילת שנות ה- 2000 (נ/1 ו- נ/2) בעוד שהעבירות בתיק דנן בוצעו החל משנת 2014, אולם יש לתת משקל לטענת הנאשם באשר קשייו להתאושש מההתעמרות אותה עבר, והקושי שחווה בקבלת ליווי בנקאי ובביטוח העסק.",train
מהו הקושי בעמדת המאשימה לגבי ענישת הנאשם בהשוואה לנותן שוחד?,"קיים קושי בעמדת המאשימה לפיה דווקא בעניינו של הנאשם שהורשע כזכור בסיוע לשוחד, חשיבות הרתעת הרבים מחייבת כי ייגזר עונשו למאסר מאחורי סורג ובריח, בעוד שלא מצאה לעמוד על כך בעניינו של נותן שוחד בסכום ממשי כדוגמת דהן (גם אם המדובר בסכום הנמוך מהסכום בעניינו וגם אם ביקש לקדם מטרות חברתיות ויתר נסיבותיו).",train
מה משפיע על השאלה האם תיגרם פגיעה קונקרטית לעתידו של הנאשם מהרשעה?,השאלה האם תיגרם פגיעה ממשית וקונקרטית לעתידו או שיקומו של הנאשם מהרשעה תלויה גם במיהות הנאשם ויתר נסיבותיו ויש לבחון את כל אלה.,train
מדוע אין מקום להשוואה בין העונש שנגזר על נחאיסי לעונש במקרה הנוכחי?,אין מקום להשוואה בין העונש שנגזר על נחאיסי לבין העונש שיגזר על הנאשם במקרה דנן לנוכח הנסיבות המיוחדות ובפרט מצבו הבריאותי המורכב של הנאשם.,train
כיצד יש לקחת בחשבון את העונש שהוטל על בירנבאום בעת קביעת מתחם הענישה לנאשמת?,"בעת קביעת מתחם הענישה לנאשמת יש לתת משקל לעונש שהוטל על בירנבאום בהתאם לעיקרון אחידות הענישה, תוך עריכת התאמות בהתחשב בנסיבות השונות.",train
מהו ההסבר לנסיבות המקלות בעבירת הגניבה במקרה זה?,"בכל הנוגע לעבירת הגניבה, המדובר בנסיבות שאינן מדגימות מידת פגיעה גבוהה בערכים המוגנים.",train
מהי החשיבות של שקילת שיקולים שונים בקביעת מתחם העונש ההולם?," טרם סקירתה, ומבלי למעט בחשיבות שקילתה וחשיבות אחידות הענישה (ע\פ 6544/16 ניסנצויג נ' מדינת ישראל [פורסם בנבו] (21.2.2017)), יש לזכור כי מתחם העונש ההולם מגלם הכרעה ערכית המבוססת על שיקולים שונים שמדיניות הענישה היא רק אחד מהם.""",train
מהו השיקול המרכזי שהשפיע על קביעת סבירות הסדר הטיעון במקרה זה?,"שים לב לכך שהנאשם נעדר עבר פלילי מכל מין וסוג שהוא, בשים לב למידת הפגיעה בערכים המוגנים שנפגעו ממעשיו, לצד זאת להיקף הגבוה עד מאוד של הסכומים, בשים לב לכך שהנאשם הורשע כמבצען הישיר של העבירות (זאת בניגוד לעניין ארבוב שם הורשע הנאשם לפי סעיף 224א לכתב האישום), ואף בראי הענישה אשר הושתה על אחרים בפרשה שסכומי העבירה אותה ביצעו נמוכים באופן די משמעותי מסכומי העבירות המיוחסות לנאשם, ואשר אף שילמו קנסות מכבידים עד מאוד כחלק מהסדר הטיעון, עובדה אשר איזנה במידת מה את עונש המאסר אשר נגזר עליהם, מצאתי כי הסדר הטיעון במקרה דנן סביר, ואני מוצאת לאמצו.",train
כיצד משפיעים גיל הנאשם ותפקידו בעסקת הסחר על שיקול הענישה?,"יחד עם זאת במפורט לעיל יש כדי לתמוך בהתרשמותי מהתמונה הכוללת לפיה כאמור חרף תפקידו הממשי בעסקת הסחר עצמה, הנאשם אינו בהכרח הגורם הדומיננטי במערך הכולל, ועניין זה, כמו גם גילו הצעיר בעת ביצוע העבירה, יישקל על ידי לקולא.",train
מהו הגורם שהשפיע על ההחלטה בעניינו של הנאשם בעבירות התקיפה?,זאת לאור המאפיינים המיוחדים של עבירות אלה ומאזן הכוחות בין הצדדים.,train
"כיצד משפיעה מידת הפגיעה בערכים המוגנים על הגדרת העבירה כ\עבירה טכנית\""?""","הגם שעבירה זו מכונה לעיתים \עבירה טכנית\"", מידת הפגיעה בערכים המוגנים הנגרמת מביצועה איננה טכנית כלל ועיקר.""",train
מהו העיקרון המנחה לקביעת מתחם הענישה במקרה של הנאשם?,"אשר למתחם הענישה בעניינו של הנאשם, לאור ביצוע העבירות ברצף והקשר שבנסיבות ביצוען, יקבע מתחם אחד לכלל העבירות כאירוע.",train
מהי ההמלצה לגבי עונש מאסר בעבודות שירות במקרה של עבירות מהסוג הנדון?,"בנסיבות אלה בהחלט ניתן ונכון להשקפתי לשקול הטלת עונש מאסר לריצוי בעבודות שירות, גם אם לא על דרך הכלל, כאשר המדובר במבצעי עבירות מהסוג הנדון.",train
מהו השיקול שיש לקחת בחשבון בעת קביעת מתחם הקנס?,בעת קביעת מתחם הקנס יש לתת את הדעת למצבו הכלכלי של הנאשם.,train
מהי הסיבה לכך שאין לגזור על הנאשם עונש מאסר למרות מצבו הבריאותי?,"יחד עם זאת, בנסיבותיו המיוחדות עד מאוד של המקרה דנן, אינני סבורה כי יהיה זה צודק וראוי לגזור על הנאשם עונש מאסר לריצוי מאחורי סורג ובריח רק בשל העובדה שאינו כשיר לבצע עבודות שירות בשל מצבו הבריאותי.",train
מהו המשקל שניתן להסברי הנאשמת בקשר לביצוע העבירות?,"נתתי משקל מסוים לקולא להסברי הנאשמת בפני שירות המבחן בקשר לביצוע העבירות, לכך שנראה שאין המדובר בעבירה שבוצעה תוך תכנון מוקדם, ולכך שכאמור לא נגרמו חבלות לנפגעת.",train
מהי עמדת המאשימה לגבי רף העבירות במקרה זה?,"בנסיבות אלה, צודקת המאשימה בטענתה לפיה אין המדובר בביצוע העבירות ברף הנמוך.",train
מהו תפקידם של הנתונים הרלבנטיים בקביעת עונשו של הנאשם במתחם הענישה?,"נתונים אלה רלבנטיים בעת קביעת עונשו של הנאשם בגדרי מתחם הענישה, אך אין בהם כדי להשפיע על המתחם עצמו.",train
"מהו ההבדל בין עבירה של התחמקות מתשלום מס לפי חוק מס קניה לעבירה לפי חוק מע\מ מבחינת סוג העבירה וחומרתה?""","עמדה זו ראויה ונכונה, ואף מקלה במידת מה (מבלי להתעלם מכך שעבירה של התחמקות מתשלום מס לפי חוק מס קניה היא עבירה מסוג עוון, בניגוד להיותה של עבירה זו עבירה מסוג פשע על פי חוק מע\מ והמשמעות הנובעת מכך באשר לחומרתה).""",train
מהו העיקרון המנחה לקביעת מתחם העונש בעבירות מס לפי פסק הדין?,"מתחם העונש ההולם נקבע בהתאם לעקרון המנחה בענישה, היינו קיומו של יחס הולם בין חומרת מעשה העבירה בנסיבותיו ומידת אשמו של הנאשם לבין סוג ומידת העונש המוטל עליו, תוך התחשבות בערך החברתי אשר נפגע, במידת הפגיעה בו, בנסיבות הקשורות בביצוע העבירה ובמדיניות הענישה הנהוגה.",train
כיצד השפיעה הקריסה הכלכלית של הנאשם על גזירת העונש בעניינו?,"התחשבתי בקריסה הכלכלית שחווה הנאשם, בהליך פשיטת הרגל שעבר, ובניסיונותיו להשתקם בהקשר זה, וכן בקושי הכללי הברור כיום לרצות עונש של מאסר מאחורי סורג ובריח בראי התפרצות נגיף הקורונה, ובקושי הכלכלי בעקבות המשבר.",train
כיצד יש לבצע איזון בין נסיבותיו האישיות של הנאשם לבין שיקולי ההרתעה בעבירות הנדונות?,יש לערוך איזון מתאים בין כלל נסיבותיו האישיות של הנאשם אשר הובאו לעיל ולתת את הדעת לחשיבות ההרתעה המוגברת בעבירות הנדונות בעת בחינת העונש שייגזר בתוך מתחם הענישה שנקבע.,train
מהו שיקול הדעת של בית המשפט בנוגע להמלצות שירות המבחן?,ברור שלבית המשפט שיקול דעת באשר להמלצות שירות המבחן.,train
כיצד השפיע העדר עבר פלילי על ההחלטה בעניינם של הנאשמים?,"בנוסף, שקלתי את העדרו של עבר פלילי למי מהנאשמים ואת העובדה שמאז האירוע לא נפתח כל תיק בעניינם.",train
מהו מתחם העונש ההולם שנקבע במקרה זה?,"אחרי סקירת כלל המפורט לעיל, לאור עיקרון ההלימה, הכלל המודגש חזור והדגש על ידי בית המשפט העליון בדבר חומרת העבירות הנדונות וחשיבות הענישה המרתיעה לצידן, מידת הפגיעה הגבוהה בערכים המוגנים מביצוע העבירות במקרה זה, כשלצד ביצוע העבירות שבאישום הראשון ביצע הנאשם את העבירות המפורטות באישום השני המוסיפות משנה חומרה לנסיבות, מתחם העונש ההולם יקבע בין 14 ו-28 חודשי מאסר בפועל לכלל העבירות כאירוע בהתאם למבחן הקשר ההדוק.",train
כיצד השפיע תיקון 133 לחוק העונשין על הענישה בעבודות שירות?,"לא ניתן להתעלם מעמדת המחוקק אשר מצא לתקן את תיקון 133 לחוק העונשין ולהאריך את תקופת המאסר אותה ניתן לרצות בעבודות שירות לתשעה חודשים, במסגרת הוראת שעה למשך שנתיים, ולא הגביל את תחולת תיקון 133 לסוגי עבירה מסוימים או החריג את העבירות הכלכליות ממנה.",train
מהי ההחלטה שהתקבלה לגבי גזירת העונש של הנאשם במתחם הענישה?,הגם שלא מצאתי לסטות ממתחם הענישה שנקבע משיקולי שיקום מצאתי לגזור את עונשו של הנאשם בתחתית מתחם הענישה שנקבע.,train
מהי המשמעות של גיוון העבירות בעת בחינת נסיבות ביצוען?,"בעת בחינת נסיבות ביצוע העבירות נתתי דעתי גם לגיוון שבעבירות, וכאמור לתחכום ולתכנון שהוא אינהרנטי לביצוען.",train
מהו השיקול המרכזי שהשפיע על ההחלטה שלא להחמיר בעונש הנאשם?,נתתי דעתי לא להערכת הסיכון הנמוך להישנות ביצוע עבירות על ידו וגם לכך שההערכה היא שרף החומרה הצפוי ככל שישנו נמוך וכי הרשעתו של הנאשם בפלילים היא גורם מרתיע.,train
כיצד מתבטאת ההכרעה הערכית במתחם הענישה בעבירות מס?,"מתחם הענישה אינו עניין אריתמטי פשוט, אלא מגלם הכרעה ערכית המבוססת על שיקולים שונים שמדיניות הענישה היא רק אחד מהם.",train
מהו המבחן המהותי לתחולת מאסר על תנאי?,"המבחן לתחולת מאסר על תנאי אינו טכני-פורמאלי, אלא מהותי-ענייני.",train
מה השיקולים שהובילו להקל בעונשו של הנאשם בהקשר לניהול נאשמת 1?,"בעת קביעת עונשו של הנאשם שקלתי לזכותו של הנאשם את התנדבותו לנהל את נאשמת 1 שפעילותה חשובה, את פעולותיו לשימורה ואת דברי בא כוחו לפיהם הנאשם מגייס ומשקיע בה כספים רבים.",train
מהו השיקול המרכזי שהשפיע על ההחלטה בעניינן של הנאשמות בעבירות מס?,"זאת מבלי להתעלם מחשיבות האינטרס הציבורי וההרתעה כשבעבירות מס עסקינן, ובכורתם של אלה על פני נסיבות אישיות.",train
מהי החשיבות של הענישה הכספית בעבירות מסוג זה?,בסוג זה של עבירות קיימת חשיבות לענישה כספית ממשית אשר תלמד כי אין אף תועלת כלכלית לצד ביצוען של העבירות.,train
כיצד השפיעו מאמצי הנאשם להסרת המחדלים על גזר הדין שניתן לו?,"בית המשפט המחוזי הפנה למאמצי הנאשם להסרת המחדלים והסרתם בדרך של הגשת הדוחות (הגם שכאמור לא שילם את סכום השומה כך שנותר נזק לאוצר המדינה ממעשיו), לקריסת החברות הנאשמות שנכנסו להליך פירוק וקופותיהן ריקות תוך שציין שהמושכות להחזרת הכספים בידי הנאמן, למצבו הכלכלי והבריאותי וליתר נסיבותיו,  ואף החמיר את עונש הקנס והעמידו על סך 60,000 ₪.",train
כיצד מתחם הענישה המוצע תואם את הענישה הנוהגת והאינטרס הציבורי?,"מתחם ענישה המוצע על ידי המאשימה עולה בקנה אחד עם הענישה הנוהגת, ועם חשיבות ההרתעה, ובכורתו של האינטרס הציבורי בסוג זה של עבירות (ראו והשוו: רע\פ 10170/08 עומר עיסא נ' מדינת ישראל (2.3.2009), רע\""פ 6640/14 פלוני נ' מדינת ישראל (13.10.2014), רע\""פ 9004/18 יצחקי נ' מדינת ישראל (31.12.2018)).""",train
מהו הנזק שנגרם לקופה הציבורית כתוצאה מביצוע עבירות מס?,"ועוד, כי כתוצאה מביצוע עבירות נגרם באופן תדיר נזק רב לקופה הציבורית בפן הכספי וכן נפגע עיקרון השוויון בנשיאת נטל המס.",train
מהו העונש שנקבע לנאשם במסגרת מתחם הענישה?,"בנסיבות אלה מצאתי לקבוע בתחתית מתחם הענישה מאסר על תנאי מרתיע, ובתקרתו מאסר בן 9 חודשים.",train
מהו מתחם הקנס שנקבע בעבירות הנעברות לצורך הפקת תועלת כלכלית?,"לאחר שקלול נסיבותיו ועתירת הסנגור, לצד חשיבותו של קנס בעבירות מסוג זה, יעמוד מתחם הקנס בין אלפי שקלים ל- 9,000 ₪ ביחס לכלל האירועים, לצד התחייבות להימנע מביצוע עבירה.",train
מהו הקושי בהתחשבות במצבם של הנאשמים לאור נסיבות חייהם הנורמטיביות?,"אציין כי דווקא בנסיבות חייהם הנורמטיביות של הנאשמים, והעדר הנזקקות הטיפולית מצדם, יש קושי בהתחשבות מלאה או הבנה מוחלטת למצבם.",train
כיצד השפיעה חוסר החרטה של הנאשם על ההחלטה בעניינו?,"לצד הנסיבות שפורטו לעיל, לא ניתן להתעלם מכך שהנאשם לא הביע חרטה אמיתית, הפנמה, נטילת אחריות או אמפטיה כלפיי המתלוננת, אף לא לאחר הכרעת הדין, כפי שפורט על ידי בהרחבה בפרק הדן בסוגיית ההרשעה.",train
מדוע קיימת חשיבות לענישה כספית בעבירות מסוג זה?,"לעניין מתחם הקנס, הקנס בסוג זה של עבירות הוא ממין העבירה ומשכך קיימת חשיבות לענישה כספית אשר תלמד כי אין אף תועלת כלכלית לצד ביצועה.",train
מהי הפגיעה שנגרמה בעקבות ניצול מערכת הפיצויים על ידי הנאשמים?,"בנוסף, נפגעו זכות הקניין וההגנה על רכוש הציבור וכן נגרמה פגיעה קשה באמון, משהנאשמים ניצלו מערכת אשר הוקמה לשם פיצוי מהיר של מי שנגרמו לו נזקים ממשיים במלחמה לקבלת כספים שאינם מגיעים להם.",train
מהי המשמעות של הסרת המחדל בשלב מוקדם של ההליך לעניין הענישה?,"כידוע, להסרת המחדל משמעות רבה לעניין הענישה, ודאי בשלב כה מוקדם של ההליך, ויש בה כדי ללמד על חרטה כנה ולהביא לתיקון הנזק הכלכלי מביצוע העבירות (רע\פ 7851/13 עודה נ' מדינת ישראל (3.9.2015)).""",train
מהו האתגר בגילוי עבירות המס וכיצד משפיע הפיתוי על ביצוען?,"מדובר בעבירות שביצוען קל וגילוין קשה יחסית, קיים פיתוי לבצען – ולא אחת צוינה חשיבותה של ענישה מרתיעה לצידן.",train
מהי החשיבות בהטלת ענישה שתפגע בכיסו של הנאשם בעבירות הנדונות?,בסוג העבירות הנדון והמניע הכלכלי שבבסיסן קיימת חשיבות רבה בהטלת ענישה אשר תפגע גם בכיסו של הנאשם.,train
על מי מוטל הנטל לשכנע את בית המשפט להעדיף שיקום הנאשם על פני שיקולים אחרים?,"על ההגנה מונח הנטל לשכנע, כי בנסיבות המקרה יש להעדיף את שיקום הנאשם על פני שיקולים אחרים.",train
מהו המשקל שניתן למעבר של הנאשם במסגרת מעצרו ולחרטה שהביע?,"נוכח זאת, מצאתי כי יש ליתן משקל למעבר שנעשה על ידו במסגרת מעצרו וכן לכך שהביע חרטה וכי השילוב בהליך הטיפולי הינו צעד נכבד העשוי להוביל לשינוי ופיתוח אישי.",train
אילו ערכים מוגנים נוגעים לעבירות המס בהקשר לקופה הציבורית?,"הערכים המוגנים בעבירות המס הכוללות כוונה להתחמק מתשלום מס או לסייע לאחר כאמור, נוגעים לחשיבותה של הקופה הציבורית לכלכלת המדינה וביטחונה.",train
מהו הקשר בין סוג העבירה להטלת קנס על הנאשם?,"נקבע לא אחת כי בסוג זה של עבירות הקנס הוא ממין העבירה, ומכאן אף החשיבות שבהטלתו.",train
מהו פוטנציאל הנזק שנגרם מהעבירות במקרה של מכירת שטרות מזויפים לסוכן משטרתי?,"לא נגרם נזק מביצוע העבירות משעסקת מכירת השטרות המזויפים בוצעה מול הסוכן המשטרתי והנאשמים נעצרו בעקבותיה, אולם פוטנציאל הנזק לערך המטבע ולכלכלת המדינה גבוה, בראי כך שבידי הנאשם נתפסו כאמור חומרים לזיוף שטרות כסף ובכלל זאת תוכנות וקבצי מחשב יעודים.",train
"מדוע קיים סיכון גבוה להישנות התנהגות אלימה מצד גלמן, על פי תסקיר שירות המבחן?","על אף הדרך הטובה העולה מן האמור, להתרשמות שירות המבחן בתסקיר המשלים, קיים סיכון גבוה להישנות התנהגות אלימה מצד גלמן שחומרתה גבוהה, ככל שתתרחש.",train
מדוע יש לקחת בחשבון את גיל הנאשם והשפעתו על פרנסתו בעת גזירת העונש?,"יש לתת את הדעת גם לקושי בגילו של הנאשם למצוא מקום עבודה ולאפשרות שיאבד את מקור פרנסתו, ככל שיאלץ להעדר ממקום העבודה לשם ריצוי עונש שייגזר.",train
מהו העיקרון המנחה בענישה כספית בעבור עבירות מס לפי סעיף 118 לחוק מס ערך מוסף?,הקנס בסוג זה של עבירות הוא ממין העבירה ומשכך קיימת חשיבות לענישה כספית אשר תלמד כי אין אף תועלת כלכלית לצד עבירות אלה.,train
מהו הרקע לביצוע העבירות אשר יש לקחת בחשבון בעת דיון בנסיבותיהן?,"בעת דיון בנסיבות ביצוע העבירות, ובחינת מידת הפגיעה בערכים המוגנים מביצוע העבירות במקרה דנן, לא ניתן להתעלם מהרקע לביצוען, אשר פורט לעיל, הכולל את העובדה שהעבירות בוצעו בתקופה הרלבנטית בבורסה ליהלומים, על ידי הנאשמים אשר עוסקים בסחר ביהלומים, עליהם חלו כללי המיסוי על יהלומנים אשר היו שונים במידת מה מהכללים החלים בענפים אחרים.",train
מהו השיקול המרכזי שהוזכר לזכות הנאשם בהקשר לרמת הסיכון והחרטה שהפגין?,כלל המפורט בחוות הדעת ובפרט האמור אודות רמת הסיכון הנמוכה ממנו לצד נכונותו להשתלב בטיפול והחרטה אותה הפגין יזקפו לזכותו.,train
מדוע התייחסות סלחנית לאי קיום הוראות החוק עלולה להזיק?,התייחסות סלחנית לאי קיום הוראות החוק תביא להיעדר  המוטיבציה של כלל ציבור משלמי המסים לדווח ולשלם מסיהם כנדרש.,train
כיצד משפיעה התנהלות בעזות מצח על חומרת העונש במקרה זה?,"הדבר מלמד כי המדובר בהתנהלות בעזות מצח של ממש – המוסיפה גם היא חומרה למעשים, ואין בכך שסכומי ההכנסה שהעלים הנאשם באותן שנים נמוכים יחסית, כדי להצדיק קביעת מתחם הענישה זהה בעניינו.",train
מהו התנאי השני הנדרש להימנעות מהרשעה או לביטולה?,"השני, האם סוג העבירה ונסיבות ביצועה מאפשרים לוותר בנסיבות המקרה על ההרשעה, מבלי לפגוע באופן מהותי בשיקולי ענישה אחרים.",train
מהו תפקיד המצב הרפואי של הנאשם במיקום העונש בתוך המתחם?,"על אף שאין במצבו הרפואי הנטען או באישורים הרפואיים אשר הוגשו כדי להצדיק חריגה ממתחם העונש ההולם, יש בהם כדי להשפיע על מיקומו של הנאשם בתוך המתחם.",train
מהו תפקיד מדיניות הענישה בהכרעה הערכית של מתחם העונש?,יש לזכור כי מתחם העונש ההולם מגלם הכרעה ערכית המבוססת על שיקולים שונים שמדיניות הענישה היא רק אחד מהם.,train
מהי חשיבות הקנס שהוטל על הנאשם בהקשר לעבירות המס?,"בנוסף ייגזר על הנאשם קנס, שחשיבותו רבה בנסיבות המקרה ואף בקשר לעבירות המס בביצוען הורשע, בהיותו ממין העבירות, ועל מנת שיובהר שאין אף רווח כספי לצד ביצוען.",train
מהי המסקנה לגבי העונש שניתן לנאשם בהתחשב בנסיבות המיוחדות של המקרה?,"יחד עם זאת, לאחר בחינת הנסיבות הכוללות, מסקנתי היא כי חרף חומרת העבירות שביצע הנאשם ועברו הפלילי, נכון וראוי לחרוג במקרה מיוחד זה ממתחם העונש ההולם משיקולי שיקום, ואף לקבוע את עונשו של הנאשם לריצוי בעבודות שירות וכך אני מורה.",train
מהו הנטל שהנאשם עמד בו בהצגת השינוי והשיקום שעבר?,"כלל האמור לעיל מלמד כי הנאשם עמד כנדרש בנטל להצגת השינוי והדרך השיקומית אותה עבר ועודנו עובר, כשסיכויי שיקומו ממשיים ועומדים במבחן הזמן.",train
מהו המיקום שנקבע לנאשם 1 במתחם הענישה בעקבות השיקולים שהוצגו?,כלל המפורט לעיל מצדיק מיקומו של הנאשם 1 בתחתית מתחם הענישה שנקבע וכך יקבע.,train
מהי התרשמות שירות המבחן לגבי התנהלות הנאשם והסיכון להישנות עבירות?,"בנוסף, להתרשמות שירות המבחן לפיה דבריו של הנאשם בנוגע לעבירה הנדונה משקפים צמצום של חומרת התנהלותו, קיים עבורו קושי להתנתק מגורמים עבריינים, והוא אינו מורתע מההליך המשפטי הנדון, אינו רואה בקשר עם שירות המבחן כמסייע בהצבת גבול להתנהלותו, והסיכון להישנות עבירות על ידו אינו מבוטל.",train
כיצד יש לבטא את חומרת העבירה בגזירת העונש של הנאשם?,"יש ליתן לחומרה זו ביטוי ממשי במסגרת גזירת עונשו של מי שהורשע בעבירות אלה, תוך מתן עדיפות לשיקולי הרתעה ולאינטרס הציבורי שבהחמרת הענישה על פני נסיבותיו האישיות של הנאשם, וכאשר נקודת המוצא היא כי העונש ההולם בעבירות אלה הוא מאסר בפועל.",train
מהי הסכנה בהחזרת הנאשם לבית הסוהר מבחינת התדרדרותו לעולם העברייני?,יש לזכור כי החזרתו של הנאשם לבית הסוהר עלולה לגרום להתדרדרותו המחודשת לעולם העברייני.,train
מהי הגישה הכללית של בתי המשפט לגבי הענישה בעבירות מסוג זה והשפעתה על ההרתעה הציבורית?,"בדרך כלל, בסוג זה של עבירות ובהיקפים ממשיים, נגזר דינם של נאשמים למאסר מאחורי סורג ובריח, תוך שבתי המשפט מדגישים את חומרת העבירות, חשיבות ההרתעה ובכללה הרתעת הרבים, ובכורתו של האינטרס הציבורי על פני נסיבות אישיות.",train
מהו סכום המס שנגרע מקופת המדינה כתוצאה ממעשי הנאשמים?,"כן יש לתת את הדעת לכך שסכום המס שנגרע מקופת המדינה כתוצאה ממעשי הנאשמים, הגם שאינו מבוטל, אף איננו גבוה ביותר.",train
אילו ערכים מוגנים יש לקחת בחשבון בעת בחינת הענישה המוסכמת בהסדר טיעון?,"בעת בחינת הענישה המוסכמת, נתתי דעתי לערכים המוגנים שנפגעו ממעשי הנאשמות בקשר לעבירות המס שביצעו, ובכללם ערך השוויון ואמון הציבור בשלטון החוק, כמו גם לחשיבותה של הקופה הציבורית לכלכלת המדינה ולרווחת אזרחיה, ובפרט לציבור הנשען על השירותים הציבוריים.",train
מהי השפעת הגירושין על קביעת עונשו של הנאשם והקשר עם המתלוננת?,"בין שיקולי בעת קביעת עונשו של הנאשם בתחתית מתחם עונש המאסר שקלתי גם את העובדה שהנאשם והמתלוננת גרושים כיום, וכי על פי דברי המתלוננת לשירות המבחן חלה רגיעה בקשר בינה לבין הנאשם, וכיום המדובר בקשר קונקרטי הנסוב סביב צרכי ילדיהם המשותפים, וכך גם לדברי הנאשם.",train
מהי מידת הפגיעה בערכים המוגנים שנגרמה על ידי נאשם 2 לעומת נאשם 1?,"באשר לנסיבות ביצוע העבירות, בעוד שלנאשם 2 מיוחס ביצוען של עבירות מכוח היותו מנהל בנאשמות 3 ו-4 בלבד ולא באופן ישיר, ובהתאמה, מידת הפגיעה בערכים המוגנים ממעשיו איננה ברף הגבוה, בעניינו של הנאשם 1 פני הדברים שונים.",train
כיצד השפיעה בניית עסקיה של הנאשמת על שיקול הדעת בענישה?,"שקלתי את העובדה שהנאשמת בנתה את עסקיה -  הנאשמות שזכו לשגשוג רב - בשתי ידיה - וכי מפעל חייה קרס, על הקושי שבכך.",train
כיצד משפיע פרק הזמן שעבר מאז ביצוע העבירות על שקילת מיקום הנאשם?,"למרות שאין המדובר בחלוף זמן משמעותי מאוד בסוג זה של עבירות, ואין לבוא בטרוניה למי מן הצדדים בהקשר זה, יש משמעות לפרק הזמן שעבר מאז ביצוע העבירות, בעת שקילת מיקום הנאשם בגדרי המתחם.",train
מה משפיע על מדיניות הענישה הנוהגת בעבירות מס?,"בחינת מדיניות הענישה הנוהגת מלמדת כי בדרך כלל, מדיניות הענישה מושפעת מכמות העבירות שבוצעו, שיטתיות ביצוען והנזק שנגרם לאוצר המדינה, וכי באופן תדיר נקבע הרף התחתון של מתחם העונש ההולם על מאסר מותנה, בפרט כאשר מדובר בביצוע עבירות בהיקף שאינו גבוה ביותר או על פני תקופה קצרה יחסית.",train
כיצד עשוי עונש מאסר להשפיע על מצבו הנפשי של הנאשם וסיכויי שיקומו?,"בנוסף לכך שלהתרשמות שירות המבחן עונש מאסר מאחורי סורג ובריח עלול להוות עבור הנאשם גורם דחק שישפיע באופן מורכב על מצבו הנפשי ועלול לפגוע בסיכויי שיקומו במישורי חייו ובפרט בתחום התעסוקתי, כשעל פי הערכת שירות המבחן עידוד שיקומו של הנאשם יכול לתרום להפחתה ברמת סיכונו.",train
מהו הפיצוי הראוי שנקבע בגין העבירות שביצעו הנאשמים?,"גם לטעמי, פיצוי בגובה הנזק הכלכלי אשר נגרם בתוספת 1,000 ₪, כפי שהורתה כב' השופטת פרדלסקי בעניינו של אושרי אבוטבול , בגין ביצוע העבירות מושא כתב האישום דנן, הוא הפיצוי הראוי בנסיבות העניין (ת\פ (שלום-ת\""א) 63897-06-17 מדינת ישראל נ' אבוטבול (14.6.2018).""",train
מהו השיקול הנוסף שיש לקחת בחשבון בעת קביעת מתחם הקנס?,בעת קביעת מתחם הקנס יש לתת את הדעת גם למצבו הכלכלי של הנאשם.,train
מדוע ישנה חשיבות למוטיבציה של ציבור משלמי המסים לדווח ולשלם מסים?,התייחסות סלחנית לאי קיום הוראות החוק תביא להיעדר  המוטיבציה של כלל ציבור משלמי המסים לדווח ולשלם מסיהם כנדרש.,train
מהו התנאי הראשון הנדרש להימנעות מהרשעה או לביטולה?,"ההלכה הנוגעת לביטול/ הימנעות מהרשעה ידועה ועל פיה, על מנת להימנע מהרשעה או לבטלה, יש לבחון הצטברותם של שני תנאים עיקריים: האחד, האם ההרשעה תפגע פגיעה חמורה בעתידו או בשיקומו של הנאשם.",train
מהו הערך החברתי שהעבירות על פי פקודת סימני מסחר באות להגן עליו?,"העבירות על פי פקודת סימני מסחר באות להגן על ערכים חברתיים הנוגעים לחשיבותו של מסחר תקין ולשמירה על זכויות הקניין של בעלי סימנים רשומים, הנגזלות מידם כתוצאה מביצוע העבירות.",train
מהי עמדת בית המשפט לגבי השיקולים שנשקלו באישור ההסדר הטיעון בעניינו של דהן?,"נכונה הטענה לפיה בעניינו של דהן המדובר בהסדר טיעון סגור ואולם מנימוקי בית המשפט לאישור ההסדר עולה, כפי שפורט לעיל, כי השיקולים אותם שקל רלבנטיים ובעלי דמיון לאלה המתקיימים בעניינו.",train
מהו מתחם העונש ההולם שנקבע במקרה זה?,"בשמים לב לנסיבות ביצוע העבירות, מידת הפגיעה בערכים המוגנים ולענישה הנוהגת, מתחם העונש ההולם ביחס לעונש המאסר הוא בין מאסר על תנאי ושירות לתועלת הציבור ועד מאסר בפועל  בן 7 חודשים.",train
באילו נסיבות ניתן לשקול הטלת עונש מאסר בעבודות שירות בעבירות כלכליות?,"בנסיבות אלה בהחלט ניתן ונכון להשקפתי לשקול הטלת עונש מאסר לריצוי בעבודות שירות לתשעה חודשים במקרים מתאימים, גם אם לא על דרך הכלל, כאשר המדובר במבצעי עבירות מהסוג הנדון.",train
מהו המידע שהוביל למסקנה כי הנאשם אינו בעל סיכוי ממשי לשיקום?,"צוין כי בנסיבות דרך הילוכו של הנאשם משך שנים, כשבין היתר לאחר שהביע חרטה על ביצוע עבירות ביצע עבירות נוספות, לא ניתן לומר כי המדובר במי שקיים סיכוי של ממש לשיקומו.",train
מהי החשיבות של הענישה הכלכלית בעבירות מסוג זה?,"באשר למתחם הקנס, כידוע בעבירות מסוג זה, קיימת חשיבות להשתת ענישה כלכלית אשר תלמד כי אף אין כל רווח כלכלי לצד ביצוען.",train
כיצד מתעצמת מידת הפגיעה בערכים המוגנים בעבירות הפצה של חשבוניות פיקטיביות?,מידת הפגיעה בערכים המוגנים מתעצמת מקום בו המדובר בעבירה של הפצה או שימוש בחשבוניות פיקטיביות.,train
מהי מידת הפגיעה בערכים המוגנים ממעשי הנאשם בהתחשב בטענת המאוימות שלו?,"בששים לב לטענת המאוימות של הנאשם וחששו האוטנטי והממשי לשוב לשטחי הרשות הפלשתינית והמפורט לעיל, מידת הפגיעה בערכים המוגנים ממעשיו נמוכה.",train
כיצד משפיעים מעשי הנאשם על הקופה הציבורית והערכים המוגנים?,"מהמעשים (ובכלל זאת מעשי הנאשם) נגרמה פגיעה לא מבוטלת בקופה הציבורית ובערכים המוגנים, אשר מתעצמת משהמדובר בעבירות המערבות שימוש בחשבוניות כוזבות אשר הוגדרו לא אחת כ\מכת מדינה\"" ואף נקבע כי המדובר \""בנגע קשה שפוגע בכל רבדי תשלום מס אמת\"".""",train
מה השפעת הודיית הנאשם על ההליך השיפוטי והענישה?,שקלתי לקולא את הודייתו של הנאשם וחיסכון הזמן השיפוטי על ידו ואת החרטה שהביע במסגרתה אף פועל להסרת המחדלים במסגרת הסדר תשלומים (לצד ניהול הליך שומה באשר לגובה השומה).,train
מהו העיקרון שיש לשקול בעת קביעת מתחם הענישה בהקשר להסדר הטיעון?,"בעת קביעת מתחם הענישה לשם בחינת הסדר הטיעון בין הצדדים במבחן האיזון, וקביעת עונשו של הנאשם, יש לשקול בראש ובראשונה את העונשים והסנקציות שהושתו על אחרים בפרשה, מכוח עיקרון השוויון ואחידות הענישה.",train
כיצד השפיעה תחושת החנק והפחד של המתלוננת על חומרת התקיפה?,"אשר לחומרת התקיפה באמצעות ריסוס החומר לעבר המתלוננת, אמנם נקבע בהכרעת הדין כי לא הוכח שסוג החומר שרוסס הוא אכן גז מדמיע אך אין להתעלם מתחושת החנק והפחד שחשה המתלוננת.",train
מהו מדרג העבירות של עבירות המס הכוללות כוונה להתחמק מתשלום מס?,"כבידוע, עבירות המס הכוללות כוונה להתחמק מתשלום מס הן במדרג הגבוה של עבירות המס, ובאות להגן על ערכים בסיסיים וחשובים למרקם החברתי במדינה.",train
מהו השיקול שהובא בחשבון בנוגע להתנהלות המתלונן בהקשר למעשי הנאשם?,"ואם כי אין בכך כדי להצדיק את מעשה הנאשם, אין להתעלם מהתנהלות המתלונן עצמו כלפי אשתו של הנאשם, ואף מכך שהנאשם נגח נגיחה אחת בלבד במתלונן, ואין המדובר באלימות מתמשכת.",train
מהי הסיבה לכך שאין אינדיקציה לשיקום ממשי או לפוטנציאל שיקומי ברור של הנאשם?,"מבלי להקל ראש במאמצי הנאשם, אינני מוצאת בעת הזאת אינדיקציה לשיקום ממשי או לפוטנציאל שיקומי ברור.",train
"מהן התכליות הכפולות של החילוט כפי שנקבע בע\פ 4980/07?""","כפי שצוין בע\פ 4980/07 אלון כהן נ' מדינת ישראל [פורסם בנבו] (4.11.2010) על ידי כב' השופט מלצר, לחילוט תכלית כפולה, האחת הרתעתית, פגיעה בתמריץ לביצוע העבירה ובבסיס המימון של עבריינים, והשנייה בעלת אופי קנייני \""הוצאת בלעו של גזלן מפיו\"".""",train
כיצד ניתן להתרשם מנכונות הנאשם להשתקם ולנהל אורח חיים נורמטיבי?,"לצד האמור, ולמרות הקושי, ניתן להתרשם מנכונות הנאשם להשתקם ולנהל אורח חיים נורמטיבי, שכן שמר על קשר עם שירות המבחן עד אשר החל שירות המבחן לעבוד במתכונת מצומצמת, ואף המשיך להשתתף בקבוצות התמיכה בהם משתתף לדבריו מזה שנים רבות.",train
מדוע אינטרס השיקום אינו עומד לבדו בעת גזירת העונש?,"אכן, חרף חשיבותו של אינטרס השיקום – לנאשם עצמו, לסביבתו הקרובה ולחברה כולה – שיקול זה אינו עומד לבדו ויש לראות בעת גזירת העונש את המכלול (ראו עניין סטרוסטה, פס' 7; רע\פ 4218/15 אמסלם נ' מדינת ישראל, פס' 8 [פורסם בנבו] (18.6.2015); עניין סלומינסקי, פס' 15)).""",train
כיצד השפיע מצבו הכלכלי הקשה של הנאשם על ההחלטה בעניינו?,"שקלתי את מצבו הכלכלי הקשה של הנאשם, הליך פשיטת הרגל שעבר, ואת העובדה שכיום הוא נזקק כאמור לעזרת הקרן לרווחה של קופת החולים על מנת לרכוש תרופות להן הוא זקוק במצבו הרפואי (ענ/9) (ענ/6-ענ/8).",train
כיצד משפיעים שיקולים שונים על קביעת מתחם הענישה מעבר למדיניות הענישה?,"כידוע, מתחם הענישה אינו עניין אריתמטי פשוט אלא מגלם הכרעה ערכית המבוססת על שיקולים שונים שמדיניות הענישה היא רק אחד מהם, כשעצם העובדה שלעולם יוכל כל צד למצוא פסקי דין התומכים בעמדתו, מלמדת כי אין המדובר במדד מדויק (ע\פ 3877/13 ג'אבלי נ' מדינת ישראל (17.11.2016), עפ\""ג (ת\""א) 12063-04-15 בראונר נ' מדינת ישראל (20.07.2015)).""",train
מהו האינטרס המרכזי בבחינת הסדרי טיעון לפי המבחן המוזכר?,קיים אינטרס ברור בכיבודם ואימוצם של הסדרי טיעון וזהו הבסיס לבחינת כל הסדר בהתאם למבחן האיזון.,train
מהן הנסיבות שיש לקחת בחשבון בעת קביעת מתחם העונש?,"במסגרת קביעה זו יש להתחשב בערך החברתי שנפגע, במידת הפגיעה בו, במדיניות הענישה הנוהגת ובנסיבות ביצוע העבירה.",train
מהי השפעת שיתוף הפעולה של הנאשם על חקירת העבירה?,הנאשם שיתף פעולה באופן מלא בחקירה ושיתוף הפעולה מצידו קידם את החקירה והביא לידיעת המשטרה עובדות רלבנטיות ומשמעותיות אשר נחשפו בין היתר בזכותו.,train
כיצד משפיע תכנון מוקדם על חומרת העבירה?,מעשיו של הנאשם נעשו תוך תכנון מוקדם – ובכך חומרה נוספת.,train
מהי ההחלטה שהתקבלה לגבי חפיפת העונש במקרה זה?,לאור כלל נסיבות אלה ומבלי למעט בחומרת מעשיו של הנאשם מצאתי כי נכון יהיה ללכת כברת דרך לקראת הנאשם ולהורות על חפיפת העונש אשר נגזר בתיק לעונש המאסר המותנה אשר יופעל בעניינו.,train
כיצד ערך השוויון משפיע על קביעת מתחם העונש לנאשם במקרה זה?,"בראיה זו, ערך השוויון, שהוא אחד מעמודי התווך של דוקטרינת ההגנה מן הצדק, מחייב לטעמי את קביעת מתחם עונש הולם ובהמשך גזירת דינו של הנאשם, בתוך \גבולות הגזרה\"" העונשיים שנקבעו בגדרי פרשה זו.""",train
מהי ההשפעה של החזקת הסמים בשתי שקיות על רף הפגיעה בערכים המוגנים?,"בנסיבות אלה, ומבלי להתעלם מכך שהנאשם נתפס עם הסמים מחולקים לשתי שקיות ברחוב, הגם שהפגיעה בערכים המוגנים ממעשי הנאשם אינה מבוטלת היא איננה ברף הגבוה.",train
מדוע יש לקחת בחשבון את תיקון הנזק שנגרם לקופת המדינה בעת גזירת הדין?,"בעת גזירת הדין אין להתעלם מכך שהנזק אשר נגרם לקופת המדינה ממעשי הנאשם תוקן על ידי לקוחותיו של הנאשם, הם אלה אשר התחמקו מתשלום המס כתוצאה מביצוע העבירות והם אלה אשר נדרשו לשלמו.",train
מדוע לא נלקחה בחשבון השחתת האחר במעשיו של הנאשם?,"לא מצאתי לשקול לחובת הנאשם את השחתת האחר במעשיו כטענת המאשימה, בשים לב לאופן ההתנהלות העבריינית מטעם גורמי ההנהלה ועובדי האגודה שנים ארוכות טרם כניסתו לתפקיד בוועד ההנהלה, ומשעובדה זו לא צוינה בכתב האישום.",train
מהו מתחם הענישה המומלץ בעבירות השיבוש וההדחה?,"בגין עבירות השיבוש וההדחה יקבע מתחם ענישה בין 4 חודשי מאסר שיכול וירוצו בעבודות שירות ועד שנת מאסר, בשים לב למספר העבירות אשר בוצעו ונסיבותיהן.",train
כיצד משפיע ניהול ההוכחות על זכאות הנאשם להקלות בעונש?,"אמנם ניהול ההוכחות אינו נזקף לחובת הנאשם אשר אף זוכה מהאישום הראשון שבכתב האישום,  יחד עם זאת, אין הוא זכאי לאותה הקלה הניתנת למי שמודה וחוסך זמן שיפוטי.",train
"מהי הסיבה לכך שלא נקבע עונש של של\צ לצד מאסר על תנאי במקרה זה?""","בראי עיקרון ההלימה והנסיבות לא מצאתי לקבוע בתחתית מתחם הענישה עונש של של\צ לצד מאסר על תנאי גם אם כך נקבע בעת/3 מהסיבות שם, וגם אם קיימים מקרים בהם זהו העונש שנגזר על נאשמים בעבירות הנדונות.""",train
מהו העיקרון שנקבע לגבי שיקולי הרתעה בעבירות מסוג זה?,"אמנם, בהתאם לפסיקה, בסוג זה של עבירות, שיקולי הרתעה ובכללם הרתעת הרבים מקבלים בכורה על פני נסיבות אישיות, כפי שנקבע רק לאחרונה פעם נוספת ברע\פ 9004/18 יצחקי נ' מדינת ישראל (31.12.2018).""",train
מהו תפקיד שיקולי ההרתעה הכללית במקרה זה?,כן נתתי דעתי לשיקולי ההרתעה הכללית בנסיבות העניין .,train
מהו הגורם המרכזי המשפיע על הענישה בעבירות המפורטות בכתב האישום?,הענישה מושפעת מהשיטתיות שבמעשים והיקפם וכן מהנזק שנגרם לאוצר המדינה כתוצאה מביצוע העבירות כמו גם מהסרת המחדל מושא כתב האישום.,train
מהי השאלה המטרידה לגבי האפקטיביות של הענישה במקרה זה?,"בנסיבות אלה יש טעם מסוים בדברי ב\כ המאשימה לפיהם קיימת שאלה בדבר האפקטיביות של ענישה צופה פני עתיד בפן ההרתעתי בעניין הנאשם.""",train
מהו השיקול לקולא שנלקח בחשבון בעקבות ההבדל בין כתב האישום המקורי לכתב האישום המתוקן?,"שיקול נוסף לקולא הוא ההבדל המשמעותי בין כתב האישום המקורי, בו בין היתר הואשמו הנאשמים בביצוע עבירות במסגרת ארגון פשיעה, לכתב האישום בו הודו, והקשיים עמם התמודדו הנאשם ומשפחתו משך תקופה בת כשנה ומספר חודשים בשל האישומים המקוריים – והקושי ברור בנסיבות.",train
מהו המיקום שנבחר לעונש הנאשם ביחס למתחם העונש ההולם?,"אחרי שקילת כל אלה ואף שיקולי הרתעה, מצאתי למקם את עונשו של הנאשם בשליש התחתון של מתחם העונש ההולם ביחס לעונש המאסר אך לא בתחתיתו.",train
מדוע יש לבחון את מידת ההקלה או ההחמרה במקרה זה ולא לקבוע קביעה אוטומטית?,"מובן כי קביעה זו ספציפית לנסיבות אותו המקרה ואין המדובר בקביעה אוטומטית, ובכל מקרה יש לבחון מן הסתם את מידת ההקלה או ההחמרה ולאזן ביניהם.",train
על פי איזה תיקון יבחן עניינו של הנאשם בקביעת העונש?,"נוכח המפורט לעיל, יבחן עניינו של הנאשם לפי תיקון 113 לחוק העונשין, ולפיו אף יקבע העונש אשר ייגזר עליו, בשים לב לטווח הענישה המוסכם, ולאחר בחינת סבירותו.",train
"כיצד משפיעה העבירה לפי סעיף 118 לחוק מע\מ על קופת המדינה ועל ערך השוויון?""","אשר לעבירה לפי סעיף 118 לחוק מע\מ בה הורשעו הנאשמים בגין אי צירוף תשלום לדוח - זו מביאה לחסר בקופת המדינה ופוגעת בערך השוויון.""",train
מדוע יש טעם בטענה שהנאשם יכול היה לחדול ממעשיו במהלך האירוע?,"לצד האמור, יש טעם בטענה לפיה המדובר באירוע מתגלגל במסגרתו נקט הנאשם בפעולות שונות, ובכל עת יכול היה לחדול ממעשיו ולא פעל כאמור.",train
כיצד משפיע אי דיווח במועד על גביית המס במדינה?,"אי דיווח במועד על פי הוראות החוק, פוגע בשיטת גביית המס וגורם לחסר של ממש בקופת המדינה ואף פוגע בפיקוח רשות המסים.",train
מדוע לא נמצא במקרה זה פגם חריג המצדיק החלה של דוקטרינת ההגנה מן הצדק?,"אינני מוצאת כי מקרה זה בא בגדר אותם מקרים חריגים, מה גם שחלק ממשי מן הפגמים שנפלו בהליך הביא לפסלות ראיות וכפועל יוצא אף לזיכוי הנאשם מחלק מן העבירות, כך שניתנה לפגיעה בזכות הנאשם להליך הוגן משמעות משפטית של ממש לטובת הנאשם.",train
כיצד משפיעים שיקולים שונים על קביעת מתחם הענישה בעבירות מס?,"מובן שכל מקרה נבחן על פי נסיבותיו, כשכידוע, מתחם הענישה אינו עניין אריתמטי פשוט אלא מגלם הכרעה ערכית המבוססת על שיקולים שונים שמדיניות הענישה היא רק אחד מהם, כשעצם העובדה שלעולם יוכל כל צד למצוא פסקי דין התומכים בעמדתו מלמדת כי אין המדובר במדד מדויק.",train
מדוע האחריות להימנע מאלימות אינה תלויה בנוכחות משטרה במקום?,המדובר  בטענה בעייתית שכן האחריות שלא לנהוג באלימות כלפי אחרים לא תלויה בנוכחות משטרה במקום.,train
מדוע נחשבות העבירות המיוחסות לנאשמות לחמורות במיוחד?,"כפי שציינתי בגזר הדין שניתן בעניינו של הנאשם 2, העבירות הנדנות הן מבין החמורות שבעבירות המס ומביצוען נפגע ערך השוויון והאמון הניתן בנישומים כי ידווחו דיווחי אמת וישלמו מס כנדרש.",train
מהן הנסיבות שצוינו בתסקיר אשר השפיעו על ההחלטה בעניינו של הנאשם?,"נתתי דעתי לנסיבות אשר עלו מהתסקיר, טיעוני הסנגור ועובדות כתב האישום, לפיהם הנאשם והמתלוננת היו פרודים בעת האירוע, לכך שלנאשם היו טרוניות כלפי המתלוננת באשר לתפקודה, ולכך שנאלץ לפרנס ואף לטפל בילדיו, בניגוד לציפיותיו מחיי הנישואין.",train
אילו קשיים ניכרים אצל הנאשם בהקשר לגידול הסם?,"ניכר אצל הנאשם הקושי לעמוד בפיתוי של גידול הסם, קושי ממשי בהצבת גבולות, ואף היעדר הרתעה מסנקציה עונשית.",train
כיצד משפיע אי תשלום מס קניה על תחרות ומכירת מוצרים טעוני מס?,אי תשלום מס קניה אף מאפשר פוטנציאלית מכירת המוצרים טעוני המס במחיר זול באופן המעודד צריכה ומשפיע על תחרות.,train
מהי הסיבה לכך שנמצא כי הנאשם יכול להיות ממוקם בתחתית מתחם העונש ההולם?,"לאור התרשמותי ממידת החרטה והאחריות אותה גילה הנאשם, ומשהתרשמתי כי הנאשם הורתע כנדרש במקרה דנן ומידת הסיכון ממנו נמוכה, מצאתי כי נסיבותיו הכוללות של הנאשם מצדיקות את מיקומו בתחתית מתחם העונש ההולם אשר נקבע, לצד קנס מרתיע ומאסר לצידו וכך יקבע.",train
מהו שני התנאים המצטברים שנקבעו בפסיקה כדי לבטל הרשעה?,"בפסיקה נקבעו שני תנאים מצטברים אותם יש לבחון על מנת להימנע מהרשעה או לבטלה: האחד, כאשר ההרשעה תפגע בשיקום הנאשם פגיעה חמורה; והשני, כאשר סוג העבירה מאפשר לוותר על ההרשעה בנסיבות המקרה בלי לפגוע באופן מהותי בשיקולי הענישה האחרים (ע\פ 2083/96 תמר כתב נ' מדינת ישראל, פ\""ד נב(3) 337, 342 (1997) (להלן: הלכת כתב).""",train
מהו שיקול מרכזי שיש לקחת בחשבון בעת בחינת סוג הרכוש שנגנב?,בעת בחינת הנסיבות נתתי דעתי גם לסוג הרכוש שנגנב או נעשה ניסיון לגנבו וחשיבותו לבעליו כמפורט לעיל.,train
מהי החשיבות של האינטרס הציבורי בעת מיקום הנאשם בגדרי המתחם?,"בעת מיקום הנאשם בגדרי המתחם, נתתי דעתי גם לחשיבות האינטרס הציבורי כאשר עסקינן בעבירות מהסוג הנדון ובכורתו על פני נסיבות אישיות (רע\פ 3857/13 ‏יצחקיאן נ' מדינת ישראל (30.07.2013)).""",train
מהו תפקיד התסקיר והמלצת שירות המבחן בהליך המשפטי?,"בכל הנוגע לתסקיר ולהמלצת שירות המבחן, כידוע המלצתו אינה מחייבת את בית המשפט והתסקיר משמש ככלי עזר בלבד (רע\פ 5731/21 אבו סרחאן נ' מדינת ישראל (22.8.2021)), כששיקולי בית המשפט רחבים מאלה הנשקלים על ידו.""",train
מדוע קיימת חשיבות רבה בהטלת ענישה שתפגע בכיסו של הנאשם בעבירות מסוג זה?,"משבסוג עבירות אלה הקנס הוא ממין העבירה, קיימת חשיבות רבה גם בהטלת ענישה אשר תפגע בכיסו של הנאשם ותלמד כי אין אף רווח כלכלי לצד ביצוען.",train
מהו הקושי הכלכלי העתידי שעלול להיגרם לנאשמים בעקבות העונש?,בעת קביעת מתחם הקנס אף נתתי דעתי לקושי כלכלי עתידי לנאשמים אשר עלול להיגרם כתוצאה מעונש המאסר הממושך המוסכם לנאשם 1.,train
מהו העיקרון שעליו מתבצעת קביעת מתחם העונש ההולם בעבירות מס?,"קביעת מתחם העונש ההולם נעשית על פי עיקרון ההלימה תוך התחשבות בערך החברתי אשר נפגע, במידת הפגיעה בו, במדיניות הענישה הנוהגת ובנסיבות ביצוע העבירה.",train
מדוע יש להתחשב בערכים המוגנים הנפגעים מביצוע העבירות?,"אין להתעלם מכך שמביצוען נפגעים ערכים מוגנים חשובים בדמות ערך השוויון והאמון, וכן נפגע פיקוח הרשות ושיטת גביית המס.",train
מהי חשיבות ההרתעה בעבירות מסוג זה לפי פסיקת בית המשפט העליון?,"אזכיר אף את חשיבותה הכללית של ההרתעה בסוג זה של עבירות, בדמות הרתעת היחיד והרתעת הרבים, וכי על פי פסיקת בית המשפט העליון, האינטרס הציבורי בעבירות אלה מקבל בכורה על פני נסיבות אישיות (עניין יצחקי).",train
מהי החשיבות של מספר האירועים בקביעת מתחם הענישה?,"בקשר לקביעת מספר אירועים ראו גם את דברי כב' השופטת ברק ארז בע\פ 6888/17 שירזי נ' מדינת ישראל (10.12.2018) לפיהם הסיווג לאירועים נועד לתכלית פונקציונלית ככלי עזר, וממילא במישור המהותי מוטל על בית המשפט הקובע מתחם ענישה לשקול את מספר המעשים וחומרתם גם כאשר הם סווגו כאירוע עברייני אחד ומקום בו גוזר בית המשפט עונש כולל, ולא עונש נפרד לכל אירוע, חשיבות מספר האירועים לגזירת העונש פחותה (ראו גם ע\""פ 2454/18 שיינברג נ' מדינת ישראל (5.12.2018) אליהם הפנתה).""",train
כיצד נפגעים הערכים החברתיים בעקבות ביצוע העבירה על ידי הנאשם?,"כך, מביצוע העבירה נפגע ערך השוויון והאמון, וביצועה אף מביא לשיבוש הפעולה התקינה של מנגנון המסים.",train
"מהי הסיבה לכך שטענות הסנגור נגד הגדרת העבירות כ\עבירות נמשכות\"" לא התקבלו?""","נתתי דעתי לטענותיו של הסנגור כנגד הגדרת העבירות בהן הורשע הנאשם כ\עבירות נמשכות\"" והפנייתו לעניין בוני הבירה כמו גם לרציונל שבבסיס ענישה צופה פני עתיד -אך אלה אינן מתקבלות.""",train
מה מראה הקנס הנקבע על ידי הצדדים לגבי חומרת העבירות?,הקנס הנקבע על ידי הצדדים מראה על ההכרה בחומרת העבירות וחשיבות הטלת עונש כספי משמעותי כתוספת לענישה.,train
כיצד משפיע הקושי המשפחתי על הנאשמים בהליך הפלילי?,"נתתי דעתי גם לקושי המשפחתי הממשי לנאשמים, שהם בני זוג ובעלי משפחה מהליך הפלילי והשלכותיו.",train
מהו מתחם הענישה שנקבע לאחר בחינת הענישה הנוהגת והנסיבות?,"בברע עיקרון ההלימה, לאחר בחינת הענישה הנוהגת, נסיבות ביצוע העבירות, מידת הפגיעה בערכים המוגנים ממעשי הנאשם והצורך בהעברת מסר חברתי מרתיע לציבור באשר למחיר לצד ביצוע העבירות בשל הנזק לערכים המוגנים מביצוען, מתחם הענישה באשר לעונש המאסר יקבע בין 10 ועד 24 חודשי מאסר בפועל.",train
כיצד משפיעה עבירת האיומים על ביטחונו של שוטר הממונה על הסדר הציבורי?,"בביצוע עבירת האיומים נפגעת שלוות הנפש והביטחון, במקרה זה של שוטר, אשר אמון על הסדר הציבורי.",train
מהי האלטרנטיבה שהייתה לנאשם במקום שימוש בכספי המסים לצורך תשלום לעובדים?,"ככל שלא היה ביכולתו לעשות כן בשל קשיים כלכליים ואישיים, יכול וצריך היה להפסיק את פעילות עסקו במסגרת הנאשמת, חלף שימוש בכספי המסים לצורך תשלום לעובדים או לאחרים על חשבון הקופה הציבורית.",train
מהי ההשפעה של העבירות על האמון במערכת המסים?,בביצוע העבירות יש אף כדי להביא לשיבוש הפעולה התקינה של מנגנון המסים וממעשי העבירה נפגע האמון אשר ניתן בנישומים כי ידווחו דיווחי אמת כחוק.,train
מדוע יש חשש מהתייחסות סלחנית לאי קיום הוראות החוק?,ברור כי התייחסות סלחנית לאי קיום הוראות החוק עלולה להביא להיעדר מוטיבציה של כלל ציבור משלמי המסים לדווח ולשלם מיסים כנדרש על פי חוק.,train
אילו שיקולים נבחנים במסגרת מבחן האיזון לפי תיקון 113 לחוק העונשין?,בעניין מצגר הוסיף בית המשפט כי בין יתר השיקולים אשר נשקלים במסגרת מבחן האיזון יבחן בית המשפט גם את העונש הראוי לפי תיקון 113 לחוק העונשין וגם זאת בראי חשיבות מוסד הסדרי הטיעון ומדיניות אימוץ הסדרי הטיעון.,train
מהו השיקול שהשפיע על החלטת בית המשפט בענישה במקרה של שיבוש הליכי משפט?,"נתתי דעתי לקשיים הראייתיים אליהם הפנו הצדדים וכך גם לטענת המאשימה לפיה המדובר \בהתחלה של אכיפה\"" ביחס לעבירת השיבוש בה הורשע הנאשם על נסיבותיה ולעמדתה לפיה על הענישה להיות מתונה בתחילתה.""",train
מהו הנזק שנגרם לערכים המוגנים בעקבות העבירות הנדונות?,"הגם שהעבירות הנדונות מכונות לא אחת \עבירות טכניות\"", הנזק אשר נגרם מביצוען לערכים המוגנים אינו טכני כלל ועיקר.""",train
מהי המדיניות הרגילה לגבי עונשי מאסר בעבירות מהסוג הנדון?,"ניתן ללמוד כי באופן רגיל מדיניות הענישה היא מוחשית וכוללת עונשי מאסר משמעותיים לריצוי מאחורי סורג ובריח, בעיקר מקום בו לא הוסרו המחדלים או מקרים בהם דובר בעבירות אשר נעברו בשיטתיות ו/או בסכומים גבוהים.",train
מהו תפקיד השיקולים האישיים והרתעה לפי המחוקק בעת קביעת הענישה?,"על פי המחוקק רשאי בית המשפט ליתן לכלל השיקולים הללו משקל, לצד שיקולי הרתעה.",train
מהי מדיניות הענישה הנוהגת בעבירת פציעה בנסיבות מחמירות תוך נשיאת נשק קר?,"אשר למדיניות הענישה הנוהגת בעבירת הפציעה בנסיבות מחמירות תוך נשיאת נשק קר, לא יכול להיות חולק כי על פי ההלכה הפסוקה נקבעה ענישה מחמירה לצידה, הכוללת עונשי מאסר ממשיים, פעמים רבות לתקופה לא מבוטלת, לצד ענישה נלווית.",train
מהו מתחם הקנס שנקבע בנסיבות הנדונות?,"בנסיבות הנדונות, בשים לב לקנס שנגזר בעניין אריק כהן ותוך מתן משקל לניסיונות הנאשם לשקם את חייו, מצאתי להעמיד את מתחם הקנס בין 30,000 ₪  ו- 80,000 ₪.",train
מדוע יש להעדיף את האינטרס הציבורי בעת גזירת הדין בעבירות מס?,"בשל כך, לאור חשיבות ההרתעה ובכללה הרתעת הרבים, נקבע לא אחת כי בעת גזירת הדין יש ליתן לאינטרס הציבורי בכורה על פני נסיבות אישיות, וכי דרך המלך היא גזירת עונש של מאסר בפועל בגין ביצוען (ע\פ 9004/18 יצחקי נ' מדינת ישראל [פורסם בנבו] (31.12.2018) (להלן: \""עניין יצחקי\"")).""",train
מהו העקרון המנחה בענישה אשר קובע את מתחם העונש ההולם?,"כידוע, מתחם העונש ההולם נקבע בהתאם לעקרון המנחה בענישה, היינו קיומו של יחס הולם בין חומרת מעשה העבירה בנסיבותיו ומידת אשמו של הנאשם, לבין סוג ומידת העונש המוטל עליו, תוך התחשבות בערך החברתי אשר נפגע, במידת הפגיעה בו, בנסיבות הקשורות בביצוע העבירה ובמדיניות הענישה הנהוגה.",train
כיצד התייחס בית המשפט לעבירות אי העברת הניכויים בקביעת מתחם הענישה?,"באשר לעבירות אי העברת הניכויים, מצאתי להתייחס לכולן כאירוע  אחד ולהעמיד את המתחם הכולל בין מאסר על תנאי ל – 7 חודשי מאסר בשים לב גם לסכום העבירות.",train
מהו העיקרון שעל פיו נקבעת מתחם העונש ההולם בעבירות מס?,קביעת מתחם העונש ההולם נעשית על פי עקרון ההלימה.,train
על מה נתת דעתך בנוגע לערכים המוגנים שנפגעו מהעבירות?,"במסגרת זו, נתתי דעתי לערכים המוגנים אשר נפגעו מביצוע העבירות השונות שבוצעו על ידי הנאשם.",train
מהי המשמעות של הסרת מחדלים בעבירות מס הכנסה?,"כידוע, להסרת מחדלים בסוג זה של עבירות משמעות רבה לעניין הענישה.",train
מהי ההמלצה לעונש במקרה זה בהתחשב במצבו האישי של הנאשם?,"במקרה דנן, לאחר בחינת הנסיבות כולן והענישה הנוהגת מצאתי כי חרף מצבו האישי המורכב של הנאשם בעת ביצוע העבירות המביא למיתון הנסיבות, עיקרון ההלימה מחייב קביעת עונש מאסר קצר אותו ניתן לרצות בעבודות שירות בתחתית מתחם הענישה, וכך אני קובעת.",train
כיצד משפיעה הסרת המחדלים על עונשם של נאשמים בעבירות ריבוי בהיקף ניכר?,"בחנתי את כלל המפורט לעיל, ואף נתתי דעתי לפסיקה אליה הפנתה ההגנה בענ/3 ובענ/4 המלמדת כי קיימים מקרים רבים בהם עונשם של נאשמים נקבע על מאסר על תנאי וקנס, לעיתים לצד של\צ, מקום בו הסירו הנאשמים את מלוא המחדלים, גם במקרה של ריבוי עבירות שהיקפן ניכר ואשר בוצעו באופן שיטתי.""",train
כיצד משפיעה שיטתיות ביצוע העבירות על הערכתן?,"בעת בחינת נסיבות ביצוע העבירות יש לתת את הדעת לכך שהעבירות בוצעו על ידי הנאשמת ביחד עם הנאשם 2 במרבית התקופה, לשיטתיות שבביצוען (משך חמש שנים), ולכך שבבסיסן מרמה, תכנון ותחכום.",train
כיצד משפיע מועד ההודאה על יכולת הנאשם ליהנות מהקלה?,ככל שהדבר נעשה בשלב מאוחר יותר של ההליך כך יכולתו ליהנות מהקלה בזכות ההודיה קטנה.,train
מדוע החוק אוסר על שימוש וסחר בקנבוס?,"עם זאת, כידוע, החוק אוסר שימוש ובוודאי סחר בקנבוס, וקיים נזק אמיתי לערכים המוגנים מביצוע עבירה זו.",train
מהן ההשלכות של צריכת אלכוהול על ידי הנאשם בהקשר להפרת צו הפיקוח?,"ביחס להפרת צו הפיקוח בתיק העיקרי, יש לתת את הדעת לסוג ההפרה, צריכת אלכוהול על ידי הנאשם מחוץ לביתו ושהייתו מחוץ לבית כשגופו שרידי אלכוהול, לכך שאלכוהול מסיר עכבות (כפי שאף ציין הסנגור), ולפוטנציאל הסיכון שלצד ההפרה בראי הערכים המוגנים בעבירה.",train
מהו תפקידם של הנאשמים בהעברת הכספים לרשות המסים בהקשר לעבירות של אי העברת ניכויים?,"בקשר לעבירות של אי העברת ניכויים יש לתת את הדעת לכך שהנאשמים הם למעשה \צינור\"" של הרשות לצורך העברת הכספים אליה וניתן בהם אמון כי כך יעשו.""",train
מהי החשיבות של הרתעה בעבירות מס וכיצד היא משפיעה על הענישה?,"צוינה חשיבות הרתעת היחיד והרבים בסוג זה של עבירות נוכח מאפייניהן, ואף נקבע כי בסוג של עבירות אלה תינתן הבכורה לאינטרס הציבורי.",train
מהו הנזק הפוטנציאלי שהוזכר על ידי בית המשפט בנוגע לסם מסוג זה?,במקרה זה הפנה בית המשפט לנזק הפוטנציאלי הרב בסם מסוג זה נוכח מאפייניו.,train
מדוע נחשבת ההרתעה בעבירות כלכליות לחשובה במיוחד?,"בנוסף, נתתי דעתי לחשיבות ההרתעה בסוג זה של עבירות, לאור הקלות הבלתי נסבלת והפיתוי הרב לביצוען (עניין יצחקי, ע\פ 8345/15 אוחנה נ' מדינת ישראל [פורסם בנבו] (19.9.2017) (להלן: \""עניין אוחנה\""), פסקה 32, רע\""פ 1929/18 אריאלי נ' מדינת ישראל [פורסם בנבו] (26.4.2018)) ולכך שאפקט ההרתעה בעבירות כלכליות הוא בדרך כלל בעל משקל רב יותר מאשר בעבירות אחרות וגם מכאן חשיבותו (עניין אוחנה (פסקה 32) וע\""פ 3927/16 מדינת ישראל נ' בר זיו [פורסם בנבו] (23.2.2017)).""",train
מהן השינויים האישיים שחלו בנאשם מאז ביצוע העבירה?,"בעת בחינת נסיבותיו האישיות של הנאשם לא נעלם ממני כי מאז ביצוע העבירה עברו כשנתיים במהלכן התחתן, לטענתו קיבל טיפול בתחום ההתמכרות לסמים, ומכך שהביע בפניי רצון להשתלב בטיפול.",train
כיצד יש לבחון את סבירותו של הסדר טיעון כאשר הצדדים הסכימו על טווח ענישה?,"על פי הגישה הרווחת, גם מקום בו הסכימו הצדדים בהסדר טיעון על טווח ענישה, ובכלל זאת מקרה בו הסכימה המאשימה להגביל עצמה לעונש מסוים בעוד שההגנה חופשיה בטיעוניה, יש לבחון את סבירותו של ההסדר במבחן האיזון בהתאם לאמות מידה מקובלות המעוגנות בתיקון 113 לחוק העונשין (עניין מצגר, פסקה 12 (30.4.2017)).",train
מדוע הנאשם לא יכול להנות מהקלות בעונש?,"משלא פעל להסרת המחדלים, הנאשם אף אינו יכול להנות מאותה הקלה ממשית בענישה הניתנת פעמים רבות למי שפועל כאמור.",train
מדוע קיימת חשיבות לענישה מרתיעה בעבירות מס?,משכך אף קיימת חשיבות רבה לענישה מרתיעה לצידן.,train
מהו הנזק שנגרם לקופה הציבורית כתוצאה מביצוע העבירות המיוחסות לנאשמים?,"כתוצאה מביצוע העבירות נגרם באופן תדיר נזק רב לקופה הציבורית, וכן נפגע עיקרון השוויון בנשיאת נטל המס ואמון הציבור.",train
"כיצד משפיעה כמות העבירות שביצעו הנאשמים על מדיניות הענישה בעבירות אי הגשת דוח למע\מ?""","באשר למדיניות הענישה הנוהגת בקשר לעבירה של אי הגשת דוח במועד למע\מ, גם כאן מושפעת מדיניות הענישה מכמות העבירות אשר בוצעו, השיטתיות ביצוען והנזק שנגרם לאוצר המדינה.""",train
מהו השיקול שהנחה את בית המשפט בבחינת הענישה המוסכמת ביחס לנסיבות הנאשמים?,בחנתי את הענישה המוסכמת אף בראי נסיבות ומאפייני הנאשמים שאינם קשורים בביצוע העבירות.,train
כיצד שיקול הדעת של הערכאה הדיונית משפיע על יישום סעיף 40ד(א)?,"ראו גם ת\פ (מחוזי ח\""י) 48024-03-17 מדינת ישראל נ' פיבושנקו (14.6.2018) שם הבהיר בית המשפט כי יישום סעיף 40ד(א) לחוק העונשין נתון במידה רבה לשיקול דעתה של הערכאה הדיונית, המתרשמת מסיכויי השיקום ומעריכה אותם.""",train
כיצד משפיעה העובדה שלא נגרם נזק משמעותי על נסיבות ביצוע העבירות?,"בהתאם לכך, כחלק מנסיבות ביצוע העבירות תישקל העובדה שלא נגרם נזק משמעותי כתוצאה מביצוען בפן הכספי לאור התיקון שביצעו הנאשמים בספרי הנהלת החשבונות של הנאשמת כאמור.",train
מהו המאפיין המרכזי של מתחם הענישה כפי שמתואר בפסק הדין?,"כידוע, מתחם הענישה אינו עניין אריתמטי פשוט אלא מגלם הכרעה ערכית המבוססת על שיקולים שונים שמדיניות הענישה היא רק אחד מהם, כשעצם העובדה שלעולם יוכל כל צד למצוא פסקי דין התומכים בעמדתו מלמדת כי אין המדובר במדד מדויק.",train
כיצד השפיע מצבה הנפשי של הנאשמת על המשקל שניתן לאי התייצבותה לדיונים?,"נתתי דעתי לאי התייצבות הנאשמת לדיונים, אך לא מצאתי ליתן לכך משקל ממשי, בפרט נוכח מצבה הנפשי הירוד והעובדה שלפחות לחלק מהדיונים לא התייצבה בשל מצבה המורכב.",train
כיצד משפיעות הנסיבות המיוחדות על ההבנה של חומרת העבירות במקרה זה?," לצד זאת, לאחר עיון בתסקירים ושמיעת עדות ההגנה והנאשם לא יכול להיות חולק כי המדובר במקרה זה בנסיבות מיוחדות ומורכבות, חרף חומרתן של העבירות.",train
מהו מתחם העונש ההולם במקרה זה בהתחשב בנסיבות ביצוע העבירה?,"בברא המפורט לעיל, בשים לב לנסיבות ביצוע העבירה והחבלות אשר נגרמו למתלוננת, ובשים לב לצורך במאבק בתופעת האלימות במשפחה, חרף העובדה שקיימים גזרי דין בהם נקבע ברף התחתון של המתחם עונש של מאסר על תנאי (לעיתים לצד של\צ), לטעמי, במקרה דנן, מתחם העונש ההולם הוא בין מאסר לתקופה קצרה, אותו ניתן לרצות בעבודות שירות ועד 12 חודשי מאסר בפועל.""",train
מהו השיקול המרכזי שנלקח בחשבון בנוגע לאכיפה הפלילית של העבירות הקשורות להנמכת מחיר בייבוא אישי של רכבים?,"נתתי דעתי כאמור לראשוניות האכיפה הפלילית של העבירות בנוגע להנמכת מחיר בקשר לייבוא אישי של רכבים, לעובדה שאיש מלקוחות הנאשם לא הועמד לדין פלילי בפרשה, ולכך שחרף חלוף הזמן מאז ביצוע העבירות והחקירה, לא הורשע הנאשם בביצוע עבירות פליליות נוספות.",train
כיצד ניתן לתאר את מידת הפגיעה בערכים המוגנים ממעשי נאשמת 1?,"מידת הפגיעה בערכים המוגנים ממעשי נאשמת 1 איננה מבוטלת, אך לא נמצאת ברף הגבוה.",train
מה ההבחנה בין טווח ענישה למתחם ענישה לפי עקרונות בית המשפט?,"בית המשפט אף הבהיר את ההבחנה בין טווח ענישה, המשקף את כוח המיקוח של הצדדים לבין מתחם ענישה המשקף קביעה נורמטיבית של בית המשפט.",train
מהי מסקנתך לגבי מיקום עונשו של הנאשם במתחם הענישה שנקבע?,בראי כלל המפורט לעיל מסקנתי היא כי ראוי למקם את עונשו של הנאשם בחלק התחתון של מתחם הענישה שנקבע אך לא בתחתיתו.,train
מהו תפקיד הנסיבות שאינן קשורות לביצוע העבירות בעת קביעת העונש בגדרי המתחם?,"בעת קביעת העונש בגדרי המתחם רשאי בית המשפט לשקול נסיבות שאינן קשורות לביצוע העבירות, בעוד שנסיבות הקשורות לביצוען נשקלות בעת קביעתו (סעיפים 40ט(א) ו-40יא לחוק העונשין).",train
מה השפעת הפגיעה בבני משפחתו של ניר על גזר הדין?,"נתתי דעתי לפגיעה בבני משפחתו של ניר מהעונש שייגזר עליו, וכן לנכונותם לתמוך בו, והדברים עלו באופן ברור בעדותם לעונש.",train
מדוע לא ניתן לייחס לנאשם 2 הסרת מחדל מלאה במקרה זה?,"משלא שולם המס המתחייב מדוחות נאשמת 1 לשנים 2013 ו-2014, לא ניתן לייחס לנאשם 2 הסרת מחדל מלאה וליתן לו את ההקלה בעונש המתלווה אליה במקרים רבים.",train
מהו הקשר בין גודל האמון שניתן לבין עומק הפגיעה במקרה של הפרתו?,כגודל האמון שניתן – כך עומק הפגיעה כשזה מופר.,train
כיצד מתייחסת הפסיקה לעבירות הדחה בחקירה בהקשר של מתחם הענישה?,"מבחינת העבירות ההדחה בחקירה, אמנם הפסיקה אליה הפנתה המאשימה מתייחסת בעיקרה לנסיבות כוללות חמורות יותר, אך האמירה הנורמטיבית בה לפיה עבירה זו ראויה להתייחסות מחמירה רלבנטית גם לעניינו.",train
כיצד משפיעה חוסר החשש של המתלוננת מהנאשם על ההחלטה בעניינו?,"על פי התסקיר אשר התקבל המתלוננת איננה חוששת מהנאשם, ויש בכך כדי להשפיע לקולא במידת מה.",train
מהו הגורם המרכזי שמשפיע על מדיניות הענישה בעבירות מס הכנסה?,"באשר למדיניות הענישה הנוהגת, כפי שקבעתי בת\פ (שלום ת\""א) 52696-08-16 מדור תביעות מס הכנסה תל אביב נ' א.ג. אוקיינוס בע\""מ (28.10.2019) (ערעור תלוי ועומד), הדומה בחלק מנסיבותיו, מדיניות הענישה הנוהגת בעבירות הנדונות מושפעת מהשיטתיות שבמעשים והיקפם, מהנזק שנגרם, כמו גם מהסרת המחדל.""",train
מהו הכלל לגבי התערבות בית המשפט בהסדר טיעון בין הצדדים?,"הכלל הוא כי בית המשפט יטה לכבד הסדר טיעון בין הצדדים ויתערב בו רק מטעמים מוצדקים, לאחר בחינתו במבחן האיזון אשר נקבע בע\פ 1958/98 פלוני נ' מדינת ישראל [פורסם בנבו] (25.12.2002).""",train
מה יש לקחת בחשבון בעת קביעת מתחם הענישה בנוגע למעורבים בתוכנית העבריינית?,"בהתאם לכך, בעת קביעת מתחם הענישה יש לקחת בחשבון את ההבדלים בין המעורבים בתוכנית העבריינית מבחינת נטל הפעילות, התפקיד שנשא ומידת אשמתו.",train
מדוע יש לשקול את השפעת עונש המאסר על הנאשם ומשפחתו?,אין ספק כי עונש מאסר עלול לפגוע בו ובמשפחתו ויש ליתן לכך את הדעת.,train
מדוע פוגעת העבירה בפיקוח רשות המסים?,"עבירה זו אף פוגעת בפיקוח רשות המסים כששיטת המס במחוזותינו מבוססת על האמון שנותנת רשות המסים בעוסק, שיגיש דיווחיו כדין וישלם את המס הנובע מהם.",train
מהו השיקול שהשפיע על עונשו של הנאשם בהתחשב בהתנהגות המתלונן במהלך האירוע?,"חשוב לציין בהקשר זה כי לטעמי הגם שאין  להקל ראש כלל בעבירה שביצע הנאשם, יש לתת את הדעת שגם המתלונן עצמו קילל את הנאשם ועל פי הנחזה בסרטון, שפת הגוף של הנאשם והמתלונן כאחד הייתה אלימה.",train
מהו השיקול שהוביל להימנע מענישה מחמירה יותר במקרה של הנאשם?,"אין המדובר במובן מאיליו בנסיבותיו של הנאשם ולאור עברו הפלילי המפורט לעיל, אשר היו מצדיקים באופן רגיל יותר ענישה מחמירה יותר מסוג מאסר ולו לריצוי בעבודות שירות.",train
כיצד משפיעה ניהול ההליך על זכאות הנאשם להקלות בעונש?,"עובדת ניהול ההליך אינה נזקפת כמובן לחובתו של הנאשם, אך אין הוא יכול ליהנות מההקלה הניתנת למי שהודה, הביע חרטה ואף חסך בכך זמן שיפוטי יקר.",train
מהו תוצאת ניהול ההוכחות במקרה זה והשפעתה על העונש שניתן?,"ניהול ההוכחות אף התברר כמוצדק בסופו של יום משהנאשם זוכה מביצוע עבירת האיומים בה הואשם, בהכרעת הדין צוינו נסיבות רלבנטיות נוספות בקשר לביצוע העבירה שלא צוינו בכתב האישום, ואשר נשקלו לקולא על ידי בעת קביעת מתחם הענישה, והוא הורשע בסופו של יום בעבירה של תקיפה הגורמת חבלה ממשית חלף עבירה של חבלה חמורה בה הואשם.",train
מהו הכלל לגבי כיבוד הסדר טיעון על ידי בית המשפט?,"הכלל הוא כי בית המשפט יטה לכבד הסדר טיעון בין הצדדים ויתערב בו רק מטעמים מוצדקים, לאחר בחינתו במבחן האיזון אשר נקבע בע\פ 1958/98 פלוני נ' מדינת ישראל.""",train
מדוע קשה להלום טענה לפיה העבירות בוצעו על רקע קושי כלכלי?,"בנסיבות אלה, קשה להלום טענה לפיה העבירות בוצעו על רקע קושי כלכלי, ובכל מקרה וגם אם היה קיים אותו קושי כלכלי נטען- אין בו כדי להצדיק או להפחית באופן ניכר, בנסיבות המקרה דנן, מחומרת העבירה.",train
כיצד משפיעה תקופת החקירה הארוכה על הנאשם בעבירות מס?,"מבלי להתעלם מכך שבסוג זה של עבירות, ביצוע העבירות מתגלה פעמים רבות שנים לאחר ביצוען, וגם חקירתן אורכת זמן, יש לתת את הדעת לקושי כאמור להתמודד עם עננת החשדות עבור הנאשם משך שנים ארוכות, על אחת כמה וכמה כשבסופו של יום כתב האישום המקורי אשר הוגש כנגדו תוקן כאמור לקולא באופן ממשי.",train
מהו העונש הרגיל המוטל בעבירות מס הכנסה כאשר המחדלים לא הוסרו?,"ניתן ללמוד כי באופן רגיל מדיניות הענישה היא מוחשית וכוללת עונשי מאסר משמעותיים לריצוי מאחורי סורג ובריח, בעיקר מקום בו לא הוסרו המחדלים ובהם דובר בעבירות אשר נעברו בשיטתיות ו/או בסכומים גבוהים.",train
מהו השיקול המרכזי שמדגישים בתי המשפט בעבירות מסוג זה?,"מבחינת הפסיקה עולה כי בתי המשפט שבים ומדגישים את חשיבות ההרתעה בסוג זה של עבירות, ובכללה הרתעת הרבים, ואת בכורתו של האינטרס הציבורי על פני נסיבות אישיות.",train
כיצד יש להתייחס לנסיבות ביצוע העבירה במקרה זה?,"בהתייחס לנסיבות ביצוע העבירה, יש ליתן את הדעת לעובדה שאין המדובר במעשים מתוכננים ויזומים, אלא בהתנהגות אימפולסיבית וספונטנית מצד הנאשם.",train
מהו הקו המנחה במקרים של שיקום הנאשם על פי ההלכה שנקבעה?,עוד נקבע כי במקרים מסוג זה הקו המנחה הוא שימור סיכויי השיקום גם תוך פגיעה מסוימת בשיקולי ההלימה.,train
מדוע יש להעדיף את האינטרס הציבורי בעת גזירת הדין בעבירות מס?,"בשל כך, לאור חשיבות ההרתעה ובכללה הרתעת הרבים, נקבע לא אחת כי בעת גזירת הדין יש ליתן לאינטרס הציבורי בכורה על פני נסיבות אישיות.",train
מהו הקושי האינהרנטי שבגילוי עבירות שנעשו בין השנים 2004 ל-2011?,"חלוף הזמן מאז ביצוע העבירות מ-2004 עד 2011 מדגים את הקושי האינהרנטי שבגילוי עבירות מהסוג הנדון, במיוחד כשהן מבוצעות בתחכום ובחשאי, ואין מקום לתת הקלה לנאשם בגין פרק הזמן שחלף.",train
כיצד פוגעות העבירות בחופש הרצון והפעולה של פקיד השומה?,"בעבירות האלה יש כדי לפגוע גם בחופש הרצון והפעולה וביכולתו של פקיד השומה במקרה זה לקבל החלטות מושכלות ונכונות, ואף לפגוע ברשויות המדינה וסמכויות השלטון, ובשלום וברכוש הציבור.",train
אילו גורמי סיכון ציין שירות המבחן בעניינו של הנאשם?,"נתתי דעתי לגורמי הסיכון שציין שירות המבחן בעניינו של הנאשם, ובכללם חומרת העבירות ומהותן, קשייו בהצבת גבולות, ודפוסי הסתרה וקושי במתן אמון וקבלת סיוע מגורמים חיצוניים במישור הרגשי והמקצועי.",train
מהו ההסבר לעמדה המובילה לעונש מאסר לנאשם בעבירות מסוג זה?,אמנם ניתן לומר כי עתירה לעונש של מאסר מאחורי סורג ובריח לנאשם היא עמדה ראויה ומובנת בסוג זה של עבירות ונוכח עברו הפלילי של הנאשם.,train
מה מלמדת בחינת מעשי הנאשם על הפגיעה בערכים המוגנים ובשלוות נפשה של המתלוננת?,"בחינת מעשי הנאשם בכללותם ממבט על מלמדת על פגיעה שאיננה זניחה בערכים המוגנים, במתלוננת, ואף בשלוות נפשה של אחותה מהמעשים, כמו גם באמון שניתן בו על ידי בית המשפט בעת קביעת ההוראה החוקית, כי לא יפרה.",train
"מהו הכלל לגבי העונש המוטל על מבצעי העבירה הנדונה, ומהן החריגים לכך?","בעת החלטה, נתתי דעת לכך שחרף הכלל לפיו דינם של מבצעי העבירה הנדונה הוא מאחורי סורג ובריח, כפי שהודגם במסגרת סקירת הפסיקה שלעיל, קיימים מקרים בהם נגזרו על מבצעי העבירה עונשי מאסר לריצוי בעבודות שירות, אף למשך 6 חודשים, ועוד טרם כניסתו לתוקף של תיקון 133 לחוק העונשין אשר האריך את תקופת המאסר אותה ניתן לרצות בעבודות שירות ל-9 חודשים במסגרת הוראת שעה למשך שנתיים.",train
מהו האיזון הנדרש בין רכיבי הענישה הנגזרים על נאשם?,יש לאזן בין רכיבי הענישה הנגזרים על נאשם.,train
מהו העונש שנגזר על יעקב שמואל בתיק הפלילי השני בעניינו?,"מעיון בגזר הדין בתיק הפלילי השני בעניינו של יעקב שמואל עולה כי המדובר בעונש של 24 חודשי מאסר שנגזר תוך אימוץ הסדר טיעון לריצוי חופף באופן מלא לעונש שנגזר עליו בתיק הראשון כאמור, לאור נסיבות מיוחדות וביניהן הטענות להבטחה שלטונית והסתמכות של יעקב שמואל על כך שהסדר הטיעון בתיק הפלילי הראשון סיים את כל התיקים הפליליים התלויים ועומדים נגדו ברשויות המס.",train
מהי הסיבה לכך שהדיון בשאלת המאסר המותנה מתייתר במקרה זה?,"בנסיבות בהן מצאתי להפעיל את המאסר המותנה, מתייתר כאמור הצורך בדיון בשאלה האם יש להתייחס למאסר המותנה במקרה זה כחב או בר הפעלה (בשים לב לכך שבוצעו שתי עבירות תקיפה על ידי הנאשם, אך גם בשים לב לנסיבות ביצוען).",train
מהי מדיניות הענישה הנוהגת בעבירות מס וכיצד היא מושפעת מגורמים שונים?,"לעניין ענישה נוהגת, מבחינתה עולה כי מדיניות הענישה בסוג זה של עבירות היא מחמירה בדרך כלל ומושפעת ממידת התחכום, משך ביצוע העבירות, מספרן, השיטתיות שבביצוען וסכומי המס אשר נגזלו מהקופה הציבורית.",train
מהו הממצא המשפטי בנוגע לנסיבות החריגה מהמתחמים בעניינם של הנאשמים?,"למרות טענות הסנגורים, אינני מוצאת כי מתקיימות נסיבות לחריגה מהמתחמים בעניינם של הנאשמים.",train
מהי חשיבות הקנס בעבירות מסוג זה?,"בסוג זה של עבירות, הקנס הוא ממין העבירה ומכאן החשיבות שבהטלתו.",train
מהו הקריטריון שמגדיר את תחתיתו של המתחם בעונש במקרה זה?,"לטעמי, תחתיתו של המתחם שמורה לאותם מקרים בהם נהיר כי הנאשם, בנסיבותיו המיוחדות של המקרה,  הפנים את חומרת מעשיו והביע חרטה אמיתית וכנה – אין זה המקרה בעניינו.",train
מהו השיקול שהוביל להכרה ברצון הטוב של הנאשם לתקן את הנזק הכספי שגרם?,ענין זה יישקל לזכותו משיש בכך כדי להעיד על רצונו הטוב להביא לתיקון הנזק הכספי שגרם במעשיו.,train
מהו היסוד המשפטי המצביע על הצורך בעונש ממשי ומרתיע במקרה של הנאשם?,"די בעבירות בהן הורשע בשנים האחרונות, בין היתר בגין מעשים כלפי אותה מתלוננת או בקשר אליה, כשהנאשם לא הורתע ממאסר על תנאי שהיה תלוי ועומד נגדו, או מעונש מאסר בפועל שריצה בעברו - כדי ללמד שעל עונשו של הנאשם להיות ממשי, קונקרטי ומרתיע.",train
מדוע יש להעדיף את האינטרס הציבורי על פני נסיבות אישיות בעת גזירת הדין?,"בשל כך, לאור הערכים המוגנים החשובים שנפגעים מביצוע העבירות ולאור חשיבות ההרתעה ובכללה הרתעת הרבים, נקבע לא אחת כי בעת גזירת הדין בעבירות הנדונות יש ליתן לאינטרס הציבורי בכורה על פני נסיבות אישיות.",train
כיצד נבחנת השאלה אם העבירה הנוספת נחשבת לתנאי?,"השאלה האם העבירה הנוספת באה בגדרי התנאי נבחנת גם על פי הערך החברתי הנפגע מביצוע העבירה (ע\פ 412/84 דוויק נ' מדינת ישראל [פורסם בנבו] (27.3.1985))""",train
מדוע יש חשיבות בהטלת קנס בעבירות מסוג זה?,"בסוג זה של עבירות, הקנס הוא ממין העבירה ומכאן החשיבות שבהטלתו.",train
מהו האינטרס הציבורי שנפגע בעבירות אלו?,עבירות אלה אף חותרות תחת האינטרס הציבורי של הגנה על סדרי משטר תקינים.,train
מהן העובדות שנשקלו בנוגע למצבו האישי של הנאשם?,"כן שקלתי את העובדה שהנאשם פושט רגל על המשמעויות הנובעות מכך, את העובדה שבית מגוריו נמכר ובני המשפחה פונו מהבית, את העובדה ששתיים מבנותיו קטינות, את מצבו הרפואי הקשה וחוסר יכולתו לעבוד, וכן את העובדה שאינו מקבל קצבה מהמל\ל בשלב זה.""",train
מדוע יש חשיבות למוטיבציה של ציבור משלמי המסים לדווח ולשלם מסיהם כנדרש?,"התייחסות סלחנית לאי קיום הוראות החוק תביא להיעדר מוטיבציה של כלל ציבור משלמי המסים לדווח ולשלם מסיהם כנדרש, ויש לזכור שכשבעבירות על פי חוק מע\מ עסקינן, הנאשם הוא צינור של הרשות בלבד לצורך העברת הכספים אליה.""",train
מהי עמדת בית המשפט לגבי השפעת קביעות אליצור סגל על גזר הדין במקרה הנוכחי?,"בסופו של דבר, אינני מוצאת כי יש לקביעות שבעניין אליצור סגל כדי למתן, במסגרת גזר הדין, את ההתייחסות לנסיבות ביצוע העבירות במקרה שלפני, וודאי שלא במידה בעלת משמעות ממשית.",train
כיצד משפיעים העדויות שהוצגו על מידת הפגיעה בערכים המוגנים במקרה זה?,במפורט לעיל יש כדי למתן באופן ממשי את מידת הפגיעה בערכים המוגנים.,train
מהי חשיבות ההגנה על שומרים במהלך ביצוע תפקידם?,"עוד יש לציין את חשיבות ההגנה על שומרים, העושים מלאכתם נאמנה, על מנת להבטיח שיבצעו תפקידם ללא מורא ואת חשיבותה של ההרתעה במקרים מסוג זה.",train
באילו מקרים מתחשב בית המשפט במצב רפואי של נאשמים גם ללא סכנה לחייהם?,"קיימים מקרים בהם התחשב בית המשפט משיקולי צדק בעונש בשל מצב רפואי גם בעניין נאשמים שלא בוסס כי נשקפת סכנה לחייהם, אך נסיבותיהם הרפואיות הן כאלה שריצוי עונש מאסר בפועל על ידם יהיה כבד פי כמה בהשוואה לעונש אשר יוטל על אדם בריא.",train
מהי החשיבות של הענישה הכספית בעבירות מסוג זה?,"לעניין מתחם הקנס, בסוג זה של עבירות קיימת חשיבות ממשית לענישה כספית משמעותית אשר תלמד כי אין אף תועלת כלכלית לצד ביצוען.",train
מהו האינטרס הציבורי שהשפיע על ההחלטה להטיל עונש מחמיר על הנאשם?,"לטעמי, לאחר בחינת כלל הנסיבות וחומרתן, גם בראי נסיבותיו האישיות המורכבות של הנאשם, מחייב האינטרס הציבורי השתת ענישה מחמירה מזו.",train
מדוע המלצת שירות המבחן אינה מחייבת את בית המשפט בקביעת העונש?,"חשוב לזכור כי המלצת שירות מבחן כשמה כן היא, על אף חשיבותה שיקולי בית המשפט בעת קביעת עונשו של נאשם מגוונים ורחבים יותר.",train
מהי ההכרה של הנאשמת בחומרת המעשים וכיצד היא משפיעה על הענישה?,"בנוסף, שקלתי לזכותה את המפורט בתסקיר לפיו קיבלה אחריות מלאה על ביצוע העבירות וביטאה הכרה בחומרת המעשים, כשלדבריה התקשתה להפעיל שיקול דעת תקין בניהול עסקה בתקופה הרלוונטית לאור מצבה האישי המורכב.",train
מהי המסקנה לגבי רף הענישה במקרה זה על פי כלל הנסיבות?,"מבלי להתעלם מן האמור, שכלול כלל הנסיבות המפורטות לעיל מביא למסקנה כי במקרה זה נכון וראוי למקם את עונשו של הנאשם ברף התחתון של מתחם הענישה שנקבע, ולגזור את עונשו לריצוי בעבודות שירות.",train
מדוע הרווח מהמשך השיקום של הנאשם עולה על הנזק האפשרי לשיקולי ההלימה?,"בנסיבות אלה, הרווח מהמשך השיקום לנאשם ולאינטרס הציבורי עולה על הנזק (ככל שכזה קיים) מהפגיעה בשיקולי ההלימה בעשרות מונים.",train
מהי המשמעות של תקיפה במקום ציבורי על תחושת הביטחון של הציבור?,"עוד יש לתת את הדעת לכך שהתקיפה בוצעה בחנות, מקום ציבורי בו נמצאים בני אדם אחרים ויש בה כדי לפגוע בתחושת ביטחון הציבור בכללותו.",train
מהו ההסבר להיקף הקנס והחילוט שהוטלו על התאגיד במסגרת הסדר הטיעון?,"השתת הקנס והחילוט עליהם הוסכם והיקפם הולמים לטעמי מדיניות ענישה סבירה כנגד תאגיד המבצע עבירה מסוג זה, במסגרת הסדר הטיעון אליו הגיעו הצדדים על נסיבותיו.",train
מה מלמדות נסיבות ביצוע העבירות על הפגיעה בערכים המוגנים?,נסיבות ביצוע העבירות במקרה זה מלמדות על פגיעה ממשית בערכים המוגנים.,train
מהו היסוד המרכזי שהצביע על מעורבות הנאשמים בתוכנית העבריינית לביצוע הירי?,"זאת לאור התכנון והערכות המוקפדת בחבורה לביצוע הירי, כשהנסיבות מעידות על מעורבות רבה של כולם בהוצאת התוכנית העבריינית לפועל.",train
כיצד משפיע מצב כלכלי של הנאשם על הענישה בעבירות מס מורכבות?,"בבראיה של אופי וסוג העבירות, כמו גם המרמה והתחכום שבביצוען, אין בטענה למצבו הכלכלי של הנאשם בתקופת ביצוע העבירות כדי למתן באופן ממשי את הנסיבות.",train
מהו השיקול שצריך להתחשב בו בנוגע לנזק הכספי שנגרם לקופת המדינה?,"בעת בחינת הנסיבות, יש לתת את הדעת לקולא לכך שבמקרה זה, הלכה למעשה, לא נגרם נזק כספי משמעותי לקופת המדינה מביצוע העבירות.",train
מהו תפקידו של הנאשם כייעוץ מס בהקשר לחובת האמון המוגברת?,"מידת הפגיעה בערכים המוגנים במקרה זה היא ממשית כאמור, ואף מתעצמת נוכח תפקידו ומקצועו של הנאשם כיועץ מס, החב חובת אמון מוגברת לרשות.",train
מדוע לא התקיימו נסיבות לחריגה מהמתחמים במקרה זה?,"במקרה הנדון לא מתקיימות נסיבות לחריגה מהמתחמים, למרות מצבו הרפואי הקשה של הנאשם, בהתאם לקווים המנחים שנקבעו ביחס לכך בע\פ 4456/14 קלנר נ' מדינת ישראל (29.12.2015), בפרק הדן בע\""פ 5669/14 לופוליאנסקי נ' מדינת ישראל.""",train
"מה נקבע בע\פ 1901/19 לגבי קביעת מתחם ענישה בהסדר טיעון?""","בע\פ 1901/19 שמעון אסולין נ' מדינת ישראל (31.5.2020) נקבע כי בית המשפט רשאי לקבוע מתחם ענישה גם מקום בו הגיעו הצדדים להסדר טיעון, ובכלל זאת להסדר טיעון מהסוג הנדון, וראוי שכך יעשה.""",train
מה יש לקחת בחשבון כאשר העבירות בוצעו על פני שתי שנות מס?,במקרה דנן יש לתת את הדעת לכך שהעבירות בוצעו על פני שתי שנות מס ואין המדובר במקרה בו על רקע קושי כלכלי הפסיקו הנאשמות בפעילות בתום השנה לגביה לא הוגש דוח במועד.,train
מהן הערכים המוגנים בעבירות מס קניה וכיצד הם משפיעים על כלכלת המדינה?,"הערכים המוגנים בעבירות דנן, ובעבירות המס בכללותן ובכללן עבירות על פי חוק מס קניה, נוגעים לחשיבותה של הקופה הציבורית לכלכלת המדינה וביטחונה.",train
מהו המסר שהענישה בסוג זה של עבירה נועדה להעביר לכל מי שמתכוון לקחת חלק בשרשרת הפצת הסם?,עוד ציין בית המשפט כי הענישה בסוג זה של עבירה נועדה להעביר מסר חד משמעי של הרתעה לכל מי שמתכוון לקחת חלק בשרשרת הפצת הסם.,train
מהו הרף התחתון המומלץ לעונש מאסר על תנאי במקרה של מספר עבירות?,בנסיבות אלה לטעמי ראוי ונכון כי הרף התחתון של מתחם עונש המאסר יקבע כמאסר על תנאי גם כאשר המדובר במתחם לאירוע הכולל מספר עבירות כפי שנקבע במקרה דנן.,train
"אילו ערכים חברתיים נפגעו ממעשי הנאשמים, כפי שצוין על ידי ב\כ המאשימה?""","מעשי הנאשמים אף הביאו להרשעתם בביצוע עבירות מס ובמעשיהם פגעו הנאשמים, כפי שציין ב\כ המאשימה, גם בערך השוויון ובסדר החברתי, והביאו לשיבוש הפעולה התקינה של מנגנון המיסים בכלל, ומנגנון פיצויי מלחמה בפרט.""",train
מהן הנסיבות שיכולות להוביל לגזר דין של מאסר על תנאי וקנס בלבד?,"במקרים מסוימים בהם רף החומרה אינו גבוה, וכשקיימות נסיבות אישיות לצד הודיה, לקיחת אחריות וחרטה, גזר בית המשפט עונש של מאסר על תנאי לצד קנס בלבד.",train
מהי עמדת פסיקת בית המשפט העליון בנוגע לחשיבות ההרתעה בעבירות אלו?,"בעת קביעת עונשו של הנאשם יש לזכור ולהזכיר כי פסיקת בית המשפט העליון חזרה והדגישה באופן עקבי וחד משמעי בקשר לעבירות מהסוג הנדון את חשיבות ההרתעה ובכללה הרתעת הרבים, כי על הענישה להיות ממשית וקונקרטית, וכי שיקולי הרתעה ואינטרס ציבורי מקבלים בכורה על פני נסיבות אישיות.",train
מהן הסיבות לחשיבות הסרת המחדלים בעבירות מסוג זה?,"כידוע, בסוג זה של עבירות להסרת המחדלים חשיבות רבה משני טעמים עיקריים, האחד, הסרת המחדל מבטאת לקיחת אחריות וחרטה כנה והשני, בהסרת המחדל יש להביא להשלמת החסר בקופת המדינה ובכך לתיקון הנזק שנגרם במידת מה, ולו לאחר מעשה.",train
מהי התחושה שנוצרת בעקבות כך שלא נחקרו חשודים בביצוע עבירות דומות?,"בכך שלא נחקרו רבים מהחשודים בביצוע עבירות דומות ובסכומים ממשיים יש כדי להביא לתחושה של פגיעה בערך השוויון, ובכללי הצדק וההגינות, גם אם ההבחנה שערכה המאשימה לצורך החקירה הפלילית הגיונית בנסיבות ואיננה נגועה בשרירותיות, ולא נלווה לה מניע פסול או כוונה רעה.",train
אילו שיקולים יש לקחת בחשבון בעת קביעת מתחם הענישה?,"במסגרת קביעה זו יש להתחשב בערך החברתי אשר נפגע, במידת הפגיעה בו, במדיניות הענישה הנוהגת ובנסיבות ביצוע העבירות.",train
מה ניתן ללמוד ממדיניות הענישה בעבירות מסוג זה לפי פסיקות בית המשפט העליון?,"באשר לענישה הנוהגת, מפסיקת בית המשפט העליון ניתן ללמוד כי מדיניות הענישה בעבירות מסוג זה היא מחמירה בדרך כלל, וכוללת ענישה ממשית בדמות עונשי מאסר בפועל כאשר לא מוסרים מחדלי כתב האישום.",train
מהו הקשר בין סוג העבירה להטלת הקנס במקרה זה?,"באשר לקנס, כידוע, בסוג זה של עבירות, הקנס הוא ממין העבירה ומכאן החשיבות שבהטלתו.",train
מדוע העדר יכולת להסיר המחדלים אינו מהווה נסיבה לקולא?,"כידוע, העדר יכולת להסיר המחדלים איננה מהווה נסיבה לקולא ובוודאי שאינה שקולה להסרתו.",train
מהי החשיבות שניתנה לשילוב הנאשם בטיפול קבוצתי בתחום המרמה במסגרת גזירת דינו?,"בתסקיר אף צוינה החשיבות שבשילוב הנאשם בטיפול קבוצתי בתחום המרמה, והטלת צו מבחן למשך 18 חודשים לצד עונש מאסר לריצוי בעבודות שירות.",train
אילו נסיבות מקלות נלקחו בחשבון בעת גזירת עונשו של הנאשם?,"יחד עם זאת, לנסיבותיו המקלות של הנאשם בדמות גילו, מצבו המשפחתי, העדרו של עבר פלילי ואף חלוף הזמן מאז ביצוע העבירות בשנת 2014, כשמאז אף לא נפתחו כנגד הנאשם תיקים נוספים, יינתן משקל בעת גזירת עונשו של הנאשם.",train
מהו הקושי הממשי שהנאשם נדרש להתמודד עמו בעקבות התאונה הקשה?,"בחשיבה על מצב הנאשם, יש לזכור כי מדובר במי שבעקבות תאונה קשה סטה מסלול חייו והוא נדרש להתמודד עם קושי ממשי פיזי ונפשי כמפורט בגזר הדין.",train
כיצד משפיעה העובדה שהנאשמים גרו יחד על טענת הנאשמת?,"אדרבא, עצם העובדה שמוסכם כי הנאשמים התגוררו בדירה עובר למועד בו נפרדו, מעידה על כך שבעת חתימת הסכם השכירות לא פעלה הנאשמת כדי ליתן לנאשם אמצעים לביצוע פשע וגם בכך יש כדי למתן את הנסיבות.",train
מהי התמונה המתקבלת לגבי התנהלות הנאשם בביצוע העבירות?,"מבחינת נסיבות ביצוע העבירות עולה תמונה המלמדת על התנהלות מתוכננת ושיטתית של הנאשם לביצוע העבירות בלא פחות מ- 26 מקרים של ייבוא אישי של רכבים, כשחלקו בביצוע העבירות רב וממשי, גם אם לא הרוויח באופן ישיר מהנמכת המחיר שבוצעה.",train
"מהו הקושי המרכזי של הנאשם שהוביל לביצוע העבירה, לפי הערכת שירות המבחן?","להערכת שירות המבחן, בבסיס ביצוע העבירה קושי של הנאשם להפעיל שיקול דעת ולהגיב באיפוק בסיטואציה בה חש תסכול וחוסר אונים.",train
מהי השפעת אי הגשת הדוחות על פיקוח רשות המסים?,"מביצוע העבירות נפגע פיקוח רשות המסים, כששיטת המס מבוססת על האמון בנישום שיגיש דיווחיו כחוק ושיטת חישוב המס וגבייתו מבוססת על הדוחות המוגשים על ידי נישומים ועל אמיתותם.",train
מהי החשיבות שהדגיש בית המשפט בהפעלת המאסר המותנה כנגד הנאשמת?,"נהפוך הוא, להשקפתי, ישנה חשיבות רבה להפעלת המאסר המותנה כנגד הנאשמת תוך תקווה שבכך תורתע הנאשמת, אשר ביצעה עבירות משך שנות מס ארוכות, ולא תבצען פעם נוספת.",train
כיצד השפיעה הודיית הנאשם על תהליך השיפוט והזמן שחלף מאז הגשת כתב האישום?,לזכות הנאשם יש לזקף את הודייתו במועד קרוב יחסית למועד הגשת כתב האישום וחיסכון הזמן השיפוטי על ידו.,train
מהו הממצא המרכזי לגבי הטיפול בעניינו של הנאשם?,"המפורט לעיל מלמד כי עניינו של הנאשם לא טופל בשקידה ראויה, וכי קיים שיהוי בהגשת כתב האישום ולו ביחס לחלק מהעבירות המצדיק הקלה בענישה.",train
כיצד העבירות שביצע הנאשם משפיעות על ערך השוויון ואמון הציבור ברשויות החוק?,"העבירות שבוצעו פוגעות בערך השוויון ואמון הציבור ברשויות החוק, וכן עלולות להזיק לקופה הציבורית ולגרום לשיבוש הפעולה התקינה של מנגנון המסים.",train
"מדוע עונש של של\צ נחשב למתאים והמאוזן בנסיבות המקרה של הנאשמת?""","אמנם המלצת שירות המבחן אינה מחייבת את בית המשפט ששיקוליו רחבים יותר, אך גם לטעמי, עונש של של\צ הוא המתאים והמאוזן בנסיבות, ויש בו מחד כדי להוות ענישה קונקרטית לנאשמת, לצד מאסר על תנאי מרתיע והתחייבות, ומאידך לאפשר לנאשמת להמשיך בפעילותה כאם ומפרנסת באופן תקין.""",train
מהי התנהלות הנאשם בהתפרצות לבית מגורים בשעות הלילה?,"יחד עם זאת, הנאשם בחר להתפרץ לבית מגורים לשם ביצוע גניבה, בשעות הלילה, כאשר דיירי הבית בתוכו ישנים, התנהלות שלצידה פוטנציאל להתפתחות אלימה.",train
מדוע השיקולים בהסדר טיעון עשויים להיות שונים מאלו שבמסגרת תיקון 113 לחוק העונשין?,"לצד זאת, בעת הבחינה, אין להתעלם מכך שהשיקולים הנשקלים בעת עריכת הסדר טיעון אינם זהים בהכרח לאלה הנשקלים במסגרת תיקון 113 לחוק העונשין, ובכללם ציפיית הנאשם כי הסדר הטיעון יאומץ (ע\פ 512/13  פלוני נ' מדינת ישראל (4.12.2013)).""",train
מהי הדרך הממשית לשיקום שהנאשם עשה במקרה זה?,"במקרה דנן, השתכנעתי כי הנאשם עשה דרך ממשית לשיקום.",train
מהו מתחם הענישה שנקבע לכל נאשם במקרה זה בהתאם לחלקם היחסי?,"כך, נכון היה לקבוע במקרה זה מתחמי ענישה שבין מספר חודשי מאסר בעבודות שירות ועד 8-10 חודשי מאסר בפועל, לגבי כל נאשם בהתאם לחלקו היחסי.",train
מהי העיקרון המשפטי שיש לשקול בעת קביעת העונש לנאשמים?,יש לזכור את חשיבות אחידות הענישה.,train
מדוע לא הומלץ להטיל עונש מאסר לריצוי בעבודות שירות במקרה זה?,"אינני מוצאת כי נכון יהיה להפחית מעונש זה או לגזור על הנאשם עונש מאסר לריצוי בעבודות שירות כעתירת ההגנה, גם לאחר שקילת הנסיבות כולן, בשים לב לחשיבות הכלל לפיו כאמור רק במקרים חריגים ייגזר עונש מאסר לריצוי בעבודות שירות בסוג זה של עבירות בהיקף ממשי גם כשעסקינן באיש קש, כשקיימת חשיבות משיקולי אינטרס ציבורי והרתעה לוודא שהחריג לא יהפוך לכלל.",train
מהי המשמעות של הודיית הנאשם וחיסכון הזמן השיפוטי בהקשר זה?,"נתתי דעתי להודיית הנאשם וחיסכון הזמן השיפוטי לצידה, שהוא בעל משמעות, בפרט בשים לב לגילן של העבירות ולכך שכתב האישום מונה כ-120 עדי תביעה.",train
מהו סכום המחדל הנוגע ל-10 הדוחות שלא הוגשו כלל?,"לצד זאת, ביחס ל-10 הדוחות שלא הוגשו כלל – המדובר במידת פגיעה שאיננה מבוטלת בערכים המוגנים, וסכום המחדל משמעותי למדי ועומד על סך כולל של 168,429 ₪.",train
מהן הנסיבות המונעות חריגה לקולא או לחומרה ממתחם הענישה שנקבע?,במקרה דנן לא מתקיימות נסיבות לחריגה לקולא או לחומרה ממתחם הענישה אשר נקבע.,train
כיצד מתבטאת התחייבות הנאשמת לשלם סכומים ניכרים בהסדר הטיעון?,אין המדובר בחרטה מהפה אל החוץ בלבד שכן הנאשמת התחייבה לשלם סכומים ניכרים במסגרת הסדר הטיעון.,train
"מהי הפגיעה בערכים המוגנים במקרה זה, בהתחשב בסוג העבירות שביצעו הנאשמות?","אין ספק כי במקרה זה המדובר בפגיעה ממשית וחמורה בערכים המוגנים, בשים לב לסוג העבירות שבביצוען הורשעו הנאשמות, לשיטתיות שבביצוען ולהיקפן.",train
מהו העונש שנגזר על הנאשם בעקבות העבירות שביצע?,"בין היתר משכך, מצא להקל בעונש המאסר שנגזר על הנאשם אשר ביצע עבירות מס על פי סעיף 220 לפקודה וסעיף 117(ב) לחוק מס ערך מוסף, התשל\ו – 1975 באופן ממשי, ולהעמידו על מאסר בן תשעה חודשים אשר ירוצה בעבודות שירות חלף 16 חודשי מאסר בפועל.""",train
מהי ההשפעה של מצבה הכלכלי של הנאשמת על ביצוע העבירות?,"שקלתי את הטענה לפיה מצבה הכלכלי הוא שהביא את הנאשמת לביצוע העבירות, כשהנאשמת העדיפה לשלם לעובדים על פני תשלומי המס, אך כידוע, הפרט אינו רשאי לקיים את פעילותו העסקית על חשבון הקופה הציבורית, בפרט כשמדובר בתקופה לא מבוטלת במקרה דנן.",train
מהי ההמלצה העונשית של שירות המבחן בהתחשב במצבו הבריאותי והכלכלי של הנאשם?,"נתתי דעתי גם להמלצתו העונשית של שירות המבחן לפיה לאור מצבו הירוד בפן הבריאותי והכלכלי והמשאבים אותם הוא משקיע בטיפול, נכון להסתפק בעניינו בעונש צופה פני עתיד בעניינו לצד צו מבחן.",train
מדוע יש לקבוע את גובה הקנס כך שיהיה ממשי ביחס למצבו הכלכלי של הנאשם?,"על הקנס להיות ממשי, בשים לב למצבו הכלכלי, על מנת להרתיע את הנאשם ואחרים וללמד כי אין לצד ביצוען של עבירות אלה כל תועלת כלכלית.",train
מה השפעת ביצוע העבירות על פני מספר שנים על שיקול הדעת בענישה?,"גם אם אין המדובר בביצוע רציף של העבירות על פני שנות ביצוען, ביצוע העבירות על פני מספר שנים נשקל לחומרה בעת בחינת הנסיבות, משאין המדובר בעבירה רגעית או חד פעמית.",train
מהי המדיניות המובילה של בית המשפט העליון בנוגע להסדרי טיעון?,"בית המשפט העליון חזר וציין את המדיניות התומכת באימוץ הסדרי טיעון והדגיש את יתרונותיהם, את האינטרס הציבורי שבבסיסם ואת תפקידם הראוי במערכת אכיפת החוק.",train
מהי המשמעות של הנסיבות המפורטות על מדיניות הענישה במקרה הנדון?,לנסיבות אשר פורטו בהרחבה לעיל משמעות רבה בעת סקירת הענישה הנוהגת לשם קביעה מהי מדיניות הענישה הנהוגה הרלבנטית לנסיבות המקרה הנדון.,train
אילו נסיבות יש לשקול בעת בחינת חומרת הדקירה שביצע הנאשם?,"בעת בחינת נסיבות ביצוע העבירה, יש לתת את הדעת לחומרה הרבה שבדקירת המתלונן בסכין על ידי הנאשם, למיקום הדקירה בחזהו, ולפוטנציאל הנזק האדיר והחמור במקרה דנן.",train
מהי התשתית העובדתית הנדרשת למתן הנסיבות בעבירות מס?,ניתן למתן את הנסיבות רק אם יש תשתית עובדתית ממשית להצביע על התייחסות לכלל העבירות כאירוע אחד.,train
מהן הנסיבות שנלקחו בחשבון בעת קביעת מתחם העונש ההולם לנאשמת?,"בעת קביעת מתחם העונש ההולם נתתי דעתי לנסיבות ביצוע העבירה המפורטות לעיל, לערכים המוגנים בעבירה ולמידת הפגיעה בהם.",train
כיצד משפיעה היותו של נאשם איש קש על הענישה בעבירות אלו?,"על פי הפסיקה גם עצם היותו של נאשם איש קש אינו מקנה הנחה מפליגה בענישה בסוג זה של עבירות נוכח חומרתן, הנזק הניכר מביצוען, והיסוד הנפשי לצידן.",train
אילו נתונים מצדיקים התחשבות לקולא בעניינו של הנאשם?,"למעט אי הסרת המחדל המלאה על ידי הנאשם, יתר נתוניו (ובכללם הודייתו, העדר עבר פלילי, מצבו האישי והכלכלי, מידותיו הטובות ותרומתו למדינה,  וחיסכון הזמן השיפוטי על ידו) מצדיקים התחשבות לקולא בגדרי המתחם.",train
מהו היתרון המרכזי של הסדרי טיעון במערכת אכיפת החוק?,"בית המשפט הדגיש לא אחת את יתרונותיהם של הסדרי הטיעון והאינטרס הציבורי שבבסיסם, לצד תפקידם הראוי במערכת אכיפת החוק הפלילית.",train
מהו המידע שמעשיו של הנאשם מספקים לגבי חרטתו?,יש במעשיו כדי ללמד על חרטה וניסיון לתקנו.,train
מהו השיקול הנוסף שנלקח בחשבון בהקשר לקושי של הנאשם בעקבות מחלת ביתו?,"בנוסף, יינתן משקל לקושי שבהתמודדות עם מחלת ביתו.",train
"כיצד יש לקבוע את המתחם \בצורה רכה\"" לפי הנסיבות הקונקרטיות?""","על בית המשפט לקבוע את המתחם \בצורה \""רכה\""\"", בשים לב לקיומן של נסיבות מגוונות שיכולות להוביל להחלטת המדינה להגיע להסדר, כשהמשקל שיש ליתן לשיקולי תיקון 113 לחוק העונשין ולמתחם העונש ההולם במקרה נתון משתנה בהתאם לנסיבות הקונקרטיות שהביאו להסדר.""",train
כיצד משפיעה העובדה שהנאשמים לא הפגינו זלזול מוחלט כלפי חובותיהם החוקיות על הנסיבות?,באמור יש כדי למתן במידת מה את הנסיבות וללמד כי אין המדובר במי שהפגין זלזול מוחלט כלפיי חובותיו החוקיות.,train
כיצד משפיעה התקופה הממושכת בה ביצע הנאשם את העבירות על חשיבות הענישה?,"התקופה הממושכת בה ביצע הנאשם את העבירות והיקפן האדיר, לצד מועד גילוין, מדגימים את הקושי שבגילוי עבירות מהסוג הנדון ואת חשיבות הענישה המרתיעה לצידן.",train
מהי ההשפעה של העבירות על מנגנון המסים ואמון הציבור בנישומים?,בביצוע העבירות יש אף כדי להביא לשיבוש הפעולה התקינה של מנגנון המסים וממעשי העבירה נפגע האמון אשר ניתן בנישומים כי ידווחו דיווחי אמת כחוק.,train
מהי המדיניות המומלצת לגבי עונשי מאסר בעבירות מס לפי פסיקות בית המשפט העליון?,נקבע מפי בית המשפט העליון כי דרך המלך בעבירות המס הנדונות – היא לגזירת עונשי מאסר ממשיים מאחורי סורג ובריח על מבצעיהן.,train
מהי דרך המלך בעבירות מס המבוצעות בשיטתיות ובהיקפים משמעותיים?,"מבחינת הפסיקה ובפרט פסיקת בית המשפט העליון עולה, כפי שצוין לעיל, כי גם משיקולי הרתעה ואינטרס ציבורי, בשורה ארוכה של פסקי דין נקבע כי דרך המלך בעבירות מהסוג הנדון, בפרט כאשר אלה מבוצעות על פני תקופה ממושכת, בשיטתיות ובהיקפים ממשיים ודומים לאלה שבענייננו, היא לגזירת עונשי מאסר ממשיים מאחורי סורג ובריח לצד קנסות מכבידים.",train
אילו גורמי סיכון נלקחו בחשבון בעת בחינת הנסיבות בעניינו של הנאשם?,"בעת בחינת הנסיבות שקלתי גם את גורמי הסיכון המפורטים לעיל במצבו של הנאשם, ואת התרשמות שירות המבחן בדבר קשייו להיענות לגבולות.",train
מהי החשיבות של אחידות הענישה בהקשר לקביעת מתחם העונש?,"טרם בחינת הפסיקה יש לזכור, מבלי למעט בחשיבות שקילתה וחשיבות  אחידות הענישה (ע\פ 6544/16 ניסנצויג נ' מדינת ישראל  (21.2.2017)), כי מתחם העונש ההולם מגלם הכרעה ערכית המבוססת על שיקולים שונים שמדיניות הענישה היא רק אחד מהם.""",train
כיצד משפיע גילו הצעיר של הנאשם על שיקולי הענישה במקרה זה?,"נתתי דעתי גם לגילו הצעיר של הנאשם, כיום כבן 22, ולטענה הנוגעת לחוסר בשלות שנשמעה מפי הסנגור הנתמכת בהתרשמות שירות המבחן ואף בהתרשמותי שלי מדבריו של הנאשם עצמו במשפט ובכלל זאת בדיונים מיום 19.11.2018, ומיום 27.1.2019, ואף אלה באים בין יתר השיקולים.",train
מדוע נחשבת שיטת הדיווח וגביית המס לרגישה ביחסי האמון בין הרשות לנישום?,"עוד מתקיימת פגיעה ביחסי האמון בין הרשות לנישום, מששיטת הדיווח וגביית המס מבוססת על האמון שניתן בנישום שיגיש דיווחי אמת וישלם מסיו כדין.",train
מהו תפקיד הסיווג לאירועים בקביעת מתחם הענישה בעבירות מס?,"בקשר לקביעת מספר אירועים ראו את דברי כב' השופטת ברק ארז בע\פ 6888/17 שירזי נ' מדינת ישראל (10.12.2018) לפיהם הסיווג לאירועים נועד לתכלית פונקציונלית ככלי עזר, וממילא במישור המהותי מוטל על בית המשפט הקובע מתחם ענישה לשקול את מספר המעשים וחומרתם גם כאשר הם סווגו כאירוע עברייני אחד.""",train
כיצד ימשיך הנאשם בטיפול לאחר הטלת עונש המאסר בעבודות שירות?,"אינני מקלה ראש בערך הטיפול עבור הנאשם, והוא ימשיך באפיק זה  במסגרת צו מבחן שיוטל עליו לצד עונש המאסר בעבודות שירות.",train
"מדוע יש להכות בכיסו של מי שמבצע עבירות מהסוג הנדון, גם אם הוא איש קש?","מובן כי יש להכות בכיסו של מי שמבצע עבירות מהסוג הנדון המבוצעות באופן רגיל ממניע כלכלי גם על ידי אנשי קש, וגם אם הם לא אלה אשר גרפו את כספי הגזל לכיסם, וזאת על מנת ללמד שאין אף רווח כספי לצד ביצוע העבירה.",train
מדוע הסרת מחדלים בעבירות מס נחשבת לחשובה בהקלה בעונש?,"כידוע, להסרת מחדלים בסוג זה של עבירות משמעות רבה וזו מביאה להקלה ניכרת בענישה.",train
כיצד עבירות המס פוגעות בערך השוויון וביכולות הכלכליות של המדינה?,"עבירות המס, בהן הורשע המבקש, חותרות תחת ערך השוויון, הן גוזלות כספים מהקופה הציבורית ופוגעות במישרין ביכולותיה הכלכליות של המדינה ובאיתנותה הפיננסית.",train
מהי הגישה הרווחת לגבי סבירות הסדר טיעון כאשר הצדדים מסכימים על טווח ענישה?,"על פי הגישה הרווחת, גם מקום בו הסכימו הצדדים בהסדר טיעון על טווח ענישה, ובכלל זאת מקרה בו הסכימה המאשימה להגביל עצמה לעונש מסוים בעוד שההגנה חופשיה בטיעוניה, תיבחן סבירותו של ההסדר במבחן האיזון בהתאם לאמות מידה מקובלות המעוגנות בתיקון 113 לחוק העונשין (עניין מצגר, פסקה 12 (30.4.2017)).",train
מהו העונש המומלץ כאשר יש פעילות עסקית ממשית וביצוע עבירות נוספות?,"באופן רגיל, ובוודאי כאשר לצד העבירה מתברר כי הייתה פעילות עסקית ממשית ואף בוצעו עבירות נוספות, נכון וראוי לטעמי כי מתחם העונש יחל מעונש בן מספר חודשי מאסר אותו ניתן לרצות בעבודות שירות ולא במאסר על תנאי.",train
"מהו המבחן שנקבע בע\פ 4910/13 אשר יש להביא בחשבון לגבי העבירות המיוחסות לנאשמים?""","יש לראות בכלל העבירות כאירוע עונשי אחד בהתאם למבחן הקשר ההדוק שנקבע בע\פ 4910/13 ג'אבר נ' מדינת ישראל (29.10.2014).""",train
מהו מבחן האיזון שעל בית המשפט לבחון בהסדר טיעון?,"על פי מבחן האיזון על בית המשפט לבחון קיומו של \איזון בין טובת ההנאה הצומחת לנאשמים מן ההסדר לעניין העונש לבין אינטרס הציבור כפי שהוא בא לידי ביטוי בעונש שבית המשפט גוזר\"" (שם, בעמ' 606).""",train
מדוע יש להתחשב בגילו ובנסיבותיו של הנאשם בעת קביעת הענישה?,לא ניתן להתעלם מגילו ונסיבותיו של הנאשם בעת ביצוע העבירות.,train
מהי המשמעות של ביצוע העבירות על פני תקופת זמן קצרה ולא כמעשה חד פעמי?,"בעת בחינת נסיבות ביצוע העבירות אין להתעלם מכך שהגם שהעבירות בוצעו על ידי הנאשמים משך תקופת זמן קצרה יחסית (רוב רובה שנת 2011 כאמור), אין המדובר במעשה חד פעמי של הנאשמים, אלא בשורת מעשים, מסוגים שונים (רישום כוזב של הוצאות והימנעות מתיעוד הכנסות), כשבכל עת יכולים היו הנאשמים לחדול ממעשיהם אך לא פעלו כאמור.",train
מדוע אי יכולתו של הנאשם לרפא את המחדלים אינה מהווה שיקול להקלה בעונש?,"מבלי להתעלם ממצבו הכלכלי הקשה הנטען של הנאשם, אי יכולתו של נאשם לרפא את מחדלי העבירות אינו מהווה שיקול להקלה בעונש.",train
מהי התרשמות שירות המבחן לגבי דפוסים עברייניים של הנאשמים?,כן שקלתי את התרשמות שירות המבחן לפיה הנאשמים נעדרים דפוסים עבריינים.,train
כיצד משפיעה פציעת אדם בנשק קר על הערכים המוגנים והעונש המקסימלי?,"פציעת אדם בנשק קר מסכנת ערכים מוגנים אלה באופן ממשי, ועניין זה בא לידי ביטוי בעונש המקסימלי לצד העבירה המדגיש את חומרתה (ת\פ (ת\""א) 21194-05-14 מדינת ישראל נ' מרעב (29.1.2019)).""",train
מהו השיקול שנלקח בחשבון בנוגע לשיהוי בהגשת כתב האישום?,"בנוסף, שקלתי את חלוף הזמן והשיהוי המשמעותי בהגשת כתב האישום, את משמעות השיהוי ועינוי הדין שלצדו.",train
מהו העונש המוחשי הניתן בדרך כלל בעבירות שבוצעו בשיטתיות?,"ניתן ללמוד כי באופן רגיל מדיניות הענישה היא מוחשית וכוללת עונשי מאסר ולו לריצוי בעבודות שירות, בעיקר מקום בו לא הוסרו המחדלים ובהם דובר בעבירות אשר נעברו בשיטתיות ו/או בסכומים גבוהים.",train
כיצד משפיעה תקופת ביצוע העבירות על קביעת מתחם הענישה?,"יחד עם זאת, בשים לב לתקופת ביצוע העבירות (בשנת 2017 אז נפסקה פעילות העסק) ומשכה, ולסכום המס שנגרע מקופת המדינה העומד על סך 78,558 ₪ (קרן) שהגם שאינו מבוטל, אינו גבוה ביותר, יינתן משקל מתאים לקולא גם לרקע לביצוע העבירות, ומסקנתי היא כי מידת פגיעה בערכים המוגנים במקרה זה איננה ברף הגבוה.",train
מהי החשיבות של כספי המסים המוחזקים בידי הנאשמים בעבירות של אי העברת מס שנוכה במקור?,"טרם קביעת המתחם, חשוב לציין, לצד הערכים המוגנים אשר צוינו לעיל כי בכל הנוגע לעבירות של אי העברת מס שנוכה במקור, יש לזכור כי כספי המסים מוחזקים בידי הנאשמים לשם העברתם לרשויות המס והם אינם שייכים להם כלל.",train
מהי הדרך המומלצת לשבירת מעגל האלימות במקרה של הנאשם?,בנסיבות המקרה דנן השתכנעתי כי הדרך לשבירת מעגל האלימות היא בחיזוק דפוסי התנהגות חיוביים שרכש הנאשם בעת שנגמל מצריכת אלכוהול ובהשתתפותו בקבוצת טיפול לגברים שנהגו באלימות כלפי בנות זוגם.,train
מהי מידת הפגיעה בערכים המוגנים במקרה של החזקת סמים קשים?,"בנסיבות הכוללות, עולה כי מידת הפגיעה בערכים המוגנים במקרה זה ממשית.",train
מהי החשיבות של חומרת העבירות והנסיבות הקונקרטיות בענישה נוהגת?,"בענישה נוהגת קיימת חשיבות לחומרת העבירות, למשך הביצוע, לשיטתיות ולסכומי המס הנגזלים, תוך התחשבות בנסיבות המקרה הקונקרטיות והאינטרס הציבורי.",train
מהו מתחם הענישה שנקבע בעבירה זו לפי הפסיקה?,"עיון בפסיקה מלמד כי בגין ביצוע העבירה נקבע פעמים רבות מתחם ענישה הנע בין מספר חודשי מאסר שיכול וירוצו בדרך של עבודות שירות ובין מספר דו ספרתי של חודשי מאסר לריצוי בפועל, וכי העונש המתאים לנאשם בגדרי המתחם מושפע מעברו הפלילי, נסיבותיו האישיות, הודאה והבעת חרטה וכיו\ב.""",train
"מהו העונש המוסף שניתן לנאשם, מעבר למאסר בפועל, כדי להדגיש את חומרת מעשיו?","זאת לצד מאסר על תנאי וקנס כספי (שלא הוטל על נאשם 3 בהסכמת הצדדים), שגם בו יש כדי להדגיש את חומרת מעשי הנאשם ואף ללמד כי אין רווח כספי לצד ביצוע עבירות מהסוג הנדון.",train
מדוע לא ניתן לקבוע כי המעשים הם בעלי קשר פנימי הדוק רק על סמך קושי כלכלי ואישי?,"אמנם לטענת הנאשמת הרקע לביצוע העבירות כולן הוא קושי כלכלי ואישי, אך לא די ברקע משותף נטען מסוג זה כדי לקבוע כי המעשים הם בעלי קשר פנימי הדוק כך שהם מהווים פרשה אחת (ראו והשוו רע\פ 217/85 קונפורטי נ' מדינת ישראל (29.12.1985).""",train
מדוע יש להשית עונשי מאסר וקנסות משמעותיים על עברייני המס?,"אין צריך לומר, כי פגיעה זו ניכרת, בעקיפין, בכיסם של כל אחת ואחד ממשלמי המיסים בישראל ... על יסוד טעמים אלו, השתרשה בפסיקה העמדה, לפיה יש להשית על עברייני המס עונשי מאסר לריצוי בפועל וקנסות משמעותיים, תוך מתן משקל הבכורה לשיקולי ההרתעה והגמול והעדפתם על-פני נסיבותיו האישיות של העבריין.",train
מהו אפקט ההרתעה בעבירות כלכליות בהשוואה לעבירות אחרות?,אפקט ההרתעה בעבירות כלכליות הוא בדרך כלל בעל משקל רב יותר מאשר בעבירות אחרות.,train
"מהו השפעת חלוף הזמן על המשמעויות הנובעות מביצוע העבירות, בהתחשב בגילו של הנאשם?","לא ניתן להתעלם מחלוף הזמן המשמעותי מאז ביצוען של העבירות על המשמעויות הנובעות מכך, ובראי גילו הצעיר בעת ביצוען.",train
מהי ההחלטה לגבי חפיפת המאסרים המותנים והעונש שייגזר על הנאשם?,"בשמים לב למפורט לעיל, תוך מתן משקל מסוים, מתאים, גם לחלוף הזמן – מצאתי להורות על חפיפת המאסרים המותנים המפורטים בעת/2 ועת/3 האחד עם השני, כמו גם על חפיפה מסוימת בין העונש המאסר שייגזר על הנאשם בהליך דנן עם המאסרים המותנים, כך ששלושה חודשים מתוכו ירוצו בחופף למאסרים המותנים שיופעלו והיתר במצטבר.",train
מהי הסיבה לחומרה הנוספת המיוחסת לנאשם בהקשר לתפקידו?,"לצד ביצוע עבירות על ידו בתפקידו, יש חומרה נוספת ומיוחדת.",train
מהו המנעד הנוהג של העונשים בעבירת תקיפת בת זוג לפי הפסיקה?,"אשר לענישה הנוהגת, כפי שיודגם להלן, מבחינת הפסיקה עולה כי קיים מנעד די רחב של עונשים בעבירת תקיפת בת זוג, וכל מקרה נבחן בנסיבות המעשה והעושה.",train
מהו העיקרון המנחה את בית המשפט בהתייחסות למספר האירועים בעבירות מס?,"באשר למספר האירועים: כפי שעולה מפסיקת בית המשפט העליון, בדרך כלל יתייחס בית המשפט לכל עבירה מסוג העבירות דנן כאירוע נפרד (רע\פ 1688/14 כץ נ' מדינת ישראל [פורסם בנבו] (9.03.2014)), יחד עם זאת, ישנם מקרים בהם על פי מבחן הקשר ההדוק ההתייחסות היא כאל אירוע אחד.""",train
מהי המשמעות של הסרת המחדלים על הענישה במקרה זה?,הנאשם אף פעל להסרת המחדלים במלואם ולכך משמעות רבה לעניין הענישה.,train
מה משפיע על מדיניות הענישה בעבירות אי הגשת דוחות למס הכנסה?,"מדיניות הענישה הנוהגת ביחס לעבירות שעניינן אי הגשת דוחות במועד למס הכנסה מושפעת מהשיטתיות שבמעשים והיקפם, מהנזק שנגרם, כמו גם מהסרת המחדל.",train
מדוע לא ניתן לסטות מהמתחם שנקבע במקרה זה?,במקרה דנן אין מקום לסטות לקולא או לחומרה מהמתחם שנקבע.,train
מהי עמדת הפסיקה לגבי מצב בריאותי קשה של עבריין ועונש מאסר בפועל?,"כבר נפסק כי \[...] מצב בריאותי קשה \t6 איננו צריך בהכרח להקנות לעבריין פטור מעונש מאסר בפועל בגין מעשיו הרעים, ככל שעונש זה מוצדק לגביו לאחר הרשעתו [...]\"" (עניין פלוני, פסקה 14).""",train
מדוע יש לתת משקל לכך שקיפניס נטש את מטען החבלה במקום מסוכן?,"לצד האמור, אין להתעלם גם מכך שקיפניס בחר לנטוש את מטען החבלה כשהוא מחובר לאמצעי ההפעלה בלב השכונה, סמוך למוסדות חינוך, ומפוטנציאל הנזק לצד המעשה.",eval
מהי הטענה לגבי ניצול הנאשם על ידי אחרים והשפעתה על הענישה?,"יש טעם בטענה לפיה נראה כי לפחות תחילה נוצל הנאשם על ידי אחרים (גם אם קיבל תשלום חודשי עבור הסכמתו לשמש כבעלים ומנהל של הנאשמות) ובכך יש כדי להביא למיתון בנסיבות, גם אם היו צעדים בהם יכול היה לנקוט על מנת לחדול מהפעילות העבריינית - והוא לא פעל כאמור.",eval
מהו החשש של הנאשם לגבי ריצוי עונש מאסר והשפעתו על מצבו הכלכלי?,"ניתן להבין את חששו של הנאשם שריצוי עונש מאסר, ולו בעבודות שירות, יביא לקריסתו ועניין זה בא בין שיקולי.",eval
כיצד ייבחנו ההסכמות העונשיות בין הצדדים אם לא ייקבע מתחם ענישה?,"כך או כך, ואף אם לא יקבע מתחם ענישה, יבחנו ההסכמות העונשיות בין הצדדים במבחן האיזון, ועונשו של הנאשם יקבע גם בשים לב לשיקולי הענישה לפי תיקון 113 לחוק העונשין, תשל\ז – 1977.""",eval
כיצד נפגע ערך השוויון ואמון הציבור מביצוע העבירות?,"מביצוע העבירות נפגע ערך השוויון ואמון הציבור, וכן פיקוח רשות המסים המבוסס על דיווחי אמת של עוסקים.",eval
מהי המשמעות של החילוט בהסדר הטיעון עבור הנאשמים?,"בנוסף, והגם שחילוט אינו חלק מהעונש, יש משמעות בעלת משקל לכך שכחלק מהסדר הטיעון הסכימו הנאשמים לחילוט לא מבוטל בסך כולל של 6,500,000 ₪, חלקו מכיסו של הנאשם.",eval
מה ההבחנה בין טווח ענישה למתחם ענישה לפי פסיקות בית המשפט?,"בית המשפט אף הבהיר את ההבחנה בין טווח ענישה, המשקף את כוח המיקוח של הצדדים לבין מתחם ענישה המשקף קביעה נורמטיבית של בית המשפט.",eval
מהו האמון שנפגע כאשר אדם מבצע עבירה מסוג זה?,"המבצע עבירה מסוג זה, מפר את האמון שניתן בו ברגל גסה.",eval
מהו המשמעות של ניסיונו של הנאשם להגיע להסדר תשלומים ביחס לדוח הנאשמת?,"בנוסף, לא נעלם ממני שאין המדובר בעבירות הדורשות תכנון מוקדם או תחכום ויש אף בניסיונו של הנאשם להגיע להסדר תשלומים ביחס לדוח הנאשמת לתקופה 4/17 כמפורט בכתב האישום, כדי ללמד על ניסיון מצידו בזמן אמת לקיים ולו חלק מחובותיו על פי חוק.",eval
מהי דרך המלך בעבירות המערבות מרמה ותחבולה?,"דרך המלך בעבירה מהסוג הנדון המערבת מרמה עורמה ותחבולה, היא לגזירת עונשי מאסר ממשיים מאחורי סורג ובריח (עניין יצחקי).",eval
כיצד על בית המשפט לאזן בין המתחים השונים בעת גזירת העונש?,נקבע כי על בית המשפט לאזן בין מתחים אלה בכל מקרה לגופו.,eval
כיצד משפיעים חיסכון הזמן השיפוטי והעדר עבר פלילי על הענישה של הנאשם?,"חיסכון הזמן השיפוטי ונטילת האחריות בעצם ההודאה יזקפו לזכות הנאשם, וכך גם העדרו של עבר פלילי לנאשם בגילו, המלמד כי אין המדובר במי שבחר באלימות כבדרך חיים.",eval
"מדוע הסרת המחדל נחשבת חשובה בתיקים של עבירות מס, לפי בית המשפט העליון?","בית המשפט העליון ציין לא אחת את חשיבות הסרת המחדל בתיקים מסוג זה, בין היתר, כדרך להביע חרטה אמיתית וכנה.",eval
מהן השיקולים שיש לקחת בחשבון בעת קביעת מתחם העונש?,"במסגרת קביעה זו יש להתחשב בערך החברתי אשר נפגע, במידת הפגיעה בו, במדיניות הענישה הנוהגת ובנסיבות ביצוע העבירה.",eval
מהו ההיבט המשמעותי שיש לקחת בחשבון כאשר עונש מאסר עלול לפגוע בנאשם ובמשפחתו?,אין ספק כי עונש מאסר עלול לפגוע בו ובמשפחתו ויש ליתן לכך את הדעת.,eval
כיצד נקבעת כל עבירה כאירוע לצורך קביעת מתחמי הענישה?,"במקרה זה בהתאם לרע\פ 1688/14 כץ נ' מדינת ישראל (9.03.2014)), תקבע כל עבירה כאירוע לשם קביעת מתחמי הענישה.""",eval
מהי עמדת בית המשפט לגבי השפעת הקושי הכלכלי על ביצוע עבירות מס?,"נתתי דעתי גם לכך שעל פי הנטען הנאשם ביצע את העבירות על רקע קריסה כלכלית, אך כידוע, אין בקושי כלכלי כדי להצדיק ביצוען של עבירות מס, ודאי ובוודאי עבירות מהסוג הנדון.",eval
כיצד משפיע הקושי הכלכלי על מידת הפגיעה בערכים המוגנים במקרה זה?,"בנסיבות הנדונות אינני מוצאת כי יש בקושי הכלכלי שנטען שהוא ברקע העבירות כדי למתן את הנסיבות, ומסקנתי היא כי מידת פגיעה בערכים המוגנים במקרה זה היא ברף הבינוני.",eval
מדוע קיים קושי לקבוע כי הנאשם ירצה את עונש המאסר בבית הסוהר בשל מצבו הבריאותי?,"כשזו עמדת המאשימה אף קיים בנסיבות קושי ערכי לקבוע כי רק בשל מוגבלות הנאשם ומצבו הבריאותי הקשה, אשר לא יכול להיות חולק שיקשה עד מאוד את ריצוי עונש המאסר על ידו, ירצה הנאשם את עונש המאסר בבית הסוהר ולא בעבודות שירות.",eval
כיצד הוערכה הפגיעה בערכים המוגנים במקרה זה?,לאחר ששקלתי את כלל המפורט אני מוצאת כי הפגיעה בערכים המוגנים הינה ברף בינוני-נמוך.,eval
כיצד הבחין בית המשפט בין טווח ענישה למתחם ענישה?,"בית המשפט אף הבהיר את ההבחנה בין טווח ענישה, המשקף את כוח המיקוח של הצדדים, לבין מתחם ענישה המשקף קביעה נורמטיבית של בת המשפט.",eval
מהו השיקול המרכזי בקביעת גובה הקנס בהתחשב במצב הכלכלי של הנאשם?,"באשר לקנס, תוך שקילת מצבו הכלכלי ובראי אי הסרת המחדל – יש למקם את הנאשם באמצעו של המתחם.",eval
מדוע יש חשיבות להרתעה בעבירות שגילוין קשה וביצוען קל?,"המדובר בעבירות שגילוין קשה וביצוען קל, וקיים פיתוי לבצען, וגם בשל כך קיימת חשיבות ממשית להרתעה לצידן.",eval
"מהו תפקיד הנאשמים בהעברת הכספים לרשות כאשר מדובר בעבירות מע\מ?""","יש לזכור שכשבעבירות מע\מ עסקינן, הנאשמים הם למעשה \""צינור\"" של הרשות לצורך העברת הכספים אליה וניתן בנאשמים אמון כי כך יעשו.""",eval
מהי השפעת העובדה שהעבירות לא נעברו על פני תקופה ארוכה על חומרתן?,"יש באמור כדי למתן במידת מה את חומרת העבירות, בפרט בשים לב לכך שבכל הנוגע לעבירות אשר נעברו על ידי הנאשנים במסגרת הנאשמת, אין המדובר בביצוע עבירות על פני תקופה ארוכה.",eval
מי נחשב כמניע לביצוע העבירה בהעדר ראיות אחרות?,"בהעדר כל ראיה אחרת, הדעת נותנת כי דווקא מקבלי החשבוניות הם אלה אשר הביאו למוטיבציה לביצוע העבירה ולצורך בחשבוניות הכוזבות ולא להיפך.",eval
כיצד משפיעה העובדה שחלק מהמחדל לא הוסר על קביעת עונשו של הנאשם?,"יחד עם זאת, וחרף העובדה שחלק ממשי מהמחדל לא הוסר, עונשו של הנאשם יקבע ברף נמוך יחסית, בשים לב לכך שהענישה לעולם אינדיווידואלית, תוך התחשבות בנסיבותיו ובתקופה, בכך שהוא ממשיך להפעיל את עסקו, ובכך שהגם ש-7 מהעבירות בוצעו על ידו בעת שכתב האישום היה תלוי ועומד כנגדו כאמור, לא נטען שמאז ביצע עבירות נוספות.",eval
מהו השיקול המרכזי לקביעת מתחם ענישה אחד לשתי העבירות שביצע הנאשם?,"אשר למתחם הענישה בעניינו של הנאשם, לאור ביצוע העבירות ברצף על ידי הנאשם (תקיפה חבלנית והיזק לרכוש במזיד), והקשר שבנסיבות ביצוען, יקבע מתחם אחד לשתי העבירות כאירוע.",eval
מהו הלך הרוח של המחוקק לגבי קנסות המוטלים על תאגידים לפי חוק חדלות פירעון?,"כפי שהפנתה המאשימה, גם חוק חדלות פירעון שחוקק לאחרונה, שאמנם אינו רלבנטי לעניינן של החברות הנאשמות בהקשר הפלילי הנוכחי, מצדד במתן עדיפות לנושי החברה, כשעל פיו, קנסות המוטלים על התאגיד ייגבו כחוב נדחה לאחר תשלום לנושי החברה (סעיף 237 לחוק חדלות פירעון) ומלמד על הלך רוחו של המחוקק בהקשר זה.",eval
מה משפיע על מדיניות הענישה ביחס לעבירות אי הגשת דוחות למס הכנסה?,"מדיניות הענישה הנוהגת ביחס לעבירות שעניינן אי הגשת דוחות במועד למס הכנסה מושפעת בדרך כלל מהשיטתיות שבמעשים והיקפם, מהנזק שנגרם לאוצר המדינה, כמו גם מהסרת המחדל מושא כתב האישום.",eval
מדוע אין בנסיבות המפורטות כדי להצדיק את התנהלות הנאשם?, מובן כי אין בנסיבות המפורטות לעיל כדי להצדיק את התנהלותו של הנאשם בביצוע העבירות או להקל ראש בנזק אשר נגרם למתלוננות ובפרט לאחותו של הנאשם בשל גילה הצעיר במועד הרלבנטי.,eval
"מהי החשיבות של הרתעת הרבים בעבירות מס, כפי שנקבע בבתי המשפט?",בתי המשפט עמדו לא אחת על חשיבות הרתעת הרבים כאשר מדובר בעבירות מס.,eval
כיצד התייחס בית המשפט לעבירות אי העברת הניכויים במובן של סיווגן כאירוע?,"באשר לעבירות אי העברת הניכויים, מצאתי להתייחס לשתי העבירות כאירוע ולהעמיד את המתחם הכולל בין מאסר על תנאי ל –8 חודשי מאסר בשים לב לסכום העבירות אך לצד זאת, גם לרקע לביצוען ולתקופת ביצוען הקצרה.",eval
מהו העיקרון המשפטי המנחה את חובת הנאשם להימנע מקיום פעילות עסקית על חשבון הקופה הציבורית?,"כידוע, הפרט אינו רשאי לקיים את פעילותו העסקית על חשבון הקופה הציבורית, והדברים מקבלים משנה תוקף מקום בו ביצוע העבירות במסגרת הנאשמת החל ממש עם תחילת פעילות הנאשם בה.",eval
מהם הערכים המוגנים שנפגעים בעבירת תקיפת בן זוג?,"הערכים המוגנים אשר נפגעים מביצוע עבירת תקיפת בן זוג הם שלמות גופו, נפשו, כבודו וביטחונו של בן הזוג ושמירה על החלשים מפני נחת זרועם של החזקים.",eval
מהו ההיבט הממתן הנוגע ל-80% מהחשבוניות הכוזבות?,"יש לקחת בחשבון ש-80% מהחשבוניות הכוזבות משקפות הוצאות אמת של השותפות והן בגדר חשבוניות זרות, ויש בכך ממתן משמעותי.",eval
מהו השיקול המרכזי שהוביל לקביעה כי הרקע לסכסוך הכספי לא ממתן את הנסיבות במקרה זה?,"עצם העובדה שהרקע לאירוע הוא סכסוך כספי ואף תחושת ניצול קשה אצל הנאשם שלטענתו לא שולם לו שכרו, אין בה כדי למתן את הנסיבות במידה ממשית, לאור חומרת המעשים ותוצאותיהם הקשות הכוללות כאמור חבלה חמורה בדמות שבר, לצד חבלות נוספות ולאור האיום הקשה אשר הושמע על ידי הנאשם.",eval
מהו השיקול שהוביל להקלות בעונש המאסר של הנאשם למרות מחדלי החקירה?,"יחד עם זאת, בקשר לעונש המאסר שייגזר על הנאשם תינתן הקלה נוספת, בשים לב לקביעותי בהכרעת הדין בדבר קיומם של מחדלי חקירה, ומשמצאתי טעם מסוים בחלק מטענות ההגנה מן הצדק שעלו מטעם ההגנה במהלך המשפט, הגם שאלה לא הצדיקו את ביטול כתב האישום (ראו פרק ג' להכרעת הדין).",eval
כיצד השפיעה הודיית הנאשם על שיקולי הענישה בעניינו?,"יחד עם זאת להודיית הנאשם אשר אף חסכה זמן שיפוטי יקר, ולבושה ולחרטה שחש יינתן משקל לקולא בין שיקולי הענישה.",eval
מה עשוי להשפיע לקולא על גדרי מתחם הענישה שיקבע?,"ככל שיקבע כאמור, יהיה בכך כדי להשפיע לקולא על גדרי מתחם הענישה שיקבע.",eval
כיצד משפיע הנזק שנגרם לקופה הציבורית על גובה הקנס?,"גובה הקנס מושפע מהנסיבות וממידת הפגיעה בערכים המוגנים, ובכלל זאת מהנזק שנגרם לקופה הציבורית.",eval
כיצד השפיעה התנהלות המשטרה על קביעת עונשו של הנאשם?,"נוכח כלל הנסיבות המתוארות לעיל, ואף בראי התנהלות המשטרה בעניינו של הנאשם, המביאה להקלה בעונשו, מצאתי למקם את עונשו של הנאשם בשליש התחתון של מתחם העונש שנקבע, אך לא בתחתיתו.",eval
אילו שיקולים נוספים נחשבים כטעמים מיוחדים לחרוג מהכלל לגבי עונש מאסר על תנאי?,"השיקולים המפורטים לעיל , יחד עם חלוף הזמן מעת ביצוע העבירה (כארבע שנים) והעדר עבר פלילי (כך לדברי בא כוח המאשימה לעומת קיומן של הרשעות קודמות וריצוי מאסר בפועל כפי האמור בחוות דעת הממונה על עבודות שירות), מהווים אף טעמים מיוחדים לחרוג מן הכלל הקבוע בהוראת סעיף 368ו(ד) לחוק העונשין לפיו בעבירה של תקיפת זקן הגורמת לחבלה של ממש לא יוטל עונש מאסר שכולו על תנאי.",eval
מהו השיקול המשפטי המוביל כאשר בית המשפט גוזר עונש כולל על מספר אירועים?,"בנוסף, מקום בו גוזר בית המשפט עונש כולל ולא עונש נפרד לכל אירוע, חשיבות מספר האירועים לגזירת העונש פחותה (ע\פ 2454/18 שיינברג נ' מדינת ישראל (5.12.2018), פסקה 20).""",eval
מהו העיקרון שעל פיו נקבעת רמת העונש ההולם?,"כידוע, קביעת מתחם העונש ההולם נעשית על פי עיקרון ההלימה.",eval
כיצד יש לקחת בחשבון את שיקומו של הנאשם בעת גזירת הדין?,שיקומו של הנאשם יבוא בחשבון באופן ברור בעת גזירת הדין.,eval
מהו מתחם העונש ההולם שנקבע עבור הנאשם בעקבות השוואה למקרה של משהראוי?,"על פי עיקרון השוויון ובשים לב למתחם אשר נקבע בעניינו של משהראוי, על ההבחנה בינו לבין הנאשם, בעיקר ביחס לגילם בעת ביצוע חלק מהעבירות כמפורט לעיל ובשים לב שבעניין משהראוי דובר בהסדר טיעון בו הגבילה עצמה המאשימה לרף עליון אותו מצאתי לאמץ, ולאינטרס הציבורי שבאימוץ הסדרי טיעון,  מצאתי במקרה דנן, להעמיד את מתחם העונש ההולם לאירוע הכולל את כלל העבירות בכתב האישום בין 12 חודשי מאסר לבין 30 חודשי מאסר בפועל, לצד מאסר על תנאי מרתיע, קנס והתחייבות להימנע מביצוע עבירה.",eval
מהו המשקל שניתן ליוזמת הסוכן המשטרתי ברכישת השטרות המזוייפים?,כן התייחס לנסיבות ביצוען של העבירות ובמסגרת זו נתן משקל ליוזמתו של הסוכן המשטרתי ברכישת השטרות מקריכלי.,eval
מהו הקשר בין נורמטיביות של עברייני המס לבין העונש המוטל עליהם?,"רבים מעברייני המס הם אנשים שייראו כנורמטיביים ביסודם, אשר לא ישלחו יד לכיס הזולת - אך אינם נרתעים משליחת יד לכיס הציבורי. לכך מחיר בענישה.",eval
מהו הערך המוסף של השיקום התעסוקתי של הנאשם בהקשרים אלה?,"אין ספק שהמדובר בדרך טובה שעושה הנאשם בהקשרים אלה ויש לברך על כך, והנתונים שלעיל יישקלו לזכותו.",eval
מה היה על הנאשם לבדוק בנוגע לעבירות המיוחסות לו?,"זאת בשים לב לכך שמובן שהיה על הנאשם שהיה מיוצג על ידי סנגור לבדוק, בתור מי שידע היטב איזה עבירות ביצע ומתי, כי כלל העבירות שביצע נכללו בכתב האישום.",eval
מה היו השיקולים להקל בעונשו של קיפניס על פי הסדר הטיעון?,"לאחר שקילת כל המפורט לעיל, ובהינתן הסכמת הצדדים לפי הסדר הטיעון, ותוך מתן משקל ממשי להודאתו של קיפניס ראשון מבין הנאשמים ולשיתוף הפעולה שלו בחקירה, לצד הפגיעה המסוימת בזכות ההיוועצות (כשאלה מהווים טעמים מיוחדים להקלה בעונשו), בשים לב להליך הטיפולי אותו הוא עובר, ולשם חיזוק כוחותיו בהקשר זה בגילו הצעיר –  מצאתי למקם את עונשו קרוב לתחתית מתחמי הענישה, תוך חפיפה מתאימה ביניהם.",eval
מהו תפקיד האלמנטים המרכזיים בחיזוק כוחותיו של הנאשם?,"צוין כי אלה הם אלמנטים מרכזיים התורמים לחיזוק כוחותיו וחלקיו המתפקדים של הנאשם, ומהווים גורמים מפחיתי סיכון.",eval
מהי המסקנה לגבי בהירות התנאי והשפעתה על עקרון החוקיות?,"בנוסף כי נקבע שהגם שאין מניעה לעשות שימוש בנוסח רחב של התנאי, יש להקפיד על בהירותו וכי \מטרת ההרתעה של התנאי ועיקרון החוקיות מצדיקים וודאות ביחס לטיב העונש שנגזר מלכתחילה ולא בדיעבד\"" (רע\""פ 5798/00 סעיד ריזי נ' מדינת ישראל [פורסם בנבו] (12.2.2001)).""",eval
מהו השיקול המרכזי שניתן בעדיפות בעבירות מסוג זה?,לא אחת נקבע כי בעבירות מסוג זה ניתנת בכורה לשיקולי ההרתעה על פני נסיבותיו האישיות של הנאשם.,eval
מהי עמדת בית המשפט לגבי עונש המאסר המוצע לנאשם בהקשר לנסיבותיו האישיות?,"להשקפתי, גם עניינו של הנאשם מצדיק השתת עונש מאסר אותו ניתן לבצע בעבודות שירות בנסיבות, ואבהיר – זאת גם מבלי להשוות בין נסיבותיו האישיות לאלה של אורלי.",eval
כיצד השפיעה התנהלות רשויות אכיפת החוק על גזר הדין?,"בנוסף שקלתי את התנהלות רשויות אכיפת החוק בעניין הנאשם, והשיהוי בטיפול בעניינו אשר צוין לעיל, המצדיק לטעמי הקלה בעונש בגדרי המתחם שנקבע (לא רק במשך העונש שייגזר אלא גם באופן נשיאתו, ככל שניתן לשאתו בדרך של עבודות שירות).",eval
מדוע ישנה חשיבות לענישה מרתיעה גם בעבירות המדרג הנמוך?,"בתי המשפט שבו והבהירו כי קיימת חשיבות לענישה מרתיעה גם כנגד מבצעי עבירות המערבות חשבוניות כוזבות במדרג הנמוך, וללא ההרתעה הנדרשת, מה ימנע מאותם אנשים להתפתות ותמורת כסף קל לבצע עבירות, ואף להירשם כבעלי חברות לשם ביצוען.",eval
מהו סכום המס שנגזל מקופת המדינה ומה משמעותו בהקשר לעבירות המיוחסות?,"אמנם אין המדובר בתקופה מאוד ארוכה ומשמעותית, יחד עם זאת, סכום המס שנגזל מקופת המדינה עומד על סך של 218,000 ₪ והוא סכום שאינו מבוטל.",eval
מהי ההלכה בנוגע לענישה בעבירות המבוצעות בשיטתיות ובהיקף ניכר?,"בחוק זה של עבירות, ובפרט כשאלה נעברות בשיטתיות ובהיקף ניכר, הלכה היא כי יש להשית ענישה מחמירה הכוללת עונשי מאסר ממשיים לריצוי מאחורי סורג ובריח לצד קנסות מכבידים, הנותנת ביטוי לפסול שבעבירות ולנזק העצום שנגרם כתוצאה מביצוען.",eval
מה השפעת הודאת הנאשמים ונטילת האחריות על ההליך השיפוטי?,"בעת בחינת הסדר הטיעון נתתי דעתי גם להודאת הנאשמים, לנטילת האחריות על ידם ולחיסכון הזמן השיפוטי.",eval
כיצד מתבטאת ההכרעה הערכית במתחם הענישה לפי פסקי דין שונים?,"כידוע, מתחם הענישה אינו עניין אריתמטי פשוט אלא מגלם הכרעה ערכית המבוססת על שיקולים שונים שמדיניות הענישה היא רק אחד מהם, כשעצם העובדה שלעולם יוכל כל צד למצוא פסקי דין התומכים בעמדתו מלמדת כי אין המדובר במדד מדויק (ע\פ 3877/13  ג'אבלי נ' מדינת ישראל (17.11.2016), עפ\""ג (ת\""א) 12063-04-15 בראונר נ' מדינת ישראל (20.07.2015)).""",eval
מהו העיקרון שעל פיו נקבעת מידת העונש ההולם בעבירות מס?,קביעת מתחם העונש ההולם נעשית על פי עיקרון ההלימה.,eval
כיצד מתייחס בית המשפט העליון לעיקרון אחידות הענישה בין נאשמים באותה פרשה?,"הגם שעיקרון אחידות הענישה בין נאשמים באותה פרשה, בהתאם למעמדם, תפקידם וחלקם ידוע ועליו חזר בית המשפט העליון לאחרונה בע\פ 8345/15 מאיר אוחנה נ' מדינת ישראל (19.09.2017) (להלן: \""עניין אוחנה\"") - זה אינו חזות הכל.""",eval
"מהו מתחם הענישה שנקבע לנאשמים חסין, סמירנוב וקיפניס לאור הנסיבות המיוחדות?","אשר על כן, ולאחר מתן משקל ממתן מסוים לכך שבפועל לא נגרמו נזקים בגוף ובנפש והירי לא כוון לפגוע באדם אלא שבוצע כלפי רכוש, ולשוני בעבירות בהן הורשעו הנאשמים, ובשים לב גם לענישה הנוהגת, להסדרי הטיעון ולמתחמי הענישה להם טענו הצדדים, יקבעו מתחמי הענישה הבאים: בעניינם של חסין, סמירנוב וקיפניס בין 3 ועד 5 שנות מאסר בפועל כעתירת המאשימה.",eval
כיצד יכולות נסיבות חייו של הנאשם להשפיע על הקלה בענישה?,"נסיבות חייו של הנאשם יכולות להוות שיקול משמעותי בעת בחינת הקלה בענישה, ובמיוחד נסיבות משפחתיות קשות ומורכבות נפשית שצריך לשקול להקלה בעונש.",eval
מדוע נתפסת אלימות בתוך המשפחה כחמורה במיוחד?,אלימות בתוך המשפחה נתפסת כבעלת חומרה מיוחדת המחייבת באופן רגיל ענישה מרתיעה.,eval
מהו השיקול שהשפיע על ההחלטה לזכות את הנאשם 2?,שקלתי לזכותו של הנאשם 2 את הודייתו ונטילת האחריות על ידו לביצוע העבירות.,eval
מדוע יש מקום להתחשבות נוספת בעונש המאסר על פי עמדת המאשימה?,"גם לעמדתה הראויה של המאשימה בטיעונה לעונש, יש מקום בהתחשבות נוספת בשל כך.",eval
כיצד השפיעה הודאת הנאשם על ההליך השיפוטי בעניינו?,"הנאשם, יליד שנת 1976, הודה בביצוע העבירה וחסך זמן שיפוטי ועניין זה יישקל לזכותו.",eval
מדוע נחשבת העבירה בה הורשע הנאשם לחמורה עם פוטנציאל נזק גבוה?,"אבהיר, כי עמדתי היא שהעבירה בה הורשע הנאשם חמורה, ופוטנציאל הנזק שלצידה גבוה עד מאוד, כפי שפירטתי בעניין יפרח.",eval
מהו התנאי הסף להארכת מאסר מותנה שלא התקיים במקרה זה?,ולמעלה מן הצורך אציין כי אף לא הונחה בפני כל אסמכתא לסמכות לחרוג מהוראות חוק העונשין ולקבוע כי אין מקום להורות על הפעלת מאסר מותנה מטעמי צדק כאלה ואחרים כשתנאי הסף להארכת התנאי אינם מתקיימים.,eval
כיצד הושפע עונש הקנס שנגזר על הנאשם מהחמרת הענישה בעונש המאסר?,"בנוסף, מצאתי לקבוע את עונש הקנס שיגזר עליו ברף העליון של מתחם הענישה לו עתרה המאשימה, תוך איזון ההקלה המסוימת שניתנת לנאשם בקשר לעונש המאסר והחמרת הקנס שנכון היה לגזור בנסיבות העניין.",eval
באילו תנאים ייתכן חפיפת תקופות המאסר?,תקופות המאסר יחפפו רק אם קיימים טעמים שירשמו.,eval
"מהו תפקידו של הנאשם כיו\ר ועד ההנהלה בהקשר להתנהלות שלא כדין?""","יש טעם אף בטענה לפיה תפקידו של הנאשם כיו\ר ועד ההנהלה היה להתריע ככל שקיימת התנהלות שלא כדין, והוא לא פעל כאמור.""",eval
מה ניתן ללמוד מהפסיקה לגבי עונש מאסר מותנה וקנס בעבירות מסוג זה?,"עיון בפסיקה מלמד על מקרים רבים בהם גזרו בתי המשפט עונש של מאסר מותנה בלבד וקנס לצדו מקום בו הוסר המחדל במלואו, או בחלקו הגדול, גם במקרים בהם דובר בביצוע מספר לא מבוטל של עבירות בסכום משמעותי, בין אם נקבע אירוע עונשי אחד או מספר אירועים, פעמים רבות גם בהסכמת המאשימה.",eval
מהו השיקול המרכזי בעת קביעת מתחם הקנס בעבירות מס?,"בעת קביעת מתחם הקנס יש לתת את הדעת לנסיבות ביצוע העבירות, היקף ומידת הפגיעה מהן בערכים המוגנים.",eval
מהו מתחם העונש שנקבע ביחס לעבירות הסמים במקרה זה?,"מתחם העונש ביחס לעבירות הסמים נקבע בין 8-30 חודשי מאסר, על הנאשם נגזרו 8 חודשי מאסר בפועל, בשים לב לכמות הגדולה של הסם, ולעבירות הנוספות לצד רצונו להשתקם ועברו הפלילי.",eval
מה הבהיר בית המשפט העליון לגבי עיקרון אחידות הענישה ביחס לנאשמים בעבירות דומות?,"בע\פ 6544/16 עידו ניסנצויג נ' מדינת ישראל (21.02.2017) (להלן: \""עניין ניסנצויג\"") הבהיר בית המשפט העליון כי \""עיקרון אחידות הענישה אינו מתמצה ביחסיהם של שני נאשמים באותה הפרשה; עיקרון זה מחייב גם את בחינת עניינו של נאשם ביחס לנאשמים אחרים בעבירות ובנסיבות דומות\"".""",eval
מהי הפגיעה הנגרמת מאי פרסום תשקיף במקרה של הצעה ומכירה של ניירות ערך?,"יש טעם רב בטענת ב\כ המאשימה לפיה לצד הפגיעה הפרוצדורלית הנובעת מאי פרסום תשקיף בניגוד להוראות החוק, מאי פרסומו של תשקיף במקרה של הצעה ומכירה של ניירות ערך למעל ל 535 ניצעים בשנה נגרמת גם פגיעה מהותית ולצידה פוטנציאל נזק לא מבוטל.""",eval
מהו הנזק הנגרם לקופת המדינה כתוצאה מביצוע עבירות המס?,"הערכים המוגנים הנפגעים מביצוען של עבירות המס ידועים וכוללים במקרים רבים פגיעה בקופת המדינה ולצידה פגיעה בכל אחד ואחת מאזרחיה, וכן פגיעה בשוויון בנטל תשלום המסים.",eval
מה משפיע על גובה הקנסות בעבירות מס לפי כתב האישום?,"גובה הקנסות מושפע גם מסכום המס מושא כתב האישום, מנסיבות ביצוע העבירות ומידת הפגיעה בערכים המוגנים.",eval
כיצד פוגע הנאשם בריבונות המדינה בעבירות השהייה הבלתי חוקית?,"בביצוע העבירות של שהייה בלתי חוקית בישראל פגע הנאשם בריבונות המדינה ובזכותה לבחור את הבאים בשעריה, לעיתים, טומנת עבירה זו בחובה אף אלמנטים של סיכון ביטחוני, בהקשר זה, על כל מקרה להיבחן על פי נסיבותיו.",eval
מהו העיקרון שעליו מתבססת קביעת מתחם העונש ההולם?,באשר לקביעת מתחם העונש ההולם: קביעת המתחם נעשית על פי עיקרון ההלימה.,eval
מהי העמדה המשותפת של בית המשפט ושירות המבחן לגבי הצורך להציב גבול לנאשם?,"יחד עם זאת, לאחר שקילת כלל השיקולים הרלבנטיים, גם אני סבורה, כעמדת שירות המבחן, כי יש מקום להצבת גבול ברורה לנאשם בנסיבותיו הקונקרטיות, תוך תקווה שישפר וישנה דרכיו מעתה.",eval
מהו העיקרון המנחה בענישה המוביל לקביעת מתחם העונש ההולם?,"כידוע, מתחם העונש ההולם נקבע בהתאם לעקרון המנחה בענישה, היינו קיומו של יחס הולם בין חומרת מעשה העבירה בנסיבותיו ומידת אשמו של הנאשם לבין סוג ומידת העונש המוטל עליו, תוך התחשבות בערך החברתי אשר נפגע, במידת הפגיעה בו, בנסיבות הקשורות בביצוע העבירה ובמדיניות הענישה הנהוגה.",eval
מהו המתחם שנקבע לעניין פסילת רישיון הנאשם בהתאם לנסיבות ביצוע העבירה?,"בראי הענישה הנוהגת (ראו: ת.פ. (שלום ק\ג) 59431-05-17 מדינת ישראל נ' אהוד (15.10.2018) והפסיקה המוזכרת שם ביחס לפסילת רישיון, נסיבות ביצוע העבירה אשר פורטו לעיל, הערכים המוגנים שנפגעו  ומידת הפגיעה בהם, מצאתי להעמיד את המתחם לעניין הפסילה בין 3 חודשי פסילה בפועל לבין 12 חודשי פסילה בפועל.""",eval
מדוע נכון היה לקבוע עונש מאסר חמור יותר לנאשם אילולא מאפייניו ונסיבותיו?,"אבהיר כי אלמלא מאפייני הנאשם ונסיבותיו ברקע ביצוע העבירות וביצוען בצוותא עם יעקב שמואל, נכון היה לקבוע את תחתית מתחם הענישה על עונש מאסר חמור יותר.",eval
אילו גורמים נלקחו בחשבון לגבי הנאשם בעת קביעת העונש?,"נתתי דעתי אף לגילו של הנאשם, מצבו המשפחתי, הכלכלי והרפואי ולכך שעובד כשכיר היום ואינו בעל עסק עוד.",eval
מה מאפשר תיקון 113 לחוק העונשין לבית המשפט בנוגע לעונש הנאשם?,"כידוע, על פי הוראות תיקון 113 לחוק העונשין, בית המשפט רשאי לחרוג לקולא ממתחם העונש ההולם אם מצא שהנאשם השתקם או כי יש סיכוי של ממש שישתקם, גם כאשר נגזר הדין ללא כל הסדר דיוני בין הצדדים (סעיף 40ד(א) לחוק העונשין).",eval
כיצד מצבו של הנאשם מעיד על קרבה לסייג לאחריות פלילית?,מצבו אף מלמד על קרבה מסוימת לסייג לאחריות פלילית.,eval
מהו השיקול המרכזי שהוביל להמלצה על עונש מאסר על תנאי לצד קנס משמעותי?,"לטעמי, בנסיבותיו של מקרה זה, גילו של הנאשם ובפרט גילו בעת ביצוע העבירות והשינוי שהחל לערוך בחייו, גם אם כרגע מעריך שירות המבחן שהמדובר בשינוי חיצוני בלבד לצד העבירות בהן הורשע וסוגן, יש מקום להסתפק ברף התחתון של מתחם הענישה ביחס לעונש המאסר ולגזור על הנאשם מאסר על תנאי לצד קנס משמעותי ומרתיע והתחייבות.",eval
מהו התנאי להחפפת תקופות המאסר?,תקופות המאסר יחפפו רק אם קיימים טעמים שירשמו.,eval
מדוע נחשבת הנסיבה הממשית לחומרה במקרה זה?,עניין זה מהווה נסיבה ממשית ומשמעותית לחומרה.,eval
כיצד עשויים שיקולי שיהוי וחלוף זמן להשפיע על סוג העונש המוטל?,"שיקולי שיהוי וחלוף זמן אף יכולים להביא לקביעת עונש לריצוי בעבודות שירות בנסיבות מתאימות, חרף הכלל לפיו בסוג זה של עבירות דרך המלך היא לגזירת עונשי מאסר מאחורי סורג ובריח (ראו גם: עפ\ג (ת\""א) 6117-09-16 פרי נ' פרקליטות מחוז תל אביב מיסוי וכלכלה (14.12.2016), והצעת חוק העונשין (תיקון מס' 128 הבניית שיקול הדעת המשפטי בענישה), התשע\""ו-2016 מיום 27.6.2016, עפ\""ג (ב\""ש) 68947-07-19 יוסופוב נ' מדינת ישראל (18.11.2020)).""",eval
מהי ההשפעה של גילם הצעיר של גרמאי ואטיאס על קביעת מתחם הענישה?,"כאמור, בנסיבות אלה, למרות גילם הצעיר של גרמאי ואטיאס בעת ביצוע העבירות, והגם שאינם יוזמי העבירות, מצאתי כי נכון לקבוע מתחם ענישה אחד לכל הנאשמים באירוע, כשמידת הפגיעה בערכים המוגנים ממעשי כל אחד מהם גבוהה וממשית.",eval
"מהי המסקנה לגבי האפשרות לגזור עונש קל יותר במקרה זה, למרות שלא תוקן הנזק הכספי?","גם לאחר בחינת הנסיבות לקולא, מסקנתי היא כי מקרה זה אינו אחד מאותם מקרים מיוחדים בהם חרף העובדה שהנאשם לא תיקן את הנזק הכספי שגרם לקופה הציבורית יש לגזור את עונשו בתחתית מתחם הענישה.",eval
מהו תנאי הסף השני שנדרש להתקיים גם במקרה של מאסר על תנאי שאינו חב הפעלה?,"אף לו הייתי מוצאת כי במקרה דנן המדובר במאסר על תנאי שאינו חב הפעלה, עדיין היה על תנאי הסף השני להתקיים, לפיו לא ייגזר על הנאשם עונש מאסר בגין תיק זה.",eval
מדוע יש להעדיף את האינטרס הציבורי על פני נסיבות אישיות בעת גזירת הדין בעבירות מס?,"בשל כך, לאור הערכים המוגנים החשובים בעבירות ולאור חשיבות ההרתעה ובכללה הרתעת הרבים, קבע בית המשפט העליון לא אחת כי בעת גזירת הדין בעבירות אלה יש ליתן לאינטרס הציבורי בכורה על פני נסיבות אישיות.",eval
כיצד נקבע שהמאסר על תנאי חל במקרה זה על הנאשם?,"בראי הכללים המשפטיים שלעיל בחנתי את נסיבות המקרה דנן בהן נקבע כאמור בתיק הקודם תנאי המתייחס ל\עבירה בה הורשע\"" הנאשם שהיא עבירה של החזקת סם לצריכה עצמית, ומסקנתי היא כי משתלוי ועומד נגד הנאשם מאסר על תנאי בגין החזקת סם לצריכה עצמית והוא הואשם בעבירת סחר בסם (שנעברה תוך החזקה בסם לצורך מסירתו לאחר), הרי שעל פי המבחן המהותי ובהתאם לכלל לפיו השלם כולל את החלק – המאסר על תנאי התלוי ועומד כנגד הנאשם חל והוא בר הפעלה בענייננו (ראו והשוו: ת\""פ (י-ם) 2514/12 מדינת ישראל נ' פלוני [פורסם בנבו] (7.11.2012) (ערעור שהוגש בעפ\""ג (י-ם) 44451-12-12 על ידי המדינה נמחק).""",eval
מהו העיקרון המשפטי המאפשר גזירת עונש מאסר בעבודות שירות למרות מחדלים ועבירות רבות?,"נכונה הטענה, כפי שאף מדגימה הפסיקה המצוטטת לעיל, כי קיימים מקרים בהם, בהתאם לנסיבות הספציפיות של המקרה, חרף אי הסרת המחדל המלאה ואף כשמדובר במחדל שאינו מבוטל אשר נותר, וביצוע מספר רב של עבירות, נגזר עונש מאסר לריצוי בעבודות שירות לצד ענישה נלווית על נאשמים.",eval
מהו מתחם הענישה שנקבע במקרים בהם פעל נאשם להדיח מתלוננים בעבירת אלימות?,"מבחינת הפסיקה עולה כי קיימים גם מקרים בהם נקבע מתחם הענישה שבין מאסר על תנאי ועד שנת מאסר, מקום בו פעל נאשם להדיח בחקירה מתלוננים בעבירת אלימות באמצעות איום והפחדה.",eval
כיצד משפיעה הרשעת הנאשם בתיק הקודם על העונש המוטל עליו?,לחובתו של הנאשם יש לזקוף את הרשעתו בתיק הקודם בגין ביצוען של עבירות מאותו סוג ממש.,eval
מהו הסיכוי לשיקום הנאשם כפי שעולה מהתסקירים?, מהתסקירים  עולה כי קיים סיכוי ממשי לשיקומו של הנאשם וקיימות אינדיקציות לשינוי עמוק בהתנהגותו ובדרך חשיבתו.,eval
מדוע קבלת טענה המשללת שיקול דעת של בית המשפט מנוגדת להלכה הפסוקה?,"צוין כי קבלת טענה מסוג זה משמעה שלילת שיקול הדעת של בית המשפט, והיא מנוגדת להלכה הפסוקה.",eval
מדוע שיקולי ההרתעה נחשבים בעדיפות על נסיבותיו האישיות של הנאשם בעבירות אלו?,"צודקת ב\כ המאשימה בטענתה לפיה בעבירות מעין אלה שיקולי ההרתעה, הכוללים הרתעת הנאשם והרתעת רבים תופסים בכורה על נסיבותיו האישיות של הנאשם.""",eval
"כיצד השפיע התכנון המוקדם על חומרת העבירה בת\פ 63637-06-17?""","בעת בחינת נסיבות ביצוע העבירה מושא ת\פ 63637-06-17 שעניינה פציעה בנסיבות מחמירות, לא ניתן להתעלם לחומרה מהתכנון אשר קדם לביצוע העבירה, משהנאשם הצטייד מבעוד מועד בנשק קר בדמות מוט ברזל אימתני, והמתין שהגורם שגנב את אופניו מספר ימים קודם לכן לטענתו יעבור במקום.""",eval
מהו תפקידו של בית המשפט במתן גמישות בקביעת העונש?," אין המדובר בעניין אריתמטי ולבית המשפט נתון בהקשר זה מרחב מסוים של גמישות (ר' בע\פ 3877/16 ג'אבלי נגד  מדינת ישראל  [פורסם בנבו] (17.11.2016) ועפ\""ג 12063-04-15 בראונר נ' מדינת ישראל [פורסם בנבו] (20.07.2015)).""",eval
מדוע שוויון נטל המס נפגע כאשר ישנה התייחסות סלחנית לאי קיום הוראות החוק?,ערך חברתי נוסף שנפגע הוא שוויון נטל המס כשהתייחסות סלחנית לאי קיום הוראות החוק עלול אף להביא להיעדר מוטיבציה של כלל ציבור משלמי המיסים לדווח ולשלם מסיהם כנדרש על פי חוק.,eval
מדוע לא התקיים הרציונל להקל בעונש על הנאשמים במקרה זה?,הרציונל בבסיס ההקלה המפליגה הניתנת פעמים רבות למי שמסיר את המחדלים בסוג זה של עבירות אינו מתקיים.,eval
כיצד השפיע רצונו של הנאשם לפעול למען גורמים מוחלשים על שיקולי הענישה?,"יש לתת את הדעת לרצונו של הנאשם לפעול למען גורמים מוחלשים בחברה, עליה העיד לדוגמא העד מינצברג במסגרת שמיעת הראיות בתיק, וככל שהדבר אמור ביחס לפעילות על פי חוק.",eval
כיצד השפיע מצבו הכלכלי של הנאשם על ההחלטה לגבי עונש המאסר?,"בנוסף, שקלתי שוב את מצבו הכלכלי של הנאשם אשר פורט לעיל ואת דבריו לפיהם עונש של מאסר בעבודות שירות יקשה עליו לאור קשייו להתפרנס.",eval
מהו מתחם הענישה שנקבע על ידי השופט שגיא בעבירות דומות?,"בעת קביעת מתחם הענישה נתתי דעתי גם לענישה הנוהגת אליה הפנו הצדדים, ובפרט לקביעותיו של כב' השופט שגיא בבית המשפט המחוזי בעת/1, עת/3 ולמתחם \הרגיל\"" שנכון היה לקבוע לפי קביעת כב' השופט שגיא באותו עניין, בין 6 ו-16 חודשי מאסר, ולראשוניות היחסית של האכיפה בעבירות אלה.""",eval
כיצד השפיעה התנדבות הנאשם בניהול נאשמת 1 על השיקולים בענישה?,"נתתי דעתי לכך שהנאשם פעל בנאשמת 1 בהתנדבות, ועיינתי בפסיקה אליה הפנתה ההגנה בהקשר זה כנסיבה לקולא (ת\פ (שלום  רמלה) מדינת ישראל נ' רמלה עמותת אליצור נווה דוד ואח' (2.12.2009)).""",eval
מהו העונש הראוי שעל בית המשפט לשקול לפי תיקון 113 לחוק העונשין?,"בגדרי הבחינה, בית המשפט מוסמך ואף נדרש לשקול מהו העונש הראוי לפי תיקון 113 לחוק העונשין לצד יתר השיקולים הרלבנטיים לסוגיית אימוצו של הסדר טיעון.",eval
כיצד משפיעה מחלתה של ביתו של הנאשם על השיקולים לקולא בענישה?,"משקל מסוים לקולא יינתן לדברי הנאשם לפיהם ברקע ביצוע העבירות מחלתה של ביתו, והקושי הברור להתמודד עם האמור.",eval
כיצד התייחס בית המשפט לטענות ההגנה לגבי מספר העבירות שביצע הנאשם?,"באשר לסוגיית מספר העבירות, נתתי דעתי לטענות ההגנה לפיהן יש לראות את הנאשם כמי שביצע עבירה אחת בלבד בנסיבות העניין וכן לפסיקה אליה הפנתה, בין היתר, ע\פ 264/83 שירי נ' מדינת ישראל פ\""ד לט(2) 380, (1985) (להלן: \""הלכת שירי\"") - אך אינני מקבלת עמדתה.""",eval
מהו הנזק שנגרם כתוצאה מביצוע עבירות מהסוג הנדון?,"בנוסף, ביצוע עבירות מהסוג הנדון פוגע בפיקוח הרשות וכן באמון הניתן בעוסק/נישום שיפעל על פי חוק, ידווח במועדים הקבועים בחוק וישלם מסיו כנדרש.",eval
מהן הנסיבות המיוחדות שיכולות להוביל לחריגה ממתחם הענישה בהסדר טיעון?,"גם במקרים בהם לא הסכימו הצדדים במסגרת הסדר טיעון על ענישה החורגת ממתחם העונש ההולם בשל המצב הבריאותי, קיימים מקרים בהם בשל נסיבות מיוחדות של הנאשם הנוגעות למצבו הבריאותי של נאשם ו/או של בני משפחתו חרג בית המשפט ממתחם הענישה משיקולי צדק.",eval
מהו העונש הממשי שנגזר על הנאשמים בעבירות המערבות שימוש בחשבוניות כוזבות?,"הדברים מקבלים משנה תוקף מקום בו מדובר בעבירות המערבות שימוש בחשבוניות כוזבות, ובדרך כלל מתחמי הענישה בגין עבירות אלה בהיקפים משמעותיים כוללים בתחתיתם עונשי מאסר, והעונש שנגזר על הנאשמים הוא עונש מאסר ממשי, תוך שבתי המשפט מדגישים את חומרת העבירות, חשיבות ההרתעה ובכללה הרתעת הרבים, ובכורתו של האינטרס הציבורי על פני נסיבות אישיות.",eval
כיצד מתייחסות בתי המשפט לחומרת העבריינות בתחום המס?,בתי המשפט הדגישו לא אחת את החומרה בה יש להתייחס לעבריינות המס בכלל ובפרט לעבירות הנעברות מתוך כוונה להתחמק ממס ולתוצאותיה ההרסניות למשק.,eval
מה קובע בית המשפט לגבי קביעת מתחם ענישה בהסדרי טיעון?,"בע\פ 1901/19 שמעון אסולין נ' מדינת ישראל נקבע כי בית המשפט רשאי לקבוע מתחם ענישה גם מקום בו הגיעו הצדדים להסדר טיעון, ובכלל זאת להסדר טיעון הכולל טווח ענישה, וראוי שכך יעשה.""",eval
מהי המשמעות המשפטית של הסרת המחדל בהקשר לשיקולי הענישה של הנאשם?,"כידוע, הגם שהסרת המחדל איננה מעשה חסד מצד הנאשם, להסרתו קיימת משמעות רבה בין שיקולי הענישה, משיש בה כדי להביא לתיקון הנזק שנגרם מביצוע העבירות בפן הכספי, ובמקרים מתאימים היא עשויה ללמד על חרטה ונטילת אחריות.",eval
מהי המסקנה לגבי רמת החומרה של מעשי הנאשמים והנסיבות האישיות שלהם?,"בחינת נסיבות ביצוע העבירה על ידי הנאשם אשר פורטו לעיל ונסיבותיו האישיות אל מול המפורט בעניינו של דהן מביא למסקנה כי הגם שאין המדובר במקרים או בנאשמים בעלי נסיבות זהות, הנסיבות לחומרה ולקולא בעניינם מקזזות אלה את אלה, ורמת החומרה של מעשי הנאשמים כמו גם נסיבותיהם האישיות מצדיקה ענישה דומה בכל הנוגע לרכיב המאסר.",eval
מדוע לא ניתן לקבל את טענת הנאשם לגידול קנביס לצריכה עצמית?,המפורט לעיל לצד הכמות אף אינו מאפשר לקבל את טענת הנאשם לפיה המדובר במקרה זה בגידול קנביס לצריכה עצמית.,eval
כיצד משפיעה ההרתעה על אפקטיביות הענישה במקרה של מאסר לאחר זמן רב?,"בפסיקה אף צוין כי אפקטיביות ההרתעה שבענישה בדמות מאסר מאחורי סורג ובריח לאחר שנים כה רבות נפגעת, ומוגבלת גם ביחס להרתעת הרבים.",eval
מהו מתחם הקנס שנקבע בעבירות אלו בהתחשב באינטרס הציבורי ובמצב הכלכלי של הנאשם?,"בבראיי האינטרס הציבורי ובכורתו, תוך התחשבות במצבו הכלכלי של הנאשם מצאתי להעמיד את מתחם הקנס בין 3,000 ₪ לבין 8,000 ₪ בגין כל אירוע לצד התחייבות להימנע מביצוע עבירה.",eval
"מהו הצורך שנציין בע\פ 2745/18 בנוגע לקביעת מתחם ענישה בהסדרי טיעון?""","בע\פ 2745/18 אבו שארב נ' מדינת ישראל (8.8.2018), צוין הצורך בקביעת מתחם ענישה ובחינת סבירות הסדר הטיעון לפי תיקון 113 לחוק העונשין, גם מקום בו הסכימו הצדדים על טווח ענישה להבדיל מעונש מוסכם.""",eval
על פי מה נקבע מתחם העונש ההולם בענישה?,"מתחם העונש ההולם נקבע בהתאם לעקרון המנחה בענישה, היינו קיומו של יחס הולם בין חומרת מעשה העבירה בנסיבותיו ומידת אשמו של הנאשם, לבין סוג ומידת העונש המוטל עליו, תוך התחשבות בערך החברתי אשר נפגע, במידת הפגיעה בו, בנסיבות הקשורות בביצוע העבירה ובמדיניות הענישה הנהוגה.",eval
מהי החשיבות של אחידות הענישה בהקשר להחלטות שיפוטיות?,לצד זאת יש לזכור את חשיבות אחידות הענישה.,eval
מהו השיקול המרכזי שקשור לטיפול ושיקום הנאשם בעת קביעת העונש?,"בעת קביעת העונש שקלתי גם את הדרך הטובה שעשה ועושה הנאשם לטיפול ושיקום, כפי שעולה מתסקירי שירות המבחן.",eval
כיצד סייע ההסדר טיעון לנפגעי העבירה לקבל פיצוי כספי?,"סיום ההליך בהסדר טיעון דיוני תוך הודאת הנאשמים אף מסייע לנפגעי העבירה, ובפרט לאיילין, לקבל פיצוי כספי לא מבוטל במועד קרוב וללא שיהוי.",eval
מהי המשמעות של عدم נטילת אחריות מצד הנאשם בעת הטיעון לעונש?,"לצד האמור, אין להתעלם מכך שגם בעת הטיעון לעונש לא נטל הנאשם אחריות למעשים בביצועם הורשע, ולא הביע כל חרטה.",eval
"מהו המשקל שניתן לאינטרס הציבורי בסוג זה של עבירות, לפי פסיקות קודמות?","בסוג זה של עבירות נקבע לא אחת שיש ליתן משקל ממשי לאינטרס הציבורי, בדמות הרתעת הנאשם והרתעת הרבים, וכי האינטרס הציבורי מקבל בכורה על פני נסיבות אישיות.",eval
כיצד משפיעה הכוונה של הנאשמים על קביעת המתחם והעונש?,"אמנם העבירות בהן הורשעו הנאשמים לא נעברו מתוך כוונה להתחמק מתשלום מס ולכך משמעות בעת קביעת המתחם והעונש, ואין המדובר בעבירות במדרג הגבוה של עבירות המס.",eval
מהו השיקול לגזירת עונש קונקרטי במקרה שהנאשם לא נרתע מעונש על תנאי?,"ברור שבנסיבות אלה, ומשהנאשם הוכיח הלכה למעשה כי עונש של מאסר על תנאי אינו מרתיעו, יש מקום לגזירת עונש קונקרטי במקרה זה לצד ענישה צופה פני עתיד.",eval
מדוע יש להתחשב בעונשו של אבו אלרוב בהקשר לאחידות הענישה?,"עונשו של אבו אלרוב רלוונטי לעניינינו, ויש להתחשב בו במידה מתאימה מכוח עיקרון אחידות הענישה.",eval
כיצד העונש המוסכם לנאשמת 1 מתיישב עם מדיניות הענישה בענייני מס חמורים?,"העונש המוסכם לנאשמת 1 עולה בקנה אחד עם הרף הנמוך של מדיניות הענישה בענייני מס חמורים, והינו ראוי והולם בנסיבות המקרה ובשיקולי הצדק הכוללים.",eval
מהי השאלה שיש להידרש אליה בעת קביעת מתחם הקנס?,בעת קביעת המתחם יש להידרש גם לשאלת יכולתה הכלכלית של הנאשמת.,eval
כיצד יש לקבוע את המתחם בהתחשב בנסיבות המיוחדות של ההסדר?,"על בית המשפט לקבוע את המתחם \בצורה \""רכה\""\"", בשים לב לקיומן של נסיבות מגוונות שיכולות להוביל להחלטת המדינה להגיע להסדר, כשהמשקל שיש ליתן לשיקולי תיקון 113 לחוק העונשין ולמתחם העונש ההולם במקרה נתון משתנה בהתאם לנסיבות הקונקרטיות שהביאו להסדר.""",eval
מהו המשקל המשפטי שניתן לעבירות הקשורות בהוצאה ושימוש בחשבוניות כוזבות?,"בכל הנוגע לעבירות המערבות הוצאה ושימוש בחשבוניות כוזבות הדברים אף מקבלים משנה תוקף וחומרה (ראו: עפ\ג (ת\""א) 6968-02-17 משהראוי נ' מדינת ישראל  מע\""מ ת\""א (24.4.2017).""",eval
מהו שיקול האינטרס הציבורי בעבירות המס בהן הורשעו הנאשמות?,שיקולי אינטרס ציבורי בדמות שיקולי הרתעה ובכללם הרתעת הרבים מקבלים בעבירות המס שכאלה עדיפות על פני נסיבות אישיות.,eval
כיצד משפיע ההליך השיקומי על עונשו של הנאשם?,"לאור ההליך השיקומי, סבור שירות המבחן כי יש לעודד את מאמציו של הנאשם לערוך שינוי חיובי בחייו.",eval
"מהו המבחן שנקבע בע\פ 4910/13 אשר משפיע על קביעת מתחם הענישה?""","בנסיבות אלה, ואף בשים לב לכך שהעבירות בוצעו באופן רצוף למדיי על פני התקופה הרלבנטית, ולכך שחשבוניות העסקאות יצאו בקשר לעסקאות שבוצעו מול אותו הלקוח, בהתאם למבחן הקשר ההדוק אשר נקבע בע\פ 4910/13 ג'אבר נ' מדינת ישראל (29.10.2014), יקבע מתחם ענישה אחד לכלל העבירות כאירוע.""",eval
מדוע עבירות אי הגשת הדוחות במועד נחשבות לפוגעות בערכים מוגנים חשובים?,"בתמצית, והגם שעבירות אי הגשת הדוחות במועד שבביצוען הורשעו נאשמים 2 ו-3 אינן ברף העליון במדרג חומרת העבירות על פי הפקודה, מביצוען נפגעים ערכים מוגנים חשובים ביניהם השוויון בנטל תשלום המסים, והאמון הניתן בנישום שיפעל על פי חוק, וידווח במועדים הקבועים בחוק.",eval
מהן השיקולים שיש לקחת בחשבון בעת קביעת מתחם הענישה לעבירה פלילית?,"במסגרת קביעה זו יש להתחשב בערך החברתי שנפגע, במידת הפגיעה בו, במדיניות הענישה הנוהגת ובנסיבות ביצוע העבירה.",eval
מהו השיקול הנוסף שהשפיע על ההחלטה בעניינם של הנאשמים?,"בנוסף, נתתי דעתי לאמפתיה שהפגינו הנאשמים כלפי המתלונן ולהרתעתם מעצם קיומו של ההליך.",eval
מהו הקשר בין חרטה לנטילת אחריות לבין הקלה בענישה במקרה זה?,"כידוע, והגם שאין המדובר במעשה חסד מצד הנאשם, יש בכך כדי להביא להקלה מסוימת בענישה וללמד על חרטה ונטילת אחריות.",eval
מהו השפעת הזמן שחלף על קביעת העונש לנאשם?,בעת קביעת העונש לנאשם לא ניתן להתעלם מהזמן שחלף מאז ביצוע העבירות ועד להגשת כתב האישום.,eval
מהי החשיבות של שיקום נאשמים בהליך המשפטי?,"אני אינני מקלה ראש כלל בחשיבות שיקום נאשמים במקרים מתאימים, בראש ובראשונה לנאשמים עצמם וברור שהחברה כולה יוצאת נשכרת ככל שעובר נאשם הליך שיקומי מוצלח.",eval
מהו המאפיין המרכזי של מתחם הענישה כפי שנקבע בפסיקה?,"כידוע, מתחם הענישה אינו עניין אריתמטי פשוט אלא מגלם הכרעה ערכית המבוססת על שיקולים שונים שמדיניות הענישה היא רק אחד מהם, כשעצם העובדה שלעולם יוכל כל צד למצוא פסקי דין התומכים בעמדתו מלמדת כי אין המדובר במדד מדויק.",eval
מהי החשיבות בהטלת ענישה שתפגע בכיסו של הנאשם בעבירות מס?,"בשים לב לכך שעבירות המס בביצוען הורשע הנאשם בוצעו ממניע כלכלי ובסוג עבירות אלה הקנס הוא ממין העבירה, קיימת חשיבות רבה גם בהטלת ענישה אשר תפגע בכיסו של הנאשם ותלמד כי אין אף רווח כלכלי לצד ביצוע העבירות הנדונות.",eval
כיצד משפיעה העובדה שהאגרופן הוחזק מתחת למושב הנהג על הנסיבות?,"לצד זאת יש לזכור כי האגרופן הוחזק כאמור באופנוע עליו רכב הנאשם, מתחת למושב הנהג ולא על גופו של הנאשם ובכך יש כדי למתן במעט את הנסיבות.",eval
מהו המתחם המקל שנקבע במקרה זה ומה הסיבות לכך?,"המדובר במתחם מקל יחסית, הנובע מהנסיבות הייחודיות של המקרה.",eval
מהו השיקול המרכזי שהשפיע על ההחלטה בענייני הרתעה במקרה זה?,"בקשר לשיקולי הרתעה יש לזכור את ייחודיות המקרה דנן, כחלק מהפרשה הרחבה אשר נחקרה, אשר הביאה לשינוי בהתנהלות היהלומנים והכללים בעניינם.",eval
כיצד משפיע שיהוי בהגשת כתב אישום על הענישה?,"כמו כן, רק לאחרונה, בע\פ (מרכז) 57577-02-19 ילרים נ' מדינת ישראל (21.11.2019) (להלן: \""עניין ילרים\"") שב וקבע בית המשפט המחוזי, כי שיהוי בהגשת כתב אישום יכול להביא להקלה ממשית בעונש, \""בהתחשב, בין היתר, במשך השיהוי וטעמיו, בחומרת העבירה וטיבה, בנזק שנגרם לנפגע העבירה ובתרומת התנהלותו של הנאשם לעיכוב\"".""",eval
אילו נסיבות מקשות על מתן משמעות ממתנת לעבירות שביצעה הנאשמת?,"מבלי להתעלם מהקושי הממשי וממורכבות הנסיבות, כפי שציינתי לעיל, בראי השיטתיות שבביצוע העבירות, משך ביצוען והעובדה שבוצעו בעת שמאסר על תנאי תלוי ועומד כנגדה, תוך שאף בוצעו במסגרת חברה נוספת אותה פתחה הנאשמת, קשה לתת לנסיבות אלה משמעות ממתנת באופן ניכר וממשי.",eval
מהי המשמעות של הודיית הנאשם ונטילת האחריות בהליך השיפוטי?,"כשאלה הן הנסיבות, אף יש משמעות רבה ויתרה להודיית הנאשם ולנטילת האחריות על ידו, כמו גם לחיסכון השיפוטי לצד הודייתו, וגם אלה נשקלים לזכותו.",eval
מהי הזהירות הנדרשת בבקשת המתחם בהסדר טיעון?,"בבקשת המתחם נדרשת זהירות, אין המדובר בקביעת מתחם ענישה במובן הפורמלי של תיקון 113 לחוק העונשין, וקביעתו תתבצע בצורה רכה לשם \קבלת מידע והקשר לעונש שראוי לקבוע בהסדר טווח\"", בשים לב לקיומן של נסיבות מגוונות שיכולות להוביל להחלטת המדינה להגיע להסדר, כשהמשקל שיש ליתן לשיקולי תיקון 113 לחוק העונשין ולמתחם הענישה במקרה נתון משתנה בהתאם לנסיבות הקונקרטיות שהביאו להסדר.""",eval
כיצד השפיעה מצוקה כלכלית על ביצוע העבירות על ידי הנאשם?,נתתי דעתי לכך שהעבירות לא בוצעו תוך תכנון מוקדם או תחכום וכי ביצוען נובע ככל הנראה ממצוקה כלכלית ואולי אף מקשיים בענף וכי הנאשם אף פעל לטענתו לנטילת הלוואות חוץ בנקאיות כדי לקיים את הנאשמת.,eval
מהו השיקול שהשפיע על החלטת בית המשפט לגבי אופן ריצוי עונש המאסר של הנאשם?,"לצד האמור, ובעת החלטה באיזה אופן ירצה הנאשם את עונש המאסר בפועל שייגזר עליו (בשים לב להסכמת הצדדים להגבלת עונש המאסר בפועל ל- 9 חודשים אשר אומצה), לא ניתן להתעלם מחלוף הזמן מאז ביצוע העבירות, ומחלוף הזמן בין מועד הודעת היידוע לנאשם ובין מועד הגשת כתב האישום (ענ/1), וכן מכך שעונש המאסר בפועל אשר נגזר בעניין אריק כהן נקבע לריצוי בעבודות שירות (מבלי להתעלם מהשוני בנסיבות לעניינו).",eval
מהן הנסיבות שצריך לקחת בחשבון בהערכת ביצוע העבירה על ידי הנאשם?,"במסגרת הנסיבות הקשורות לביצוע העבירה, יש לתת את הדעת לשיקולים הבאים: העבירה בוצעה על ידי הנאשם תוך תכנון מוקדם, הנאשם ביצע את העבירה על כל שלביה כמבצע יחידי.",eval
מדוע יש טעם בטענת ההגנה לגבי הייחודיות של מגזר היהלומנים בתחום המס?,יש טעם בטענת ההגנה לפיה מגזר היהלומנים עליו נמנה הנאשם הוא מגזר ייחודי שזכה לאורך שנים ארוכות ליחס שונה בתחום המס.,eval
מהו המסר שמועבר על ידי עונש מסוג זה בנוגע לחומרת מעשי הנאשם?,עונש מסוג זה מדגיש מחד את חומרת מעשי הנאשם ומלמד כי לצד מעשים מעין אלה מחיר קונקרטי.,eval
מהי הסיבה שהובילה את בית המשפט המחוזי לסטות ממתחם העונש ההולם?,בית המשפט המחוזי סטה ממתחם העונש ההולם נוכח הסיכון לנאשם במצבו הרפואי המורכב וכלל נסיבותיו.,eval
מהי הסיבה לסטייה ממתחם העונש ההולם במקרה זה?,"בנסיבות המתוארות, בשים לב לכך שהנאשם התגייס לטפל בהתמכרותו הנמצאת ברקע לביצוע העבירות ומצליח להשתקם, ועל מנת לאפשר לו להמשיך בדרכו הטובה בגילו הצעיר, ממנה יצא נשכר גם האינטרס הציבורי בכללותו, מצאתי לסטות בעניינו של הנאשם ממתחם העונש ההולם.",eval
מהי העמדה שנקבעה לגבי מספר העברויות בהקשר לקריסתה הכלכלית של הנאשמת?,"לעניין מספר האירועים, מצאתי לקבל את עמדת המאשימה לפיה כל עבירה היא בגדר אירוע הגם שכלל העבירות בוצעו על פי הנטען על רקע קריסתה הכלכלית של הנאשמת.",eval
מהו הקשר בין סיום טיפול מוצלח לבין ההחלטה לחרוג לקולא ממתחם הענישה?,"אדרבא, סיום הטיפול המוצלח הוא זה שמצדיק את החריגה לקולא ממתחם הענישה שנקבע, גם אם ההליך הפלילי שימש כמנוף לשילוב הנאשם בטיפול.",eval
מהי העמדה המשפטית בנוגע לשיקול הדעת של בית המשפט בהפעלת מאסר מותנה?,"עמדה זו, על פניה, וללא אסמכתאות וטיעון סדור, עומדת בניגוד להוראות המפורשות בחוק העונשין ולפסיקה הענפה אשר הדגישה כי מאסר מותנה הושת על ידי בית המשפט בתיק קודם, ולבית המשפט הגוזר את הדין בגין עבירות המפעילות את התנאי אין שיקול דעת באשר להפעלתו (למעט במקרים בהם ניתן להורות על הארכתו) גם מקום בו לדוגמא נראה כי הפעלתו איננה מידתית (ראו על הדומה והשונה רע\פ 1441/14 חמיס נ'' מדינת ישראל [פורסם בנבו] (9.12.2014) וע\""פ 536/70 קסיר נ' מדינת ישראל [פורסם בנבו]  (27.1.1971)).""",eval
מהו השיקול שקשור לחלוף הזמן ולתנאים המגבילים של הנאשם בקביעת העונש?,בעת קביעת משך המאסר בעבודות שירות שיוטל על הנאשם נתתי דעתי גם לחלוף הזמן ולהיותו של הנאשם נתון משך תקופה ארוכה (משך כשנתיים) תחת תנאים מגבילים ולא נטען שבוצעה הפרה מצידו.,eval
מהי החשיבות של הענישה הכספית בעבירות מסוג זה?,"לעניין מתחם הקנס, כידוע, בסוג זה של עבירות קיימת חשיבות ממשית לענישה כספית אשר תלמד כי אין אף תועלת כלכלית לצד ביצוען של העבירות.",eval
מהו הרף התחתון של מתחם עונש המאסר במקרה זה ומהם התנאים לריצוי העונש בעבודות שירות?,"בשים לב לסכום העבירה, סוגיית המחדל, נסיבות ביצוע העבירה, ומידת הפגיעה הבינונית בערכים המוגנים, מצאתי כי הרף התחתון של מתחם עונש המאסר במקרה זה הוא עונש מאסר בן 6 חודשים אותם ניתן לרצות בעבודות שירות, בכפוף לחוות דעת הממונה על עבודות השירות ועד 14 חודשי מאסר בפועל.",eval
אילו ערכים נלקחו בחשבון בקביעת הענישה בעבירות סמים?,"במסגרת זו, נתתי דעתי לערכים המוגנים בעבירות הסמים, לחומרה הרבה שלצידן ולחשיבות ההרתעה.",eval
אילו גורמים יש לקחת בחשבון בגזירת עונשו של הנאשם?,"בגזירת עונשו של הנאשם יש לתת את הדעת לגילו של הנאשם, בן 68 ולכך שהנאשם נעדר עבר פלילי.",eval
מהו השיקול שהוקל בעונש הנאשם בהתחשב במצבו הבריאותי?,"רביעית, לקולא, אני לוקחת בחשבון את מצבו הבריאותי נפשי של הנאשם כפי שפורט בפניי בטיעונים ובמסמכים שצורפו (במ/2 ו- במ/3) כאשר אף נתתי דעתי לכך שאין המדובר באישורים מהעת האחרונה.",eval
מהו השיקול שצוין על ידי המאשימה בנוגע לנתונים לחומרה או לקולא בעת קביעת מתחם הענישה?,"כפי שצוין על ידי המאשימה בטיעונה לעונש, הגם שסכומי העבירה בעלי משמעות בדרך כלל בסוג זה של עבירות, קיימים לעיתים נתונים לחומרה (ולעיתים אף לקולא) שאינם נובעים מסכומי העבירה, ועליהם להישקל בעת בחינת הנסיבות וקביעת מתחם הענישה, כל מקרה ונסיבותיו.",eval
כיצד יש להתייחס לטענות ההגנה בהקשר לעבירת העלבת עובד ציבור?,"בעת בחינת נסיבות ביצוע העבירות ובחינת מידת הפגיעה בערכים המוגנים יש לתת את הדעת לטענות ההגנה בדבר צמצום גבולותיה של עבירת העלבת עובד ציבור בעניין אליצור סגל, והמשמעות שיש ליתן לדברים בעת קביעת העונש.",eval
מהי המסקנה לגבי עונשו של הנאשם בהתחשב במצבו הכלכלי ובנסיבותיו האישיות?,"הקריסה הכלכלית של הנאשם ומשפחתו ומצבו המורכב באים בין שיקולי, וכשאלה הם פני הדברים, מסקנתי היא כי במקרה מיוחד זה, חרף אי הסרת המחדל, נכון לגזור את עונשו של הנאשם בתחתית מתחם הענישה לעונש מאסר על תנאי מרתיע, לצד קנס מתאים והתחייבות.",eval
מהו העיקרון שעליו מתבססת קביעת מתחם העונש ההולם?,קביעת מתחם העונש ההולם נעשית על פי עיקרון ההלימה.,eval
מהו המשקל שיש לתת להודיה וללקיחת אחריות של הנאשם?,"אין ליתן להודיה, לקיחת האחריות וחיסכון הזמן את אותו המשקל הניכר הניתן בדרך כלל ובפרט למי שמודה בשלב מוקדם של ההליך ולוקח אחריות על מעשיו.",eval
"מהי מידת הפגיעה בערכים המוגנים בעבירות המס, גם כאשר קיימים דיווחים למע\מ?""","בניגוד לנטען על ידי הסנגור, אין להקל ראש בפגיעה הנגרמת מהעבירות אותן ביצעו הנאשמים בשיטת חישוב המס ובפיקוח הרשות גם אם קיימים דיווחים למע\מ ואין בכך כדי להפחית באופן ממשי את מידת הפגיעה בערכים המוגנים.""",eval
מה עשוי להיות ההשפעה על מתחם העונש אם כל העבירות היו נחשבות כאירוע אחד?,"ככל שהיו נקבעות כלל העבירות כאירוע אחד, כפי שביקשה ב\כ הנאשם, יתכן שהיה מקום לקבוע מתחם גבוה מזה המבוקש על ידי המאשימה.""",eval
מהו השיקול המרכזי שהצדיק את מיקום הנאשם בתחתית מתחמי הענישה?,כבר כאן יאמר כי כלל הנסיבות שאינן קשורות לביצוע העבירה מצדיקות מיקומו של הנאשם בתחתית מתחמי הענישה שנקבעו – וכך יעשה.,eval
"מהו המאפיין המרכזי של מתחם הענישה לפי פסקי דין, כפי שנקבע בפסק הדין?","כידוע, מתחם הענישה אינו עניין אריתמטי פשוט אלא מגלם הכרעה ערכית המבוססת על שיקולים שונים שמדיניות הענישה היא רק אחד מהם, כשעצם העובדה שלעולם יוכל כל צד למצוא פסקי דין התומכים בעמדתו מלמדת כי אין המדובר במדד מדויק.",eval
מדוע קושי כלכלי אינו מקנה הקלה אוטומטית בקביעת מתחם הענישה?,"כידוע, קושי כלכלי ברקע עבירות מהסוג הנדון אינו מקנה הקלה אוטומטית בעת קביעת מתחם הענישה ועונשו של הנאשם.",eval
מה ניתן ללמוד ממקרים דומים לגבי מתחמי הענישה והעונש שנגזר?,"לצד האמור, מבחינת מתחמי הענישה שנקבעו במקרים דומים, ומשך עונשי המאסר שנגזרו, ניתן ללמוד כי קיימים מקרים בדרגת חומרה דומה לזו שבעניינו, ואף כזו בה פעל הנאשם תוך תכנון, בהם נקבעה תחתית מתחם הענישה על 9 חודשי מאסר.",eval
מהו עמדת שירות המבחן לגבי חומרת העבירות שביצע הנאשם?,שירות המבחן אינו מתעלם מחומרת העבירות בביצוען הורשע ומהצורך בענישה ממשית.,eval
מהו השיקול המרכזי שנלקח בחשבון בעת קביעת עונשו של הנאשם בעבירות מסוג זה?,"עונשו של הנאשם ייקבע תוך שקלול מלא של נסיבותיו האישיות, שיקולי הרתעה ואינטרס ציבורי, כאשר שיקולי הרתעה ואינטרס ציבורי בעלי משקל בכורה בענישה של עבירות מסוג זה, ודרך המלך היא גזירת עונשי מאסר בפועל.",eval
מהי המדיניות המשפטית המובילה לאימוץ הסדרי טיעון על ידי בית המשפט העליון?,"בע\פ 2021/17 מצגר נ' מדינת ישראל [פורסם בנבו] (30.4.2017) (להלן: \""עניין מצגר\"") חזר בית המשפט העליון על המדיניות התומכת באימוץ הסדרי טיעון והדגיש את יתרונותיהם, את האינטרס הציבורי אותו הם משרתים ואת תפקידם הראוי במערכת אכיפת החוק.""",eval
כיצד ההבחנה שערכה המאשימה משפיעה על תחושת השוויון והצדק במקרה זה?,"גם בעניין זה יש כדי להביא לתחושה של פגיעה בערך השוויון, ובכללי הצדק וההגינות, גם אם ההבחנה שערכה המאשימה לצורך החקירה הפלילית הגיונית בנסיבות ואיננה נגועה בשרירותיות, ולא נלווה לה מניע פסול או כוונה רעה.",eval
מה חשוב לזכור בעת בחינת הענישה הנוהגת בעבירות אלו?,"בעת בחינת הענישה הנוהגת חשוב לזכור ולהזכיר כי חרף העובדה שבמקרים רבים בתחתית המתחם עונש של מאסר מותנה, מקום בו לא הוסרו המחדלים, נוטים בתי המשפט לגזור על נאשמים עונשים ממשיים בדמות מאסר לריצוי בעבודות שירות, ואף מאסר מאחורי סורג ובריח (ר' רע\פ אבו הלאל, ת\""פ 1737-11-14 מע\""מ ת\""א 1,2 נ' אניל נס (4.12.2017) (והפסיקה המוזכרת שם), ת\""פ 4740-03-16  מע\""מ גוש דן נ' א.ב. תבשילים של פעם (25.9.2017) (והפסיקה המוזכרת שם), ת\""פ 32646-03-16 מע\""מ ת\""א 1,2 נ' מסעדת סלעים בע\""מ (30.4.2018), ת\""פ 36736-10-13 מע\""מ פתח תקווה נ' אברהם אבי פלח (22.10.2014), ת\""פ 22589-03-12 מדינת ישראל נ' חברת פשוט יבוא ושיווק בע\""מ (17.9.2013), ת\""פ 322431-03-13 מדינת ישראל נ' בית האוכל ארגוב בע\""מ ואח'  (27.1.2014)).""",eval
מהו הקושי במיקום נאשם בתחתית המתחם כאשר מחדלי כתב האישום לא הוסרו?,קיים קושי למקם נאשם בתחתית המתחם מקום בו לא הוסרו מחדלי כתב האישום ולפחות חלקם הגדול.,eval
מדוע יש לבחון את המלצת שירות המבחן בכובד ראש וברצינות במקרה של נאשמים?,"יחד עם זאת, בהיות שירות המבחן הגוף המקצועי האמון על בחינה מעמיקה של עניינם של נאשמים, יש לבחון את המלצתו בכובד ראש וברצינות הראויה.",eval
מדוע יש לתת את הדעת לחלוף הזמן מאז ביצוע העבירות?,"עוד יש לתת את הדעת לחלוף הזמן מאז ביצוען של העבירות המיוחסות לנאשם, על המשמעויות הנובעות מכך.",eval
מהי המשמעות של הודאת הנאשם בחלק מהסכומים לפני תחילת שמיעת ההוכחות?,"נתתי דעתי לכך שהנאשם הודה בחלק לא מבוטל מסכומי העבירות עוד לפני תחילת שמיעת ההוכחות, ואף חסך זמן שיפוטי מסוים בכך, כשהודעות עדים רבים הוגשו בהסכמה.",eval
"מה נקבע בע\פ 1901/19 לגבי קביעת מתחם ענישה בהסדר טיעון?""","בע\פ 1901/19 שמעון אסולין נ' מדינת ישראל (31.5.2020) נקבע כי בית המשפט רשאי לקבוע מתחם ענישה גם מקום בו הגיעו הצדדים להסדר טיעון, ובכלל זאת להסדר טיעון הכולל טווח ענישה, וראוי שכך יעשה.""",eval
אילו סוגי עונש יכולים להיגזר גם כאשר לא הוסרו מחדלי כתב האישום?,"לצד זאת, על פי הפסיקה קיימים גם מקרים לא מעטים מתאימים בהם גם כאשר לא הוסרו מחדלי כתב האישום כלל, גזרו בתי המשפט עונשי מאסר לריצוי בעבודות שירות (בדרך כלל לתקופה ממשית) לצד ענישה צופה פני עתיד וקנס.",eval
מהו מתחם העונש ההולם לאירוע השני שנדון במקרה זה?,"בנוגע לאירוע השני מתחם העונש ההולם הוא בין תקופה קצרה הניתנת לריצוי בעבודות שירות לבין 10 חודשי מאסר בפועל, הגם שבעת גזירת הדין נכון יהיה כאמור לחפוף במידה מסוימת בין המתחמים.",eval
מהו הריסון הנדרש בהחלת עבירת העלבת עובד ציבור על חופש הביטוי הפוליטי?,בית המשפט הבהיר כי יש להעניק לחופש הביטוי הפוליטי הגנה יתרה ולנקוט ריסון רב במיוחד בהחלת העבירה לגביו.,eval
מהי החשיבות של הסרת המחדלים בהקשר של עבירות אי הגשת דוחות?,"כידוע, להסרת המחדלים בסוג זה של עבירות משמעות רבה לעניין הענישה.",eval
כיצד משפיע נתיב השיקום על מסוכנות הנאשם לפי ההערכות המשפטיות?,"נתיב השיקום אף מפחית ממסוכנות הנאשם, כשיש לזכור כי גזירת עונש מאסר על הנאשם אינה מבטיחה את איון מסוכנותו.",eval
מהו תפקיד גילו הצעיר של הנאשם בהערכת הנסיבות של ביצוע העבירה?,"בהקשר זה, בעת בחינת הנסיבות, אין להתעלם גם מגילו הצעיר של הנאשם בעת ביצוע העבירה (בן 20) (ע\פ 8487/15 פלוני נ' מדינת ישראל [פורסם בנבו] (8.11.2016)), ואף ביחס לגילם של המעורבים האחרים, הנאשם 2 ותמימי (50 ו-33 בהתאמה), וכך גם מ\""תמימותו\"" של הנאשם במהלך העסקה, בהבחנה מנאשם 2.""",eval
מהו השיקול שהוביל את בית המשפט למסקנה כי אין הצדקה למהלך מרחיק לכת בעניינו של הנאשם?,"לפיכך, אינני סבורה כי נסיבות מקרה זה ונסיבותיו של הנאשם מצדיקות מהלך כה מרחיק לכת.",eval
כיצד השפיעה הודאת הנאשם על גזר הדין והאם יש לכך יתרון?,"הנאשם הודה בביצוע העבירות וחסך בזמן שיפוטי יקר, אלה ייזקפו לזכותו, כמו גם הסרת המחדל החלקית על ידו בכך שהגיש את הדוחות השנתיים (לשנים 2015 ו- 2016) לפקיד שומה, כזכור, לדברי הסנגור המדובר בדוחות המעידים על הפסדים ולא נדרש כל תשלום בגינם.",eval
מהי המדיניות העקרונית התומכת באימוץ הסדרי טיעון לפי בית המשפט העליון?,"חזר בית המשפט העליון פעם נוספת והדגיש את המדיניות העקרונית התומכת באימוץ הסדרי טיעון, תוך שעמד על כך שבתי המשפט הדגישו לא אחת את יתרונותיהם של הסדרי הטיעון, חשיבותם, האינטרס הציבורי שבבסיסם ותפקידם הראוי במסגרת מערכת האכיפה הפלילית.",eval
כיצד משפיעה מידת הפגיעה בערכים המוגנים על הנאשם במקרה זה?,"בחינת נסיבות ביצוע העבירות במקרה זה מלמדת על מידת פגיעה ממשית בערכים המוגנים ממעשי הנאשם אשר בוצעו על ידו בצוותא חדא עם יעקב שמואל, גם כאשר ניתן משקל מסוים לטענה לפיה הנאשם היה הגורם הדומיננטי פחות בביצוען, נוצל כטענתו על ידי יעקב שמואל, והתקשה לפעול מולו באופן אסרטיבי לאור מבנה אישיותו הנמנעת ודפוסיו.",eval
כיצד משפיע חלוף הזמן והודאת הנאשם על גזירת העונש?,"בנוסף, לחלוף הזמן מאז ביצוע העבירות ולכך שהנאשם נטל אחריות לביצוען, הביע חרטה ובושה על מעשיו, ואף הודה וחסך זמן שיפוטי.",eval
מדוע יש חשיבות לאינטרס הציבורי בעבירות מסוג זה על פני נסיבות אישיות?,"אמנם על פי פסיקה עקבית מפי בית המשפט העליון בעבירות מהסוג הנדון מקבל האינטרס הציבורי בכורה על פני נסיבות אישיות (רע\פ 3857/13 יצחקיאן נ' מדינת ישראל (30.7.2013), ויש לתת את הדעת לחשיבות ההרתעה ובכללה הרתעת היחיד והרבים.""",eval
מהו המכשול שהציב שירות המבחן בפני האפשרות לשיקום וטיפול עבור הנאשם?,שירות המבחן הבהיר כי אינו יכול להמליץ על שיקום וטיפול עבור הנאשם משהנאשם מחזיק בעמדות נוקשות כלפי גורמי ממסד ואינו מגויס לשיתוף פעולה ולבדיקה עצמית.,eval
מה השפעת חלוף הזמן מאז ביצוע העבירות על ההליך המשפטי של הנאשם 1?,"נתתי דעתי לחלוף הזמן מאז ביצוע העבירות מבלי להתעלם ממשך ניהול ההליך עד הגעת הצדדים להסדר טיעון, בפרט שקלתי את העובדה שלא נפתחו לנאשם 1 תיקים חדשים מאז.",eval
מדוע יש להתחשב בחומרת המעשים ובמצב הקורבן בעת בחינת נסיבות ביצוע העבירה?,"בעת בחינת נסיבות ביצוע העבירה והגם שהנאשמת הואשמה בעבירה של תקיפה סתם ואיומים לפי סעיפים 378 ו- 192 לחוק העונשין, לא ניתן להתעלם מהנסיבות המעידות על חומרת המעשים, בהיות קורבן העבירה אישה קשישה, חסרת ישע, אשר סובלת מבעיות רפואיות ונפשיות שונות ושאינה הולכת לבדה, ומכך שהנאשמת הייתה אמונה על טיפולה בבית האבות בו היא מתגוררת, אשר אמור היה להוות עבורה מקום מוגן ובטוח כטענת המאשימה.",eval
מהן השיקולים שיש לקחת בחשבון בעת קביעת מתחם העונש בעבירות מס?,"במסגרת קביעה זו יש להתחשב בערך החברתי אשר נפגע, במידת הפגיעה בו, במדיניות הענישה הנוהגת ובנסיבות ביצוע העבירה.",eval
מהו המידע שמצביע על מסוכנותו של סם מסוג AMB-5F בהשוואה לסמים אחרים?,מאפייניו של סם מסוג AMB-5F מלמדים על מסוכנותו העולה על זו של סמים כגון מריחואנה.,eval
מהן הערכים המוגנים שיש לקחת בחשבון בעת ביצוע העבירות?,"במסגרת זו, נתתי דעתי לערכים המוגנים אשר נפגעו מביצוע העבירות, הנוגעים לחשיבות השמירה על שלום הציבור, על הקניין הפרטי, על הפרטיות ועל תחושת הביטחון.",eval
כיצד משפיע מבחן הקשר ההדוק על הגדרת כלל העבירות בכתב האישום?,"בראי נסיבות אלה, ובהתאם למבחן הקשר ההדוק שנקבע בע\פ 4910/13 ג'אבר נ' מדינת ישראל (29.10.2014) (להלן: \""עניין ג'אבר\"") מצאתי לקבוע את כלל העבירות מושא כתב האישום כאירוע חרף עתירת ההגנה.""",eval
מדוע יש לתת משקל לחומרה כאשר הנאשם ביצע את העבירות בזמן תיק קודם?,"מנגד, ובעת שקילת הנסיבות לא ניתן להתעלם מכך שהנאשם ביצע את העבירות מושא כתב האישום בזמן שהתנהל כנגדו התיק הקודם, בגין ביצוען של עבירות זהות, ולכך משקל לחומרה בעת בחינת הנסיבות.",eval
כיצד השפיעה עברו הפלילי של הנאשם על שיקול הדעת בעניינו?," במסגרת שיקולי לא התעלמתי מכך שעל פי במ/1 ביצע הנאשם בעבר עבירות, בין היתר בקשר לאחותו, ואף היה נתון תחת צו מבחן מבית המשפט לנוער, ובשיחות פרטניות, והעבירות הנדונות נעברו לאחר שהסתיים צו המבחן ולמרות הטיפול המסוים שעבר אז.",eval
מה היה על ההגנה להציג לשם ביטול ההרשעה במקרה זה?,"ברי כי כשאלה הם פני הדברים, לשם ביטול ההרשעה היה על ההגנה להציג נזק קונקרטי ממשי לנאשמת, מוכח היטב בראיות, על מנת לנסות לשכנע כי מתקיים יחס בלתי סביר בין הנזק הצפוי לה מן ההרשעה לבין חומרת העבירה, המצדיק את ביטול ההרשעה.",eval
מהי חשיבות ההגנה על הציבור בהקשר להפרת צו פיקוח?,"בכל הנוגע להפרת צו פיקוח, הרי שבבסיס הצו חשיבות ההגנה על הציבור מפני ביצוע עבירות מין, ותנאי צו הפיקוח נקבעים כחליפה מותאמת למפוקח, לנסיבותיו ולסיכון הנשקף ממנו, כשחשיבות הבטחת האפקטיביות של מנגנון הפיקוח ברורה.",eval
כיצד משפיעים חיסכון הזמן השיפוטי והודאת הנאשם על הענישה?,חיסכון הזמן השיפוטי וקבלת האחריות והחרטה מעצם ההודיה יישקלו לזכותו.,eval
מהי מידת הפגיעה בערכים המוגנים ממעשי הנאשם לפי ההכרעה?,"לאור כלל המפורט לעיל, מידת הפגיעה בערכים המוגנים ממעשי הנאשם אינה מבוטלת, הגם שאינה ברף גבוה.",eval
מהו רף הפגיעה בערכים המוגנים ממעשיו של הנאשם בנסיבות אלו?,"בנסיבות אלה, הפגיעה בערכים המוגנים ממעשיו של הנאשם היא ברף הבינוני נמוך.",eval
מהו השיקול שקשור לחלוף הזמן ולרקע הפלילי של הנאשם שנלקח בחשבון בהחלטה?,"נתתי דעתי לחלוף הזמן מביצוע העבירות, קרוב ל-3 שנים, כשמעיון ברישום הפלילי של הנאשם עולה כי בסמוך לביצוע העבירה הנדונה, ביצע הנאשם עבירות של תקיפה סתם ואיומים בביצוען והורשע, ולמעט בהקשר זה לא הוגשו נגדו כתבי אישום נוספים.",eval
מהו מתחם הקנס שנקבע במקרה זה ומהם התנאים להטלתו?,"אחרי שקילת כלל הנסיבות מתחם הקנס יקבע באופן מתון (אף בשים לב לעונש המאסר שייגזר על הנאשם) בין 20,000 ו- 60,000  ועל הנאשם ייגזר קנס בתחתית המתחם לצד התחייבות להימנע מביצוע עבירה.",eval
מדוע יש צורך בענישה מרתיעה בעבירות המיועדות להפקת תועלת כלכלית?,"זאת, לצד הקלות הרבה שבביצוע העבירות, והרווח הרב לצידן מקימים פיתוי של ממש לבצען ומחייבים ענישה ממשית ומרתיעה.",eval
מהו העונש הממשי הניתן בעבירות המערבות שימוש בחשבוניות כוזבות?,"הדברים מקבלים משנה תוקף מקום בו מדובר בעבירות המערבות הוצאה ושימוש בחשבוניות כוזבות, ובדרך כלל מתחמי הענישה בגין עבירות אלה ובהיקפים ממשיים הדומים לאלה שבעניינו כוללים בתחתיתם עונשי מאסר ממשיים לריצוי מאחורי סורג ובריח, והעונש שנגזר על הנאשמים הוא עונש מאסר ממשי, תוך שבתי המשפט מדגישים את חומרת העבירות, חשיבות ההרתעה ובכללה הרתעת הרבים, ובכורתו של האינטרס הציבורי על פני נסיבות אישיות (ראו והשוו לשם הדוגמא: רע\פ 6779/19 מפארג'ה נ' מדינת ישראל (27.10.2019), רע\""פ 9004/18 יצחקי נ' מדינת ישראל (31.12.2018) (להלן: \""עניין יצחקי\""), ראו גם רע\""פ 5253/17 אבו סרייה נ' מדינת ישראל (16.4.2018) שם דובר בניכוי מס תשומות ללא מסמך, ולא על בסיס חשבוניות כוזבות).""",eval
"מהו השיקול הממתן שניתן לקחת בחשבון במקרה זה, בהתחשב במחזורי הנאשמת ובקבלני המשנה שלה?","משכך, לאמור ניתן לתת משמעות ממתנת במידה מוגבלת בלבד הנובעת בעיקרה מכך שמחזורי הנאשמת בתקופה הרלבנטית היו גבוהים מאוד, והיו לה קבלני משנה רבים עמם עבדה ובקשר אליהם לא הואשמה בביצוע עבירות (הגם שטענות אלה לא גובו במסמכים לא נטען אחרת על ידי המאשימה).",eval
כיצד השפיע גילו של הנאשם על ההחלטה בעניינו?," עוד נתתי דעתי לגילו הצעיר בעת ביצוע העבירות וכיום, יליד שנת 1995, ולנסיבותיו האישיות המורכבות אשר פורטו לעיל ובתסקירי שירות המבחן.",eval
אילו שיקולים נלקחו בחשבון בנוגע לעבר הפלילי של הנאשם?,"כאמור, שקלתי את הודיית הנאשם, חיסכון הזמן השיפוטי על ידו והעדרו של עבר פלילי רלבנטי (ת/1) (מבלי להתעלם מהרשעותיו בביצוע עבירות פליליות בתחומים אחרים).",eval
אילו נסיבות רשאי בית המשפט לשקול בעת גזירת העונש לנאשם לפי סעיף 40יא לחוק העונשין?,"כידוע, בעת גזירת העונש המתאים לנאשם רשאי בית המשפט לשקול את הנסיבות שאינן קשורות לביצוע העבירות על פי סעיף 40יא לחוק העונשין, ביניהן נטילת אחריות על ידי הנאשם, חזרתו למוטב ומאמציו לחזור למוטב.",eval
מהו הקנס הכספי שנגזר על הנאשם בגין עבירות הלבנת ההון?,"לצד עונש המאסר אותו ניתן לרצות בעבודות שירות, ומאסר על תנאי, ייגזר על הנאשם כאמור קנס כספי מתון בגין ביצוע עבירות הלבנת ההון בסך שבין 20,000 \n5 לבין 50,000 \n5, תוך איזונו מול מתחם עונש המאסר שנקבע, בשים לב לחשיבות הפגיעה בכיסו של העבריין כאשר המדובר בסוג זה של עבירות המבוצעות ממניע כלכלי, אך גם תוך שנתתי דעתי לנסיבותיו הכלכליות של הנאשם, לטענה לפיה ספג הפסדים בשל השקעתו בחברת ה.ג.א ועזיבתו אותה, להיותו המפרנס עיקרי (ענ/2) המשלם דמי שכירות בסך 5,500 \n5 בחודש על פי הסכם השכירות שהוגש (ענ/11), ולכלל הנסיבות.",eval
מהו הערך המוגן שנפגע בעבירות של קבלת דבר במרמה?,"במקרה דנן הערכים המוגנים בעבירות אלה, אלה ידועים ובכללם, פגיעה בקופה הציבורית ובפרט בכספים אשר אמורים לשמש את הזקוקים להם בחברה בה אנו חיים.",eval
כיצד השפיעה הודאת הנאשם על התהליך השיפוטי במקרה זה?,נתתי דעתי לכך שהנאשם הודה ונטל אחריות על ביצוע העבירות ואף חסך זמן שיפוטי.,eval
מהו השיקול שהוביל לאימוץ הסדר הטיעון והקלה בעונש הנאשם?,"לנוכח הפער הקטן והמצומצם בין עמדת המאשימה לעונש בן 11 חודשי מאסר בפועל, לבין העונש המקסימלי בן 9 חודשים שניתן לרצות בעבודות שירות, נכון לאמץ את הסדר הטיעון ולקבוע עונש המקל בהתחשב במצבו הרפואי של הנאשם.",eval
מהי העמדה המקובלת ביחס למתחמי הענישה לעבירות המס שביצע הנאשם?,"בכל הנוגע למתחמי הענישה ביחס לעבירות המס שביצע הנאשם, מקובלת עלי עמדת המאשימה (עליה לא חלק הסנגור) לפיה מבחינת הענישה הנוהגת ויתר הנסיבות נראה כי לו היה נקבע מתחם הנוגע לעבירות המס לבדן נכון היה לקבוע בתחתיתו עונש של 6 חודשי מאסר (בנסיבות מתאימות אף לריצוי בעבודות שירות).",eval
"מדוע יש לשקול את הענישה שהושתה במקרים דומים, גם אם יש שינויים מחויבים?","לא ניתן להתעלם מהענישה שהושתה שם, ויש לשקול גם אותה, בשינויים המחויבים, אינני סבורה שיש ללמוד ממנה גזירה שווה.",eval
כיצד נפגעים הערכים החברתיים מביצוע עבירות מס?,"מביצוען של העבירות נפגע ערך השוויון והאמון, ופעמים רבות יש בהן כדי לגרום לנזק ממשי לקופה הציבורית, ובכך לכל אחד ואחת מאזרחיה, ובפרט לציבור הנשען על השירותים הציבוריים.",eval
כיצד השפיע הפיצוי שהפקיד אטיאס על גזר הדין בעניינו?,"גם בעניינו של אטיאס מצאתי לתת משקל ממשי לפיצוי שהפקיד בעזרת משפחתו לטובת נפגעת העבירה, בסך 50,000 ₪.",eval
אילו שיקולים נוספים יש לקחת בחשבון בעת בחינת הסדר טיעון?,בעת בחינת הסדר הטיעון יש לזכור כי פעמים רבות בבסיסו שיקולים נוספים ושונים מאלה הנשקלים על ידי בית המשפט במסגרת תיקון 113 כדוגמת קשיים ראייתיים.,eval
מהו הכלל המנחה את בית המשפט בנוגע להסדרי טיעון?,"הכלל הוא כי בית המשפט יטה לכבד הסדר טיעון ויתערב בו רק מטעמים המצדיקים זאת לאחר בחינתו במבחן האיזון אשר נקבע בע\פ 1958/98 פלוני נ' מדינת ישראל (25.12.2002) ובשים לב לכך שהשיקולים הנשקלים בעת עריכת הסדר טיעון אינם זהים בהכרח לאלה הנשקלים במסגרת תיקון 113 לחוק העונשין.""",eval
מדוע קשיים כלכליים אינם מהווים הצדק לביצוע העבירות?,"כידוע, קשיים כלכליים אינם מהווים הצדק לביצוע העבירות ובמקרים רבים אף לא להקלה בענישה.",eval
מהן הנסיבות הייחודיות שהובילו לכך שהעונש המוצע אינו סביר במקרה זה?,"לאור מתחם הענישה אשר נקבע, העונש לו עותרת המאשימה, בדמות 36 חודשי מאסר בפועל לצד מאסר על תנאי וקנס, הוא סביר בנסיבות רגילות, נמצא בחלקו התחתון של המתחם, ואף מקל במידת מה בשים לב לכך שהנאשם לא הסיר את מחדלי כתב האישום ומבלי להתעלם מההודיה ונטילת האחריות על ידו  אך מקרה זה אינו רגיל, ומתקיים בו צבר ייחודי של נסיבות יוצאות דופן מהן לא ניתן להתעלם בעת קביעת עונשו של הנאשם.",eval
כיצד יש לשקול את מידת הפגיעה בערכים המוגנים ממעשי הנאשמות?,"ראיתי לנכון לשקול את מידת הפגיעה בערכים המוגנים ממעשי הנאשמות, לאור נסיבות ביצוע העבירות ונסיבות המקרה השלמות והספציפיות של כל נאשמת.",eval
מהי החשיבות של ההרתעה בעבירות מסוג זה בהעדר נסיבות מיוחדות?,"בדרך כלל, בהעדר נסיבות מיוחדות המצדיקות זאת, לאור חשיבות ההרתעה בסוג זה של עבירות ובכורתו של האינטרס הציבורי על פני נסיבות אישיות, מקום בו לא תוקנו המחדלים, נוטים בתי המשפט לגזור על נאשמים עונשי מאסר של ממש אותם ניתן לרצות במקרים מתאימים בעבודות שירות.",eval
"מהו העיקרון המנחה בענישה במקרה זה, ומהן ההמלצות שניתנו לגבי העונש?","בראי כלל המפורט לעיל, ומבלי למעט כלל מחומרת העבירה אותה ביצע הנאשם והצורך בענישה קונקרטית ומשמעותית בהתאם לעיקרון ההלימה ועל פי הפסיקה, ומחשיבות ההרתעה ובכורתה על פני נסיבות אישיות בסוג זה של עבירות, מצאתי כי נכון במקרה זה על נסיבותיו להשית על הנאשם ענישה קונקרטית שיש לצידה פוטנציאל שיקומי, ולהורות שעונש המאסר שייגזר על הנאשם ירוצה בעבודות שירות, לצד צו מבחן, מאסר על תנאי מרתיע, קנס ופיצוי למתלונן.",eval
כיצד משפיעה חלוף הזמן על אפקטיביות ההרתעה שבענישה?,"בפסיקה אף צוין כי אפקטיביות ההרתעה שבענישה בדמות מאסר מאחורי סורג ובריח לאחר שנים כה רבות נפגעת, ומוגבלת גם ביחס להרתעת הרבים.",eval
מהו מתחם הענישה שנקבע לעבירות הנאשם לאור סוג העבירות ונסיבותיהן?,"לאחר ששקלתי את כלל המפורט לעיל, לאור סוג העבירות ונסיבותיהן, ובראי חשיבות ההרתעה בעבירות הנדונות, מתחם הענישה לכלל העבירות כאירוע (כפי שאף טענו הצדדים), יקבע בין 8 \t6 24 חודשי מאסר בפועל.",eval
מדוע לא ניתן להתעלם מהמאפיינים הייחודיים של ענף היהלומים בעת קביעת מתחם הענישה?,"שקלתי את עתירת המאשימה שלא ליתן משקל לרקע המפורט לעיל ולהסדרים המיוחדים בענף היהלומים בעת קביעת מתחם הענישה בקשר לעבירות מושא האישום השני, אך להשקפתי לא ניתן להתעלם מכך שכלל העבירות אותן ביצעו הנאשמים בוצעו על ידם במסגרת עיסוקם בסחר ביהלומים, על מאפייניו הייחודיים של הענף באותה התקופה.",eval
מה הקושי שנגרם לנאשמים בעקבות החשדות החמורים שהוטלו עליהם?,"אין להקל ראש בקושי לנאשמים, שהם נעדרי עבר פלילי, לחיות עם עננת החשדות החמורים משך תקופה ארוכה ולהתמודד עם פרסומים נרחבים בקשר לחשדות אלה (ענ/1), שכאמור לא בוססו בסופה של חקירה 50 בפן האישי, החברתי והכלכלי.",eval
מהו מתחם הענישה שנקבע במקרה זה בהתחשב בנסיבות ביצוע העבירות?,"לאחר כלל המפורט לעיל, ובשים לב לנסיבות ביצוע העבירות שאינן ברף הגבוה, מצאתי לקבוע במקרה דנן מתחם ענישה שבין מאסר על תנאי ועד 10 חודשי מאסר בפועל לצד מאסר על תנאי, פיצוי למתלוננת וקנס.",eval
מהו האינטרס הציבורי שגובר על נסיבות אישיות של הנאשמים לפני גזירת הדין?,"טרם גזירת הדין על הנאשם 3, כמו גם על הנאשמים 1 ו- 2 נתתי דעתי לכך שבסוג זה של עבירות מקבל האינטרס הציבורי בכורה על פני נסיבות אישיות של נאשמים ולחשיבותו של האינטרס הציבורי כמו גם את חשיבותה של ההרתעה, הרתעת הרבים והרתעת היחיד בסוג זה של עבירות.",eval
מהי מידת הפגיעה בערכים המוגנים במקרה של הנאשם כאיש קש?,"המפורט מלמד על מידת פגיעה לא מבוטלת בערכים המוגנים, מבלי להתעלם מכך שמוסכם כי הנאשם שימש כאיש קש, חלקו בביצוע העבירות לא היה גדול ביחס ליתר המעורבים בפרשה והוא לא נהנה מכספי העבירות.",eval
כיצד משפיע מצבו הבריאותי של הנאשם על שיקולי הענישה?,"יש לשקול את מצבו הבריאותי של הנאשם שאינו שפיר, כפי שפורט בפניי בטיעונים ובמסמכים שצורפו (נ/1 - נ/4).",eval
מהו המנעד של הענישה הנוהגת במקרים דומים לעבירות שביצע הנאשם?,"בחינת הענישה הנוהגת במקרים דומים מלמדת כי קיים מנעד די רחב של עונשים, אך ניתן לקבוע כי הגם שקיימים מקרים בהם נקבעה תחתית מתחם הענישה למאסר על תנאי, במקרים רבים, ודאי כשהמדובר בשורת מעשים כמו בעניינו, גם אם אינם מעשי אלימות פיזית ומילולית ברף הגבוה, בתחתית מתחם הענישה נקבע עונש של מאסר קצר יחסית (שבמקרים מתאימים ניתן לרצותו בעבודות שירות) ובתקרתו תקופת מאסר ממשית.",eval
מהו השימוש שנעשה בחשבוניות הכוזבות על ידי מקבלי החשבוניות?,"יש לזכור כי בחלק מן המקרים לפחות התברר כי מקבלי החשבוניות הכוזבות עשו בהן שימוש כהוצאה \כחשבוניות זרות\"" ובעת הטיעון לעונש בעניינם נטען כי המדובר בנסיבות מתונות בשל כך.""",eval
כיצד משפיעה חרטתו של הנאשם על קביעת העונש?,חרטתו של הנאשם כללה אף הסרת מחדלים מצידו ולכך יש ליתן משקל בעת קביעת העונש.,eval
מהי חובת האמון המוגברת שחב הנאשם לרשות המסים וכיצד היא משפיעה על הענישה?,"מכוח עיסוקו כיועץ מס חב הנאשם בחובת אמון מוגברת וחובת זהירות לרשות המסים – ובמעשיו, דרס הנאשם ברגל גסה את האמון שניתן בו בהקשר זה – עניין זה נשקל לחומרה בעניינו בעת בחינת הנסיבות (ראו: ע\פ 916/84 ישעיהו יעקובי נ' מדינת ישראל (12.1.1986), ע\""פ 6016/93 מאיר צרשניה נ' מדינת ישראל (11.7.1994), ות\""פ 49112-11-11 מדינת ישראל נ' יוסף לוי סאמט (6.9.2015)).""",eval
מהן שתי התכליות להתחשבות בהסרת המחדל בעבירות מס לפי פסיקת בית המשפט?,"כפי שנקבע ברע\פ 7851/13 עודה נ' מדינת ישראל (3.9.2015) מפי כב' השופט חנן מלצר, להתחשבות בהסרת המחדל שתי תכליות, האחת \""סילוקו של המחדל כרוך בהשלמת החסר מקופת המדינה והטבת הנזק שנגרם כתוצאה מהעבירה\"" והשנייה \""עידוד הבעת חרטה וקבלת אחריות לביצוע העבירה בידי הנאשם\"".""",eval
מהו ההסבר לכך שלא בכל מקרה של אי כשירות רפואית יוקטן העונש אוטומטית?,אין באמור כדי ללמד שבכל מקרה ומקרה בו לא נמצא הנאשם כשיר לביצוע עבודות שירות מסיבות רפואיות יביא הדבר לתוצאה אוטומטית של מיתון עונשו וחריגה לקולא ממתחם הענישה.,eval
מהו שיקול הדעת של הערכאה הדיונית ביישום סעיף 40ד(א) לחוק העונשין?,"כמו כן בת\פ (מחוזי ח\""י) 48024-03-17 מדינת ישראל נ' פייבושנקו (14.6.2018) הבהיר בית המשפט כי יישום סעיף 40ד(א) לחוק העונשין נתון במידה רבה לשיקול דעתה של הערכאה הדיונית, המתרשמת מסיכויי השיקום ומעריכה אותם.""",eval
מהי עמדת בית המשפט לגבי השפעת חלוף הזמן על הענישה במקרה זה?,ברי כי התנהלות הנאשם אינה מצדיקה מתן משקל ממשי לקולא בגין חלוף הזמן מאז ביצוע העבירות או חלוף הזמן ממועד הטלת המאסרים המותנים אותם ביקשה המאשימה להפעיל.,eval
מהו הנזק הכספי שנגרם מביצוע העבירות ומהם הנתונים שנמסרו לרשות?,"בעת בחינת הנסיבות, משקל מסוים לקולא יינתן לכך שהנזק הכספי שנגרם מביצוע העבירות שעניינן אי הגשת דוחות במועד אינו גבוה במיוחד ועומד על סך של ₪65,470, לכך שנתוני הדוחות כולם (ובכלל זאת אלה שלא היו ידועים בעת הגשת כתב האישום המקורי) נמסרו לרשות בסופו של יום, וכן לכך שלגבי דוח 2/2018 המדובר בביצוע עבירה לפי סעיף 118 לחוק מע\מ שמידת הפגיעה בערכים המוגנים מביצועה נמוכה יותר וסכום הדוח שלא שולם הוא בסך ₪6,898.""",eval
מהי החשיבות של הרתעת הרבים בעבירות מסוג זה?,"בתי המשפט עמדו לא אחת על חשיבות הרתעת הרבים בסוג זה של עבירות, ועל כך שבסוג עבירות זה יש ליתן לאינטרס הציבורי בכורה על פני נסיבות אישיות של הנאשם, וכי דרך המלך בעבירות אלה היא לעונשי מאסר ממשיים מאחורי סורג ובריח (ראו לדוגמא: רע\פ 3857/13 יצחקיאן נ' מדינת ישראל (30.7.2013) (להלן: \""עניין יצחקיאן\""), רע\""פ 3137/04 חג'ג' נ' מדינת ישראל (18.4.2004) (להלן: \""עניין חג'ג'\""), רע\""פ 3120/14 נעים נ' מדינת ישראל (08.05.2014) ( להלן: \""עניין נעים\"").""",eval
כיצד תיעוד העסקאות בספרי הנהלת החשבונות משפיע על שקילת הנסיבות?,לצד זאת ובמסגרת שקילת הנסיבות יש לתת את הדעת לכך שהנאשמים תעדו בספרי הנהלת החשבונות של הנאשמת את העסקאות והתשומות שהיו לנאשמת בצורה נכונה.,eval
כיצד משפיע היקף הסחר הנמוך על שיקולי הענישה במקרה זה?,"במקרה דנן מכר הנאשם 2 קפסולות סם מסוג  ALFA-PVPתמורת 20 ₪, ויש טעם בטענה לקולא לפיה המדובר בסחר בהיקף נמוך במיוחד (כשכמות הסם איננה מפורטת בכתב האישום) והעסקאות בוצעו האחת בסמוך לשנייה, גם אם הנאשם חדל ממעשיו רק כשנתפס בביצוע העבירה ולא מיוזמתו.",eval
מהי אחת ממטרות המיסוי על אלכוהול כפי שצויין על ידי המאשימה?,"בקשר לעבירות מס קניה יש לזכור, כפי שציינה ב\כ המאשימה, כי אחת ממטרותיו במיסוי אלכוהול היא כדי להב Bring להפנמה של השפעות האלכוהול, ולשם הגבלת צריכתו ומכירתו מטעמי בריאות, שלום הציבור ובטיחות בדרכים.""",eval
מהי הסיבה לכך שמקרה זה לא מצדיק הארכת המאסר המותנה?,בראי כלל הנסיבות אשר פורטו לעיל אינני סבורה כי מקרה זה מצדיק הארכת המאסר המותנה ואין בטענה בעניין ההסדר המותנה כדי לשנות ממסקנתי נוכח תכליתו של עונש מסוג מאסר מותנה ונסיבות המקרה דנן.,eval
"כיצד משפיעות עבירות נוספות על דרגת החומרה של אי הגשת דו\חות במועד?""","הדברים מקבלים מישנה תוקף כאשר לצד עבירות של אי הגשת דו\חות במועד מבוצעות עבירות נוספות ובפרט אי הודעה על התחלת התעסקות ואי ניהול פנקסי חשבונות כמו בענייננו.""",eval
אילו שיקולים נלקחו בחשבון בקביעת העונש לאור מצבו הבריאותי של הנאשם?,בעת קביעת העונש לנאשם נתתי דעתי לקושי עבור הנאשם לרצות עונש מאסר מאחורי סורג ובריח וכן שקלתי את העובדה שהנאשם סובל מאפילפסיה ומטופל תרופתית.,eval
מהי התכלית הפונקציונלית של סיווג האירועים בעבירות פליליות?,"ממילא, בקשר לקביעת מספר אירועים ראו את דברי כב' השופטת ד' ברק ארז בע\פ 6888/17 שירזי נ' מדינת ישראל (10.12.2018) לפיהם הסיווג לאירועים נועד לתכלית פונקציונלית ככלי עזר, ובמישור המהותי מוטל על בית המשפט הקובע מתחם ענישה לשקול את מספר המעשים וחומרתם גם כאשר הם סווגו כאירוע עברייני אחד.""",eval
מהו השיקול המרכזי שהוביל למסקנה כי יש להטיל עונש חמור יותר מאשר מאסר על תנאי?,"לאחר איזון בין חשיבות ההרתעה וההלימה לבין נסיבותיו של הנאשם, לא מצאתי כי עיקרון ההלימה מאפשר להסתפק במקרה זה בעונש של מאסר על תנאי לצד קנס והתחייבות בלבד.",eval
מהו העיקרון שעליו מתבססת קביעת מתחם העונש ההולם?,קביעת מתחם העונש ההולם נעשית על פי עקרון ההלימה.,eval
מדוע הוחלט על קבלת תסקיר משלים עבור הנאשם?,"בשל גילו הצעיר של הנאשם, על אף התמונה העגומה שעלתה מהתסקיר הראשון שהתקבל, הוריתי על קבלת תסקיר משלים ובחינת שילובו של הנאשם בטיפול.",eval
מהו השיקול שהשפיע על מיקום הנאשם בגדרי המתחם בעניינו?,"בעת מיקום הנאשם בגדרי המתחם נתתי דעתי גם לטענות ההגנה באשר להתנהלות רשויות אכיפת החוק, השיהוי הנטען בטיפול בבקשת הנאשם להפחתת סכום הכופר שהושת עליו, וכפועל יוצא השיהוי בהגשת כתב האישום דנן, ולו ביחס לחלק מהעבירות המפורטות בו.",eval
מהן השפעות השיטתיות והיקפיות על מדיניות הענישה בעבירות מס?,"מדיניות הענישה כנגד המבצעים עבירות אלה מושפעת בדרך כלל מהשיטתיות שבמעשים והיקפם, מהנזק שנגרם לאוצר המדינה, כמו גם מהסרת המחדל מושא כתב האישום.",eval
מהו הסיכון הממשי שנובע מהטלת עונש מאסר בפועל על הנאשם?,"לטעמי, קיים סיכון ממשי כי עונש של מאסר בפועל, ולו למספר חודשים בודדים, יביא לפגיעה בסיכויי השיקום של הנאשם ובדרכו השיקומית, שהגם שאיננה מושלמת – קיימת.",eval
מהי מידת הפגיעה בערכים המוגנים ממעשי הנאשם?,בנסיבות אלה מידת הפגיעה בערכים המוגנים ממעשי הנאשם ממשית.,eval
מדוע לא ניתן להתייחס להסרת מחדל חלקית כהסרת מחדל מלאה?,גם אם קיים סיכוי שכזה – וודאי שלא ניתן להתייחס לאמור כאל הסרת מחדל מלאה על ידי הנאשם ולאפשר לו את אותה הקלה מפליגה הניתנת למי שמסיר מחדליו עובר למתן גזר הדין.,eval
מהו השיקול שהשפיע על גזר הדין ביחס לקשר של גרמאי עם הוריו?,"בנוסף, נתתי דעתי לקשר של גרמאי עם הוריו ולקושי הברור עבורם בנסיבות העניין.",eval
מהו השיקול שהוביל לקביעת עונש הנאשם שלא בתחתית המתחם?,אינני מוצאת כי נסיבותיו הן כאלה אשר צריכות להביא לקביעת עונשו של הנאשם בתחתית המתחם אך לא ברצפתו כעתירת המאשימה.,eval
מהו הנימוק המשפטי שמצדיק את טענת המאשימה לגבי הנזק האפשרי שנגרם ממעשי הנאשם?,יש טעם בטענת המאשימה לפיה אין לדעת מהו הנזק שנגרם ממעשיו של הנאשם ובעיקר כאמור יש בכך ללמד על פוטנציאל הנזק העצום לצד העבירות.,eval
מהו הנזק הלא טכני שעלול להיגרם מביצוע העבירות המיוחסות לנאשמים?,"יחד עם זאת, דומה כי מקרה זה מדגים באופן ברור את העובדה שעל אף שהעבירות בהן הורשעו הנאשמים מכונות באופן תדיר \עבירות טכניות\"", הרי שהנזק אשר עלול להיגרם מביצוען, ובמקרה זה אף נגרם הלכה למעשה, אינו טכני כלל ועיקר.""",eval
מהו הקושי הכלכלי והרגשי שהנאשמת מתמודדת עמו והשפעתו על הענישה?,"שקלתי שוב את הקושי הכלכלי הממשי עמו מתמודדת הנאשמת לצד הקושי הרגשי, וכי הנאשמת התרגלה להיות משך שנים בצד הנותן, ותרמה לחברה ולקהילה.",eval
מהו השיקול שקשור להסרת מחדלים בענישה בעבירות מס?,"הסרת מחדלים בין השיקולים שיש לתת להם משקל בענישה בענייני עבירות מס, וללא הסרת מחדלים מאפיינים בדרך כלל עונשי מאסר מאחורי סורג ובריח.",eval
מהו מדרג העבירות בהן הורשע הנאשם וכיצד הן משפיעות על הקופה הציבורית?,"העבירות, ובכלל זאת העבירה בה הורשע הנאשם שעניינה סיוע לאחר להתחמק מתשלום מס, הן במדרג הגבוה של עבירות המס ובאות להגן על הקופה הציבורית בשל חשיבותה לכלכלת המדינה וביטחונה.",eval
מהו העונש ההולם בעבירות מס לפי ההלכה שנקבעה בפסיקה?,"העונש ההולם בעבירות אלו הוא בדרך כלל מאסר בפועל, בהתאם להלכה שנקבעה בפסיקה המחמירה בענייני מס.",eval
כיצד השפיע העדר עבר פלילי של הנאשם על גזר הדין?,"נכון לעת גזר הדין הנאשם נעדר עבר פלילי, ביצע את העבירות מושא כתב האישום בגיל צעיר יחסית ומאז פעל תוך לקיחת אחריות וניהל אורח חיים נורמטיבי הכולל עבודה קשה, כך לפי עדויות עדי ההגנה אשר נשמעו ודברי הנאשם עצמו.",eval
מה משפיע על מדיניות הענישה בעבירות של אי הגשת דוחות במועד למס הכנסה?,"מדיניות הענישה הנוהגת ביחס לעבירות של אי הגשת דוחות במועד למס הכנסה מושפעת מהשיטתיות שבמעשים והיקפם, מהנזק שנגרם לאוצר המדינה, כמו גם מהסרת המחדל מושא כתב האישום.",eval
מהו הפוטנציאל לפגיעה בקופה הציבורית בביצוע העבירות?,"יש לזכור כי בביצוע העבירות פוטנציאל ממשי לפגיעה בקופה הציבורית, ולעיתים קרובות אף נפגעת הקופה הלכה למעשה, וכפועל יוצא כל אחד ואחת מאזרחי המדינה, ובפרט בציבור הנשען על השירותים הציבוריים.",eval
מהן הנסיבות שהובילו לקביעת עונש המאסר בעבודות שירות במקרה זה?,"במקרה זה, בשים לב להסדר הטיעון אליו הגיעו הצדדים ולנסיבות שפורטו לעיל ובכללן למאמצי הנאשם לפעול להסרת המחדלים ולתשלום מסוים של המס האזרחי, להודייתו וחרטתו, לנסיבותיו האישיות הכלכליות, המשפחתיות והבריאותיות, ואף לשיהוי ולחלוף הזמן מאז ביצוע העבירות ומאז חקירתן  ועד הגשת כתב האישום – מצאתי כי נכון לגזור את עונשו של הנאשם מעט מעל תחתיתו של מתחם הענישה אותו קבעתי, ולקבוע שעונש המאסר שייגזר על הנאשם ירוצה בעבודות שירות, לצד קנס ומאסר על תנאי מרתיע ולהשקפתי, הנסיבות בענייננו מצדיקות קביעת ריצוי עונש המאסר בעבודות שירות ולא מאחורי סורג ובריח.",eval
כיצד משפיע עברו הפלילי של הנאשם על ההחלטה בעניינו?,אמנם המדובר בנאשם בעל עבר פלילי מכביד אשר לא נרתע ושב וביצע עבירת מרמה למרות עונשי המאסר אותם ריצה ומאסרים מותנים ארוכים תלויים ועומדים.,eval
אילו ערכים חברתיים מוגנים נפגעים כתוצאה ממעשיו של הנאשם בהעלבת עובדי ציבור?,הערכים החברתיים המוגנים שנפגעו כתוצאה ממעשיו של הנאשם הם הפגיעה בכושר ההרתעה של גורמי אכיפת החוק וההגנה שיש לתת לגורמי אכיפת החוק שיבצעו את תפקידם ללא מורא.,eval
מה מלמדות נסיבות ביצוע העבירות על התנהלות הנאשם כלפי המתלוננת?,"לצד האמור, אין להתעלם מכך שנסיבות ביצוע העבירות מלמדות על התנהלות שתלטנית ואלימה פיזית ונפשית מצד הנאשם כלפיי המתלוננת, ועל מידת פגיעה לא מבוטלת בערכים המוגנים ממנה, גם אם מעשה התקיפה עצמו (נשיכה ודחיפה) ותוצאתו בדמות שטף דם בזרוע שמאל (עת/1) אינה ברף הגבוה ביותר.",eval
באילו מקרים ניתן לקבוע תחתית מתחם עונש המאסר על עונש לריצוי בעבודות שירות?,"כאשר המדובר בסכומים מתונים במידת מה ובנסיבות מתאימות, קיימים מקרים בהם נקבעת תחתית מתחם עונש המאסר על עונש אותו ניתן לרצות בעבודות שירות.",eval
כיצד יש לקחת בחשבון את המאמצים של הנאשם להסרת המחדלים בעת גזירת הדין?,"נתתי דעתי למאמצים לעשות כן ואלה יובאו בחשבון בעת גזירת הדין, אך וודאי שאין בהם כדי להביא להקלה הניתנת למי שפועל ומצליח להסירם.",eval
מדוע חזרה המאשימה מבקשתה להרשיע את הנאשם בעבירת הפרת הוראה חוקית?,"באשר לעבירת הפרת הוראה חוקית, בחרה המאשימה כאמור לחזור בה מהבקשה להרשיעו לאחר הסיכומים ויש משמעות לשלב בו חזרה בה המאשימה מן האישום ולכך שהנאשם נאלץ להתמודד לאורך המשפט ועד לסופו למעשה עם אישום זה.",eval
"מהו השיקול שיכול להוביל לקביעת עונש לריצוי בעבודות שירות בעבירות מס, חרף הכלל לגבי עונשי מאסר?","שיקולי שיהוי וחלוף זמן אף יכולים להביא לקביעת עונש לריצוי בעבודות שירות בנסיבות מתאימות, חרף הכלל לפיו בסוג זה של עבירות דרך המלך היא לגזירת עונשי מאסר מאחורי סורג ובריח נוכח חשיבות ההרתעה ובכורתו של האינטרס הציבורי, וזאת אף במקרה של ביצוע עבירות מסוג פשע במדרג הגבוה של עבירות המס (רע\פ 9004/18 יצחקי נ' מדינת ישראל (31.12.2018)), עפ\""ג (ת\""א) 6117-09-16 פרי נ' פרקליטות מחוז תל אביב מיסוי וכלכלה (14.12.2016), עפ\""ג (ב\""ש) 68947-07-20 יוסופוב נ' מדינת ישראל (18.11.2020)).""",eval
מדוע לא נדרש עונש מאסר מאחורי סורג ובריח לנאשם בנסיבותיו האישיות?,"בנסיבותיו הכוללות של הנאשם, לאור הדרך אותה עשה המפורטת בתסקירי שירות המבחן ומשהנאשם מעולם לא ריצה עונש מאסר מאחורי סורג ובריח, גם האינטרס הציבורי לא יצא נשכר מגזירת עונש מסוג זה על הנאשם.",eval
מהי מידת הפגיעה בערכים המוגנים ממעשיו של הנאשם לפי הניתוח המשפטי?,נסיבות אלה מביאות למסקנה כי מידת הפגיעה בערכים המוגנים ממעשיו של הנאשם היא בינונית.,eval
מהו הערך המוגן הנוגע לשמירה על הסדר הציבורי בהקשר לעבירות אלו?,ערך מוגן נוסף נוגע לשמירה על הסדר הציבורי ועל מלאכת השוטרים האמונים על אכיפת החוק והחשש כי מביצוע עבירות מהסוג הנדון ייפגע כפועל יוצא הציבור.,eval
מהי השפעת כמות העבירות שבוצעו על מדיניות הענישה הנוהגת?,"בחינת מדיניות הענישה הנוהגת מלמדת כי בדרך כלל, מדיניות הענישה מושפעת מכמות העבירות שבוצעו, שיטתיות ביצוען והנזק שנגרם לאוצר המדינה, כשפעמים רבות נקבעת תחתית מתחם הענישה על עונש של מאסר מותנה גם כאשר עסקינן בסכומי מס שאינם מבוטלים וביצוע שיטתי של עבירות, וגם כאשר נקבע מתחם ענישה אחד לכלל העבירות שבכתב האישום כמו בענייננו.",eval
מהו המדריך לבית המשפט לקביעת מתחם העונש ההולם לפי תיקון 113 לחוק?,"כידוע, וכפי שציין כב' השופט פוגלמן (כתוארו דאז) בע\פ 4456/14 קלנר נ' מדינת ישראל (29.12.2015): \""תיקון 113 לחוק מדריך את בית המשפט לקבוע בגזר דינו מתחם עונש הולם למעשי הנאשם.""",eval
כיצד השפיע השיהוי בהגשת כתב האישום על ההליך המשפטי?,"נתתי דעתי גם לטענה בדבר שיהוי בהגשת כתב האישום רק שנה וחצי לאחר האירוע, ולקושי להתמודד עם עננת ההליך הפלילי משך תקופה כה ארוכה עד היום.",eval
כיצד פוגעות עבירות המס המיוחסות לנאשמים בשיטת הגביה ובאמון הציבור?,"בנוסף עבירות המס המיוחסות לנאשמים פוגעות בשיטת הגביה, בפיקוח הרשות וכן באמון הניתן בעוסק/נישום עליו מבוססת שיטת המס,  שיפעל על פי חוק, ידווח דיווחי אמת וישלם את המס הנובע או המתחייב מדיווחיו, ככל שכזה מתחייב.",eval
מהו המשקל של אפקט ההרתעה בעבירות כלכליות בהשוואה לעבירות אחרות?,"יש לזכור עוד שאפקט ההרתעה בעבירות כלכליות, הוא בדרך כלל בעל משקל רב יותר מאשר בעבירות אחרות (ראו: ע\פ 8345/15 אוחנה נ' מדינת ישראל  (19.9.2017) וההפניות שם).""",eval
מהן הנסיבות שיש להתחשב בהן בעת קביעת מתחם העונש?,"במסגרת קביעה זו יש להתחשב בערך החברתי שנפגע, במידת הפגיעה בו, במדיניות הענישה הנוהגת ובנסיבות ביצוע העבירה.",eval
כיצד בוצעו העבירות על ידי הנאשם 1 תוך ניצול אמון רשויות המדינה?,"גילוין של העבירות אותן ביצע הנאשם 1, באמצעות נאשמות 3 ו-4,  קשה והן פרי תכנון מוקדם ובוצעו בתחכום, תוך ניצול אמונן של רשויות המדינה, בשעה קשה, ורצונן לסייע לאלה שנפגעו במלחמה בהענקת פיצוי מהיר ונטול פרוצדורה מורכבת.",eval
מהי הסיבה להמלצת שירות המבחן להימנע מהטלת עונש מאסר בפועל על הנאשם?,"שירות המבחן המליץ להימנע מהטלת עונש של מאסר בפועל מאחורי סורג ובריח על הנאשם, משעונש מסוג זה עלול להעמיק את חשיפתו לחברה שולית ולגורמים שוליים.",eval
כיצד השפיעו הנסיבות האישיות ושינוי ההתנהלות בבורסת היהלומים על החלטת השופטת תבור?,"השופטת תבור נתנה דעתה לטענה בדבר קושי ראייתי באותו מקרה, הנוגע ליסוד הנפשי אצל הנאשם, וכן נתנה דעתה לנסיבות האישיות ושינוי ההתנהלות בבורסת היהלומים מאז הפרשה ואימצה את ההסדר כאמור.",eval
מהי ההנחה לגבי שיקול הדעת של המאשימה בהחלטתה להאשים את הנאשם?,חזקה על המאשימה שהפעילה שיקול דעת ראוי בהחלטתה להאשים את הנאשם שעבירה של תקיפה כדי לגנוב ולא בעבירת שוד.,eval
מהי המסקנה לגבי הקשר בין ריצוי מאסר בבית סוהר לבין סיכון לבריאות הנאשם?,"מסקנתי משמיעת  עדותו של ד\ר גולדמן ועיון בענ/1 היא כי אלה מבססים במידה משכנעת קשר בין ריצוי מאסר בבית סוהר לבין החמרה וסיכון לבריאות או חיי הנאשם, גם אם הנחת המוצא היא שגורמי הרפואה בשב\""ס ערוכים לטפל באסירים בעלי נזקקות רפואית.""",eval
כיצד תיבחן סבירות הסדר טיעון כאשר הצדדים הסכימו על טווח ענישה?,"על פי הגישה הרווחת, גם מקום בו הסכימו הצדדים בהסדר טיעון על טווח ענישה, ובכלל זאת מקרה בו הסכימה המאשימה להגביל עצמה לעונש מסוים בעוד שההגנה חופשית בטיעוניה, תיבחן סבירותו של ההסדר במבחן האיזון בהתאם לאמות מידה מקובלות המעוגנות בתיקון 113 לחוק העונשין (עניין מצגר, פסקה 12 (30.4.2017)).",eval
כיצד השפיעה העובדה שהנאשם לא הסתבך בעבירות נוספות מאז הרשעתו על ההחלטה בעניינו?,"בנוסף, שקלתי את העובדה שאין חולק שמאז הרשעתו האחרונה לא הסתבך הנאשם בביצוע עבירות נוספות, הגם שחלף זמן רב מאז ביצוע העבירות הנדונות ואף אלה שבוצעו בשנת 2018.",eval
כיצד משפיע עקרון אחידות הענישה על הטלת עונשים דומים בעבירות דומות?,"במצב דברים זה מצדד עקרון אחידות הענישה בהטלת עונשים דומים על מי שביצעו מעשים דומים וכן בשמירה על יחס של שקילות בין מבצעיהם של מעשים הנבדלים זה מזה במניינם, חומרתם או בנסיבותיו האישיות של המבצע.",eval
כיצד משפיע אי דיווח במועד על גביית המס?,אי דיווח במועד פוגע בשיטת גביית המס וגורם לחסר בקופת המדינה.,eval
מהו העיקרון שעליו מתבססת קביעת מתחם העונש ההולם בעבירות מס?,"קביעת מתחם העונש ההולם נעשית על פי עיקרון ההלימה תוך התחשבות בערך החברתי אשר נפגע, במידת הפגיעה בו, במדיניות הענישה הנוהגת ובנסיבות ביצוע העבירה.",eval
מדוע לא מצא בית המשפט כי יש מקום להימנע מהפעלת המאסר על תנאי?,"בנסיבות אשר נוצרו, לא מצאתי כי לא יהא זה צודק להפעיל את המאסר על תנאי.",eval
מדוע נחשבת חשיבות הערכים המוגנים בעבירות המס כמרכזית?,"רבות נכתב אודות חשיבות הערכים המוגנים בעבירות המס, על אחת כמה וכמה ביחס לעבירות שבבסיסן כוונה להתחמק מתשלום מס.",eval
מהי החשיבות של הסרת המחדלים בעבירות מסוג זה לעניין הענישה?,"כידוע, להסרת המחדלים בסוג זה של עבירות משמעות רבה לעניין הענישה.",eval
מדוע יש לקחת בחשבון את מידת הפגיעה בערכים המוגנים בעת בחינת הנסיבות?,"בעת בחינת הנסיבות אין להתעלם ממידת הפגיעה הלא מבוטלת בערכים המוגנים מהסחר בסם שביצע הנאשם, ואף בשים לב לסוגו.",eval
באילו מאפיינים מתאפיינים מעשי הנאשם ובמה הם מוסיפים לחומרה?,"באשר לנסיבות ביצוע העבירות, במקרה דנן מאופיינים מעשי הנאשם בשיטתיות, תכנון, תחכום, מרמה ותחבולה ובכך מימד לחומרה.",eval
מדוע יש לתת דגש על הרתעה בענישה בעבירות שבוצעו בשיטתיות?,"בשל הקושי בגילוי עבירות מסוג זה, ובשל פוטנציאל הנזק הממשי שנגרם, יש לתת דגש על הרתעה בענישה, ובפרט להעניש מאסר בפועל וקנסות מכבידים כשמדובר בעבירות שבוצעו בשיטתיות ובהיקפם משמעותי.",eval
מהי החשיבות של מספר האירועים כאשר גוזרים עונש כולל ולא נפרד לכל אירוע?,"בנוסף, כבר נקבע כי מקום בו גוזר בית המשפט עונש כולל ולא עונש נפרד לכל אירוע, חשיבות מספר האירועים לגזירת העונש פחותה (ע\פ 2454/18 שיינברג נ' מדינת ישראל (5.12.2018), פסקה 20).""",eval
מהו המבחן שנלקח בחשבון בעת קביעת מספר האירועים בעבירות הנדונות?,"בעת קביעת מספר האירועים, נתתי דעתי למבחן הקשר ההדוק אשר נקבע בע\פ 4910/13 ג'אבר נ' מדינת ישראל (29.10.2014) (ראו גם: ע\""פ 1261/15 דלאל נ' מדינת ישראל (13.9.15)).""",test
מדוע נחשבים שיקולי הרתעה כחשובים בקביעת עונש לעברייני מס בענף היהלומים?,"הדל של שיקולי הרתעה בקרב עברייני המס מהווה שיקול בכור בקביעת עונש, לפחות בענפי מסוימים כגון ענף היהלומים.",test
כיצד יש לשקול את הענישה בהתחשב בנסיבות אישיות של הנאשמות?,"חיוני לזכור כי הענישה בסופו של יום היא אינדיווידואלית, וראוי לשקול גם נסיבות אישיות, הבעת חרטה ותרומת הנאשמות לחברה ולסביבה.",test
מה מלמדת בחינת נסיבות ביצוע העבירות על פגיעתן בערכים המוגנים?,בחינת נסיבות ביצוע העבירות מלמדת על פגיעה ממשית בערכים המוגנים מביצוען של כלל העבירות שביצע הנאשם.,test
מהו העיקרון המנחה לקביעת מתחם העונש ההולם בעבירות פליליות?,"מתחם העונש ההולם נקבע בהתאם לעקרון המנחה בענישה, היינו קיומו של  יחס הולם בין חומרת מעשה העבירה בנסיבותיה ומידת אשמו של הנאשם, לבין סוג ומידת העונש המוטל עליו, תוך התחשבות בערך החברתי אשר נפגע, במידת הפגיעה בו, בנסיבות הקשורות בביצוע העבירה ובמדיניות הענישה הנהוגה.",test
כיצד אי דיווח במועד משפיע על גביית המס וקופת המדינה?,"אי דיווח במועד על פי הוראות החוק, פוגע בשיטת גביית המס ואף גורם לחסר של ממש בקופת המדינה משלא משולם המס הנובע מהדוחות אשר לא הוגשו.",test
מה הסיכון בהתייחסות סלחנית לאי קיום הוראות החוק?,התייחסות סלחנית לאי קיום הוראות החוק עלולה להביא להיעדר המוטיבציה של כלל ציבור משלמי המסים לדווח ולשלם מסיהם כנדרש על פי חוק.,test
מהו השיקול המרכזי שהנחה את בית המשפט בעונש לנוכח הרשעה קודמת של הנאשמת?,"כמקובל, במקרים של הרשעה קודמת שכזו שם מתייחס בית המשפט בעונש למאמץ ההרתעתי ושיקולי ההליך המונע המשך ביצוע עבירות, לנוכח הרשעתה הקודמת (דבר המעוגן גם בסעיף 56 לחוק העונשין).",test
מהי החשיבות של זהירות מיוחדת בעת קביעת מתחם הענישה?,"בעת קביעת מתחם הענישה יש להקפיד על זהירות מיוחדת, לא מדובר בקביעת מתחם ענישה פורמלי, אלא בשיקול גמיש לקבלת מידע והקשר לעונש הראוי.",test
מהו השיקול שהוביל לסטייה ממתחם הענישה במקרה של הנאשם?,"בנסיבות המתוארות, מבלי להתעלם מחומרת העבירות אותן ביצע הנאשם וחשיבות ההרתעה לצידן, לאור מסלול השיקום החיובי בו מצוי הנאשם, המאמץ הניכר המושקע על ידו בשיקום, והתרשמות שירות המבחן ממוטיבציה גבוהה של הנאשם לשיקום, מצאתי במקרה זה  לסטות ממתחם הענישה משיקולי שיקום בהתאם לסעיף 40ד(א) לחוק העונשין, כשיש לציין שגם המאשימה סברה שנכון יהיה לסטות ממתחם הענישה (גם אם במידה פחותה מזו לה עתר הסנגור).",test
כיצד משפיעה מדיניות הענישה הנוהגת על קביעת מתחם הענישה?,"זאת מבלי להתעלם מכך שמדיניות הענישה הנוהגת היא רק אחד השיקולים לשקול בעת קביעת מתחם ענישה, ואין המדובר במדד מדויק.",test
מהו הרקע לביצוע העבירה שהנאשם הציג וכיצד הוא משפיע על שיקול הענישה?,"בנוסף, בעת בחינת נסיבות ביצוע העבירה והרקע לביצועה יש לתת את הדעת גם לטענת ההגנה ולדברי הנאשם לפיהם הרקע לביצוע העבירה הוא מסלול ההתדרדרות בו היה מצוי לאחר \שנזרק\"" על פי הנטען מהבית, ולאור התמכרותו לסמים העולה אף מהתסקיר, וכן לדברי הנאשם לפיהם מכירת הסמים במועד ביצוע העבירה הייתה כדי לרכוש כרטיס אוטובוס חזרה לכפר בו התגורר.""",test
כיצד תיבחן סבירות הסדר טיעון כאשר הצדדים הסכימו על טווח ענישה?,"על פי הגישה הרווחת, גם מקום בו הסכימו הצדדים בהסדר טיעון על טווח ענישה, ובכלל זאת מקרה בו הסכימה המאשימה להגביל עצמה לעונש מסוים בעוד שההגנה חופשית בטיעוניה, תיבחן סבירותו של ההסדר במבחן האיזון בהתאם לאמות מידה מקובלות המעוגנות בתיקון 113 לחוק העונשין.",test
מדוע יש למחדלים משמעות רבה לעניין הענישה בעבירות מס?,כידוע להסרת מחדלים בסוג זה של עבירות משמעות רבה לעניין הענישה.,test
כיצד משפיע עונש מאסר על בני משפחתה של הנאשמת?,נתתי דעתי לקושי שחווים בני משפחתה של הנאשמת ולקושי הצפוי להם ככל שייגזר על הנאשמת עונש של מאסר ולו בעבודות שירות.,test
מהי החשיבות של הרתעת הרבים בעבירות מסוג זה?,"בתי המשפט עמדו לא אחת על חשיבות הרתעת הרבים בסוג זה של עבירות, ועל כך שבסוג עבירות זה יש ליתן לאינטרס הציבורי בכורה על פני נסיבות אישיות של הנאשם.",test
מהו הממצא המשפטי לגבי מורא החוק והזילזול בחיי אדם של הנאשמים?,"הנסיבות מלמדות על היעדר מורא מובהק מן החוק של הנאשמים כולם, וזלזול בחיי אדם, גם אם מי מהם אינו בעל הסכסוך ויוזם העבירות, וללא קשר לשאלה איזה חולייה היווה מי מהם בשרשרת ביצוע העבירות.",test
מהו העיקרון המנחה לקביעת מתחם העונש ההולם בעבירות מס?,קביעת מתחם העונש ההולם נעשית על פי עיקרון ההלימה.,test
מדוע יש להדגיש שאין תועלת כלכלית מביצוע העבירות?,זאת אף על מנת ללמד שאין אף תועלת כלכלית מביצוע העבירות.,test
מהו השיקול שצוין לגבי נטילת האחריות של הנאשם בהודייתו ובחיסכון הזמן השיפוטי?,"לצד זאת, לא ניתן להתעלם מנטילת האחריות המסוימת הנלוות להודיה בביצוע העבירות ומחיסכון הזמן השיפוטי, בפרט נוכח טענות הגנה לא מבוטלות הנוגעות לשיהוי שהיו בפי הנאשם, ולו ביחס לחלק מהעבירות, כפי שנשמעו גם בעת הטיעון לעונש.",test
מהי המשמעות של ביצוע העבירות לפני כ-10 שנים על קביעת העונש?,"מובן שיש ליתן משקל מתאים לעובדה  שהעבירות הנדונות בוצעו לפני כ-10 שנים, ואף לקושי עבור הנאשם להתמודד משך שנים ארוכות עם האישומים.",test
מהי החשיבות של חרטה והעדר עבירות נוספות מאז שנת 2012 בהערכת עונש הנאשם?,"עוד נתתי דעתי לכך שלא נטען כי מאז שנת 2012 ביצע הנאשם כל עבירה נוספת בה הורשע כאמור, וכן לדבריו לפיהם הוא מתחרט על ביצוע העבירה, מזה שנים ארוכות מתנהל אחרת, ומקפיד כיום קלה כחמורה.",test
מהי ההמלצה של בית המשפט העליון לגבי הענישה בתיקים מסוג זה?,"יש לתת את הדעת לפסיקת בית המשפט העליון לפיה בתיקים מסוג זה, יש להשית עונשי מאסר ממשיים לריצוי מאחורי סורג ובריח  לצד קנסות מכבידים הנותנים ביטוי לפסול שבעבירות ולנזק העצום שנגרם כתוצאה מביצוען.",test
מהי החשיבות של הבנת הרקע המפורט בבחינת נסיבות ביצוע העבירות?,הבנת הרקע המפורט לעיל חיונית כאמור לשם בחינת נסיבות ביצוע העבירות וחומרתן ואף בקשר לשאלה מהי הענישה הנוהגת הרלבנטית לבחינה.,test
מהו היקף העבירות שביצע איינהורן ומה משמעותו בהקשר לאחריות מנהלים?,"היקף העבירות שביצע איינהורן באופן ישיר מתוך ההיקף הכולל בסך 2.4 מיליון ₪ אינו ידוע, והוסכם כי חלקן בוצע על ידו מכוח אחריות מנהלים לפי סעיף 224א לפקודה, על המשמעות הממתנת שבכך.",test
כיצד פגעו מעשי הנאשמים בקופה הציבורית ובאוכלוסייה המוחלשת?,"פגעו מעשיהם בקופה הציבורית והביאו להטלת מעמסה כספית מוגברת על כלל הציבור תוך פגיעה באוכלוסייה מוחלשת, הנשענת על השירותים הציבוריים שמספקת הממשלה.",test
אילו ערכים מוגנים יש לקחת בחשבון בעבירות שביצעו הנאשמים?,נתתי דעתי לערכים המוגנים בעבירות שביצעו הנאשמים ביניהם ערך השוויון והאמון בשלטון החוק.,test
מהו השיקול שיש לקחת בחשבון בעת גזירת העונש לנאשם מעבר לביצוע העבירה עצמה?,"בעת גזירת העונש המתאים לנאשם, בגדרי מתחם העונש ההולם, יש להתחשב בנסיבות שאינן קשורות בביצוע העבירה.",test
מהו הרף התחתון של מתחם הענישה במקרה בו הנאשם הפנים את חומרת מעשיו והביע חרטה?,"הרף התחתון של מתחם הענישה שמור לאותם מקרים בהם נהיר כי הנאשם, בנסיבותיו המיוחדות של המקרה, הפנים את חומרת מעשיו, הביע חרטה אמיתית וכנה ועשה לתיקון הנזק שגרם.",test
כיצד השפיעה ההפרעה הפוסט טראומתית על יכולתו של הנאשם להימנע מביצוע העבירה?,"לאור ההפרעה הפוסט טראומטית ממנה סובל הנאשם והתרשמותי כי היה בה כדי לפגוע במידת שליטת הנאשם במעשהו, במידת יכולתו להימנע מביצועה ולהביא לקרבה לסייג לאחריות פלילית.",test
מהו המבחן שעל פיו יש להתייחס לעבירות כאל אירוע אחד?,"ישנם מקרים בהם על פי מבחן הקשר ההדוק ההתייחסות היא כאל אירוע אחד, מובן כי במקרים בהם יקבע מתחם כולל זה יהיה מחמיר יותר מאחר וכלל העבירות יבואו לידי ביטוי במסגרתו.",test
מהו מתחם הענישה שנקבע לכלל הנאשמים לאור הפגיעה בערכים המוגנים?,"בסופו של יום, ביחס לאירוע הראשון, משנסיבות ביצועו מלמדות על פגיעה קשה בערכים המוגנים, לאור הענישה הנוהגת ומגמת ההחמרה העולה ממנה, בשים לב להסדרי הטיעון ולמתחמי הענישה להם טענו הצדדים, ותוך מתן משקל מתאים לעונש אשר נגזר על אבו אלרוב אשר מביא למיתון מתחם הענישה במידת מה, מתחם הענישה יקבע בין 6 עד 10 שנות מאסר בפועל לכלל הנאשמים.",test
מהי המסקנה לגבי חריגה ממתחם הענישה במקרה הנדון?,לא מצאתי כי מתקיימות במקרה דנן נסיבות המצדיקות חריגה ממתחם הענישה אשר נקבע.,test
מדוע חשוב להגן על ערכים מוגנים במדינה דמוקרטית?,חשיבות ערכים מוגנים אלה נוגעת לקיומה של המדינה כמדינה דמוקרטית.,test
מהו השיקול המרכזי לקביעת הקנס על הנאשם במסגרת ההסדר הטיעוני?,"הקנס על הנאשם ייגזר ברף האמצעי לאור ההתחשבות שניתנה בנאשם ביחס לעונש המאסר, אך גם תוך התחשבות במצבו המשפחתי, היותו מטופל ב- 8 קטינים, מאמציו לתיקון הנזק באופן חלקי ויתר הנסיבות.",test
מה יש לקחת בחשבון בעת קביעת שיעור הקנס לנאשם?,"בעת קביעת שיעור הקנס יש לתת את הדעת לכלל הנסיבות הקשורות לביצוע העבירות  שפורטו לעיל, ולצד זאת למצבו הכלכלי של הנאשם.",test
מדוע לא מצא בית המשפט בנסיבות המקרה שיקול לקולא בענישה?,"יחד עם זאת, לא מצאתי בכך נסיבה ממשית לקולא משבסופו של יום הידיעות הלא נכונות שמסר הנאשם הן כאלה שיש בהן כדי להשפיע על חיובם במס של אורלי ויאיר בהקשר הרחב והכולל, ואף שימשו, הלכה למעשה, בין היתר, בסיס להשמטת ההכנסה על ידם.",test
מהי החשיבות של ענישה מרתיעה בעבירות המבוצעות על ידי אנשי קש?,"בתי המשפט שבו והבהירו כי קיימת חשיבות לענישה מרתיעה גם בקשר לעבירות המבוצעות על ידי אנשי קש, וללא ההרתעה הנדרשת, מה ימנע מאותם אנשים להתפתות ותמורת כסף קל לבצע את העבירות ולהירשם כבעלי חברות.",test
מהו הצורך בענישה מרתיעה במקרה של הרשעה קודמת של הנאשם?,"כפי שטען בא-כוח המאשימה, נראה כי ההרשעה הקודמת לא הרתיעה את הנאשם מביצוע העבירה בענייננו, שהיא חמורה בהרבה, ויש צורך בענישה מציבת גבול ומרתיעה בעניינו, לא רק בשל חשיבות הרתעת הרבים הנודעת בעבירה הנדונה אלא גם בפן האישי והקונקרטי.",test
מהן הנסיבות המיוחדות של הנאשם שהשפיעו על גזר הדין במקרה זה?,"אולם, תוך שקילת כלל השיקולים המפורטים לעיל, ובשים לב לכך שהחלק הארי של המחדלים הוסר - נסיבותיו המיוחדות של הנאשם, ובכללן גילו, מצבו הנפשי והכלכלי, והתנהלותו הנורמטיבית לאורך חייו תוך ניהול עסקו עד למועד ביצוע העבירות קרוב לקריסתו, מצדיקות התחשבות נוספת והעמדת עונשו על מאסר על תנאי מרתיע לצד קנס והתחייבות.",test
מהו העיקרון שעל פיו נקבעת מתחם העונש ההולם?,"כידוע, קביעת מתחם העונש ההולם נעשית על פי עיקרון ההלימה.",test
מה נקבע לגבי חשיבות ההרתעה בעבירות המס בעת גזירת הדין?,"בקשר לעבירות המס נקבע לא אחת כי לאור חשיבות ההרתעה ובכללה הרתעת הרבים, בעת גזירת הדין יש ליתן לאינטרס הציבורי בכורה על פני נסיבות אישיות, ודרך המלך היא גזירת עונש של מאסר בפועל בגין ביצוען (ע\פ 9004/18  יצחקי נ' מדינת ישראל (31.12.2018) (להלן: \""עניין יצחקי\"")).""",test
מהי הסיבה לקיום מגבלות בחקירה ובמאבק בענישה?,קיום מגבלות בחקירה ובמאבק בענישה אינו נובע מפגם בשרירותיות או מניע פסול אלא משיקולי ביצוע הגיוניים.,test
מהו העיקרון המשפטי המוביל להחמרת הענישה בעבירות מרמה ועושק שביצעו הנאשמים?,"עיון בפסיקה מלמד על השתת עונשי מאסר ממשיים על מבצעי עבירות מרמה ועושק, ודאי כאשר המדובר בביצוע עבירות תוך תכנון, בתחכום ושיטתיות, כלפי מספר רב של קורבנות, חלקם קשישים, ומשך תקופה ממושכת כמו במקרה דנן.",test
מדוע חשוב להגיש דוחות מס במועד לפי שיטת חישוב המס וגבייתו?,זאת מאחר וכל שיטת חישוב המס וגבייתו מבוססת על קיום הוראות החוק המחייבות הגשת הדוחות במועד.,test
כיצד משפיעים הסדרי הטיעון על קביעת מתחמי הענישה והעונשים לנאשמים?,"לבסוף אבהיר כבר עתה כי לאחר שבחנתי את הסדרי הטיעון אשר גובשו בין הצדדים במסגרת הליך הגישור – מצאתי לאמצם, כך שמתחמי הענישה והעונשים הקונקרטיים לנאשמים יקבעו בשים לב למסגרת העונשית המוסכמת.",test
מהו מתחם הענישה המומלץ לכל אחד מהתיקים הפליליים במקרה זה?,"במקרה זה, בשים לב לנסיבות ביצוע העבירות המפורטות לעיל, ובכללן לגילו הצעיר בעת ביצוען (בפרט בעת ביצוע העבירות בת\פ 60385-08-16), לו היה נקבע מתחם ענישה נפרד לכל אחד מהתיקים הפליליים הוא היה נקבע כדלקמן: לת\""פ 60385-08-16, בין תקופת מאסר קצרה, אותה ניתן לרצות בעבודות שירות בנסיבות מתאימות ועד 10 חודשי מאסר בפועל; לת\""פ 48151-04-17, שהעבירות במסגרתו בוצעו בעת שכתב האישום בת\""פ 60385-08-16 היה תלוי ועומד כנגד הנאשם ובנסיבותיהן, בין תקופת מאסר קצרה אותה ניתן לרצות בעבודות שירות ועד 10 חודשי מאסר בפועל. לת\""פ 60884-05-17, הגם שהעבירה בו בוצעה גם היא בעת שהיה תלוי ועומד נגד הנאשם כתב האישום בת\""פ 60385-08-16, בנסיבותיה הקלות יחסית, בין מאסר על תנאי ועד 7 חודשי מאסר.""",test
מהו ההיבט המשפטי של קביעת חמש העבירות כאירוע עונשי אחד?,"בנוסף, בשל הרקע לביצוע העבירות, מספרן הקטן יחסית וביצוען העוקב, ומבלי להתעלם מרע\פ 1688/14 כץ נ' מדינת ישראל (9.03.2014)), יקבעו במקרה זה חמש העבירות שביצע הנאשם (4 לפי סעיף 117(א)(6) לחוק מע\""מ ועבירה לפי סעיף 118 לחוק מע\""מ) כאירוע עונשי אחד (ראו והשוו ת\""פ (שלום ת\""א) 33185-06-17 מדינת ישראל נ' י.ד.כ סלון המרכז (8.4.2019) (להלן: \""י.ד.כ סלון\"").""",test
מה השיקול המרכזי שעמד בבסיס ההחלטה האם לסטות ממתחם העונש ההולם?,בעת קביעת העונש לנאשם בחנתי האם ראוי ונכון לסטות במקרה זה ממתחם העונש ההולם שנקבע משיקולי שיקום.,test
מהי הקולא שנלקחה בחשבון בנוגע לפעילות העסקית של הנאשם לפני ביצוע העבירות?,"לצד האמור ולקולא מסוימת תישקל העובדה שהנאשם פעל במסגרת עסקו כחוק משך כ-10 שנים עובר לביצוע העבירות, ובמסגרת זו שילם לטענתו מסים בסכומים גבוהים, ולא נטען אחרת על ידי המאשימה, כך שאין המדובר במי שעיסוקו היחיד או העיקרי מתמצא בביצוע עבירות מס.",test
כיצד השפיעה הימשכות ההליכים על נקודות הזכות של הנאשם?,"בהקשר זה אציין כי אינני רואה לזקוף לחובת הנאשם את הימשכות ההליכים מאז הגשת כתב האישום, או שיש בכך כדי לפגום בנקודות הזכות הנזקפות לטובתו בגין הודייתו וחיסכון הזמן השיפוטי על ידו.",test
מהו סעיף החוק המאפשר לבית המשפט להתחשב בהתנהגות רשויות אכיפת החוק?,בהתאם לקבוע בסעיף 40יא(9) לחוק העונשין יכול בית המשפט להתחשב בהתנהגות רשויות אכיפת החוק בעת גזירת עונשו של הנאשם בתוך המתחם אשר נקבע.,test
כיצד השפיע העונש הקודם של הנאשם על ההחלטה בעניינו?,נתתי דעתי לטיעוני נציג המאשימה לפיהם הנאשם הוכיח כי עונש של עבודות שירות אינו מרתיעו והפנה לכך שבגין הרשעתו משנת 2014 נגזר על הנאשם עונש מאסר לריצוי בעבודות שירות.,test
מהו התנאי להימנע מהרשעה במקרה שבו הנזק מההרשעה אינו סביר ביחס לחומרת העבירה?,"סיום הליך בלא הרשעה הוא חריג שיש לו מקום בהתקיימן של נסיבות יוצאות דופן, בהן אין יחס סביר בין הנזק הצפוי לנאשם מן ההרשעה לבין חומרת העבירה.",test
מהן השיקולים שיש לקחת בחשבון בעת קביעת מתחם העונש?,"במסגרת קביעה זו יש להתחשב בערך החברתי אשר נפגע, במידת הפגיעה בו, במדיניות הענישה הנוהגת ובנסיבות ביצוע העבירות.",test
כיצד משפיעים שיקולי אינטרס ציבורי על הענישה בעבירות מס?,"כידוע, במקרים רבים עברייני המס הם אנשים נורמטיביים ביתר תחומי חייהם, בעלי מידות טובות, ונעדרי עבר פלילי ועל פי הפסיקה, שיקולי אינטרס ציבורי בדמות שיקולי הרתעה ובכללם הרתעת הרבים מקבלים בכורה בסוג זה של עבירות על פני נסיבות אישיות.",test
כיצד משפיעה העדר עבירה נלווית על חומרת המעשה?,"יחד עם זאת, יש ליתן את הדעת לכך שלצד ההפרה אין כל עבירה נלווית ובכך יש כדי למתן במידת מה את חומרת המעשה.",test
מהו מתחם העונש ההולם שנקבע במקרה זה?,"לאחר סקירת המפורט לעיל, בראי מדיניות הענישה הנוהגת, נסיבות ביצוע העבירה, הערכים המוגנים שנפגעו ומידת הפגיעה בהם מצאתי להעמיד את מתחם העונש ההולם במקרה זה בין 7 ל- 24 חודשי מאסר בפועל, לצד ענישה נלוות הכוללת פיצוי למתלונן.",test
כיצד משפיעות הנסיבות הקונקרטיות על קביעת מתחם העונש?,"עוד כידוע, קביעת המתחם נעשית גם בשים לב לנסיבות ביצוע של העבירה במקרה הקונקרטי.",test
מהו הערך החברתי הנוסף שנפגע כתוצאה מאי קיום הוראות החוק?,ערך חברתי נוסף שנפגע הוא  שוויון נטל המס כשהתייחסות סלחנית לאי קיום הוראות החוק יביא אף להיעדר המוטיבציה של כלל ציבור משלמי המסים לדווח ולשלם מסיהם כנדרש על פי חוק.,test
מהי התרשמות שירות המבחן לגבי אורח חייו של הנאשם והשפעתה על הענישה?,"בנוסף, שקלתי את התרשמות שירות המבחן לפיה הנאשם ניהל לאורך חייו אורח חיים תקין, הוא בעל יכולת לתפקוד תקין בחברה, שמר על יציבות במסגרות הלימודיות והתעסוקתיות ומביע שאיפות לניהול אורח חיים תקין.",test
מהי עמדת פסיקת בית המשפט העליון לגבי הרתעה בעבירות מס?,"בקשר לעבירות המס, לא אחת צוינה בפסיקת בית המשפט העליון חשיבות ההרתעה בעבירות אלה, וכי דרך המלך היא להטלת עונשי מאסר מאחורי סורג ובריח על מבצעי העבירות.",test
מהו המצב בשיקולים לחריגה מהמתחם שנקבע במקרה זה?,במקרה דנן לא מתקיימים שיקולים לחריגה לקולא או לחומרה מהמתחם שנקבע.,test
מדוע יש לשקול את נסיבות האירוע בכללותו בהקשר לחלקו של המתלונן?,"בנוסף, יש לשקול את נסיבות האירוע בכללותו, מהן ניתן ללמוד גם על חלקו של המתלונן באירוע.",test
מהו העיקרון המנחה לקביעת מתחם העונש ההולם?,"מתחם העונש ההולם נקבע בהתאם לעקרון המנחה בענישה, היינו קיומו של יחס הולם בין חומרת מעשה העבירה בנסיבותיו ומידת אשמו של הנאשם, לבין סוג ומידת העונש המוטל עליו, תוך התחשבות בערך החברתי אשר נפגע, במידת הפגיעה בו, בנסיבות הקשורות בביצוע העבירה ובמדיניות הענישה הנהוגה.",test
מהו הכלל הנוגע לכיבוד הסדר טיעון על ידי בית המשפט?,"הכלל הוא כי בית המשפט יטה לכבד הסדר טיעון בין הצדדים ויתערב בו רק מטעמים המצדיקים לאחר בחינתו במבחן האיזון אשר נקבע בע\פ 1958/98 פלוני נ' מדינת ישראל (25.12.2002) (להלן: \""עניין פלוני\"").""",test
מהי המשמעות של גילו ומצבו האישי של הנאשם בהקשר להליך המשפטי?,"יש משמעות לגילו של הנאשם, שהוא אב וסב לנכדים, חולה סכרת, התגרש בעת האחרונה ואף מצבו הכלכלי כיום אינו שפיר והוא מתגורר בבסיסי צה\ל ועובד כנהג.""",test
כיצד משפיעה החמרה במדיניות הענישה על סחר בסם מסוג קנבוס?,"החומרה שיש לייחס לסחר בסם ומדיניות הענישה המחמירה בהקשר זה בעינה עומדת, גם כאשר המדובר בסם מסוג קנבוס.",test
"מהו ההבדל בין הענישה בגין ניכוי חשבוניות פיקטיביות לבין הענישה בגין עבירות המע\מ המנויות באישומים 1-7?""","בהינתן האמור וביחס לענישה הנוהגת יש להבהיר כי בניגוד למאשימה, אינני סבורה שיש ללמוד גזירה שווה מענישה בגין ניכוי חשבוניות פיקטיביות (גם אם זו היחידה שבנמצא בהיקפי העבירה הנדונים), וודאי לא ביחס לחלק הארי של עבירות המע\מ מושא אישומים 1-7.""",test
מהי החשיבות של הסרת מחדלי כתב האישום בהקשר לעבירות מסוג זה?,"הנאשם לא הסיר את מחדלי כתב האישום, מעשה שחשיבותו לקולא נודעת בסוג זה של עבירות, משהוא מבטא חרטה ונטילת אחריות אמיתית (רע\פ 7851/13 עודה נ' מדינת ישראל (25.10.2015)).""",test
מהי החשיבות של הענישה הכספית בעבירות אי הגשת דוחות?,"לעניין מתחם הקנס, בעבירות אלה קיימת חשיבות לענישה כספית המדגימה את הפסול שבמעשים, ומלמדת שאין אף תועלת כלכלית לצד ביצוע העבירות.",test
מהי החשיבות של העבירה שביצע הנאשם בהקשר של הענישה?,"נוכח האמור, אין להתייחס בקלות ראש לעבירה שביצע הנאשם.",test
כיצד מגמת ההחמרה בענישה עומדת בהלימה לעקרונות תיקון 113 לחוק העונשין?,"נראה שהגם  שהסדר הטיעון משקף מגמה מסוימת של החמרה בענישה, מגמה זו עומדת בהלימה לעקרונות תיקון 113 לחוק העונשין.",test
מהו תפקיד הרקע המפורט בהבנת נסיבות ביצוע העבירות וחומרתן?,הבנת הרקע המפורט חיונית לשם בחינת נסיבות ביצוע העבירות וחומרתן ואף בקשר לשאלה מהי הענישה הנוהגת הרלבנטית לבחינה.,test
מהו העיקרון שעליו מתבססת קביעת מתחם העונש ההולם?,קביעת מתחם העונש ההולם נעשית לפי עיקרון ההלימה.,test
מדוע קיימת חשיבות לענישה כספית משמעותית בעבירות מסוג זה?,"בעבירות מסוג זה הקנס הוא ממין העבירה ומשכך קיימת חשיבות לענישה כספית משמעותית אשר תלמד כי אין אף תועלת כלכלית לצד עבירות אלה, לשם הרתעת הנאשמים ואף הרתעת הרבים שחשיבותה נודעת בעבירות מסוג זה.",test
מהו השיקול שהוביל את בית המשפט להחליט שלא לחרוג ממתחם הענישה במקרה זה?,"לאחר כל זאת, מבלי להתעלם מהאמור ומהמלצת שירות המבחן לא מצאתי כי נסיבותיו של הנאשם הן כאלה המצדיקות חריגה ממתחם הענישה משיקולי שיקום תוך פגיעה בשיקולי ההלימה, עד כדי גזירת עונשו למאסר בעבודות שירות כעתירת ההגנה או בכלל.",test
מהו החשש של הנאשם במקרה שייגזר עליו עונש מאסר?,"בהקשר זה שקלתי גם את  חששו כי ככל שייגזר עליו עונש של מאסר, ידרדר שוב לשימוש בסמים.",test
מהו המאפיין המרכזי של הענישה שנגזרה על הנאשמים בפרשה זו בהשוואה לענישה בעבירות מס אחרות?,"מן הענישה אשר נגזרה על נאשמים בתיקים פליליים בפרשה בהסכמת המאשימה, ואשר נסקרה לעיל עולה כי הענישה בפרשה זו בכללותה היא על הצד המקל, בקשר לענישה הנהוגה בעבירות מס בכלל, גם בראי קשיים ראייתיים כאלה ואחרים בחלק גדול מהמקרים.",test
כיצד משפיע פיצוי למתלוננת על רכיבי הענישה שנקבעו בהכרעת הדין?,"על כן, בין היתר יקבע פיצוי למתלוננת בין רכיבי הענישה.",test
מהי החשיבות של הרתעה בעבירות בהן גילוי העבירה קשה?,"כידוע, לסיבת ההלימה וחשיבות ההרתעה בעבירות אלה שביצוען קל וגילוין קשה, ובכללה הרתעת הרבים.",test
מהן הנסיבות לקולא שהובילו להחלטה על גזירת עונש מאסר בעבודות שירות?,"לאור הנסיבות לקולא שצוינו, ביניהן אף הגשת הדוחות השנתיים המביאים להסרת מחדל מס ההכנסה והסרת המחדל המסוימת בסך של 4,693 ₪  (חציה וולונטרית), מצאתי לגזור את עונשו של הנאשם למאסר לריצוי בעבודות שירות למשך תקופה קצרה לצד קנס מידתי תוך התחשבות במצבו הכלכלי, מאסר על תנאי מרתיע והתחייבות.",test
מה ההבדל בין השיקולים בעת עריכת הסדר טיעון לבין השיקולים לפי תיקון 113 לחוק העונשין?,"בעת הבחינה, אין להתעלם מכך שהשיקולים הנשקלים בעת עריכת הסדר טיעון אינם זהים בהכרח לאלה הנשקלים במסגרת תיקון 113 לחוק העונשין.",test
מהו הקשר בין סוג העבירה להטלת קנס?,"כידוע, בסוג זה של עבירות, הקנס הוא ממין העבירה ומכאן החשיבות שבהטלתו.",test
"מהו המאפיין המרכזי של העבירות שביצע הנאשם, אשר מצדיק את החמרת הענישה?","אמנם אין המדובר בעבירות שבבסיסן תחכום, אך יש לתת את הדעת לכך שהעבירות שבוצעו על ידי הנאשם אינן מעשה חד פעמי, גם אם חלקן בוצע באופן עוקב, והמדובר בביצוע עבירות על פני תקופה שאינה קצרה, באופן שיטתי, כשהנזק שנגרם מביצוען אינו מבוטל ועומד על סך של 130,088 ₪.",test
מדוע התייחסות סלחנית לאי קיום הוראות החוק עלולה לפגוע במוטיבציה של משלמי המסים?,התייחסות סלחנית לאי קיום הוראות החוק תביא להיעדר  המוטיבציה של כלל ציבור משלמי המסים לדווח ולשלם מסיהם כנדרש.,test
מהן הערכים המוגנים בעבירות המפורטות במקרה זה?,"הערכים המוגנים בעבירות דנן, נוגעים לחשיבותה של הקופה הציבורית לכלכלת המדינה וביטחונה.",test
אילו נסיבות יש לקחת בחשבון בעת גזירת עונשו של הנאשם?,"ושל בעת גזירת עונשו של הנאשם יינתן משקל מתאים לכלל הנסיבות, וביניהן לגיל הנאשם ולגילו בעת ביצוע העבירה, לשיהוי שבהגשת כתב האישום, לקושי הרב לנאשם לאורך השנים להתמודד בגילו הצעיר ובשנים חשובות בחייו עם עננת ההליך הפלילי, כמו כן לקושי הכלכלי הנטען שנגרם לנאשם, כשלדבריו הוא נרדף על ידי נושים עד היום בשל רישומו כמנהל בחברות הנאשמות.",test
כיצד משפיעים העדר עבר פלילי והודאת הנאשם על הסיכון להישנות ביצוע עבירות בעתיד?,"הנאשם נעדר עבר פלילי כאמור, הודה בביצוע העבירות וחסך זמן שיפוטי, הורתע מההליך המשפטי ולדעת שירות המבחן הסיכון להישנות ביצוע עבירות על ידו נמוך ביותר.",test
כיצד ייבחן עניינו של הנאשם לפי תיקון 113 לחוק העונשין?,"בראי המפורט, עניינו של הנאשם ייבחן לפי תיקון 113 לחוק העונשין, ולפיו אף יקבע העונש אשר ייגזר עליו, בשים לב לטווח הענישה המוסכם, ולאחר בחינת סבירותו.",test
מהי החשיבות של ענישה מרתיעה כנגד מוציאי חשבוניות פיקטיביות?,"בתי המשפט שבו והבהירו כי קיימת חשיבות לענישה מרתיעה גם כנגד מוציאי החשבוניות הפיקטיביות במדרג הנמוך, וללא ההרתעה הנדרשת, מה ימנע מאותם אנשים להתפתות ותמורת כסף קל לבצע את העבירות, ואף להירשם כבעלי חברות ולהוציא בעצמם או להתיר לאחרים הוצאת חשבוניות פיקטיביות על שמם.",test
כיצד יש לקבוע את המתחם במקרה של הסדר טיעון?,"על בית המשפט לקבוע את המתחם \בצורה רכה\"", בשים לב לקיומן של נסיבות מגוונות שיכולות להוביל להחלטת המאשימה להגיע להסדר, כשהמשקל שיש לתת לשיקולי תיקון 113 לחוק העונשין ולמתחם העונש ההולם במקרה נתון משתנה בהתאם לנסיבות הקונקרטיות שהביאו להסדר.""",test
כיצד משפיע אי דיווח במועד על שיטת גביית המס?,"אי דיווח במועד על פי הוראות החוק, פוגע בשיטת גביית המס ואף גורם לחסר של ממש בקופת המדינה משלא משולם המס הנובע מהדוחות אשר לא הוגשו.",test
מה משפיע על מדיניות הענישה בעבירות מסוג זה?,"מדיניות הענישה בגין עבירות מסוג זה היא מחמירה בדרך כלל ומושפעת ממידת התחכום, משך ביצוע העבירות, השיטתיות שבביצוען, וסכומי המס אשר נגזלו מהקופה הציבורית.",test
"מהי עמדת בית המשפט לגבי טענת ההגנה של \חיסכון מס\"" לציבור?""","טענת ההגנה לפיה הנאשמים, בביצוע העבירות, למעשה \חסכו מס\"" לציבור שכן דוחות הנאשמת היו הפסדים, היא טענה שאיננה יכולה להתקבל.""",test
מהו השיקול הרפואי שיש לקחת בחשבון לגבי הנאשם?,"יש לתת את הדעת למצבו הרפואי של הנאשם כמפורט באישורים הרפואיים שצורפו אשר הביאו לדחיית חלק מהדיונים וכן לניסיונותיו, אשר אף לדברי ב\כ המאשימה נשאו פרי להסיר המחדלים.""",test
מהו ההשפעה של קביעת מספר עבירות כאירוע על מתחם הענישה?,"במקרים בהם יקבעו מספר עבירות כאירוע, יהיה המתחם מחמיר יותר.",test
מדוע נחשבת מידת הפגיעה בערכים המוגנים במקרה זה לממשית ואיננה שולית?,"אשר לנסיבות ביצוע העבירות, מידת הפגיעה בערכים המוגנים מביצוען במקרה זה ממשית ואיננה שולית, מבלי להתעלם מטענות הסנגור, והגם שהסגת הגבול לא בוצעה לשם ביצוע גניבה.",test
מדוע יש להבטיח שהענישה במקרה זה תהיה מרתיעה?,ברור כי על הענישה במקרה דנן להיות מרתיעה דיה על מנת להבטיח מפני ביצוע עבירות נוספות מאותו הסוג על ידי הנאשם.,test
מדוע לא ניתן לחרוג מהמתחמים שנקבעו במקרה הנדון?,במקרה הנדון לא מתקיימות נסיבות המביאות לחריגה לקולא או לחומרה מהמתחמים שנקבעו.,test
מהו הקו המנחה במקרים שבהם יש לשקול שיקום לצד שיקולי הלימה?,עוד נקבע כי במקרים מסוג זה הקו המנחה הוא שימור סיכויי השיקום גם תוך פגיעה מסוימת בשיקולי ההלימה.,test
כיצד משפיעים שיקולים ערכיים על קביעת מתחם הענישה מעבר למדיניות הענישה?,"כידוע, מתחם הענישה אינו עניין אריתמטי פשוט אלא מגלם הכרעה ערכית המבוססת על שיקולים שונים שמדיניות הענישה היא רק אחד מהם, כשעצם העובדה שלעולם יוכל כל צד למצוא פסקי דין התומכים בעמדתו מלמדת כי אין המדובר במדד מדויק.",test
מהי מטרת העבירה לפי סעיף 224א לפקודה?,"מטרת העבירה על פי סעיף 224א לפקודה היא להעלות את רמת הזהירות של נושאי המשרה, שתפקידם להבטיח כי התאגיד יקיים את חובותיו לפי חוק, ולמנוע מהם לנצל את מסך ההתאגדות להפקת תועלת מביצוע עבירות (רע\פ 26/97 לקס נ' מדינת ישראל, פ\""ד נב(2) 673 (1998)).""",test
מהן השיקולים שיש לקחת בחשבון בעת קביעת העונש?,"תוך התחשבות בערך החברתי אשר נפגע, במידת הפגיעה בו, במדיניות הענישה הנוהגת ובנסיבות ביצוע העבירה.",test
אילו נסיבות יש לקחת בחשבון בעת גזירת העונש על הנאשם?,"בעת גזירת העונש על הנאשם יש להתחשב בנסיבות שאינן קשורות בביצוע העבירות, כמפורט להלן: נטילת האחריות ע\י הנאשם, שיתוף פעולה עם רשויות אכיפת החוק והסרת המחדלים – אין חולק כי הנאשם נטל אחריות על מעשיו.""",test
כיצד משפיע המצב הכלכלי של הנאשם על שיקולי הענישה במקרה זה?,"נתתי דעתי למצבו הכלכלי המורכב של הנאשם ואף למפורט בענ/1, ולכך שהנאשם מפרנס יחיד של אשתו וארבעת ילדיהם הקטינים, על הקושי שבכך.",test
מהו הקשר בין עונשי המאשימה להסדרי הטיעון?,"זאת בשים לב גם לענישה לה עותרת המאשימה בהתאם להסדרי הטיעון, ממנה ניתן ללמוד כי זה גם האופן בו היא נהגה, ולאור הרקע המשותף לאירועי כתבי האישום ולסמיכות הזמנים ביניהם.",test
מהו עונש המאסר שנגזר על הנאשם בהתאם למתחם הענישה?,"בראי כלל המפורט לעיל, מצאתי להעמיד את עונש המאסר שייגזר על הנאשם קרוב לתחתית מתחם הענישה שנקבע בעניינו אך לא בתחתיתו, ל  9 חודשי מאסר.",test
מהו המחדל הנדרש להסרה כדי שהחרטה תיחשב כראויה?,יש לזכור כי לא די בחרטה שהיא מהפה החוצה ללא הסרת מחדל לצידה.,test
מהי עמדת בית המשפט לגבי הארכת המאסר המותנה במקרה זה?,"אקדים את המאוחר ואבהיר כי גם לו הייתי מוצאת לקבוע את כלל העבירות \כעבירה נוספת אחת\"", בכל מקרה אינני סבורה כי נסיבותיו של המקרה מצדיקות את הארכת המאסר המותנה התלוי ועומד כנגד הנאשמת או שיהיה זה בלתי צודק להפעילו.""",test
מהי החשיבות של הענישה המוחשית במקרה שבו הנאשם שב ואיים על המתלוננת?,"העובדה שהנאשם שב ואיים על אותה המתלוננת מצביעה על החשיבות בענישה מוחשית בעניינו ובנסיבות אלה, לא ניתן להסתפק בענישה צופה פני עתיד בלבד כעתירת הסנגור.",test
מהי הנחת המוצא לגבי טיפול רפואי של אסירים עם נזקקות רפואית?,"כפי שהפנה ב\כ המאשימה, הנחת המוצא היא שגורמי הרפואה בשב\""ס ערוכים לטפל באסירים בעלי נזקקות רפואית, וקיימים מקרים בהם קבע בית המשפט כי אין מקום להקלה בעניינם של נאשמים שלא הוכיחו כי מצבם הרפואי אינו ניתן לטיפול על ידי שב\""ס, או שעונש מאסר במצבם הרפואי יסכן את חייהם או יביא לקיצורם במידה ניכרת (רע\""פ 2914/21 כחלון נ' מדינת ישראל (14.6.21), עפ\""ג (מחוזי חי') 61867-11-19 מדינת ישראל נ' אבו עיסא (4.12.19)).""",test
"מהו העיקרון המנחה בענישה בעבירות מס, כפי שנקבע בפסיקה?","נפסק לא אחת, כי יש ליתן לחומרה זו ביטוי ממשי במסגרת גזירת עונשו של מי שהורשע בעבירות אלה, תוך מתן עדיפות לשיקולי הרתעה ולאינטרס הציבורי שבהחמרת הענישה על פני נסיבותיו האישיות של הנאשם, וכאשר נקודת המוצא היא כי העונש ההולם בעבירות אלה הוא מאסר בפועל (וראו: רע\פ 5823/09 באשיתי נ' מדינת ישראל [פורסם בנבו] (17.8.2009); רע\""פ 5308/18 ג'בארין נ' מדינת ישראל, [פורסם בנבו] פסקה 11 להחלטתי (18.7.2018)).\""""",test
מהו העיקרון המנחה בענישה בעבירות אלו בהתחשב בנסיבות האישיות של הנאשם?,הענישה בסופו של יום היא אינדיווידואלית ומושפעת בין היתר מהנסיבות הרלבנטיות של הנאשם גם בסוג זה של עבירות.,test
"כיצד משפיעה כמות העבירות והנזק לאוצר המדינה על מדיניות הענישה בעבירות מע\מ?""","באשר למדיניות הענישה הנוהגת בקשר לעבירה של אי הגשת דוח במועד למע\מ, גם כאן מושפעת מדיניות הענישה מכמות העבירות אשר בוצעו, השיטתיות ביצוען והנזק שנגרם לאוצר המדינה.""",test
כיצד משפיעות הנסיבות בעבירות ההדחה על הערכים המוגנים?,גם הנסיבות בקשר לעבירות ההדחה בחקירה מלמדות על פגיעה שאינה מבוטלת בערכים המוגנים.,test
מהי מידת הפגיעה בערכים המוגנים ממעשי הנאשם בעבירות ההתפרצות והתקיפה?,"בראי המפורט, מידת הפגיעה בערכים המוגנים ממעשי הנאשם היא ממשית – בכל הנוגע לעבירות ההתפרצות והתקיפה.",test
כיצד השפיעה בחירת הנאשם לנהל את משפטו על אפשרות ההקלה בעונשו?,"הנאשם בחר לנהל משפטו ולא חסך את הצורך בשמיעת חלק מהעדים, ובפרט המתלונן מזרחי, והיותו מנהל משפטו אינו מקנה לו הקלה דומה לזו של מי שנוטל אחריות על מעשיו.",test
היכן ממוקם עונשו של הנאשם ביחס למתחם הענישה שנקבע?,"לאחר בחינת כלל המפורט לעיל, מצאתי למקם את עונשו של הנאשם בנסיבותיו בשליש התחתון של מתחם הענישה אך לא בתחתיתו.",test
מהו ההבדל בין הנאשם לבין נאשמים אחרים שפעלו להסרת המחדל לאחר הגשת כתב האישום?,"גם אם באיחור בן 16-68 יום, פעל הנאשם להגשת ותשלום מרבית הדוחות אשר הוגשו באיחור, הרבה לפני וללא קשר להגשת כתב האישום כנגדו, ובהבחנה ממי שפועל להסרת המחדל רק לאחר הגשת כתב האישום.",test
מהו ההיבט המרכזי של המסה הקריטית של הסדרי הטיעון בפרשה בהקשר לרף הענישה?,המסה הקריטית של הסדרי הטיעון בפרשה איננה מאפשרת להתעלם מרף הענישה אשר נקבע בה.,test
כיצד השפיעו סכומי העבירה על קביעת העונש והסדר הטיעון במקרה זה?,"לטעמי לסכומי העבירה קיימת משמעות בעת קביעת העונש הראוי ובעת בחינת סבירות ההסדר וכך גם לשיקולים אשר הביאו את המאשימה לערוך את ההסדר, בין היתר כאשר במקרה שלפנינו ציין ב\כ המאשימה כי המאשימה לא נתקלה בקשיים ראייתיים בעניינו של הנאשם, למעט טענות הנוגעות לאופן גביית הודעות הנאשם, שלדעת המאשימה ייתכן והיו משפיעות על העונש, אך לא על עצם הרשעתו.""",test
מהן ההשלכות החברתיות של עבריינות המס כפי שנצפו על ידי בית המשפט?,"בית משפט זה חזר ועמד על חומרתה של עבריינות המס, אשר נובעת מפגיעתה הקשה במשק, בכלכלה ובמגוון היבטים חברתיים הנוגעים לנטל תשלום המיסים, כמו גם מהקושי הרב שבחשיפתה.",test
מהי המשמעות של הפגיעה בערכים המוגנים במכירה חוזרת של סמים?,"על אף שמדובר במכירה לאותו הקונה, ובפרק זמן קצר יחסית, על פני כחודש, לא ניתן להתעלם מהפגיעה הממשית בערכים המוגנים מהמעשים, אשר אף מלמדים כי אין המדובר במי שהתנהל באופן חד פעמי ואימפולסיבי לסחר בסם, אלא במי שפעל תוך תכנון ובשיטתיות.",test
אילו שיקולים יש לקחת בחשבון בעת קביעת מתחם העונש?,"מסגרת קביעה זו יש להתחשב בערך החברתי אשר נפגע, במידת הפגיעה בו, במדיניות הענישה הנוהגת ובנסיבות ביצוע העבירות.",test
כיצד השפיעה הודאת הנאשם המוקדמת על הענישה?,"שקלתי את הודאתו המוקדמת של הנאשם, חרטתו ולקיחת האחריות על ידו, שלא הייתה רק מהפה החוצה, אלא כללה הסרת מחדלים מלאה על ידו ועל ידי הנאשמת, שעדיין פועלת להסרתם במסגרת הסדר תשלומים.",test
מהן הנסיבות המיוחדות שהצדיקו סטייה לקולא ממתחם העונש?," בנסיבות המיוחדות המפורטות לעיל ולאור ההליך השיקומי אותו עובר הנאשם והמלצת שירות המבחן לצד השיקום הממשי בקשריו עם בני משפחתו מצאתי כי קיימים במקרה דנן שיקולים המצדיקים סטייה לקולא ממתחם העונש משיקולי שיקום לפי סעיף 40ד(א) לחוק, וזאת אף לאחר שבחנתי את מעשי העבירה ומידת אשמו של הנאשם כמפורט לעיל בהרחבה, לצד המפורט בתסקירים וכלל הנסיבות.",test
מהי הזהירות הנדרשת בקביעת מתחם הענישה בהסדרי טיעון?,"בקביעת המתחם נדרשת זהירות, אין המדובר בקביעת מתחם ענישה במובן הפורמלי של תיקון 113 לחוק העונשין, וקביעתו תתבצע בצורה רכה לשם \קבלת מידע והקשר לעונש שראוי לקבוע בהסדר טווח\"", בשים לב לקיומן של נסיבות מגוונות שיכולות להוביל להחלטת המדינה להגיע להסדר, כשהמשקל שיש ליתן לשיקולי תיקון 113 לחוק העונשין ולמתחם הענישה במקרה נתון משתנה בהתאם לנסיבות הקונקרטיות שהביאו להסדר.""",test
מה ניתן ללמוד על הענישה הנוהגת בעבירות מסוג זה?,"בחנתי את הענישה הנוהגת ממנה ניתן ללמוד כי בעבירות מסוג זה, שביצוען קל וגילויין קשה בבסיסן בצע כסף וביסודן מרמה, בנסיבות ובהיקפים דומים, בדרך כלל, עונשם של נאשמים נגזרו למאסר מאחורי סורג ובריח לצד קנסות ממשיים.",test
מהו המשקל שיש לתת לתשלום שביצע הנאשם בהליך פשיטת רגל?,"למרות זאת, יש בביצוע התשלום, בפרט לאור מצבו הכלכלי הקשה, והיותו בהליך פשיטת רגל (ובשים לב לעובדה שלא הרוויח לכיסו את הסכומים המפורטים בכתב האישום), כדי ללמד על נטילת אחריות וחרטה שאיננה רק מהפה החוצה.",test
מדוע יש לפצות את נפגעי העבירה בסכום שאינו סמלי?,ראוי שהנאשמים יפצו את נפגעי העבירה בפיצוי שאינו בסכום סמלי בשים לב לתכליות הפיצוי אשר פורטו לעיל וחרף העובדה שחלק מהמתלוננים ציינו בעדותם נזק כספי בלבד.,test
מהו הקשר בין קושי כלכלי לבין מתחם הענישה בעבירות אלו?,"כידוע, קושי כלכלי בבסיס עבירות מהסוג הנדון אינו מקנה הקלה אוטומטית ומשמעותית בעת קביעת מתחם הענישה והעונש לנאשם, כשיש לזכור כי עבירות מסוג זה נעברות באופן תדיר על רקע קושי כלכלי (ראו והשוו רע\פ 4844/00 ברקאי נ' מדינת ישראל (9.12.2001).""",test
מדוע יש להימנע מגישה מקלה בעבירות מסוג זה לפי שיקולי הענישה?,"בנוסף, במסגרת שיקולי הענישה יש לזכור כי נקבע לא אחת שבעבירות מסוג זה אין לנקוט בגישה מקלה לאור הפיתוי לזכות ברווח כספי על חשבון הציבור.",test
מהו השיקול שיש לקחת בחשבון בעת גזירת עונשו של הנאשם מעבר לביצוע העבירה?,"בעת גזירת עונשו של הנאשם בתוך המתחם, יש להתחשב בנסיבות שאינן קשורות לביצוע העבירה.",test
מהו הקושי המשפטי שהנאשם נתקל בו בעקבות האישומים החמורים שהוטלו עליו?,"בהקשר זה ומנקודת מבטו של הנאשם, יש אף לתת את הדעת לקושי עבורו להתמודד מאז האירוע עם אישומים חמורים מאלה בהם הורשע בסופו של יום.",test
מהן שתי התכליות להתחשבות בהסרת המחדל לפי השופט מלצר?,"ברע\פ  7851/13 עודה נ' מדינת ישראל (3.9.2015) ציין כב' השופט מלצר כי להתחשבות בהסרת המחדל שתי תכליות, האחת \""סילוקו של המחדל כרוך בהשלמת החסר מקופת המדינה והטבת הנזק שנגרם כתוצאה מהעבירה\"" והשנייה \""עידוד הבעת חרטה וקבלת אחריות לביצוע העבירה בידי הנאשם\"".""",test
מהו הגורם המשפיע על הענישה בעבירות אי הגשת דוחות ואי העברת ניכויים?,"בכל הנוגע לעבירות של אי הגשת דוחות במועד ואי העברת ניכויים הענישה מושפעת מהשיטתיות שבמעשים והיקפם, מהנזק שנגרם, כמו גם מהסרת המחדל.",test
מהו הפער בזמן בין ביצוע העבירות שקשור לשיקולי הענישה במקרה זה?,"נתתי דעתי לכך שבין ביצוע עבירות אלה לביצוע העבירות מושא ההליכים דנן פער של כ-4 וחצי שנים, ועניין זה בא בין שיקולי.",test
כיצד מתייחס בית המשפט לקושי של הנאשם לרצות עונש מאסר בפועל?,"חששו של הנאשם מובן, ואינני מקלה ראש בקושי לרצות עונש של מאסר בפועל לנאשם בנסיבותיו, ובחשש להתדרדרות בעקבותיו.",test
מהו האינטרס הציבורי שצריך להילקח בחשבון בעבירות אלו?,"יש לזכור כי בעבירות אלה, מקבל האינטרס הציבורי בכורה על פני נסיבות אישיות (ר' עניין יצחקיאן, רע\פ 977/13 אודיז נ' מדינת ישראל (20.2.2013), רע\""פ 3998/15 פלוני נ' מדינת ישראל  (28.6.2015)), יחד עם זאת, על פי סעיף 40 ח' לחוק העונשין בעת קביעת מתחם הקנס יש להידרש גם לשאלת יכולתו הכלכלית של הנאשם.""",test
מהו המשקל שיש לתת לעברו הפלילי של הנאשם בהקשר לביצוע העבירה הנוכחית?,"על הנאשם נגזרו בעבר עונשי מאסר ממושכים ואף מאסרים על תנאי לתקופה ממושכת (בין היתר אלה שהפעלתם מבוקשת כאן) אך אלה לא הרתיעו אותו מביצוע העבירה דנן, ולכך משקל לחומרה.",test
מהי החשיבות של טיפול עבור הנאשם לפי תסקיר שירות המבחן?,"בתסקיר הרביעי כמו גם בתסקירים קודמים הדגיש שירות המבחן את חשיבות הטיפול עבור הנאשם, את העובדה שיש בו כדי להפחית משמעותית את הסיכון לביצוע עבירות על ידו, וכי עונש של מאסר בפועל מאחורי סורג ובריח עלול להביא לרגרסיה במצבו מעצם החשיפה לתת תרבות עבריינית.",test
מהי החשיבות של חלוף הזמן מאז ביצוע העבירות בהקשר לגילוי עבירות סמויות?,בחינת חלוף הזמן מאז ביצוע העבירות כוללת התחשבות בקושי הטמון בגילוי של עבירות מסוג זה לאור אופיין הסמוי והאינטרס הציבורי בגילוין ובהעמדה לדין.,test
מהי המדיניות התומכת באימוץ הסדרי טיעון כפי שנצפתה בפסיקות בית המשפט העליון?,"כפי שציינתי בת\פ (שלום ת\""א) 15117-05-17 מדינת ישראל נ' טל (9.9.2019) (ערעור תלוי ועומד) (להלן: \""עניין טל\""), בע\""פ 2021/17 מצגר נ' מדינת ישראל (30.4.2017) (להלן: \""עניין מצגר\"") חזר בית המשפט העליון וציין את המדיניות התומכת באימוץ הסדרי טיעון והדגיש את יתרונותיהם, את האינטרס הציבורי שבבסיסם ואת תפקידם הראוי במערכת אכיפת החוק.""",test
מהו הסכום הכולל של הפגיעה בקופה הציבורית שנגרמה ממעשי הנאשמים?,"ממעשי הנאשמים אף נגרמה הלכה למעשה פגיעה בקופה הציבורית, בסך כולל של 1.5 מיליון ₪ (קרן מס) – מה שמעיד גם הוא על החומרה הלא מבוטלת במעשים.",test
מהי הפגיעה בערך המוגן הנוגעת לרצונו החופשי של אדם?,יש לשקול את הפגיעה בערך המוגן בדמות רצונו החופשי של אדם ואף את ההגנה הנדרשת מפני ניצול לרעה של חולשתו ומצוקתו של האחר.,test
מהי ההמלצה של שירות המבחן בתסקיר המסכם לגבי עונש הנאשם?,"יחד עם זאת, בסופו של דבר, בתסקיר המסכם, ולאור התמדת הנאשם בטיפול ומחויבותו, וההתקדמות ההדרגתית בהתבוננות פנימית, והגם שנמצא עדיין בשלב ההתמקמות וההיכרות עם חברי הקבוצה, בא שירות המבחן בהמלצה לעונש בעל אופק טיפולי.",test
מהו העיקרון המשפטי שהנחה את השופטת תבור באימוץ ההסדר שהושג בין הצדדים?,"השופטת תבור מצאה בסופו של יום לאמץ את ההסדר אליו הגיעו הצדדים מכוח עקרון אחידות הענישה, ומאחר ועל אחרים שמעמדם ביחס לשימוש שעשו בעסק למתן שירותי מטבע היה דומה למעמדו של הנאשם, נגזר עונש של עבודות שירות.",test
מדוע יש להקפיד על הענישה במקרה של עבירה חוצת יבשות כמו במקרה זה?,"אין להקל ראש בכך, וודאי מקום בו המדובר בעבירה חוצת יבשות כמו במקרה דנן ולצידה קושי מובנה בהעדת עדים וניהול משפט.",test
כיצד מתן משקל להקלות בענישה עשוי להשפיע על שיתוף פעולה עם רשויות החקירה?,מתן משקל ממשי וראוי על דרך של הקלה בענישה אף יעודד שיתוף פעולה של מבצעי עבירה עם רשויות החקירה בעתיד וזו גם התוצאה הצודקת וההוגנת בנסיבות המיוחדות של המקרה .,test
מהו העיקרון שעל פיו נקבע מתחם העונש ההולם בעבירות מס?,"קביעת מתחם העונש ההולם נעשית על פי עיקרון ההלימה תוך התחשבות בערך החברתי אשר נפגע, במידת הפגיעה בו, במדיניות הענישה הנוהגת ובנסיבות ביצוע העבירה.",test
מהו השיקול שהנחה את בית המשפט במיקום עונשו של סמירנוב?,"לאחר שקילת כלל המפורט לעיל ומבלי להתעלם מהדרך הטובה אותה עושה סמירנוב במסגרת מעצרו, מצאתי למקם את עונשו באמצע מתחמי הענישה, תוך חפיפה מסוימת ביניהם.",test
מהי המדיניות הכללית לגבי הענישה בעבירות מסוג זה בהיקפים משמעותיים?,"מהפסיקה אשר תפורט להלן עולה כי בדרך כלל, בסוג זה של עבירות ובהיקפים ממשיים, נגזר דינם של נאשמים למאסר מאחורי סורג ובריח, תוך שבתי המשפט מדגישים את חומרת העבירות, חשיבות ההרתעה ובכללה הרתעת הרבים, ובכורתו של האינטרס הציבורי על פני נסיבות אישיות.",test
מדוע נחשבת ההרתעה בעבירות כלכליות לחשובה יותר מאשר בעבירות אחרות?,"לצד זאת שקלתי את חשיבות ההרתעה בעבירות הנדונות שביצוען קל וגילוין קשה, ובכללה הרתעת הרבים, וכן כי אפקט ההרתעה בעבירות כלכליות הוא בדרך כלל בעל משקל רב יותר מאשר בעבירות אחרות, וגם מכאן חשיבותו (ע\פ 8345/15 אוחנה נ' מדינת ישראל (19.9.2017), פסקה 32, שם הפנה בית המשפט לע\""פ 3927/16 מדינת ישראל נ' בר זיו (23.2.2017).""",test
מהו הטעם בטיעוני הסנגורים בנוגע לנסיבות המקרה?,קיים אף טעם בטיעוני הסנגורים לפיהם המדובר בנסיבות שחומרתן מתונה.,test
מהי העמדה לגבי גזירת עונשי מאסר בפועל בעבירות מסוג זה?,"מקובלת עלי העמדה לפיה בהתאם לנסיבות, ראוי בחלק מהמקרים, לגזור עונשי מאסר בפועל לריצוי מאחורי סורג ובריח כשכעסקינו בעבירות מסוג זה כפי שאף פורט לעיל, וזו מגמת פסיקת בית המשפט העליון.",test
מהו טיב העבירות שבביצוען הורשעו הנאשמים וכיצד הן משפיעות על הערכים החברתיים?,העבירות שבביצוען הורשעו הנאשמים הן מהחמורות על פי דיני המס ובאות להגן על ערכים בסיסיים וחשובים למרקם החברתי של חיינו.,test
מהי עמדת בית המשפט לגבי כשירות הנאשם לבצע עבודות שירות?,"במקרה זה נמצא הנאשם כשיר לבצע עבודות שירות על ידי הממונה על עבודות השירות ואינני סבורה כי העובדה שהנאשם הוא נתין זר צריכה לשלול ממנו אפשרות זו, תוך הפלייתו ביחס לאחרים.",test
מהו שיקול הדעת העיקרי של בית המשפט בענישה בעבירות מסוג זה?,"בסוג זה של עבירות, שיקולי הרתעה ובכללם הרתעת הרבים מקבלים בכורה על פני נסיבות אישיות, ובדרך כלל יטה בית המשפט לגזור עונשי מאסר מאחורי סורג ובריח על מבצעי עבירות מסוג זה.",test
כיצד נלמדת מידת הפגיעה בערכים המוגנים בעבירות אלו?,"מידת הפגיעה בערכים המוגנים נלמדת גם מהיקף העבירות אשר בוצעו, סכומן ומשכן, וכן רמת התחכום שבביצוען.",test
מהי ההבחנה בין עניין מתן דהן למקרה הנדון בהקשר לנסיבות השונות?,יש מקום להבחין בין עניין מתן דהן לבין המקרה הנדון לאור הנסיבות השונות וכן את טענתה לפיה עניינו של מתן דהן בוטה פחות בחומרתו מהמקרה הנדון.,test
מהי השאלה שיש להידרש אליה בעת קביעת מתחם הקנס?,בעת קביעת מתחם הקנס יש להידרש גם לשאלת יכולתו הכלכלית של הנאשם.,test
מהי חובת הפסילה המינימלית במקרה הנדון לפי החוק?,"ביחס לעונש הפסילה המבוקש, במקרה הנדון קמה חובת פסילה מכוח סעיף 338(1)(א) לחוק העונשין והתוספת הראשונה לפקודת התעבורה [נוסח חדש], לתקופת מינימום בת 3 חודשים.",test
כיצד משפיעה ההמלצה לעונש בעבודות שירות על שיקולי ההלימה?,"כעתירת המאשימה, לתקופת מאסר בת מספר חודשים לריצוי בעבודות שירות, אף אין בסטייה ממתחם הענישה והשתת עונש בדמות של\צ (בהיקף גדול מהמומלץ על ידי שירות המבחן) לצד ענישה נלוות, ובכללה מאסר על תנאי מרתיע, כדי לפגוע באופן בלתי מידתי בשיקולי ההלימה.""",test
מהי המדיניות הרגילה בענישה בעבירות שנעברו בשיטתיות ובסכומים גבוהים?,"ניתן ללמוד כי באופן רגיל מדיניות הענישה היא מוחשית וכוללת עונשי מאסר משמעותיים לריצוי מאחורי סורג ובריח, בעיקר מקום בו לא הוסרו המחדלים ובהם דובר בעבירות אשר נעברו בשיטתיות ו/או בסכומים גבוהים.",test
מהי עמדת בית המשפט לגבי תיקון 113 לחוק העונשין בהקשר להסדרי טיעון?,"בע\פ 921/17 אבו זעילה נ' מדינת ישראל (28.5.2017) (להלן: \""עניין זעילה\"") צוין שוב כי הוראות תיקון 113 לחוק העונשין אינן עומדות בסתירה לגישת האיזון הראוי, וכי הערכאה הדיונית מוסמכת ונדרשת לבחון הסדרי טיעון על רקע מתחם הענישה ההולם.""",test
מהו ההבדל במידת הפגיעה בערכים המוגנים בין העבירות שביצעו הנאשמים 1 ו-2 לבין העבירה הנדונה?,"הערכים המוגנים בעבירה זו דומים לערכים המוגנים בעבירות אותם ביצעו הנאשמים 1 ו-2, מובן כי מידת הפגיעה מביצועה של עבירה מסוג זה מביא לרמת פגיעה נמוכה יותר בהם.",test
כיצד הוגדר השימוש בחשבוניות כוזבות בפסיקה ומה המשמעות לכך?,"ההוצאה והשימוש בחשבוניות כוזבות הוגדרו לא אחת בפסיקה כ\אבי אבות הטומאה\"", וגם לכך יש ליתן משקל בעת בחינת סבירות הסדר הטיעון.""",test
כיצד משפיעים עברו הפלילי של הנאשם ונסיבותיו האישיות על גזירת העונש?,"מבלי להתעלם מהמפורט לעיל ומעברו הפלילי של הנאשם, אך גם בשים לב להודייתו, לצירוף התיקים, לגילו ולכך שלא פתח תיקים חדשים משך 5 שנים, ותוך מתן משקל גם לגילן של העבירות, עונש המאסר לנאשם יקבע באופן מתון יחסית קרוב לתחתית מתחם הענישה, אך לא בתחתיתו, ולריצוי בעבודות שירות, על מנת לאפשר אופק לנאשם לשקם את חייו.",test
מהו העיקרון המנחה בענישה בהקשר לחומרת העבירה ומידת האשם?,"מתחם העונש ההולם נקבע בהתאם לעקרון המנחה בענישה, היינו קיומו של יחס הולם בין חומרת מעשה העבירה בנסיבותיו ומידת אשמו של הנאשם, לבין סוג ומידת העונש המוטל עליו, תוך התחשבות בערך החברתי אשר נפגע, במידת הפגיעה בו, בנסיבות הקשורות בביצוע העבירה ובמדיניות הענישה הנהוגה.",test
"על פי מה נמדדת חומרת המעשים בעבירות מס, אם לא רק סכום המחדל?",חומרת המעשים איננה נמדדת רק על פי סכום המחדל.,test
מהי החשיבות של התרשמות שירות המבחן מהנאשמת בתהליך הענישה?,"יש לשקול את התרשמות שירות המבחן מהנאשמת כמפורט בתסקיר שהתקבל, ואת הערכת קצינת המבחן בדבר הצורך בענישה קונקרטית ומציבת גבול ברור ומוחשי בעניינה.",test
מהי הסיבה לכך שהשופט לא ראה לנכון לחרוג לקולא ממתחם העונש במקרה זה?,"מבלי להקל ראש כלל וכלל בדרך הטובה שעשה הנאשם עד כה, אינני סבורה שבנסיבות הנדונות המדובר בשיקום המצדיק חריגה לקולא ממתחם העונש ההולם לאחר שבחנתי את מעשי העבירה ומידת אשמו של הנאשם כמפורט לעיל בהרחבה, לצד המפורט בתסקירים וכלל הנסיבות.",test
מהו הנזק שנגרם לקופה הציבורית כתוצאה מביצוע העבירות?,"כתוצאה מביצוע העבירות נגרם באופן תדיר נזק רב לקופה הציבורית בפן הכספי, וכן נפגע עיקרון השוויון בנשיאת נטל המס ואמון הציבור.",test
באילו נסיבות ניתן לגזור עונשי מאסר לריצוי בעבודות שירות על נאשמים?,"עונשי מאסר לריצוי בעבודות שירות אף נגזרים במקרים מתאימים על נאשמים, בפרט מקום בו דובר בסכום עבירה מתון יחסית ובהסרת מחדלים מלאה או חלקית.",test
מהו העיקרון המנחה בענישה הקובע את מתחם העונש ההולם לפי סעיף 40ג(א) לחוק?,"בהתאם לסעיף 40ג(א) לחוק, מתחם העונש ההולם יקבע בהתאם לעקרון המנחה בענישה, קרי, קיומו של יחס הולם בין חומרת מעשה העבירה בנסיבותיו ומידת אשמו של הנאשם, לבין סוג ומידת העונש המוטל עליו, תוך התחשבות בערך החברתי שנפגע, במידת הפגיעה בו, בנסיבות הקשורות בביצוע העבירה ובמדיניות הענישה הנהוגה.",test
כיצד השפיעו האירועים לאחר הדקירה על הערכת הנסיבות?,"בעת בחינת הנסיבות, נתתי דעתי לכך שגם לאחר הדקירה דלק הנאשם אחרי המתלונן ודחף אותו בעת שהוצא החוצה, לצד זאת לכך שהמתלונן שב וחזר למסעדה, תקף את הנאשם והכה בו בפניו באגרופיו (אז אף פצע אותו בפניו הנאשם אשר אחז בסכין).",test
מהי עמדת הפסיקה לגבי הענישה של איש קש בעבירות מס?,בפסיקה נקבע לא אחת שעצם היותו של אדם איש קש אינו מקנה הנחה מפליגה בענישה בדמות ענישה שאינה כוללת מאסר ממשי מאחורי סורג ובריח.,test
מהו תפקיד המלצת שירות המבחן בהליך גזירת הדין של הנאשם?,"אמנם קיימת חשיבות להתרשמות גורמי טיפול כדוגמת גב' יעקובוביץ, וכמובן להמלצת שירות המבחן בעת קביעת עונשו של הנאשם, אך כידוע, המלצת שירות המבחן על אף חשיבותה - כשמה כן היא, ושיקולי בית המשפט בגזירת הדין רחבים יותר.",test
מדוע יש חשיבות רבה בהטלת קנסות בעבירות כלכליות ועבירות מס?,"בעבירות כלכליות ועבירות מס בפרט, קיימת חשיבות רבה להשתת קנסות המלמדים כי אין אף תועלת כלכלית לצד ביצוע העבירות וכי כיסו של העבריין יפגע גם הוא מביצוען.",test
מהו המסר המשפטי שנועד להעביר כלפי מי שנוהג באלימות כלפי שוטרים?,"נקבע לא אחת, יש להעביר מסר ברור וחד משמעי לפיו מי שנוהג באלימות כלפי שוטרים, ואף פועל להכשלת שוטר, ייענש במלוא חומרת הדין.",test
מהי ההמלצה לגבי הפעלת המאסר המותנה ביחס לעונש המאסר בפועל?,"בנוסף, להורות על הפעלת המאסר המותנה במצטבר לעונש המאסר בפועל אשר ייגזר בשים לב גם למשכו של המאסר המותנה ולחשיבותו להרתעת הנאשם.",test
מדוע לא ניתן להשוות את המקרים הנדונים למקרים אחרים לפי הנסיבות המיוחדות?,"אינני מוצאת כי המדובר במקרים דומים להשוואה, זאת בשים לב לכלל הנסיבות בעניינינו, השונות מהנסיבות באותם המקרים.",test
כיצד פוגעות עבירות המס המיוחסות לנאשמים בשיטת הגביה ובאמון הציבור?,"בנוסף, עבירות המס המיוחסות לנאשמים פוגעות בשיטת הגביה, בפיקוח הרשות וכן באמון הניתן בעוסק/נישום שיפעל על פי חוק, וידווח במועדים הקבועים בחוק.",test
מהו השיקול המרכזי בקביעת מתחם הענישה שאינו מתבסס על חישוב אריתמטי פשוט?,"בעת קביעת מתחם הענישה הנוהגת, מתחם הענישה אינו עניין אריתמטי פשוט אלא מגלם הכרעה ערכית המבוססת על שיקולים שונים שמדיניות הענישה היא רק אחד מהם, כשעצם העובדה שלעולם יוכל כל צד למצוא פסקי דין התומכים בעמדתו, מלמדת כי אין המדובר במדד מדויק .",test
מה הקשר בין חומרת מעשי שני הצדדים בעבירות ניכוי מס?,"ברי כי ללא האחד, לא יוכל השני לעשות את אותו רווח קל על חשבון המדינה וכידוע חומרת מעשי שני הצדדים הודגשה לא אחת בפסיקת בית המשפט העליון.",test
מדוע נחשבת אלימות בתוך המשפחה לחמורה במיוחד ודורשת ענישה מרתיעה?,חשוב לזכור כי אלימות בתוך המשפחה נתפסת כבעלת חומרה מיוחדת המחייבת באופן רגיל ענישה מרתיעה.,test
מהו סוג הענישה האפשרי בעבירות פחות חמורות שנעשו בהיקפים נמוכים?,"בעבירות פחות חמורות שנעשו בהיקפים נמוכים יותר יכולה הענישה לכלול מאסר בעבודות שירות, בפרט כאשר מדובר בהסדרי טיעון, בהתאם להנחיות הפסיקה.",test
"מהן הגורמים המשפיעים על מדיניות הענישה בעבירה של אי הגשת דוח במועד למע\מ?""","באשר למדיניות הענישה הנוהגת בקשר לעבירה של אי הגשת דוח במועד למע\מ, זו מושפעת מדיניות הענישה, מכמות העבירות אשר בוצעו, הרקע, השיטתיות ונסיבות ביצוען, כמו גם הנזק שנגרם לאוצר המדינה.""",test
מדוע לא די בטענה של הנאשם כדי למנוע עונש מאסר מאחורי סורג ובריח?,"לא די בטענה מסוג זה בכל מקרה בו המדובר בנאשם אשר עתיד לרצות מאסר מאחורי סורג ובריח, ואין בה למנוע מהשתת עונש מאסר מאחורי סורג ובריח כשזה העונש הראוי והמתחייב.",test
מהו הקשר בין הסתבכות כלכלית לקביעת מתחם הענישה במקרה זה?,בנסיבות המקרה דנן מצאתי כי יש מקום חפוף בין המתחמים במידה רבה בשים לב לכך שאותה הסתבכות כלכלית הביאה את הנאשמים לקשיים כלכליים ניכרים בתקופות הרלבנטיות לכתב האישום.,test
מה יש לשקול ביחס לכלל האירועים שביצע הנאשם?,"ביחס לכלל האירועים, יש לשקול את הרקע הנטען לביצוען.",test
מדוע אי הגשת דוחות במועד פוגעת בפיקוח רשות המסים?,"חשוב לציין כי אי הגשת דוחות במועד פוגע גם בפיקוח רשות המסים כששיטת המס מבוססת על האמון שנותנת רשות המסים בעוסק, שיגיש דיווחיו כדין וישלם את המס הנובע מהם.",test
כיצד השפיעה התייחסות המאשימה לסכומי העבירה על בחינת חומרת הנסיבות?,"ביחס לסכומי העבירה והמשמעות שיש ליתן להם בעת בחינת חומרת הנסיבות במקרה דנן, לא ניתן להתעלם מכך שבקשר לפרשה בכללותה, דומה כי התייחסות המאשימה עצמה לסכומי העבירה איננה כהתייחסותה הרגילה.",test
כיצד תינתן משקל לקולא בעת קביעת עונשו של הנאשם?,"בעת קביעת עונשו של הנאשם בגדרי מתחם הענישה \הרך\"" שאקבע, ובחינת הסדר הטיעון, יינתן משקל מתאים לקולא לכך שהנאשם בחר ליטול אחריות למעשיו, להביע חרטה ולהודות במפורט בכתב האישום, תוך ויתור על הטענות השונות שהיו בפיו ובכך חסך את הזמן השיפוטי שהיה נדרש לשם בירורן (ולטענת ב\""כ הנאשם אף אי נעימות גדולה).""",test
מהי החשיבות של הסרת מחדלי כתב האישום בעת קביעת העונש?,"בעת קביעת עונשו של הנאשם לא ניתן להתעלם מכך שחרף דחיות לא מעטות שניתנו, לא פעל הנאשם להסרת כל חלק ממחדלי כתב האישום, על החשיבות הנודעת לכך כאמור מבין שיקולי הענישה.",test
מהו העיקרון המנחה בענישה שנלקח בחשבון בקביעת מתחם העונש ההולם?,"מתחם העונש ההולם נקבע בהתאם לעקרון המנחה בענישה, היינו קיומו של יחס הולם בין חומרת מעשה העבירה בנסיבותיו ומידת אשמו של הנאשם, לבין סוג ומידת העונש המוטל עליו, תוך התחשבות בערך החברתי אשר נפגע, במידת הפגיעה בו, בנסיבות הקשורות בביצוע העבירה ובמדיניות הענישה הנהוגה.",test
"מהו השיקול שהשפיע על ההחלטה בנוגע לעונש, בהתחשב בחלוף הזמן ובפער בין החשדות לעבירות שיוחסו?","שקלתי גם את חלוף הזמן הממשי מאז ביצוע העבירות ומאז תחילתה של החקירה, שאינו באחריות הנאשמים, ואת הפער המשמעותי בין החשדות הראשוניים כנגד הנאשמים, אז גם נתפס רכוש רב מידיהם לטענת ההגנה, לבין העבירות שיוחסו להם בסופו של יום.",test
מהי ההגדרה שניתנה להוצאה ושימוש בחשבוניות כוזבות בהקשר של מלחמת חורמה?,"ההוצאה והשימוש בחשבוניות כוזבות הוגדרו לא אחת כ'מכת מדינה' שיש להילחם בה מלחמת חורמה, ויש לתת לכך משקל בעת קביעת מתחם העונש וגזירת הדין.",test
כיצד משפיעים שיקולי שיקום על ההמלצה של שירות המבחן במקרה זה?,"יחד עם זאת, להמלצת שירות המבחן חשיבות לא מבוטלת, בפרט כאשר המדובר במי שמלווה על ידי שירות המבחן תקופה ממושכת במהלכה אף שולב בטיפול בהצלחה כדוגמת הנאשם, ונשקלים שיקולי שיקום.",test
מהי התוצאה של הפנמת חומרת המעשים והבעת חרטה מצד הנאשם?,"נוכח כלל המפורט לעיל, כאשר נהיר כי הנאשם הפנים את חומרת מעשיו, הביע חרטה אמיתית וכנה ועשה כל שניתן לתיקון הנזק אותו גרם.",test
כיצד יש לבחון את סבירות ההסדר במקרים של הסדר טיעון?,"על פי הגישה הרווחת, גם מקום בו הסכימו הצדדים בהסדר טיעון על טווח ענישה, ובכלל זאת מקרה בו הסכימה המאשימה להגביל עצמה לעונש מסוים בעוד שההגנה חופשיה בטיעוניה, יש לבחון את סבירותו של ההסדר במבחן האיזון בהתאם לאמות מידה מקובלות המעוגנות בתיקון 113 לחוק העונשין (עניין מצגר, פסקה 12 (30.4.2017)).",test
מהו הרף התחתון של מתחם העונש ההולם שנקבע ביחס לכל אירוע במקרה זה?,"משקבעתי כי הרף התחתון של מתחם העונש ההולם ביחס לכל אירוע הוא מאסר מותנה בן מספר חודשים וכן קבעתי כי אין נסיבות המצדיקות חריגה לקולא מהמתחם שנקבע (וזו אף עמדת ההגנה כפי שעולה מסעיף 52 לטיעונים הכתובים) הרי שממלא, וגם אם היה המאסר המותנה רק בר הפעלה במקרה דנן, לא ניתן היה להורות על הארכתו.",test
מהו ההשפעה האפשרית של עונש מאסר על משפחת הנאשם ובנותיו הצעירות?,"נוסף על כך, התרשמתי כי כל עונש מאסר ובוודאי עונש מאסר מאחורי סורג ובריח אשר ייגזר על הנאשם ישפיע באופן משמעותי על משפחתו ובפרט על בנותיו הצעירות.",test
מהן הנסיבות הייחודיות שצוינו והשפעתן על גזירת העונש?,"זאת בשל צבר הנסיבות הייחודי בעניינו של הנאשם הכולל גם את מאפייניו, מצבו הנפשי והקושי עבורו במצבו לרצות עונש מאסר ומצבה של רעייתו (ענ/3, ענ/4, ענ/6), ובשים לב לכלל נסיבותיו שפורטו בתסקיר, כמו גם לחלוף הזמן המשמעותי ולשיהוי בהגשת כתב האישום על משמעותו המקלה.",test
מהי הטענה שהעלה הסנגור בנוגע להמרת העבירות בכופר?,"נתתי דעתי לטענת הסנגור לפיה בהיקף העבירות המיוחסות לנאשם בכתב האישום לאחר תיקונו وبנסיבות ביצוען, יכול היה הנאשם להמיר את העבירות בכופר ומשמעותה.",test
מהו העיקרון המנחה בעת גזירת הדין בנוגע למתחמים?,בעת גזירת הדין נכון יהיה לחפוף במידת מה בין המתחמים.,test
"מהו הקושי שהנאשם נתקל בו בביצוע עונש של של\צ לצד טיפולו?""","נתתי דעתי אף לקושי הנטען לנאשם לרצות עונש של של\צ לצד המשך הטיפול, עבודתו והטיפול בילדיו אך לדעתי מקרה זה אינו מצדיק או מאפשר להימנע מהשתת עונש קונקרטי על הנאשם.""",test
מהי החבלה המשמעותית שנגרמה למתלונן במקרה זה?,"בעת בחינת נסיבות ביצוע העבירה יש לתת את הדעת לחבלה המשמעותית שנגרמה למתלונן, בדמות שבר בעצמות האף עם סטייה ודימום.",test
כיצד תסקירו של שירות המבחן מעיד על השיקום שעשה הנאשם?,אין ספק כי תסקירו המשלים של שירות המבחן מלמד על דרך ממשית לשיקום אותה עשה ועושה הנאשם.,test
מהי ההשפעה של מצבו הבריאותי של הנאשם על מיקומו במתחם העונש?,"יחד עם זאת, יש בהם כדי להשפיע במידת מה על מיקומו של המשיב בתוך המתחם.",test
כיצד השפיע העדר עבר פלילי של הנאשם על שיקול הדעת בענישה?,"שקלתי את היות הנאשם נעדר עבר פלילי בתחום הרלוונטי עד ביצוע העבירות ואת העובדה שלא הסתבך בביצוע עבירות דומות מאז ביצוען, הגם שחלפו עשר שנים ויותר מאז.",test
כיצד נגרם נזק לקופה הציבורית כתוצאה מביצוע עבירות מס?,"כתוצאה מביצוע עבירות מהסוג הנדון נגרם באופן תדיר נזק רב לקופה הציבורית בפן הכספי, וכן נפגע עיקרון השוויון בנשיאת נטל המס ואמון הציבור.",test
מהו השיקול שצריך להילקח בחשבון בהתחשב בעמדה העונשית המחמירה של המאשימה?,"כחלק משיקולי הצדק אותם יש לשקול, יש לזכור כי חרף העמדה העונשית המחמירה שהציגה המאשימה, וחומרה הרבה שייחסה להוצאת החשבוניות הכוזבות על ידי הנאשמים, תוך טענה בדבר החטאת הרבים, לא מצאה המאשימה לנכון לערוך חקירה פלילית או בכלל כנגד חלק גדול ממקבלי החשבוניות הכוזבות המפורטות בכתב האישום, ככל הנראה לאור הקריטריונים לפתיחת חקירה בפרשה.",test
מהו החשש שנובע מהתנהלות הנאשם כלפי גורמי טיפול לפי הממצאים?,האמור מעלה חשש שהנאשם עדיין נוקט באותה דרך של מניפולציה והסתרה העומדת בבסיס עבירותיו גם כלפי גורמי טיפול.,test
אילו טעמים עשויים להצדיק חריגה ממתחם העונש שנקבע?,בעניינו של הנאשם לא מתקיימים טעמים המצדיקים חריגה ממתחם העונש שנקבע לחומרה או לקולא.,test
מהי המגמה בפסיקה שהשפיעה על קביעת כל עבירה כאירוע במקרה זה?,"בנסיבות המקרה, וגם בראי המגמה בפסיקה (ר' רע\פ 1688/14 מדינת ישראל נ' כץ (09.03.2014)), מצאתי לקבוע כל עבירה כאירוע ולחפוף בין האירועים במידה מסוימת.""",test
מהי ההשפעה של מתן משקל למתן על הפגיעה בערכים המוגנים?,בכך יש כדי למתן את הפגיעה בערכים המוגנים במידת מה.,test
"מהי המדיניות הרגילה בענישה בעבירות אי הגשת דוחות, במיוחד כאשר מדובר בעבירות שיטתיות?","ניתן ללמוד כי באופן רגיל מדיניות הענישה היא מוחשית וכוללת עונשי מאסר משמעותיים לריצוי מאחורי סורג ובריח, בעיקר מקום בו לא הוסרו המחדלים ובהם דובר בעבירות אשר נעברו בשיטתיות ו/או בסכומי מס גבוהים.",test
מהו מתחם הענישה שנקבע במקרה זה בהתאם לנסיבות המפורטות?,"לאור כל המפורט לעיל, בראי הענישה הנוהגת, מצאתי להעמיד את מתחם העונש בין מאסר על תנאי מרתיע ועד חודשי מאסר אותם ניתן לרצות בעבודות שירות בכפוף לחוות דעת הממונה.",test
כיצד יש לייחס את חומרת המעשים בהקשר להוצאת חשבוניות כוזבות לרבים?,"אינני רואה עין בעין עם ב\כ המאשימה לפיה הוצאת חשבוניות כוזבות לרבים מקשה בהכרח על גילוי העבירה לעומת הוצאתן ליחיד, ועל כן יש ליחס למעשים חומרה יתרה.""",test
כיצד השפיעו נסיבות ביצוע העבירה על מידת הפגיעה בערכים המוגנים במקרה זה?,"במקרה הנדון, בשים לב לנסיבות ביצוע העבירה, ולנוכח החבלות אשר נגרמו למתלונן, (מבלי להתעלם מחבלה בכף רגלו של הנאשם 2), כמו גם העובדה שהמדובר בתגרה בה התנהלו הנאשמים מול מתלונן יחיד, מידת הפגיעה בערכים המוגנים איננה ברף הנמוך.",test
מדוע יש לאבחן בין נאשם דומיננטי לנאשם פסיבי בהליך הענישה?,"אף על פי כן, יהיו מקרים שבהם ראוי יהיה לאבחן את הנאשם הדומיננטי יותר למול זה הפסיבי יותר, והכל בכפוף לנסיבות העניין.",test
מהו ההבדל בין המלצת שירות המבחן לשיקולי בית המשפט בגזירת הדין?,"המלצת שירות המבחן כשמה כן היא, ושיקולי בית המשפט בבואו לגזור את הדין רחבים יותר.",test
מדוע קיימת חשיבות להטלת קנס בעבירות בהן הקנס הוא ממין העבירה?,"לעניין מתחם הקנס, המדובר בעבירות בהן הקנס הוא ממין העבירה, ועל כן קיימת חשיבות להטלתו.",test
כיצד יש לבחון את העונשים המוסכמים לנאשמים בהקשר של תיקון 113 לחוק העונשין?,"בראי המפורט לעיל, יבחנו העונשים המוסכמים לנאשמים במבחן האיזון ובשים לב לכללי ושיקולי הענישה שבתיקון 113 לחוק העונשין.",test
מהו הגורם המרכזי שמשפיע על העונשים בעבירות של שימוש במידע פנים?,"העונשים בעבירות של שימוש במידע פנים מושפעים מראשית מהיקף העבירות וקרבת הנאשם לאיש הפנים, וכן ממעמדו וזיקתו לשוק ההון.",test
כיצד נבחנת גישת האיזון בהקשר להסדרי טיעון לפי תיקון 113 לחוק העונשין?,"ערעור ע\פ 921/17 אבו זעילה נ' מדינת ישראל (28.5.2017) ציין שוב כי הוראות תיקון 113 לחוק העונשין אינן עומדות בסתירה לגישת האיזון הראוי וכי הערכאה הדיונית מוסמכת ונדרשת לבחון הסדרי טיעון על רקע מתחם הענישה ההולם.""",test
מהן הנסיבות שיכולות להביא לחריגה מהמתחמים שנקבעו לעונש?,במקרה הנדון לא מתקיימות נסיבות המביאות לחריגה לקולא או לחומרה מהמתחמים שנקבעו.,test
מהו הקושי בקבלת הטענה להעדרה של טובת הנאה כלכלית במעשי הנאשם?,"יש לזכור כי לטענת ההגנה עצמה – מעשי הנאשם (אשר צלחו) בוצעו לשם מחיקת חובות הימורים של הנאשם, כך שקיים קושי בקבלת הטענה להעדרה של כל טובת הנאה כלכלית, ולו עקיפה, מביצוע המרמה.",test
מדוע יש חשיבות בהטלת קנס בעבירות מסוג זה?,"כידוע, בסוג זה של עבירות, הקנס הוא ממין העבירה ומכאן החשיבות שבהטלתו.",test
מהו הערך החברתי שיש לקחת בחשבון בהקשר לנטל המס?,בנוסף יש לתת את הדעת לערך החברתי בדמות שוויון נטל המס.,test
מהן הנסיבות שגרמו לכך שלא יתקיימו חריגות לקולא או לחומרה מהמתחמים שנקבעו?,לא מתקיימות נסיבות לחריגה לקולא או לחומרה מהמתחמים שנקבעו.,test
מהו הקושי שנמצא בטענות הסנגור לגבי נזק זניח לקופה הציבורית?,"מבלי להפחית או לבטל את המשמעות והמשקל שניתנים בדרך כלל לנזק מוכח מביצוע העבירות לקופה הציבורית או להעדרו בעת בחינת נסיבות ביצוע העבירות, בנסיבות בעניינו, קיים קושי לקבל את טענות הסנגור ולתת משקל ממשי לקולא לטענתו בדבר נזק זניח, אם בכלל, ממעשי הנאשם.",test
מהן הנסיבות שהובילו להחלטה על עונש של מאסר בעבודות שירות במקרה זה?,"שקלתי את כלל הנסיבות המפורטות לעיל, וביניהן סוג העבירות בהן הורשע הנאשם, הנזק שנגרם ואי הסרת המחדל אשר באופן רגיל היו יכולות להצדיק ענישה מאחורי סורג ובריח הרי שלאור גילו הצעיר בעת ביצוע העבירות, השיהוי שבהגשת כתב האישום כנגדו, מצבו המשפחתי והכלכלי המורכב, עבודתו מאז ביצוע העבירות כשכיר ולא בעל עסק לצד המלצת שירות המבחן על נימוקיה, מצאתי כי הגם שבמקרה דנן יש מקום להשית ענישה משמעותית וקונקרטית על הנאשם, ניתן להסתפיק בעונש של מאסר לריצוי בעבודות שירות לצד קנס והתחייבות.",test
מה ההבחנה בין טווח ענישה לבין מתחם ענישה לפי פסיקות בית המשפט?,"בית המשפט אף הבהיר את ההבחנה בין טווח ענישה, המשקף את כוח המיקוח של הצדדים, לבין מתחם ענישה המשקף קביעה נורמטיבית של בת המשפט.",test
מהו המצב הכלכלי של הנאשם שנלקח בחשבון בעת גזר הדין?,"לקחתי בחשבון את מצבו הכלכלי הקשה של הנאשם, העובדה שהוגשה בקשה להתראת פשיטת רגל בעניינו (נ/2) ורשימת תיקיו בלשכת ההוצאה לפועל (נ/3).",test
כיצד פציעת אדם בנשק קר משפיעה על הערכים המוגנים ועל העונש המוטל?,"פציעת אדם בנשק קר מסכנת ערכים מוגנים אלה באופן ממשי, ועניין זה בא לידי ביטוי בעונש המקסימלי לצד העבירה המדגיש את חומרתה .",test
מהו העונש שהוטל על הנאשם בגין עבירה שנעשתה באירוע השני?,"בנסיבות אלה, מצאתי למקם את הנאשם קרוב לרף התחתון של המתחם ביחס לאירוע השני כך שייגזר עליו מאסר על תנאי בגין עבירה זו – למשך תקופה בת 6 חודשים.",test
מדוע לא נמצאו שיקולים המאפשרים סטייה מהמתחם בעניינו של הנאשם?,"במקרה דנן, לא קיימים שיקולים אשר מצדיקים סטייה מהמתחם, לחומרה או לקולא.",test
"כיצד משפיעה העבירה שבוצעה כלפי ב\כ המדינה על הערכים המוגנים?""","מעצם העובדה שהעבירה בוצעה כלפי ב\כ המדינה במסגרת תפקידו כתובע משטרתי במהלך ניהול הליך פלילי, הרי שלערכים המוגנים הנ\""ל מצטרף האינטרס המגן ושומר על מערכת אכיפת החוק ועל מתן אפשרות לבעלי תפקידים לבצע מלאכתם ללא הפרעה ופחד.""",test
כיצד נלקח ניהול המשפט בחשבון בהקשר להודאת הנאשם?,"משכך, הגם שמובן שניהול המשפט אינו נזקף לחובת הנאשם, אין הוא בגדר מי שהודה ונטל אחריות בהזדמנות הראשונה.",test
מהו העיקרון שעליו מתבצעת קביעת מתחם העונש ההולם?,קביעת מתחם העונש ההולם נעשית על פי עיקרון ההלימה.,test
מהי המסקנה לגבי מידת הפגיעה בערכים המוגנים במקרה זה?,"בנסיבות המתוארות לעיל, מסקנתי היא כי מידת הפגיעה בערכים המוגנים במקרה זה היא ברף הבינוני.",test
מהו ההסבר לכך שאפקטיביות ההרתעה נפגעת כאשר מדובר בעונש מאסר לאחר חלוף זמן רב?,"כפי שצוין לא אחת בקשר לחלוף הזמן ולשיהוי, יש לתת את הדעת גם לכך שאפקטיביות ההרתעה שבענישה בדמות מאסר מאחורי סורג ובריח לאחר שנים כה רבות נפגעת, ומוגבלת גם ביחס להרתעת הרבים.",test
כיצד נקבע מתחם עונש המאסר בעניינם של הנאשמים 1 ו-2?,"מתחם עונש המאסר בעניינם של הנאשמים 1 ו-2 נקבע במסגרת כל העבירות כאירוע אחד, בהתחשב בנסיבות ובקושי במקרה.",test
כיצד עבירות המס המיוחסות לנאשם משפיעות על שיטת הגביה והאמון בנישומים?,"בנוסף, עבירות המס המיוחסות לנאשם פוגעות בשיטת הגביה וביכולת פיקוח הרשות וכן באמון הניתן בנישומים בהתאם לשיטת המס במחוזותינו.",test
מהי החשיבות של הסרת מחדלים בעבירות מסוג זה בהקשר לענישה?,"כידוע, להסרת המחדלים בסוג זה של עבירות משמעות רבה לעניין הענישה.",test
מהו העונש שהוטל על הנאשם בהתחשב במניע הכלכלי ובחומרת העבירות שביצע?,מדובר בעונש שאינו פשוט במצבו של הנאשם וכולל את הקנס המשמעותי המוסכם אשר הולם את חומרת העבירות המבוצעות ממניע כלכלי.,test
באילו מקרים חרג בית המשפט ממתחם הענישה בשל מצב בריאותי של הנאשם?,"מבחינת הפסיקה עולה כי קיימים גם מקרים בהם בשל נסיבות מיוחדות של הנאשם הנוגעות למצבו הבריאותי ו/או למצב הבריאותי של בני משפחתו, חרג בית המשפט ממתחם הענישה משיקולי צדק גם בעניינם של מבצעי עבירות חמורות, שבתחתית מתחם הענישה בעניינם נקבעה תקופת מאסר ממושכת (ת\פ (מחוזי ת\""א) 23061-07-15 מדינת ישראל נ' עזרן (13.10.2016)).""",test
מהן העונשים שנגזרו על הנאשם לאחר שקילת כלל הנסיבות?,"לאחר שקילת כלל המפורט לעיל, ותוך מתן משקל מתאים לקולא לנסיבות  הקונקרטיות בעניינו של הנאשם ובכלל זאת גם למצבו הכלכלי, מבלי להתעלם מחשיבות ההרתעה ובכללה הרתעת הרבים, ובשים לב לכך שלדעת שירות המבחן ההליך היווה גורם מרתיע עבור הנאשם, אני גוזרת על הנאשם את העונשים הבאים:",test
מהו השיקול שיש לקחת בחשבון בעת קביעת גובה הקנס לנאשם במצב כלכלי קשה?,"בעת קביעת מתחם הקנס יש לקחת בחשבון גם את מצבו הכלכלי של הנאשם, וכאשר מצבו קשה יש להטיל קנס ברף הנמוך של המתחם.",test
מהי השפעת דוקטרינת ההגנה מן הצדק על קביעת מתחם העונש?,"אמנם, על פי הפסיקה, החלת דוקטרינת ההגנה מן הצדק עשויה להשפיע במקרים מתאימים על קביעת מתחם העונש עצמו (ע\פ 7621/14 גוטסדינר נ' מדינת ישראל (1.3.2017)) – אך גם בהינתן האמור, לאור לשון תיקון 113 לחוק העונשין, ברי כי אפשרות זו שמורה למקרים חריגים ומיוחדים.""",test
מה מלמד המפורט לעיל על מידת הפגיעה בערכים המוגנים?,ככלל המפורט לעיל מלמד על מידת פגיעה בינונית בערכים המוגנים ממעשי הנאשם.,test
אילו נסיבות אישיות של הנאשם נלקחו בחשבון בעת גזירת הדין?,"בעת גזירת הדין שקלתי את נסיבותיו האישיות של הנאשם, ובכלל זאת את המסמכים הרפואיים בעניינה של רעייתו מ- 2019-2020 (ענ/2) בה הוא מטפל לדבריו, ואת המסמך הרפואי בעניינו (ענ/1).",test
מהו היתרון של המשך השיקום לנאשם ולאינטרס הציבורי?,הרווח מהמשך השיקום לנאשם ולאינטרס הציבורי עולה על הנזק (ככל שכזה קיים) מהפגיעה בשיקולי ההלימה בעשרות מונים.,test
מהו הכלל לגבי התערבות בית המשפט בהסדרי טיעון?,"הכלל הוא כי בית המשפט יטה לכבד הסדר טיעון ויתערב בו רק מטעמים המצדיקים זאת לאחר בחינתו במבחן האיזון אשר נקבע בע\פ 1958/98 פלוני נ' מדינת ישראל (25.12.2002) ובשים לב לכך שהשיקולים הנשקלים בעת עריכת הסדר טיעון אינם זהים בהכרח לאלה הנשקלים במסגרת תיקון 113 לחוק העונשין.""",test
מהי הסיבה להחמרת הענישה בעבירות של שימוש במידע פנים?,"נדרשת זהירות בהענשת העבירות של שימוש במידע פנים, והחריפות בענישה נובעת מצורך להרתיע ולהגן על אמון הציבור בשוק ההון.",test
מהי השפעת העובדה שהחשבוניות הכוזבות היו בגדר חשבוניות זרות על הנסיבות?,"יש בעובדה שהחשבוניות הכוזבות אותן קיבלו הנאשמים הן בגדר חשבוניות זרות כדי למתן במידה ניכרת את הנסיבות, בפרט כאשר על ענף היהלומים לא חל מע\מ והחשבוניות הכוזבות לא שימשו גם לניכוי מס תשומות.""",test
מדוע ענישה במסגרת הסדרי טיעון אינה יכולה לשמש אינדיקציה לענישה נוהגת?,"ענישה במסגרת הסדרי טיעון כשלעצמה אינה יכולה להוות אינדיקציה לענישה נוהגת, בפרט מקום בו אף נקבע כי הגם שהעונש הוא ברף הנמוך של הענישה יש לאמצו משיקולי אינטרס ציבורי הנוגעים לאימוץ הסדרי טיעון וחמלה.",test
מהו השיקול שצריך להתחשב בו בעת קביעת הענישה בעבירות בתחום היהלומים?,"כפי שקבעתי בגזרי הדין שלעיל, ההסדרים מיוחדים בענף היהלומים צריכים לבוא בחשבון בין יתר השיקולים, וההקלות אשר ניתנו לענף היהלומים צריכות להוות לאו דווקא נסיבה לחומרה ויש משמעות רבה לרקע ולענף בו בוצעו העבירות בעת בחינת נסיבות ביצוען, ומידת החומרה שיש ליחס להן.",test
כיצד משפיעה הרשעתו הקודמת של הנאשם על הענישה בעניינו?,"בנסיבות אלה, המשמעות של הרשעתו הקודמת של הנאשם מצומצמת, הגם שאין להתעלם מכך שהמדובר בהרשעה רלבנטית, ומכך שנראה שעונש המאסר על תנאי שהוטל עליו אז לא הרתיעו מספיק, כך שעל הענישה בעניינו להיות קונקרטית וממשית.",test
אילו נסיבות אישיות השפיעו על גזר הדין של הנאשם?,"נתתי דעתי גם לנסיבותיו האישיות והמשפחתיות המורכבות של הנאשם, כמו גם לגילו ולמצבו הרפואי (נ/2) ועל רקע זה אף לקושי הברור והממשי עבורו ועבור בני משפחתו, ככל שייגזר עליו עונש מאסר.",test
מדוע יש חשיבות לעובדה שהנאשם לא הורשע בעבר בביצוע עבירה?,"אין ספק כי עונש של מאסר יכביד על הנאשם בגילו, ובשים לב לכך שמעולם לא הורשע בביצוע עבירה וכמובן אף לא ריצה עונש של מאסר.",test
כיצד מובן מתחם הענישה כעניין ערכי ולא כעניין אריתמטי פשוט?,"כידוע, מתחם הענישה אינו עניין אריתמטי פשוט אלא מגלם הכרעה ערכית המבוססת על שיקולים שונים שמדיניות הענישה היא רק אחד מהם, כשעצם העובדה שלעולם יוכל כל צד למצוא פסקי דין התומכים בעמדתו, מלמדת כי אין המדובר במדד מדויק (ע\פ 3877/13 ג'אבלי נגד  מדינת ישראל (17.11.2016), עפ\""ג (ת\""א) 12063-04-15 בראונר נ' מדינת ישראל (20.07.2015)).""",test
מהי משמעות דברי המתלוננת לשירות המבחן לגבי השתלבות הנאשם בביתו?,"דבריה של המתלוננת לשירות המבחן באשר להשתלבותו של הנאשם חזרה בביתו מהווים גם הם, לצד חוות הדעת של גורמי הטיפול, אינדיקציה להתקדמות הנאשם בדרכו השיקומית.",test
מדוע יש חשיבות בהבהרת שאין תועלת כלכלית מביצוע העבירות?,זאת גם כדי ללמד שאין אף תועלת כלכלית מביצוע העבירות.,test
מהי החשיבות של התקופה בה היה הנאשם במעצר על קביעת העונש?,"לבסוף, בעת קבלת ההחלטה, נתתי משקל גם לתקופה בה היה הנאשם נתון במעצר (בין ה- 14.10.2018 ועד 19.10.2018), ולתקופה הארוכה בה היה נתון תחת תנאים מגבילים, תחילה במעצר בית (בין ה- 19.10.2018 ועד 16.1.2019) ולאחריה במעצר אדם (בין ה- 16.1.2019 ועד 16.7.2019) ולקושי הכרוך בכך.",test
מהו הרף התחתון והעליון של מתחם העונש לעבירה של אי הגשת דוח במועד?,"בראיה כוללת, ואף בראי פסיקת בית המשפט העליון, ניתן לקבוע כי במרבית המקרים, ביחס לעבירה של אי הגשת דוח במועד, הרף התחתון של מתחם העונש ההולם לאירוע שהוא עבירה, הוא מאסר מותנה והעליון כולל עונשי מאסר לריצוי בפועל מאחורי סורג ובריח.",test
"מהו הנזק הכספי לקופת המדינה שנגרם מהמעשים, למרות שלא פורט בכתב האישום?","אין להתעלם מכך שהגם שהנזק לקופת המדינה מהמעשים לא פורט מפורשות בכתב האישום, אין ספק שהמדובר בכספי מסים בסכומים ממשיים שנגרעו מהקופה הציבורית, בשים לב לשיעורי המסים הגבוהים והיקף הנמכת המחיר הידועה, ולו ביחס לרכבים בנספח א' בלבד.",test
כיצד יש לבחון שיקולים של נאשמים בגירים צעירים?,"יש לבחון שיקולים אלה בכל מקרה של נאשם \בגיר צעיר\"" לגופו של המקרה.""",test
מדוע יש חשיבות לענישה כספית משמעותית בעבירות אלו?,בסוג זה של עבירות קיימת חשיבות לענישה כספית משמעותית אשר תלמד כי אין אף תועלת כלכלית לצד העבירות כשעונש של קנס הוא ממין העבירה.,test
כיצד משפיע היקפן הכספי של העבירות על מידת החומרה של מעשי הנאשם?,היקפן הכספי האדיר של העבירות מלמד על מידת החומרה במעשי הנאשם ועל הנזק הפוטנציאלי משמעותי לקופת המדינה.,test
מהו התנאי להוכחת פוטנציאל שיקומי כדי לסטות ממתחם הענישה?,"יחד עם זאת, ברי כי על השיקום ו/או הפוטנציאל השיקומי להיות ברור, גבוה, ומוכח היטב בראיות על מנת שכך יקבע ואלה אינם פני הדברים בעניינו.",test
מהי המשמעות של הסרת המחדל לגבי נטילת אחריות מצד הנאשם?,"יש בהסרת המחדל כדי ללמד על נטילת אחריות וחרטה כנה מצד הנאשם, וזו תיזקף לזכותו.",test
מהי החשיבות של הרתעה בעת גזירת הדין בעבירות מס?,"בשל כך, לאור חשיבות ההרתעה ובכללה הרתעת הרבים, נקבע לא אחת כי בעת גזירת הדין יש ליתן לאינטרס הציבורי בכורה על פני נסיבות אישיות, וכי דרך המלך היא גזירת עונש של מאסר בפועל בגין ביצוען (ע\פ 9004/18  יצחקי נ' מדינת ישראל (31.12.2018) (להלן: \""עניין יצחקי\"")).""",test
"מהו מתחם העונש ההולם שנקבע בעפ\ג 12063-04-15?""","בעפ\ג 12063-04-15 בראונר נ' מדינת ישראל: לאחר ששקלתי את כלל השיקולים כמפורט לעיל סבורני כי מתחם העונש ההולם בגין העבירה בה הורשע הנאשם נע בין עונש מאסר קצר, שיכול וירוצה בעבודות שירות, לבין מאסר בפועל בן 10חודשים.""",test
מי נושא בנטל להוכיח את הצורך בשיקום הנאשם על פני שיקולים אחרים?,הנטל הוא על ההגנה לשכנע כי בנסיבות המקרה יש להעדיף את שיקום הנאשם על פני שיקולים אחרים.,test
מהי דרגת החומרה של התוכן המאיים שנאמר על ידי הנאשם?,"אשר לדרגת החומרה של התוכן המאיים, הרי האמירות בדרגת חומרה בינונית, זאת משמדובר באמירות אשר נאמרו מבלי שנלוותה אליהן התנהגות אלימה מצד הנאשם.",test
כיצד משפיעה העובדה שהעבירות בוצעו על פני חודש אחד בלבד על הענישה?,"באופן ממתן במידת מה יש לתת את הדעת לכך שהעבירות בוצעו על פני חודש אחד בלבד, וכלל החשבוניות נושאות את אותו התאריך ולטענת הסנגור שלא נסתרה התקבלו במועד אחד, כך שאין המדובר בביצוע שיטתי של העבירות.",test
"כיצד משפיע ביצוע העבירות על האמון של המל\ל במבוטחיו?""","פוגע ביצוע העבירות במתן האמון של המל\ל במבוטחיו ובעקבות כך, פוגע בכלל המבוטחים הזכאיים לקבלת קצבה אשר עשויים להיתקל בחשדנות מצד המל\""ל לאור מעשים כדוגמת מעשי הנאשם.""",test
מהו השפעת חלוף הזמן והמצב הנוכחי של הנאשם והמתלוננת על הענישה?,"עוד יש לתת את הדעת לחלוף הזמן (4 שנים) מאז ביצוע העבירה, ולכך שכיום הנאשם והמתלוננת גרושים, אינם מתגוררים יחדיו ואינם בקשר.",test
"כיצד משפיע אי הגשת דו\ח במועד על גילוי העבירה על ידי רשות המיסים?""","מבלי להקל ראש כלל בעבירת אי דיווח העומדת בפני עצמה ור' בהקשר זה רע\פ 3857/13 יצחקיאן נ' מדינת ישראל (30.7.2013), הרי שבמקרים רגילים בהם לא הוגש דו\""ח במועד, רשות המיסים יודעת על קיומו של העסק וכך מקום בו הדו\""חות אינם מוגשים מתגלה העבירה בקלות יחסית, מה שלא התרחש בענייננו ומוסיף לדרגת החומרה של המפורט בכתב האישום.""",test
מדוע לא נמצא מקום להימנע מהשתת עונש מאסר על הנאשם במקרה זה?,"ואוסיף, גם אם אתעלם, לצורך הדיון העיוני בלבד מחובת הבניית הענישה כמצוות תיקון 113 לחוק העונשין  אינני סבורה כי בנסיבותיו של המקרה שלפני יש מקום להימנע מהשתת עונש של מאסר על הנאשם על מנת לאפשר הארכת התנאי לאחר איזון בין אורך המאסרים המותנים ויתר הנסיבות.",test
כיצד השפיע עברו הפלילי של הנאשם על ההליך המשפטי בעניינו?,"אין ספק כי ביחס לגילו של הנאשם, המדובר בעבר פלילי שאינו זניח, ואף רלבנטי לעניינו (ביחס לעבירות החזקת הסם שלא לצריכה עצמית) ועליו להישקל לחובתו.",test
"כיצד משפיעה העברת דיווח במועד על מידת הפגיעה בערכים המוגנים בעבירות לפי חוק מע\מ?""","מביצוע עבירה לפי סעיף 118 לחוק מע\מ מידת הפגיעה בערכים המוגנים פחותה, משהעוסק מעביר דיווח במועד כנדרש, כך שלפחות פיקוח הרשות אינו נפגע מביצועה, גם אם נפגעת הקופה הציבורית ואף נפגע השוויון בנשיאת נטל המס.""",test
"מהו הקושי באיתור עבירות מסוג זה בבורסה ליהלומים, כפי שעולה מהמאשימה?","יש טעם בטענת המאשימה לפיה ריבוי התיקים בפרשה מהם עלה השימוש בחשבוניות זרות כהוצאה (כלומר כאלה המשקפות רכישת יהלומים על ידי יהלומן, אך לא מהגורם ממנו רכש אותם) מלמד לכאורה על נוהג של מכירות ללא תיעוד חשבונאי בבורסה ליהלומים בתקופה הרלבנטית, כשהעובדה שרק במיעוט מקרים הוגשו כתבי אישום והורשעו נאשמים בעבירות אלה, מלמדת ומדגימה בפועל את הקושי הרב שבאיתור עבירה מסוג זה.",test
מהו תפקיד האיסור בהגנה על טוהר ההליך ובקיום מערכת תקינה של עשיית משפט צדק?,"האיסור נועד להגן על טוהר ההליך ולהבטיח קיום מערכת תקינה של עשיית משפט צדק, הראויה לאמון הציבור.",test
מה נקבע לגבי קשיים כלכליים כצידוק לביצוע העבירה?,אדגיש כי נקבע לא אחת שקשיים מסוג זה לא מהווים צידוק לביצוע העבירה.,test
מהו הדרישה בשלב גזירת הדין בנוגע לקיומה של מחלת נפש?,"בעת בחינת האמור יש לתת את הדעת לכך שבשלב גזירת הדין אין צורך בקביעת ממצא חד משמעי בדבר קיומה של מחלת נפש, כנדרש לשם תחולת סייג אי שפיות הדעת, ו dialogue או הבריה בקביעה בדבר קיומה של הפרעה נפשית משמעותית (ראו: עניין פלוני, פסקה 5; ע\פ 4312/11 פלוני נ' מדינת ישראל (10.6.2013)).""",test
מהו השיקול שהשפיע על הערכת המורכבות של העבירות שביצע הנאשם?,"סכום המס 340,000 ₪ לדבריי ב\כ המאשימה. נתתי דעתי לטענת ב\""כ הנאשם במסגרת בחינת נסיבות ביצוע העבירות, לפיה אין המדובר בביצוען של עבירות מתוחכמות ביותר משפעל הנאשם להוצאת חשבוניות מס ללקוחותיו, כאשר אלה ניכו החשבוניות בדיווחיהם לרשויות המס, מה שמקל גילוין של העבירות.""",test
אילו טענות יש לשקול בעת מיקום הנאשם בגדרי מתחם הענישה?,"בעת מיקום הנאשם בגדרי מתחם הענישה יש אף לשקול את טענותיו למחדלי חקירה, העובדה שלא נערך עימות בינו לבין מוציאי החשבוניות הכוזבות הגם שביקש להתעמת עמם, כשבעניינם של חשודים אחרים נערך עימות, וכי לא נבדקו טענות שהעלה בחקירה באשר לשירותים שניתנו בגין החשבוניות, הגם שניתן היה לערוך את הבדיקה בקלות.",test
מהו השיקול המרכזי שעמד בבסיס גזירת העונש בעבירות מס מהסוג הנדון?,"בנוסף כי בעבירות מהסוג הנדון, שיקולי אינטרס הציבורי ושיקולי ההרתעה, ובכללם הרתעת הרבים, מקבלים בכורה על פני נסיבות אישיות, ועל פי הפסיקה הענפה מפי בית המשפט העליון, בדרך כלל, עונשם של מבצעי עבירות המס מהסוג הנדון ייגזר למאסר מאחורי סורג ובריח.",test
כיצד משפיעות עבירות טכניות על קופת המדינה למרות שמן הסוג החמור פחות?,"הגם שעבירות מסוג הנדון  נקראות \עבירות טכניות\"" והן מהעבירות החמורות פחות על פי פקודת מס הכנסה וחוק מע\""מ, פעמים רבות הנזק אשר נגרם מביצוען, אינו טכני כלל ועיקר, וביצוען מביא לחסר של ממש בקופת המדינה.""",test
מהו החשש שהעלתה ההגנה בנוגע לריצוי עונש מאסר על ידי הנאשם?,"יש טעם רב בחשש ההגנה לפיו ריצוי עונש מאסר על ידי הנאשם, ולו בעבודות שירות, יביא לקריסה טוטאלית של משפחת הנאשם הכוללת כאמור 4 קטינים, שהקטן שבהם בן חודשיים.",test
אילו נסיבות נלקחו בחשבון בעת גזירת העונש על הנאשמים?,"לאחר שקילת כלל הנסיבות אשר פורטו לעיל, בשים לב לכך שברקע ביצוע העבירות קריסת הנאשמת הנובעת גם מעבודות הרכבת הקלה, בשים לב למאמציו של הנאשם להסיר מחדלים והסרתם החלקית של המחדלים שבכתב האישום המקורי על ידו, ובראי הענישה הנוהגת, מצאתי לגזור על הנאשמים את העונשים הבאים:",test
כיצד משפיעה מצבו המשפחתי של הנאשם על שיקול הדעת בענישה במקרה זה?,"נגד זאת יש לשקול את העובדה שהנאשם מפרנס יחיד כאמור, אב לארבעה ומצפה ללידת בנו החמישי.",test
מהי השפעת יכולתו הכלכלית של הנאשם על קביעת המתחם?,בעת קביעת המתחם יש להידרש גם לשאלת יכולתו הכלכלית של הנאשם.,test
מדוע העונש לצד עבירת הסיוע זהה לעונש המתחמק ממס?,"עוד כידוע, כשבעבירות על פי חוק מע\מ עסקינן, העונש לצד עבירת הסיוע לאחר זהה לעונשו של מי שמתחמק ממס הלכה למעשה, מה שמדגיש את החומרה שמייחס המחוקק לעבירה.""",test
מדוע התייחסות סלחנית לאי קיום הוראות החוק עלולה להשפיע על המוטיבציה של ציבור משלמי המסים?,התייחסות סלחנית לאי קיום הוראות החוק עלולה להביא אף להיעדר המוטיבציה של ציבור משלמי המסים לדווח ולשלם מסיהם כנדרש.,test
כיצד משפיעה הודאת הנאשם על שיקולי הענישה?,הנאשם הודה ונטל אחריות על מעשיו וחסך זמן שיפוטי ובכך יש נסיבה לקולא.,test
מדוע ישנה פגיעה בערך השוויון בעקבות ביצוע העבירות?,"לצד הפגיעה בקופה הציבורית מביצוע העבירות נפגע גם ערך השוויון, פיקוח הרשות והאמון.",test
מהו המידע שניתן ללמוד על הנאשם מהעבר הפלילי שלו והעבירות שביצע?,"מבחינת הרלבנטיות לעניינו – הרי שניתן ללמוד כי הנאשם אשר הורשע בעבר בביצוע עבירות על פי פקודת מס הכנסה, ודינו נגזר לעבודות שירות, מאסר תנאי וקנס כספי בשנת 2010, לא הורתע, שב וביצע עבירות מס, תוך גרימת נזק של ממש לקופה הציבורית.",test
כיצד משפיע האינטרס הציבורי על הענישה בעבירות הנדונות?,האינטרס הציבורי מקבל בכורה על פני נסיבות אישיות בעבירות מסוג זה ומחייב ענישה מרתיעה.,test
מהי הפגיעה בעיקרון ההלימה במקרה של הסכמה לסטות ממתחם הענישה?,הפגיעה בעיקרון ההלימה היא אינהרנטית במקרים בהם מתקבלת הסכמה בין הצדדים לסטות ממתחם הענישה ההולם לנסיבות מיוחדות של הנאשם.,test
מהי המסקנה שהושגה בעקבות האיזון בין כלל שיקולי הענישה במקרה זה?,האיזון בין כלל שיקולי הענישה אכן מביא למסקנה כי בעניינו של הנאשם יש מקום לענישה קונקרטית וממשית לצד ענישה מרתיעה צופה פני עתיד.,test
כיצד ניהול הנאשם בפועל של הנאשמות משפיע על אחריותו לנזק שנגרם?,"ויש להבהיר, משעל פי הודיית הנאשם ניהל הנאשם בפועל את הנאשמות 1 ו-2, גם אם יחד עם אחרים, העובדה שביצע את העבירות החמורות פחות על פי כתב האישום מבין הנאשמים, איננה פוטרת אותו מאחריות לנזק שנגרם מביצוען, אף לא בפן הכספי.",test
כיצד השפיעה הודיית הנאשם על ההחלטה בעניינו והאם הייתה לו יציבות תעסוקתית?,"זאת לאחר שנתתי דעתי להודיית הנאשם והדרך השיקומית המסוימת אותה עשה, תוך שהוא שומר על יציבות תעסוקתית מזה כשנה ואף לא הורשע בפלילים מאז שנת 2010 ועד להרשעה בביצוע העבירות  בתיק דנן.",test
מדוע נחשבת השימוש בכוח למנוע מעצר לעבירה מסוכנת לשוטרים?,"באשר לשימוש בכוח למנוע מעצר - נוסף להכשלת עבודתם של השוטרים בעת מעצר, עבירה זו נושאת בחובה גם סכנה לחיי השוטרים, שלומם ובריאותם בבואם לבצע תפקידם.",test
מהי הסיבה לכך שאין טעם להאריך את התנאי במקרה זה?,"אינני מוצאת כי קיים טעם המצדיק זאת, מה גם שממילא יושת על הנאשם כאמור עונש מאסר בגין תיק זה כך שהתנאים לעניין הארכת התנאי אינם מתקיימים.",test
מדוע יש להכיר בערכים המוגנים שנפגעים בעבירות גידול והחזקת קנאביס?,"אין להתעלם מכך שמביצוע העבירות של גידול והחזקת קנאביס שלא לצריכה עצמית נפגעים ערכים מוגנים הנוגעים לבריאותו, לשלומו ולביטחונו של הציבור.",test
מהו ההיבט הערכי שמוביל לקביעת מתחם הענישה ולא רק חישוב מתמטי?,"כידוע, מתחם הענישה אינו עניין אריתמטי פשוט אלא מגלם הכרעה ערכית המבוססת על שיקולים שונים שמדיניות הענישה היא רק אחד מהם, כשעצם העובדה שלעולם יוכל כל צד למצוא פסקי דין התומכים בעמדתו מלמדת כי אין המדובר במדד מדויק (ע\פ 3877/13  ג'אבלי נ' מדינת ישראל (17.11.2016), עפ\""ג (ת\""א) 12063-04-15 בראונר נ' מדינת ישראל (20.07.2015)).""",test
מהי ההשפעה של מידת הרחמים וחוש הצדק על מיקום הנאשם במתחם הענישה?,"בנסיבות אלה, מידת הרחמים וחוש הצדק מובילים למיקומו של הנאשם ברף התחתון של מתחם הענישה אשר נקבע ביחס לעונש המאסר גם אם לא הסיר את מלוא מחדלי כתב האישום.",test
מהו השיקול המהותי לקביעת כלל העבירות כאירוע עונשי אחד במקרה זה?,"במקרה זה, בשל ביצוען החופף כמעט לגמרי של העבירות, גם אם במסגרת חברות שונות, ביצוען העוקב, והרקע המשותף לביצוען, יקבעו כלל העבירות כאירוע עונשי אחד חרף עמדת המאשימה, בהתאם למבחנים שהותוו ע\פ 4910/13 ג'אבר נ' מדינת ישראל (29.10.2014).""",test
אילו נסיבות אישיות של הנאשם 4 מצדיקות התחשבות נוספת בשיקולי הענישה?,"נסיבותיו האישיות של הנאשם 4, הכוללות את גילו, תרומתו הרבה לחברה ולקהילה, ומצבו הרפואי המורכב, מצדיקות התחשבות נוספת במסגרת שיקולי הענישה.",test
כיצד משפיעה השיטתיות של העבירות על חומרתן במקרים דומים?,"יש לזכור כי באותם מקרים המדובר בעבירות שבוצעו בשיטתיות ועל פני תקופה ארוכה בניגוד למקרה דנן, ויש בכך מימד נוסף של חומרה.",test
אילו מאפיינים של הנאשם משפיעים על ההבנה והעונש המוטל עליו?,"מאפייני הנאשם הם כאלה המשתלבים עם גילו הצעיר (גם כיום ובפרט בעת ביצוע העבירות), וכן עם העובדה שהעבירות בוצעו על ידו בצוותא עם אחר, שלא הועמד לדין, ולטענת הסנגור מבוגר מהנאשם.",test
איזה שיקול נוסף נלקח בחשבון בעת קביעת מיקום הנאשם במתחם הענישה?,"בעת קביעת מיקומו של הנאשם בתוך המתחם אף נתתי משקל מסוים לטענותיו של הנאשם בדבר התנהלות גורמי החקירה בעניינו, כמפורט בטענותיו ובהכרעת הדין.",test
מדוע יש לקחת בחשבון את הזמן שחלף מאז ביצוע העבירות בעת קביעת העונש לנאשם?,בעת קביעת העונש לנאשם לא ניתן להתעלם מהזמן שחלף מאז ביצוע העבירות ועד להגשת כתב האישום.,test
מהו השיקול שצריך להתחשב בו כאשר העבירה בוצעה נגד אדם מבוגר במהלך עבודתו?,"במסגרת שקילת הנסיבות, יש ליתן את הדעת לעובדה שהעבירה בוצעה כנגד אדם מבוגר כבן 65 שנה במהלך ביצוע עבודתו, הגם שגילו של הנאשם מבוגר מגילו של המתלונן והוא בן 78 שנה.",test
"מהו הנזק שגורמות עבירות מס לכלכלת המדינה, כפי שנצפה בפסיקה?","בתי המשפט עמדו לא פעם על הנזק הרב שמסבות עבירות מעין אלה לכלכלת המדינה וציינו את החומרה הגלומה בהן נוכח שכיחותן, הקלות שבביצוען והקושי שבגילויין .",test
"מהי החשיבות של הענישה הכספית בעבירות אי הגשת דוח למע\מ?""","לעניין מתחם הקנס, כידוע, בעבירות אלה קיימת חשיבות לענישה כספית המדגימה את הפסול שבמעשים, ומלמדת שאין אף תועלת כלכלית לצד ביצוען.",test
מהו תפקיד הסיווג לאירועים בהליך גזירת הדין לפי בית המשפט העליון?,"כפי שציין בית המשפט העליון רק לאחרונה, הסיווג לאירועים הוא פונקציונלי ומטרתו לשמש ככלי עזר לבית המשפט הגוזר את הדין, ומימלא במסגרת מתחם שנקבע יש משמעות למספר המעשים גם אם סווגו כאירוע עברייני אחד.",test
כיצד השפיעה חרטתו של הנאשם על עמדת בית המשפט בעניינו?,היה בדברי הנאשם כדי ללמד על חרטה כנה ונטילת אחריות על ידו וניכר היה הקושי אותו חווה במהלך שנות המשפט ובמעמד הטיעון לעונש.,test
מה משפיע על הענישה הנוהגת מעבר לסוג העבירה?,"הענישה הנוהגת מושפעת לא רק מסוג העבירה, אלא גם מנסיבות ביצועה ונסיבותיו הקונקרטיות של הנאשם.",test
מהו העונש הנוהג בעסקאות סחר קטנות לשוטר באקראי?,"במקרים דומים לענייננו, בהם מדובר בעסקת סחר אחת לשוטר באקראי בכמות קטנה יחסית ותמורת סכום נמוך, תחתית מתחם הענישה נקבעת באופן תדיר על עונש מאסר בן 5 חודשי מאסר אותו ניתן לרצות בעבודות שירות במקרים מתאימים, ותקרתו על מאסר ממשי.",test
מהן הנסיבות המיוחדות שהובילו להקלת העונש במקרה זה?,"השיהוי המשמעותי שבהגשת כתב האישום ועינוי הדין שנגרם לנאשם בעטיו, השינוי שעשה הנאשם בחייו מאז ביצוע העבירות ומצבו המשפחתי, העובדה שבבסיס הסדר הטיעון גם קושי ראייתי (כפי שהצהירה ב\כ המאשימה בפרוטוקול מיום 23.11.2020), מאמצי הנאשם ופעולתו לתיקון חלק לא מבוטל מהנזק שגרם לקופה הציבורית, וכן הודייתו ונטילת האחריות על ידו – מביאים אותי למסקנה כי מקרה זה הוא מקרה מיוחד בו, על יסוד ההסדר הדיוני בין הצדדים, ניתן להסתפק בעונש של 9 חודשי מאסר שירוצו בעבודות שירות, לצד קנס, התחייבות ומאסר על תנאי מרתיע.""",test
כיצד השפיעה העובדה שהנאשם ביצע את העבירות במהלך הליך טיפולי על קביעת עונשו?,"בעת קביעת עונשו של הנאשם שקלתי את המפורט לעיל ולצד זאת את העובדה שהנאשם ביצע את העבירות בתיק שלפני בעת שהמתין לגזר דין, במהלכו של אותו הליך טיפולי, כשהטיעון לעונש נדחה לשם שליחתו לקבלת תסקיר נוסף מבין תסקירים רבים שהתקבלו בעניינו.",test
מהו תפקיד הנסיבות האישיות של הנאשם בהקשר לשיקולי ההרתעה?,יחד עם זאת יש לזכור כי שיקולי ההרתעה אינם מאיינים את הנסיבות האישיות.,test
מהו המבחן להקשר ההדוק בקביעת מתחם ענישה נפרד לעבירות ההדחה בחקירה?,"בהתחשב במבחן הקשר ההדוק, לא מצאתי להימנע מקביעת מתחם ענישה נפרד בקשר לעבירות ההדחה בחקירה, זאת גם לאור הערכים החברתיים החשובים המוגנים באמצעות העבירה, וחשיבות הענישה הנפרדת והקונקרטית בגין ביצוע עבירות אלה אף מכוח עיקרון ההלימה.",test
