question,answer,split
מהו החריג לחלוקה הדיכוטומית שנמצא בסעיף 40ח לחוק העונשין?,"חריג לחלוקה דיכוטומית זו ניתן למצוא בסעיף 40ח לחוק העונשין (תיקון 113), שם נקבע כי במתחם עונש מסוג קנס, יתחשב בית המשפט בקביעת גדרי המתחם, נוסף על השיקולים הקשורים בעבירה, במצבו הכלכלי של הנאשם.",train
מה יש לקחת בחשבון בעת קביעת מתחם הקנס בעבירות מס?,"אשר למתחם הקנס, יש להתחשב בחומרת העבירה, סכום המס, אך גם ביכולתו הכלכלית של הנאשם, כפי שיפורט בהמשך.",train
מהו מתחם העונש המומלץ בעבירת הפרת הוראה חוקית והפרעה לשוטר במילוי תפקידו?,"אשר לאישום בעניין הפרת ההוראה החוקית והפרעה לשוטר במילוי תפקידו, לשיטתי מדובר במתחם שמתחיל במאסר מותנה ועד ל-12 חודשי מאסר, וזאת בפרט ובשים לב לאיומים שהופנו למתלונן בנוכחות השוטר.",train
כיצד השפיעה מיהות הקורבנות על קביעת מתחם העונש בעניינו של הנאשם?,"תוך שהדגיש את מיהות הקורבנות (חסויים שבית המשפט מינה את הנאשם לשמש אפוטרופוס עליהם), נקבע מתחם שבין 3-5 ונגזר דינה ל- 3.5 שנות מאסר).",train
כיצד יש ליתן משקל לאלמנט השיהוי במתחם העונש?,"נכון ליתן לאלמנט השיהוי משקל משמעותי מאוד, אך זאת בתוך מתחם העונש ולא כצידוק לסטייה ממנו.",train
"מהו תפקיד אלמנט המרמה בעבירות לפי סעיף 117(ב) לחוק מע\מ?""","סעיף סל זה, מלמד על מרכזיות אלמנט המרמה בעבירות לפי סעיף 117(ב) לחוק מע״מ ותומך בגישתי לפיה יש לקרוא לתוך תתי הסעיף אלמנט זה כאלמנט משותף לכלל תתי הסעיף.",train
מהי המסקנה לגבי העונש המינימלי שיש לגזור על הנאשם לאור החומרה היחסית של האישומים?,"החומרה היחסית של האישום בתיק הראשון לצד החומרה מעצם ריבוי המקרים באישום השני, מובילים למסקנה שיש לגזור על הנאשם עונש מאסר שאינו יכול לפחות משנת מאסר.",train
מה המליץ שירות המבחן בנוגע למאסר בפועל?,"שירות המבחן סיכם את תסקירו בהמלצה להימנע ממאסר בפועל ממש, לנוכח התרשמות השירות מאופיו, לאור גילו ומצבו האישי, וכן חלוף הזמן ללא ביצוע עבירות.",train
מהו העיקרון שעליו יש להתבסס לקביעת העונש ההולם לעבירה לפי תיקון 113 לחוק העונשין?,"בהתאם לתיקון 113 לחוק העונשין, יש לקבוע, בטרם קביעת העונש המתאים מתחם עונש הולם למעשה העבירה בהתאם לעקרון ההלימה ותוך התחשבות במידת הפגיעה בערך החברתי, במדיניות הענישה הנהוגה ובנסיבות הקשורות בביצוע העבירה.",train
מהי הסיבה לכך שלא ניתן למקם את עונשו של הנאשם ברף התחתון בטווח הענישה?,"לאור כל האמור, בפרט ובעיקר אי הסרת המחדל חרף חלוף הזמן, וכן מתוך התחשבות בעבר הפלילי ובתסקיר השלילי על האמור בו לא ניתן למקם את עונשו של ברף התחתון בטווח הענישה ולא ניתן להימנע ממאסר בפועל מאחורי סורג ובריח.",train
מהו האינטרס הציבורי שדורש התייחסות מחמירה כלפי הנאשם במקרה זה?,"ברור לי שהשתת עונש בדמות מאסר בפועל בעבודות שירות עלולה לפגוע בנאשם ולהצר את צעדיו ולפגוע בפרנסתו, ועדיין האינטרס הציבורי מחייב התייחסות מחמירה כלפי מי שמתייחס לבת זוגו כאל חפץ, שלא לומר שק אגרוף.",train
מהי הנסיבה הראשונה שעל בית המשפט לשקול בקביעת גבולות המתחם?,"כאמור, בקביעת גבולות המתחם על בית המשפט להתחשב בראש ובראשונה בנסיבות ביצוע העבירה.",train
מהו מתחם העונש ההולם שנקבע במקרה זה?,"דברים אלו מחזקים את מסקנתי לגבי מתחם העונש ההולם, לפיו נע העונש הראוי בין 6 חודשים ל-12 חודשים מאסר.",train
מדוע לא נמצאו נסיבות מיוחדות המאפשרות סטייה ממתחם העונש ההולם במקרה זה?,"במקרה דנן לא מצאתי נסיבות מיוחדות המצדיקות סטייה ממתחם העונש ההולם לקולא, שכן אין בתחתית המתחם כדי \להתנגש\"" עם \""צרכי השיקום\"" של הנאשם.""",train
מהו המאפיין המרכזי של הנאשם שהשפיע על ההחלטה בעניינו?,"מעבר ללקיחת האחריות, הבעת החרטה מדובר באדם נורמטיבי לחלוטין וניכר כי מדובר באירוע שאיננו מאפיין את אורחותיו.",train
כיצד משפיע חלוף הזמן על גזירת דינו של הנאשם במקרה זה?,"מבלי קשר לנסיבות שהובילו לגזירת דינו של הנאשם בשלהי שנת 2022 בגין מעשים שביצע לפני שש שנים, הרי שאובייקטיבית, לא ניתן להתעלם מחלוף הזמן המשמעותי כשיקול העומד בפני עצמו.",train
מהו מתחם העונש ההולם שנקבע במקרה דנן?,לאור כלל האמור לעיל סבורני כי מתחם העונש ההולם במקרה דנן הוא בין מאסר מותנה וענישה נלווית ועד מספר חודשי מאסר שיכול וירוצו בעבודות שירות.,train
מהו השיקול שצריך להתחשב בו בנוגע לנסיבות האישיות של הנאשמים?,יש מקום להתחשב בנסיבות האישיות של הנאשמים.,train
מהו מתחם העונש ההולם שנקבע לאור הנסיבות הייחודיות של המקרה?,"לאור כלל האמור לעיל, בהתחשב בנסיבות הייחודיות של המקרה, ולמרות חומרת האירוע, והנזק שנגרם למתלונן, סבורני כי מתחם העונש ההולם נע בין של\צ לצד מאסר מותנה ועד למאסר של 12 חודשים בפועל.""",train
מהו המשקל שניתן להודאת הנאשם בקביעת העונש?,"כמו כן, התחשבתי בהודאת הנאשם שמצאתי להעניק לה משקל מלא, כמפורט לעיל.",train
מהו הבסיס לקביעת מתחם העונש במקרה זה?,"קביעת מתחם העונש האמור נשענת על נסיבות ביצוע העבירות, ריבוי העבירות, משך התקופה (חמישה חודשים בשנת 2015), סכום המס המצטבר ממנו התחמק הנאשם, ועוד שיקולים עליהם אעמוד מיד בהמשך.",train
כיצד השפיעה התרשמות שירות המבחן על ההחלטה לסטות מהמתחם?,"עוד לקחתי בחשבון את  עברה הפלילי הנקי ולאור התרשמות שירות המבחן לנזקקות טיפולית בעניינה, בפרט לאור האמור בחלק השני של האמור בעמוד 2 בתסקיר האחרון, אני סבור כי ניתן לסטות קמעה מהמתחם משיקולי שיקום, זאת לפי המלצת שירות המבחן אשר המליץ על שקילת גישה שיקומית בעניינה.",train
מהי החשיבות של עידוד נאשמים להודות במצבים של קושי ראייתי?,"אשר לחשיבות ההודאה וחשיבות של מתן תמריצים לנאשמים להודות גם במצבים של העדר ודאות בתוך קושי ראייתי, אפנה לדבריו החשובים של כב' השופט מלצר בע\פ 122/14 שוורצפל ואח' נ' מדינת ישראל, שם, בפרט בפסקאות 20-22 ניתן דגש על חשיבות עידוד נאשמים להודות, וזאת בקשר עם התשתית הראייתית ועוצמתה ביחס אליהם.""",train
מהו השיקול הראשון שיש לקחת בחשבון בבניית מתחם הקנס?,"כידוע, במתחם הקנס, יש להתחשב, כבר בשלב הראשון של בניית גדרי המתחם במצבו הכלכלי של הנאשם.",train
מהו המצב של השיקום שהוצג בפני בית המשפט ביחס למתחם העונש ההולם?,"השיקום שהוצג בפניי איננו בעוצמה הנדרשת, עד שספק אם הוא יכול לפעול אף בתוך המתחם, וודאי שאיננו מצדיק לסטייה מהמתחם העונש ההולם.",train
מהו השיקול לחובת הנאשם בנוגע להשבת הכספים לבנקים?,"לחובת הנאשם, יש לקחת בחשבון שלא נטען בפניי שהכספים הושבו לבנקים, כך שהמחדל לא הוסר.",train
מה השיקולים שיש לקחת בחשבון בעת קביעת מתחם הקנס?,"אשר למתחם קנס, יש להתחשב בחומרת העבירה, סכום המס, אך גם ביכולתו הכלכלית של הנאשם, כפי שיפורט בהמשך.",train
מהי הסיבה לכך שלא נמצאו נסיבות מיוחדות במקרה זה?,"במקרה דנן לא מצאתי נסיבות מיוחדות המצדיקות סטייה ממתחם העונש ההולם, לחומרה או לקולה.",train
מהן הנסיבות לחומרה שמעלות את הצורך בעמידה בדרישות הלכת תמר כתב במקרה זה?,"ואולם, במקרה שבפנינו ועל אף שהעבירות עצמן מאפשרות סיום ההליך בלי הרשעה, ואינן עומדות המחסום בלתי עביר, עדיין קיימות נסיבות לחומרה כפי שציינתי שמעלות את הצורך בעמידה בדרישות של הלכת תמר כתב ודאי לא שאין באופן נזק קונקרטי.",train
מהו השיקול המרכזי שנלקח בחשבון מעבר לביצוע העבירה בנוגע לעברם הפלילי של הנאשמים?,"במסגרת הנסיבות שאינן קשורות בביצוע העבירה לקחתי בחשבון את הנתונים הבאים: יש לציין את עברם הפלילי הנקי של הנאשמים, הודייתם, לקיחת אחריות אף ללא הסכמה עונשית, הבעת חרטה, והחיסכון בזמן השיפוטי.",train
"כיצד משפיעה חומרת האישומים על המלצת שירות המבחן לעונש של צו של\צ וצו מבחן?""","מנגד, המלצת שירות המבחן לעונש של צו של\צ וצו מבחן הינה מרחיקת לכת, בהינתן חומרת האישומים, שאיננה מאפשרת, כך לשיטתי, להסתפק בעונש הנופל מעונש מאסר ממשוך שיכול שירוצה בעבודות שירות.""",train
מהו תפקידו של בית המשפט בדיון בטיעון לעונש במסגרת טווח ענישה?,"לפי הפסיקה, גם בטיעון לעונש בגדרי טווח ענישה בית המשפט איננו פטור מדיון לפי תיקון 113 לחוק העונשין.",train
כיצד משפיעה התחמקות מתשלום מס אמת על השוויון בין אזרחי המדינה?,"התחמקות שלא כדין מתשלום מס אמת פוגעת בקופה הציבורית, ופוגעת בערך השוויון בין אזרחי המדינה.",train
כיצד קובע בית המשפט את מתחם העונש ההולם לעבירות המיוחסות לנאשם?,"לצורך קביעת מתחם העונש ההולם, על בית המשפט לזהות את הערכים המוגנים בבסיס העבירות המיוחסות לנאשם, מידת הפגיעה באותם ערכים, מדיניות הענישה הנוהגת ונסיבות ביצוע העבירה.",train
"מהו ההבדל המרכזי בין נסיבות ביצוע העבירה בת\פ – 61560-06-18 לבין נסיבות ביצוע העבירה במקרה הנוכחי?""","בת\פ – 61560-06-18, מדינת ישראל נגד אחמד, נקבע מתחם קרוב יותר לזה שהציע הסנגור ואולם, נסיבות ביצוע העבירה שם קלות באופן משמעותי מנסיבות ביצוע העבירה במקרה שלנו.""",train
מהי התייחסות הנאשם לעבירה וכיצד היא השפיעה על ההליך המשפטי?,"אכן הנאשם התייצב בשירות המבחן, ואולם, התייחסותו לעבירה, על אף שהצר על מעשיו וציין שמדובר בטעות בהפעלת שיקול הדעת, הייתה מאופיינת בנטייה לצמצום רגשי תוך שימוש ברציונליזציה הקשורה למצבו הכלכלי כהסבר לכך.",train
מהו השיקול המשפטי הנוגע לכפירת הנאשם וניהול הוכחות במשפטו?,"תחילה, אבהיר ואדגיש שאין בכפירת הנאשם וניהול הוכחות במשפטו משום שיקול שייזקף לחובתו (סעיף 40יא(6) לחוק העונשין).",train
מהו השיקול המרכזי שהוביל להמרת עונש המאסר למאסר בעבודות שירות במקרה זה?,"מקובל עליי שהמעשים המיוחסים לנאשם בזויים ומזמינים תגובה בדמות ענישה כואבת, ואולם לנוכח מכלול הנתונים, העובדה שמדובר בהרשעה ראשונה בחייו, מאסר ראשון בחייו, על רקע חלוף זמן משמעותי ומסוכנות מינית נמוכה, הודאה, סברתי שנכון להמיר את עונש המאסר למאסר בפועל שירוצה בעבודות שירות.",train
כיצד משפיעה בעיית האלכוהול והחזקת הסכינים על מידת הפגיעה בערכים המוגנים במקרה זה?,"במקרה הקונקרטי השילוב בין בעיית האלכוהול, לבין החזקת שני סכינים, לבין שעת ביצוע העבירה ונסיבותיה מובילים למסקנה שמידת הפגיעה בערכים המוגנים אינה מבוטלת כלל ועיקר.",train
מהם הערכים החברתיים המוגנים שנפגעו במקרה זה?,"הערכים החברתיים המוגנים אשר נפגעו במקרה דנן הם שמירה על שלמות גופה ובריאותה של המתלוננת, שלוות נפשה בתוך התא המשפחתי, הגברת תחושת הביטחון האישי בתוך התא המשפחתי הינו ערך חשוב בעיני.",train
מהו השיקול שיש לקחת בחשבון בקביעת המתחם לעבירות הסגת גבול וגניבה שביצע הנאשם בצוותא?,"ואולם, בקביעת המתחם יש לקחת בחשבון שמדובר בביצוע בצוותא של עבירה של הסגת גבול וביצוע גניבה.",train
מדוע הטלת עונשים לפי טבלאות חישוב עשויה להוביל לתוצאות בלתי סבירות בריבוי עבירות?,"ברור שהטלת עונשים לפי טבלאות חישוב לפי סוג וכמות העבירה יכול להוביל לתוצאות בלתי סבירות, בפרט כאשר מדובר בריבוי עבירות.",train
מהן הנסיבות שנלקחו בחשבון בקביעת המתחם לעונש במקרה זה?,"בקביעת המתחם לקחתי בחשבון את הנסיבות הקשורות בביצוע העבירה לרבות: בחינת מדיניות הענישה הנוהגת, מלמד, כי בתיקים בנסיבות דומות הוטלו על נאשמים שונים עונשי מאסר קצר שיכול וירוצו בעבודות שירות ועד ל- 10 חודשי מאסר.",train
מדוע לא נמצאו נסיבות מיוחדות במקרה זה המצדיקות סטייה ממתחם העונש?,"במקרה דנן לא מצאתי נסיבות מיוחדות המצדיקות סטייה ממתחם העונש ההולם, לחומרה או לקולה.",train
מהו העיקרון שעליו יש להתבסס לקביעת מתחם העונש במקרה של הנאשמת?,"בהתאם לתיקון 113 לחוק העונשין, יש לקבוע, בטרם קביעת העונש המתאים, (בגין כל אחד מהאירועים), מתחם עונש הולם למעשה העבירה בהתאם לעקרון ההלימה ותוך התחשבות במידת הפגיעה בערך החברתי, במדיניות הענישה הנהוגה ובנסיבות הקשורות בביצוע העבירה.",train
מהו הכלל לגבי הפעלת המאסר המותנה ביחס לעונש המאסר בפועל שיוטל על הנאשם?,"אין אף עילה להפעלה חלקית (בחופף), ויש לפעול לפי הכלל שהמאסר המותנה יופעל במצטבר לעונש המאסר בפועל שיוטל על הנאשם.",train
כיצד משפיע מצבו הרפואי של הנאשם על קביעת העונש במתחם העונש?,"כמו כן, מצבו הרפואי, על אף מורכבותו, אינו יכול להסיט את העונש מחוץ למתחם העונש.",train
מהו העיקרון המשפטי המנחה לגבי הכחשת הנאשם והשפעתו על הערכת העונש?,"הנסתר רב על הנגלה כמעט תמיד, ולכן אין לפקוד על הנאשם המסוים לפניי הכחשתו אף לא ברמז ממנו יכולה להשתמע הערכה מחמירה מזו שניתנה.",train
אילו ערכים חברתיים נפגעו במקרה זה בעקבות העבירה של החזקת סמים?,הערכים החברתיים המוגנים אשר נפגעו במקרה דנן הם שמירה על בריאות הציבור ושלומו ותרומתו של בית המשפט במאבק בנגע הסם.,train
מהו מתחם העונש ההולם שנקבע בהתחשב בסכום ההשתמטות ובתקופת העבירות?,"לאור כל האמור לעיל, ובהתחשב בסכום ההשתמטות ובתקופה הארוכה של ביצוע העבירות בתקופות שונות, אני קובע כי מתחם העונש ההולם נע בין 20 חודשי מאסר ועד 45 חודשי מאסר.",train
מהו השיקול המרכזי שנלקח בחשבון בקביעת המתחם לעונש במקרה זה?,"בקביעת המתחם לקחתי בחשבון את הנסיבות הקשורות בביצוע העבירה לרבות: העדר התכנון, חלקו המרכזי של הנאשם בביצוע העבירות, ומנגד חלקו של המתלונן שהתחיל באלימות והיכה את הנאשם מספר מכות, הנזק שנגרם בפועל לרכוש (הוגשו תמונות) והנזק הצפוי לשלמות גוף המתלוננים, הסיבות שהביאו את הנאשם לביצוע המעשה, קרי סכסוך שמקורו בוויכוח סתמי ומיותר.",train
מדוע יש להפעיל את המאסר המותנה במקרה זה?,"זאת מהסיבה הפשוטה שבהעדר נימוקים מיוחדים להארכת המאסר המותנה, יש להפעילו ולכן אין נפקא מינה אם הוא בר הפעלה או חב הפעלה.",train
כיצד יש להתחשב בהודאה ובנסיבות האישיות בקביעת העונש?,"יש להתחשב בהודאה, בנסיבות האישיות, ובכך להסיט את העונש לכיוון הרף התחתון בתוך השליש האמצעי, אך לדעתי לא ניתן ללכת לקראת הנאשמת מעבר לכך.",train
מהו המצב שבו לקיחת האחריות של הנאשם בפני שירות המבחן נחשבת ללקויה?,"עם זאת, אין להתעלם מכך שלקיחת האחריות בפני שירות המבחן הייתה לוקה בחסר, כאשר הנאשם השליך אחריות על אחריות וטען שמקור מעשיו ומחדליו ברשלנות וחוסר תשומת לב.",train
כיצד על בית המשפט לשקול את מידת החפיפה וההצטברות במקרים של ריבוי מתמחים?,"לכן, על בית המשפט להפעיל שיקול דעת בשאלת מידת החפיפה וההצטברות במצב של ריבוי מתמחים שמחד יהיה בה ביטוי לריבוי המקרים על חומרתם, ומנגד, התחשבות בצורך בהטלת עונש כולל בגבולות הסביר.",train
כיצד משפיעה העובדה שמדובר באירוע ישן יחסית על גזירת העונש במקרה זה?,"כמו כן, אוסיף לזכותו של הנאשם שמדובר באירוע ישן יחסית משנת 2018 והגם שכתב האישום הוגש ללא שיהוי, ההליך התארך מסיבות שונות.",train
מהי הסיבה לדחיית המלצת שירות המבחן לביטול הרשעות בעבירות ניסיון לסחר בסמים?,התסקירים חיוביים ואולם אינני סבור שניתן להשלים עם מהלך חריג ונדיר של ביטול הרשעות בעבירות של ניסיון לסחר בסמים ולכן אני דוחה את המלצת שירות המבחן.,train
אילו ערכים חברתיים נפגעו כתוצאה מהתנהגות הנאשמת כלפי עובד הציבור?,הערכים החברתיים המוגנים אשר נפגעו במקרה דנן הם שמירה על שלוות נפשו ותפקודו התקין של עובד הציבור אשר אמור לפעול בסביבה בטוחה במסגרתה נדרש הוא להפעיל שיקול דעת בנושאים רגישים.,train
מהו השיקול שהוביל את בית המשפט לחרוג מהמתחם במקרה לוי?,אציין כי באותו עניין (לוי) בית המשפט חרג מהמתחם בשל שיקולי שיקום.,train
מהו הרף התחתון במתחם העונש במקרה של תקיפה מתמשכת על ידי מספר אנשים?,"באופן כללי, כאשר מדובר בתקיפה מתמשכת של מספר רב של אנשים שהופנתה כלפי אדם בודד, בנסיבות שתוארו בכתב האישום, הרף התחתון במתחם חייב, כך לשיטתי, להתחיל במאסר בפועל, ולא בעבודות שירות.",train
אילו ערכים חברתיים נפגעו במקרה זה בעקבות אירועי האלימות החוזרים?,"הערכים החברתיים המוגנים אשר נפגעו במקרה דנן הם שלמות גופה ותחושת הביטחון של המתלוננת בין כותלי ביתה, כאשר מדובר באירועי אלימות חוזרים.",train
מה המליץ שירות המבחן לגבי סוג הענישה המתאימה במקרה זה?,"לאור זאת, שירות המבחן המליץ על ענישה מוחשית לצד ענישה הרתעתית והדברים ברורים.",train
מהי עמדת התביעה לגבי השינוי במצבו של הנאשם והשפעתו על מתחם העונש?,"ועדיין, כפי שטענה התביעה, אין מדובר בשינוי דרמטי שיצדיק חריגה ממתחם העונש בשל שיקולי שיקום.",train
מהו השיקול המרכזי שניתן לו משקל גבוה יותר בעבירות מס לפי הפסיקה?,"שנית, הפסיקה לפיה בעבירות מס יש ליתן משקל גבוה יותר מהרגיל לשיקול ההרתעה האישית והרתעת הרבים, וכי ענישה שאיננה כוללת מאסר בפועל במקרים חמורים, תיעשה במקרים חריגים בלבד.",train
מדוע לא ניתן לחרוג ממתחם העונש בעקבות מצבים אישיים של הנאשם?,"ועדיין, לא ניתן לחרוג ממתחם העונש מטעמים אלו.",train
מהו השיקול המרכזי שהוביל להטלת עונש מאסר בפועל על הנאשם?,"בהתחשב בעברו הפלילי הרלוונטי של הנאשם (אם כי בגדרי הרשעה קודמת אחת בעבירה של החזקת סמים שלא לצריכה עצמית), בהודאתו מבלי צורך בשמיעת ראיות, נטילת האחריות, וכן נסיבותיו האישיות כפי שעלו בטיעוני ההגנה ומנגד בקיומו של מאסר מותנה בן 5 חודשים, נכון היה להטיל על הנאשם עונש מאסר בפועל כולל (כולל המאסר המותנה), שלא יפחת מ- 12 חודשי מאסר.",train
כיצד משפיעה התמדה בטיפול על סיכוי השיקום של הנאשם?,"ניתן להבין כי הנאשם נמצא בשלב רגיש בטיפול, שנסיגה לאחור ממנו תפגע בסיכוי השיקום, בעוד שהתמדה בו עשויה לקדם את השיקום לעבר הצלחה דרמטית, בשים לב לעברו של הנאשם, כפי שמשתקף בגיליון הרישום הפלילי.",train
מהו העיקרון שעליו יש להתבסס לקביעת העונש המתאים לעבירה לפי תיקון 113 לחוק העונשין?,"בהתאם לתיקון 113 לחוק העונשין, יש לקבוע, בטרם קביעת העונש המתאים מתחם עונש הולם למעשה העבירה בהתאם לעקרון ההלימה ותוך התחשבות במידת הפגיעה בערך החברתי, במדיניות הענישה הנהוגה ובנסיבות הקשורות בביצוע העבירה.",train
מהי ההמלצה שניתנה בתסקיר שירות המבחן לגבי מיקום העונש?,"לנוכח האמור בתסקיר שירות המבחן וההמלצה החיובית, נכון למקם את העונש בתחתית המתחם.",train
מהו העיקרון שעליו יש להתבסס לקביעת מתחם העונש בעבירות סמים לפי תיקון 113 לחוק העונשין?,"בהתאם לתיקון 113 לחוק העונשין, יש לקבוע, בטרם קביעת העונש המתאים, (בגין כל אחד מהאירועים), מתחם עונש הולם למעשה העבירה בהתאם לעקרון ההלימה ותוך התחשבות במידת הפגיעה בערך החברתי, במדיניות הענישה הנהוגה ובנסיבות הקשורות בביצוע העבירה.",train
מדוע ישנה חשיבות בהגנה על אביו ואחותו של הנאשם כאשר העבירות מתבצעות בביתם?,בפרט הדברים אמורים בהגנה על אביו של הנאשם ואחותו כשהעבירות מתבצעות בתוך ביתם שאמור לספק להם תחושת הגנה.,train
כיצד רשאי בית המשפט לשקול את העונש הראוי בהקשר להסדר הטיעון?,"נקבע כי בגדר הבחינה, בית המשפט מוסמך לשקול מהו העונש הראוי בשים לב לשיקולי הענישה על פי תיקון 113 לחוק העונשין, לצד יתר השיקולים הרלבנטיים לסוגיית אימוצו של הסדר הטיעון.",train
מהו ההיבט של הקרבה שנחשב במתחם הענישה במקרה זה?,"כאשר לדברים מצטרף אלמנט הקרבה, אני סבור שמתחייבת ענישה שהרף התחתון שבה מתחיל מעונש מאסר ברף הגבוה של עונש שניתן לריצוי בעבודות שירות.",train
מדוע לא נמצאו נסיבות מיוחדות המאפשרות סטייה ממתחם העונש ההולם?,"במקרה דנן לא מצאתי נסיבות מיוחדות המצדיקות סטייה ממתחם העונש ההולם, לחומרה או לקולה.",train
מדוע יש לקחת בחשבון את מצבו האישי של הנאשם והעמדה של המתלוננת בהטלת העונש?,"מקובלת עליי עמדת שירות המבחן לפיה, בנסיבות מצבו האישי של הנאשם, ותוך התחשבות בעמדת המתלוננת, הטלת מאסר בפועל, גם אם בעבודות שירות, עלולה לפגוע במאמצי השיקום ולגרום לנסיגה במצבו של הנאשם.",train
מה הסביר בית המשפט לגבי עמדת התביעה למתחם העונש במקרה זה?,"למען הדיוק, בית המשפט הסביר בעניין איבגי מדוע אין זה ראוי לקבל את עמדת התביעה למתחם דומה שהוצע לי בתיק זה.",train
מהו העקרון שמחייב הטלת עונשי מאסר בפועל כדי להגן על עובדים חשופים לסכנות?,"גישה זו מחייבת שקילת הטלת עונשי  מאסר בפועל מאחורי סורג ובריח, כדי לתת ביטוי לעקרון קדושת החיים, וכדי להעניק הגנה לעובדים החשופים לסכנות.",train
מהי ההשפעה של שליחת הנאשם לעונש מאסר על תהליך השיקום שלו?,סטייה מהמתחם תיעשה כאשר שליחת הנאשם לעונש מאסר עלולה לדרדר את הנאשם חזרה לפשיעה ולהוריד לטמיון את מאמצי השיקום שהושקעו.,train
מהי המסקנה לגבי קיומן של נסיבות מיוחדות במקרה זה?,"במקרה דנן לא מצאתי נסיבות מיוחדות המצדיקות סטייה ממתחם העונש ההולם, לחומרה או לקולה.",train
באילו מקרים תתבצע סטייה ממתחם העונש ההולם לפי צורכי שיקומו של הנאשם?,סטייה ממתחם העונש ההולם לפי צורכי שיקומו של הנאשם תיעשה במקרים חריגים כאשר עוצמת תהליך השיקום ראוי שתגבר על האינטרס הציבורי במיצוי הדין עם עברייני מס.,train
מהי הסיבה לכך שהתסקירים בעניינם של הנאשמים לא הציגו תמונה חיובית עד כדי שקילת חריגה לקולא?,"התסקירים שהוגשו בעניינם של הנאשמים השונים, על אף היבטים מעודדים מסוימים, אינם מציגים תמונה כללית חיובית, וודאי לא חיובית עד כדי שקילת חריגה לקולא ממתחם העונש.",train
מהו הנזק הציבורי הנוסף שנגרם מעבר לפגיעה בקופה הציבורית בעבירות מסוג זה?,"מעבר לפגיעה בקופה הציבורית, עבירות מסוג זה פוגעות גם בעיקרון שוויון הנשיאה בנטל המס ובחשיבות שימור מנגנון הדיווחים לרשויות המס.",train
מהי החשיבות של הודאת הנאשם בהליך השיפוטי?,"כמו כן, לקחתי בחשבון את הודאתו ואת החיסכון בזמן שיפוטי יקר.",train
מהו עקרון אחידות הענישה וכיצד הוא קשור לעקרון השוויון בענישה?,עקרון אחידות הענישה יונק את הצדקתו מעקרון השוויון בענישה.,train
מהו השיקול המרכזי שעל בית המשפט לשקול בעת קביעת העונש הראוי?,"נקבע כי בגדר הבחינה, בית המשפט מוסמך לשקול מהו העונש הראוי בשים לב לשיקולי הענישה על פי תיקון 113 לחוק העונשין, לצד יתר השיקולים הרלבנטיים לסוגיית אימוצו של הסדר הטיעון.",train
מדוע יש לשאוף לביטול אלמנט הכדאיות הכלכלית בעבירות כלכליות?,"ככלל, מדובר בעבירות כלכליות, המבוצעות מתוך רדיפת בצע, בניסיון להשיג רווחים קלים על חשבון הציבור ולכן יש לשאוף לביטול אלמנט הכדאיות הכלכלית בביצוען.",train
מדוע לא ניתן לסטות מהמתחם משיקולי שיקום במקרה זה?,"ורחיגה מהמתחם משיקולי שיקום – איננה מתאימה, שכן התרשמתי שמדובר באירוע אפיזודי וחולף שלא מלמד על דפוסים אלימים שמחייבים טיפול שורש בבעיה ששירות המבחן מודה שאיננה קיימת אצל הנאשם.",train
מהו תפקיד הערכים החברתיים המוגנים במקרה של מעשה מגונה בפומבי?,"הערכים החברתיים המוגנים אשר נפגעו במקרה דנן הם הגנה על הציבור מפני פגיעות מיניות, מתוך כבוד לאוטונומיה של המתלוננות על גופן, ומניעת חשיפתן למעשים מיניים מגונים במרחב הציבורי.",train
מהי עמדת בית המשפט לגבי ההמלצה של שירות המבחן בנוגע לעונש?,"כדבר עקרוני, לשיטתי מדובר בהמלצה שלא ניתן לקבלה לאור חומרת העבירה בנסיבותיה.",train
מהן הגורמים שמשפיעים על משך המאסר בעבירות מס?,"משך המאסר נגזר מהסכום שנגזל מקופת המדינה, תקופת העבירות, ריבוי המעשים, ונסיבות מיוחדות של ביצוע העבירות.",train
מהו השיקול המרכזי שיש לקחת בחשבון בעת הערכת נסיבות ביצוע העבירה במקרה זה?,"יש לשים דגש על נסיבות ביצוע העבירה, כאשר מלבד הנסיבות לחומרה עליהן עמדתי לעיל, יש לקחת בחשבון את אשמו הברור של המתלונן באירוע, לפניו, במהלכו וגם בסופו.",train
כיצד משפיעים המחזורים הגבוהים וריבוי העבירות על מתחם הענישה לנאשם 4?,"הסכומים הגבוהים של המחזורים, ריבוי העבירות במסגרת חברות שונות, על פני תקופה ממושכת, כל אלה, מחייבים מתחם שונה בעניינו של הנאשם 4, אשר יבטא את הצטברות המקרים והנסיבות המחמירות.",train
מדוע לא ניתן להסתפק בענישה צופה פני עתיד במקרים של מעשי מרמה מתוחכמים?,"אין זה ראוי כי מעשי מרמה מתוחכמים בשלושה מקרים שונים, יסתיימו בענישה צופה פני עתיד, על אף הנסיבות, בפרט כאשר תרומתו של הנאשם לאותן נסיבות היא תרומה מכרעת.",train
מהי המשמעות של העובדה שהנאשם לא הסיר את המחדל לאחר חלוף השנים?,"לחומרה, בולטת העובדה שעל אף חלוף שנים מאז ביצוע העבירות, הנאשם לא הסיר את המחדל, כך סכום ההשתמטות נותר כמעט כשהיה.",train
מדוע יש להתמקד בנסיבות ביצוע העבירה ולא במתחם העונש בלבד?,"בנסיבות אלה, לא ניתן להסתפק במתחם שיכול להלום את כותרת העבירות ויש להתמקד בנסיבות ביצוע העבירה.",train
מהו הפוטנציאל להצלחה בהליך השיקומי של הנאשם לפי התרשמות שירות המבחן?,"השילוב בין התרשמות שירות המבחן והתרשמותי שלי, לבין התגייסות בני משפחתו, לרבות אחיו ואשתו, מלמד על זיהוי של פוטנציאל להצלחה בהליך השיקומי.",train
כיצד יש לבחון את העונשים המוסכמים לנאשמים לפי תיקון 113 לחוק העונשין?,"בראי המפורט לעיל, יבחנו העונשים המוסכמים לנאשמים במבחן האיזון ובשים לב לכללי ושיקולי הענישה שבתיקון 113 לחוק העונשין.",train
מהי ההחלטה לגבי קביעת מתחם העונש ביחס להצעת התביעה?,"לכן, מצאתי לקבוע מתחם נמוך מזו שהציעה התביעה, אך למקם את העונש במקום גבוה מתחתית המתחם כמוצע.",train
מהו הערך החברתי המוגן שנפגע במקרה של גניבה בידי עובד?,"הערכים החברתיים המוגנים אשר נפגעו במקרה דנן הם שמירה על רכוש הזולת, תקינות חיי המסחר, ושימור יחסי האמון בין עובדים למעסיקים בכלל שמהווה תנאי בלעדיו אין ביחסי עבודה תקינים.",train
מהו מתחם העונש ההולם שנקבע ביחס לגניבה מבית אחיו של הנאשם?,"ביחס לאירוע השני, הבאתי בחשבון כי לא יוחסה עבירת התפרצות והמדובר בגניבה מבית אחיו המאופיינת בעזות מצח, אולם הנאשם בחר מרצונו לנסות ולכפר על המעשה בכך שהחזיר חלק מהסכום הנגנב ועל כן, סבורני כי מתחם העונש ההולם נע בין מספר חודשי מאסר בודדים ועד ל- 10 חודשי מאסר.",train
מהו המרכיב העיקרי בשיטת המיסוי שנפגע ממעשים מסוג זה?,"מעשים מסוג זה פוגעים באופן קשה באמון הניתן בנישומים, אמון המהווה מרכיב עיקרי בשיטת המיסוי.",train
מדוע לא ניתן לסטות מהמתחם למרות התהליך החיובי שעבר הנאשם?,"אשר לסטייה מהמתחם ועל אף האמור בתסקיר שירות המבחן הגעתי למסקנה שהמדובר בתהליך חיובי שעבר הנאשם ואולם, לא עד כדי סטייה מהמתחם.",train
כיצד קובע בית המשפט את מתחם העונש ההולם בעבירות המיוחסות לנאשם?,"לצורך קביעת מתחם העונש ההולם, על בית המשפט לזהות את הערכים המוגנים בבסיס העבירות המיוחסות לנאשם, מידת הפגיעה באותם הערכים, מדיניות הענישה הנוהגת ונסיבות ביצוע העבירה.",train
כיצד השפיע עברו הפלילי של הנאשם על גזר הדין שניתן לו?,"בית המשפט גזר על הנאשם, שלחובתו עבר פלילי הכולל 6 הרשעות קודמות בתחום הרלוונטי, שלא עבר הליך שיקומי, תוך התייחסות לנסיבות חייו כפי שפורטו בתסקיר שירות המבחן.",train
מהן הנסיבות האישיות שהוזכרו בתסקיר הראשון והשפעתן על יחסו של הנאשם לעבירות?,"תסקיר הראשון שמרחיב לגבי נסיבות אישיות קשות במיוחד וילדות אומללה ושאר נסיבות קשות, כל אלה עמדו למול יחסו של הנאשם לביצוע העבירות.",train
מהי ההמלצה לנאשם לגבי הימצאותו בבתי קזינו בעקבות שינוי חיובי שעבר?,"אינני מפקפק בשינוי החיובי שעבר הנאשם ואולם, כמי שנכווה ברותחין ובהימורים, ראוי היה לנאשם לראות בבתי קזינו כמקום שיש להתרחק ממנו בבחינת שומר נפשו.",train
מהו העיקרון שעליו יש להתבסס לקביעת מתחם העונש לפני קביעת העונש המתאים?,"בהתאם לתיקון 113 לחוק העונשין, יש לקבוע, בטרם קביעת העונש המתאים, (בגין כל אחד מהאירועים), מתחם עונש הולם למעשה העבירה בהתאם לעקרון ההלימה ותוך התחשבות במידת הפגיעה בערך החברתי, במדיניות הענישה הנהוגה ובנסיבות הקשורות בביצוע העבירה.",train
מהו השיקול שיש לקחת בחשבון בגזירת העונש שאינו קשור לביצוע העבירה?,בגזירת העונש המתאים לנאשם יש להתחשב בנסיבות שאינן קשורות בביצוע העבירה.,train
מהו הקו המנחה לגבי האיזון בין האינטרס הציבורי לאינטרס השיקום במקרה זה?,"ניתן שהאינטרס הציבורי יפנה מקום לאינטרס השיקום, אך לא נכון שאינטרס השיקום יבטל את האינטרס הציבורי כליל.",train
מהו העיקרון שעליו יש להסתמך בעת קביעת מתחם העונש לעבירה לפי תיקון 113 לחוק העונשין?,"בהתאם לתיקון 113 לחוק העונשין, יש לקבוע, בטרם קביעת העונש המתאים, (בגין כל אחד מהאירועים), מתחם עונש הולם למעשה העבירה בהתאם לעקרון ההלימה ותוך התחשבות במידת הפגיעה בערך החברתי, במדיניות הענישה הנהוגה ובנסיבות הקשורות בביצוע העבירה.",train
מהו הקריטריון שהפסיקה קובעת לסטייה מהמתחם במקרים של מצב רפואי קשה?,"הפסיקה שהכירה במצב רפואי קשה, במקרים נדירים, כשיקול לסטייה מהמתחם, מתייחסת למצבים רפואיים קשים במיוחד.",train
מהו האפיק השיקומי שנמצא בתסקיר וכיצד הוא משפיע על מתחם העונש?,"כאמור לעיל, התסקיר מצביע על אפיק שיקומי אך זהו אפיק שיכול, לכל היותר, לפעול בתוך מתחם העונש ההולם ואיננו מצדיק סטייה ממנו.",train
"מהו המתחם שנקבע ביחס לתיק זה, בהתחשב בחומרת העבירות ובנסיבות?","לשיטתי, לנוכח החומרה בביצוע העבירות אגב הפרת תנאים, בעזות מצח ובתעוזה, ועל אף שמדובר במספר קטן של עבירות ובהיקף מצומצם יותר, נכון לקבוע כי המתחם ביחס לתיק זה נע בין 8-15 חודשי מאסר.",train
כיצד השפיעה הפסיקה הרווחת על קביעת המתחם לעונש בעבירת החזקת סמים במשקל קילוגרם?,"בית המשפט התייחס למדיניות הענישה וקבע שהפסיקה הרווחת בעבירת החזקת סמים שלא לצריכה עצמית במשקל של קילוגרם, מצדיקה קביעת מתחם שנע בין מאסר ולו קצר של מספר חודשים שיכול וירוצה בעבודות שירות ועד 12 חודשי מאסר בפועל.",train
כיצד יכול אינטרס השיקום להתממש במקרה של עונש בתחתית המתחם?,אינטרס השיקום יכול להתממש גם בהינתן עונש בתחתית המתחם.,train
מה מצדיק את מיקום העונש בתחתית מתחם העונש?,כל אלה מצדיקים מיקום העונש בתחתית מתחם העונש.,train
מהן הסיבות לגזר הדין שניתן לנאשם בעבודות שירות?,"לאור כל האמור, לנוכח חומרת העבירות, סכום המחדל שלא הוסר, נסיבות ביצוע העבירות, תוך התחשבות בנסיבות לקולא, ההודיה, הסדר הטיעון וחלוף הזמן, ולכן, ובתוך טווח הענישה המוסכמת, מצאתי לגזור על הנאשם את העונש המרבי שניתן לריצוי בעבודות שירות.",train
מהו העיקרון שעל פיו יש לקבוע מתחם עונש הולם לפני קביעת העונש?,"בהתאם לתיקון 113 לחוק העונשין, יש לקבוע, בטרם קביעת העונש המתאים, (בגין כל אחד מהאירועים), מתחם עונש הולם למעשה העבירה בהתאם לעקרון ההלימה ותוך התחשבות במידת הפגיעה בערך החברתי, במדיניות הענישה הנהוגה ובנסיבות הקשורות בביצוע העבירה.",train
כיצד משפיעה היעדר התכנון המוקדם על קביעת העונש לנאשמים?,"רוצה לומר שאין מדובר באירוע מתוכנן מצד הנאשמים, וגם לכך יש משמעות לעניין קביעת העונש.",train
מדוע יש לבחון כל מקרה לגופו בעת קביעת מתחם העונש?,"תיאמר האמת שאני מסכים עם הסנגור שיש קושי במתחם זה שהתקבע לו בטיעוני הצדדים, שכן כידוע מתחם העונש נקבע לעולם לפי נסיבות ביצוע העבירה הספציפיות ולכן יש לבחון כל מקרה לגופו.",train
"מהו השיקול שצריך לקחת בחשבון בתוך מתחם העונש, מעבר לביצוע העבירות?","בתוך המתחם, יש לשקול שיקולים שאינם קשורים לביצוע העבירות.",train
מהו התנאי לסטייה מהמתחם כדי לספק את צרכי שיקומו של הנאשם?,"על הסטייה מהמתחם לספק את צרכי שיקומו של הנאשם, אך זאת תוך צמצום הפגיעה באינטרס הציבורי עד למינימום האפשרי.",train
מהו ההבדל בין השיקולים לאימוץ הסדר טיעון לבין השיקולים לפי תיקון 113 לחוק העונשין?,"בעת הבחינה, אין להתעלם מכך שהשיקולים שבבסיס אימוצו של הסדר טיעון אינם זהים בהכרח לאלה הנשקלים במסגרת תיקון 113 לחוק העונשין, ובכללם ציפיית הנאשם כי הסדר הטיעון יאומץ.",train
כיצד משפיע הנתון הנוסף על קביעת העונש?,יש לראות בכך נתון נוסף בעל חשיבות לעניין העונש.,train
מהן הקביעות החשובות שציינה השופטת ד' ברק ארז לגבי סיכוי השיקום של הנאשם?,"אשר לקריטריונים של \סיכוי ממשי שהנאשם ישתקם\"" אפנה לקביעות החשובות של כבוד השופטת ד' ברק ארז, לענין המוטיבציה שמפגין הנאשם, הליך גמילה שעבר, השתלבות מוצלחת בהליכים טיפוליים שונים, אינדיקציות לשינוי עומק בהתנהגות ובדרך החשיבה, הבעת חרטה כנה, הפגנת אמפתיה כלפי נפגעי העבירה, שינוי מהותי בהתייחסות הרגשית לאירוע, נטילת אחריות, כפרה ואינדיקציות אובייקטיביות לתהליך טיפולי שיקומי מוצלח.""",train
מהי ההפרדה הדיכוטומית שמקיים תיקון 113 לחוק העונשין?,"כידוע, תיקון 113 לחוק העונשין מקיים הפרדה דיכוטומית בין נסיבות הקשורות לביצוע העבירה שהן הנסיבות שקובעות את גדרי המתחם, לבין נסיבות שאינן קשורות לביצוע העבירה (נסיבות אישיות לרוב) אשר פועלות בתוך המתחם פנימה.",train
אילו שיקולים היו נלקחים בחשבון אילולא מצבם הכלכלי של הנאשמים?,"אילולא מצבם האישי-הכלכלי של הנאשמים, היה מקום לקבוע מתחם עונש הגבוה מזה שהוצע על ידי התביעה.",train
מהו העיקרון המנחה לקביעת מתחם העונש ההולם לפי תיקון 113 לחוק העונשין?,"בהתאם לתיקון 113 לחוק העונשין, יש לקבוע, בטרם קביעת העונש המתאים, מתחם עונש הולם למעשה העבירה בהתאם לעקרון ההלימה ותוך התחשבות במידת הפגיעה בערך החברתי, במדיניות הענישה הנהוגה ובנסיבות הקשורות בביצוע העבירה.",train
מהי המדיניות לקביעת מתחם העונש בעבירות אי תשלום מס שנוכה לפי סעיף 219 לפקודה?,"מדיניות הענישה בעבירה של אי תשלום מס שנוכה לפי סעיף 219 לפקודה נקבעת לפי \סכום המס שלא הועבר, לצד השיטתיות שבביצוע העבירות ויתר הנסיבות\"".""",train
מהן הסיבות לכך שאין עילה להימנע מהפעלת המאסר המותנה במקרה זה?,אין כל סיבה או נימוק מיוחד שיכולים להצדיק הימנעות מהפעלת המאסר המותנה.,train
כיצד משפיע חלוף הזמן על המשקל שיינתן להודאת הנאשם במקרה זה?,"בנוסף, יש מקום לייחס משקל לחלוף הזמן, כתב האישום הוגש במחצית השנייה של שנת 2022, כאשר העבירות בוצעו לכל המאוחר בחודש אפריל 2020.",train
מהו השיקול המרכזי שהדגיש התובע בטיעוניו בנוגע לחומרת העונש?,"התובע המלומד הרחיב בטיעוניו והדגיש שוב ושוב, בצדק רב לטעמי, את קבוצת הגיל של הקורבנות, כשיקול לחומרה משמעותי.",train
"מהי המשמעות של קביעת מתחם \בצורה רכה\"" בהקשר להסדרי טיעון?""","על בית המשפט לקבוע את המתחם \בצורה רכה\"", בשים לב לקיומן של נסיבות מגוונות שיכולות להוביל להחלטת המדינה להגיע להסדר, כשהמשקל שיש ליתן לשיקולי תיקון 113 לחוק העונשין ולמתחם העונש ההולם במקרה נתון משתנה בהתאם לנסיבות הקונקרטיות שהביאו להסדר.""",train
כיצד השפיעה העובדה שמדובר בעבירה בלתי מתוכננת על ההחלטה המשפטית?,"תשומת הלב לכך שבענייננו, להבדיל מהפסיקה שהוגשה על ידי התביעה, מדובר בעבירה של ניסיון פציעה, כשמדובר באירוע בלתי מתוכנן, בו המתלונן פתח באלימות נגד הנאשם.",train
מהו החיזוק שניתן לשיקול השיקום בתסקיר האחרון?,"כאשר שיקול השיקום קיבל חיזוק נוסף בתסקיר האחרון, סברתי שהוא עלה לדרגה שהוא יכול להתגבר על אלמנט העבר הפלילי שמשקף דמות של נאשם הסובל מבעיית אלימות טעונה טיפול יסודי.",train
מדוע איומים כלפי עובד ציבור נחשבים לחמורים במיוחד?,"אין ספק שהצדק עם התביעה שאיומים כלפי עובד ציבור, גם אם בפגיעה באדם שלישי, מגלמים חומרה מיוחדת שכן מדובר במעשים אשר פוגעים בשלוות נפשו ובתפקודו התקין של עובד הציבור.",train
מהו הייחוד של המקרה הנוכחי לעומת פסיקות קודמות שהוצגו?,"אציין עוד כי הפסיקה שהגישה התביעה לעיוני, במלוא הענווה, מקובלת עליי; ואולם, לשיטתי, המקרה שלפנינו ייחודי על רקע הנסיבות שצוינו לעיל.",train
"מהו מתחם העונש שנקבע במקרה זה, בהתחשב בעונשי מאסר שיכולות שירוצו בעבודות שירות?","לאור האמור, הגעתי למסקנה שמתחם העונש מתחיל מעונש מאסר ברף הגבוה של עונשי מאסר שיכולות שירוצו בעבודות שירות, עד לשנת מאסר בפועל.",train
"כיצד משפיעה הפגיעה בעונש על הנאשם ובני משפחתו, במיוחד לאור מצבה הרפואי של אשתו?","אין להתעלם מהפגיעה של העונש בנאשם ובבני משפחתו (40יא(1),(2) לחוק העונשין), בפרט לנוכח דיווחים מטרידים על הידרדרות במצבה הרפואי של אשתו של הנאשם.",train
מהו הצורך המהותי בקביעת מתחם העונש ההולם לפי הערכים המוגנים?,"לצורך קביעת מתחם העונש ההולם, על בית המשפט לזהות את הערכים המוגנים בבסיס העבירות המיוחסות לנאשם, מידת הפגיעה באותם ערכים, מדיניות הענישה הנוהגת ונסיבות ביצוע העבירה.",train
מהי הסיבה לכך שלא ניתן לקבוע מתחם שונה מהרגיל במקרה זה?,"בהעדר תימוכין לכך, וכאשר כתב האישום המתוקן במסגרת הסדר טיעון אינו מתייחס למטרת הגידול, אינני יכול לקבל טענת ההגנה שיש לקבוע מתחם שונה מהרגיל.",train
כיצד משפיע מצבו הרפואי של הנאשם על קביעת העונש בתוך המתחם?,"בתוך המתחם, יש להתחשב במצבו הרפואי של הנאשם, כפי העולה מחוות דעתו של הממונה על עבודות שירות.",train
מהו החשש שהביע שירות המבחן לגבי מצב הנאשם אם יישלח למאסר בפועל?,"אמנם בתסקיר השני, תסקיר קצר יחסית, שירות המבחן המליץ להעדיף את הפן השיקומי בעניינו ואולם כאמור מדובר בחשש של שירות המבחן לרגרסיה משמעותית במצבו אם יישלח למאסר בפועל.",train
מה ההבדל בין מקרים של אלימות מתמשכת לאירועים ספורדיים בהקשר של הענישה?,"כפי שהסבירה התובעת ואני מסכים עמה ניתן למצוא מקרים רבים בפסיקה שלפיהם הוטלו עונשים שאינם כוללים מאסר בפועל ואולם המדובר במקרים שמתארים אירועים ספורדיים מסוימים ולא באלימות מתמשכת, בוודאי לא במשך למעלה מ-4 שנים, כאשר המדובר באלימות בתדירות יומיומיות.",train
מהו ההשפעה של מידע דל על קביעת מתחמי העונש?,"מקרים שהמידע לגבי נסיבות העבירה הוא דל, הדבר יוביל לקביעת מתחמי עונש רחבים מדי (על מנת שיכילו בתוכם מנעד רחב של מקרים ואירועים), אשר מושפעים בעיקר מכותרת העבירה, להבדיל מנסיבות ביצועה.",train
אילו גורמים אישיים נלקחו בחשבון בקביעת המתחם לעונש של הנאשם?,"בתוך המתחם לקחתי בחשבון את גילו של הנאשם, היותו אב לשלשה ילדים, מורכבות לגבי אחד הילדים, היותו בעל רישיון לשימוש בקנביס רפואי (בתוקף), ומאידך, האמור בתסקירי שירות המבחן לענין בדיקות סם חיוביות שהצביעו על שימוש בסמים מסוג קוקאין, קושי בקבלת אחריות על תוצאות הבדיקה ונטייה לטשטש סימום בסמים מסוג קוקאין.",train
מהי המשמעות של אי השבת הגזלה לעניין העונש לפי הפסיקה?,"לפי הפסיקה, לאלמנט אי השבת הגזלה (אי הסרת המחדלים) משמעות רבה לעניין העונש.",train
מדוע המתחם שהציע הסנגור לא נחשב מספק על פי עמדת השופט?,"המתחם שהציע הסנגור בהתבסס על פסיקה איננו לוקח בחשבון, כך לשיטתי, את הנסיבות לחומרא שצוינו לעיל, ובכל מקרה כידוע, מתחם העונש ההולם ברכיב מדיניות הענישה הנוהגת מתייחס לזרם המרכזי של הענישה בעבירות מסוג זה.",train
מהי הקביעה לגבי הקשר בין אינטרס השיקום לעבר הפלילי של הנאשם?,"אין צורך לומר שאין סתירה בין אינטרס השיקום לבין העבר הפלילי, אדרבא: דווקא בשיקום נאשמים בעלי עבר פלילי, כאלה שסובלים מבעיית אלימות, טמונה ברכה לכלל ולפרט.",train
כיצד משפיעה תקופת המעצר הממושכת על גזר הדין של הנאשם?,"שיקול נוסף שאין להקל בו ראש הוא העובדה שהנאשם הספיק לרצות במסגרת תיקיו השונים, למעלה מעשרה חודשי מעצר, שאותם הייתי מנכה אילו הוטל על הנאשם מאסר בפועל מאחורי סורג ובריח.",train
מהי המסקנה לגבי מתחם העונש ההולם בהתחשב בנסיבות ביצוע העבירה?,"המסקנה היא, אפוא, שמתחם העונש ההולם בהתחשב בנסיבות ביצוע העבירה המיוחדות בתיק זה, לרבות העדר רווח אישי, התנהלות קלוקלת של ראשי העמותה, שכונתה על ידי הסנגורית כפרקטיקה עבריינית, עולה בקנה אחד עם הענישה המוסכמת.",train
כיצד יושפע העונש הכלכלי מהנסיבות המיוחדות של התיק?,הדבר יבוא לידי ביטוי בעונש הכלכלי המתחייב בנסיבות העניין.,train
מדוע לא ניתן להקים טענה לשיקום של ממש בעניינו של הנאשם למרות העדר עבירות נוספות?,צודקת ההגנה שלא ניתן להתעלם מהנתון האובייקטיבי לפיו הנאשם לא הסתבך בעבירות נוספות במהלך תקופה ארוכה ואולם מדובר בנתון שייזקף לזכותו אך איננו שיקול שיכול להקים בעניינו טענה שמתנשאת לשיקום של ממש שעבר הנאשם שיצדיק סטיה מהמתחם בעניינו.,train
מהו העיקרון שעליו יש להתבסס בקביעת מתחם העונש לעבירה לפי תיקון 113 לחוק העונשין?,"בהתאם לתיקון 113 לחוק העונשין, יש לקבוע, בטרם קביעת העונש המתאים, (בגין כל אחד מהאירועים), מתחם עונש הולם למעשה העבירה בהתאם לעקרון ההלימה ותוך התחשבות במידת הפגיעה בערך החברתי, במדיניות הענישה הנהוגה ובנסיבות הקשורות בביצוע העבירה.",train
מהי הציפייה מתהליך שיקומי מוצלח על פי ההבנה המשפטית?,"אומנם ידוע כי הליך שיקומי מלווה לעתים קרובות במעידות ובעליות וירידות ואולם, קיימת ציפייה כי תהליך מוצלח ילווה בשיפור מתמיד ובמגמה כללית של עלייה לקראת התנתקות מדפוסים עברייניים.",train
מדוע שיקולי צדק אינם מספיקים במקרה זה כדי להקל בעונש הנאשם?,"גם שיקולי צדק לא יכולים להושיע את הנאשם, שכן אין מדובר במקרה כה חריג ונדיר עד ששיקולי הצדק יגברו על הדי העבירות, במסגרת התיק המקורי ותיק הצירוף, לנוכח ריבוי המקרים.",train
מהו ההבדל המרכזי בין האירוע הנוכחי לבין המקרה שלפנינו מבחינת ההזדמנויות לסגת?,"אירוע זה חמור יותר מהמקרה שלפנינו, שכן מדובר באירוע מתגלגל בו היו לנאשם מספר הזדמנויות לסגת.",train
על מה מתבסס בית המשפט במיקום העונש בתוך המתחם?,אלא שכידוע בנוגע לשאלת מיקום העונש בתוככי המתחם מונחה בית המשפט על ידי שיקולים שונים המנותקים מהשיקולים שקובעים את המתחם.,train
מהי המדיניות הנוהגת לגבי עונש מאסר ממושך בעבודות שירות בעבירה של גרימת מוות ברשלנות?,"נקבע כי השתת עונש מאסר ממושך לנשיאה בעבודות שירות על מי שהורשע בגרימת מוות ברשלנות, אף בגין רשלנות בעבודה בענף הבנייה, אינה סוטה ממדיניות הענישה הנוהגת.",train
מדוע הנאשמים לא זכאים להקלות המיועדות למי שמודה בהזדמנות הראשונה?,"הנאשמים אינם זכאים לאותה הקלה המיועדת למי שמודה בהזדמנות הראשונה, ללא צורך בניהול הוכחות, תוך נטילת אחריות מלאה והבעת חרטה.",train
מהו מתחם העונש ההולם במקרה של גניבת מכשיר טלפון ללא תכנון מוקדם?,"כאשר מדובר בגניבת מכשיר טלפון אחד, ללא תכנון מוקדם, ללא תחכום, מתחם העונש ההולם יכול להתחיל במאסר מותנה.",train
מדוע העבירות בהן הורשע הנאשם נחשבות לחמורות יותר?,"לכן, העבירות בהן הורשע כאן חמורות יותר והן \בולעות\"" בתוכן את עבירת קבלת הדבר במרמה.""",train
מהו השיקול שיש לקחת בחשבון בעת גזירת העונש לנאשם מעבר לנסיבות ביצוע העבירה?,בגזירת העונש המתאים לנאשם יש להתחשב בנסיבות שאינן קשורות בביצוע העבירה.,train
מהי התוצאה האפשרית של עצימת עין מהפרות שלטון החוק?,עצימת עין מהפרת שלטון החוק בתחום אחד סופה שתביא לזלול בחוק גם בתחומי חיים אחרים.,train
מהו העיקרון שעליו יש להתבסס לקביעת מתחם העונש ההולם לפי תיקון 113 לחוק העונשין?,"בהתאם לתיקון 113 לחוק העונשין, יש לקבוע, בטרם קביעת העונש המתאים, (בגין כל אחד מהאירועים), מתחם עונש הולם למעשה העבירה בהתאם לעקרון ההלימה ותוך התחשבות במידת הפגיעה בערך החברתי, במדיניות הענישה הנהוגה ובנסיבות הקשורות בביצוע העבירה.",train
מהי הסיבה לכך שהמלצת שירות המבחן אינה תומכת בסיום תיק בלא הרשעה?,"המלצת שירות המבחן מבוססת על תהליך ראשוני ומעט מסוייגת, ולכן אינה תומכת במהלך חריג ביותר של סיום תיק בלא הרשעה.",train
מהו המסר שעלול להישלח לנפגעות תקיפה מינית אם העונש ייקבע לפי מידות הנאשם בלבד?,"לדעתי, הסתפקות בענישה צופה פני עתיד, כעתירת ההגנה, עלולה להחטיא את מטרות הענישה, ולשדר מסר שלילי כלפי נפגעות תקיפה מינית, לפיו העונש נגזר לפי מידותיו של הנאשם בלבד ולא לפי מידת הנזק שגרמו מעשיו.",train
מהי החשיבות של טווח הענישה בדיון על העונש בהסדר טיעון?,"מדובר בהסדר טיעון מסוג \טווח ענישה\"", ואף על פי כן, הדיון בשאלה העונש איננו מתקיים בחלל ריק, אלא מתכתב עם טווח הענישה שהוצג והכל בצל עקרונות תיקון 113 לחוק העונשין והרי הדעה הרווחת היא שבית המשפט אינו פטור מקיום דיון לפי תיקון 113 לחוק העונשין גם כאשר מוצג לו הסדר טיעון, אף הסדר מסוג טווח ענישה.""",train
מהו המצב הכללי של התסקירים שהוגשו לגבי עתיד הנאשם?,"התסקירים שהוגשו הם שליליים כאמור, שלא מציגים תמונה אופטימית לגבי העתיד ומכאן שלא ניתן לדבר על שיקום ועל טיפול.",train
מהו העיקרון המנחה לקביעת מתחם העונש ההולם לפי תיקון 113 לחוק העונשין?,"לפי תיקון 113 לחוק העונשין, יש לקבוע את מתחם העונש ההולם לפי העיקרון המנחה והוא עקרון ההלימה לפיו יש לקיים יחס הולם בין חומרת מעשה העבירה בנסיבותיו ומידת אשמו של הנאשם ובין סוג ומידת העונש המוטל עליו (סעיף 40ב לחוק העונשין).",train
כיצד יש למקם את עונשו של הנאשם בהתבסס על הנסיבות שנדונו?,"בהינתן האמור לעיל, יש למקם את עונשו של הנאשם קרוב יותר לתחתית המתחם.",train
מהי הסיבה להצבת העונש בתחתית המתחם במקרה זה?,כל אלה מצדיקים הצבתו של העונש בתחתית המתחם.,train
כיצד יכולות הנסיבות החריגות לאזן את העבר הפלילי של הנאשם במתחם העונש?,הנסיבות החריגות יכולות לפעול בתוך המתחם כשיקול נגדי שיאזן את העבר הפלילי של הנאשם ושאר הנסיבות עד כדי מאסר בפועל לתקופה קצרה ממש.,train
מהי ההחלטה לגבי עונשו של הנאשם בהתחשב בכל השיקולים שהוצגו?,"נוכח כל האמור לעיל, מצאתי לקבוע את עונשו העיקרי של הנאשם בשליש התחתון של המתחם שנקבע, לצד הטלת קנס מתון בהתחשב באופיין הכלכלי של העבירות מצד, ומצד שני בתקופת המאסר בפועל שתוטל עליו.",train
מהו ההבדל בין הורדת מינון לבין גמילה מלאה מהימורים?,"הנאשם רואה בהורדת המינון כהישג והצלחה המלמדים על גמילה מהימורים, אלא שלשיטתי גמילה משמעה התנתקות, בעוד שהורדת מינון היא שלב ביניים לכל היותר.",train
מהו הקשר בין הרכוש שנתפס לביצוע העבירות ולחילוטו?,"הרכוש שנתפס שימש לביצוע העבירות, וכן לא הובאו נימוקים לכך שיש להימנע מחילוט הרכוש.",train
"מהו המתחם העונשי שנקבע בפסיקה לעבירות החזקת סמים, לפי הזרם העיקרי?","למעין הדיוק, יאמר כי הזרם העיקרי בפסיקה מציג מתחם עונש שנע בין 6 חודשים ועד 18 חודשים, על אף שההגנה צודקת שניתן להקיש ממתחמי עונש לגבי כמויות גדולות יותר על המתחם, ואולי ניתן לאתר ענישה שנופלת מ-6 חודשים אך לא בהרבה.",train
מה מלמד הטיפול שעבר הנאשם על מאמציו לתקן את תוצאות העבירה?,"הטיפול הפרטי וגם זה שבמסגרת שירות המבחן, מלמדים על מאמציו של הנאשם לתקן את תוצאות העבירה.",train
מדוע עבירות כלכליות פוגעות בעיקרון השוויון הנשיאה בנטל המס?,"מעבר לפגיעה בקופה הציבורית, עבירות מסוג זה פוגעות גם בעיקרון השוויון הנשיאה בנטל המס ובחשיבות שימור מנגנון הדיווחים הנכונים לרשויות המס.",train
כיצד יש לשקול את השיקום של נאשם 1 ביחס למתחם העונש?,"הדבר יישקל אפוא כשיקול למיתון העונש בתוך המתחם, להבדיל מחריגה ממנו.",train
מהו המצב האישי של הנאשם שיכול להשפיע על גזירת העונש?,"המדובר בנאשם צעיר ללא עבר פלילי שעל פי בדיקות שתן נמצא כי איננו משתמש בסמים ומביע חרטה על מעשיו, התנהלותו הכללית תקינה ונורמטיבית, וההליך הפלילי היווה עבורו גורם מרתיע.",train
מהי ההנחה שיש להניח לטובת הנאשם בגבולות כתב האישום?,"יש להניח לטובת הנאשם את ההנחה הטובה ביותר מבחינתו, בגבולות כתב האישום.",train
מהי המסקנה בנוגע לנסיבות המיוחדות במקרה זה ביחס למתחם העונש ההולם?,"במקרה דנן לא מצאתי נסיבות מיוחדות המצדיקות סטייה ממתחם העונש ההולם, לחומרה או לקולה.",train
כיצד התייחס בית המשפט לטיעון התביעה לגבי המתחם שהוצע?,אפתח ואומר שטיעונו של התביעה בעניין המתחם שהוצע מקובל עליי.,train
מהו ההיבט החמור יותר במקרה של סיוע בפריצה מקצועית?,המקרה שלנו חמור יותר והוא מתייחס לסיוע במסגרת עבירה של פריצה מקצועית יחסית שהנזק שלה היה משמעותי.,train
מהי המסקנה שהוסקה בנוגע למדיניות הענישה במקרה של ריבוי מעשים ללא יחסי אמון?,"ניתוח הפסיקה לעיל, מוביל למסקנה שמדיניות הענישה הנוהגת על רקע נסיבות ביצוע העבירה בתיק דנן, על ריבוי המעשים וכיעורם, ללא האלמנט של יחסי אמון וקרבה (של הנאשם כאבי בן זוגה של המתלוננת), מתחיל מעונש מאסר שיכול שירוצה בעבודות שירות ועד 12 חודשי מאסר.",train
מהו מתחם העונש שנקבע בנסיבות המקרה לאחר consideration of the defects in the search?,"בנסיבות המקרה שלפניי, ולאחר שהבאתי בחשבון את הפגמים שנפלו בחיפוש, אני סבור שהמתחם מתחיל מ- 10 חודשי מאסר ועד 20 חודשי מאסר בפועל.",train
"מהו העונש שהוטל על הנאשם בהתחשב בהודאתו, גילו ובעברו הפלילי?","לאור כל האמור, ותוך התחשבות בהודאתו של הנאשם, בגילו, בעבר פלילי בעבירת סמים, מצאתי לגזור על הנאשם עונש מאסר בן 6 חודשים, בניכוי ימי מעצרו לפי רישומי שב\ס.""",train
כיצד משפיע האיחור בהגשת הדוחות ובתשלום המס על ערך השוויון בנשיאה בנטל המס?,יש באיחור בהגשת הדוחות ובתשלום המס לפיהם משום פגיעה בערך השוויון בנשיאה בנטל המס.,train
מהו מתחם העונש ההולם בעניינו של נאשם 3 בהתחשב בנסיבותיו?,"ריבוי המשמרות, המקרים והעסקאות מחד, והתמורה הכספית הזעומה ושאר הנסיבות המקלות מאידך, ועל רקע העקרונות הכללים בתיקון 113 לחוק העונשין, מתחם העונש ההולם בעניינו של נאשם 3 נע בין מאסר בפועל לתקופה של 12 ועד למאסר בן 24 חודשים, לצד ענישה נלווית של מאסר מותנה וקנס כספי.",train
מדוע הזמנת תסקיר שירות המבחן בתיקי מסים איננה מובנת מאליה?,"מלכתחילה, הזמנת תסקיר שירות המבחן בתיק מסוג זה איננה מובנת מאליה, באשר, כידוע, בתיקי מסים האינטרס האישי ניגף מפני האינטרס הציבורי.",train
"מהו העיקרון המנחה לגבי הענישה במקרה זה, בהתחשב בעתידו של הנאשם?","יש מקום לאפשר שוליים של ענישה צופה פני עתיד בתחתית המתחם, לצד רכיבי עונש נוספים.",train
כיצד משפיע העדר עבר פלילי והודאת הנאשם על גזירת העונש?,"לזכות הנאשם, יש להביא בחשבון כי המדובר באדם נטול עבר פלילי שהודה (על אף ההסתייגויות לעיל) וחסך בזמן שיפוטי.",train
מהי ההתרעה של שירות המבחן בנוגע לעונש מאסר והשפעתו על שיקום הנאשם?,שירות המבחן התריע מפני פגיעה קשה מדי של עונש מסוג מאסר בפועל ולו בעבודות שירות בשיקומו של הנאשם.,train
מהי ההזהרה שנקט בית המשפט בנוגע לניהול המשפט וכפירת הנאשם?,"למרות כל האמור, וכמצוות הדין, הזהרתי עצמי לבל אזקוף לחובת הנאשם ניהול המשפט וכפירתו (ראו סעיף 40יא(6) לחוק העונשין).",train
מהו הנזק שגורם האיחור בהגשת הדוחות למנגנון האכיפה של הרשות?,ברי שהאיחור בהגשת הדוחות גורם לנזקים למנגנון האכיפה ומשבש עבודת הרשות.,train
מהי המסקנה לגבי נסיבות מיוחדות במקרה זה ביחס למתחם העונש ההולם?,"במקרה דנן לא מצאתי נסיבות מיוחדות המצדיקות סטייה ממתחם העונש ההולם, לחומרה או לקולה.",train
מהו המסר שהשופט מבקש להעביר לנאשם באמצעות גזר הדין?,"אני סבור שבנסיבות התיק מקרה זה שייך לאותם מקרים שעל בית המשפט לגזור מאסר בפועל גם אם הוא קצר, וזאת על מנת להעביר מסר לנאשם על מנת להתירו מהמשך ביצוע עבירות אלימות בכלל ובפרט בתוך כותלי ביתו.",train
כיצד משפיעה הצטברות האירועים על גזירת העונש לנאשם?,"לאחר שעיינתי באישומים השונים, ושקלתי את החומרה היחסית של כל אירוע בנפרד, לאחר שהגעתי למסקנות באשר למיקום העונש בתוך המתחמים, כאשר האירועים, כל אחד לעצמו, אינם עומדים ברף חומרה גבוה יחסית, אך הצטברותם מטרידה ומכבידה, מצאתי כי לאחר מיקום העונש בחלק האמצעי של המתחם, נכון לגזור עונש מאסר כולל אחד בגין האירועים השונים.",train
כיצד השפיע הפער המצומצם בעתירת הצדדים על קביעת טווח הענישה?,"לנוכח הפער המצומצם בעתירת הצדדים, ששניהם טענו למאסר בפועל שיכול שירוצה בעבודות שירות, כאשר המחלוקת ביניהם הצטמצמה לאורך התקופה, יש לראות בהסכמה בין הצדדים כטיעון בנסגרת \טווח ענישה\"" מוסכם.""",train
מהו הכלל לגבי חריגה ממתחם העונש ההולם במקרה של שיקום הנאשם?,"(ב) היו מעשה העבירה ומידת אשמו של הנאשם בעלי חומרה יתרה, לא יחרוג בית המשפט ממתחם העונש ההולם, כאמור בסעיף קטן (א), אף אם הנאשם השתקם או אם יש סיכוי של ממש שישתקם, אלא בנסיבות מיוחדות ויוצאות דופן, לאחר שבית המשפט שוכנע שהן גוברות על הצורך לקבוע את העונש במתחם העונש ההולם בהתאם לעיקרון המנחה, ופירט זאת בגזר הדין.",train
מדוע יש להתחשב בתנאים המגבילים בהם שהו הנאשמים במהלך ההליך המשפטי?,יש להתחשב בתנאים המגבילים בהם שהו הנאשמים לאורך זמן בצל ההליך המשפטי.,train
מהו ההבדל המרכזי בין אופן ביצוע העבירות השונות שנדונו במקרה זה?,אופן ביצוע העבירה הוא שונה ולכן לא ניתן לקבל את השקפתו של הסניגור לפיה מדובר באירוע אחד.,train
מהי הסיבה לכך שהנאשם לא הותיר לבית המשפט ברירה אלא להורות על מאסרו בפועל?,"הדחיות שניתנו בתיק נועדו לאפשר לנאשם להתייצב שוב אצל הממונה על עבודות השירות, ואולם הנאשם סיכל בפועל את ההזדמנויות שניתנו לו ולמעשה לא הותיר לבית המשפט ברירה ממשית אלא להורות על מאסרו בפועל מאחורי סורג ובריח.",train
מדוע יש להתייחס לאירועים שונים כאירוע אחד בקביעת מתחם עונש הולם?,"לאור הדמיון בין העבירות השונות, על אף שמדובר בתיקים ובאישומים שונים וחמורים, מצאתי שנכון להתייחס לאירועים כאירוע אחד ולקבוע מתחם עונש הולם אחד כולל.",train
מהו המצב המשפטי לגבי השפעת הנסיבות האישיות על תכלית הענישה?,"כל אלה יילקחו בחשבון, אך אין בהם, לצערי, לבטל את תכלית הענישה.",train
מהי המגמה שניתן לזהות בענישה בעבירות מסוג זה?,לא ניתן להתעלם ממגמת ההחמרה בענישה בעבירות מסוג זה.,train
מהו השיקול שהוביל להקל בעונש הנאשם מעבר למתחם הגבוה האפשרי?,"ברגיל היה נכון להשית על הנאשם עונש מאסר ברף הגבוה האפשרי, אך לאור מצבו האישי של הנאשם כפי שתיארתי, אקל עמו אף מעבר לכך.",train
מהו השיקול שצוין כמשפיע על ההבנה האובייקטיבית של הפרשה המורכבת?,"אכן מדובר בפרשה רחבה ומורכבת, אך לשיקול חלוף הזמן משקל בהביט האובייקטיבי.",train
אילו שיקולים לקחה התביעה בחשבון כאשר הסכימה להקל בסעיף האישום?,"רוצה לומר שהתביעה בהסכמתה להצעת הנאשמת להקלה בסעיף האישום, לקחה בחשבון שיקולים שונים וביניהם הסכמת הנאשמת לענישה הכוללת בתוכה מרכיב של מאסר בעבודות שירות.",train
כיצד השפיעו תסקירי שירות המבחן על ההמלצה לעונש במקרה זה?,"תסקירי שירות המבחן אמנם חיוביים בשורה האחרונה, ובהם המלצה להימנע ממאסר בפועל מאחורי סורג ובריח, אך אינם מצביעים על שיקום בפועל או על סיכוי ממשי לשיקום.",train
מהו המצב המשפטי המאפשר הצבת העונש בתחתית המתחם בעקבות שיקול שיקומי?,"מכלל האמור לעיל, עולה שהתגברות האינטרס השיקומי על העבר הפלילי בתוך המתחם, עד כדי הצבת העונש בתחתיתו, היא אפשרות קיימת ומסתברת.",train
מהו השיקול שהוביל את בית המשפט להחליט לא להקל בעונש מעבר למתחם שנקבע?,"אחרי שקבעתי שמתחם העונש יכול לסבול עונש מאסר מסוג זה, אינני יכול לסטות מלהקל מעבר לכך.",train
אילו נסיבות יש לקחת בחשבון בעת גזירת העונש לנאשם בעבירה זו?,"בגזירת העונש המתאים לנאשם יש להתחשב בנסיבות שאינן קשורות בביצוע העבירה, גילו הצעיר של הנאשם, עברו הנקי, השתלבותו בתהליך טיפולי, אי פתיחת תיקים חדשים, ניקיון מסמים, התרשמות ממוטיבציה פנימית חיובית ופוטנציאל לעתיד נורמטיבי.",train
מדוע נכון לנקוט בגישה מחמירה בשלב העונש במקרי תאונות עבודה?,"לנוכח ריבוי מקרי תאונות העבודה הקטלניות בשנים האחרונות, תאונות שפוגעות בעיקר בשכבות מוחלשות בחברה, נכון לנקוט בגישה מחמירה בשלב העונש.",train
"כיצד עשוי רכיב של של\צ או עבודות שירות להשפיע על הנאשם ומשפחתו?""","השתת רכיב של של\צ או עבודות שירות, עלולים לפגוע בנאשם ובמשפחתו יתר על המידה ואולי לערער את היציבות התעסוקתית ולפגוע אגב כך במאמצים של בני הזוג לשמור על יציבות במישור היחסים ביניהם.""",train
מהי המסקנה לגבי הפסיקה שהגיש הסנגור ביחס למקרה הנוכחי?,"אציין כי עיינתי בפסיקה שהגיש הסנגור, לא מצאתי כי יש בה להעלות או להוריד מפסקי הדין שהובאו מעלה, אך אדגיש כי חלק מהמקרים עסקו בנאשמים בעלי נסיבות אישיות מיוחדות, סטייה מהמתחם משיקולי שיקום, הסדרי טיעון או הסרת המחדל (באופן משמעותי או מלא), כל זאת שלא בדומה למקרה שלפנינו.",train
מה העריך שירות המבחן לגבי סיכון ההישנות של עבירות לאחר טיפול הנאשם?,"שירות המבחן שקל את המוטיבציה, ואת השתלבות הנאשם בטיפול, את ההערכה כי בסיום הטיפול יפחת הסיכון להישנות עבירות, בפרט בתחום שינוי בגישתו, התנהלותו וחשיבתו של הנאשם.",train
מדוע סבר בית המשפט שעונש של שלוש שנים מספיק להשגת תכליות הענישה?,"אכן, ניתן היה לגזור עונש חמור יותר על הנאשמת, אך לשיטתי, די בעונש זה כדי להשיג את תכליות הענישה השונות.",train
מהו העיקרון שעליו יש להתבסס בקביעת מתחם העונש ההולם לעבירה?,"בהתאם לתיקון 113 לחוק העונשין, יש לקבוע, בטרם קביעת העונש המתאים, מתחם עונש הולם למעשה העבירה בהתאם לעקרון ההלימה ותוך התחשבות במידת הפגיעה בערך החברתי, במדיניות הענישה הנהוגה ובנסיבות הקשורות בביצוע העבירה.",train
כיצד משפיע כוח המיקוח של הצדדים על טווח הענישה לעומת מתחם הענישה?,"ברמה המהותית, טווח ענישה משקף את התוצאה של כוח המיקוח של כל אחד מן הצדדים להליך בנסיבות העניין, ולעומת זאת מתחם ענישה משקף קביעה נורמטיבית של בית המשפט בדבר האיזון הראוי בין השיקולים הרלבנטיים הקבועים בחוק.",train
מה המליץ שירות המבחן לגבי סוג הענישה המתאימה לנאשם?,שירות המבחן המליץ על ענישה מוחשית שתבהיר ותחדד עבור הנאשם את חומרת מעשיו.,train
מהו הגורם המרכזי שמשפיע על משך המאסר שנגזר על הנאשם?,"משך המאסר נגזר מהסכום שנגזל מקופת המדינה, תקופת העבירות, ריבוי המעשים, ונסיבות מיוחדות של ביצוע העבירות.",train
כיצד מתאר השופט את מיקום העונש במקרה זה?,לשיטתי מדובר במקרה מובהק של מיקום העונש בתחתית המתחם.,train
מהו השיקול שהוביל להכרזה על הנאשם כסוחר סמים לצורך חילוט הכספים?,"לגוף העניין, הכמות \המסחרית\"" פי למעלה מ- 100 מהכמות הקבועה בחוק לעניין חזקה שלא לצריכה עצמית, בצירוף נסיבות ביצוע העבירה אליהן נחשפתי במהלך שמיעת הראיות, מצדיקה הכרזה, גם אם מאוחרת, על הנאשם כסוחר סמים לצורך חילוט הכספים.""",train
כיצד התביעה מתארת את עמדתה ביחס לשיקולים לחומרה נגד הנאשם?,"עמדה זו התביעה היא עמדה מתונה שאיננה מובנת אליה כלל ועיקר, וזאת לנוכח השיקולים לחומרה הרבים הפועלים לחובתו של הנאשם (בתוך המתחם).",train
"מהו העונש המתחם שיכול להתאים לשתי העבירות במקרה זה, בהתחשב בחומרת הגניבה?","סבורני שביחס לשתי העבירות המתחם יכול לסבול עונש מאסר מותנה עם רכיבי ענישה נלווים, תוך שביהמ\ש ער לחומרה היחסית של גניבת מכשיר טלפון לנוכח דבריו הברורים של ביהמ\""ש העליון בע\""פ 8627/14 דביר נ' מדינת ישראל (שמתייחס לחשיבות מכשיר הטלפון בחייו של האדם בזמן המודרני, על אף שמדובר בעבירות של מעשי שוד שטלפונים סלולריים מקימים).""",train
מהו מתחם העונש ההולם שנקבע במקרה זה?,"לאור כלל האמור לעיל סבורני כי מתחם העונש ההולם נע בין מאסר על תנאי לצד צו של\צ ועד לעשרה חודשי מאסר בפועל.""",train
מה מצופה מבית המשפט במאבק נגד תופעת הסמים בחברה?,מצופה מבית המשפט להרים תרומתו למלחמה בנגע הסם שפשה בחברה.,train
מהו המשקל שיש לשיקול של התחלקות באחריות כאשר הפער בין הצדדים הצטמצם?,"כאשר הפער בין הצדדים, הצטמצם למשך תקופת המאסר בעבודות שירות, יש לשיקול זה של התחלקות באחריות, משקל ממשי.",train
מהי ההשפעה של עבירה פלילית על בעל מקצוע ביחס לעיסוקו?,"בעל מקצוע שעבר עבירה פלילית שמפאת מהותה, חומרתה או נסיבותיה אינו ראוי לעסוק במקצוע או בעבירה כאמור שיש לה השלכה על עיסוקו.",train
מדוע לא ניתן לסטות מהמתחם לקולא על סמך שיקולי שיקום במקרה זה?,"אינני סבור שניתן לסטות מהמתחם לקולא משיקולי שיקום, על אף התסקיר החיובי שהוגש בעניינו של הנאשם.",train
כיצד יש לבחון את ההסדר הטיעון לאור טענות הצדדים במהלך ההליך?,"בעצם ההגעה להסדר טיעון, מוותרים שני הצדדים, על חלק מטענותיהם שהועלו בעבר במהלך ניהול ההוכחות, ולכן בית המשפט אמור לבחון את ההסדר בצל ההסכמות כפי שבאו לידי בהסדר הטיעון ובכתב האישום המתוקן, כשהוא מודרך בעקרונות תיקון 113 לחוק העונשין.",train
כיצד משפיעים גילו הצעיר של הנאשם והעדר עבר פלילי על קביעת המתחם לעונש?,"בתוך המתחם, יש לקחת בחשבון את גילו הצעיר של הנאשם, יליד 2002, נעדר עבר פלילי שהודה בהזדמנות הראשונה, אך מאידך אין להתעלם מהממצאים שעלו מהתסקיר לפיהם הנאשם לא הגיע לבדיקות השתן ובבדיקה אחת נמצאו שרידי סם, אף שמבדיקות נוספות (במסגרת התסקיר הראשון) הבדיקות נמצאו נקיות משרידי סם.",train
מהו המשקל שיינתן לקשיים הראייתיים בהקשר להודאת הנאשם בשלב גזר הדין?,"לעניין המשקל שיינתן להודאת הנאשם חרף קשיים ראייתיים, מצאתי להבהיר שאני ער לכך שהמשקל שיינתן לקשיים הראייתיים, כך בדרך כלל, יבוא לידי ביטוי בתיקון כתב האישום או בעמדות הצדדים לעניין העונש, ואין ליתן לשיקול זה משקל נוסף בשלב גזר הדין, כך פסק בית המשפט העליון ברע\פ 1807/22 פלוני נגד מדינת ישראל (2022), ואולם כאמור כפי שציינתי לעיל, ההתחשבות בקושי הראייתי היא בהענקת משקל עודף להודאתו של הנאשם חרף אותם קשיים ראייתיים, על המשתמע מכך מבחינת ההשפעה של ההודאה, והסדר הטיעון בעקבותיה, על העונש בסופו של דבר.""",train
מהו הצורך בהגשת מסד עובדתי מעובה יותר לצורך גזירת הדין במקרה זה?,"לנוכח הניסוח התמציתי של כתב האישום, ושאלות רבות ללא מענה בו, על רקע הפערים (הגדולים) בין עמדות הצדדים לעונש (40 חודשי מאסר לעומת צו של\צ), ובצל מדיניות הענישה המחמירה בעבירות מס, בפרט לנוכח סכום ההשתמטות הגבוה, סבורני שיש לעשות מאמץ נוסף על מנת שיונח בפני בית המשפט מסד עובדתי מעובה יותר עליו יושתת גזר הדין.""",train
מדוע לא נמצאו נסיבות מיוחדות המצדיקות סטייה ממתחם העונש ההולם במקרה זה?,"במקרה דנן לא מצאתי נסיבות מיוחדות המצדיקות סטייה ממתחם העונש ההולם, לחומרה או לקולה, ואף לא נטען לכך.",train
מהו העיקרון שעל בית המשפט להתחשב בו לפני קביעת העונש המתאים לעבירה?,"בהתאם לתיקון 113 לחוק העונשין, יש לקבוע, בטרם קביעת העונש המתאים מתחם עונש הולם למעשה העבירה בהתאם לעקרון ההלימה ותוך התחשבות במידת הפגיעה בערך החברתי, במדיניות הענישה הנהוגה ובנסיבות הקשורות בביצוע העבירה.",train
כיצד משפיע ההליך הטיפולי המוצלח על מיקום העונש במתחם הענישה?,ההליך הטיפולי המוצלח פועל כאפקט נגד לעבר הפלילי ולשיקולים נוספים לרבות הרתעה אישית וכל אלה מצדיקים מיקום העונש בכל זאת בתחתית המתחם.,train
מהו הטיעון שהצדיק את הסטייה מהמתחם בענישת הנאשם?,סברתי שיש לשקף טיעון זה לענין העונש והדבר בנסיבותיו של בתיק שבפניי מצדיקות סטייה מהמתחם.,train
מהי ההנחה לגבי ההפרדה בין שלבי קביעת העונש?,"ההנחה היא שההפרדה בין השלבים, תוך קביעת גבולות גזרת העונש לפי נתונים אובייקטיביים טהורים, עשויה לתרום להכרעה נטולת הטיות, צודקת מחד, ואף שוויונית יותר מאידך.",train
מהו העיקרון שעליו יש להתבסס לקביעת מתחם העונש ההולם לעבירה לפי תיקון 113 לחוק העונשין?,"בהתאם לתיקון 113 לחוק העונשין, יש לקבוע, בטרם קביעת העונש המתאים, (בגין כל אחד מהאירועים), מתחם עונש הולם למעשה העבירה בהתאם לעקרון ההלימה ותוך התחשבות במידת הפגיעה בערך החברתי, במדיניות הענישה הנהוגה ובנסיבות הקשורות בביצוע העבירה.",train
מדוע יש להתחשב בחלקו של הנאשם ובמעשיו המתוכננים בעת קביעת העונש?,"אין להתעלם מחלקו של הנאשם, החבירה לאחר, שהעובדה שמדובר במעשים מתוכננים, מהנזק שנגרם, והנזק שהיה צפוי להיגרם.",train
מדוע הוחלט להטיל פיצוי לטובת המתלוננים במקרה זה?,לאור ההיבט הכלכלי על העבירות שבוצעו על ידי הנאשם ולאור הנזקים שגרם במעשיו אין מנוס מהטלת פיצוי לטובת המתלוננים.,train
מהי המסקנה שהגעת אליה לגבי השיקום של הנאשם והשפעתו על סטייה מהמתחם?,"לאחר שבחנתי את הדברים, ועל אף הנטען ומסקנות שירות המבחן, הגעתי למסקנה שאין לפניי שיקום משמעותי כזה שיצדיק סטייה מהמתחם.",train
מהו העיקרון שעליו יש להתבסס לקביעת מתחם העונש ההולם במקרה של עבירה פלילית?,"בהתאם לתיקון 113 לחוק העונשין, יש לקבוע, בטרם קביעת העונש המתאים, (בגין כל אחד מהאירועים), מתחם עונש הולם למעשה העבירה בהתאם לעקרון ההלימה ותוך התחשבות במידת הפגיעה בערך החברתי, במדיניות הענישה הנהוגה ובנסיבות הקשורות בביצוע העבירה.",train
מדוע לא התקבלו טענות הנאשם לגבי התמכרותו לסמים?,"עוד לא ניתן לקבל טענות הנאשם שהעבירות בוצעו על רקע התמכרותו לסמים, זאת לאור ממצאי התסקיר לפיהם הנאשם היה מכור לפני 9 שנים ומאז נגמל (מסמים קשים).",train
מהו הפוטנציאל להצלחה בהליך השיקומי שנמצא בעקבות התרשמות שירות המבחן ובני משפחת הנאשם?,"השילוב בין התרשמות שירות המבחן והתרשמותי שלי, לבין התגייסות בני משפחתו, לרבות אחיו ואשתו, מלמד על זיהוי של פוטנציאל להצלחה בהליך השיקומי.",train
כיצד משפיעה תדירות העבירות על הערכת קושי בשליטה עצמית של הנאשם?,"העבירות המתוארות אומנם אינן ברף הגבוה של החומרה, אולם תדירות המקרים והעובדה שהנאשם לא נרתע מלבצע העבירות בשנת 2020, הגם שכבר נעצר בעקבות האירוע משנת 2017 מלמדים על קושי בשליטה עצמית.",train
מדוע לא נמצאה עילה לחריגה מהמתחם שנקבע בעניינו של הנאשם?,לא מצאתי סיבה או עילה לחריגה מהמתחם משיקולי שיקום או מסיבה אחרת וזאת על רקע שני תסקירים שהוגשו על ידי שירות המבחן.,train
מהן הנסיבות האישיות והמשפחתיות שהשפיעו על ההחלטה בעניינו של הנאשם?,"הודייתו של הנאשם בכתב אישום שתוקן באופן משמעותי ביותר, נטילת האחריות מצדו, אף ללא הסכמה עונשית, והחיסכון בזמן השיפוטי והתהליך החיובי בשירות המבחן, נסיבותיו האישיות, הפגיעה של ההרשעה והעונש בנאשם, לרבות בשל גילו, ופגיעתן במשפחתו, תקופת מעצרו של הנאשם והזמן שחלף מאז שחרורו.",train
כיצד מתארת הנאשמת את אורח חייה העברייני והשפעתו על הקורבנות?,"בכך גילתה הנאשמת תעוזה רבה והיצמדות עיקשת לאותו אורח חיים עברייני, בו פרנסתה באה על חשבון אותו קהל קשישים תמימים, בבחינת אני ואפסי עוד.",train
מהן הנסיבות שנלקחו בחשבון בקביעת המתחם לעונש במקרה זה?,"בקביעת המתחם לקחתי בחשבון את הנסיבות הקשורות בביצוע העבירה, ואשר פורטו בהרחבה לעיל.",train
מהו האיזון המיוחס לפתרון המוצע בין האינטרס הציבורי לפרטי במקרה זה?,"הפתרון המוצע לעיל, הוא פתרון שיש בו איזון בין הערכים המתנגשים ומהווה פתרון מידתי המאזן בין האינטרס הציבורי בסיכול בנייה בלתי חוקית, לבין האינטרס הפרטי של הנאשמים שלא ייפגעו מעבר למידה הדרושה לצורך הגשמת מטרה זו.",train
כיצד יש לראות את עברו הפלילי של הנאשם בהקשר לעבירה הנוכחית?,"יש לראות בעברו של הנאשם כעבר פלילי רלוונטי, טרי ואף מטריד.",train
מהו המיקום המתאים לעונשו של הנאשם במתחם העונש שנקבע?,"לאור כל האמור, נכון למקם את עונשו של הנאשם באמצע המתחם, ולא בתחתיתו.",train
כיצד יש לשלב רכיב של שירות לתועלת הציבור במתחם העונש?,"בעניין זה אעיר כי אכן ניתנו על ידי גזרי דין בעבר, אולם אני סבור שעל המתחם לכלול בתוכו רכיב של של\צ ולו לתקופה מצומצמת.""",train
מהו הסטנדרט שנקבע בפסיקה לסטייה מהמתחם?,הסטנדרט שנקבע בפסיקה בעניין סטייה מהמתחם הוא סטנדרט גבוה.,train
מה הייתה הסיבה לדחיות שנעשו במהלך ההליך המשפטי?,הדחיות נעשו לבקשת ההגנה ועל מנת לאפשר לנאשם למצות כל זיק וכל ניצוץ של הליך שיקום ואולם הנאשם פעל באופן עקבי על מנת לנעול כל דלת שנפתחה בפניו.,train
אילו נתונים לקח בית המשפט בחשבון במסגרת הנסיבות שאינן קשורות בביצוע העבירה?,"במסגרת הנסיבות שאינן קשורות בביצוע העבירה לקחתי בחשבון את הנתונים הבאים: העדר עבר פלילי, הודיה ללא צורך בניהול משפט הוכחות, חיסכון זמן שיפוטי, אי העדת המתלוננת, נכונותו להשתלב בהליך טיפולי, מצבו האישי והכלכלי והחשש מפני פגיעה קשה ובלתי הפיכה של עונש מאסר בפועל (גם בעבודות שירות).",train
כיצד יש לגזור את מתחם העונש במקרה של נאשם שסייע לעבירה?,אני מסכים עם טענתו של הסנגור לפיה עליי לגזור את מתחם העונש בתיק זה כנגזרת ממתחם העונש שהייתי קובע אילו מדובר היה במבצע עיקרי.,train
מהן השיקולים שעל בית המשפט לשקול לקביעת מתחם העונש ההולם?,"לצורך קביעת מתחם העונש ההולם, על בית המשפט לזהות את הערכים המוגנים בבסיס העבירות המיוחסות לנאשם, מידת הפגיעה באותם ערכים, מדיניות הענישה הנוהגת ונסיבות ביצוע העבירה.",train
מהו מתחם העונש ההולם שנקבע במקרה זה לגבי הנאשם?,"לאור כל האמור לעיל סבורני כי מתחם העונש ההולם בכל הנוגע לעונש המאסר במקרה דנן הוא בין מאסר על תנאי ורכיבי ענישה נוספים ועד חצי שנת מאסר בפועל (שאינם כוללים רכיבי הענישה הנוספים כגון מאסר על תנאי, קנס ופיצוי).",train
כיצד השיקום רלוונטי לעבירות בהן הורשע הנאשם?,"השני, השיקום רלוונטי לעבירות בהן הורשע במובן זה שמתקיים קשר ומתאם בין השיקום לבין הסיבות לביצוע העבירה.",train
כיצד משפיעה תדירות העבריינות של הנאשם על הערכת יכולת השליטה העצמית שלו?,"העבירות המתוארות אומנם אינן ברף הגבוה של החומרה, אולם תדירות המקרים והעובדה שהנאשם לא נרתע מלבצע העבירות בשנת 2020, הגם שכבר נעצר בעקבות האירוע משנת 2017 מלמדים על קושי בשליטה עצמית.",train
מהו מתחם העונש ההולם במקרה של הנאשם לפי ההכרעה?,לאור כלל האמור לעיל סבורני כי מתחם העונש ההולם במקרה דנן הוא בין מספר חד ספרתי גבוה של חודשי מאסר ועד 24 חודשי מאסר.,train
מהו הרף החומרה של המקרה בהקשר לאיומים שהופנו לעובדת הסוציאלית?,"סופו של דבר, ולגבי נסיבות ביצוע העבירה, אין מדובר באיומים שהופנו כלפי העובדת הסוציאלית בפגיעה בה באופן אישי והנסיבות הכוללות מציבות את המקרה ברף חומרה שאיננו זניח כלל ועיקר, אך איננו מצוי ברף חומרה גבוה במיוחד.",train
מהו העיקרון שעליו יש להסתמך לקביעת מתחם העונש לפני קביעת העונש המתאים?,"בהתאם לתיקון 113 לחוק העונשין, יש לקבוע, בטרם קביעת העונש המתאים, (בגין כל אחד מהאירועים), מתחם עונש הולם למעשה העבירה בהתאם לעקרון ההלימה ותוך התחשבות במידת הפגיעה בערך החברתי, במדיניות הענישה הנהוגה ובנסיבות הקשורות בביצוע העבירה.",train
כיצד התייחס בית המשפט לפסיקה הקודמת בנוגע לעונשים בתיקים דומים?,"בית המשפט לא התעלם מפסיקה לפיה הוטלו עונשים של מאסר בפועל בתיקים מסוג זה, אך מצד שני, הפנה לפסיקה מקלה בתחום.",train
מהי השאלה שנדונה בפסיקה לגבי הכרה בשיקום או סיכוי לשיקום?,הפסיקה דנה בשאלה באילו נסיבות יכיר בית המשפט בקיומו של שיקום או סיכוי של ממש לשיקום באופן שיצדיק חריגה ממתחם העונש.,train
מהו הגורם המרכזי שעליו נשענת קביעת מתחם העונש במקרה זה?,קביעת מתחם העונש האמור נשענת בראש ובראשונה על נסיבות ביצוע העבירות.,train
מהו השיקול המרכזי שיש לקחת בחשבון בעת קביעת העונש לנאשם?,"לאחר שעמדתי על נסיבות ביצוע העבירה, ועל מידת אשמו של הנאשם, יש להתייחס לערכים המוגנים בבסיס העבירה ולמדיניות הענישה הנהוגה.",train
מהי הסיבה לכך שלא נמצאו נסיבות מיוחדות המובילות לסטייה ממתחם העונש ההולם?,"במקרה דנן לא מצאתי נסיבות מיוחדות המצדיקות סטייה ממתחם העונש ההולם, לחומרה או לקולה.",train
מהי המשמעות של כך שאין אפשרות לריצוי העונש בעבודות שירות עבור הנאשם?,"נלקח בחשבון שאפשרות לריצוי העונש במאסר בעבודות שירות איננה קיימת ולמעשה מדובר במאסר בפועל ראשון מאחורי סורג ובריח בחייו של הנאשם, והכל יובא בחשבון לעניין משך התקופה.",train
מהי עמדת התביעה לגבי מיקום העונש במתחם?,"התביעה הסכימה שיש למקם את העונש ברף התחתון במתחם, ולכן לא ארחיב בעניין ואציין כי שירות המבחן שהמלצתו הגיעה עד כדי ביטול ההרשעה, הציג דיאגנוזה חיובית לגבי הליך הטיפול והשיקום שעבר הנאשם, מדובר בנאשם נעדר הרשעות קודמות, הוא במיוחס לו ללא צורך בשמיעת עדויות, נטל אחריות מצדו, אף ללא הסכמה עונשית, וחסך מעדותה של המתלוננת וגם בזמן השיפוטי.",train
מה יש לקחת בחשבון לגבי מאמצי הנאשם להסרת המחדל למרות התנהלות דיונית קלוקלת?,"למרות האמור, והגם שהנאשם לא הסיר חלק משמעותי מהמחדל, לא ניתן להתעלם ממאמציו, חרף התנהלות דיונית קלוקלת, להסיר את המחדל.",train
כיצד השפיע עברו הפלילי של הנאשם על קביעת העונש במתחם?,"כאן המקום להזכיר שלנאשם עבר פלילי רלוונטי (בעבירת גידול והחזקת סמים משנת 2013), כך שלו עונשו של הנאשם היה נקבע בתוך המתחם, יש להניח שנכון היה למקמו שלא ברף בתחתון של המתחם.",train
מהו טווח הקנס שנקבע על ידי בית המשפט במקרה זה?,"בתוך התחשבות בשיקולים השונים, אני קובע כי מתחם הקנס נע בין 20,000-65,000 ₪.",train
מהו העיקרון המשפטי שמגביל את בית המשפט בהתייחסות לעונש לפי תיקון 113 לחוק העונשין?,"אשר לעתירת הסנגור לדחיית הדיון לצורך קבלת חוות דעת ממונה, אומר שתיקון 113 לחוק העונשין, מחייב את בית המשפט לשקול את הענישה לפי פרמטרים מוגדרים – איננו מאפשר כאמור התייחסות מקלה, על אף התסקיר והעבר הפלילי.",train
מהי ההשפעה של הודיית הנאשם על קביעת העונש?,"לקחתי בחשבון לקולה את הודיית הנאשם בעובדות כתב האישום המתוקן והחיסכון המשמעותי בזמן שיפוטי בשמיעת הראיות, הקשיים הנפשיים מהם סובל הנאשם לנוכח הטראומה המשפחתית כפי שעלו בתסקיר שירות המבחן.",train
"מדוע המליץ שירות המבחן להטיל על הנאשם צו מבחן וצו של\צ?""","ולכן, ולנוכח חשיבות המשך טיפול בעניינו, שירות המבחן שב והמליץ להטיל עליו צו מבחן וצו של\צ.""",train
מהי ההשפעה של המלצת שירות המבחן על האינטרס הציבורי בענישה?,"המלצת שירות המבחן לענישה שאיננה כוללת רכיב ענישה ממשי, ללא מאסר בפועל ואף לא מאסר שירוצה בעבודות שירות ואף לא שעות לתועלת הציבור (צו מבחן בלבד), יש בה משום פגיעה באינטרס הציבורי בענישה ממשית כשמדובר בשלושה אירועים של עבירות חמורות, בפרט עבירות ההתפרצות לדירות מגורים.",train
כיצד מתאר הסדר הטיעון שהוצג בתיק זה את עקרונות תיקון 113 לחוק העונשין?,הסדר הטיעון שהציגו הצדדים בתיק זה הוא סביר ומאוזן ועולה בקנה אחד עם עקרונות תיקון 113 לחוק העונשין.,train
"מהי המסקנה לגבי מיקום עונשו של הנאשם במתחם העונש, בהתבסס על הודאתו ונתונים נוספים?","מלבד הודאתו של הנאשם, שאר הנתונים מובילים למסקנה שיש למקם את עונשו של הנאשם באמצע המתחם דווקא.",train
מהו העיקרון שעליו יש להסתמך לקביעת מתחם העונש ההולם לעבירה לפי תיקון 113 לחוק העונשין?,"בהתאם לתיקון 113 לחוק העונשין, יש לקבוע, בטרם קביעת העונש המתאים מתחם עונש הולם למעשה העבירה בהתאם לעקרון ההלימה ותוך התחשבות במידת הפגיעה בערך החברתי, במדיניות הענישה הנהוגה ובנסיבות הקשורות בביצוע העבירה.",train
כיצד השפיע התהליך החיובי שעבר הנאשם על ההחלטה בנוגע להמשך העסקתו?,"עם זאת, לא ניתן להתעלם מהתהליך החיובי שעבר הנאשם וההתרשמות החיובית של שירות המבחן ובטוחני שגורם מוסמך ידון בעניינו של הנאשם בכל הנוגע להמשך העסקתו ישים לנגד עיניו נתונים חיוביים אלו.",train
כיצד משפיעה הסתבכות חוזרת על עמידה בדרישות הלכת תמר כתב?,העובדה שי מדוב בהסתבכות חוזרת בתוך פרק זמן של כחודש לכאורה לא עומדת באחת הדרישות בהלכת תמר כתב לעניין הסתבכות חריגה ובודדת בנוף חייו של הנאשם.,train
מדוע לא מצא בית המשפט עילה לסטות מהמתחם המומלץ?,אלא שאני חולק על ההגנה שכן לא מצאתי בנסיבות תיק זה עילה לסטות מהמתחם.,train
מהי ההשפעה של נסיבות אישיות ומצבו של הנאשם על מיקום העונש במתחם?,"תוך התחשבות בנסיבות האישיות ומצבו הרפואי והכלכלי של הנאשם, הודאתו, העדר הרשעות קומות שהוצגו, אני סבור שיש במקרה במיוחד שלפניי למקם את עונשו בחלק העליון של השלישי התחתון של המתחם.",train
מדוע מצא בית המשפט נסיבות מיוחדות המאפשרות סטייה ממתחם העונש ההולם?,"אלא שבמקרה דנן מצאתי נסיבות מיוחדות המצדיקות סטייה ממתחם העונש ההולם, לחומרה או לקולה.",train
כיצד משפיעה התרשמות בית המשפט על הענישה והאפשרות לשיקום הנאשם?,"כמו כן מצאתי לייחס להתרשמותי המתוארת לעיל משקל בשלב החפיפה וההצטברות של הענישה, כדי לעודד את הנאשם לנצל את שהותו בבתי הסוהר ולצעוד צעד ראשון בדרך השיקום, וזאת בהמשך לדבריו בפניי.",train
כיצד הסביר שירות המבחן את השפעת הטיפול בתחום ההתמכרויות על הנאשם?,שירות המבחן הסביר כי המשך השתלבותו של הנאשם בטיפול בתחום ההתמכרויות תסייע בהפחתת הסיכון להישנות ביצוע העבירות.,train
כיצד תופעת הבניה הבלתי חוקית משפיעה על שלטון החוק?,תופעת הבניה הבלתי חוקית אף חותרת תחת שלטון החוק ופוגעת בעקרון כיבוד הדין ויישומו.,train
מהו תפקידו של הליך הגישור בהגעה להסדר הטיעון במקרה זה?,"חשוב לציין, כי הסדר הטיעון התגבש במהלך הליך גישור ממושך ומורכב ונכונותה של התביעה להמיר את סעיף האישום לעבירה קלה יותר (עבירה לפי סעיף 217 לפקודה) מהווה מרכיב בתוך ההסדר שאין לנתקו מהשורה האחרונה של הענישה המוסכמת.",train
כיצד משפיעות נסיבותיו האישיות של הנאשם על קביעת העונש?,"נסיבותיו האישיות הקשות לצד הרקע המשפחתי והקשיים הכלכליים, כל אלה עושים את מלאכתו של השופט במיקום העונש בתוך המתחם למלאכה קלה יחסית.",train
מהי הגישה הכללית בפסיקה בנוגע לעונש בעבירות מסוג זה?,"אולם, כפי שאפרט בהמשך, הזרם הכללי בפסיקה נוקט בגישה מחמירה יותר.",train
מהו הקשר בין דיון העונש לבין טווח הענישה ועקרונות תיקון 113 לחוק העונשין?,"מדובר בהסדר טיעון מסוג \טווח ענישה\"", ואף על פי כן, הדיון בשאלה העונש איננו מתקיים בחלל ריק, אלא מתכתב עם טווח הענישה והכל בצל עקרונות תיקון 113 לחוק העונשין והרי הדעה הרווחת היא שבית המשפט אינו פטור מקיום דיון לפי תיקון 113 לחוק העונשין גם כאשר מוצג לו הסדר טיעון, גם מסוג טווח ענישה.""",train
מהו השיקול שהוביל לקביעת מתחם מתון יותר בעניינו של נאשם 2 בהשוואה לנאשם 3?,"בהתאם לדיון העקרוני שערכתי בעניין שני הנאשמים האחרים, ולפי לקריטריונים שקבעתי שם, ובהשוואה לנאשם 3, ולמתחם שקבעתי בעניינו, מצאתי לקבוע מתחם מתון יותר בעניינו של נאשם 2.",train
כיצד משפיע היעדר האופק השיקומי על גובה העונש המומלץ לנאשם?,אלא שהתסקיר נעדר אופק שיקומי ולכן יש למקם את עונשו של הנאשם לפי הפרמטרים הרגילים ולא ניתן להסתפק בענישה שניתנת לריצוי בעבודות שירות.,train
מהו השיקול שהוביל להחמרת העונש לנאשם בשל מעמדו בישראל?,"ברור לי שהעובדה שהנאשם שייך לקבוצה מוחלשת מאוד באוכלוסייה, כשהוא נעדר גורמי תמיכה על רקע מעמדו בישראל, הופכת את העונש הצפוי לו לעונש קשה יותר מהעונש המוטל על אזרח ישראלי רגיל.",train
מהי ההנחה שיש להניח לגבי מידת הסיוע של הנאשם לאור העיוות שנמצא?,לאור קיומו של עיוות מסוג זה אין מנוס כאמור אלא להניח לטובתו את ההנחה הטובה ביותר לפיה מידת הסיוע שלו לאחר לא היתה ברף גבוה.,train
מהו המשקל של העובדה שמדובר באותה פרשה בהשוואה לנסיבות ביצוע העבירה?,"עובדה שמדובר באותה פרשה ממש היא בעלת משקל, ואולם נסיבות ביצוע העבירה אינן יוצרות בסיס להשוואה, לנוכח טיב חלקו, מעורבותו והיקף העבירות שביצע המואשם ביחס לנאשם (ביחס של 1:21).",train
מה המליץ שירות המבחן לאור השתלבות הנאשם בתהליך טיפולי?,"התסקיר השני, הצביע על מגמת שינוי, וכבר בשלב זה שירות המבחן, תוך אימוץ גישה אופטימית בענייננו של הנאשם, המליץ על ענישה שיקומית, לאור השתלבות הנאשם בתהליך טיפולי.",train
מהו מתחם העונש ההולם שנקבע ביחס לאירוע הראשון במקרה זה?,"לאור כל האמור לעיל, סבורני כי מתחם העונש ההולם ביחס לאירוע הראשון במקרה דנן נע בין  מספר חודשי  מאסר בפועל ועד 18 חודשי מאסר בפועל.",train
מהו האיזון המתקיים בהסדר טיעון הכולל הסכמה עונשית סגורה?,"הודאת נאשם שניתנת בתנאי מיקוח מיטביים מבחינתו, שמשתכללת לכדי הסדר טיעון הכולל הסכמה עונשית סגורה, חשובה, אך היא משקפת איזון בין כוח המיקוח של שני הצדדים (הודאה ולקיחת אחריות בתמורה להסכמת המאשימה לעונש מקל יחסית).",train
אילו נתונים נלקחו בחשבון במסגרת הנסיבות שאינן קשורות בביצוע העבירה?,"במסגרת הנסיבות שאינן קשורות בביצוע העבירה לקחתי בחשבון את הנתונים הבאים: גילו של הנאשם, העדר עבר פלילי, הודאה בכתב אישום מתוקן, היבטים חיוביים מסוימים שעולים מתסקיר שירות המבחן.",train
מהי ההשפעה של שיהוי קיצוני על טענה להגנה מן הצדק?,"מקובל עליי ששיהוי קיצוני בהעמדה לדין יכול להצדיק קבלת טענה להגנה מן הצדק, לפיה ניהול המשפט בשיהוי ניכר כרוך בפגיעה מהותית בנאשם בהיבט של עינוי דין (מצב מתמשך של חוסר וודאות) ואף עלול לגרום לעתים לעיוות דין, עקב קושי באיתור עדים, אי שימור ראיות ופגיעה טבעית במידת הזיכרון של המעורבים.",train
מהי הסיבה לכך שלא התקבל הבסיס לטענת ההגנה לגבי עונש מאסר קצר?,לא מצאתי בסיס לטענת ההגנה כי הטלת עונש מאסר קצר שירוצה בעבודות שירות עלול להוריד לטמיון את הישגי השיקום של הנאשם.,train
כיצד משפיע ניהול ההוכחות על עונשו של הנאשם לפי הדין?,"לפי הדין, אל לניהול הוכחות להביא להחמרה בעונשו של הנאשם.",train
מהי השאלה המרכזית שנדונה בתיק זה בנוגע למתחם העונש?,"אעיר תחילה שהשאלה העיקרית בתיק זה, איננה שאלת גבולות המתחם או מיקום העונש בתוכו, אלא שאלת הסטייה מהמתחם  משיקולי שיקום.",train
מה משפיע על הענישה בעבירות כלכליות לפי גזרי דין במקרים דומים?,"אשר לענישה הנהוגה, עיון בגזרי דין שניתנו במקרים דומים מלמד שהענישה בעבירות כגון דא מושפעת בדרך כלל מהשיטתיות שבמעשים והיקפם, מהנזק שנגרם לקופת המדינה (גם בקשר להסרת המחדל).",train
כיצד משפיעה מכירת סמים לקטינים על מתחם העונש ההולם?,בעיניי המכירה לקטינים חייבת להביא להחמרה במתחם העונש ההולם.,train
מהו השיקול המרכזי שהנחה את בית המשפט בהחלטתו בענישת הנאשם?,"בכך- התחשבות מרבית במצבו של הנאשם, בגבולות הדין והענישה הסבירה.",train
מהו ההבדל בין גמילה להורדת מינון כפי שהנאשם רואה זאת?,"הנאשם רואה בהורדת המינון כהישג והצלחה המלמדים על גמילה מהימורים, אלא שלשיטתי גמילה משמעה התנתקות, בעוד שהורדת מינון היא שלב ביניים לכל היותר.",train
מדוע יש להשיב לנאשמים כגמולם למרות השיקולים לשיקום?,"חרף החלטתי לסטות ממתחם העונש ההולם משיקולי שיקום, עדיין, על הנאשמים \לשלם את חובם לחברה\"" ויש להשיב להם כגמולם בדמות עונש ההולם את מעשיהם החמורים, כל עוד אין בענישה זו כדי לסכל את השיקום המוצלח שעברו.""",train
מהי המסקנה שהוסקה לגבי הצורך בעונש מאסר בפועל במקרה זה?,"כך הגעתי למסקנה שאין מנוס מהטלת עונש מאסר בפועל מאחורי סורג ובריח, גם אם לתקופה קצרה באופן יחסי.",train
מהו השיקול שהצדיק מיקום העונש בתחתית המתחם?,"השיקולים לעיל היה בכוחם להוות משקל נגד בעל עוצמה שהצדיק מיקום העונש בתחתית המתחם, כפי עתירת התביעה עצמה בסופו של יום.",train
מהו השיקול המרכזי שנלקח בחשבון בקביעת המתחם לעונש במקרה זה?,"בקביעת המתחם לקחתי בחשבון את הנסיבות הקשורות בביצוע העבירה, ואשר פורטו בהרחבה לעיל.",train
מהן הסיבות לקביעת מתחם מחמיר יחסית בעניינו של הנאשם?,"המהלומה העוצמתית; המשך הכאת המתלונן בפרץ אלימות לא קצר; הטחתו בקיר, עד לנפילתו; וההתעלמות ממנו כשהוא שכוב על הרצפה; הנזקים העצומים שנגרמו למתלונן, כל אלה מחייבים לקבוע מתחם מחמיר יחסית.",train
מהו המיקום המומלץ לעונשו של הנאשם במתחם העונש?,"לאור האמור לעיל, מסקנתי היא שיש למקם את עונשו של הנאשם בשליש התחתון שבמתחם.",train
מהי התקווה שהובעתי לגבי המשך העסקתו של הנאשם?,"לאור כל הנימוקים ועל אף שמצאתי שאין לבטל את ההרשעה, וזאת משיקולים משפטיים וערכיים, אני תקווה כי דבריי יובאו בפני הגורם המוסמך אם וכאשר יישקל עניין המשך העסקתו של הנאשם על רקע הותרת הרשעתו בדין.",train
מהו המושג המשפטי המייצג את העמדה העונשית שאינה מושפעת משיקולים ראייתיים או הסכמות עונשיות?,"כידוע, מתחם העונש ההולם משקף עמדה עונשית המנותקת משיקולים שקשורים לקשיים ראייתיים, שהובילו להסדר, או שיקולים נוספים שיכולים להכתיב הסכמות עונשיות בדמות טווח ענישה מוסכם בין הצדדים.",train
מהן הבעיות שהתובע ציין לגבי התסקיר שניתן במקרה זה?,"אל מול אלה, צודק התובע כי התסקיר כולל בחובו אלמנטים מטרידים, לרבות טשטוש בחומרת המעשים, קושי בהתבוננות ובחינת דפוסיו ובחירותיו, בהבעת עמדה נוקשה וקורבנית והשלכת הקשיים על הקורבן, תוך קושי בהבעת אמפתיה לסבלה.",train
מה השיקולים שהובילו את בית המשפט לסטות ממתחם הענישה במקרה זה?,"בית המשפט סטה ממתחם הענישה משיקולי שיקום וגזר על הנאשם, גרוש ואב ל-2, לחובתו עבר פלילי מכביד בין היתר בתחום הרלוונטי,  שנטל אחריות על מעשיו, תוך התייחסות לנסיבות חייו, ההליך הטיפולי שעבר, שהייתו במעצר ולאחר מכן בתנאים מגבילים.",train
כיצד מתחשבת העתירה בשיקולים ראייתיים ואחרים בענישה?,"עתירה זו עולה בקנה אחד עם הענישה הנוהגת ויש בה התחשבות בשיקולים שונים, ראייתיים ואחרים.",train
כיצד משפיעה הודאת הנאשמים על ההחלטה בענישה במקרה זה?,"הודאת הנאשמים ומאידך העובדה שהמחדלים הוסרו, הדוחות הוגשו והמס שולם בסופו של דבר, משקללים את ההחלטה בענישה.",train
"מהו הטיפול שהנאשם עבר אשר הצדיק את ההמלצה לסיום ההליך בענישה של צו של\צ?""","הטיפול אותו עבר הנאשם ואשר הצדיק לשיטת שירות המבחן את ההמלצה החריגה לסיום ההליך בענישה של צו של\צ הוא השתלבותו של הנאשם ביחידה לטיפול בהתמכרויות ברמלה.""",train
מהי המטרה בהעלאת משך העונש האפשרי לריצוי בעבודות שירות?,"לעמדתי, העלאת משך העונש האפשרי לריצוי בעבודות שירות משישה חודשים לתשעה חודשים, נועדה להרחבת רשת המקרים של עונש מסוג זה.",train
כיצד משפיעה תקופת ביצוע העבירות על קביעת מתחם העונש?,"לשיטתי, לעובדה שהעבירות התפרסו על פני תקופה ארוכה בת מספר שנים חשיבות רבה בקביעת המתחם.",train
מהו העיקרון שעליו יש להתבסס בעת קביעת מתחם העונש לעבירה לפי תיקון 113 לחוק העונשין?,"בהתאם לתיקון 113 לחוק העונשין, יש לקבוע, בטרם קביעת העונש המתאים, מתחם עונש הולם למעשה העבירה בהתאם לעקרון ההלימה ותוך התחשבות במידת הפגיעה בערך החברתי, במדיניות הענישה הנהוגה ובנסיבות הקשורות בביצוע העבירה.",train
כיצד משפיע מצב הנאשם התעסוקתי והכלכלי על ההחלטה לגבי סוג העונש?,"השתת עונש מאסר ארוך עלול לפגוע בנאשם יתר על המידה שכן מצבו התעסוקתי, כלכלי ומשפחתי של הנאשם אינו איתן, ולכן ריצוי עונש מסוג עבודות שירות עלול להביא לנזק בלתי הפיך בהמשך.",train
מהו המשקל שניתן לעובדה שלא נרשמו הרשעות קודמות בעבירות אלימות נגד המתלוננת?,"שילוב העובדה שנכון למועד ביצוע העבירות בתיקנו לא נרשמו לחובת הנאשם הרשעות בעבירות אלימות נגד המתלוננת, וכן האפשרות לצרף את התיק וענישה כוללת שהיה זוכה לה הנאשם בגין הצירוף הכולל, כל אלה מהווים משקל נגד לעבר הפלילי של הנאשם, ולכן, ולמרות שהתביעה צודקת שיש למקם את עונשו של הנאשם שלא ברף הנמוך של המתחם, מצאתי בנסיבות המצוינות סיבה להסיט את העונש מטה בתוך המתחם.",train
מהו תהליך קבלת ההחלטות שעל בית המשפט לבצע במקרה זה?,"בסופו של דבר, על בית המשפט לשכלל את מכלול השיקולים.",train
כיצד השפיעה עמדת ההגנה בנוגע להרשעה על טיעוניה למיתון העונש?,ההגנה לא ביקשה לבטל את ההרשעה ואולם היא רואה בפגיעה של ההרשעה והעונש הצפוי לעתידו המקצועי כשיקול למיתון העונש.,train
מהן העקרונות שהנחו את בית המשפט בהחלטתו לעכב את ביצוע עונש המאסר בפועל?,"על פי העקרונות שהותוו בפסיקה, לאחר ששמעתי את טיעוני הצדדים, והואיל והנאשם התייצב לדיונים והתייצב לשמיעת גזר הדין, כשהוא משוחרר ממעצר, החלטתי להיעתר לבקשה לעיכוב ביצוע עונש המאסר בפועל.",train
מהו השיקול המרכזי שהשפיע על תוצאת ההסדר הטיעון?,"אומר בפירוש כי אלמלא הסדר הטיעון בין הצדדים, ייתכן שלא היה בכל השיקולים לקולא כדי לחייב את התוצאה אליה הגעתי, כך שספק אם הייתי מסתפק בעונש מאסר שיכול וירוצה בעבודות שירות, ואולם, לאור העובדה שמדובר בהסדר, ובהצטרף לנימוקים ולשיקולים הרבים שמניתי נכון ללכת לקראת הנאשם כברת דרך נוספת.",train
מדוע הנאשם לא זכאי להקלה בעונשו במקרה זה?,"אין בכל אלה כדי להחמיר בעונשו של הנאשם ואולם הנאשם איננו זכאי להקלה המיועדת למי שמודה וחוסך העדת קטינה בתיק עבירת מין, והוא אף איננו זכאי להקלה המיועדת למי שלוקח אחריות על מעשיו, מכה על חטא ומביע חרטה.",train
מהי החשיבות של קבלת התייחסות מפורטת לגבי נסיבות העבירה לפני גזירת הדין?,"חוששני שללא קבלת התייחסות מפורטת לגבי נסיבות העבירה ויחסו של הנאשם אליהן, מלאכת גזירת הדין תימצא חסרה.",train
מהו התנאי לסטייה ממתחם העונש לפי צורכי שיקומו של הנאשם?,סטייה ממתחם העונש ההולם לפי צורכי שיקומו של הנאשם תיעשה במקרים חריגים כאשר עוצמת תהליך השיקום ראוי שתגבר על האינטרס הציבורי במיצוי הדין עם עברייני מס.,train
מהו תפקידו של הליך השיקום העצמי בחייו של הנאשם?,"הליך השיקום העצמי שעבר הנאשם, הוא הליך מבורך ולכן יש לעודד אותו בדרכו החדשה.",train
מהו סוג הענישה המתחייב בעקבות מעשיו של הנאשם?,"לענייננו, מעשיו של הנאשם מחייבים, בכל מקרה, ענישה של מאסר בפועל בעבודות שירות גם אם לא ברף העליון.",train
"מהי הסיבה לכך שלא התרשם בית המשפט מטיפול שורשי ויסודי בבעיות הנאשם, בניגוד לדברי שירות המבחן?","דא עקא שבניגוד לדברי שירות המבחן, לא התרשמתי מטיפול שורשי ויסודי בבעיות השונות מהן סבל הנאשם.",train
מהו תפקידו של הנאשם במשפחתו וכיצד זה משפיע על החלטת המאסר?,"אין ספק ששליחתו של הנאשם למאסר, וודאי לתקופה לא קצרה, תפגע במשפחה שכן הוא המפרנס העיקרי והדמות הדומיננטית.",train
מהן הנסיבות המיוחדות שמצדיקות סטייה מהמתחם שנקבע?,אלא שזה במקרה זה מצאתי נסיבות מיוחדות שמצדיקות סטייה קלה מהמתחם עד כדי אימוץ המלצת שירות המבחן.,train
כיצד מעשיו של הנאשם פוגעים בערכים המוגנים בחברה?,מעשיו של הנאשם פוגעים בערכים המוגנים במידה שאיננה נמוכה כלל וכלל.,train
כיצד יש לשמר רכיב ממשי של הענישה בעונש המוטל?,"עם זאת, יש לשמר רכיב ממשי של הענישה והדבר יבוא לידי ביטוי בהטלת ענישה כלכלית, בנוסף למרכיב השל\צ.""",train
אילו שיקולים נלקחו בחשבון בקביעת המתחם לעונש?,"בקביעת המתחם לקחתי בחשבון את הנסיבות הקשורות בביצוע העבירה כמפורט לעיל, וכן התחשבתי בטיעון הצדדים לעונש כשהתביעה הסכימה כחלק מהסדר הטיעון להגביל עצמה לעונש של מאסר שיכול וירוצה בעבודות שירות, בהינתן תסקיר חיובי.",train
מהי המסקנה לגבי נסיבות מיוחדות במקרה זה והאם יש מקום לסטייה ממתחם העונש ההולם?,"במקרה דנן לא מצאתי נסיבות מיוחדות המצדיקות סטייה ממתחם העונש ההולם, לחומרה או לקולה.",train
מהו העונש המרבי המיוחס לעבירות סחר בסמים ומה משמעותו לגבי חומרת העבירות?,העונש המרבי בצד עבירות אלו מהווה אינדיקציה ברורה לחומרתן.,train
מהו המיקום המומלץ לעונשו של הנאשם בהתאם למתחמי העונש השונים?,"לאור האמור, נכון למקם את עונשו של הנאשם ברף התחתון בשליש האמצעי של מתחמי העונש השונים.",train
מהו המצב של הנאשם לפי שירות המבחן וכיצד הוא משפיע על שיקולי השיקום?,"אכן שירות המבחן התרשם כי הנאשם עושה דרך ועבודה מטיבה ועורך מאמצים לשקם את חייו וכי מצבו השתפר והתאזן אך בין אלו לבין חריגה מהמתחם משיקולי שיקום, הדרך היא ארוכה.",train
מהי המסקנה לגבי הפגיעה בערכים המוגנים לאור רשימת תיקי הצירוף?,"לאור כל האמור, אני קובע כי הפגיעה בערכים המוגנים היא גבוהה ומשמעותית, בשים לב לרשימת תיקי הצירוף השונים.",train
מדוע נדחתה הטענה שהועלתה בשפה רפה על ידי הנאשם?,"טענה זו, שנטענה בשפה רפה ולבקשת הנאשם עצמו, דינה להידחות בהעדר כל עילה לסטייה מהמתחם.",train
מהו ההשפעה האפשרית של עונש מאסר בפועל ראשון על הנאשם ובני משפחתו?,"אין לי ספק שעונש מאסר בפועל ראשון בחייו של הנאשם עלול לפגוע באופן קשה בו ובבני משפחתו, בפרט לנוכח מצבו הרפואי.",train
כיצד משפיע משמעות השיקום על כוחו של העבר הפלילי בהליך הענישה?,"ככל שהשיקום משמעותי יותר, כך כוחו של העבר הפלילי הרלוונטי נסוג לאחור.",train
כיצד מעשים מסוג זה פוגעים באמון הניתן בנישומים?,"מעשים מסוג זה פוגעים באופן קשה באמון הניתן בנישומים, אמון המהווה מרכיב עיקרי בשיטת המיסוי.",train
מהו השיקול שצריך להתחשב בו כאשר מדובר בעונש של נאשם עם עבר פלילי?,יש להתיחס לעברו הפלילי של הנאשם הכולל הרשעה קודמת ומאסר מותנה.,train
מהי הסיבה להסתפק בחפיפה לא משמעותית בין התנאים בעונש המוסר המותנה?,הסתפקתי בחפיפה לא משמעותית בין התנאים לנוכח אופיו של עונש המוסר המותנה וכדי לשמר את הפן ההרתעתי שבעונש זה.,train
מהו העונש המקובל כאשר הוסרו מלוא מחדלי כתב האישום והנאשם נעדר עבר פלילי?,"בדרך כלל, כאשר הוסרו מלוא מחדלי כתב האישום והנאשם נעדר עבר פלילי, נוהגים בתי המשפט לגזור על נאשמים המורשעים בעבירות מהסוג הנדון עונש צופה פני עתיד לצד קנס בלבד.",train
כיצד משפיע השיהוי על חשיפת עבירות כלכליות?,"כמו כן בעבירות כלכליות, לעתים קרובות השיהוי מהווה קושי הטבוע בעבירות אלו ובקושי בחשיפתן, שכן מדובר בעבירות שמטיבן וטבען מבוצעות תוך תחכום ומרמה וכך בהתאם, המסכת הראיות בבסיסן סבוכה.",train
מהו מתחם העונש ההולם שנקבע בהתחשב בערכים המוגנים ובנסיבות ביצוע העבירה?,"לאחר שעיינתי בפסיקה ותוך התחשבות בערכים המוגנים ובפגיעה בהם, מידת אשמו של הנאשם והתחשבות בנסיבות ביצוע העבירה לרבות סוג הסם וכמותו ומקום החזקתו, הגעתי למסקנה כי מתחם העונש ההולם נע בין מאסר מותנה וענישה נלווית בדמות של\צ בהיקף לא מצומצם ועד מאסר בפועל למשך מספר חודשים.""",train
מהו הנימוק שהוביל את בית המשפט להימנע מסטייה ממתחם העונש ההולם במקרה זה?,"במקרה דנן לא מצאתי נסיבות מיוחדות המצדיקות סטייה ממתחם העונש ההולם, לחומרה או לקולה.",train
מהי הסיבה לגישה האכיפתית המחמירה כלפי שימוש בחשבוניות כוזבות?,הקלות הבלתי נסבלת של שימוש ומסחר בחשבוניות כוזבות כרוכה בפיתוי רב ולכן חייבה גישה אכיפתית מחמירה.,train
"מהו המתחם המומלץ לעבירות אי תשלום מס שנוכה, בהתחשב בנסיבות המקרה?",נכון לראות את עבירות אי תשלום מס שנוכה כאירוע אחד ולקבוע מתחם שמתחיל ממאסר על תנאי וקנס ועד 10 חודשי מאסר.,train
מהו העיקרון שעליו יש להתבסס לקביעת מתחם העונש בעבירות פליליות?,"בהתאם לתיקון 113 לחוק העונשין, יש לקבוע, בטרם קביעת העונש המתאים, (בגין כל אחד מהאירועים), מתחם עונש הולם למעשה העבירה בהתאם לעקרון ההלימה ותוך התחשבות במידת הפגיעה בערך החברתי, במדיניות הענישה הנהוגה ובנסיבות הקשורות בביצוע העבירה.",train
מהן הנסיבות שנלקחו בחשבון בקביעת המתחם לעונש במקרה זה?,בקביעת המתחם לקחתי בחשבון את הנסיבות הקשורות בביצוע העבירה לרבות: הפרשה החמורה שברקע.,train
מהו הערך החברתי המוגן שנפגע במקרה זה בעקבות הסחר בסמים?,הערכים החברתיים המוגנים אשר נפגעו במקרה דנן הם שמירה על בריאות הציבור ושלומו ומאבקו של בית המשפט בנגע הסם ובתופעת הסחר בסמים על הנזקים שהיא מסבה לחברה.,train
מהו הרף הענישה המתחייב בעקבות נסיבות ביצוע העבירות?,"מלכתחילה, כפי שקבעתי בשלב מתחם העונש ההולם, נסיבות ביצוע העבירות מחייבות רף ענישה שמתחיל בענישה של מאסר בפועל ולו בעבודות שירות.",train
מהו החשש כאשר המידע לגבי נסיבות העבירה הוא דל?,"החשש במקרים שהמידע לגבי נסיבות העבירה הוא דל, הדבר יוביל לקביעת מתחמי עונש רחבים מדי (על מנת שיכילו בתוכם מנעד רחב של מקרים ואירועים), אשר מושפעים בעיקר מכותרת העבירה, להבדיל מנסיבות ביצועה.",train
מהי ההתרשמות של גורמי הטיפול לגבי יכולת הנאשם לווסת את עצמו במצבי מעורבות רגשית גבוהה?,"התרשמות גורמי הטיפול כי מקרה זה מחדד את ההערכה כי במצבי מעורבות רגשית גבוהה, בפרט כשמדובר בבני משפחתו, הנאשם מתקשה לווסת את עצמו ולכן הוא זקוק להמשך טיפול.",train
מדוע אין להחמיר בעונש הנאשם רק בשל החלטתו לטעון לחפותו?,אין להחמיר עמו- חלילה- רק בשל החלטתו לטעון לחפותו.,train
מהו מתחם העונש ההולם שנקבע במקרה זה?,לאור כלל האמור לעיל סבורני כי מתחם העונש ההולם נע בין 15-32 חודשי מאסר בפועל.,train
מהי המדיניות הענישה הנוהגת במקרה של גידול סמים לצריכה עצמית?,"אלא שבנסיבות המיוחדות של המקרה על ורקע טענת הנאשם לגידול שנועד לצריכה עצמית, טענה שהתביעה הסכימה שתועלה מבלי לסתור אותה, מדיניות הענישה הנוהגת מתחילה מענישה הכוללת מאסר על תנאי לצד צו של\צ בהיקף לא מבוטל ועד ל- 10 חודשי מאסר.""",train
אילו שיקולים נוגדים קיימים מול סיפורה של הנאשמת?,אל מול סיפורה העצוב של הנאשמת קיימים כאמור לעיל שיקולים נוגדים שפועלים בכיוון הפוך.,train
מהי הפגיעה הנוספת שנגרמת לעקרון השוויון בעקבות עבירות מס?,"מעבר לפגיעה בקופה הציבורית, עבירות מסוג זה פוגעות גם בעיקרון השוויון הנשיאה בנטל המס ובחשיבות שימור מנגנון הדיווחים לרשויות המס.",train
מהי הגישה המומלצת לבחינת אפשרות ביטול הרשעה בעבירות אלו?,"מקובלים עלי דבריו של בית המשפט בת.פ. 38175-10-13 מ\י נ' אלכסנדר דרביצ'ר (שלום קרית גת), לפיה יש לבחון כל מקרה לגופו וכי אין מדובר בעבירות מהסוג ומהנסיבות שמונעות באופן אפריורי שקילת אפשרות ביטול ההרשעה (כב' השופטת נגה שמואלי-מאייר).""",train
מהו העיקרון המנחה כאשר אין שיקולי שיקום חריגים בענישה?,"בהעדר שיקולי שיקום חריגים או שיקולי צדק נדירים, יש להיצמד למתחם העונש.",train
אילו ערכים חברתיים נפגעו במקרה זה בעקבות מעשיו של הנאשם?,"הערכים החברתיים המוגנים אשר נפגעו במקרה דנן הם שמירה שלמות הגוף והבריאות של המתלוננת, על תחושת הביטחון ושלוות הנפש בתוך התא המשפחתי ותרומת בית המשפט בהתמודדות עם תופעת האלימות בתוך המשפחה, ולצד כל אלה ערך שלטון החוק ובתוכו ניהולו התקין של הליך משפטי ראוי.",train
מהי המחלוקת המרכזית בתיק זה בנוגע למתחם העונש?,"המחלוקת האמתית בתיק זה, היא האם נכון בנסיבות המקרה, לסטות ממתחם העונש ההולם, בשל שיקולי שיקום – אם לאו.",train
מהי ההשפעה של ביצוע העבירות בתיק הצירוף על קביעת מתחמים שונים לעונש?,"כפי ששיקפתי זאת לצדדים, בעיניי העובדה שתוך כדי ההליך בתיק המקורי בוצעו העבירות בתיק הצירוף מחייבת קביעת מתחמים שונים תחת מתחם עונש כולל אחד.",train
מהם הערכים החברתיים המוגנים שנפגעו במקרה זה?,הערכים החברתיים המוגנים אשר נפגעו במקרה דנן הם שמירה על בריאות הציבור ושלומו וכן תרומתו של בית המשפט למלחמה בנגע הסמים.,train
אילו שיקולים לקולא נלקחו בחשבון במיתון העונש של הנאשמת?,"יינתן משקל של ממש לשיקולים הרבים לקולא (בין השאר, הודאת הנאשמת, חיסכון במשאבי הציבור בניהול התיק, הגיל, המצב הרפואי, הנכות הכללית, המצב הכלכלי, הנסיבות האישיות ומות בעלה לאחרונה, חלוף הזמן, השפעת העונש על הנאשמת, ועוד) למיתון העונש.",train
מה השיקולים שהובילו לגזר דין של שנת מאסר במקרה זה?,"לאור כל האמור, לנוכח חומרת העבירות, סכום המחדל שלא הוסר, נסיבות ביצוע העבירות, תוך התחשבות בנסיבות לקולה, ההודיה, הסדר הטיעון וחלוף הזמן, ולכן, ובתוך טווח הענישה המוסכמת, מצאתי לגזור על הנאשם עונש מאסר למשך שנת מאסר.",train
מהו הכלל לגבי מיקום העונש בתוך המתחם ומהו החריג לכך?,עדיין הכלל הוא שהעונש ימוקם בתוך המתחם והחריג כאשר חלה מטמורפוזה בעניינו של הנאשם עד שניתן לומר שלא מדובר באותו אדם שביצע את המעשים.,train
מהו הנזק שנגרם לנאשם כתוצאה מההליך המשפטי שצוין בתוך המתחם?,"בין השיקולים בתוך המתחם, הנזקים שנגרמו לנאשם כתוצאה מההליך המשפטי.",train
מהו מתחם העונש ההולם שנמצא בעבירות האלימות במקרה זה?,אשר לעבירות האלימות – בעניין זה אני מצאתי כי מתחם העונש ההולם נע בין מספר חודשי מאסר שיכול וירוצו בעבודות שירות ועד ל-12 חודשי מאסר שכן המדובר בתקיפה ואיומים.,train
מהו המשקל שיש להעניק לשיקול ההרתעה באכיפת עבירות מס?,האינטרס הציבורי באכיפת עבירות מס מצדיק הענקת משקל גבוה באופן יחסי לשיקול ההרתעה על חשבון האינטרס הפרטי.,train
כיצד משפיעה אי הסרת המחדלים על השיקול לחומרה בעניינו של הנאשם?,לקחתי בחשבון לחומרה את אי הסרת המחדלים מושא כתב האישום למרות הזמן הרב שחלף מאז העבירות מבלי שהנאשם הסדיר או ניסה לפעול להסדיר את חובו לרשויות המס.,train
מה הייתה המסקנה לגבי מיקום העונש בתוך המתחם אילו היה נדרש לכך?,"לאור מסקנתי זו אין צורך בדיון בשאלת מיקום העונש בתוך המתחם ואולם לו נדרשתי לכך הייתי ממקם את עונשו של הנאשם בתחתית המתחם, וזאת בהתחשב בשיקולים שצוינו לעיל.",train
באילו מקרים ניתן להפנות לענישה מקלה ביחס לתקיפה ואלימות?,בית המשפט הפנה גם לענישה מקלה אך זאת ביחס למקרים של תקיפה ואלימות באירועים בודדים ולא באלימות מתמשכת על פני מספר שנים.,train
מהו מתחם העונש ההולם שנקבע בעבירות הסמים במקרה זה?,לאור כלל האמור לעיל סבורני כי מתחם העונש ההולם (ביחס לעבירות הסמים) במקרה דנן הוא בין מאסר מותנה לבין 6 חודשי מאסר בפועל.,train
כיצד עשויה העדר מסוגלות לביצוע עבודות שירות להשפיע על הענישה?,"מקובל עליי כי העדר מסוגלות לביצוע עבודות שירות יכול להוות שיקול שיטה את הכף לעבר הסתפקות בענישה מקלה במקרים מסוימים, וזאת משיקולי צדק או חמלה כלפי הנאשם.",train
מהן השפעות השיטתיות והיקפיות של המעשים על מדיניות הענישה בעבירות הנדונות?,"מדיניות הענישה הנוהגת בעבירות הנדונות מושפעת מהשיטתיות שבמעשים והיקפם, מהנזק שנגרם, כמו גם מהסרת המחדל.",train
מהו השיקול שהשפיע על קביעת העונש לחומרה במקרה זה?,"בעת קביעת העונש המתאים בתוך מתחם העונש ההולם, לקחתי בחשבון לחומרה את אי הסרת המחדלים מושא כתב האישום למרות הזמן הרב שחלף מאז העבירות מבלי שהנאשם הסדיר או ניסה לפעול להסדיר את חובו לרשויות המס.",train
מהו השיקול המרכזי שקשור למעמד הנאשמים בעסק ולנסיבות היסחפותם לעולם העברייני?,"ריבוי העבירות והתפרסותן, שיטת הביצוע והפן \התעשייתי\"", מהווים שיקול כנגד, אך מדובר בנאשמים אשר שימשו עובדים זוטרים ולגבי נסיבות היסחפותם לעולם העברייני הורחב בתסקירים ובטיעונים.""",train
"כיצד משפיע האיחור בהגשת דו\חות על יכולת פקיד השומה לבדוק את אמינות הדו\""חות?""","איחור ניכר בהגשת דו\חות יש בו משום ביכולתו של פקיד השומה לערוך בדיקה יסודית ומעמיקה של מידת אמינות הדו\""חות שהוגשו על ידי הנאשם.""",train
מהו הקושי של הנאשם שמוביל למסקנה על סיכון גבוה להישנות התנהגות אלימה?,"קושי של הנאשם להפיק לקחים ולהכיר בקשיים ובדפוסים האלימים לצד השימוש בסמים כגורם מגביר סיכון, וקושי בנפרדות כדי להגיע למסקנה אשר תואמת את התרשמות שירות המבחן בעניין סיכון גבוה להישנות התנהגות אלימה.",train
"מה מעיד על נכונות הנאשם להשתקם, לפי הודעת קצין האסירים?","עוד אציין, כי מהודעת קצין האסירים מיום 18.11.20, עולה כי הנאשם השתלב בתכנית טיפולית, משתף פעולה , דבר שמעיד על נכונות של הנאשם להשתקם.",train
אילו עונשים הוטלו במקרים דומים לפי מדיניות הענישה הנוהגת?,"בבחינת מדיניות הענישה הנוהגת מעלה כי במקרים דומים הוטלו על נאשמים עונשים, החל ממאסר על תנאי ורכיבי ענישה נלווים וכלה בששה חודשי מאסר, וזאת תוך שימת דגש שהעונש המרבי הקבוע בצד העבירה עומד על שנת מאסר.",train
מהו הצורך לקבוע מתחם עונש הולם לפני קביעת העונש המתאים לעבירה?,"בהתאם לתיקון 113 לחוק העונשין, יש לקבוע, בטרם קביעת העונש המתאים, (בגין כל אחד מהאירועים), מתחם עונש הולם למעשה העבירה בהתאם לעקרון ההלימה ותוך התחשבות במידת הפגיעה בערך החברתי, במדיניות הענישה הנהוגה ובנסיבות הקשורות בביצוע העבירה.",train
כיצד השפיע תהליך הנאשמת בשירות המבחן על קביעת עונשה?,"לאור כל האמור ועל אף ההבנה לגבי חומרת המעשים אשר מצאה ביטוי עיקרי בעונשו של הנאשם האחר [מאסר בפועל מאחורי סורג ובריח] וככל שעסקינן בנאשמת ובחלקה ובתהליך היפה שעברה בשירות המבחן ותוך התחשבות במכלול השיקולים, מצאתי להציב עונשה ברף התחתון של המתחם.",train
כיצד קובע בית המשפט את מתחם העונש ההולם בעבירות המיוחסות לנאשמת?,"לצורך קביעת מתחם העונש ההולם, על בית המשפט לזהות את הערכים המוגנים בבסיס העבירות המיוחסות לנאשמת, מידת הפגיעה באותם ערכים, מדיניות הענישה הנוהגת ונסיבות ביצוע העבירה.",train
מהו מתחם העונש ההולם שנקבע במקרה זה?,לאור כלל האמור לעיל סבורני כי מתחם העונש ההולם במקרה דנן הוא בין מספר חודשי מאסר שיכול שירוצו בעבודות שירות ועד ל-15 חודשי מאסר.,train
מהו השיקול שהוביל להחלטה על מאסר בפועל ולא על עבודות שירות?,"לגבי משך תקופת המאסר, לקחתי בחשבון שמדובר במאסר בפועל ממש, לאחר שהאפשרות לעבודות שירות נשללה מסיבות רפואיות.",train
מהו המשקל שיש ליתן להודאת הנאשם על אף תיקון כתב האישום?,"לשיטתי, יש ליתן משקל מלא להודאתו של הנאשם על אף העובדה שהתנהלו הוכחות בתיק זה, וזאת לאור מספר טעמים: ראשית, כתב האישום תוקן משמעותית, והדבר מלמד שהייתה הצדקה לכפירתו של הנאשם בכתב הנאשם בכתב האישום המקורי.",train
כיצד השפיעה הודאת הנאשמת על קביעת העונש למרות התנהלותה הדיונית?,"מנגד, יש לייחס משקל משמעותי להודאתה של הנאשמת על אף שלא התקבלה בשלב מוקדם של ההליך, תוך התנהלות דיונית קלוקלת.",train
מהו מתחם העונש ההולם שנקבע במקרה זה?,לאור כלל האמור לעיל סבורני כי מתחם העונש ההולם במקרה דנן הוא בין  6-18 חודשי מאסר.,train
מה מצדיק קביעת מתחם עונש אחד כולל במקרה של סכום מחדל גבוה?,"סכום המחדל הכולל שנולד כתוצאה מביצוע עבירות שונות, הדומות ביניהן, מצדיק קביעת מתחם עונש אחד כולל.",train
מהו ההיבט החשוב שיש להתחשב בו בהודאת הנאשם במסגרת הסדר טיעון?,"יש להתחשב בהודאת הנאשם שבאה במסגרת הסדר טיעון, בהיבט חשוב של עידוד נאשמים להודות.",train
"מהו מתחם העונש ההולם שנקבע במקרה זה, לפי השיקולים השונים?","לאור כלל האמור לעיל סבורני כי מתחם העונש ההולם נע בין צו של\צ ומאסר מותנה לצד רכיבי ענישה נלווים, לרבות פיצוי למתלונן, ועד ל- 12 חודשים מאסר בפועל.""",train
מהו ההיבט השלילי בתסקיר שיכול להגביר את הסיכון להישנות העבירות?,"לא התעלמתי מהיבטים אחרים שליליים בתוך התסקיר, ובפרט שלילת נזקקות טיפולית בתחום ההתמכרות, דבר שיכול להגביר את הסיכון מהישנות העבירות.",train
מדוע לא ניתן להציב את העונש ברצפת המתחם ממש?,"ועוד, לא ניתן להציב את העונש \ברצפת\"" המתחם ממש, אלא מעל לתחתית המתחם.""",train
מהו המידע האישי שצוין לגבי הנאשם והשפעתו על גזירת העונש?,"כאן המקום לציין את גילו של הנאשם (48), היותו נשוי ואב לשני ילדים בני 9 ו- 14, ואשר מרבית שנותיו עבד בתחום הבנייה, ומכאן עוצמת הפגיעה הצפויה.",train
מהו השיקול שקשור לגילה ומצבה הרפואי של הנאשמת 3?,עוד לקחתי בחשבון גילה ומצבה הרפואי של הנאשמת 3 עקב תאונת דרכים.,train
מדוע מרכיב ההשפלה הוא מרכזי בנזקים הנגרמים מעבירות אלימות?,"מרכיב מרכזי בנזקים שמסבות עבירות האלימות לאדם הוא מרכיב ההשפלה, והפגיעה בתחושת הערך העצמי, בפרט כאשר האלימות מופעלת על ידי דמות שאמורה להוות מקור של ביטחון ועוצמה.",train
כיצד משפיעות הכמויות השונות של הסמים על נסיבות ביצוע העבירה והחמרת מצבו של הנאשם?,"לעניין נסיבות ביצוע העבירה, המדובר בכמויות גדולות יחסית של החזקה באישום המקורי, ובתיק הצירוף בכמות קטנה יותר ואולם נסיבות ביצוע העבירה יחד עם האישומים הנוספים של אספקה וסחר מלמדים שמטרת ההחזקה היא מסחרית והדבר כמובן מחמיר את מצבו של הנאשם.",train
מהי הבקשה שהועלתה בנוגע לממונה על עבודות השירות בהקשר לפגיעה בנאשם?,"אין באמור כדי לחייב את הממונה על עבודות השירות, אולם אבקש לשקול אפשרות זו על מנת לצמצם את הפגיעה בנאשם.",train
מהי עמדתך לגבי טיעון התובעת בנוגע למתחם העונש הראוי?,ברמת העקרון אני מסכים עם טיעונה של התובעת לפניי לעניין העונש בכל הנוגע למתחם העונש הראוי וכן למדיניות הענישה המקובלת.,train
כיצד השפיעה הודאת הנאשם על ההליך המשפטי ועל קביעת העונש?,"הנאשם הודה וחסך מזמנו של בית המשפט, חלף זמן משמעותי מאז ביצוע העבירות, התקבלה בעניינו חוות דעת חיובית של הממונה על עבודות שירות, דבר שיכול ללמד על ניקיון מסמים ולו בזמן הבדיקה עצמה.",train
מדוע לא מצא בית המשפט לסטות מהמתחם למרות התסקירים שהוגשו?,במקרה דנן לא מצאתי לסטות מהמתחם משיקולי שיקום וזאת על אף התסקירים השונים שהוגשו.,train
מהי התוצאה הנדרשת בעקבות העבירות בתיק הנוכחי?,"כמו כן, ולנוכח נתוני התיק, כפי שפירטתי לעיל, יש לגזור על הנאשם עונש מאסר בפועל נוסף בגין התיק הנוכחי, כך שהתוצאה, בכל מקרה, היא שאין כל מנוס מהפעלת המאסר המותנה.",train
מהו העיקרון המשפטי המנחה בענישה בעבירות כלכליות במקרה זה?,"בעניין זה, יש לקחת בחשבון שמדובר בעבירה כלכלית מובהקת ומכאן שענישה כלכלית מתחייבת בנסיבות.",train
אילו נתונים נלקחו בחשבון בהערכת הנסיבות שאינן קשורות בביצוע העבירה?,"במסגרת הנסיבות שאינן קשורות בביצוע העבירה לקחתי בחשבון את הנתונים הבאים: לקחתי בחשבון את התיקון המשמעותי בכתב האישום, חלוף הזמן, העדר פתיחת תיקים חדשים, העדר עבר פלילי מהעת האחרונה (רישום פלילי שהתיישן), הודאה ולקיחת אחריות.",train
"מדוע מתחם העונש בגין אי הגשת דו\ח במועד במקרה זה מתחיל במאסר קצר?""","ישנם מקרים רבים בהם מתחם העונש בגין עבירות דומות, של אי הגשת דו\ח במועד, מתחיל במאסר מותנה, אך לאור נסיבותיו של המקרה, ובהן היקפן של מבחינת מספר החברות אותן ניהל הנאשם, תקופת ביצוע העבירות והמחזור הכספי הגבוה, המתחם יתחיל במאסר קצר.""",train
כיצד משפיע ריבוי העבירות על קביעת מתחם הקנס?,"בעניין מתחם הקנס, התחשבתי בריבוי העבירות שמטרתן גריפת רווחים קלים על חשבון הציבור, אך מצד שני לא ניתן היה להתעלם מטענת הנאשם באשר למצבו הכלכלי.",train
כיצד משפיעה בכירותו של הנאשם על החמרת הענישה במקרה זה?,"הדברים חשובים בעיניי משום שלתפיסתי בכירותו של הנאשם, במקרים מסוג זה, מהווה נסיבה לחומרה שמצדיקה החמרה בענישה ולהיפך.",train
מדוע סבר השופט כי יש לקבוע מתחמים שונים לכל תיק בנפרד?,"לכן, סברתי שנכון לקבע מתחמים שונים לפי התיקים השונים, ולאחר מכן לקבוע עונש כולל אחד, תוך הצטברות העונשים, לצד חפיפה מסוימת.",train
אילו גורמים הובילו להחמרת העונש במקרה של הנאשם?,"כמו כן, לקחתי בחשבון לחומרה את עברו הפלילי של הנאשם, את תסקיר שירות המבחן שם התרשם שירות המבחן מקיום סיכון להישנות עבירות, מלקיחת אחריות חלקית ומהיעדר בשלותו של הנאשם להליך טיפולי.",train
מהו הפרמטר הדומיננטי בקביעת מתחם העונש במקרים דומים?,בחינת מדיניות הענישה הנוהגת מעלה כי במקרים דומים הוטלו על נאשמים עונשים במנעד רחב כאשר הפרמטר הדומיננטי בקביעת המתחם הוא מידת הסיוע של הנאשם להשלמת ביצוע העבירה או במילים אחרות  מידת התרומה של הנאשם לאותו אחר שביצע את העבירה המושלמת.,train
מהו המוקד בבחינת הענישה כאשר קובעים מתחמים שונים?,"גם לו הייתי קובע מתחמים שונים יעלה צורך לבחון את הענישה ממבט מעל, כשבמוקד - סכום המחדל הפלילי הכולל.",train
מהו הקשר בין עמדותיו של הנאשם לבין רמת הסיכון להישנות העבירה?,"ולכן, בהעדר טיפול, בעטיין של עמדותיו של הנאשם ומאפייניו, ברור כי רמת הסיכון להישנות העבירה עולה.",train
מהו החסר בתוכנית הטיפול שהצביעה עליו התביעה בנוגע לנאשם?,צודקת התביעה שחסר בתוכנית הטיפול מרכיב שמתייחס לעבירות אלימות במשפחה ואולם בטוחני במסגרת צו המבחן שיינתן כי גם ענין זה יטופל על ידי שירות המבחן אשר מלווה את הנאשם מזה זמן רב בדרך ארוכה.,train
מהי המסקנה לגבי קיומן של נסיבות מיוחדות במקרה הנוכחי?,"במקרה דנן לא מצאתי נסיבות מיוחדות המצדיקות סטייה ממתחם העונש ההולם, לחומרה או לקולה.",train
מהו המצב בשיקום הנאשים כפי שהוצג בתסקירים שהוגשו?,"התסקירים שהוגשו בעניינם של הנאשים, על אף שיש בהם חלקים חיוביים, אינם מצביעים על שיקום משמעותי, וודאי לא שיקום יוצא דופן שיצדיק חריגה ממתחם העונש ההולם.",train
מהו מתחם הקנס ההולם בהתחשב במצבו הכלכלי של הנאשם?,"אשר לקנס, מצאתי כי מתחם העונש ההולם בהיבט זה, גם כשאני לוקח בחשבון מצבו הכלכלי של הנאשם, נע בין 80,000-250,000 ₪.",train
מהי המשמעות של שיקום מוכח בפועל בהקשר של הנאשם לאחר שש שנים?,"בנסיבות ענייננו, המדובר בשיקום שאיננו בגדר פרגנוזה או תחזית לגבי העתיד, אלא שהמציאות במרחק הזמן של שש שנים יכולה להוות יותר מאינדיקציה אלא ראיה ממש לשיקום מוכח בפועל.",train
כיצד משפיע השילוב בין שתי העבירות החמורות על המתחם הכולל?,"השילוב בין שתי העבירות החמורות, כל אחת בפני עצמה, הופך את המתחם הכולל למתחם שאינו יכול להתחיל מעונש חד ספרתי של חודשים.",train
כיצד משפיעה העובדה שמדובר בשני אירועים שונים על מדיניות הענישה בעבירות אלו?,"שופט מסביר כי פסיקה עולה כדי מדיניות ענישה מקובלת בעבירות מסוג זה, וודאי כאשר מדובר בשני אירועים שונים ונפרדים.",train
מהו מתחם העונש ההולם בגין סיוע ל-20 עסקאות סחר בסמים בנסיבות המחמירות?,"מתחם העונש ההולם בגין סיוע ל- 20 עסקאות סחר בסמים, בנסיבות המחמירות שברקע כתב האישום המתוקן, אינו מתחיל מעונש מאסר מותנה או עונש מאסר קצר שיכול וירוצה בעבודות שירות.",train
כיצד משפיעה העובדה שמדובר בסיוע בהתפרצות על ההחלטה בענישה?,"העובדה שמדובר בתיק של סיוע בהתפרצות, להבדיל מהעבירה המוגמרת, יכולה \להמתיק מעט את הגלולה\"", שבסיום ההליך ללא ענישה ממשית בדמות מאסר בפועל.""",train
מהו השיקול שקשור להודאת הנאשם ולחיסכון בזמן שיפוטי?,"כמו כן, לקחתי בחשבון את הודאתו ואת החיסכון בזמן שיפוטי יקר.",train
מהו עמדת בית המשפט לגבי התחלת מתחם העונש במאסר בפועל במקרה זה?,"לצד מרכיבי החומרה, וככל שמדובר בשאלת העונש הראוי, אינני סבור שהמתחם חייב להתחיל במאסר בפועל.",train
כיצד משפיעים מחדליו של הנאשם על ההבנה אם הוא שינה את דרכיו?,"מחדליו של הנאשם, אי התייצבותו, המנעותו מהתייצבות אצל הממונה על עבודות שירות והמשכות ההליכים בעניינו, לא יכולים ללמד על אדם ששינה את דרכיו ופניו לחיים חדשים.",train
מהי ההמלצה הטיפולית והשיקומית שהגיש שירות המבחן בעניינו של הנאשם?,לאור כל האמור שירות המבחן הגיש בעניינו של הנאשם המלצה טיפולית ושיקומית תוך שבתסקיר (שלוש פסקאות אחרונות) מפורטים הנימוקים לגבי פוטנציאל השיקום של הנאשם והתמונה הכללית מצביעה על סיכוי של ממש שהנאשם ישתקם אם יתמיד במרכיבים השונים של התוכנית הטיפולית המורכבת שהוכנה עבורו.,train
מדוע יש לייחס חומרה מיוחדת לנהיגת הנאשם ללא רישיון וביטוח?,"חומרה מיוחדת יש ליחס לנהיגתו של הנאשם ללא רישיון נהיגה וללא ביטוח ותוך ביצוע עבירות של נסיעה נגד כיוון התנועה, פניית פרסה אסורה ועקיפת רכב בצד ימני, ואם לא די בכל אלה – הרי שהנאשם ברח מהרכב בעוד הרכב מונע וממשיך לנסוע, וכתוצאה מכך – נפגע שוטר באירוע.",train
מהו הקריטריון השני שצריך להתקיים כדי לסטות ממתחם העונש הראוי משיקולי שיקום?,"השני, השיקום רלוונטי לעבירות בהן הורשע במובן זה שמתקיים קשר ומתאם בין השיקום לבין הסיבות לביצוע העבירה.",train
מהו תפקיד הערכאה הדיונית בבחינת הסדרי טיעון בהתאם לתיקון 113 לחוק העונשין?,"דהיינו, הערכאה הדיונית מוסמכת ואף נדרשת לבחון הסדרי טיעון על רקע מתחם הענישה ההולם, שאותו יש לגבש בהתאם להוראות הקונקרטיות של תיקון 113.",train
מדוע לא הסכים השופט עם המתחם שהציע הסנגור במקרה של התפרצות לשלושה מחסנים?,"בעניין זה, אינני מסכים עם המתחם שהציע הסנגור שכן מקובל עליי שמתחם העונש של 6-12 חודשים לגבי עבירת התפרצות לבניין שהינו דירה מתייחסת למקרים קלים יותר ולא להתפרצות ל- 3 מחסנים.",train
"מהן הסיבות שהובילו למיקום העונש בשליש התחתון של המתחם, למרות העבר הנקי של הנאשם?","בהתחשב באי הסרת המחדל על ידי הנאשמים על אף חלוף הזמן, בהתחשב בתסקיר השלילי (בפרט בעניין יחסו של הנאשם לעבירות שביצע), ועל אף העבר הנקי מהרשעות קודמות, אני סבור שיש למקם את העונש בשליש התחתון של המתחם, אך לא בתחתית המתחם.",train
כיצד השפיעה תפיסת הטלפון של המתלוננת על מידת הפגיעה בפרטיותה?,"לענייננו הטלפון של המתלוננת נתפס על הנאשם זמן קצר לאחר מועד ביצוע העבירה, כך שלא היה ספק בידו של הנאשם לפגוע בפרטיות המתלוננת באופן חמור יותר מהפגיעה הבסיסית.",train
מדוע לא כל המלצה חיובית נחשבת לשיקום שיכול להצדיק סטייה מהמתחם?,"כידוע, לא כל המלצה חיובית עונה על ההגדרה של שיקום שיצדיק סטייה מהמתחם (ע\פ 7757/21 מרזוקי נ' מדינת ישראל (2022), ע\""פ 6637/17 קרנדל נ' מדינת ישראל).""",train
אילו שיקולים רשאי בית המשפט לשקול בעת קביעת העונש הראוי בהסדר טיעון?,"נקבע כי בגדר הבחינה, בית המשפט מוסמך לשקול מהו העונש הראוי בשים לב לשיקולי הענישה על פי תיקון 113 לחוק העונשין, לצד יתר השיקולים הרלבנטיים לסוגיית אימוצו של הסדר הטיעון.",train
מהו הקריטריון הראשון להערכת עוצמת השיקום בהליך שיקומי?,"להבנתי, סטייה ממתחם העונש הראוי וההולם, משיקולי שיקום, תיעשה כאשר השיקום עומד בשני קריטריונים: האחד, עוצמת השיקום – בהיבט הצלחתו או סיכויי הצלחתו הצפויים – היא גבוהה.",train
מהי החשיבות של המלצה משירות המבחן בהשתת רכיב עונש נוסף לנאשם?,"אמנם ניתן להשית על הנאשם רכיב זה אף ללא המלצה מוקדמת משירות המבחן, עם זאת יש להתחשב בעובדה ששירות המבחן לא מצא התאמה של הנאשם לרכיב זה של ענישה.",train
כיצד משפיע מצבה של בתו של הנאשם על ההערכה המשפטית של נסיבותיו האישיות?,"אכן, לא ניתן להתעלם ממצבה של בתו של הנאשם, בעלת הצרכים המיוחדים, אשר אובחנה כסובלת מתסמונת דאון וקשיי שמיעה, בפרט לנוכח קשיי המשפחה על רקע העדר מקורות תמיכה חיצוניים או מדינתיים, ועל רקע מצוקה כלכלית קשה מעצם היות הנאשם מפרנס יחיד.",train
כיצד יש להתחשב בנזקים הנפשיים שנגרמו למתלוננת בעקבות מעשי הנאשם?,"על אף שאין מדובר בתקיפה חבלנית, יש להתחשב בנזקים הנפשיים שבוודאי הותירו מעשיו של הנאשם על נפשה של המתלוננת.",train
"מהו העיקרון המשפטי המנחה את בית המשפט בקביעת העונש, גם כאשר הצדדים הגיעו להסדר?","לפי עקרונות תיקון 113 לחוק העונשין, עליי לפעול וליישם את הכללים גם במנותק מעמדות הצדדים.",train
מהי הסיבה לכך שהשופט לא הסכים עם המתחם שהציעה התביעה במקרה זה?,"מנגד, אינני מסכים עם התביעה שזהו המתחם המתאים בעניינו שכן יש לגזור מהמתחם שהציעה התביעה שהולם את העבירה המושלמת על המקרה שלנו כאשר מדובר בעבריין משני.",train
מהו מתחם העונש ההולם שנקבע על ידי בית המשפט לאור הנסיבות המיוחדות?,"לאור כלל האמור, ומבלי להתעלם מהנסיבות לחומרה, ביצוע העבירות כלפי אשתו בין כותלי ביתה, לעיני ילדיה, תוך הפעלת אלימות פיזית ומילולית, סבורני כי מתחם העונש ההולם נע בין מאסר על תנאי לצד צו של\צ בהיקף לא מצומצם ועד שנת מאסר בפועל.""",train
מהו האיזון שמבצע תיקון 113 לחוק העונשין בין שיקול הדעת השיפוטי לעקרון האינדיבידואליזציה של הענישה?,"ככלל, תיקון 113 העונשין הינו תוצר ונקודת איזון של המתח בין הצורך בהבניית שיקול הדעת השיפוטי והחתירה לשוויון ולאחידות בענישה, לבין העיקרון החשוב האחר והוא עקרון האינדיבידואליזציה של הענישה והתאמתה למידותיו של הנאשם (בגבולות הענישה ההולמת).",train
מדוע יש לנקוט בגישה מחמירה בענישה בעקבות ריבוי תאונות העבודה הקטלניות?,"לנוכח ריבוי מקרי תאונות העבודה הקטלניות בשנים האחרונות, תאונות שפוגעות בעיקר בשכבות מוחלשות בחברה, נכון לנקוט בגישה מחמירה בשלב העונש.",train
מדוע יש לקבוע שהאירוע מציב רף חומרה נמוך למרות העבירה שביצע הנאשם?,"לא צוין שנגרם נזק לקטנוע ולכן למעט אותו מעשה (בלתי מוגדר דיו) של סיוע לאחר לגנוב את הקטנוע, אני סבור שההיבטים האחרים מציבים את האירוע ברף חומרה יחסית נמוך, כמובן מבלי להקל ראש בקטגוריה של עבירות כלפי רכב שהפסיקה מדגישה לאחרונה את חומרתן.",train
מהו העיקרון המנחה לגבי קביעת העונש כאשר קיימת חומרה יתרה במעשה העבירה של הנאשם?,"(ב) היו מעשה העבירה ומידת אשמו של הנאשם בעלי חומרה יתרה, לא יחרוג בית המשפט ממתחם העונש ההולם, כאמור בסעיף קטן (א), אף אם הנאשם השתקם או אם יש סיכוי של ממש שישתקם, אלא בנסיבות מיוחדות ויוצאות דופן, לאחר שבית המשפט שוכנע שהן גוברות על הצורך לקבוע את העונש במתחם העונש ההולם בהתאם לעיקרון המנחה, ופירט זאת בגזר הדין.",train
מהו טווח העונש שניתן להטיל על נאשמים בעבירות החזקת סמים לפי מדיניות הענישה הנוהגת?,"בחינת מדיניות הענישה הנוהגת מעלה כי במקרים דומים הוטלו על נאשמים עונשים, החל מאסר מותנה ועד למספר חודשי מאסר בפועל וזאת ביחס לעבירות החזקת הסמים ועל כן אני מקבל את טענת התביעה לעניין המתחם בעבירות אלו.",train
מהו מתחם העונש ההולם שנמצא בעבירות האלימות במקרה זה?,לאור כלל האמור לעיל סבורני כי מתחם העונש ההולם (ביחס לעבירות האלימות) במקרה דנן הוא בין 3 חודשים שיכול וירוצו בעבודות שירות ועד 12 חודשים.,train
"מה הייתה הסיבה להטלת צו של\צ בהיקף מצומצם יותר במקרה זה?""","משדחיתי את המלצת שירות המבחן להימנעות מהרשעה, עליה נשענה ההמלצה הנוספת לצו של\צ בהיקף של 200 שעות, מצאתי להטיל צו של\""צ בהיקף מצומצם יותר, על מנת לעודד את הנאשם בדרכו החדשה ותוך התחשבות בנסיבותיו האישיות והמשפחתיות.""",train
אילו נתונים נלקחו בחשבון בהערכת הנסיבות שאינן קשורות בביצוע העבירה?,"במסגרת הנסיבות שאינן קשורות בביצוע העבירה לקחתי בחשבון את הנתונים הבאים: השיפור ביחסים בין המתלוננת לנאשם, האירוסין וההחלטה להתחתן; הודאת הנאשם בכתב אישום מתוקן, קבלת אחריות והבעת חרטה; העדר עבר פלילי; התנהלות נורמטיבית, התנדבות ועבודה במד\א; תפקוד כללי ותעסוקתי תקין לאורך חייו; נסיבות אישיות-משפחתיות חריגות (ראו התסקיר); שיתוף הפעולה עם שירות המבחן והתגייסותו להליך טיפולי.""",train
מהו השיקול המרכזי שנלקח בחשבון בקביעת המתחם לעונש במקרה זה?,בקביעת המתחם לקחתי בחשבון את הנסיבות הקשורות בביצוע העבירה עליהן עמדתי בהרחבה בפרק שעניינו דחיית בקשת ההגנה לביטול ההרשעה.,train
מהו המיקום המומלץ לעונש הנאשם אם לא היו שיקולים שיקומיים?,"אלמלא השיקום ושאר השיקולים שפורטו לעיל, היה נכון למקם את עונשו של הנאשם בחלקו האמצעי של המתחם.",train
מהו השיקול הנוסף שיש לקחת בחשבון לגבי מאסרו הראשון של הנאשם?,"אין להקל ראש בשיקול הנוסף לפיו מדובר במאסר ראשון בחייו של הנאשם, על כל המשתמע לכך, גם בהתחשב בגילו.",train
מהי המסקנה לגבי עונשו של הנאשם בהתבסס על כלל השיקולים שהוצגו?,כל אלה מובילים למסקנה שיש להציב את עונשו של הנאשם בשליש התחתון של המתחם (אך אין בהם כדי להביא למהלך חריג מאוד של חריגה מהמתחם).,train
מהו השיקול שהוביל את בית המשפט לסטייה ממתחם הענישה במקרה זה?,בית המשפט מצא מקום לסטייה ממתחם הענישה לאור שיקולי שיקום אך לא מצא מקום לביטול הרשעתו בדין.,train
מה מלמד ניסוח כתב האישום המתוקן בעניינה של הנאשמת 2 לגבי מעורבותה?,ניסוח כתב האישום המתוקן בעניינה של הנאשמת 2 מלמד על התייחסות מיוחדת שראתה התביעה לנכון באשר לחלקה ומעורבותה.,train
כיצד יש לבחון את העונשים המוסכמים לנאשמים לפי כללי תיקון 113 לחוק העונשין?,"בראי המפורט לעיל, יבחנו העונשים המוסכמים לנאשמים במבחן האיזון ובשים לב לכללי ושיקולי הענישה שבתיקון 113 לחוק העונשין.",train
מהו המאפיין המרכזי של הענישה בעבירות סחר בסמים לפי הפסיקה הנוהגת?,"הצדדים התייחסו לפסיקה הנוהגת בעבירה מסוג זה ולאחר ששמעתי את הצדדים ועיינתי בפסיקה דעתי היא שהזרם המרכזי בפסיקה נע סביב מספר חודשי מאסר שניתן לרצותם בחודשי עבודות שירות, קרי במספר חודשים ועד לשנת מאסר.",train
מהו העיקרון שנקבע בפסיקה לגבי אי הסרת המחדל בעבירות מס?,"נקבע בפסיקה כי, בעבירות מס,  אי הסרת המחדל מחייבת הענקת משקל משמעותי לאינטרס הציבורי על חשבון האינטרס הפרטי, וזאת בהעדר פעולה ממשית לצמצום הנזק שנגרם כתוצאה מהעבירות שבוצעו (סעיף 40יא(5) לחוק העונשין).",train
מהו ההסבר לנסיבות המיוחדות שביצוע העבירות בתיק זה?,"אני מקבל את השקפתה של ההגנה על נסיבות ביצוע העבירות בתיק זה, שהן במובנים מסוימים נסיבות מיוחדות וזאת משמדובר באיומים שהופנו כלפי העובדת הסוציאלית כדי להניא אותה מתכניתה להפגישה בין הנאשם לבין הפרודה.",train
מהו ההסבר המשפטי לכך שאי ניכוי חודשי המעצר משפיע על האינטרס הציבורי בענישה בתיק?,"אי ניכוי חודשי המעצר הרבים יש בו כדי לספק, ולו באופן חלקי, את האינטרס הציבורי בענישה ממשית בתיק.",train
מדוע הסדר הטיעון שהוצג לא חורג ממדיניות הענישה הראויה?,"המסקנה היא שהסדר הטיעון שהוצג לי על ידי הצדדים, וגם אם יש בו הטבה מסוימת עם הנאשם (הגבלת הרף העליון ל- 11 חודשי מאסר), איננו חורג ממדיניות הענישה הראויה, ולכן ובהתחשב בנימוקי הצדדים להסדר, אני מאמץ את ההסדר כך שהעונש ייגזר לפי טווח הענישה המוסכם.",train
מהו הקשר בין חומרת ההתנהגות של הנאשם לבין מתחם העונש שנקבע בתיק זה?,"עוד אוסיף כי, אין סתירה או פער בין דבריי לגבי הרבדים השונים של החומרה בהתנהגותו של הנאשם - ואשר הביאוני לכדי מסקנה שאין \לוותר\"" על ההרשעה בתיק זה - לבין מתחם העונש המתון יחסית לעיל.""",train
מדוע ניתן לסטות ממתחם העונש ההולם בעבירות כלכליות חמורות?,"גם בעבירות כלכליות מובהקות, ואף בגילויים החמורים שבהן, ניתן לסטות ממתחם העונש ההולם משיקולי שיקום.",train
מדוע יש מקום לשקול ענישה צופה פני עתיד במסגרת המתחם העונשי?,"יש מקום לאפשר שוליים של ענישה צופה פני עתיד בתחתית המתחם, לצד רכיבי עונש נוספים.",train
מהו המעמד שניתן לשיקול השיקום במקרים המתאימים?,"נקבע כי במקרים המתאימים יינתן לשיקול השיקום מעמד בכורה, וכי על בית המשפט לבחון האם הנאשם השתקם בפועל או שיש סיכוי של ממש לשיקומו.",train
מדוע נודעת חשיבות רבה לעובדה שהעבירות התפרסו על פני עשור שנים?,"לשיטתי, לעובדה שהעבירות התפרסו על פני תקופה ארוכה של עשור שנים נודעת חשיבות רבה בקביעת המתחם.",train
מהו חלקה של הנאשמת 2 ומהם הטעמים לכך?,"חלקה של הנאשמת 2 הוא הקטן ביותר, וזאת משלושה טעמים מצטברים: התקופה הקצרה שבה עבדה בעסק (פחות מעשרה ימים), עבודתה כמוקדנית ללא מגע עם הלקוחות או הסמים או הכספים, כאשר תפקידה מסתכם בהעברת נתונים מהמחשב לטבלה מרוכזת לממונה עליה, והסכמת התביעה להוספת פרק עובדתי מיוחד המתאר את נסיבות השתלבותה בעסק.",train
מדוע לא ניתן להקל ראש בעבירות אלימות כמו מכות ואיומים קשים?,"לא ניתן להצדיק או להקל ראש בעבירות של אלימות מסוג זה, מכות בראשה של המתלוננת ואיומים קשים.",train
מהו העיקרון שעליו יש להתבסס בקביעת מתחם העונש בהתאם לתיקון 113 לחוק העונשין?,"בהתאם לתיקון 113 לחוק העונשין, יש לקבוע, בטרם קביעת העונש המתאים, (בגין כל אחד מהאירועים), מתחם עונש הולם למעשה העבירה בהתאם לעקרון ההלימה ותוך התחשבות במידת הפגיעה בערך החברתי, במדיניות הענישה הנהוגה ובנסיבות הקשורות בביצוע העבירה.",train
מהו השיקול שהשפיע על גובה העונש שניתן לנאשם בנוגע לתקופות המעצר?,"לקחתי בחשבון את תקופות המעצר הלא קצרות שריצו הנאשם, וכי תקופות אלה לא ינוכו מעונש המאסר שאטיל.",train
מהי המסקנה לגבי האפשרות לסטייה מהמתחם בעקבות תסקיר השיקום?,מכאן המסקנה שתמונת המצב בתסקיר שוללת כל אפשרות לסטייה מהמתחם משיקולי שיקום.,train
מדוע יש צורך באבחנה בין המעשים השונים בקביעת מתחמי הענישה?,"השוני בין המקרים בכל הנוגע לנסיבות ביצוע העבירה ולעוצמת הפגיעה ברכוש, יצדיק אבחנת-מה בין המעשים לעניין קביעת מתחמי הענישה.",train
מהי ההחלטה לגבי מדיניות הענישה במקרה של גרימת מוות ברשלנות בענף הבנייה?,"נקבע כי השתת עונש מאסר ממושך לנשיאה בעבודות שירות על מי שהורשע בגרימת מוות ברשלנות, אף בגין רשלנות בעבודה בענף הבנייה, אינה סוטה ממדיניות הענישה הנוהגת.",train
אילו גורמים הביאו את בית המשפט למקם את עונשה של הנאשמת ברף הנמוך ביותר?,"גילה הצעיר של הנאשמת, הודייתה בכתב האישום המתוקן, העדר עבר פלילי, המלצת שירות המבחן, השיקום שעברה, מעצרה, התנאים המגבילים, התחזית החיובית לסיכויים נמוכים להישנות העבירות, נסיבותיה האישיות והמשפחתיות ותכניותיה לעתיד, מביאים למסקנה שיש למקם את עונשה ברף הנמוך ביותר בתוך המתחם.",train
מהו ההיבט הבריאותי שיכול להשפיע על עונש המאסר של הנאשם?,"במצבו של הנאשם, על מאפייניו הייחודיים, כפי שעולה מהתסקיר ובטיעוני ההגנה, עונש של מאסר בפועל, ולו בעבודות שירות, עלול לפגוע בו פגיעה שיקשה עליו להתאושש ממנה, גם מבחינה בריאותית.",train
מהו השיקול שיש לקחת בחשבון בגזירת העונש מעבר לביצוע העבירה?,בגזירת העונש במתאים לנאשם יש להתחשב בנסיבות שאינן קשורות בביצוע העבירה.,train
מהו החשש הנובע מהסברו של הנאשם לגבי חוסר הפניות הרגשית שלו?,"הסברו של הנאשם לפיו \אינו פנוי לכך רגשית\"" כיוון שהוא \""טרוד מגזר הדין\"", מטריד כשלעצמו ומעורר חשש שמאמצי הטיפול מכוונים להליך המשפטי בעיקר.""",train
מה משפיע על מדיניות הענישה בעבירות הנדונות?,"מדיניות הענישה הנוהגת בעבירות הנדונות מושפעת מהשיטתיות שבמעשים והיקפם, מהנזק שנגרם, כמו גם מהסרת המחדל.",train
מהו הגורם המרכזי שעליו נשענת קביעת מתחם העונש?,קביעת מתחם העונש האמור נשענת בראש ובראשונה על נסיבות ביצוע העבירות.,train
מדוע לא נמצאו נסיבות מיוחדות במקרה זה שיצדיקו סטייה ממתחם העונש ההולם?,"במקרה דנן לא מצאתי נסיבות מיוחדות המצדיקות סטייה ממתחם העונש ההולם, לחומרה או לקולה.",train
מדוע לא ניתן לגזור מהסכם הטיעון על הענישה באישומים האחרים שצורפו?,"בניגוד לעמדת ההגנה, לא מצאתי לגזור מהסכמה זו על הענישה באישומים האחרים שצורפו, שכן מדובר בהסדר טיעון (סגור) לעניין העונש, אשר התבסס, בין השאר, על \קשיים ראייתיים ממשיים\"" (עמ' 78, בת\""פ 36057-04-19).""",train
מדוע לא קיימת הצדקה להפרדה מלאכותית בקביעת מתחמי העונש במקרה זה?,"מכל מקום אין הצדקה להפרדה מלאכותית, על דרך קביעת מתחמי עונש שונים, ולאחר מכן צבירתם (או אף חפיפה מסוימת ביניהם).",train
מהי הסיבה לכך שלא נמצאו נסיבות מיוחדות המצדיקות סטייה ממתחם העונש?,"במקרה דנן לא מצאתי נסיבות מיוחדות המצדיקות סטייה ממתחם העונש ההולם, לחומרה או לקולה.",train
כיצד מתאזנים האינטרסים הציבוריים והפרטיים במקרה זה?,"הפגיעה מוצדקת, ומתאזנת עם האינטרס הציבורי בשיקום עבריינים, ואין להוסיף פגיעה נוספת בדמות אימוץ מלא של עתירת ההגנה לעונש בהתאם לאינטרס הפרטי של הנאשמים.",train
אילו נתונים לקח בית המשפט בחשבון במסגרת הנסיבות שאינן קשורות בביצוע העבירה?,"במסגרת הנסיבות שאינן קשורות בביצוע העבירה לקחתי בחשבון את הנתונים הבאים: עדי האופי (בני משפחתו), עבר פלילי נקי, מצב רפואי קשה, נסיבות אישיות ומשפחתיות, הודאה, לקיחת אחריות, הודאה בנסיבות שהרחבתי עליהם את התיאור במסגר גזר הדין בעניינם של הנאשמים האחרים.",train
מהן הנסיבות שהובילו למיקום עונשו של הנאשם ברף התחתון של המתחם?,"אין מחלוקת בין הצדדים שיש למקם את עונשו של הנאשם ברף התחתון של המתחם ולכן לא ארחיב בענין זה ואציין העדר עבר פלילי, גיל צעיר, נסיבות אישיות ומשפחתיות, צירוף תיקים וקשיים עמם התמודד הנאשם על רקע אירוע טראגי שפקד את משפחתו.",train
מהו המסר שעלול להישלח אם יוחלט לוותר על רכיב ענישה ממשי?,"לעתים, מאסר ולו לתקופה קצרה נדרש, ולעתים, ויתור על רכיב ענישה ממשי עלול לשדר מסר שגוי לנאשם.",train
מהו הדגש החשוב לקביעת מתחם העונש ההולם לעבירה?,על מנת לקבוע מהו מתחם העונש ההולם יש לשים דגש על נסיבות ביצוע העבירה.,train
מהי התרשמות שירות המבחן לגבי תקופת חייו של הנאשם?,אני נוטה לקבל התרשמות שירות המבחן שמדובר בתקופה אפיזודית בחייו של הנאשם.,train
מהו העונש המומלץ שנראה לבית המשפט כמידתי בהתחשב בשיקולים השונים במקרה זה?,"דומני כי עונש בדמות צו של\צ בהיקף עליו המליץ שירות המבחן, לצד צו מבחן וענישה נלוות בדמות מאסר מותנה, התחייבות ופיצוי משמעותי למתלונן – מהווה תגובה מידתית שיש בה התחשבות בכלל השיקולים לחומרה ולקולא ובכך תהווה ענישה צודקת בהיבט של האינטרס הציבורי, הפגיעה במתלונן ומבלי לפגוע יתר על המידה בעניינו הפרטי של הנאשם שכשל באופן חד פעמי באירוע זה.""",train
מהי עמדת שירות המבחן לגבי סיכויי השיקום של הנאשם בהתחשב בהיסטוריה שלו?,"הנאשם מתקשה לקבל כאמור אחריות מלאה על העבירה ועל השלכות מעשיו ועל רקע ההסטוריה של חזרה לשימוש מופרז באלכוהול סבור שירות המבחן כי בהעדר טיפול ובהעדר נכונות להשתלב בטיפול ייעודי בתחום האלימות במשפחה, לא ניתן להצביע על סיכוי לשיקום ולכן שירות המבחן המליץ על עונש קונקרטי שיכול להציב גבול נוסף להתנהגותו.",train
כיצד מתייחס מתחם העונש לעבירת הסחר בסמים מסוג קנביס בהקשר של עבודות שירות?,"לגבי עבירת הסחר לסמים מסוג קנביס כמתחם שמתחיל ממספר חודשים שיכול שירוצה בעבודות שירות על אף שניתן לאתר פסיקה לא מועטה בה בית המשפט הסתפק בעונש של של\צ בהיקף נרחב חרף המאסר בעבודות שירות.""",train
מהו המידע בתסקיר שהוביל למסקנה שאין מקום לשקול סטייה מהמתחם משיקולי שיקום?,"לפי האמור בתסקיר, ובפרט עמודים 2-3, אין לפנינו מקרה שבו ניתן לשקול סטייה מהמתחם משיקולי שיקום, אף לא בקירוב.",train
מהו השיקול המרכזי שהוביל למסקנה שאין להטיל על הנאשם עונש חמור מ-8 חודשי מאסר?,"בענייננו, יש לגזור מעונשו של הנאשם האחר כך שלשיטתי לא ניתן להטיל על הנאשם כאן עונש שחמור מ-8 חודשי מאסר, וזאת בהתחשב בעובדה שהנאשם כאן משוחרר, שהה בתנאים מגבילים משך תקופה ממושכת, הוא נדרש היום לחזור לריצוי מאסר בפועל, על המשמעות של עונש מאסר בעניינו של אדם שהוא משוחרר.",train
מה היה קורה אם לא היה חלוף הזמן המשמעותי במקרה זה?,"תיאמר האמת, אלמלא חלוף הזמן המשמעותי, היה נכון לקבל את עתירת התביעה לעונש, בהיותה עתירה מתונה וסבירה.",train
מהי השאלה המרכזית הנוגעת לסטייה מהמתחם בהקשר לנסיבות האישיות של הנאשם?,"בנסיבות אלו, עולה השאלה האם הסטייה מהמתחם משיקולי צדק ושיקום מחייבת הליכה רבתי לקראת הנאשם על רקע נסיבות אישיות ותעסוקתיות שציין הסנגור.",train
מהו המסר המרכזי של בית המשפט לגבי החומרה של עבירות המס?,בית המשפט מדגיש את החומרה שבעבירות המס ואת הפגיעה בערכים המוגנים.,train
מהו המשקל שיש לייחס להודאת הנאשם בנסיבות המקרה?,מכאן שיש לייחס משקל משמעותי להודאת הנאשם בנסיבות אלה.,train
מהו מתחם העונש ההולם שנקבע במקרה זה?,"לאור כלל האמור לעיל סבורני כי מתחם העונש ההולם במקרה דנן הוא בין מאסר מותנה וצו של\צ בהיקף נרחב ועד 12 חודשי מאסר.""",train
"מהי הסיבה לכך שהוחלט לא לכלול מרכיב של של\צ בענישה של הנאשם?""","לאור העובדה שהחלטתי בסופו של דבר שלא לבטל את הרשעתו של הנאשם, דומני כי ניתן להסתפק בעניינו בענישה שאיננה כוללת מרכיב של של\צ שמלכתחילה הוצע לביהמ\""ש במסגרת המלצה להימנע מהרשעה וכחלק מהמלצה זו.""",train
מהו המיקום המומלץ לעונש ביחס לרף התחתון של המתחם?,"סופו של דבר שיש למקם את העונש קרוב לרף התחתון של המתחם, אם כי אני מקבל את טענת התביעה שלא ניתן למקם את עונשו של הנאשם ברף התחתון ממש.",train
מהי ההשפעה של מעשי הנאשם על תחושת הפחד והאימה של המתלונן?,"האמור מבסס את טענת התביעה לתחושת הפחד והאימה שבוודאי אחזו במתלונן שהנאשם מאיים ותוך כדי נוקט במעשים שממחישים את איומיו באופן הגלוי והברור, ולכן המעשים עצמם מציבים את האירוע ברף חומרה שאינו נמוך כלל וכלל.",train
מהו המשקל שיינתן לסיפור האישי של הנאשמת לפי תיקון 113 לחוק העונשין?,"הגיונו של תיקון 113 לחוק העונשין מורה אותנו שהמשקל שיינתן לסיפור האישי, קשה ככל שיהיה, דרמטי ככל שיהיה, יהיה מוגבל ומתוחם בגדרי וגבולות המתחם האובייקטיבי שייקבע בשלב הראשון של הבחינה.",train
כיצד משפיעה התחלואה הכפולה של הנאשם על מצבו הכללי?,"העובדה שהנאשם סובל מתחלואה כפולה, קרי מצב נפשי מורכב ואף אובדנות לצד התמכרות להימורים, הופכת את מצבו הכללי לעדין ופגיע במיוחד עם סיכון גבוה להתדרדרות.",train
מהו השיקול שמצדיק הסטת העונש לעבר השליש התחתון במתחם?,"השינוי אותו עורך הנאשם במישורי חייו השונים מצדיק הסטת העונש לעבר השליש התחתון שבמתחם, על אף עברו הפלילי בעבירות אלימות.",train
מהו הצורך המיוחד בהחמרת הענישה בעבירות אלימות במשפחה לפי בית המשפט העליון?,בית המשפט העליון התייחס לצורך בהחמרת הענישה במקרים של עבירות אלימות במשפחה בפרט כאשר מדובר באלימות נמשכת וחשש ממשי לשלומה של המתלוננת.,train
מהן השיקולים שיש לקחת בחשבון לפי המלצת שירות המבחן בנוגע לסיכוי הישנות העבירות?,"יש להתחשב בהמלצת שירות המבחן לעניין סיכוי הישנות העבירות, להפקת הלקחים, להרתעת ההליך המשפטי, ושאר השיקולים האישיים המפורטים בהרחבה רבה בתסקיר (לרבות מצבה הרפואי של בתו של הנאשם).",train
מהו שיקול השיקום המאפשר לבית המשפט לחרוג ממתחם העונש ההולם?,"כידוע על פי תיקון 113 לחוק העונשין, סעיף 40ד, אם בית המשפט ימצא כי הנאשם השתקם או כי יש סיכוי של ממש שישתקם, רשאי הוא לחרוג ממתחם העונש ההולם ולקבוע את עונשו של הנאשם לפי שיקולי שיקומו.",train
מהי עמדת בית המשפט לגבי מיקום העונש ביחס למתחמי העונש שנקבעו?,"אני סבור שיש למקם את עונשו, למצער, באמצע מתחמי העונש ולא ברף התחתון.",train
"מהו הערך החברתי המוגן שנפגע במקרה זה, אשר מצדיק את החמרת הענישה?",הערכים החברתיים המוגנים אשר נפגעו במקרה דנן הם קדושת החיים וחשיבות ההקפדה על כללי הבטיחות בעבודה לצורך שמירה על שלמות גופם של העובדים ושל הציבור בכללותו.,train
מהי החשיבות של חלקו של כל נאשם במעשה בעת קביעת המתחם?,בקביעת המתחם לקחתי בחשבון את הנסיבות הקשורות בביצוע העבירה לרבות: חלקו של כל נאשם במעשה.,train
מהי המסקנה לגבי נסיבות מיוחדות במקרה זה?,"במקרה דנן לא מצאתי נסיבות מיוחדות המצדיקות סטייה ממתחם העונש ההולם, לחומרה או לקולה ואף לא נטען כך בפניי.",train
מהי המחלוקת העיקרית בנוגע למיקום העונש בתוך המתחם?,לא מצאתי נסיבה כלשהי שתצדיק סטייה מהמתחם והמחלוקת העיקרית בעיניי היא סביב שאלת מיקומו של העונש בתוך המתחם.,train
מה מגולם בהסדר ובשיקולים לקולא שהעלתה ההגנה במהלך הטיעונים?,"בעניין זה, כפי ששיקפתי להגנה במהלך טיעוניה, השיקולים לקולא והקשיים עליהם עמדה, מגולמים היטב בהסדר ובהסכמה אליה הגיעו הצדדים.",train
מהו העיקרון שעליו יש להתבסס בקביעת מתחם העונש ההולם לפי תיקון 113 לחוק העונשין?,"בהתאם לתיקון 113 לחוק העונשין, יש לקבוע, בטרם קביעת העונש המתאים, (בגין כל אחד מהאירועים), מתחם עונש הולם למעשה העבירה בהתאם לעקרון ההלימה ותוך התחשבות במידת הפגיעה בערך החברתי, במדיניות הענישה הנהוגה ובנסיבות הקשורות בביצוע העבירה.",train
מהן הנסיבות שנלקחו בחשבון בקביעת המתחם לעונש במקרה זה?,"בקביעת המתחם לקחתי בחשבון את הנסיבות הקשורות בביצוע העבירה לרבות רף האיומים הנמוך יחסית, העובדה שמדובר באירוע בלתי מתוכנן, ולכן הגעתי למסקנה שניתן להסתפק בנסיבות העבירה במתחם שמתחיל ממאסר מותנה וענישה נלווית בדמות קנס או פיצוי אך מבלי הכרח במרכיב של צו של\צ ועד למספר חודשי מאסר שיכול וירוצו בעבודות שירות.""",train
מדוע לא ניתן לקבוע שהנאשם 'השתקם' על סמך התמונה החיובית שהוצגה?,"על אף התמונה הכללית החיובית ועל אף חלוף הזמן מאז ביצוע העבירות ועד היום (מבלי שנפתחו תיקים נוספים), הקביעה לפיה הנאשם 'השתקם או כי יש סיכוי של ממש שישתקם' איננה מבוססת על אדנים יציבים, לצערי.",train
אילו שיקולים נלקחו בחשבון בעת קביעת העונש לנאשם?,"כמו כן, לקחתי בחשבון כאמור את גילו של הנאשם, היעדר תיקי מב\ד, הודאתו, החרטה שהביע, ההכרה בבעייתיות בשימוש בסמים ובעיקר – נסיבות אישיות ומשפחתיות כמפורט בהרחבה בתסקיר.""",train
מהו העיקרון המנחה בענישה לפי סעיף 40ב לחוק העונשין?,"לפי סעיף 40ב לחוק העונשין, העיקרון המנחה בענישה הוא קיומו של יחס הולם בין חומרת מעשה העבירה בנסיבותיו ומידת אשמה של הנאשמת ובין סוג ומידת העונש המוטל עליה.",train
מהו העונש המומלץ לנאשמים בהתחשב בשיקולי השיקום והחומרה של המעשים?,"שיקולי השיקום מחייבים הימנעות משליחת הנאשמים לכלא, אך יש לגזור עליהם את העונש המרבי במגבלה האמורה, שמא יהא בכך ביטוי כלשהו של חומרת המעשים שבוצעו על ידיהם.",train
מהם הערכים החברתיים המוגנים שנפגעו במקרה זה?,הערכים החברתיים המוגנים אשר נפגעו במקרה דנן הם שמירה על בריאות הציבור ושלומו וכן תרומת בית המשפט למלחמה בנגע הסמים.,train
כיצד יוטלו העונשים כדי לשמור על יחס הולם בין חומרת המעשים לתקופת הכליאה?,"העונשים יוטלו בחפיפה מלאה, תוך שמירה על יחס הולם בין חומרת מכלול המעשים לבין תקופת הכליאה.",train
"מהו הגורם שיקבע את המתחם בעניינו של הנאשם, וכיצד משפיע סוג הסיוע על קביעתו?","המתחם ייקבע לפי נסיבות ביצוע העבירה, וקיים הבדל משמעותי בין סיוע לבין סיוע, כאשר נסיבות הסיוע ודרגתו ישליכו על המתחם.",train
מדוע יש לשקול את פגיעתו של העונש בנאשמת ובמשפחתה?,"עוד יש לשקול פגיעתו של העונש בנאשמת ובמשפחתה, בפרט לנוכח קשייה האישיים שתיארה בדברה האחרון.",train
מהו התנאי הנדרש לביטול הרשעה בהקשר לנזק קונקרטי?,יש להתייחס לנתון הצורך בהצבעה על 'נזק קונקרטי' כתנאי לביטול ההרשעה כמכלול שיקולים רלוונטיים.,train
מהו העיקרון שעליו יש להסתמך בקביעת מתחם העונש לעבירה לפי תיקון 113 לחוק העונשין?,"בהתאם לתיקון 113 לחוק העונשין, יש לקבוע, בטרם קביעת העונש המתאים (בגין כל אחד מהאירועים), מתחם עונש הולם למעשה העבירה בהתאם לעקרון ההלימה ותוך התחשבות במידת הפגיעה בערך החברתי, במדיניות הענישה הנהוגה ובנסיבות הקשורות בביצוע העבירה.",train
"מהו תפקיד רכיב \גובה המחזור העסקי\"" בהקשר לנסיבות ביצוע העבירה?""","רכיב זה של \גובה המחזור העסקי\"" הוא אלמנט שיש להתחשב בו, בהיבט של נסיבות ביצוע העבירה, ואולם זאת עד גבול מסויים.""",train
מדוע יש לקבוע את העונש לפי צורכי השיקום של הנאשם?,"אלא מקום שבית המשפט מאמץ את שביל השיקום, הרי שיש לקבוע את העונש לפי צורכי השיקום, אחרת יימצא שהאינטרס הציבורי ייפגע, אך גם האינטרס הפרטי ייפגע בבחינת לא מכאן ולא מכאן.",train
מהן הנסיבות שהובילו לקביעת רף חומרה גבוה במקרה זה?,נסיבות ביצוע העבירה בתיקנו מציבות את האירוע ברף חומרה שאיננו נמוך וזאת בשל שילוב של עבירת קבלת הרכב הגנוב בנסיבות של חלון דלת אחורי מנופץ ורכב מונע באמצעות התעסקות עם חיווט הרכב באזור מושב הרכב ולוח המכוונים.,train
מהו השיקול המרכזי לגבי הסרת המחדל והשפעתו על גבולות מתחם הענישה?,"כידוע שיקול הסרת המחדל, על דרך תשלום החוב לרשויות המס, פועל רק בתוך המתחם ואינו קובע את גבולותיו.",train
מהו האירוע המשברי שקשור לחייו של הנאשם והשפעתו על ההחלטה להימנע מעונש מאסר בפועל?,"ניכר שמדובר באירוע משברי וחריג בחייו של הנאשם ולכן ותוך שאני מאמץ המלצת שירות המבחן אותם חלקים שמתייחסים לחשש לפגיעה ביציבותו התעסוקתי של הנאשם, אני סבור שנכון להימנע מעונש מאסר בפועל, גם לא מאסר שיכול וירוצה בעבודות שירות והכל תוך איזון רכיבי הענישה האחרים.",train
"מהו השיקול שצריך לקחת בחשבון בעת קביעת העונש לנאשם, בהתחשב בזמן שחלף מאז האירוע האחרון?",יש להתייחס לגילו של הנאשם ולחלוף הזמן מאז האירוע האחרון (2018) ועד היום.,train
מהן הערכים החברתיים המוגנים שנפגעו במקרה זה?,"הערכים החברתיים המוגנים אשר נפגעו במקרה דנן הם שמירה על רכוש הציבור וקניינו, תרומת בית המשפט למאבק בתופעת גניבת הרכבים, חשיבות הקשר בין בעל הרכב לבין רכבו והקושי בהתמודדות האזרח עם מצב בו רכבו שלו, על תכולתו, נעלם כלא היה.",train
מהי הסיבה לכך שאין צורך להיכנס למחלוקות בין הצדדים לאחר ההסדר?,"די באלה כדי להטות את העונש לעבר תחתית טווח הענישה, ולא מצאתי צורך להיכנס לקדרת המחלוקות בין הצדדים שלשיטתי חלקן, אם לא כולן, הפכו לנחלת העבר מעצם כריתת הסדר הטיעון.",train
כיצד משפיע ריבוי המקרים על גזר הדין במקרה של הנאשם?,"החומרה היחסית של האישום בתיק הראשון לצד החומרה מעצם ריבוי המקרים באישום השני, מובילים למסקנה שיש לגזור על הנאשם עונש מאסר שאינו יכול לפחות משנת מאסר.",train
כיצד השפיעה המלצת שירות המבחן על גזר הדין של הנאשם?,בית המשפט התחשב בהמלצת שירות המבחן לאחר שהנאשם עבר הליך שיקום יעיל וגזר על הנאשם 3 חודשים מאסר מותנה למשך שנתיים וצו מבחן.,train
מדוע אין סיבה לערער על חוקיות ריצוי העונש בעבודות שירות במקרה של שהות חוקית?,"אלא שבמקרה שבפניי, כאשר מדובר באדם ששהותו בישראל חוקית למהדרין, מתוקף צו שיפוטי, אין כל סיבה לערער בדברך חוקיות המהלך של ריצוי העונש בדרך של עבודות שירות.",train
מדוע לא נמצאו נסיבות מיוחדות המאפשרות סטייה ממתחם העונש ההולם במקרה זה?,"במקרה דנן לא מצאתי נסיבות מיוחדות המצדיקות סטייה ממתחם העונש ההולם, לחומרה או לקולה.",train
מהו השוני בין המקרים שהשפיע על קביעת מתחם הענישה במקרה של הנאשם?,"השוני בין המקרים בכל הנוגע לנסיבות ביצוע העבירה ולעוצמת הפגיעה ברכוש, יצדיק אבחנת-מה בין המעשים לעניין קביעת מתחמי הענישה: ביחס לאירוע הראשון, לא מצאתי להקל ראש בסוג וריבוי הפריטים וסעיפי האישום, בכמות וטיב הרכוש הנגנב, שהינו רב ומגוון, ועל כן סבורני כי מתחם העונש ההולם נע בין 12 לבין 24 חודשי מאסר.",train
מדוע יש לקחת בחשבון את התרשמות שירות המבחן לגבי השפעת המאסר על חלק מהנאשמים?,אין להתעלם מהתרשמות שירות המבחן כי לגבי חלק מהנאשמים שליחתם למאסר בפועל עלולה לפגוע בהם פגיעה משמעותית.,train
מהי המשמעות של גניבה בבית אחיו של הנאשם בהקשר לחומרת העבירה?,העובדה שמדובר בגניבה שהתרחשה בבית אחיו של הנאשם מהווה נסיבה לחומרה שכן היא כרוכה במידה רבה של מעילה באמון ואף מלמדת על התנהגות חסרת עכבות ועל הנאשם שאינו בוחל באמצעים כדי להשיג את מטרתו.,train
מדוע המלצת שירות המבחן שחורגת לקולא ממתחם העונש איננה ישימה במקרה זה?,"לכן, המלצת שירות המבחן שחורגת לקולא ממתחם העונש (ללא שיקום) איננה ישימה לענייננו.",train
מהו הנזק הנוסף שנגרם למדינה מעבר לנזק הכספי הישיר בעקבות העבירות?,"הנזק שנגרם למדינה אינו רק נזק כספי ישיר, אלא נזק הכרוך בפגיעה במנגנון המס שהפעלתו מותנית בהגשת דוחות מס במועד כדי לבחון אמיתותם ולפעול לפיהם.",train
מהי החשיבות של השתלטות הנאשם על חברה קיימת בהקשר לעונש?,"כן, יש לייחס משקל לעובדה שהנאשם השתלט במרמה על חברה קיימת, \כימי לב\"", בה פעל כבעל המניות והוציא חשבוניות פיקטיביות כשהמס הגלום בהן עומד על כמיליון שקלים.""",train
מהו השיקול הנוסף שיש לקחת בחשבון בבחינת אפשרות ביטול ההרשעה?,"רביעית, ולמרות כל האמור, עדיין יש לשקול גם במקרים מסוג זה אפשרות ביטול ההרשעה למקרים של נאשמים שמצליחים להצביע על נזק קונקרטי.",train
מהי הסיבה לכך שהסכמת הצדדים בעבר אינה רלוונטית לקביעת מתחם העונש ההולם?,"כמו כן, כידוע ניתן לחרוג ממתחם העונש ההולם בהינתן תהליך שיקומי ולכן הסכמת הצדדים בעבר, הסכמה שאיננה רלוונטית עוד, בכל מקרה, לנוכח צירוף התיקים הנוספים ובהעדר המלצה שיקומית, איננה יכולה להשליך כאמור על הקביעה הנורמטיבית בדבר מתחם העונש ההולם.",train
כיצד השפיע חלוף הזמן על הנאשם בהקשר לדחיות הדיון?,"עיון בפרוטוקולי הדיון מלמד שחלוף הזמן נזקף ברובו לחובת הנאשם שכן רוב הדחיות היו לבקשתו, כדי לאפשר לו להסיר את המחדל, וכן מסיבות רפואיות.",train
כיצד משפיעה טענת הנאשם לגידול סמים לצריכה עצמית על מדיניות הענישה במקרה זה?,"אלא שבנסיבות המיוחדות של המקרה על ורקע טענת הנאשם לגידול שנועד לצריכה עצמית, טענה שהתביעה הסכימה שתועלה מבלי לסתור אותה, מדיניות הענישה הנוהגת מתחילה מענישה הכוללת מאסר על תנאי לצד צו של\צ בהיקף לא מבוטל ועד ל- 10 חודשי מאסר.""",train
מדוע הוחלט על סטייה קלה מהשיקום למרות הפגם בתסקירים?,"על אף שנפל פגם מסוים בתסקירים, הגעתי למסקנה שיש להתחשב בשינוי שעבר על הנאשם ואולם הסטייה מהשיקום תהיה סטייה קלה מזו המומלצת.",train
מהן הנסיבות שנלקחו בחשבון בקביעת המתחם בעניינו של נאשם 4?,"בקביעת המתחם בעניינו של הנאשם 4 לקחתי בחשבון את הנסיבות הקשורות בביצוע העבירה לרבות: היותו השליח לדבר סם, חוליה בלתי נפרדת מקו האספקה, הביצוע בצוותא, התעוזה, ומנגד חלקו הקטן יותר ביחס לנאשמים האחרים מחוללי הפשיעה בתיק.",train
באילו תנאים רשאי בית המשפט לחרוג ממתחם העונש ההולם?,"קבע בית המשפט את מתחם העונש ההולם בהתאם לעיקרון המנחה ומצא כי הנאשם השתקם או כי יש סיכוי של ממש שישתקם, רשאי הוא לחרוג ממתחם העונש ההולם ולקבוע את עונשו של הנאשם לפי שיקולי שיקומו, וכן להורות על נקיטת אמצעי שיקומי כלפי הנאשם, לרבות העמדתו במבחן לפי סעיפים 82 או 86 או לפי פקודת המבחן [נוסח חדש], התשכ\ט-1969.""",train
מדוע לא ניתן להתחיל את מתחם העונש בענישה צופה פני עתיד בלבד?,"אשר למדיניות הענישה, בניגוד לדעת ההגנה אינני סבור שמתחם העונש בתיק זה יכול להתחיל בענישה צופה פני עתיד בלבד.",train
מהי המשמעות של תסקיר הנאשם בהקשר להמלצה לענישה במקרה זה?,"על אף ההמלצה לענישה שאיננה כוללת מאסר בפועל מאחורי סורג ובריח, אין מדובר בתסקיר חיובי, או תסקיר שמצביע על תהליך שיקומי מרשים שעבר הנאשם.",train
מהו העיקרון שעליו יש להתבסס בקביעת מתחם העונש ההולם לפני קביעת העונש?,"בהתאם לתיקון 113 לחוק העונשין, יש לקבוע, בטרם קביעת העונש המתאים, מתחם עונש הולם למעשה העבירה בהתאם לעקרון ההלימה ותוך התחשבות במידת הפגיעה בערך החברתי, במדיניות הענישה הנהוגה ובנסיבות הקשורות בביצוע העבירה.",train
מהו השיקול המרכזי שעל בית המשפט לשקול בגזירת העונש לפי סעיף 40 יג (ג) לחוק?,"לפי סעיף 40 יג (ג) לחוק בגזירת העונש לפי סעיף זה יתחשב בית המשפט בין השאר במספר העבירות, בתדירות ובזיקה בניהם וישמור על יחס הולם בין חומרת מכלול המעשים ומידת אשמו של הנאשם לבין סוג העונש, ואם גזר עונש מאסר – לבין תקופת המאסר שעל הנאשם לשאת.",train
מהי התרשמות בית המשפט לגבי רצונו של הנאשם להיגמל מהתמכרות?,"בעניין זה, אין לנאשם להלין אלא על עצמו, ואולם התרשמתי שרצונו של הנאשם להיגמל מהתמכרות לסמים ואלכוהול הוא כן ואמיתי.",train
מדוע אין הצדקה לסטייה ממתחם העונש ההולם במקרה זה?,"כאמור אין הצדקה לסטייה ממתחם העונש ההולם, ואף אין הצדקה למיקום העונש בתחתית המתחם.",train
מהן הנסיבות שנלקחו בחשבון בקביעת המתחם לעונש במקרה זה?,"בקביעת המתחם לקחתי בחשבון את הנסיבות הקשורות בביצוע העבירה לרבות: ביצוע העבירות תחת השפעת אלכוהול, ביצוע העבירות כשהבת הקטינה נוכחת במקום, הנפת היד באוויר מספר פעמים ובנוסף החבלות שנגרמו למתלוננת ולאחר מכן ניסיונו של הנאשם למנוע מהמתלוננת להזעיק את המשטרה ואף איום עליה בהקשר זה.",train
מדוע לא ניתן להסתמך על הליך השיקום כתריס בפני הענישה הראויה?,הליך חיובי זה אינו יכול להוות תריס ומגן מפי הענישה הראויה בנסיבות התיק.,train
כיצד משפיע חלקו של הנאשם על מלאכת גזירת הדין במקרה זה?,"גם אם נותרו סימני שאלה באשר לחלקו המדויק של הנאשם ואולי אף ביחס למעורבות אחרים, הרי שהעיקר הוא שחלקו של הנאשם לא היה מבוטל, וודאי לא זניח, ודי לי בכך לצורך המשך מלאכת גזירת הדין על בסיס עובדות כתב האישום המתוקן, בצירוף ההבהרות של התביעה, מבלי להתעלם מתהיות ההגנה.",train
מהו מתחם העונש ההולם שנקבע בנסיבות העניין לאחר שקלול השיקולים?,אחרי ששקלתי את מכלול השיקולים הגעתי למסקנה לפיה מתחם העונש ההולם בנסיבות העניין נע בין מאסר מותנה וענישה נלווית ועד 6 חודשי מאסר.,train
כיצד ייגזר סכום הפיצוי בהיעדר הערכה מדויקת של שווי הרכוש שנגנב?,"בהיעדר עתירה קונקרטית באשר לגובה הפיצוי ובהיעדר הערכה מדויקת של שווי הרכוש שנגנב, ייגזר סכום הפיצוי על הצד המקל, באופן יחסי.",train
מהו תפקיד סעיף 37א לפקודה בשלב גזר הדין בעבירות סמים?,"סעיף 37א לפקודה, על אף שאיננו מחייב את בית המשפט לפסול רישיון נאשם שהורשע, מהווה, לכל הפחות, מעין תזכורת לבית המשפט בשלב גזר הדין כי בעבירות סמים עסקינן ולכן יש, למצער, להידרש לסוגיית הפסילה.",train
מהו השיקול שיש לקחת בחשבון בגזירת העונש לנאשם מעבר לביצוע העבירה?,בגזירת העונש המתאים לנאשם יש להתחשב בנסיבות שאינן קשורות בביצוע העבירה.,train
כיצד השפיע העדר עבר פלילי של הנאשם על הערכת הסיכוי שיחזור לבצע עבירות בעתיד?,"לבסוף, אין צורך לומר שהנאשם נעדר עבר פלילי, שלמד את לקחו, הפנים את הפסול במעשיו, ויש להניח שהסיכוי שיחזור לבצע עבירות בעתיד, הוא נמוך.",train
מהו המיקום המומלץ לעונש בהתבסס על הנתונים שנמסרו?,"לאור הנתונים, מצאתי שיש למקם את העונש קרוב לרף התחתון שבמתחם.",train
מהו העיקרון המנחה לסטייה ממתחם העונש ההולם לפי צורכי שיקומו של הנאשם?,"כאמור, סטייה ממתחם העונש ההולם לפי צורכי שיקומו של הנאשם תיעשה במקרים חריגים כאשר עוצמת תהליך השיקום ראוי שתגבר על האינטרס הציבורי במיצוי הדין עם עברייני מס.",train
מדוע המניעה הרפואית לבצע עבודות שירות אינה נחשבת למניעה פיזית?,"האינני יכול להתעלם מהעובדה שהמניעה הרפואית לבצע עבודות השירות איננה מניעה פיזית, אלא מניעה שמתבססת, לפחות בחלקה, על דיווחיו של הנאשם עצמו לגבי קשייו בתפקוד יומיומי (קושי להתעורר בשעות הבוקר, חרדות ודיכאונות וקושי ביצירת קשר עם אנשים).",train
מהו היעד המרכזי בהענשת עבירות כלכליות לפי עקרונות המשפט?,מדובר בעבירות כלכליות ולכן יש לשאוף לביטול אלמנט הכדאיות הכלכלית בביצוען.,train
מהו המתחם המינימלי שנקבע לעונש במקרה של הצטברות עבירות?,"המתחם לגבי כל אחת ואחת מהעבירות מתחיל ממאסר מותנה ועד מספר חודשי מאסר ואולם, הצטברות המקרים מחייבת הצבת העונש ברף שמתחיל ממאסר בפועל ולו לתקופה קצרה.",train
כיצד ניתן לממש את אינטרס השיקום גם בעונש בתחתית המתחם?,אינטרס השיקום יכול להתממש גם בהינתן עונש בתחתית המתחם.,train
מהו השיקול המרכזי שעל בית המשפט לשקול בעת קביעת העונש בהסדר טיעון?,"נקבע כי בגדר הבחינה, בית המשפט מוסמך לשקול מהו העונש הראוי בשים לב לשיקולי הענישה על פי תיקון 113 לחוק העונשין, לצד יתר השיקולים הרלבנטיים לסוגיית אימוצו של הסדר הטיעון.",train
מהו תפקיד השיקולים שהוצגו על ידי הצדדים בטיעוניהם לעונש?,בקביעה זו לקחתי בחשבון שיקולי הצדדים שנפרסו בפניי בטיעוניהם לעונש ואף בהליך הגישור שהתנהל בפניי.,train
מהו ההסבר לכך שהנאשם איננו זכאי להקלה בעונש בעקבות ניהול ההוכחות?,"אולם, משעשה כן איננו זכאי להקלה המיועדת לנאשמים אשר מודים במיוחסים להם, מכים על חטא, מביעים חרטה, פועלים לצמצום ולתיקון הנזק שגרמו ומתנצלים בפני נפגע העבירה.",train
מהי ההשפעה האפשרית של מאסר בפועל על נאשם צעיר לראשונה?,"חוששני ששכרה של שליחתו של הנאשם, בחור צעיר, למאסר בפועל מאחורי סורג ובריח, לראשונה בחייו, ולו לתקופה קצרה, יצא בהפסדה.",train
מהי התחזית שהציב שירות המבחן והשפעתה על ההחלטה בעניינו של הנאשם?,לא ניתן להתעלם מהתחזית השלילית שהציב שירות המבחן והצורך בהרתעת הנאשם לצד עבר פלילי.,train
מהו השיקול שהנחה את בית המשפט בנוגע לניכוי ימי האשפוז של הנאשם?,"בסופו של דבר, איני סבור שנכון בנסיבות תיק זה לנכות את כל ימי האשפוז בהם שהה הנאשם תחת צו אשפוז ובצו מעצר בתנאי אשפוז, ואולם אני סבור שניתן בהחלט להתחשב בתקופה זו, בה שהה הנאשם תחת שני הצווים (האשפוז והמעצר) במקביל, על דרך ניכוי תקופה קצובה שתקבע.",train
מדוע לא ניתן לדבר על סטייה ממתחם העונש במקרה זה?,"יוזכר כי המדובר במהלך ששמור למקרים מיוחדים ולנוכח הדיווחים השליליים משירות המבחן, לא רק ששיקול השיקום לא פועל בעניינו של הנאשם, אלא שכאמור, קיימת קביעה פוזיטיבית הפוכה, לפיה לא מתקיים בעניינו של הנאשם שיקול השיקום ולכן לא ניתן לדבר על סטיה ממתחם העונש.",train
מהו העיקרון שעליו יש להתבסס לקביעת מתחם העונש ההולם לעבירה?,"בהתאם לתיקון 113 לחוק העונשין, יש לקבוע, בטרם קביעת העונש המתאים, (בגין כל אחד מהאירועים), מתחם עונש הולם למעשה העבירה בהתאם לעקרון ההלימה ותוך התחשבות במידת הפגיעה בערך החברתי, במדיניות הענישה הנהוגה ובנסיבות הקשורות בביצוע העבירה.",train
כיצד משפיע המאסר המותנה הישן על ההחלטה להפעילו במקרה זה?,"המאסר המותנה שהוטל בת\פ 7489/04 (שלום ת\""א), בשנת 2011, הוא ישן מאוד ואף מתייחס ככל הנראה לעבירות ישנות נושנות מלפני שנת 2004, איננה מצדיקה אי הפעלת המאסר המותנה חב ההפעלה (לאור ריבוי העבירות).""",train
מהי ההצעה לעונש שניתנה לנאשם 4 בהתחשב במתחם שנקבע?,"ולנוכח המתחם שנקבע בעניינו, שהותו כחודשיים במעצר, והצדקה להצבת עונשו בתחתית המתחם, הרי שיש מקום בעניינו ללכת לקראתו במידה מוגבלת, להסתפק ברף הגבוה של עונש שיכול שירוצה בעבודות שירות, מבלי קיזוז ימי מעצרו.",train
"מהו העונש המומלץ לנאשם נטול עבר פלילי, בהתחשב בגילו ובנסיבותיו?","לשיטתי ולאור העובדה שמדובר בנאשם נטול עבר פלילי, יליד 1973, נכון לעבות את רכיבי הענישה הנוספים, מבלי צורך במאסר בפועל כזה שיכול שירוצה בעבודות שירות.",train
מדוע נחשב מצבו של הנאשם לפגיע במיוחד בעקבות תחלואה כפולה?,"העובדה שהנאשם סובל מתחלואה כפולה, קרי מצב נפשי מורכב ואף אובדנות לצד התמכרות להימורים, הופכת את מצבו הכללי לעדין ופגיע במיוחד עם סיכון גבוה להתדרדרות.",train
מהו השיקול שהובא בחשבון בנוגע להשפעת העונש על משפחות הנאשמים?,"כל זאת לצד נסיבותיהם האישיות והמשפחתיות, כפי שעלו בטיעונים ובתסקירים, ופגיעתן העונש במשפחותיהם של הנאשמים.",train
מהי המסקנה לגבי השפעת האינטרס השיקומי על תוצאות המאבק בין השיקולים השונים?,"לשיטתי, על רקע האמור בתסקירים, אותו מאבק של משיכת החבל הסתיים כשידו של האינטרס השיקומי על העליונה.",train
מהי הסיבה לכך שטענות הנאשם נגד כתב האישום הצדיקו הגשת מידע מפרך לבית המשפט?,"לענייננו, טענותיו של הנאשם נגד בחירת התביעה להגיש כתב אישום נגדו, הצדיקו הגשת המידע המפריך לבית המשפט.",train
מהו השיקול הראשון בקביעת מתחם העונש ההולם לפי תיקון 113 לחוק העונשין?,"ראש וראשון בקביעת מתחם העונש ההולם, לפי תיקון 113 לחוק העונשין שעוסק בהבניית שיקול הדעת השיפוטי בענישה הוא התמקדות בנסיבות ביצוע העבירה ומידת אשמו של הנאשם, וזאת לפי סעיף 40ט(א), לפיו: (1) התכנון שקדם לביצוע העבירה;  (2) חלקו היחסי של הנאשם בביצוע העבירה ומידת ההשפעה של אחר על הנאשם בביצוע העבירה;",train
מהו העיקרון שעליו יש להתבסס לקביעת מתחם העונש בעבירות החזקת סמים?,"בהתאם לתיקון 113 לחוק העונשין, יש לקבוע, בטרם קביעת העונש המתאים, (בגין כל אחד מהאירועים), מתחם עונש הולם למעשה העבירה בהתאם לעקרון ההלימה ותוך התחשבות במידת הפגיעה בערך החברתי, במדיניות הענישה הנהוגה ובנסיבות הקשורות בביצוע העבירה.",train
"מהו מתחם העונש ההולם במקרה של גידול 11 שתילים והחזקת סם במשקל כחצי ק\ג?""","אשר על כן ובהתחשב בפסיקה שהוצגה בפני, מצאתי כי נסיבות ביצוע העבירה לפיהן הנאשם גידל 11 שתילים בדירתו והחזיק בנוסף בכמות סם מסוג קנבוס של כחצי ק\ג (לבד מהכמות הקשורה לגידול), מצאתי כי מתחום העונש ההולם נע כאמור בין 6 חודשים לבין 24 חודשים מאסר.""",train
מהי ההערכה לגבי הצורך בטיפול אינטנסיבי יותר לנוכח גילו של הנאשם?,"במצב דברים ולנוכח גילו, ניתן להעריך כי השתלבות בתהליך טיפול אינטנסיבי יותר, בדמות קהילה טיפולית, יכולה הייתה לספק מענה מתאים יותר לקשייו של הנאשם.",train
מהו האינטרס הציבורי שיש לקחת בחשבון בעת קביעת העונש במקרה זה?,"ולא ניתן להתאים את העונש באופן מוחלט לנתוניו האישיים של הנאשם, תוך ביטול האינטרס הציבורי בתגובה עונשית הולמת לפרץ האלימות הבלתי נשלט ולפגיעה הקשה במתלונן, על אף אשמו ותרומתו החלקית של האחרון לאירוע.",train
מהן שני הקריטריונים הנדרשים לסטייה ממתחם העונש הראוי משיקולי שיקום?,"סטייה ממתחם העונש הראוי וההולם, משיקולי שיקום, תיעשה כאשר השיקום עומד בשני קריטריונים: האחד, עוצמת השיקום - בהיבט הצלחתו או סיכויי הצלחתו הצפויים- היא גבוהה. השני, השיקום רלוונטי לעבירות בהן הורשע במובן זה שמתקיים קשר ומתאם בין השיקום לבין הסיבות לביצוע העבירה.",train
מדוע עונש מאסר בפועל לא ישפיע על רצונו של הנאשם לפגוש את בני משפחתו?,ברור כי עונש מאסר בפועל לא ירתיע את הנאשם ולא יניאו מרצונו לפגוש בילדיו ואשתו.,train
כיצד משפיע האינטרס הציבורי באכיפת עבירות מס על שיקול ההרתעה?,אינטרס הציבורי באכיפת עבירות מס מצדיק הענקת משקל גבוה באופן יחסי לשיקול ההרתעה על חשבון האינטרס הפרטי.,train
מהי ההלכה הנוגעת לדרך נשיאת המאסר בעבירות מס?,"נפסק כי בכל הקשור לדרך נשיאת המאסר, התיק גבולי לאור ההלכה בעבירות מס המורה על עדיפות לריצוי עונש מאסר ממש, גם אם לתקופה קצרה.",train
"מהו המשקל שיש לתת לשיקום בנסיבותיו של הנאשם, על פי דעת השופט?","סבורני כי מדובר במצב עדין ורגיש, ולכן השיקום, על אף שאיננו נמצא בגילויים המובהקים שלו, ראוי כי יינתן לו משקל נכבד בנסיבותיו של הנאשם שבפניי.",train
מהו הנימוק המרכזי שהוביל לסטייה מהמתחם בעניינו של הנאשם?,הנימוק המרכזי בעניין זה הוא סטייה מהמתחם משיקולי שיקום.,train
מהי הסיבה לאימוץ המלצת שירות המבחן במקרה זה?,"אשר על כן, מצאתי לאמץ את המלצת שירות המבחן אשר נחשף לדמותו של הנאשם במשך תקופה לא מבוטלת, שוחח עם המתלוננת והביע דעתו באשר לסיכויי השיקום.",train
כיצד משפיעה הפסיקה על רף האלימות שנקבע במקרה זה?,הפסיקה אליה הפניתי מכוונת לרף אלימות גבוה מרף האלימות בתיקנו וזאת על מנת לפצות על העדר עבירת שיבוש באותם מקרים.,train
מהי החשיבות של פער הגילאים ומידת הכוח בהקשר לעבירה?,"עוד הודגש פער הגילאים, מידת הכוח שבה נקט הנאשם באחד מהמקרים, ניצול לרעה של מעמדו של הנאשם כמעסיק ואת הפגיעה הקשה באימון.",train
מהי הסיבה להקל על הנאשם בעניין צו השירות לתועלת הציבור?,"מצאתי לנכון לעודד את הנאשם בדרכו ולהקל עמו בעניין צו השל\צ, זאת לנוכח התנהלותו ומצבו הכלכלי והמשפחתי.""",train
מהו העיקרון שעליו יש להתבסס לקביעת מתחם העונש ההולם לכל אחד מהאירועים?,"בהתאם לתיקון 113 לחוק העונשין, יש לקבוע, בטרם קביעת העונש המתאים, בגין כל אחד מהאירועים, מתחם עונש הולם למעשה העבירה בהתאם לעקרון ההלימה ותוך התחשבות במידת הפגיעה בערך החברתי, במדיניות הענישה הנהוגה ובנסיבות הקשורות בביצוע העבירה.",train
מהי הסיבה לכך שלא נמצאו נסיבות מיוחדות להקל בעונש?,"במקרה דנן לא מצאתי נסיבות מיוחדות המצדיקות סטייה ממתחם העונש ההולם, לחומרה או לקולה.",train
"כיצד עשוי רכיב של של\צ או עבודות שירות להשפיע על הנאשם ומשפחתו?""","שלישית, השתת רכיב של של\צ או עבודות שירות, עלולים לפגוע בנאשם ובמשפחתו יתר על המידה ואולי לערער את היציבות התעסוקתית ולפגוע אגב כך במאמצים של בני הזוג לשמור על יציבות במישור היחסים ביניהם.""",train
כיצד השפיעה העובדה שהנאשם ביצע את העבירות לאחר מחשבה על קביעת המתחמים?,"בקביעת המתחמים לקחתי בחשבון את הנסיבות הקשורות בביצוע העבירה, לרבות העובדה שאין מדובר בעבירות בנות רגע, אלא בעבירות שבוצעו מן הסתם לאחר מחשבה.",train
מהו הקריטריון הראשון שצריך להתקיים כדי לסטות ממתחם העונש הראוי משיקולי שיקום?,"להבנתי, סטייה ממתחם העונש הראוי וההולם, משיקולי שיקום, תיעשה כאשר השיקום עומד בשני קריטריונים: האחד, עוצמת השיקום - בהיבט הצלחתו או סיכויי הצלחתו הצפויים- היא גבוהה.",train
מהו השיקול שיש לקחת בחשבון בגזירת העונש לנאשם מעבר לנסיבות ביצוע העבירה?,בגזירת העונש המתאים לנאשם יש להתחשב בנסיבות שאינן קשורות בביצוע העבירה.,train
מהו מתחם העונש ההולם שנקבע ביחס לאירוע השלישי?,"ביחס לאירוע השלישי, סבורני כי מתחם העונש ההולם נע בין 10 לבין 20 חודשי מאסר.",train
כיצד משפיע עברו השיקומי של הנאשם על הערכת מעשיו?,"רוצה לומר שהמדובר בנאשם שעבר כברת דרך שיקומית וטיפולית אמנם, אך המעשים עצמם חמורים וגם עברו הפלילי מדבר בגנותו.",train
מדוע נחשבת הסרת המחדלים בעבירות מס לחשובה במיוחד בהקשר של פגיעות בקופת המדינה?,"כידוע, בעבירות מס, נודעת חשיבות רבה להסרת המחדלים וצמצום הפגיעה בקופת המדינה שכן ניתן לראות בהסרת המחדלים משום הבעת חרטה.",train
מהן הנסיבות שגרמו לשופט לקחת בחשבון את הודאת הנאשמת והמצב האישי שלה?,"לקחתי בחשבון את הודאתה של הנאשמת, נסיבות אישיות ומשפחתיות יוצאות מגדר הרגיל, תהליך טיפול שעברה הנאשמת והתרשמות חיובית לצד שינוי בתפיסה שעליו מדווח שירות המבחן.",train
מהו השיקול המרכזי שיש לקחת בחשבון בעת קביעת מתחם הקנס במקרה זה?,"אשר למתחם הקנס, יש להתחשב בחומרת העבירה, סכום המס, אך גם ביכולתו הכלכלית של הנאשם, ובמאמציו להסיר את המחדלים.",train
מהו החשש שהציג שירות המבחן בנוגע לעונש מאסר בעבודות שירות עבור הנאשם?,שירות המבחן נימק את המלצתו בחשש משמעותי מאובדן לקוחות ועבודה במידה ויישלח הנאשם לעונש מאסר בעבודות שירות.,train
"מהן הנסיבות המאפשרות לקבוע שהנאשם \היה אמור להפיק רווח מהעבירה\""?""","לנוכח הכרעת הדין המרשיעה, ועל רקע התכחשותו של הנאשם מבלי גרסה חלופית, סבורני כי די בנסיבות ביצוע העבירה כפי שעלו וצפו במהלך ניהול ההוכחות, כדי לבסס את התנאים בסעיף 36א(ב) לפקודת הסמים באשר הנאשם \היה אמור להפיק רווח מהעבירה\"", וזאת לאחר שהורשע בעבירה של החזקה שלא לצריכה עצמית.""",train
"כיצד משפיע עברו הפלילי של הנאשם על ההחלטה בעניינו, בהתחשב בהרשעותיו הקודמות?","אינני מתעלם מעברו הפלילי של הנאשם הכולל הרשעה קודמת משנת 2010 לגבי עבירות משנת 07', ואולם מדובר בהרשעה ישנה יחסית, בעבירות שאינן עבירות אלימות אלא עבירות רכוש.",train
מהו מתחם העונש ההולם שנקבע במקרה זה ומהם התנאים לסטייה ממנו?,"ציינתי כבר בשלב זה, שמתחם העונש ההולם מחייב ענישה בדמות מאסר בפועל וכי הסטייה ממנו תיעשה רק בהינתן תהליך שיקום משמעותי וממשי כנדרש בחוק.",train
מהו הרקע שהציג הנאשם לביצוע המעשים וכיצד הוא משפיע על ההבנה של ספונטניות העבירה?,"דבריו של הנאשם בשירות המבחן וגם בפני מלמדים כי הרקע לביצוע המעשים קרי גניבה לצורך כיסוי חובות בשל הימורים, איננה יכולה להתיישב עם עבירה שבוצעה בספונטניות כאשר מדובר בצבר אירועים , וודאי כאשר מדובר באדם  שעבד בעבודה לתקופות קצרות.",train
מדוע אין מדובר ברשימה ממצה של שיקולים בהקשר לחריגה ממתחם העונש?,"חשוב להבהיר: אין מדובר ברשימה ממצה של שיקולים, והתקיימותו של שיקול זה או אחר אינה מצדיקה בהכרח חריגה ממתחם העונש משיקולי שיקום.",train
כיצד רואה בית המשפט את השוואת הענישה בין הנאשם לנאשמים אחרים בפרשה הגדולה?,"אני קרוב לדעתה של התביעה כי אין לגזור גזירה שווה מעונשים שהוטלו על נאשמים אחרים בפרשה הגדולה על עניינו של הנאשם כאן, אם כי, לשיטתי, לא ניתן להתעלם כליל מענישה זו.",train
מהן הנסיבות שנלקחו בחשבון בקביעת המתחם לעונש במקרה זה?,"בקביעת המתחם לקחתי בחשבון את הנסיבות הקשורות בביצוע העבירה לרבות: היעדר תכנון מוקדם, העסקה של עובד אחד, לתקופה קצרה תוך שלקחתי בחשבון את טענתו של הסניגור שלפיה מיד לאחר היוודע אי החוקיות הנאשם לא המשיך להעסיק את העובד.",train
מהו השיקול המרכזי שהוביל למסקנה שלא קיימות נסיבות מיוחדות המצדיקות סטייה ממתחם העונש?,"במקרה דנן, בהעדר נסיבות יוצאות דופן, לא מצאתי נסיבות מיוחדות המצדיקות סטייה ממתחם העונש ההולם, לחומרה או לקולה.",train
מהו השיקול המרכזי שבית משפט השלום לקח בחשבון בעת קביעת העונש לנאשם?,"בית משפט השלום עמד כהלכה על אי לקיחת אחריות מצדו של המבקש, ונתן משקל לנורמטיביות המבקש, להיותו איש משפחה, לגילו, להעדר עבר פלילי ולחלוף הזמן.",train
באילו נסיבות תתבצע סטייה מהמתחם כדי למנוע חזרה לפשיעה?,סטייה מהמתחם תיעשה כאשר שליחת הנאשם לעונש מאסר עלולה לדרדר את הנאשם חזרה לפשיעה ולהוריד לטמיון את מאמצי השיקום שהושקעו.,train
מהו הטעם העיקרי המוביל לכך ששיקולים מסוימים נלקחים בחשבון בקביעת העונש במתחם?,טעם עיקרי לכך הוא שחלק מהשיקולים שהוזכרו לעיל מובאים ברגיל בחשבון במסגרת קביעת העונש בתוך המתחם (ראו: סעיף 40יא לחוק העונשין).,train
מהי הסיבה שבית המשפט מצא את הסדר הטיעון שהוצג כראוי ומאוזן?,"לנוכח האמור, הסדר הטיעון שהוצג על ידי הצדדים הוא ראוי ומאוזן ובדעתי לכבדו, כך שהעונש ייגזר לפי ההסדר.",train
מהו מתחם העונש המומלץ בהתחשב בגובה הסכום של המחדל?,"בהתחשב בגובה הסכום של המחדל ביחס לשתי העבירות, נכון לקבוע מתחם לפיו העונש ינוע בין מספר בודד של חודשי מאסר שיכול שירוצו בעבודות שירות, לבין 12 חודשי מאסר.",train
מדוע אין להתיר עשיית דין עצמית בתחום הבנייה?,"אין להתיר, אף לא בדרך של ענישה מקלה, עשיית דין עצמית בבחינת איש הישר בעיניו יעשה.",train
כיצד משפיעה הפגיעה בערכים המוגנים על מידת האשמה של הנאשם?,העיון בכתב האישום המתוקן מלמד על עבירות שבוצעו באופן בלעדי על ידי הנאשם תוך פגיעה בערכים המוגנים ולכן מידת אשמו היא גבוהה באופן יחסי.,train
מדוע המשקל לנסיבות האישיות בעבירות מס אינו יכול לבטל את החומרה המיוחדת הנדרשת?,"כפי שציינתי לעיל, כאשר מדובר בעבירות מס, המשקל שיינתן לנסיבות האישיות איננו יכול לבטל את החומרה המיוחדת והצורך, שנקבע בפסיקה החוזרת, לנקוט במשנה חומרה בתיקים מסוג זה",train
מדוע יש להתייחס לאירועים כלכליים כאירוע אחד בקביעת מתחם עונש?,"לאור הדמיון בין העבירות השונות, מצאתי שנכון להתייחס לאירועים כאירוע אחד ולקבוע מתחם עונש הולם אחד כולל.",train
מהו המשקל שיש לייחס להודאת הנאשם בשלושת התיקים בהקשר לחיסכון בזמן השיפוטי?,"יש לייחס משקל משמעותי להודאתו של הנאשם בשלושת התיקים וחיסכון בזמן השיפוטי, ללא ניהול הוכחות, דבר שיכול ללמד על נטילת אחריות והכרה בפסול במעשיו.",train
על מה נשענת קביעת מתחם העונש האמור לפי נסיבות ביצוע העבירות?,קביעת מתחם העונש האמור נשענת בראש ובראשונה על נסיבות ביצוע העבירות.,train
מהו העיקרון שעליו יש להתבסס לקביעת מתחם העונש ההולם לעבירות השונות?,"בהתאם לתיקון 113 לחוק העונשין, יש לקבוע, בטרם קביעת העונש המתאים, (בגין כל אחד מהאירועים), מתחם עונש הולם למעשה העבירה בהתאם לעקרון ההלימה ותוך התחשבות במידת הפגיעה בערך החברתי, במדיניות הענישה הנהוגה ובנסיבות הקשורות בביצוע העבירה.",train
מהן הסכנות הכרוכות במאסר של צעירים לראשונה?,"נדמה שאין צורך להרחיב על הסכנות הקרימינוגניות הרבות הטמונות בשליחת צעיר לתקופת מאסר, ולו קצרה, לראשונה בחייו.",train
כיצד משפיעה הודאת הנאשם על המשקל שניתן לה במקרה של טיעון לעונש?,"בעוד שבמקרה של הסדר טיעון סגור, משקלה של הודאת הנאשם בא לידי ביטוי בעצם ההסכמה העונשית, הרי שבמקרה של הודאה בכתב אישום המקורי וטיעון לעונש על בסיסו, ההודאה זקוקה למערכת תמריצים מיוחדת.",train
מדוע קשה להלום צו הריסה שיביא להריסת המבנה בכללותו במקרה זה?,"קשה להלום צו הריסה שמשמעותו היא הריסת המבנה בכללותו, כאשר לפחות בחלקים ממנו אין טענה לאי חוקיות בת אכיפה (שכן מדובר במבנה היסטורי).",train
מהן הנסיבות המיוחדות שמצדיקות סטייה ממתחם העונש ההולם במקרה זה?,"במקרה דנן מצאתי נסיבות מיוחדות המצדיקות סטייה ממתחם העונש ההולם, וזאת לקולא.",train
מהו הערך החברתי המוגן שנפגע במקרה של גניבה מאתר בנייה?,הערכים החברתיים המוגנים אשר נפגעו במקרה דנן הם שמירה על זכות הקניין של הפרט וגם אם מדובר באתר בנייה השייך לחברה מסחרית.,train
"מהו תפקיד המערכת המשפטית במאבק נגד נגע הסמים, גם כאשר מדובר בסמים קלים?","גם כאשר מדובר בסמים הנחשבים \לסמים קלים\"", המדובר בחלק מאותו נגע סמים שפשה בחברה וחייב את המערכת המשפטית, כך לפי פסיקת בית המשפט העליון, להתגייס \""למלחמת חורמה\"" בו.""",train
מהי הסיבה שעמדת הנאשם בנושא הטיפול לא נחשבת לזלזול או הקלת ראש?,השתכנעתי שעמדתו של הנאשם בנושא הטיפול נבעה מקשיים אובייקטיביים ומחויבות לעבודה ולא משום זלזול או הקלת ראש במיוחס לו.,train
כיצד השפיעו חומר האירועים והעבר הפלילי של הנאשם על הצעת העונש של התביעה?,"הצעת התביעה לעניין העונש יש בה משום שקלול של חומר האירועים, העבר הפלילי של הנאשם ונתונים נוספים שעולים מתסקיר שירות המבחן עד כי הקלה נוספת מעבר להצעת התביעה משקפת לשיטתי ענישה בלתי ראויה.",train
מהו הנימוק שמונע סטייה מהעונש הראוי במקרה זה?,אלא שבנסיבות תיק זה הצטברו מספר נימוקים שלא מאפשרים סטייה מהעונש הראוי עד כדי הימנעות מרכיב ממשי בענישה.,train
כיצד השפיעה הודאת הנאשם על הערכת העונש המוטל עליו?,"לזכותו של הנאשם יש לזקוף את העובדה שהודה במעשיו, לקח אחריות על מעשיו והביע חרטה, הנאשם אף צירף תיקיו.",train
מהו השיקול המרכזי שיכול להקל בעונשו של הנאשם במקרה זה?,"מנגד, יש לזקוף לזכות הנאשם העדר עבר פלילי, מצבו האישי והמשפחתי, מעמדו הרעוע וקשייו בהיותו אזרח זר בישראל, חלוף הזמן והפגיעה הקשה של העונש בו ובבני משפחתו.",train
מהו השיקול שיש לקחת בחשבון בעת גזירת העונש לנאשם שאינו נוגע לביצוע העבירה?,בגזירת העונש המתאים לנאשם יש להתחשב בנסיבות שאינן קשורות בביצוע העבירה.,train
מהי הסיבה לכך שלא נמצאו נסיבות מיוחדות המאפשרות סטייה ממתחם העונש ההולם?,"במקרה דנן לא מצאתי נסיבות מיוחדות המצדיקות סטייה ממתחם העונש ההולם, לחומרה או לקולה.",train
מהי עמדת בית המשפט לגבי מיקום העונש ברף הנמוך שבמתחם הענישה?,"כאמור, התביעה הסכימה שנכון למקם את עונשו של הנאשם ברף הנמוך שבמתחם הענישה, ולכן, לא מצאתי להחמיר עמו מעבר לעתירת התביעה.",train
מהו הצורך בשיקום מעמיק ואפקטיבי במקרה של הנאשם?,"במצבו זה, על השיקום בעניינו להיות מעמיק ואפקטיבי במיוחד כדי למנוע נסיגה חדה.",train
כיצד השפיעה ההתגרות של קורבן העבירה על קביעת מתחם העונש במקרה זה?,"מדובר באירוע בלתי מתוכנן, ולנוכח ההתגרות של קורבן העבירה והסיבות שהביאו את הנאשם לביצוע העבירה, לכן יש לקבוע מתחם עונש מיוחד.",train
כיצד יש להעניק משקל להודאת הנאשם שהתקבלה בשלב מאוחר של ההליך?,"על אף שההודאה הגיעה בשלב מאוחר של ההליך, יש להעניק להודאה זו משקל מלא.",train
מהי ההשפעה של העדר המלצה טיפולית על קביעת העונש?,"בהעדר המלצה טיפולית או הצבעה על הליך שיקום, לא ניתן לסטות ממתחמי העונש שקבעתי.",train
כיצד מתבטאת החומרה בביצוע העבירות במקרה זה?,"החומרה מתבטאת בביצוע העבירות באופן שיטתי, לאורך תקופה ובסכום המס הניכר שלא דווח למדינה ולא הועבר לרשויות מע\מ.""",train
אילו נתונים נלקחו בחשבון במסגרת הנסיבות שאינן קשורות בביצוע העבירה?,"במסגרת הנסיבות שאינן קשורות בביצוע העבירה לקחתי בחשבון את הנתונים הבאים: עברו הפלילי של הנאשם, על הרבדים השונים שבו, לאור הטענה שמדובר בעבר פלילי מאוחר יחסית, הודייתו של הנאשם בהזדמנות הראשונה בישיבת מוקד, נטילת האחריות מצדו, אף ללא הסכמה עונשית, והחיסכון בזמן השיפוטי.",train
מהו העיקרון שעליו יש להתבסס לקביעת מתחם העונש בהתאם לתיקון 113 לחוק העונשין?,"בהתאם לתיקון 113 לחוק העונשין, יש לקבוע, בטרם קביעת העונש המתאים, (בגין כל אחד מהאירועים), מתחם עונש הולם למעשה העבירה בהתאם לעקרון ההלימה ותוך התחשבות במידת הפגיעה בערך החברתי, במדיניות הענישה הנהוגה ובנסיבות הקשורות בביצוע העבירה.",train
מהו השינוי הנדרש כדי לסטות ממתחם העונש ההולם משיקולי שיקום?,"על מנת לסטות ממתחם העונש ההולם משיקולי שיקום, יש להצביע על שינוי מקיף, יסודי, עמוק, באותם תחומים בהם כשל הנאשם, לאחר שהנאשם עבר \טיפול שורש\"" בכל אחד אחד מהתחומים.""",train
על מה נשענת קביעת מתחם העונש האמור?,קביעת מתחם העונש האמור נשענת בראש ובראשונה על נסיבות ביצוע העבירות.,train
מהו הקשר שנמצא בין בעיית צריכת האלכוהול לבין התנהגות הנאשם בתסקיר הראשון?,"בעניין זה, אפנה לכך שבתסקיר הראשון, שירות המבחן מצא קשר בין בעיית צריכת האלכוהול לבין התנהגותו, אך בנוסף הצביע על קשיים רגשיים של הנאשם – דבר אשר מגביר את הסיכון למצבי קושי בוויסות התנהגותו.",train
מהו השיקול המשמעותי שנוגע לעבירות שבוצעו בשנת 2017 ובשנת 2019?,"העובדה שמדובר בעבירות שבוצעו בשנת 2017 ובשנת 2019 היא שיקול בעל משמעות רבה, בפרט לנוכח אי פתיחת תיקים חדשים, כפי שעולה מטיעוני הצדדים.",train
מהו הסיכון ששליחת הנאשם למאסר עלולה להוות למשפחתו?,דומה ששליחתו למאסר עלול להוות מכת מחץ למשפחה שמצבו קשה בלאו הכי.,train
מהו העיקרון המנחה בענישה בעבירות של התחמקות מתשלום מס?,"מטבע הדברים הענישה מגוונת, אך המוטיב המרכזי בעבירות הוא שיש לגזור על הנאשם עונש מאסר בפועל לתקופה משמעותית.",train
מדוע יש להתייחס לאירועים שונים כאירוע אחד בקביעת מתחם עונש הולם?,"לאור הדמיון בין העבירות השונות, על אף שמדובר באישומים שונים וחמורים, מצאתי שנכון להתייחס לאירועים כאירוע אחד ולקבוע מתחם עונש הולם אחד כולל, גם בהתחשב בטיעון התביעה כאמור.",train
מהי סמכותו של בית המשפט בנוגע להוצאת צו הריסה לאחר הרשעה בעבירת בניה בלתי חוקית?,"בידי, ישנה סמכות לבית המשפט להורות על צו הריסה לאחר הרשעה בעבירת בניה בלתי חוקית, כאשר נקודת המוצא היא שיש להורות על צו הריסה, אלא אם התקיימו נסיבות מיוחדות שהופכות הוצאת הצו לבלתי צודקת.",train
מה היו שני הטעמים המרכזיים שגרמו לסטייה מהמתחם לקולא?,"עם זאת, כאמור, מצאתי לסטות מהמתחם לקולא משני טעמים מרכזיים: ראשית, התחשבות בטענות המשפטיות של הסנגור, ושנית ההתחשבות בהליך השיקום שעבר הנאשם.",train
מדוע יש להניח שהמתחם בענייננו יהיה קרוב למתחם בבית המשפט המחוזי?,"ההחמרה בעונש בבית המשפט המחוזי מובילה למסקנה שהמתחם בענייננו אמור להיות קרוב למתחם שם, אם כי מעט מתון יותר.",train
על מה נשענת קביעת מתחם העונש בעבירות מס?,קביעת מתחם העונש נשענת בראש ובראשונה על נסיבות ביצוע העבירות.,train
מדוע לא ניתן למקם את עונשה של הנאשמת ברף התחתון של טווח הענישה המוסכם?,"לאור כל האמור, ובמכלול, מבלי להתעלם מהנסיבות האישיות ומצבה הכלכלי של הנאשמת, אינני סובר שניתן למקם את עונשה של הנאשמת ברף התחתון של טווח הענישה המוסכם או ברף התחתון של מתחם העונש ההולם.",train
מדוע לא נמצאו נסיבות מיוחדות המצדיקות סטייה ממתחם העונש ההולם?,"במקרה דנן לא מצאתי נסיבות מיוחדות המצדיקות סטייה ממתחם העונש ההולם, לחומרה או לקולה.",train
מהו מתחם העונש ההולם שנמצא מתאים לאיומים שהופנו כלפי פרקליט ושוטר?,"סופו של דבר ועל בסיס הפסיקה שהופניתי אליה ותוך ההתאמות הנדרשות לעניין חלקה של הנאשמת ועל אף שמדובר באיומים שהופנו כלפי פרקליט ושוטר – מצאתי כי מתחם העונש ההולם מתחיל ממאסר מותנה וצו של\צ.""",train
מדוע נמנע בית המשפט מזימון חוות דעת מהממונה על עבודות שירות במקרה זה?,"על אף האמור, קיבלתי את עמדת התביעה ונמנעתי מזימון חוות דעת מהממונה על עבודות שירות (כפי שהמליץ השירות), וזאת לנוכח חומרת העבירות, אך ציינתי שלא ניתן להתעלם מהשתלבותו של הנאשם בתהליך טיפולי בשירות המבחן",train
כיצד השפיעו נסיבות האירוע על ההחלטה להקל בעונש הנאשם?,"בסופו של דבר, האירוע על נסיבותיו מלמד על כשלון שאיננו מאפיין את בני הזוג ואת מערכת היחסים ביניהם ולכן מצאתי להקל עימו ולהציב את עונשו על הרף הנמוך האפשרי.",train
מהו הנזק שנגרם לאמון הניתן בנישומים בעקבות המעשים והמחדלים של הנאשמים?,"המעשים והמחדלים המיוחסים לנאשמים פוגעים באופן קשה באמון הניתן בנישומים, אמון המהווה מרכיב עיקרי בשיטת המיסוי.",train
מהו העיקרון המנחה לקביעת מתחם העונש בהתאם לתיקון 113 לחוק העונשין?,"בהתאם לתיקון 113 לחוק העונשין, יש לקבוע, בטרם קביעת העונש המתאים (בגין כל אחד מהאירועים), מתחם עונש הולם למעשה העבירה בהתאם לעקרון ההלימה ותוך התחשבות במידת הפגיעה בערך החברתי, במדיניות הענישה הנהוגה ובנסיבות הקשורות בביצוע העבירה.",train
אילו נסיבות שאינן קשורות בביצוע העבירה נלקחו בחשבון בעת קביעת העונש?,"במסגרת הנסיבות שאינן קשורות בביצוע העבירה יש לקחת בחשבון: העדר עבר פלילי, יחסו של הנאשם לעבירה כפי שהתבטא בפועל (מחיקת הציוץ והבעת התנצלות בפומבי, לצד חרטה על התוכן הפוגעני והבוטה במהלך עדותו בבית המשפט ובפני שירות המבחן), נסיבותיו האישיות החריגות של הנאשם כפי שפורטו בהרחבה בחוות דעתו של שירות המבחן, הן בפן האישיותי, הן בפן הבריאות ואף בהיבט המשפחתי והתעסוקתי.",train
כיצד מתחם העונש שהציעה התביעה משקף את מדיניות הענישה הנוהגת?,"לשיטתי מתחם העונש הכולל שהוצע על ידי התביעה (8-18), משקף את מדיניות הענישה הנוהגת, ועולה בקנה אחד עם הצורך בהגנה על הערכים בבסיס העבירות (מיגור תופעת הסחר בסמים קשים, שמירה על בריאות הציבור ושלומו, מניעת הכדאיות הכלכלית בעבירות סחר בסמים).",train
מהו הקשר הנדרש בין המקרים לצורך השוואת נסיבות ביצוע העבירות?,העיקר הוא בקיום זיקה בין המקרים אשר עשויה לקדם השוואה בין נסיבות ביצוע העבירות ובחינת עומק מעורבותו של הנאשם ביחס לאחרים.,train
מהי המסקנה לגבי קיומן של נסיבות מיוחדות המאפשרות סטייה ממתחם העונש ההולם?,"במקרה דנן לא מצאתי נסיבות מיוחדות המצדיקות סטייה ממתחם העונש ההולם, לחומרה או לקולה.",train
כיצד משפיע השיקול השיקומי על ההחלטה בנוגע לעונש הנאשם?,"מדובר בשיקול שיקום שפועל בתוך המתחם, ולכן, לנוכח קיומו של עבר פלילי ותהליך טיפוליו שנמצא בחיתוליו, לא מצאתי אז בדיווח משום עילה לסטייה מהעונש הראוי וההולם (אף שפורמאלית לא נדרשת סטייה מהמתחם אלא רק הסטת העונש לכיוון תחתית המתחם בלבד).",train
כיצד הושפעה מידת הפגיעה בערכים המוגנים מהנסיבות והכמות של הסמים שנתפסו?,"מידת הפגיעה באותם הערכים היא בינונית וזאת לנוכח נסיבות ביצוע העבירה, החזקת הסמים בביתו של הנאשם, כמות הסמים שאינה מהגדולות שידענו, אך אינה מבוטלת, וכן ביחס לסוג הסם שנתפס.",train
כיצד משפיעים גילו של הנאשם ומצב משפחתו על עוצמת הפגיעה הצפויה ממנו?,"כאן המקום לציין את גילו של הנאשם (48), היותו נשוי ואב לשני ילדים בני 9 ו- 14, ואשר מרבית שנותיו עבד בתחום הבנייה, ומכאן עוצמת הפגיעה הצפויה.",train
מהו השיקול הנוסף שנלקח בחשבון בעת קביעת העונש לנאשם?,"בנוסף, לקחתי בחשבון את השיהוי בהגשת כתב האישום.",train
מהו מתחם העונש שנקבע במקרה זה?,לאור כלל האמור לעיל סבורני כי מתחם העונש ההולם במקרה דנן הוא בין מספר חודשי מאסר שיכול שירוצה בעבודות שירות ועד 20 חודשי מאסר.,train
מהו הערך החברתי המוגן שנפגע בעבירות אלימות בתוך התא הזוגי?,"הערכים החברתיים המוגנים אשר נפגעו במקרה דנן הם שמירה על שלמות והנפש, כאשר לעבירות אלימות בתוך התא הזוגי נודעת משמעות מיוחדת המשקפת את רצון החברה להכיר בחומרתן היתרה של עבירות מסוג דא.",train
מהו המשקל שיש לייחס לשיקול חלוף הזמן לפי דברי כבוד השופט מזרחי?,יש מקום לייחס משקל מוגבל לשיקול חלוף הזמן לאור דבריו של כבוד השופט מזרחי.,train
מהו הנזק הצפוי שנלקח בחשבון בגזירת העונש על עבירות מסוג זה?,"מאידך, לקחתי בחשבון את הנזק הצפוי מביצוע עבירות מסוג זה.",train
מהי הדרך לקביעת מתחם העונש ההולם בעבירות המיוחסות לנאשם?,"לצורך קביעת מתחם העונש ההולם, על בית המשפט לזהות את הערכים המוגנים בבסיס העבירות המיוחסות לנאשם, מידת הפגיעה באותם הערכים, מדיניות הענישה הנוהגת ונסיבות ביצוע העבירה.",train
מדוע לא ניתן למקם את עונשו של הנאשם ברף התחתון?,"סופו של דבר, שלא ניתן למקם את עונשו של הנאשם ברף התחתון, אם כי יש להתחשב בגילו הצעיר יחסית (בן 30) ובנסיבות האישיות שעלו בתסקיר ומטיעוני הסנגור.",train
מהו הקושי הנוסף הנוגע לעונש בעקבות מצבה של בתו של הנאשם?,עוד ברור לי שמצבה המיוחד של בתו של הנאשם מעורר קושי נוסף בהקשר זה.,train
מהו הגורם המשפיע על מדיניות הענישה בעבירות הנדונות?,"מדיניות הענישה הנוהגת בעבירות הנדונות מושפעת מהשיטתיות שבמעשים והיקפם, מהנזק שנגרם, כמו גם מהסרת המחדל.",train
"מהו הקשר בין הסדר טיעון מסוג \טווח ענישה\"" לבין עקרונות תיקון 113 לחוק העונשין?""","מדובר בהסדר טיעון מסוג \טווח ענישה\"", ואף על פי כן, הדיון בשאלה העונש איננו מתקיים בחלל ריק, אלא מתכתב עם טווח הענישה והכל בצל עקרונות תיקון 113 לחוק העונשין.""",train
מהו הערך החברתי המוגן שנפגע במקרה זה בנוגע למתלוננות?,הערכים החברתיים המוגנים אשר נפגעו במקרה דנן הם שמירה על שלמות גופן ותחושת הבטחון של המתלוננות בין אם הן בנות זוג של הנאשם ובין אם לא וכן שמירה על שלטון החוק והסדר הציבורי בקיום צווי בית משפט והוראות חוקיות.,train
מהן הסיבות שהובילו את הנאשם לביצוע העבירות שנלקחו בחשבון בקביעת העונש?,"עוד לקחתי בחשבון את הסיבות שהביאו את הנאשם לביצוע המעשה (כזכור הנאשם נקלע לחובות כבדים ל\שוק האפור\""), הישנות המעשים והתנהלות הנאשם כמתואר בתסקירים.""",train
מהו הנימוק שהוביל את בית המשפט להסכים עם התביעה בנוגע למיקום העונש?,אני מסכים עם התביעה שאין הצדקה למיקום העונש בתחתית המתחמים.,train
כיצד השפיעה הודאת הנאשם על החיסכון במשאבים במהלך ההליך המשפטי?,"הודאת הנאשם חסכה משאבים רבים, וגם לכך יש ליתן משקל.",train
מדוע ניתן לטעון שהשיקום יכול להוביל לסטייה לעבר תחתית המתחם?,"והרי זה אך הגיוני שאם שיקול השיקום יכול להקים עילה לסטייה מחוץ לגבולות המתחם, הוא בוודאי יכול להביא לפעולה \צנועה יותר\"" בדמות הסטת העונש לעבר תחתית המתחם תוך משיכת החבל לכיוון זה, על חשבון 'העבר הפלילי המטריד' שמושך כלפי מעלה.""",train
מהו הקשר בין שיהוי קיצוני בהגשת כתב אישום לבין טענה להגנה מן הצדק?,"כידוע, נקבע בפסיקה כי שיהוי קיצוני בהגשת כתב אישום יכול בנסיבות מסוימות להקים לנאשם טענה להגנה מן הצדק.",train
מהן הנסיבות שהובילו לקביעת רף חומרה לא גבוה במקרה של ניסיון להטרדה מינית?,"כאמור, נסיבות ביצוע העבירה, מציבים את המקרה ברף חומרה לא גבוה באופן יחסי, לאור העובדה שמדובר בניסיון לעבירת הטרדה מינית, עבירה שנותרה במסגרת שיח צ'אט, שלא עברה למפגש פרונטלי, אף לא העברת תמונות או אף ניסיון לקיים שיחה טלפונית.",train
כיצד משפיע עברו הפלילי של הנאשם על מיקום עונשו במתחם?,"תוך התחשבות בתסקיר החיובי, ועל אף עברו הפלילי (שאינו רלוונטי לעבירות אלימות), מצאתי למקם את עונשו של הנאשם ברף התחתון במתחם.",train
מדוע אין מקום להקל עם הנאשמת בעקבות עמדת התביעה לגבי מיקום העונש?,"משקבעתי מתחם מקל בהרבה, אין מקום להקל עוד עם הנאשמת רק משום עמדתה של התביעה באשר למיקום העונש בתוך המתחם.",train
מהו מתחם העונש ההולם שנקבע בהתחשב בנסיבות ביצוע העבירות?,"לאור כל האמור לעיל, ובהתחשב בסכום ההשתמטות ובנסיבות ביצוע העבירות המלמדות על עשייה אקטיבית ומרמתית, אני קובע כי מתחם העונש ההולם נע בין 12-30 חודשי מאסר בפועל.",train
מדוע יש לשקול הטלת עונשי מאסר בפועל במקרה זה?,"גישה זו מחייבת שקילת הטלת עונשי  מאסר בפועל מאחורי סורג ובריח, כדי לתת ביטוי לעקרון קדושת החיים, וכדי להעניק הגנה לעובדים החשופים לסכנות.",train
מהו התנאי הנדרש לסטייה מהמתחם בעונש משיקולי שיקום?,"על מנת לסטות מהמתחם משיקולי שיקום, יש להצביע על שיקום ממשי או על פוטנציאל שיקום ממשי.",train
מהו מתחם העונש שנקבע בהתחשב בסכום ההשתמטות ובתקופה הארוכה של ביצוע העבירות?,"לאור כל האמור לעיל, ובהתחשב בסכום ההשתמטות ובתקופה הארוכה של ביצוע העבירות בתקופות שונות, אני קובע כי מתחם העונש ההולם נע בין 28-65 חודשי מאסר בפועל לצד רכיבי ענישה נלווית.",train
באילו מקרים יסטה בית המשפט ממתחם העונש ההולם?,בית המשפט יסטה ממתחם העונש ההולם אם מצא כי הנאשם השתקם או כי יש סיכוי של ממש שישתקם.,train
"מהו האפקט של ההליך המשפטי המנוהל נגד הנאשם, לפי שירות המבחן?",שירות המבחן גורס שההליך המשפטי המנוהל נגדו בעל אפקט מרתיע מפני חזרה על מעשים דומים בעתיד.,train
מהו מתחם הקנס שנקבע בהתחשב בשיקולים השונים?,"בתוך התחשבות בשיקולים השונים, אני קובע כי מתחם הקנס נע בין 3000-10,000 ₪.",train
מדוע התחשבות מעבר לכך עלולה להוביל לתוצאה משפטית שגויה?,"התחשבות מעבר לכך, יש בה משום כפיית המסגרת המשפטית על דרך הגעה לתוצאה משפטית שגויה שמציבה את התוצאה הסופית תוך ביטול הכללים ויצירת הסדר משפטי המנוגד להוראות החוק.",train
מהו מתחם העונש שנקבע בגין האישום הראשון של הנאשם?,"על רקע נסיבות ביצוע העבירה, אני סבור שמתחם העונש ההולם בגין האישום הראשון נע בין 12-36 חודשי מאסר בפועל.",train
מהו הנימוק לכך שהנאשם לא יכול היה לקבל עונש ברף התחתון של מתחם הענישה?,עבר פלילי זה לא יכול להתיישב עם מיקום העונש ברף התחתון שבמתחם ומכאן השקפתי שהתביעה עשתה חסד עם הנאשם.,train
מדוע יופעל המאסר המותנה בחפיפה חלקית בלבד במקרה זה?,"אשר למאסר המותנה, הוא יופעל בחפיפה חלקית בלבד, שכן יש לשמר משמעות למאסרים על תנאי גם בעבירות של החזקת סמים לצריכה עצמית.",train
"מהו הסייג לסטייה מהמתחם שנמצא רלוונטי לנאשמים 1, 3 ו- 4?","הסייג לסטייה מהמתחם משיקולי שיקום מתקיים בעניינם של הנאשמים 1,3 ו- 4.",train
מהו העיקרון שעליו יש להתבסס לקביעת מתחם העונש בעבירה?,"בהתאם לתיקון 113 לחוק העונשין, יש לקבוע, בטרם קביעת העונש המתאים, (בגין כל אחד מהאירועים), מתחם עונש הולם למעשה העבירה בהתאם לעקרון ההלימה ותוך התחשבות במידת הפגיעה בערך החברתי, במדיניות הענישה הנהוגה ובנסיבות הקשורות בביצוע העבירה.",train
כיצד תיאורו של הנאשם את הצורך בריגוש משפיע על המסקנה לגבי מצבו?,"תיאורו של הנאשם בפני השירות כשעודנו זקוק לתחושת ריגוש בחייו, מטריד כשלעצמו ומחזק את מסקנתי לעיל.",train
מהן הנסיבות שנלקחו בחשבון בקביעת המתחם לעונש במקרה זה?,"בקביעת המתחם לקחתי בחשבון את הנסיבות הקשורות בביצוע העבירה לרבות: הכמות, החלוקה לשקיות והחזקה של הסמים בתוך רכב.",train
מדוע יש להדגיש את הערך המוגן בשמירה על כבודה של המתלוננת במקרה זה?,"כמו כן, יש להדגיש, בנסיבות של האישום המוקדם בזמן, את הערך המוגן בשמירה על כבודה של המתלוננת כאדם.",train
מהו השיקול המרכזי שהוזכר לקולא בעניינו של הנאשם?,"אשר לשיקולים לקולא, אציין את הודאתו של הנאשם ואת הכאתו על חטא, אם כי בהסתייגות שעלתה בתסקיר.",train
מדוע אין להקל ראש בביצוע עבירות מסוג עוון?,"אומנם מדובר בעבירות מסוג עוון, אך כפי שנקבע בפסיקה – אין להקל ראש בביצוע עבירות מסוג זה.",train
מהי הפרוגנוזה החיובית שניתנה לגבי עתיד הנאשם?,"על מנת להבהיר את הדברים אומר, מבלי לפגוע בשיקול דעתו של הגורם המוסמך כי הנסיבות הכוללות והמלצת שירות המבחן נותנים פרוגנוזה חיובית בעניינו של הנאשם לגבי העתיד.",train
מהי המסקנה לגבי הפגיעה בערכים המוגנים בהתחשב בריבוי העבירות?,"לאור כל האמור, אני קובע כי הפגיעה בערכים המוגנים היא גבוהה ומשמעותית, בשים לב לריבוי העבירות.",train
מדוע נחשב הרישום הפלילי של הנאשמת לרלוונטי למרות שהתיישן?,"אלא מול חלוף הזמן מאז ההרשעה (משנת 2011) אציין כי העבירות מושא כתב האישום בן משנת 2011-2012, וכי מדובר בעבירות רלוונטיות ולכן הרישום הפלילי, אף שהתיישן, הוא רלוונטי ובעל משקל.",train
מהי הסיבה לבקש חוות דעת מהממונה על עבודות השירות במקרה זה?,"אני מודע לכך שהנאשם סובל ממצב רפואי לא פשוט ואף מורכב, והדברים עלו במהלך הראיות וגם במהלך הטיעונים לעונש, ואולם חרף כל האמור וכאשר מצאתי שמתחם העונש לא יכול להתחיל מעונש שכולו צופה פני עתיד, ביקשתי חוות דעתו של הממונה על עבודות השירות לגבי האפשרות לריצוי העונש בדרך כזו.",train
מהו מתחם העונש ההולם בעניינה של הנאשמת 2 בהתחשב בנסיבותיה?,"כאשר מדובר במי שעבדה לתקופה קצרה במסגרת משמרות מצומצמות, כאשר במהלך פעילותה עסקה בעניינם של 20 לקוחות, בעבודה שאיננה כרוכה במגע עם הסם או הלקוחות, ועל רק יתר הנסיבות, לרבות הסיבה שהביאה את הנאשמת להסתבכות פלילית, העדר בולט של ציון תמורה או טובת הנאה (מלבד הרשאתה לעשות שימוש במקום לצורכי עסקה המקביל), מתחם העונש ההולם בעניינה של הנאשמת 2 מתחיל ממאסר מותנה לצד ענישה חינוכית נלווית בדמות עבודות לתועלת הציבור וכן קנס כספי והתחייבות, ועד למאסר בפועל לתקופה של שנת מאסר.",train
מהן העונשים שהוטלו על נאשמים בעבירות דומות לנאשם 1?,"בחינת מדיניות הענישה הנוהגת מעלה כי במקרים דומים למיוחס לנאשם 1 הוטלו על נאשמים עונשים, החל מ-18 ועד 36 חודשי מאסר בפועל, וזאת תוך שימת דגש על חלקו בעבירות, ריבוי המקרים, סוג הסם ושיטת ביצוע העבירות.",train
אילו נסיבות נלקחו בחשבון בקביעת המתחם לעונש במקרה הנדון?,"בקביעת המתחם לקחתי בחשבון את הנסיבות הקשורות בביצוע העבירה לרבות: בעיקר השימוש במצקת ברזל, הניסיון למנוע מהמתלוננת לעזוב את המקום, החבלה שנגרמה למתלוננת ובקשר לאירוע ההיזק לרכוש, שבירת הטלפון לאחר שחטף את הטלפון מידה של המתלוננת וזרק אותו לרצפה.",train
כיצד השפיעו הקשיים הראייתיים על המשקל שניתן להודאת הנאשם?,"שנית, וכאמור לעיל, נחשפתי בתיק זה לקשיים ראייתיים משמעותיים, ולכן, יש להעניק להודיה משקל גבוה יותר מאשר להודיה בתיק בו הראיות היו ברורות וחד משמעיות לחובת הנאשם.",train
מהי החשיבות של הודאת הנאשם וצירוף התיקים בהקשר לקבלת האחריות והחרטה?,"עוד יש להתחשב בהודאתו של הנאשם, צירוף התיקים המלמד על שאיפה לניקוי שולחן, על המשתמע מכך מבחינת קבלת האחריות והחרטה.",train
מהו העיקרון שעליו יש להתבסס לקביעת מתחם העונש לעבירה לפי תיקון 113 לחוק העונשין?,"בהתאם לתיקון 113 לחוק העונשין, יש לקבוע, בטרם קביעת העונש המתאים, מתחם עונש הולם למעשה העבירה בהתאם לעקרון ההלימה ותוך התחשבות במידת הפגיעה בערך החברתי, במדיניות הענישה הנהוגה ובנסיבות הקשורות בביצוע העבירה.",train
מהו מתחם העונש ההולם שנקבע בעבירות מסוג זה על רקע תיקון כתב האישום?,"אחרי שעיינתי בפסיקה שהציגו הצדדים, הגעתי למסקנה כי מתחם העונש ההולם בעבירות מסוג זה, בנסיבות ביצוע העבירה בתיקנו, על רקע תיקון כתב האישום, נע בין 6 חודשי מאסר שיכול שירוצו בעבודות שירות לבין 20 חודשי מאסר בפועל, אך זאת אלמלא הנסיבות החריגות שהוסכמו על ידי הצדדים.",train
מהי הסיבה שהובילה את בית המשפט לגזור על הנאשם עונש מאסר בגבול העליון האפשרי בעבודות שירות?,"לאור כל האמור, ומבלי להתעלם מחומרת העבירות, סכום המחדל שלא הוסר, נסיבות ביצוע העבירות, תוך התחשבות בנסיבות לקולא, ההודיה, העדר העבר, התסקיר החיובי, הגיל, הסדר הטיעון, ולכן ובתוך טווח הענישה המוסכמת, מצאתי לגזור על הנאשם עונש מאסר בגבול העליון האפשרי בעבודות שירות.",train
כיצד משפיעים מאמצי הנאשם להסרת המחדל על טענת ההגנה?,"כך או כך, ישר לראות בנאשם כמי שעשה מאמצים משמעותיים כדי להסיר את המחדל, כך שבהיבט זה יש בשיקול זה כדי למלא אחר טענת ההגנה לפיה הנאשם, לפחות מבחינתו, הסיר את המחדל.",train
כיצד משפיע יישום השיקול של אחידות הענישה על הענישה לכל כתב אישום במקרה זה?,"יישום השיקול בדבר אחידות הענישה על מקרה זה, מחייב הפרדה של העונשים הראויים לכל כתב אישום, בניגוד לקו טיעון שני הצדדים לעונש.",train
מהן הנסיבות המיוחדות שהובילו לסטייה ממתחם העונש ההולם?,"עם זאת, במקרה דנן מצאתי נסיבות מיוחדות המצדיקות סטייה ממתחם העונש ההולם, לקולה.",train
כיצד משפיעה התנהלות המשפחה והנאשם על ההערכה הכללית של המקרה?,"ניכר כי מדובר באירוע שאינו מאפיין את המשפחה וגם את אורחות חייו של הנאשם, ובכל מקרה ניכר כי המשפחה התגייסה וכי הנאשם עלה על מסלול חיובי ונורמטיבי.",train
כיצד מתארת ההחלטה את אופי מעשה התקיפה שביצע הנאשם?,"מדובר במעשה מכוער ואלים, שמלמד על אובדן שליטה, אופי אימפולסיבי והיעדר ריסון עצמי של הנאשם.",train
מהו ההקשר בין העדר אפיק שיקומי לתסקיר לא חיובי ולנתונים שליליים אחרים?,"בהעדר אפיק שיקומי כלשהו, על רקע תסקיר לא חיובי, לצד נתונים שליליים אחרים, אין לדבר עוד על חריגה מהמתחם.",train
מהי המסקנה לגבי קיומן של נסיבות מיוחדות המאפשרות סטייה ממתחם העונש ההולם?,"כאמור, לא מצאתי נסיבות מיוחדות המצדיקות סטייה ממתחם העונש ההולם, לחומרה או לקולה.",train
מהו התנאי לסטייה ממתחם העונש ההולם לפי צורכי שיקומו של הנאשם?,סטייה ממתחם העונש ההולם לפי צורכי שיקומו של הנאשם תיעשה במקרים חריגים כאשר עוצמת תהליך השיקום ראוי שתגבר על האינטרס הציבורי במיצוי הדין עם עברייני מס.,train
באילו מקרים עשויים בתי המשפט לגזור עונשי מאסר לריצוי בעבודות שירות?,"לעיתים, במקרים מתאימים, ובכלל זאת מקרים בהם לא הוסרו המחדלים כלל או הוסרו באופן חלקי גוזרים בתי המשפט בגין ביצוע העבירות עונשי מאסר לריצוי בעבודות שירות, לצד ענישה צופה פני עתיד וקנס.",train
אילו גורמים יש לבחון בדיון על השיהוי בעבירות מס?,"במסגרת הדיון בשאלת השיהוי יש לבחון, בין השאר, את משך התקופה, מידת הפגיעה בהגנה, תרומת הגורמים השונים לשיהוי וחומרת העבירה בנסיבותיה.",train
כיצד משפיעות נסיבות אישיות קשות על העונש המוטל על הנאשמת?,"נסיבות אישיות קשות מאוד, לרבות התמודדות עם מחלת הסרטן, גיל לא צעיר, סחרור כלכלי ברקע העבירות, ומצב נפשי מורכב, כל אלה מושכים את העונש כלפי מטה לעבר השליש האמצעי, במעין כוח מאזן לשיקולים כבדי המשקל לחומרה.",train
מהו הקריטריון הראשון הנדרש לשם סטייה ממתחם העונש הראוי לטובת שיקום הנאשם?,"להבנתי, סטייה ממתחם העונש הראוי וההולם, משיקולי שיקום, תיעשה כאשר השיקום עומד בשני קריטריונים: האחד, עוצמת השיקום - בהיבט הצלחתו או סיכויי הצלחתו הצפויים- היא גבוהה.",train
מהו מתחם העונש ההולם לעבירה של ניסיון לסחר בסמים במקרה זה?,"במקרה שלנו מדובר בעבירה של ניסיון לסחר בסמים, לכן מתחם העונש ההולם מתחיל במספר בודד של חודשים שיכול וירוצה בעבודות שירות.",train
כיצד משפיעה הבחינה הקונקרטית על ההגנה בעבירות מיסים?,"הפסיקה אליה הפנתה ההגנה מדגישה את הבחינה הקונקרטית, בכל מקרה ומקרה, לרבות מקרים שהונחו תסקרים חיוביים מאת שירות המבחן או מקרים ייחודיים שקשורים לנסיבות ביצוע העבירות.",train
מדוע יש מקום להתחשב בהתרשמות החיובית של שירות המבחן לגבי הנאשם?,כאשר מדובר בשירות מבחן שליווה את הנאשם על פני תקופה ארוכה יש מקום להתחשב בהתרשמותו החיובית חד משמעי.,train
מה מלמד התסקיר על השפעת ההליך הפלילי על הנאשם?,"עוד מלמד הדבר, כי ההליך הפלילי מהווה גורם מרתיע בחייו (ראו התסקיר, עמ' 3 פסקה שלישית).",train
מהי הסיבה שהשפיעה על הנאשם לחזור לשימוש אינטנסיבי בסמים?,"חרף כל האמור, מצאתי להתעכב על הסיבה לחזרה של הנאשם לשימוש אינטנסיבי בסמים והיא חוזרת לטרגדיה משפחתית, לאחר שאחיו של הנאשם נרצח, לפני כחצי שנה, והדבר השפיע על מצב רוחו של הנאשם עד כדי משבר.",train
אילו שיקולים אישיים הובילו לאימוץ הסדר הטיעון במקרה זה?,"לאור האמור, ובשים לב להודאת הנאשם, העדר עבר פלילי, נסיבות אישיות חריגות (כפי שעלה מעדות האופי של בתו), התרשמותי מהנאשם באופן ישיר, אני סבור שהסדר הטיעון בין הצדדים משקף עונש סביר ובנסיבות העניין מצאתי לאמצו.",train
כיצד משפיעה הבניית שיקול הדעת השיפוטי בהסדר טיעון מסוג טווח ענישה?,"כמו כן, יש לזכור שמדובר בהסדר טיעון מסוג טווח ענישה, כך שהבניית שיקול הדעת השיפוטי נעשית באופן רך, כמתואר לעיל.",train
כיצד מתבטאת חומרת העבירות שביצע הנאשם?,"החומרה מתבטאת בביצוע העבירות באופן שיטתי, לאורך תקופה ובסכום המס הניכר שלא דווח למדינה ולא הועבר לרשויות מע\מ.""",train
מהו העיקרון שעליו יש להתבסס לקביעת מתחם העונש המתאים לכל אחד מהאירועים?,"בהתאם לתיקון 113 לחוק העונשין, יש לקבוע, בטרם קביעת העונש המתאים, (בגין כל אחד מהאירועים), מתחם עונש הולם למעשה העבירה בהתאם לעקרון ההלימה ותוך התחשבות במידת הפגיעה בערך החברתי, במדיניות הענישה הנהוגה ובנסיבות הקשורות בביצוע העבירה.",train
אילו נסיבות מיוחדות מצדיקות סטייה קלה ממתחם העונש ההולם במקרה זה?,"על אף דבריי בעניין חשיבות רישום ההרשעה והעדר היתכנות ביטול ההרשעה כשמדובר בהסתבכות כפולה, הרי שבמקרה דנן, מצאתי נסיבות מיוחדות המצדיקות סטייה קלה ממתחם העונש ההולם, לקולה וזאת משיקולי שיקום.",train
כיצד משפיע העונש המרבי על הבנת חומרת העבירות?,העונש המרבי בצד עבירות אלו מהווה אינדיקציה ברורה לחומרתן.,train
מהו העיקרון שעליו יש להתבסס בקביעת מתחם העונש ההולם לעבירה פלילית?,"בהתאם לתיקון 113 לחוק העונשין, יש לקבוע, בטרם קביעת העונש המתאים, מתחם עונש הולם למעשה העבירה בהתאם לעקרון ההלימה ותוך התחשבות במידת הפגיעה בערך החברתי, במדיניות הענישה הנהוגה ובנסיבות הקשורות בביצוע העבירה.",train
מהו המתחם ההולם שנקבע לאור רמת האלימות הנמוכה בתיק?,"רוצה לומר שגם לאחר שהנאשם הורשע בעבירת השיבוש ולנוכח רמת האלימות הנמוכה יותר בתיקנו, אני סבור שזהו המתחם הנכון וההולם.",train
מהי ההשפעה של טענה מוצקה להגנה מן הצדק על קביעת העונש?,ככל שמדובר בטענה מוצקה יותר להגנה מן הצדק שלא הצדיקה אמנם ביטול כתב האישום אך פועלת בשלב העונש ניתן להעלות על הדעת סטייה קליל מהמתחם משיקולים של צדק כפי שאלו התפתחו בפסיקה לענין מצבים רפואיים חמורים ולענין חלוף זמן ושיהוי משמעותיים.,train
מהו היסוד הנפשי המיוחד המגולם במעשים בהם הורשע הנאשם?,"המעשים בהם הורשע הנאשם בתיק הנוכחי, מגלמים רכיבים \נוספים\"" ואף יסוד נפשי מיוחד (מטרה).""",train
"מהו העונש המומלץ לנאשם בתוך המתחם, בהתחשב בעברו הפלילי?",בתוך המתחם נכון להציג את העונש ברף הנמוך חרף העבר הפלילי כפי שהסברתי לעיל.,train
מהי עמדת השופט לגבי עונש מאסר בפועל לאור הנסיבות המיוחדות של הנאשם?,"לאור כל האמור, אני סבור שצודקת התביעה במילתה העקרונית ואולם למרות הכול, אני סבור שנכון ללכת לקראת הנאשם כברת דרך ולהימנע ממאסר בפועל.",train
מהי עמדת בית המשפט לגבי אפשרות הענישה בעבירות לפי סעיף 217 לפקודה במסגרת הסדר טיעון?,"אני מוכן לקבל את טענת ההגנה לפיה ניתן לאתר ענישה מקלה בעבירות לפי סעיף 217 לפקודה, ענישה שיכולה להתחיל מעונש מאסר מותנה ועד לענישה הכוללת מאסר בפועל לתקופה קצרה, ואולם, כאמור לעיל, מדובר בהסדר טיעון אשר משקף עמידתה של הנאשמת על המרת סעיף האישום תוך הסכמה מצידה לעונש הכולל בתוכו מרכיבי של מאסר בפועל לתקופה קצרה שיכול שתרוצה בעבודות שירות.",train
"מה השיקולים שהשפיעו על גזר הדין של הנאשם, שלחובתו הרשעה קודמת אחת בלבד?","בית המשפט סטה ממתחם הענישה משיקולי שיקום וגזר על הנאשם, שלחובתו הרשעה קודמת אחת בלבד שאינה מתחום הסמים, שהודה במעשיו ולקח עליהם אחריות, שחסך בזמן שיפוטי ניכר, תוך התחשבות בחלוף הזמן והעדר פתיחת תיקים חדשים, נסיבות חייו ומצבו הכלכלי הקשה.",train
"מהו ההיבט המרכזי של שיבוש הליכי המשפט במקרה זה, וכיצד הוא משפיע על ההליך המשפטי?","אציין ששיבוש הליכי המשפט מתייחס לתיק חמור עם ריבוי נפגעי חקירה, כשמדובר בנזקים של מאות מיליוני שקלים,  וכאשר מעשיו של הנאשם עלולים היו לסכל את ההליך המשפטי בכללותו, ובכל מקרה כבר גרמו לנזק ממשי בהליך המשפטי שמתנהל נגד אותו בן ארי.",train
מהו המתחם שהציעה התביעה לעונש במקרה זה וכיצד הוא מתייחס לחומרת העבירות?,"על אף חומרת המקרים מושא כתב האישום דנן, המתחם שהציעה התביעה (בין 50-90 חודשי מאסר) מתאים לשיטתי למקרים חמורים אף יותר, הן בהיבט היקף העבירות, ריבוי המקרים, ומיהות קורבנות העבירה כגון גניבה בידי אפוטרופוס מחוסים או מקורבנות עבירה.",train
מה השפעת סכום הכסף שנגזל על משך המאסר שנגזר על הנאשם?,"משך המאסר נגזר מהסכום שנגזל מקופת המדינה, תקופת העבירות, ריבוי המעשים, ונסיבות מיוחדות של ביצוע העבירות.",train
כיצד משפיע עברו הפלילי של הנאשם על מיקום עונשו במתחם העונש?,"כך או כך, ולנוכח עברו הפלילי של הנאשם, עונשו לא היה ממוקם בכל מקרה (אלמלא הליך השיקום), בתחתית המתחם, כך שהדבר מחדד שוב את הסוגייה העיקרית בתיק זה והיא שאלת הסטיה מהמתחם.",train
מהו השיקול המרכזי שהשפיע על ההחלטה להטיל עונש חמור על הנאשם?,"כמובן, ולנוכח חומרת העבירות, הרי שהסטייה מהמתחם תהיה לפי שיקול השיקום במובן של מניעת חזרתו לכלא, אך האינטרס הציבורי מחייב השתת עונש לפי הרף המקסימלי האפשרי ולא פחות מכך, וזאת גם בהתחשב בתקופת מעצרו בתיק זה (ללא ניכוי ימי המעצר).",train
מהו תפקידו של ההליך החריג שננקט במקרה זה ביחס לענישה הראויה?,הליך חיובי זה אינו יכול להוות תריס ומגן מפי הענישה הראויה בנסיבות התיק.,train
מהו מתחם העונש ההולם לקנס בהתחשב במצבו הכלכלי של הנאשם?,"אשר לקנס, מצאתי כי מתחם העונש ההולם בהיבט זה, גם כשאני לוקח בחשבון מצבו הכלכלי של הנאשם, נע בין 15,000 ועד 35,000 ₪.",train
מהי המשמעות של הליך הגישור שהתקיים במקרה זה על גזירת העונש?,בתיק זה התקיים בפני הליך גישור בתוך תקופת משבר הקורונה והצדדים הגיעו להסכמה ולכן יש לקחת בחשבון כי המדובר בהודעה שחסכה בזמן שיפוטי רב והיא מלמדת על קבלת אחריות וגם לכך יש ליתן את הדעת.,train
מהי המסקנה שהסיק שירות המבחן לגבי תועלת הטיפול עבור הנאשם במצבו הנפשי?,"שירות המבחן התרשם כי הנאשם עבר שינוי משמעותי וכי, במצבו הנפשי המורכב במיוחד, לא תצמח לנאשם תועלת מיוחדת מהמשך טיפול מאולץ.",train
מהו תהליך האבחון שעבר הנאשם וכיצד הוא משפיע על שיקול השיקום?,"במקרה שלפניי ולאור תהליך האבחון היסודי והמעמיק שעבר הנאשם בשירות המבחן, לאור העובדה שחלפו מאז האירוע כארבע שנים ללא פתיחת תיקים חדשים, אינטרס השיקום יכול לפעול כמשקל נגד וכווקטור שווה-כוחות לעברו הפלילי שכולל הרשעות קודמות בעבירות אלימות.",train
מדוע יש לבחון את העונש המוסכם על פי הסדר הטיעון בהתאם לאמות המידה המקובלות?,"זאת לאור המדיניות המשפטית אשר הייתה נהוגה אף טרם כניסתו של תיקון 113 לחוק העונשין לתוקף, לפיה על בית המשפט לבחון את העונש המוסכם על פי הסדר הטיעון בהתאם לאמות המידה המקובלות.",train
כיצד השפיע מצבו האישי של הנאשם על קביעת תקופת העונש?,"עם זאת, אתחשב במצבו האישי ואקבע תקופה קצרה כדי להימנע מפגיעה עודפת בנאשם ובבני משפחתו.",train
מהו הנזק הצפוי שנלקח בחשבון בגזירת העונש?,"מאידך, לקחתי בחשבון את הנזק הצפוי מביצוע עבירות מסוג זה.",train
מדוע הוחלט להסתפק בהיקף מצומצם יותר של שעות שירות לתועלת הנאשם?,"לאור העובדה ששירות המבחן המליץ על צו מבחן ושל\צ בהיקף 180 שעות יחד עם ביטול ההרשעה, ומשהחלטתי להותיר את ההרשעה על כנה, מצאתי להסתפק בהיקף מצומצם יותר של שעות, וזאת כדי לעודד את הנאשם בדרכו החדשה.""",train
מהו מתחם העונש ההולם שהציעה התביעה במקרה זה?,"לאור כלל האמור לעיל סבורני כי צודקת התביעה במתחם שהציעה, קרי שלפיו מתחם העונש ההולם נע בין מספר חודשי מאסר שיכול שירוצו בעבודות שירות ועד 12 חודשי מאסר.",train
מדוע יש חשיבות לנסיבות ביצוע העבירה בקביעת מתחם העונש?,"בהקשר זה, עלי להדגיש את חשיבות נסיבות ביצוע העבירה לקביעת מתחם העונש.",train
מהו השיקול המרכזי שעל בית המשפט לשקול לקביעת מתחם העונש ההולם בעבירות המיוחסות לנאשם?,"לצורך קביעת מתחם העונש ההולם, על בית המשפט לזהות את הערכים המוגנים בבסיס העבירות המיוחסות לנאשם, מידת הפגיעה באותם ערכים, מדיניות הענישה הנוהגת ונסיבות ביצוע העבירה.",train
לאיזה מקרה מתאים המקרה שבפנינו לפי שיטתך?,"לשיטתי, המקרה שבפנינו מתאים למקרה הראשון קרי סטייה מהמתחם משיקולים של צדק.",train
מדוע לא נרחיב בעניין המתחם במקרה זה?,"לא ארחיב בעניין המתחם, וזאת על רקע ההסכמה בין הצדדים לחרוג מהמתחם, וזאת משיקולי שיקום נוכח התסקיר.",train
אילו גורמים יש לקחת בחשבון בתוך המתחם לקביעת העונש של הנאשם?,"בתוך המתחם יש מקום להתייחס להודאתו של הנאשם שבאה בהזדמנות ראשונה, לעברו הפלילי הכולל הרשעה קודמת אחת בעבירת אלימות, נסיבותיו האישיות והבריאותיות והפגיעה בו כתוצאה מריצוי עונש מאסר, ולו בדרך של עבודות שירות.",train
מה ההבדל בין השיקולים לאימוץ הסדר טיעון לבין השיקולים לפי תיקון 113 לחוק העונשין?,"לצד זאת, בעת הבחינה, אין להתעלם מכך שהשיקולים שבבסיס אימוצו של הסדר טיעון אינם זהים בהכרח לאלה הנשקלים במסגרת תיקון 113 לחוק העונשין, ובכללם ציפיית הנאשם כי הסדר הטיעון יאומץ.",train
מדוע ישנה החמרה בעבירת תקיפה בין בני זוג?,"בעבירת תקיפה בן זוג ישנה החמרה לאור הפרת האמון הבסיסי בתוך מערכת המבוססת על אמון, המעמידה את הנפגע בדילמה בין הרצון לשמור על התא המשפחתי לבין סיום מערכת יחסים אלימה.",train
כיצד הסביר הנאשם את מעשיו בהקשר לחשש לפגיעה בבנו?,"הנאשם הסביר את מעשיו כפעולה מתוך חשש ממשי לפגיעה בלתי הפיכה בבנו, כפי שקורה לא אחת באזור מגוריו.",train
מהי המשמעות של עבר פלילי רחוק בזמן לעניין העונש?,"מנגד, קיים עבר פלילי בתחומים שונים, לרבות אי קיום צווים שיפוטיים ועבירות פליליות רגילות ולא ניתן להתעלם מכך לעניין העונש, גם אם מדובר בעבר פלילי רחוק בזמן.",train
כיצד משפיעות נסיבות חייו של הנאשם על ההחלטה בעניינו?,"מדובר באדם צעיר, שנסיבות חייו לא קלות, אשר השתלב בחברה הישראלית, ושמר על תפקוד תקין ונורמטיבי, הוא עומד להתחתן, מצא מקום עבודה יציב וקבוע, כך ששליחתו לכלא היום עלולה לדרדר אותו לחברה עבריינית.",train
מהו העונש ההולם שנמצא מתאים לנוכח חומרת העבירות שביצע הנאשם?,"לעניין גבולות המתחם, מצאתי שהעונש ההולם, אף בתחתית המתחם, עומד על עונש מאסר בפועל לתקופה ממושכת, וזאת לנוכח חומרת העבירות, לרבות התפרצות לדירה, התפרצויות לעסקים, ולנוכח ריבוי העבירות והתיקים אותם צירף הנאשם במסגרת תיק זה.",train
מה מלמדים התסקירים על תפיסת הנאשם בנוגע להתדרדרות חזרה להימורים?,העיון בתסקירים מלמד על הבנה שונה של הנאשם ועל תפיסה שאין בה ערובה שתמנע התדרדרות חזרה לעולם ההימורים.,train
"מהו העיקרון המנחה בבחירת מדרגת העונש במקרה זה, בהתחשב בצרכי השיקום של הנאשם?","במקרה שלפניי יש \לבחור\"" מדרגת העונש החמורה ביותר שעונה מחד על צרכי השיקום של הנאשם, קרי עונש שאיננו כולל מאסר בפועל מאחורי סורג ובריח, אך מאידך, אין \""להקל\"" עם הנאשם מעבר לכך תוך התמקדות בשיקולים אישיים החורגים מצרכי השיקום.""",train
מהי המסקנה שהתקבלה מעיון בתסקיר בנוגע לסטייה מהעונש משיקולי שיקום?,עיון בתסקיר מלמד שלא ניתן לסטות מהעונש משיקולי שיקום.,train
מהן הנסיבות שנלקחו בחשבון בקביעת המתחם לעונש במקרה של העסקת עובד אחד לתקופה קצרה?,"בקביעת המתחם לקחתי בחשבון את הנסיבות הקשורות בביצוע העבירה לרבות: היעדר תכנון מוקדם, העסקה של עובד אחד, לתקופה קצרה תוך שלקחתי בחשבון את טענתו של הסניגור שלפיה מיד לאחר היוודע אי החוקיות הנאשם לא המשיך להעסיק את העובד.",train
מדוע יש לתת משקל משמעותי לשיקולי הרתעה בעבירות מס?,"כאן המקום להפנות לפסיקה לפיה יש ליתן משקל משמעותי לשיקולי הרתעה בעבירות מס ובעבירות כלכליות בכלל (ע\פ 6474/03 מלכה נגד מדינת ישראל (2004), פקטור שעשוי למתן את השפעתו של אלמנט חלוף הזמן.""",train
מהו מתחם העונש ההולם שנקבע בהתחשב בסכום ההשתמטות ונסיבות ביצוע העבירות?,"לאור כל האמור לעיל, ובהתחשב בסכום ההשתמטות ונסיבות ביצוע העבירות, אני קובע כי מתחם העונש ההולם נע בין מספר חודשים לתקופה שניתן לרוצה בעבודות שירות ועד 18 חודשי מאסר בפועל.",train
מהו המידע שהעיון בתסקירים מספק לגבי הבנת הנאשם ותפיסתו בנוגע להימורים?,העיון בתסקירים מלמד על הבנה שונה של הנאשם ועל תפיסה שאין בה ערובה שתמנע התדרדרות חזרה לעולם ההימורים.,train
מדוע אין לנאשם זכות מוקנית למיקום עונשו ברף התחתון?,"מקובלים עליי דבריה של התביעה, לפיה אין לנאשם זכות מוקנית שעונשו ימוקם ברף התחתון דווקא, זאת על רקע קביעות בית המשפט העליון מן העת האחרונה בע",train
מהו המצב שיש למנוע כדי להעניק להודאת הנאשם משקל מלא?,"בנסיבות אלה, יש, במידת האפשר, למנוע מצב בו \מודה ורע לו, וכופר וטוב לו\"" ויש להעניק להודאת הנאשם משקל מלא, דווקא משום שניתנה ללא הסכמה עונשית סגורה.""",train
מדוע עבירות מס פוגעות בעיקרון שוויון הנשיאה בנטל המס?,"מעבר לפגיעה בקופה הציבורית, עבירות מסוג זה פוגעות גם בעיקרון שוויון הנשיאה בנטל המס ובחשיבות שימור מנגנון הדיווחים לרשויות המס.",train
מהו תפקיד בית המשפט בשקלול שיקולי הענישה במקרה זה?,"כך או כך, מדובר בשיקולי ענישה \קלאסיים\"" שבית המשפט מיומן בתרגומן במסגרת השורה האחרונה של הענישה, תוך התחשבות בשיקולי הענישה השונים.""",train
מהו השיקול שהוביל למיקום העונש בשליש התחתון של מתחם הענישה במקרה זה?,"בסופו של דבר מצאתי למקם את העונש בשליש התחתון שבמתחם, למרות כל האמור לעיל וזאת בתוך התחשבות בגילו של הנאשם, בנסיבותיו האישיות וכן ובעיקר בחלוף הזמן שיש לו משמעות אובייקטיבית על אף שלנאשם תרומה ממשית לדחיות ולהתמשכות ההליכים.",train
מהן העונשים שהוטלו על נאשמים בעבירות דומות לאירוע החמור באישום הראשון?,"בחינת מדיניות הענישה הנוהגת מעלה כי במקרים דומים לאירוע החמור באישום הראשון, הוטלו על נאשמים עונשים, החל מעונש מאסר בפועל של 10 חודשים וכלה בשנתיים מאסר, וזאת תוך שימת דגש על אלימות קשה, תוך שימוש בנשק קר, הגעה למקום תוך החלטה מראש לפעול באלימות קשה.",train
מדוע לא מקובל על השופט המתחם שהציעה התביעה במקרה של עבריין משני?,אינני מסכים עם התביעה שזהו המתחם המתאים בעניינו שכן יש לגזור מהמתחם שהציעה התביעה שהולם את העבירה המושלמת על המקרה שלנו כאשר מדובר בעבריין משני.,train
מהו המשקל של טיעון הסנגורים בשלב קביעת העונש?,"טיעון הסנגורים שממוקד כל כולו בסיפורה האישי-סובייקטיבי מנקודת מבטה של הנאשמת, מציג נרטיב אחד שיש לו מקום ומשקל, אך זאת בשלב קביעת העונש בתוככי המתחם.",train
מהו השיקול שצריך להתחשב בו בנוסף לחומרת העבירה וסכום המס בעת קביעת העונש?,"יש להתחשב בחומרת העבירה, סכום המס, אך גם ביכולתו הכלכלית של הנאשם, כפי שיפורט בהמשך.",train
מדוע נדרשת גישה אכיפתית מחמירה לשימוש ומסחר בחשבוניות כוזבות?,הקלות הבלתי נסבלת של שימוש ומסחר בחשבוניות כוזבות כרוכה בפיתוי רב ולכן חייבה גישה אכיפתית מחמירה.,train
מהו השיקול המרכזי שהנחה את בית המשפט בהחלטתו לכבד את הסדר הטיעון במקרה זה?,"בית המשפט כיבד את הסדר הטיעון שהתחשב באי הסרת המחדל, במצבו הנפשי של הנאשם והקושי הראייתי.",train
מדוע יש לראות בעבירות סמים פגיעה בשלום הציבור ובריאותו?,"עבירות אלו, המבוצעות לרוב מתוך בצע כסף ורצון לגריפת רווחים קלים, פוגעות בשלום הציבור ובריאותו, לצד פגיעתן בערך שלטון החוק.",train
מהו השיקול המרכזי שהדגיש בית המשפט העליון בענישה?,בית המשפט העליון הדגיש את חשיבות שיקול השיקום בענישה.,train
מדוע נחשב עניין איבגי לרלוונטי במקרה הנוכחי?,"ענין איבגי רלוונטי במידה מסוימת לענייננו בהיבט פערי הגילאים, ויחסי האמון בין שחקן ראשי לעובדות או אחרות על רקע היותו שחקן מוכר.",train
מהו השיקול המרכזי שהוביל למסקנה כי לא ניתן להסתפק במתחם עונש נמוך מעונש מאסר בתיק זה?,"ואולם, עליי לאתר מהו ה\זרם המרכזי\"" בפסיקה ולאחר שנחשפתי לעובדות כתב האישום באופן בלתי אמצעי, והתרשמתי מהנסיבות המחמירות שנגלו בפניי, נחשפתי עוד לדמויות ולנפשות הפועלות, אני סבור כי לא ניתן להסתפק במתחם עונש בנסיבות ביצוע העבירה בתיק זה בעונש שהוא נופל מעונש מאסר (שיכול וירוצה בעבודות שירות).""",train
כיצד משפיע ריבוי העבירות על קביעת מתחם הקנס של הנאשם?,"בעניין מתחם הקנס, התחשבתי בריבוי העבירות שמטרתן גריפת רווחים קלים על חשבון הציבור, אך מצד שני לא ניתן היה להתעלם מטענת הנאשם באשר למצבו הכלכלי.",train
כיצד משפיעה אי הסרת המחדל במלואו על מיקום העונש בתוך המתחם?,"מבלי להתעלם מטענות הנאשם לקושי כלכלי, לאי הסרת המחדל במלואו יש לה נפקות בשלב מיקום העונש בתוך המתחם.",train
אילו גורמים יש לזהות לצורך קביעת מתחם העונש ההולם?,"לצורך קביעת מתחם העונש ההולם, על בית המשפט לזהות את הערכים המוגנים בבסיס העבירות המיוחסות לנאשם, מידת הפגיעה באותם ערכים, מדיניות הענישה הנוהגת ונסיבות ביצוע העבירה.",train
מדוע הוחלט לבקש תסקיר נוסף ומשלים משירות המבחן במקרה זה?,"שירות המבחן הגיש המלצה סופית כבר בשלב זה, אך למרות האמור, החלטתי שנדרשת העמקה נוספת ולכן שירות המבחן התבקש להכין תסקיר נוסף ומשלים ובו התייחסות למידת השתלבותו של הנאשם בטיפול, כאשר מראש ציינתי שהישועה של הנאשם תבוא מסטייה מהמתחם משיקולי שיקום לנוכח חומרת המעשים המיוחסים לו.",train
מדוע יש להכיר בפגיעה הממשית שנגרמה למתלוננת בעקבות מעשי הנאשם?,"חשיפתה בעל כורחה, בגילה, למעשיו המגונים של הנאשם, כרוכים בפגיעה ממשית שאין להקל בה ראש.",train
היכן ממקם בית המשפט את עונשו של הנאשם במתחם העונש?,"לאור כל הדברים שציינתי, אני סבור שנכון למקם את עונשו של הנאשם בשליש התחתון שבמתחם אך לא בתחתיתו.",train
מהו הרווח הכלכלי הטמון בביצוע עבודות בנייה ללא היתר?,"בביצוע עבודות בנייה ללא היתר, טמון רווח כלכלי רב, וזאת כאשר עבריין הבנייה חוסך עלויות, תשלומי חובה, עלויות הבניה שכן בנייה שלא כדין נעשית בדרך כלל ללא העסקתם של כל גורמי הפיקוח הנדרשים על פי דין.",train
כיצד קבעת את מתחם העונש ההולם בענין גריגוריש בהשוואה למקרה הנוכחי?,בענין גריגוריש ועל אף החומרה קבעתי כי מתחם העונש ההולם מתחיל ממאסר מותנה וענישה נלווית ועד למאסר בפועל למשך מספר חודשים ויש להשקיף על המקרה שלנו בהשראת הפסיקה לעיל.,train
מהו המתחם שהוצע על ידי ההגנה ומהו הקשר שלו לחומרת המעשים?,"מתחם הענישה שהוצע על ידי ההגנה (מתחם שמתחיל ממאסר מותנה ועבודות של\צ), מקל ואיננו הולם את חומרת המעשים והמסכת העבריינית המתוארת בכתבי האישום המתוקנים.""",train
מהי ההשפעה האפשרית של הרשעת הנאשם בעבירה הקשורה לבטיחות בעבודה על מעמדו כמנהל עבודה?,"כפי שההגנה טענה, הנאשם קיבל תעודת מנהל עבודה והרשעתו בעבירה שקשורה בבטיחות בעבודה עלולה לפגוע בו ובעתידו (סעיף 4(א)(2) לנוהל אישור או התנגדות למינוי מנהל עבודה בבנייה).",train
מדוע קיימות משוכות גבוהות בפני הנאשם בבקשה לביטול הרשעתו?,"לאור חומרת המיוחס לנאשם ולקיחת האחריות החלקית, ניצבות בפני הנאשם משוכות גבוהות בדרכו לשאיפה היומרנית לביטול הרשעתו בדין חרף הכרעת הדין שניתנה בענייננו.",train
היכן יש למקם את עונשו של הנאשם במתחם העונש?,"אשר על כן, יש למקם את עונשו של הנאשם בתוך המתחם בשליש התחתון אמנם, אך לא על הרף הנמוך ביותר.",train
כיצד יש לתרגם את תרומת בית המשפט למלחמה בנגע הסם לענישה?,"תרומה זו חייבת להיתרגם לענישה כואבת שתהלום את חומרת המעשה, וזאת לפי שיקול הגמול.",train
מהי עמדתך לגבי מיקום עונשו של הנאשם לאור עברו הפלילי והסתבכויותיו?,בעניין זה דעתי כדעת ההגנה שיש למקם את עונשו של הנאשם ברף הנמוך ביותר האפשרי חרף עברו הפלילי וחרף הסתבכויותיו החוזרות והנישנות.,train
מדוע יש להתחשב בכך שהנאשם לא חזר על העבירות למרות חלוף הזמן?,"למרות האמור, יש להתחשב בנתון \האובייקטיבי\"" לפיו על אף חלוף הזמן, הנאשם לא חזר והסתבך בעבירות נוספות.""",train
כיצד עשוי העונש המומלץ על ידי שירות המבחן להשפיע על הנאשם?,"מנגד, העונש כפי שהומלץ על ידי שירות המבחן עשוי לעודד את הנאשם ולחזק את דבקות בטיפול ובניהול אורח חיים תקין.",train
"מהי מדיניות הענישה הנוהגת לגבי מעורבים באירועים דומים במהלך \שומר החומות\""?""","מדיניות הענישה הנוהגת בעניינם של מעורבים באירועים דומים במבצע \שומר החומות\"", היא הטלת עונשי מאסר, גם לנעדרי עבר פלילי, ולעיתים על אף המלצת שירות המבחן להקלה עונשית, תוך הדגשת החומרה של המעשים שנעשו בתקופה מתוחה ורגישה, והצורך להמחיש בענישה את העונש ההולם את המעשים, תוך מתן משקל, בין היתר, לשיקולי הרתעת היחיד והרבים כדי לרסן את התופעה שעלולה לסחוף המון רב ולצאת משליטה.""",train
מהי הסיבה שאין הצדקה להפרדה מלאכותית בין מתחמי עונש שונים בעבירות דומות?,"שמדובר במסכת אחת מתמשכת, שהדומה רב בה על המפריד, אין הצדקה להפרדה מלאכותית, על דרך קביעת מתחמי עונש שונים, ולאחר מכן צבירתם (או אף חפיפה מסוימת ביניהם).",train
מהי עמדת המאשימה לגבי כפל האגרה במקרה זה?,"אני מקבל את עמדת המאשימה שנסיבות התיק, לרבות היקף הבניה, סוגה, ומשך הזמן בו נהנו הנאשמים ממנה, מצדיקות הטלת כפל אגרה.",train
מהו הצורך בשיקום מעמיק ואפקטיבי במצבו של הנאשם?,"במצבו זה, על השיקום בעניינו להיות מעמיק ואפקטיבי במיוחד כדי למנוע נסיגה חדה.",train
"מהו הקשר בין הסדר טיעון מסוג \טווח ענישה\"" לבין עקרונות תיקון 113 לחוק העונשין?""","מדובר בהסדר טיעון מסוג \טווח ענישה\"", ואף על פי כן, הדיון בשאלה העונש איננו מתקיים בחלל ריק, אלא מתכתב עם טווח הענישה והכל בצל עקרונות תיקון 113 לחוק העונשין והרי הדעה הרווחת היא שבית המשפט אינו פטור מקיום דיון לפי תיקון 113 לחוק העונשין גם כאשר מוצג לו הסדר טיעון, גם מסוג טווח ענישה.""",train
מהו העיקרון המשפטי המנחה לגבי צבירת מאסרים מותנים במקרה זה?,"לשיטתי, יש לשמר צבירה, ולו חלקית, בין המאסרים המותנים, ולכן לא ניתן להסתפק בחפיפה מלאה ביניהם.",train
"מהו הערך המוגן המרכזי בבסיס העבירות לפי סעיף 117 לחוק מע\מ?""","לעניין מתחמי העונש, אציין כי הערכים המוגנים בבסיס העבירה הם מניעת הכדאיות הכלכלית בביצוע העבירות, שמירה על שלטון החוק ועל עקרון השוויון בנשיאת הנטל.",train
אילו שיקולים נוספים נלקחו בחשבון למרות נסיבותיו האישיות של הנאשם?,"אינני מתעלם מנסיבותיו האישיות של הנאשם, לרבות מצבו ההתמכרותי, היותו חוליה חלשה, וגם ממצבו הנפשי, ומהפגיעה של מאסר בפועל ממושך בו ובמשפחתו, אך כל אלה אינם יכולים לבטל את השיקולים לחומרה הפועלים בתוך המתחם, כגון העבר פלילי ואי הסרת המחדלים.",train
מהי המסקנה לגבי השפעת השיקולים על הענישה והצבתה לעבר תחתית מתחם העונש?,המסקנה היא שמשקולת כבדה של שיקולים מטה את מחוגת הענישה לעבר תחתית מתחם העונש.,train
כיצד ניתן להבין את נסיבות ביצוע העבירה בהקשר לקשיים רגשיים של הנאשם?,"ניתן להבין את נסיבות ביצוע העבירה על רקע קשייו והתמודדות עם תחושות זעם, תסכול וזילזול.",train
מהו המצב המשפטי של הנאשם בנוגע ליכולתו לבצע עבודות שירות על סמך כאבים ברגל או מידע מודיעיני?,הנאשם לא יכול לעשות דין לעצמו ולהחליט שאיננו כשיר לביצוע עבודות שירות מפאת כאבים ברגל או חשש שהממונה לא יאשר ביצוע עבודות שירות על-ידו לנוכח מידע מודיעיני או מאוימות כפי שניתן להבין מדבריו.,train
אילו נסיבות אישיות ומשפחתיות יש להתחשב בהן בעת גזירת העונש?,"עוד יש להתחשב במצב אישי ומשפחתי רפואי וכלכלי קשה, כפי שהרחיב על כך הסנגור ואף הגיש מסמכים שונים לגבי טיפולים רפואיים בילדיו של הנאשם, מסמכים רפואיים לגבי הסתבכות רפואית קשה בעניינו שלו, דו\ח סוציאלי המציף את הבעיות השונות בתוך המשפחה וכן סיכומי ביקורים רפואיים לעניין מחלתו של הנאשם.""",train
מהי השאלה שיש לדון בה בהעדר עילה לסטייה ממתחם העונש ההולם?,"בהעדר עילה לסטייה (לקולה או לחומרה) ממתחם העונש ההולם, יש לדון בשאלת מיקום העונש בתוך המתחם וכך טענו הצדדים לפניי.",train
כיצד על בית המשפט לפעול כדי להגיע לתוצאה צודקת במסגרת הדין?,"על בית המשפט להפעיל שיקול דעת, ולמצוא פתרון הולם, בגבולות הדין, שיביא לתוצאה צודקת ככל האפשר.",train
מדוע יש לייחס משקל משמעותי לחלוף הזמן בהליך זה?,"כמו כן, יש לייחס משקל משמעותי לחלוף הזמן.",train
מהו ההסבר לכך שאין להתייחס בסלחנות למעשיו האלימים של הנאשם?,"מעשיו האלימים של האלימים הותירו בגופה ובנפשה של המתלוננת חבלות, והדיווח המפורט בתסקיר שירות המבחן לגבי הרקע ואופיו של הנאשם, והסיבות לביצוע העבירות, מבהירים מדוע לא ניתן להתייחס בסלחנות למעשיו.",train
מהי המגמה בענישה בתחום העבירות של שימוש בכוח למניעת מעצר?,"מדובר בעבירה עצמאית שמצדיקה כשלעצמה עונש מאסר, כאשר בעת האחרונה קיימת מגמת החמרה ברורה בענישה בתחום זה.",train
מהי ההמלצה לגבי עונשו של הנאשם בהתחשב בנסיבות הכוללות?,"השורה האחרונה היא שנכון שבנסיבות הכוללות ועל אף הרושם השלילי שהותיר הנאשם על שירות המבחן, למקם את עונשו של הנאשם קרוב יותר לרף התחתון.",train
אילו שיקולים נלקחו בחשבון להצבת העונש בתחתית המתחם?,"בעניין זה לקחתי בחשבון את הודאתו של הנאשם, את התהליך החיובי שעבר, את העדר עבר פלילי, הנסיבות האישיות, חלוף הזמן, אי פתיחת תיקים חדשים ויתר הטיעונים והשיקולים, שכאמור מצדיקים הצבת העונש בתחתית תחתית המתחם.",train
מדוע יש לכלול את הסיבות לביצוע העבירות בעובדות כתב האישום המתוקן?,יתכן והנאשמת הסתבכה בעבירת על רקע כזה או אחר ואולם הסיבות שהובילו אותה לביצוע העבירות צריכות לבוא לידי ביטוי בעובדות כתב האישום המתוקן במסגרת הסדר טיעון.,train
מהי הסיבה לקביעת מתחם שונה לנאשם 4 לעומת הנאשם 5?,ההצטברות במקרים ובנסיבות המחמירות מחייבת מתחם שונה בענייניו של הנאשם 4 לעומת הנאשם 5.,train
מה קבע כבוד השופט דרויאן לגבי התפרצות אלימה חריגה?,כבוד השופט דרויאן קבע כי כאשר מדובר בהתפרצות אלימה חריגה ויחידה והיא לא חלק ממסכת איומים ותקיפות (משטר טרור) נכון לקבוע מתחם כאמור.,train
מהו המצב של נאשם 1 בקבוצה הטיפולית וכיצד הוא משפיע על הערכת השיקום שלו?,"אמנם נאשם 1 השתלב בקבוצה טיפולית בשירות המבחן (קבוצה לצעירים עוברי חוק), הגיע למפגשים, השתתף ולקח חלק משמעותי בקבוצה, אך לא ניתן לראות בכך שיקום יוצא מגדר הרגיל, כדרישת הפסיקה.",train
מהי המשמעות של הצו השיפוטי האוסר על גירוש הנאשם מהארץ בהקשר למשפחתו?,"עצם העובדה כי קיים בעניינו של הנאשם צו שיפוטי האוסר על הנאשם גירושו מהארץ, גם היא מלמדת על הבנה של המדינה לגבי הקושי בסיטואציה המשפחתית המורכבת.",train
על מה נשענת קביעת מתחם העונש בעבירות אלו?,קביעת מתחם העונש האמור נשענת בראש ובראשונה על נסיבות ביצוע העבירות.,train
מדוע לא התקבלה עתירת ההגנה להימנע מהטלת עונש מאסר בעבודות שירות?,"על אף הסטייה המתחייבת ממתחמי העונש שנקבעו, לא מצאתי לקבל את עתירת ההגנה להימנע מהטלת עונש מאסר שירוצה בעבודות שירות.",train
מהו תפקיד בית המשפט בשקילת העונש הראוי לפי תיקון 113 לחוק העונשין?,"בית המשפט מוסמך לשקול מהו העונש הראוי בשים לב לשיקולי הענישה על פי תיקון 113 לחוק העונשין, לצד יתר השיקולים הרלבנטיים לסוגיית אימוצו של הסדר הטיעון.",train
כיצד השפיעה הסרת המחדל במלואו על הודאת הנאשם וחרטתו?,"כאן המקום להביא מדבריו של הנאשם לעונש: נתון חשוב הוא שהנאשם הסיר את המחדל במלואו, בכך העניק להודאתו וחרטתו מימד מעשי, לצד צמצום הנזק שגרמו מעשיו.",train
כיצד השפיעו הנסיבות הקשורות בביצוע העבירה על קביעת המתחם במקרה זה?,"בקביעת המתחם לקחתי בחשבון את הנסיבות הקשורות בביצוע העבירה לרבות רף האיומים הנמוך יחסית, העובדה שמדובר באירוע בלתי מתוכנן, ולכן הגעתי למסקנה שניתן להסתפק בנסיבות העבירה במתחם שמתחיל ממאסר מותנה וענישה נלווית בדמות קנס או פיצוי אך מבלי הכרח במרכיב של צו של\צ ועד למספר חודשי מאסר שיכול וירוצו בעבודות שירות.""",train
כיצד יש לייחס לשיקול זה משקל בתוך המתחם ולא כציפיית ההגנה?,"מצאתי שיש לייחס לשיקול זה משקל של ממש אך זאת בתוך המתחם, ולא כציפיית ההגנה שביקשה לשכנע שמדובר בשיהוי קיצוני עד כי הפעלת הדוקטרינה של הגנה מן הצדק בשלב העונש.",train
מהו ההסבר שניתן לגבי מצבו של הנאשם והשפעתו על שיתוף הפעולה עם הגורמים המטפלים?,"הסבריו של הנאשם לנסיגה (מצבה הרפואי של גרושתו וכן נסיעותיו התכופות לחו\ל), אינם מניחים את הדעת לנוכח רגישות מצבו בעיצומה של תקופה קריטית בטיפול ואין פלא כי שירות המבחן נאלץ לחזור ולהבהיר לנאשם \""את חשיבות שיתוף הפעולה עם כלל הגורמים\"" (עמ' 3 פסקה 2).""",train
מהו השיקול המרכזי שהצדיק את מיקום העונש במחצית המתחם?,"בכל הנוגע לעניין זה, הצדק עם המאשימה שיש למקם את העונש של הנאשם לכל הפחות במחצית המתחם, שכן לחובת הנאשם עבר פלילי הכולל 3 הרשעות קודמות.",train
מה היו הסיבות לכך שלא היה מקום לדחות את הדיון בפרט לנוכח סיכויי הצלחה קלושים של ההליך הטיפולי?,"נכון ששירות המבחן סבר שסיכון זה עשוי להצטמצם אם הנאשם ישתלב בקבוצה טיפולית בשירות המבחן, אך לאור דברי שירות המבחן בעניין קשיי וויסות דחפים, נטייתו של הנאשם לפתרונות מידיים, לרבות כאלה הקשורים בחברה שולית, וקשייו של הנאשם לקבל על עצמו גבולות המוצבים בפניו, סברתי שאין הצדקה לדחות את הדיון חודשים ארוכים בפרט לנוכח סיכויי הצלחה קלושים של ההליך הטיפולי – כך להערכתי.",train
כיצד מתבצע האיזון בין חומרת האירוע לאינטרסים השונים של הצדדים?,"יש משום, איזון מסויים בין חומרת האירוע, האינטרס הציבורי ועניינו של המתלונן לבין האינטרס הפרטי של הנאשם.",train
כיצד עשויה השתלבות בקהילה טיפולית לסייע לנאשם בהתמודדות עם קשיו?,"במצב דברים ולנוכח גילו, ניתן להעריך כי השתלבות בתהליך טיפול אינטנסיבי יותר, בדמות קהילה טיפולית, יכולה הייתה לספק מענה מתאים יותר לקשייו של הנאשם.",train
מהו המרכיב המרכזי בקביעת גבולות מתחם העונש ההולם לעבירה פלילית?,המרכיב הראשון והחשוב ביותר בקביעת גבולות מתחם העונש ההולם מתמקד בנסיבות הקשורות בביצוע העבירה.,train
מהו השיקול המרכזי להימנע ממאסר בעבודות שירות במקרה של ריבוי עבירות?,"לנוכח ריבוי העבירות, המלצת שירות המבחן, וחומרת העבירות השונות, אני סבור שהימנעות ממאסר לתקופה הניתנת לריצוי בעבודות שירות, עלולה לפגוע יתר על המידה באינטרס הציבורי.",train
מדוע אין להחמיר בעונש הנאשם למרות שהעובד הזוטר יותר נושא באחריות לתוצאה הקטלנית?,"העובדה שהעובד הזוטר יותר נותן את הדין לבדו על האחריות לתוצאה הקטלנית, איננה צריכה להביא להחמרה עמו.",train
מהו המשקל שיינתן לנתון החפיפה בין המאסרים המותנים והמאסר בפועל?,"לנתון זה יינתן משקל בשאלת החפיפה בין המאסרים המותנים, בינם לבין עצמם, ובינם לבין המאסר בפועל שייגזר בתיק זה.",train
מהו העיקרון שעליו יש להתבסס לקביעת מתחם העונש ההולם לעבירה לפי תיקון 113 לחוק העונשין?,"בהתאם לתיקון 113 לחוק העונשין, יש לקבוע, בטרם קביעת העונש המתאים, מתחם עונש הולם למעשה העבירה בהתאם לעקרון ההלימה ותוך התחשבות במידת הפגיעה בערך החברתי, במדיניות הענישה הנהוגה ובנסיבות הקשורות בביצוע העבירה.",train
מהו פרק הזמן שיכול להצדיק הקלה בעונשו של הנאשם?,דובר בפרק זמן משמעותי ביותר ואשר מצדיק כשלעצמו הקלה בעונשו של הנאשם.,train
מהו תפקודו הכללי של הנאשם וכיצד הוא משפיע על קביעת העונש?,"תפקודו הכללי של הנאשם מוגדר כחיובי, ונסיבותיו האישיות יכולות בהחלט להטות את הכף לכיוון תחתית המתחם.",train
כיצד בחנת את הטענה לשיקום לאור חומרת העבירות בכתב האישום המתוקן?,"אפתח בכך שעל רקע חומרת העבירות כפי שהן עולות מכתב האישום המתוקן בתיק המרכזי, בחנתי את הטענה לשיקום בקפדנות ואף בחשדנות.",train
מי אחראי לאזן בין האינטרס הציבורי לבין האינטרס הפרטי של הנאשמים?,בית המשפט הוא שאמור לאזן בין האינטרס הציבורי לבין הפרטי.,train
מה יש לעשות אם התשובה חיובית לגבי הצבת העונש בתוך טווח הענישה?,"אם התשובה חיובית, יש להציב את העונש בתוך טווח הענישה (להבדיל ממתחם העונש ההולם), בין השאר תוך התחשבות בציפיית הצדדים.",train
כיצד מתארת התמונה המצטיירת את התנהלות הנאשם במהלך העבירה?,"התמונה המצטיירת היא של אדם שנקט בבריונות של ממש כלפי הרכוש וכלפי המתלוננת בתוך פרץ אלימות שמלמד על העדר שליטה עצמית, על אכזריות ועל העדר מעצורים פנימיים כאשר הנאשם פוגע אף ברכוש שלו לרבות מנורות אותן תלש והשליך.",train
מהי הנסיבה שנלקחה בחשבון בקביעת המתחם לעונש במקרה זה?,בקביעת המתחם לקחתי בחשבון את הנסיבות הקשורות בביצוע העבירה.,train
"מהו הערך החברתי המוגן שנפגע במקרה זה, אשר נוגע לשלום הציבור?",הערכים החברתיים המוגנים אשר נפגעו במקרה דנן הם שמירה על שלום הציבור ובטחונו ומלחמתו של בית המשפט במה שכונה על ידי בית המשפט העליון תת תרבות הסכין.,train
מהו ההבדל בין השיקולים באימוץ הסדר טיעון לבין השיקולים לפי תיקון 113 לחוק העונשין?,"בעת הבחינה, אין להתעלם מכך שהשיקולים שבבסיס אימוצו של הסדר טיעון אינם זהים בהכרח לאלה הנשקלים במסגרת תיקון 113 לחוק העונשין, ובכללם ציפיית הנאשם כי הסדר הטיעון יאומץ.",train
מהי הסיבה להכרעה להימנע מהוצאת צו הריסה מלא במקרה זה?,"הכרעתי בתיק זה, באה על רקע הנסיבות המיוחדות של המקרה, ובעיקר הטענה שקיבלתיה, לפיה הוצאת צו הריסה מלא, עלולה ליצור מציאות קשה ובלתי צודקת שלא לומר בלתי אפשרית לנאשמים.",train
כיצד השפיעה האלימות על מתחם העונש המומלץ במקרה זה?,עוד אציין כי כתוצאה מהאלימות שנגרמה כלפי המתלוננת נגרם לה פצע מדמם בראשה והדבר אינו יכול להלום מתחם עונש שאינו כולל רכיב עונש מאסר בתוכו.,train
מה ההבדל בין טווח ענישה למתחם ענישה בהקשר של הליך משפטי?,"ברמה המהותית, טווח ענישה משקף את התוצאה של כוח המיקוח של כל אחד מן הצדדים להליך בנסיבות העניין, ולעומת זאת מתחם ענישה משקף קביעה נורמטיבית של בית המשפט בדבר האיזון הראוי בין השיקולים הרלבנטיים הקבועים בחוק.",train
מהו הצורך לבחון את הענישה ממבט כולל גם אם היו קובעים מתחמים שונים?,"במילא, גם לו הייתי קובע מתחמים שונים יעלה צורך לבחון את הענישה ממבט מעל, בפרט לנוכח ההסדר.",train
מהו השיקול המרכזי המוביל לקביעה כי המיקום הגיאוגרפי אינו מכריע בענייני מאסר מותנה?,"המיקום הגיאוגרפי איננו מכריע בכגון דא, לנוכח תכליתו הכללית של \מוסד\"" המאסר המותנה.""",train
מהו הרושם שהשאיר שירות המבחן לגבי יכולת הנאשם לווסת את דחפיו במצבים של פגיעות וחרדות נטישה?,"שלישית, שירות המבחן התרשם שבמצבים בהם הנאשם חווה פגיעות וחרדות נטישה מצד המתלוננת, הוא עלול לפעול מתוך קושי לווסת את דחפיו ובאופן שאינו מרוסן.",train
מהו הגורם שמונע מיקום העונש בתחתית המתחם?,"דא עקא שמכלול הנסיבות שאינן קשורות לנסיבות ביצוע העבירה, ובפרט אי הסרת המחדל, לצד השיקולים הנוספים, אינם מאפשרים מיקום העונש בתחתית המתחם.",train
מהו השיקול המרכזי שהוביל להחלטה על מאסר בפועל במקרה של הנאשם?,"שים לב לנתוניו האישיים של הנאשם ובפרט לעברו הפלילי (הרשעה קודמת אחת בעבירה דומה של סחר, החזקה שלא לצריכה עצמית בשתי הזדמנויות בגינה נגזר על הנאשם מאסר בפועל למשך 12 חודשים), ברור שעונשו של הנאשם צריך להיות מאסר בפועל מאחורי סורג ובריח.",train
"כיצד השפיע ריבוי העבירות על קביעת מתחם הקנס, בהתחשב במצבו הכלכלי של הנאשם?","בעניין מתחם הקנס, התחשבתי בריבוי העבירות שמטרתן גריפת רווחים קלים על חשבון הציבור, אך מצד שני לא ניתן היה להתעלם מטענת הנאשם באשר למצבו הכלכלי הקשה.",train
מהי דרך המלך בנוגע להרשעת מי שמודע לביצוע עבירות?,דרך המלך היא הרשעתו של מי שמודע בביצוע עבירות בעניינו וההימנעות מהרשעה תיעשה במקרים חריגים ויוצאי דופן.,train
מה היו הטעמים שהציגה התביעה בנוגע לחלוף הזמן בהליך המשפטי?,"התביעה הציגה טעמים טובים לחלוף הזמן, לפחות בחלקו.",train
כיצד מתאר השופט את המקרה הנדון ביחס למיקום העונש במתחם?,לשיטתי מדובר במקרה מובהק של מיקום העונש בתחתית המתחם.,train
מהי המסקנה לגבי נסיבות מיוחדות שיכולות להצדיק סטייה ממתחם העונש?,"במקרה דנן לא מצאתי נסיבות מיוחדות המצדיקות סטייה ממתחם העונש ההולם, לחומרה או לקולה.",train
מהו הצורך לקבוע מתחם עונש הולם לפני קביעת העונש בהתאם לתיקון 113 לחוק העונשין?,"בהתאם לתיקון 113 לחוק העונשין, יש לקבוע, בטרם קביעת העונש המתאים, (בגין כל אחד מהאירועים), מתחם עונש הולם למעשה העבירה בהתאם לעקרון ההלימה ותוך התחשבות במידת הפגיעה בערך החברתי, במדיניות הענישה הנהוגה ובנסיבות הקשורות בביצוע העבירה.",train
מהן הנסיבות שיש למקד את העונש בתחתית המתחם?,"יש לקחת בחשבון את העדר העבר פלילי, הודאה מידית בכתב אישום מתוקן, לקיחת אחריות, יחסו של הנאשם למתלוננת, ועמדתה של המתלוננת ונדמה שאין להרחיב בעניין מיקום העונש בתוך המתחם שכן יש למקם את העונש בתחתית המתחם, כל מתחם שייקבע.",train
"מדוע נדחתה הבקשה לשקול מחדש את שילובו של הנאשם בעונש של\צ?""","לא ניתן לקבל את בקשת ההגנה לבקש משירות המבחן לשקול מחדש שילובו בעונש מסוג צו של\צ לנוכח חוות הדעת החד משמעית שמתייחסת גם לבדיקות השתן החיוביות, וגם להתייחסותו של הנאשם למצבו.""",train
מהו המתחם המקובל לעבירות החזקה לצריכה עצמית?,"לגבי עבירות ההחזקה לצריכה עצמית, מקובל עלי שהמתחם מתחיל ממאסר מותנה עד מספר חודשי מאסר שניתן לרצותם בעבודות שירות.",train
כיצד משפיעים הגורמים האישיים והחברתיים על הכף בין ענישה לשיקום?,"כאשר מדובר בצעירים שבצעו עבירות סיוע לסחר בסמים מסוג קנאבוס על רקע מצוקה אישית, לחץ חברתי והעדר בגרות ובשלות, כאשר מדובר בכמויות סם לא גדולות בפרקי זמן מוגדרים, הכף נוטה לעבר \התמודדות מרובדת\"" הכוללת מניעתית, מעצר ושחרור בתנאים מגבילים המונעים המשך העבירות, ובהמשך הפניית הצעיר לתהליך טיפולי ושיקומי, כדי לסייע לו בהתנתקות ממעגל הסמים ובחינת עומק על הדפוסים ההתמכרותיים, תהליך ממושך הדורש פתיחות, מחויבות והתמדה, ויעיל הרבה יותר בטווח הרחוק מהטלת ענישה של מאסר או קנס גרידא.""",train
מהן הערכים החברתיים המוגנים שנפגעו במקרה זה?,"הערכים החברתיים המוגנים אשר נפגעו במקרה דנן הם שמירה על בריאות הציבור ושלומו, ותרומה למלחמה בנגע הסם, זאת על רקע נסיבות ביצוע העבירה, הכמות וסוג הסם.",train
מהו רכיב הפיצוי הנדרש למתלוננת בעקבות מעשי הנאשם?,בנסיבות העניין נדרש רכיב של פיצוי למתלוננת לנוכח הנזקים הפיזיים והנשיים שגרמו לה מעשיו של הנאשם.,train
מדוע לא תיתכן מחלוקת בדבר אחריות הנאשם במקרה זה?,"כמובן שבנסיבות שתוארו ועל יסוד כתב האישום המתוקן לא תיתכן מחלוקת בדבר אחריותו של הנאשם מרגע שעלה חשש שמדובר באזרח שאינו אזרח ישראלי, על הנאשם היה לבדוק אותו באופן יסודי, דבר שלא נעשה ולכן מדובר בעבירה שהוכחה.",train
מהן הנסיבות שנלקחו בחשבון בקביעת המתחם בעניינו של נאשם 1?,"בקביעת המתחם בעניינו של הנאשם 1 לקחתי בחשבון את הנסיבות הקשורות בביצוע העבירה לרבות: מרכזיות חלקו כמשלח אחרים והיותו הרוח החיה, ריבוי המקרים, רצף העבירות, היוזמה, התכנון, הביצוע בצוותא, עצם קיומו של קו אספקת סמים לכל דורש, סוג הסם, המשקל, והתמורה.",train
"מדוע לא נדרש להטיל עונש של\צ על הנאשם במקרה זה?""","אינני סבור שיש בהשתת רכיב עונש של\צ שהוא שיקומי מטבעו ואף חינוכי כדי להביא להרתעה אישית של הנאשם ואני סבור שמאמציו של הנאשם כפי שעולים מהתסקיר מלמדים על מי שמבין את חומרת מעשיו ולא צורך להיזקק להשתת עונש מוחשי בדמות של\""צ.""",train
כיצד משפיעים המאסרים המותנים על שיקול דעתו של בית המשפט בנוגע להארכת התנאי?,"ראשית, כאמור מדובר במאסרים מותנים חבי הפעלה על המשתמע מכך מבחינת שיקול דעתו של בית המשפט ושאלת הארכת התנאי וההמנעות משליחת הנאשם למאסר בפועל.",train
מהו הגורם שהצדיק את החסד שניתן לנאשם לפי תסקיר שירות המבחן?,"חסד זה, מוצדק בעיני לנוכח האמור בתסקיר שירות המבחן ולנוכח הדיווחים החיוביים וההתקדמות בטיפול.",train
מהו המתחם שהציעה התביעה וכיצד הוא משקף את מדיניות הענישה המקובלת?,"זהו גם המתחם שהציעה התביעה, ואני מסכים שמדובר במתחם שמשקף היטב את מדיניות הענישה המקובלת והנהוגה, כפי שיפורט בהמשך.",train
אילו קריטריונים משפיעים על מנעד העונשים בתיקים של אלימות?,"עיון בפסיקה מלמד כי מנעד העונשים בתיקים מסוג זה רחב מאוד והוא מושפע ממספר קריטריונים שעיקרם עוצמת האלימות, משך האלימות, תדירות האלימות, השימוש באמצעים וחפצים, ההקשר של האלימות וההתאכזרות במקרים מסוימים.",train
מהו ההסבר לפערים בין החלק הכללי ליחס החלקים הספציפיים בכתב האישום?,"הפרשי השכר והפרקי הזמן ויחסם למספר העסקאות מעידים על פערים בין החלק הכללי שבכתב האישום לחלקים הספציפיים, ובין עתירת התביעה לעונש לבין חומרת המיוחס לנאשמים בדרג הזוטר.",train
כיצד פוגעות עבירות מס בעיקרון השוויון בנשיאה בנטל המס?,"מעבר לפגיעה בקופה הציבורית, עבירות מסוג זה פוגעות גם בעיקרון השוויון בנשיאה בנטל המס ובחשיבות שימור מנגנון הדיווחים לרשויות המס.",train
כיצד השפיעו התנאים המגבילים והטיפוליים על שינוי התייחסות הנאשמים לעבירה?,"מדובר בנאשמים צעירים נורמטיביים שהסתבכו בעבירות חמורות, חוו מעצר, לאחר כן שהייה בתנאים מגבילים, השתלבות בתכניות טיפוליות, כל אלה היה בהם כדי להביא את הנאשמים לעריכת חשבון נפש ואף לשינוי משמעותי בהתייחסותם לעבירה.",train
מהי הסיבה לכך שבית המשפט לא מצא נסיבות מיוחדות המצדיקות סטייה ממתחם העונש?,"במקרה דנן לא מצאתי נסיבות מיוחדות המצדיקות סטייה ממתחם העונש ההולם, לחומרה או לקולה.",train
מהו ההסבר של שירות המבחן לגבי השפעת מאסר על נאשם צעיר ללא מאפיינים עברייניים?,"מדובר במעשים \שאינם מאפיינים את התנהלותו בדרך כלל\"", כך לשיטת שירות המבחן, \""ולאור הערכה כי הטלת מאסר על בחור צעיר אשר אין לו מאפיינים עברייניים , ונמצא בתהליך בניית חייו הבוגרים, וחשיפתו לאווירה הקשה השוררת במקום, עלול לגרום לו לטלטלה קשה וזעזוע, וכן להקשות עליו לשקם את חייו בהמשך\""""",train
מהו השיקול המרכזי שיש לקחת בחשבון בעת קביעת מתחם הקנס לנאשם?,"אשר למתחם הקנס, יש להתחשב בחומרת העבירה, סכום המס, אך גם ביכולתו הכלכלית של הנאשם, ובמאמציו להסיר את המחדלים.",train
אילו נסיבות מיוחדות מצא בית המשפט במקרה דנן המאפשרות סטייה ממתחם העונש ההולם?,"במקרה דנן מצאתי נסיבות מיוחדות המצדיקות סטייה ממתחם העונש ההולם, לקולה אך לא כפי שהומלץ על ידי שירות המבחן (צו מבחן ושל\צ), אלא לעונש מאסר ברף הגבוה שיכול שירוצה בעבודות שירות.""",train
מדוע יש לשאוף לביטול אלמנט הכדאיות הכלכלית בעבירות כלכליות?,"מדובר בעבירות כלכליות, המבוצעות מתוך רדיפת בצע, בניסיון להשיג רווחים קלים, על חשבון הציבור ולכן יש לשאוף לביטול אלמנט הכדאיות הכלכלית בביצוען.",train
מהו השיקול שיש לקחת בחשבון לגבי חלוף הזמן ללא ביצוע עבירות נוספות בעת שקילת העונש?,"אך כאמור, יש להתחשב בחלוף הזמן ללא ביצוע עבירות נוספות בשלב שקילת החפיפה וההצטברות של העונשים לפי שלב הבחינה האחרון לפני גזירת הדין.",train
מהו הסיכון שהצביע עליו התסקיר בנוגע להשנות העבירות?,התסקיר מצביע על קשיים מסוימים לרבות קביעה פוזיטיבית לפיה קיים סיכון להשנות העבירות וכי במידה והנאשם היה משתלב בטיפול מתאים לצרכיו היה בכך כדי להפחית מרמת הסיכון.,train
מהי מדיניות הענישה הרגילה בעבירות כלכליות בשיטתיות ובסכומים גבוהים?,"ניתן ללמוד כי באופן רגיל מדיניות הענישה היא מוחשית וכוללת עונשי מאסר משמעותיים לריצוי מאחורי סורג ובריח, בעיקר מקום בו לא הוסרו המחדלים ובהם דובר בעבירות אשר נעברו בשיטתיות ו/או בסכומים גבוהים.",train
מהו טווח העונש ההולם שנקבע במקרה זה?,"לאור האמור, סבורני כי מתחם העונש ההולם נע בין 4 חודשי מאסר קצר שיכול שירוצו בעבודת שירות ועד לעשרה חודשי מאסר בפועל.",train
כיצד משפיעים נתוניו הסובייקטיביים של הנאשם על רף החומרה של המקרה?,כל אלה על רקע נתוניו הסובייקטיביים של הנאשם מציבים את המקרה ברף חומרה גבוהה בהחלט.,train
מהו העיקרון שעליו יש להתבסס לקביעת מתחם העונש ההולם לפני קביעת העונש?,"בהתאם לתיקון 113 לחוק העונשין, יש לקבוע, בטרם קביעת העונש המתאים, (בגין כל אחד מהאירועים), מתחם עונש הולם למעשה העבירה בהתאם לעקרון ההלימה ותוך התחשבות במידת הפגיעה בערך החברתי, במדיניות הענישה הנהוגה ובנסיבות הקשורות בביצוע העבירה.",train
כיצד משפיע חלקה של הנאשמת על השוואתה לאחרים שביצעו את הגניבה?,"עניין זה מקובלת עליי טענת הסניגורית לפיה חלקה של הנאשמת שבפניי, מעט קל יותר מחלקיהם של האחרים בפרט אלה שביצעו את הגניבה בעצמם.",train
אילו נתונים נלקחו בחשבון בנוגע לעברו הפלילי של הנאשם שאינם מכבידים על ההחלטה בעניינו?,"במסגרת הנסיבות שאינן קשורות בביצוע העבירה לקחתי בחשבון את הנתונים הבאים: עברו הפלילי של הנאשם איננו מכביד, על אף שבשנת 2012 ומוקדם יותר הורשע בעבירות חמורות, אך משנת 2012 ועד להסתבכותו בתיקנו, שתי הרשעות שנרשמו לחובתו אינן בעבירות רכוש והם הסתיימו בענישה מקלה יחסית בהתאם.",train
כיצד משפיע ריבוי העבירות על קביעת מתחם הקנס?,"אשר למתחם הקנס, התחשבתי בריבוי העבירות שמטרתן גריפת רווחים קלים על חשבון הציבור, אך מצד שני לא ניתן היה להתעלם מטענת הנאשם באשר למצבו הכלכלי.",train
אילו נסיבות נלקחו בחשבון בקביעת מתחם העונש במקרה זה?,"עוד לקחתי בחשבון בקביעת המתחם את הנסיבות הקשורות בביצוע העבירה לרבות: כמויות הסמים הגדולות, סכומי הכסף המשמעותיים, המכירה לכל דורש, חלקים בגירים, וחלקם אף קטינים, כשהנאשם לא בוחל באמצעים כדי לבצע העבירות ואף פועל בפראות נגד שוטרים (אישום 5) שהבחינו בעסקת סמים שביצע.",train
באילו תנאים ניתן לסטות ממתחם העונש?,"בהתקיים אחת משתי חלופות אלו, ניתן לסטות ממתחם העונש.",train
מהי מטרת הסיווג לאירועים בהקשר לקביעת מתחם העונש?,"הסיווג לאירועים הוא פונקציונלי ומטרתו לשמש ככלי עזר לבית המשפט הגוזר את הדין, וממילא במסגרת המתחם שנקבע נודעת משמעות למספר המעשים גם אם סווגו כאירוע עברייני אחד.",train
מדוע לא ניתן לסטות מהכלל במקרה הנוכחי למרות הנתונים שהוצגו?,"נסיבות התיק שלפניי אינן מצדיקות סטייה מהכלל שכן הנתונים שהוצגו על ידי הנאשם אינם כה חריגים, כאלה שבכוחם לגבור על כל השיקולים כבדי המשקל מנגד, בפרט העובדה שמדובר בריבוי עבירות מסוגים שונים שאינן קלות בנסיבותיהן.",train
כיצד משפיע מצבו הרפואי של נאשם 2 על ההחלטה בנוגע לסטייה מהמתחם?,"אכן, מצבו הרפואי של נאשם 2 איננו טוב, אך איננו כזה אשר יצדיק סטייה מהמתחם.",train
מדוע יש קשר בין חומרת העבירות לבין חומרת מעשיהם של המסייעים לסחר בסמים?,אולם אין לנתק בין חומרת העבירות שבוצעו בסופו של דבר (עבירות הסחר) לבין חומרת מעשיהם של המסייעים או ספקי הסמים.,train
מהו היתרון של הודאת נאשם בכתב האישום המקורי?,"לעומת הסדר הטיעון הסגור, הודאת נאשם בכתב האישום המקורי יש בה משום גילוי מופתי של לקיחת אחריות, והיא ראויה לכל עידוד.",train
אילו שיקולים הביאו למסקנה שמדובר בעמדה מתונה יחסית בעניינו של הנאשם?,"בהתחשב באי הסרת המחדל על ידי הנאשמות על אף חלוף הזמן, בהתחשב בעברו הפלילי הרלוונטי (אם כי ישן יחסית), בהתחשב בתסקיר השלילי (בפרט בעניין יחסו של הנאשם לעבירות שביצע), אין אלא לומר שמדובר בעמדה מתונה באופן יחסי.",train
מהו השלב הראשון שיש להתחשב בו בבניית גדרי מתחם הקנס?,"כידוע, במתחם הקנס, יש להתחשב, כבר בשלב הראשון של בניית גדרי המתחם במצבו הכלכלי של הנאשם.",train
מהו הערך החברתי המוגן שנפגע במקרה של התפרצות לבית מגורים?,"הערכים החברתיים המוגנים אשר נפגעו במקרה דנן, הם שמירה על קניינו של הפרט ושלוות נפשו בתוך ביתו ומבצרו, ומניעת עבירות אלימות שעלולות לצמוח במהלך המפגש באירוע ההתפרצות.",train
מהי מדיניות הענישה הנוהגת במקרים דומים לעבירה זו?,"בחינת מדיניות הענישה הנוהגת מעלה כי במקרים דומים הוטלו על נאשמים עונשים, החל ממאסר מותנה ורכיבי ענישה נוספים וכלה במאסר בפועל עד ל-12 חודשים, בקביעה זו אני מסתמך על פסק דינו של בית המשפט המחוזי עפ\ג 51543-01-21 קיריל צ'צ'ושקוב נ' מדינת ישראל (מחוזי ת\""א) שם המליץ ההרכב הנכבד על חזרת הנאשם מערער על גזר דין שניתן על ידי בנסיבות מעט יותר קלות מהמקרה כאן.""",train
מהו הרף החומרה שנקבע לאירוע לפי התמונה הכללית מכתב האישום?,"התמונה הכללית המצטיירת מכתב האישום מציבה את האירוע ברף חומרה גבוה יחסית שלא יכול להתחיל ממאסר מותנה אף לא משל\צ ואף לא מאסר קצר בדרך של עבודות שירות.""",train
כיצד פוגעים המעשים מסוג זה באמון הניתן בנישומים?,"מעשים מסוג זה פוגעים באופן קשה באמון הניתן בנישומים, אמון המהווה מרכיב עיקרי בשיטת המיסוי.",train
מהו המשמעות של הצבת הרף התחתון במתחם העונש על עונש מסוג מאסר מותנה לפי התביעה?,"הצבת הרף התחתון במתחם על עונש מסוג מאסר מותנה, כפי הציעה התביעה, מבטא גישה מתונה שאין ראוי לסטות ממנה לקולא.",train
מהו הגורם המרכזי שהוביל את הצדדים להגיע להסדר טיעון במקרה זה?,"מטבע הדברים, בבסיס הסדר הטיעון עמדו קשיים משפטיים שהובילו את שני הצדדים להסכמות שהוצגו.",train
אילו שיקולים יש לקחת בחשבון בעת קביעת מתחם הקנס?,"אשר למתחם קנס, יש להתחשב בחומרת העבירה, סכום המס, אך גם ביכולתה הכלכלית של הנאשמת, כפי שיפורט בהמשך.",train
מדוע לא מצא בית המשפט לחרוג מהשורה בקביעת העונש במקרה זה?,"המעשים עצמם המיוחסים לנאשם חמורים ולכן לא מצאתי, על אף ההיבטים החיוביים בתסקיר ועל אף ניתוק הקשר עם המתלוננת, שמדובר במקרה שיצדיק חריגה מהשורה לפיה העונש יקבע לפי עקרון ההלימה.",train
מהי המסקנה לגבי מיקום העונש במתחם שנקבע?,המסקנה היא שיש למקם את העונש בשליש האמצעי במתחם.,train
אילו נסיבות אישיות של הנאשם יש לקחת בחשבון בעת קביעת העונש?,"כמו כן, אין להתעלם מנסיבותיו האישיות של הנאשם, בפרט נסיבותיו המשפחתיות, מות אביו, וייחודיות סיפורה של המשפחה והתלות של המשפחה בו (ראו עמ' 20 לפרוטוקול).",train
מהי ההשלכה של צבירה חלקית בין העבירות על העונש המוטל?,צבירה (גם אם חלקית) ביניהם מחייבות הטלת עונש מאסר בפועל לא קצר שלא יפחת מחצי שנת מאסר בגין צבר העבירות בהן הודתה הנאשמת והורשעה בתיקנו.,train
מהו הנימוק המרכזי לכך שאין הצדקה לחריגה מהכלל בביטול ההרשעה במקרה זה?,"באשר לביטול ההרשעה, וגם לאחר שלקחתי לתשומת לבי את טיעונה של הסניגורית בעניין הצורך בהגמשת הדרישות שנקבעו בהלכת תמר כתב על רקע גילה הצעיר של הנאשמת והסיבות שהובילו אותה לביצוע הבירה ועל אף שאני מסכים עם הגנה שאין מדובר בהסתבכות שלא מאפשרת שקילת ביטול ההרשעה, אני סבור שאין הצדקה לחריגה מן הכלל בנסיבות העניין וזאת מן הנימוקים הבאים:",train
אילו נסיבות אישיות של הנאשם נלקחו בחשבון בהחלטה בעניינו?,"אינני מתעלם מהנסיבות האישיות של הנאשם, גילו הצעיר יחסית, היותו אב לילד בן 6 שנים וכן טענת הסנגור לפיה מאז ביצוע העבירה ועד היום לא הסתבך בעבירות מסוג זה.",train
כיצד יש לבחון את העונש המוסכם על פי הסדר הטיעון?,בית המשפט לבחון את העונש המוסכם על פי הסדר הטיעון בהתאם לאמות המידה המקובלות.,train
מדוע החליט בית המשפט לבטל את ההרשעה במקרה זה?,"בית המשפט המחוזי מצא לבטל את ההרשעה, חרף חומרת העבירה, משיקולי שיקום ומניעה פגיעה בעתידו של הנאשם.",train
כיצד משפיעה העובדה שמדובר בסמים מסוכנים על מתחם העונש ההולם?,"אין המדובר בסמים מסוג הרואין או קוקאין, שכונו כסמי המוות, והדבר ללא ספק משליך על מתחם העונש ההולם, ואולם, מדובר בסמים מסוכנים שהסחר הבודד בהם אסור, לא כל שכן כאשר מדובר בריבוי עבירות סחר ואף בשיטת הספקה קבועה או ברשת הפצה.",train
מהו הגורם המרכזי שהשפיע על משך המאסר שנגזר על הנאשמים?,"משך המאסר נגזר מהסכום שנגזל מקופת המדינה, תקופת העבירות, ריבוי המעשים, ונסיבות מיוחדות של ביצוע העבירות.",train
מהן הנסיבות האישיות של הנאשם שצריך להתחשב בהן לפי טיעוני ההגנה?,עוד יש מקום להתחשבות בנסיבותיו האישיות של הנאשם כפי שבאו לידי ביטוי בטיעוני ההגנה ובתסקיר.,train
כיצד משפיע מחזור עסקי משמעותי על קביעת גדרי המתחם בענישה?,"מקובל שמחזור עסקי בסכומים משמעותיים הוא נתון רלוונטי שיכול לבוא להחמרה מסויימת בקביעת גדרי המתחם, אך אין מדובר בנתון מכריע.",train
מהו הקו הדומיננטי בפסיקה בנוגע לעונש בעבירות תקיפת זקן?,"מנגד, מקובל עליי כי הקו הדומיננטי בפסיקה בעבירות תקיפת זקן (תקיפה חבלנית) מתחיל מעונש מאסר בפועל שיכול שירוצה בעבודות שירות.",train
מהו טיב הפגיעה בערכים המוגנים שנמצא משמעותי בתיקי הצירוף השונים?,"אני קובע כי הפגיעה בערכים המוגנים היא משמעותית, בשים לב לתיקי הצירוף השונים.",train
מהי הסיבה להחלטה להטיל על הנאשם עונש ברף הנמוך של המתחם?,"אני מקבל את עמדת ההגנה, לפיה יש ליתן הזדמנות לנאשם והדברים יבואו לידי ביטוי בהצבת עונשו ברף הנמוך של המתחם.",train
"מהו המאפיין המרכזי של העבירות שביצע הנאשם, אשר מוסיף לחומרתן?","מדובר בעבירות שמלכתחילה בוצעו ביודעין ובאופן אקטיבי, כאשר חומרה נוספת נשקפת מהמשך ביצוע העבירות במועדים לאחר כתב האישום.",train
מהו השיקול שצריך לשקול בתוך המתחם מעבר לביצוע העבירות?,"בתוך המתחם, יש לשקול שיקולים שאינם קשורים לביצוע העבירות.",train
מדוע לא ניתן להשוות בין מתחם העונש לעבירת התפרצות לבניין לבין התפרצות לשלושה מחסנים?,אינני מסכים עם המתחם שהציע הסנגור שכן מקובל עליי שמתחם העונש של 6-12 חודשים לגבי עבירת התפרצות לבניין שהינו דירה מתייחס למקרים קלים יותר ולא להתפרצות ל- 3 מחסנים.,train
מהו השיקול המרכזי שהוביל את בית המשפט להכיר במקרה הנאשם כחריג בריצוי העונש בעבודות שירות?,"בית המשפט המחוזי התייחס לסוגיה זו בגזר הדין וציין כי לאור העובדה שהנאשם שם קשר גורלו עם אישה ישראלית והקים משפחה והביא ילדים לעולם החיים כולם בישראל, הרי שמדובר במקרה חריג שלאפשר ריצוי העונש בדרך של עבודות שירות.",train
מהו המשקל שיש ליתן להודאת הנאשם בהליך זה?,"לשיטתי, יש ליתן משקל משמעותי להודאתו של הנאשם.",train
אילו גורמים מחייבים ענישה ממשית ללא קשר לנסיבות האישיות של הנאשם?,"סכום הגזלה הגבוה, מספר המקרים, שיטת הביצוע, כל אלה מחייבים ענישה ממשית, בלי קשר לנסיבות האישיות.",train
כיצד מתיישבים מעשיה של הנאשמת 2 עם מצוקה רגשית ואישית?,מעשיה מתיישבים יותר עם מי שפעלה מתוך היסחפות לעולם זר לה על רקע מצוקה רגשית ואישית.,train
מהו האלמנט המרכזי בעבירות המיוחסות לנאשם שמצביע על תכנון ותחכום?,"והעיקר, אלמנט העורמה והתחבולה, שמלמד על תכנון ותחכום, ברף גבוה יחסית, שכן הוא כולל בתוכו פעולות אקטיביות, להבדיל ממהלך פסיבי.",train
מהו העיקרון המנחה לקביעת העונש בהתאם לתיקון 113 לחוק העונשין?,"בהתאם לתיקון 113 לחוק העונשין, יש לקבוע, בטרם קביעת העונש המתאים מתחם עונש הולם למעשה העבירה בהתאם לעקרון ההלימה ותוך התחשבות במידת הפגיעה בערך החברתי, במדיניות הענישה הנהוגה ובנסיבות הקשורות בביצוע העבירה.",train
מהי עמדת השופט לגבי השפעת הנסיבות המחמירות על קביעת המתחם?,"לנוכח כל האמור, ותוך התחשבות בטיעוני התביעה לגבי הנסיבות המחמירות, האינטרס הציבורי והצורך בהגנה על המתלוננת, שיקולים אשר קבעו את גדרי המתחם ואת רצפת המתחם שמתחילה ממספר חודשי מאסר בעבודות שירות, הרי שמקובלת עליי עמדת התביעה שלא ניתן למקם את העונש ברף התחתון ממש, אך אני מקבל את טענה ההגנה לפיה יש להשית על הנאשם עונש בשליש התחתון.",train
כיצד משפיעים דיווחי שירות המבחן על הרושם לגבי שיתוף הפעולה של הנאשם בהליך טיפולי?,"דיווחיו של שירות המבחן לגבי העדר שיתוף פעולה של הנאשם בהשתלבות בהליך טיפולי מתאים לצרכיו, מחזקים את הרושם שמדובר במי שנמנע מלטפל בעצמו.",train
מהי ההערה שהעלה התסקיר לגבי ההשלכות של שליחתו של נאשם 1 למאסר?,נתונים שהתסקיר ציין מעלים הערת אזהרה ברורה ומיוחדת לעניין ההשלכות ההרסניות של שליחתו של נאשם 1 למאסר ממש.,train
מהו המתחם העונשי הכולל שנקבע למעשיו של הנאשם ומה השיקולים שהובילו לכך?,"לא בלי התלבטות,  בית המשפט קבע מתחם עונשי כולל למעשיו של הנאשם הנע בין 9 חודשי מאסר ועד 24 חודשי מאסר בפועל לצד ענישה נלווית בית המשפט מיקם את הנאשם בתחתית המתחם לאור עבר פלילי נקי, מצבו הנפשי, העובדה ששהה במעצר ממש מעל 10 ימים ותקופה ממושכת בתנאים מגבילים, אי פתיחת תיקים חדשים וללא הפרות, יציבותו התעסוקתית, הודיה בפתח משפטו וחסכון בזמן שיפוטי ניכר.",train
מדוע לא נמצאו נסיבות מיוחדות המאפשרות סטייה ממתחם העונש ההולם במקרה זה?,"במקרה דנן לא מצאתי נסיבות מיוחדות המצדיקות סטייה ממתחם העונש ההולם, לחומרה או לקולא.",train
מדוע לא נמצאו נסיבות מיוחדות המצדיקות סטייה ממתחם העונש ההולם?,"מקרה דנן לא מצאתי נסיבות מיוחדות המצדיקות סטייה ממתחם העונש ההולם, לחומרה או לקולה.",train
מדוע אין הצדקה להרהר בדבר סטייה ממתחם העונש במקרה של הנאשם?,"לפני האמור, ברור שלא מתקיים בעניינו של הנאשם אופק טיפולי ושיקומי כלשהי, ולכן אין כל הצדקה להרהר בדבר סטייה ממתחם העונש לקולא.",train
מהו השיקול הציבורי שיש לשקול במאבק בתופעות של שימוש באנשי קש?,"מחובתו של בית המשפט לשקול גם שיקולים של אינטרס ציבורי של מאבק בתופעות של שימוש באנשי קש שמהווים חוליה \חשובה\"" בפעילות בלתי חוקית.""",train
מהי התכלית הציבורית המובילה לכך שנאשם ירצה את עונשו סמוך לסיום ההליך הפלילי?,יש תכלית ואינטרס ציבורי שנאשם ירצה את עונשו כמה שיותר קרוב לסיום ההליך הפלילי.,train
מדוע יש לבחון את העונש המוסכם על פי אמות המידה המקובלות גם לאחר תיקון 113?,"זאת לאור המדיניות המשפטית אשר הייתה נהוגה אף טרם כניסתו של תיקון 113 לחוק העונשין לתוקף, לפיה על בית המשפט לבחון את העונש המוסכם על פי הסדר הטיעון בהתאם לאמות המידה המקובלות.",train
כיצד יש לבחון את העונש המוסכם בהסדר הטיעון?,בית המשפט לבחון את העונש המוסכם על פי הסדר הטיעון בהתאם לאמות המידה המקובלות.,train
מהו העיקרון שעליו יש להסתמך בקביעת מתחם העונש ההולם לעבירה לפי תיקון 113 לחוק העונשין?,"בהתאם לתיקון 113 לחוק העונשין, יש לקבוע, בטרם קביעת העונש המתאים, (בגין כל אחד מהאירועים), מתחם עונש הולם למעשה העבירה בהתאם לעקרון ההלימה ותוך התחשבות במידת הפגיעה בערך החברתי, במדיניות הענישה הנהוגה ובנסיבות הקשורות בביצוע העבירה.",train
כיצד בנייה בלתי חוקית פוגעת בעקרון השוויון בין אזרחים?,בניית בלתי חוקית מקנה יתרון לעבריין על פני האזרח שומר החוק ופוגעת בעקרון השוויון בין אזרחים.,train
מדוע הוסכם שהסדר הטיעון בתיק זה הוא סביר ומאוזן?,המסקנה מכל האמור היא שהסדר הטיעון שהציגו הצדדים בתיק זה הוא סביר ומאוזן ועולה בקנה אחד עם עקרונות תיקון 113 לחוק העונשין.,train
כיצד ריצוי עונש בעבודות שירות מתייחס למטרות הענישה במקרה זה?,"לשיטתי, יש בריצוי עונש מסוג זה משום מענה הולם למטרות הענישה השונות, על רקע נסיבותיו המיוחדות של התיק.",train
מדוע יש צורך בענישה קונקרטית במקרים מסוג זה ולא ניתן להסתפק בענישה צופה פני עתיד?,"מעשים מסוג זה מחייבים ענישה קונקרטית ואינני סבור שניתן להסתפק בענישה צופה פני עתיד, גם לא ברף התחתון.",train
מדוע נדרשת גישה אכיפתית מחמירה בהקשר להדפסת חשבוניות כוזבות?,"הקלות הבלתי נסבלת של הדפסת חשבוניות והפצתן לכל דורש, תמורת סכומי עתק,  כרוכה בפיתוי רב ולכן חייבה גישה אכיפתית מחמירה.",train
אילו נסיבות יש לקחת בחשבון לגבי מצבו האישי והמשפחתי של הנאשם?,"יש לקחת בחשבון נסיבותיו האישיות-הכלכליות-המשפחתיות, לרבות מוגבלויות ומחלות בני משפחתו השונים.",train
מהו ההבדל בין מיקום העונש בתוך המתחם לבין סטייה ממנו בהקשר לשיקול השיקום?,"היבטים חיוביים אלו יבואו לידי ביטוי במיקום העונש בתוך המתחם, להבדיל מסטייה ממנו, שכן עוצמת שיקול השיקום, אף שקיימת, אינו כה גבוהה או חריגה עד שתצדיק מהלך יוצא מן הכלל לפיו שיקול השיקום יפעל בתוך המתחם.",train
מהי ההשפעה האפשרית של לקיחת לקחים על טיעון ההגנה בנוגע להישנות העבירה?,גישה זו עשויה לשרת את טיעון ההגנה בדבר תהליך הפקת לקחים ואף סיכוי נמוך יותר להישנות העבירה עקב כך.,train
כיצד משפיעה השפלה על קביעת גדרי המתחם במקרה של תקיפה של אישה בהיריון?,"בעניין זה אני מקבל את טענת התביעה לפיה אלמנט ההשפלה חייב למצוא ביטוי בקביעת גדרי המתחם, כך גם העובדה שמדובר באישה בהיריון שהותקפה על ידי בעלה.",train
מהי ההחלטה שניתנה בבית המשפט העליון לגבי מתחם העונש לכניסה לישראל לצורך פרנסה?,"אין צורך להרחיב בסוגיית המתחם, שכן נושא זה עלה ונדון בבית המשפט העליון ונקבע כי כניסה לישראל לצורך פרנסה מצדיקה מתחם שנע בין מאסר מותנה ועד 5 חודשי מאסר הכוללים בתוכם מאסר מותנה ומאסר בפועל.",train
מהי הסיבה לכך שלא נמצאו נסיבות מיוחדות המצדיקות סטייה ממתחם העונש ההולם במקרה זה?,"במקרה דנן לא מצאתי נסיבות מיוחדות המצדיקות סטייה ממתחם העונש ההולם, לחומרה או לקולה.",train
מהו הערך החברתי המוגן שנפגע במקרה זה בהקשר לצווים שיפוטיים?,"הערכים החברתיים המוגנים אשר נפגעו במקרה דנן הם שמירה על שלוות נפשה של המתלוננת ועל עקרון שלטון החוק, וזאת בהקשר של החובה לציית לצווים שיפוטיים שנועדו להגן על אדם.",train
כיצד היה מצליח הנאשם להסיר את המחדל במלואו משפיע על תקרת הענישה?,"לו הנאשם היה מצליח להסיר את המחדל במלואו, הדבר היה משליך במישרין על הנמכת תקרת הענישה עד לתשעה חודשי מאסר לכל היותר.",train
מהן הנסיבות שיש לקחת בחשבון בעת מיקום העונש בתוך המתחם עבור הנאשם?,"לגבי מיקום העונש בתוך המתחם – יש לקחת בחשבון גילו הצעיר של הנאשם, היעדר עבר פלילי (למעט הרשעות בתחום התעבורה), לקיחת אחריות, חרטה, הודאה וחסכון בזמן שיפוטי.",train
כיצד משפיע שיקול השיקום על שיקולים אחרים בגזר הדין?,"שיקול השיקום אינו בגדר 'חזות הכל' ויש, במקרים מסוימים, שהוא ייסוג מפני שיקולים אחרים ובפרט שיקול ההלימה.",train
כיצד מתיישבת ההצבה בתחתית המתחם עם אינטרס השיקום של הנאשם?,"לשיטתי, אין סתירה בין מיקום העונש בתחתית המתחם לבין אינטרס השיקום.",train
מהו העיקרון שעליו יש להתבסס לקביעת מתחם העונש המתאים לפני קביעת העונש?,"בהתאם לתיקון 113 לחוק העונשין, יש לקבוע, בטרם קביעת העונש המתאים, (בגין כל אחד מהאירועים), מתחם עונש הולם למעשה העבירה בהתאם לעקרון ההלימה ותוך התחשבות במידת הפגיעה בערך החברתי, במדיניות הענישה הנהוגה ובנסיבות הקשורות בביצוע העבירה וכן לפי מידת אשמו של הנאשם.",train
כיצד משפיע מצבו הנפשי של הנאשם על קביעת המתחם העונשי במקרה זה?,"בית המשפט ציין כי בעוד שברגיל איום אמצעי מדגים מחמיר את המתחם והוא יכול לנוע ממאסר קצר ולו בעבודות שירות ועד ל-12 חודשי מאסר לריצוי בפועל, לאור מצבו הנפשי והספק בשימוש באמצעי המדגים, וקבע מתחם עונשי הולם שנע בין מאסר על תנאי לצד צו של\צ ועד ל-12 חודשי מאסר לריצוי בפועל לצד ענישה נלוות.""",train
מדוע עתירת ההגנה להפנות את הנאשם לממונה על עבודות השירות איננה רלוונטית?,"מכאן שעתירת ההגנה להפנות את הנאשם לממונה על עבודות השירות, איננו רלוונטית (לנוכח משך המאסר), והיא אף בלתי ראויה לגופה, לנוכח הנסיבות והשיקולים שפורטו בהרחבה לעיל.",train
כיצד הסכמת התביעה משפיעה על טווח הענישה המוצע?,הסכמה זו של התביעה רלוונטית לעניין העונש שכן היא מהווה סוג של טווח ענישה מוצע.,train
מדוע ייחס בית המשפט משקל נמוך לשיקול הנזק הקונקרטי במקרה של נאשמת צעירה?,לשיקול זה של (העדר) הנזק הקונקרטי ייחסתי משקל נמוך יחסית מכיוון שנאשמת צעירה בשלבים ראשונים של בניית הקריירה המקצועית.,train
מדוע המקרה הנדון נחשב לחמור יותר בהיבט של נסיבות ביצוע העבירה?,"המקרה שלפנינו, כאמור, חמור בהיבט של נסיבות ביצוע העבירה מהמקרה האמור, שכן מדובר בביצוע בצוותא תוך תכנון מוקדם, הצטיידות במכשירים והוצאת התכנית לפועל תוך פגיעה ברכוש הזולת בשעת לילה מאוחרת, על כל המשתמע מכך.",train
מה חשוב להבהיר לגבי שיקולים שיכולים להצדיק חריגה ממתחם העונש?,"חשוב להבהיר: אין מדובר ברשימה ממצה של שיקולים, והתקיימותו של שיקול זה או אחר אינה מצדיקה בהכרח חריגה ממתחם העונש משיקולי שיקום.",train
מהי עמדת השופט לגבי מיקום העונש ברף התחתון במקרה זה?,"מקובלת עליי עמדת התביעה שלא ניתן למקם את העונש ברף התחתון ממש, אך אני מקבל את טענה ההגנה לפיה יש להשית על הנאשם עונש בשליש התחתון.",train
מהו השיקול המאפשר לבית המשפט לחרוג ממתחם העונש ההולם?,"כידוע על פי תיקון 113 לחוק העונשין, סעיף 40ד, אם בית המשפט ימצא כי הנאשם השתקם או כי יש סיכוי של ממש שישתקם, רשאי הוא לחרוג ממתחם העונש ההולם ולקבוע את עונשו של הנאשם לפי שיקולי שיקומו.",train
מהי הסיבה לכך שהמאסר על תנאי חב הפעלה במקרה של ריבוי עבירות?,"למרות האמור, אוסיף ואציין שלהשקפתי מדובר במאסר על תנאי חב הפעלה לנוכח ריבוי העבירות המפעילות (סעיף 56(ב) לחוק העונשין).",train
מהי התוצאה הענישתית הראויה שנלקחה בחשבון בעניינו של נאשם 1?,"לשיטתי, יש בכך משום תוצאה ענישתית ראויה שלוקחת בחשבון נתונים רבים שנרשמו לזכותו כפי שאפרט מיד בהמשך.",train
מהי החשיבות של הפגיעה בנפשה של המתלוננת בהקשר למעשים המגונים?,"אף על פי כן, אין להתעלם מהפגיעה הממשית של המעשים בנפשה הרכה והזכה של המתלוננת.",train
מהי הפגיעה הנוספת שנגרמת מעבר לפגיעה בקופה הציבורית בעבירות אלו?,"מעבר לפגיעה בקופה הציבורית, עבירות מסוג זה פוגעות גם בעיקרון השוויון הנשיאה בנטל המס ובחשיבות שימור מנגנון הדיווחים לרשויות המס.",train
מהי הסיבה לכך שאין רלוונטיות רבה למתחם העונש במקרה זה?,"אני מסכים עוד עם הסנגור שאין רלוונטיות רבה לסוגיית המתחם האמור, וזאת לנוכח מספר נתונים מיוחדים שחברו יחדיו בתיק זה.",train
מהו תפקיד הערכים החברתיים המוגנים במקרה של פגיעה מינית?,"הערכים החברתיים המוגנים אשר נפגעו במקרה דנן הם הגנה על האוטונומיה של המתלוננת על גופה, על כבודה כאדם, על תחושת הביטחון הפרטית ומניעת יחס המתמקד במיניותה של האישה מתוך גישה מחפיצה ומבזה.",train
מהו המצב שבו שיקול השיקום עשוי לקבל מעמד של בכורה בהליך המשפטי?,במקרים מסוימים ומתאימים יינתן לשיקול השיקום מעמד של בכורה.,train
"מהו הערך החברתי המוגן שנפגע במקרה זה, במיוחד בהקשר של התחמקות מהדין?","הערכים החברתיים המוגנים אשר נפגעו במקרה דנן הם השמירה על טוהר ההליך המשפטי ושלטון החוק, ובכלל זה מניעת התחמקות מהדין, בפרט כאשר מדובר בתיק בו נחקרו עבירות חמורות עם השלכות על מספר רב של נפגעי עבירה.",train
מהי הסיבה לכך שלא התקבלה עתירת ההגנה במקרה זה?,"אינני יכול לקבל את עתירת ההגנה, וזאת על רקע פסיקה ברורה של בית המשפט העליון הנכבד, בעניין הגדרת המקרים בהם בית המשפט יסטה ממתחם העונש ההולם משיקולי שיקום.",train
מהו מתחם העונש ההולם לאור האישומים השונים והנסיבות החמורות?,"מסקנתי היא אפוא שמתחם העונש ההולם, בשים לב לאישומים השונים, ארבעה במספר, שבוצעו במשך התקופה, ולנסיבות החמורות של ביצוע חלק מהעבירות, המתחם נע בין 18 חודשי מאסר ועד 40 חודשי מאסר.",train
"מה הדגיש בית המשפט העליון בע\פ 6637/17 בנוגע לשיקול השיקום בענישה?""","בע\פ 6637/17 קרנדל נגד מדינת ישראל (להלן: \""קרנדל\""), הדגיש בית המשפט העליון את חשיבות שיקול השיקום בענישה.""",train
מהו הקשר בין הוראת החוק הספציפית לבין טענת התביעה לגבי מעשי הנאשם?,"העובדה שקיימת הוראת חוק ספציפית (בחוק מע\מ) שמתארת את המעשה המדויק של הנאשם, איננה מבטלת את טענת התביעה לפיה מעשי הנאשם אינם אלא מופע פרטי של קבלת דבר המרמה.""",train
מהן הנסיבות המיוחדות שנמצאו במקרה זה אשר לא מצדיקות סטייה ממתחם העונש?,"במקרה דנן לא מצאתי נסיבות מיוחדות המצדיקות סטייה ממתחם העונש ההולם, לחומרה או לקולה.",train
מהו העקרון שעליו יש להתבסס לקביעת מתחם העונש ההולם לעבירה לפי תיקון 113 לחוק העונשין?,"בהתאם לתיקון 113 לחוק העונשין, יש לקבוע, בטרם קביעת העונש המתאים, מתחם עונש הולם למעשה העבירה בהתאם לעקרון ההלימה ותוך התחשבות במידת הפגיעה בערך החברתי, במדיניות הענישה הנהוגה ובנסיבות הקשורות בביצוע העבירה.",train
כיצד משפיע השילוב בין שיקול דעת מוגבל לתהליך שיקומי על אפשרות ביטול הרשעה?,רוצה לומר כי השילוב בין שיקול דעת מוגבל של בית המשפט [בשל התנאים חבי ההפעלה] וכן תהליך שיקומי בראשיתו לא מאפשרים מהלך כה חריג ולא שגרתי של ביטול הרשעה על מנת לאפשר תוצאה עונשית צודקת לשיטת ההגנה.,train
מהן הזכויות החברתיות המוגנות שנפגעו במקרה זה בעקבות גניבת הנאשם ממעבידו?,הערכים החברתיים המוגנים אשר נפגעו במקרה דנן הם זכות הקניין וחיי מסחר תקינים והאינטרס המוגן של מעביד שנותן אמון מלא בעובדיו כי אלו לא ישלחו יד ברכושו ולא יפגעו באמון שניתן בהם והדבר כמובן משליך על יחסי עובד מעביד באופן כללי לבד מזכות הקניין כאמור.,train
מהו היסוד ההכרחי לקיום החברתי בתחום התכנון והבניה?,"כיבוד הדין, ויישומו בכל תחום, ובכלל זה בתחום התכנון והבניה, מהווים יסוד הכרחי לקיום החברתי ותנאי לתקינות פעילותו (עע\מ 2273/03 אי התכלת ואח' נגד החברה להגנת הטבע ואח' (פסקה 41 לפסה\""ד).""",train
מהו השיקול שנלקח בחשבון בנוגע לנסיבות האישיות ועברו הפלילי של הנאשם?,"בכלל זה, לקחתי בחשבון את נסיבותיו האישיות ועברו הפלילי של הנאשם, הכולל אך הרשעה אחת בעבירה שאינה ממין העניין (מכירת משקה משכר לקטין).",train
"מהו העונש המקובל לעבירות מס ברף התחתון, כפי שנמצא במקרה זה?","בענייננו אין מחלוקת כי העבירות שביצע המשיב אכן מצויות ברף התחתון של עבירות המס וכי עונש של מאסר על תנאי וקנס הם העונש \המקובל\"" לעבירות מסוג זה.""",train
מהו מתחם העונש ההולם שנקבע בהתחשב במצבו הכלכלי של הנאשם?,"על כן, מצאתי כי מתחם העונש ההולם בהיבט זה, גם כשאני לוקח בחשבון מצבו הכלכלי של הנאשם, נע בין 100,000-300,000 ₪.",train
מהו הכלל לגבי הרשעה על יסוד הודאה כאשר מדובר בשני מקרים שונים?,"סופו של דבר, שאיני סבור שניתן בתיק זה לחרוג מהכלל לפיו יש להותיר את ההרשעה על יסוד ההודאה של הנאשמת ודאי כאשר מדובר בשני מקרים שונים במסגרת שני כתבי אישום שונים.",train
מהי הסיבה לכך שלא יבחר בית המשפט בענישה בלתי הולמת במקרה זה?,"בענייננו, לא מצאתי סיבה מיוחדת מדוע ייצא בית המשפט מגדרה של ענישה ראויה ויבחר בענישה בלתי הולמת, והכל כדי להימנע מפגיעה היקפית בתעסוקת הנאשם.",train
מהו מתחם העונש שנקבע בהתחשב בנסיבות ביצוע העבירה?,"על אף החומרה שבאיומים כלפי עובדי ציבור, בהתחשב בנסיבות ביצוע העבירה, המצדיקות קביעת מתחם מקל ומדויק יותר, בית המשפט קבע כי מתחם העונש ההולם נע בין מאסר מותנה ושל\צ ועד 6 חודשי מאסר שיכול וירוצו בעבודות שירות.""",train
מה עולה מהודעת קצין האסירים לגבי נכונות הנאשם להשתקם?,"עוד אציין, כי מהודעת קצין האסירים מיום 18.11.20, עולה כי הנאשם השתלב בתכנית טיפולית, משתף פעולה , דבר שמעיד על נכונות של הנאשם להשתקם.",train
מהו טווח הקנס שנקבע על ידי בית המשפט בהתחשב בשיקולים השונים?,"תוך התחשבות בשיקולים השונים, אני קובע כי מתחם הקנס נע בין 20,000-40,000 ₪.",train
"מה ניסתה הפסיקה בע\פ קרנדל לשרטט בנוגע לקריטריונים לשיקום?""","בע\פ קרנדל הנ\""ל ניסה בית המשפט העליון לשרטט בקווים כללים מהם הקריטריונים לשיקום שיצדיק חריגה מהמתחם.""",train
מהו הצורך בהכבדה בענישה הכלכלית בנסיבות העניין?,"על מנת לאזן את מרכיבים העונש, יש להכביד את היד בענישה הכלכלית המתחייבת בנסיבות העניין.",train
על מה נשענת קביעת מתחם העונש לעבירות המיוחסות לנאשם?,קביעת מתחם העונש האמור נשענת בראש ובראשונה על נסיבות ביצוע העבירות.,train
מהי ההשפעה של פערי הכוחות בין הנאשם למתלונן על רמת הענישה המומלצת?,"לנוכח פערי הכוחות בין הנאשם למתלונן, סברתי שניתן להסתייע בפסיקה במקרים שבהם רף האלימות היה משמעותי יותר מהמקרה שלפנינו, או שפער הכוחות היה בולט, ומצאתי שרמת הענישה במקרים מסוג זה מתחילה מצו של\צ (חלף עונש מאסר קצר בעבודות שירות).""",train
"מדוע לא ניתן להסתפק במתחם עונש קל במקרה זה, לפי עמדת בית המשפט?","כאמור, גם מתחם עונש מקל, לא היה פותר את הנאשם מענישה ממשית, לנוכח נתונים שיפורטו בהמשך בקביעת מתחם העונש של הנאשם ולטעמי לא ניתן להסתפק בחמישה אישומים במתחם קל כפי שהציע הסנגור.",train
כיצד מתבטאת הגמישות המחשבתית בהקשר לנסיבות המשתנות של התיק?,"כפי שהסברתי לעיל, המדובר במהלך מבורך שמלמד על גמישות מחשבתית לנוכח הנסיבות המשתנות.",train
מהו הממצא המשפטי שנוגע לנסיבות המיוחדות במקרה זה והשפעתן על מתחם העונש?,"במקרה דנן לא מצאתי נסיבות מיוחדות המצדיקות סטייה ממתחם העונש ההולם, לחומרה או לקולה.",train
מדוע יש לקיים דיון נוסף במעמד הצדדים והנאשם לפי סעיף 40י לחוק העונשין?,"נסיבות החריגות עליהן עמדתי לעיל, ועל מנת למנוע עיוות דין (ראו סעיף 40י לחוק העונשין), אני סבור שהפתרון חייב לעבור בקיום דיון, במעמד הצדדים והנאשם, לצורך בירור הסוגיות לעיל.",train
מהו המשקל שניתן לאלמנט השיהוי במיקום העונש בטווח הענישה המוסכם?,"שנית, כפי שציינתי לעיל, לאלמנט השיהוי ניתן משקל ממשי במיקום העונש בתוך טווח הענישה המוסכם.",train
מהו המיקום שנמצא לעונש הנאשם ביחס למתחם העונש ההולם?,לאור כל האמור מצאתי למקם את עונשו ברף הנמוך של המתחם.,train
מהו העיקרון שעליו יש להתבסס לקביעת מתחם העונש ההולם לפני גזירת העונש?,"בהתאם לתיקון 113 לחוק העונשין, יש לקבוע, בטרם קביעת העונש המתאים, (בגין כל אחד מהאירועים), מתחם עונש הולם למעשה העבירה בהתאם לעקרון ההלימה ותוך התחשבות במידת הפגיעה בערך החברתי, במדיניות הענישה הנהוגה ובנסיבות הקשורות בביצוע העבירה.",train
מהו הקושי המשפטי שנוצר עקב המאסרים המותנים התלויים נגד הנאשם?,"הקושי הוא, שכתוצאה מקיומם של מאסרים מותנים תלויים ועומדים נגד הנאשם, האופציות העומדות בפני בית המשפט מצומצמות למדי: הארכת המאסרים המותנים, תוך קבלת הגישה השיקומית במלואה, לעומת הפעלת המאסרים המותנים ושליחת הנאשם לריצוי מאסר בפועל למשך תקופה לא קצרה, דבר שיכול לחבל בהליך השיקום המרשים שעובר הנאשם.",train
כיצד התרשם שירות המבחן מקשיי התקשורת של הנאשם בסיטואציות קונפליקטואליות?,"שירות המבחן התרשם כבר אז מקשייו של הנאשם לתקשר, באופן מקדם או אדפטיבי, ולכן התרשם שבסיטואציות קונפלקטואליות עלול לפעול באופן אימפולסיבי ונעדר שיקול דעת.",train
מהי הסיבה שהובילה את שירות המבחן להמליץ על שילוב הנאשם בהליך טיפול ייעודי ממושך?,שירות המבחן ציין כי הנאשם סובל מנטייה למיקוד שליטה חיצוני וקושי בבחינת בעייתיות בהתנהגותו לצד דפוסים התמכרותיים ולכן שירות המבחן סבר שיש לשאוף לשילובו של הנאשם בהליך טיפול ייעודי ממושך.,train
כיצד פוגעות עבירות מסוג זה בעיקרון השוויון בנשיאה בנטל המס?,"המעבר לפגיעה בקופה הציבורית, עבירות מסוג זה פוגעות גם בעיקרון השוויון הנשיאה בנטל המס ובחשיבות שימור מנגנון הדיווחים לרשויות המס.",train
מהו השיקול שהשפיע על קביעת העונש לאור אי הסרת המחדלים?,לקחתי בחשבון לחומרה את אי הסרת המחדלים מושא כתב האישום למרות הזמן הרב שחלף מאז העבירות מבלי שהנאשמת הסדירה או ניסתה לפעול להסדיר את חובה לרשויות המס.,train
באילו נסיבות יכיר בית המשפט בקיומו של שיקום שיצדיק חריגה ממתחם העונש?,הפסיקה דנה בשאלה באילו נסיבות יכיר בית המשפט בקיומו של שיקום או סיכוי של ממש לשיקום באופן שיצדיק חריגה ממתחם העונש.,train
מהי ההמלצה של שירות המבחן לגבי הענישה במקרה זה וכיצד היא משפיעה על האינטרס הציבורי?,"המלצת שירות המבחן לענישה שאיננה כוללת רכיב ענישה ממשי, ללא מאסר בפועל ואף לא מאסר שירוצה בעבודות שירות ואף לא שעות לתועלת הציבור (צו מבחן בלבד), יש בה משום פגיעה באינטרס הציבורי בענישה ממשית כשמדובר בשלושה אירועים של עבירות חמורות, בפרט עבירות ההתפרצות לדירות מגורים.",train
מהן הסיבות שהובילו לקביעת מתחם עונש הולם במקרה של החזקת סמים במקומות שונים?,"המסקנה מכל האמור היא שעל רקע נסיבות ביצוע העבירה, הכוללים מרכיבי חומרה של חלוקה לשקיות והחזקת הסמים במקומות שונים גם בין כותלי חדר בבית מלון וגם על גופו של הנאשם וגם במרחב הציבורי בתוך רכב, והכל במסגרת שני אישומים בפער זמנים של למעלה מחצי שנה, כל אלה מצדיקים לקבוע מתחם עונש הולם שמתחיל ממאסר בפועל שיכול שירוצה בעבודות שירות ולו לתקופה קצרה ועד ל- 10 חודשי מאסר בפועל.",train
מהו מתחם הענישה השתרש לעבירת ההתפרצות לדירת מגורים?,"ביחס לעבירת ההתפרצות לדירת מגורים, השתרש מתחם ענישה של 12 חודשים ועד 24 חודשים (רע\פ 1600/15 בועזיז נ' מדינת ישראל), ולכן ניתן להשקיף במתחם זה על מתחם העונש ההולם כעל עבירה של סיוע להתפרצות.""",train
מהי המסקנה לגבי העבירה והאפשרות לביטול הרשעה לפי הלכת כתב?,"לאור האמור, הגעתי למסקנה שהעבירה על נסיבותיה איננה מונעת מעבר לשלב השני של הבחינה לפי הלכת כתב, שכן נסיבות ביצוע העבירה, לקולא ולחומרה יכולות בנסיבות המתאימות לאפשר ביטול ההרשעה בהינתן פגיעה קשה בשיקומו של הנאשם או בעתידו.",train
מהו הגורם המרכזי המשפיע על הענישה בעבירות מס לפי גזרי דין קודמים?,"אשר לענישה הנהוגה, עיון בגזרי דין שניתנו במקרים דומים מלמד שהענישה בעבירות כגון דא מושפעת בדרך כלל מהשיטתיות שבמעשים והיקפם, מהנזק שנגרם לקופת המדינה (גם בקשר להסרת המחדל).",train
מהו ההבדל בין השיקולים לאימוץ הסדר טיעון לבין השיקולים לפי תיקון 113 לחוק העונשין?,"לצד זאת, בעת הבחינה, אין להתעלם מכך שהשיקולים שבבסיס אימוצו של הסדר טיעון אינם זהים בהכרח לאלה הנשקלים במסגרת תיקון 113 לחוק העונשין, ובכללם ציפיית הנאשם כי הסדר הטיעון יאומץ.",train
מהי הסיבה לכך שאין מנוס מהפעלת המאסר המותנה במקרה זה?,"בהעדר טיעון שיצדיק חריגה מהמתחם ובהעדר עילה סבירה כלשהי להארכת המאסר המותנה, אין מנוס אלא להפעיל את המאסר המותנה ולגזור על הנאשם עונש מאסר בנוסף.",train
"מהו המיקום שנקבע לעונש ביחס למתחם, ומה המשמעות לכך?","לכן העונש ימוקם כעתירת הצדדים- בתחתית המתחם, ובכך הליכה נוספת לקראת הנאשם.",train
מהם הערכים החברתיים המוגנים שנפגעו במקרה זה?,הערכים החברתיים המוגנים אשר נפגעו במקרה דנן הם שמירה על בריאות הציבור ושלומו ותרומתו של בית המשפט במאבק בנגע הסם.,train
מהו הממצא של שירות המבחן לגבי דפוסי ההתנהגות של הנאשם והמלצתו בענישה?,שירות המבחן ציין כי הנאשם בעל דפוסים עברייניים ומרמתיים ולכן המליץ על ענישה מוחשית ומציבת גבולות ברורים להתנהגותו.,train
מהו המסר השלילי שעלול להישלח אם לא יוטל מאסר בפועל על הנאשם?,"אי השתת מאסר בפועל על הנאשם עלולה לשדר מסר שלילי כי מעשיו החוזרים ופגיעתו בזולת נסבלים, ומכאן שאין להשלים עם הגישה הסלחנית שהציעה ההגנה.",train
כיצד משפיע אופיין של העבירות על ההחלטה לגבי כליאתו של המבקש?,"אופיין של העבירות אותן ביצע המבקש ומספרן, והעובדה שהוא נמנה על אלה המפיצים את נגע הסמים על ידי סחר בו, חייבו את כליאתו לתקופה ממושכת תוך העדפת האינטרס הציבורי על זה האישי.",train
כיצד משפיע התסקיר השלילי על התרשמות בית המשפט מהנאשם?,עוד יש לקחת בחשבון את התסקיר השלילי ואת התרשמות שירות המבחן שהנאשם  ממוקד בצרכיו ובקשייו לאורך השנים באופן הנותן לגיטימציה למעשיו.,train
מה מראה בחינת מדיניות הענישה הנוהגת לגבי עונשים שניתנים לנאשמים בעבירות דומות?,"בחינת מדיניות הענישה הנוהגת מעלה כי במקרים דומים הוטלו על נאשמים עונשים, גם בגין אירועים בודדים כאשר אילו מתחילים בדרך כלל בענישה הכוללת מאסר בפועל, ולו בעבודות שירות.",train
מהן הזכויות החברתיות שנפגעו במקרה זה?,הערכים החברתיים המוגנים אשר נפגעו במקרה דנן הם זכותה של המתלוננת לשלמות גופה ושלוות נפשה במסגרת התא המשפחתי וכן מיגור נגע הסמים שפשה בחברה.,train
כיצד משפיעים דפוסי התמכרות כרוניים על הסיכוי לרגרסיה של הנאשם?,"שירת המבחן חוזר ומציין כי לנאשם דפוסי התמכרות מושרשים וכרוניים, ומכאן שהיעדרה של התנתקות מלאה מעורר חשש כבד לרגרסיה והתדרדרות חזרה להתמכרות.",train
מהו הערך המוגן שמבוסס על הגנה על שלמות גופם של השוטרים במהלך אכיפת החוק?,הערכים המוגנים בבסיס העבירה של שימוש בכוח למניעת מעצר והפרעה לשוטר הם: הגנה על שלמות גופם של השוטרים המבצעים מלאכתם בתנאים קשים של מגע יומיומי במהלך האכיפה נגד הפשיעה ונגד גורמים עברייניים.,train
מהו הגורם החריג שהשפיע על ההחלטה בעניינו של הנאשם?,"גם בעניין זה אפנה לנסיבות החריגות של הודאה \נדיבה מאוד\"" מצד הנאשמים בתיק זה.""",train
כיצד יש להתייחס לקשיים הראייתיים בשלב גזר הדין?,"לעניין המשקל שיינתן להודאת הנאשם חרף קשיים ראייתיים, מצאתי להבהיר שאני ער לכך שהמשקל שיינתן לקשיים הראייתיים, כך בדרך כלל, יבוא לידי ביטוי בתיקון כתב האישום או בעמדות הצדדים לעניין העונש, ואין ליתן לשיקול זה משקל נוסף בשלב גזר הדין, כך פסק בית המשפט העליון ברע\פ 1807/22 פלוני נ' מדינת ישראל, ואולם כאמור כפי שציינתי לעיל, ההתחשבות בקושי הראייתי היא בהענקת משקל עודף להודאתו של הנאשם חרף אותם קשיים ראייתיים, על המשתמע מכך מבחינת ההשפעה של ההודאה, והסדר הטיעון בעקבותיה, על העונש בסופו של דבר.""",train
כיצד משקפת פעולתה של המתלוננת אזרחות טובה ואומץ לב?,"דיווחה המידי לאביה, גילוי התושייה  בעצם צילום הרכב, ולאחר מכן הגשת התלונה ומיצוי זכויותיה ובחירתה להעיד בבית המשפט מלמדים על אזרחות טובה ועל אומץ לב ראוי להערכה.",train
מהו ההבדל בין עונש גניבה על ידי עובד באירוע אחד לעומת שני אירועים עצמאיים?,"לעניין זה אפנה לכך שגם הפסיקה שהוצגה על ידי ההגנה, בה נקבע כי גניבה על ידי עובד בסכום של אלפי שקלים נע בין מאסר על תנאי ועד 8 חודשי מאסר בפועל, מתייחסת לאירוע אחד, כאשר לשיטתי הצטברות שני אירועים עצמאים מחייבת קביעת מתחם שאיננו מתחיל בעונש מאסר מותנה בלבד.",train
כיצד יש לקבוע מתחם עונש כולל כאשר מדובר בשני אירועים עצמאיים?,"כאשר עסקינן בשני אירועים עצמאיים שהתרחשו בפער זמנים ביניהם, יש מקום לקבוע כי \חיבור\"" המתחמים מחייב קביעה של מתחם כולל שמתחיל מעונש שיש בו רכיב ממשי של מאסר בפועל שניתן לריצוי בעבודות שירות ועד ל- 15 חודשי מאסר בפועל.""",train
מדוע לא ניתן לקבל את בקשת הנאשם לפטור מעונש צופה פני עתיד בלבד?,"עם זאת, איני יכול לקבל את בקשת הנאשם לפטור אותו מעונש צופה פני עתיד בלבד, ללא ענישה נוספת.",train
מדוע לא ניתן לקבוע מתחם עונש כולל אחד כאשר העבירות בוצעו במהלך ניהול המשפט?,"כידוע, מועד ביצוע העבירות רלוונטי לעניין זה כאשר הנאשם מבצע את העבירות במהלך ניהול משפטו לאחר שנשלח לקבלת תסקיר שירות המבחן ותוך כדי תקופת האבחון, אני סבור שלא ניתן לקבוע מתחם עונש כולל אחד.",train
מהי המסקנה לגבי מיקום עונשו של הנאשם במתחם העונש?,"התוצאה היא שאני מסכים עם התביעה שיש למקם את עונשו של הנאשם בשליש התחתון של המתחם, אם כי לא ברף התחתון ממש.",train
כיצד מתיישב מתחם העונש עם העובדות והנסיבות מכתב האישום המתוקן?,"נראה כי מתחם העונש שקבעתי עולה בקנה אחד עם העובדות והנסיבות העולות מכתב האישום המתוקן, ועל כן אני מסיר את הסתייגותי בנושא תמונה חלקית ומידע חסר.",train
מהו המצב המשפטי של האישום הראשון והאם יש לקבוע מתחם מחמיר?,האישום הראשון חמור במיוחד ויש לקבוע מתחם מחמיר יחסית.,train
כיצד משפיע שיקול השיקום על העבר הפלילי של הנאשם במתחם הענישה?,"שיקול השיקום, כשיקול שפועל בתוך המתחם, מאזן את שיקול העבר הפלילי, ולכן, ועל רקע המלצת שירות המבחן, הודאת הנאשם, קבלת האחריות והבעת החרטה והאמפטיה כלפי המתלונן, תהליך הפקח הלקחים, הנסיבות האישיות, והפגיעה הבלתי מידתית בנאשם אם יוטל עליו עונש מאסר, כל אלה מובילים למסקנה שנכון לאמץ בעניינו של הנאשם גישה שיקומית כפי המלצת שירות המבחן.",train
מהו העיקרון שעליו יש להסתמך בקביעת מתחם העונש ההולם לפי תיקון 113 לחוק העונשין?,"בהתאם לתיקון 113 לחוק העונשין, יש לקבוע, בטרם קביעת העונש המתאים, מתחם עונש הולם למעשה העבירה בהתאם לעקרון ההלימה ותוך התחשבות במידת הפגיעה בערך החברתי, במדיניות הענישה הנהוגה ובנסיבות הקשורות בביצוע העבירה.",train
מהו השיקול המבחין במתחם הקנס בהתחשב במצב הנאשם?,"מתחם הקנס מובחן בהתחשב בסכום המחדל הפלילי העצום, אך מנגד בתקופה הקצרה של ביצוע העבירות, חלוף הזמן, וגם מצבו האישי והכלכלי של הנאשם כפי שהשתקף בטיעוני הצדדים.",train
מהו השיקול שהוביל למסקנה כי במקרה זה ניתן לרצות את העונש שלא מאחורי סורג ובריח?,"על אף האמור, נמצא כי מדובר במקרה מיוחד המאפשר ריצוי עונש שלא מאחורי סורג ובריח.",train
מדוע יש לתת משקל לחומרת העבירות של אלימות במסגרת התא המשפחתי?,לחומרת העבירות של אלימות במסגרת התא המשפחתי נודעת חומרה רבה וכי לחומרה זו יש לתת משקל ולשם כך לא די ברטוריקה שאינה מגובה בתוצאה אופרטיבית.,train
כיצד מתיישבת הענישה שנקבעה עם תפיסת בית המשפט לגבי מתחם העונש ההולם?,"כאמור ענישה זו, עולה בקנה אחד עם תפיסתי לגבי מתחם העונש ההולם.",train
מה השפיע על קביעת עונשו של הנאשם ברף התחתון שבמתחם?,"בכלל זה, לקחתי בחשבון חלוף הזמן המשמעותי, הנסיבות האישיות (כפי שעלה, בין השאר בעדות האופי), העדר עבר פלילי, ההודאה, המאמצים שהושקעו בהסרת המחדלים, ולכן, מצאתי להציב את עונשו של הנאשם ברף התחתון שבמתחם.",train
מהו השיקול שהצדיק את ההסטה של העונש לכיוון תחתית המתחם במקרה זה?,"השינוי החיובי שעבר הנאשם מצדיק הסטת העונש לכיוון תחתית המתחם, אך אינו עומד בדרישות (הגבוהות) לסטייה מחוץ לגבולותיו של העונש ההולם.",train
מדוע לא נחשב מצבו הכלכלי של הנאשם כהסבר מספק להסתבכותו?,"כאמור, הנאשם הדגיש את מצבו הכלכלי כהסבר להסתבכותו וכידוע, אין המדובר בהסבר מספק.",train
מה היה העונש הנכון אילולא הייתה הודאת הנאשם?,"אומר בפירוש כי אלמלא הודאתו של הנאשם בצל קושי ראייתי, נכון היה לגזור על הנאשם עונש חמור יותר לריצוי מאחורי סורג ובריח.",train
מהו השיקול שיש לקחת בחשבון בגזירת העונש לנאשם מעבר לביצוע העבירה עצמה?,בגזירת העונש המתאים לנאשם יש להתחשב בנסיבות שאינן קשורות בביצוע העבירה.,train
"מה ניסו לשרטט בבית המשפט העליון בע\פ קרנדל בנוגע לקריטריונים לשיקום?""","בע\פ קרנדל הנ\""ל ניסה בית המשפט העליון לשרטט בקווים כללים מהם הקריטריונים לשיקום שיצדיק חריגה מהמתחם.""",train
מהי המשמעות של חזרה מרשימה לתהליך השיקום מבחינת סיכויי השיקום?,"חרף הסתייגות התביעה והדגשתה \נפילה\"" או מעידה או נסיגה בתהליך השיקום, דווקא חזרתו המרשימה של הנאשם לתהליך (התחלה מחדש, מאפס) תוך גיוס תעצומות נפש להתחלה של תהליך קשה ומפרך מנקודת ההתחלה מהווה אינדיקציה לסיכויי שיקום ממשיים.""",train
"מהי ההמלצה שניתנה בנוגע לעונש, תוך חריגה קלה מהמתחם?","כאמור, סברתי שיש לחרוג קמעה מהמתחם ולהסתפק בעונש צופה פני עתיד לצד ענישה נלווית וצו מבחן.",train
מהו הסטנדרט הנדרש להוכחת שיקום בפועל או צפי ממשי לשיקום?,"הפסיקה בעניין סטייה מהמתחם משיקולי שיקום מתייחסת בצורך בהוכחת שיקום בפועל או צפי ממשי לשיקום, כאשר לא כל שיפור עומד בסטנדרט הגבוה שהציבה הפסיקה בעניין זה.",train
מדוע מידת הפגיעה בערכים המוגנים במקרה זה איננה מבוטלת או זניחה?,"לאור נסיבות ביצוע העבירות, ותפקידו הבלעדי בביצוע העבירות, מידת הפגיעה בערכים המוגנים איננה מבוטלת או זניחה.",train
מהי ההמלצה של שירות המבחן לגבי עונש מאסר לנאשם?,"כפי שתיארתי בהחלטתי הקודמת, שירות המבחן התרשם עמוקות מהנאשם, מההרתעה של הליך המשפטי (\הרתעה אפקטיבית וארוכת טווח\""), וחתם את תסקירו בהמלצה חד משמעית להימנע מעונש מאסר, תוך הפנייה לכך שמדובר בעבירה יחידה שבוצעה תוך תקופה קצרה, לפני יותר משבע שנים, בשעת משבר והתדרדרות תפקודית, שכללה שימוש בסמים, לאור הבושה וחרטה והפגיעה הקשה בנאשם ובבני משפחתו והחזרה למוטב בכל המישורים.""",train
מדוע נחשבת העובדה שהעבירות התפרסו על פני תקופה ארוכה לחשובה בקביעת המתחם?,"לשיטתי, לעובדה שהעבירות התפרסו על פני תקופה ארוכה נודעת חשיבות רבה בקביעת המתחם.",train
מהו השיקול שיביא להמשך בחינת סטייה ממתחם העונש?,להמשיך ולבחון האם יש מקום לסטייה ולו קלה ממתחם העונש ההולם משיקולי שיקום.,train
מהו הערך המוגן המרכזי שנועד להישמר בעבירות של נהיגה בלתי מורשית ורכוש גנוב?,הערכים המוגנים בבסיס העבירות הם: שמירה על רכוש הזולת ותחושת הביטחון הכללי בציבור וכן מניעת סיכון למשתמשים בדרך כתוצאה מנהיגה על ידי אנשים בלתי מורשים ועוד בנסיבות של רכב גנוב על פוטנציאל הנזק הקיים.,train
מהי השפעת תקופת המעצר על השיקולים בעניינם של הנאשמים?,"עוד לקחת בחשבון תקופת המעצר של הנאשמים, התנאים המגבילים בהם שהו.",train
מהי הסיבה לכך שהעונש היה נכון למקם גבוה יותר בתוך המתחם?,"ברגיל היה נכון למקם את עונשו של גבוה יותר בתוך המתחם, זאת בשל אי הסרת המחדל, ואולם כאמור מצאתי להעניק משקל מלא להודאתו בצל קשיים ראייתיים שהתעוררו במהלך ניהול התיק.",train
כיצד נקבע מתחם העונש במקרה של הנאשמת לאור טיעוני התביעה?,"ולכן על המקרה שלנו יש לגזור בהתאמה את מתחם העונש ככזה שמתחיל ממאסר מותנה וצו של\צ ועד 12 חודשים וזאת בשים לב לטיעונים של התביעה עימה אני מסכים באשר לחומרה הקטיגורית באיומים על פרקליט בעת מילוי תפקידו.""",train
מהי עמדת הפסיקה לגבי ריצוי עונש מאסר בעבודות שירות עבור מי ששהותו בישראל אינה מוסדרת?,"בעניין זה קיימות דעות שונות ואולם הפסיקה, בחלק המרכזי שבה, מאפשרת ריצוי עונש מאסר בדרך של עבודות שירות על ידי מי ששהותו בישראל איננה מוסדרת ועל כך בהמשך.",train
מדוע לא ניתן לראות בהסתבכות בחובות סיבה להקל בעונש במקרה זה?,"בכל הכבוד, הסתבכות בחובות וגניבה ממעביד כדי לכסות חובות אלו אינה סיבה שיכולה לפעול לקולת העונש.",train
מה מצדיק קביעת מתחם עונש אחד כולל בעבירות שונות?,"סכום המחדל הכולל שנולד כתוצאה מביצוע עבירות שונות, הדומות ביניהן, מצדיק קביעת מתחם עונש אחד כולל.",train
מהו הרף התחתון של המתחם בגין כל עבירה בעבירות אי הגשת דוחות מס?,"בנסיבות אלה נכון אף לקבוע את הרף התחתון של המתחם, בגין כל עבירה כאירוע על מאסר על תנאי ועד 7 חודשי מאסר, לצד ענישה נלווית.",train
כיצד משפיעה הבניית שיקול הדעת השיפוטי על קביעת העונש במקרה של הסדר טיעון?,"אמנם קיימת משמעות להסדר הטיעון, והיא אף משליכה על יישום תיקון 113 לחוק העונשין על המקרה, אך בסופו של דבר הבניית שיקול הדעת השיפוטי יכולה לסייע לבית המשפט בקביעת העונש, גם ללא קשר להסדר הטיעון.",train
מהו השיקול שהותיר תיקון 113 לחוק העונשין לבית המשפט בנוגע לחפיפה בין המתחמים?,"תיקון 113 לחוק העונשין מותיר שיקול דעת לבית המשפט בסוגית והחפיפה בין המתחמים, ולא בכדי.",train
מהו הרושם שנוצר לגבי התנהלות הנאשם והשפעתו על קביעת המתחם?,"כאשר מדובר בהתנהלות חריגה בחייו של הנאשם, במהלכה נקט באלימות קשה וחמורה, הרי שהרושם החיובי ממנו יבוא לידי ביטוי בתוך גבולות המתחם ואינני סבור שמדובר במקרה, חריג בלאו הכי, שבו בית המשפט יסטה מהמתחם בשל הנתונים האישיים החיוביים והשיקולים האישיים שאינם קשורים בביצוע העבירה.",train
מהו השיקול המקל שניתן לזקוף לזכות הנאשם במהלך ההליך?,יש לזקוף לזכות הנאשם העדר הרשעות פליליות קודמות.,train
מהו העיקרון שעליו יש להתבסס לקביעת מתחם העונש בעבירה לפי תיקון 113 לחוק העונשין?,"בהתאם לתיקון 113 לחוק העונשין, יש לקבוע, בטרם קביעת העונש המתאים, (בגין כל אחד מהאירועים), מתחם עונש הולם למעשה העבירה בהתאם לעקרון ההלימה ותוך התחשבות במידת הפגיעה בערך החברתי, במדיניות הענישה הנהוגה ובנסיבות הקשורות בביצוע העבירה.",train
מדוע יש לחתור לביטול אלמנט הכדאיות הכלכלית בביצוע העבירות באמצעות הענישה?,"לכן- כך נקבע בפסיקה- יש לחתור, באמצעות הענישה, לביטול אלמנט הכדאיות הכלכלית בביצוען.",train
מה היו השיקולים שהובילו לסטייה לקולא ממתחם העונש ההולם?,"בית המשפט סטה לקולא ממתחם העונש ההולם בשל שיקולי שיקום והשית בין היתר צו של\צ בהיקף של 300 שעות.""",train
מהי המסקנה לגבי קיומן של נסיבות מיוחדות במקרה זה?,"במקרה זה לא מצאתי נסיבות מיוחדות המצדיקות סטייה ממתחם העונש ההולם, לחומרה או לקולה.",train
מה המלצת שירות המבחן לגבי ענישת הנאשמת לאחר תקופת הליווי?,"שירות המבחן ליווה את הנאשמת למשך למעלה משנה, תקופה בה לא נפתחו לנאשמת תיקים נוספים ולכן המליץ על ענישה שיקומית בדמות צו מבחן וצו של\צ.""",train
מהו העונש הרגיל המוטל בעבירות שנעברו בשיטתיות ובסכומים גבוהים?,"ניתן ללמוד כי באופן רגיל מדיניות הענישה היא מוחשית וכוללת עונשי מאסר משמעותיים לריצוי מאחורי סורג ובריח, בעיקר מקום בו לא הוסרו המחדלים ובהם דובר בעבירות אשר נעברו בשיטתיות ו/או בסכומים גבוהים.",train
מהו התנאי להקל בבדיקת הנזק במקרה זה?,הייתי נכון להגמיש את הבדיקה אילו ניתן היה להצביע על נזק ברמת הסתברות כזו או אחר.,train
באילו מצבים ניתן לסטות ממתחם העונש ההולם לפי ההליך הטיפולי של הנאשם?,סטייה ממתחם העונש ההולם שמורה למצבים של הליך טיפולי ייחודי שהנאשם מצליח לנצל את ההזדמנות שניתנה לו במלוא כוחותיו וכאשר ההליך המשפטי מהווה מנוף לשינוי ממשי וחיובי.,train
על מה נשענת קביעת מתחם העונש בעבירות מס?,קביעת מתחם העונש האמור נשענת בראש ובראשונה על נסיבות ביצוע העבירות.,train
מהו ההסבר להמשך ניהול העסקים תוך ביצוע עבירות מס באופן שיטתי?,"למרות קשייו הכלכליים הנטענים, בחר המבקש להמשיך ולנהל את עסקיו, תוך ביצוע עבירות מס באופן שיטתי, ובכך הוסיף חטא על פשע.",train
אילו נתונים לא קשורים לביצוע העבירה נלקחו בחשבון בקביעת העונש?,"במסגרת הנסיבות שאינן קשורות בביצוע העבירה לקחתי בחשבון את הנתונים הבאים: עבר פלילי ללא הרשעות קודמות, הודיה ולקיחת אחריות אף ללא הסכמות עונשיות, החיסכון בזמן שיפוטי, החרטה שהביע הנאשם, תרומתו לחברה, התנהלותו הנורמטיבית, הישגיו האקדמאיים ועוד נתונים חיובים בעניינו של הנאשם.",train
כיצד היה צירוף התיק לתיקים המאוחרים משפיע על עונשו של הנאשם?,יש להניח שצירוף התיק שבפנינו לתיקים המאוחרים היה מחמיר במידת מה בעונשו.,train
מהו הטעם העיקרי לכך שחלק מהשיקולים נלקחים בחשבון במסגרת קביעת העונש?,טעם עיקרי לכך הוא שחלק מהשיקולים שהוזכרו לעיל מובאים ברגיל בחשבון במסגרת קביעת העונש בתוך המתחם (ראו: סעיף 40יא לחוק העונשין).,train
מהי המסקנה לגבי מיקום עונשו של הנאשם במתחם העונש?,"המסקנה היא שיש למקם את עונשו של הנאשם קרוב יותר לרף העליון במתחם, בפרט כאשר מדובר במתחם מתון יחסית שמתחיל בענישה צופה פני עתיד ועד לחצי שנת מאסר.",train
מהי הסיבה לכך שאתה מאמץ את המלצות שירות המבחן בנוגע לנאשם?,"סופו של דבר, שאני מאמץ בחום את המלצות שירות המבחן וכי כיצד ניתן לבטל את העבודה היסודית והמקיפה והמרשימה שעשה שירות המבחן אך מעבר לכך כיצד ניתן לשלוח את הנאשם בנקודה קריטית בחייו לעונש שעלול להוריד לטמיון את כל ההתקדמות ואת ההישגים של הנאשם עד כה.",train
מהו המשמעות של צירוף התיקים לגבי קבלת אחריות והכוונה לפתוח פרק חדש בחיי הנאשם?,"צירוף התיקים מלמד על קבלת אחריות, כוונה לנקות שולחן, ולפתוח פרק חדש בחייו.",train
מהו העונש המינימלי המומלץ בנסיבות תיק זה על פי השיטה שלך?,"על פי שיטתי, לא ניתן להסתפק בעונש אשר נופל מ-10 חודשי מאסר בפועל בנסיבות תיק זה.",train
כיצד משפיעים מאמצי הנאשם להסדרת מעמדו בישראל על תהליך השיקום שלו?,"עוד יש לקחת בחשבון מאמציו של הנאשם לתקן את תוצאות העבירה על דרך הסדרת מעמדו בישראל שכן ברור שהסדרת מעמדו של הנאשם מהווה, הלכה למעשה, חלק מהמאמץ להשתקם.",train
כיצד משפיע עברו הפלילי של הנאשם על השינויים החיוביים שנצפו?,"השינויים החיוביים, ועוד ברבדים עמוקים, מקבלים משנה תוקף על רקע עברו הפלילי הלא זניח (בעבירות אלימות ורכוש) של הנאשם וההיסטוריה העבריינית כפי שמפורטת בתסקיר הראשון.",train
מהו מתחם העונש ההולם שנקבע ביחס לאירוע הראשון?,לאור כלל האמור לעיל סבורני כי מתחם העונש ההולם (ביחס לאירוע הראשון) נע בין 10 חודשי מאסר ועד 24 חודשים.,train
מהו מתחם העונש ההולם שנקבע ביחס לשני האירועים?,לאור כלל האמור לעיל סבורני כי מתחם העונש ההולם ביחס  לשני האירועים מתחיל ממספר חודשי מאסר שיכול וירוצו בעבודות שירות ועד ל-14 חודשי מאסר.,train
מה מלמד טיעונו של הנאשם לעונש על הבנתו את הנורמה החוקית והצורך לציית להוראות בית המשפט?,"טיעונו (ההתקפי) של הנאשם לעונש מלמד על העדר הפנמה של הנורמה החוקית, והתמקדותו במאבקו במתלוננת מבלי יכולת לפתח הבנה לגבי חובת הציות לחוק ולהוראות בית המשפט, אלה שמיטיבות עמו אך גם בעיקר את אלה שאינן נושאות חן בעיניו.",train
כיצד מתבטאת החומרה של העבירות שביצע הנאשם?,"החומרה מתבטאת בביצוע העבירות באופן שיטתי, לאורך תקופה ובסכום המס הניכר שלא דווח למדינה ולא הועבר לרשויות מע\מ.""",train
מהו המצב המשפטי שנמצא כאשר לא הוצג טיעון לשיקום חריג או לשיקולי צדק מיוחדים?,לא עלה בפניי טיעון ממשי לשיקום חריג או לשיקולי צדק מיוחדים.,train
מדוע יש להתחשב בכך שהסכומים שנגנבו לא הושבו לבעלים בעת קביעת העונש?,יש להתחשב בכך שהסכומים לא הושבו לבעלים והדבר כמובן מאבחן במקרה זה למקרים אחרים בהם הסתפקו בתי המשפט בענישה קלה יחסית.,train
כיצד יש להתחשב בחומרת העבירה וביכולת הכלכלית של הנאשם בעת קביעת מתחם הקנס?,"אשר למתחם קנס, יש להתחשב בחומרת העבירה, סכום המס, אך גם ביכולתו הכלכלית של הנאשם, כפי שיפורט בהמשך.",train
כיצד השפיעה הודאת הנאשם והנסיבות האישיות על קביעת רף העונש במקרה זה?,"כפי שהתביעה הסכימה ברוב הגינות, יש למקם את עונשו של הנאשם ברף התחתון של המתחם נוכח הודאתו, היעדר עבר פלילי, רושם חיובי ותחזית חיובית לגבי העתיד בעניין סיכון נמוך להישנות העבירות.",train
מהו מתחם העונש ההולם שנקבע בעבירות מסוג זה?,"לאור האמור לעיל, הגעתי למסקנה כי מתחם העונש ההולם בעבירות מסוג זה נע בין 10 חודשי מאסר לבין 24 חודשי מאסר בפעול.",train
כיצד השפיעה ההרשעה על הנאשם מבחינת פגיעה?,לקחתי בחשבון הפגיעה של ההרשעה והעונש בנאשם.,train
מדוע יש לייחס משקל לנסיבות האישיות של הנאשם בעת שקילת העונש?,"בנסיבות המקרה שלפנינו ולנוכח הליך שיקומי שאמנם לא הצדיק סטייה מן המתחם, אך לא ניתן להתעלם ממנו, סבורני כי בשלב שקילת אפשרות החפיפה בין המתחמים והעונשים, ניתן לייחס משקל לעצם העובדה שהעבירות בוצעו בפרק זמן מסוים במהלך תקופת שפל בחיי הנאשם, וכן לזיקה אמיצה בין העבירות והסיבות לביצוע העבירות (סעיף 40 ט(5) לחוק) וכן אלו מצדיקים לשיטתי חפיפה בין העונשים.",train
מהי עמדת ההגנה בנוגע למתחם העונש במקרה זה?,"ההגנה, שהייתה ממוקדת בעתירתה להימנע מהרשעה, לא חלקה למעשה על המתחם ולשיטתי מדובר במתחם נכון שמשקף את מדיניות הענישה המקובלת ואת הערכים המוגנים בבסיס העבירה.",train
מהו הקריטריון השני הנדרש כדי שהשיקום יהיה רלוונטי לעבירות בהן הורשע הנאשם?,"השני, השיקום רלוונטי לעבירות בהן הורשע במובן זה שמתקיים קשר ומתאם בין השיקום לבין הסיבות לביצוע העבירה.",train
כיצד משפיעים יחס הנאשמת לעבירות ועבר פלילי רלוונטי על הצבת העונש?,"יחסה של הנאשמת לעבירות (נטילת אחריות חלקית), כפי שבאו לידי ביטוי בתסקיר, העדר יכולת התבוננות מעמיקה וטשטוש האחריות, לצד עבר פלילי רלוונטי, כל אלה לא מאפשרים הצבת העונש ברף התחתון ממש.",train
מהי תכלית הדחיה שניתנה לנאשמת בהקשר להסרת מחדלים?,"תכלית הדחיה הייתה מתן הזדמנות נוספת ואחרונה לנאשמת להסיר מחדלים, שמא הדבר יסייע לה במיתון נוסף בענישה, שמא תעלה הנאשמת על דרך חדשה של השתחררות מחובותיה לרשות המסים.",train
כיצד משפיע היעדר עבר פלילי והודאת הנאשם על קביעת העונש?,"בנוסף, מדובר בבחור צעיר ללא עבר פלילי שהודה וקיבל אחריות על מעשיו ולכן מכלול השיקולים מוביל לכך שיש למקם את עונשו ברף התחתון של המתחם.",train
מהו המשקל שניתן לשיהוי בעבירות מס לפי פסיקת בית המשפט העליון?,"כידוע, לפי פסיקת בית המשפט העליון, כשהמדובר בעבירות מס, המשקל שיינתן לשיהוי הוא נמוך באופן יחסי, נוכח האינטרס הציבורי באכיפת עבירות המס (ראו למשל דבריו של כבוד השופט י' אלרון בעניין יצחקי, פסקה 10).",train
"מהי הערכת סיכויי ההישנות של העבירות בנסיבות המתוארות, ומהו העונש המומלץ?","אני סבור כי סיכויי ההישנות לביצוע העבירות בנסיבות המתוארות, אינם גבוהים ובכל מקרה, אני סבור כי ניתן להסתפק בעונש צופה פני עתיד לצד של\צ כדי להמחיש לנאשם ולהציב בפניו גבולות ולהרתיעו מביצוע עבירות בעתיד.""",train
מה השיקולים שהובילו להחלטה על גזירת עונש כולל לנאשם במקרה זה?,"בהינתן המתחמים האמורים, החלטתי לגזור על הנאשם עונש כולל, וזאת בשים לב לטיב העבירות, למספרן, לתדירותן, לזיקה ביניהן, לסמיכות הזמנים ביניהן, וליחס ההולם בין חומרת מכלול המעשים ומידת אשמו של הנאשם לבין סוג העונש והיקפו, זאת בהתאם סעיפים 40 יג (ב) ו-(ג) חוק העונשין, תשל\ז-1977.""",train
מהו העיקרון שעליו יש להתבסס לקביעת מתחם העונש לפני גזר הדין?,"בהתאם לתיקון 113 לחוק העונשין, יש לקבוע, בטרם קביעת העונש המתאים, (בגין כל אחד מהאירועים), מתחם עונש הולם למעשה העבירה בהתאם לעקרון ההלימה ותוך התחשבות במידת הפגיעה בערך החברתי, במדיניות הענישה הנהוגה ובנסיבות הקשורות בביצוע העבירה.",train
כיצד עקרון השוויון בפני החוק משפיע על גזירת דינם של הנאשמים?,עקרון השוויון בפני החוק איננו מאפשר לגזור את דינם של הנאשמים במעין תפירה ידנית-אישית ומנותק מהענישה המקובלת.,train
מהי ההשפעה של עבירות מס על עקרון השוויון והחשיבות של מנגנון הדיווחים לרשויות המס?,"מעבר לפגיעה בקופה הציבורית, עבירות מסוג זה פוגעות גם בעיקרון השוויון הנשיאה בנטל המס ובחשיבות שימור מנגנון הדיווחים לרשויות המס.",train
מהי הסיבה לכך שלא ניתן להסתפק בענישה צופה פני עתיד בלבד במקרה זה?,"לנוכח חומרת העבירות, בהעדר עילה לסטות ממתחם העונש ההולם, לאור הסיכון להישנות העבירות, ולאור התייחסותו של הנאשם לעבירות שבוצעו על ידו, לא מצאתי, חרף הנסיבות האישיות המורכבות, כי ניתן להסתפק בענישה צופה פני עתיד בלבד.",train
מהי המסקנה לגבי העונש המומלץ לנאשם בהתחשב בנסיבותיו?,מכאן המסקנה שנכון להשית על הנאשם עונש ברף התחתון שבמתחם.,train
"מהו המתחם הרגיל לעבירות התפרצות לדירה וגניבה, לפי טענת התביעה?","הסכמה זו משקפת התייחסות מיוחדת מצד התביעה, שכן מקובלת עלי טענת התביעה כי המתחם \הרגיל\"" לעבירות של התפרצות לדירה וגניבה, שלא לדבר על ההיזק לרכוש במזיד, נע בין מספר דו ספרתי של חודשי מאסר ועד שנתיים.""",train
כיצד משפיעה העובדה שהאירוע התרחש בשנת 2018 על ההליך המשפטי?,"כמו כן, אוסיף לזכותו של הנאשם שמדובר באירוע ישן יחסית משנת 2018 והגם שכתב האישום הוגש ללא שיהוי, ההליך התארך מסיבות שונות.",train
מדוע יש לנקוט גישה זהירה בקביעת העונש כדי לא לפגוע באינטרס הציבורי?,"לכן, המרחק בין העונש שייגזר בסופו של יום, לבין העונש שהיה נגזר על הנאשם בתוך במתחם, גם הוא מחייב גישה זהירה, לבל ייפגע האינטרס הציבורי באופן חמור.",train
מהי ההמלצה לגבי העונש לנוכח התסקירים וירידת שיקול השיקום?,"לנוכח התסקירים וירידת שיקול השיקום מהבמה, סבורני כי אין מנוס אלא לגזור עונש מאסר בפועל על הנאשם.",train
כיצד השפיע השיקום שעבר הנאשם על גזירת דינו בעונש?,"עם זאת, ולאור השיקום שעבר הנאשם, ובפרט לנוכח המפורט בהרחבה בתסקיר האחרון, סברתי שגזירת דינו של הנאשם לעונש שבתוך המתחם עלולה להנחית עליו מכה קשה ולפגוע בתהליך השיקום שעבר.",train
מדוע אין הצדקה להפרדה מלאכותית בין מתחמי עונש שונים במקרה זה?,"לשיטתי, משמדובר במסכת אחת מתמשכת, שהדומה רב בה על המפריד, אין הצדקה להפרדה מלאכותית, על דרך קביעת מתחמי עונש שונים, ולאחר מכן צבירתם (או אף חפיפה מסוימת ביניהם).",train
מהו המשקל שיש לתת להודאת הנאשם בהסדר טיעון בהקשר של עידוד נאשמים להודות?,"יש להתחשב בהודאת הנאשם שבאה במסגרת הסדר טיעון, בהיבט חשוב של עידוד נאשמים להודות.",train
מהן השיקולים שיש לקחת בחשבון בעת קביעת מתחם הקנס?,"אשר למתחם קנס, יש להתחשב בחומרת העבירה, סכום המס, אך גם ביכולתו הכלכלית של הנאשם, כפי שיפורט בהמשך.",train
אילו נסיבות מיוחדות לא נמצאו במקרה זה אשר היו מצדיקות סטייה ממתחם העונש?,"במקרה דנן לא מצאתי נסיבות מיוחדות המצדיקות סטייה ממתחם העונש ההולם, לחומרה או לקולה.",train
מדוע לא נמצאו נסיבות מיוחדות המובילות לסטייה ממתחם העונש ההולם?,"במקרה דנן לא מצאתי נסיבות מיוחדות המצדיקות סטייה ממתחם העונש ההולם, לחומרה או לקולה.",train
"מדוע לא ניתן לאמץ את הצעת ההגנה להסתפק בצו של\צ במקרה זה?""","לא ניתן לאמץ את הצעת ההגנה להסתפק בצו של\צ בתיק זה, וזאת לנוכח הדברים שציין שירות המבחן.""",train
מהי המסקנה שהגעת אליה לגבי מתחם העונש בעבירות החזקת סמים בכמויות קטנות ובינוניות?,אפנה לפסיקה שם סקרתי את מדיניות הענישה בעבירות החזקת סמים מסוג קנביס בכמויות  קטנות ובינוניות והגעתי למסקנה שמתחם העונש מתחיל בנסיבות אלו במאסר מותנה לצד רכיבי ענישה נלווים.,train
מהו תוכן התסקיר שניתן לגבי השפעת עבודות שירות על הנאשם ומשפחתו?,"המדובר בתסקיר חד משמעי, חיובי, שחוזר ומדגיש ששליחתו של הנאשם למאסר בדרך של עבודות שירות, תפגע בנאשם מבחינה תעסוקתית וכלכלית ועלולה לגרור את התא המשפחתי לסחרור כיון שהינו המפרנס היחיד ובהתחשב במצבה הרגיש של המשפחה כיום.",train
כיצד מתייחס בית המשפט העליון לסמים קלים בהקשר של נגע הסמים בחברה?,"גם כאשר מדובר בסמים הנחשבים \לסמים קלים\"", המדובר בחלק מאותו נגע סמים שפשה בחברה וחייב את המערכת המשפטית, כך לפי פסיקת בית המשפט העליון, להתגייס \""למלחמת חורמה\"" בו.""",train
מהי הסיבה לכך שאין סיבה לסטות מהמתחם לקולא או לחומרה?,"ברור, אין שאין בנמצא סיבה כלשהו לסטות מהמתחם לקולא או לחומרה.",train
מהו תפקיד אי הסרת המחדל במתחם הענישה?,עניין זה של אי הסרת מחדל הוא שיקול שפועל בתוך המתחם ואיננו שיקול שקובע את גבולות המתחם.,train
מהו המושג המשפטי המתאר את הגורמים המגבילים את טווח הענישה במקרה זה?,מדובר בנסיבות שגודרות את מתחם העונש ההולם.,train
כיצד יכולים דיווחים חיוביים ושיקום להשפיע על הענישה של הנאשם?,"הרושם הראשוני מהנאשם על רקע האמור יכול היה, בהינתן דיווחים חיוביים ובהינתן שיקום לאפשר הליכה לקראת הנאשם מחוץ למתחמי הענישה המקובלים.",train
"מהו הערך החברתי המוגן שנפגע במקרה זה, אשר מצריך התייחסות בבית המשפט?","הערכים החברתיים המוגנים אשר נפגעו במקרה דנן הם שמירה על בריאותו של המתלונן ושלמות גופו, ותרומתו של בית המשפט במיגור תופעת האלימות הגואה.",train
מדוע לא ניתן להסתפק בענישה צופה פני עתיד בלבד במקרה זה?,"אשר על כן, אני מאמץ את עתירתו החלופית של הסניגור, לפיה נכון להסתפק בעונש מאסר שיכול וירוצה בעבודות שירות על הצד הנמוך, אך לא ניתן להסתפק בענישה צופה פני עתיד בלבד וכאמור האופציה לצו מבחן ושל\צ נשללה על ידי שירות המבחן.""",train
מהו תפקיד חלוף הזמן כגורם בגזירת העונש לפי החוק?,"כידוע, חלוף הזמן הוא שיקול שפועל בתוך המתחם (סעיף 40יא(10) לחוק העונשין).",train
"מהו ההסבר לעונש הקל שהוטל על הנאשם בת\פ 26754-07-21?""","קיימת בנוסף, הרשעה משנת 2021, אך לגבי הרשעה נקבע בגזר הדין בת\פ 26754-07-21 שהנאשם חשף פרשה חמורה ומכאן ההסבר לעונש הקל שהוטל עליו (חודשיים מאסר).""",train
מהו מתחם העונש ההולם שנמצא לקנס במקרה זה?,"אשר לקנס, מצאתי כי מתחם העונש ההולם בהיבט זה, גם כשאני לוקח בחשבון מצבו הכלכלי של הנאשם, נע בין 25,000-75,000 ₪.",train
מהו מתחם העונש הכולל שנקבע במקרה זה עבור העבריין?,"לאור האמור, סבורני כי מתחם העונש הכולל בשילוב מתחמי העונש שהייתי קובע עבור כל אירוע ואירוע, מתחיל במספר חודשי מאסר שיכול וירוצו בעבודות שירות ועד ל – 18 חודשי מאסר.",train
מהי ההשפעה של חוסר חרטה מצד הנאשם על אפשרות ההקלה בעונש?,"זוהי זכותו המלאה של הנאשם לכפור במיוחס לו ולנהל את הגנתו, ואולם כידוע, אין הוא זכאי לאותה הקלה לה זכאים מי שמכים על חטא, מביעים חרטה ומספקים תחזית ממשית לפיה האירועים לא יחזרו על עצמם לנוכח תובנה והפנמה של הפסול במעשה.",train
"מהו העונש הראוי במקרה זה, אם לא מתחיל במאסר בפועל?","לצד מרכיבי החומרה, וככל שמדובר בשאלת העונש הראוי, אינני סבור שהמתחם חייב להתחיל במאסר בפועל.",train
מהי הסיבה למיקום הנאשם ברף התחתון של המתחם?,מצאתי למקם את הנאשם ברף התחתון של המתחם וזאת מבלי להתעלם מכך שהסרת המחדל טרם הושלמה במלואה.,train
מהן הגורמים המשפיעים על משך המאסר שנגזר על הנאשם?,"משך המאסר נגזר מהסכום שנגזל מקופת המדינה, תקופת העבירות, ריבוי המעשים, ונסיבות מיוחדות של ביצוע העבירות.",train
מהי הסיבה לכך שלא מצאת הצדקה להימנע מהפעלת המאסר המותנה נגד הנאשם?,"בנוסף, לא מצאתי כל הצדקה להימנע מהפעלת המאסר המותנה שהיה תלוי ועומד נגד הנאשם.",train
כיצד משפיעה טענה פחות מוצקה על העונש בתוך המתחם?,ככל שמדובר בטענה מוצקה פחות היא תפעל בתוך המתחם וזאת לנוכח התייחסות המחוקק בסעיף 40יא לגבי השפעת התנהגות רשויות השלטון על העונש בתוך המתחם.,train
מהו העיקרון המנחה את בית המשפט במקרים בלתי שגרתיים בנוגע לגבולות הצו?,יש להותיר שוליים צרים למקרים בלתי שגרתיים בהם יפעיל בית המשפט שיקול דעת באשר לגבולות הצו.,train
מהו העונש המומלץ לנאשמת בהתחשב בנתוניה ובחוק העונשין?,"נכון לגזור על הנאשמת עונש כולל בן שלוש שנות מאסר, וזאת בהתחשב בנתונים הבאים, והכל בראי הוראות סעיף 40יג(ב) ו- (ג) לחוק העונשין: מדובר במאסר ראשון בחייה של הנאשמת.",train
מהו העיקרון שעליו יש להתבסס לקביעת מתחם העונש בהליך פלילי?,"בהתאם לתיקון 113 לחוק העונשין, יש לקבוע, בטרם קביעת העונש המתאים, (בגין כל אחד מהאירועים), מתחם עונש הולם למעשה העבירה בהתאם לעקרון ההלימה ותוך התחשבות במידת הפגיעה בערך החברתי, במדיניות הענישה הנהוגה ובנסיבות הקשורות בביצוע העבירה.",train
מהו הערך החברתי המוגן שנפגע במקרה של התפרצות לדירה?,"הערכים החברתיים המוגנים אשר נפגעו במקרה דנן, הם שמירה על קניינו של הפרט ושלוות נפשו בתוך ביתו ומבצרו, ומניעת עבירות אלימות שעלולות לצמוח במהלך המפגש באירוע ההתפרצות.",train
מהו מתחם העונש ההולם בעבירת החזקת הסמים וההפרעה לשוטר במילוי תפקידו?,"אשר לאישום בגין עבירת החזקת הסמים וההפרעה לשוטר במילוי תפקידו, אני סבור שמתחם העונש ההולם מתחיל ממאסר מותנה ועד 6 חודשי מאסר.",train
אילו שיקולים נלקחו בחשבון בקביעת המתחם לעונש במקרה זה?,"בקביעת המתחם לקחתי בחשבון את הנסיבות הקשורות בביצוע העבירה לרבות: שירות המבחן הוציא תחת ידו תסקיר חיובי במיוחד, הנאשם נטול הרשעות קודמות, הנאשם קיבל אחריות מלאה על מעשיו, הנאשם הביע אמפתיה כלפי המתלוננת, הנאשם הסביר כי נבהל ממעשיו, הנאשם השתלב בתהליך טיפול במרכז לשלום המשפחה, הדיווחים מהמרכז חיוביים במיוחד.",train
מה הסיבה לדחיית בקשת רשות הערעור על ידי בית המשפט העליון במקרה זה?,"בית המשפט העליון דחה את בקשת רשות הערעור, בציינו כי מדובר בעונש הסוטה בצורה ניכרת לקולה ממדיניות הענישה הנוהגת בשל חלוף הזמן החריג בעניינו של המבקש.",train
כיצד משפיעה השימוש ברכב על החמרת הענישה בעבירות סחר בסמים?,"עוד יש להתייחס לחומרה לכך שעבירות הסחר בוצעה תוך שימוש ברכב, בעוד הנאשם נוהג בו בזמן פסילה.",train
מהו הנימוק שהוביל להצבת עונשו של הנאשם על הרף התחתון שבמתחם?,"כפי שצוין לעיל, חברו בעניינו של הנאשם שיקולים רבים מאוד, אשר לשיטתי מצדיקים הצבת עונשו על הרף התחתון שבמתחם.",train
מהו המתחם שהוצע ביחס למתחם שנקבע עבור הנאשמת האחרת?,"המתחם שהוצע הוא מתחם סביר וזאת ביחס למתחם שקבעתי בעניינה של הנאשמת האחרת, בהתאמות הנדרשות.",train
כיצד משפיעה חומרת עבירות המס על העדפת האינטרס הציבורי בשיקולי הענישה?,"חומרתן היתרה של עבירות המס מורה על העדפת האינטרס הציבורי, ובכלל זה גם את שיקולי ההרתעה, על פני שיקולים הנוגעים לנסיבותיו האישיות של המבקש.",train
כיצד משפיע תהליך השיקום של הנאשמת על ההחלטה לגבי עונש מאסר?,"תהליך השיקום שעברה הנאשמת, שנמצאת בפתחה של תקופה חדשה, שלא לומר פרק חדש בחייה, כמו כן, העדר עבר פלילי ונתונים חיוביים אחרים מובילים למסקנה שהטלת עונש מאסר בעבודות שירות עלול לפגוע בה ובסיכויי שיקומה יתר על המידה.",train
מהי החשיבות של פריסת העבירות על פני תקופה ארוכה בקביעת המתחם?,"לשיטתי, לעובדה שהעבירות התפרסו על פני תקופה ארוכה בת עשר שנים חשיבות לא מבוטלת בקביעת המתחם.",train
מהן השיקולים שיש לקחת בחשבון בעת קביעת הענישה בעבירות מס?,"יש להתחשב בחומרת העבירה, סכום המס, אך גם ביכולת הכלכלית של הנאשם, כפי שיפורט בהמשך.",train
מהי המגמה המסתמנת בענישה בעבירות גניבה בידי עובד לפי פסיקות קודמות?,"צד ענישה זו, ניתן להצביע על מגמת החמרה ולעניין זה אפנה לת\פ 5275-03-19 מדינת ישראל נגד שקד יוגב (2022), שם סקר סגן הנשיא השופט א' נוריאלי גזרי דין רבים בהם נגזרו על נאשמים בנסיבות דומות עונשי מאסר בפועל (גם כאלה שירוצו בעבודות שירות).""",train
מהו מתחם העונש שנקבע בעבירות מסוג זה לאחר עיון בפסיקה דומה?,"לאחר שעיינתי בפסיקה שהציגו הצדדים, ביחס למקרים דומים ואף חמורים יותר מהמקרה כאן, הגעתי למסקנה כי מתחם העונש ההולם בעבירות מסוג זה נע בין מספר חודשי מאסר שיכול שירוצו בעבודות שירות לבין 12 חודשי מאסר בפועל.",train
מהו טווח העונש הראוי שנקבע למתחם העונש ההולם במקרה זה?,"דברים אלו מחזקים את מסקנתי לגבי מתחם העונש ההולם, לפיו נע העונש הראוי בין 6 חודשים ל-12 חודשים מאסר.",train
מהי ההערכה לגבי סיכויי ההישנות של העבירות לנוכח השינוי שעברו הנאשמים?,קיימת הערכה לסיכויים נמוכים להישנות העבירות לנוכח שינוי ממשי שעברו הנאשמים.,train
מהי המסקנה לגבי מתחם העונש לאור הנסיבות המחמירות שנדונו?,"בענייננו, אכן הנסיבות המחמירות שעמדתי עליהן לעיל מחייבות קביעת מתחם שונה ואולם איני סבור כי הנסיבות בתיק שוללות אפשרות שמתחם העונש ההולם יכיל בתוכו ענישה צופה פני עתידי לצד רכיבים נוספים.",train
מדוע הסכמת התביעה לתשלום סכום ההשתמטות ממס משפיעה על עתירתה העונשית?,"לכן, הסכמת התביעה כי תשלום סכום ההשתמטות ממס, מצדיק הגבלת עתירתה העונשית עד כדי עונש מאסר שיכול שירוצה בעבודות שירות, מלמדת כי אף לשיטת התביעה, מתחם העונש יכול להכיל עונשים קרובים לרף זה.",train
מה יש לעשות אם התשובה לשאלה על העונש חיובית בהקשר של טווח הענישה?,"אם התשובה חיובית, יש להציב את העונש בתוך טווח הענישה (להבדיל ממתחם העונש ההולם), בין השאר תוך התחשבות בציפיית הצדדים.",train
כיצד השפיעה הודאת הנאשם על המשאבים שנחסכו במהלך ההליך המשפטי?,"הודאת הנאשם חסכה משאבים רבים, וגם לכך יש ליתן משקל.",train
"מדוע לא גזר בית המשפט עונש על הקטין במקרה זה, בהתחשב במטריה השונה של ענישה?","אציין כי לא מצאתי לגזור מעניינו של הקטין לענייננו, וזאת לנוכח המטריה השונה בכל הנוגע לענישה ולדרכי הטיפול כאשר מדובר בקטין, על כל המשתמע מכך, מה גם שבעניינו של הנאשם התקבל תסקיר שלילי שנעדר אופק טיפולי.",train
מדוע הסבריו של הנאשם לנסיגה אינם מספקים בעיני השופט?,"הסבריו של הנאשם לנסיגה (מצבה הרפואי של גרושתו וכן נסיעותיו התכופות לחו\ל), אינם מניחים את הדעת לנוכח רגישות מצבו בעיצומה של תקופה קריטית בטיפול.""",train
על מה מתבססת קביעת מתחם העונש שנע בין מספר חודשי מאסר לעשרה חודשים?,"בקביעה זו אני מתבסס על ניתוח שיפוטי קודם של כב' סגנית הנשיא השופטת נעה תבור אשר קבע מתחם עונש המתחיל ממספר חודשי מאסר בפועל ועד לעשר חודשים, כאשר קביעה זו מתייחסת לעבירות בנסיבות חמורות יותר מהנסיבות שבמקרה כאן.",train
מהו העיקרון המנחה את גזירת העונש במקרים של שיקום נאשמים?,במצב זה שיקול השיקום מדובר על עקרון ההלימה שברגיל הוא זה שמנחה את גזירת העונש.,train
מהי הסיבה לכך שאין די במצב כלכלי קשה כדי להצדיק הקלה בעונש על עבירות מס?,אין די בנסיבה של מצב כלכלי קשה כדי להצדיק הקלה בעונש על עבירות מס.,train
כיצד השפיעו הנסיבות האישיות של הנאשם על ההחלטה בעניינו?,התחשבתי בנסיבותיו האישיות של הנאשם לרבות טענתו שהוא מהווה משענת עבור בני משפחתו האחרים.,train
"מהו מתחם העונש ההולם שנקבע במקרה זה, בהתחשב בעונש מאסר מותנה ורכיבי ענישה נוספים?","לאור כלל האמור לעיל סבורני כי מתחם העונש ההולם  במקרה דנן הוא בין עונש מאסר מותנה לצד רכיבי ענישה נוספים, לרבות צו של\צ ועד מספר חודשי מאסר.""",train
מהי הסיבה לכך שהתביעה טוענת שיש להטיל על הנאשם עונש מאסר בפועל?,"מכאן שטענתה של התביעה לפיה יש למנוע פגיעה נוספת במתלוננת באמצעות הטלת עונש מאסר בפועל על הנאשם היא מוצדקת בנסיבות העניין, ולמצער יש לעכב פגיעה שכזו באמצעות השטת מאסר בפועל על הנאשם.",train
מדוע עבירות סחר בסמים נחשבות לפוגעות בשלום הציבור ובריאותו?,"עבירות אלו, המבוצעות לרוב מתוך בצע כסף ורצון לגריפת רווחים קלים, פוגעות בשלום הציבור ובריאותו, לצד פגיעתן בערך שלטון החוק.",train
מהו העיקרון המנחה לגבי מעמד הילד ביחס להוריו בהקשר של אלימות?,הילד אינו רכוש הורהו ואסור כי ישמש שק אגרוף שבו יכול ההורה לחוות כרצונו.,train
כיצד שונה מצב של חלוף זמן ללא ביצוע עבירות ממצב בו הנאשם מבצע עבירה נוספת?,והרי לא דומה חלוף זמן ללא ביצוע עבירות למצב בו הנאשם מבצע עבירה נוספת ורלוונטית במהלך התקופה.,train
מהו המצב בתסקירי שירות המבחן ביחס לחריגה ממתחמי העונש?,"לצערי, האמור בתסקירי שירות המבחן לא מותיר מקום לחריגה וסטיה ממתחמי העונש.",train
כיצד יבוא רכיב הענישה הכלכלית לידי ביטוי בעונש שניתן לנאשם?,"עם זאת, יש לשמר רכיב ממשי של הענישה והדבר יבוא לידי ביטוי בהטלת ענישה כלכלית, בנוסף למרכיב השל\צ.""",train
על מה מתבססת קביעת המתחמים לפי מדיניות הענישה המקובלת?,"לאור כל האמור מצאתי לקבוע את המתחמים שציינתי לעיל, לפי מדיניות הענישה המקובלת בשים לב לנסיבות האירוע לפי רף החומרה המשתנה מאירוע לאירוע.",train
מהו הקריטריון שהנחה את בית המשפט בבחינת האפשרות לבטל את ההרשעה במקרה זה?,על רקע התרשמות שירות המבחן אני סבור שהמקרה עומד בקריטריונים הקבועים בפסיקה לענין ביטול ההרשעה.,train
מדוע מתחם העונש לא יכול להתחיל מעונש הנופל ממאסר בפועל במקרה של 20 עסקאות סחר?,"כאשר מדובר בכ- 20 עסקאות סחר או לקוחות, מתחם העונש איננו יכול להתחיל מעונש הנופל ממאסר בפועל, למעט בעניינה של הנאשמת 2.",train
מהו מתחם העונש ההולם שנקבע בעקבות הנזק שנגרם לעסקים במקרה זה?,"המכלול הוא, שלנוכח הנזק שנגרם לאותם עסקים בהזדמנויות שונות כי מתחם העונש ההולם בתיק זה נע בין 9 חודשי מאסר בפועל שיכול וירוצו בעבודות שירות ועד 20 חודשי מאסר בפועל.",train
כיצד השפיעו השיקולים לחומרה ולקולא על קביעת מתחם הענישה?,"לאור היקף העבירות, והשיקולים לחומרה השונים עליהם עמדתי בהרחבה לעיל, ומנגד השיקולים לקולא, ובפרט מצבו האישי-בריאותי-כלכלי של הנאשם, מצאתי להעמיד את המתחם על בין 20,000-50,000 ₪.",train
מהי המסקנה שהגעת אליה לגבי מיקום עונשו של הנאשם במתחם?,"לאחר ששקלתי את מכללו השיקולים, הגעתי למסקנה שניתן וראוי למקם את עונשו של הנאשם ברף התחתון של המתחם.",train
מהו מתחם העונש שנקבע בהתחשב בריבוי העבירות ובסכום ההשתמטות?,"לאור כל האמור לעיל, ובהתחשב בריבוי העבירות, בסכום ההשתמטות ובתקופה של ביצוע העבירות, אני קובע כי מתחם העונש ההולם נע בין 7-18 חודשי מאסר בפועל לצד רכיבי ענישה נלווית.",train
מהו הכלל לגבי הרשעת מבצע העבירה במקרים רגילים וחריגים?,"כידוע, הכלל הוא כי מבצע העבירה יורשע במיוחס לו, ורק במקרים חריגים במיוחד, בהם אין יחס סביר בין חומרת העבירה ונסיבותיה לבין הנזק הצפוי לנאשם מן ההרשעה, יעשה בית המשפט שימוש בסמכותו להימנע מהרשעת הנאשם.",train
כיצד השפיעו הנסיבות האישיות החיוביות על קביעת העונש במתחם?,נסיבות האירוע באו לידי ביטוי בקביעת המתחם לעיל והנסיבות האישיות החיוביות הצדיקו הצבת העונש בתחתית המתחם.,train
מדוע לא ניתן לרצות את העונש במאסר בעבודות שירות במקרה זה?,"אציין עוד, כי לנוכח אורכו של התנאי, לא ניתן לרצותו במאסר בעבודות שירות.",train
מהי עמדת המשפט לגבי עבירות מס בנסיבות של קשיים כלכליים חמורים?,"יש לראות בעבירות המס כעבירות פליליות חמורות, המצדיקות ענישה הולמת, גם במקרים שבהם העבירות נעברו בנסיבות של קשיים כלכליים חמורים.",train
מדוע נכון להתייחס לכתב האישום כשתי חטיבות של עבירות?,נכון להתייחס לכתב האישום כשתי חטיבות של עבירות לשם קביעת מתחמי העונש.,train
כיצד משפיעים מעשים של הוצאת חשבוניות כוזבות על האמון בנישומים?,"מעשים מסוג זה פוגעים באופן קשה באמון הניתן בנישומים, אמון המהווה מרכיב עיקרי בשיטת המיסוי.",train
מדוע נחשבת נהיגה בזמן פסילה לנסיבה חמורה המובילה לעונש מאסר בפועל?,"בלקיחת הנסיבות הקשורות בביצוע העבירה בחשבון, ביצוע העבירות תוך שימוש ברכב בעת הנאשם מצוי בפסילת רישיון היא נסיבה חמורה שבפני עצמה מצדיקה הטלת עונש מאסר בפועל.",train
מהי הסיבה לגזר הדין של 15 חודשי מאסר בהתחשב בנסיבות השונות?,"ללא כל האמור, ומבלי להתעלם מחומרת העבירות, נסיבות ביצוע העבירות, תוך התחשבות בנסיבות לקולא, ההודיה, העדר העבר הפלילי, הגיל, הסדר הטיעון, הנסיבות האישיות והרפואיות, מכתבי ההמלצה, ולכן ובתוך טווח הענישה המוסכם, מצאתי לגזור על הנאשם עונש מאסר למשך 15 חודשים.",train
מהי המסקנה לגבי מתחם העונש ההולם בעבירות מסוג זה לאחר עיון בפסיקה?,"לאחר שעיינתי בפסיקה שהציגו הצדדים, ביחס למקרים דומים ואף חמורים יותר מהמקרה כאן, הגעתי למסקנה כי מתחם העונש ההולם בעבירות מסוג זה נע בין 6 חודשי מאסר לבין 18 חודשי מאסר בפועל.",train
מהי הסיבה לכך שלא מצא בית המשפט הצדקה לפתוח בתהליך טיפולי עבור הנאשם?,"לפי האמור, ובעיקר יחסו של הנאשם לעבירות בהן הודה והורשע, לא מצאתי כל הצדקה לפתוח בתהליך טיפולי שהפרוגנוזה לגבי הצלחתו מוטלת בספק רב.",train
מהו הדיווח החיובי משירות המבחן שהשפיע על מיקום עונשו של הנאשם?,"על אף האמור, ולנוכח הדיווח החיובי משירות המבחן לגבי שילוב ולקיחת אחריות ומוטיבציה גבוהה להשתלב במסגרת טיפולית, והערכת שירות המבחן כי קיים סיכון לשינוי, אני סבור שניתן, כפי שביקשה התביעה, למקם את עונשו של הנאשם ברף התחתון של המתחם.",train
מהי הסיבה להסתפק בשישה חודשי מאסר במקרה זה?,וזה סיבה נוספת מדוע נכון להסתפק בשישה חודשי מאסר.,train
מה היה הנימוק לדחיית הבקשה על ידי בית המשפט העליון?,"בית המשפט העליון דחה את הבקשה לאחר שקבע שלאור היקף העבירות שבוצעו תוך ניהול מערך אספקה מורכב, העונש אינו סוטה ממדיניות הענישה.",train
כיצד ניתן להשוות את המקרה הנוכחי למקרים קודמים מבחינת משקל הסמים והציוד הנלווה?,אציין כי ניתן להשקיף על המקרה כאן מבחינת קל וחומר שכן המקרה שם כולל החזקת סמים במשקלים גדולים ובמקומות שונים לצד ציוד רב לצורך הכנת סמים.,train
כיצד השפיעו הנסיבות האישיות של הנאשם על קביעת העונש במקרה זה?,"למרות האמור, מצאתי ליתן משקל ממשי לנסיבותיו האישיות הקשות ולכן, סברתי שנכון למקם את העונש קרוב יותר לשליש התחתון בשני המתחים.",train
כיצד מתאר מתחם העונש שהוצע על ידי התביעה את הנאשמים בדרג נמוך?,"מתחם העונש שהוצע על ידי התביעה (בין 2-4 שנים), הוא מחמיר יתר על המידה, ואיננו מתאים לנאשמים בדרג נמוך מבחינת מרכזיות חלקיהם בפעילות העבריינית.",train
כיצד משפיעה הסכמת הצדדים על מיקום העונש בתוך מתחם העונש?,"כידוע, שאלת מיקום העונש בתוך מתחם העונש מנותקת מהשיקולים שבונים את גדרי המתחם ולכן, ולאור הסכמת הצדדים בעניין זה, יש למקם את העונש ברף התחתון בכל מתחם שייקבע.",train
מהו מתחם העונש ההולם שנקבע בנסיבות תיק זה?,אני קובע כי מתחם העונש ההולם בנסיבות הענין נע בין 9 חודשי מאסר ועד 18 חודשי מאסר בנסיבות תיק זה.,train
כיצד התייחסו בתי המשפט לעבר המשמעתי של הנאשם בהקשר לעונש?,"מהפסיקה שהוגשה על ידי שני הצדדים ניתן לראות שבתי המשפט התייחסו לעבר המשמעתי כנתון רלוונטי לעניין העונש, ובצדק לטעמי.",train
מהו השיקול שצריך להתחשב בו בעת גזירת העונש לנאשם מעבר לביצוע העבירה?,בגזירת העונש המתאים לנאשם יש להתחשב בנסיבות שאינן קשורות בביצוע העבירה.,train
מהו העיקרון שעליו יש להתבסס לקביעת מתחם העונש בעבירות מס?,"בהתאם לתיקון 113 לחוק העונשין, יש לקבוע, בטרם קביעת העונש המתאים, (בגין כל אחד מהאירועים), מתחם עונש הולם למעשה העבירה בהתאם לעקרון ההלימה ותוך התחשבות במידת הפגיעה בערך החברתי, במדיניות הענישה הנהוגה ובנסיבות הקשורות בביצוע העבירה.",train
"מהו המתחם העונשי שהציעה התביעה בעבירות הסגת הגבול והגניבה, בהתחשב בנסיבות המקרה?","אשר לעבירת הסגת הגבול והגניבה ולנוכח נסיבותיה והרכוש שנגנב, אני סבור שהמתחם שהציעה התביעה הולם את חומרת המעשים, כך שמדובר במתחם שמתחיל ממספר חודשי מאסר [שיכול שירוצו בעבודות שירות ועד לשנת מאסר].",train
כיצד השפיעו גילו הצעיר והודאת הנאשם על קביעת העונש?,"כאמור, לנוכח גילו הצעיר, הודאתו ודיווחים חיוביים במיוחד מאת שירות המבחן במסגרת התסקיר, מצאתי להציב את עונשו של הנאשם ברף הנמוך בתוך המתחם, אף ללא צורך בצו של\צ.""",train
מהו העונש הראוי שיש לשקול לפי תיקון 113 לחוק העונשין בהקשר להסדר טיעון?,"נקבע כי בגדר הבחינה, בית המשפט מוסמך לשקול מהו העונש הראוי בשים לב לשיקולי הענישה על פי תיקון 113 לחוק העונשין, לצד יתר השיקולים הרלבנטיים לסוגיית אימוצו של הסדר הטיעון.",train
מה ההבדל בין טווח ענישה למתחם ענישה בהקשר של הליך פלילי?,"ברמה המהותית, טווח ענישה משקף את התוצאה של כוח המיקוח של כל אחד מן הצדדים להליך בנסיבות העניין, ולעומת זאת מתחם ענישה משקף קביעה נורמטיבית של בית המשפט בדבר האיזון הראוי בין השיקולים הרלבנטיים הקבועים בחוק.",train
מהו הערך החברתי המוגן שנפגע במקרה זה?,הערכים החברתיים המוגנים אשר נפגעו במקרה דנן הם קדושת החיים וחשיבות ההקפדה על כללי הבטיחות בעבודה לצורך שמירה על שלמות גופם של העובדים ושל הציבור בכללותו.,train
מהו המתחם שנקבע לעונש והאם הסטייה ממנו נחשבת לרבתית או קלה?,"כאשר קבעתי שהמתחם מתחיל במספר חודשי מאסר שיכול וירוצו בעבודות שירות, אני סבור שהסטייה מהמתחם לעבר קבלת המלצת שירות המבחן איננה כרוכה בסטייה רבתי, אלא בסטייה קלה יחסית ממספר חודשי מאסר בעבודות שירות ועד לצו של\צ שלשיטתי, חייב להיות בהיקף נרחב ומשמעותי יותר מזה שהוצע על ידי שירות המבחן.""",train
אילו שיקולים נלקחו בחשבון לגבי הפגיעה במתלוננת והעבר הפלילי של המבקש?,"עוד שקל בית המשפט את הפגיעה הקשה שגרמו מעשי המבקש למתלוננת כפי שעולה מתסקיר נפגעת העבירה בעניינה; היות המתלוננת קטינה במועד ביצוע העבירה, הנתונה למרותו של המבקש כמעסיקה; עברו הפלילי, הכולל שבע הרשעות קודמות; העובדה כי ביצע את העבירה נשוא כתב האישום בשעה שריצה עונש מאסר בעבודות שירות שהוטלו עליו בתיק אחר – וזאת לאחר שהופקע עונש שירות לתועלת הציבור שהמבקש \התחמק\"" מלבצעו; וכי העבירה דנן בוצעה זמן קצר לאחר שנגזר דינו בעבירת אלימות אחרת.""",train
"מהי מדיניות הענישה המומלצת בעבירות אלימות במשפחה, כפי שהובהר בפסיקה?","מדיניות הענישה בעבירות כגון דא היא תוצר של הצורך להילחם בתופעת האלימות בתוך המשפחה, בית המשפט העליון בע\פ 305/12  מדינת ישראל  נ' צוובנר-זליג [פורסם בנבו] (2013) הדגיש את הצורך בהטלת  עונשים מחמירים על מנת למגר את התופעה המדאיגה.""",train
מהו השינוי המשמעותי בחיי הנאשם כפי שמשתקף בתסקיר?,"השוואת מצבו של הנאשם היום, לעומת מצבו בתקופות מוקדמות של חייו כמשתקף בתסקיר, עת התבוסס בביצה עבריינית מלמדות על שינוי משמעותי בחייו כשהוא נחלץ ממנה בכוחות עצמו, בסיועם המבורך של שירות המבחן ומשפחתו הקרובה, מובילה למסקנה שמדובר במקרה של סיכוי של ממש לשיקום.",train
אילו נתונים לא קשורים לביצוע העבירה נלקחו בחשבון בעניינו של נאשם 1?,במסגרת הנסיבות שאינן קשורות בביצוע העבירה בעניינו של נאשם 1 לקחתי בחשבון את הנתונים הבאים: גילו הצעיר במיוחד ועברו הפלילי הנקי של הנאשם 1.,train
מהו מתחם העונש המתחיל בעבירות אלימות ברף חומרה שאיננו נמוך?,"במדיניות הענישה הנוהגת כאשר מדובר בביצוע עבירות אלימות ברף חומרה שאיננו נמוך, הרי שמתחם העונש מתחיל ממאסר בפועל ולו לתקופה קצרה אשר תרוצה בעבודות שירות.",train
מהי ההמלצה של שירות המבחן לגבי ענישת הנאשם לאור בעיית ההתמכרות להימורים?,"שירות המבחן זיהה את בעיית ההתמכרות להימורים אצל הנאשם כמקור וסיבה לביצוע העבירות, ולכן, ולאור התהליך המשמעותי שעבר, מצא להמליץ על ענישה שיקומית שאיננה כוללת מאסר בפועל ואף לא מאסר לריצוי בעבודות שירות.",train
מדוע יש צורך בהרתעת הנאשם מפני ביצוע עבירות נוספות במקרה זה?,"מצאתי לנוכח החזרתיות המתוארת לעיל, כי יש צורך בהרתעת הנאשם מפני ביצוע עבירות נוספות וכי יש סיכוי של ממש שהטלת עונש מאסר בפועל לתקופה משמעותית ת brought להרתעתו.",train
מהו השיקול הנוסף שיש לקחת בחשבון כאשר מדובר בנאשם יליד 1971?,יש להתייחס עוד להעדר עבר פלילי כשמדובר באדם יליד 1971.,train
מהו השיקול שיכול להוביל לסטייה מהעונש המינימלי במקרה של שליחת נאשם למאסר?,סטייה זו תיעשה כאשר שליחת הנאשם למאסר עלולה לגרום לנזק שיקומי משמעותי שעלול לעלות על אינטרס הציבור באכיפת הדין.,train
כיצד משפיע האינטרס הציבורי על גזר הדין במקרה זה?,אני סבור כי יש לשמר בכל זאת משקל לאינטרס הציבורי העולה מחומרת המעשים.,train
באילו מצבים ניתן לסטות ממתחם העונש ההולם?,סטייה ממתחם העונש ההולם שמורה למצבים של הליך טיפולי ייחודי שהנאשם מצליח לנצל את ההזדמנות שניתנה לו במלוא כוחותיו וכאשר ההליך המשפטי מהווה מנוף לשינוי ממשי וחיובי.,train
מהי הסיבה לכך שבית המשפט קבע את העונש כאירוע מאוחד וכולל?,"בית המשפט קבע כי יש להשקיף על הדברים כאירוע מאוחד וכולל לאור הזיקה, סמיכות הזמנים וההתנהלות הזהה, וכי מתחם העונש ההולם נע בין 10 חודשי מאסר ל-20 חודשים לצד ענישה נלוות ורכיבים כספיים הולמים.",train
כיצד ניתן לקבוע שני מתחמי עונש לפי סוג העבירה?,"לשיטתי, ניתן לקבוע שני מתחמי עונש וזאת לפי סוג העבירה, זאת בשים לב לנסיבות ביצוע העבירות וגם לעונש המקסימלי בצד העבירות.",train
מדוע מצבה המשפטי של הנאשמת האחרת נחשב לחמור יותר?,"מצבה המשפטי של הנאשמת האחרת חמור יותר ממצבה של הנאשמת כאן, הן בהיבט הכמות של העבירות והן בהיבט האיכות, שכן לגבי חלק מהעבירות הנאשמת כאן הורשעה בעבירת סיוע.",train
"מהי מידת הפגיעה בערכים המוגנים במקרה זה, בהתחשב בנסיבות ביצוע העבירה?","מידת הפגיעה באותם הערכים היא בינונית וזאת לנוכח נסיבות ביצוע העבירה, החזקת הסמים בביתו של הנאשם, כמות הסמים שאינה מהגדולות שידענו, אך אינה מבוטלת, וכן ביחס לסוג הסם שנתפס.",train
מה הדגיש בית המשפט העליון לגבי שיקול השיקום בענישה?,הדגיש בית המשפט העליון את חשיבות שיקול השיקום בענישה.,train
כיצד השפיעו ימי המעצר של הנאשם על ההחלטה להימנע ממאסר בפועל?,"אלא שכפי שציינתי בישיבה הקודמת, העובדה שהנאשם ריצה כ- 4 חודשי מעצר בפועל במסגרת תיק (שהוסכם לנכותם), לצד 4 חודשי מעצר באיזוק אלקטרוני, הכריעו את הכף לטובת הימנעות משליחתו של הנאשם למאסר בפועל והעדפת ריצוי העונש בעבודות שירות.",train
מהן הנסיבות שנלקחו בחשבון בעת גזירת העונש על נאשם 4?,"במסגרת הנסיבות שאינן קשורות בביצוע העבירה בעניינו של נאשם 4 לקחתי בחשבון את הנתונים הבאים: עברו הפלילי של הנאשם שמסתכם בהרשעה אחת בעבירה לא רלוונטית, הודייתו של הנאשם בכתב אישום שתוקן באופן משמעותי, נטילת האחריות מצדו, אף ללא הסכמה עונשית, והחיסכון בזמן השיפוטי, ההתרשמות החיובית של שירות המבחן, תקופת מעצרו, התנאים המגבילים לתקופה ארוכה, העדר הסתבכויות מאז, על אף חלוף הזמן.",train
מהו העיקרון שעליו יש להתבסס לקביעת מתחם העונש בהליך פלילי לפי תיקון 113 לחוק העונשין?,"בהתאם לתיקון 113 לחוק העונשין, יש לקבוע, בטרם קביעת העונש המתאים, (בגין כל אחד מהאירועים), מתחם עונש הולם למעשה העבירה בהתאם לעקרון ההלימה ותוך התחשבות במידת הפגיעה בערך החברתי, במדיניות הענישה הנהוגה ובנסיבות הקשורות בביצוע העבירה.",eval
כיצד השפיעו תסקירי שירות המבחן על ההמלצה לעונש במקרה זה?,בעניין זה אפנה לכך שיש תסקירי שירות המבחן נעדרים המלצה טיפולית וזאת לאחר שהנאשם לא הביע נזקקות לכך ולכן קשה לטעון לאפשרות של סטייה מהמתחם משיקולי שיקום.,eval
מהו מתחם העונש שנקבע בהתחשב בתרומתו של המתלונן לאירוע?,"קבעתי מתחם שלוקח בחשבון את תרומתו של המתלונן לאירוע שמתחיל ממאסר מותנה לצד צו של\צ בהיקף לא מצומצם ועד שנת מאסר.""",eval
מדוע עונש מאסר בפועל נחשב לתוצאה קרובה לעמדה שהציגה התביעה במקרה זה?,מצב שבו 6 חודשי מאסר לריצוי בעבודות שירות אינם שקולים ל- 6 חודשי מאסר בפועל מאחורי סורג ובריח הוא הסיבה שבגללה עונש מאסר בפועל מאחורי סורג ובריח כעונש המצוי בתחתית המתחם היא תוצאה שקרובה לשיטתי לעמדה שהציגה התביעה.,eval
מהו המשקל שיש לייחס לחלוף הזמן בתיק זה?,עוד יש לייחס משקל לחלוף הזמן המשמעותי בתיק.,eval
מהו העונש שהוטל על הנאשם ומהם השיקולים שהובילו לתוצאה העונשית הצודקת יותר?,"דומני שגזירת דינו של הנאשם לעונש מאסר בן 9 חודשים בעבודות שירות, ללא ניכוי ימי המעצר, תוך התחשבות באשר השיקולים לקולא, לרבות מעצר באיזוק אלקטרוני ובהמשך במעצר בית כתנאי לשחרורו, משקפים תוצאה עונשית צודקת יותר.",eval
מה ציין בית המשפט העליון לגבי חומרת העבירות שביצע המבקש?,"בית המשפט העליון ציין: \לא ניתן להקל ראש בחומרת העבירות שביצע המבקש, שעה שסחר בסמים במספר הזדמנויות, עם ציבור לקוחות לא קטן, גם אם אין מדובר בנסיבות העומדות ברף חומרה גבוה במיוחד\"".""",eval
מהו הערך החברתי המוגן שנפגע במקרה של תקיפה בין בני זוג?,הערכים החברתיים המוגנים אשר נפגעו במקרה דנן הם שמירה על שלמות גופה ושלוות נפשה של המתלוננת ותחושת הביטחון שלה בתוך מערכת היחסים הזוגית.,eval
מהן השיקולים לקביעת משך המאסר בעבירות מס?,"משך המאסר נגזר מהסכום שנגזל מקופת המדינה, תקופת העבירות, ריבוי המעשים, ונסיבות מיוחדות של ביצוע העבירות.",eval
מהן הנסיבות המיוחדות שלא מצא בית המשפט במקרה זה?,"במקרה דנן לא מצאתי נסיבות מיוחדות המצדיקות סטייה ממתחם העונש ההולם, לחומרה או לקולה.",eval
מהו העיקרון שעליו יש להתבסס בעת קביעת מתחם העונש לעבירות לפי תיקון 113 לחוק העונשין?,"בהתאם לתיקון 113 לחוק העונשין, יש לקבוע, בטרם קביעת העונש המתאים, (בגין כל אחד מהאירועים), מתחם עונש הולם למעשה העבירה בהתאם לעקרון ההלימה ותוך התחשבות במידת הפגיעה בערך החברתי, במדיניות הענישה הנהוגה ובנסיבות הקשורות בביצוע העבירה.",eval
מהו השיקול שהוביל להטלת עונש המבטא את חומרת העבירה על הנאשם?,"יתרה מכך, במקרה דנן לא היה מנוס מלהשית על המבקש עונש המבטא את חומרת העבירה שבה הורשע ונסיבות ביצועה, ואף הוקל עימו במידה ניכרת משלא הושת עליו עונש מאסר מאחורי סורג ובריח.",eval
"מהו הערך החברתי המוגן שנפגע במקרה זה, גם כאשר מדובר באתר בנייה?",הערכים החברתיים המוגנים אשר נפגעו במקרה דנן הם שמירה על זכות הקניין של הפרט וגם אם מדובר באתר בנייה השייך לחברה מסחרית.,eval
כיצד עשויה העבירה של סיוע בהתפרצות להשפיע על הענישה?,"העובדה שמדובר בתיק של סיוע בהתפרצות, להבדיל מהעבירה המוגמרת, יכולה \להמתיק מעט את הגלולה\"", שבסיום ההליך ללא ענישה ממשית בדמות מאסר בפועל.""",eval
מהו השיקול שהנחה את בית המשפט בהחלטתו לאפשר לנאשם הזדמנות להוכיח את עצמו למרות העבירות החמורות שביצע?,"נתון אחד הטריד את מנוחתי, והוא שהעבירה באישום המצורף בוצעה לאחר שכתב האישום בתיק הראשון בזמן הוגש קרי, הנאשם ביצע עבירות דומות ואף חמורות יותר תוך כדי שהוא מנהל הליך משפטי, ואולם לאחר ששמעתי את הסברי הסנגור ואת הנאשם עצמו החלטתי לאפשר לנאשם הזדמנות להוכיח את עצמו וזאת בתוך התחשבות גם באמור בתסקיר שירות המבחן.",eval
מהו השיקול הנוסף שנלקח בחשבון בקביעת מתחם העונש ההולם?,בקביעתי לגבי מתחם העונש ההולם לקחתי בחשבון גם את מדיניות הענישה הנוהגת.,eval
כיצד השפיעה עמדת המתלוננת על קביעת העונש במקרה זה?,יש לקחת בחשבון את עמדתה של המתלוננת עצמה ששללה אלימות מילולית או פיזית מעבר לאירוע ותיארה את האירוע כאירוע חריג ואף שללה חשש מפניו של הנאשם והעריכה שקיים סיכון נמוך בלבד שאירוע מסוג זה יחזור על עצמו.,eval
מדוע יש להתייחס בהבנה לניסיונות המתלוננים להשבת כספם לפני הגשת התלונה?,"סבורני שיש להתייחס בהבנה מסוימת לניסיונות המתלוננים לפעול אל מול הנאשם להשבת כספם, טרם הגשת התלונה למשטרה.",eval
מהי ההבחנה שהפסיקה עשתה לגבי סטייה ממתחם העונש ההולם משיקולי שיקום?,"כידוע, הפסיקה ייעדה אפשרות הסטייה ממתחם העונש ההולם משיקולי שיקום, למקרים חריגים של שינוי מהותי שעובר הנאשם ולא כל אימת שהוא משתתף בהליך טיפולי כלשהו.",eval
מהי המשמעות של הודאת הנאשם שניתנה לפי כתבי האישום המקוריים ולא במסגרת הסדר טיעון?,"הודאת הנאשם שניתנה לפי כתבי האישום המקוריים ולא במסגרת הסדר טיעון, יש לה משמעות מיוחדת, שכן כפי שקבעתי בעניין אחר, יש לעודד הודאה שיש בה גילוי מופתי של קבלת אחריות כשהודאה זו ניתנת מבלי ציפייה מיידית להקלה בעונש או בתיקון של כתב האישום.",eval
מה מלמדת קריאת התסקיר לגבי הנזקקות הטיפולית של הנאשם?,"קריאת עומק של התסקיר מלמדת שהנסיבות האישיות הקשות, שמקורן ברקע האישי- משפחתי של הנאשם, דווקא מעלות את רמת \הנזקקות הטיפולית\"" שלו.""",eval
מהי מדיניות הענישה הנדרשת כדי להתמודד עם תופעת האלימות במשפחה?,"מדיניות הענישה בעבירות כגון דא היא תוצר של הצורך להילחם בתופעת האלימות בתוך המשפחה, בית המשפט העליון בע\פ 305/12  מדינת ישראל  נ' צוובנר-זליג [פורסם בנבו] (2013) הדגיש את הצורך בהטלת  עונשים מחמירים על מנת למגר את התופעה המדאיגה.""",eval
כיצד משפיעים הנסיבות האישיות של הנאשם על שקילת העונש במקרה זה?,"בנסיבות המקרה שלפנינו ולנוכח הליך שיקומי שאמנם לא הצדיק סטייה מן המתחם, אך לא ניתן להתעלם ממנו, סבורני כי בשלב שקילת אפשרות החפיפה בין המתחמים והעונשים, ניתן לייחס משקל לעצם העובדה שהעבירות בוצעו בפרק זמן מסוים במהלך תקופת שפל בחיי הנאשם, וכן לזיקה אמיצה בין העבירות והסיבות לביצוע העבירות (סעיף 40 ט(5) לחוק) וכן אלו מצדיקים לשיטתי חפיפה בין העונשים.",eval
מהו ההיבט שקשור לנסיבות המיוחדות של הנאשם אשר משפיע על מיקום העונש במתחם?,"אמנם הוא נעדר עבר פלילי, אך התסקיר מגלם נסיבות שמקשות על מיקום העונש בתוך המתחם.",eval
כיצד השפיע שיקול זה על גיבוש ההסדר והגבלת הענישה?,"ראשית, שיקול זה נלקח בחשבון בשלב גיבוש ההסדר, כאשר התביעה הגבילה עצמה לתקרת ענישה בת 14 חודשים.",eval
מהי הטענה המרכזית של ההגנה בנוגע להגמשת הבדיקה לפי הלכת תמר כתב?,"כאמור, בתחילת דבריי, מקובלת עליי טענת ההגנה שניתן להגמיש את הבדיקה לפי הלכת תמר כתב והפסיקה התייחסה לסוגיית מקבילית הכוחות בין שתי הדרישות המרכזיות בהלכת תמר כתב.",eval
מהי עמדת השופט לגבי רף העונש לאור עמדת התביעה?,"למרות האמור, לא אחרוג לחומרה מעמדת התביעה, ואמקם את העונש ברף התחתון של המתם.",eval
כיצד משפיעה ההשתלבות בעבודה מסודרת על ההחלטה להשאיר את הרשעת הנאשמת?,"אולם הנאשמת הצליחה לאסוף עצמה ולהשתלב במקום עבודה מסודר ואיני סבור שבהרשעתה, הותרת הרשעתה, יש משום כריתת הענף עליו היא יושבת.",eval
כיצד משפיעה חזרתיות ושיטתיות העבירות על השיקול של חלוף הזמן?,"כאשר הנאשם ממשיך לבצע את עבירות על ציר הזמן, ללא הפוגה כמעט, אפקט \חלוף הזמן\"" מאבד מכוחו לטובת השיקול לחומרה בעניין חזרתיות ושיטתיות.""",eval
מהי המשמעות של הליך הגישור שנערך בתקופת משבר הקורונה במקרה זה?,בתיק זה התקיים בפני הליך גישור בתוך תקופת משבר הקורונה והצדדים הגיעו להסכמה ולכן יש לקחת בחשבון כי המדובר בהודעה שחסכה בזמן שיפוטי רב והיא מלמדת על קבלת אחריות וגם לכך יש ליתן את הדעת.,eval
מהו הקושי שמלמדים האיומים שמופנים לעובד ציבור לגבי הנאשם?,"האיומים שמופנים לעובד ציבור, כנציג ציבור, מלמדים על קושי של הנאשם בשליטה במעשיו ובדבריו.",eval
מהו המבחן להימנעות מהרשעה לפי הלכת כתב?,"המבחן המקובל, כפי שנקבע בע\פ 2083/96 תמר כתב נגד מדינת ישראל פד\""י נב(3) 337 (להלן – הלכת כתב), הוא כי הימנעות מהרשעה אפשרית בהצטבר שני פרמטרים: האחד – סוג העבירה מאפשר לוותר בנסיבות המקרה על הרשעה מבלי לפגוע בשיקולי ענישה אחרים; השני – על ההרשעה לפגוע פגיעה חמורה בעתידו של הנאשם או בשיקומו.""",eval
"מדוע לא נדרש להטיל עונש של\צ על הנאשם לפי התסקיר?""","שנית, אינני סבור שיש בהשתת רכיב עונש של\צ שהוא שיקומי מטבעו ואף חינוכי כדי להביא להרתעה אישית של הנאשם ואני סבור שמאמציו של הנאשם כפי שעולים מהתסקיר מלמדים על מי שמבין את חומרת מעשיו ולא צורך להיזקק להשתת עונש מוחשי בדמות של\""צ.""",eval
מהי הסיבה לאימוץ מתחם העונש שהציעה התביעה במקרה זה?,"בעניינו של האחר ולאור מרכיבי החומרה, בעיקר הפניה החוזרת וההתנהגות העבריינית מצאתי לאמץ את מתחם העונש שהציעה התביעה.",eval
מדוע יש לשקול את ההשקעה בשיקום הנאשמים בעונש המוטל?,קיים אינטרס ציבורי עצמאי בכך שההשקעה בשיקום הנאשמים לא תרד לטמיון באמצעות ענישה של מאסר בפועל לתקופה ממושכת.,eval
מהי ההבנה שהנאשם הגיע אליה בנוגע להתנהגותו במקרה זה?,"במקרה שלפני, השתכנעתי שמעשיו של הנאשם בתיק זה מהווים אירוע חריג בחייו וכי הוא מבין היום ומכיר בבעייתיות בהתנהגותו.",eval
מהו המשקל שיש לתת לשיקול של התחלקות באחריות כאשר הפער בין הצדדים הצטמצם?,"כאשר הפער בין הצדדים, הצטמצם למשך תקופת המאסר בעבודות שירות, יש לשיקול זה של התחלקות באחריות, משקל ממשי.",eval
מהו המאפיין המרכזי של העבירות שביצע הנאשם בנוגע להזדמנויות שניתנו לו במהלך הזמן?,"העבירות התבצעו על ציר זמן ארוך, כך שעמדו בפני הנאשם הזדמנויות רבות מספור לחזור בו להתעשת ולהימנע מהמשך הגזלה.",eval
כיצד משפיעה הזיקה בין העבירות על קביעת העונש הכולל לנאשמת?,"מדובר בעבירות דומות (מאוד) בעלות זיקה מסוימת, שמאפשרות, לעת קביעת העונש הכולל, לבצע \zoom-out\"", בדרך של הצבת עונשה של הנאשמת על 3 שנים תמימות.""",eval
כיצד יש לבחון את העונשים המוסכמים לנאשמים לפי כללי ושיקולי הענישה בתיקון 113?,"בראי המפורט לעיל, יבחנו העונשים המוסכמים לנאשמים במבחן האיזון ובשים לב לכללי ושיקולי הענישה שבתיקון 113 לחוק העונשין.",eval
"מהי הסיבה להחלטה שלא להוסיף שעות של\צ לנאשם?""","לאחר שהחלטתי שלא לקבל את עמדת שירות המבחן בנושא אי הרשעה, סבורני כי אין זה נכון להוסיף נדבך של שעות של\צ וזאת כדי לעודד את הנאשם בדרכו החדשה.""",eval
מהו השיקול המשפטי שנלקח בחשבון בנוגע להודאת הנאשם בעובדות כתב האישום?,"במסגרת הנסיבות שאינן קשורות בביצוע העבירה לקחתי בחשבון את הנתונים הבאים: הנאשם הודה בעובדות כתב האישום, וזאת בהמשך להליך גישור, בו עלו טענות הצדדים ובכלל טענת הנאשם לחלקו של המתלונן.",eval
מהן הנסיבות שיש לקחת בחשבון בקביעת המתחם לעונש במקרה של הפרת צו?,"בקביעת המתחם יש לקחת בחשבון את הנסיבות הקשורות בביצוע העבירה לרבות: חלקו הבלעדי של הנאשם במעשה, התכנון הכרוך בהכנה וחיבור מכתבים ושליחתם לכתובת בה מתגוררת המתלוננת, הנזק הצפוי או הנזק שנגרם, הרקע והסיבות שהביאו את הנאשם לביצוע המעשה כפי תיארתי לעיל.",eval
מהו ההסבר לכך שהנאשם לא ניצל את ההזדמנות שניתנה לו לאחר ההסדר המקל?,"מדובר בעבירות שבוצעו כלפי אותה מתלוננת על פי כתב האישום המתוקן שם, מדובר על מספר אירועים אך בית המשפט תוך שציין שמדובר בהסדר מקל קיבל הסדר טיעון והסתפק בענישה שעיקרה צופה פני עתיד ואולם הנאשם לא ניצל את ההזדמנות וחזר על ביצוע עבירת אלימות קשה שבהיבטים מסוימים אף חמורה יותר מהרשעתו הקודמת.",eval
מהו העיקרון המנחה לקביעת מתחם העונש ההולם לפי תיקון 113 לחוק העונשין?,"בהתאם לתיקון 113 לחוק העונשין, יש לקבוע, בטרם קביעת העונש המתאים, (בגין כל אחד מהאירועים), מתחם עונש הולם למעשה העבירה בהתאם לעקרון ההלימה ותוך התחשבות במידת הפגיעה בערך החברתי, במדיניות הענישה הנהוגה ובנסיבות הקשורות בביצוע העבירה וכן לפי מידת אשמו של הנאשם.",eval
מה הם הערכים החברתיים המוגנים שנפגעו במקרה של תקיפה בין בני זוג?,הערכים החברתיים המוגנים אשר נפגעו במקרה דנן הם שמירה על שלמות גופה ושלוות נפשה של המתלוננת ותחושת הביטחון שלה בתוך מערכת היחסים הזוגית.,eval
מהו המעמד שניתן לשיקול השיקום במקרים המתאימים לפי ההחלטה?,"נקבע כי במקרים המתאימים יינתן לשיקול השיקום מעמד בכורה, וכי על בית המשפט לבחון האם הנאשם השתקם בפועל או שיש סיכוי של ממש לשיקומו.",eval
מהן העונשים שהוטלו במקרים דומים לפי מדיניות הענישה הנוהגת?,"בחינת מדיניות הענישה הנוהגת מעלה כי במקרים דומים הוטלו על נאשמים עונשים, החל ממספר חודשי מאסר שירוצו בעבודות שירות, לשיטתי לא פחות מששה חודשים ועד 18 חודשים, זאת בהתבסס על נסיבות ביצוע העבירה.",eval
כיצד השפיע מאמץ השיקום של הנאשם על קביעת העונש?,"מכאן שלא ניתן כמובן לזקוף לזכותו של הנאשם הליך טיפולי, אולם מצאתי להתחשב בטענתה של הסנגורית לפיה יש לראות במאמץ של הנאשם להשתקם כנתון מעודד לגבי העתיד.",eval
כיצד השפיעו חיי הנאשם על ההמלצה להימנע מהרשעתו?,שירות המבחן היה מודע לכך שאין מדובר בנזק מיידי וישיר ולמרות האמור ועל רקע חיים נורמטיבי וחריגות האירוע בחייו הומלץ להימנע מהרשעתו.,eval
מדוע אין להחמיר בעונש של העובד הזוטר במקרה של אחריות לתוצאה הקטלנית?,"העובדה שהעובד הזוטר יותר נותן את הדין לבדו על האחריות לתוצאה הקטלנית, איננה צריכה להביא להחמרה עמו.",eval
מהו השיקול הכלכלי שיש לקחת בחשבון לגבי הנאשמת 3 והחברות?,"כמו כן, לקחתי בחשבון מצבה הכלכלי של הנאשמת 3 ושל החברות בצל צו פירוק וחובות בסכומים גבוהים.",eval
מהי השאלה שיש לדון בה בהיעדר עילה לסטייה ממתחם העונש ההולם?,"בהיעדר עילה לסטייה (לקולה או לחומרה) ממתחם העונש ההולם, יש לדון בשאלת מיקום העונש בתוך המתחם וכך טענו הצדדים לפניי.",eval
מהו השיקול שיש לקחת בחשבון בעת קביעת מתחם הקנס בעבירות מס?,"אשר למתחם קנס, יש להתחשב בחומרת העבירה, סכום המס, אך גם ביכולתו הכלכלית של הנאשם, כפי שיפורט בהמשך.",eval
מהו ההיבט שציין בית המשפט בנוגע להסדר העונש המוסכם במקרה זה?,"בית המשפט אימץ את ההסדר (ולא בלי התלבטות), אך מצא לנכון לציין כי העונש המוסכם סוטה באופן ברור ממדיניות הענישה המקובלת והראויה.",eval
מהו הקשר בין מתחם העונש לבין העובדות והנסיבות מכתב האישום המתוקן?,"מתחם העונש שקבעתי עולה בקנה אחד עם העובדות והנסיבות העולות מכתב האישום המתוקן, ועל כן אני מסיר את הסתייגותי בנושא תמונה חלקית ומידע חסר.",eval
מדוע נחשב האירוע הקודם לחמור יותר מהמקרה הנוכחי של הנאשם?,"מדובר שם באירוע חמור יותר מהמקרה שלפנינו, שכן מדובר באירוע מתגלגל והיו לנאשם שם מספר הזדמנויות לסגת.",eval
מהו הקריטריון הראשון הנדרש לשם סטייה ממתחם העונש הראוי משיקולי שיקום?,"להבנתי, סטייה ממתחם העונש הראוי וההולם, משיקולי שיקום, תיעשה כאשר השיקום עומד בשני קריטריונים: האחד, עוצמת השיקום - בהיבט הצלחתו או סיכויי הצלחתו הצפויים- היא גבוהה.",eval
אילו נסיבות נלקחו בחשבון בקביעת המתחם לעונש הנאשם?,"בקביעת המתחם לקחתי בחשבון את הנסיבות הקשורות בביצוע העבירה לרבות: ביצוע הגניבה של האופניים תוך התנגדות המתלונן, גניבת הקלנועית על המשתמע מכך מבחינת מידת הפגיעה במתלוננת ובבעלה, העבירות שבוצעו כלפי אימו, שווי הגניבות, ועוד.",eval
כיצד השפיע הטיפול שעובר הנאשם על גזר הדין שניתן לו?,"בית המשפט קמא סטה ממתחם העונש ההולם וגזר על הנאשם, בין היתר תוך התחשבות בטיפול שעובר, עונש של 3 חודשי מאסר לריצוי בדרך של עבודות שירות בניכוי ימי מעצרו ורכיבי ענישה נלווים.",eval
מדוע יש לשקול את המניע הגזעני של הנאשם בהקשר לקביעת העונש?,"אולם, כפי שמניע גזעני מצד הנאשם ראוי שיביא עמו החמרה בענישה, הרי ששלילתו, והצגת תרחיש חלופי תחתיו, לפי המתואר בכתב האישום המתוקן כנוסחו, מקרין על נסיבות ביצוע העבירה ועל מתחם העונש ההולם בהתאם.",eval
מהו הקריטריון לשיקום שיכול להצדיק סטייה ממתחם העונש ההולם?,"שיקום מסוג זה, אשר אינו פועל אך ורק בתוך המתחם, אלא מצדיק סטייה ממנו – צריך שיהיה שיקום משמעותי, ממשי, רלוונטי, אשר יש בכוחו להצביע על שינוי דרמטי שעבר הנאשם בחייו.",eval
מהי הסיבה לכך שהתרשמות החיובית מהנאשמים לא הביאה לתוצאה של ענישה המתאימה לצרכיהם המיידיים?,"התרשמותי החיובית מהנאשמים, מהשינוי המשמעותי שעברו, מרקעם ומהתמיכה המשפחתית סביב הליך הטיפול, ומהיתכנות שלילית של הישנות העבירות, אין בכוחם להביא לתוצאה של ענישה אשר תתאים לצרכיהם המיידיים בלבד.",eval
מהו הקריטריון השני הנדרש כדי שהשיקום יהיה רלוונטי לעבירות בהן הורשע הנאשם?,"השניים, השיקום רלוונטי לעבירות בהן הורשע במובן זה שמתקיים קשר ומתאם בין השיקום לבין הסיבות לביצוע העבירה.",eval
מהו טווח הקנס שנקבע במקרה זה?,"בתוך התחשבות בשיקולים השונים, אני קובע כי מתחם הקנס נע בין 15,000-5,000 ₪.",eval
כיצד השפיעו מעשיו של הנאשם על האפשרות להצבתו ברף התחתון של מתחם העונש?,"אולם, הנאשם למעשה הכשיל במו ידיו כל אפשרות להצבתו ברף התחתון, שלא לומר סטייה מהמתחם משיקולי שיקום.",eval
מדוע הצעת התביעה לעונש מאסר של 18 חודשים נחשבת לראויה במקרה זה?,"עונשו של הנאשם לא יכול לעמוד על ענישה שנופלת משנת מאסר בגין תיקים אלו ומשהפעלת המאסרים המותנים עלולה להוסיף בין 6-9 חודשים בנוסף הרי שהצעת התביעה להשיט על הנאשם עונש מאסר כולל, הכולל בתוכו הפעלת המאסרים המותנים והכל לכדי 18 חודשים, הרי שמדובר בהצעה ראויה שיש בה אף התחשבות מסוימת בעניינו של הנאשם כפי שאפרט להלן.",eval
מהו המתחם המומלץ לעונש לפי עמדת ההגנה?,"לאור כל האמור, אני מאמץ את עמדת ההגנה לגבי המתחם וקובע כי המתחם יכול להתחיל ממאסר מותנה לצד של\צ ולעיתים נדירות יותר אף ממאסר מותנה לצד ענישה נלווית ללא של\""צ.""",eval
מהו הערך החברתי המוגן שנפגע במקרה זה?,הערכים החברתיים המוגנים אשר נפגעו במקרה דנן הם הצורך בהגנה על שלוות נפשו ותפקודו התקין של עובד הציבור והגנה מוגברת על המתלונן כסמל שלטון החוק במדינה ולאור רום האחריות והסמכויות שבידיו ורגישות תפקידו.,eval
מהו הסיכון שכרוך בהטלת עונש מאסר בדרך של עבודות שירות על הנאשם?,"גם הטלת עונש מאסר בדרך של עבודות שירות כפי שעתרה המאשימה, יש בה משום סיכון גבוה לפגיעה בתהליך השיקום לנוכח ריבוי בעיות וצרכים טיפוליים במישורים שונים עד כי הוספת מרכיב של מאסר בתקופה שברירית ורגישה זו עלול שכרה לצאת בהפסדה.",eval
כיצד משפיעה אי הסרת המחדל על מיקום העונש בתוך המתחם?,"ללא התעלם מטענות הנאשם לקושי כלכלי, לאי הסרת המחדל יש לה נפקות בשלב מיקום העונש בתוך המתחם.",eval
מדוע ניתן לאמץ גישה טיפולית שיקומית בעניינו של הנאשם חרף ההסתבכות הלכאורית האחרונה?,"מצאתי לנכון, חרף ההסתבכות הלכאורית האחרונה, כי ניתן לאמץ (בגבולות הסביר) את הגישה הטיפולית שיקומית בעניינו של הנאשם.",eval
כיצד משפיעה החבירה המשותפת על הטיעון להסתבכות ספונטנית?,עצם החבירה המשותפת מחלישה את הטיעון בדבר הסתבכות ספונטנית עקב טעות בהפעלת שיקול דעת רגיל.,eval
מהי הסיבה לכך שלא חולט הטלפון הסלולרי של הנאשם?,"לאור העובדה שהנאשם לא הורשע בעבירת סחר בסמים או בגידול, לא מצאתי לנכון לחלט את הטלפון הסלולרי ואני מורה להשיבו לנאשם.",eval
מהו השיקול שהנחה את השופט להעניק לנאשם הזדמנות אחרונה לפני סיום ההליך?,"למרות האמור, אני סבור שבנסיון לתור אחר זיק של תקווה נכון בתיק זה להעניק לנאשם הזדמנות אחרונה טרם נעילה.",eval
מהי ההשפעה של שיקולי שיקום על קביעת העונש לפי תיקון 113 לחוק העונשין?,"לפי הוראות החוק (תיקון 113 לחוק העונשין), שעה שבית המשפט מחליט לסטות מהעונש משיקולי שיקום, הרי שקביעת העונש תהא לפי שיקולי שיקומה של הנאשמת, אך לא ראיתי שיש בהמלצת שירות המבחן לצו של\צ בהיקף של 220 שעות משום פגיעה לא מידתית בנאשמת, אף אם צו השל\""צ יינתן לצד הרשעה ולא כמרכיב לוואי לביטול ההרשעה כפי שהמליץ שירות המבחן.""",eval
מהו הקריטריון שצוין בפסיקה לשיקול סטייה מהמתחם במקרה של שיקום הנאשם?,"הפסיקה התייחסה לשאלה מהו שיקום בפועל או פוטנציאלי שיצדיק סטייה מהמתחם ונקבע כי יש לשמור מהלך זה של סטייה מהמתחם למקרים חריגים בהם הנאשם עבר שינוי משמעותי במובן המהותי מעין מטאמורפוזה שעבר הנאשם עד שנאמר שמדובר באדם אחר ששינה את דרכיו, יחסו הרגשי אל העבירות שונה בתכלית, כך שהסיכוי לחזרה והישנות העבירות הוא נמוך במיוחד.",eval
מה הסביר שירות המבחן לגבי הכשלון החד פעמי של הנאשם בסיטואציה המשפחתית?,שירות המבחן הסביר את הכשלון החד פעמי של הנאשם בסיטואציה משפחתית שפורטה בתסקיר והתרשם כי ההליך המשפטי תורם להצבת גבול ברור להתנהגותו.,eval
מהו מתחם העונש ההולם בעבירות מסוג זה על פי פסיקה דומה?,"לאחר שעיינתי בפסיקה שהציגו הצדדים, ביחס למקרים דומים ואף חמורים יותר מהמקרה כאן, הגעתי למסקנה כי מתחם העונש ההולם בעבירות מסוג זה נע בין מספר חד ספרתי של חודשי מאסר ועד לשנתיים מאסר בפועל.",eval
מהו השיקול המרכזי שעל בית המשפט לקחת בחשבון בקביעת גבולות המתחם?,"כאמור, בקביעת גבולות המתחם על בית המשפט להתחשב בראש ובראשונה בנסיבות ביצוע העבירה.",eval
מהו השיקול שהוביל להקלת העונש על הנאשם חרף העבירות שביצע?,"בעיניי לפי חוות הדעת והתסקיר שהוגש לעיוני, מצאתי שניתן להקל עם הנאשם תוך חריגה קלה מהמתחם.",eval
מהו העונש הנכון בעבירות אי הגשת דוחות מס כאשר מוסרים מלוא מחדלי כתב האישום?,"בסוג זה של עבירות נכון ונהוג לגזור עונש של מאסר על תנאי בנסיבות מתאימות, בפרט כאשר מוסרים מלוא מחדלי כתב האישום.",eval
כיצד השפיעה העובדה שמדובר בעבירות אלימות ישנות על הערכת רף האלימות במקרה זה?,כאן המקום להדגיש כשמדובר בעבירות אלימות שבוצעו לפני שנים רבות ולכן מצאתי לנכון להתייחס אליהן כאל אירוע אחד שמדובר ברף אלימות שאינו גבוה מבלי להקל ראש.,eval
כיצד חוות הדעת של הממונה על עבודות שירות השפיעה על ההחלטה בעניינו של הנאשם?,"ודוקא על רקע דברים אלה, ניתן לראות בחוות הדעת החיובית של הממונה על עבודות שירות חיזוק למסקנתי, כאשר הממונה על עבודות פירט בחוות דעתו לגבי ניסיון העבר והוסיף שהתרשם משינוי שעבר על הנאשם: הנה כי כן, אף הממונה על עבודות שירות הבחין בשינוי.",eval
מהי הסיבה לדחיית המלצת שירות המבחן להימנע מהרשעה במקרה זה?,"שמדחיתי את המלצת שירות המבחן להימנעות מהרשעה, עליה נשענה ההמלצה הנוספת לצו של\צ בהיקף של 200 שעות, מצאתי להטיל צו של\""צ בהיקף מצומצם יותר, על מנת לעודד את הנאשם בדרכו החדשה ותוך התחשבות בנסיבותיו האישיות והמשפחתיות.""",eval
מהו ההסבר ההגיוני שניתן לגבי חלק מהשיהוי הרב בהליך?,לגבי חלק מהשיהוי הרב ניתן הסבר הגיוני.,eval
מהי ההבנה שהביע הנאשם לגבי מצבו המשפטי והשפעתה על ההחלטה בעניינו?,שמעתי מהנאשם הבנה ולו מאוחרת לגבי חומרת מצבו המשפטי וחשבתי לנכון שאין למהר ולסגור את הנאשם מאחורי סורג ובריח.,eval
"כיצד משפיעה ההרשעה על הנאשם ומשפחתו, במיוחד בגילו?","יש להתייחס לפגיעה של ההרשעה והעונש בנאשם, לרבות בשל גילו, ופגיעתן במשפחתו.",eval
מדוע נחשבות עבירות אי הגשת דוחות מס לעבירות חמורות במדיניות הענישה?,"עבירות של אי הגשת דוחות מס הן עבירות חמורות, ועל כך תעיד מדיניות הענישה המחמירה הנקוטה מזה שנים, בין השאר לאור פסיקה עקבית של בית המשפט העליון.",eval
מהו המשקל של מצבו המשפחתי של הנאשם בהליך הענישה?,"אזכיר עוד את רגישות ועדינות מצבו המשפחתי של הנאשם (למעשה, הוא מטפל לבדו בילדיו). הנאשם גרוש ואב לארבעה ילדים בני 10-21 שנים בהם הוא מטפל ללא עזרה. נתון זה, של טיפול יחידני בילדים של הנאשם, הוא בעל חשיבות רבה בעיניי.",eval
מהם הערכים החברתיים המוגנים שנפגעו במקרה זה?,הערכים החברתיים המוגנים אשר נפגעו במקרה דנן הם בריאות הציבור ושלומו ותרומתו של בית המשפט במלחמה בנגע הסם.,eval
מהו ההשפעה האפשרית של עונש מאסר על מאמצי השיקום של הנאשם?,"השתכנעתי שאם יוטל על הנאשם עונש מאסר שיכול וירוצה בעבודות שירות ולו לתקופה קצרה, הדבר יחבל במאמצי השיקום המוכחים שעובר הנאשם מאז שנת 2016 ועד היום.",eval
מהו הקריטריון הראשון שצריך להתקיים כדי לבצע סטייה ממתחם העונש הראוי משיקולי שיקום?,"להבנתי, סטייה ממתחם העונש הראוי וההולם, משיקולי שיקום, תיעשה כאשר השיקום עומד בשני קריטריונים: האחד, עוצמת השיקום - בהיבט הצלחתו או סיכויי הצלחתו הצפויים- היא גבוהה.",eval
כיצד ניתן להסביר את הקשר בין החומרה בהתנהגות הנאשם לבין ההחלטה שלא לוותר על ההרשעה?,"אעיר שאין לדעתי כל סתירה או פער בין דבריי לגבי הרבדים השונים של החומרה בהתנהגותו של הנאשם - ואשר הביאוני לכדי מסקנה שאין \לוותר\"" על ההרשעה בתיק זה - לבין מתחם העונש המתון יחסית לעיל.""",eval
"מהי הגישה הכללית כלפי הענישה בעבירות מס, וכיצד היא מתבטאת בעונשים?","הגישה הכללית היא מחמירה שמצדדת בהטלת עונשים ממשיים, לרבות עונשי מאסר בפועל ולו לריצוי בעבודות שירות, לצד מאסרים מותנים וקנסות משמעותיים.",eval
מהו הרף התחתון שנקבע בפסיקה לגבי מתחם העונש בעבור שני האירועים בתיק זה?,רוצה לומר כי בגין שני האירועים בתיק זה הזרם המרכזי בפסיקה מציב את הרף התחתון שבמתחם במספר חודשי מאסר שיכול וירוצו בעבודות שירות.,eval
כיצד משפיעה בכירותו של הנאשם על החמרת הענישה במקרים מסוג זה?,"הדברים חשובים בעיניי משום שלתפיסתי בכירותו של הנאשם, במקרים מסוג זה, מהווה נסיבה לחומרה שמצדיקה החמרה בענישה ולהיפך.",eval
מהן הסיבות לקביעת מתחם העונש שנע בין מספר חודשי מאסר לשנת מאסר?,"לנוכח מרכיבי החומרה, מאפייני נפגעי העבירות, הביצוע בצוותא, התכנון, השיטתיות, התעוזה, החזרתיות, אגב הפרת תנאים, כל אלה מובילים למסקנה, לפיה נכון לקבוע מתחם עונש הולם לכל אירוע, מתחם שנע בין מספר חודשי מאסר ועד שנת מאסר.",eval
מהו היעד המרכזי של הענישה במקרים אלו?,"לכן יש לשאוף, באמצעות הענישה, לביטול אלמנט הכדאיות הכלכלית בביצוען.",eval
מהו המתחם העונשי שנקבע עבור הנאשם 4 בהשוואה לנאשם 1?,"יש לקבוע בעניינו של הנאשם 4 מתחם עונש דומה לזה של הנאשם 1 ושהנתונים השונים \מתקזזים\"" עד שלא ניתן למצוא הבדלים משמעותיים ביניהם.""",eval
מהו היעד המרכזי של הענישה בנוגע לביטול הכדאיות הכלכלית בביצוע העבירות?,"לכן יש לשאוף, באמצעות הענישה, לביטול אלמנט הכדאיות הכלכלית בביצוען.",eval
מהו השיקול שהנחה את בית המשפט בכיבוד ההסדר וגזירת העונש?,"בשמים לב למתחם העונש האמור, ועל רקע שיקולי הצדדים כפי שבא לידי ביטוי בטיעונים לעונש, מצאתי לנכון לכבד את ההסדר ולגזור את עונשה של הנאשמת בתוך גדרי טווח העונש המוסכם.",eval
מהו הערך המוגן העומד בבסיס העבירה של החזקת סמים מסוג קוקאין?,"הערכים המוגנים בבסיס העבירה של החזקת סמים מסוג קוקאין בכמות כזו ברור מאליו, והוא חוזר לצורך החברתי במיגור תופעת השימוש בסמים \קשים\"", החזקתם שלא לצריכה עצמית, כדי לשמור על בריאות הציבור ושלומו.""",eval
מהו העיקרון המנחה בהטלת העונשים במקרה זה?,"העונשים יוטלו בחפיפה מלאה, תוך שמירה על יחס הולם בין חומרת מכלול המעשים לבין תקופת הכליאה.",eval
מהו ההבדל בין טווח ענישה לבין מתחם ענישה בהקשר של הליך פלילי?,"ברמה המהותית, טווח ענישה משקף את התוצאה של כוח המיקוח של כל אחד מן הצדדים להליך בנסיבות העניין, ולעומת זאת מתחם ענישה משקף קביעה נורמטיבית של בית המשפט בדבר האיזון הראוי בין השיקולים הרלבנטיים הקבועים בחוק.",eval
מהו העיקרון שעליו יש להתבסס לקביעת מתחם העונש במקרה זה?,"במקרה זה, יש לקבוע, בטרם קביעת העונש המתאים, (בגין כל אחד מהאירועים), מתחם עונש הולם למעשה העבירה בהתאם לעקרון ההלימה ותוך התחשבות במידת הפגיעה בערך החברתי, במדיניות הענישה הנהוגה ובנסיבות הקשורות בביצוע העבירה.",eval
מדוע בית המשפט אינו פטור מקביעת מתחם העונש גם בהסדר טיעון?,"על אף שלפניי הסדר טיעון, הכולל תקרת ענישה, אינני פטור מקביעת מתחם העונש.",eval
מהי המשמעות של הסרת מחדלים בעבירות מס וכיצד היא משפיעה על הענישה?,"כידוע, להסרת מחדלים בסוג זה של עבירות משמעות רבה וזו מביאה להקלה ניכרת בענישה.",eval
מהי הסיבה לכך שלא הומלץ למקם את עונשו של הנאשם ברף הגבוה של מתחם הענישה?,"לגוף העניין, לא מצאתי עילה למקם את עונשו של הנאשם ברף הגבוה שבמתחם, חרף עברו הפלילי.",eval
מהו מתחם הקנס שנקבע במקרה זה?,"בתוך התחשבות בשיקולים השונים, אני קובע כי מתחם הקנס נע בין 5000-15,000 ₪.",eval
מהו הממצא המשפטי לאחר דחיית עתירת הנאשמת 2 בנוגע למיקום עונשה?,"אחרי דחיית עתירת הנאשמת 2, ואין לסטות ממתחם העונש, יש למקם את עונשה ברף הנמוך שבו.",eval
מהי התרשמות שירות המבחן לגבי הנאשם והסיכון לעבירות מצידו בעתיד?,"שירות המבחן התרשם באופן חיובי מהנאשם שממשיך ומבטא רצון וניהול אורח חיים תקין ולכן, שב על הערכתו כי הסיכון לעבירות מצידו פחת.",eval
כיצד עלולה הטלת עונש מאסר לפגוע בסיכויי השיקום של הנאשם?,"ההגנה טענה שהשתת עונש מאסר, ולו בעבודות שירות, עלול לפגוע בסיכויי השיקום, אשר נשענים, בין השאר, על השתלבותו במעגל העבודה.",eval
מהי הפגיעה הציבורית הנובעת מהסטייה ממתחם העונש ההולם?,בעצם הסטייה ממתחם העונש ההולם קיימת פגיעה באינטרס הציבורי.,eval
כיצד השפיע מצבו הרפואי של הנאשם על גזר הדין שניתן לו?,"בית המשפט השלום גזר על הנאשם, שהודה במיוחס לו, תוך התחשבות בנסיבות חייו האישיות, מצבו הרפואי הקשה אך שביצע את העבירות חודשים ספורים לפני מועד מתן גזר הדין באופן המלמד כי מצבו הבריאותי לא עצר בעדו מלנהוג באלימות כלפי המתלוננת, עונש של 12 חודשי מאסר בפועל, לצד מע\ת ופיצוי למתלוננת בסך 4,000 ₪.""",eval
מהו השיקול המשפטי שהוביל למסקנה שהשיהוי בהגשת כתב האישום אינו מצדיק חריגה מהמתחם?,"השיהוי בהגשת כתב האישום, על אף היותו משמעותי, איננו כה קיצוני עד שיצדיק חריגה מהמתחם (באמצעות הפעלת הדוקטרינה של הגנה מן הצדק).",eval
כיצד השפיע הסדר טווח הענישה על התייחסות לכתב האישום?,"לנוכח טיעוני הצדדים ועצם קיומו של הסדר טווח ענישה, מצאתי להתייחס לכתב האישום כאירוע אחד שבמצדיק קביעת מתחם כולל אחד, שכן, ועל אף ריבוי וגיוון העבירות מדובר במסכת אחת כוללת.",eval
מדוע לא ניתן לקבל את המלצת שירות המבחן במקרה זה?,המלצה זו של שירות המבחן איננה יכולה להתקבל על רקע נסיבות התיק ואף ההגנה לא עמדה על כך בצדק.,eval
מהן הנסיבות שמונעות חריגה מהכלל של הרשעה במקרה זה?,"המקרה לפניי איננו מצדיק חריגה מהכלל של הרשעה, בהינתן נסיבות ביצוע העבירות, ריבויין, חשיבות האינטרס הציבורי בהרשעה, לרבות חשיבות ההקפדה על השוויון בין נישומים, והעדר נזק קונקרטי מוכח.",eval
מהי ההחלטה הסופית לגבי העונש שהוטל על הנאשם?,"לכן, ובשים לב למתחם שקבעתי, אין מנוס מהטלת מאסר מאחורי סורג ובריח על הנאשם.",eval
מדוע הוחלט שלא להזמין חוות דעת של הממונה על עבודות שירות במקרה זה?,"נוכח ממצאיי לעיל בעניין מתחם העונש, העדר כל היתכנות לסטייה ממנו, ואף מיקום העונש שלא ברף התחתון ממש, הרי שהזמנת חוות הדעת של הממונה על עבודות שירות מתבררת כמהלך מיותר.",eval
מדוע יש צורך בהחמרה בענישה בעבירות אלימות במשפחה?,"בית המשפט העליון התייחס לצורך בהחמרה בענישה במקרים של עבירות אלימות במשפחה, כאשר מדובר באלימות מתמשכת וחשש ממשי לשלומה של המתלוננת.",eval
מהי ההקלות האפשריות בנוגע לדרישה של נזק קונקרטי במקרה של סיום הליך בלי הרשעה?,"ככל שהעבירה ונסיבותיה מאפשרת סיום ההליך בלי הרשעה ניתן להקל בדרישה לגבי הנזק הקונקרטי, ההיפך.",eval
כיצד משפיעה ההרשעה על הנאשם בנסיבות המקרה?,"עצם ההרשעה, בנסיבותיו, היא בבחינת עונש כבד בפני עצמו.",eval
מהי התוצאה שנגרמה למתלונן וכיצד היא משפיעה על קביעת העונש?,"התוצאה היא שנגרם למתלונן חתך קל ברגלו, ואולם חומרת האירוע עצמו של אחיזה בחפץ חד ושימוש בו כדי לפתור סכסוכים, תוך כדי מרדף אחרי המתלונן, תוך כדי שימוש ברכוש של המתלונן כדי לסחוט ממנו כסף, כל אלה מחייבים עונש מאסר ברף התחתון של המתחם.",eval
מה המליץ שירות המבחן לגבי העונש במקרה זה?,"שירות המבחן המליץ על צו של\צ בהיקף מצומצם יחסית ואני סבור שהמלצת שירות המבחן, למעט אלמנט ביטול ההרשעה, המלצה שיש לקבלה בנסיבות העניין.""",eval
מדוע הסדר הטיעון שהוצג לא חורג ממדיניות הענישה הראויה?,"המסקנה היא שהסדר הטיעון שהוצג לי על ידי הצדדים, איננו חורג ממדיניות הענישה הראויה, ולכן ובהתחשב בנימוקי הצדדים להסדר, אני מאמץ את ההסדר כך שהעונש ייגזר לפי טווח הענישה המוסכם.",eval
מהי המסקנה לגבי קיומן של נסיבות מיוחדות המאפשרות סטייה ממתחם העונש?,"במקרה דנן לא מצאתי נסיבות מיוחדות המצדיקות סטייה ממתחם העונש ההולם, לחומרה או לקולה.",eval
"מהי העילה לסטייה ממתחמי העונש עבור הנאשמים 3, 1 ו-4?","קיימת עילה והצדקה לסטייה ממתחמי העונש שקבעתי בעניין הנאשמים 3,1 ו- 4 כך שייגזר עליהם עונש מאסר שניתן לריצוי בעבודות שירות, לצד קנס כספי ומאסר על תנאי.",eval
מדוע לא ניתן להסתפק בעונש שנופל מהשליש העליון שבמתחם?,לא ניתן להסתפק בעונש שנופל מהשליש העליון שבמתחם.,eval
כיצד השפיעה הסכמה בין הצדדים על מדיניות הענישה במקרה זה?,"על רקע ההסכמות בין הצדדים, בפרט לעניין הסיבה שהובילה את הנאשם לביצוע העבירה (צריכה עצמית של סמים), בחנתי מדיניות הענישה הנוהגת.",eval
מהו העיקרון שעליו יש להסתמך בקביעת מתחם העונש לעבירה לפי תיקון 113 לחוק העונשין?,"בהתאם לתיקון 113 לחוק העונשין, יש לקבוע, בטרם קביעת העונש המתאים, (בגין כל אחד מהאירועים), מתחם עונש הולם למעשה העבירה בהתאם לעקרון ההלימה ותוך התחשבות במידת הפגיעה בערך החברתי, במדיניות הענישה הנהוגה ובנסיבות הקשורות בביצוע העבירה.",eval
מהו העיקרון שנשמר כאשר לא מתבצעת סטייה מהמתחם בעונש?,ובוודאי לא כזה שיוביל לסטייה מהמתחם עד כדי ביטול של עקרון ההלימה.,eval
מהו השיקול המרכזי שיש לקחת בחשבון בעת קביעת מתחם הקנס?,"אשר למתחם הקנס, יש להתחשב בחומרת העבירה, סכום המס, אך גם ביכולתה הכלכלית של הנאשמת.",eval
מהו העיקרון שעליו יש להסתמך לקביעת מתחם העונש ההולם לפני קביעת העונש?,"בהתאם לתיקון 113 לחוק העונשין, יש לקבוע, בטרם קביעת העונש המתאים, (בגין כל אחד מהאירועים), מתחם עונש הולם למעשה העבירה בהתאם לעקרון ההלימה ותוך התחשבות במידת הפגיעה בערך החברתי, במדיניות הענישה הנהוגה ובנסיבות הקשורות בביצוע העבירה.",eval
מהי התרומה של הודאת הנאשם במעשיו לגזר הדין בעניינו?,"לזכותו של הנאשם יש לזקוף את העובדה שהודה במעשיו, לקח אחריות על מעשיו והביע חרטה, הנאשם אף צירף תיקיו.",eval
מדוע מצדיקות הנסיבות החריגות הנמכת תקרת הענישה במתחם העונש?,"נסיבות חריגות אלו, בהיבט נסיבות ביצוע העבירה (להבדיל מנסיבות אישיות), מצדיקות הנמכת תקרת הענישה שבמתחם לעונש שמתחיל ממאסר על תנאי לצד צו של\צ בהיקף נרחב ועד ל- 12 חודשי מאסר.""",eval
כיצד משפיעה ההפרעה לשוטר על הרף התחתון של המתחם במקרה של עבירות שהייה בלתי חוקית?,"כאשר מדובר בשתי עבירות של הפרעה לשוטר במילוי תפקידו לצד שתי עבירות של שהייה בלתי חוקית, הרף התחתון של המתחם \המשולב\"" אינו יכול לסבול ענישה שאינה כוללת מאסר בפועל ולו לתקופה קצרה.""",eval
מהי ההמלצה שניתנה לגבי הארכת המאסרים המותנים במקרה זה?,"על אף האמור בתסקיר ולנוכח העובדה שלא קיימת למעשה אפשרות להארכת המאסרים המותנים בצד מאסר בפועל ועבודות שירות, כפי שהציע שירות המבחן (מסיבות משפטיות), מצאתי לנכון לאמץ את המלצת שירות המבחן בנושא הארכת המאסרים המותנים, אך סבורני כי אין מנוס מהשתת רכיב נוסף של ענישה ממשית, ולו בדמות צו של\צ בהיקף נרחב (מאוד).""",eval
מהו השיקול הנוסף שיש לקחת בחשבון כאשר מדובר במאסר ראשון בחייו של הנאשם?,"אין להקל ראש בשיקול הנוסף לפיו מדובר במאסר ראשון בחייו של הנאשם, על כל המשתמע לכך, גם בהתחשב בגילו ובמצבו הרפואי (69).",eval
מהו השיקול שהוביל להקל בעונש הנאשם בהקשר להודאתו ולצירוף תיק נוסף?,"ולנוכח כל הנתונים שהוצגו, כולל הודאת הנאשם בשלב מוקדם של ההליך וצירוף תיק נוסף מתוך שאיפה לתת את הדין על מעשיו, יש מקום ללכת לקראת הנאשם בכך שהעונש יוצב בשליש התחתון שבמתחם.",eval
כיצד יש לגזור את מתחם העונש במקרה של נאשם שסייע לעבירה ולא היה המבצע העיקרי?,אני מסכים עם טענתו של הסנגור לפיה עליי לגזור את מתחם העונש בתיק זה כנגזרת ממתחם העונש שהייתי קובע אילו מדובר היה במבצע עיקרי.,eval
מהו השיקול שצריך להתחשב בו כאשר מדובר במאסר בפועל ראשון של הנאשם?,"כמו כן, יש להתחשב בכך שמדובר במאסר בפועל ראשון שייגזר על הנאשם.",eval
מהי המסקנה שהתקבלה בעקבות המלצת שירות המבחן ועמדת הצדדים?,כל אלה מובילים למסקנה שנכון לאמץ את המלצת שירות המבחן ואת עמדת הצדדים.,eval
מה יש לעשות אם יש להציב את העונש בתוך טווח הענישה?,"אם התשובה חיובית, יש להציב את העונש בתוך טווח הענישה (להבדיל ממתחם העונש ההולם), בין השאר תוך התחשבות בציפיית הצדדים.",eval
מהו העיקרון המנחה לגבי חיבור מתחמי העונש השונים בעבירות שונות?,"חיבור ושילוב מתחמי העונש השונים איננו מחייב צבירה מלאה של העונשים, שכן הענישה הראויה איננה נקבעת לפי תחשיב אריתמטי של מכפלת האירועים והאישומים במתחמי העונש.",eval
"מהו מתחם העונש ההולם לנאשם 4 בהתחשב בניהול חמש חברות עם מחזור הכנסות מצטבר מעל 17 מיליון ש\ח?""","בשים לב למכלול הנתונים, ובהם העובדה שהנאשם ניהל במקביל בתקופה של ארבע שנים לא פחות מחמש חברות, אשר מחזור ההכנסות המצטבר שלהן הוא מעל 17 מיליון ש\ח, מתחם העונש ההולם נע בין מאסר קצר ועד שנה וחצי מאסר ועונשים נלווים.""",eval
מהו רכיב הענישה הנוסף שנדרש להטיל על הנאשם בעקבות העבירות שביצע?,"יש לגזור על הנאשם רכיבי ענישה אחרים, כגון קנס לנוכח ההיבט הכלכלי בעבירות, וכן פיצוי פלילי.",eval
מדוע טענתו של הנאשם לגבי יום ביצוע העבירות אינה תואמת את החוק?,טענתו של הנאשם כי יש להימנע מחילוט משום שהעבירות בוצעו ביום אחד בלבד אינה עולה בקנה אחד עם החוק.,eval
מהו העונש שהוטל על הנאשם ומהי התקווה הנלווית לכך לאחר שחרורו?,"על אף שליחתו של הנאשם לעונש מאסר בפועל לראשונה בחייו, לא אסתיר את דעתי שמדובר בעונש שהוא נתון לשיטתי, בנסיבות ולכן אני תקווה כי הנאשם יצליח לגייס כוחות לצורך השתלבות חזרה במעגל חיים נורמטיבי לאחר שחרורו.",eval
מדוע יש לראות בעבירות שביצע הנאשם במהלך תקופת אבחון בשירות המבחן כנסיבה לחומרא?,אין להתעלם כי ביצוע עבירות במהלך תקופת אבחון בשירות המבחן היא נסיבה לחומרא משמעותית.,eval
כיצד משפיע צו ההרחקה שהוצא בעבר על הבנת חומרת העבירה במקרה זה?,הדברים מתחדדים לנוכח ביצוע העבירה כשבעבר הוצא צו הרחקה כנגד הנאשם.,eval
מה השיקולים שהובילו להעדפת טיעון הסנגור על פני גזר דין רגיל של מאסר בפועל?,"בסופו של דבר, ועל אף שבמקרה הרגיל נכון היה לגזור על הנאשם עונש של מאסר בפועל ממש, והרי לא ניתן למקמו בתחתית המתחם, חברו יחדיו כאמור שיקולים רבים שמטים את הכף לטובת טיעונו של הסנגור בדבר סטייה מהמתחם.",eval
מהו הבריח התיכון שהשפיע על ההחלטה בענישה?,"הבריח התיכון בהחלטתי מיום 12.6.22, הוא קיומם של קשיים ראייתיים ומשפטיים שהצדיקו לדעתי הליכה רבתי לקראת הנאשם במישור הענישה.",eval
מהו התנאי שצריך להתקיים כדי שבית המשפט יחרוג ממתחם העונש ההולם במקרה של שיקום?,"היו מעשה העבירה ומידת אשמו של הנאשם בעלי חומרה יתרה, לא יחרוג בית המשפט ממתחם העונש ההולם, כאמור בסעיף קטן (א), אף אם הנאשם השתקם או אם יש סיכוי של ממש שישתקם, אלא בנסיבות מיוחדות ויוצאות דופן, לאחר שבית המשפט שוכנע שהן גוברות על הצורך לקבוע את העונש במתחם העונש ההולם בהתאם לעיקרון המנחה, ופירט זאת בגזר הדין.",eval
מה נדרש כדי להצביע על תהליך שיקומי יסודי שעבר הנאשם?,"אין די התרשמות חיובית של שירות המבחן ויש להצביע על תהליך שיקומי וטיפולי יסודי ושורשי שעבר הנאשם, עד שניתן לומר שמדובר ב\אדם אחר\"" שעבר מטמורפוזה וכי הנאשם נמצא בפרק אחר בחייו, וכי הענשתו כגמולו עלולה להוריד לטמיון את מאמצי השיקום שערך בחייו.""",eval
מהו הקריטריון השני הנדרש לשם סטייה ממתחם העונש הראוי משיקולי שיקום?,"השני, השיקום רלוונטי לעבירות בהן הורשע במובן זה שמתקיים קשר ומתאם בין השיקום לבין הסיבות לביצוע העבירה.",eval
מהו הקשר הנדרש בין השיקום לבין העבירות בהן הורשע הנאשם?,"השני, השיקום רלוונטי לעבירות בהן הורשע במובן זה שמתקיים קשר ומתאם בין השיקום לבין הסיבות לביצוע העבירה.",eval
"מהו טווח העונש שהשופט קובע בתיק זה, בהתחשב בנסיבות המקרה?","לאור כל האמור, אני סבור שמתחם העונש ההולם בתיק זה נע בין 6 חודשים (שיכול וירוצו בעבודות שירות) ועד 15 חודשים.",eval
מה מצופה מהנאשמת כחשבת שכר מבחינת סטנדרט ההתנהגות שלה?,"בהקשר זה, אני מסכים עם התביעה שלאור מעמדה של הנאשמת ותפקידה כחשבת שכר, מצופה היה ממנה לשמור על סטנדרט התנהגות גבוה יותר.",test
מהו תפקיד הערכאה הדיונית בבחינת הסדרי טיעון בהתאם למתחם הענישה ההולם?,"דהיינו, הערכאה הדיונית מוסמכת ואף נדרשת לבחון הסדרי טיעון על רקע מתחם הענישה ההולם, שאותו יש לגבש בהתאם להוראות הקונקרטיות של תיקון 113.",test
כיצד השפיעו גזרי דין קודמים על מסקנת בית המשפט לגבי הענישה הנוהגת?,"בית המשפט סקר מספר רב של גזרי דין והגיע למסקנה כי הענישה הנוהגת אינה שוללת כי בתחתית המתחם יוטלו עונשים של מאסר על תנאי לצד של\צ.""",test
מהו הכלל המשפטי לגבי הרשעה בעבירות מיסים והאם יש לו חריגים?,"גם בעבירות מיסים, הכלל לפי יש להרשיע את הנאשם בדינו, איננו כלל נטול חריגים.",test
מדוע בית המשפט החליט לחרוג לקולא מהמתחם?,בית המשפט אף חרג לקולא מהמתחם משיקולי שיקום.,test
באילו מקרים חריגים יש מקום לשקול סטייה ממתחם העונש?,"כמו כן, לשיטתי, יש לעשות שימוש בשיקולי החסד והצדק כעילה לסטייה ממתחם העונש במקרים חריגים, שלא לומר נדירים, בהם תחושת הצדק מתקשה להשלים עם עונש (אכזרי) לנוכח נסיבות יוצאות דופן, כמו מחלה סופנית או מצב נפשי חמור.",test
כיצד יש להבין את ההסכמה בין הצדדים בנוגע לעונש בהקשר של טווח ענישה?,"לנוכח הפער המצומצם בעתירת הצדדים, ששניהם טענו למאסר בפועל שיכול שירוצה בעבודות שירות, כאשר המחלוקת ביניהם הצטמצמה לאורך התקופה, יש לראות בהסכמה בין הצדדים כטיעון בנסגרת \טווח ענישה\"" מוסכם.""",test
מהו הרף שנקבע לחומרת העבירה בהקשר של סוג הרכב המעורב?,"אני מסכים עם ההגנה שנסיבות ביצוע העבירה מציבות רף נמוך יחסית של חומרה בהיבטים הבאים: אחד, המדובר באופנוע ולא ברכב רגיל ולנתון זה  קיימת חשיבות כך לפי הפסיקה השונה שהוצגה לעיוני.",test
כיצד משפיעה הרשעה קודמת של הנאשם על קביעת עונשו במקרה זה?,"עצם העובדה שמדובר באדם שצבר לחובתו הרשעה קודמת בעבירה כה חמורה, ובעיקר שריצה מאסר כה ארוך יחסית, מהווה שיקול משמעותי שלא מאפשר הצבת עונשו ברף הנמוך שבמתחם.",test
מדוע לא נמצאו נסיבות מיוחדות המאפשרות סטייה ממתחם העונש ההולם במקרה זה?,"במקרה זה לא מצאתי נסיבות מיוחדות המצדיקות סטייה ממתחם העונש ההולם, לחומרה או לקולה.",test
כיצד השפיע ריבוי העבירות על קביעת המתחם האמור לפי פסיקה קודמת?,בית המשפט הפנה לפסיקה וקבע את המתחם האמור בשים לב לריבוי העבירות.,test
מהו מתחם העונש המומלץ במקרה הרגיל ללא הפגמים שנפלו בחיפוש?,"אקדים את המאוחר ואציין שלשיטתי, מתחם העונש במקרה \הרגיל\"" (ללא הפגמים) נע בין 15 חודשי מאסר ועד 30 חודשי מאסר בפועל, כעונש עיקרי.""",test
מהי המסקנה לגבי סטייה ממתחם העונש ההולם במקרה זה?,"במקרה דנן, בהעדר נסיבות יוצאות דופן, לא מצאתי נסיבות מיוחדות המצדיקות סטייה ממתחם העונש ההולם, לחומרה או לקולה.",test
מהו העיקרון שעליו יש להתבסס לקביעת מתחם העונש ההולם לפי תיקון 113 לחוק העונשין?,"בהתאם לתיקון 113 לחוק העונשין, יש לקבוע, בטרם קביעת העונש המתאים, מתחם עונש הולם למעשה העבירה בהתאם לעקרון ההלימה ותוך התחשבות במידת הפגיעה בערך החברתי, במדיניות הענישה הנהוגה ובנסיבות הקשורות בביצוע העבירה.",test
מהי ההמלצה של שירות המבחן בעקבות ההפחתה ברמת הסיכון הנשקפת ממצבו של הנאשם?,"שירות המבחן התרשם שחלה הפחתה ברמת הסיכון הנשקפת ממצבו, ולכן הומלץ כבר בתסקיר זה, על נקיטה בגישה טיפולית שיקומית.",test
מהי הסיבה להתחשב במצבם הכלכלי של הנאשמים במתחם העונש?,"אני קובע כי הוכח בפניי שמצבם הכלכלי של הנאשמים איננו איתן, ולכן הוא מצדיק התחשבות מסוימת על דרך הקלה קלה במתחם העונש שייקבע.",test
באילו מקרים תתבצע סטייה ממתחם העונש ההולם?,סטייה ממתחם העונש ההולם לפי צורכי שיקומו של הנאשם תיעשה במקרים חריגים כאשר עוצמת תהליך השיקום ראוי שתגבר על האינטרס הציבורי במיצוי הדין עם עברייני מס.,test
מהו השיקול המרכזי שנלקח בחשבון לקביעת העונש המתאים?,"בעת קביעת העונש המתאים בתוך מתחם העונש ההולם, לקחתי בחשבון לחומרה את אי הסרת המחדלים מושא כתב האישום למרות הזמן הרב שחלף מאז העבירות מבלי שהנאשם הסדיר את חובו \לחברה\"" ולרשויות המס.""",test
כיצד השפיעה התלות הרגשית של הנאשמת על קביעת מתחם העונש ההולם?,"בהינתן ההסכמה החריגה של הצדדים לפיה הנאשמת פעלה על פי הנחייתו של אחר, שנהג בה כחומר ביד היוצר, כי פיתחה תלות רגשית חזקה בו, על רקע מצב אישי ומחלות קשות מהן סבלה, כי היא נוצלה לרעה על ידו, כי מעשיה נבעו מתלות וחולשה מבלי שהשיגה תועלת אישית מהעבירה, הדבר מחייב קביעת מתחם עונש הולם מיוחד למקרה זה.",test
מהו המצב שנמצא בבדיקות הסמים של הנאשם וכיצד זה השפיע על ההליך?,כאן המקום לציין שהנאשם הוזמן למספר בדיקות אך התייצב לחלק מהן וכאמור הבדיקות הצביעו על שימוש פעיל בסמים וההסבר שמסר הנאשם לא היה מקובל על שירות המבחן ובצדק.,test
כיצד משפיעה האלימות המתמשכת והמצב של הנאשם על החומרה של העבירה?,"ביחס לעבירת האלימות והגם שלא נגרמו חבלות למתלוננת (מדובר בעבירת \תקיפה סתם\""), הרי שמדובר באירוע חמור בעיניי, אירוע מתגלגל של אלימות מתמשכת, המלווה ביחס אדנותי, ופרץ אלימות כלפי גופה של המתלוננת ורכושה, תוך שהנאשם שיכור ומחזיק בסכין.""",test
מה חשוב להבהיר לגבי שיקולים לחריגה ממתחם העונש משיקולי שיקום?,"נפסק (כב' השופטת ברק-ארז): חשוב להבהיר: אין מדובר ברשימה ממצה של שיקולים, והתקיימותו של שיקול זה או אחר אינה מצדיקה בהכרח חריגה ממתחם העונש משיקולי שיקום.",test
כיצד נטילת האחריות משפיעה על ההבנה של הנאשם את הפסול במעשיו?,"נטילת האחריות משקפת אמירה ערכית של קבלה, הבנה והפנמה של הפסול במעשים.",test
כיצד מתאר כתב האישום את פעילותו של נאשם 1 ומהו מתחם העונש ההולם בעניינו?,"לעניין נאשם 1, כתב האישום מתאר פעילות במשך חודשיים ימים כמוקדן, תמורה כספית וסיוע בדיור (תמורה זעומה יחסית) ולכן, ועל העקרונות הכלליים, מתחם העונש ההולם בעניינו נע בין 10 חודשי מאסר לבין 20 חודשים, לצד ענישה נלווית של מאסר מותנה וקנס כספי.",test
מדוע לא ניתן להקל ראש בעבירות מסוג זה בהליך המשפטי?,"ראשית, מדובר בעבירות שאין להקל בהן ראש ואינן יכולות להשתלב בוודאי בקלות עם סיום ההליך בדרך של אי הרשעה.",test
אילו נתונים נלקחו בחשבון בנוגע לנסיבות שאינן קשורות בביצוע העבירה?," במסגרת הנסיבות שאינן קשורות בביצוע העבירה לקחתי בחשבון את הנתונים הבאים: בעניין זה, ועל אף התסקיר השלילי, אני קרוב יותר לעמדת ההגנה, זאת לנוכח גילו של הנאשם והיעדר עבר פלילי.",test
מהי ההשפעה של הנסיבות על קביעת מתחם העונש במקרה זה?,"כל אלה אינם מאפשרים התייחסות מקלה לאירוע ומחייבים קביעת מתחם עונש קרוב למתחם שהציעה התביעה ולכן, אני קובע כי מתחם העונש מתחיל ב – 9 חודשים ועד ל – 20 חודשי מאסר.",test
כיצד משפיעות נסיבות ביצוע העבירה על קביעת העונש במקרה זה?,"קביעה זו נסמכת על נסיבות ביצוע העבירה כאשר מדובר בעבירות שבוצעו ב-2 הזדמנויות כלפי המתלוננת, בנוכחות בני המשפחה ובאישום 1, המעשים היו חמורים והותירו חבלות בגופה של המתלוננת.",test
באילו מקרים עשויים בתי המשפט לגזור עונשי מאסר בעבודות שירות?,"לעיתים, במקרים מתאימים, ובכלל זאת מקרים בהם לא הוסרו המחדלים כלל או הוסרו באופן חלקי גוזרים בתי המשפט בגין ביצוע העבירות עונשי מאסר לריצוי בעבודות שירות, לצד ענישה צופה פני עתיד וקנס.",test
מהי המדיניות בענישה בעבירות סמים וכיצד היא משפיעה על העונש המוטל על הנאשם?,"מדיניות הענישה הנהוגה בעבירה בה הורשע הנאשם, מתחשבת בצורך במאבק בנגע הסמים ובתפקיד בית המשפט, בהעברת מסר מתבקש, באמצעות השתת עונשים חמורים על מי שפוגע במעשיו במאבק בנגע זה.",test
מדוע לא הייתה הצדקה להזמין תסקיר במקרה זה?,"בנסיבות אלו סברתי שאין כל הצדקה בנסיבות התיק להזמנת תסקיר, בפרט לאחר שהנאשם כפר וניהל את ההוכחות ועד תום, והוא ממשיך לכפור בתיק (וכאמור שוב זו זכותו המלאה), ואולם לא ניתן להקל עמו כמו שנעשה בתיקים האחרים שהוצגו על ידי ההגנה.",test
מה ציין שירות המבחן לגבי גישתו של הנאשם לאחריות למעשיו?,"כמו כן, בגוף התסקיר, ציין שירות המבחן שהנאשם נוקט בגישה ממזערת באחריותו למעשים, וכן באשר לחומרת מעשיו המגלמת בתוכה התנהגות הממוקדת בצרכיו האישיים, והגמשת גבולות לתועלת אישית, מבלי לייחס חשיבות למשמעות והשלכות מעשיו.",test
מהו השיקול הראשון שיש לקחת בחשבון במתחם הקנס?,"כידוע, במתחם הקנס, יש להתחשב, כבר בשלב הראשון של בניית גדרי המתחם במצבו הכלכלי של הנאשם.",test
מהו מתחם העונש ההולם שנקבע במקרה זה?,"לאור כלל האמור לעיל סבורני כי מתחם העונש ההולם במקרה דנן הוא בין מאסר על תנאי לצו של\צ ועד ל-12 חודשי מאסר בפועל.""",test
מהו החשש הנוגע ליציבות התעסוקתית של הנאשם בעקבות אפשרות של עונש מאסר?,"מדובר בנאשם בן 50, גרוש שהשתלב לאחרונה בעבודה משמעותית והחשש הוא ששליחתו לעונש מאסר ולו בעבודות שירות יכול לזעזע את היציבות התעסוקתית.",test
מהי העמדה של הנאשם בנוגע לאחריות למעשיו לפי התסקיר?,"כאמור, הנאשם מחזיק בעמדה קורבנית וחסר יכולת לבקר את מעשיו ותפיסותיו, תוך שהוא משליך את האחריות  על מעשיו על נסיבות חייו והתסקיר נעדר אופק שיקומי הודות לעמדותיו של הנאשם.",test
כיצד תיבחן מידת הפגיעה בערכים המוגנים בעבירה של החזקת סמים?,בחינת מידת הפגיעה בערכים המוגנים תעשה לפי נסיבות ביצוע העבירה.,test
באילו מקרים עשויים בתי המשפט לגזור עונשי מאסר בעבודות שירות לצד ענישה נוספת?,"לעיתים, במקרים מתאימים, ובכלל זאת מקרים בהם לא הוסרו המחדלים כלל או הוסרו באופן חלקי גוזרים בתי המשפט בגין ביצוע העבירות עונשי מאסר לריצוי בעבודות שירות, לצד ענישה צופה פני עתיד וקנס.",test
כיצד משפיעים חלוף הזמן ונסיבותיו האישיות של הנאשם על קביעת העונש במקרה זה?,"עוד יש מקום להתחשבות בחלוף הזמן (עבירות משנת 2018-2019), בנסיבותיו האישיות, מצבו הרפואי (מחלות לב, כאבי כתף, גב ורגליים) מצבו הכלכלי של הנאשם (ללא עבודה כיום) כפי שבאו לידי ביטוי בטיעוני ההגנה ובתסקיר, בעיקר לעניין הטיפול בנכדו שסובל מלקויי שמיעה.",test
מהי הסיבה לכך שלא ניתן להעתר לבקשת ההגנה להזמין חוות דעת בעניינו של הנאשם?,"לא ניתן להעתר לבקשת ההגנה להזמין בעניינו של הנאשם חוות דעת ממונה על עבודות שירות, שכן המתחם שקבעתי אינו מאפשר זאת, בוודאי כאשר מיקמתי את הנאשם שלא ברף התחתון כך שלא ניתן להסתפק בעונש הנופל מ-9 חודשי מאסר.",test
אילו קריטריונים נלקחים בחשבון לקביעת המתחם בענישה בעבירות אלימות?,"הקריטריונים השונים שקובעים את המתחם חוזרים לנסיבות ביצוע העבירה, למשל האמצעי, ההצטיידות מראש, התכנון, מידת הפגיעה, משך האירוע, חבירה משותפת ואלמנטים נוספים שיכולים לספק חוקיות מסוימות במנעד הענישה הרחב הקיים.",test
מהי המסקנה שהושגה לגבי אפשרות החריגה מהמתחם בעקבות השיקום של הנאשם?,"מדובר במקרה גבולי, שכן השיקום שעולה מהתסקיר איננו דרמטי במיוחד, אך אין ספק שהנאשם עלה על מסלול חיים חיובי והוא יוכל לגייס כוחות לתפקוד תקין ולכן בסופו של דבר ולאחר שעיינתי במסמכים שהוגשו לעיוני מפסיכיאטרית מומחית, ד\ר לימור כספי, וכן מסמך נוסף בעניין ייעוץ לטיפול בקנביס רפואי, הגעתי למסקנה שהחריגה מהמתחם יכול שתגיע לכדי ענישה של צו של\""צ וצו מבחן חלף מאסר קצר בעבודות שירות.""",test
מדוע יש לשקול את השיקולים באימוץ הסדר טיעון בנפרד משיקולי תיקון 113 לחוק העונשין?,"לצד זאת, בעת הבחינה, אין להתעלם מכך שהשיקולים שבבסיס אימוצו של הסדר טיעון אינם זהים בהכרח לאלה הנשקלים במסגרת תיקון 113 לחוק העונשין, ובכללם ציפיית הנאשם כי הסדר הטיעון יאומץ.",test
מהו הקשר בין הכמות המשמעותית של הסמים למקרה הנדון בבחינת קל וחומר?,"גם כאן, הכמות המשמעותית מלמדת על המקרה דנן בבחינת קל וחומר.",test
מהן הנסיבות שנלקחו בחשבון בקביעת המתחם לעונש במקרה זה?,"בקביעת המתחם לקחתי בחשבון את הנסיבות הקשורות בביצוע העבירה לרבות: חלקו הבלעדי של הנאשם בביצוע העבירה, העובדה שהעבירה בוצעה תוך בחירת קורבן אקראי במרחב הציבורי, העובדה שמדובר במתלוננת צעירה לימים, שעל אף שלא נקבעה מודעותו של הנאשם לגילה המדויק (פחות מ- 14 שנים בזמן העבירה), הרי שמדובר בכל מקרה בקורבן שהיא צעירה מאוד.",test
מהי המדיניות המשפטית שנוהלה טרם תיקון 113 לחוק העונשין בנוגע להסדרי טיעון?,"זאת לאור המדיניות המשפטית אשר הייתה נהוגה אף טרם כניסתו של תיקון 113 לחוק העונשין לתוקף, לפיה על בית המשפט לבחון את העונש המוסכם על פי הסדר הטיעון בהתאם לאמות המידה המקובלות.",test
מדוע יש לתת פחות משקל לנסיבות האישיות בעבירות מס לעומת עבירות אחרות?,"שנית, הפסיקה חזרה והדגישה שהמשקל שיינתן בעבירות מס לנסיבות האישיות פחות מעבירות אחרות.",test
מהו פוטנציאל הנזק הנובע מסחר בסמים לקטינים בהשוואה לסחר הרגיל?,"פוטנציאל הנזק מסחר בסמים לקטינים גדול באופן משמעותי מהנזק הצפוי מעבירת הסחר הרגילה, וכידוע זהו שיקול הקובע את גדרי המתחם.",test
מהו הנזק שנגרם לקופה הציבורית בעקבות העבירות שביצעה הנאשמת?,"אשר לערכים המוגנים בבסיס העבירות, אציין שמדובר בעבירות כלכליות, בניסיון להשיג רווחים קלים על חשבון הציבור, ועל אף שהנאשמת עצמה לא שלשלה לכיסה רווחים אישיים, המעשים פגעו וגרעו מקופת הציבור סכומי כסף משמעותיים.",test
מדוע לא נמצאה עילה לסטייה מהמתחם שנקבע?,לא מצאתי עילה או הצדקה לסטייה מהמתחם משיקולי שיקום.,test
מהי ההקלה בעונש שניתן להעניק לנאשם בעקבות מאסרו הראשון?,"בתוך המתחמים פנימה, הגם שאין מנוס מעונש שעיקרו כליאה לתקופה ממשית, מצדיקות הנסיבות לעיל הקלה משמעותית בעונשו של הנאשם, שזהו לו מאסרו הראשון.",test
מהו השיקול שהוביל למסקנה שלא לחרוג מהמתחם לקולא במקרה זה?,"לא מצאתי לחרוג מהמתחם לקולא, שכן על אף הנתונים החיוביים הרבים בעניינו של הנאשם, לא ניתן להצביע על תהליך שיקום עמוק ושורשי שעבר, אך בהחלט אינטרס השיקום שבא לידי ביטוי בהמלצות החיוביות של התסקיר, יבוא לידי ביטוי בשאלת מיקום העונש בתוך המתחם.",test
מהו השיקול שיכול לגבור על האינטרס הציבורי לפי הלכת תמר כתב והלכת רומנו?,"כפי שנקבע בהלכת תמר כתב וגם בהלכת רומנו שיקול שיקום יכול לגבור על האינטרס הציבורי ובתוך שיקול השיקום קיימים מרכיבים נוספים מלבד הנזק התעסוקתי, כמו למשל הפגיעה בדימוי העצמי, הפגיעה באפשרויות לימוד שונות,  ואולם במקרה שלפניי אני סבור שהתהליך השיקומי המוצלח שעברה הנאשמת אינו יכול להוות משקל נגד כה עוצמתי לשיקוים הנוגדים.",test
אילו נסיבות נלקחו בחשבון בקביעת המתחם לעונש במקרה זה?,"בקביעת המתחם לקחתי בחשבון את הנסיבות הקשורות בביצוע העבירה לרבות: עצם הכמות והמשקל, העובדה שמדובר בגידול במעבדת סמים, תוך שימוש בציוד (אוהלי חממה, גופי חימום ותאורה).",test
מהו התנאי להחרגת הנאשם ממתחם העונש ההולם במקרה של חומרה יתרה?,"(ב) היו מעשה העבירה ומידת אשמו של הנאשם בעלי חומרה יתרה, לא יחרוג בית המשפט ממתחם העונש ההולם, כאמור בסעיף קטן (א), אף אם הנאשם השתקם או אם יש סיכוי של ממש שישתקם, אלא בנסיבות מיוחדות ויוצאות דופן, לאחר שבית המשפט שוכנע שהן גוברות על הצורך לקבוע את העונש במתחם העונש ההולם בהתאם לעיקרון המנחה, ופירט זאת בגזר הדין.",test
מהו הערך המרכזי המוגן בבסיס העבירה של בניה בלתי חוקית?,"בבסיס העבירה של בניה בלתי חוקית ערכים מוגנים ובראשם שמירה על שלטון החוק ועל הסדר הציבורי, שמירה על המרחב התכנוני, על הסביבה ועל בטיחות ואיכות חיי התושבים.",test
מהו הקשר בין נטילת אחריות חלקית לבין האפשרות להימנע מהרשעה בדין?,"נטילת אחריות חלקית איננה מתיישבת בדרך כלל עם מהלך שהוא בבחינת \לפנים משורת הדין\"" לפיו ייקבע שהנאשם ביצע את המיוחס לו אך יימנע מהרשעתו בדין.""",test
מדוע יש להטיל פיצויים משמעותיים על הנאשם במקרה זה?,"כבר כעת, הטיפולים הנפשיים שקיבלה המתלוננת ועודנה מקבלת, מחייבים הטלת פיצויים משמעותיים על הנאשם.",test
מהי עמדת בית המשפט לגבי מיקום העונש של הנאשם בהתחשב בנסיבותיו האישיות?,"תוך התחשבות בנסיבות האישיות ומצבו הכלכלי של הנאשם, הודאתו והעדר עבר פלילי רלוונטי, אני סבור שיש למקם את עונשו קרוב לאמצע המתחם.",test
מהי המשמעות של השימוש בכוח פיזי כלפי ילדים חסרי ישע?,"אין כמותם בוודאי הילדים, חסרי ישע – והעושה שימוש בכוחו הפיסי הרב יותר ובשליטתו כלפיהם בהפעלת אלימות, חוטא להם וחוטא לחברה.",test
מה ניתן להסיק לגבי סמכות בית המשפט להימנע מהוצאת צווי הריסה במקרים חריגים?,"ניתן להסיק מסמכותו של בית המשפט להימנע מהוצאת צווי הריסה במקרים חריגים, כאשר הדבר יוצר חוסר צדק.",test
"מהי החשיבות של עידוד נאשמים להודות במצבים של קושי ראייתי, כפי שנדון בע\פ 122/14?""","עוד לעניין משקל ההודאה וחשיבות של מתן תמריצים לנאשמים להודות גם במצבים של העדר ודאות בתוך קושי ראייתי, אפנה לדבריו של כב' השופט מלצר בע\פ 122/14 שוורצפל ואח' נגד מדינת ישראל (2014), שם, בפרט בפסקאות 20-22 ניתן דגש על חשיבות עידוד נאשמים להודות, וזאת בקשר עם התשתית הראייתית ועוצמתה ביחס אליהם.""",test
"מהו המתחם שנקבע בגין תיק זה, בהתחשב בסכומים ובחומרת האישומים?","בנוכח הסכומים וחומרתם היחסית של האישומים, נכון לקבוע מתחם שנע בין 10-20 חודשי מאסר בגין תיק זה.",test
מהי הסיבה לכך שלא הורחבה ההתייחסות לפסיקה והענישה הנוהגת במקרה זה?,"כאמור, לא מצאתי להרחיב לגבי הפסיקה והענישה הנוהגת, לאור קביעותיי בעניינה של הנאשמת האחרת ולאור מסקנתי בהמשך שעתירת התביעה בעניין המתחם מוצדקת אך קיימת הצדקה לאור המלצות שירות המבחן והקשר הטיפולי שנבנה, ועל אף שהוא קשר טיפולי ראשוני, לסטות במידה מסוימת ממתחם העונש ההולם.",test
מהו מתחם העונש ההולם שנקבע על רקע נסיבות ביצוע העבירה?,"באותו תיק קבעתי שמתחם העונש ההולם על רקע נסיבות ביצוע העבירה נע בין מאסר מותנה ועד שנת מאסר, תוך שהפניתי לפסיקה.",test
מהי החשיבות של חלוף הזמן ללא ביצוע עבירות נוספות לעניין העונש?,"כאן המקום שלאלמנט חלוף הזמן, מבלי שנעברו על ידי הנאשם עבירות נוספות (במשך 8 שנים), הוא נתון בעל חשיבות רבה לעניין העונש.",test
מדוע לא ניתן להחמיר עם הנאשם בשל כפירתו?,"כך או כך, לא ניתן להחמיר עם הנאשם בשל כפירתו, דאי לאחר שכתב האישום תוקן באופן משמעותי.",test
מהו השינוי המהותי שהתהליך הטיפולי לא הביא עמו בהתייחסות הנאשם לעבירות?,"על אף שיש לעודד את הנאשם בהמשך קשר והסתייעות בגורמי הטיפול, לא ניתן לומר שהתהליך הטיפולי שהוא עובר הביא עמו שינוי מהותי בהתייחסותו של הנאשם לעבירות שביצע.",test
מהו העיקרון שעליו יש להתבסס לקביעת מתחם העונש ההולם לעבירה?,"בהתאם לתיקון 113 לחוק העונשין, יש לקבוע, בטרם קביעת העונש המתאים, מתחם עונש הולם למעשה העבירה בהתאם לעקרון ההלימה ותוך התחשבות במידת הפגיעה בערך החברתי, במדיניות הענישה הנהוגה ובנסיבות הקשורות בביצוע העבירה.",test
מהו האיזון הנדרש בין צרכי השיקום לבין האינטרס הציבורי בעבירות חמורות?,"כידוע, גם לאחר שבית המשפט מאמץ גישה שיקומית, העונש ייקבע לפי צרכי השיקום אך כשמדובר בעבירות חמורות, האינטרס הציבורי אינו מתפוגג והוא מושך לכיוון התקרה של העונש שאיננו מסכל את תכלית השיקום.",test
כיצד התייחס שירות המבחן לסיכויי השיקום של הנאשם בחוות דעתו?,"שירות המבחן אשר הכיר את הנאשם מלפני ולפנים, הביע את דעתו במסגרת חוות דעת ברורה וחד משמעית בענין סיכויי שיקומו, ואין לי אלא להצטרף בחום להמלצה של שירות המבחן.",test
אילו נסיבות נלקחו בחשבון בקביעת המתחם לעונש במקרה זה?,"בקביעת המתחם לקחתי בחשבון את הנסיבות הקשורות בביצוע העבירה לרבות: ראשית, הנזק העצום שנגרם כתוצאה מהעבירה.",test
כיצד משפיעה התקופה המשברית על מעשיו של הנאשם במקרה זה?,"מדובר באירוע נקודתי, קצר, על רקע תקופה משברית ומעשיו של הנאשם בהמשך (השיבוש), כך הוסבר, נבעו מדינמיקה שלילית בצל קשר זוגי לא בריא.",test
מהי המשמעות של ביצוע העבירה בצוותא חדא בהקשר לחומרת הענישה?,"שנית, מדובר בביצוע בצוותא חדא יחד עם אחרים, וזוהי נסיבה לחומרה כמובן.",test
מהו העונש שהוטל על הנאשם בהתחשב בחומרת העבירה ובנסיבותיה?,"יתרה מכך, במקרה דנן לא היה מנוס מלהשית על המבקש עונש המבטא את חומרת העבירה שבה הורשע ונסיבות ביצועה, ואף הוקל עימו במידה ניכרת משלא הושת עליו עונש מאסר מאחורי סורג ובריח.",test
כיצד השפיעו השינויים במישורי חייו של הנאשם על ההחלטה להקל בעונשו?,"השינוי במישורי חייו השונים של הנאשם החל ממעבר דירה, נישואין, השתלבות בעבודה יציבה, דיווחים חיוביים מצד בת הזוג ומצד המעסיק ומנגד, נתק מוחלט ממשפחת המקור, כל אלה מצדיקים הליכה לקראת הנאשם תוך קפיצה מעל הרף התחתון של המתחם שנקבע.",test
אילו נסיבות מיוחדות לא נמצאו במקרה זה כדי justify סטייה ממתחם העונש ההולם?,"במקרה דנן לא מצאתי נסיבות מיוחדות המצדיקות סטייה ממתחם העונש ההולם, לחומרה או לקולה.",test
מה משפיע על משך המאסר שנגזר על הנאשם?,"משך המאסר נגזר מהסכום שנגזל מקופת המדינה, תקופת העבירות, ריבוי המעשים, ונסיבות מיוחדות של ביצוע העבירות.",test
כיצד משפיע עבר פלילי של הנאשם על קביעת העונש במקרה זה?,"אזכיר שלנאשם עבר פלילי ולכן ברור שבעניינו העונש לא אמור להיות ממוקם ברף התחתון ממש, לכן התביעה בהסכמתה להגביל עצמה מראש ל 12 חודשים הבינה כי התיק מגלם בתוכו נסיבות מיוחדות שאינן מלמדות על המקרה הטיפוסי של התפרצות לדירת מגורים.",test
מהו העיקרון המנחה בענישה לפי סעיף 40ב לחוק העונשין?,"לפי סעיף 40ב לחוק העונשין, העיקרון המנחה בענישה הוא קיומו של יחס הולם בין חומרת מעשה העבירה בנסיבותיו ומידת אשמו של הנאשם ובין סוג ומידת העונש המוטל עליו.",test
מדוע הנאשם אינו זכאי להקלות המיועדות לנאשמים המודים במעשים?,הנאשם אינו זכאי לאור הדברים לאותה הקלה שזכאים לה נאשמים שמודים ומכים על חטא.,test
מהו המוקד בבחינת הענישה כאשר מדובר במתחמים שונים?,"במילא, גם לו הייתי קובע מתחמים שונים יעלה צורך לבחון את הענישה ממבט מעל, כשבמוקד - סכום המחדל הפלילי הכולל.",test
מהי הגישה המחמירה שננקטה בתיקים דומים בהתחשב במחזור עסקי של כ- 121 מיליון ₪?,"מנגד, אין להתעלם מגישה מחמירה בתיקים דומים בו נקבע מתחם שנע בין 5-15 חודשי מאסר בהתחשב במחזור עסקי של כ- 121 מיליון ₪.",test
מהו הרכיב שנמצא לא נדרש במקרה זה לאחר דחיית המלצת שירות המבחן?,"בנסיבות הכוללות ולאחר שדחיתי את המלצת שירות המבחן לבטל את הרשעתו של הנאשם, אינני סבור שנדרש רכיב של של\צ ויש להסתפק במאסר על תנאי וצו מבחן לצד קנס.""",test
"מהי החשיבות של יציבות תעסוקתית במצבו של הנאשם, לפי שירות המבחן?","שירות המבחן ציין את החשיבות הרבה בהמשך יציבות תעסוקתית, מבחינה כלכלית ולאור מצבו המשפחתי הרגיש של הנאשם.",test
מהי המסקנה לגבי האירוע והאפשרות להימנע מהרשעה במקרה זה?,"האירוע הוא אירוע בודד ולאור נסיבות ביצוע העבירה לרבות העובדה שאותו תושב האיזור קיבל אישורי שהייה בעברו, ולנוכח שיקול דעת מוטעה שהפעיל הנאשם, הגעתי למסקנה שנכון להימנע מהרשעתו ולהסתפק ברכיב של של\צ בהיקף לא מבוטל.""",test
מדוע עשויה ההפרדה בין השלבים לתרום להכרעה צודקת ושוויונית?,"ההנחה היא שההפרדה בין השלבים, תוך קביעת גבולות גזרת העונש לפי נתונים אובייקטיביים טהורים, עשויה לתרום להכרעה נטולת הטיות, צודקת מחד, ואף שוויונית יותר מאידך.",test
מה קבע בית המשפט העליון לגבי סטייה מהענישה המקובלת במקרים דומים?,בית המשפט העליון קבע כי אין מקום לסטות מן הענישה המקובלת במקרים דומים.,test
כיצד השפיעו נסיבות ביצוע העבירות על קביעת העונש ולאפשרות להסתפק בעבודות שירות?,"כפי שפירטתי לעיל, ולאחר העמקה בנסיבות התיק, מדיניות הענישה, בפרט פסיקה שניתנה לאחרונה על ידי בית המשפט המחוזי בתל אביב, ונסיבות ביצוע העבירות, לצד אי הסרת המחדלים באופן מלא, הגעתי למסקנה שלא ניתן להציב את העונש על הרף התחתון ממש ולא ניתן להסתפק בעונש שירוצה בעבודות שירות.",test
מהו המידע המטריד שנמסר על ידי הנאשם לשירות המבחן?,"תיאורו של הנאשם בפני השירות כשעודנו זקוק לתחושת ריגוש בחייו, מטריד כשלעצמו ומחזק את מסקנתי לעיל.",test
מהו הצורך החברתי המובהק המוביל להגנה על קטינים מפני ניצול?,"מדובר בצורך חברתי להעניק הגנה לקטינים, למנוע ניצולם, כדי לאפשר להם סביבה בטוחה ככל האפשר.",test
מדוע לא מתיישב מתחם העונש התחתון עם הנסיבות המחמירות במקרה זה?,"ברם, דעתי היא שלנוכח הנסיבות המחמירות, רצף האירועים, התכנון, האיומים, ההגעה למקום, השימוש בנשק קר, האלימות הקשה כלפי המתלוננת ואחותה, היות האירוע מתמשך, הרקע לביצוע העבירות (רצון של הנאשם להשליט דעתו על נושא שמצוי בליבת האוטונומיה של המתלוננת על חייה), הנזק הרפואי, איבוד ההכרה, הצורך בטיפול רפואי, החבלות- כל אלה אינם מתיישבים עם מתחם עונש שמתחיל ברף התחתון שבו בעונש שיכול שירוצה בעבודות שירות.",test
מדוע לא נמצאו נסיבות מיוחדות המצדיקות סטייה ממתחם העונש במקרה זה?,"במקרה דנן לא מצאתי נסיבות מיוחדות המצדיקות סטייה ממתחם העונש ההולם, לחומרה או לקולה.",test
מדוע האופציות העומדות בפני בית המשפט מצומצמות במקרה של מאסרים מותנים תלויים ועומדים?,"הקושי הוא, שכתוצאה מקיומם של מאסרים מותנים תלויים ועומדים נגד הנאשם, האופציות העומדות בפני בית המשפט מצומצמות למדי: הארכת המאסרים המותנים, תוך קבלת הגישה השיקומית במלואה, לעומת הפעלת המאסרים המותנים ושליחת הנאשם לריצוי מאסר בפועל למשך תקופה לא קצרה, דבר שיכול לחבל בהליך השיקום המרשים שעובר הנאשם.",test
מהי הסיבה להזמנת תסקיר משלים בעניינו של הנאשם לאחר האירוע החדש?,"בהחלטה מיום 19.10.22 הוריתי להזמין תסקיר משלים שיעמיק בנושא הסתבכותו של הנאשם באירוע החדש, שכן, סברתי שעצם הסתבכותו (לכאורה) באירוע אלימות חדש, מעיב על התמונה החיובית שהוצגה על ידי שירות המבחן.",test
מהי החשיבות בזיהוי הערכים המוגנים לצורך קביעת מתחם העונש ההולם?,"לצורך קביעת מתחם העונש ההולם, על בית המשפט לזהות את הערכים המוגנים בבסיס העבירות המיוחסות לנאשם, מידת הפגיעה באותם ערכים, מדיניות הענישה הנוהגת ונסיבות ביצוע העבירה.",test
כיצד משפיע שיקול השיקום על קביעת מתחם העונש במקרה של הנאשם?,"שיקול השיקום יכול לפעול בתוך המתחם לקולה, ורק אם הוא מתקיים ובעוצמה גבוהה בכוחו להביא סטייה מהמתחם.",test
מהו המיקום הנכון לעונשו של הנאשם במתחם העונש?,"לאור כל האמור לעיל, מצאתי שנכון למקם את עונשו של הנאשם בשליש הנמוך שבמתחם, אם כי לא ברף התחתון ממש.",test
מהו המתחם ההולם לעונש בגין שני האירועים שנדונו?,מתחם העונש ההולם בגין שני האירועים בהצטברות ביניהם לא יכולה להתחיל מענישה שאיננה כוללת מאסר בפועל.,test
מהו השיקול המרכזי המונע הסתפקות בענישה צופה פני עתיד במקרה של נאשם עם עבר פלילי?,"הדברים במקרה הספציפי מתחדדים לנוכח עברו הפלילי של הנאשם, כך שבכל מקרה לא ניתן להסתפק בענישה שכל כולה צופה פני עתיד.",test
"מהן שתי התכליות להתחשבות בהסרת מחדלים בעבירות מס, כפי שנקבע ברע\פ 7851/13?""","ברע\פ 7851/13 עודה נ' מדינת ישראל (3.9.2015) צוין כי להתחשבות בהסרת המחדל שתי תכליות, האחת \""סילוקו של המחדל כרוך בהשלמת החסר מקופת המדינה והטבת הנזק שנגרם כתוצאה מהעבירה\"" והשנייה \""עידוד הבעת חרטה וקבלת אחריות לביצוע העבירה בידי הנאשם\"".""",test
מדוע יש לחתור לביטול הכדאיות הכלכלית בביצוע עבירות מס באמצעות הענישה?,"לכן - כך נקבע בפסיקה - יש לחתור, באמצעות הענישה, לביטול אלמנט הכדאיות הכלכלית בביצוען.",test
מהי המסקנה לגבי מיקום עונשיהם של הנאשמים במתחם העונש?,"המסקנה מכל האמור, היא שנכון למקם את עונשיהם של הנאשם קרוב יותר לחלק הנמוך שבמתחם.",test
מהם הערכים המוגנים בעבירת האיומים שנדונה במקרה זה?,"הערכים המוגנים בבסיס עבירת האיומים הם: שמירה על שלוות נפשה ובטחונה של המתלוננת (אמו של הנאשם) בתוך התא המשפחתי, ותרומתו של בית המשפט במלחמה בנגע האלימות שפשטה בחברה.",test
מהו העונש שהוטל על הנאשם בעקבות הסטייה ממתחם העונש ההולם?,"בית המשפט סבר כי יש מקום לסטות ממתחם העונש ההולם והנאשם נדון לצו של\צ בהיקף של 250 שעות, מע\""ת, צו מבחן וקנס.""",test
מהי ההשפעה של התרשמות חיובית של שירות המבחן על מיקום העונש במתחם?,"למרות האמור, אני סבור שניתן, בהחלט ניתן להתחשב בהתרשמות החיובית של שירות המבחן מהנאשם בכל הנוגע למיקום העונש בתוך המתחם.",test
מהו העיקרון שעליו יש להסתמך בעת קביעת מתחם העונש ההולם לעבירה?,"בהתאם לתיקון 113 לחוק העונשין, יש לקבוע, בטרם קביעת העונש המתאים מתחם עונש הולם למעשה העבירה בהתאם לעקרון ההלימה ותוך התחשבות במידת הפגיעה בערך החברתי, במדיניות הענישה הנהוגה ובנסיבות הקשורות בביצוע העבירה.",test
מהו השיקול שיש לקחת בחשבון בעת גזירת העונש לנאשם מעבר לביצוע העבירה?,בגזירת העונש המתאים לנאשם יש להתחשב בנסיבות שאינן קשורות בביצוע העבירה.,test
מהי הסיבה לאימוץ המלצת שירות המבחן להאריך את המאסרים המותנים למרות הצורך בענישה ממשית נוספת?,"על אף האמור בתסקיר ולנוכח העובדה שלא קיימת למעשה אפשרות להארכת המאסרים המותנים בצד מאסר בפועל ועבודות שירות, כפי שהציע שירות המבחן (מסיבות משפטיות), מצאתי לנכון לאמץ את המלצת שירות המבחן בנושא הארכת המאסרים המותנים, אך סבורני כי אין מנוס מהשתת רכיב נוסף של ענישה ממשית, ולו בדמות צו של\צ בהיקף נרחב (מאוד).""",test
מהי הדעה הרווחת לגבי דיון לפי תיקון 113 כאשר מוצג הסדר טיעון?,"והרי הדעה הרווחת היא שבית המשפט אינו פטור מקיום דיון לפי תיקון 113 לחוק העונשין גם כאשר מוצג לו הסדר טיעון, גם מסוג טווח ענישה.",test
כיצד משפיעים הנתונים האישיים של הנאשמים על מיקום העונש במתחם?,"הנתונים האישיים לפיהם מדובר בנאשמים צעירים, נטולי כל עבר פלילי, הם נתונים הפועלים בשלב מיקום העונש בתוך המתחם ולא בשלב בנייתו.",test
מדוע יש לייחס משקל להודאת הנאשמת בהליך זה?,יש לייחס משקל להודאת הנאשמת.,test
"מדוע לא ניתן לסטות מהמתחם במקרה זה, למרות השיקול שהוצג?","שיקול זה יכול להביא להסטת העונש בתוך המתחם, אך איננו יכול, בנסיבות תיק זה, להביא לסטייה ממנו.",test
"מהו מתחם העונש ההולם לעבירת החזקת סמים שלא לצריכה עצמית כאשר הכמות היא מעל 3 ק\ג?""","אשר לעבירת ההחזקה שלא לצריכה עצמית, כאשר מדובר בכמות של למעלה מ-3 ק\ג, אני סבור שמתחם העונש ההולם מתחיל ממספר חודשי מאסר שיכול שירוצו בעבודות שירות ועד לשנת מאסר.""",test
"כיצד משפיעה התנהלותו \הדחיינית\"" של הנאשם על טענת השיהוי שהעלה?""","לנוכח הדברים, ובצל התנהלותו \הדחיינית\"" החריגה של הנאשם, קיים מימד מסוים של עזות מצח בטענת השיהוי שהעלה.""",test
מהי ההשפעה של חלוף הזמן על שיקול הענישה בעבירות מס בתיקי חקירה גדולים?,"נקבע שבעבירות אלו, במקרים בהם מדובר בתיקי חקירה גדולים, חלוף הזמן לא יהווה שיקול לקולה כבד משקל (רע\פ 4791/08 כהן נ' מדינת ישראל ; ע\""פ 21826-08-19 סמארט קאסט פתרונות לבניה מתקדמת בע\""מ נ' מדינת ישראל ; ע\""פ 5783/12 ניסים גלם נ' מדינת ישראל ; ע\""פ 2636/12 עזבון המנוח יהושע שלוש נ' מדינת ישראל).""",test
מהי המסקנה לגבי התאמת הנאשם לרכיב של ענישה לפי שירות המבחן?,יש להתחשב בעובדה ששירות המבחן לא מצא התאמה של הנאשם לרכיב זה של ענישה.,test
"מדוע הסתפקות בצו של\צ נחשבת לסטייה קלה יחסית בנסיבות התיק?""","מאידך, הסתפקות בצו של\צ, חלף מאסר שיכול שירוצה בעבודות שירות כפי שנתוני התיק היו מצדיקים \""במצב הרגיל\"", מהווה סטייה קלה יחסית שניתן \""להכיל\"" בנסיבות התיק, על רקע צבר הנתונים החיוביים ותהליך השיקום של הנאשמת, בפרט על רקע גילה, נסיבות חייה ומאמציה לעריכת שינוי בחייה.""",test
כיצד השפיעה התרשמות שירות המבחן על הערכת הנאשם והעונש המוטל עליו?,"שירות המבחן התרשם מכוחות חיוביים ומכך שהנאשם אינו מאופיין בדפוסי חשיבה והתנהגות עבריינים, מבטא שאיפות תקינות להשתלבות חברתית, מכיר באחריותו לבחירות ולפסול במעשיו, וההליך המשפטי מהווה גורם מרתיע ומציב גבול עבורו.",test
מהו המתחם המינימלי שניתן לקבוע בעניינה של הנאשמת ביחס לנאשם האחר?,"לשיטתי, מתחם העונש בעניינה של הנאשמת לא יכול להיות נמוך יותר ממתחם העונש שנקבע בענייננו של הנאשם האחר.",test
מהי המסקנה שהגעת אליה לגבי המקרה של הנאשם בהתבסס על התוכנית הטיפולית והשיקום שעבר?,התוכנית הטיפולית והשיקום שעבר הנאשם עד כה נותן תחזית חיובית לגבי ההמשך ולכן הגעתי למסקנה שמדובר במקרה מתאים שמצדיק סטייה מהמתחם.,test
מדוע לא ניתן לקבוע שהנאשם השתקם במקרה זה?,"המתלוננת עדיין חוששת מהנאשם, ולכן לא ניתן לדבר על נאשם שהשתקם או שקיים סיכוי של ממש שישתקם בעתיד.",test
מהו המצב המשפטי לגבי ריצוי העונש בעבודות שירות על פי הפסיקה שהוצגה?,"כך או כך, ואף אם אלך לשיטת התביעה, הפסיקה שהיא עצמה הציגה לעיוני כוללת מספר חודשי מאסר ברף התחתון, מספר שאינו מוציא מכלל אפשרות ריצוי העונש בדרך עבודות שירות.",test
מהי העובדה הבולטת לחומרה בנוגע למחדל הנאשם?,"לחומרה, בולטת העובדה שעל אף חלוף שנים מאז ביצוע העבירות, הנאשם לא הסיר את המחדל, אף לא באופן חלקי כך סכום ההשתמטות נותר כשהיה.",test
מהו המרכיב שהשופט סבור שהוא חובה לצמצום הנזקים שנגרמו למתלוננת?,"דעתי שמדובר במרכיב חובה, שנועד לצמצם את הנזקים שנגרמו למתלוננת כמפורט במכתבה של האם.",test
מדוע יש להתחשב בחלוף הזמן המשמעותי בעבירות שביצע הנאשם לפני 7-8 שנים?,"כמו כן, יש להתחשב בחלוף הזמן המשמעותי, באשר מדובר בעבירות מלפני 7-8 שנים.",test
כיצד משפיעה העובדה שמדובר במאסרו הראשון של הנאשם על גובה העונש?,"בתוך המתחמים פנימה, הגם שאין מנוס מעונש שעיקרו כליאה לתקופה ממשית, מצדיקות הנסיבות לעיל הקלה משמעותית בעונשו של הנאשם, שזהו לו מאסרו הראשון.",test
"מדוע הוחלט להסתפק בענישה צופה עתיד וקנס ללא רכיב צו של\צ?""","לאור זאת, ולאחר שקבעתי מתחם שמתחיל מעונש צופה פני עתיד, ולאחר שדחיתי את המלצת שירות המבחן, סברתי שנכון להסתפק בענישה צופה עתיד וקנס, ללא צורך בהוספה של רכיב צו של\צ כעתירת התביעה.""",test
מהו השיקול שיש לקחת בחשבון בעת גזירת העונש לנאשם מעבר לנסיבות הביצוע של העבירה?,בגזירת העונש המתאים לנאשם יש להתחשב בנסיבות שאינן קשורות בביצוע העבירה.,test
מהו המיקום המתאים לעונשה של הנאשמת בתוך המתחם שנקבע?,"בתוך המתחם אין מחלוקת שיש למקם את עונשה ברף הנמוך, ועל כן לא ארחיב.",test
מדוע לא הוענק לנאשם תסקיר חדש לעניין העונש?,"בעניין זה, ולאחר שהנאשם לא ניצל את ההזדמנות שניתנה אל מול שירות המבחן, וכן לנוכח מעצרו, והתנהלותו הדיונית הבעייתית בעבר, לא מצאתי להיעתר לבקשת הנאשם לבקש תסקיר (חדש) לעניין העונש.",test
מהו העיקרון המנחה בענישה כאשר מדובר בנאשם שפוגע באותה מתלוננת באופן חמור?,"כאשר מדובר במי שחזר ופגע באותה מתלוננת, פגיעה חמורה כפי שמשתקף בתמונות הקשות ולשיטתי יש למקם את עונשו באמצע המתחם שקבעתי.",test
כיצד משפיעה התפרעות המונים על משקל חלקו של כל נאשם באירוע?,"לעניין חלקו של כל נאשם ונאשם באירוע – נפסק כי במצב של התפרעויות המונים, לחלקו הקונקרטי והמצומצם של הנאשם יש לתת משקל מועט יחסית, שכן \במצבים כאלה, אחריותו של המשיב אינה נקבעת אך על פי תרומתו הישירה לאירוע אלא מתוך ראיה רחבה יותר של מטרתו המשותפת של ההמון שהוא היה חלק ממנו\"" (עניין אסווד).""",test
מהי המסקנה שהוסקה לגבי רף העונש שנקבע לנאשם?,כל אלו הובילו אותי למסקנה שיש למקם את העונש ברף התחתון שבמתחם שקבעתי.,test
מהו השיקול שהנחה את בית המשפט במיקום העונש ברף התחתון שבמתחם?,"ועל אף היבטים שליליים מסוימים בתסקיר (בעניין נטייה לצמצם מחומרת העבירות ושלילת נזקקות טיפולית), מצאתי למקם את העונש ברף התחתון שבמתחם.",test
מדוע לא ניתן לפטור את הנאשם מעונש צופה פני עתיד בלבד?,"איני יכול לקבל את בקשת הנאשם לפטור אותו מעונש צופה פני עתיד בלבד, ללא ענישה נוספת.",test
מהו המשקל שיינתן לעובדה שהסם נתפס טרם הפצתו או השימוש בו?,"לעובדה שמדובר בסם שנתפס טרם הפצתו או שימוש אחר בו (טענה שעלתה בטיעוני ההגנה לעונש), וכן לעובדה שמדובר בהחזקה ללא ראיות פוזיטיביות לסחר בסמים, יינתן משקל מסוים, אם כי מוגבל.",test
מדוע יש ספק לגבי תועלת שליחת הנאשם למאסר בפועל?,ספק אם שליחת הנאשם למאסר בפועל תועיל לחברה או אף לעניינו של המתלונן.,test
מהי הסיבה לכך שההגנה הציעה אלטרנטיבה שאינה ראויה במקרה זה?,זוהי האלטרנטיבה שהציעה ההגנה והיא אלטרנטיבה לא ראויה לנוכח מעשיו של הנאשם.,test
מהן הנסיבות המקלות שיש להביא בחשבון כאשר מדובר בנאשם נעדר עבר פלילי?,כאשר מדובר בנאשם נעדר עבר פלילי; אב לארבעה ילדים; המטופל על ידי שירות המבחן; עורך ניסיונות להשתקם; מוסר בדיקות שתן נקיות בחודשים האחרונים; לא נפתחו נגדו תיקים חדשים;  שומר על יציבות תעסוקתית;  ומודה בעבירות שיוחסו לו – יש למצוא להקל בעונשו.,test
כיצד משפיעים הנתונים האישיים של הנאשם על ההחלטה בעניינו?,"באל מול נתונים אלה יש להתחשב בגילו הצעיר של הנאשם, בשינוי בחייו, במעבר לעיר אחרת, בהתחתנותו, ברכישת דירה ובהולדת בן.",test
"כיצד השפיעו נסיבותיו האישיות של הנאשם על קביעת העונש, למרות הסרת חלק מהמחדלים?","גם לאחר שלקחתי בחשבון את נסיבותיו האישיות של הנאשם, ואת הודאתו, עברו הפלילי הנקי, הסרת חלק משמעותי מהמחדלים, מצאתי להציב את עונשו של הנאשם שלא ברף התחתון ממש וזאת מן הנימוקים הבאים: ראשית, הסרת המחדלים לא הייתה מלאה ונותרו כ- 30% יתרה של החוב הפלילי שטרם הוסרו (נכון למועד הטיעונים לעונש).",test
אילו ערכים חברתיים נפגעו במקרה זה בעקבות העבירה שביצע הנאשם?,הערכים החברתיים המוגנים אשר נפגעו במקרה דנן הם  פגיעה בבריאות הציבור ובבטחונו ותרומתו של בית המשפט למלחמה בנגע הסמים.,test
מהי הסיבה לקבלת סטייה קלה ממתחם העונש ההולם?,"סטייה קלה בלבד ממתחם העונש ההולם מתקבלת, נוכח נסיבות אישיות, הודאת הנאשם וחרטתו.",test
מהי ההשפעה של התרשמות שירות המבחן על הענישה במקרה זה?,"נתון זה לצד התרשמות שירות המבחן שההליך הפלילי מהווה גורם מרתיע בחייו (ראו התסקיר, עמ' 2), מחייב הקלה נוספת בענישה.",test
כיצד השפיעה הודאת הנאשם על הערכת המשקל שיינתן לה?,"שיטתי, הודאת הנאשם בעובדות כתב האישום המקורי, והסכמתו לטיעון חופשי לעונש, מבלי \תמורה\"" בדמות ריכוך כתב האישום, בפרט בהינתן קשיים ראייתיים, ראויה להתחשבות מרבית בעת הערכת המשקל שיינתן להודאת הנאשם, ללקיחת האחריות ולחיסכון בזמן שיפוטי.""",test
מדוע הרשעת הנאשם בעבירה הקשורה לבטיחות בעבודה עשויה להשפיע על עתידו המקצועי?,"כפי שההגנה טענה, הנאשם קיבל תעודת מנהל עבודה והרשעתו בעבירה שקשורה בבטיחות בעבודה עלולה לפגוע בו ובעתידו (סעיף 4(א)(2) לנוהל אישור או התנגדות למינוי מנהל עבודה בבנייה).",test
מהו העיקרון המשפטי המנחה לגבי העבירות הכלכליות שביצעו הנאשמים?,"מדובר בעבירות כלכליות, המבוצעות מתוך רדיפת בצע, בניסיון להשיג רווחים קלים, על חשבון הציבור ולכן יש לשאוף לביטול אלמנט הכדאיות הכלכלית בביצוען.",test
מהי מידת הפגיעה בערכים המוגנים כאשר מדובר במספר רב של עסקאות סמים?,"כאשר מדובר במספר רב של מקרים של \עסקאות סמים\"", ומספר לא מבוטל של עבירות סיוע לסחר בסמים המיוחסות לנאשמים, אין ספק שמידת הפגיעה (האיכותית והכמותית) בערכים המוגנים שבבסיס העבירות היא קשה.""",test
כיצד מתייחס מתחם העונש ההולם לעבירות תקיפה חבלנית של זקן לעומת תקיפה חבלנית רגילה?,סבורני שמתחם העונש ההולם מצוי במקום באמצע בין מתחמי הענישה המקובלים בעבירות של תקיפה חבלנית של זקן לבין תקיפה חבלנית רגילה (מכת אגרוף בודדת) נטולת האלמנט המחמיר של פערי הכוחות בין התוקף לקורבן.,test
מהו מתחם העונש ההולם שנקבע על ידי בית המשפט במקרה זה?,"המבוסס על שיקולים אלה הגעתי למסקנה כי מתחם העונש ההולם נע בין מאסר מותנה וענישה נלווית בדמות של\צ בהיקף לא מצומצם ועד מאסר בפועל למשך מספר חודשים.""",test
מדוע סבור בית המשפט שהמאשימה נהגה בחסד כלפי הנאשם בהגבלת העונש לעבודות שירות?,אומר בפירוש כי לשיטתי חסד עשתה המאשימה עם הנאשם בכך שהגבילה עתירתה בתיק זה לעונש מאסר בדרך של עבודות שירות.,test
מה היו הנסיבות האישיות והכלכליות של הנאשם שהשפיעו על קביעת עונשו?,"כמו כן, שמעתי שהנאשם והמתלוננת התגרשו, שמעתי שהנאשם מצוי במשבר כלכלי והוצגו מסמכים בעניין זה, ולאור כל האמור, החלטתי למקם את עונשו של הנאשם בשליש התחתון של המתחם.",test
מהו הטעם העיקרי שמסביר את השיקולים הנלקחים בחשבון בעת קביעת העונש?,טעם עיקרי לכך הוא שחלק מהשיקולים שהוזכרו לעיל מובאים ברגיל בחשבון במסגרת קביעת העונש בתוך המתחם (ראו: סעיף 40יא לחוק העונשין).,test
מהו מתחם העונש ההולם שנקבע בעניינו של נאשם 2?,"לאור כלל האמור לעיל סבורני כי מתחם העונש ההולם בעניינו של נאשם 2 נע בין מספר חודשי מאסר שיכול שירוצו בעבודות שירות ועד ל- 18 חודשי מאסר בפועל, וזאת לצד רכיבי ענישה נלווים.",test
כיצד משפיע תסקיר שירות המבחן על ההערכה הכוללת של הנאשם במקרה זה?,"אל מול כל אלה, עלי להתייחס לתסקיר שירות המבחן שהוא בהחלט תסקיר שלילי שמצביע על רמת סיכון להישנות העבירות וכן מפנה לכך שהנאשם שלל נזקקות טיפולית, כל אלה מתאזנים לשיטתי עם אלמנט חלוף הזמן ללא ביצוע עבירות נוספות.",test
"מהו המשקל המוגבל שיכול להעניק בית המשפט למב\ד במקרה זה?""","כאן המקום להאיר כי המשקל שבית משפט זה יכול להעניק לאותו מב\ד הוא מוגבל מלכתחילה, וזאת בשים לב לחזקת החפות והיותו נתון לכאורי בלבד.""",test
כיצד משפיעות נסיבות ביצוע העבירה על קביעת מתחם העונש?,"בהקשר זה, עלי להדגיש את חשיבות נסיבות ביצוע העבירה לקביעת מתחם העונש.",test
כיצד משפיע המניע של הנאשם על הגדרת מעשיו כעבירת איומים?,"כפי שציינתי בהכרעת הדין המניע למעשיו של הנאשם לא היה פסול כשלעצמו, קרי רצונו החד משמעי במניעת מפגש עם הפרודה, איננו פסול ואולם הנקיטה בלשון מאיימת כדי להשיג תוצאה לגיטימית מבחינת הנאשם מהווה עבירת איומים כפי שקבעתי בהכרעת הדין.",test
מדוע גניבה בבית אחיו נחשבת לנסיבה לחומרה במקרה זה?,העובדה שמדובר בגניבה שהתרחשה בבית אחיו של הנאשם מהווה נסיבה לחומרה שכן היא כרוכה במידה רבה של מעילה באמון ואף מלמדת על התנהגות חסרת עכבות ועל הנאשם שאינו בוחל באמצעים כדי להשיג את מטרתו.,test
מהו הקריטריון הראשון שצריך להתקיים כדי להצדיק סטייה ממתחם העונש הראוי משיקולי שיקום?,"הסטייה ממתחם העונש הראוי וההולם, משיקולי שיקום, תיעשה כאשר השיקום עומד בשני קריטריונים מרכזיים: האחד, עוצמת השיקום - בהיבט הצלחתו או סיכויי הצלחתו הצפויים - היא גבוהה.",test
היכן ניתן למקם את עונשו של הנאשם במתחם העונש?,"לאור כל האמור מצאתי כי ניתן למקם את עונשו של הנאשם בשליש התחתון של המתחם, אם כי לא ברף התחתון.",test
מהו השיקול המרכזי שיש לקחת בחשבון בעת קביעת מתחם הקנס?,"אשר למתחם קנס, יש להתחשב בחומרת העבירה, סכום המס, אך גם ביכולתו הכלכלית של הנאשם, כפי שיפורט בהמשך.",test
מהו האומץ הנדרש מנאשם 3 בהספקת הסמים ומהו הקשר לכך?,"בעניין הנאשם 3, בשים לב לעבירת ההספקה המיוחסת לו, העובדה שפעל כשליח, אשר בא במגע עם הסמים ועם הלקוחות, כאשר מעשיו כרוכים בתעוזה רבה ובנטילת סיכון מודע עת שם נפשו בכפו והסתובב ברחבי האזור בין כתובת אחת לשנייה כשחבילות הסם באמתחתו, נדרש אומץ שספק אם קיים אצל רבים.",test
מהו השיקול שהוביל להחלטה על השלמת תסקיר במקרה של נאשם צעיר עם תיק משנת 2019?,"ואולם, סבורני כי כאשר מדובר בתיק משנת 2019, קרי לא תיק ישן מאוד שבו הנאשם חסך הליך הוכחות וכאשר הנאשם מצרף את תיקו הנוסף בכך חסך משפט נוסף וכאשר מדובר באדם צעיר נטול עבר פלילי ועל אף התסקיר המפורט והמקיף שהגיש שירות המבחן ולנוכח ניצני שינוי שניתן להבחין בהם מדברי אמו של הנאשם ומדברי הנאשם עצמו וסניגורו, ולצורך קבלת הבהרה לגבי עמדת שירות המבחן במחלוקת הקשה שנוצרה בתיק קרי ריצוי מאסר בפועל בדרך של עבודות שירות לעומת מאסר בפועל ממש ולאור צירוף תיק נוסף, סברתי כי המכלול יוצר מסה שתצדיק השלמת תסקיר.",test
מהו המתחם המינימלי שניתן לקבוע לעונש במקרה של נסיבות ביצוע מסוימות?,זאת אני קובע לאחר שהסנגור הציג בפניי פסיקה של ערכאות שונות שבמקרים מסוימים על רקע נסיבות ביצוע מסוימות נקבע שהמתחם מתחיל  גם מששה חודשי מאסר שיכול וירוצו בעבודות שירות.,test
מהו הקריטריון החשוב שנקבע בפסיקה לעניין מתחמי העונש?,"לפי מדיניות הענישה שנקבעה בפסיקה ואף מטיעוני התביעה במספר תיקים, לענייננו קריטריון חשוב הוא היקף העבירות, משך הזמן, ובתוך המתחם – עניין הסרת המחדל.",test
