question,answer,split
מדוע יש להעניק לשוטרים גיבוי משפטי בעת שהם מותקפים במהלך ביצוע תפקידם?,"שלומם הגופני והאישי ושלום חייהם של השוטרים אינו הפקר, ועל בית המשפט ליתן להם הגיבוי המתאים כאשר מותקפים בעת ביצוע תפקידם.",train
מהו ההשפעה האפשרית של ניסיון להלך אימים על עד על הליך המשפט?,"נסיון להלך אימים על עד – עלול לפגוע, באופן משמעותי, ביכולת עשיית המשפט.",train
מדוע העדר עבר פלילי של הנאשם לא השפיע על ההקלות בענישתו?,"גם העדר עבר פלילי לא יסייע לנאשם, היות שכפי שנקבע על ידי בית המשפט העליון, לרוב תתבצענה עבירות מסוג זה על ידי מי שהם נעדרי עבר פלילי ובעלי חזות תמימה.",train
כיצד יש לבטא את קביעת המחוקק גם בענישה בפועל?,קביעה זו של המחוקק - מן הדין שתבוא ידי ביטויה גם בקביעת הענישה בפועל.,train
מהו השינוי בעונש שניתן לעבירות אלו בעשור האחרון וכיצד הוא משפיע על הציבור?,"לפני תקופה שאינה מאוד ארוכה, נגזרו, כדבר שבשגרה, עונשי מאסר בפועל, בכליאה ממשית, על העוברים עבירות אלה, אך בעשור האחרון, חל מעין פיחות בענישה, שהיה בו כדי להעביר מסר שגוי לציבור, בדבר ההתייחסות למעשים אלה.",train
מדוע לא קיימת עילה לחריגה ממתחם הענישה במקרה של הנאשם?,בסופו של דבר – משלא השתלב הנאשם בהליך טיפולי ובהעדר המלצה שיקומית - אין כל עילה המצדיקה חריגה כלשהי ממתחם הענישה.,train
מהו האינטרס הציבורי שיש לקחת בחשבון בענישה בעבירות סמים?,"יש לתת את הדעת, בין היתר, לאינטרס הציבורי שבהרתעת המערער וזולתו מפני הישנותן של עבירות מעין אלה...",train
מהו העונש המרתיע שצפוי לנאשם בעבירות איומים ואלימות במשפחה?,"עוד יושת על הנאשם עונש מרתיע צופה פני עתיד, הן בנוגע לעבירות איומים והן בנוגע לעבירות אלימות במשפחה.",train
מהו המאבק שמוטל על בתי המשפט בנוגע לעבירות אלימות נגד בנות זוג?,"עבירות האלימות ככלל, וכנגד בנות זוג בפרט, הפכו זה מכבר לרעה חולה, אשר בתי המשפט מצווים להיאבק בה.",train
מהו העונש המותנה שהטיל בית המשפט על הנאשם כדי למנוע חזרה לעבירות סמים?,"כמובן, מוצא בית המשפט להטיל על הנאשם מאסר מותנה מרתיע, לבל ישוב לעסוק בעבירות סמים.",train
מהי משמעות המסוכנות הגבוהה שנקבעה בעניינו של הנאשם?,"הרי, בענינו של הנאשם נקבעה, לאחר הערכת מצבו באופן מעמיק, מסוכנות גבוהה, שמשמעותה – סיכוי גבוה כי ישוב ויבצע את העבירות.",train
מהו ההשפעה של החזקת סם מסוג קוקאין על הענישה במקרה זה?,"דברים אלו מקבלים משנה תוקף, עת הורשע המערער בהחזקת כמות גדולה של סם מסוג קוקאין, הנמנה בין הרעים והמרים שבסמים המסוכנים, בשל טבעו הממכר והתלות הגבוהה הנוצרת בו, ומחמת השפעותיו ההרסניות על גוף האדם ונפשו ועל החברה כולה",train
מדוע טוענת ההגנה כי השתת העיצום הכספי מהווה החמרה של תנאי הענישה?,"במצב הדברים הנוכחי, יש בידי בית המשפט לקבל טענת ההגנה, כי השתת העיצום הכספי מהווה, למעשה, בעקיפין, החמרה של תנאי הענישה.",train
כיצד נחשבת נטילת אחריות אמיתית מצד הנאשם במישור המעשה?,"פעולה שכזו מהווה גם נטילת אחריות אמיתית, ולא במישור הרטורי בלבד, מצדו של הנאשם.",train
מהו המניע להטלת מאסרים מותנים על הנאשם?,"כמובן, יושתו מאסרים מותנים מרתיעים, לבל ישלח הנאשם ידו פעם נוספת ברכוש הזולת או יפגע שוב בקופה הציבורית.",train
מהן הנסיבות שהצדיקו את כיבוד הסדר הטיעון במקרה זה?,"אם לא יחרוג בית המשפט מטווח הענישה שסוכם בין הצדדים, יהיה זה לנוכח ההלכות שענינן כיבוד הסדרי טיעון, וכן הנסיבות הנוספות שהוצגו מטעם ההגנה, בן היתר, כי המדובר באירוע יחיד בו נתפס הנאשם, אשר ניהל, עד כה, חיים אזרחיים עמלניים, ולא הסתבך עם החוק, וכן לנוכח מצבו האישי והמשפחתי של הנאשם, כעולה מהמוצגים שהוגשו מטעם ההגנה במסגרת פרשת העונש.",train
מדוע יורה בית המשפט על השתת פיצוי לנפגע?,"ברם, יורה בית המשפט על השתת פיצוי, שיהיה בו ולו משום הכרה בפגיעה שנגרמה ומתן מעין סעד תכוף במסגרת המסע הטיפולי והשיקומי שעל הנפגע לעבור.",train
מהו ההיבט המיוחד של אלימות כלפי בת זוג החיה תחת קורת גג אחת עם המ perpetrator?,"מעשים אלה מקבלים משנה חומרה, כאשר מדובר באלימות הננקטת כלפי בת זוג, החיה עם אותו אדם תחת קורת גג אחת, בתא משפחתי מצומצם, האמור להוות עבורה משענת ומקום מבטחים.",train
מהו הממצא המשפטי לגבי התנהגות הנאשם והשפעתה על הפנמת חומרת המעשים?,הגרם יש בהתנהגותו זו כדי להעיד על היעדר הפנמה מלאה של חומרת המעשים והאנטי חברתיות שבהם.,train
היכן ממקם בית המשפט את עונשו של הנאשם במתחם הענישה?,"במכלול השיקולים, מוצא בית המשפט למקם את עונשו של הנאשם בחלקו התחתון של מתחם הענישה.",train
מהו מתחם הענישה שנקבע בגין תקיפת שוטרים באלימות?,"לאחר שבית המשפט הביא בחשבון את הפסיקה הנוהגת ואת מכלול השיקולים, רואה לקבוע מתחם ענישה, בגין אירוע הכולל תקיפת שוטרים באלימות, על ידי חבורה, לרבות זריקת אבן לעבר אחד השוטרים, כך שינוע בין 10 עד 30 חדשי מאסר בפועל.",train
מדוע לא הורה בית המשפט על פסילת רישיון הנהיגה בפועל של הנאשם?,"אולם, בשל עיקרון אחידות הענישה, משלא עתרה התביעה להשתת פסילת רישיון הנהיגה בפועל בענינו של המעורב הנוסף, אשר נהג ברכב הגנוב, לא יורה בית המשפט על רכיב הפסילה בפועל בענינו של הנאשם, ויסתפק, זו הפעם, בפסילת רישיון הנהיגה על תנאי בלבד.",train
מהו הסיכון הנובע מהחזקת נשק על ידי מי שלא נבדק או הוכשר לכך?,"החזקת נשק על ידי מי שלא נבדק, לא נמצא מתאים ולא הוכשר לכך, בתנאים שאינם מבטיחים בידודו של הנשק מהסביבה (כיום מי שמחזיק נשק ברישיון נדרש לאפסנו בכספת מאובטחת, מאחורי שני מנעולים), עלולה להביא לסיכון שלום הציבור, גם אם אין ראיות שהוחזק לצורך פעילות שלילית, כמפורט לעיל.",train
מדוע לא היה מקום לחריגה לקולא ממתחם הענישה במקרה זה?,"לפיכך, לא היה מקום לחריגה לקולא ממתחם הענישה, משיקולי שיקום.",train
מהן השיקולים שמוסמך בית המשפט לקחת בחשבון בעת קביעת מתחם ענישה לפי סעיף 40ט' לחוק העונשין?,"בהתאם להוראות סעיף 40ט' לחוק העונשין, תשל""ז – 1977, בבואו של בית המשפט לקבוע מתחם ענישה, רשאי לקחת בחשבון מכלול שיקולים, בין היתר, נסיבות ביצוע העבירה; משך ההתנהגות העבריינית; מידת הפגיעה בערכים המוגנים; וכן, שיקולים נוספים.",train
מדוע יש לראות בהחזקת סם מסוכן כנסיבה משמעותית לחומרה?,"אין צורך להכביר מילים בדבר פוטנציאל הפגיעה העלולה להיגרם מסם מסוכן זה לקורבנות השימוש בו, ועצם התעוזה להחזיק סם זה – היא כשלעצמה נסיבה משמעותית לחומרה.",train
מהן השיקולים המרכזיים לקביעת הענישה הספציפית בתוך מתחם הענישה?,"קביעת הענישה הספציפית בתוך המתחם נעוצה, ראש וראשית, בחומרתם של מעשי האלימות בהם הורשע הנאשם; שימוש בנשק חם או קר; כן נעוצה בהקשר הכולל של המעשים, לרבות משכם, עקביותם, האוירה הכללית שיוצר הנאשם בבית המשפחה; עוד יש ליתן משקל של ממש לתוצאות האלימות כלפי בני המשפחה המתלוננים, הן במישור הפיסי, דהיינו גרימת חבלות, והן במישור הנפשי.",train
מהי המסקנה שהושגה לגבי התנהלות הנאשם בהליך המשפטי?,"הלכה למעשה, עלה בידי הנאשם, בהתנהגותו, לגרום לעיכובים משמעותיים ביותר בהליך, אשר גם אם לכל אחד מהם ניתן למצוא תואנות ומענות שונים, הצטברותם יחד אינה יכולה להביא למסקנה אחרת זולת – כי המדובר היה בהתנהלות מכוונת.",train
מדוע ייחד המחוקק סימן נפרד לעבירות גניבת רכב בחוק העונשין?,"לא בכדי, ראה המחוקק ליחד לעבירות אלה סימן נפרד – סימן ה1 – במסגרת הפרק העוסק בעבירות הרכוש (פרק י""א) בחוק העונשין, תשל""ז – 1977.",train
מהו הממצא המשפטי לגבי רף הענישה במקרה זה?,מכלול הנסיבות מצביע על ענישה ברף התחתון של מתחם הענישה.,train
מהו העונש המומלץ לעבירה של סחר בסם מסוכן שלא לצריכה עצמית?,"בשל הנזק החברתי רב העוצמה, שגורמת עבירה של סחר בסם מסוכן שלא לצריכה עצמית, זוהי עבירה שככלל ראוי שכל המבצע אותה יישא בעונש מאסר בפועל משמעותי וממושך מאחורי סורג ובריח.",train
מהו מתחם הענישה שנמצא כראוי במקרה זה?,"בית המשפט מוצא, כי זהו מתחם הענישה הראוי גם במקרה דנן.",train
כיצד בידוי הדוח הכוזב של הנאשם סיכן את האזרח הנפגע?,"בידוי הדוח הכוזב, בו טען הנאשם, כי האזרח הנפגע העבירה הוא שהפעיל אלימות כלפיו וכן פניתו לאיש משטרה אחר, כי יוסיף  לחשדות עבירה נוספת שלא נעברה כלל – הקימו סיכון ממשי להרשעת שווא של אותו אזרח",train
מהי הסיבה לכך שבית המשפט מדגיש את הצורך ביד קשה עם העבריינים בעבירות רכוש?,"בית משפט זה עמד, לא פעם, על כך שחומרתן של העבירות, לצד נפוצותה של התופעה, מצריכות נקיטת יד קשה עם העבריינים.",train
מהו השיקול המשפטי שהוביל לזיכוי הנאשמים לאור אחזקת החומרים במשותף עם אחרים?,"התיחסות שונה זו כלפי הנאשמים דנן, בלא הסבר מתאים, וכן עצם אחזקת החמרים במשותף עם אחרים - מן הדין שתבוא לזכות הנאשמים דנן.",train
מדוע לא הייתה הצדקה לפעולותיו של הנאשם 2 במהלך המעצר של אחיו?,"כל זאת, עשה הנאשם 2 ללא כל הצדקה, שכן, כל שביקשו השוטרים היה, לעכב את אחיו לצורך זיהוי.",train
כיצד משפיעה יכולתו הכלכלית של העבריין על הפיצוי בהליך הפלילי?,"כפי שנפסק, לא פעם – מהווה הפיצוי, בהליך הפלילי, סעד בעל מאפיינים אזרחיים וככזה – אין ליתן משקל משמעותי ליכולתו הכלכלית של העבריין.",train
מהו ההבדל בין המקרים שבהם נגזרו עונשים חמורים יותר לבין המקרה הנוכחי?,"קיימת פסיקה מחמירה יותר, לרבות מקרים בהם נגזר דינם של נאשמים לעונש מאסר בפועל ארוך – אך באותם מקרים המדובר היה על נסיונות סדרתיים להבריח מספר רב של מכשירי רט""ן או חלקי רט""ן, ובחלקם הורשעו הנאשמים גם בעבירות נוספות.",train
כיצד משפיעה צעירות הנאשם על חלוקת העיצומים הכספיים?,"לפנים משורת הדין, בהיות הנאשם צעיר המצוי בתחילת דרכו התעסוקתית, יורה בית המשפט על חלוקת העיצומים הכספיים לשיעורים, שיתפרشو על פני זמן ארוך, ואף בהם יהיה כדי להזכיר לנאשם, מדי חודש בחדשו, השלכות מעשיו.",train
כיצד מתאר בית המשפט את העבירה של גידול סמים באזורנו?,"העבירה של גידול, ייצור והחזקת סמים מסוכנים הפכה להיות בבחינת מכת מדינה באזורנו, כאשר מדובר בעבירה שגלום בה פוטנציאל סיכון רב ביותר ועל כן, גם מחייבת ענישה הולמת.",train
מדוע העבירות שביצע המבקש נחשבות לחמורות ופוגעות בזכויות הציבור?,"העבירות שביצע המבקש הינן עבירות חמורות, אשר,  כפי שציין בית-משפט השלום,  פוגעות פגיעה קשה הן בזכויות המתלוננים והן בכלל הציבור.",train
מהו השיקול שציין בית המשפט בנוגע להצלחותיו של הנאשם בלימודים ובשירות הצבאי?,"עוד ייקח בית המשפט בחשבון את העובדה, כי עלה בידי הנאשם לסיים, בהצלחה יתרה, לימודיו התיכוניים; סיום שירות צבאי מלא; שאיפותיו לחיים נורמטיביים.",train
מדוע ללא הגנה על אוכפי החוק לא תוכל המדינה להבטיח אכיפת החוק?,ללא הגנה ראויה על אוכפי החוק לא תוכל המדינה להבטיח לציבור הרחב אכיפה יעילה של החוק והבטחת הסדר הציבור.,train
מהן הסיבות להטלת ענישה מחמירה בעבירות של אלימות כלפי אנשי אכיפת החוק?,"על-כן נדרש, כי בעבירות אלו תוטל ענישה מחמירה, זאת הן משיקולי גמול והוקעת המעשים, הן מטעמים של הגנה על ביטחון הציבור מפני הסיכון הממשי הנשקף ממבצעי המעשים, והן מטעמים של הרתעה אפקטיבית – אישית וכללית.",train
מהו הצורך בהרחיק את הנאשם מכל שימוש בכלי רכב מנועי?,"לא יכול להיות ספק, שעל בית המשפט להרחיק נאשם זה מכל שימוש בכלי רכב מנועי לתקופה ארוכה מאוד.",train
מהי הסיבה שבית המשפט הסכים לחריגה ממסגרת העונש המומלצת במקרה זה?,"בנסיבות האמורות, מוצא בית המשפט (כפי שהסכימה גם התביעה), כי יש מקום להושיט יד לנאשם ולעודד המשך השינוי החיובי בהתנהגותו, תוך חריגה לקולה ממתחם העונש ההולם.",train
מהי החשיבות של הערך הענישתי בעבירות סמים לפי בתי המשפט?,"מזה זמן רב, מדגישים בתי המשפט את חשיבות הערך הענישתי בעבירות סמים כאחד הכלים החשובים בפעילות לביעורו של נגע הסמים.",train
מדוע החליט בית המשפט לחרוג ממתחם העונש ההולם במקרה זה?,"מוצא בית המשפט לחרוג ממתחם העונש ההולם, על מנת לאפשר לנאשם את המשך ההליך הטיפולי שהחל ולאפשר לו להמשיך ולשקם את חייו.",train
מהן הנסיבות שנלקחו בחשבון בשקלול הענישה במקרה של גידול סמים?,"בשקלול הנסיבות, בהן התכנון שקדם לעבירה, כולל היערכות לוגיסטית (שכירת מבנה, התקנת ציוד, טיפול בשתילים ועוד); כמות השתילים שנתפסה; משקל השתילים; פוטנציאל הנזק שעלול היה להיגרם אלמלא נתפסה המעבדה, ובשילוב הפסיקה הנוהגת, מוצא בית המשפט להדגיש, כי מתחם הענישה אליו עתרה התביעה, אינו משקף את חומרת המעשים.",train
כיצד משפיע מצבו הקוגנטיבי של הנאשם על גזירת הדין בעניינו?,"בית המשפט יתחשב גם במצבו האישי של הנאשם, לרבות ההנמכה הקוגנטיבית ממנה סובל (אשר כבר נלקחה בחשבון בעת קביעת המתחם).",train
מדוע ענישת הנאשם בהתאם לעתירת התביעה עלולה להזיק לפרנסתו?,"ענישת הנאשם בהתאם לעתירת התביעה, עלולה להסיג מצבו אחור, תוך הטלת הכורת על פרנסתו זו.",train
מדוע יש להטיל עונש מאסר משמעותי על מבצעי עבירות סחר בסמים מסוכנים?,"בשל הנזק החברתי רב העוצמה, שגורמת עבירה של סחר בסם מסוכן שלא לצריכה עצמית, זוהי עבירה שככלל ראוי שכל המבצע אותה יישא בעונש מאסר בפועל משמעותי וממושך מאחורי סורג ובריח.",train
מדוע יש להחמיר בענישה על מחזיקים סמים שלא לצריכה עצמית?,"אין מנוס מהכבדת היד על המחזיקים סמים שלא לצריכה עצמית, שכל בר דעת מבין כי נועדו לצריכת הזולת, קרי, להוספת שמן על מדורת הסמים אשר להבותיה אופפות רבים וטובים, או רבים שהיו טובים.",train
כיצד יש לשקול את האינטרס הציבורי בעבירות נשק מול הנסיבות האישיות של העבריין?,"בבוא בית המשפט לשקול את הענישה בעבירות מסוג זה, עליו לתת משקל נכבד יותר לאינטרס הציבורי ולצורך להרתיע עבריינים בכוח מלבצע עבירות דומות, על פני הנסיבות האישיות של העבריין.",train
כיצד השפיעה הודאת הנאשם באשמה על ההליך השיפוטי בעניינו?,"לטובתו של הנאשם, כי הודה באשמה, נטל אחריות על מעשיו וחסך זמן שיפוטי.",train
מהו תפקיד מערכת אכיפת החוק במיגור תופעת האלימות בחברה?,"לא רק עניינו של  המשיב עומד בפני בית המשפט, אלא גם עניינו של הקורבן ועניינו של הצבור כי מערכת אכיפת החוק תנקוט בצעדים ממשיים למיגור תופעת האלימות, עמה אין חברה מתוקנת יכולה להסכים.",train
כיצד ההחמרה בענישה תורמת למטרות הגמול וההרתעה בתחום הסמים?,"ההחמרה בענישה משרתת את מטרות הגמול וההרתעה, שהן היעדים העיקריים של הענישה בתחום הסמים.",train
כיצד משפיעים הנתונים הרפואיים החריגים על גובה הענישה המומלץ לנאשם?,"כל אלה ובייחוד הנתונים הרפואיים, שהם חריגים, מצביעים לכיוון ענישה על הצד הנמוך של המתחם, על אף הערכת שירות המבחן בדבר הצורך להציב גבולות לנאשם.",train
מהו הקשר בין חומרת העבירה לבין אי הצגת שיקולי שיקום?,"חומרת העבירה מחד ואי הצגה של שיקולי שיקום מאידך, אינם מאפשרים חריגה לקולא ממתחם הענישה.",train
מהו השיקול לזכות הנאשם שקשור להיעדר הרשעות קודמות והודאתו באשמה?,"לזכות הנאשם 	6 יביא בית המשפט בחשבון היעדר הרשעות קודמות; הודאת הנאשם באשמה ונטילת האחריות על מעשיו (אם כי, נטילת אחריות משמעותית, באה לידי ביטוי במישור המעשה -בדרך של פעולה להטבת הנזקים שנגרמו).",train
מהי ההמלצה של שירות המבחן לגבי הענישה במקרה הנאשם?,"ואשר לכך יש לקבל את המלצת שירות המבחן בענינו של הנאשם, ולהסתפק, זו הפעם, בהטלת מאסר לריצוי בדרך של עבודות שירות, בצירוף מאסר מותנה ארוך ומרתיע.",train
באילו מקרים ראוי להטיל עונש שיקומי על נאשם בעבירות סמים?,"עונש מסוג זה ראוי להטיל כאשר קיימת פרוגנוזה שיקומית של ממש, ובדרך כלל יושת במפגשו הראשון של נאשם עם הערכאות.",train
מדוע יש לעבירות רכוש פוטנציאל להסלים לאירועים אלימים?,"יתרה מכך, לעבירות רכוש פוטנציאל להסלים לאירוע אלים ואף קטילת חיים.",train
מהו הסימן הנפרד שהוקדש לעבירות רכוש בחוק העונשין?,"לא בכדי, ראה המחוקק לייחד לעבירות אלה סימן נפרד – סימן ה1 – במסגרת פרק העוסק בעבירות הרכוש (פרק י""א) בחוק העונשין, תשל""ז – 1977.",train
מהו העיקרון המשפטי הנוגע להסדר טיעון עם שותף לעבירה?,"ברגיל, ""הסדר טיעון כולל"" עם שותף לעבירה, אינו תקדים מחייב, ויש לבחון את נסיבות המקרה.",train
כיצד ישפיע שיתוף הפעולה של הנאשם עם גורמי החקירה על העונש שיושת עליו?,"לתוך שיתוף הפעולה של הנאשם עם גורמי החקירה בתיק זה, תינתן לו הקלה משמעותית, שתבוא לידי ביטוי בכך, שהעונש שיושת יהיה על הצד הנמוך של המתחם.",train
מהו העיקרון המשפטי שמנחה את בית המשפט במטרה למגר עבירות רכוש?,"לא אחת נקבע, כי על בית המשפט להרתיע היחיד והרבים, כך שעבירות אלו יהפכו לבלתי כדאיות, ובכך למגר התופעה.",train
מהו תפקיד האינטרס השיקומי במסגרת שיקולי הענישה?,האינטרס השיקומי הינו חלק ממכלול השיקולים אשר נלקחים בחשבון במסגרת שיקוליה ענישה.,train
מהו המסר שברצון בית המשפט להעביר באמצעות החיוב בפיצוי לנאשמת?,"לנוכח האופי המכוער, ואף המשפיל של תקיפת השוטר והסוהרת – מוצא בית המשפט, כי ראוי לחייב הנאשמת בפיצוי, ולו סמלי, שיהווה מסר  באשר למחירים שגבתה התנהגותה ואף מסר של גיבוי ותמיכה כלפי השוטר והסוהרת שהותקפו, לרבות הכרה בפגיעה שנגרמה להם.",train
מהו השיקול המרכזי שהוביל את בית המשפט לקבוע כי האירוע מציב את המעשה בדרגה גבוהה של חומרה?,"בנוגע לטיב המעשה – הגם שמעשה התקיפה כשלעצמו, כלומר - הסטירה לפניו של המתלונן, אינו בהכרח ברף הגבוה של עבירות האלימות, הרי, כלל הנסיבות האופפות את המעשה – העדר השלמה של הנאשם עם רצונה של חברתה הקודמת להפסיק את מערכת היחסים עמו והתנהגות אלימה בעיצומה של מסיבת יום הולדתה, תוך פגיעה בבן הזוג הנוכחי שלה; פגיעה קשה ברכבו של בן הזוג הנוכחי לאחר שהנאשם הצטייד לשם כך מראש באלה טלסקופית; ואף חטיפת מכשיר הטלפון של המתלוננת, שהוחזר בחלוף יומיים תמימים – מציבות את האירוע בדרגה גבוה של חומרה ואינן מאפשרות, מבחינת המסר הציבורי שיועבר, את סיום הדיון ללא הרשעת הנאשם בדין.",train
מה מלמד אופן התקיפה במקרה זה על הנאשם?,"אופן תקיפה, כאשר המדובר באשה מבוגרת, שיכולה היתה להיות אמו, ואשר לא התגרתה בו המתלוננת או תקפה אותו קודם, מלמד על תעוזה ועל אכזריות מצדו של הנאשם.",train
מהו הגורם להטלת פסילה מלנהוג על הנאשם לתקופה ממושכת?,"לנוכח הנתונים שהוצגו באשר להתמכרותו העמוקה לשימוש בסמים מסוכנים – ישית בית המשפט על הנאשם גם פסילה מלנהוג, בפועל ועל תנאי, לתקופה ממושכת.",train
כיצד ניתן לגשר על הפער בתפיסה העונשית הנוהגת בישראל?,"על פער עמוק זה הנבקע לעתים בתפיסה העונשית הנוהגת במקומנו, יש לגשר בדרך של שמירת יחסיות הולמת בהיקפי הענישה, תוך יחוס משקל מתאים לחומרתם האמיתית של המעשים, להשלכתם השלילית ארוכת הטווח על מערכות הכלכלה והחברה, ולהיקף הנזק שהם מביאים על הציבור.",train
מהי ההמלצה לגבי מיקום עונשו של הנאשם במתחמי הענישה?,"משורת הדין – היה מקום אף למקם את עונשו ברף העליון של מתחמי הענישה, במצטבר זה לזה, ולהפעיל את המאסר המותנה במצטבר לענישה שתוטל.",train
מהי העמדה המשפטית של בית המשפט בנוגע לעבירות הפוגעות באנשי המרות?,"אשר לעבירות, שענינן הפגיעה באנשי המרות, כפי המפורט בכתב האישום – כבר נפסק, לא פעם, כי על בית המשפט להציב חומת ברזל אל מול עובריהן.",train
מהו תפקיד מדיניות הענישה הנוהגת בקביעת מתחם הענישה על ידי בית המשפט?,"בית המשפט עיין בפסיקה אליה הפנו הצדדים, ואולם, מדיניות הענישה הנוהגת היא רק שיקול אחד שעל בית המשפט לקחת בחשבון בעת קביעת מתחם הענישה, ואין הוא כבול לענישה הנוהגת בלבד.",train
כיצד יש לשקול את האינטרס הציבורי בעונש על עבירות החזקת נשק?,"בבוא בית המשפט לשקול את הענישה בעבירות מסוג זה, עליו לתת משקל נכבד יותר לאינטרס הציבורי ולצורך להרתיע עבריינים בכוח מלבצע עבירות דומות, על פני הנסיבות האישיות של העבריין.",train
מהו השיקול שיביא בית המשפט לזכותו של נאשם זה בעת קביעת העונש?,"לזכותו של נאשם זה, יקח בית המשפט בחשבון את שירותו הצבאי, בסדיר ובקבע, שירות בו לא היה מחויב מלכתחילה ואותו סיים בהערכה רבה.",train
מהן התכליות המרכזיות לפיצוי נפגע עבירה לפי פסיקת בית המשפט העליון?,"פסיקת בית המשפט העליון קבעה מספר תכליות לפיצוי נפגע עבירה, ובין היתר: ראש וראשית – הכרה חברתית כללית והכרה של מערכת המשפט בפרט בסבלו של הנפגע, תוך מתן משקל למעמדו במסגרת ההליך הפלילי; שנית - חסכון בזמן לנפגע העבירה תוך מתן סעד כספי בזמן קצר, ומניעת מפגש נוסף בינו לבין העברין במסגרת הליך אזרחי; שלישית – מהווה תשלום הפיצוי מעין הליך ""היטהרות"" שיש בו כדי לסייע לעברין להכיר בעבירה שביצע, לפעול לתיקון המעוות ולהשתקם.",train
מדוע לא שולב הנאשם בהליך טיפולי ומה משמעות הדבר לגבי מסוכנותו?,"ממילא, לא שולב הנאשם בהליך טיפולי כלשהו (הדבר גם אינו אפשרי בשל כך שאינו נוטל אחריות על מעשיו), כך שאין כל אינדיקציה על צמצום מסוכנותו לעתיד.",train
מהו הערך החברתי שנפגע במעשיהם של הנאשמים כלפי השוטרים?,"מצביעות הן על זלזול בערך של כבוד האדם ושלמות גופו באופן כללי, ועל היעדר מורא מהחוק ומנציגיו – אנשי המרות – שוטרי משטרת ישראל – בפרט.",train
מהו הכשל הערכי שמעיד על כך שהנאשם יכול היה לחדול ממעשיו?,"פעולות הנאשם, אשר היו בידיו מספר ""נקודות יציאה"" (הגשת התלונה למשטרת ישראל; הגשת התביעה לחברת הביטוח), בהן היה בידו לחדול ממעשיו - מעידות על כשל ערכי של ממש.",train
כיצד יש לבית המשפט להביא לידי ביטוי את גילוי הדעת של המחוקק במתחם הענישה?,לגילוי דעת מפורש זה מטעם המחוקק  אשר בא בהמשך להמלצת בית המשפט העליון  שומה על בית המשפט ליתן ביטוי במסגרת מתחם הענישה.,train
מהו הצורך להחמיר בענישה בעקבות עלייה בכתבי אישום בעבירות דומות?,"לעניין זה יצוין, כי מאז שניתנה הפסיקה שהובאה לעיל, החלו מוגשים כתבי אישום רבים מאוד בגין עבירות דומות, כך שקם צורך של ממש להחמיר בענישה ולהרתיע העבריינים הפוטנציאליים.",train
מהו הקשר בין העבירה של הפרעה לשוטר לבין יחסו של הנאשם לשלטון החוק?,"לעבירה של הפרעה לשוטר בעת מילוי תפקידו, יש בה כדי ללמד על יחסו לשלטון החוק.",train
מהו השיקול לגבי יכולתו הכלכלית של העבריין בהליך פלילי?,"לענין זה, כבר נקבע, לא פעם, כי יכולתו הכלכלית של העבריין אינה שיקול, כשם שלא היתה בגדר שיקול אילו היה נתבע בתביעה אזרחית.",train
מהו הנימוק שהוביל את בית המשפט להימנע מהחמרה בעונש הנאשם 2?,"אין בית המשפט מוצא לקבוע ענישה עם פער גדול מדי בין הנאשמים, וזהו נימוק נוסף שלא להחמיר עם הנאשם 2 מעבר לבקשת התביעה.",train
מהו השיקול המרכזי בהטלת עיצומים כספיים על הנאשמים בעבירות סמים?,"מעשיהם של הנאשמים, אשר החזיקו בסמים בשווי ניכר והנאשם 1 אף עסק באופן מתמשך במכירת סמים 	6 מחייבים השתת עיצומים כספיים משמעותיים.",train
מהו העיקרון שהשפיע על ההחלטה להטיל מאסר בפועל על נאשם מבוגר בעבירות צווארון לבן?,"רק לאחרונה, התיחס בית המשפט העליון למשמעות השתת מאסר על נאשם מבוגר (ראו ע.פ. 4506/15 בר ואח' נ' מדינת ישראל (פורסם במאגרים)) ונקבע, כי עיקרון ההלימה בעבירות בתחום הצווארון הלבן, מחייב ענישה של מאסר בפועל.",train
מהן המטרות המרכזיות של הענישה בעבירות סמים?,"הענישה בעבירות מסוג זה נועדה, קודם לכל, לשרת את מטרת הגמול לעבריין על עיסוק בסם העלול לסכן חיי אדם ולפגוע בבריאות המשתמשים בו; שנית, על העונש להעביר מסר חד-משמעי של הרתעה ביחס לעבריינים פוטנציאליים, ולשמש אות אזהרה אפקטיבי לכל מי שמתכוון לקחת חלק במערכת ההעברות והסחר בסמים, תהא אשר תהא הפונקציה אותה הוא ממלא בשרשרת זו של העברת הסם מיד ליד.",train
מהי המשמעות של נהיגה ללא ביטוח מבחינת פיצוי הנפגעים?,"ומעבר לכך נאמר לא אחת, כי משמעות נהיגה כזאת, בהיעדר ביטוח, היא גם הטלת פיצוי הנפגעים על הציבור.",train
מהו השיקול הנדרש בעתירה עונשית במקרה זה?,"עתירה עונשית מסוג זה מחייבת הצבעה על שיקולי שיקום, אשר אינם קיימים במקרה דנן.",train
מהי ההשפעה של עבירות גניבת רכב על תחושת הביטחון האישי של האזרח?,עבירות של גניבת רכב פוגעות בתחושת הביטחון האישי של האזרח.,train
מהו המכלול של השיקולים שעל בית המשפט לקחת בחשבון בעת קביעת מתחם הענישה?,"בהתאם לסעיף 40ט' לחוק העונשין, תשל""ז – 1977, בבואו של בית המשפט לקבוע מתחם ענישה, רשאי לקחת בחשבון מכלול שיקולים, בין היתר, נסיבות ביצוע העבירה; משך ההתנהגות העבריינית; מידת הפגיעה בערכים המוגנים; וכן, שיקולים נוספים.",train
מהו תפקידו של המשפט בהטלת מגבלות על חופש הביטוי במקרה של איומים?,"האיום הוא אפוא ביטוי שהמשפט מטיל עליו מגבלות תוך פגיעה בחופש הביטוי, וזאת כדי להגן על ערכים אחרים ובהם שלוות נפשו, ביטחונו וחירות פעולתו של הפרט.",train
מהי הסיבה לכך שבית המשפט לא חייב את הנאשם בפיצוי למתלוננת?,"בית המשפט אינו מוצא לחייב את הנאשם בפיצוי, כאשר, בהתאם לעולה מהערכת שירות המבחן והגורמים הטיפוליים – פניהם של הצדדים לשקם את יחסי המשפחה, והמדובר במשק משפחתי אחד.",train
אילו שיקולים נלקחים בחשבון לקביעת מתחם העונש ההולם?,"בבואו של בית המשפט לקבוע את מתחם העונש ההולם, עליו לשקול, בין היתר, את מדיניות הענישה הנוהגת, אך שיקול זה – כמובן אינו היחיד.",train
מהו המתחם המומלץ לעבירה של פריצה לרכב בכוונה לגנבו?,"בגין עבירה של פריצה לרכב בכוונה לגנבו, ראוי שיקבע מתחם ענישה שימוקם בין המתחם שנקבע בגין עבירה של פריצה לרכב בלא כוונה לגנבו, לבין המתחם שנקבע בנוגע לעבירות של גניבת רכב ממש.",train
מהי החשיבות של טיפול ממושך לשינוי תודעתה של המתלוננת לאחר חוויות האלימות?,"נראה, כי תידרשנה שנים רבות של טיפול, כדי לשנות את תודעתה של המתלוננת, ולסייע לה להפנים, שהיא ראויה לטוב – כלומר ראויה לחיות בשקט ובביטחון, ואין שום הצדקה, לחוות אלימות כה חמורה, מצד בן זוגה, אבי ילדיה.",train
מהי הדרישה לפגיעה במישור המעשה כדי שתהיה נחשבת קשה וחמורה?,"הפגיעה המדוברת מן הדין שתהיה פגיעה מוכחת, במישור המעשה, וכזו שהיא קשה וחמורה.",train
מדוע אין מקום להתחשבות בעבירות הקשורות במטעני חבלה?,"בהקשר זה אין כל מקום להתחשבות, הבנה או סלחנות ויש לטפל בתופעה ביד קשה ולמצות את חומר הדין כלפי כל אחת מהחוליות בשרשרת ההכנה, ההספקה והשימוש במטעני חבלה.",train
כיצד משפיעה הכוונה להימלט מאימת הדין על החמרת הענישה?,"משנה חומרה לעבירות, כאשר נעברו בכוונה להימלט מאימת הדין, תוך שהנאשם נס מניידת בילוש, כאשר הוא מחזיק ברכבו בסוכן משטרתי נגד רצונו, וגם כאשר הוא יודע, כי הדבר יסתיים במעצרו.",train
מה השפיע על קביעת עונשו של נאשם 2 על הצד הנמוך של המתחם הכולל?,"בנוגע לנאשם 2, בהעדר הרשעות קודמות; לנוכח שאיפתו לנהל חיים נורמטיביים בסך הכל – יועמד עונשו על הצד הנמוך של המתחם הכולל.",train
מהו תפקיד נפיצותן של עבירות האלימות בהחמרת הענישה בעבירות אלה?,"נפיצותן של עבירות אלה והצורך להגן על קורבנות האלימות שהם על פי רוב חסרי ישע, תורמים אף הם להחמרה הנדרשת בענישה בעבירות אלה.",train
מדוע נחשבות עבירות אלימות כנגד בנות זוג לרעה חולה במערכת המשפטית?,"עבירות האלימות ככלל, וכנגד בנות זוג בפרט, הפכו זה מכבר לרעה חולה, אשר בתי המשפט מצווים להיאבק בה.",train
מדוע ייחד המחוקק את עבירת גניבת הצאן מעבירת גניבה רגילה?,"לא בכדי, מצא המחוקק, לייחד עבירה זו מעבירת גניבה ""רגילה"", ולקבוע בצדה עונש בן ארבע שנות מאסר, כך שגם עבירה זו, בדומה לעבירות כלפי רכבים, מוגדרת כעבירה מסוג פשע.",train
מהו עונש המינימום שנקבע בחוק לעבירות תקיפת שוטר?,"כמו כן, אף בעבירות שענין תקיפת שוטר או הפרעה לשוטר, קבע המחוקק עונש מינימום בחוק, לאור החומרה שבמעשים כגון אלה.",train
כיצד יש לבטא את קביעת המחוקק בענישה בפועל?,קביעה זו של המחוקק - מן הדין שתבוא ידי ביטויה גם בקביעת הענישה בפועל.,train
מדוע לא תינתן הקלה בעונש אם החמרים הוכרזו כחומר מסכן או כסם מסוכן זמן קצר לפני תפיסתם?,אם תינתן הקלה רק בשל כך שהחמרים האמורים הוכרזו כחומר מסכן או כסם מסוכן זמן קצר לפני תפיסתם – נמצא שהעברינים העוסקים ביצור אותם חמרים השיגו את מטרתם.,train
מהי התרשמות שירות המבחן לגבי מסוכנות הנאשם לעתיד?,התרשמות שירות המבחן למבוגרים מהנאשם מדברת בעד עצמה ומלמדת על מסוכנות גבוהה מצדו של הנאשם לעתיד.,train
מהו המצב החוקי לגבי הריגת בעלי חיים שאינם נחוצים לאדם?,"בעלי חיים שאין מפריעים, והאדם אינו צריך להם לא למאכל ולא לרפואה, לא רק שהריגתם אסורה ושנואה, גם גרימת צער להם אסורה ושנואה.",train
כיצד מתבטאת המסוכנות של עבירות גניבת רכב או התפרצות לדירה?,העבירות של גניבת רכב או התפרצות לדירה גם אם אינן מתוחכמות הן מסוג העבירות שיש בהן מסוכנות אינהרנטית נוכח הפוטנציאל להתפתחות אלימה.,train
מהו המשקל של אורח חייהם של הנאשמים בהטלת קנסות?,"הנאשמים 1, 2 ו-4 מנהלים חיי משפחה עניפה ואינם משקיעים באורח חיים עמלני או יצרני, ועל כן יש לכך משקל בהטלת קנסות.",train
כיצד השפיעה נהיגתו של הנאשם על החלטת בית המשפט להרחיקו מהכביש?,"האופן נהיגתו של הנאשם הקים סיכון של ממש לשלומם ולחייהם של המשתמשים בדרך וחרף ההליך השיקומי שעבר, מחייב הרחקתו מהכביש לתקופה משמעותית.",train
מהו הנזק הפוטנציאלי שניתן להניח במקרה של נהיגה ללא הכשרה מתאימה ברכב משא כבד?,"ללא הכשרה מתאימה לנהוג ברכב משא כבד, אין לשער את הנזק שיכל לגרום הנאשם, החל מפגיעות ברכוש וכלה בקיפוח חיי אדם.",train
מהי ההשפעה של בקשת התביעה על גובה העונש המוטל על נאשם 2?,"העונש לנאשם 2 היה ראוי להיות על הצד הגבוה של מתחם הענישה, אולם בקשת התביעה להסתפק בעונש עד 18 חודשי מאסר תחייב בית המשפט לא להחמיר מעבר לכך.",train
מדוע יוטלו על הנאשם עונשי מאסר מותנה מרתיעים?,"כמובן, יושתו על הנאשם עונשי מאסר מותנה מרתיעים, לבל ישוב על מעשיו בעתיד.",train
מהו מתחם הענישה שנקבע ביחס לתיק האב והנסיבות המיוחדות של המקרה?,"ביחס לתיק האב, לאור הפגיעה המשמעותית בערכים המוגנים, הן בהקשר של נהיגה פוחזת והן בהקשר של החזקת סכין ברכב, אך מנגד, לאור כך שבניגוד למקרים אחרים בהם הורשעו נאשמים בעבירה של נהיגה פוחזת, המדובר בנסיעה קצרה יחסית, של מספר צמתים לאורך כביש רב נתיבי, בשעה עמוסה – יקבע בית המשפט מתחם ענישה הנע בין עונש מאסר בפועל למשך 10 חודשים ועד 24 חודשים;",train
מדוע שיקול השיקום אינו עומד לבדו בהליכי הענישה?,"אכן יש ליתן חשיבות לשיקומו של מי שנאשם בפלילים, אך שיקול זה אינו עומד לבדו, ועל בתי המשפט להידרש לצדו לשיקולים אחרים (רע""ב 1730/10 תורג'מן נ' היועץ המשפטי לממשלה).",train
מהו השיקול המרכזי שהוביל למיקום עונשו של הנאשם בחלק הבינוני - גבוה של מתחם הענישה?,"בשקלול מכלול הנסיבות, גוברים, במקרה דנן, השיקולים לחומרה, וראוי למקם את עונשו של הנאשם בחלק הבינוני - גבוה של מתחם הענישה שנקבע בגין אישום הראשון, בו הגדיש הנאשם את הסאה, ובחלק האמצעי של כל אחד ממתחמי הענישה בגין יתר האישומים.",train
מהו הנימוק להטלת העיצום הכספי על הנאשם?,"בית המשפט מוצא להטיל גם עיצום כספי, וזאת, משנעברו העבירות מתוך מניע של בצע כסף והן לאור המשאבים הציבוריים שהוקצו לשווא, הן במשטרת ישראל והן על ידי חברת הביטוח, עקב מצג השווא מטעמו של הנאשם, כמו גם הנזקים הרחבים יותר שנגרמים בעטיים של מעשים מסוג זה לציבור הכללי.",train
מה השיקולים שעל בית המשפט לשקול בעת קביעת הענישה הספציפית לנאשם?,"אשר לקביעת הענישה הספציפית בענינו של הנאשם, על בית המשפט לשקול את עברו של הנאשם, נסיבותיו האישיות, וזאת לצד שיקולים נוספים.",train
מהו השיקול שהוביל להערכת חומרת העבירות על פני ההליך הטיפולי של הנאשם?,"התסקירים וחוות הדעת אמנם מלמדים על הירתמותו של הנאשם מההליך הטיפולי, במסגרתו הביע מוטיבציה רבה, אך הליך זה אינו בגדר חזות הכל, ולנוכח חומרת העבירות – נסוגות אחור נסיבותיו האישיות של הנאשם.",train
מדוע יש צורך בענישה משמעותית עבור העבירות המוזכרות?,"עבירות אלה מחיבות ענישה משמעותית, בעולם המעשה, על מנת להרתיע את מבצעיהן בכח ובפועל.",train
כיצד משפיע חלוף הזמן על שיקולי הענישה במקרה הנוכחי?,"בנסיבות אלה, אין בחלוף הזמן, כאמור, כדי להקהות את שיקולי הענישה.",train
מהו המבחן לקביעת עונש דומה לעבריינים שביצעו עבירות דומות?,"המבחן הוא אם עסקינן בסיפור מעשה אחד... כפי שנאמר בהמשך פסק הדין, אין המדובר בעקרון מכאני, בבחינת סרגל שאין לסטות ממנו, ברם הכלל הוא – שמי שבצעו עבירות דומות (קל וחומר השתתפו באותו אירוע ממש), ונסיבותיהם דומות, ידונו לעונש דומה.",train
כיצד ישפיע תיקון כתב האישום על הערכת המעורבות בעסקת הסמים?,"בית המשפט ייקח בחשבון את התיקון בכתב האישום, לרבות המרת סעיף העבירה בנושא הסמים לעבירה נגזרת, אם כי יצוין, כי המדובר בנסיבות של מעורבות גבוהה בעסקת הסמים, הנושקות לעבירה המושלמת.",train
מדוע נחשבות עבירות האלימות כנגד בנות זוג לרעה חולה במערכת המשפטית?,"עבירות האלימות ככלל, וכנגד בנות זוג בפרט, הפכו זה מכבר לרעה חולה, אשר בתי המשפט מצווים להיאבק בה.",train
מהם שני הגורמים הנדרשים להימנעות מהרשעה לפי ההלכה הפסיקתית?,"ההלכה שהשתרשה בפסיקת ביהמ""ש היא, כי הימנעות מהרשעה אפשרית בהצטבר שני גורמים: ראשית, על ההרשעה לפגוע פגיעה חמורה בשיקום הנאשם, ושנית, סוג העבירה מאפשר לוותר בנסיבות המקרה המסוים על ההרשעה בלי לפגוע באופן מהותי בשיקולי הענישה האחרים (ר' בענין תמר כתב המוזכר לעיל וכן ר' ע""פ 9893/06  אסנת אלון-לאופר נ' מדינת ישראל, פס""ד של ביהמ""ש העליון מיום 31/12/07).",train
מהו השיקול המרכזי שיש לתת עליו משקל בעונש על עבירות כלכליות?,"בנוסף, קביעה משותפת לפסיקה היא כי בענישה על עבירות כלכליות יש לתת משקל רב לשיקול ההרתעתי ומשקל מופחת לנסיבות האישיות – וזאת כדי ליידע עבריינים פוטנציאליים כי ""הסיכון גובר על הסיכוי"" – בפרט לנוכח קלות ביצוע העבירות מחד והקושי בחשיפתן מאידך.",train
מהו השיקול שיש לקחת בחשבון בעת קביעת הענישה בעבירת התעללות בבעל חיים?,עוד יש לקחת בחשבון את משכה של ההתעללות.,train
מדוע נדחות הנסיבות האישיות של הנאשם בעבירות סמים בהיקף כזה?,"כבר נאמר, לא פעם, כי בעבירות סמים, בייחוד בהיקף כזה 		נדחות הנסיבות האישיות מפני האינטרס הציבורי.",train
מהן ההנחיות שניתנות בנוגע לפסילת רישיון הנהיגה של הנאשם?,"כן, לאור הנסיבות, ובין היתר הטענות בדבר שימוש הנאשם בסם מסוכן מסוג קנאביס - מוצא בית המשפט לעשות שימוש בסמכותו ולהורות על פסילת רישיון נהיגה בפועל ועל תנאי, ולהפעיל את פסילת רישיון הנהיגה על תנאי מגזר הדין ת/3, באופן מצטבר.",train
מהי הסיבה להחלטת בית המשפט לחרוג ממתחם העונש ההולם במקרה זה?,"הגם שמשורת הדין, ראוי היה למקם עונשו של הנאשם ברף הגבוה של המתחם, ולהפעיל את המאסרים המותנים במצטבר לכל עונש שיוטל בתיק זה, הרי בשל נסיבותיו הקשות, ולאור מצבו הרפואי של הנאשם, ולאחר שהנאשם עבר הליך שיקומי משמעותי ביותר, מוצא בית המשפט, לפני לפנים משורת הדין, לאמץ את המלצת שירות המבחן למבוגרים, ולחרוג ממתחם העונש ההולם מטעמי שיקום הנאשם.",train
מדוע יש לפיצוי שיושת משמעות עבור נפגעת העבירה?,לפיצוי שיושת משמעות הן מבחינת הסיוע לנפגעת העבירה לשקם את חייה והן מבחינת ההכרה בסבל שנגרם לה.,train
מהי המשמעות של חוסר שיתוף פעולה של הנאשם בשירות המבחן על הפנמת חומרת המעשים?,"גם בשירות המבחן, נמנע הנאשם מלשתף פעולה באופן מלא עת סירב להשתתף בתהליך טיפולי, ומכאן שמידת הפנמתו את חומרת המעשים ונטילת האחריות מצדו אינה מלאה.",train
"מהו הרף התחתון ביותר לעונש מאסר שנקבע בהסדר, לפי טענת התביעה?","בשמים לב למנעד הענישה שנקבע בהסדר, עונש מאסר בעבודות שירות היה הרף התחתון ביותר, כאשר התביעה טוענת, כאמור, למאסר לא קצר בפועל בין כתלי בית האסורים, כך שדווקא הציפיה, כי בית המשפט יעתר לטענת ההגנה במלואה, הסתברותה נמוכה בהרבה מהציפיה, כי יושת מאסר בפועל בין כתלי בית האסורים, לתקופה כלשהי במסגת אותו מנעד.",train
מהו העיקרון המשפטי המנחה לגבי פעולות שוטרים בשיבוש חקירה והעלמת ראיות?,"אם גם ניתן היה, אולי, להבין טענת ההגנה (ולא להסכים עמה), כי החיכוך המתמיד של שוטרים עם גורמים עבריניים, הפועלים באלימות ותוך הפגנת זלזול ברשויות - החוק עלול ליתן אותותיו בשוטרים ולהביא, לעיתים, לחצית נורמות בדרך של הפעלת כח בלתי סביר או בלתי נחוץ – הרי בשום אופן אין לקבל, כי אנשי חוק יפעלו לשיבוש חקירה, תוך העלמת ראיות ונסיונות השפעה על עדים.",train
מהו אופי העבירות שבהן הורשע המשיב והנסיבות שהקיפו את ביצוען?,העבירות שבהן הורשע המשיב חמורות במהותן ובנסיבות ביצוען.,train
מהי הסיבה לפער בענישה בין הנאשמים לפי קביעת בית המשפט העליון?,"הפער בענישה ביניהם נובע ממסוכנותו הגבוהה מאוד של נאשם 2 כפי שקבע בית המשפט העליון, מעברו ומהיותו פעיל במסגרת ארגון טרור.",train
מדוע נחשבת האלימות במשפחה כנוגדת את חוש הצדק האנושי?,הפרתה של ציפייה זו הופכת את השימוש באלימות במשפחה לתופעה העומדת בניגוד עמוק לחוש הצדק האנושי.,train
מהי עמדת המשיבה לגבי קביעת מתחם עונש הולם שתחתיתו נמוכה מעונש המינימום?,מקובלת עלי עמדת המשיבה לפיה מתחם עונש הולם שתחתיתו נמוכה מעונש המינימום יכול להיקבע רק אם ניתנו טעמים מיוחדים לכך.,train
מהו הצורך המובהק המוזכר בפסיקה בנוגע לעונש על הפצת סמים?,"על הצורך להילחם מלחמת חורמה בתופעה הזו, וחומרת הענישה שיש לנקוט כלפי המעורבים במערך הפצת הסמים, דובר רבות בפסיקה.",train
מהו הפוטנציאל לפגיעה בערכים המוגנים בעקבות העבירה שביצע הנאשם?,"העבירה שעבר הנאשם היא בעלת פוטנציאל לפגיעה בערכים מוגנים, הן כבוד האדם (ובמסגרתו - כמובן - כבוד האשה); הן צביון המדינה, כמדינה דמוקרטית ושוויונית; הן כלכלת המדינה; הן הסדר הציבורי והמשפטי.",train
מהו מתחם הענישה שנקבע בגין עבירה של התעללות בבעל חיים שגרמה למותו?,"בית המשפט מוצא להעמיד את מתחם הענישה בגין עבירה של התעללות בבעל חיים אחד תוך גרימת מותו, כך שינוע בין עונש צופה פני עתיד, בצירוף שעות שירות לתועלת הציבור ועיצומים כספיים משמעותיים, ועד לשנה מאסר בפועל.",train
כיצד משפיעה תקופת הזמן שחלפה על גזירת הדין?,"ברגיל, יש בחלוף תקופה משמעותית שיקול בעת גזירת הדין.",train
מהו הסיכון שמהווה הנאשם עבור עוברי הדרך?,נאשם זה מסכן את עוברי הדרך ויש להבטיח שלא ינהג ברכב מנועי לתקופה ארוכה.,train
מהי הסיבה לכך שבית המשפט לא ראה את חרטת הנאשם ככנה?,"בית המשפט שותף להתרשמות המתלונן, כי חרטתו של הנאשם איננה בהכרח כנה והבעתה נובעת, בעיקר, מאימת הדין.",train
מהי החשיבות של אי ההכרה בנזקים במסגרת קביעת מתחם הענישה?,אי הכרה בנזקים היא נסיבה אותה יש לשקול במסגרת המתחם.,train
מהי הסיבה לאימוץ המלצת שירות המבחן במקרה זה על ידי בית המשפט?,"מוצא בית המשפט לאמץ המלצת שירות המבחן למבוגרים, אשר, במקרה דנן, תואמת גם את האינטרס הציבורי – לפתוח הפתח לשיקומו ולהמשך שירותו הטוב של הנאשם בשירותי הכבאות וההצלה.",train
מהן המטרות העיקריות של הענישה בעבירות סמים?,"הענישה בעבירות מסוג זה נועדה, קודם לכל, לשרת את מטרת הגמול לעבריין על עיסוק בסם העלול לסכן חיי אדם ולפגוע בבריאות המשתמשים בו; שנית, על העונש להעביר מסר חד-משמעי של הרתעה ביחס לעבריינים פוטנציאליים, ולשמש אות אזהרה אפקטיבי לכל מי שמתכוון לקחת חלק במערכת ההעברות והסחר בסמים, תהא אשר תהא הפונקציה אותה הוא ממלא בשרשרת זו של העברת הסם מיד ליד.",train
מדוע לא ניתן להמיר את המאסר לריצוי בעבודות שירות במקרה זה?,"לנוכח חומרת העבירות והתעוזה שהפגינו הנאשמים, אשר, למרבה הצער, הופכים חזון נפרץ באזור הנגב ובמדינה בכלל – אין בית המשפט מוצא לקבל עתירת ההגנה להמיר המאסר לריצוי בדרך של עבודות שירות, שכן, בכך לא יהיה די כדי ליתן מענה לשיקול הרתעת הרבים.",train
מדוע האיום נחשב כמסכן את חירות פעולתו של הפרט?,האיום מסכן את חירות פעולתו של הפרט שכן פעמים רבות האיום כרוך גם בצפייה להתנהגות מסוימת מצד המאוים שהמאיים מבקש להשיג באמצעות השמעת האיום.,train
"מהו המתחם המומלץ לענישה במקרה של עבירות ריבוי נישואין, לפי גזר הדין בפרשת אבו סקיק?","אשר למתחם הענישה – בגזר הדין בפרשת אבו סקיק, התייחס בית המשפט לחומרת התופעה ולהשלכותיה, אך מצא לקבוע, כי בטרם קביעת מתחם ענישה מחמיר, שייתן מענה לשיקולי הענישה, כפי שפורטו – ראוי לקבוע מתחם ביניים, למשך תקופה, לא ארוכה, במהלכה יינקטו אמצעים חינוכיים ופרסומיים, כך שיהיה בידי הציבור להפנים שינוי המדיניות של גורמי האכיפה.",train
מה קובע הפסיקה לגבי השפעת חלוף הזמן על שיקולי הענישה?,"לאור זאת, נקבע בפסיקה, לא פעם, כי חלוף הזמן, גם לתקופה משמעותית מאוד כמו התקופה במקרה דנן, לא יהיה בו כדי לאיין ולאפס את שיקולי הענישה.",train
מהי הסיבה שסיווגו הערכאות הקודמות את העבירות כחמורות במיוחד?,"לטעמי, צדקו הערכאות הקודמות כאשר סיווגו את העבירות שביצע המבקש כעבירות בעלות חומרה יתרה, הן בשל הסכנה הגלומה בהן לשלום הציבור, והן בשל העובדה כי גניבת רכב הפכה להיות 'מכת מדינה'.",train
מהו הנזק הציבורי הנגרם מפעילות כלכלית בלתי מדווחת של הנאשמים?,"מעבר לאמור, המדובר בפעילות כלכלית עניפה, שאינה מדווחת והציבור נפגע פעמיים  הן מכך שאינו נהנה מתקבולי המס והן מכך, שחלק מהעוסקים בתחום, וניתן לראות זאת במקרה דנן, מדווחים כנצרכי סעד וזוכים לקצבאות ולהטבות שונות.",train
מדוע מעשי תקיפה ואיומים כלפי שוטרי משטרת ישראל נחשבים לערעור על המוסכמות הבסיסיות של החברה הדמוקרטית?,"מעשי תקיפה ואיומים כלפי שוטרי משטרת ישראל, רק מפני שהם ממלאים את תפקידם כחוק, מערערים את המוסכמות הבסיסיות ביותר של החברה הדמוקרטית בה אנו חיים.",train
"מהי השאלה החשובה בנוגע להתמודדות עם כישלונות בחיים, בהקשר של הנאשם?","כל אדם מועד לטעות ולהיכשל במהלך חייו, אך אחת השאלות החשובות הינה כיצד יבחר להתמודד עם כשלונותיו ובנדון זה ראוי לציין את דרך התנהגותו של הנאשם, שאינה בגדר חזון נפרץ.",train
מהי ההשפעה של ההליך הטיפולי על יכולתו של הנאשם לקיים מערכות יחסים בעתיד?,"בית המשפט התרשם, כי ההליך הטיפולי בו השתלב הנאשם היה משמעותי והניב תוצאות ובין היתר – כלים, שיאפשרו לנאשם קיום מערכות יחסים אינטימיות, בוגרות ומכבדות בעתיד, כמו גם יאפשרו לו להימנע מהסתבכות בעבירות.",train
מהו ההיבט המיוחד בעבירות רכוש המיוחסות לנאשם בהקשר של בעלי חיים?,"אין מדובר בעבירת-רכוש רגילה – ביצועהּ כרוך בהתאכזרות לבעלי-חיים, יצירת סיכון בריאותי לציבור וגרימת חסרון-כיס משמעותי לבעל החיה.",train
כיצד משפיעות נסיבות העבירה על קביעת מתחם הענישה בעסקאות סמים?,"בשל נסיבות העבירה, כאשר שתי העסקאות בוצעו בפער של ימים בודדים לאותו קונה, ובאותו מיקום, מצא מותב זה לקבוע מתחם ענישה אחד, הנע בין 9 ועד 21 חודשי מאסר בפועל.",train
מהן הנסיבות שהצדיקו הקלה בעונש הנאשם ביחס לרף העליון שנקבע בהסדר?,"מכלול הנסיבות הללו, וביחוד – כפי שנאמר עקרון השוויון לפני הדין – מצדיקים, כי לא יושת על הנאשם עונש על הרף העליון שנקבע בהסדר, וכי תינתן לו הקלה מסוימת.",train
מהי המסקנה לגבי מעשים ועבירות המבוצעים על ידי אדם בוגר החב אמון למעבידו?,"צירוף העובדות יחדיו מוביל לדעתנו למסקנה כי כבר בשלב זה של בחינת הדברים אין המדובר בסוג של מעשים ועבירות, המבוצעים על ידי אדם בוגר החב אמון למעבידו, שניתן להחריגם מהכלל ולהוציאם לתחומי החריג הנדיר של הימנעות מהרשעה.",train
מהי הסיבה לכך שבית המשפט לא מצא מסגרת שיקומית לנאשם אך ראה בשירותו הצבאי ככזו?,"בנסיבותיו של הנאשם – לא ניתן היה לאתר מסגרת שיקומית, אך בית המשפט מוצא, כי אין מניעה לראות בהמשך שירותו הצבאי כמסגרת כזו.",train
מהן המטרות החשובות של השתת עיצומים כספיים?,השתת עיצומים כספיים משרתת מספר מטרות חשובות.,train
מהו מתחם הענישה המומלץ בגין עבירה של פציעה שגרמה לחבלה בראש?,"בעקבות הפסיקה שהובאה לעיל, מעמיד בית המשפט את מתחם הענישה בגין עבירה של פציעה הכוללת גרימת חבלה בראשו של אדם, אשר נזקק לפינוי לבית החולים ולטיפול, בן מחצית השנה ועד שנתיים מאסר בפועל.",train
מה היה יכול הנאשם לעשות כדי להתמודד עם הכשל שהפגין ולהשתלב בהליך טיפולי?,"כאן המקום לציין, כי היה באפשרות הנאשם לאחוז השור בקרניו ולהתמודד עם הכשל שהפגין ועם התנהגותו הבעייתית והמסוכנת, לו היה נעתר להמלצות כלל הגורמים עמם בא במגע – להשתלב בהליך טיפולי.",train
מהו השיקול המרכזי שהוביל את בית המשפט לקבוע כי הנאשם פגע בערכים המוגנים?,"לאור טיב הסם שנמכר; אופי האלימות הקשה שהפעיל הנאשם כלפי הסוכן; האיום ברצח הסוכן; סיכון חמור ומשמעותי של משתמשי הדרך תוך בתוך העיר, מוצא בית המשפט, כי הנאשם פגע פגיעה משמעותית וקשה בערכים המוגנים.",train
מדוע נזק כלכלי שנגרם לבעלי בקר גנוב משפיע על כלל העוסקים בענף?,"מציאות כזו היא בלתי נסבלת וגורמת לנזק כלכלי לא רק לבעליו של הבקר הגנוב, אלא לכל מי שעוסק בענף זה ונאלץ להשקיע משאבים יקרים במניעת העבירות.",train
כיצד קובע בית המשפט את מתחם הענישה בגין העבירה באישום הראשון?,"בהתאם לפסיקה שהובאה לעיל, יעמיד בית המשפט את מתחם הענישה בגין העבירה נושא האישום הראשון, ככל שהיתה עבירה מוגמרת, כך שינוע בן עשרה עד שלושים חודשים מאסר בפועל.",train
מהו מתחם הענישה שנקבע לאור ריבוי האיומים ומידת הפגיעה בערכים המוגנים?,"בנסיבות האמורות, לאור ריבוי האיומים; טיבם; ומידת הפגיעה בערכים המוגנים; מוצא בית המשפט לקבוע מתחם ענישה הנע בין 8 ועד 18 חודשי מאסר בפועל.",train
מהו המשקל שיש לתת לאינטרס הציבורי בעת שקילת הענישה בעבירות החזקת נשק?,"בוא בית המשפט לשקול את הענישה בעבירות מסוג זה, עליו לתת משקל נכבד יותר לאינטרס הציבורי ולצורך להרתיע עבריינים בכוח מלבצע עבירות דומות, על פני הנסיבות האישיות של העבריין.",train
כיצד תרומתו של הנאשם לשירות הציבורי משפיעה על שיקול הדעת של בית המשפט?,"מנגד, יזקוף בית המשפט לזכותו של הנאשם את תרומתו לחברה ולמדינה בשירות ציבורי ארוך, הן במסגרת צה""ל, הן במסגרת השב""ס והן בתפקידים נוספים.",train
מדוע יש לגזור עונשים מרתיעים גם כאשר מדובר בפגיעה ברכוש בלבד?,"בית המשפט אינו רשאי להיוותר אדיש לתופעה זו, רק בשל העובדה שמדובר בפגיעה ברכוש, אלא יש לגזור עונשים מרתיעים, שיהיה בהם כדי לצמצם, ואף למנוע, הפגיעה ברכושו של אחר או ברכוש הציבור.",train
מה היו השיקולים שהנחו את בית המשפט המחוזי בהחלטתו בעניינו של הנאשם?,"בבסיס החלטת בית המשפט המחוזי עמדו שיקולי שיקום, במסגרת תסקיר עם פרוגנוזה חיובית, שהוגש בענינו של אותו נאשם; כמו גם תרומתו למדינה ולחברה, בשירות צבאי, כלוחם.",train
מהי חובת בתי המשפט בעבירות המערער והשפעתן על הציבור?,"בעבירות מעין אלה, שומה על בתי המשפט להגן על הציבור מפני פגיעתו הרעה של המערער ושכמותו.",train
כיצד שונה העונש המינימלי לעבירה זו בעקבות תיקון מספר 47 לפקודת בתי הסוהר?,"אף המחוקק מצא להחמיר הענישה בגין העבירה דנן, כאשר חלף עונש בן 6 חדשי מאסר בפועל שהיה קבוע בצדה של העבירה הרלוונטית בעבר, נקבע, במסגרת תיקון מספר 47 לפקודת בתי הסוהר, שהתקבל רק לאחרונה (התקבל בכנסת ביום י""ז אדר ב' תשע""ד – 19 מרץ 2014) עונש מאסר בן 3 שנים.",train
מדוע מהימנותם של אנשי משטרה נחשבת לשיקול מרכזי בהרשעת הנאשם?,"אין מנוס מהרשעתו, שכן, מהימנותם של אנשי משטרה היא שיקול ראשון במעלה.",train
מדוע הוחלט להטיל על הנאשם עיצום כספי מרתיע בהיקף דומה למקרים קודמים?,"כן יושת על הנאשם עיצום כספי מרתיע, בהיקף דומה לזה שהושת במקרים שהובאו לעיל, זאת, בין היתר, לאור השווי הכלכלי של כלי הנשק וכחלק מתמהיל הענישה הכולל.",train
על מה התבססה המלצת שירות המבחן בנוגע לעונש הנאשם 1?,"גם המלצתו של שירות המבחן להסתפק במאסר לריצוי בדרך של עבודות שירות נסמכה על הבטחת הנאשם 1 לקצינת המבחן כי פועל להסרת המחדלים ושירות המבחן אף מצא להתנות ההמלצה בהסרת המחדלים בפועל – מה שכאמור, לא נעשה ואף לא החל הנאשם לעשות עד כה.",train
מהי ההחלטה שהתקבלה בנוגע להליך השיקומי של הנאשם והענישה המוטלת עליו?,"לאור כל האמור, בנוגע לנאשם דנן, מבלי שיהיה בכך כדי להוות תקדים למקרים אחרים – מוצא בית המשפט לחרוג לקולה ממתחם הענישה ולאפשר המשך ההליך השיקומי, בתקווה כי יביא את הנאשם להשתלב בחברה כאזרח נורמטיבי ולקיים אורח חיים מכובד ועמלני, תוך פרנסת משפחתו, מבלי להסתבך עם החוק.",train
מהו הכיוון שהשיקולים מצביעים עליו במסגרת מתחם הענישה?,שיקולים אלה מצביעים לכיוון הקלת-מה במסגרת מתחם הענישה.,train
מהו השיקול שהוביל את בית המשפט לקבוע חפיפה בין המתחמים של האישומים השונים נגד הנאשם?,"לנוכח כך כי המדובר בשני מקרים של התפרצות לאותו מבנה, שבוצעו בסמיכות זמנים יחסית – יורה בית המשפט, במקרה זה, על חפיפה מסוימת בין המתחמים שנקבעו בנוגע לכל אחד מהאישומים, כך שמתחם הענישה הכללי יעמוד בין ששה חודשים ועד חמישה עשר חודשים מאסר בפועל, בגין מכלול העבירות שעבר הנאשם.",train
כיצד השפיעה העבירה על התפתחותו של הבן הקטין?,"עם זאת, היה בעבירה זו, בנסיבותיה, כדי לפגוע בהתפתחותו של הבן הקטין ובאופן תפישתו את רשויות החוק.",train
מהו השיקול המרכזי שהוביל למסקנה כי הנאשם תכנן את העבירה מראש?,"חובת הנאשם, יש לזקוף את העובדה, כי המדובר בעבירה, אשר נעברה לאחר תכנון מוקדם, תוך פניה לאשה הנוספת ועריכת הנישואין עמה.",train
מהו השיקול שיכול להקל בעונש הנאשמת בעקבות חלוף הזמן מאז העבירה?,"למרות כל האמור, ינתן משקל מסוים לחלוף הזמן, אשר יש בו כדי ללמד, כי הנאשמת לא נתפסה עוד בעבירות, במהלך תקופה משמעותית.",train
כיצד משפיעה הודאת הנאשם באשמה על שיקול הדעת של בית המשפט בענישה?,"עוד לזכות הנאשם, תילקח הודאתו באשמה ונטילת אחריות מצדו.",train
מהי הסיבה לכך שאין עילה לחרוג ממתחם הענישה לצרכי שיקום במקרה זה?,אין עילה לחרוג ממתחם הענישה לצרכי שיקום במקרה דנן.,train
מדוע יש להטיל על הנאשם פיצוי הולם לנפגעי העבירה?,"מעשיו של הנאשם מחייבים גם פיצוי הולם, שיהיה בו משום הכרה בנזקים ובאבדן תחושת הביטחון האישי שחוו נפגעי העבירה – אזרחים תמימים, שרכבם נפרץ ונגנב ממנו רכוש, או פורקו ממנו חלקים.",train
מהו הקשר בין נסיון גניבת רכב לבין רף הענישה במקרה זה?,"שוב, הדבר הנו תלוי הקשר, אם הפגיעה בכלי הרכב היתה במסגרת נסיון לגנבו, נע המתחם לרף גבוה יותר.",train
מדוע הוחלט להטיל על הנאשם מאסר מותנה במסגרת גזר הדין?,"כמובן, יוטל מאסר מותנה, אשר יהיה בו כדי להרתיע את הנאשם לבל ישוב לסורו.",train
מהי הפגיעה שנגרמת כתוצאה מהעבירות המיוחסות לנאשמים?,יש בהן משום פגיעה בסדרי השלטון והמשפט; בערך השוויון בפני החוק; פוגעות הן גם בקופה הציבורית ובהמשך לכך – בטיב השירות שיוכלו גופי השלטון והמנהל להעניק לאזרחים.,train
מהו רכיב הענישה הנוסף שראוי להטיל על הנאשם במקרה זה?,"בנוסף לרכיב הענישה של מאסר בפועל, רואה בית המשפט להשית על הנאשם עיצום כספי, וזאת משנעברו העבירות למען בצע כסף.",train
מהו ההיבט המיוחד שמקנה חומרה לעבירה של גניבת מקנה בקר?,"משנה חומרה לדברים, כי במקרה זה, אין המדובר ברכוש ""רגיל"", אלא מקנה בקר.",train
מדוע לא קיבלה הערכאה את המלצתו הענשית של שירות המבחן בתסקיר?,"אשר להמלצתו הענשית של שירות המבחן בסיפא לתסקיר – מוצא בית המשפט, כי זו אינה עומדת כלל במסגרת מתחם הענישה הנוהג בדין.",train
מדוע הכניסה שלא כדין עלולה להגדיל את הסיכון הביטחוני במדינת ישראל?,"עצם תופעת הכניסה שלא כדין מגדילה את הפוטנציאל לסיכון בטחוני, בין היתר בכך שהיא פותחת פתח לזליגת פעילות חבלנית עוינת (פח""ע) לתחומי מדינת ישראל ובכך מסכנת את בטחון תושביה.",train
מהו המאפיין המרכזי של העבירה שנמצא בהליך המשפטי במקרה זה?,"המדובר בעבירה מתוכננת מראש, בחבורה, ובית המשפט אינו מוצא, כי מבחינת המסר לציבור והאינטרס הציבורי, ניתן להורות על ביטול הרשעת הנאשם.",train
אילו שיקולים על בית המשפט לשקול בעת קביעת מתחם העונש ההולם?,"בבוֹאוֹ של בית המשפט לקבוע את מתחם העונש ההולם, עליו לשקול, בין היתר, את מדיניות הענישה הנוהגת, אך שיקול זה – כמובן אינו היחיד.",train
מדוע לא יחרוג בית המשפט מטווח הענישה שסוכם בין הצדדים בנוגע לנאשמים?,"חרף העובדה, שעונש זה מצוי על הצד הנמוך של מחתם הענישה שנקבע בעניינם של נאשמים אלה – הרי לנוכח הודאת הנאשמים באשמה ויתר השיקולים, שפורטו מפי הצדדים – לא יחרוג בית המשפט מטווח הענישה שסוכם בין הצדדים, בנוגע לנאשמים אלה, וכמובן ,יהיה בכך כדי להשליך על קביעת הענישה בעניינו של הנאשם 1.",train
מהי עמדת בית המשפט לגבי ביטול ההרשעה של הנאשמת 1?,"אין בית המשפט נכון לשקול ביטול ההרשעה בנוגע לנאשמת 1, וההיפך הוא הנכון  ראוי כי מעסיקיה במסגרת השירות הציבורי, יהיו מודעים להסתבכותה ולכשל הערכי הבסיסי שהפגינה.",train
מהו השיקול שהנחה את בית המשפט בקביעת הענישה במקרה זה?,"תוך שבית המשפט נותן המשקל לתיקון המשמעותי בכתב האישום, תיקון אשר, כאמור, נערך לאחר שמיעת הראיות המרכזיות מטעם התביעה, לרבות עדות המתלונן 	6 מוצא בית המשפט, בנסיבותיו המיוחדות של תיק זה, כי די בענישה על הרף הנמוך של מתחם הענישה, קרי: ענישה צופה פני עתיד, בצירוף עיצום כספי מסוג קנס משמעותי, בהיקף כזה שיהיה בו כדי להרתיע את הנאשם.",train
מהי ההשפעה של ההנמכה הקוגניטיבית על מתחם הענישה במקרה של הנאשם?,"ברם, בעניינו של הנאשם דנן, אשר על אף קביעת בית המשפט, כי אחראי למעשיו ומסוגל לעמוד לדין, אין מחלוקת, כי סובל מהנמכה קוגנטיבית משמעותית, ועל כן, בנסיבותיו המיוחדות של נאשם זה, בהתאם להוראות סעיפים 40ט(א)(6) ו- 40ט(א)(9), יועמד מתחם הענישה לגביו בלבד, בין ששה חודשים ועד שנתיים מאסר בפועל, כאשר אם ייגזר עונש על הצד הנמוך של המתחם, ניתן לשקול המרתו למאסר, שירוצה בדרך של עבודות שירות.",train
מהו תפקידו של בית המשפט במניעת פגיעות בשוטרים ובמפקחים בעת מילוי תפקידם?,על בית המשפט להרים תרומתו על מנת להרתיע מפגיעה בהם ולאפשר להם לפעול כאמור.,train
מה מעיד מגוון התחמושת והחלקים שהוחזקו על מעורבות הנאשמים?,"מגוון התחמושת והחלקים שהוחזקו, מעידים על מעורבות של ממש, שאינה מקרית, בתחום העברייני.",train
אילו שיקולים נלקחים בחשבון בעת קביעת מתחם העונש ההולם?,"בבואו של בית המשפט לקבוע את מתחם העונש ההולם, עליו לשקול, בין היתר, את מדיניות הענישה הנוהגת, אך שיקול זה – כמובן אינו היחיד.",train
מדוע יש להדגיש את חומרתה המופלגת של עבירת החזקת סמים מסוכנים שלא לצריכה עצמית?,"על חומרתה המופלגת של עבירת החזקת סמים מסוכנים שלא לצריכה עצמית אין צורך להכביר מילים, ולא כל שכן כך הוא כאשר מדובר בכמות כה גדולה של סמים מסוג זה.",train
מדוע אין לגלות שוויון נפש לפגיעות שנגרמות כתוצאה מאלימות?,בית המשפט אינו רשאי לגלות שוויון נפש לפגיעה שנגרמה למתלונן בפרט וכלפי נגע האלימות המחריף בחברה בכלל.,train
מהי המשמעות של זיוף מסמכים המיוחסים לרשות מקרקעי ישראל בהקשר של אמון הציבור?,"אשר לעיצום כספי מסוג קנס – במקרה דנן, המדובר במי שזייף מסמכים, אשר נחזו להיות אישורים רשמיים מטעם רשות מקרקעי ישראל, ובמעשיו יש משום פגיעה באמון הציבור במנהל הציבורי.",train
כיצד השפיעה התעוזה של עבריינים על מגמת הענישה בעבירות נטילת מים?,"נפיצות העבירות וכן התעוזה שהולכים ומגלים עבריינים בתחום זה, הביאו למגמת החמרה, ולענין זה ראו גזר הדין ת""פ (כפר סבא) 8225-01-14, מדינת ישראל נ' אבו זמירו ואח' (23.12.15 – פורסם במאגרים), שם נקבע מתחם ענישה הנע בין 12 – 26 חודשים מאסר בפועל בגין עבירה של נטילת מים שלא כדין, תוך שבית המשפט, כב' השופט מ' קרשן, אף הדגיש, כי ראוי היה לקבוע מתחם חמור יותר, אך בית המשפט יחמיר בעונש בהדרגה.",train
כיצד משפיעה חמירות העבירה על הנסיבות האישיות של הנאשם?,"ככל שהעבירה שעבר הנאשם חמורה יותר, נסוגות הנסיבות האישיות של הנאשם מפני הצורך להבטיח את שלום הציבור ואת שלום נפגעי העבירה, משיקולי הרתעת היחיד והרתעת הציבור.",train
מהו השיקול לקולא שניתן לייחס להודאת הנאשם באשמה?,"לקולא – קיימים מספר שיקולים: האחד – הודאת הנאשם באשמה, בהזמנות הראשונה, תוך שיתוף פעולה מלא, גם מעבר למקובל, בחקירה ופריסת מלוא התמונה בפני הגוף החוקר.",train
מהו מתחם הענישה שנקבע בגין איום על סוהר במתקן כליאה?,"לנוכח הפסיקה שהובאה ובהינתן, כי המדובר באיום על נציג מערכת אכיפת החוק, מוצא בית המשפט לקבוע מתחם ענישה שינוע בין מאסר קצר, ולו לריצוי בדרך של עבודות שירות, ועד למאסר בפועל בן שנה, בגין עבירה של איום על סוהר במסגרת עבודתו במתקן כליאה.",train
כיצד משפיעים מעשי תקיפה ואיומים כלפי שוטרי משטרת ישראל על המוסכמות הבסיסיות של החברה הדמוקרטית?,"מעשי תקיפה ואיומים כלפי שוטרי משטרת ישראל, רק מפני שהם ממלאים את תפקידם כחוק, מערערים את המוסכמות הבסיסיות ביותר של החברה הדמוקרטית בה אנו חיים.",train
מדוע נחשבות העבירות של גניבת רכב או התפרצות לדירה למסוכנות אינהרנטית?,העבירות של גניבת רכב או התפרצות לדירה גם אם אינן מתוחכמות הן מסוג העבירות שיש בהן מסוכנות אינהרנטית נוכח הפוטנציאל להתפתחות אלימה.,train
מהו המסר שהבית המשפט מבקש להעביר באמצעות החיוב בפיצוי לשוטר?,"המנגנונים הקבועים בחוק, אינם מתאימים לכיסוי פגיעה מסוג זה, שעל פי המסמכים הרפואיים שהוצגו, למרבה המזל, אינה בעלת אופי פרמננטי - מוצא בית המשפט, כי ראוי לחייב הנאשם בפיצוי, שיהיה בו בבחינת מסר לנאשם באשר למחירים שגבתה התנהגותו ואף מסר של גיבוי ותמיכה כלפי השוטר שהותקף, לרבות הכרה בפגיעה שנגרמה לו.",train
מדוע הנאשם אינו זכאי להקלה בעונש?,הנאשם אף נמנע מלהודות באשמה ומכאן שאינו זכאי להקלה של מי שנטל אחריות והיכה על חטא.,train
מדוע העבירות שביצע המבקש נחשבות לחמורות מבחינת הפגיעה בזכויות הציבור?,"העבירות שביצע המבקש הינן עבירות חמורות, אשר,  כפי שציין בית-משפט השלום,  פוגעות פגיעה קשה הן בזכויות המתלוננים והן בכלל הציבור.",train
מהו השיקול המשפטי שמונע מהזמן שחלף לשמש כמחסום בפני הענשת הנאשמות?,"גם הזמן שחלף אינו מהווה מחסום בפני הענשתן של הנאשמות, בידוע שחקירתן של עבירות מסוג זה אורכת זמן רב.",train
מדוע יש להטיל על הנאשם פיצוי לנפגעי העבירה?,"מעשיו של הנאשם מחייבים גם פיצוי הולם, שיהיה בו משום הכרה בנזקים ובאובדן תחושת הביטחון האישי שחוו נפגעי העבירה – אזרחים תמימים, שמרכבם פורקו ונגנבו חלקים.",train
מהי הסיבה להטלת צו לשירות הציבור בהיקף גדול יותר במקרה זה?,"לאור חומרת המעשים, אשר כאמור, נעברו בזמן שלחובת הנאשם מאסר מותנה בר הפעלה בעבירות דומות, יוטל צו לשירות הציבור בהיקף גדול יותר מזה שהומלץ על ידי שירות המבחן למבוגרים.",train
מהו העונש הראוי בעבור מעשים שהביאו לקבלת כספי המרמה?,"מעשים מסוג זה, בייחוד לאחר שהביאו לקבלת כספי המרמה בפועל, ראויים לענישה מחמירה.",train
מהו המכלול של השיקולים שעל בית המשפט לקחת בחשבון לפי סעיף 40ט' לחוק העונשין?,"בהתאם לסעיף 40ט' לחוק העונשין, תשל""ז – 1977, בבואו של בית המשפט לקבוע מתחם ענישה, רשאי לקחת בחשבון מכלול שיקולים, בין היתר, נסיבות ביצוע העבירה; משך ההתנהגות העבריינית; מידת הפגיעה בערכים המוגנים; וכן, שיקולים נוספים.",train
כיצד משפיע המאסר הראשון של הנאשם על גובה העונש שנקבע?,"עם זאת, משהמדובר במאסרו הראשון של הנאשם – חרף הנימוקים לחומרה, יסתפק בית המשפט בעונש מאסר על הרף הנמוך של מתחם הענישה.",train
מהו העיקרון המנחה בענישת נאשמים לפי מהות העבירה?,"אכן, ענישתו של נאשם היא אינדיבידואלית ועל ביהמ""ש לבחון ענינו של כל נאשם ונאשם בלי לקבוע את עונשו אך ורק על סמך מהות העבירה.",train
מהו המבחן הנדרש כאשר יש נסיבות מקלות שאינן שוללות אחריות פלילית?,"המבחן לקולא נדרש כאשר יש נסיבות מקלות שאינן שוללות אחריות פלילית, וראויות להקטין את חומרת העונש.",train
כיצד משפיעה חומרת העבירות על משקל הנסיבות האישיות של הנאשם?,"ודוק: כפי שנקבע לא פעם בפסיקה, ככל שחומרתן של העבירות גדולה יותר, פוחת משקלן של הנסיבות האישיות.",train
מהו הערך הענישתי בעבירות סמים וכיצד הוא תורם לביעור הנגע?,"מזה זמן רב, מדגישים בתי המשפט את חשיבות הערך הענישתי בעבירות סמים כאחד הכלים החשובים בפעילות לביעורו של נגע הסמים.",train
מהו המיקום הראוי לעונשו של הנאשם בהתחשב בשיקולים שהוצגו ובהרשעות הקודמות?,"במכלול השיקולים, ראוי היה למקם עונשו של הנאשם בצד הבינוני של המתחם, אך לאור הנימוקים לקולה שהוצגו, וכן בהיעדר הרשעות קודמות מכבידות, יועמד עונשו על הצד הבינוני – נמוך.",train
כיצד האיום מסכן את חירות פעולתו של הפרט במצבים מסוימים?,האיום מסכן את חירות פעולתו של הפרט שכן פעמים רבות האיום כרוך גם בצפייה להתנהגות מסוימת מצד המאוים שהמאיים מבקש להשיג באמצעות השמעת האיום.,train
מהו הכיוון המומלץ לענישה בהתחשב בשיקולים השונים?,"לאזן השיקולים השונים מצביע לכיוון ענישה על הצד הנמוך של מתחם הענישה, אם גם לא ברף הנמוך ממש.",train
מהו הציווי המוסרי המוטל על בני האדם ביחס לבעלי חיים?,האדם מצווה אפוא להגן על החיה כחלק מן הציווי המוסרי להגן על החלש.,train
כיצד מתבטא זלזול הנאשם בחיי אדם ובחוק?,"התנהגות הנאשם מלמדת על זלזול בחיי אדם, זלזול בחוק ובנציגיו.",train
מדוע יש להקפיד על חומרת העונש במקרה של עבירה עם פוטנציאל נזק גבוה?,פוטנציאל הנזק של העבירה מרעיד את אמות הספים ולא ניתן להקל ראש בפגיעה הרבה שעלולה היתה להיגרם אלמלא יצאה האמת אל האור.,train
מהו הכיוון הכללי של הענישה המומלץ על פי מכלול הנסיבות והשיקולים?,"מכלול הנסיבות והשיקולים – לקולה ולחומרה - מצביעים, אם כן, לכיוון ענישה על הצד הבינוני של מתחם הענישה.",train
מהו האינטרס הציבורי שמחייב תגובה עונשית קשה בעבירות סמים?,"האינטרס הציבורי מחייב תגובה עונשית קשה ובלתי מתפשרת בגינן, כחלק מהתרומה שעל בתי המשפט לשאת למלחמה בנגע הסמים; ובעיקר באלו המצויים במעגל הראשון של הפצת ומכירת הסם לצרכנים.",train
מהו המיקום שנבחר לעונשו של הנאשם במתחם הענישה?,"במכלול השיקולים, מוצא בית המשפט למקם עונשו של הנאשם בחלקו הבינוני של מתחם הענישה.",train
מדוע עבירות בתחום הסמים המסוכנים נחשבות לפוגעות בחברה?,עבירות בתחום הסמים המסוכנים נושאות בחובן פוטנציאל לפגיעה משמעותית בחברה.,train
מהו תפקיד שיקול הדעת של בית המשפט בקביעת מתחם הענישה?,"לשיקול הדעת נודע מקום מובהק, ובית המשפט ישקול אם צריך הוא להיכנס ל""פרטנות חשבונאית"" או לקבוע שורה תחתונה ראויה",train
מהי עמדת בית המשפט לגבי מתן הקלות בעונש במקרה של שימוש בחמרים מסכנים סינטתיים?,אם מטרת רשויות החוק למגר התופעה של שימוש באותם חמרים מסכנים סינטתיים משני תודעה - יש לקבוע כי לא תינתן כל הקלה בשל נסיבה זו.,train
כיצד נגישות לאמצעי תקשורת אלקטרוניים משפיעה על תפקיד מערכת המשפט בהגנה על הציבור והקטינים?,"לאור הנגישות לאמצעי התקשורת האלקטרוניים ולרשתות החברתיות, המאפשרות שיח עם מגוון אנשים אחרים במרחב הווירטואלי, על מערכת המשפט להרים חלקה בהגנה על הציבור, בכלל, ועל קטינים בפרט, מפני הסכנות האורבות במרחב זה, ולהרתיע עברינים בכֹּח, המבקשים להשתמש במרחב הווירטואלי כדי לפתות קטינים או קטינות ולפגוע בהם מינית, תוך ניצול תמימותם וחוסר נסיונם.",train
כיצד השפיעה התנהגות המערער על אמון הציבור במקצוע עריכת הדין?,"אולם, לא רק את שמו הכתים המערער, אלא גם את שמו הטוב של ציבור שלם העושה מלאכתו נאמנה, הואיל ונשמת אפו של מקצוע עריכת הדין הוא האמון שהציבור נותן בו, והתנהגות מסוג בה חטא המערער, עלולים לערער אמון זה מן היסוד.",train
"אילו פגיעות נגרמות מהעבירות שביצע המבקש, לפי בית המשפט?","העבירות שביצע המבקש הינן עבירות חמורות, אשר,  כפי שציין בית-משפט השלום,  פוגעות פגיעות קשות הן בזכויות המתלוננים והן בכלל הציבור.",train
מהו הגורם המרכזי לקביעת החומרה בעבירות גידול סם?,"בהקשר לעבירות של גידול סם, סבורני כי החומרה נלמדת משילוב מספר השתילים יחד עם משקל הסם.",train
כיצד השפיע מצבו הקוגניטיבי של הנאשם על הבנתו את הפגם במעשיו?,"בית המשפט התרשם, כי מצבו הקוגנטיבי משפיע על מידת הבנתו בדבר הפגם הנלווה למעשיו.",train
מה מעיד על הנאשם שבחר בעבריינות כדרך חיים בתחום המרמה?,"מעשיו של הנאשם, אשר נפרסו על פני תקופה ארוכה, החל משנת 2017 ועד למעצרו; הרצדיביזם, הארגון, השיטתיות  ביחד עם עברו הפלילי  מעידים על מי שבחר בעבריינות בכלל, ובעבריינות בתחום המרמה בפרט  כדרך חיים.",train
מהו השיקול שזקף בית המשפט לזכות הנאשמים במסגרת קביעת הענישה הספציפית?,"בקביעת הענישה הספציפית, במסגרת המתחם, נכון בית המשפט לזקוף לזכות הנאשמים, את הודאתם באשמה (הגם שנתפסו בכף); וכן, כי התביעה לא הציגה מרשם פלילי בנוגע לעבירות קודמות שבוצעו על ידם (הגם שמטיעוני ההגנה עלה, כי אחד הנאשמים נתפס בעבירה קודמת – לא ינתן משקל כלשהו לענין זה, משלא הוצג המרשם הפלילי).",train
"מהו הקשר בין איום מילולי לנקוט באלימות לבין הגדרת ""עבירת אלימות"" בהקשר למאסר מותנה?","אשר להיקף המאסר המותנה, כבר נפסק לא פעם, כי גם איום מילולי לנקוט באלימות פיסית, נופל בגדר ההגדרה של ""עבירת אלימות"" לצורך הפעלת מאסר מותנה.",train
מהו המבחן הדואלי שנקבע בפסיקה בענין עתירת ההגנה שלא להרשיע?,"לענין עתירת ההגנה שלא להרשיע הנאשם, קובעת הפסיקה מבחן דואלי.",train
מהו הערך המוגן שנפגע בעבירה של הפרעה לשוטר בעת מילוי תפקידו?,"מן הקל אל הכבד: עבירה שענינה הפרעה לשוטר, פוגעת בערכים המוגנים של שמירה על הסדר הציבורי; וכיבוד רשויות אכיפת החוק.",train
מהו המסר שההליך המשפטי נועד להעביר לנאשם?,"יש להניח, כי הליך משפטי כדוגמת זה שחווה הנאשם, אשר היתה בו תגובה חברתית מתאימה למעשיו, לרבות: מעצר בן מספר ימים; חקירת משטרה; הגבלת תנועותיו במעצר בית מלא או חלקי למשך מספר חדשים לאחר מכן; ניהול משפט; הערכתו על ידי שירות המבחן – היה בו כדי להעביר המסר המתאים לנאשם ולהרתיעו מלשוב ולבצע עבירות.",train
מדוע יש להבטיח שהנאשם לא ינהג ברכב מנועי לתקופה ארוכה?,נאשם זה מסכן את עוברי הדרך ויש להבטיח שלא ינהג ברכב מנועי לתקופה ארוכה.,train
מהו תפקיד העונש המזערי שנקבע על ידי המחוקק בקביעת מתחם הענישה?,"יוצא מן האמור, כי העונש המזערי שנקבע מפי המחוקק, מהווה תמרור משמעותי בעת קביעת מתחם הענישה בגין העבירות.",train
מדוע הסיכון לעוברי הדרך גובר כאשר מדובר בנהג שלא עבר הכשרה מתאימה?,הסיכון לעוברי הדרך מועצם משמדובר במי שלא זכה להכשרה מתאימה לצורך נהיגתו.,train
מדוע לא נלקח מצב כלכלי של הנאשם בחשבון בעת קביעת פיצוי לנפגעת העבירה?,"נסיבה זו אינה רלוונטית – לא בנוגע לעבירות שעבר הנאשם ואף לא בנוגע לרכיב הפיצוי אליו עותרת התביעה, בידוע, שמצבו הכלכלי של נאשם אינו בגדר השיקולים אותם ניתן לשקול בעת השתת פיצוי לנפגע עבירה, שהוא סעד בעל מאפיינים אזרחיים במסגרת ההליך הפלילי, ממש כשם שבתביעה אזרחית – אין מקום לשקול ענין זה.",train
מהו הבסיס למגבלה על היציאה למדינת אויב?,"החשש שמא היציאה למדינת אויב תפגע בביטחון המדינה הוא הבסיס למגבלה, כאשר די בעצם החשש לפגיעה גם אם הפגיעה עצמה לא התממשה או הוכחה.",train
מהי המסקנה לגבי סוג המעשים שניתן להחריג מהכלל של הרשעה?,"צירוף העובדות יחדיו מוביל לדעתנו למסקנה כי כבר בשלב זה של בחינת הדברים אין המדובר בסוג של מעשים ועבירות, המבוצעים על ידי אדם בוגר החב אמון למעבידו, שניתן להחריגם מהכלל ולהוציאם לתחומי החריג הנדיר של הימנעות מהרשעה.",train
מהו המנעד הקיים בפסיקה בענישה בעבירות אלימות במשפחה?,"אכן, צודקת ההגנה, כי בפסיקה קיים מנעד ענישה רחב.",train
מהו מתחם הענישה שנקבע במקרה של העברת נשק קר קטלני לאסיר בטחוני?,"בשינויים המחויבים, תוך מתן המשקל המתאים לחומרה היתרה, הנובעת מטיב החפץ האסור, שניסתה הנאשמת להחדיר במקרה דנן – נשק קר קטלני; וכן היעד אליו כוון הנשק הקר – אסיר בטחוני שהוא פעיל טרור – יועמד מתחם הענישה, במקרה דנן, בין 18 עד 36 חדשים מאסר בפועל.",train
מהן הסיבות לקביעת מתחם הענישה במקרה של הנאשם בהחזקת סמים?,"לאור כמות הסם; טיבו; אופן החזקתו; לאור הנתונים המלמדים על כוונה לעסוק בתחום הסחר בסם מסוכן; ולאור מדיניות הענישה הנוהגת, מוצא בית המשפט לקבוע מתחם ענישה הנע בין מספר חודשי מאסר ועד 12 חודשי מאסר בפועל.",train
מהו ההיבט המיוחד בהחזקת סם מסוג קוקאין בהקשר לחומרת העבירה?,"דברים אלו מקבלים משנה תוקף, עת הורשע המערער בהחזקת כמות גדולה של סם מסוג קוקאין, הנמנה בין הרעים והמרים שבסמים המסוכנים, בשל טבעו הממכר והתלות הגבוהה הנוצרת בו, ומחמת השפעותיו ההרסניות על גוף האדם ונפשו ועל החברה כולה",train
מהו המתחם שנקבע על ידי בית המשפט העליון לעונשים בגין עבירות החזקת נשק?,"בית המשפט העליון ציין, כי ראוי לקבוע עונשים מרתיעים בגין עבירות אלה והעמיד המתחם שם בין 12 ועד 36 חדשי מאסר בפועל.",train
מהו השיקול שהוביל את בית המשפט להטיל קנס משמעותי במקרה זה?,"לנוכח המניע, שעמד ברקע לעבירות הסחר בסם מסוכן במקרה זה; וכן שווי הסמים שהוחזקו, מוצא בית המשפט להטיל עיצום כספי משמעותי מסוג קנס.",train
מדוע ישנה חשיבות למדיניות ענישה מחמירה בעבירות אלימות נגד שוטרים?,"מדיניות של ענישה מכבידה ומרתיעה בגין עבירות אלימות נגד שוטרים משרתת אינטרס זה ועל כן היא ראויה (רע""פ 5940/06 גל נ' מדינת ישראל (18.12.2006); ענין מוסא, שם).",train
מהו העיקרון המנחה בענישה של נאשמים לפי מהות העבירה?,"אכן, ענישתו של נאשם היא אינדיבידואלית ועל ביהמ""ש לבחון עניינו של כל נאשם ונאשם בלי לקבוע את עונשו אך ורק על סמך מהות העבירה.",train
מהו המכלול של השיקולים שעל בית המשפט לשקול בעת קביעת מתחם הענישה?,"בהתאם לסעיף 40ט' לחוק העונשין, תשל""ז – 1977, בבואו של בית המשפט לקבוע מתחם ענישה, על בית המשפט לקחת בחשבון מכלול שיקולים, בין היתר, נסיבות ביצוע העבירה; משך ההתנהגות העבריינית; מידת הפגיעה בערכים המוגנים; מידת האכזריות שהופעלה; וכן, שיקולים נוספים.",train
מהו טווח הענישה הנוהג וכיצד יש לבחון את הנסיבות?,"אשר למדיניות הענישה הנוהגת, טווח הענישה הינו רחב, ויש לבחון הנסיבות.",train
מהו השיקול המרכזי שנלקח בחשבון לקביעת הענישה הספציפית במקרה זה?,"אשר לקביעת הענישה הספציפית במסגרת המתחם, יש לשקול, לחובת הנאשם, את עברו הפלילי, הכולל הסתבכות קודמת בעבירות שענינן אלימות במשפחה, כאשר אף מאסר בפועל אותו ריצה - לא היה בו כדי להרתיעו.",train
מהו השיקול המרכזי בקביעת מתחם הענישה במקרה הנדון?,"קביעת מתחם הענישה היא בהתאם לנסיבות המקרה העומד לדיון, וסקירת מדיניות הענישה הנוהגת היא רק שיקול אחד מבין כלל השיקולים אותו עושה בית המשפט בקובעו מתחם ענישה הולם.",train
מה מעידים מעשיו של הנאשם על מעורבותו בעולם העברייני?,מעשיו של הנאשם חמורים ומעידים על מעורבות של ממש בעולם העברייני ועל כשל ערכי.,train
כיצד השפיעו נסיבותיו האישיות של הנאשם על גובה העונש שנ imposed עליו?,"לנוכח נסיבותיו האישיות של הנאשם –ובעיקר -  גילו המבוגר; הפרטים שנמסרו בנוגע למצבו הבריאותי (על אף שלא בוססו בראיות) – וכן לנוכח הודאתו באשמה (אם גם לאחר שנמסרה, בתחילה, כפירה והתיק נקבע לשמיעת ראיות) – כמו גם, לאור התקופה בה שהה הנאשם בתנאים מגבילים (אם גם לא היתה הגבלה מלאה על תנועותיו במרבית הזמן) - לא ימצה בית המשפט עמו את הדין ועונשו יועמד על הצד הנמוך של המתחם.",train
מהו הסיכון הציבורי הנובע מהחזקת נשק על ידי מי שלא נבדק או הוכשר לכך?,"החזקת נשק על ידי מי שלא נבדק, לא נמצא מתאים ולא הוכשר לכך, בתנאים שאינם מבטיחים בידודו של הנשק מהסביבה (כיום, מי שמחזיק נשק ברישיון נדרש לאפסנו בכספת מאובטחת, מאחורי שני מנעולים), עלולה להביא לסיכון שלום הציבור, גם אם אין ראיות שהוחזק לצורך פעילות שלילית, כמפורט לעיל.",train
מהו תפקיד הענישה בהרתעת הציבור מעבירות סמים?,"על בית המשפט להרתיע היחיד והרבים מפני עבירות הסמים, ולהילחם בתופעה הקשה של נגע הסמים, הצוברת תאוצה בשנים האחרונות.",train
מדוע יש להעניש בחומרה את העבריינים הפונים לדרכי אלימות?,"לא אחת, הדגיש בית המשפט העליון את חובתו של בית המשפט ליטול חלק במאבק נגד האלימות הפושה בחברה ועל החשיבות להעניש בחומרה את אלו הפונים לדרכי אלימות.",train
מהי הסיבה להחמרת הענישה על מחזיקים סמים שלא לצריכה עצמית?,"אין מנוס מהכבדת היד על המחזיקים סמים שלא לצריכה עצמית, שכל בר דעת מבין כי נועדו לצריכת הזולת, קרי, להוספת שמן על מדורת הסמים אשר להבותיה אופפות רבים וטובים, או רבים שהיו טובים.",train
כיצד משפיעה ההטלה של מאסרים מותנים על התנהגות הנאשם בעתיד?,"כמובן, יושתו מאסרים מותנים מרתיעים יותר, בתקווה שזו הפעם, ימנע הנאשם מלשוב לסורו.",train
מהו העיצום הכספי המומלץ בעבירות סמים על רקע המניע הכלכלי?,"לנוכח המניע הכלכלי העומד ברקע לעבירות סמים, מוצא בית המשפט להטיל עיצום כספי משמעותי מסוג קנס.",train
מהי הסיבה להחמרה בענישה בעבירות אלימות במשפחה?,"נפיצותן של עבירות אלה והצורך להגן על קורבנות האלימות שהם על פי רוב חסרי ישע, תורמים אף הם להחמרה הנדרשת בענישה בעבירות אלה.",train
כיצד נקבע מתחם הענישה בעבירות סמים לפי נסיבות המקרה?,"קביעת מתחם הענישה היא בהתאם לנסיבות המקרה העומד לדיון, וסקירת מדיניות הענישה הנוהגת היא רק שיקול אחד מבין כלל השיקולים אותו עושה בית המשפט בקובעו מתחם ענישה הולם.",train
מהו המעמד המשפטי של מעשי אלימות בתוך המשפחה במערכת האיסורים הפליליים?,מעשי אלימות בתוך המשפחה נתפסים כבעלי חומרה מיוחדת במערכת האיסורים הפליליים העוסקים בעבירות אלימות.,train
מהי הסיבה לכך שהנאשם חייב לפצות את המתלוננים במלוא הנזק שנגרם?,"במקרה דנן, פורטו בכתב האישום, בו הורשע הנאשם, הנזקים שנגרמו למתלוננים ואין כל סיבה, מדוע לא יחויב הנאשם לפצותם לכל הפחות במלוא הנזק שנגרם, ולמנוע מהם הצורך בהגשת תובענה (זוהי, כאמור, אחת ממטרות הפיצוי שנקבעה על ידי בית המשפט העליון בפסק הדין בענין אסף שהובא לעיל).",train
מהו תפקיד התא המשפחתי בהקשר לפגיעות באושיותיו?,"יש בה משום פגיעה באושיות התא המשפחתי, שהוא המקום בו אמור אדם להרגיש הבטוח ביותר.",train
מהו תפקידו של עונש הקנס בהרתעת העבריין ואיונן של טובת ההנאה?,עונש הקנס מכוון לאיין את טובת ההנאה ולהסב הפסד כלכלי לעבריין וכן להרתיעו.,train
מהו המשקל של עבר פלילי מכביד על מסוכנותו של הנאשם במקרה זה?,"כן, לחובתו של הנאשם, קיומו של עבר פלילי מכביד המעיד על מסוכנותו של הנאשם, והכולל בתוכו החזקת נשק, החזקת סכין, עבירות אלימות ובתוכן אלימות במשפחה, אשר הופנו כלפי אשתו הראשונה.",train
מהו המתחם שנקבע על ידי בית המשפט העליון לעונשים בעבירות החזקת נשק?,"בית המשפט העליון ציין, כי ראוי לקבוע עונשים מרתיעים בגין עבירות אלה והעמיד המתחם שם בין 12 ועד 36 חדשי מאסר בפועל.",train
מהו מתחם הענישה שנקבע על ידי בית המשפט בעבירה זו?,"בהתאם לפסיקה שהוצגה, יעמיד בית המשפט את מתחם הענישה – החל מ-10 ועד 24 חודשים מאסר בפועל.",train
כיצד השפיעה העובדה שהעבירה לא נעברה בתחכום על מתחם הענישה?,"מבלי להמעיט בחומרת העבירה, בית המשפט התרשם, כי העבירה לא נעברה בתחכום מיוחד, ולאור כך שמדובר בעבירה בודדת, ובשים לב לפסיקה שהובאה לעיל, מוצא להעמיד את מתחם הענישה, כך שינוע בין 5 ועד 15 חודשי מאסר בפועל.",train
מהו המידע שמצביע על כך שהנאשם החזיק בסמים למטרות הפצה או מסחר?,"המדובר בכמות סמים מסוכנים שאינה מבוטלת, משני סוגים שונים, הדבר מלמד בבירור על אחזקה למטרות הפצה או מסחר.",train
מהי המשמעות של חלוף הזמן במקרה של נאשם שחזר למוטב?,"לחלוף הזמן משמעות, כאשר המדובר בנאשם, שחזר למוטב, כלומר – אין עדות על פעילות עברינית עדכנית ולא נפתחו נגדו תיקים נוספים.",train
מהו השיקול שהנחה את התביעה הכללית לפעול להחמרת הענישה בעבירות החזקת נשק?,"במסגרת ההנחיה, הונחתה התביעה הכללית לפעול לכיוון החמרת הענישה בעבירות אלה, לנוכח הסיכון הרב הנשקף מהן והאינטרס הציבורי במיגורן.",train
מהו השיקול שיכול לגבור על שיקול השיקום של הנאשם?,"אולם, מהות העבירה והצורך בהרתעת הרבים יכולים להטות את הכף ולגבור אף על שיקומו של נאשם.",train
מדוע חרג בית המשפט ממתחם העונש ההולם בגזר הדין של הנאשם?,"בית המשפט עשה חסד עם הנאשם בגזר דינו, וחרג ממתחם העונש ההולם מטעמי שיקומו של הנאשם.",train
מדוע נחשבת אלימות במשפחה להפרת ציפייה בנוגע לחוש הצדק האנושי?,הפרתה של ציפייה זו הופכת את השימוש באלימות במשפחה לתופעה העומדת בניגוד עמוק לחוש הצדק האנושי.,train
מהו הקשר בין איום קיצוני לבין מידת ההגיון שלו במקרה זה?,"פעמים, ככל שאיום קיצוני יותר, הוא עשוי להיות מופרך יותר ובית המשפט מוצא, כי זהו מקרה כזה.",train
מהי המגמה השיפוטית הנדרשת בעבירות מסוג זה כדי להגן על החברה?,"מצויים אנו, לדאבון הלב, בעידן בו הקול הדומיננטי, כמגמה שיפוטית, בעבירות מעין אלה בהן עסקינן... נאלץ להיות הקול המחמיר, כדי להגן על החברה וכדי להרתיע את העבריינים.",train
מהי ההמלצה של שירות המבחן למבוגרים שנאמן בית המשפט במקרה זה?,"בנסיבות אלה – יאמץ בית המשפט המלצת שירות המבחן למבוגרים, תוך הושטת יד לנאשם בדרכו החדשה.",train
מהו המסר שעל בית המשפט להעביר למי שבוחר באלימות?,"עליו להעביר מסר ברור וחד משמעי – מי שבוחר באלימות, יישא בעונש משמעותי, בעולם המעשה.",train
כיצד משפיע האינטרס השיקומי על שיקוליה של מערכת הענישה?,האינטרס השיקומי הינו חלק ממכלול השיקולים אשר נלקחים בחשבון במסגרת שיקוליה ענישה.,train
כיצד משפיעה ההגנה על אוכפי החוק על אכיפת החוק במדינה?,ללא הגנה ראויה על אוכפי החוק לא תוכל המדינה להבטיח לציבור הרחב אכיפה יעילה של החוק והבטחת הסדר הציבור.,train
מהו השיקול לזכות הנאשם שקשור להודאתו באשמה ולמוטיבציה לשינוי חייו?,"לזכות הנאשם יש ליקח בחשבון הודאתו באשמה וכן המוטיבציה שגילה לעריכת שינוי בחייו, אם כי מהסתבכותו הנוכחית עולות שאלות מסוימות, בנוגע לכנותו של הנאשם בקשר לכך.",train
מה מעידה התנהגות המערער על דפוסי התנהגות עברייניים?,"התנהגות המערער מלמדת על דפוסים עבריינים, זלזול בחיי אדם והיעדר מורא דין.",train
אילו שיקולים רשאי בית המשפט לקחת בחשבון בקביעת מתחם הענישה?,"בהתאם להוראות סעיף 40 לחוק העונשין, תשל""ז 2 1977, בבואו של בית המשפט לקבוע מתחם ענישה, רשאי לקחת בחשבון מכלול שיקולים, בין היתר, נסיבות ביצוע העבירה; משך ההתנהגות העבריינית; מידת הפגיעה בערכים המוגנים; וכן, שיקולים נוספים.",train
כיצד מתבטא הפער בין הענישה לעבירות פגיעה בגוף וברכוש לבין עבירות כלכליות?,"בית משפט זה עמד לא אחת על הפער הקיים בין ההכרה הברורה כי מעשים של פגיעה בגוף וברכוש הינם עבירות שמתחיבת בגינם ענישה חמורה כדי להרתיע מפני סיכון שלום הציבור ובטחונו, לבין מידת הסלחנות הננקטת לא אחת ביחס לעבירות כלכליות של צווארון לבן, שנזקן לפרט ולציבור הרחב הנו רב ביותר.",train
מהו העיקרון המשפטי הקובע כי יכולתו הכלכלית של הנאשם אינה שיקול בענישתו?,"לענין עונש הפיצוי יצוין, כי בהתאם לפסיקת בית המשפט העליון – יכולתו הכלכלית של הנאשם, אינה מהווה שיקול שעל בית המשפט לקחת בחשבון.",train
כיצד משפיעה פגיעת תחושת הביטחון של האזרח על שיקולי הענישה?,"מעבר לאמור, קיים גם פן משמעותי של פגיעה בתחושת הבטחון של האזרח שומר החוק, ופן זה מחייב גם הוא התייחסות במסגרת הענישה.",train
מהם שני התבחינים העדכניים לשאלת ההרשעה של הנאשם?,"בנוגע לשאלת ההרשעה, התבחינים העדכניים הם שניים: האחד – האם עצם טיבה של העבירה, בנסיבותיה, מאפשר הימנעות מהרשעה, כענין ערכי, תוך שבית המשפט מביא בחשבון את אמון הציבור במערכת המשפט; השני – האם הוכח חשש קונקרטי לפגיעה בעתידו המקצועי של הנאשם ובסיכויי שיקומו, כתוצאה מהרשעתו בדין, כאשר מידת הפגיעה אינה מידתית ביחס לעבירה, בנסיבותיה.",train
מדוע קיימת נטיה שלא ליחס חומרה לעבירות נטילת חשמל בהעדר נפגע ישיר?,"בהעדר נפגע ישיר מעבירות אלה, קיימת נטיה שלא ליחס לעבירות אלה את החומרה הנדרשת.",train
מהו השיקול המרכזי המצביע על חומרת עבירת החזקת סמים מסוכנים שלא לצריכה עצמית?,"על חומרתה המופלגת של עבירת החזקת סמים מסוכנים שלא לצריכה עצמית אין צורך להכביר מילים, ולא כל שכן כך הוא כאשר מדובר בכמות כה גדולה של סמים מסוג זה.",train
מהי ההמלצה שניתנה לנאשם במסגרת הענישה לפנים משורת הדין?,"בנסיבות אלה, לפנים משורת הדין, מוצא בית המשפט לקבל המלצת שירות המבחן למבוגרים, וליתן לנאשם הזדמנות, באופן שזו הפעם - יגזר עליו עונש על הצד הנמוך של המתחם, עונש כזה שיאפשר לו להמשיך לעבוד ולפרנס המשפחה.",train
מהו עמדת בית המשפט לגבי ענישה ללא מאסר בפועל בעבירות מסוג זה?,"בית המשפט אינו מוצא, כי האינטרס הציבורי יסכין עם ענישה שאיננה כוללת מאסר בפועל, לריצוי בכליאה ממשית, בעבירות אלה.",train
מהן מטרות הענישה המשרתות את החמרה בענישה בגין עבירות סמים?,"החמרה בענישה בגין עבירות סמים משרתת את מטרות הגמול וההרתעה, שהן היעדים העיקריים של הענישה בתחום הסמים.",train
מדוע לא ניתן לקבל טענה לפיה שוטרים יכולים לשבש חקירה בעקבות חיכוך עם אזרחים?,"אם גם ניתן היה, אולי, להבין טענת ההגנה (ולא להסכים עמה), כי החיכוך המתמשך של שוטרים עם אזרחים החשודים בעבירות, המפגינים, לעתים, זלזול ברשויות החוק - עלול ליתן אותותיו בשוטרים ולהביא, לעיתים, לחצית נורמות בדרך של הפעלת כח בלתי סביר או בלתי מוצדק – הרי בשום אופן אין לקבל, כי אנשי חוק יפעלו לשיבוש חקירה, תוך נסיון להעלמת ראיות ואף רישום דוח פעולה כוזב, במטרה להפליל אזרח בעבירות שלא עבר.",train
מהי ההזדמנות שניתנת לנאשם במקרה של אי הרשעה?,"אי הרשעה הינה הזדמנות אשר תוענק פעם אחת, ואין מקום להעניקה אם שב הנאשם והסתבך בעבירה פעם נוספת.",train
כיצד משפיע מצבו הכלכלי של הנאשם על רכיב הקנס והפיצוי לפי החוק והפסיקה?,"בעוד שבנוגע לרכיב הקנס ראה המחוקק לקבוע, כי על בית המשפט להתחשב במצבו הכלכלי של הנאשם (ראו סעיף 40ח' לחוק העונשין, תשל""ז – 1977), הרי בנוגע לרכיב הפיצוי נקבע בפסיקה, פעם אחר פעם, כי אל לבית המשפט לשקול כלל את מצבו הכלכלי של העברין, וזאת היות שרכיב ענישה זה הינו בבחינת סעד בעל מאפיינים אזרחיים במסגרת ההליך הפלילי.",train
מהו העונש שהוטל במקרים דומים גם כאשר סכום הגניבה היה קטן יותר?,במקרים דומים מסוימים עונש קרוב או חמור יותר הוטל גם בשל גניבת סכומים קטנים בהרבה מזה שגנבה המערערת.,train
מהו רכיב הענישה המינימלי המומלץ בעבירות מסוג זה לפי רמת הענישה הנוכחית?,"גם על פי רמת הענישה הנוהגת כיום, ככלל, בעבירות מסוג זה, מתבקש להטיל רכיב מאסר כלשהו, ולו גם בעבודות שירות.",train
"מדוע יש להטיל עונשי מאסר בפועל על עבירות החזקת נשק, גם כאשר מדובר בעבירה ראשונה?","בחומרת הסיכון הנשקף מעבירות אלה, מחייבת השתת עונשי מאסר בפועל בגין עבירות אלה וזאת גם כאשר המדובר, לכאורה, במי שמנהל אורח חיים נורמטיבי ואין לחובתו הרשעות קודמות.",train
אילו שיקולים על בית המשפט לקחת בחשבון בעת קביעת הענישה במסגרת המתחם?,"אשר לקביעת הענישה במסגרת המתחם האמור, על בית המשפט לשקול עברו של הנאשם; נסיבותיו האישיות; והפרוגנוזה של גורמי ההערכה בענינו.",train
מהן הנסיבות האישיות והמשפחתיות המיוחדות המתקיימות בעניינו של הנאשם?,"צודקת ההגנה, כי מתקיימות, בענינו של הנאשם, נסיבות אישיות ומשפחתיות יוצאות דופן.",train
מדוע לא ניתן להכיר בנסיבות חריגות במקרה של הנאשמות?,"נסיבות חריגות כאלה אינן קיימות בענין של הנאשמות, אשר ביצעו העבירות בשום שכל, לאחר תכנון מראש ולא בעקבות מצוקה חריגה כלשהי.",train
אילו גורמים עשויים להחמיר את המתחם במקרה של ריבוי נישואין?,"פער גיל גדול בין הנאשם לבין האשה הנוספת; ראיות על אתנן כספי, שהועבר למשפחתה, בנסיבות הגובלות בסחר בנשים; מידת הסכמתה לנישואין (לרבות השאלה, עם מי סוכמו תנאי הנישואין – האם ישירות עם הכלה המיועדת, או עם בני משפחתה, בלא להיזקק לעמדתה); התנאים הפיסיים, בהם הוחזקה אצל הנאשם; הפעלת מנגנוני שליטה כלכליים או אחרים – כל אלה יכול שיביאו להחמרת המתחם במקרה מסוים.",train
מדוע נתפסים מעשי אלימות בתוך המשפחה כחמורים במיוחד במערכת האיסורים הפליליים?,מעשי אלימות בתוך המשפחה נתפסים כבעלי חומרה מיוחדת במערכת האיסורים הפליליים העוסקים בעבירות אלימות.,train
מהי ההמלצה שהתקבלה משירות המבחן בנוגע לעונש המוטל על הנאשם?,"בית המשפט ער לנסיבותיו האישיות של הנאשם, ובמכלול השיקולים, מוצא בית המשפט לאמץ המלצת שירות המבחן למבוגרים ולהשית על נאשם זה עונש במסגרת צו של""צ, ברף התחתון של מתחם הענישה.",train
מהי ההמלצה לגבי מדיניות הענישה בעבירות נשק ותחמושת ללא היתר?,יש להחמיר במדיניות הענישה הנוהגת בעבירות נשק ותחמושת ללא היתר.,train
מדוע מדיניות ענישה מכבידה בגין עבירות אלימות נגד שוטרים נחשבת לראויה?,מדיניות של ענישה מכבידה ומרתיעה בגין עבירות אלימות נגד שוטרים משרתת אינטרס זה ועל כן היא ראויה.,train
מהי ההגנה המשפטית שהובילה את בית המשפט להימנע מהרשעת הנאשם במקרה זה?,"בית המשפט המחוזי בבאר שבע, בשבתו כבית משפט לערעורים פליליים קבע, כי גם אם, בנסיבות המקרה בהם נתפס הנאשם, אין עומדת לו עוד הגנת הצורך – הרי לנוכח המצג השיפוטי בפסק הדין שניתן, באותו עניין, בעבר, לא יהיה זה צודק להרשיעו.",train
מהו המשקל שיינתן לעבירות המיוחסות לנאשמת לאור חלוף הזמן מאז שנרשמו לחובתה?,"העבירות מושא הרשעות אלה יש אמנם עשויות ללמד על מערכת הערכים של הנאשמת ועל תפיסתה את רשויות החוק, אך לנוכח חלוף הזמן מאז שנרשמו לחובתה – יינתן להן משקל מופחת.",train
מדוע יש להחמיר בעונש על מחזיקים סמים שלא לצריכה עצמית?,"אין מנוס מהכבדת היד על המחזיקים סמים שלא לצריכה עצמית, שכל בר דעת מבין כי נועדו לצריכת הזולת, קרי, להוספת שמן על מדורת הסמים אשר להבותיה אופפות רבים וטובים, או רבים שהיו טובים.",train
מה ניתן לומר על עמדת התביעה ביחס למתחם הענישה במקרה זה?,"בנסיבות האמורות, ניתן לומר, כי עשתה התביעה חסד של ממש עם הנאשם לאור מתחם הענישה אליו עתרה.",train
מדוע אין מקום להקלה בעונש כאשר הנאשם כיוון לעבור עבירה מושלמת?,אין מקום להקלה בעונש במקרה שהעבירה לא הושלמה כאשר הנאשם כוונתו היתה לעבור עבירה מושלמת.,train
מהו ההליך השיקומי שעבר הנאשם וכיצד הוא השפיע על הערכת הסיכון לעתיד?,"מעבר לכך, עבר הנאשם הליך שיקומי ארוך ואינטנסיבי, כאשר גורם ההערכה המקצועי – שירות המבחן – התרשם, כי הסתיים בהצלחה וכי צומצם הסיכון למעורבות עברינית בעתיד , כאשר הנאשם הפיק הלקחים הנדרשים ושינה, באופן מהותי, את אורחות חייו.",train
מדוע ישנה חשיבות להכיר בחולשתם של הקטינים בהקשר לעבירות מיניות?,"זאת, לאור חולשתם של הקטינים והאפשרות המזומנת לעבריינים לנצל חולשה זו.",train
מהי הסיבה להקל בעונש הנאשם במצבו הנוכחי?,"לנוכח הנסיבות לקולא, וביחוד הכוונה להודאת הנאשם באשמה, ומשמדובר במאסרו הראשון של הנאשם – לא ימוצה עמו הדין, ותינתן לו הקלה בכך שיענש על הצד הבינוני של המתחם.",train
כיצד משפיעים הנתונים על הכיוון של הענישה המומלצת במקרה זה?,"שקלול הנתונים, מצביעים לכיוון ענישה, שתהיה על הצד הנמוך של המתחם (כפי שנקבע בענינו), אך לא ברף התחתון של המתחם, בצירוף עונש מאסר מותנה מרתיע - שיחול על עבירות של הסגת גבול וכניסה למקרקעי ציבור; עיצומים כספיים.",train
מהן הנסיבות האישיות והעבר של הנאשם שיש לקחת בחשבון?,יש ליקח בחשבון את עברו של הנאשם; נסיבותיו האישיות והפרוגנוזה של גורמי ההערכה לגביו.,train
מהי הסיבה להטלת עונש מאסר בפועל על הנאשם למרות עברו הפלילי?,"בסיכומו של דבר, לנוכח הצורך להרים תרומתו של בית המשפט לביעור נגע הפגיעה ברכושם של האזרחים ובתחושת הביטחון שלהם, בעולם המעשה ולא ברמה הרטורית בלבד; לנוכח עברו הפלילי של הנאשם - רואה בית המשפט להשית על הנאשם עונש מאסר בפועל על הצד הגבוה של מתחם הענישה, אם לא ברף הגבוה ממש.",train
מהו העיקרון המשפטי המנחה את בית המשפט כאשר אדם נתפס בטעות אחת בודדת?,"אדם מועד לטעות, אך כאשר המדובר במי שנתפס בטעות אחת בודדת, נטל אחריות מלאה לגביה – מוצא בית המשפט, ליתן לו הזדמנות.",train
מהו היבט התכנון המוקדם שציין בית המשפט במקרה זה?,"במקרה דנן, מקבל בית המשפט טענת התביעה, כי המדובר באופרציה המצריכה תכנון מוקדם.",train
מהו ההשפעה של עבירות גרימת נזק לרכב על תחושת הביטחון האישי של האזרח?,"עבירות של גרימת נזק לרכב, בין אם על ידי פירוק חלקים ובין אם בדרך אחרת, פוגעות בתחושת הבטחון האישי של האזרח ובקנינו.",train
מהי החשיבות של עניינו של הקורבן במערכת אכיפת החוק?,"לא רק עניינו של  המשיב עומד בפני בית המשפט, אלא גם עניינו של הקורבן ועניינו של הצבור כי מערכת אכיפת החוק תנקוט בצעדים ממשיים למיגור תופעת האלימות, עמה אין חברה מתוקנת יכולה להשלים.",train
מהו השיקול לזכות הנאשם בהודאתו באשמה?,"לזכות הנאשם יש ליקח בחשבון הודאתו באשמה, במסגרת ההסדר כאמור לעיל.",train
"מהו הקשר בין חומרת העבירות לנקיטת יד קשה עם העבריינים, כפי שנדון בפסיקה?","בית משפט זה עמד, לא פעם, על כך שחומרתן של העבירות, לצד נפוצותה של התופעה, מצריכות נקיטת יד קשה עם העבריינים.",train
מהו העונש המקסימלי המומלץ לנאשם 2 במסגרת טווח הענישה שנקבע?,"אשר לנאשם 2 – כשלעצמו, ראוי היה להשית עליו את העונש המקסימלי במסגרת טווח הענישה שסוכם בהסדר, אשר, ממילא – נופל מהעונש המינימלי במתחם הענישה הראוי שנקבע.",train
אילו שיקולים יש לקחת בחשבון בעת קביעת מתחם הענישה?,"בעת קביעת מתחם הענישה, על בית המשפט לקחת בחשבון את הערכים שנפגעו; מידת הפגיעה בהם; הנסיבות הקשורות בביצוע העבירה; הנזקים שנגרמו בעקבות העבירה; מדיניות הענישה הנוהגת, תוך שינויים מתאימים למקרה דנן; ושיקולים נוספים.",train
מהו תפקידו של בית המשפט בהרתעת הציבור מעבירות סמים?,"על בית המשפט להרתיע היחיד והרבים מפני עבירות הסמים, ולהیلחם בתופעה הקשה של נגע הסמים, הצוברת תאוצה בשנים האחרונות.",train
מהו הכיוון הכללי של הענישה במכלול הנסיבות במקרה זה?,"במכלול הנסיבות, נוטה הכף לכיוון ענישה על הצד הנמוך של המתחם.",train
מדוע יש לקחת בחשבון את תעוזת הנאשם בעת קביעת הענישה בגין מעשי ההתפרצות?,"אין להתעלם מכך, שהמדובר במעשי התפרצות שהצריכו תעוזה, לרבות התגברות על סורג ועל מנעול; וכי יש בהם כדי לפגוע, בין היתר, בתחושת הבטחון של התלמידים בבית הספר, אשר הגיעו ביום הלימודים הבא וראו את האבדן ואת הנזקים שנגרמו.",train
כיצד משפיע השימוש הממשי בנשק קר על עניינם של הנאשמים בהשוואה לנאשם 1?,השימוש הממשי בנשק קר (באופן ישיר ולא רק מתוך דיני השותפות) הוא המבדיל ענינם של הנאשמים דנן מענינו של הנאשם 1 – בענינו נקבע מתחם נמוך מעט יותר.,train
מהו המאפיין המרכזי של העבירה המצביע על העדר מורא מהחוק?,המדובר בעבירה הדורשת תעוזה ומצביעה על העדר מורא מהחוק.,train
מהו מתחם הענישה שנקבע בגין עבירת ניסיון החדרת סמים במקרה זה?,"לנוכח טיב הסם וכמות הסם המדוברת במקרה דנן, מחד, ומאידך, לנוכח כך שבמקרה דנן המדובר בנסיון להחדרת סמים בדרך מתוחכמת, מתוכננת מראש, תוך שיתוף פעולה בין מספר אנשים – יועמד מתחם הענישה בגין עבירה זו בין שנה עד שנתיים ומחצה מאסר בפועל.",train
מהי הסיבה לכך שאין המלצה שיקומית בעניינה של הנאשמת בשלב זה?,"הימנעות מהרשעה מוצדקת היתה במסגרת ההליך השיקומי שננקט עם הנאשמת, אך לעת הזו  אין עוד בנמצא המלצה שיקומית בעניינה ושירות המבחן למבוגרים משך את ידו מהמשך הקשר עמה.",train
מהן התכליות השונות של הפיצוי שנפסק לטובת נפגע עבירה?,"לפיצוי שנפסק לטובת נפגע עבירה קיימות מספר תכליות שונות... בין התכליות האמורות ניתן לציין את הבאות: מתן סעד לנפגע העבירה בטווח זמנים קצר, מבלי שייאלץ להמתין לסיום הליכים אזרחיים בעניינו; מניעת מפגש מחודש עם העבריין שפגע בו במסגרת של הליך אזרחי נוסף; הכרה חברתית בסבלו של הנפגע; העלאת מעמדו של קורבן העבירה בהליך הפלילי, כחלק מהמגמה לשלבו בהליך הפלילי ולהכיר בזכויותיו במסגרת הליך זה ואף יסוד של היטהרות לעבריין עצמו, שחיובו בפצוי לטובת הנפגע עשוי לתרום לשקומו (ראו: ע""פ 7895/04 פלוני נ' מדינת ישראל ([פורסם בנבו], 2.8.2006); רע""פ 9727/05 פלוני נ' מדינת ישראל ([פורסם בנבו], 8.8.2007); ע""פ 6452/09 עלי נ' מדינת ישראל ([פורסם בנבו], 22.7.2010) (להלן: עניין עלי)).",train
כיצד משפיעה העובדה שמדובר במקרה חד פעמי על מתחם הענישה בעבירה השביעית?,"לנוכח הפסיקה שהובאה לעיל ותוך ניפוי המקרים שהם חמורים באפים מהמקרה דנן, בו נותן הנאשם את הדין בגין מקרה חד פעמי של הבאת נפגעת העבירה לקיים מגע מיני עם אחרים ותוך מתן משקל גם ליסוד של ניצול מעמדו של הנאשם כלפי נפגעת העבירה, במקרה דנן – פן שאינו קיים בשורת המקרים שהובאו - יועמד מתחם הענישה בגין העבירות המתוארות באישום השביעי, בין עונש מאסר קצר בפועל, אשר יכול שירוצה בדרך של עבדות שירות, ועד 9 חדשי מאסר בפועל.",train
מהו המצב החברתי שנגרם מעבירות פריצות לבתים ולמכוניות של אזרחים?,עוד אמרנו לא אחת 1 כי עבירות הרכוש 1 של פריצות לבתים 1 או למכוניות של אזרחים תמימים 1 הפכה למכת מדינה 1 אשר יש להילחם בה מלחמת חורמה 1 גם באמצעות החמרה בעונשם של עברייני הרכוש למיניהם.,train
כיצד משפיע חלוף הזמן מאז שנעברו העבירות על השיקולים לזכות הנאשם?,"כן יקח בית המשפט, לזכות הנאשם, חלוף הזמן מאז שנעברו העבירות, כאשר אין אינדיקציה, כי הנאשם הסתבך בעבירות נוספות מאז.",train
מהו המתחם שנקבע לעונש המערער לפי בית המשפט?,"... לא רק שמתחם העונש ההולם אינו מחמיר עם המערער, אלא שניתן לומר כי התחתית של המתחם שנקבעה ל- 20 חודשי מאסר היא נמוכה, נוכח חומרת המעשים.",train
מהו המגוון של השיקולים שיכול בית המשפט לקחת בחשבון בקביעת מתחם הענישה לפי סעיף 40 לחוק העונשין?,"בהתאם להוראות סעיף 40 לחוק העונשין, תשל""ז – 1977, בבואו של בית המשפט לקבוע מתחם ענישה, רשאי לקחת בחשבון מכלול שיקולים, בין היתר, נסיבות ביצוע העבירה; משך ההתנהגות העבריינית; מידת הפגיעה בערכים המוגנים; וכן שיקולים נוספים.",train
"מהי הסיבה להחמרה במתחם הענישה בעבירות סמים, כפי שנקבע בגזרי דין אחרונים?","עם זאת, לנוכח הגידול  הממשי בתפוצתן של עבירות אלה, המתבטא בהגשת כתבי אישום דומים בתדירות גבוהה, מצא בית המשפט לקבוע, במספר גזרי דין אחרונים, החמרה נוספת במתחם, כך שיעמוד בין 20  ל-40 חדשי מאסר בפועל.",train
מהו השיקול שהוביל לנסיגה של האינטרס השיקומי מפני האינטרס הציבורי במקרה זה?,אך במקרה זה הוא נסוג מפני האינטרס הציבורי והצורך לנקוט במדיניות של ענישה מרתיעה.,train
מדוע לא יחמיר בית המשפט בעונש מעבר לעתירת התביעה הכללית בנסיבות המתוארות?,"על אף שראוי היה לעתור לעונשים אלה, הרי בנסיבות המתוארות, לא יחמיר בית המשפט מעבר לעתירתה של התביעה הכללית.",train
כיצד משפיעים מעשי תקיפה ואיומים על המוסכמות הבסיסיות של חברה דמוקרטית?,"מעשי תקיפה ואיומים כלפי שוטרי משטרת ישראל, רק מפני שהם ממלאים את תפקידם כחוק, מערערים את המוסכמות הבסיסיות ביותר של החברה הדמוקרטית בה אנו חיים.",train
מדוע חברה דמוקרטית חייבת להדגיש את ההשלכות של אלימות על זכות הביטוי?,"אדרבא, חברה דמוקרטית חפצת חיים חייבת להפנים אל תוכה את המסר החד והברור כי אלימות ופריעת חוק מקעקעים בראש ובראשונה את היתכנות קיומה של זכות הביטוי המחאה והצעקה.",train
מהי הסיבה לכך שדרושה יד קשה עם העבריינים בעבירות רכוש?,"בית משפט זה עמד, לא פעם, על כך שחומרתן של העבירות, לצד נפוצותה של התופעה, מצריכות נקיטת יד קשה עם העבריינים.",train
מהי ההשפעה של כל הגורמים על החמרת הענישה במקרה זה?,כל אלה  מצביעים לכיוון החמרה במסגרת מתחם הענישה.,train
מהו התנאי להימנעות מהרשעה בעבירות המאפשרות זאת בהתאם לנסיבות האישיות המיוחדות?,"החריג של אי הרשעה לא ייבחן כלל אלא משמדובר בעבירות שטיבן הינו כזה המאפשר, בהתקיים הנסיבות האישיות המיוחדות ,הימנעות מהרשעה.",train
מדוע סוג זה של עבירות מחייב ענישה במישור המעשה?,סוג זה של עבירות מחייב ענישה במישור המעשה.,train
מהו השיקול שציין בית המשפט בנוגע לחלוף הזמן מאז העבירה?,"בית המשפט יקח בחשבון גם את חלוף הזמן מאז העבירה, עם זאת, יש להזכיר, כי חלק ניכר מהימשכות ההליך נבע מהיעדר התיצבות מצדו של הנאשם בישיבות שונות, וחלק נוסף מהעובדה, שההגנה בחרה, בתחילה, לנהל הוכחות.",train
מה השפעת השיקולים לקולה על גובה העונש שנקבע?,"לנוכח השיקולים לקולה, וכן הפרוגנוזה החיובית בעיקרה מטעם שירות המבחן – יושת עונש על הרף הנמוך של מתחם הענישה.",train
כיצד מתבטא היחס הבלתי הולם בין הענישה על פריצה וגניבת רחוב לעומת גניבה של מיליונים מכספי ציבור?,"נוצר לפרקים יחס בלתי הולם בין הענישה המוטלת על עבריין הנאשם בפריצה וגניבת רחוב, לבין ענישה הנגזרת על נאשם רב מעללים, הגוזל מיליונים מכספי ציבור תוך הפרה עמוקה של חובות נאמנות ומוסר בסיסיים.",train
מהו השיקול המרכזי שעל בית המשפט לשקול בנוגע לנפגעת העבירה?,"בניגוד לטענת ההגנה, על בית המשפט לשוות לנגד עיניו את ענינה של נפגעת העבירה, תוך מתן משקל מתאים לכך וכן ליקח בחשבון הצורך להרתיע אחרים מפגיעה בחיי אדם ובשלמות גופו של אדם בכלל, על מנת לשמור על בטחון הציבור.",train
מהי ההמלצה של שירות המבחן בנוגע לעונש לנאשם?,"סירב הנאשם להליך טיפולי; כי קיים סיכון להישנות התנהגות עוברת חוק וחזרה לשימוש בחומרים ממכרים; ובסופו של יום, המליץ שירות המבחן למבוגרים על ענישה מוחשית ומרתיעה שתחדד לו את חומרת מעשיו – המלצה שאיננה בגדר חזון נפרץ.",train
מהו השיקול שהוביל להקל בעונשו של הנאשם למרות הדפוסים האלימים במקרה זה?,"משורת הדין, לאור הדפוסים האלימים שבאו לידי ביטוי במקרה זה, לרבות הישנות האירוע גם לאחר חלוף מספר שעות מהמפגש הראשון, כשלא הוצגה כל ראיה על קנטור מצדו של המתלונן במהלך שעות אלה - ראוי היה למקם את עונשו ברף הבינוני של המתחם, אך בסופו של יום, לאור ההליך הטיפולי הממושך שעבר הנאשם (גם אם, כאמור, לא היה שיתוף הפעולה של הנאשם כל העת על הצד הטוב); לאור הודאת הנאשם באשמה (הגם שלא בהזדמנות הראשונה); וכן לאור חלוף הזמן מאז נעברו העבירות – תינתן לו הקלה משמעותית, במסגרתה יועמד עונשו על הצד הנמוך של המתחם.",train
כיצד נקבע הסכום של הקנס בנסיבות המקרה?,"הקנס בסכום של 10,000 ₪ בנסיבות שכאלה ובאיזון ענישה כזה נמצא בעיננו ראוי והולם.",train
מה מעיד היקף האופרציה על הנאשם בהקשר לידע מקצועי ונסיון בעולם הסמים?,"גם היקף האופרציה שהקומה מעידה על יידע מקצועי ועל נסיון רב, ומכאן שנאשם נטוע עמוק בעולם הסמים המסוכנים.",train
מדוע יש להטיל פיצוי הולם על הנאשמים?,"מעשיהם של הנאשמים מחייבים גם פיצוי הולם, שיהיה בו משום הכרה בנזקים ובאבדן תחושת הביטחון האישי שחוו נפגעי העבירה – אזרחים תמימים, שרכבם נפרץ, באחד המקרים הושבת, ונגנבו ממנו חלקים או רכוש.",train
כיצד משפיעה היעדר הרשעות קודמות על שיקול הדעת של בית המשפט בעניינו של הנאשם?,"לזכות הנאשם 	6 ייקח בית המשפט בחשבון, כי לא הוצגו בעניינו הרשעות קודמות (כאמור 	6 לא יינתן משקל לתיק הממתין לבירור דין, על אף שמדובר בעבירות ממאטריה דומה).",train
מהו תפקיד הפסיקה בהחמרת רף הענישה בעבירות אלימות במשפחה?,"כחלק מהצורך במלחמה בתופעה זו, החמירה אף הפסיקה את רף הענישה.",train
מהו העיקרון המשפטי בנוגע ליכולת הכלכלית של העבריין בעת קביעת הפיצוי?,"כיוון שזהו סעד בעל מאפיינים אזרחיים, נפסק כי יכולתו הכלכלית של העבריין אינה נתון בו על בית המשפט להתחשב בעת שומת הפיצוי.",train
מהי הסיבה המרכזית לכך שעבירות אלה מחיבות ענישה משמעותית?,"עבירות אלה  מחיבות ענישה משמעותית, בעולם המעשה, על מנת להרתיע את עובריהן ולהפוך אותן ללא כדאיות.",train
מהו תפקידו של המשפט בהגבלת חופש הביטוי במקרה של איום?,"האיום הוא אפוא ביטוי שהמשפט מטיל עליו מגבלות תוך פגיעה בחופש הביטוי, וזאת כדי להגן על ערכים אחרים ובהם שלוות נפשו, ביטחונו וחירות פעולתו של הפרט.",train
מהי ההוכחה לכך שהנאשם אינו מפנים את חומרת מעשיו וממשיך לעבור עבירות דומות?,"התנהגותו, פעם אחר פעם, מעידה, כי אינו מפנים את חומרת מעשיו וממשיך לעבור עבירות דומות, תוך הסלמת התנהגותו העבריינית.",train
מדוע עקרון אחידות הענישה משקף את ערכי השוויון וההגינות במערכת המשפט?,"הוא משקף את ערכי השוויון, ההגינות והצדק, ואף את האינטרס לשמור על אמון הציבור בהליך הפלילי ובמערכת המשפט.",train
כיצד משפיעות טענות הנאשם על מיקום עונשו במתחם הענישה?,"לטענות הנאשם וליתר הנסיבות לקולה תהיה השפעה בכל הנוגע למיקום עונשו של הנאשם במסגרת המתחם, והן תטנה את הכף לכיוון הקלה במסגרת המתחם.",train
כיצד משפיע הנזק שנגרם לנפגעת העבירה על קביעת מתחם הענישה?,הנזק החמור והקשה שנגרם לנפגעת העבירה – אף הוא מדבר בעד עצמו ונלקח בחשבון כבר בעת קביעת מתחם הענישה.,train
כיצד פוגעת עבירה של נהיגה ללא רישיון בערכים המוגנים של בטחון הציבור?,"עבירה של נהיגה ללא רישיון נהיגה פוגעת בערכים המוגנים של בטחון ציבור משתמשי הדרך; שלמות גופם; ואף יש בכך אלמנט של פגיעה כלכלית, כיוון שעלויות הנזקים העלולים להיגרם ממעשי הנאשם, בסופו של דבר, יגיעו לפתחו של הציבור, בהתייקרות פרמיות הביטוח.",train
מהו המסר העונשי הנדרש להגנה על קטינים מפני אלימות?,הצורך להגן על קטינים חסרי ישע מפני מבוגרים הפוגעים בהם פגיעות אלימות מחייב מסר עונשי חד משמעי.,train
מהי ההמלצה העונשית במקרה של פגיעה באמון הציבור במערכת אכיפת החוק?,"דעתנו היא, כי פגיעה זו צריכה לבוא לכלל ביטוי גם בהיבט העונשי, וההיבט העונשי במקרה זה כרוך במאסר.",train
כיצד בית המשפט קובע את מתחם הענישה בעבירות סמים במקרה זה?,"בשים לב למדיניות הענישה הנוהגת, מוצא בית המשפט לאמץ את מתחם הענישה אליו עתרה התביעה, כך שינוע בין 4 חודשי מאסר, אשר יכול שירוצו בדרך של עבודות שירות, ועד 14 חודשי מאסר בפועל.",train
מהו השיקול המיוחד בעניינו של הנאשם כמפרנס יחיד בעת קביעת העיצום הכספי?,"בנסיבותיו האישיות של הנאשם, שהוא מפרנס יחיד מעבודת כפיים – לא יושת עיצום כספי על הצד הגבוה.",train
מהם המבחנים העיקריים להתגבשות חריג להימנעות מהרשעה?,"המבחנים העיקרים להתגבשות חריג שכזה הינם בראש ובראשונה אופי העבירה וטיבה, ובנוסף לכך נסיבותיו של עושה המעשה וההשלכות העשויות להיות על עתידו אם יורשע בדין.",train
מהי המדיניות הענישתית של בית המשפט העליון לגבי הסעת שוהים בלתי חוקיים?,"חומרה זו משתקפת גם במדיניות הענישה שהנהיג בית המשפט העליון בכגון אלה, ענישה המחייבת – דרך כלל – מאסר בפועל מאחורי סורג ובריח.",train
מהו השינוי בעונש המאסר שנקבע בעקבות תיקון מספר 47 לפקודת בתי הסוהר?,"אף המחוקק מצא להחמיר הענישה בגין העבירה דנן, כאשר חלף עונש בן 6 חדשי מאסר בפועל שהיה קבוע בצדה של העבירה הרלוונטית בעבר, נקבע, במסגרת תיקון מספר 47 לפקודת בתי הסוהר, שהתקבל לאחרונה (התקבל בכנסת ביום י""ז אדר ב' תשע""ד  19 מרץ 2014) עונש מאסר בן 3 שנים.",train
מהו תפקידו של בית המשפט בהרתעה מפני עבירות החזקת נשק?,"בשל פוטנציאל ההרס הטמון בכלי נשק, הכולל גם אפשרות לפגיעה עיוורת באנשים מן הישוב, מתפקידו של בית המשפט להרתיע אף מפני עבירת החזקת נשק שלא כדין.",train
מדוע ישנה חומרה מיוחדת כאשר עובד ציבור תוקף את מי שהוא אמון על שמירת הסדר?,"כשם שהפסיקה הכירה במאבטחים כעובדי ציבור לענין תקיפתם על ידי אחרים, כך גם, ישנה חומרה מיוחדת כאשר עובד כזה, תוקף דווקא את מי שהגיע למרכול שהנאשם אמון על שמירת הסדר והבטחון בו ובסביבתו, על לא עוול בכפו.",train
מהי ההשלכה של חוסר הגנה על אוכפי החוק על אכיפת החוק במדינה?,ללא הגנה ראויה על אוכפי החוק לא תוכל המדינה להבטיח לציבור הרחב אכיפה יעילה של החוק והבטחת הסדר הציבור.,train
מהו ההבדל בין הענישה המוטלת על עברייני רחוב לבין עברייני צווארון לבן?,"נוצר לפרקים יחס בלתי הולם בין הענישה המוטלת על עבריין הנאשם בפריצה וגניבת רחוב, לבין ענישה הנגזרת על נאשם רב מעללים, הגוזל מיליונים מכספי ציבור תוך הפרה עמוקה של חובות נאמנות ומוסר בסיסיים.",train
מהו העיקרון המנחה את בית המשפט בעת הטלת ענישה במקרה זה?,"על בית המשפט להטיל ענישה, שיהיה בה כדי להביע סלידת הציבור ממעשי הנאשם.",train
מהו העיקרון המשפטי שמנחה את בית המשפט במטרה להרתיע עבריינים מעבירות רכוש?,"לא אחת נקבע, כי על בית המשפט להרתיע היחיד והרבים, כך שעבירות אלו יהפכו לבלתי כדאיות, ובכך למגר התופעה.",train
מדוע החליט בית המשפט לא להחמיר עם הנאשמים במקרה זה?,"האם יימנע בית המשפט מלהחמיר עם הנאשמים, יהיה זה בשל הנימוקים הבאים: הנאשמים הודו בעבירות, כפי נוסחן בכתב האישום המתוקן, בבית המשפט.",train
מהו השיקול המרכזי שעל בית המשפט לשקול במקרים של אלימות במשפחה מעבר למעשים עצמם?,"במטריה של אלימות במשפחה, טיבם של המעשים הנקודתיים אינו חזות הכל, אלא על בית המשפט לבחון אותם בהקשר רחב יותר.",train
מהו האינטרס הציבורי הנדרש כדי לאפשר לשוטרים למלא את תפקידם ללא מורא?,אינטרס הציבור מחייב אפוא ששוטרים יוכלו למלא את תפקידם ללא מורא ופחד.,train
מדוע לא יגזר עונשו של הנאשם על הרף הנמוך ביותר?,"לנוכח תפקידו המרכזי של הנאשם במסגרת פעילות המחאה בעמותה, כרכז הפעילות, לא יגזר עונשו על הרף הנמוך ממש.",train
מדוע יש הצדקה להטיל קנס ופיצוי על הנאשם במקרה זה?,"ההכבדה על כלל הציבור כתוצאה מעבירות אלה, מצדיקה השתת עיצום כספי מסוג קנס, ובנוסף, רואה בית המשפט לחייב את הנאשם בפיצוי לבעלי כלי הרכב שננגנבו – נפגעי העבירה.",train
מהו השיקול שהוביל את בית המשפט להחמיר בעונש במקרה של עבירות מרמה כלפי אדם עם יחסי אמון?,"כנסיבה לחומרה, בשני גזרי הדין האחרונים שהובאו לעיל, ציין בית המשפט, כי מעשי המרמה כוונו כלפי מי שלנאשם היו עמו יחסי אמון.",train
מהו המצב המשפטי לגבי ביצוע עבירות מסוג זה ללא שיקול דעת?,"אין בית המשפט יכול לקבל, כי המדובר בעבירות המתבצעות ללא שיקול דעת, או כי מאן דהוא 'נקלע' לביצוע עבירות מסוג זה.",train
מהי מטרת המחוקק בהגבלת החזקת חומרי תועבה כדי למנוע פגיעות בקטינים?,הגלית מטרת המחוקק היא למנוע את הפגיעה בקטינים באמצעות הגבלת החזקת חומרי תועבה.,train
כיצד השפיעה הנטייה של הנאשם להטיל אחריות על המעורב הנוסף על תהליך הענישה?,"הנאשם נטה להטיל האחריות על מעשיו על המעורב הנוסף; הנאשם נמנע מלהשתלב בהליך טיפולי כלשהו חרף הזדמנויות רבות שניתנו לו, במידה העולה על המקובל ועל הנדרש, ועולה מן האמור, כי למעשה הוליך בכחש את שירות המבחן ואף את בית המשפט, כשכל מטרתו היתה לדחות את הקץ.",train
מהו המצב המשפטי בנוגע לשיקום כעילה להקל בעונש?,"כבר נפסק, לא פעם, כי ""שיקום"" איננו מילת קסם, המצדיקה חריגה מהמתחם בכל מקרה שהוא, ומכל מקום, יש באפשרותו של הנאשם להמשיך בהליך טיפולי במסגרת מאסרו.",train
מהו הבסיס המשפטי לכך שאין מקום להתחשב במצב נפשי מיוחד של הנאשם לצורך הנמכת המתחם?,"לפיכך – אין בית המשפט מוצא בסיס לטענות, בדבר הנמכה קוגניטיבית או מצב נפשי מיוחד אצל הנאשם, המצדיק הנמכת המתחם, או אף התחשבות מיוחדת בנאשם במסגרת המתחם.",train
מהו תפקיד בתי המשפט במאבק נגד גניבות המרעה?,משקיעות רשויות האכיפה משאבים רבים בצמצום היקף גניבות המרעה ועל בתי המשפט ליטול חלק במאמצים לגדיעתן על ידי הכתבת מדיניות ענישה מחמירה ומרתיעה.,train
מדוע החזקת נשק עלולה לפגוע בשלטון החוק ובנושאי שלטון החוק?,"בנוסף, החזקת נשק כאמור עלולה להביא לפגיעה בשלטון החוק ובנושאי שלטון החוק, המבצעים את תפקידם.",train
מהו היסוד העובדתי שהצביע על מעורבות הנאשם בעבירה לפי כתב האישום?,"העבירה בוצעה לאחר תכנון מראש, קשירת קשר וניהול משא ומתן להפחתת המחיר, כל אלה מלמדים על מעורבות של ממש בתחום.",train
מהו השפעת ההתמכרות של הנאשם על העבירות שביצע?,"בית המשפט יקח בחשבון, העובדה, כי העבירות נעברו כאשר סבל הנאשם מהתמכרות עמוקה לסמים וכיום, לאחר הליך טיפולי ממושך, נראה, כי נגמל מהתמכרותו זו ופעל לשקם את חייו – עובד בעבודה מסודרת, ממשיך בהליך הטיפולי.",train
כיצד תורמת נפיצותן של עבירות אלימות להחמרה בענישה המוטלת עליהן?,"נפיצותן של עבירות אלה והצורך להגן על קורבנות האלימות שהם על פי רוב חסרי ישע, תורמים אף הם להחמרה הנדרשת בענישה בעבירות אלה.",train
אילו פגיעות נגרמות מהעבירות שביצע המבקש הן בזכויות המתלוננים והן בציבור?,"העבירות שביצע המבקש הינן עבירות חמורות, אשר,  כפי שציין בית-משפט השלום,  פוגעות פגיעה קשה הן בזכויות המתלוננים והן בכלל הציבור.",train
מהי החזקה שבעובדה הנובעת מכמות הסמים שנתפסה אצל הנאשם?,"נוכח כמות הסמים הגדולה שנתפסה, קמה ועולה חזקה שבעובדה, שמקורה בשכל הישר ובנסיון החיים, כי החזקת הסם, לא נעשתה לידי שמיים ולא לצרכי צדקה, אלא לצורך הפקת רווח, ומכאן, שיש לראות את הנידון, כמי שהיה אמור להפיק רווח מביצוע העבירה.",train
אילו שיקולים על בית המשפט לשקול בקביעת מתחם העונש ההולם?,"בבואו של בית המשפט לקבוע את מתחם העונש ההולם, עליו לשקול, בין היתר, את מדיניות הענישה הנוהגת, אך שיקול זה – כמובן אינו היחיד.",train
מהו ההשפעה של מעשי תקיפה ואיומים כלפי שוטרים על המוסכמות הבסיסיות של החברה הדמוקרטית?,"מעשי תקיפה ואיומים כלפי שוטרי משטרת ישראל, רק מפני שהם ממלאים את תפקידם כחוק, מערערים את המוסכמות הבסיסיות ביותר של החברה הדמוקרטית בה אנו חיים.",train
מהו מתחם הענישה שנקבע לנאשם 1 בגין הפרעה לשוטר?,"בשים לב למדיניות הענישה כפי שפורטה לעיל, בשינויים המותאמים, מוצא בית המשפט לקבוע מתחם ענישה לנאשם 1, בגין עבירה של הפרעה לשוטר במילוי תפקידו והתנגדות למעצר, כך שינוע בין מאסר קצר, אשר יכול שירוצה בעבודות שירות, ועד ששה חודשי מאסר בפועל.",train
מהי ההלכה הנוגעת לקשר בין סכום הפיצוי ליכולת הכלכלית של הנאשם?,"נוכח ההלכה הקובעת, כי אין לקשור בין הסכום שיפסק לבין יכולתו הכלכלית של הנאשם, ראוי להשית על הנאשם פיצוי משמעותי, בין היתר לנוכח הפגיעה  הפיסית ואף עגמת הנפש שנגרמה למתלונן, התובע העירוני  ולמשרדו.",train
"מהו המצב המשפטי של הנאשם בנוגע לעבירות המיוחסות לו, בהתחשב במאסר המותנה הקיים נגדו?","הנאשם עבר את העבירות בתיק דנן, שעה שתלוי ועומד נגדו מאסר מותנה בר הפעלה מגזר הדין ת/4, אשר גם בו – לא היה כדי להרתיעו.",train
מהו התבחין הראשון שבית המשפט התייחס אליו בבחינת ביטול ההרשעה?,"לעינינו, אין בית המשפט מוצא מקום לביטול הכרעת הדין המרשיעה בעניינו של הנאשם וזאת, כבר בהתיחס לתבחין הראשון, שעניינו – האפשרות כי טיב העבירות שנעברו, בנסיבותיהן, יסכון עם ביטול ההרשעה, מבחינת המסר הערכי שיועבר לציבור.",train
מהי הדרישה לגבי הפגיעה המוכחת במישור המעשה במקרה זה?,"על כן, הפגיעה המדוברת מן הדין שתהיה פגיעה מוכחת, במישור המעשה, וכזו שהיא קשה וחמורה.",train
מדוע העדר שיתוף פעולה של הנאשם לא מאפשר לקבוע צמצום הסיכון לעתיד?,"העדר שיתוף פעולה כאמור, תוך שהנאשם נמנע מלהשתלב בהליך טיפולי או למסור בדיקות, כאשר, כפי שמצא שירות המבחן לציין ולהדגיש, הושקעו משאבים רבים לצורך כך וניתנו לו מספר רב של הזדמנויות  אינו מאפשר לבית המשפט לקבוע, כי צומצם הסיכון הנובע מהנאשם לעתיד.",train
כיצד עקרונות ההלימה והאינדיווידואליות משפיעים על גזירת הדין בעבירות גניבה?,"יתכן שיש בכך קושי מבחינת עקרון אחידות הענישה, אך עקרונות ההלימה והאינדיווידואליות שוללים כל ניסיון להפוך את גזירת הדין ליחס מתמטי בין סכום הגניבה למשך המאסר.",train
מהו השיקול שיש לקחת בחשבון בנוגע לאורח חייהם של הנאשמים?,"יש לקחת בחשבון את העובדה, כי אין נתונים המצביעים על ניהול אורח חיים עברייני או שולי, למעט בנוגע לעבירות דנן.",train
כיצד משפיע מנעד הענישה על עבירות אלימות במשפחה?,"בחינת מדיניות הענישה הנהוגה מגלה מנעד רחב של ענישה בעבירות אלימות במשפחה, בהתאם לנסיבות העבירה ולנסיבותיו של העושה, כפי שהדברים משתקפים גם מהפסיקה אליה הפנו הצדדים.",train
"מהי המדיניות המומלצת בענישה בגין סחר בסמים מסוכנים, כולל סמים קלים?","על חומרתן של עבירות סחר בסם מסוכן, ראו רע""פ 8695/19 פסו נ' מדינת ישראל (פורסם במאגרים): בית משפט זה שב והדגיש כי על מדיניות הענישה בגין סחר והפצה של סמים מסוכנים, ובכללן סמים הנחשבים כ""סמים קלים"", להיות מרתיעה ומשמעותית, וכי יש לראות בחומרה ניסיונות לעשיית רווח כספי באמצעות סחר בסמים אלה",train
מהו המשקל שניתן להוראת הפיזור בעת גזירת העונש במקרה זה?,"לנסיבת זו משקל קטן עד כדי אפסי בעת גזירת העונש, הן משום שהנאשם לא הורשע, במסגרת ההסדר, בעבירה של המשך התפרעות לאחר הוראת פיזור; והן משום שהעבירות שנעברו היו כה חמורות, שנושא הוראת הפיזור הנו משני וחסר חשיבות לעומתן.",train
מהו השיקול שיש לבחון לפני קביעת מתחם הענישה במקרה של מספר אישומים?,"בטרם ייקבע מתחם הענישה ההולם, יש לבחון האם כלל האישומים המפורטים בכתב האישום עולים לכדי אירוע אחד בגינו יש לקבוע מתחם עונש אחד, או שמא מדובר באירועים שונים, המצדיקים קביעת מתחם ענישה נפרד לכל אירוע.",train
מהן הנסיבות שהובילו לדחיית עתירת ההגנה לעונש במקרה זה?,"עם זאת, לנוכח הנסיבות שפורטו בנוגע לאופן החזקת הסם; למיקום החזקתו; לחלוקתו  אין מקום לאמץ את עתירתה העונשית של ההגנה.",train
"מדוע לא ניתן לקבל טענה על כך שהנאשם ""נקלע"" לעבירות אלו?","אין המדובר במעשים, אשר נעשו ללא שיקול דעת, ואין גם לקבל, כי מאן דהוא ""נקלע"" לעבור עבירות מסוג זה.",train
מדוע יש להטיל עונשי מאסר בפועל על עבירות החזקת נשק גם כאשר מדובר בעבירה ראשונה?,"חומרת הסיכון הנשקף מעבירות אלה, מחייבת השתת עונשי מאסר בפועל בגין עבירות אלה וזאת גם כאשר המדובר, לכאורה, במי שמנהל אורח חיים נורמטיבי ואין לחובתו הרשעות קודמות.",train
כיצד משפיעה הודאת הנאשם על ההליך המשפטי במקרה זה?,"לקולה, יביא בית המשפט בחשבון הודאת הנאשם באשמה, הן בהליכי החקירה והן בבית המשפט, בהזדמנות הראשונה (המחלוקת בין הצדדים נגעה לענין משפטי ולא חייבה שמיעת ראיות).",train
מהו תפקידו של בית המשפט במאבק נגד עבירות הסמים?,"על בית המשפט להרתיע היחיד והרבים מפני עבירות הסמים, ולהילחם בתופעה הקשה של נגע הסמים, הצוברת תאוצה בשנים האחרונות.",train
מהו השיקול המרכזי שהשפיע על מיקום עונשו של הנאשם בחלק הבינוני – גבוה של מתחם הענישה?,"נוכח עברו הפלילי, הרצדיביזם, התעוזה שגילה הנאשם ונחישותו לשוב ולעבור עבירות, וכן כל יתר הנימוקים שפורטו – ימוקם עונשו של הנאשם בחלק הבינוני – גבוה של מתחם הענישה.",train
מהו השיקול המרכזי שהשפיע על ההקלות בעונש הנאשם?,"לזכות הנאשם, הודאתו באשמה, נטילת אחריות, הבעת צער ואמפתיה כלפי המתלוננת וחסכון בזמן שיפוטי.",train
מהו השיקול המרכזי המונע פגיעה בעתידו התעסוקתי של הנאשם?,"הן סוג העבירה ומידת הפגיעה אשר נגרמה ממנה, אינם מאפשרים זאת, ובנוסף, לא הוצג כל נתון המלמד על פגיעה אפשרית כלשהי בעתידו התעסוקתי של הנאשם, מסתנן ממדינה זרה, אשר עד כה, בתקופות בהן עבד, לא הועסק במשרות כאלה, שהרישום הפלילי רלבנטי גביהן.",train
מהן הנימוקים המיוחדים הנדרשים לקביעת מתחם עונש הולם שתחתיתו נמוכה מעונש המינימום?,"ברם, בהתאם לפסיקת בית המשפט העליון – מתחם עונש הולם שתחתיתו נמוכה מעונש המינימום – יוכל להיקבע רק אם ניתנו לכך נימוקים מיוחדים, אותם אין למצוא במקרה דנן.",train
מהו סוג העבירה והעונש המירבי הקבוע לה לפי סעיף 245 לחוק העונשין?,"המדובר בעבירה מסוג פשע ובחלופה המחמירה מבין שתי החלופות שבסעיף 245 לחוק העונשין, תשל""ז 1977, כאשר העונש המירבי שבצידה עומד על 7 שנות מאסר בפועל, לאור כך שלוותה ההדחה בהבטחת טובת הנאה.",train
מהו העיקרון המשפטי הנוגע לאחריות של חברי המון מתפרע למעשי אחרים בהמון?,"יצוין, כי כאשר המדובר בהמון מתפרע, אין ליחס חשיבות רק למעשיו הפרטניים של מתפרע ספציפי, אלא, כל אחד מהנוכחים בהמון המשולהב שותף למעשיהם של האחרים.",train
מהו ההסבר המשפטי לכך שניתן לקבוע מתחמי ענישה שונים עבור עבירות שונות בכתבי אישום נפרדים?,"מדובר בכתבי אישום המתארים עבירות ממאטריות שונות, אשר נעברו בפרקי זמן שונים, אשר מנתקים את הקשר בין האירועים, ולכן, יש ממש בעתירת התביעה לקבוע מתחמי ענישה שונים, כדלקמן:",train
מהו הצורך המשפטי המוטל על בתי המשפט בנוגע לעבריינים אלימים?, במסגרת זו שומה על בתי המשפט להכביד את הענישה על עבריינים אלו.,train
כיצד משפיעות נסיבותיו האישיות של הנאשם על האינטרס הציבורי במקרה של פעילות עבריינית מאורגנת?,"במקרה דנן, כאשר המדובר, בפעילות עברינית מאורגנת ומתוכננת - נסוגות אחור נסיבותיו האישיות של הנאשם מפני האינטרס הציבורי, להטיל הכורת על עבירות אלה.",train
מדוע לא נדרשת יכולתו הכלכלית של הנאשם לשיקול בית המשפט לעניין הפיצוי?,"לעניין הפיצוי, כבר נפסק, כי יכולתו הכלכלית של הנאשם אינה בגדר שיקול שבית המשפט נדרש ליקח בחשבון וזאת משום שמדובר בסעד בעל מאפיינים אזרחיים.",train
מדוע לא התרשם בית המשפט כי קצינת המבחן שמה לנגד עיניה את עוצמת הפגיעה במתלונן?,"על אף הצהרת קצינת המבחן – לא התרשם בית המשפט, כי שמה לנגד עיניה את האכזריות המתוארת ואת עוצמת הפגיעה, הפיזית והנפשית, שנגרמה למתלונן (אמנם אין זה בהכרח תפקידה).",train
מהו הצורך המשפטי שהוצג בהקשר למתחם הענישה של הנאשמים?,כל אלה מצביעים על הצורך בהחמרה מסוימת במסגרת מתחם הענישה.,train
כיצד משפיעים נזקים משמעותיים ותכנון מקדים על הצורך להוקיע את הגניבות החקלאיות?,"נזקים משמעותיים אלו, לצד התחכום והתכנון המקדים לביצוע הגניבות, אשר לעיתים דורש איסוף מודיעין מקדים על ידי העבריינים ואפיון של שגרת פעילותם של מגדלי המרעה דורשים את הוקעתה של תופעה זו מהיסוד.",train
מהן הנסיבות שהובילו את בית המשפט להורות על פסילת רישיון נהיגה של הנאשם?,"כן, לאור הנסיבות, ובין היתר הטענות בדבר התמכרות הנאשם לסם מסוכן - מוצא בית המשפט לעשות שימוש בסמכותו ולהורות על פסילת רישיון נהיגה בפועל ועל תנאי.",train
מהי המסקנה שהושגה לגבי התנהגות הנאשם בשירות המבחן והאם היא מצביעה על היתול במערכת המשפט?,"בחינת אופן התנהגותו של הנאשם בשירות המבחן, במהלך כלל ההזדמנויות שניתנו לו (על ידי מותבים שונים) כאשר גם לאחר תקופה כה ארוכה אין בנמצא מידע אמין בנוגע לדפוסי המעורבות שלו בעולם הסמים ולשימוש מטעמו בסמים מסוכנים, אינה יכולה אלא להביא למסקנה, שנאשם זה היתל בשירות המבחן בפרט ובמערכת המשפט בכלל.",train
מדוע נלקחה בחשבון הסתבכותו הקודמת של הנאשם בעת גזירת העונש?,"בית המשפט, יביא לחובת הנאשם, את העובדה, כי הנאשם עבר העבירה לאחר שנגזר דינו בגין עבירות איומים והחזקת סכין וכי המאסר המותנה שנגזר עליו, לא הרתיעו מלעבור עבירה נוספת, אשר נעברה שבועות ספורים לאחר שניתן גזר הדין בשל הסתבכותו הקודמת.",train
"מהי הסיבה להכללת העבירה בחוק העונשין בתיקון מס' 118 משנת תשע""ה?","הסיבה להכללת עבירה זו, בחלופה דנן, בספר החוקים (העבירה נתווספה לחוק העונשין בתיקון מס' 118 משנת תשע""ה -2014), היא הצורך להילחם, מלחמה כלל עולמית (שכן, למרבה המזל, אין נתונים על הפקת חומר דומה בארצנו), בתעשיית הפורנוגרפיה, הכוללת ניצול של קטינים.",train
מהן שני הגורמים הנדרשים להימנעות מהרשעה לפי ההלכה בפסיקה?,"ההלכה שהשתרשה בפסיקת ביהמ""ש היא, כי הימנעות מהרשעה אפשרית בהצטבר שני גורמים: ראשית, על ההרשעה לפגוע פגיעה חמורה בשיקום הנאשם, ושנית, סוג העבירה מאפשר לוותר בנסיבות המקרה המסוים על ההרשעה בלי לפגוע באופן מהותי בשיקולי הענישה האחרים.",train
מהו תפקידם של שוטרי משטרת ישראל בהבטחת ביטחון הציבור?,"שוטרי משטרת ישראל, כמו אנשי שאר זרועות הביטחון, עושים לילות כימים למען שמירה על ביטחון הציבור, ועל כן מחויבים אנו לעשות ככל שניתן על מנת להגן עליהם מפני מי שמנסים להלך עליהם אימים ולפגוע בעבודתם החשובה, אשר נעשית למען כלל הציבור ולהבטחת ביטחונו האישי.",train
"מהו העיקרון המשפטי לגבי ענישה בעבירות ריבוי נישואין, גם כאשר יש נסיבות חריגות?","עוד נקבע, כי עבירות מסוג זה אינן סובלות ענישה, שלא תהיה מאחורי סורג ובריח, וכך נפסק גם במקרים, בהם הוכחו לפני בית המשפט נסיבות חריגות ביותר.",train
מדוע יש להטיל פסילה מלנהוג על הנאשם במקרה זה?,"במקרה דנן, כמות הסמים וסוגם, ביחד עם טענת ההגנה על התמכרות עמוקה לסמים, מחייבים השתת פסילה מלנהוג, בפועל ועל תנאי, לתקופה ארוכה, שיהיה בה כדי להרחיק הנאשם מהכביש לשנים הקרובות, ולמנוע סיכון עוברי הדרך.",train
מהו העיקרון המשפטי המנחה לגבי הטלת מתחם ענישה בעבירות קשורות?,"כאשר העבירות מהוות מסכת עבירות קשורות, יש לשקול להטיל מתחם ענישה אחד במקום כמה מתחמי ענישה נפרדים.",train
מהי עוגמת הנפש הנובעת מעבירות רכוש וכיצד היא משפיעה על הענישה?,"עוגמת הנפש הרבה הכרוכה בעבירות אלה, שהיא הרבה מעבר לעבירות אחרות של פריצה לכלי רכב או גניבה מתוכם, וכן התקופה בה נמנע מבעלי הרכב לעשות בו שימוש – מן הדין שתקבל אף היא ביטוי בענישה.",train
מהו השיקול הנוסף שצריך להתחשב בו לצד השיקום של נאשם בפלילים?,"אכן יש ליתן חשיבות לשיקומו של מי שנאשם בפלילים, אך שיקול זה אינו עומד לבדו, ועל בתי המשפט להידרש לצדו לשיקולים אחרים (רע""ב 1730/10 תורג'מן נ' היועץ המשפטי לממשלה).",train
מהי הסיבה להשית על הנאשם מאסר מותנה משמעותי?,"עוד מוצא בית המשפט להשית על הנאשם מאסר מותנה משמעותי, לצורך הרתעתו לעתיד.",train
כיצד משפיעות העבירות בהן הורשע הנאשם על יחסו לציות לחוק?,"יש משקל, במקרה שלו, בין היתר, לאור העבירות בהן הורשע ולאור היותן מלמדות על יחסו הכללי לציות לחוק.",train
כיצד משפיעה המעורבות בקטטה על הערכת הנאשם?,"מעורבות בקטטה הכוללת מעשי ירי, בהעדר נתונים המלמדים על נסיבותיה, אמנם לא תלקח בחשבון לחובת הנאשם, אך בוודאי אין לזקפה לזכותו.",train
מה הם שני התבחינים המרכזיים שנקבעו לביטול הרשעת הנאשם בדין?,"אשר לשאלת ביטול הרשעת הנאשם בדין - לענין זה נקבעו, בפסיקה העדכנית של בית המשפט העליון ושל בתי המשפט המחוזיים, שני תבחינים מרכזיים: האחד – האם מעשה העבירה מאפשר, מבחינת המסר הערכי שיועבר לציבור, ביטול הרשעת הנאשם בדין.",train
מה יש לשקול בנוגע להודאת הנאשם באשמה?,"לכל הצדדים יש לשקול הודאתו באשמה, שהיה בה כדי לחסוך זמן שיפוטי ניכר, וכן היעדר הרשעות קודמות.",train
מהו הסבר למקרים שבהם בתי המשפט נוטים להקל בעונש על עבירות מסוימות despite their significant harm?,"לעתים דווקא מעשי עבירה כאלה זוכים בבתי המשפט ליחס מקל ופשרני אף שנזקם לכלל, למשק ולכלכה, ולאימון שהציבור רוכש למערכות המשק והשלטון הוא רב ביותר.",train
מהו הפוטנציאל של עבירות הסמים לפגוע בחברה?,עבירות הסמים נושאות בחובן פוטנציאל לפגיעה משמעותית בחברה.,train
מהי דרגת האחריות של הנאשם למעשיו וכיצד היא מתבטאת?,"מדובר במי שנטל אחריות מלאה למעשיו, אחריות שאיננה במישור הרטורי בלבד, אלא באה ידי ביטויה בהחזר מלא של כספי הגזליה, תוך מאמץ שאיננו קל, בנסיבותיו האישיות והכלכליות של הנאשם.",train
מהו השינוי במתחם הענישה שנקבע בעקבות הגידול בתפוצת עבירות הסמים?,"עם זאת, יש ממש בטענת התביעה, כי בתקופה האחרונה, חל גידול  של ממש בתפוצתן של עבירות אלה, המתבטא בהגשת כתבי אישום דומים מדי יום ממש, ובשל כך, ציין בית המשפט, כי הגיעה העת לשקול מחדש את מתחם הענישה שנקבע ולהחמיר במתחם במידה מסוימת, כך שיעמוד בין 20 – 40 חדשי מאסר בפועל (ראו ת.פ. 1935-04-18 מדינת ישראל נ' אבן חג'ה (פורסם במאגרים)).",train
מהו הצורך בהגנה על סוכנים במבצעי אכיפת החוק כדי לשמור על אפקטיביות המערכת?,אך אם מבקשים לשמור על כלי זה כאפקטיבי – על בית המשפט להציב חומת מגן בצורה אל מול כל ניסיון לפגוע בסוכן או להרתיעו מלעשות את המוטל עליו.,train
"מדוע לא ניתן לבטל את הנזק הפוטנציאלי ממעשי הנאשמת, גם אם לא נגרם נזק בפועל?","גם אם היה מקבל בית המשפט את טענת ההגנה, כי לא נגרם נזק ממעשי הנאשמת, וכי שמו של הסוכן כבר היה ידוע, הרי שאלו אינם מבטלים את הנזק הפוטנציאלי העלול להיגרם ממעשי הנאשמת ובוודאי לא ניתן להעלות על הדעת, תעוזה וזלזול בגורמי אכיפת החוק, כפי שהפגינה הנאשמת.",train
מהן השיקולים לקביעת הענישה הספציפית במסגרת מתחם הענישה?,קביעת הענישה הספציפית במסגרת המתחם נעוצה באופי ההתארגנות לביצוע העבירה; טיבם של כלי הפריצה בהם הצטידו העברינים; מידת הנזק שנגרם; עברו הפלילי של הנאשם; נסיבותיו האישיות.,train
"מדוע לא ניתן לקבל את טענת ""ההגנה התרבותית"" בהקשר של עבירה פלילית?","אין בידנו לקבל גם טענת ""ההגנה התרבותית"" שהעלה המערער במסגרת שיקולי הענישה בעניינינו המערער אינו יכול לעשות דין לעצמו ולעקוף את האיסור הפלילי בטענה כי הרקע התרבותי שעל ברכיו חונך וגדל הביאוהו לבצע את העבירה, ואל לנו כחברה להשלים עם טיעון שכזה.",train
כיצד משפיעה השיטה שבה בוצעו המעשים על חומרת העבירות המיוחסות לנאשם?,"העובדה שהדבר נעשה באמצעות רשת האינטרנט ולא, למשל, ברחוב, פנים אל פנים, אינה מפחיתה מחומרת המעשים וניתן אף לומר שבמידה מסויימת מגבירה עובדה זו את חומרת המעשים.",train
מהו תפקידו של בית המשפט במאבק נגד האלימות בחברה?,"לא אחת, הדגיש בית המשפט העליון את תפקידו של בית המשפט במאבק נגד האלימות הפושה בחברה ועל החשיבות להעניש בחומרה את אלו הפונים לדרכי אלימות.",train
מהו המאפיין המרכזי של העבירה שביצע הנאשם אשר מצביע על חומרתה?,העבירה שעבר הנאשם אינה קלה ולה מספר מאפייני חומרה – המתלונן הותקף על רקע דבר של מה בכך; הנאשם פעל בצוותא עם אחר; למתלונן נגרמו חבלות שאינן קלות.,train
מהו הנזק הציבורי שנגרם ממעשי הנאשם והשפעתם על אמון הציבור במשטרה?,במעשי הנאשם (בייחוד הכוונה לתמדית שניסה ליצור לאותו מפקד) היה כדי להכתים את ציבור לובשי המדים ולפגוע באמון הציבור במשטרה.,train
מהו הפוטנציאל לפגיעה בערכים החברתיים המוגנים שנוצר בהתנהגות הנאשם?,"בהתנהגותו זו, הקים פוטנציאל לפגיעה בערכים החברתיים המוגנים על ידי החוק.",train
מהו ההמלצה שניתנה כדי למנוע טעות בהבנת ההסבר המשפטי?,"היינו אומרים, שכדי למנוע את טעותו, אם אכן שגה בהבנת הסבר המשפטי, ראוי היה שישאל בעצתם של חכמי המשפט.",train
מהו היסוד המשפטי לכך שהמלצת שירות המבחן אינה מחייבת את בית המשפט במקרה זה?,"המלצת שירות המבחן אינה הולמת את נסיבות העבירות ומכל מקום, כפי שנפסק לא פעם, המלצת שירות המבחן אינה בבחינת נתון קונקלוסיבי המחייב את בית המשפט, בהיותה מתמקדת בנסיבותיו האישיות של הנאשם.",train
מהו הנימוק להטלת קנסות כבדים על כלל הנאשמים בפעילות העבריינית?,"בנוגע לכלל הנאשמים – מוצא בית המשפט להשית עיצומים כספיים כבדים ומרתיבים, בדמות קנסות, וזאת מאחר שהמדובר בפעילות עבריינית, אשר הונעה על ידי העברת כספים בהיקף שאינו מבוטל.",train
מהו השיקול המרכזי בקביעת מתחם הענישה במקרה הנדון?,"קביעת מתחם הענישה היא בנסיבות המקרה העומד לדיון, וסקירת מדיניות הענישה הנוהגת היא רק שיקול אחד מבין כלל השיקולים אותם עושה בית המשפט בקובעו מתחם ענישה הולם.",train
כיצד הפיצוי מהווה חלק מתמהיל הענישה הכולל המוטל על הנאשם?,"זאת, מעבר להיות הפיצוי חלק מתמהיל הענישה הכולל המוטל על הנאשם, אשר יש בו כדי להביע החומרה אותה רואה מערכת אכיפת החוק במעשיו של הנאשם, ואף להרתיע נאשמים מלשוב ולבצע עבירות.",train
"מהו העיקרון המשפטי המנחה את הענישה כלפי המעורבים בהפצת סמים, כפי שנקבע בפסיקה?","על הצורך להילחם מלחמת חורמה בתופעה הזו, וחומרת הענישה שיש לנקוט כלפי המעורבים במערך הפצת הסמים, דובר רבות בפסיקה.",train
מהו הכיוון שבו מצביע איזון השיקולים לגבי ענישת הנאשם?,איזון השיקולים השונים מצביע לכיוון ענישה על הצד הבינוני של מתחם הענישה (אם גם לא במרכז המתחם ממש).,train
"מהו הכלל שנקבע לגבי ענישת מבצעי עבירת החזקת נשק, גם אם זו עבירה ראשונה?","משכבר נקבע הכלל לפיו ככלל יש לאסור את המבצעים עבירה זו, גם אם מדובר בעבירה ראשונה, מאחורי סורג ובריח, ואילו אורך התקופה כלול בנסיבות הספציפיות של העושה והמעשה.",train
כיצד משפיעים הנתונים על הכף במסגרת מתחם הענישה?,כל אלה מטים את הכף לכיוון החמרה במסגרת מתחם הענישה.,train
מהו השינוי המשמעותי בחיי הנאשם מאז הסתבכותו בעבירה?,"אם בעבר, גדל הנאשם, שהתייתם מהוריו בגיל צעיר, ללא דמויות מכוונות ונקלע למעורבות שולית – הרי, בשנים האחרונות, נישא הנאשם לבחירת לבו; הפך אב לילדים; השתלב במשפחה נורמטיבית, כשהוריה של רעייתו מהווים בעבורו דמויות משמעותיות ומכוונות (אבי הרעיה היה גם מי שהביא להסגרתו); החל לנהל חיים אחראיים; הקים עסקים המגלגלים מחזורים לא מבוטלים, במסגרתם מעסיק 5 עובדים, המתפרנסים למחייתם ואף תורם לכלכלת המדינה בתשלום מיסים כדין; פועל לזיכוי הרבים; השתתף, ועודנו משתתף, בהליך טיפולי משמעותי במסגרת שירות המבחן למבוגרים, אשר התרשם משיתוף פעולה ונכונות לבחינה עצמית של הכשלים בהתנהגותו, כמו גם מסיכוי משמעותי לשיקום.",train
מהי הסיבה לכך שהחריגה מהמאסר בפועל לא תתממש במקרה זה?,"בנוכח עצימותה של הפגיעה בערכים המוגנים, החריגה, במקרה זה, לא תוכל להתממש בדרך אותה הציע שירות המבחן, והיא תתבטא בקיצור משמעותי של משך תקופת המאסר בפועל, והמרתו לריצוי בדרך של עבודות שירות.",train
מדוע יש להטיל עונשי מאסר לריצוי בפועל על מי שעובר עבירת החזקת נשק לראשונה?,יוער כי הסכנה הטמונה בעבירה החמורה של החזקת נשק מצדיקה הטלת עונשי מאסר לריצוי בפועל גם על מי שזו עבירתו הראשונה.,train
מדוע יש להרחיק את הנאשם מנסיעה בכביש למשך תקופה ממושכת?,"די בעיון במוצגי התביעה, המלמדים על הרשעות רבות בעבירות תעבורה, לצד הרשעתו זו בעבירה של נהיגה פוחזת, כדי ללמד, כי נאשם זה מסכן באופן משמעותי ביותר את עוברי הדרך ויש להרחיקו מנסיעה בכביש למשך תקופה לא מבוטלת, בת מספר שנים, במהלכן יהיה בידו להפנים את חומרת מעשיו.",train
מדוע יש צורך בענישה משמעותית בעבירות גניבת רכב?,"עבירות אלה  מחייבות ענישה משמעותית, בעולם המעשה, על מנת להרתיע את עובריהן ולהפוך אותן ללא כדאיות.",train
מהי תרומת בית המשפט למלחמה באלימות בחברה?,"חברתנו הפכה להיות חברה אלימה, ותרומתו של בית-המשפט למלחמה באלימות היא בהטלת עונשים ראויים",train
כיצד ניתן לגשר על הפער בתפיסה העונשית הנוגעת לעבירות כלכליות?,"על פער עמוק זה, הנבקע לעתים בתפיסה העונשית הנוהגת במקומנו, יש לגשר בדרך של שמירת יחסיות הולמת בהיקפי הענישה תוך ייחוס משקל מתאים לחומרתם האמיתית של המעשים, להשלכתם השלילית ארוכת הטווח על מערכות הכלכלה והחברה ולהיקף הנזק שהם מביאים על הציבור כן, ראו דברי השופט י' דנציגר, ע""פ 3587/12 דדון נ' מדינת ישראל (פורסם במאגרים): במקרה דנן, משנה חומרה לדברים, עת נעברו העבירות על ידי מורשה, ובכך, נוצרה פגיעה נוספת באמון שבין העבריין לקרבן.",train
מהו האינטרס הציבורי המוביל לנסיגה של האינטרס השיקומי בעבירות גניבת רכב?,"ככלל, ייסוג האינטרס האישי השיקומי של העבריין מפני האינטרס הציבורי, ככל שמדובר בעבירות אלה.",train
מהו מתחם העונש הראוי לעבירה שעבר הנאשם לפי הפסיקה?,"בהתאם לפסיקה שהובאה, יועמד מתחם העונש הראוי לעבירה שעבר הנאשם, בין עונש מאסר צופה פני עתיד, בצירוף רכיבי ענישה נוספים ועד לעונש מאסר בפועל בן מספר חודשים, אשר יכול שירוצה בדרך של עבודות שירות.",train
"מהו מתחם הענישה שהתקבל על ידי בית המשפט, ומה ההערה שנעשתה לגביו?","בית המשפט אימץ את מתחם הענישה אליו עתרה התביעה, כך שינוע בין 20 ועד 40 חודשי מאסר בפועל, תוך ששוב ציין, כי היה מקום לעתור למתחם ענישה גבוה יותר.",train
מה מעידים מעשי הנאשם על כשל ערכי ועל מסוכנותו לקטינות?,מעשי הנאשם מעידים על כשל ערכי חמור ועל מסוכנות לקטינות.,train
מדוע העיצום הכספי במקרה זה נחשב למוצדק?,העיצום הכספי מוצדק כי העבירות נעברו למען בצע כסף ותוך בזבוז משאבים ציבוריים שהוקצו לשווא עקב המצג השווא שיצר הנאשם במשטרת ישראל ובכיבוי השריפה על ידי רשות הכבאות וההצלה.,train
מהו המידע שמלמד על יחסו של הנאשם לחוק בהתנהגותו?,"בכך יש ללמד על יחסו של הנאשם לחוק ועל כך, שעודנו ממשיך בהתנהגות עוברת חוק ופורצת גבולות.",train
"מדוע אחזקת מכשיר רט""ן במתקן כליאה נחשבת לעבירה שיכולה להצדיק הטלת עיצום כספי?","אחזקת מכשיר רט""ן במתקן כליאה עשויה להוות יתרון כלכלי למחזיקו ופעילות זו כרוכה בתשלום, מה שמצדיק הטלת עיצום כספי כפועל יוצא של פגיעה בתעשיית ההברחה.",train
מהי ההבנה המשפטית לגבי שיקום כבסיס לחריגה ממתחם הענישה?,"כבר נפסק לא פעם, כי שיקום איננו בגדר מילת קסם המתירה חריגה ממתחם הענישה בכל עת.",train
מהו המשקל של אלמנט התוצאה בשיקולי הענישה בתיק זה?,"אך בכל זאת, לאלמנט התוצאה קיים משקל בשיטתנו המשפטית, ולו מבחינת כך, שבמסגרת שיקולי הענישה בתיק דנן, לא נדרש בית המשפט לשוות לנגד עיניו את הפגיעה בנפגעת עבירה הספציפית (להבדיל מסיכון שלום הציבור בכללותו).",train
מהו הסיכון הציבורי הנובע מהחזקת נשק על ידי מי שאינו מוסמך לכך?,"החזקת נשק על ידי מי שלא נבדק, לא נמצא מתאים ולא הוכשר לכך, בתנאים שאינם מבטיחים בידודו של הנשק מהסביבה (כיום, מי שמחזיק נשק ברישיון נדרש לאפסנו בכספת מאובטחת, מאחורי שני מנעולים), עלולה להביא לסיכון שלום הציבור, גם אם אין ראיות שהוחזק לצורך פעילות שלילית, כמפורט לעיל.",train
מהו תפקיד המאסר המותנה בעונש שניתן לנאשם בעבירות סמים?,"זאת, כמובן, בתוספת מאסר מותנה מרתיע, לבל יהין הנאשם לעבור שוב עבירות דומות.",train
אילו שיקולים רשאי בית המשפט לקחת בחשבון בעת קביעת מתחם הענישה לפי סעיף 40ט' לחוק העונשין?,"בהתאם לסעיף 40ט' לחוק העונשין, תשל""ז – 1977, בבואו של בית המשפט לקבוע מתחם ענישה, רשאי לקחת בחשבון מכלול שיקולים, בין היתר, נסיבות ביצוע העבירה; משך ההתנהגות העבריינית; מידת הפגיעה בערכים המוגנים; וכן, שיקולים נוספים.",train
אילו שיקולים לקולה ולחומרה השפיעו על מתחם הענישה במקרה זה?,"לאחר מתן משקל הן לשיקולים לחומרה – גניבת הגבול והעובדה כי מטרת היציאה נוטה בערפל, הן לשיקולים לקולה - כי המדובר ביציאה למדינה, אשר מקיימת יחסים דיפלומטיים עם מדינת ישראל – מקבל בית המשפט את מתחם הענישה, כפי שהוצע על ידי התביעה, קרי: עונש מאסר בפועל, שינוע בין 4 ועד 8 חודשים, בצירוף מאסר מותנה ועיצומים כספיים.",train
מהן הסיבות לכך שאין מנוס מהשתת עונש משמעותי על הנאשם?,"עם כל ההבנה לנסיבותיו האישיות של הנאשם, בסופו של דבר, לאור הסתבכויותיו  בעיקר בעבירות רכוש, לאור היעדר שליטה במעשיו כשהוא תחת השפעת חומרים משני תודעה, וכן בהעדר נכונות מטעמו של הנאשם להשתלב בהליך טיפולי – אין מנוס מהשתת עונש משמעותי, שיהיה בו כדי להגן על הציבור מפני פגיעתו הרעה.",train
כיצד יש להכביד את הענישה על עבריינים המפנים לדרכי אלימות?,במסגרת מלחמה זו שומה על בתי המשפט להכביד את הענישה על עבריינים אלו.,train
מדוע בית המשפט רואה צורך להטיל גם קנס בנוסף להשבת כספי הגזילה?,לנוכח כך שהעבירות נעברו למען בצע כסף – אין די בהשבת כספי הגזילה ובית המשפט רואה להשית גם עיצום כספי מסוג קנס.,train
מהו הנימוק להחמרת הענישה במקרה של עבירות פליליות נגד בטחון המדינה?,"הצורך בהחמרת הענישה נומק במספר הרב של עבירות פליליות וכאלה נגד בטחון המדינה שנעברו לאחרונה באמצעות כלי נשק, ואף הביאו לעיתים לפגיעה באזרחים בלתי מעורבים.",train
מהי הפגיעה שנגרמת מהעבירות שביצע המבקש בזכויות המתלוננים ובציבור?,"העבירות שביצע המבקש הינן עבירות חמורות, אשר, כפי שציין בית-משפט השלום, פוגעות פגיעה קשה הן בזכויות המתלוננים והן בכלל הציבור.",train
מהו מתחם הענישה שנקבע על ידי בית המשפט לאור נסיבות האירוע הראשון בכתב האישום?,"בהתאם לפסיקה שהובאה לעיל וכן בהתחשב בנסיבותיו של האירוע הראשון בכתב האישום, מעמיד בית המשפט את מתחם הענישה בין עונש צופה פני עתיד בצירוף ענשים נלווים ועד לעשרה חדשי מאסר בפועל.",train
מדוע האיום מסכן את חירות פעולתו של המאוים?,האיום מסכן את חירות פעולתו של הפרט שכן פעמים רבות האיום כרוך גם בצפייה להתנהגות מסוימת מצד המאוים שהמאיים מבקש להשיג באמצעות השמעת האיום.,train
מהו תפקיד רכיב פסילת רישיון הנהיגה בפועל בהקשר של הענישה במקרה זה?,"לנוכח ההסדר המקל בנוגע לרכיב המאסר בפועל, מהווה רכיב פסילת רישיון הנהיגה בפועל, במקרה זה, רכיב ענישה חשוב שיהיה בו כדי לאזן את תמהיל הענישה, הן מבחינת הגמול לעבירות שעבר הנאשם והן מבחינת הרתעתו לעתיד.",train
כיצד משפיעות הנסיבות על מתחם הענישה במקרה זה לעומת עבירות שבוצעו באופן חובבני?,"הצטרפות כל הנסיבות מטה מתחם הענישה לכיוון גבוה יותר מהמתחמים שנקבעו בפסיקה שענינם היה, לרוב, עבירות שבוצעו באופן חובבני או מזדמן.",train
מדוע אין לבית המשפט פרוגנוזה לגבי הפנמת הפגם במעשיו של הנאשם?,"אלא, שבשל עובדה זו, אין לפני בית המשפט פרוגנוזה כלשהי, המלמדת על הפנמת הפגם והכשל הערכי במעשיו של הנאשם ואין אינדיקציה על כך, שפחתה מסוכנותו לעתיד.",train
מהו ההיתר הנדרש לפי החוק להסעת בעלי חיים וכיצד הוא נוגע לבטיחותם?,"לא בכדי, דורש החוק היתר מיוחד להסעת בעלי חיים, לאחר בדיקה, כי יוסעו בתנאים בטיחותיים ותוך שלא ייגרם להם סבל מיותר.",train
"מהו המיקום המומלץ לעונשו של הנאשם במתחם הענישה, בהתחשב בנימוקים לקולה?","במכלול השיקולים, ראוי היה למקם עונשו של הנאשם על הצד הבינוני של מתחם הענישה, אך לאור הנימוקים לקולה שהובאו לעיל 	6 יועמד עונשו על הצד הבינוני 	6 נמוך.",train
כיצד משפיעה התנהגות העבריינית המתמשכת על משקל הטענה בדבר חלוף הזמן?,"במצב בו הנאשם ממשיך בהתנהגותו העברינית, מוגבל עוד יותר משקלה של הטענה בדבר חלוף הזמן.",train
מהו המובן של הסכום שהופקד מטעם ההגנה בהליך הפלילי?,"בנסיבות הענין, מוצא בית המשפט את הסכום שהופקד מטעם ההגנה, כהולם ככל שמדובר בהשתת פיצוי במסגרת ההליך הפלילי דנן.",train
"מהו הצורך המשפטי בנקיטת יד קשה כלפי עברייני ""תופעת הסכינאות""?","רבים חוטאים ב""תופעת הסכינאות"", ולאחר שהתרענו מפניה כה רבות, נדמה כי הגיעה העת שלא להסתפק במלות גינוי ובמסרים חינוכיים צופים פני עתיד, אלא לנקוט ביד קשה כלפי העבריינים בתחום זה, ואם בדרך זו תימנע ולו פגיעה אחת בחיי אדם, דיינו.",train
מהי ההשלכה של חומרת הסיכון בעבירות החזקת נשק על הענישה?,"בשורה של פסקי דין נקבע, כי חומרת הסיכון הנשקף מעבירות אלה, מחייבת השתת עונשי מאסר בפועל בגין עבירות אלה וזאת גם כאשר המדובר, לכאורה, במי שמנהל אורח חיים נורמטיבי ואין לחובתו הרשעות קודמות.",train
"מהו השינוי שהמחוקק ביצע בענישה בגין העבירה של החזקת ציוד קצה רט""ן?",אף המחוקק מצא להחמיר הענישה בגין העבירה דנן.,train
כיצד משפיעה הודאת הנאשם על הערכת אחריותו המשפטית?,"עם זאת, הנאשם הודה במיוחס לו ובכך יש משום נטילת אחריות מסוימת, גם אם במישור הפורמלי.",train
מהו הצורך בענישה משמעותית בעבירות של גניבת רכב כדי להרתיע את העבריינים?,"עבירות אלה  מחייבות ענישה משמעותית, בעולם המעשה, על מנת להרתיע את עובריהן ולהפוך אותן ללא כדאיות.",train
מדוע ישנה חומרה נוספת לעבירות הנאשם בהקשר לסחירות וביטחון הציבור?,"חומרה נוספת נודעת לעבירות אלה בשל פוטנציאל הפגיעה שלהן בסחירות ובתעבורה הכלכלית, בין היתר, במידת האמון שעשוי הציבור ליחס למסמכים סחירים.",train
מהו הנזק החברתי שיכול להיגרם כתוצאה מעבירות ריבוי נישואין?,"מעבר  לפגיעה בכבוד האשה ובאפשרות לקדם הישוויון בין המינים – מהוות עבירות אלה, כר פורה לתופעות רבות של עוני; ניצול; עברינות; ואם לא תטופל תופעה זו – עלול הדבר להסיג אחור מצבן של משפחות רבות, חלף קידום שילובן במסגרת המדינה המודרנית.",train
מהו הפער הבלתי הולם בין הענישה על פריצה וגניבת רחוב לבין גזילת כספים ציבוריים?,"נוצר לפרקים יחס בלתי הולם בין הענישה המוטלת על עבריין הנאשם בפריצה וגניבת רחוב, לבין ענישה הנגזרת על נאשם רב מעללים, הגוזל מיליונים מכספי ציבור תוך הפרה עמוקה של חובות נאמנות ומוסר בסיסיים.",train
מהו הצורך המובהק להילחם בתופעת הפצת הסמים על פי הפסיקה?,"על הצורך להילחם מלחמת חורמה בתופעה הזו, וחומרת הענישה שיש לנקוט כלפי המעורבים במערך הפצת הסמים, דובר רבות בפסיקה.",train
מדוע לא החמיר בית המשפט בענישה מעבר לעמדת התביעה במקרה זה?,"העובדה זו היתה עשויה גם להצדיק את חילוט הרכב, אך משלא עתרה התביעה לרכיב ענישה זה במסגרת פרשת העונש (על אף שהדבר צוין בסיפא לכתב האישום), נראה כי זנחה ענין זה, ובית המשפט לא יחמיר מעבר לעמדת התביעה.",train
כיצד משפיעים חילוקי דעות על הלגיטימיות של מעשים פליליים?,"חילוקי דעות, חריפים ככל שיהיו, אינם יכולים לשמש אמתלה לפריקת כל עול ולמעשים פליליים.",train
מהי ההשפעה של מעורבות הנאשמים בעבירות סרסרות על המוסר החברתי וכבוד העוסקות בתחום?,מעורבות הנאשמים בעבירות של סרסרות למתן שירותי מין פוגעת במוסר החברתי ועלולה לפגוע בכבודן של העוסקות בתחום.,train
כיצד עשויה פסיקת הפיצוי להוות הכרה בייסוריה של המתלוננת?,"עם זאת, יש בפסיקת הפיצוי משום מסר של הכרה בייסורים שעברה, ובמכאוביה הפיזיים והנפשיים, והוא עשוי לסייע לה לשקם את חייה.",train
מהי המסקנה לגבי מעשים ועבירות המבוצעים על ידי אדם בוגר בהקשר להימנעות מהרשעה?,"צירוף העובדות יחדיו מוביל לדעתנו למסקנה כי כבר בשלב זה של בחינת הדברים אין המדובר בסוג של מעשים ועבירות, המבוצעים על ידי אדם בוגר החב אמון למעבידו, שניתן להחריגם מהכלל ולהוציאם לתחומי החריג הנדיר של הימנעות מהרשעה.",train
אילו שיקולים יש לקחת בחשבון לקביעת מתחמי ענישה גבוהים יותר במקרה זה?,לאור סוגי הסמים בהם סחר הנאשם; כמות הסמים; מגוון הסמים אותם החזיק שלא לצריכתו העצמית; אופן חלוקת הסמים; הראיות שהוצגו בנוגע למעורבות העומק בעולם הסמים המסוכנים; מידת הפגיעה המשמעותית בערכים המוגנים; והנזק הפוטנציאלי הטמון במעשי הנאשם אלמלא היה נתפס;  היה מקום אף לקבוע מתחמי ענישה גבוהים יותר מעתירת התביעה.,train
אילו גורמים הובילו את בית המשפט להחמיר את הענישה כלפי הנאשם?,"אשר לקביעת הענישה הספציפית בעניינו של הנאשם במסגרת המתחם – לחובת הנאשם כאמור, יש לזקוף הן את עברו הפלילי, המעיד על פעילות עבריינית מגוונת, וכן מעיד, ביחד עם הסתבכותו דנן,  על יחסו לשלטון  החוק ולנציגיו (שכן, גם בעבר, הורשע הנאשם בעבירה כנגד אנשי מרות); הן את עברו התעבורתי, הכולל, בין היתר, הרשעה בעבירה של נהיגה בשכרות; הן את התרשמות שירות המבחן, אשר אינו מוצא, כי הנאשם נטל אחריות מלאה על מעשיו ורק לאחר שהשתלב בקבוצה טיפולית – החלה התבוננות ראשונית על אופן התנהגותו, כאשר שירות המבחן התרשם, כאמור, כי המניע המרכזי להשתלבותו זו בטיפול הוא משפטי.",train
כיצד משפיעה יכולתו הכלכלית של עובר העבירה על קביעת שיעור הפיצוי לנפגע?,"ליכולתו הכלכלית של עובר העבירה אין כל נפקות בעת קביעת שיעור הפיצוי שישולם לנפגע, ואין בטענה בדבר העדר יכולת כלכלית כדי להצדיק התערבות בסכום הפיצויים שנקבע על ידי הערכאה הדיונית.",train
מהו הפוטנציאל לפגיעה בנפש הנובע מהתמודדות עם פורץ?,"הטבע של האדם לא השתנה, גם היום רוב האנשים יעמדו מול פורץ במטרה להגן על רכושם, ולכן יש פוטנציאל ממשי לפגיעה בנפש המחייב ענישה קשה ומרתיעה.",train
כיצד מתאזנות הנסיבות האישיות הקשות של הנאשם עם כמות השתילים והמשקל שנמצאו?,"אמנם, במקרה דנן המדובר בכמות שתילים גדולה יותר ובמשקל גדול במעט, אך מנגד, לנאשם דנן נסיבות אישיות קשות יותר, כפי שפורט לעיל.",train
"מדוע עתירת ההגנה לעונש ""ללא הרשעה"" אינה תואמת את מתחמי הענישה הנוהגים?","עתירת ההגנה לעונש ""ללא הרשעה"" או לעונש מאסר מותנה – אינה תואמת כלל את מתחמי הענישה הנוהגים והיא מנותקת מחומרת האירוע.",train
מהן המטרות העיקריות של הענישה בעבירות סמים והשפעתן על הציבור?,"הענישה בעבירות מסוג זה נועדה, קודם לכל, לשרת את מטרת הגמול לעבריין על עיסוק בסם העלול לסכן חיי אדם ולפגוע בבריאות המשתמשים בו; שנית, על העונש להעביר מסר חד-משמעי של הרתעה ביחס לעבריינים פוטנציאליים, ולשמש אות אזהרה אפקטיבי לכל מי שמתכוון לקחת חלק במערכת ההעברות והסחר בסמים, תהא אשר תהא הפונקציה אותה הוא ממלא בשרשרת זו של העברת הסם מיד ליד.",train
מהו הקשר בין מצבו הכלכלי המדווח של הנאשם לבין מצבו הכלכלי בפועל?,"מצבו הכלכלי המדווח של הנאשם אין בו בהכרח כדי לשקף את מצבו הכלכלי בפועל, וזאת, בין היתר, מתוך הנתונים שעלו במשפט ופורטו לעיל, באשר לכספים במזומן בהם החזיק ולאופן התנהלותו.",train
מדוע החמירה הפסיקה את רף הענישה בעבירות של תקיפת בני משפחה?,"בצורך במלחמה בתופעה זו, החמירה אף הפסיקה את רף הענישה.",train
מהו המשקל המיוחד שיש לאלימות כלפי בת זוג בתא משפחתי?,"מעשים אלה מקבלים משנה חומרה, כאשר מדובר באלימות הננקטת כלפי בת זוג, החיה עם אותו אדם תחת קורת גג אחת, בתא משפחתי מצומצם, האמור להוות עבורה משענת ומקום מבטחים.",train
מדוע יש הצדקה להשתת עיצום כספי משמעותי במקרה של עבירות סמים?,"לאור המניע הכלכלי שבעבירות הסמים, יש הצדקה להשתת עיצום כספי משמעותי, ומצדיקה את חילוט הכסף שנתפס על הנאשם, אשר לגביו הוצגה הסכמת באי כוח הצדדים.",train
מהו השיקול שהוביל את בית המשפט להחליט שלא לבטל את הרשעת הנאשם?,"עם זאת, בית המשפט אינו מוצא, כי מבחינת המסר הציבורי והאינטרס הציבורי, ניתן להורות על ביטול הרשעת הנאשם.",train
כיצד משפיע עקרון השוויון על הענישה של הנאשם 1 במקרה זה?,"מכח עקרון השוויון, שהוא עקרון יסוד בשיטתינו המשפטית, יינתן משקל מסוים להקלה בעונשו של הנאשם 1, תוך משיכת הענישה מעט נמוך יותר במסגרת המתחם.",train
מהו השיקול המרכזי בהעמדת מתחם הענישה בגין כלל העבירות בתיק זה?,"בגין כלל העבירות שבכלל האישומים נושא תיק זה, תוך התחשבות בכך, שהנאשם עומד לדין בן עבירה נגזרת של סיוע בכל אחד מהאישומים וכי על פי העולה מכתב האישום המתוקן  מעמדו בחבורה לא היה דומיננטי, שכן הוא זה שנשלח לאותן משימות, שחייבו היחשפות ומגע אל מול קרבנות העבירה  ואף הוסכם, כי לא פעל מתוך מודעות מלאה אלא מתוך החלופה של ""עצימת עיניים"", כלומר  היה בידו לחשוד, כי המעשים שעושה, אינם כשרים והוא נמנע מלברר החשד  יועמד מתחם הענישה בן 9 עד 24 חודשים מאסר בפועל.",train
כיצד משפיעה רשימת ההמתנה על השתלבות הנאשם בהליך טיפולי?,"נאשם זה לא השתלב בהליך טיפולי, אך יש ממש בטענת ההגנה, כי אין לזקוף זאת לחובתו, משום שהוא מצוי ברשימת המתנה להשתלב בהליך הטיפולי וטרם נמצא מקום עבורו.",train
מהו תפקידו של עונש הקנס בהשבת טובת ההנאה לעבריין?,עונש הקנס מכוון לאיין את טובת ההנאה ולהסב הפסד כלכלי לעבריין ובכך להשיב לו כגמולו וכן להרתיעו על-ידי הפיכת הפשע ללא כדאי.,train
כיצד יש לתת ביטוי לגילוי דעת המחוקק במסגרת מתחם הענישה?,לגילוי דעת מפורש זה מטעם המחוקק – שומה על בית המשפט ליתן ביטוי במסגרת מתחם הענישה.,train
כיצד מתבטאת התעוזה והתחכום בעבירות שביצע הנאשם כקצין בטחון?,"המדובר ברצף של עבירות, המצביעות על תעוזה רבתי; העבירות נעברו בתחכום, תוך הפרת האמון המיוחד שניתן בנאשם כקצין הבטחון של המלון  התנהגות זו מצביעה על מידה ממשית של אנטי-חברתיות העולה ממעשיו.",train
מדוע השימוש באלימות במשפחה נחשב לניגוד לחוש הצדק האנושי?,הפרתה של ציפייה זו הופכת את השימוש באלימות במשפחה לתופעה העומדת בניגוד עמוק לחוש הצדק האנושי.,train
מהו ההיגיון מאחורי החמרת הענישה על מחזיקים סמים שלא לצריכה עצמית?,"אין מנוס מהכבדת היד על המחזיקים סמים שלא לצריכה עצמית, שכל בר דעת מבין כי נועדו לצריכת הזולת, קרי, להוספת שמן על מדורת הסמים אשר להבותיה אופפות רבים וטובים, או רבים שהיו טובים.",train
מדוע לא יילקחו בחשבון נסיבותיו האישיות של הנאשם בעת קביעת הפיצוי?,"נסיבותיו האישיות של הנאשם ואף מצבו הכלכלי, אינם בגדר שיקול אותו יקח בית המשפט בחשבון בעת קביעת הפיצוי, וזאת היות שהמדובר בסעד בעל אופי אזרחי בהליך פלילי, ממש כשם שבתביעה אזרחית - אין שוקלים שיקולים אלה.",train
"מהו ההיבט החמור במעשים כאשר הם נעשים על רקע אידיאולוגי כחלק מ""מאבק אזרחי""?","כשהדברים נעשים על רקע אידיאולוגי וכחלק מ""מאבק אזרחי"" שיטתי ועקבי חמורים הדברים שבעתיים וכך גם המסוכנות הנודעת ממעשים שכאלה.",train
מה היה קורה אם לא היה הסדר טיעון בנוגע לרכיב המאסר בפועל?,"אלמלא הסדר הטיעון, אשר כלל הסכמה לענין רכיב המאסר בפועל, היה מקום לקביעת מתחם ענישה גבוה בגין כל אחת מהעבירות, הן גניבת הרכב, והן הנהיגה הפוחזת של רכב תוך כדי הפרעה לשוטרים בעת מילוי תפקידם, ולאור הרצדביזם - אף היה מקום לגזור את עונשו בחלקו העליון של כל אחד ממתחמי הענישה.",train
מהו השיקול הנוסף שעל בית המשפט לקחת בחשבון בקביעת מתחם העונש?,"רמת הענישה הנוהגת היא רק שיקול אחד שעל בית המשפט לקחת, בבואו לקבוע את מתחם העונש ההולם, זאת, לצד שיקולים נוספים כמו מידת הפגיעה בערכים המוגנים; התכנון שקדם לעבירות; התחכום בהן; משך ההתנהגות העבריינית ועוד.",train
מהן העבירות שהכבידו על גורמי אכיפת החוק במקרה זה?,"הפרעה לשוטר לבצע עבודתו; תקיפתו; סיוע לעבריין להימלט תוך שהוא נמלט עמו – כל אלו, הכבידו על גורמי אכיפת החוק והם מצדיקים השתת עיצום כספי מסוג קנס.",train
מדוע יש להטיל עונשי מאסר לריצוי בפועל גם על מי שעובר עבירת החזקת נשק לראשונה?,יוער כי הסכנה הטמונה בעבירה החמורה של החזקת נשק מצדיקה הטלת עונשי מאסר לריצוי בפועל גם על מי שזו עבירתו הראשונה.,train
מהו העונש המומלץ במקרים של עבירות רכוש חמורות?,ככלל 1 מן הראוי להטיל במקרים אלה 1 עונשי מאסר משמעותיים.,train
מהו תפקיד הערך הענישתי בעבירות סמים בפסיקות בתי המשפט?,"מזה זמן רב, מדגישים בתי המשפט בפסיקתם את חשיבות הערך הענישתי בעבירות סמים כאחד הכלים החשובים בפעילות לביעורו של נגע הסמים.",train
כיצד הברחת טלפון סלולרי לאסיר בטחוני משפיעה על פעולות ארגון הטרור?,"הברחת טלפון סלולרי לאסיר בטחוני מאפשרת לאסיר קשר ישיר עם חברי ארגון הטרור אליו הוא משתיך, לצורך קידום יעדי הארגון לרבות הכוונה לבצע פיגועים והוצאתם לפועל, ומכאן מלחמת החורמה בתופעה זו.",train
כיצד מתבטאת החשיבות של הערך הענישתי בעבירות סמים בפסיקות בתי המשפט?,"מזה זמן רב, מדגישים בתי המשפט בפסיקתם את חשיבות הערך הענישתי בעבירות סמים כאחד הכלים החשובים בפעילות לביעורו של נגע הסמים.",train
כיצד מעשיו של הנאשם משקפים אנטי חברתיות וכשל ערכי?,"מעשיו של הנאשם מלמדים על אנטי חברתיות מובהקת וכשל ערכי חמור, לצד זלזול בוטה ברכוש הזולת ובשלומם וברווחתם של בעלי החיים.",train
מהו העיקרון המרכזי שמנחה את מדיניות הענישה בעבירות סחר והפצה של סמים מסוכנים?,"בית משפט זה שב והדגיש כי על מדיניות הענישה בגין סחר והפצה של סמים מסוכנים, ובכללן סמים הנחשבים כ""סמים קלים"", להיות מרתיעה ומשמעותית, וכי יש לראות בחומרה ניסיונות לעשיית רווח כספי באמצעות סחר בסמים אלה.",train
אילו שיקולים נוספים נדרשים מבית המשפט בעת קביעת מתחם העונש ההולם?,"בבואו של בית המשפט לקבוע את מתחם העונש ההולם, עליו לשקול, בין היתר, את מדיניות הענישה הנוהגת, אך שיקול זה – כמובן אינו היחיד.",train
כיצד משתלב האינטרס השיקומי בשיקולי הענישה של בית המשפט?,האינטרס השיקומי הינו חלק ממכלול השיקולים אשר נלקחים בחשבון במסגרת שיקוליה ענישה.,train
מהו הפיצוי המינימלי שהנאשם מחויב בו כדי למנוע תביעות אזרחיות מהמתלוננים?,פיצוי לכל הפחות במלוא הנזק שנגרם הוא מצווה על הנאשם למנוע מהמתלוננים צורך לתבוע אזרחית.,train
מהו המצב המשפטי של הנאשם בהקשר לעבר הפלילי והודאתו באשמה?,המדובר בנאשם שהוא נעדר עבר פלילי; הודה באשמה – בכך היה משום נטילת אחריות מסוימת.,train
מהו הקשר בין העדר מסירת פרטים לבין טענות ההגנה על חרטה של הנאשם?,העדר מסירת פרטים אלה אינו תומך בטענות ההגנה באשר לחרטה שהפגין הנאשם.,train
מהו הנזק שנגרם לקטין הנפגע אשר השפיע על גזירת הדין?,"בזמן גזירת הדין, ייקח בית המשפט בחשבון גם את הנזקים הקשים, שנגרמו לקטין הנפגע.",train
כיצד יש לקבוע את מתחם הענישה בעבירות תקיפת קטינים ובני זוג?,"לצורך קביעת מתחם הענישה הנוהג בעבירות של תקיפת קטינים הנתונים למרותתו של הנאשם, ביחד עם תקיפה או איומים על בת זוג, יש לבחון רמת הענישה שנקבעה בפסיקת בתי המשפט.",train
על מה מתבסס קביעת מתחם הענישה בעבירות סמים?,מתחם הענישה נקבע לפי נסיבות העבירה; מידת הפגיעה בערכים המוגנים; הנזק שנגרם ופוטנציאל הנזק מהמעשים; מידת האנטי חברתיות שבמעשים; וזאת לצד שיקולים נוספים.,train
מהו ההיבט הנוסף של חומרה שנוגע למיקום שבו התרחשו העבירות כלפי הקורבנות?,"בנוסף לחומרה עליה הצביע חברי בהקשר זה, אשר ציין כי בחדרים אלה רב הנסתר על הנגלה ומציאות החיים מלמדת שמתבצעות במרחב האינטרנטי עבירות, חשוב ליתן תשומת לב להיבט נוסף של חומרה, שגם אותו ציין חברי, הנובע מהעובדה שהקורבנות-הקטינות בענייננו שהו בביתן, בחדרן, במקום שאמור להיות מבצרן ומקום מבטחן, לשם הצליח המערער לחדור בתחבולות, לבצע את זממו, עבירות מין ועבירות סחיטה באיומים.",train
מהו המצב העומד בפני בית המשפט מעבר לעניינו של המשיב?,"לא רק עניינו של  המשיב עומד בפני בית המשפט, אלא גם עניינו של הקורבן ועניינו של הצבור כי מערכת אכיפת החוק תנקוט בצעדים ממשיים למיגור תופעת האלימות, עמה אין חברה מתוקנת יכולה להשלים.",train
כיצד השפיעה נפיצות עבירות התקיפה על החמרת הענישה?,"עבירות אלה, נפיצותן, וכן הקושי של קרבנות העבירה להתלונן, הביאו את המחוקק להחמיר בענישה שנקבעה, כאשר מדובר בתקיפת בת זוג.",train
מהו הסיכון הציבורי הנובע מהחזקת נשק על ידי מי שאינו מורשה לכך?,"החזקת נשק על ידי מי שלא נבדק, לא נמצא מתאים ולא הוכשר לכך, בתנאים שאינם מבטיחים בידודו של הנשק מהסביבה (כיום, מי שמחזיק נשק ברישיון נדרש לאפסנו בכספת מאובטחת, מאחורי שני מנעולים), עלולה להביא לסיכון שלום הציבור, גם אם אין ראיות שהוחזק לצורך פעילות שלילית.",train
על מה מתבסס העונש שיוטל על הנאשם בהתאם לעתירת התביעה?,"העונש שיוטל יהיה בהתאם לעתירתה המינימלית של התביעה, אשר בית המשפט מוצא, כי במסגרתה נלקחו בחשבון כלל השיקולים לזכות הנאשם.",train
מהו השיקול המרכזי שעל בית המשפט לקחת בחשבון כאשר מדובר בנאשם עם נתונים אישיים מיוחדים?,"לאור תיקון 113 לחוק העונשין, בהתאם להוראות סעיף 40ט(6) - (7), כאשר המדובר בנאשם, בעל נתונים אישיים מיוחדים, הסובל ממצב נפשי או קוגנטיבי מיוחד, שהיה בו כדי להשפיע על יכולתו להבין הפסול שבמעשיו או להימנע מעשייתם, הורה המחוקק, כי יש להביא ענין זה בשיקוליו של בית המשפט, בעת קביעת המתחם עצמו.",train
מהם השיקולים המאפשרים לבית המשפט לקבוע מתחם ענישה לפי סעיף 40ט' לחוק העונשין?,"בהתאם לסעיף 40ט' לחוק העונשין, תשל""ז – 1977, בבואו של בית המשפט לקבוע מתחם ענישה, רשאי לקחת בחשבון מכלול שיקולים, בין היתר, נסיבות ביצוע העבירה; משך ההתנהגות העבריינית; מידת הפגיעה בערכים המוגנים; וכן, שיקולים נוספים.",train
כיצד משפיע עברו הפלילי של הנאשם על מיקום עונשו במתחם הענישה?,"במכלול הנסיבות, מוצא בית המשפט למקם את עונשו של הנאשם בחלקו התחתון של מתחם הענישה, אך לאור עברו הפלילי, הכולל הסתבכות משמעותית קודמת בתחום הסמים המסוכנים  לא ברף התחתון ממש.",train
מדוע נודעת חומרה נוספת לעבירות של שימוש במסמך מזויף בהקשר לסחירות ובתעבורה הכלכלית?,"חומרה נוספת נודעת לעבירות אלה בשל פוטנציאל הפגיעה שלהן בסחירות ובתעבורה הכלכלית, בין היתר, במידת האמון שעשוי הציבור, ובפרט 	6 נותני שירותים פיננסיים 	5 לייחס למסמכים הקשורים לסחר או לפעולות פיננסיות.",train
מהי הסיבה לכך שבית המשפט לא מוצא נסיבות לפסילה קצרה יותר במקרה זה?,"במקרה דנן, לא מוצא בית המשפט, כי מתקיימות נסיבות המאפשרות פסילה למשך זמן קצר יותר, זאת לאור הזלזול הבוטה שמפגין הנאשם, כאשר במשך שנים ארוכות, ממשיך ליצור סיכון למשתמשי הדרך, שעה  שנוהג ברכב, כאשר מעולם לא הוציא רישיון נהיגה.",train
מהי הפגיעה בערכים המוגנים שנגרמה כתוצאה ממעשיו של הנאשם?,מעשיו של הנאשם פגעו פגיעה קשה בערכים המוגנים של שלום הציבור; שלמות גופו ובטחונו; כבודו של האדם; והגנה על הציבור מפני מעשי בריונות ואלימות.,train
"מדוע יש לצפות מהנאשם, בדרגה בכירה, לשמש דוגמה למשרתים תחתיו?","שלישית, בהיות  הנאשם בדרגה כה בכירה עליו לשמש דוגמה ומופת למי שמשרתים תחתיו.",train
כיצד פוגעים מעשי המבקש באמון הלקוחות ובציבור עורכי הדין?,"זאת ועוד, מקצוע עריכת הדין מושתת על האמון שנותן הלקוח בבא כוחו; במעשיו של המבקש, יש כדי לערער אמון זה, ולהכתים ציבור גדול של עורכי דין העושים את מלאכתם נאמנה.",train
מהו השיקול שהנחה את בית המשפט בהטלת עיצומים כספיים על הנאשם?,"נוכח הנזקים והטרחה המרובה לקרבנות העבירות מסוג זה, אזרחים תמימים הנפגעים על לא עוול בכפם, רואה בית המשפט להשית על הנאשם גם עיצומים כספיים, חלקם כקנס, וחלקם הארי -כפיצוי לנפגע העבירה.",train
מדוע נקבע כי עבירות ריבוי נישואין מחייבות ענישה מאחורי סורג ובריח?,"עוד נקבע, כי עבירות מסוג זה אינן סובלות ענישה, שלא תהיה מאחורי סורג ובריח, וכך נפסק גם במקרים, בהם הוכחו לפני בית המשפט נסיבות חריגות ביותר.",train
מהן השיקולים שעל בית המשפט לקחת בחשבון בקביעת הענישה עבור הנאשמת?,"אשר לקביעת הענישה במסגרת המתחם האמור, על בית המשפט לשקול עברה של הנאשמת; נסיבותיה האישיות; הפרוגנוזה של גורמי ההערכה בענינה.",train
כיצד משפיעה תקופת הזמן על גובה העונש שניתן לנאשם?,"לסופו של דבר, אכן נותן הנאשם את הדין בחלוף תקופה ניכרת ולכך – תינתן השפעה במסגרת המתחם שנקבע לעיל, כך שחלף ענישה על הצד הבינוני של המתחם – יועמד עונשו של הנאשם על הצד הנמוך של המתחם, אם גם לא ברף הנמוך ממש.",train
מהי הסיבה לקביעת מתחם ענישה אחד לכל העבירות בכתב האישום?,"בשל פרק הזמן בו נעברו העבירות, סמיכות האירועים זה לזה, והדמיון בין העבירות, מוצא בית המשפט להיעתר לעמדת ההגנה, ולקבוע מתחם ענישה אחד, בגין כלל אירועי כתב האישום.",train
מהו הקשר בין הרצדיביזם לבין הפעלת המאסרים המותנים במקרה זה?,הרצדיביזם בהתנהגות האלימה מצדיק הפעלת המאסרים המותנים במצטבר זה לזה וכן במצטבר לעונש שיוטל.,train
מהו הרף שנקבע לעונש על פי מכלול הנסיבות?,"מכלול הנסיבות מצביע, אם כן, על ענישה ברף הבינוני של מתחם הענישה.",train
מדוע החזקת נשק שלא כדין עלולה לפגוע בשלטון החוק?,"בנוסף, החזקת נשק כאמור עלולה להביא לפגיעה בשלטון החוק ובנושאי שלטון החוק, המבצעים את תפקידם.",train
מהו הגיבוי שעל בית המשפט לתת לשוטרים המותקפים בעת ביצוע תפקידם?,"שלומם הגופני והאישי ושלום חייהם של שוטרים אינו הפקר, ועל בית המשפט ליתן להם הגיבוי המתאים כאשר מותקפים בעת ביצוע תפקידם.",train
מהו ההסבר לכך שחילוקי דעות אינם יכולים להוות אמתלה למעשים פליליים?,"חילוקי דעות, חריפים ככל שיהיו, אינם יכולים לשמש אמתלה לפריקת כל עול ולמעשים פליליים.",train
מהי מידת הפגיעה של העבירות בערכים המוגנים וכיצד זה משפיע על מעמד המשטרה?,מידת פגיעתן של העבירות דנן בערכים המוגנים הינה גבוהה וזאת נוכח חלקה הבלעדי בעבירות; קריאת תיגר על מערכת אכיפת החוק; ערעור מעמד המשטרה כגוף חוקר אשר שומר על הסדר הציבורי ובטחון הציבור מפני עבריינים; ואף פגיעות גופניות בשוטר ובסוהרת.,train
מהו הרף המומלץ למתחם הענישה במקרה זה?,"ראוי להעמיד המתחם, במקרה מסוים זה, ברף גבוה מעט יותר.",train
אילו גורמים מצביעים על כך שמטרת החזקת הסמים הייתה להפצה?,"אופן החזקת הסמים; כמות הסמים; המגוון הרחב של הסמים; אופן חלוקת הסמים; וכן ראיות שהובאו לפני בית המשפט, המלמדות על מעורבות עמוקה בעולם הסמים, לרבות בתחום הסחר בסמים מסוכנים – מצביעים על כך, שמטרת החזקתם היתה, בין היתר, להפצה.",train
מהם שני השיקולים המרכזיים שיש לקחת בחשבון במקרה של הרשעה?,"האחת, טיבו של מעשה העבירה שביצע הנאשם והשנייה שיקולי השיקום המיוחדים הנטענים בענינו ומידת השלכתה של ההרשעה לענינם.",train
כיצד החזקת נשק ללא פיקוח מוסדר עלולה להוביל לסיכון בשימוש בו?,"עצם החזקת נשק בעל פוטנציאל קטילה מבלי שיש עליו ועל בעליו פיקוח מוסדר של הרשויות טומן בחובו סיכון, באשר המחזיק בו נתון תמיד לחשש שיתפתה לעשות בו שימוש, ולו ברגעי לחץ ופחד.",train
מהן הסיבות שהובילו את בית המשפט לקבוע מתחם ענישה של 14 עד 28 חודשי מאסר?,"לאור התעוזה; התכנון שקדם למעשים; הנזק שנגרם למתלונן בשל גניבת הרכב; פוטנציאל הנזק מהמעשים; והפגיעה המשמעותית בערכים המוגנים, מוצא בית המשפט לקבוע מתחם ענישה הנע בין 14 ועד 28 חודשי מאסר בפועל.",train
מהו האינטרס הציבורי בהנחיית מחזיקי נשק בלתי חוקי למסור את הנשק לרשויות?,"קיים אינטרס ציבורי משמעותי, לעודד מחזיקי נשק בלתי חוקי, למסרו לרשויות ולפיכך – מוצא בית המשפט לקבוע מתחם ענישה מיוחד למצב זה, שלא יהיה דומה למתחם הקבוע בפסיקה במצב השכיח יותר, בו נתפס הנשק בעקבות פעילות אכיפה של רשויות החוק, ואף לא יחול, במקרים בהם נאסף מידע מוקדם על החזקת כלי הנשק.",train
כיצד גניבת בקר משפיעה כלכלית על בעלי הבקר ועל הענף כולו?,"היא גורמת לנזק כלכלי לא רק לבעליו של הבקר הגנוב, אלא לכל מי שעוסק בענף זה, ושנאלץ להשקיע משאבים יקרים בניסיון למנוע מפורעי חוק לשים לאל את מה שלעיתים הוא מפעל חיים.",train
כיצד משפיעה האכיפה של האיסור על ניהול חיי משפחה פוליגמיים על מודעות הנאשם לעבירה?,"הלכה זו תואמת את מצב הדברים במקרה דנן, שכן, מחד – היתה אכיפה מסוימת של האיסור על ניהול חיי משפחה פוליגמיים, במחוזות שונים בארץ, ולא ניתן לומר, כי אדם סביר אינו מודע לאיסור זה, במרקם החיים החברתיים הנוהג היום.",train
כיצד השפיעו השינויים בחיי הנאשם על ההליך המשפטי בעניינו?,"במקרה דנן, המדובר בנאשם שעבר שינויים משמעותיים, במספר מישורים בחייו, עד כדי שניתן לומר, כי הנאשם העומד היום לדין אינו אותו אדם, שהסתבך בעבירה.",train
מדוע סבור בית המשפט כי מתחם הענישה של התביעה מקל עם הנאשם?,"בית המשפט סבור, כי מתחם הענישה אליו עתרה התביעה מקל עם הנאשם, לאור חומרת העבירות, התחכום וריבוי העבירות.",train
מדוע יש לקחת בחשבון את העונש שנגזר על אביו של הנאשם 2?,"ברם, בנוגע לנאשם זה, אין לגזור את עונשו בהתעלם מהעונש שנגזר על אביו, הנאשם הנוסף בפרשה.",train
מהי הסיבה להטלת מאסרים מותנים מרתיעים על הנאשם במקרה של אלימות כלפי בני משפחה?,"לצורך הרתעת הנאשם לעתיד, פן יהין לנהוג שוב באלימות בכלל ובאלימות כלפי בן משפחה בפרט, יושתו מאסרים מותנים מרתיעים והתחייבות להימנע מעבירה.",train
מהו הכשל הערכי הבסיסי שמצביעות עליו העבירות שעבר הנאשם?,"העבירות שעבר הנאשם חמורות, ומצביעות על כשל ערכי בסיסי ומושרש.",train
מהו המשמעות המשפטית של פסיקת הפיצוי להורים בהליך זה?,אבל בפסיקת הפיצוי בהליך דנן יש משום הכרה בסבל שנגרם להם.,train
מהו המסר המשפטי בנוגע לפתרון סכסוכים בכוח הזרוע?,"בית משפט זה עמד לא אחת על הצורך בהרתעה מפני עבירות אלימות שנועדו ""לפתור סכסוכים"" בכוח הזרוע.",train
"כיצד משפיע הניסיון להסליק שני מכשירי רט""ן על טענת הנאשמת 1?","העובדה כי נערך נסיון להסליק ולהחדיר שני מכשירי רט""ן שונים – שוללת טענת הנאשמת 1, כי מטרת העבירה היתה לאפשר לאחיה לשוחח עמה בלבד.",train
מהו השיקול הממשי הנוגע להליך טיפולי של הנאשם?,"מידת הפנמתו של הנאשם את חומרת המעשים שביצע וכן הליך טיפולי שעבר, אף הם מהווים שיקול ממשי.",train
מהן הנסיבות שהובילו למסקנה כי הנאשם לא עבר עבירה של שימוש ברכב ללא רשות?,"אשר לעבירה, שענינה שימוש ברכב ללא רשות – בנסיבותיו של מקרה זה, לא נעברה העבירה על רקע עברייני, אין אינדיקציה לכוונת שלילה, מלאה או חלקית, של הבעלות ברכב, והנאשם אף החזיר אותו לאותו המקום ממנו נטל אותו.",train
אילו גורמים יש לשקול בעת קביעת העונש לנאשם?,על בית המשפט לשקול את עברו של הנאשם; נסיבותיו האישיות והפרוגנוזה של גורמי ההערכה לגביו בעת קביעת העונש.,train
מדוע יש להרתיע מפני עבירת החזקת נשק גם ללא ראיות לפעילות שלילית?,"בשל פוטנציאל ההרס הטמון בכלי נשק, הכולל גם אפשרות לפגיעה עיוורת באנשים מן הישוב, מתפקידו של בית המשפט להרתיע אף מפני עבירת החזקת נשק שלא כדין.",train
מהו העונש המוסף המומלץ כדי להרתיע את הנאשם מעבירות דומות בעתיד?,"זאת, כמובן, בתוספת מאסר מותנה מרתיע, לבל יהין הנאשם לעבור שוב עבירות דומות.",train
כיצד משפיעה היותו של הנאשם עברין מין סדרתי על סיכוייו להתקבל לעבודה?,"לנוכח נתוניו של הנאשם, שאובחן כעברין מין סדרתי, אשר מבצע עבירות כלפי קרבנות מזדמנים, כולל אפילו עוברי דרך – ניתן להבין עמדת המעסיקים המסרבים לקבלו לעבודה.",train
מהו ההבדל בין הענישה על גניבת רחוב לבין גניבה של כספי ציבור?,"נוצר לפרקים יחס בלתי הולם בין הענישה המוטלת על עבריין הנאשם בפריצה וגניבת רחוב, לבין ענישה הנגזרת על נאשם רב מעללים, הגוזל מיליונים מכספי ציבור תוך הפרה עמוקה של חובות נאמנות ומוסר בסיסיים.",train
כיצד יש לקחת בחשבון את הסיכון לשלום הציבור על ידי מחזיקי נשק שלא כדין?,"ודוק: הסיכון שנשקף לשלום הציבור צריך להילקח בחשבון על ידי כל מי שמחזיק בידו נשק שלא כדין, גם אם אינו מחזיק בו למטרת ביצוען של עבירות אחרות.",train
מדוע החליט בית המשפט להשית התחייבות על הנאשמים?,"עוד מוצא בית המשפט, להשית התחייבות, שיהיה בה כדי להרתיע הנאשנים מפני מעשים דומים.",train
"מהו המשקל שיש לייחס לכמות השתילים ולשלב בו נתפסה המעבדה, גם כאשר הכמות נמוכה?","רבות דובר בפסיקה, על כך, שגם אם נתפסה כמות נמוכה של סם, הרי שיש לייחס משקל גם לכמות השתילים ולשלב בו נתפסה המעבדה.",train
מה קובע בית המשפט לגבי עונש הנאשם ביחס למתחם הענישה בנסיבותיו?,"בית המשפט מקבל את עתירת התביעה – להשית על הנאשם עונש בשליש התחתון של מתחם הענישה ויצוין, כי בנסיבותיו של נאשם זה – המדובר בעתירה מקלה.",train
מהו האינטרס הציבורי בהשוואה לאינטרס האישי של המבקש בהפרעה לשוטר?,"בנוגע לכך, כבר נפסק בתיקים שענינם, בין היתר, עבירה של הפרעה לשוטר בשעת מילוי תפקידו, כי  האינטרס האישי של המבקש נסוג מפני האינטרס הציבורי.",train
מהי עמדת בית המשפט לגבי קביעת סכום פיצוי גבוה יחסית?,"שעה שבית משפט – כבמקרה דנן – מתקרב בקביעתו לסכום זה, אין בכך דופי, שהרי לא בכדי קבע המחוקק את אשר קבע, וכדברי השופט ד' חשין בע""פ 10213/05 פלוני נ' מדינת ישראל ""נזק כללי, וסבל בכלל זה, אין מוכיחים שיעורו, והוא עניין להערכתו של בית המשפט"".",train
מדוע חשוב להטיל עונשים משמעותיים על נוקטים באלימות?,"תפקידו של בית המשפט במאבק הוא הטלת עונשים מרתיעים ומשמעותיים על הנוקטים באלימות לפתרון סכסוכים, על מנת להעביר מסר, הן לעבריין האינדיווידואלי, והן לעבריינים הפוטנציאלים ולחברה כולה, כי אין החברה טולרנטית להתנהגויות מעין אלה.",train
מהו תפקידו של בית המשפט במאבק באלימות בחברה?,"תפקידו של בית המשפט במאבק הוא הטלת עונשים מרתיעים ומשמעותיים על הנוקטים באלימות לפתרון סכסוכים, על מנת להעביר מסר, הן לעבריין האינדיווידואלי, והן לעבריינים הפוטנציאלים ולחברה כולה, כי אין החברה טולרנטית להתנהגויות מעין אלה (ההדגשה אינה במקור).",train
מהו השיקול המרכזי שעל בית המשפט לקחת בחשבון בעת גזר הדין?,"על בית המשפט לשוות לנגד עיניו את ענינו של נפגע העבירה, וכן לקחת בחשבון הצורך להרתיע עבריינים מפגיעה בחיי אדם ובשלמות גופו של אדם בכלל, על מנת לשמור על בטחון הציבור.",train
מהן ההשלכות החברתיות והכלכליות של עבירות סמים על שלום הציבור ובריאותו?,"לעבירות אלה השלכות – הן מבחינת שלום הציבור ובריאותו, והן השלכות כלכליות, תוך גלגול כספים לא מדווחים, בהיקף גדול, אשר, בסופו של דבר, מגיעים למימון פשיעה, הימורים ושאר תופעות שליליות הפוגעות בכלכלת המדינה ובחברה.",train
מהי עוגמת הנפש הנגרמת מעבירות גרימת נזק לרכב בהשוואה לעבירות אחרות?,"עוגמת הנפש הרבה הכרוכה בעבירות אלה, שהיא הרבה מעבר לעבירות אחרות של פריצה לכלי רכב או גניבה מתוכם, וכן התקופה בה נמנע מבעלי הרכב לעשות בו שימוש – מן הדין שתקבל אף היא ביטוי בענישה.",train
כיצד השפיע השימוש ברכב על הצורך בפסילת רישיון נהיגה במקרה זה?,"השימוש ברכב על מנת להוביל את הבקר הגנוב והממירים הקטליטיים הגנובים ואף למלט את עצמו ואת חברי הכנופיה מזירות הגניבות, לפחות בארבעת האישומים הראשונים, מחייב פסילת רישיון נהיגה לצורך הפחתת הסיכון.",train
מהו הכיוון הכללי של הענישה כאשר השיקולים לקולה ולחומרה מתאזנים?,"שילובם של השיקולים לקולה ולחומרה מטים הכף - לכיוון ענישה בחלק הנמוך של המתחם, אך לא על הצד הנמוך ממש.",train
מהו המשקל של חלוף הזמן במקרה זה בהתחשב בהתנהלות ההגנה והסכמות הצדדים?,"לחלוף פרק זמן ניכר מאז האירועים אין משקל רב במקרה דנן, בשל התנהלות ההגנה והסכמות הצדדים לביטול טענת חלוף הזמן.",train
מהי ההשפעה של חומרת הסיכון על הענישה בעבירות החזקת נשק?,"בשורה של פסקי דין נקבע, כי חומרת הסיכון הנשקף מעבירות אלה, מחייבת השתת עונשי מאסר בפועל בגין עבירות אלה וזאת גם כאשר המדובר, לכאורה, במי שמנהל אורח חיים נורמטיבי ואין לחובתו הרשעות קודמות.",train
כיצד משפיע פוטנציאל גילוי העבירה על גובה העיצום הכספי?,"שכן, גובה העיצום הכספי מן הדין שיבוא ביחס הפוך לפוטנציאל גילוי העבירה.",train
מהי הסיבה לחריגה מהעונש המינימלי במקרה זה?,"הפרוגנוזה השיקומית, במקרה דנן – היא גם הסיבה לחריגה מהעונש המינימלי.",train
מהן השיקולים שיש לקחת בחשבון בקביעת הענישה הספציפית במסגרת המתחם?,"אשר לקביעת הענישה הספציפית במסגרת המתחם – לצורך כך יש לקחת בחשבון את מידת התחכום והמורכבות בעבירות; רמת ההתארגנות העברינית לצורך העבירה, לרבות השאלה, האם פעל הנאשם בצוותא עם אחרים; הלוגיסטיקה; הנזקים שנגרמו, לרבות שווי הרכוש שנגנב, לרבות נזק שאינו ממוני; האם הוחזר הרכוש; עברו הפלילי של הנאשם ונסיבותיו האישיות.",train
מהי הסיבה להטלת מאסר מותנה על הנאשם?,"כמובן, מוצא בית המשפט להטיל מאסר מותנה, לבל ישוב הנאשם לעסוק בתחום הסמים.",train
מהי המגמה שהוביל בית המשפט בהחמרת הענישה בגין עבירות החזקת נשק?,"בשורה של גזרי דין, שניתנו בבית משפט זה בשנים האחרונות, הוביל בית המשפט זה מגמה של החמרת הענישה בגין עבירות אלה וזאת כמענה להתפשטות התופעה הקשה, שהגיעה עד כדי מכת מדינה.",train
מהי החשיבות של עונש הקנס בעבירות כלכליות שנגרמו נזק כלכלי לאדם או לציבור?,"בעבירות כלכליות יש חשיבות מיוחדת לעונש הקנס, ובהתאם לעבירות שגרמו נזק כלכלי לאדם או לציבור.",train
אילו שיקולים נלקחו בחשבון בעת קביעת העונש הנמוך לנאשם?,"לאחר שבית המשפט בחן את מכלול השיקולים במקרה דנן, מוצא, כי לנוכח גילו של הנאשם; היעדר הרשעות קודמות; הודאתו בעובדות כתב האישום בהזדמנות ראשונה – יושת על הנאשם עונש מאסר בפועל על הצד הנמוך של מתחם הענישה.",train
מהי ההערכה לגבי העונשים שנגזרו על המערערים בבית המשפט קמא?,"קבעה, כי ""העונשים אשר נגזרו על המערערים בבית המשפט קמא, לכשעצמם, אינם חמורים כלל ועיקר, ונוכח חומרת המעשים, אכן היה מקום לשקול החמרה בענישה"".",train
כיצד גישה מחמירה בענישה על עבירות התפרצות לבתים תורמת לביטחון הציבור?,"בית משפט זה חזר והזהיר והתריע פעמים רבות, כי תינקט גישה מחמירה בענישה על עבירות רכוש בכלל ועל עבירות ההתפרצות לבתים בפרט, גישה אשר תציב הגנה משמעותית ויעילה יותר לביטחונם של אזרחים תמימים, ואשר תעניק את המשקל הראוי גם למחיר הנפשי והצער שמוסבים להם בשל החדירה לפרטיותם.",train
כיצד תורמת נפיצותן של עבירות אלימות במשפחה להחמרת הענישה בעבירות אלו?,"נפיצותן של עבירות אלה והצורך להגן על קורבנות האלימות שהם על פי רוב חסרי ישע, תורמים אף הם להחמרה הנדרשת בענישה בעבירות אלה.",train
כיצד מתאר בית המשפט את התנהגות המערערים כלפי השוטרים?,"מעשיהם של המערערים, שכללו איומים ותקיפה של שוטרים הממלאים תפקיד ציבורי על פי דין, הינם בבחינת התנהגות פלילית חמורה ושלוחת כל רסן אשר קוראת תיגר על אושיות שלטון החוק תוך התעלמות מופגנת מנורמות ההתנהגות הראויות שיש להקפיד עליהן.",train
מהו המסר הציבורי הנלווה להחלטות בית המשפט במקרים של עבירות מרמה?,כאשר המדובר במעשים כאלה של מרמה – מבחינת המסר הציבורי הנלווה להחלטותיו של בית המשפט - אין מקום להורות על ביטול הרשעה.,train
מדוע לא ניתן לאמץ גישה סלחנית במקרה זה?,נסיבות העבירה אינן מאפשרות גישה סלחנית המצדיקה הימנעות מהרשעה.,train
כיצד תשפיע הודאת הנאשם על גזר הדין?,"לזכות הנאשם, תילקח הודאתו באשמה ונטילת האחריות מצדו, הגם שזו הגיעה לאחר שנשמעה עדות המתלוננת.",train
מהו השיקול שהנחה את בית המשפט במיקום עונשו של הנאשם ברף התחתון של מתחם הענישה?,"בשקלול הנסיבות, מוצא בית המשפט למקם עונשו של הנאשם ברף התחתון של מתחם הענישה.",train
מהו המשמעות הסטטוטורית של נהיגה ללא רישיון?,"ברי, כי נהיגה בלי רישיון משמעה הסטטוטורי נהיגה ללא כישורי נהיגה, וממילא סיכון הזולת.",train
מהו הדמיון בין המקרה הנוכחי לפרשת שניידרמן בנוגע לאינטרס הציבורי?,"בדומה לפרשת שניידרמן שהובאה לעיל – מוצא בית המשפט, כי זהו אחד המקרים יוצאי הדופן, בהם לא יפגע האינטרס הציבורי ממתן הזדמנות שיקום לנאשם והוא אף מתלכד עם שיקומו של הנאשם.",train
מהן ההשלכות החברתיות של עבירות ריבוי נישואין על כבוד האשה ושוויון בין המינים?,"מעבר  לפגיעה בכבוד האשה ובאפשרות לקדם השוויון בין המינים – מהוות עבירות אלה, כר פורה לתופעות רבות של עוני; ניצול; עבריינות; ואם לא תטופל תופעה זו – עלול הדבר להסיג אחור מצבן של משפחות רבות, חלף קידום שילובן במסגרת החברה המודרנית.",train
מהו האיזון בין עונש מאסר לבין שמירה על קשר עם שוק העבודה?,"עונש לתקופה כזאת, שלא יהיה בה כדי לנתק הנאשם כליל משוק העבודה אך מנגד – יהיה בגדר רכיב ענישה בפועל, שכן, המלצת שירות המבחן אינה כוללת רכיב ענישה כלשהו בעולם המעשה.",train
כיצד נמדדת חרטה בעיני בית המשפט?,בית המשפט מוצא לייחס לכך משקל משמעותי שכן חרטה – נמדדת במישור המעשה ולא בהצהרות ריקות.,train
"מהי המדיניות המשפטית המומלצת כלפי עבירות מסוג זה, כפי שנפסק בפסיקה?","כבר נפסק לא פעם, כי על מערכת החוק לגלות מדיניות של ""אפס סובלנות"" כלפי עבירות מסוג זה, ולהשית ענשים מרתיעים, במישור המעשה.",train
מדוע עבירת קשירת קשר לפשע נבלעת במתחם הענישה של עבירות הפריצה והגניבה?,"אשר לעבירת קשירת קשר לפשע  נבלעת היא במתחם הענישה שנקבע בנוגע לעבירות שענינן הפריצה לכלי הרכב והגניבה מהם, וזאת היות שהמדובר בעבירה שהיא בבחינת מעשה הכנה לעבירות המוגמרות.",train
מהו השיקול המשפטי שמסביר מדוע לא נחשב הנאשם לבוגר למרות הגעתו לגיל הבגרות?,"זאת, היות שהסביבה החברתית, דרכי החשיבה וההסתגלות לחיים בגירים נותרים בעינם גם אם התלמיד הגיע לגיל בגירות, כל עוד לא התקדם לשלב הבא בחייו, כגון שירות צבאי, לימודים או עבודה.",train
"מדוע יש לנקוט ביד מחמירה כלפי מעורבים בעבירות נשק, גם בהיעדר עבר פלילי?","מציאות קשה זו מחייבת לנקוט ביד מחמירה כלפי מעורבים בעבירות נשק, אף אם הם נעדרי עבר פלילי.",train
מהי המוטיבציה שהביאה להמלצת שירות המבחן להשית עונש משמעותי על הנאשמים?,"מי מהם הביא מוטיבציה להשתלב בהליך טיפולי והמלצת שירות המבחן למבוגרים – באופן חריג יחסית – להשית עונש שיהווה ""מסר מוחשי"" שיחדד את חומרת מעשיהם.",train
"מהי הגישה הנכונה לגבי הענישה בעבירות של החזקת ציוד רט""ן?",יש מקום להכביד בענישה בגין עבירות אלו – וגישה זו מקובלת עלי לחלוטין.,train
מדוע יש צורך בתקופת ביניים לאכיפת עבירות ריבוי נישואין במחוז הדרום?,"דין הקביעה כי עבירות אלה לא נאכפו, במחוז הדרום, למשך כשבעה עשורים, מאז קום מדינת ישראל מצדיק את הצורך בתקופת ביניים זו.",train
"כיצד תתבצע ההקלה לה יזכה הנאשם במקרה זה, ומהם רכיבי הענישה הנלווים?","ההקלה לה יזכה נאשם זה, לפנים משורת הדין, לתוך חריגה לקולה מהמתחמים שנקבעו בפסיקה, מתוך אותן נימוקים שפורטו לעיל – תאוזן תוך הטלת רכיבי ענישה נוספים, כולל עיצומים כספיים; פסילת רישיון נהיגה; חילוט הרכב – הכל כפי שיפורט להלן.",train
מהו הכלל המשפטי לגבי הרשעת הנאשם לעומת ביטול הרשעה?,"הפסיקה חוזרת ומדגישה, כי הכלל הוא הרשעת הנאשם בדין, בעוד שביטול הרשעה הוא בבחינת ""החריג שבחריג"".",train
מהי הערכת שירות המבחן בנוגע להפחתת הסיכון לחזרה על התנהגות פורצת גבולות של הנאשם?,"להערכת שירות המבחן, יהיה בכך כדי להפחית את הסיכון לחזרה על התנהגות פורצת גבולות, כאשר יצוין, כי ממילא, לאחר שהנאשם סיים את עבודתו בארגון – המסוכנות הנשקפת ממנו נמוכה, היות שפגיעתו במתלוננות התאפשרה, בהתאם לאמור בכתב האישום, מעצם מעמדו הרם והסמכויות הנרחבות שהיו נתונות בידיו.",train
מהו הצורך להחמיר בענישה בעקבות הגשת כתבי אישום רבים בעבירות דומות?,"מאז שניתנה הפסיקה שהובאה לעיל, הוגשו כתבי אישום רבים נוספים בגדי עבירות דומות, כך שקם צורך של ממש להחמיר בענישה ולהרתיע העבריינים הפוטנציאליים.",train
אילו שיקולים יש לקחת בחשבון בעת קביעת הענישה במסגרת המתחם?,"אשר לקביעת הענישה במסגרת המתחם, על בית המשפט להביא, במסגרת שיקוליו, את מידת החומרה של האיום; מידת התעוזה והאנטי-סוציאליות בהתנהגותו של הנאשם; עברו הפלילי של הנאשם; נסיבותיו האישיות; מידת הפגיעה בקרבן העבירה במקרה הקונקרטי.",train
מהי החזקה שבעובדה הנובעת מכמות הסמים הגדולה שנתפסה?,"התשובה היא, שנוכח כמות הסמים הגדולה שנתפסה, קמה ועולה חזקה שבעובדה, שמקורה בשכל הישר ובנסיון החיים, כי החזקת הסם, לא נעשתה לידי שמיים ולא לצרכי צדקה, אלא לצורך הפקת רווח, ומכאן, שיש לראות את הנידון, כמי שהיה אמור להפיק רווח מביצוע העבירה.",train
מהו ההיבט הנוסף של פגיעת הנאשם מעבר לקניין של האורח?,"מעבר לפגיעה בקנינו של אד -, כניסה לחדרו במלון פוגעת גם בפרטיותו של האורח ובתחושת הבטחון האישית שלו.",train
מהי הסיבה לקבלת עתירת התביעה להשית עיצומים כספיים על הנאשמים?,"בהתאם לפסיקה שהוצגה, רואה בית המשפט לקבל עתירת התביעה, אשר במקרה זה אף משתלבת עם הצעת ההגנה - להשית על כל אחד מהנאשמים עיצומים כספיים משמעותיים.",train
כיצד מתייחס בית המשפט לנזקים שנגרמו לשוטרים בהקשר לחיוב הנאשמים בפיצוי?,"כחלק מרכיבי הענישה – מוצא בית המשפט חשיבות לחייב הנאשמים בפיצוי, תוך שבית המשפט לוקח בחשבון, כי הנזקים שנגרמו – מיוחסים לכלל הנאשמים.",train
מדוע שיקום אינו מהווה עילה להקל בעונש?,"כבר נאמר, לא פעם, כי שיקום איננו בגדר מילת קסם, אשר תצדיק סטיה לקולה ממתחם הענישה, בכל מקרה.",train
כיצד משפיע האיום על חופש הביטוי והערכים המוגנים של הפרט?,"האיום הוא אפוא ביטוי שהמשפט מטיל עליו מגבלות תוך פגיעה בחופש הביטוי, וזאת כדי להגן על ערכים אחרים ובהם שלוות נפשו, ביטחונו וחירות פעולתו של הפרט.",train
מדוע יש לתת משנה תוקף לאינטרסים של גמול והרתעה במקרה של עבירות פליליות?,"נכון הוא אומנם כי אין בכך כדי ""להוציא"" את נסיבותיו האישיות של הנאשם הקונקרטי מן המשוואה ואולם דורש הדבר מתן משנה תוקף לאותם אינטרסים של גמול ושל הרתעה, הן של העבריין עצמו והן של עבריינים בכוח.",train
כיצד השפיעו הרשעותיו הקודמות של הנאשם על גובה העונש המומלץ?,"נוכח הרשעותיו הקודמות של הנאשם, ראוי היה למקם עונשו על הצד הבינוני – גבוה שבמתחם.",train
כיצד משרתת ההחמרה בענישה את מטרות הגמול וההרתעה בעבירות סמים?,"ההחמרה בענישה בגין עבירות סמים משרתת את מטרות הגמול וההרתעה, שהן היעדים העיקריים של הענישה בתחום הסמים.",train
מהו העיקרון המשפטי שנוגע לנסיבות האישיות של העברין בעבירות סמים?,"לענין זה נפסק, לא פעם, כי כאשר המדובר בעבירות מסוג זה – נדחות הנסיבות האישיות של העברין מפני צרכי השיקום.",train
מהי הסיבה לכך שממונה על עבודות השירות לא מצא מקום לשיבוץ הנאשם בעבודות שירות?,"ממונה על עבודות השירות לא מצא מקום לשיבוצו של הנאשם לריצוי מאסר בדרך של עבודות שירות, ולאור המפורט בחוות דעתו, אין לומר, כי הונחה על ידי שיקולים, שאינם סבירים.",train
מהן הנסיבות שהובילו להקלה בענישה עבור הנאשם?,"מאידך, אין עדות להתארגנות מתוחכמת באופן מיוחד או לשימוש בכלי פריצה מיוחדים; לנאשם אין עבר פלילי; הנאשם הודה וחסך זמן שיפוטי  כל אלה מהוות נסיבות לצורך הקלה בענישה במסגרת המתחם.",train
מהו רצון המחוקק במקרים של פגיעה באינטרס הביטחוני מול חירות התנועה?,המחוקק הביע מפורשות את רצונו להעדיף במקרים אלה את האינטרס הביטחוני על חירות התנועה של הפרט.,train
מהן הנסיבות האישיות שצריך לקחת בחשבון בעת קביעת העונש לנאשמת 1?,"יש לקחת בחשבון את נסיבות חייה; התקופה בה שהתה במעצר ובתנאים מגבילים; התרשמות שירות המבחן מהיותה גורם משני ולא אקטיבי בפרשה, כפי המפורט בתסקיר; וכן מצבה הבריאותי.",train
מהו הקשר בין רטוריקה מרתיעה לבין הענישה בעבירות אלימות במשפחה?,"באופן דומה, וכחלק מהצורך במלחמה בתופעה זו, החמירה אף הפסיקה את רף הענישה: ""לא די ברטוריקה מרתיעה המוקיעה את עבירות האלימות במשפחה, ויש לגבות את האמירות החשובות שבפסקי הדין בענישה הולמת"".",train
מהי המשמעות של התעוזה במעשי הנאשם ביחס למוראו מהחוק?,"התעוזה במעשיו של הנאשם, אשר, הלכה למעשה, מאיים בחיסולו של איש משטרה, לאחר שכבר נחשפו מעשיו – מלמדת על היעדר כל מורא מהחוק ומאוכפיו, ומעמידה בספק, בלשון המעטה, את טענות הנאשם בשירות המבחן בדבר ה""כבוד"" שרוחש לרשויות החוק.",train
"מהי מטרת ההחמרה בענישה בעבירות סמים, כפי שנקבע בפסיקה?","ההחמרה בענישה בגין עבירות סמים משרתת את מטרות הגמול וההרתעה, שהן היעדים העיקריים של הענישה בתחום הסמים.",train
מהו העיקרון המנחה בהפעלת עונש המאסר המותנה במקרה זה?,"בנסיבות אלה – אין מקום להקלה נוספת עם הנאשם וזו הפעם - יופעל עונש המאסר המותנה בהתאם לדרך המלך שקבע המחוקק – ראו סעיף 58 לחוק העונשין, תשל""ז – 1977, קרי: במצטבר לעונש שיוטל.",train
מהו הצורך במדיניות של ענישה מרתיעה במקרה זה?,אך במקרה זה הוא נסוג מפני האינטרס הציבורי והצורך לנקוט במדיניות של ענישה מרתיעה.,train
כיצד משפיעה הודאת הנאשם על עונשו במסגרת מתחמי הענישה?,"במכלול השיקולים, מוצא בית המשפט למקם את עונשו של הנאשם בתחתית של כל אחד ממתחמי הענישה, אך לאור הודאת הנאשם באשמה, תינתן לו הקלה מסוימת, כך שהעונשים שיוטלו בגין כל אחד מהאישומים, יהיו בחופף זה לזה.",train
מהו העיקרון המשפטי המוביל לענישה מחמירה במקרה של זדון על רכוש?,"הרוצה ליהנות בזדון מעמל הזולת ולשלוח יד ברכוש שלא הוא צבר, ראוי לענישה מחמירה...",train
מהו המצב החברתי שאינו יכול להשלים עם פורעי חוק הפוגעים בקניין הציבור?,"חברה מתוקנת אינה יכולה להשלים עם מצב בו פורעי חוק יהפכו את קניין הציבור להפקר ויפגעו בתחושת הביטחון של הציבור, ובוודאי לא יכולה להשלים עם מצב בו אותם פורעי חוק נוקטים באלימות כלפי גורמי אכיפת החוק.",train
כיצד משרתת החמרה בענישה את מטרות הגמול וההרתעה בעבירות סמים?,"ההחמרה בענישה בגין עבירות סמים משרתת את מטרות הגמול וההרתעה, שהן היעדים העיקריים של הענישה בתחום הסמים.",train
מהו האינטרס הציבורי שגובר במקרה זה על האינטרס השיקומי של העבריין?,במקרה זה הוא נסוג מפני האינטרס הציבורי והצורך לנקוט במדיניות של ענישה מרתיעה.,train
כיצד משפיעה תרומתו של הנאשם למדינה על שיקול הדעת של בית המשפט?,"ביום פקודה, על בית המשפט ליקח בחשבון גם את תרומתו הארוכה של הנאשם למדינת ולחברה, כבן למשפחה, שקשרה את גורלה עם המדינה, דור שלישי לשירות בצה""ל ובכוחות הבטחון, בהתנדבות, כאשר הנאשם נטל חלק בפעולות צבאיות משמעותיות.",train
מהי עמדת מערכת המשפט לגבי הענישה בעבירות סמים במאבק בהתפשטות נגע הסמים?,"במסגרת המאבק החברה בהתפשטות נגע הסמים – על מערכת המשפט להוקיע עבירות מסוג זה – תוך הטלת עונשים מחמירים, על אלו הבוחרים לעסוק בסמים.",train
אילו שיקולים על בית המשפט לשקול בעת קביעת מתחם העונש?,"בבואו של בית המשפט לקבוע את מתחם העונש ההולם, עליו לשקול, בין היתר, את מדיניות הענישה הנוהגת, אך שיקול זה – כמובן אינו היחיד.",train
מהי הסיבה שבית המשפט החליט לחרוג ממתחם הענישה הרגיל במקרה זה?,"בית המשפט התרשם, כי הנאשם עורך מאמצים לשקם את חייו ומוצא, זו הפעם, לחרוג ממתחם הענישה ההולם מטעמי שיקום הנאשם.",train
מהן הסיבות שהצדיקו את ההטלת עיצום כספי משמעותי במקרה זה?,"עצם העבירות; התשומות שהושקעו בחקירתן המורכבת של העבירות במקרה דנן (כולל הצורך בחוות דעת מומחים); וכן העובדה, כי בסופו של דבר, כוונו העבירות לצורך הסמכת הנאשם במעמד גבוה יותר כאח בעל תואר אקדמי (כך מסר לשירות המבחן), ומכאן גם 	7 לקבלת שכר גבוה יותר, הכל על חשבון הקופה הציבורית 	7 מצדיקות, ואף מחייבות, השתת עיצום כספי משמעותי.",train
מהי הסיבה לפסילת רישיון הנהיגה של הנאשם לתקופה משמעותית?,"האדישות שהפגין הנאשם במעשיו, כלפי שלום הציבור הנמצא במקום ובטחונו, מחייבת פסילת רישיון נהיגה, ולתקופה משמעותית.",train
מהו המבחן להחלת מאסר על תנאי בעבירה מאוחרת?,"מבחן ההחלת מאסר על תנאי ביחס לעבירה מאוחרת הינו ענייני-מהותי, כאשר מטרתו העונשית של המאסר על תנאי הוא להרתיע את הנאשם מלשוב ולנהוג בהתנהגות דומה לזו שנהג בעבר כאשר ביצע את העבירה בגינה הושת עליו עונש המאסר על התנאי.",train
מדוע הוחלט לחרוג לקולה מהמתחם בעניינו של הנאשם?,"עם זאת, הענישה היא לעולם אינדיבידואלית, כשמקרה דנן, המדובר בנאשם, שהוצגו בעניינו נסיבות אישיות חריגות ביותר, המצדיקות חריגה לקולה מהמתחם.",train
מהו הכשל הערכי שהוצג בהתנהגות הנאשם ביחס לעברו הפלילי?,"התנהגותו של הנאשם ביחד עם עברו הפלילי ועם אופן התנהלותו אל מול שירות המבחן, מלמדים על כשל ערכי ועל תפישות אנטי חברתיות ברף גבוה.",train
מדוע הנאשם אינו זכאי להקלה בעונש לעומת מי שהודה במעשיו?,"בנסיבות אלה, הנאשם אינו זכאי להקלה, לה זכאי מי שהודה ונטל אחריות על מעשיו.",train
מהו השיקול המרכזי שהוביל לנסיגה מהאינטרס השיקומי במקרה זה?,אך במקרה זה הוא נסוג מפני האינטרס הציבורי והצורך לנקוט במדיניות של ענישה מרתיעה.,train
מדוע יש לראות בביצוע העבירות כלפי אנשי אכיפת החוק משנה חומרה?,"משנה חומרה יש לראות בביצוע העבירות האמורות כלפי אנשי אכיפת החוק אגב התפרעויות רבות משתתפים; שכן באירועים אלו מתווסף גורם של התרסה נגד שלטון החוק ומרות המדינה, מוגבר החשש מהסלמת האלימות עד כדי סיכון בפגיעות בגוף או בנפש, וגורמי אכיפת החוק נתקלים בקושי של ממש בהשלטת הסדר הציבורי.",train
מהי הסיבה להחמרה בעונשו של הנאשם 2 ביחס לעונש האב?,"מטעמים אלה, ראוי להחמיר עם נאשם זה, מעבר לענישה שננקטה כלפי אביו – הנאשם 1.",train
מהו הנזק החברתי שיכול להיגרם כתוצאה מעבירות ריבוי נישואין?,"מעבר לפגיעה בכבוד האשה ובאפשרות לקדם השוויון בין המינים 	6 מהוות עבירות אלה, כר פורה לתופעות רבות של עוני; ניצול; עבריינות; ואם לא תטופל תופעה זו 	6 עלול הדבר להסיג אחור מצבן של משפחות רבות, חלף קידום שילובן במסגרת החברה המודרנית.",train
מהו העונש שהוטל על הנאשם במסגרת מתחם הענישה בעבירות סמים?,"במכלול הנסיבות, מוצא בית המשפט לקבל עתירת התביעה להטיל על הנאשם עונש מאסר בפועל במסגרת מתחם הענישה; עונש מאסר מותנה; קנס משמעותי; פסילת רשיון נהיגה בפועל, כמתבקש בעבירות בתחום הסמים המסוכנים.",train
מהו המשמעות של רצף הרשעות תעבורתיות רבות על עונש הנאשם?,"גם רצף הרשעותיו התעבורתיות, שהן מרובות מאוד ביחס לתקופה הקצרה בה מחזיק ברשיון נהיגה, מצביעות על זלזול רבתי בחוק וכן בשלומו ובחייו של ציבור המשתמשים בדרך.",train
כיצד העונשים המוטלים על נאשמים משקפים את סלידת החברה מהמעשים המבחילים?,העונשים שבית המשפט גוזר על נאשמים צריכים לשקף את סלידתה של החברה מהמעשים המבחילים ולהרתיע כאמור עבריינים פוטנצייאלים אחרים.,train
כיצד ישפיע האיזון בין השיקולים על הענישה בעבירה זו?,"האיזון בין השיקולים השונים יביא להטלת ענישה שלא תהיה על הרף הנמוך של המתחם ממש, אלא תכלול רכיב של עונש מאסר בפועל, לריצוי בדרך של עבודות שירות, ולו גם לתקופה קצרה.",train
מדוע יש לגזור את דינו של הנאשם בהתאם למתחם הענישה שנקבע לעבירת הסתננות?,"משבחרה התביעה הכללית, משיקוליה, להעמידו לדין בגין עבירת הסתננות מצויה, בניגוד לסעיף 2 לחוק למניעת הסתננות (עבירות ושיפוט), תשי""ד – 1954, ולא העבירה בניגוד לסעיף 4 לאותה פקודה – הרי שומה על בית המשפט לגזור דינו של הנאשם בהתאם למתחם הענישה שנקבע בפסיקה לאותה עבירה.",train
מהי המשמעות המשפטית של השימוש באלימות במשפחה בהקשר לציפיות חברתיות וצדק אנושי?,הפרתה של ציפייה זו הופכת את השימוש באלימות במשפחה לתופעה העומדת בניגוד עמוק לחוש הצדק האנושי.,train
מדוע חשוב לקיים קשר רציונאלי בין אמצעי הענישה לסוג העבירה והנזק שנגרם?,"יש לחתור לקיומו של קשר רציונאלי בין אמצעי הענישה לבין סוג העבירה, הנזק שנגרם והאפקט על העבריין.",train
מהי עמדת בית המשפט לגבי מאסר צופה פני עתיד בעבירות אלימות במשפחה?,"עוד רואה בית המשפט להשית על הנאשם מאסר צופה פני עתיד, לתקופה ארוכה יותר כאשר המדובר על עבירות אלימות במשפחה או עבירות אלימות שבוצעו תחת השפעת אלכוהול, סמים או חמרים משני תודעה.",train
מהי ההבנה המשפטית לגבי השפעת ההשתלבות בהליך טיפולי על הענישה?,"וכפי שנקבע, לא פעם, השתלבות בהליך טיפולי איננה בגדר ""מילת קסם"", אשר תצדיק, בכל עת, סטיה ממתחם הענישה.",train
מהו המצב המשפטי של הנאשמים בנוגע להרשעות נוספות?,"חרף המפורט בתסקירים בנוגע להסתבכויות נוספות – לא הוצגו הרשעות נוספות בנוגע למי מהנאשמים ומכאן – שבית המשפט יראה בהם, כמי שנותנים הדין בפעם הראשונה על מעשיהם.",train
מהי החשיבות של הרתעת הציבור מפני עבירות סמים במאבק בתופעה זו?,"על בית המשפט להרתיע היחיד והרבים מפני עבירות הסמים, ולהילחם בתופעה הקשה של נגע הסמים, הצוברת תאוצה בשנים האחרונות.",train
מהו התנאי להחלת החריג של אי הרשעה בעבירות מסוימות?,"החריג של אי הרשעה לא ייבחן כלל אלא משמדובר בעבירות שטיבן הינו+ כזה המאפשר, בהתקיים הנסיבות האישיות המיוחדות ,הימנעות מהרשעה.",train
מהי הסיבה לכך שבית המשפט מקבל את טענת התביעה לגבי הצורך בתכנון מוקדם במקרה זה?,"במקרה דנן, מקבל בית המשפט טענת התביעה, כי המדובר באופרציה המצריכה תכנון מוקדם.",train
מהי הסיבה להארכת המאסרים המותנים במקרה של הנאשם?,"מלכתחילה, הארכתם של המאסרים המותנים שתי פעמים – היתה במסגרת ""החריג שבחריג"" ונתאפשרה אך לאור הוראות סעיף 85 לחוק העונשין, תשל""ז – 1977, לאחר שהנאשם סיים טיפול גמילה מסמים מסוכנים.",train
מהו השיקול המרכזי המוביל להחמרת הענישה במקרה זה?,"לאור כל האמור, דין נסיבותיו האישיות של המבקש לסגת מפני חומרת מעשיו ומפני האינטרס הציבורי המחייב ענישה מחמירה במקרים כגון דא.",train
מהו ספק בית המשפט לגבי הענישה שהוצגה לעיונו בעבירה זו?,"ספק אם הענישה שהוצגה לעיוני מביאה בחשבון, בצורה מספקת, את הערכים המוגנים המשמעותיים העומדים ביסוד עבירה זו ואת העובדה כי המחוקק מצא לקצוב לה עונש מרבי זהה לעונש המרבי הצמוד לעבירת הגניבה ""הרגילה"" – בה נוהגת רמת ענישה שונה.",train
מהן ההשלכות החברתיות והכלכליות של עבירות סחר בסמים מסוכנים?,"לעבירות אלה השלכות  הן מבחינת שלום הציבור ובריאותו, והן השלכות כלכליות, תוך גלגול כספים לא מדווחים, בהיקף גדול, אשר, בסופו של דבר, מגיעים למימון פשיעה, הימורים ושאר תופעות שליליות הפוגעות בכלכלת המדינה ובחברה.",train
מהן הנסיבות שהובילו לכך שלא ניתן היה לסטות ממתחם הענישה במקרה זה?,"במקרה דנן – לא נמצאו נסיבות מיוחדות, המצדיקות סטיה ממתחם הענישה.",train
מהו הרף המומלץ לענישה לפי מכלול השיקולים במקרה הנדון?,מכלול השיקולים מצביע על ענישה ברף התחתון של מתחם הענישה.,train
מהי העמדה המשפטית של בית המשפט לגבי עבירות הפגיעה באנשי המרות?,"אשר לעבירות, שענינן הפגיעה באנשי המרות, כפי המפורט בכתב האישום – כבר נפסק, לא פעם, כי על בית המשפט להציב חומת ברזל אל מול עובריהן.",train
כיצד המחוקק ביקש להחמיר בעונש עבור גניבת בקר בהשוואה לגניבה רגילה?,"ראינו כי המחוקק ביקש להחמיר בעונשם של גנבי בקר ומקנה מעבר לגניבה ה""רגילה"", וגניבה זו היתה לעבירת פשע.",train
מהו הצורך בענישה משמעותית בעבירות המיועדות להרתיע את עובריהן?,"עבירות אלה מחייבות ענישה משמעותית, בעולם המעשה, על מנת להרתיע את עובריהן ולהפוך אותן ללא כדאיות.",train
מה מעיד על התחכום והמניפולטיביות בהתנהגות הנאשם כלפי הקטין הנפגע?,"האופן בו הודח הקטין הנפגע שלא למסור תלונה על שאירע במקרה דנן, תוך קנית שתיקתו  ב""נזיד עדשים"",  בדמות חולצה, מכנס והגדרתו כלקוח מועדף במועדון  מעידה על התחכום והמניפולטיביות בהתנהגותו של הנאשם, המכיר היטב, מתוקף תפקידו, את עולם התוכן של בני הנוער המבלים במועדון וכיצד ניתן לרכוש את לבם.",train
מהו השיקול המרכזי בקביעת גובה הפיצוי לנפגע העבירה?,"נוסף לכך, יש להשית על הנאשם עיצומים כספיים, חלקם – כקנס וחלקם – כפיצוי לנפגע העבירה, כאשר במסגרת קביעת גובה הפיצוי יש לקחת בחשבון, בין היתר, גם הנזק הבלתי ממוני שנגרם לנפגע העבירה, לרבות הפגיעה בתחושת הביטחון האישי ובפרטיותו.",train
מדוע יש להגן על שוטרי משטרת ישראל מפני פגיעות בעבודתם?,"שוטרי משטרת ישראל, כמו אנשי שאר זרועות הביטחון, עושים לילות כימים למען שמירה על ביטחון הציבור, ועל כן מחויבים אנו לעשות ככל שניתן על מנת להגן עליהם מפני מי שמנסים להלך עליהם אימים ולפגוע בעבודתם החשובה, אשר נעשית למען כלל הציבור ולהבטחת ביטחונו האישי.",train
מהו העונש המותנה שהוטל על הנאשם כדי למנוע ממנו לעבור עבירות דומות בעתיד?,"זאת, כמובן, בתוספת מאסר מותנה מרתיע, לבל יהין הנאשם לעבור שוב עבירות דומות.",train
מדוע החליט בית המשפט להטיל עיצום כספי משמעותי על הנאשם?,"לנוכח כך, שהעבירה נעברה, כאמור, על מנת להשיג רווח כספי קל  אין בית המשפט מוצא מנוס מהשתת עיצום כספי משמעותי.",train
אילו פגיעות נגרמות מהעבירות החמורות שביצע המבקש?,"העבירות שביצע המבקש הינן עבירות חמורות, אשר, כפי שציין בית-משפט השלום, פוגעות פגיעה קשה הן בזכויות המתלוננים והן בכלל הציבור.",train
"מהו המצב המשפטי הנוגע לעבירות אלימות כנגד בנות זוג, כפי שנראה בפסיקות בתי המשפט?","עבירות האלימות ככלל, וכנגד בנות זוג בפרט, הפכו זה מכבר לרעה חולה, אשר בתי המשפט מצווים להיאבק בה.",train
אילו גורמים יש לקחת בחשבון בקביעת הענישה הספציפית בתוך המתחם?,"בקביעת הענישה הספציפית בתוך המתחם, על בית המשפט לשקול, בין היתר, את עברו של הנאשם, נסיבותיו האישיות, והפרוגנוזה של גורמי ההערכה בענינו.",train
מהו פוטנציאל הנזק שנגרם כתוצאה מהעבירה?,פוטנציאל הנזק כתוצאה מהעבירה שעבר הנאשם היה עלול להיות אף חמור יותר.,train
מהו העיקרון המשפטי המאפשר קביעת פיצוי גבוה יחסית למרות יכולת כלכלית נמוכה של הנאשם?,"מן האמור עולה, כי אין פסול בקביעת פיצוי גבוה יחסית (ובענייננו לא הגיע לא למירב שבחוק ולא קרב לסכומי הגזילה), אף מקום שהיכולת הכלכלית אינה גבוהה.",train
כיצד נישואין פוליגמיים עשויים להוביל לתופעות של אלימות והתעללות?,"התופעה של נישואין פוליגמיים הופכת כר פורה לתופעות של אלימות ואף התעללות, שכן אותה אשה נוספת היא לא פעם חסרת מעמד ומתגוררת, במקומות בהן אין נגישות לשירותים חברתיים.",train
מהי ההשפעה של היעדר רכוש משמעותי על זכאות הנאשמים?,"העובדה, כי על עובר האורח בו בחרו כיעד לתקיפה לא נמצא רכוש משמעותי – אינה יכולה לבוא לזכות הנאשמים.",train
מהו הסיבה לסיווג אסירים ביטחוניים כסוג נפרד במערכת המשפטית?,הסיווג של אסירים ביטחוניים כסוג בפני עצמו נובע מן הסכנה המיוחדת הטמונה באסירים אלה.,train
מהו המסר שראוי לשלוח למי שמנסים לפגוע בעבודת אוכפי החוק?,ראוי לשלוח מסר חד וברור למנסים לפגוע בעבודתם של אוכפי החוק - כי עבריינותם תיענה בענישה מחמירה ומרתיעה.,train
כיצד משפיעות הפגיעות על גובה הפיצוי המומלץ למתלוננים?,"פגיעות אלה מצדיקות השתת פיצוי משמעותי, שיהיה בו כדי לבטא את הכיעור הנלווה לעבירות, בנסיבותיהן, ולהיטיב, ולו במידת מה, את הנזק שנגרם למתלוננים.",train
מהו הצורך המשפטי בהחמרה בענישה בעבירות אחזקת נשק שלא כדין?,"הצורך בהחמרה בענישה בעבירות מסוג זה, אשר, בגזר דין שניתן לאחרונה (ת.פ. 52337-07-18 מדינת ישראל נ' אבו מוסא, ניתן ביום 27.06.19), אף הוכרו כ""מכת אזור"" – הוא ברור ואף מתבקש.",train
מדוע נחשב סם קנאביס לחומר ממכר עם פוטנציאל לנזקים חברתיים?,"על אף רוחות שונות הנושבות בתחום זה, גם סם מסוכן מסוג קנביס, הוא חומר ממכר, ששימוש מתמשך בו עלול לגרום נזקים לא קלים בתחום התובנה, תפישת המציאות ובייחוד בתחום התפקודי והתעסוקתי, ומכאן גם – נזקים חברתיים.",train
מהו השיקול בקביעת גובה הפיצוי לנפגעת העבירה?,"עוד רואה בית המשפט להשית על הנאשם עיצומים כספיים, חלקם – כקנס והחלק הארי – כפיצוי לנפגעת העבירה, כאשר במסגרת קביעת גובה הפיצוי יש לקחת בחשבון, בין היתר, הצורך לאפשר לנפגעת העבירה לרכוש מחשב נייד חדש והן תיקון הנזקים שנגרמו עם פריצת חלון ההזזה בסלון.",train
מהי התכלית החברתית והמוסרית ביסוד דיני העונשין ביחס לקטינים?,"התכלית החברתית והמוסרית ביסוד דיני העונשין היא להגן על הערכים שהחברה מבקשת להגן עליהם, ובראש ובראשונה על שלומם של הקטינים, חסרי הישע, על שלמות גופם ונפשם.",train
כיצד מחויב בית המשפט להתמודד עם העדר תחושת הביטחון בציבור בעונש לעבריינים?,"בית המשפט מחויב ליתן מענה להעדר תחושת הביטחון בציבור ולנקוט ביד קשה עם עבריינים מסוג זה, תוך גזירת עונשים מרתיעים, שיהיה בהם כדי להרתיע את הנאשם עצמו וגם אחרים, מלחדור לביתם – מבצרם של אחרים ולהתעשר על חשבון זיעת אפם.",train
כיצד משפיעה התנהלות הנאשם על בחינת חומרת העונש?,"התנהלותו של הנאשם, לרבות מאפייני אישיותו כפי שהוערכו על ידי הגורם המקצועי, ישפיעו על בחינת חומרת העונש.",train
מהן הסיבות לנקיטת צעדים משמעותיים נגד הקמת משפחות פוליגמיות?,"מכלול התופעות השליליות הקשות, הנובעות מעבירה זו, מצדיקות נקיטת צעדים משמעותיים, במישור המעשה ולא במישור הרטורי בלבד, נגד מי אשר בוחרים להקים משפחה פוליגמית.",train
מהו הרף המומלץ לעונש הנאשם לפי שקלול הגורמים?,"בשקלול הגורמים, ראוי להעמיד עונשו של הנאשם ברף הבינוני של מתחם הענישה.",train
מדוע נחשבות הנסיבות האישיות של הנאשם כנסיבות נסוגות במקרה זה?,"במכלול הנסיבות נסוגות אחור נסיבותיו האישיות, לרבות גילו הצעיר, ומערכת המשפט מחויבת במתן תגובה הולמת למעשים.",train
כיצד השפיע מצבו האישי והבריאותי של הנאשם על החלטת בית המשפט בעניינו?,"בית המשפט האזין בקשב רב לטענות הצדדים ולדברו האחרון של הנאשם, אך במקרה דנן, חרף מצבו האישי והבריאותי של הנאשם, המדובר במי שלא התמיד בהליך הטיפולי, ושירות המבחן נמנע מהמלצה שיקומית או טיפולית בענינו.",train
מהו הסיכון הציבורי הנובע מאחזקת נשק ותחמושת על ידי מי שאינו מוסמך לכך?,"אחזקת נשק ותחמושת על ידי מי שלא נבדק, לא נמצא מתאים ולא הוכשר לכך, בתנאים שאינם מבטיחים בידודו של הנשק מהסביבה (כיום מי שמחזיק נשק ברשיון נדרש לאחסנו בכספת מאובטחת, מאחורי שני מנעולים), עלולה להביא לסיכון שלום הציבור, גם אם אין ראיות שהוחזק לצורך פעילות שלילית, כמפורט לעיל.",train
מהו העונש שהוטל על הנאשם כדי להמחיש את מחיר מעשיו?,"לאור כל האמור, מוצא בית המשפט להשית על הנאשם עונש מאסר בין כתלי בית האסורים, שיהיה בו כדי להמחיש את מחיר מעשיו.",train
מהו הכשל הערכי שמצביע עליו המעשה של הנאשם ביחסו לזולת?,"המעשה מצביע על כשל ערכי חמור ביחסו של הנאשם לזולת, לכבודו, לחייו ולשלמות גופו.",train
מהן הסיבות שהובילו למיקום עונשו של הנאשם ברף העליון של מתחמי הענישה?,"לנוכח הסדרתיות במעשים; התמשכותם; העדר חרטה – במישור המעשה, שתבוא לידי ביטוי בהשבת חלק משמעותי מהכספים, שנלקחו שלא כדין, ולו כספי הקרן (ללא הנזקים הנלווים), כשהנאשם הפר התחייבותו לעשות כן, התחייבות שסוכמה בין הצדדים והובאה לפני בית המשפט - ראוי היה למקם עונשו של הנאשם ברף העליון של כל אחד ממתחמי הענישה, כאשר כל עונש ירוצה במצטבר.",train
מהן הדרישות לשיקולי שיקום בהקשר של עבירות פליליות?,"שיקולי שיקום מחייבים, ראש וראשית, קיומה של בעיה, כגון התמכרות או מצוקה חריגה, ממנה מבקש הנאשם להשתקם; וכן הצגתה של תכנית טיפולית מתאימה, שגובשה על ידי גורמי ההערכה המקצועיים.",train
מדוע השימוש באלימות במשפחה נחשב לתופעה המנוגדת לחוש הצדק האנושי?,הפרתה של ציפייה זו הופכת את השימוש באלימות במשפחה לתופעה העומדת בניגוד עמוק לחוש הצדק האנושי.,train
כיצד השפיעה מצוקה כלכלית על עתירת התביעה לקנס במקרה זה?,"לשיקול זה השפעה מסוימת בנוגע לעתירת התביעה לקנס, וזאת בהתאם להוראות סעיף 40ח' לחוק העונשין, תשל""ז 1977, אך כאמור גם לצורך לכך לא הרימה ההגנה הנטל הנדרש להוכיח מצוקה כלכלית חריגה, מעבר לעצם הפתיחה בהליך האמור.",train
מהו הכיוון הכללי לענישה שנמצא במכלול הנתונים במקרה זה?,"מכלול הנתונים מצביע, אם כן, לכיוון ענישה בחלקו התחתון של מתחם הענישה, אך לא ברף התחתון ממש.",train
מדוע לעיתים עבירות כלכליות זוכות ליחס מקל בבתי המשפט למרות נזקן הרב?,"לעתים דווקא מעשי עבירה כאלה זוכים בבתי-המשפט ליחס מקל ופשרני אף שנזקם לכלל, למשק ולכלכלה ולאמון שהציבור רוחש למערכות המשק והשלטון, הוא רב ביותר.",train
מהו העיקרון המנחה בענישת נאשם על פי מהות העבירה?,"אכן, ענישתו של נאשם היא אינדיבידואלית ועל ביהמ""ש לבחון עניינו של כל נאשם ונאשם בלי לקבוע את עונשו אך ורק על סמך מהות העבירה.",train
מדוע לא ימהר בית המשפט לקבוע פיצוי לשוטר המותקף בעת מילוי תפקידו?,"על דרך הכלל, לא ימהר בית המשפט לקבוע פיצוי לשוטר המותקף בעת מילוי תפקידו, היות שהמדובר בסיכון מקצועי, שהשוטר מבוטח לגביו במסגרת תנאי שירותו.",train
מהו השיקול המרכזי שישקול בית המשפט בענישה בעבירות החזקת נשק?,"בבוא בית המשפט לשקול את הענישה בעבירות מסוג זה, עליו לתת משקל נכבד יותר לאינטרס הציבורי ולצורך להרתיע עבריינים בכוח מלבצע עבירות דומות, על פני הנסיבות האישיות של העבריין.",train
מה מעיד על זלזול הנאשם ברכוש הזולת ובחיי אדם?,התנהגות הנאשם מלמדת על זלזול בוטה ברכוש הזולת; בגורמי אכיפת החוק; אדישות מוחלטת לחיי אדם ולביטחון הציבור; והיעדר כל מורא מהחוק ומנציגיו.,train
"מהו הכלל שנקבע בפסיקה לגבי הרשעת נאשמים בעבירות, ומהם התנאים לסטייה ממנו?","בדין, נקבע בפסיקה, לא פעם, כי הכלל הינו, שמי שעבר עבירה יורשע בגינה, וסטיה מהכלל תתאפשר במצב שהוא בבחינת ""החריג שבחריג"", בהינתן שני תבחינים עיקריים: האחד – האם מעשה העבירה מאפשר, מבחינת המסר הערכי שיועבר לציבור, ביטול הרשעת הנאשם בדין.",train
מהי תרומתו של בית המשפט למלחמה באלימות בחברה?,"""חברתנו הפכה להיות חברה אלימה, ותרומתו של בית-המשפט למלחמה באלימות היא בהטלת עונשים ראויים"" (ע""פ 5753/04 מדינת ישראל נ' רייכמן ([פורסם בנבו], 7.2.2005)), שישקפו ערכים של תגמול והרתעה.",train
מהי הפגיעה הקניינית שנגרמה בעקבות מעשי הנאשם?,"שיקולי חומרה נוספים מעבר למקרים שהובאו לעיל, היתה פגיעה קניינית אמיתית – הן בזכויותיו של השותף לבעלות במשאית, והן בזכויות חברת ""שפיר הנדסה"" בעלת מערבל הבון – פגיעה שלא הוטבה עד כה, כשגורמים אלה עומדים, נכון להיום, בפני שוקת שבורה, באין יכולת להיפרע על נזקיהם.",train
מהי ההקלה שניתנת לנאשם בהתחשב בהודאתו ובנסיבות שהוצגו על ידי ההגנה?,"ברם, לאור הודאת הנאשם באשמה; נטילת האחריות מצדו; ובהתחשב בנסיבות שפורטו על ידי ההגנה, לרבות במוצג שהוגש מטעמה, תינתן לו הקלה מסוימת, כאשר העונש ימוקם על הצד הבינוני, או הבינוני - גבוה, של כל אחד ממתחמי הענישה.",train
מהי החשיבות של הערך הענישתי בעבירות סמים בפסיקות בתי המשפט?,"מזה זמן רב, מדגישים בתי המשפט בפסיקתם את חשיבות הערך הענישתי בעבירות סמים כאחד הכלים החשובים בפעילות לביעורו של נגע הסמים.",train
כיצד משפיעה הודאת הנאשם והחזרת סכומים על חפיפת העונשים?,"עם זאת, לאור הודאת באשמה, והעובדה שהשיב ולו חלק מסוים מהסכום שגזל מלקוחותיו, תיערך חפיפה חלקית בין העונשים, שתבוא לידי ביטוי בעונש אחד, שיוטל על הנאשם.",train
מהו הממצא המשפטי שמצביע על הענישה ברף התחתון של מתחם הענישה במקרה זה?,מכלול הנסיבות מצביע על ענישה ברף התחתון של מתחם הענישה.,train
מדוע יש להטיל עונש מאסר משמעותי על עבירות סחר בסמים מסוכנים?,"בשל הנזק החברתי רב העוצמה, שגורמת עבירה של סחר בסם מסוכן שלא לצריכה עצמית, זוהי עבירה שככלל ראוי שכל המבצע אותה יישא בעונש מאסר בפועל משמעותי וממושך מאחורי סורג ובריח.",train
מהו הגיבוי המשפטי שעל בית המשפט להעניק לשוטרים המותקפים בעת ביצוע תפקידם?,"שלומם הגופני והאישי ושלום חייהם של השוטרים אינו הפקר, ועל בית המשפט ליתן להם הגיבוי המתאים כאשר מותקפים בעת ביצוע תפקידם.",train
מהי מטרת צו הפיקוח וכיצד היא קשורה להפרת הצו במקרה זה?,"מטרת צו הפיקוח הינה להגן על הציבור מפני עבירות מין, ואין להקל ראש בחומרה של הפרת הצו, אשר עלולה להוביל לפגיעה בציבור, ובמקרה דנן – בקטינים, ובנוסף, יש בעבירה זו פגיעה בערכים המוגנים של קיום צווים שיפוטיים; שלטון החוק; הסדר הציבורי.",train
מהו המצב המשפטי שנוגע לזלזול בערך של שלום האדם ושלמות גופו במעשיה של הנאשמת?,"העבירות שעברה הנאשמת חמורות, ומעשיה מצביעים על זלזול בערך של שלום האדם ושלמות גופו, ועל היעדר כל מורא מהחוק ומנציגיו.",train
מהו המתחם שנקבע לעונש בגין עבירות גידול סם מסוכן?,"לנוכח הגידול  הממשי בתפוצתן של עבירות אלה, המתבטא בהגשת כתבי אישום דומים בתדירות גבוהה, מצא בית המשפט לקבוע, במספר גזרי דין אחרונים, החמרה מסוימת במסגרת המתחם, כך שיעמוד בין 20 – 40 חודשי מאסר בפועל.",train
כיצד מתייחס בית המשפט למכת מדינה הנוגעת לעבירות רכוש?,"בית המשפט אינו רשאי להישאר אדיש לכך שמדובר במכת מדינה, כאשר כתבי אישום דומים מוגשים חדשות לבקרים.",train
מהו השיקול המרכזי שצריך להילקח בחשבון בהחמרת הענישה בעבירה זו?,"אכן, גם אנו מוצאים כי יש מקום לשקול החמרה בענישה בגין עבירה זו, זאת הן ביחס למתחם והן ביחס לענישה במסגרת המתחם, אשר בה יהיה כדי לתת משקל רב יותר לשיקול הרתעת הרבים.",train
מהי ההקלה המגיעה לנאשם בעקבות הודאתו באשמה?,הנאשם אף הודה באשמה ובשל כך – זכאי להקלה מסוימת.,train
מה על בית המשפט לקחת בחשבון בעת קביעת הענישה כדי לשמור על בטחון הציבור?,"על בית המשפט לשוות לנגד עיניו את ענינו של נפגע העבירה, וכן לקחת בחשבון הצורך להרתיע עבריינים מפגיעה בחיי אדם ובשלמות גופו של אדם בכלל, על מנת לשמור על בטחון הציבור.",train
מהי חשיבות הערך הענישתי בעבירות סמים לפי פסיקות בתי המשפט?,"מזה זמן רב, מדגישים בתי המשפט בפסיקתם את חשיבות הערך הענישתי בעבירות סמים כאחד הכלים החשובים בפעילות לביעורו של נגע הסמים.",train
מהן הנסיבות המיוחדות שיכולות להביא להקלה במתחם העונש במקרה של ריבוי נישואין?,"נסיבות מיוחדות, אשר מנעו קיום חיי נישואין בפועל עם האשה הראשונה, באופן הגובל בהגנה המנויה בסעיף 180 לחוק העונשין, תשל""ז – 1977, גם אם אינן בעצמה כזו, שתביא להקמתה המלאה של ההגנה המנויה בסעיף זה – יכול שתבאנה להקלה במסגרת המתחם.",train
מהי המשמעות של הפרוגנוזה שהוצגה על ידי שירות המבחן למבוגרים בהקשר לנטילת אחריות של הנאשם?,פרוגנוזה מטעם גורם ההערכה המקצועי – שירות המבחן למבוגרים – זו מלמדת על נסיון של ממש להפחית מחומרת מעשיו ובוודאי על אי נטילת אחריות מלאה.,train
מהי ההגנה שעל בית המשפט לספק לאנשי כוחות השיטור והבטחון?,"על בית המשפט לתת ההגנה הראויה לאנשי כוחות השיטור והבטחון, על מנת שיוכלו להמשיך לבצע את תפקידם נאמנה.",train
כיצד משפיעה הודאת הנאשם על קביעת העונש בעניינו?,"לזכות הנאשם תילקח הודאתו באשמה, שהיה בה כדי לחסוך זמן שיפוטי ואף ללמד על נטילת אחריות מצדו.",train
מה השפעת הנזקים שנגרמו לנפגע העבירה על החלטת בית המשפט לגבי פיצוי?,"נוכח הנזקים הקשים והמתמשכים שנגרמו לנפגע העבירה, הן במישור הגופני והן במישור הנפשי וכן לנוכח ההשפלה שנלוותה לפגיעה האלימה, באופן בו התקימה ולמצבו של נפגע העבירה לאחר מכן – מוצא בית המשפט לקבל עתירת התביעה ולחייב הנאשם בפיצוי משמעותי לנפגע העבירה.",train
כיצד משפיע יום הפקודה על קביעת העונש של הנאשם במסגרת מתחם הענישה?,"ביום פקודה, על בית משפט ליתן משקל לענין זה ולפיכך, על אף שראוי היה להעמיד את עונשו על צד גבוה יותר במסגרת מתחם הענישה, יועמד העונש על הרף הבינוני  הנמוך של המתחם.",train
מהן הנסיבות שהובילו לקביעת מתחם הענישה בין 16 ל-32 חודשי מאסר בפועל?,"בנסיבות האמורות, לאור התעוזה; התכנון שקדם למעשים; הנזק שנגרם למתלוננים בשל הפריצה לרכביהם, גניבת הרכב של המתלונן באישום הראשון; נסיון גניבת הרכב של המתלונן באישום השני, בחלוף זמן כה קצר; פוטנציאל הנזק מהמעשים; והפגיעה המשמעותית בערכים המוגנים, מוצא בית המשפט לקבוע מתחם ענישה הנע בין 16 ועד 32 חודשי מאסר בפועל.",train
כיצד משפיעים מעשי העבירה על האפשרות להימנע מהרשעה במקרה זה?,על כן די בעצם טיבם ועוצמתם של מעשי העבירה דנן למנוע הבאתם בגדרי החריג הנדיר של הימנעות מהרשעה.,train
כיצד משפיעה העדר הרשעות קודמות על מיקום עונשו של הנאשם במתחם הענישה?,"במכלול השיקולים, הגם שלא נטל הנאשם אחריות כלשהי למעשיו, הרי בהעדר הרשעות קודמות, ימוקם עונשו בסמוך לתחתית המתחם, אך לא בתחתית ממש.",train
מדוע נדרש פיצוי לנאשם מעבר להקלת הנפגעים?,"פיצוי זה נדרש לא רק על מנת להקל על נפגעי העבירה, אלא גם כאלמנט חינוכי ושיקומי בעבור הנאשם עצמו, אשר ידע, כי יש מחיר למעשיו.",train
מהו הגיבוי שעל בית המשפט לתת לשוטרים המותקפים בעת ביצוע תפקידם?,"שלומם הגופני והאישי ושלום חייהם של השוטרים אינו הפקר, ועל בית המשפט ליתן להם הגיבוי המתאים כאשר מותקפים בעת ביצוע תפקידם.",train
מהו רף החומרה של העבירה שעבר הנאשם בהקשר לעבירת איומים?,"העבירה שעבר הנאשם – חמורה ביותר וניתן אף לומר, כי ככל שמדובר בעבירת איומים – עומדת היא על רף החומרה הגבוה ביותר בכל הנוגע לנסיבותיה האפשריות של עבירה זו.",train
מהו העונש המקסימלי שיושת על הנאשם כדי להמחיש את חומרת העבירה?,"לצורך איזון הענישה ועל מנת להמחיש את חומרת העבירה, יושת המאסר לתקופה הימרבית האפשרית במסגרת החוק, קרי: מעבר לתקופת המאסר שנתבקשה על ידי התביעה (כאמור, ההגנה עצמה הסכימה לכך בטיעוניה).",train
מהו העיקרון המנחה לגבי החמרת הענישה על עברייני אלימות?,במסגרת זו שומה על בתי המשפט להכביד את הענישה על עבריינים אלו.,train
כיצד יש לראות את ניסיונות העשייה לרווח כספי באמצעות סחר בסמים מסוכנים?,"בית משפט זה שב והדגיש כי על מדיניות הענישה בגין סחר והפצה של סמים מסוכנים, ובכללם סמים הנחשבים כ""סמים קלים"", להיות מרתיעה ומשמעותית, וכי יש לראות בחומרה ניסיונות לעשיית רווח כספי באמצעות סחר בסמים אלה.",train
מהן השיקולים שיש לקחת בחשבון לקביעת הענישה הספציפית במסגרת המתחם?,"לצורך קביעת הענישה הספציפית במסגרת המתחם, יש לקחת בחשבון את אופי ההתארגנות לצורך ביצוע העבירות; מידת הנזק שנגרם; נסיבותיו האישיות של הנאשם לרבות הערכת הגורמים המקצועיים והפרוגנוזה לעתיד.",train
כיצד משפיעות הנסיבות הספציפיות של הנאשם על הענישה במקרה זה?,"ברם, הענישה, בכל מקרה, היא אינדיווידואלית ומתייחסת לנסיבותיו הספציפיות של עושה העבירה.",train
מהו מתחם הענישה שנקבע עבור הנאשם בנסיבותיו המיוחדות?,"בנסיבותיו המיוחדות של נאשם זה, ומבלי שיהיה בכך כדי להשליך על מקרים אחרים, מוצא בית המשפט, להעמיד מתחם הענישה בענינו, כך שינוע בין מאסר על תנאי ועד 8 חודשי מאסר.",train
מדוע לא ניתן להטיל עונש מאסר שלא ירוצה בין כתלי בית האסורים במקרה של נאשם קטין?,"מתחם הענישה, כפי שנקבע, אינו מאפשר הטלת עונש מאסר שלא ירוצה בין כתלי בית האסורים, שכן, בהתאם לקביעת בית המשפט העליון בפרשת פלוני לעיל, אפילו כאשר מדובר היה בנאשם הוא קטין, ללא עבר פלילי, שלגביו היו המלצות שיקומיות מטעם גורמי ההערכה המקצועיים  מצא בית המשפט העליון לקבוע, כי נסיבותיו האישיות נדחות מפני חומרת העבירה, וכי לו היה נשפט בערכאה ראשונה  דעת הרוב היתה גוזרת עליו מאסר בפועל ממש.",train
מדוע יש צורך בהתאמת המשפט לתרבות העבריינית ברשת?,"אלו הסכנות החדשות, והמשפט צריך אפוא להתאים עצמו להתמודד עם תת-התרבות העבריינית של הרשת.",train
מהו ההבדל בעונש בין המסיעים לשוהים בלתי חוקיים לפי פסיקות בית המשפט?,"אלו המסיעים שוהים בלתי חוקיים, פוגעים בערכים המוגנים אף יותר מהשוהה הבלתי חוקי עצמו, והדבר משתקף אף מפסיקות בית המשפט ומהענישה שנקבעה בצד עבירות אלו, שהינה עונש מאסר בפועל, כפול מזה הנקבע לעבירת השהיה הבלתי חוקית, וכאשר המדובר בהסעה של מעל לשלושה שוהים בלתי חוקיים (כמו במקרה דנן) – העונש הוא פי ארבעה.",train
מהו המשקל שיש לתת לנסיונות חד פעמיים להסליק מכשירים בהקשר לענישה?,"נסיונות חד פעמיים להסליק שני מכשירים, בהעדר הרשעה בעבירה נוספת כלשהי, מצביעים על צורך בענישה מנומקת ונבדלת.",train
מהי המשמעות של פרשנות לפיה ניתן להשית עונש נמוך מעונש המינימום על סמך שיקולי שיקום?,"משמעות הפרשנות לפיה תחתית מתחם העונש ההולם לא תהיה נמוכה מעונש המינימום, היא שניתן יהיה להשית עונש נמוך מעונש המינימום דרך שיקולי שיקום, שכן רק בגינם מתיר החוק חריגה ממתחם העונש ההולם לקולה (מכוח סעיף 40ד' לחוק העונשין) ואילו הפרשנות לפיה ניתן להתעלם מעונש המינימום אף מבלי טעמים מיוחדים בעת קביעת תחתית מתחם העונש ההולם, עלולה להביא לכך שיושתו עונשים נמוכים מהעונש המינימאלי ללא הנמקה, כפי שנעשה לטעמי בענייננו.",train
מהו הקריטריון שיש לבחון כאשר מתייחסים להפרת צו הפיקוח והפגיעה בערכים המוגנים?,"בבחינת מידת הפגיעה בערכים המוגנים, יש לבחון, האם להפרת הצו נלוותה עבירה על החוק.",train
מהו המתחם שנקבע על ידי בית המשפט בגין מכלול העבירות שביצע הנאשם?,"בנסיבות האמורות, לאור התעוזה; התכנון שקדם למעשים; הנזק שנגרם למתלוננים בשל גניבת הרכב; שימוש בכרטיסי האשראי של המתלונן 1, ללא הסכמתו, אשר נטלו מרכבו; פוטנציאל הנזק מהמעשים; הפגיעה המשמעותית בערכים המוגנים  מוצא בית המשפט לקבוע מתחם ענישה הנע בין 20 ועד 36 חודשי מאסר בפועל בגין מכלול העבירות.",train
מהו תפקידו של עונש הקנס בהשבת טובת ההנאה לעבריין?,עונש הקנס מכוון לאיין את טובת ההנאה ולהסב הפסד כלכלי לעבריין ובכך להשיב לו כגמולו וכן להרתיעו (וכמוהו גם אחרים) על-ידי הפיכת הפשע ללא כדאי.,train
כיצד פגעו מעשי הנאשם באינטרס הציבורי ובאמון שהושקע בו?,"בעקבות מעשיו של הנאשם פגעו באינטרס הציבורי, לאחר שמדינת ישראל הביעה בו אמון ואף השקיעה משאבים בהבאת הנאשם, כעובד זר, ובשמירה ופיקוח על זכויותיו.",train
כיצד עשויה מהות העבירה להשפיע על שיקולי הענישה והשיקום של הנאשם?,מהות העבירה והצורך בהרתעת הרבים יכולים להטות את הכף ולגבור אף על שיקומו של נאשם.,train
מהו העיקרון שעל בית המשפט להקפיד עליו בעת הטלת ענישה במקרה זה?,"על בית המשפט להטיל ענישה, שיהיה בה כדי להביע סלידת הציבור ממעשי הנאשם.",train
כיצד משפיעות הנסיבות האישיות של המשיב על האינטרס הציבורי במאבק בעבירות סמים?,"אכן, אין ספק כי מדובר במשיב אשר נסיבותיו האישיות מטות את הכף לקולה, אולם לצד נסיבות אלו קיים אינטרס ציבורי שתכליתו להדביר את הפשיעה ככל שזו נוגעת לעבירה של ייצור, הכנה והפקת סם, אשר נאמר עליה לא פעם כי מדובר בעבירה שקלה לביצוע וקשה לאכיפה, בין היתר בשל ריבוי נאשמים נורמטיביים המבצעים אותה.",train
מהן השיקולים שעל בית המשפט לקחת בחשבון בעת קביעת הענישה עבור הנאשמים?,"אשר לקביעת הענישה במסגרת המתחם האמור, על בית המשפט לשקול, את עברם של הנאשמים; נסיבותיהם האישיות והפרוגנוזה של גורמי ההערכה לגביהם.",train
מדוע ראוי להטיל ענישה מחמירה על מי שמעוניין ליהנות מעמל הזולת?,"הרוצה ליהנות בזדון מעמל הזולת ולשלוח יד ברכוש שלא הוא צבר, ראוי לענישה מחמירה...",train
כיצד משפיעה הענישה על האינטרס הציבורי והרתעה במקרה זה?,ענישה אחרת לא תסכון ולא יהיה בה ליתן מענה לאינטרס הציבורי ובייחוד – לשיקול ההרתעה.,train
מהי המטרה המרכזית של הענישה בעבירות סמים לפי הפסיקה?,"הענישה בעבירות מסוג זה נועדה, קודם לכל, לשרת את מטרת הגמול לעבריין על עיסוק בסם העלול לסכן חיי אדם ולפגוע בבריאות המשתמשים בו; שנית, על העונש להעביר מסר חד-משמעי של הרתעה ביחס לעבריינים פוטנציאליים, ולשמש אות אזהרה אפקטיבי לכל מי שמתכוון לקחת חלק במערכת ההעברות והסחר בסמים, תהא אשר תהא הפונקציה אותה הוא ממלא בשרשרת זו של העברת הסם מיד ליד.",train
מהו האינטרס הציבורי שיש לקחת בחשבון בהרתעת נאשמים?,"יש לתת את הדעת, בין היתר, לאינטרס הציבורי שבהרתעת המערער וזולתו מפני הישנותן של עבירות מעין אלה, ולצורך להביע את סלידת החברה מן המעשים (ע""פ 10673/04 פלוני נ' מדינת ישראל).",train
מהו המבחן הנוהג לבחינת האפשרות להימנע מהרשעת הנאשם?,"המבחן הנוהג, כיום, לענין זה, הוא דו ראשי: ראשית, על בית המשפט לבחון, האם טיב העבירה מאפשר הימנעות מהרשעת הנאשם בדין.",train
אילו שיקולים הביאו את בית המשפט לאמץ את מתחם הענישה שביקשה התביעה?,"בנסיבות האמורות לעיל, לנוכח עסקת הסמים שבוצעה; כמות הסמים שהוחזקה; טיב הסמים; אופן החזקתם וחלוקתם; ולאור מידת הפגיעה בערכים המוגנים; מוצא בית המשפט לאמץ את מתחם הענישה אליו עתרה התביעה ולהעמידו כך שינוע בין 12 ועד 24 חודשי מאסר בפועל.",train
מהי הסיבה להחמרת הענישה במקרה זה?,עמקו ועצימות של הכשל הערכי מצדיקים החמרה מסוימת במסגרת מתחם הענישה.,train
כיצד מתבטא הפער בין הענישה בעבירות פגיעה בגוף לבין עבירות כלכליות?,"בית משפט זה עמד לא אחת על הפער הקיים בין ההכרה הברורה כי מעשים של פגיעה בגוף וברכוש הינם עבירות שמתחיבת בגינם ענישה חמורה כדי להרתיע מפני סיכון שלום הציבור ובטחונו, לבין מידת הסלחנות הננקטת לא אחת ביחס לעבירות כלכליות של צווארון לבן, שנזקן לפרט ולציבור הרחב הנו רב ביותר.",train
כיצד משפיעה עבריינות אידיאולוגית על שיקול הענישה?,"כשבשלב הענישה עסקינן, הרי שעבריינות אידיאולוגית נתפסת כנסיבה מחמירה ועולה משקלו של שיקול הרתעת הרבים.",train
מדוע עיקרון אחידות הענישה נחשב למשקל חשוב בשיטת המשפט שלנו?,"ככלל, עיקרון אחידות הענישה הוא בעל משקל חשוב בשיטתנו המשפטית, ודאי כאשר המדובר במעורבים שונים במסגרת אותה פרשה.",train
מהו סוג הפיצוי הנדרש מהנאשם בעקבות מעשיו?,"מעשיו של הנאשם מחייבים גם פיצוי הולם, שיהיה בו משום הכרה בנזקים שגרם הן לנפגע העבירה והן למערכת אכיפת החוק.",train
מהו משך הזמן שבו כשל המערער בעבירותיו?,"זאת ועוד, המערער לא כשל באופן חד-פעמי וחריג, אלא בשורה ארוכה מאד של עבירות אשר נמשכו מספר שנים, וקדמה להן מחשבה ותכנון.",train
מהי הסיבה לכך שהחמרת הענישה בעבירות החזקת נשק נדרשת גם על עבירות ראשונות?,הסכנה הטמונה בעבירה החמורה של החזקת נשק מצדיקה הטלת עונשי מאסר לריצוי בפועל גם על מי שזו עבירתו הראשונה.,train
מהו העונש המירבי שניתן לקבוע לעבירה בנסיבות מחמירות תוך שימוש בנשק קר?,"בנסיבות אלה – ראוי לקבוע מתחם ענישה, שיהיה בו כדי לתת המענה ההולם לעבירה, אשר נעברה בנסיבות מחמירות – תוך שימוש בנשק קר, ועל כן - העונש המירבי בגינה הוא שש שנות מאסר.",train
מהו ההבדל בין מדיניות הענישה הנוהגת למתחם העונש ההולם?,"בהקשר זה יש להדגיש, מדיניות הענישה הנוהגת ומתחם העונש ההולם – אינם זהים.",train
מהו המתחם המומלץ לעונש הנאשם בנסיבות המקרה?,"בנסיבות האמורות, היה מקום לגזור עונשו של הנאשם בחלק הבינוני של מתחם הענישה.",train
כיצד עשויה צריכת חומר תועבה להשפיע על השוק והקטינים?,"בתגובה לצריכת חומר תועבה בדמות פורנוגרפיית קטינים עלולה לעודד את השוק להוסיף ולייצר חומרים כאמור, דבר הכרוך בפגיעה פיזית-מינית בילדים כמפורט לעיל.",train
מדוע לא הושתו עונש של פסילת רישיון נהיגה על הנאשמים?,"משלא עתרה התביעה לפסול רשיון הנהיגה של מי מהנאשמים – לא יושת עליהם רכיב זה במסגרת העונש, חרף כך שהיה מקום להשיתו.",train
מהו המשקל של חוסר נכונות הנאשמים לסייע בתיקון הנזקים על הענישה?,"למעלה מכל, הנאשמים לא הפגינו נכונות לסייע בתיקון הנזקים שנגרמו, עניין המשקף חוסר אחריות ומסר לשלילת הקלה בענישה.",train
מהו השיקול שהוביל להימנע מהטלת קנס על הנאשם?,"לאור נתוני הנאשם, לפנים משורת הדין, לא יושת עיצום כספי מסוג קנס.",train
מדוע מוצא בית המשפט כי ההמלצות אינן עומדות במסגרת מתחם הענישה הנוהג?,"מוצא בית המשפט, אינן עומדות כלל במסגרת מתחם הענישה הנוהג בדין ואף אינן תואמות האינטרס הציבורי והצורך להבטיח את חייהם ואת שלומם של הציבור.",train
מהו מתחם הענישה שנקבע עבור אחזקת נשק אוטומטי?,"לאור כל האמור, מוצא בית המשפט לקבוע מתחם ענישה, בכל הנוגע לאחזקת נשק אוטומטי מסוג רובה סער או תת מקלע – בין שנה ומחצה ועד שלוש שנות מאסר בפועל.",train
מהו השיקול המוביל להימנע מחילוט המכשיר במקרה זה?,"הגם שהדין מאפשר החילוט כאמור – הרי לאור תמהיל הענישה שהוטל על הענישה, הכולל גם עיצום כספי משמעותי – כמו גם לאור כך שאין המדובר בכלי מיוחד לצורך העבירות – לפנים משורת הדין, אין בית המשפט מוצא להורות על חילוט המכשיר והוא יושב לנאשם או למי מטעמו.",train
מהו הכשל הערכי שמצביע עליו הנאשם בעקבות מעשיו והצהרותיו?,"כאשר אדם, המחזיק בתפקיד כזה, פועל תוך חריגה כה קשה מהאמון, שניתן בו ותוך שאינו נמנע מלהצהיר בריש גלי , על כוונותיו הקטלניות כלפי כל גורם המשוחח עמו – הדבר מצביע על כשל ערכי משמעותי ועל העדר מוחלט של שיקול דעת.",train
כיצד נקבע מתחם הענישה בעבירות סמים במדרג הנמוך?,"בנסיבותיו של המקרה דנן, כאשר המדובר בעבירת סמים במדרג הנמוך, יעמיד בית המשפט את מתחם הענישה בגין עבירת הסמים בחופף למתחם שנקבע לעבירות ההתפרצות והגניבה, כך שמתחם הענישה הכולל ינוע בין 6 – 18 חדשי מאסר בפועל, בצירוף ענשים נוספים של מאסר מותנה, קנס, פיצוי לנפגע העבירה, פסילת רשיון נהיגה בפועל ועל תנאי.",train
מדוע יש צורך בענישה משמעותית במקרה זה על פי חומרת העבירות?,"חומרת העבירות, במקרה דנן, מחייבת ענישה משמעותית, במישור המעשה.",train
כיצד ישפיע המצב הכלכלי של הנאשם על הטלת הקנס?,"על בית המשפט להתחשב במצב הכלכלי של הנאשם באשר להטלת הקנס, אך על ההגנה להוכיח את טענותיה בעניין זה.",train
אילו גורמים יש לקחת בחשבון בעת קביעת הענישה הספציפית בתוך מתחם הענישה?,"בקביעת הענישה הספציפית בתוך המתחם, על בית המשפט לשקול, בין היתר, את עברו של הנאשם, נסיבותיו האישיות, והפרוגנוזה של גורמי ההערכה בענינו.",train
מהו העונש המותנה שהוטל על הנאשם כדי למנוע עבירות דומות בעתיד?,"זאת, כמובן, בתוספת מאסר מותנה מרתיע, לבל יהין הנאשם לעבור שוב עבירות דומות.",train
כיצד משפיע גיל הנאשם על קביעת משך המאסר בפועל?,"עם זאת, בקביעת משך המאסר בפועל ינתן משקל לגילו של הנאשם.",train
כיצד משפיעים מעשי העבירה על האפשרות להימנע מהרשעה?,על כן די בעצם טיבם ועוצמתם של מעשי העבירה דנן למנוע הבאתם בגדרי החריג הנדיר של הימנעות מהרשעה.,train
מהי ההמלצה של שירות המבחן שנמצאה מתאימה במקרה זה?,"בנסיבות המתוארות 1 מוצא בית המשפט לאמץ המלצת שירות המבחן למבוגרים, ולהשית על הנאשם עונש במסגרת צו של""צ, אם גם, לתקופה ארוכה יותר מזו שהומלצה; בצירוף עונשים מרתיעים צופים פני עתיד.",train
כיצד השפיעה התנהלותו של הנאשם והרשעותיו הקודמות על רף הענישה המומלץ?,"בנסיבות האמורות, לאור התנהלותו של הנאשם והרשעותיו הקודמות, ראוי היה למקם את עונשו ברף הבינוני של מתחם הענישה, כפי שעתרה התביעה.",train
כיצד משפיעה עבריינות אידיאולוגית על שיקול הענישה והרתעת הרבים?,"כשבשלב הענישה עסקינן, הרי שעבריינות אידיאולוגית נתפסת כנסיבה מחמירה ועולה משקלו של שיקול הרתעת הרבים.",train
מהי המדיניות שהבית-משפט נדרש לנקוט בעבירות של גניבת רכב?,בית-משפט זה נדרש לא פעם לצורך בנקיטת מדיניות ענישה מרתיעה בעבירות של גניבת רכב.,train
מדוע המלצת שירות המבחן אינה מחייבת את בית המשפט בהחלטותיו?,"כפי שנפסק לא פעם, המלצת שירות המבחן אינה בבחינת נתון קונקלוסיבי המחייב את בית המשפט, בהיותה מתמקדת בנסיבותיו האישיות של הנאשם.",train
מהי האמת המידה הענשית המומלצת לגבי הברחת טלפונים סלולריים ואביזרים נלווים?,"יש לנקוט אמת מידה ענשית מחמירה הן לגבי מי שמבריח את הטלפונים הסלולריים עצמם, הן לגבי מי שמבריח כרטיסי סים, והן לגבי מי שמשמיש את קווי התקשורת ומאפשר את השימוש בטלפונים הסלולריים ובכרטיסי הסים שהוברחו לכלא.",train
מדוע נסוגות נסיבותיו האישיות של הנאשם מפני הצורך להבטיח את שלומם של חסרי הישע?,"מכל מקום, בעבירות מסוג זה, אשר מהוות כשל ערכי כה חמור, והן אף קשות מאוד לגילוי – נסוגות נסיבותיו האישיות של הנאשם מפני הצורך להבטיח את שלומם של חסרי הישע וגם הצורך להרתיע – הן את הנאשם עצמו והן אחרים.",train
מדוע נחשבת העבירה בה החזיקו הנאשמים לחמורה מבחינת בטחון הציבור?,"מדובר בעבירה חמורה, המסכנת את שלומם ובטחונם של המשתמשים בדרך.",train
מהי המניע האמיתי לעבירה במקרה זה?,"העבירה, איפוא, נעברה למען בצע כסף בלבד, כאשר, המדובר במי שמודע לאי החוקיות שבדבר וכשלעצמו אף סולד משימוש בסמים.",train
"מהן המטרות העיקריות של הענישה בעבירות סמים, כפי שהוסבר בתשובה?","הענישה בעבירות מסוג זה נועדה, קודם לכל, לשרת את מטרת הגמול לעבריין על עיסוק בסם העלול לסכן חיי אדם ולפגוע בבריאות המשתמשים בו; שנית, על העונש להעביר מסר חד-משמעי של הרתעה ביחס לעבריינים פוטנציאליים, ולשמש אות אזהרה אפקטיבי לכל מי שמתכוון לקחת חלק במערכת ההעברות והסחר בסמים, תהא אשר תהא הפונקציה אותה הוא ממלא בשרשרת זו של העברת הסם מיד ליד.",train
אילו שיקולים לוקח בית המשפט בחשבון בעת קביעת מתחם הענישה?,"בעת קביעת מתחם הענישה, יקח בחשבון בית המשפט את נסיבות ביצוע העבירה, משך ההתנהגות העבריינית, מידת הפגיעה בערכים המוגנים, וכן, שיקולים נוספים.",train
מדוע החליט בית המשפט להטיל קנס נמוך על הנאשם למרות המניע הכלכלי?,"בשל המניע הכלכלי העומד ברקע לעבירות סמים, מוצא בית המשפט להטיל עיצום כספי מסוג קנס, אולם, לאור מצבו הכלכלי של הנאשם ועל מנת שלא לפגוע בסיכויי שיקומו, לא יועמד על הצד הגבוה.",train
מהו הכיוון שנמצא בחינת מכלול השיקולים לגבי מתחם הענישה של הנאשם 1?,"בחינת מכלול השיקולים שפורטו לעיל, מצביעים לכיוון החמרה במסגרת מתחם הענישה שנקבע לגבי הנאשם 1, עם הקלה מסוימת, בשל הודאתו באשמה ויתר הטענות שהוצגו מטעם ההגנה.",train
מדוע יש צורך בענישה משמעותית לעבירות של גרימת נזק לרכב?,"עבירות אלה  מחיבות ענישה משמעותית, בעולם המעשה, על מנת להרתיע את עובריהן.",train
כיצד משפיעה פעולה של שוטר לשיבוש חקירה על האמון הציבורי במערכת אכיפת החוק?,"פעולה באופן זה מהווה כשל ערכי עמוק ובסיסי, שפוטנציאל הפגיעה שלו באמון הציבור במערכת אכיפת החוק – גדול ביותר.",train
אילו סוגי מקרים עשויים להיחשב חריגים בהקשר של שיקולי שיקום של נאשמים?,"חריגים שכאלה יישמרו בראש ובראשונה למקרים המתאימים של נאשמים קטינים, או של נאשמים בוגרים שהעבירה שעברו נמצאת בתחתית רף החומרה, נסיבות השיקום בענינם בולטות בחריגותם – ובאיזון בין השניים לא יהיה יחס סביר בין הנזק הצפוי לנאשם מהרשעתו לבין חומרת העבירה.",train
מהו השיקול שהביא את בית המשפט לקחת בחשבון את הודאת הנאשם למרות שלא ניתנה בתחילת ההליך?,"לזכות הנאשם, ייקח בית המשפט את הודאתו באשמה, הגם שלא באה בתחילת ההליך, בשל עתירת ההגנה (שאין לומר, כי לא היה לה מקום) לברר את שאלת מצבו הקוגנטיבי.",train
מהי ההשפעה של הסדרתיות במעשים והעדר חרטה על קביעת העונש?,"לנוכח הסדרתיות במעשים; התמשכותם; העדר חרטה – במישור המעשה, שתבוא לידי ביטוי בהשבת חלק משמעותי מהכספים, שנלקחו שלא כדין, ולו כספי הקרן (ללא הנזקים הנלווים), כשהנאשם הפר התחייבותו לעשות כן, התחייבות שסוכמה בין הצדדים והובאה לפני בית המשפט - ראוי היה למקם עונשו של הנאשם ברף העליון של כל אחד ממתחמי הענישה, כאשר כל עונש ירוצה במצטבר.",train
מדוע יש צורך בהחמרת הענישה בעבירות שנעברו באמצעות כלי נשק?,"הצורך בהחמרת הענישה נומק במספר הרב של העבירות, אם פליליות ואם כאלה נגד בטחון המדינה, שנעברו לאחרונה, באמצעות כלי נשק, ואף הביאו, לעיתים מזומנות, לפגיעה באזרחים בלתי מעורבים.",train
מהו האינטרס שנסוג כאשר מדובר בעבירות חמורות?,"ככלל, ייסוג האינטרס האישי השיקומי של העבריין מפני האינטרס הציבורי, ככל שמדובר בעבירות אלה.",train
מהי המסקנה לגבי מתחם הענישה בעבירות נטילת חשמל לאור נפיצות התופעה?,"נפיצות התופעה מביאה למסקנה, כי מתחם הענישה, כפי שנטען מפי התביעה הכללית – נמוך ורחוק מלשקף את האינטרס הציבורי העומד בבסיס מיגורן של עבירות אלה.",train
מדוע יש להטיל עונש מרתיע על הנאשם בעבירות נגד פקודת הסמים המסוכנים?,"גם בנוגע לנאשם זה, יושת עונש מרתיע צופה פני עתיד, לרבות בעבירות נגד פקודת הסמים המסוכנים או נגד החוק למניעת השימוש בחומרים מסכנים.",train
מהי ההשפעה של אופן התייחסות הנאשם למעשיו על גובה העונש המומלץ?,"אופן התייחסות הנאשם למעשיו, ביחד עם חזרתו לסורו בחלוף זמן כה קצר – מצדיקים היו, לפי שורת הדין, למקם עונשו של הנאשם בחלק הגבוה של מתחם הענישה.",train
מהו העונש המומלץ לנאשם בהיעדר נתונים על הסתבכויות קודמות?,"בהעדר נתונים על הסתבכויות קודמות - ישית על הנאשם עונש שינוע על הצד הנמוך של המתחם, אך לנוכח הנסיבות שפורטו לעיל - לא יהיה העונש על הרף הנמוך ביותר שבו.",train
מהו עיקרון אחידות הענישה וכיצד הוא השפיע על עונש המאסר של המערערים?,"בית המשפט העליון הקל עונש המאסר בפועל שנגזר על המערערים 2 ו-3, מתוך עיקרון אחידות הענישה לשני הנאשמים הנוספים בתיק, והפחית את רכיב המאסר בפועל של המערער 2 ל-13 חודשי מאסר בפועל, אך השאיר את הפעלת המע""ת ויתר רכיבי גזר הדין על כנם.",train
כיצד מתייחס בית המשפט למסוכנות הנשקפת מהנאשם למתלוננת?,"בית המשפט מתרשם ממסוכנות גבוהה ביותר הנשקפת ממנו למתלוננת, ולעת הזו – אין כל נתון המלמד על הפחתת המסוכנות.",train
מדוע העובדה שהמעשים נעשו דרך האינטרנט אינה מפחיתה מחומרת העבירה?,"העובדה שהדבר נעשה באמצעות רשת האינטרנט ולא, למשל, ברחוב, פנים אל פנים, אינה מפחיתה מחומרת המעשים וניתן אף לומר שבמידה מסויימת מגבירה עובדה זו את חומרת המעשים.",train
כיצד נקבעת תקרת הענישה כאשר מדובר במסכת אחת של עבירות?,"גם כאשר המדובר במסכת אחת של עבירות – הכלל הוא, כי תקרת הענישה במסגרת המתחם שיקבע על ידי בית המשפט תהיה בדרך של הצטברות עונשי המקסימום בגין כל אחד מהמעשים, כאשר לבית המשפט שיקול הדעת, בכל מקרה ספציפי, לחפוף חלק ממתחמי הענישה.",train
"מהו המאפיין של האיום שהנאשם נקט כלפי השוטרים, אשר מצביע על תפישות עבריניות?","גם האיום בו נקט הנאשם כלפי השוטרים, חריג בחומרתו ומצביע על תפישות עבריניות.",train
כיצד הביע הנאשם חרטה על מעשיו ומהן ההשלכות לכך?,"בית המשפט התרשם, כי הנאשם מביע חרטה על מעשיו, הבין את החומרה שבהם, הפיק לקחים לעתיד ופועל למען שיקום עתידו והתרחקות מסביבה שולית.",train
מדוע נחשבת פעולה של שוטרים לשיבוש חקירה לכשל ערכי עמוק במערכת אכיפת החוק?,"פעולה באופן זה מהווה כשל ערכי עמוק ובסיסי, שפוטנציאל הפגיעה שלו באמון הציבור במערכת אכיפה החוק – גדול ביותר.",train
מהו הנימוק לכך שהיבטי השיקום לא הצדיקו את מסקנת אי ההרשעה במקרה זה?,"גם ""היבטי השיקום"" שפורטו בתסקיר ואומצו על ידי ביהמ""ש קמא בגמר הדין – אינם בנסיבות הענין, כאלה המצדיקים את מסקנת אי ההרשעה.",train
מהי הסיבה להטלת עונשי פסילה על נאשמים בעבירות סמים ותעבורה?,"עבירות הסמים מצדיקות השתת עונשי פסילה, בפועל ועל תנאי, על כל אחד מהנאשמים, כשבנוגע לנאשם 2, בהיותו הנוהג ברכב וכן לאור הרשעותיו בעבירות תעבורה ועברו התעבורתי – יש מקום להשתת פסילה לתקופה משמעותית, שתבטיח הרחקתו מהדרך לזמן רב ותאפשר בחינה מחדש של עצם התאמתו לנהיגה.",train
מהו תפקיד נפיצותן של עבירות אלימות בהחמרת הענישה?,"נפיצותן של עבירות אלה והצורך להגן על קורבנות האלימות שהם על פי רוב חסרי ישע, תורמים אף הם להחמרה הנדרשת בענישה בעבירות אלה.",train
"מהי ההמלצה של בית המשפט בנוגע לעונש המוטל על הנאשם, בהתבסס על החלטות קודמות?","לאור החלטת בית המשפט בנושא זה, כפי שפורט לעיל – וכן לאור טווח הענישה שסוכם במסגרת ההסדר – יאמץ בית המשפט המלצת שירות המבחן בעניינו, אשר תואמת את עמדת הצדדים, להשתת עונש מותנה, בתוספת עונש במסגרת שירות לתועלת הציבור.",train
מדוע לא ניתן להימנע מהטלת מאסר בפועל על הנאשמת?,"כאמור לעיל, בחרה הנאשמת פעם אחר פעם שלא לשתף פעולה עם הממונה על עבודות השירות בשב""ס, ומכאן, שאין מנוס מהשתת מאסר בפועל, מאחורי סורג ובריח.",train
מה מעשיו של הנאשם מעידים על כשל ערכי כלפי המתלוננת?,מעשיו של הנאשם מעידים על כשל ערכי ותפיסה מעוותת כלפי בנות המין השני בכלל וקרבן העבירה בפרט.,train
"מהו המובן של ""שיקום"" בהקשר של סטייה ממתחם הענישה?","כבר נאמר, לא פעם , כי המילה ""שיקום"" אינה בגדר ""מילת קסם"", אשר תאפשר, בכל עת, סטיה ממתחם הענישה.",train
מדוע שיקום אינו מהווה פטור לגמול על מעשיו של הנאשם?," יוער, שיקום אינה מילת קסם אשר פוטרת הנאשם מגמול על מעשיו.",train
מהו השינוי בעונש שניתן לעבירות אלו בעשור האחרון?,"לפני תקופה שאינה מאוד ארוכה, נגזרו, כדבר שבשגרה, עונשי מאסר בפועל, בכליאה ממשית, על העוברים עבירות אלה, אך בעשור האחרון, חל פיחות בענישה, שהיה בו כדי להעביר מסר שגוי לציבור, בדבר קבילותם של מעשים מעין אלה.",train
מהו העיקרון המנחה לגבי קביעת מתחם העונש במקרה שבו נסיבות התיק מצדיקות זאת?,"לשון אחר, בהבניית שיקול הדעת, אין כוונה לערוך ממוצע סטטיסטי של טווחי ענישה נוהגים, מקום שבו נסיבותיו של התיק הנדון מצדיקות קביעתו של מתחם עונש התואם את נסיבות המקרה המסוים העומד לדיון.",train
מהו תפקידו של בית המשפט במאבק נגד האלימות בחברה?,"לא אחת, הדגיש בית המשפט העליון את חובתו של בית המשפט ליטול חלק במאבק נגד האלימות הפושה בחברה ועל החשיבות להעניש בחומרה את אלו הפונים לדרכי אלימות.",train
כיצד משפיעה השכלתה המשפטית הגבוהה של הנאשמת על חומרת העבירה המיוחסת לה?,"משנה חומרה לדברים, כאשר העבירה נעברה על ידי מי שהיא בעלת השכלה משפטית גבוהה (הגם שלדבריה, אינה מחזיקה ברשיון בתוקף לעסוק בעריכת דין), ואף משמשת כיום בתפקיד מרצה בפקולטה למשפטים, תוך שמכשירה סטודנטים למשפטים.",train
מהו המידע שהתנהגות הנאשם מספקת לגבי הפנמת חומרת מעשיו?,"התנהגותו של הנאשם מלמדת על היעדר הפנמה של חומרת מעשיו, ועל זלזול בוטה ומתמשך בחוק ובקניינם של אחרים.",train
מדוע מקבלים מעשי אלימות כלפי בת זוג משנה חומרה כאשר הם מתבצעים בתא משפחתי?,"מעשים אלה מקבלים משנה חומרה, כאשר מדובר באלימות הננקטת כלפי בת זוג, החיה עם אותו אדם תחת קורת גג אחת, בתא משפחתי מצומצם, האמור להוות עבורה משענת ומקום מבטחים.",train
כיצד משפיע הדמיון בין עבירת התקיפה לשם גניבה לעבירת השוד על הענישה?,"בתי המשפט סברו, לא אחת, כי קיים דמיון רב בין עבירת התקיפה לשם גניבה לבין עבירת השוד, והגבול ביניהן מטושטש ובעיקר תלוי בנסיבות, לפיכך, לעתים ניתן למצוא ענישה בגין עבירות של תקיפה לשם גניבה, אשר מתאימה לעבירת השוד.",train
מהי ההשפעה של אלימות במשפחה על אושיות התא המשפחתי?,"יש בה משום פגיעה באושיות התא המשפחתי, שהוא המקום בו אמור אדם להרגיש הבטוח ביותר.",train
מהו הכיוון שהנימוקים מצביעים עליו במסגרת מתחם הענישה?,נימוקים אלה מצביעים לכיוון החמרה במסגרת מתחם הענישה.,train
מהו העונש הראוי למי שמשתמש בסכינים ובמכשירים חבלניים?,"אמרנו לא פעם כי מי שדעתו קלה בעשיית שימוש בסכינים ובמכשירים חבלניים דומים, ראוי כי ייענש במאסר ממשי לתקופה ארוכה.",train
מהו האיזון בין השיקולים השונים שנמצא בהליך הענישה במקרה זה?,"האיזון בין השיקולים השונים מצביע לכיוון ענישה על הצד הנמוך של המתחם, אך לא ברף הנמוך ממש.",train
מדוע הוחלט לגזור פיצוי מלא לנפגעי העבירה במקרה זה?,על מנת לחסוך לנפגעי העבירה ניהול הליך אזרחי נוסף ולאור הודאת הנאשם בסכומים שנגזלו שלא כדין – ייגזר פיצוי בהתאם למלוא הסכומים (ריבוי העבירות בהן הורשע הנאשם מאפשר כן).,train
מדוע יש צורך בענישה מחמירה בעבירות סמים?,קיים צורך להשית ענישה מחמירה ומרתיעה בגין עבירות הסמים השונות.,train
כיצד ניתן לגשר על הפער בתפיסה העונשית הנוגעת לעבירות כלכליות?,"על פער עמוק זה הנבקע לעתים בתפיסה העונשית הנוהגת במקומנו, יש לגשר בדרך של שמירת יחסיות הולמת בהיקפי הענישה, תוך יחוס משקל מתאים לחומרתם האמיתית של המעשים, להשלכתם השלילית ארוכת הטווח על מערכות הכלכלה והחברה, ולהיקף הנזק שהם מביאים על הציבור.",train
מדוע אין להתיר נקיטה באיומים או באלימות לצורך גביית חוב?,"גם אם היה קיים חוב כלשהו של נפגע העבירה לאבי הנאשם (ועניין זה לא הוברר עד תום), אין להתיר נקיטה באיומים או באלימות, ולו אלימות מילולית, לצורך הטלת אימה וגביית החוב.",train
מהו הצורך בענישה משמעותית לעבירות רכוש כדי להרתיע את עובריהן?,"עבירות אלו מחייבות ענישה משמעותית, בעולם המעשה, על מנת להרתיע את עובריהן.",train
כיצד ישפיע העונש שנגזר על הנאשם 1 על הענישה של הנאשם הנוכחי?,"בית המשפט יקח בחשבון את העונש שנגזר על הנאשם 1, הגם שעונשו נגזר במסגרת הסדר טיעון, אשר כלל הסכמה על רכיבי העונש.",train
"מהו ההבדל בין העבירות המיוחסות לנאשמים לבין עבירות שנעברו ""בלהט הרגע""?","בניגוד לטענות ההגנה, אין המדובר בעבירות שנעברו ""בלהט הרגע"", אלא לאחר מתוך כוונה ברורה לפגוע, פגיעה עוצמתית, באנשי אכיפת החוק, שכן הנאשמים נעזרו בנשק קר.",train
כיצד עשויה החזקת סמים במשקל כזה להעיד על כוונת הפצה?,"החזקת סמים במשקל כזה, עשויה ללמד אף על כוונת הפצה, ונסיבות תיק הצירוף, לפיו נסע הנאשם עד לצפון הרחוק ומסר סמים לאחר, תומכים במסקנה זו.",train
כיצד משפיעות נסיבות חריגות על קביעת מתחם הענישה בעבירות איומים?,"אכן, בעבירות איומים נקבעו גם מתחמים נמוכים יותר, אך בנסיבותיה החריגות של העבירה דנן, כאשר ננקטו צעדים קונקרטיים לצורך מימוש האיום ולאור כל נסיבות החומרה, כפי שפורטו לעיל – המדובר במתחם סביר והגיוני.",train
מהו הממצא של בית המשפט בנוגע לרצדיביזם בהתנהגות הנאשם?,"ממצא בית המשפט, כי הרצדיביזם בהתנהגותו של הנאשם מחייב השתת מאסר בפועל בין כתלי בית האסורים.",train
מהו הערך המשפטי שמצביעות העבירות על זלזול בו?,"מצביעות הן, הן על זלזול בערך של שלום האדם ושלמות גופו והן על היעדר מורא מהחוק ומנציגיו  אנשי המרות  שוטרי משטרת ישראל.",train
מדוע רכב מנועי נחשב לכלי נשק כאשר נעשה בו שימוש על ידי מי שאינו מוכשר?,"רכב מנועי שקול לכלי נשק, וכשנערך בו שימוש על ידי מי שאינו מוכשר לכך – התוצאות עלולות להיות הרות אסון.",train
מהו המשקל שניתן להודאת הנאשם בעבירה במהלך ההליך המשפטי?,"הנאשם אף מצא, אם גם בשלב דיוני מתקדם של ההליך, להודות בעבירה ולכך יש משקל.",train
כיצד משפיעות הרשעות קודמות בעבירות תעבורה על יחסו של הנאשם לחוק?,"הנאשם נעדר הרשעות קודמות בתחום הפלילי, אך לחובתו הרשעות רבות בעבירות חמורות בתחום התעבורה, שיש בהם כדי ללמד על אופן יחסו לחוק.",train
מדוע נחשב סם קנביס לחומר ממכר עם נזקים פוטנציאליים?,"על אף רוחות שונות הנושבות בתחום זה, גם סם מסוכן מסוג קנביס, הוא חומר ממכר, ששימוש מתמשך בו עלול לגרום נזקים לא קלים בתחום התובנה, תפישת המציאות ובייחוד בתחום התפקודי והתעסוקתי, ומכאן גם – נזקים חברתיים.",train
מהו השיקול המרכזי שיכול להתקבל בעקבות חלוף פרק זמן משמעותי בנוגע לעונש?,ברגיל – היה בחלוף פרק זמן כה משמעותי כדי להוות שיקול משמעותי בנוגע לעונש שיוטל.,train
מהי עמדת בית המשפט לגבי המתחם שנקבע בעניינו של המעורב הנוסף?,"בית משפט זה סבור, כי המתחם שנקבע בעניינו של המעורב הנוסף הוא מקל, ובעניינו של מעורב זה – ראוי היה לקבל המתחם אליו עותרת התביעה; אך לנוכח הגזר הדין שניתן בעניינו של אותו מעורב נוסף ומשיקולים של מראית פני הצדק – תיערך התאמה מסוימת.",train
כיצד משך הזמן שחלף מאז הסתבכות הנאשם משפיע על חרטתו?,"גם משך הזמן שעבר מאז הסתבכותו של הנאשם, במהלכו לא הסתבך שוב עם החוק, היה בו כדי ללמד על כנות חרטתו.",train
"מהי הסיבה לכך שעונשי מאסר בפועל נדרשים בעבירות החזקת נשק, גם ללא עבר פלילי?","בשורה של פסקי דין נקבע, כי חומרת הסיכון הנשקף מעבירות אלה, מחייבת השתת עונשי מאסר בפועל בגין עבירות אלה וזאת גם כאשר המדובר, לכאורה, במי שמנהל אורח חיים נורמטיבי ואין לחובתו הרשעות קודמות.",train
כיצד משפיעה המלצת שירות המבחן על שיקול הדעת של בית המשפט?,"כפי שנפסק לא פעם, המלצת שירות המבחן אינה בבחינת נתון קונקלוסיבי המחייב את בית המשפט, בהיותה מתמקדת בנסיבותיו האישיות של הנאשם.",train
מהו הרף המומלץ לענישה במקרה זה לפי מכלול השיקולים שנשקלו?,מכלול השיקולים מצביע על ענישה ברף התחתון של מתחם הענישה.,train
מהן התכליות לפיצוי נפגע עבירה שנקבעו בפסיקת בית המשפט העליון?,"פסיקת בית המשפט העליון קבעה מספר תכליות לפיצוי נפגע עבירה, ובין היתר: ראש וראשית  הכרה חברתית כללית והכרה של מערכת המשפט בפרט בסבלו של הנפגע, תוך מתן משקל למעמדו במסגרת ההליך הפלילי; שנית - חסכון בזמן לנפגע העבירה תוך מתן סעד כספי בזמן קצר, ומניעת מפגש נוסף בינו לבין העברין במסגרת הליך אזרחי; שלישית  מהווה תשלום הפצוי מעין הליך ""היטהרות"" שיש בו כדי לסייע לעברין להכיר בעבירה שביצע, לפעול לתיקון המעוות ולהשתקם.",train
כיצד משפיעה העובדה שההתפרצות לא בוצעה לבית מגורים על חומרת העבירה?,"בתי המשפט אף קבעו, לא אחת, כי התפרצות לבתי עסק ולא לבתי מגורים, אין בה כדי להפחית מחומרת המעשים.",train
מהי ההשפעה של קביעת המחוקק על הענישה בפועל?,קביעה זו של המחוקק - מן הדין שתבוא ידי ביטויה גם בקביעת הענישה בפועל.,train
"כיצד תורמת הודאת הנאשם באשמה לשיקול הענישה, אם ניתנה בשלב מאוחר?","לזכות הנאשם, יקח בית המשפט  בחשבון את הודאתו באשמה בתיק העיקרי, הגם שניתנה בשלב דיוני מאוחר.",train
כיצד יש לשקול את האינטרס הציבורי בעבירות החזקת נשק מול הנסיבות האישיות של העבריין?,"בבוא בית המשפט לשקול את הענישה בעבירות מסוג זה, עליו לתת משקל נכבד יותר לאינטרס הציבורי ולצורך להרתיע עבריינים בכוח מלבצע עבירות דומות, על פני הנסיבות האישיות של העבריין.",train
מדוע יש להטיל הרשעה על הנאשמת לפי שורת הדין?,"העבירה שעברה הנאשמת מצדיקה ואף מחייבת הרשעה בדין, כמתחייב על פי שורת הדין.",train
כיצד משפיע מצבם הכלכלי של הנאשמים על גובה העיצומים הכספיים המוטלים עליהם?,"עם זאת, בהשתת העיצומים הכספיים 	6 יתחשב בית המשפט גם במצבם הכלכלי של הנאשמים, כפי שנטען וכפי שפורט בתסקיר, הגם שלא הוצגו ראיות לענין זה והגם שנתפסו סכומי כסף לא מבוטלים במסגרת פרשה זו.",train
מהי חומרת עבירת החזקת סמים מסוכנים שלא לצריכה עצמית לפי פסיקות קודמות?,"על הצורך להילחם מלחמת חורמה בתופעה זו, ראו ע""פ 211/09 אזולאי נ' מדינת ישראל (פורסם במאגרים): על חומרתה המופלגת של עבירת החזקת סמים מסוכנים שלא לצריכה עצמית אין צורך להכביר מילים, ולא כל שכן כך הוא כאשר מדובר בכמות כה גדולה של סמים מסוג זה.",train
מדוע יש להציב עונשים מרתיעים כאשר המעשה נעשה על רקע אידיאולוגי?,"משהמעשה נעשה על רקע אידיאולוגי והנאשמים לא זונחים את המאבק, יש להציב עונשים מרתיעים ועתידיים.",train
כיצד משפיעה כמות הציוד על מתחם הענישה במקרה זה?,"כמות הציוד מחייבת, במקרה דנן, החמרה מסוימת במתחם הענישה.",train
מדוע קבע המחוקק עונש מאסר מירבי בן 7 שנים לעבירה בה הורשע הנאשם?,"לא בכדי, קבע המחוקק עונש מאסר מירבי בן 7 שנים, בצדה של העבירה בה הורשע הנאשם.",train
אילו נסיבות יש לשקול לחובת הנאשמים בהקשר לנזקים שנגרמו לאתר העתיקות?,"מנגד, יש לשקול, לחובת הנאשמים, את מכלול נסיבות העבירה, לרבות הנזקים הכבדים שנגרמו לאתר העתיקות, אשר אינו ניתן עוד לחפירה בעתיד ואין דרך לשקמו, כפי שהוכחו בעדות העד מטעם התביעה לענין העונש, אותה בית המשפט מקבל כמהימנה.",train
מהו המאפיין המרכזי של העבירה שעבר הנאשם 1 בהקשר לחומרתה?,העבירה שעבר הנאשם 1 היא ברף גבוה מבחינת חומרתה.,train
מהי מטרת הענישה בעבירות סמים מבחינת הגמול והרתעה?,"הענישה בעבירות מסוג זה נועדה, קודם לכל, לשרת את מטרת הגמול לעבריין על עיסוק בסם העלול לסכן חיי אדם ולפגוע בבריאות המשתמשים בו; שנית, על העונש להעביר מסר חד-משמעי של הרתעה ביחס לעבריינים פוטנציאליים, ולשמש אות אזהרה אפקטיבי לכל מי שמתכוון לקחת חלק במערכת ההעברות והסחר בסמים, תהא אשר תהא הפונקציה אותה הוא ממלא בשרשרת זו של העברת הסם מיד ליד.",train
מהו הסיכון הציבורי הנובע מהחזקת נשק ותחמושת על ידי מי שלא נבדק או הוכשר לכך?,"החזקת נשק ותחמושת על ידי מי שלא נבדק, לא נמצא מתאים ולא הוכשר לכך, בתנאים שאינם מבטיחים בידודו של הנשק מהסביבה (כיום מי שמחזיק נשק ברשיון נדרש לאפסנו בכספת מאובטחת, מאחורי שני מנעולים), עלולה להביא לסיכון שלום הציבור, גם אם אין ראיות, שהוחזק לצורך פעילות שלילית, כמפורט לעיל.",train
מהי ההנחה הנובעת מחזקת תקינות הפעולה המנהלית לגבי בחינת חומר הראיות על ידי התביעה הכללית?,"משכך, יש להניח, מכח חזקת תקינות הפעולה המנהלית, שהתביעה הכללית בחנה את חומר הראיות בכללותו והגיעה למסקנות כפי שהגיעה לגבי אותם מעורבים.",train
כיצד משפיעה התנהגות הנאשם על המשך עבודתו בארגון?,"עומקו של הכשל הערכי בהתנהגותו של הנאשם והעובדה, כי שיתף פעולה בשליחת יד בכספי הזולת, תוך השתתפות במעשי מרמה ואף שימוש במסמכים סחירים מזויפים  אינם עולים בקנה אחד עם משרה בגוף מסוג זה, ואם יהא על הנאשם להפסיק עבודתו בארגון  אין לו אלא להלין על עצמו.",train
מהו ההמלצה לעתיד לגבי מתחמי הענישה בעבירות אלו?,"לא יכול להיות ספק, כי לעתיד ראוי יהיה להחיל מתחמי ענישה גבוהים באופן ניכר.",train
מהי הסיבה לכך שבית המשפט החליט לחרוג לקולא ממתחם הענישה במקרה של נאשם זה?,"על כן, מתוקף סמכותו של בית המשפט בהתאם להוראות סעיף 40 ד' לחוק העונשין, תשל""ז-1977, מוצא בית המשפט, בעניינו של נאשם זה – לחרוג לקולא ממתחם הענישה ולהסתפק בעונש מאסר בפועל לריצוי בדרך של עבודות שירות, בד בבד עם שילוב הנאשם בהליך הטיפולי השיקומי, בפיקוח שירות המבחן למבוגרים.",train
מהו המיקום שנבחר לעונש הנאשם במסגרת מתחם הענישה שנקבע?,"במכלול השיקולים, מוצא בית המשפט למקם עונשו של הנאשם ברף התחתון של מתחם הענישה.",train
מהו הקריטריון לקביעת מתחם הענישה בעבירות תקיפת קטין הנתון למרותו של הנאשם?,"לצורך קביעת מתחם הענישה הנוהג בעבירות של תקיפת קטין הנתון למרותתו של הנאשם תוך גרימת חבלה, יש לבחון רמת הענישה שנקבעה בפסיקת בתי המשפט.",train
מהו השיקול המרכזי שבית המשפט מתחשב בו בעת קביעת הפיצוי לקטין הנפגע?,"לעניין הפיצוי, ישים בית המשפט לנגד עיניו הנזקים הקשים, שנגרמו לקטין הנפגע, לרבות הניתוח שעבר ומשך אשפוזו בבית החולים.",train
מהו הכיוון הכללי שנמצא לגבי החמרה במסגרת מתחם הענישה?,כל אלה מצביעים לכיוון החמרה במסגרת מתחם הענישה.,train
מהי הפרוגנוזה החיובית שמספק שירות המבחן לגבי הנאשם?,"זאת, לנוכח ההליך הטיפולי בו שולב הנאשם והפרוגנוזה החיובית שמטעם שירות המבחן, אשר מוצא, כי יש בטיפול כדי להועיל; כי הנאשם מגלה תובנה למעשיו וכי התמדתו בטיפול עשויה לצמצם המסוכנות הנשקפת ממנו.",train
מהו השיקול המרכזי שעל בית המשפט לשקול בעת גזירת העונש?,על בית המשפט לשקול עברו של הנאשם; נסיבותיו האישיות; הפרוגנוזה של גורמי ההערכה בענינו.,train
מהו העונש הקבוע לעבירת ריבוי נישואין ומה הוא משקף לגבי החברה בישראל?,"העונש החמור הקבוע לצד עבירת ריבוי נישואין, 5 שנות מאסר, מדבר בעד עצמו ומלמד על הפסול שהחברה בישראל מייחסת לעבירה.",train
מדוע לא הוצגה פרוגנוזה חיובית בעניינו של הנאשם?,"כמובן, אין חובה על הנאשם לפנות לשירות המבחן; עם זאת – אין לעת הזו –בנמצא – כל פרוגנוזה בעניינו של הנאשם, המלמדת על זניחת דרכו העבריינית ועל הפחתת מסוכנותו לעתיד.",train
מהו הרף התחתון החדש של מתחם הענישה שנקבע בעבור עבירות אלה?,"מוצא בית המשפט לעדכן הרף התחתון של מתחם הענישה תוך קביעת עונש מרתיע שיחיב השתת מאסר בפועל ממש, לתקופה בת שנה, בגין עבירות אלה.",train
"מהי החומרה הרבה שיש לראות בעבירות הקשורות בנשק, כפי שנקבע על ידי בית המשפט?","בית המשפט המחוזי, בשבתו כבית משפט לערעורים פליליים, ציין: בית המשפט קמה ציין ובצדק, את החומרה הרבה שיש לראות בעבירות הקשורות בנשק, ואף בצדק ציין, כי בית המשפט מצווה להחמיר את הענישה בעבירות כגון אלה, כדי להגן על הציבור.",train
כיצד משפיעה התנהגות גורמי האכיפה על שיקולי הענישה בעבירות המפורטות בכתב האישום?,"התנהגות זו של גורמי האכיפה, מן הדין שתביא להפחתה ניכרת במשקלם של שיקולי הענישה בנוגע לעבירות המתבססות על כל העובדות שפורטו החל מהסיפא לסעיף 8 בפרק העובדות באישום השני בכתב האישום, וכן באישום השלישי בכתב האישום כולו.",train
"כיצד משפיעה המילה ""שיקום"" על החלטות בית המשפט בנוגע למתחם הענישה?","כבר נאמר, לא פעם, כי המילה ""שיקום"" אינה בגדר ""מילת קסם"", אשר תאפשר, בכל עת, סטיה ממתחם הענישה.",train
מהו האינטרס הציבורי המצריך תגובה עונשית קשה לעבירות סמים?,"לא אחת נכתב בנוגע לעבירות אלו כי האינטרס הציבורי מחייב תגובה עונשית קשה ובלתי מתפשרת בגינן, כחלק מהתרומה שעל בתי המשפט לשאת למלחמה בנגע הסמים; ובעיקר באלו המצויים במעגל הראשון של הפצת ומכירת הסם לצרכנים.",train
מהו העונש הכספי המומלץ כאשר מדובר בהחזקת כלי נשק בעלי שווי כלכלי לא מבוטל?,"בהתאם לפסיקה, ולאור כך שהמדובר בהחזקת כלי נשק בעלי שווי כלכלי לא מבוטל - יושת גם עיצום כספי משמעותי מסוג קנס.",train
"מהו העונש המינימלי שנקבע על ידי בית המשפט בגין עבירות הברחת ציוד רט""ן?","מכל האמור, מוצא בית המשפט לעדכן הרף התחתון של מתחם הענישה תוך קביעת עונש מרתיע שיחיב השתת מאסר בפועל ממש, לתקופה בת שנה, בגין עבירות אלה.",train
מדוע לא הוטל על הנאשם קנס כספי לאחר שנמצא כי עלה לארץ זמן קצר לפני מעצרו?,"אשר לעיצום כספי מסוג קנס, משהוברר, כי הנאשם עלה לארץ כארבעה חודשים טרם מעצרו, הרי שאין תוחלת בהשתת עיצום זה ויש לקחת בחשבון את מצבו הכלכלי של הנאשם, אשר התגורר במרכז הקליטה טרם מעצרו.",train
מהו השיקול שהנחה את בית המשפט בהטלת עיצומים כספיים על הנאשמים?,"לנוכח כך שהמדובר בכלי הנשק שלהם שווי כלכלי לא מבוטל, מוצא בית המשפט להשית עיצומים כספיים.",train
מהי העובדה המצביעה על אורח חיים לא עברייני של הנאשם?,"כן ייקח בחשבון העובדה, כי אין נתונים המצביעים על ניהול אורח חיים עברייני או שולי, למעט בנוגע לעבירות דנן.",train
מהי ההשפעה של החזקת נשק שלא כדין על שלום הציבור?,החזקת נשק שלא כדין מאיימת על שלום הציבור ובטחונו.,train
מהי הסיבה למשנה חומרה בעבירות של יידוי אבנים על ידי הנאשמים והמפגינים?,משנה חומרה נובעת מהשימוש שעשו הנאשמים 1 – 3 וכן מפגינים רבים במקום בנשק קר – ידוי אבנים.,train
כיצד תורמת הענישה המוצעת להמשך מאמצי השיקום של הנאשם?,"לעומת זאת, בעבור הנאשם – יהיה בכך בבחינת התווית דרך והנחיה להמשיך במאמצי השיקום בהם החל.",train
מהן הנסיבות שבהן יוכל בית המשפט להטיל ענישה ללא הרשעה?,"רק בנסיבות יוצאות דופן, בהן אין יחס סביר בין הנזק הצפוי מן ההרשעה בדין לבין חומרתה של העבירה, ינקוט בית המשפט, לפעמים, בחלופה של הטלת ענישה ללא הרשעה.",train
מהו הצורך בהרתעה שנובע מהעונש המוטל על הנאשם בעבירות ריבוי נישואין?,"אשר לערך המרתיע של עונשי מאסר, כפי שהוטלו ואושרו בעבר, הרי לא רק בנאשם העומד לדין המדובר, אלא בעיקר בצורך להרתיע אחרים, שלא יעשו כמוהו, פן תיווצר אנדרלמוסיה בכל הנוגע למוסד הנישואין במדינה.",train
מהי הדרך המומלצת במקרה של נאשם שאינו נרתע מהתנהגותו העבריינית?,"המדובר בנאשם שהמציאות מוכיחה, כי אינו נרתע מדבר, והדרך היחידה שנותרה היא, הרחקתו מהחברה וכן הרחקתו מהדרך לתקופות משמעותיות.",train
מהן הנסיבות הייחודיות במקרה זה שהשפיעו על גזר הדין?,"עם זאת, במקרה דנן נסיבות יוצאות דופן: המדובר בנאשם, אשר אביו נפטר ואמו הפכה סיעודית וחדלה לתפקד, כאשר עול הטיפול באח, הסובל ממוגבלות שכלית-התפתחותית ברמה בינונית ואינו מסוגל לדאוג לעצמו 1 נפל על האחים, מבלי שזכו להכשרה או הכנה מתאימה.",train
כיצד מתארים את המעבר מהפגנה ברישיון להתפרעות אלימה?,מדובר באירוע חמור שתחילתו בהפגנה ברישיון תוך מימוש זכות המחאה השמורה לכל אזרח במדינה דמוקרטית וסופו בחריגה קשה מזכות המחאה הלגיטימית עד כדי התפרעות אלימה והפרת הסדר ציבורי למשך זמן ממושך.,train
כיצד שימוש בסמים יכול להוביל לעבירות חמורות יותר?,"לעיתים רבות יש בה כדי להוביל את אותו אדם אשר נוהג להשתמש בסמים אל עבר ביצוע עבירות חמורות יותר כגון גניבה, פריצה, שוד ועבירות אלימות נוספות שכל מטרתן להביא ליכולת מימון הסמים והצריכה במיוחד על רקע מצב כלכלי ונסיבות אישיות כמו אלו אשר צויינו בפניי.",train
מהו תפקידו של בית המשפט בהגנה על בני משפחה מפני אלימות של בני משפחה אחרים?,"כבר נאמר, לא פעם, כי על בית המשפט לשמש מגן לבני משפחה מפני אלימות של בני משפחה אחרים, ביחוד כאשר קיימים פערי כוחות בין הצדדים.",train
מהו המצב הכללי של הנסיבות שהשפיע על רף הענישה במקרה זה?,מכלול הנסיבות מטה הכף לענישה ברף הבינוני - נמוך של המתחם.,train
מהו השיקול בהפחתת הקנסות שהוטלו על הנאשמים?,"בנוגע לרכיבים אלה, יינתן משקל לכך, שהנאשמים יידונו למאסר בין כתלי בית האסורים ולפיכך, יושתו קנסות נמוכים יותר מאלה שסיכמו הצדדים, תוך אבחנה מסוימת בין הנאשמים לאור העבירה הנוספת בה הורשע הנאשם 1.",train
מדוע נחשבת פגיעה באושיות התא המשפחתי לחמורה במיוחד?,"יש בה משום פגיעה באושיות התא המשפחתי, שהוא המקום בו אמור אדם להרגיש הבטוח ביותר.",train
אילו שיקולים רשאי בית המשפט לקחת בחשבון בקביעת מתחם ענישה?,"בהתאם להוראות סעיף 40ט' לחוק העונשין, תשל""ז – 1977, בבואו של בית המשפט לקבוע מתחם ענישה, רשאי לקחת בחשבון מכלול שיקולים, בין היתר, נסיבות ביצוע העבירה; משך ההתנהגות העבריינית; מידת הפגיעה בערכים המוגנים; וכן, שיקולים נוספים.",train
מהו ההיבט המשפטי שמצביע על פגיעת הנאשם בתקינות פעולת רשויות המנהל ובסיכויי השיקום של האסירים?,"במעשה זה יש כדי לחתור תחת תקינות פעולת רשויות המנהל, לפגוע במשמעת בבית הכלא ובסיכויי השיקום של האסירים השוהים בו.",train
מהי ההשפעה של כמות הסמים על קביעת מתחם הענישה?,"לאור הנסיבות, ובשים לב לכמות הסמים, המלמדת על נגישות לסמים, מוצא בית המשפט לקבוע מתחם ענישה אחד.",train
מה היו העונשים שניתן לנאשם לאחר שקלול הנסיבות?,לאחר שבית המשפט שקל הנסיבות לחומרה ולקולה – דן את הנאשם לעונשים כדלקמן:,train
כיצד משפיעה תקופת המאסר על גובה הקנס המוטל על הנאשם?,"לאור תקופת המאסר שתוטל על הנאשם, לא יוטל מלוא העיצום הכספי הראוי עליו, ויושת עליו קנס בגובה המקובל בגין עבירות מסוג זה.",train
מהו הסימן הנפרד שהוקדש לעבירות אלה בחוק העונשין?,"לא בכדי, ראה המחוקק לייחד לעבירות אלה סימן נפרד – סימן ה1 – במסגרת הפרק העוסק בעבירות הרכוש (פרק י""א) בחוק העונשין, תשל""ז – 1977.",train
מהו המסר המשפטי שצריך לצאת מבית המשפט בנוגע לפתרון סכסוכים?,המסר שצריך לצאת מבית משפט זה הוא כי פתרון סכסוכים ראוי שייעשה על ידי פניה לרשויות החוק ולא על ידי נטילת החוק לידיים.,train
מהו ההשפעה של עבירות התפרצות על ביטחון הציבור ותחושת הביטחון האישי?,בעבירות ההתפרצות יש כדי לערער את ביטחון האישי של הציבור ואת התחושה של 'ביתי הוא מבצרי'.,train
מדוע טוענת התביעה כי לעבירה זו יש פוטנציאל לפגיעה בביטחון המדינה?,"צודקת התביעה, כי לעבירה זו פוטנציאל לפגיעה בסדרי המשטר ואף בבטחון המדינה.",train
מה יש לקחת בחשבון לחובת הנאשם בנוגע לכשל החברתי שלו?,"לחובת הנאשם, יש לקחת בחשבון עצמת הכשל החברתי והאנטי סוציאליות שנתגלו אצלו.",train
מהו השיקול שהוביל להטלת עיצום כספי גם על הנאשם 2?,"לאור העובדה, שאף הנאשם דנן עבר העבירה למען בצע כסף 	6 יושת גם עליו עיצום כספי.",train
מהו הקושי של הנאשם המצביע על חוסר התאמה להליך טיפולי?,"יתרה על כן, ההמלצות הסופיות בתסקיר  אף אינן עולות בקנה אחד עם ממצאי התסקיר עצמו, בייחוד כאשר הנאשם נמצא כמי שמתקשה ליטול אחריות; שאינו מפנים הפסול הערכי במעשיו ואף אינו בשל להליך טיפולי.",train
מהו השיקול שעל בית המשפט להתחשב בו בעת קביעת קנס לנאשם?,"אמנם, בכל הנוגע לעיצום כספי מסוג קנס, על בית המשפט להתחשב במצבו הכלכלי של הנאשם (ראו סעיף 40ח' לחוק העונשין, תשל""ז 1977).",train
מהי המדיניות המומלצת בענישה בגין סחר והפצה של סמים מסוכנים?,"על חומרתן של עבירות סחר בסם מסוכן, ראו רע""פ 8695/19 פסו נ' מדינת ישראל (פורסם במאגרים): בית משפט זה שב והדגיש כי על מדיניות הענישה בגין סחר והפצה של סמים מסוכנים, ובכללן סמים הנחשבים כ""סמים קלים"", להיות מרתיעה ומשמעותית, וכי יש לראות בחומרה ניסיונות לעשיית רווח כספי באמצעות סחר בסמים אלה.",train
מהו השיקול המרכזי בקביעת מתחם הענישה לפי נסיבות המקרה?,"קביעת מתחם הענישה היא בהתאם לנסיבות המקרה העומד לדיון, וסקירת מדיניות הענישה הנוהגת היא רק שיקול אחד מבין כלל השיקולים אותו עושה בית המשפט בקובעו מתחם ענישה הולם.",train
מדוע לא החריג המחוקק את הקנאביס מפקודת הסמים המסוכנים?,"המחוקק לא מצא להחריג את הקנאביס מפקודת הסמים המסוכנים, ולא בכדי.",train
מדוע לא ניתן לקבל את הטענה כי העבירות בוצעו ללא שיקול דעת?,"אין המדובר במעשים, אשר נעשו ללא שיקול דעת, ואין גם לקבל, כי מאן דהוא ""נקלע"" לעבור עבירות מסוג זה.",train
כיצד משפיע חלוף הזמן על השיקול בענישה במקרה של הנאשם?,"ראשית, חלוף הזמן מהווה נסיבה לקולא, כאשר הזמן שחלף מעיד על כך, שהנאשם זנח דרכו העברינית.",train
מהו השיקול המרכזי שהוביל להטלת עונש על הרף הנמוך ביותר של מתחם הענישה?,"לנוכח השיקולים לקולה, ובעיקר - שירותו הצבאי של הנאשם והיעדר הרשעות קודמות – יושת עונש על הרף הנמוך ביותר של מתחם הענישה.",train
כיצד מתכוון בית המשפט לאזן בין שיקומו של הנאשם לבין הענישה במקרה זה?,"חלף זאת  יושיט בית המשפט לנאשם יד במאמצי שיקומו והוא יחויב בעונש מאסר בפועל קצר, אותו יהיה בידו לרצות בדרך של עבודות שירות, לצד צו מבחן, וזאת על מנת שלא להביא לניתוק מלא בין הנאשם לבין מקום עבודתו ולאפשר השקעת מאמצים מצדו בהמשך ההליך הטיפולי.",train
מהו השינוי שנעשה בכתב האישום במסגרת הסדר הטיעון במקרה זה?,"במקרה דנן, במסגרת הסדר הטיעון, תיקנה התביעה את כתב האישום בכך שסעיף העבירה הרלוונטי הומר לפציעה שאיננה בנסיבות מחמירות (אף על פי שמעובדות כתב האישום המתוקן, עולה, כי הנאשם החזיק בידו פטיש, כלומר נשק קר, כך שהעובדות דומות למקרים המתוארים) – רואה בית המשפט לקבוע מתחם ענישה נמוך מזה העולה מסקירת ארבעת פסקי הדין הנ""ל.",train
מהו ההשפעה של הודאת הנאשמים על גובה העונש המוטל עליהם?,אך לאור הודאת הנאשמים באשמה  יושת עונש על הצד הנמוך של מתחם הענישה.,train
מהי הסיבה לכך שהימנעות מהרשעה במקרים מסוימים נוגדת את הכללים שנקבעו בפסיקה?,"מוצאים אנו, עם כל הצער שבדבר, כי הימנעות בית משפט השלום מהרשעת המשיבה במעשי העבירה שבוצעו על ידה, כמפורט בשני האישומים בהם הודתה, הימנעות זו נוגדת את הכללים והמבחנים שנקבעו בפסיקה לעניין אותם החריגים, שבהם ורק בהם, יש מקום להימנע מהרשעה.",train
מהי ההשפעה של הרחקת עבריינים חזרנים משימוש ברכב מנועי על הפשיעה בעתיד?,הרחקת עבריינים חזרנים משימוש ברכב מנועי לתקופה משמעותית תפגע בהתארגנות העבריינית ותצמצם את הסיכון לעתיד.,train
מהו השיקול שצריך היה לקחת בחשבון בית המשפט בנוגע לנסיבות הנאשם?,"על בית המשפט ליקח בחשבון את היותו של הנאשם בעל עמדה פיקודית, המשרת זמן ארוך במשטרה, תוך התנסות במגוון תפקידים ועמידה במצבי לחץ.",train
כיצד בית המשפט מעריך את שיעור הנזק הכללי והסבל במקרה של פיצוי?,"נזק כללי, וסבל בכלל זה, אין מוכיחים שיעורו, והוא עניין להערכתו של בית המשפט.",train
מהו הסיכון הציבורי הנובע מחיבור פיראטי לרשת החשמל?,"כאשר המדובר בחיבור פיראטי לרשת החשמל – מצטרף לכך גם פוטנציאל סיכון של ממש לשלום הציבור, כתוצאה מחיבורים אשר מותקנים שלא על ידי בעל מקצוע וללא פיקוח מתאים.",train
כיצד משפיעה הסתבכות חד פעמית על שיקול הדעת בענישה של הנאשם?,"המדובר בהסתבכות חד פעמית, שאינה מאפיינת את אורחות חייו של הנאשם, כאשר אין לחובתו הרשעות מלפני אותו אירוע וגם מאז האירוע חלפו יותר משלוש שנים, במהלכן לא הסתבך הנאשם עם החוק;",train
מהו העונש המומלץ למבצעי עבירת ההתפרצות כדי לשדר מסר חד משמעי לעבריינים?,"יש להחמיר בעונשם של מבצעי עבירת ההתפרצות, באופן שייגזר עליהם עונש מאסר ממושך אשר יהיה בו מסר חד משמעי לעבריינים אלה הסבורים, כי ישנה כדאיות כלכלית בצידה של עבירת ההתפרצות.",train
מהו השיקול המרכזי לעדכון מתחם הענישה בגין עבירות הסתננות במצב הבטחוני הנוכחי?,"בהתאם למצב הבטחוני דהיום, נראה כי נכון יהיה לעדכן מתחם הענישה בגין עבירה זו, שכן נושאת היא בחובה סיכון בטחוני קטלני ממשי.",train
כיצד משפיעות הסתבכויות נוספות על המשקל שיש לייחס לחלוף הזמן בעניינו של הנאשם?,"בשל הסתבכויות נוספות אלה, מוגבל המשקל שיש לייחס לחלוף הזמן בעניינו של הנאשם, אך בכל זאת, לנוכח הזמן שחלף מאז העבירות – לא תושת פסילת רשיון למלוא התקופה שהיה ראוי להשית בהתאם לשורת הדין.",train
מדוע לא נלקחת היכולת הכלכלית של העבריין בחשבון בעת קביעת הפיצוי?,היכולת הכלכלית של העבריין אינה נתון בו על בית המשפט להתחשב בעת שומת הפיצוי.,train
מהי המחויבות של החברה להגן על שוטרי משטרת ישראל במהלך עבודתם למען ביטחון הציבור?,"שוטרי משטרת ישראל, כמו אנשי שאר זרועות הביטחון, עושים לילות כימים למען שמירה על ביטחון הציבור, ועל כן מחויבים אנו לעשות ככל שניתן על מנת להגן עליהם מפני מי שמנסים להלך עליהם אימים ולפגוע בעבודתם החשובה, אשר נעשית למען כלל הציבור ולהבטחת ביטחונו האישי.",train
מה השיקול שהנחה את בית המשפט בהקלת הקנס לנאשם?,"בית המשפט המחוזי מצא להקל בגובה הקנס, והעמידו על סך של 10,000 ₪, לאור התחשבות במצבו הכלכלי של הנאשם.",train
מה ציין בית המשפט המחוזי לגבי העונש שהוטל על הנאשם לעומת מתחם העונש ההולם?,"בית המשפט המחוזי אף ציין, כי חרף הנסיבות שצוינו, לא היה מקום לחרוג ממתחם העונש ההולם, וכי העונש שהוטל עליו, קל במובהק מזה הראוי לו.",train
מהו תפקיד השופט ביחס להמלצת תסקיר שירות המבחן?,"ראוי לשוב ולהזכיר, כי המלצתו של תסקיר שירות המבחן הינה בגדר המלצה, כשגזירת הדין שמורה לשופט, שאינו רשאי להתנצל מחובתו להעניש.",train
מהן הנסיבות שעל בית המשפט לשקול בעת קביעת הענישה לנאשמים?,"אשר לקביעת הענישה במסגרת המתחם האמור, על בית המשפט לשקול, את עברם של הנאשמים; נסיבותיהם האישיות והפרוגנוזה של גורמי ההערכה לגביהם.",train
מדוע יש לקחת בחשבון את הסיכון לשלום הציבור בהחזקת נשק שלא כדין?,"הסיכון שנשקף לשלום הציבור צריך להילקח בחשבון על ידי כל מי שמחזיק בידו נשק שלא כדין, גם אם אינו מחזיק בו למטרת ביצוען של עבירות אחרות.",train
"מדוע יש להוקיע את ההתנהגות של הנאשם, אך לא לסווגה כחמורה ביותר?","התנהגות זו הינה פסולה, ויש להוקיעה ולהרתיע את היחיד והרבים מפני אי ציות לגורמי אכיפת החוק, אך גם  היא אינה ברף החומרה הגבוה ביותר.",train
מהי ההמלצה השיקומית של שירות המבחן שנמצאה מתאימה לנאשם?,"לנוכח כברת הדרך שעבר הנאשם, כאמור, והיותו כעת מנהל אורח חיים עמלני ותורם, כמו גם לאור ההליך הטיפולי שעבר – מוצא בית המשפט להושיט יד לנאשם ולאמץ את המלצתו השיקומית של שירות המבחן, במטרה למנוע פגיעה בתעסוקתו של הנאשם ובעקיפין גם – בהעסקתם של עובדים נוספים.",train
מהן הנסיבות לחומרה במקרה זה שמעידות על פעילות מאורגנת בסחר בסמים?,"במקרה דנן, קיימות מספר נסיבות לחומרה, שיש בהן כדי להעיד על פעילות עקבית ומאורגנת בתחום הסחר בסמים מסוכנים, וכן על היות הנאשם בדרג משמעותי בהיררכיה העבריינית: הנאשם היה פעיל במסגרת קבוצת טלגרם העוסקת במכירה של סמים מסוכנים; הנאשם ערך עסקאות עם לקוחות שנחזו להיות מזדמנים; הנאשם החזיק בסמים בתצורות שונות; הנאשם סיפק הסמים מידית לאחר הסיכום, ומכאן שהיו בידו סמים באופן זמין; העסקאות לא נערכו בכמויות קטנות, אלא בכמויות בינוניות.",train
מהי התרשמות שירות המבחן לגבי האירוע בחיי הנאשם?,"המנגד, התרשם שירות המבחן למבוגרים, כי המדובר באירוע נקודתי בחיי הנאשם וכי היה בהליך המשפטי כדי להרתיעו.",train
"מדוע הוסכם על הסדר טיעון במקרה של הנאשמת, ומה היה תפקיד ההכרה באחריותה?","ההסדר נומק, בין היתר, בכך שהנאשמת נוטלת אחריות על מעשיה, וכי הנאשמת הינה ד""ר למשפטים, אשר הרשעתה בדין תוביל לפגיעה קונקרטית בה.",train
מהו הפוטנציאל של עבירות בתחום הסמים המסוכנים לפגיעה בחברה?,עבירות בתחום הסמים המסוכנים נושאות בחובן פוטנציאל לפגיעה משמעותית בחברה.,train
כיצד משפיע השימוש בנשק על הענישה במסגרת המתחם?,"שימוש בנשק, חם או קר, יחמיר הענישה במסגרת המתחם.",train
מהו העונש שהטיל בית המשפט על הנאשם כדי למנוע ממנו לחזור על העבירות?,"עוד מוצא בית המשפט להטיל מאסר מותנה מרתיע, לבל יהין הנאשם לעבור שוב העבירות דנן, קנס, ופיצוי לנפגע העבירה.",train
מהי הסיבה להטלת מאסרים מותנים מרתיעים על הנאשם לצורך הרתעה לעתיד?,"לצורך הרתעת הנאשם לעתיד, פן יהין לנהוג שוב באלימות בכלל ובאלימות כלפי בן משפחה בפרט, יושתו מאסרים מותנים מרתיעים והתחייבות להימנע מעבירה.",train
מהן העונשים שהטיל בית המשפט על הנאשם בעבירות נגד הרכוש ואנשי מערכת אכיפת החוק?,"עוד מוצא בית המשפט להטיל מאסר מותנה מרתיע, לבל יהין הנאשם לעבור שוב העבירות דנן, קנס כספי, באשר המדובר בעבירות נגד הרכוש שנעברו למען בצע כסף וכן עבירות נגד אנשי מערכת אכיפת החוק, וכן פיצוי לנפגעי העבירה, שגם אם לא יושת על הצד הגבוה - יהיה בו כדי ליתן ביטוי לעגמת הנפש ולפגיעה בתחושת הביטחון האישי שלהם, שעומדות בעינם גם אם הושב הרכוש לידיהם, בסופו של דבר.",train
מהי הפגיעה הנגרמת מהתפרצות לדירה מעבר לפגיעה בקניין הפרטי?,יש בה משום פגיעה בערך הקנין הפרטי אך מעבר לכך –פוגעת גם בתחושת הביטחון של האזרח.,train
כיצד משפיע פסק הדין על ההכרה בנזקים שנגרמו לנפגעת העבירה?,"בכל מקרה, יהיה בו בבחינת מסר של הכרה מצד המערכת השיפוטית בנזקים הקשים שנגרמו לה.",train
מהו הקשר בין סכומי השוחד שהועברו לציפיות הנאשמים לרווחים גבוהים יותר?,"ברי, כי עולה היא על סכומי השוחד שהועברו, שכן מסתמא הועבר השוחד מתוך צפי של הנאשמים לרווח גדול יותר, ולא היו משתלמים כספי שוחד על מנת לקבל רווחים הנמוכים מהם.",train
כיצד משפיעות הנסיבות האישיות על האינטרס הציבורי בעבירות סמים?,"כבר נאמר לא פעם, כי בעבירות סמים – נדחות הנסיבות האישיות מפני האינטרס הציבורי.",train
מהן הפגיעות הנגרמות מתקיפת שוטר ואיומים על חייו?,"אשר לתקיפת שוטר ואיומים על חייו, יש בכך פגיעה בערכים המוגנים של שמירה על שלמות גופו; כבודו; בטחונו; ופגיעה בהגנה על החוק והסדר, ופגיעה בסדרי השלטון של המדינה.",train
מהו השיקול שקשור לחלוף הזמן מאז העבירה שנלקח בחשבון על ידי בית המשפט?,"בית המשפט ייקח בחשבון גם את חלוף הזמן מאז העבירה, עם זאת, יש להזכיר, כי חלק ניכר מהימשכות ההליך נבע מניהול דיון, לרבות חקירת עדים מומחים, בשאלות מקדמיות לגבי כשירותו של הנאשם לעמוד לדין.",train
כיצד השפיעה מחילת המתלונן על ענישת הנאשם?,"המתלונן מחל לנאשם ואינו עומד עוד על ענישתו, גם זאת, בין היתר, לאור השינוי שערך באורחות חייו.",train
מהן ההשפעות הכלכליות והבריאותיות של עבירות סמים כפי שנצפו בבית המשפט?,"יש לזכור, כי מעבר להשפעותיהן של עבירות אלה בכל הנוגע להפצת הסם המסוכן, על השפעותיו הבריאותיות והנפשיות, מתלווה אליהן גם פגיעה כלכלית משמעותית ביותר, הן לאור היקף הכספים הבלתי מדווחים המתגלגלים בשוק זה והן לנוכח ההשפעה על רמת הפריון של מי, שמשתמש באופן קבוע בסם.",train
מהי ההתרשמות של בית המשפט לגבי הפגיעה בערכים המוגנים בעקבות מעשי האלימות של הנאשם?,"בית המשפט התרשם, כי לאור טיב מעשי האלימות וטיב האיומים שהשמיע, לא אחת, כלפי אשתו, מדובר בפגיעה משמעותית בערכים המוגנים.",train
מהן השיקולים שהשפיעו על קביעת הענישה הקונקרטית במקרה זה?,"קביעת הענישה הקונקרטית במסגרת מתחם נעוצה, בין היתר, במידת התעוזה והאנטי חברתיות העולה ממעשיו של הנאשם ובהיקף הפגיעה בערכים המוגנים שנגרמה כתוצאה מהם; בהערכת הגורמים המקצועיים (שירות המבחן למבוגרים); בעברו הפלילי של הנאשם; בנסיבותיו האישיות.",train
כיצד יש לפעול כדי למנוע פגיעות בנציגי החוק בחברה מכבדת?,"חברה המכבדת את שלטון החוק ואת זכויותיו של הזולת לא תאפשר פגיעה בנציגי החוק, וכל פגיעה שכזו צריכה להיתקל בקיר ברזל של אפס סובלנות... וזאת על מנת לגדוע אלימות מסוג זה במהירות האפשרית.",train
כיצד משפיעות הנסיבות האישיות על האינטרס הציבורי במיגור עבירות החזקת נשק?,"הנסיבות האישיות ואינטרס השיקום, נדחים מפני האינטרס הציבורי של מיגור עבירות מסוג זה.",train
מהו השיקול שהשפיע על בית המשפט בהחלטתו בנוגע לנסיבות האישיות של הנאשם?,"בית המשפט לקח בחשבון גם נסיבותיו האישיות של הנאשם, כפי שפורטו בתסקיר שירות המבחן ואף בדברו האחרון של הנאשם.",train
מהו העיקרון המשפטי הנוגע לחובת הנאשם להשתלב בהליך טיפולי במסגרת ההליך הפלילי?,"עובדה זו כשלעצמה – לא תילקח לחובתו, באשר אין חובה על נאשם להשתלב בהליך טיפולי.",train
מהו ההשפעה הכלכלית של מעשי הנאשם על הפעילות הפיננסית במשק?,"מעבר לפגיעה הקניינית בבנקים השונים, שנמשכו منهم כספים רבים על סמך מצג שווא – הרי במעשים מסוג זה, יש כדי לפגוע במרקם השוטף של הפעילות הכלכלית והפיננסית במשק.",train
מהי הסיבה לכך שהנאשם לא זכה להקלות בעונש בעקבות העדר שיתוף פעולה בהליך טיפולי?,"הנאשם נמנע מלשתף פעולה בהליך טיפולי ואף לא הוצגו נסיבות יוצאות דופן, שהביאוהו להסתבך בעבירה.",train
מהו העיקרון המשפטי שמנחה את מערכת אכיפת החוק בנוגע לחומס זכויות בכוח הזרוע?,"מערכת אכיפת החוק לא תוכל להסכין עם מצב בו אדם חומס לעצמו זכויות בכח הזרוע, תוך התרסה כלפי רשויות אכיפת החוק והמשפט.",train
מדוע ראה בית המשפט צורך להטיל פסילת רישיון נהיגה על הנאשם?,"על כן, רואה בית המשפט הכרח להשית על הנאשם גם פסילת רישיון נהיגה לתקופה ממשית, בפועל ועל תנאי.",train
מהו השיקול שייקח בית המשפט לזכות הנאשם בעקבות הודאתו באשמה?,בית המשפט ייקח לזכות הנאשם את הודאתו באשמה והחיסכון בזמן שיפוטי.,train
כיצד משפיע שקלול הגורמים על רמת הענישה המומלצת לנאשם?,"שקלול הגורמים דלעיל, ובייחוד הקרבה למועד, בו החלה אכיפת האיסור, מצביע על ענישה שתהיה ברף הנמוך של המתחם, לצד מאסר מותנה ועיצום כספי.",train
מהו המתחם המשפטי שנקבע במקרה של ריבוי נישואין והאם יש אפשרות להחמרת הענישה בעתיד?,"המדובר במתחם זמני בלבד, וכי בעתיד הלא רחוק, ככל שתימשך התופעה, לא תהיה מניעה להטיל עונשים חמורים יותר, בהתאם למתחם הראוי, כפי שהובא לעיל.",train
כיצד משפיעות הסתבכויות קודמות על רף הענישה של הנאשם?,הסתבכויותיו הקודמות של נאשם זה וכן הממצאים שפורטו לעיל במסגרת הערכת שירות המבחן למבוגרים מטים הכף לכיוון ענישה ברף הגבוה של כל אחד ממתחמי הענישה.,train
מדוע יש להתחשב בעבירות החזקת נשק כאמור במתחם העונש?,"כך צדק גם בית המשפט בעת שקבע מתחם עונש כפי שקבע... בית משפט קמה הדגיש את העובדה כי העבירה של החזקת נשק הפכה למכה של  אזור הדרום, ואף צדק, כאשר קבע שלא ניתן להתעלם מנסיבה זו בעת קביעת העונש הראוי למערער.",train
מהו מתחם הענישה שנקבע לאור טיב המעשים והפגיעה בערכים המוגנים?,"לאור טיב המעשים, ומידת הפגיעה בערכים המוגנים, ולאור הנזק שנגרם למתלונן, כפי שעולה ממוצגי התביעה, מוצא בית המשפט להעמיד מתחם הענישה, כך שינוע בין 12 ועד 24 חודשי מאסר בפועל.",train
מדוע ניתן ליחס מעורבות ברמה של שותפות למי ששומר ומאבטח אחרים העוברים עבירה?,"כבר נפסק לא פעם, כי אין מניעה ליחס למי ששומר ומאבטח אחרים העוברים עבירה מעורבות ברמה של שותפות, היינו ביצוע בצוותא של העבירה.",train
מהי מידת הפגיעה בערכים המוגנים במקרה זה?,"מכאן, שמידת הפגיעה בערכים המוגנים הינה גבוהה.",train
"מהו השיקול שהוביל את בית המשפט להחמיר בעונש בגין עבירות אחזקת ציוד קצה רט""ן?","גם נפיצותן של עבירות אלה, ההולכת ומתרחבת, והעובדה כי המכשור האלקטרוני הולך ומוזל, הולך ומתמזער, מה שמקל על רכישתם ועל הסלקתם של המכשירים או חלקיהם ומאפשר העברתם ביתר קלות  מחיבת, לטעמו של בית המשפט, החמרה בענישה.",train
מהו המניע להטלת מאסרים מותנים מרתיעים על הנאשם?,"מוצא בית המשפט להטיל מאסרים מותנים מרתיעים, לבל יהין הנאשם לעבור שוב עבירות דומות.",train
כיצד תורמת נפיצותן של עבירות אלימות להחמרה בענישה המוטלת על העבריינים?,"נפיצותן של עבירות אלה והצורך להגן על קורבנות האלימות שהם על פי רוב חסרי ישע, תורמים אף הם להחמרה הנדרשת בענישה בעבירות אלה.",train
מה מצופה מנאשם בוגר שירות צבאי בהתנהגותו כלפי כוחות האכיפה?,"נאשם זה בוגר שירות צבאי ומצופה היה ממנו, להתנהג בכבוד כלפי מי שמייצג את כוחות האכיפה.",train
כיצד משפיע עונש המינימום על מתחם העונש ההולם לפי עמדת השופט?,"אני סבור כי עונש המינימום שקבע המחוקק הוא אינדיקציה לחומרה שמיוחסת לעבירה ולמידת הפגיעה בערכים המוגנים מביצועה, ולכן נכון שתהיה לו השפעה גם על מתחם העונש ההולם, אך כמובן בכפוף לסייג הטעמים המיוחדים שקבע המחוקק בסעיף 355 לחוק העונשין, ותוך תשומת לב בכל מקרה לשאלת חלקם של המאסר בפועל והמאסר על תנאי בענישה הכוללת.",train
מהו המידע שמספק כתב האישום המתוקן לגבי סוגי התקיפות שביצע הנאשם?,"כתב האישום המתוקן מדבר בעד עצמו ומלמד על תקיפות המכוונות דווקא לאברים רגישים, כולל פעולה, שהיתה עלולה לפגוע בעיניה של אחת המתלוננות, כשהמדובר במשפחה, בה רבים הסובלים מליקויי ראיה ומשמעותה של פגיעה בעיניים – ידועה לנאשם.",train
מהו מתחם הענישה שנקבע בגין עבירה של פריצה לרכב ללא כוונה לגנוב את הרכב?,"בהתאם לפסיקה שנזכרה לעיל, בית המשפט מוצא להעמיד את מתחם הענישה בגין העבירה של לפריצה לרכב, בלא שהוכחה כוונה לעבור עבירה של גניבת הרכב, בין מאסר בפועל קצר לריצוי בדרך של עבודות שירות, ועד לשנה מאסר בפועל.",train
מהו האיזון הנדרש בין השיקולים השונים בענישה במקרה של התפרצות מתוכננת?,"איזון השיקולים השונים – העובדה, כי המדובר בהתפרצות מתוכננת במסגרתה נגנב רכוש בשווי רב, מחד, והנסיבות לקולא מאידך – מצביע, איפוא, לכיוון ענישה במאסר בפועל בכליאה ממשית, על הצד הבינוני של המתחם.",train
מהו מתחם הענישה שנקבע בגין תקיפת שוטרים אלימה עם שימוש בנשק קר?,"בשמים לב למדיניות הענישה כפי שפורטה לעיל, בשינויים המותאמים, ובשים לב לכך מוצא בית המשפט לקבוע מתחם ענישה בגין אירוע, הכולל תקיפת שוטרים אלימה, תוך גרימת חבלות ושימוש בנשק קר, מתוך מטרה לסכל את פעילותם, אשר ינוע בין 14 חודשי מאסר בפועל ועד 28 חודשי מאסר, בצירוף עונשים נוספים.",train
מהי ההמלצה של בית המשפט לגבי רצונו של הנאשם לשיקום במהלך מאסרו?,"אם כן רצונו לשיקום – הרי אין מניעה, שימשיך וישתלב בהליך טיפולי במסגרת מאסרו.",train
מדוע הניסיון להצדיק יידוי אבנים בשוטרים פוגע בביטחון וסדר בחברה?,הנסיון להצדיק יידוי אבנים בשוטרים באיצטלת חופש הביטוי והמחאה הינו הרסני ומקעקע מן היסוד אושיות בטחון וסדר בחברה.,train
מדוע יש צורך במאסר בעבירה מסוג זה?,דעתנו היא כי לא ניתן בעבירה מסוג זה להסתפק בענישה שאיננה כוללת רכיב של מאסר.,train
מהו ההליך הטיפולי שעבר הנאשם במסגרת שירות המבחן למבוגרים?,"הנאשם עבר הליך טיפולי ארוך במסגרת שירות המבחן למבוגרים, אשר התרשם מסיכויים של ממש לשיקומו.",train
מהו המשקל של חלוף הזמן מאז העבירות על ההחלטה בענישה?,"עוד ייקח בית המשפט בחשבון את חלוף הזמן, כ-7 שנים מאז נעברו העבירות, מתוכן קרוב לארבע שנים עד להגשת האישום.",train
"מדוע יש לנקוט ביד קשה כלפי עברייני אלימות, לפי בית המשפט?","לאחר שהתרענו מפניה כה רבות, נדמה כי הגיעה העת שלא להסתפק במלות גינוי ובמסרים חינוכיים צופים פני עתיד, אלא לנקוט ביד קשה כלפי העבריינים בתחום זה, ואם בדרך זו תימנע ולו פגיעה אחת בחיי אדם, דיינו.",train
מדוע לא התקבלה טענת הנאשם לגבי בדיקת הסם שנעשתה בבית החולים?,"טענתו של הנאשם בדברו האחרון, כי בדיקת הסם היתה חיובית בשל ""חמרים"" שניתנו לו בבית החולים, לא הוכחה בראיות ומכל מקום, אינה תואמת את ההגיון ואת נסיון החיים.",train
מדוע יש צורך בכך ששוטרים יוכלו למלא את תפקידם ללא מורא ופחד?,אינטרס הציבור מחייב אפוא ששוטרים יוכלו למלא את תפקידם ללא מורא ופחד.,train
מהו הפוטנציאל הנזק שנגרם מהמעשים של הנאשם לשלומם ולבטחונם של המשתמשים בדרך?,במעשי הנאשם ישנו פוטנציאל נזק גבוה לשלומם ולבטחונם של המשתמשים בדרך.,train
כיצד יש לפרש את תחולת המאסר המותנה לפי האדם הסביר?,"יש לפרש תחולת המאסר המותנה באופן בו האדם הסביר היה מכלכל צעדיו כדי להימנע מלהסתבך בעבירה, המפעילה אותו.",train
מהו המתחם הקל בענישה שהוזכר בגזר הדין ואילו בעיות הוא מעלה?,"מותב זה הבהיר בגזר דינו, כי מדובר במתחמי ענישה מקלים ביותר, אשר אינם משקפים את חומרת העבירות ואת עוגמת הנפש שנגרמה למתלוננים.",train
"מהו השיקול המרכזי להחמרת הענישה במקרה של הנאשם, בהיותו שוטר במשטרת ישראל?","משנה חומרה לכך, שהנאשם פעל בהיותו שוטר במשטרת ישראל, שהיא הגורם המרכזי האמון על אכיפת החוק במדינה, בהיותו קצין ותיק ומוערך, בעל דרגה פיקודית, אשר הוגדר על ידי מפקדיו כמי שמהווה דוגמה לפקודיו.",train
מהי השאלה המרכזית הנוגעת להימנעות מהרשעה בנסיבות המיוחדות של המקרה?,"בסופו של יום, ניצבת השאלה בכל עוצמתה – האם, בנסיבות המיוחדות של העניין, השיקול האינדיבידואלי, על היבטיו השונים, גובר על השיקול הציבורי-מערכתי הכללי, באופן שהגם שהנאשם ביצע את העבירה בה הואשם, סובלת הנורמה החברתית הכללית את אי הרשעתו בדין.",train
כיצד פוגעות העבירות שביצע המבקש בזכויות המתלוננים ובציבור?,"העבירות שביצע המבקש הינן עבירות חמורות, אשר,  כפי שציין בית-משפט השלום,  פוגעות פגיעה קשה הן בזכויות המתלוננים והן בכלל הציבור.",train
מדוע לא הוטל חילוט הרכב במקרה זה על אף הפוטנציאל לכך?,"עובדה זו היתה עשויה גם להצדיק את חילוט הרכב, אך משלא עתרה התביעה לרכיב ענישה זה במסגרת פרשת העונש (על אף שהדבר צוין בסיפא לכתב האישום), נראה כי זנחה ענין זה, ובית המשפט לא יחמיר מעבר לעמדת התביעה.",train
מהי החומרה המיוחדת הנלווית להעברת חפץ אסור לאסיר בטחוני?,"כאשר המדובר בהעברת חפץ אסור לאסיר בטחוני, קבע בית המשפט העליון, כי נלווית לעבירה זו חומרה מיוחדת.",train
מהו המצב החוקי לגבי קביעת פיצוי גבוה יחסית כאשר היכולת הכלכלית אינה גבוהה?,"אין פסול בקביעת פיצוי גבוה יחסית (ובענייננו לא הגיע לא למירב שבחוק ולא קרב לסכומי הגזילה), אף מקום שהיכולת הכלכלית אינה גבוהה.",train
אילו גורמים יש לשקול בעת קביעת הענישה במסגרת המתחם?,"אשר לקביעת הענישה במסגרת המתחם האמור, על בית המשפט לשקול עברו של הנאשם; נסיבותיו האישיות; הפרוגנוזה של גורמי ההערכה בענינו.",train
מהו השיקול שעל בית המשפט לשקול בעת קביעת מתחם העונש ההולם?,"בבואו של בית המשפט לקבוע את מתחם העונש ההולם, עליו לשקול, בין היתר, את מדיניות הענישה הנוהגת, אך שיקול זה – כמובן אינו היחיד.",train
כיצד השפיע האינטרס הציבורי על דחיית ערעור ההגנה על חומרת העונש במקרה של המערער?,"בשבתו כבית משפט לערעורים פליליים, דחה בית המשפט המחוזי, הרכב אב""ד כב' הנשיאה ר' יפה-כץ, ערעור ההגנה על חומרת העונש, תוך שמצא, כי נסיבותיו האישיות של המערער, אשר, ממש כמו במקרה דנן, היה צעיר ללא עבר פלילי וכמו במקרה דנן – לא היו אינדיקציות על שימוש פלילי או אחר המתוכן בנשק – נדחות מפני האינטרס הציבורי של מיגור העבירות מסוג זה.",train
מהו האינטרס הציבורי המתחייב לשוטרים במילוי תפקידם?,"אינטרס הציבור מחייב אפוא ששוטרים יוכלו למלא את תפקידם ללא מורא ופחד (ע""פ 500/87 בורוכוב נ' מדינת ישראל (8.3.1988).",train
מהי הפרוגנוזה החיובית של שירות המבחן בנוגע לנאשם?,"רביעית – הפרוגנוזה החיובית של שירות המבחן בנוגע לנאשם והערכתו כבעל נורמות תקינות בדרך כלל, שהסתבכותו זו אינה מאפינת את אורחות חייו.",train
כיצד משפיע שירותו הארוך של הנאשם על ההחלטה בעניינו ביום פקודה?,"ביום פקודה – מן הדין שיבוא שירותו הארוך של הנאשם, על האופן המיטבי בו ביצע את שירותו - לזכותו.",train
מהי הסיבה לכך שהעבירות שביצע הנאשם נחשבות לחמורות ביותר?,"העבירות אותן עבר הנאשם, חמורות ביותר, שכן, במעשיו, סיכן עצמו ואת יתר משתמשי הדרך.",train
מהו המצב המשפטי לגבי שיקום כבסיס לחריגה ממתחם הענישה?,"כבר נאמר לא פעם, כי שיקום איננו בגדר מילת קסם שעם אמירתה ניתן לחרוג ממתחם הענישה.",train
כיצד משפיעה העבירה של ארגון שירותי הסעות על מתחם הענישה של הנאשמים?,"בהינתן, כי העבירות שענינן הסעה בלתי חוקית נבלעות, מבחינת האינטרס הציבורי העומד בבסיסן, בתוך העבירה של ארגון שירותי הסעות,  הרי, בסופו של דבר, מוצא בית המשפט לקבוע מתחם עבירה דומה בנוגע לכלל הנאשמים, תוך החמרה מסוימת במתחם שייקבע בענינם של הנאשמים 3 ו- 4 וזאת בגין העבירות הנוספות המיוחסות לכל אחד מהם (נהיגה פוחזת בנוגע לנאשם 3 והפרעה לשוטר בעת מילוי תפקידו בנוגע לנאשם 4).",train
כיצד משפיעה ההגנה על אוכפי החוק על אכיפת החוק והבטחת הסדר הציבורי במדינה?,ללא הגנה ראויה על אוכפי החוק לא תוכל המדינה להבטיח לציבור הרחב אכיפה יעילה של החוק והבטחת הסדר הציבור.,train
מהו הממצא המשפטי לגבי עתירת התביעה למתחמי ענישה שונים בתיקים הנדונים?,"בתי המשפט מוצאים כי עתירת התביעה למתחמי ענישה שונים, בגין כל אחד מהתיקים – נכונה בנסיבות מקרה זה.",train
"מהו הכיוון הכללי של הענישה שנקבע במקרה זה, בהתבסס על השיקולים?","מכלול השיקולים מטים הכף לכיוון ענישה על הצד הגבוה של מתחם הענישה, אם כי לא בצד העליון ממש.",train
מהן הנסיבות שהובילו את בית המשפט לקבל את עתירת התביעה לפסילת רישיון הנהיגה של הנאשם?,"לאור הוראות סעיף 37א' לפקודה– בשים לב לעברו הפלילי והתעבורתי של הנאשם ולמידת מעורבותו בעולם הסמים כפי שעולה מנסיבות האירועים במקרה דנן – מוצא בית המשפט לקבל עתירת התביעה להשית על הנאשם פסילת רישיון נהיגה בפועל, לתקופה משמעותית.",train
מהו העונש המינימלי שהציע בית המשפט במקרה זה?,"בנסיבות אלה, אין בית המשפט מוצא כל מניעה, כי יבצע עונש מסוג עבודות של""צ, שהוא עונש מינימלי ביותר, אך מהווה העונש היחיד שניתן להטיל ביחד עם הארכת מאסר מותנה.",train
כיצד קובע בית המשפט את מתחם הענישה בעבירות המפורטות?,"בית המשפט לא נכנס לשיקולי התביעה בעת עריכת ההסדר עם הנאשם 2, וקובע את מתחם הענישה בהתאם לנסיבות ביצוע העבירות, משך ההתנהגות העבריינית, מידת הפגיעה בערכים המוגנים, מדיניות הענישה הנוהגת ושיקולים נוספים.",train
כיצד מערכת המשפט יכולה להגן על קטינים מפני הסכנות במרחב הווירטואלי?,"לאור הנגישות לאמצעי התקשורת האלקטרוניים ולרשתות החברתיות, המאפשרות שיח עם מגוון אנשים אחרים במרחב הווירטואלי, על מערכת המשפט להרים חלקה בהגנה על הציבור, בכלל, ועל קטינים בפרט, מפני הסכנות האורבות במרחב זה, ולהרתיע עבריינים בכוח, המבקשים להשתמש במרחב הווירטואלי כדי לפתות קטינים או קטינות ולפגוע בהם מינית, תוך ניצול תמימותם וחוסר נסיונם.",train
אילו שתי בחינות יסוד נדרשות להתקיימות החריג להימנעות מהרשעה?,"להתקיימות חריג זה נדרשות שתי בחינות יסוד. האחת, טיבו של מעשה העבירה שביצע הנאשם והשנייה שיקולי השיקום המיוחדים הנטענים בענינו ומידת השלכתה של ההרשעה לענינם.",train
מהי תרומת בית המשפט למלחמה באלימות בחברה?,"חברתנו הפכה להיות חברה אלימה, ותרומתו של בית-המשפט למלחמה באלימות היא בהטלת עונשים ראויים (ע""פ 5753/04 מדינת ישראל נ' רייכמן ([פורסם בנבו], 7.2.2005)), שישקפו ערכים של תגמול והרתעה.",train
מהו טיבם של מעשי העבירה שיכול למנוע הימנעות מהרשעה?,על כן די בעצם טיבם ועוצמתם של מעשי העבירה דנן למנוע הבאתם בגדרי החריג הנדיר של הימנעות מהרשעה.,train
מהו הפוטנציאל הנזק כאשר נעשה שימוש ברכב לצורך עבירה על ידי נהג בלתי מורשה?,"שימוש ברכב לצורך עבירה הוא חמור ומגלם פוטנציאל נזק גדול, כל שכן, כאשר הנהג אינו מורשה נהיגה ואין לו פוליסת ביטוח תקפה.",train
אילו גורמים השפיעו על קביעת מתחמי הענישה לנאשמים במקרה זה?,"במקרה דנן, לאור ההתארגנות העבריינית המוקפדת; התכנון שקדם למעשים; התעוזה להתפרץ לבית ספר ולגנוב ממנו ציוד רב; הנזק שגרמו לדלת הכניסה; השווי הבלתי מבוטל של הרכוש שגנבו הנאשמים; החזקת כלי הפריצה (לא לנאשם 3); שווי הרכוש הגנוב שהחזיקו הנאשמים 1, 2, 4 באישום השלישי;  ולאור הסיוע של הנאשם 1 לאדם אחר להתפרץ לבית הספר בחורה; קובע מתחמים כדלקמן: לנאשם 1 – מתחם ענישה הנע בין 12 ועד 24 חודשי מאסר בפועל; לנאשמים 2 ו-4 – מתחם ענישה הנע בין 8 ועד 14 חודשי מאסר בפועל; לנאשם 3 – מתחם ענישה הנע בין 6 ועד 13 חודשי מאסר בפועל.",train
מהן ההשלכות החברתיות והכלכליות של עבירות סמים על שלום הציבור?,"לעבירות אלה השלכות – הן מבחינת שלום הציבור ובריאותו, והן השלכות כלכליות, תוך גלגול כספים לא מדווחים, בהיקף גדול, אשר, בסופו של דבר, מגיעים למימון פשיעה, הימורים ושאר תופעות שליליות הפוגעות בכלכלת המדינה ובחברה.",train
מהו המסר שמבקש בית המשפט להעביר לעבריינים פוטנציאליים במאבק נגד האלימות?,"תפקידו של בית המשפט במאבק הוא הטלת עונשים מרתיעים ומשמעותיים על הנוקטים באלימות לפתרון סכסוכים, על מנת להעביר מסר, הן לעבריין האינדיווידואלי, והן לעבריינים הפוטנציאלים ולחברה כולה, כי אין החברה טולרנטית להתנהגויות מעין אלה (ההדגשה אינה במקור).",train
מהו המתחם שנקבע על ידי בית המשפט העליון לעונש בגין עבירות החזקת נשק?,"בית המשפט העליון ציין, כי ראוי לקבוע ענשים מרתיעים בגין עבירות אלה והעמיד המתחם שם בין 12 ועד 36 חדשי מאסר בפועל.",train
מהו העונש הנוסף שהוטל על הנאשם כדי למנוע חזרה על העבירות?,"זאת, כמובן, בתוספת מאסר מותנה מרתיע, לבל יהין הנאשם לעבור שוב עבירות דומות.",train
אילו שיקולים על בית המשפט לקחת בחשבון בעת קביעת הענישה לנאשם?,"על בית המשפט לשקול, את עברו של הנאשם; נסיבותיו האישיות והפרוגנוזה של גורמי ההערכה לגביו.",train
מהו השיקול הנוסף שייקח בית המשפט בחשבון בנוגע לתנאים המגבילים של הנאשם?,עוד יקח בית המשפט בחשבון את התקופה בה היה הנאשם מצוי בתנאים מגבילים.,train
מהן הסיבות להטלת ענשי מאסר מותנה מרתיעים על הנאשם?,"לנוכח הדפוסים האלימים העולים מהמעשים בהם הורשע הנאשם וכן היעדר המורא מרשויות החוק וכן לצורך איזון התמונה הענשית, לאור ההקלה לה זכה הנאשם  מוצא בית המשפט להשית ענשי מאסר מותנה מרתיעים שיכללו הן עבירות כלפי אנשי מרות; הן עבירות שענינן הפרת הסדר הציבורי והן עבירות כלפי הגוף.",train
מהי המשמעות של סיום הסכסוך והגירושין בין הנאשם למתלוננת בהקשר לענישה?,"עוד יקח בית המשפט בחשבון, את העובדה, כי הנאשם פעל לסיום הסכסוך, התגרש מהמתלוננת, וכל אחד מהם פנה לדרך חדשה, כאשר המתלוננת עברה להתגורר בחברון, והנאשם נותר להתגורר בבית משפחתו.",train
מהי המשמעות של עברו הפלילי של הנאשם על יכולתו להרתע מעבירות נוספות?,"הוסיף לבית המשפט כי לאור העובדה שהנאשם עבר עבירות דומות בעבר ואף ריצה עונש מאסר, לא היה בכך כדי להרתיעו מלעבור שוב על החוק ולפגוע בקניינם של הזולת.",train
מהי המשמעות המשפטית של הרשעת הנאשם בהקשר למסוכנות הנשקפת ממנו?,"הרשעה זו מלמדת על המסוכנות הממשית הנשקפת מנאשם זה ומטילה אור אחר גם על העבירות שענינן שהיה בלתי חוקית וגם על העבירות נגד הרכוש, כאשר מי שכבר בהיותו קטין לא נרתע מעבירות המכוונות לפגיעה בחיי אדם – מה יעשה אם ייאלץ להתעמת עם בעליו של רכב כלשהו הדולק אחריו, או עם כוחות אכיפת החוק?",train
מהו הדפוס ההתנהגותי שהצביע על כך שמדובר במעשים חוזרים ולא במעידה חד פעמית?,"הישנות המעשים כלפי שלושה גורמים שונים לפחות – התובע העירוני וצוות משרדו; שוטרי תחנת ערד; וכן קצין הבטחון במלון – מלמדים, כי המדובר בדפוס התנהגות ולא במעידה חד פעמית בעקבות מערכת נסיבות נתונה.",train
כיצד ניתן להסביר את יחסו של הנאשם לחוק בהתחשב במאסרים הקודמים שהוטלו עליו?,באלו יש ללמד על יחסו של הנאשם לחוק ועל כך שלא היה במאסרים קודמים שהוטלו עליו כדי להניא אותו מלעבור שוב על החוק.,train
כיצד עשויה ענישה מרתיעה להשפיע על רמת האלימות ברחובות?,"טיפול שורש בעבירה זו, בדרך של ענישה מרתיעה, עשוי להפחית האלימות המשתוללת ברחובותינו.",train
מהו מתחם הענישה המומלץ במקרה של מעשי מרמה שיטתיים כלפי למעלה מ-30 מתלוננים?,"בהתאמה לסכומי הגזלה במקרה הנדון כאן וכן לנוכח העובדה, כי מדובר במעשי מרמה  שיטתיים, שנעברו כלפי למעלה מ-30 מתלוננים, תוך שבית המשפט שם לנגד עיניו את התחכום בביצוע העבירות, באמצעות שימוש במספרים נוספים; ההכנה המקדימה שביצע הנאשם כדי ללמוד את האדם אליו עומד להתחזות ואת טיב יחסיו עם הנפגע הפוטנציאלי; השימוש באמצעים דיגיטליים מתוחכמים  יעמיד בית המשפט את מתחם הענישה בין עונש מאסר בפועל בן 32 חודשים ועד מאסר בפועל למשך 60 חודשים, זאת בגין כלל האישומים נושא תיק זה, לרבות האישום בגין עבירת האיומים.",train
מהו השיקול שיכול להרתיע את מבצעי העבירות במקרה שידעו על השלכות כלכליות של תפיסתם?,"אם ידעו מבצעי העבירות, כי אם יתפסו – יורע מצבם הכלכלי, יהיה בכך כדי להרתיעם.",train
מה הם שני התבחינים העדכניים לשאלת ההרשעה בעבירות פליליות?,"בנוגע לשאלת ההרשעה, התבחינים העדכניים הם שניים: האחד  האם עצם טיבה של העבירה, בנסיבותיה, מאפשר הימנעות מהרשעה, כענין ערכי, תוך שבית המשפט מביא בחשבון את אמון הציבור במערכת המשפט; השני  האם הוכח חשש קונקרטי לפגיעה בעתידו המקצועי של הנאשם ובסיכויי שיקומו, כתוצאה מהרשעתו בדין, כאשר מידת הפגיעה אינה מידתית ביחס לעבירה, בנסיבותיה.",train
"מהו מאפיין החומרה המרכזי בעבירה נושא כתב האישום, כפי שנמצא במקרה זה?","קיימים מספר מאפייני חומרה, שלא נמצאו תדיר בפסיקה בגין מקרים דומים, בעבירה נושא כתב האישום (לאחר התיקון): ראש וראשית - אופי האלימות שהופעלה, כאשר במקרה דנן מדובר בדקירה בצוואר - אזור חיוני, שהפגיעה בו עלולה להביא לקטילת הנפגע.",train
כיצד משרתת החמרת הענישה את מטרות הגמול וההרתעה בתחום הסמים?,"ההחמרה בענישה משרתת את מטרות הגמול וההרתעה, שהן היעדים העיקריים של הענישה בתחום הסמים.",train
מהו השיקול לחומרה שהוזכר על ידי בית המשפט בנוגע להתנהגות המערער?,"בית המשפט ציין, כשיקול לחומרה, כי מנגד לנסיבות המקלות שנטענו על ידי ההגנה, המערער שם ביקש למנוע מעורך דין לבצע את תפקידו, לא היה עליו מורא הדין, והוא גילה ""פתיל קצר"".",train
מהו ההיגיון מאחורי ההחלטה להטיל איסור על החזקת חומרי תועבה?,"בסופו של דבר, הוכרע, כי המלחמה בתופעה קשה זו – מצדיקה הטלת האיסור.",train
מהי חומרת הסיכון הנשקף מעבירות החזקת נשק וכיצד היא משפיעה על הענישה?,"בשורה של פסקי דין נקבע, כי חומרת הסיכון הנשקף מעבירות אלה, מחיבת השתת עונשי מאסר בפועל בגין עבירות אלה וזאת גם כאשר המדובר, לכאורה, במי שמנהל אורח חיים נורמטיבי ואין לחובתו הרשעות קודמות.",train
כיצד נדרשת מערכת המשפט להגן על קטינים מפני הסכנות במרחב הווירטואלי?,"לאור הנגישות לאמצעי התקשורת האלקטרוניים ולרשתות החברתיות, המאפשרות שיח עם מגוון אנשים אחרים במרחב הווירטואלי, על מערכת המשפט להרים חלקה בהגנה על הציבור, בכלל, ועל קטינים בפרט, מפני הסכנות האורבות במרחב זה, ולהרתיע עבריינים בכח, המבקשים להשתמש במרחב הווירטואלי כדי לפתות קטינים או קטינות ולפגוע בהם מינית, תוך ניצול תמימותם וחוסר נסיונם.",train
מהו השיקול הנוסף שעל בית המשפט לשקול בקביעת מתחם העונש ההולם?,"בבואו של בית המשפט לקבוע את מתחם העונש ההולם, עליו לשקול, בין היתר, את מדיניות הענישה הנוהגת, אך שיקול זה – כמובן אינו היחיד.",train
מהו טיב העבירות בנסיבות המקרה שגרם לבית המשפט לדחות את ביטול ההרשעה?,"במקרה דנן, מוצא בית המשפט, כי טיב העבירות בנסיבותיהן, בהיותן מתמשכות, כלפי מספר נפגעות, תוך ניצול שררה ופגיעה חמורה באמון המשרתים במשטרה ובאמון הציבור - אינו מאפשר ביטול ההרשעה מבחינת המסר שיועבר לציבור.",train
מהו הכיוון הכללי שנמצא במתחם הענישה במקרה זה?,כל אלה מצביעים לכיוון החמרה במסגרת מתחם הענישה.,train
מהו הפוטנציאל הנוסף לפגיעה של המדינה במקרה של החזרת אזרח שיצא ממנה שלא כדין?,"כן קיים פוטנציאל לפגיעה ביחסי החוץ של המדינה ובאינטרסים נוספים של המדינה, אשר עלולה להידרש לשלם מחיר, לצורך החזרת אזרח, שיצא ממנה שלא כדין.",train
מהו השיקול שהנחה את בית המשפט במקרה זה בנוגע למדיניות הענישה?,אך במקרה זה הוא נסוג מפני האינטרס הציבורי והצורך לנקוט במדיניות של ענישה מרתיעה.,train
מהו עקרון הכיבוד של הסדרי טעון והאם הנאשם זכאי להקלה מעבר להסדר?,"לנוכח ההלכות הידועות בנוגע לכיבוד הסדרי טעון  לא יחרוג בית המשפט מההסדר שסוכם, ואולם ברי, כי אין הנאשם זכאי להקלה מעבר לרף העליון שבהסדר, אשר כשלעצמו מהווה עונש קל בנסיבות הענין, המגלם בתוכו את כל הנסיבות הרלוונטיות להתחשבות בנאשם, ויתכן אף מעבר לנדרש.",train
"מהו העיקרון המנחה בפיצוי לבעלי הרכב שנגנב, כפי שנקבע על ידי בית המשפט?","עוד מוצא בית המשפט לחייב את הנאשם בפיצוי לבעלות כלי הרכב שנגנבו, שיביא בחשבון גם רכיבים נלווים או לא ממונים, שאינם חוסים בפוליסות ביטוח וכן יהיה בו בבחינת הכרה בפגיעה שנגרמה להן.",train
כיצד משפיעה העברת נשק קר קטלני על פוטנציאל הסיכון במעשה?,"בנסיבות אלה – העברת נשק קר קטלני לידי אחי הנאשמת – היא, בעולם המעשה – העברת אמצעי המאפשר לו לממש את כוונותיו הקטלניות הזדוניות, ופוטנציאל הסיכון – עצום.",train
מהו השיקול שהוביל להטלת עיצום כספי מרתיע על הנאשם?,"כן יושת על הנאשם עיצום כספי מרתיע, בהיקף דומה לזה שהושת במקרים שהובאו לעיל, זאת בין היתר, לאור השווי הכלכלי של כלי הנשק וכחלק מתמהיל הענישה הכולל.",train
מהן הנסיבות שבהן עשוי בית המשפט להטיל ענישה ללא הרשעה?,"רק בנסיבות יוצאות דופן, בהן אין יחס סביר בין הנזק הצפוי מן ההרשעה בדין לבין חומרתה של העבירה, ינקוט בית המשפט, לפעמים, בחלופה של הטלת ענישה ללא הרשעה.",train
"מהו עקרון הענישה בעבירות סחר והפצה של סמים מסוכנים, כולל סמים ""קלים""?","ידע כל מי שמהרהר בדרכים לעשיית כסף קל, כי מדיניות הענישה לא השתנתה ובית המשפט רואה בחומרה עבירות של סחר והפצה של סמים מסוכנים, גם סמים ""קלים"", תוך הטלת ענישה משמעותית ומרתיעה.",train
כיצד יש לשקול את האינטרס הציבורי בעת הענישה בעבירות החזקת נשק?,"בבוא בית המשפט לשקול את הענישה בעבירות מסוג זה, עליו לתת משקל נכבד יותר לאינטרס הציבורי ולצורך להרתיע עבריינים בכוח מלבצע עבירות דומות, על פני הנסיבות האישיות של העבריין.",train
מהי ההוכחה לכך שהנאשם אינו מפחד מהחוק בעקבות מעשיו החוזרים?,"מעשיו של נאשם זה, לרבות העובדה, כי שב לעבור העבירות פעם נוספת, מעידים על היעדר מורא מהחוק.",train
מהו העיצום הכספי שיושת על הנאשם בהתחשב בנסיבות משפחתו?,"בנסיבותיה של משפחת הנאשם – יושת עיצום כספי על הצד הנמוך וזאת, לאור הקשיים עימם מתמודדת המשפחה ממילא.",train
מהי עמדת בית המשפט בנוגע לחומרת העבירות והאם בוצעו באכזריות מיוחדת?,"לעניננו, חרף חומרתן של העבירות, אין לאמר, כי המדובר בעבירות שבוצעו באכזריות מיוחדת; התביעה לא טענה, ולא הוכיחה בראיות, כי התקיפות גרמו לפגיעה מיוחדת במי מבני המשפחה, מעבר לפגיעה הקיימת תמיד בעבירות מסוג זה.",train
מדוע ראוי להטיל על הנאשם ענישה משמעותית בנסיבות המקרה?,"בנסיבות אלה 	6 ראוי הנאשם לענישה משמעותית, בעולם המעשה ובוודאי אין כל נימוק המצדיק חריגה ממתחם העונש ההולם.",train
מדוע נחשבת העבירה בה נתפס הנאשם לחריגה בספר החוקים הישראלי?,"העבירה בה נתפס הנאשם, חריגה היא בספר החוקים הישראלי, ואף בכל משטר דמוקרטי-ליברלי, היות שענינה החזקת חומר פורנוגרפי, בלבד, ללא שנטען כי לנאשם קשר כלשהו להפקת החומר האמור או להפצתו.",train
כיצד יש להכביד את הענישה על עבריינים הפונים לאלימות?,במסגרת מלחמה זו שומה על בתי המשפט להכביד את הענישה על עבריינים אלו.,train
מדוע ניתן לקבוע פיצוי גבוה גם כאשר יכולת הנאשם הכלכלית אינה גבוהה?,אין פסול בקביעת פיצוי גבוה יחסית גם במקרים שהיכולת הכלכלית אינה גבוהה.,train
כיצד צריכים העונשים המוטלים על נאשמים לשקף את עמדת החברה כלפי המעשים המבחילים?,העונשים שבית המשפט גוזר על נאשמים צריכים לשקף את סלידתה של החברה מהמעשים המבחילים ולהרתיע כאמור עבריינים פוטנצייאלים אחרים.,train
אילו גורמים יילקחו בחשבון לזכות הנאשם בעת קביעת הענישה?,"לזכות הנאשם, יקח בית המשפט בחשבון את גילו המבוגר ומצבו הרפואי הנטען (על אף שלא הוצגו אסמכתאות ועל אף שעד כה לא ניכר היה, שמצבו זה הכביד עליו בפעילותו).",train
כיצד משפיעים מאפייני האישיות של הנאשם על הערכת מסוכנותו?,"עם זאת, כפי שפורט בתסקיר, בשל מאפיניו האישיותיים, בהיעדר השתלבות בטיפול כאמור – לא ניתן לקבוע, כי מסוכנותו לעתיד פחתה.",train
מהו המשמעות המשפטית של עבירות המיועדות לשוטרי משטרת ישראל בהקשר לערך שלום האדם?,"עבירות אלו מצביעות, הן על זלזול בערך של שלום האדם ושלמות גופו והן, על היעדר מורא מהחוק ומנציגיו – אנשי המרות – שוטרי משטרת ישראל.",train
מהו המשקל שניתן לעבירות על רקע אידיאולוגי בהקשר זה?,"עם זאת, לענין זה משקל נמוך, במקרה דנן, לאור כך, שהמדובר בעבירות על רקע אידיאולוגי.",train
כיצד משפיעים גיל הנאשם ונסיבותיו האישיות על גובה העיצום הכספי?,"אולם, בשל גילו של הנאשם ונסיבותיו האישיות, כמו גם לאור סכום האתנן בעסקה הבודדת לגביה הורשע הנאשם - לא יושת עיצום הכספי על הצד הגבוה.",train
כיצד השפיעו המלצות שירות המבחן על גזר הדין שניתן לנאשם?,"בנסיבות אלה, מוצא בית המשפט להעמיד עונשו של הנאשם על הרף הנמוך של מתחם הענישה, תוך אימוץ המלצת שירות המבחן למבוגרים, להטלת עונש שיקומי – חינוכי במסגרת צו של""צ וכן מאסר מותנה וקנס.",train
מדוע לא תינתן הקלה בעונש לנאשם למרות טענותיו?,"זו, כמובן, זכותו, אך הוא לא יזכה להקלה לה זכאי מי שנוטל אחריות ומביע חרטה על מעשיו.",train
מהו תפקיד סקירת מדיניות הענישה הנוהגת בקביעת מתחם הענישה?,סקירת מדיניות הענישה הנוהגת היא רק שיקול אחד מבין כלל השיקולים אותו עושה בית המשפט בעת קביעת מתחם ענישה הולם.,train
מהי הקשר בין שכיחות גילוי העבירה לבין גובה העיצום הכספי הנדרש?,"לשון אחר, ככל ששכיחות הגילוי והאכיפה של עבירה נמוכה יותר, נדרשת השתת עיצום כספי גבוה יותר, על מנת למנוע מצב של כדאיות בביצוע העבירה.",train
מדוע לא יכול בית המשפט לקבל את המלצת שירות המבחן בנוגע לנאשם זה?,"אין בידי בית המשפט לקבל המלצתו העונשית של שירות המבחן בנוגע לנאשם זה, החורגת ממתחם הענישה ועונשו ימוקם קרוב למרכז המתחם.",train
מהו המצב של הנאשם שהשפיע על ההחלטה שלא לסטות ממתחם הענישה מטעמי שיקום?,"בהיעדר בעיה כלשהי ממנה סובל הנאשם – הטעונה טיפול – ומשלא התרשם שירות המבחן למבוגרים, מנזקקות טיפולית ולא הציג תכנית טיפולית - אין גם מקום לסטיה ממתחם הענישה מטעמי שיקום, כפי עתירת ההגנה.",train
מהן הסכנות החדשות שמציב המרחב הווירטואלי בפני מערכת המשפט?,"אלו הסכנות החדשות, והמשפט צריך אפוא להתאים עצמו להתמודד עם תת-התרבות העבריינית של הרשת.",train
כיצד משפיעה העובדה שהנאשם נתפש פעמיים בטווח קצר על הערכת מעורבותו בעולם הפשע?,"העובדה, כי הנאשם נתפש פעמיים, בטווח זמנים קצר, בגין עבירות דומות, מלמדת, כי בניגוד למצג שניסה ליצור - לא זנח את עולם הפשע בכלל ואת עולם הסמים המסוכנים בפרט.",train
כיצד משפיע האינטרס השיקומי על שיקולי הענישה בעבירות גניבה?,האינטרס השיקומי הינו חלק ממכלול השיקולים אשר נלקחים בחשבון במסגרת שיקוליה ענישה.,train
כיצד השפיע שקלול הנסיבות על מיקום עונשו של הנאשם במתחם הענישה?,"בשקלול הנסיבות, מוצא בית המשפט למקם עונשו של הנאשם בחלק התחתון של מתחם הענישה, אם גם לא ברף התחתון ממש.",train
"כיצד תרומתו של הנאשם במהלך שירותו בצה""ל ובמשטרת ישראל משפיעה על הענישה?","השני – שירותו הארוך של הנאשם בצה""ל ובמשטרת ישראל ללא כל דוֹּי ותוך תרומה משמעותית לחברה ולמדינה, כפי שעולה, בין היתר, מהמוצגים שהוגשו ומדבריהם של עדי ההגנה שהובאו לענין העונש.",train
מהו השיקול המרכזי המונע את הימנעות הרשעה במקרה זה?,די בעצם טיבם ועוצמתם של מעשי העבירה דנן למנוע הבאתם בגדרי החריג הנדיר של הימנעות מהרשעה.,train
מהו המשקל שניתן לחלוף הזמן מאז הסתבכויותיו של הנאשם?,"קיים משקל מסוים, לזכותו, לחלוף הזמן מאז הסתבכויותיו, שכן אין אינדיקציה, כי הורשע בעבירות נוספות מאז (למעט הפרת תנאי השחרור).",train
מהו המיקום שנמצא עונשו של הנאשם בשקלול הגורמים השונים?,"בשקלול הגורמים, מוצא בית המשפט למקם עונשו של הנאשם ברף התחתון של מתחם הענישה.",train
מהו המצב העובדתי המיוחד במקרה זה שהשפיע על קביעת מתחם הענישה?,"במקרה דנן, בו נטל הנאשם חפץ חד מביתו של המתלונן (אמנם, בהתאם לכתב האישום המתוקן, לא פורט טיבו של ה""חפץ החד"", אך לנוכח המפורט בכתב האישום, ברי, כי המדובר בחפץ שבאפשרותו לפצוע ולגרום לחבלה); עזב את הבית; חזר לבית; ומסיבה שאינה ברורה החל לדקור את המתלונן, ואף פצע אותו; הגם שבית המשפט סובר, כי היה מקום לקבוע מתחם ענישה גבוה יותר, יסתפק בית המשפט בעתירת התביעה ויעמיד את מתחם הענישה כך שינוע בין 10 ועד 24 חודשי מאסר בפועל.",train
מה היה עלול לקרות אילו האירועים לא היו מצולמים?,"כפי שטוענת המאשימה, אלמלא שפר מזלו של אותו אזרח (ואתרע מזלו של הנאשם) והאירועים צולמו – ואלמלא כשל נסיונו של הנאשם להשמיד הצילומים – היו מעשיו עלולים להביא לעיוות דין של ממש.",train
כיצד תורם בית המשפט למלחמה באלימות בחברה?,"""חברתנו הפכה להיות חברה אלימה, ותרומתו של בית-המשפט למלחמה באלימות היא בהטלת עונשים ראויים"", שישקפו ערכים של תגמול והרתעה.",train
מהו הכיוון שהענישה צפויה לקחת על פי כל הנתונים שהוצגו?,כל אלה מצביעים לכיוון ענישה על הרף הנמוך של המתחם שנקבע.,train
מדוע יש להתייחס בכובד ראש למקרים של איומים על נציגים נבחרים?,"צודקת התביעה, כי בדרך כלל, על בית המשפט להתיחס בכובד ראש למקרים מסוג זה, על מנת להבטיח ההליך הדמוקרטי התקין ולמנוע השפעה על נציגים נבחרים על ידי גורמים אלימים או עבריניים.",train
מהי חומרת עבירות פירוק חלקים מרכב ומה הקשר שלה לפגיעות אלימות?,חומרת עבירות אלה נובעת מהפגיעה בכלי הרכב ומהחשש להתפרצות של אירוע אלים בעקבות ביצוע עבירות אלו.,train
"מהו השינוי בחוק העונשין בשנת תש""ע לגבי עבירות פגיעה בתשתיות?","המחוקק הורה בשנת תש""ע – 2009 על החמרת הענישה בעבירות של פגיעה בתשתיות, שהן מאז עבירות מסוג פשע, מה שמראה כי היקף התופעה מחייב מתן ביטוי הולם בענישה.",train
מהו השיקול המרכזי שיש לתת לו משקל בעבירות סמים לפי פסיקות בתי המשפט?,"בית משפט זה לא אחת, תוך הדגשה שבעבירות אלה יש ליתן משקל ממשי לשיקול ההרתעתי אל מול השיקולים האישיים.",train
"מדוע יניח בית המשפט לזכות הנאשם כי נסיבותיו האישיות היו קשות, אף ללא הוכחה בכתובים?","על אף שהדבר לא הוכח בכתובים, הרי בהתאם לעדותה של עדת ההגנה ע.ה. 1 יניח בית המשפט, לזכות הנאשם, כי נסיבותיו האישיות והמשפחתיות היו קשות.",train
כיצד משפיעה הודאת הנאשם ולקיחת אחריות על גזר הדין במקרה זה?,"לזכות הנאשם, תילקח הודאתו באשמה ולקיחת אחריות על מעשיו, תוך הבעת חרטה, אף מבלי שיוצע לו הסדר טיעון.",train
מהו המצב המשפטי של הנאשם בנוגע לתכנון העבירות והאדישות כלפי נפגעי העבירה?,"המדובר בעבירות שנעברו תוך תכנון ובשום שכל, תוך הבעת אדישות מוחלטת כלפי נפגעי העבירה – בעלי הרכב - אשר כלי רכבם נגנב והם קמים בבוקר ועומדים מול שוקת שבורה.",train
מהי הסיבה להערכת החרטה הכנה שהפגין הנאשם?,"זאת, לנוכח החרטה הכנה שהפגין הנאשם, אשר באה ידי ביטויה במישור המעשה ולא במישור המילולי בלבד.",train
מהו העיקרון המשפטי שנקבע לגבי הרשעות בעבירות מרמה מתוכננות?,"כפי שקבע בית המשפט במקרים דומים, במקרים שענינם מעשי מרמה מתוכננים ומתוחכמים, לא תבוטל ההרשעה.",train
כיצד משפיעה מעמדו של הנאשם כקצין בטחון על האפשרות לבצע עבירות גניבה?,"היות הנאשם קצין בטחון במלון אף מקל, במידה רבה, על האפשרות לעבור עבירות מסוג זה, שכן איש לא יחשוד בקצין הבטחון, כי הגיע כדי לגנוב, וזאת גם אם יצפה בו מסתובב באזור החדרים.",train
מהו השיקול המרכזי המונע הטלת עונש שיאפשר רישום פלילי מופחת לנאשם?,"בשיקול כולל, כאשר בית הדין לוקח בחשבון את מידת המעורבות של הנאשם בעולם הסמים, את האורך ואת האינטנסיביות של השימוש בסם, וכן את העובדה, כי הנאשם נדון בעבר בבית דין צבאי (אם גם בגין עבירה אחרת) – אינו מוצא כי זהו המקרה המתאים להשית על הנאשם עונש שיאפשר רישום פלילי מופחת.",train
כיצד משפיעה אלימות ופריעת חוק על קיומה של זכות הביטוי והמחאה בחברה דמוקרטית?,"אדרבא, חברה דמוקרטית חפצת חיים חייבת להפנים אל תוכה את המסר החד והברור כי אלימות ופריעת חוק מקעקעים בראש ובראשונה את היתכנות קיומה של זכות הביטוי המחאה והצעקה.",train
מהו המשקל שניתן לעובדה שהנאשם הועמד לדין בגין עבירה של אחזקת סם ולא גידולו?,"בערעור ההגנה על גזר-הדין (עפ""ג 38049-06-19 אל צבאירה נ' מדינת ישראל), מצא בית המשפט המחוזי, הרכב בראשות כב' אב""ד השופט אליהו ביתן, כי היה ראוי ליתן משקל נוסף לכך, שהנאשם הועמד לדין בגין עבירה של אחזקת סם ולא גידולו ובשל כך ניתנה הקלה מסוימת לעונש אשר הועמד על 26 חודשי מאסר בפועל.",train
מהו השיקול שהוביל להחלטה על פסילת רישיון הנהיגה של הנאשם?,"אשר לרכיב פסילת רישיון הנהיגה, לאור העובדה, שנעברה עבירה של גניבת רכב, היה מקום להורות על רכיב ענישה זה.",train
מהו העונש שהוטל על הנאשם ומה מטרתו ביחס לקטינות הנפגעות?,"עוד מוצא בית המשפט להשית על הנאשם עונש מאסר צופה פני עתיד וכן פיצוי לקטינות הנפגעות, אשר – גם אם לא יהיה בו כדי להיטיב מלוא הנזקים שנגרמו להן, יהיה בו בבחינת מסר, בנוגע לאחריות הנאשם כלפיהן ואף לסייע להן ולו מעט בתחילת חייהן העצמאיים.",train
מהן המטרות שהחמרת הענישה בגין עבירות סמים משרתת?,"ההחמרה בענישה בגין עבירות סמים משרתת את מטרות הגמול וההרתעה, שהן היעדים העיקריים של הענישה בתחום הסמים.",train
מהי החובה המוטלת על העותר לאי-הרשעה כדי להצליח בבקשתו?,"בשורה ארוכה של פסקי דין נקבע, כי על העותר לאי-הרשעה מוטלת החובה להצביע על כך שהרשעתו תביא לפגיעה קשה וקונקרטית בסיכויי שיקומו, ולתמוך את טענותיו בתשתית ראייתית מתאימה.",train
מהו ההסבר המשפטי לפגיעה במרקם הכלכלי והפיננסי בעקבות המעשים של הנאשמת?,"המעבר לפגיעה הקניינית בבנקים השונים, שנמשכו מהם כספים ובחברת אלבר, שנלקחו מהם כספים ורכב, על סמך מצג שווא – הרי במעשים מסוג זה, יש כדי לפגוע במרקם השוטף של הפעילות הכלכלית והפיננסית במשק.",train
כיצד משפיעות הנסיבות האישיות של הנאשם על שיקול הדעת של בית המשפט?,"בית המשפט יקח בחשבון את נסיבותיו האישיות של הנאשם, אשר גדל ללא דמות אב, ונאלץ לשאת על כתפיו את עול פרנסת המשפחה, דבר אשר הוביל לחוסר הכוונה בחיים וחסכים רגשיים.",train
מהן הנסיבות שהובילו לאימוץ מתחם הענישה המוצע על ידי התביעה במקרה זה?,"בנסיבות דנן, לאור כמות הסם המסוכן שהחזיק בצוותא עם הנאשם 1 שלא לצריכתו העצמית; בתוספת הסם שהחזיק הנאשם לצריכתו העצמית וכן הסכין שהוחזקה 	6 מוצא בית המשפט לאמץ את מתחם הענישה אליו עתרה התביעה, כך שינוע בין 12 ועד 24 חודשי מאסר.",train
מהו השיקול הנוסף שעל בית המשפט לקחת בחשבון בעת קביעת מתחם העונש?,"רמת הענישה הנוהגת היא רק שיקול אחד שעל בית המשפט לקחת, בבואו לקבוע את מתחם העונש ההולם, זאת, לצד שיקולים נוספים כמו מידת הפגיעה בערכים המוגנים; התכנון שקדם לעבירות; התחכום בהן; משך ההתנהגות העבריינית ועוד.",train
אילו סוגי נאשמים עשויים להיות זכאים להקלות בהרשעה לפי הנסיבות המיוחדות?,"חריגים שכאלה יישמרו בראש ובראשונה למקרים המתאימים של נאשמים קטינים, או של נאשמים בוגרים שהעבירה שעברו נמצאת בתחתית רף החומרה, נסיבות השיקום בענינם בולטות בחריגותן – ובאיזון בין השניים לא יהיה יחס סביר בין הנזק הצפוי לנאשם מהרשעתו לבין חומרת העבירה.",train
מהן ההשלכות החברתיות של עבירות ריבוי נישואין כפי שנקבע בפסק הדין?,"מעבר  לפגיעה בכבוד האשה ובאפשרות לקדם השוויון בין המינים – מהוות עבירות אלה, כר פורה לתופעות של עוני; ניצול; עברינות; ואם לא תטופל תופעה זו – עלול הדבר להסיג אחור מצבן של משפחות רבות, חלף קידום שילובן במסגרת המדינה המודרנית.",train
כיצד משפיעה הודאת הנאשם ונכונותו לטיפול על ההקלות בעונש?,"לנוכח הודאת הנאשם באשמה ונכונותו לטיפול, יורה בית המשפט על הקלה מסוימת שתתבטא בכך, שהמאסר המותנה, שהוא חב הפעלה, יופעל באופן שחלקו יהיה חופף למאסר שיגזר.",train
מהי ההקלה שתינתן לנאשם לאור הודאתו באשמה?,"ברם, לאור הודאת הנאשם באשמה, תינתן לו הקלה מסוימת, במסגרתה תיערך חפיפה מסוימת בין העונשים בגין כל אחד מהתיקים, ובנוסף - יופעל המאסר המותנה מגזר הדין ת/4, כך שחלקו ירוצה בחופף לעונש שהוטל.",train
אילו שיקולים מצביעים על הקלה במסגרת מתחם הענישה?,כל אלה מצביעים לכיוון הקלה במסגרת מתחם הענישה.,train
מהי ההמלצה לגבי החמרת הענישה בעבור נישואי ביגמיה חדשים?,"על מנת לגרום להרתעה אפקטיבית מפני ביצוע העבירה, שרווחיה בצדה, יש מקום לשקול החמרה של ממש בענישת נישואי ביגמיה חדשים.",train
מהו המסר הציבורי שחשוב להעביר בקביעת מתחם ענישה עצמאי לכל אירוע של אלימות?,"כל אירוע כזה ראוי, הן מן הפן הערכי, של הבעת הסלידה ממנו; והן מן הפן ההרתעתי, מבחינת המסר שיועבר לציבור - שיבוא לידי ביטוי בקביעת מתחם ענישה עצמאי.",train
מדוע יש צורך בהרשעה הרתעתית במקרה של עבירות סמים בצבא?,"העבירות שעבר הנאשם, במידת האינטנסיביות שלהם, מחייבות גם הרתעת הרבים, לצורך השמירה על המשמעת הצבאית.",train
מהו השינוי במגע בין שניים כאשר הוא מתרחש בחדר סגור לעומת חשש לחשיפה ברשתות החברתיות?,"מגע שנותר בין שניים בחדר סגור נתחלף לו בחשש לחשיפה ולפרסום פומבי בפייסבוק וביו-טיוב, מה שעשוי להעצים את הפגיעה בנפגע העבירה.",train
מהן ההשלכות של השיקולים שנלקחו בחשבון על החמרת הענישה?,כל אלה מצביעים לכיוון החמרה במסגרת מתחם הענישה.,train
מהי עמדת החברה בישראל ובית המשפט לגבי תופעות פליליות חמורות?,"החברה בישראל, ובית המשפט בכלל זה, אינה יכולה להשלים עם תופעות אלה, ומצווה לעוקרן מן השורש.",train
מהי הסיבה להטלת קנס כספי על הנאשמים במקרה זה?,"ההכבדה על פעילות מערכת אכיפת החוק, שקשה למצוא לה הצדקה כלשהי, מצדיקה השתת עונש כספי מסוג קנס, לטובת אוצר המדינה.",train
מדוע יש לנקוט גישה מחמירה בענישה על עבירות התפרצות לבתים?,"בית משפט זה חזר והזהיר והתריע פעמים רבות, כי תינקט גישה מחמירה בענישה על עבירות רכוש בכלל ועל עבירות ההתפרצות לבתים בפרט, גישה אשר תציב הגנה משמעותית ויעילה יותר לביטחונם של אזרחים תמימים, ואשר תעניק את המשקל הראוי גם למחיר הנפשי והצער שמוסבים להם בשל החדירה לפרטיותם.",train
כיצד סיווגו הערכאות הקודמות את העבירות שביצע המבקש מבחינת חומרתן?,"לטעמי, צדקו הערכאות הקודמות כאשר סיווגו את העבירות שביצע המבקש כעבירות בעלות חומרה יתרה, הן בשל הסכנה הגלומה בהן לשלום הציבור, והן בשל העובדה כי גניבת רכב הפכה להיות 'מכת מדינה'.",train
מהו הכשל הערכי שמעידים עליו מעשי הנאשם?,מעשי הנאשם מעידים על כשל ערכי של ממש.,train
מהו העונש ההולם לשיבוש מהלך החיים של הציבור במקרה זה?,"שיבוש מהלך החיים של הציבור, כפי שנעשה במקרה שבפנינו, מחייב עונש הולם הכולל בין היתר גם מאסר בפועל, ובמיוחד כאשר הדברים לוו בפגיעה גופנית בשוטרים שביצעו עבודתם.",train
מדוע החזקת נשק בלתי חוקי עלולה לפגוע בשלטון החוק?,"בנוסף, החזקת נשק כאמור עלולה להביא לפגיעה בשלטון החוק ובנושאי שלטון החוק, המבצעים את תפקידם.",train
מהו תפקידם של שוטרי משטרת ישראל בשמירה על ביטחון הציבור?,"שוטרי משטרת ישראל, כמו אנשי שאר זרועות הביטחון, עושים לילות כימים למען שמירה על ביטחון הציבור, ועל כן מחויבים אנו לעשות ככל שניתן על מנת להגן עליהם מפני מי שמנסים להלך עליהם אימים ולפגוע בעבודתם החשובה, אשר נעשית למען כלל הציבור ולהבטחת ביטחונו האישי.",train
מהי אמת המידה שנקבעה לענישה במקרה של עדות חמס?,"אמת המידה שנקבעה בתורה בנוגע לענישה במקרה מסוג זה, היא – כי על העד להיענש באותו האופן, בו היה נענש מושא עדות החמס, לו היתה מתקבלת.",train
מהו המשקל שיש לתת לעברו הפלילי הנקי של הנאשם בעת קביעת הענישה?,"ביום פקודה, על בית המשפט ליתן משקל ממשי לעובדות אלה, אשר, ביחד עם עברו הפלילי הנקי של הנאשם והודאתו באשמה, מטות את הכף לצד הנמוך של מתחם הענישה, אם גם לא על הרף הנמוך ממש.",train
מהי הסיבה לכך שעתירת התביעה למאסר בפועל בן 6 חודשים נחשבת לראויה?,"בנסיבות המתוארות, מוצא בית המשפט, כי עתירת התביעה, במסגרת ההסדר, למאסר בפועל בן 6 חודשים – היא הראויה ומשקפת את חומרת העבירות מחד, כלעומת נתוניו האישיים של הנאשם, לרבות יחסו לעבירות, ערכיו ומידת הסיכון הנובעת ממעשיו.",train
כיצד סקירת הענישה הנוהגת משפיעה על התייחסות למקרה הנדון?,"במקביל סקירת הענישה הנוהגת, אף אם אין המדובר במקרים זהים למקרה שלפנינו או בסעיפי עבירה זהים, מהווה בסיס להתייחסות עניינית למידת חומרת המקרה.",train
מהו תפקיד המבחן במקרה של הנאשם בהליך הטיפולי?,"הנאשם יועמד תחת מבחן, על מנת לאפשר לו להשלים ההליך הטיפולי וצו המבחן יהווה חרב נוספת התלויה מעל ראשו.",train
מהו השיקול שהנחה את בית המשפט בהטלת מאסרים מותנים על הנאשם?,"לצורך הרתעת הנאשם לעתיד, מוצא בית המשפט להשית מאסרים מותנים משמעותיים.",train
מהו הפיצוי שיושת על הנאשם לאור אופיו הקשה של הנזק שנגרם לנפגע העבירה?,"לנוכח אופיו הקשה של הנזק, שנגרם לנפגע העבירה, וכן תוך איזון כלל רכיבי הענישה בתיק זה, יושת פיצוי משמעותי, שגם אם לא יהיה בו כדי להיטיב את מלוא הנזק שנגרם, יהיה בו כדי לגלם, ולו במעט, את מכאוביו הנפשיים והפיזיים בעקבות מעשי הנאשם ואף לאפשר לנאשם להפנים את התוצאות החמורות של מעשיו.",train
מהי חשיבות מדיניות הענישה בקביעת מתחם הענישה ההולם על ידי בית המשפט?,"מדיניות הענישה הנוהגת היא שיקול אחד מבין מכלול השיקולים שעל בית המשפט לקחת בחשבון בבואו לקבוע את מתחם הענישה ההולם, אך אינה שיקול בלעדי.",train
מדוע יש לשקול אי הכרה בנזקים במסגרת המתחם?,אי הכרה בנזקים היא נסיבה אותה יש לשקול במסגרת המתחם.,train
מהו הגורם לכך שהנאשם לא הושפע מהמאסר המותנה הקודם ולא נמנע מביצוע העבירות?,"הנאשם עבר העבירות, כאשר מעל ראשו תלוי ועומד מאסר מותנה בר הפעלה, ולא היה בכך כדי להרתיעו מלעבור העבירות.",train
מהו הנימוק להחמרה בעונש במקרה שבו הוקם מתחם ייעודי לגידול סם?,"אחד הנימוקים להחמרה באותו מקרה, היה – כי הוקם מתחם ייעודי, בתוך בית גדול שנשכר לשם גידול הסם.",train
כיצד משפיע חלוף הזמן על נקודת האיזון במתחם הענישה של הנאשם?,"לאור חלוף הזמן, תשתנה נקודת האיזון במסגרת מתחם הענישה, כך שהנאשם יענש על הצד הבינוני של המתחם ולא על הצד הגבוה, כפי שראוי היה בהתאם לשיקולים שפורטו לעיל.",train
כיצד ההחמרה בענישה בגין עבירות סמים תורמת למטרות הגמול וההרתעה?,"ההחמרה בענישה בגין עבירות סמים משרתת את מטרות הגמול וההרתעה, שהן היעדים העיקריים של הענישה בתחום הסמים.",train
כיצד השפיעה הודאת הנאשמים באשמה על העונש המוטל בעניינם?,"עם זאת, לנוכח הודאת הנאשמים באשמה אשר היה בה כדי לחסוך זמן שיפוטי ניכר, וכן תוך שבית המשפט לוקח בחשבון הענשים שהוטלו על המעורבים הנוספים בפרשה, שאינם חמורים (גם אם קיים הבדל בחלקם של אותם מעורבים ובעבירות המיוחסות להם 	6 המדובר במעורבים באותה פרשה) 	6 יעמיד בית המשפט את העונשים בענינם של הנאשמים דנן מתחת למרכז מתחמי הענישה.",train
מהו השיקול המרכזי שהוביל את בית המשפט להעדיף את האינטרס הציבורי על פני נסיבות הנאשמים האישיות?,"בנוגע לכלל הנאשמים בתיק זה, מוצא בית המשפט כי נסיבותיהם האישיות נדחות אחור מפני האינטרס הציבורי וזאת לאור החומרה הנלווית לעבירות, בנסיבות בהן נעברו.",train
כיצד משפיעה חזרת הנאשם על עבירות דומות על ההחלטה בעניינו?,"המציאות מלמדת, כי אותו עונש לא הרתיע הנאשם והוא שב ומסתבך בעבירות דומות.",train
מהי הסיבה לקביעת מתחם הענישה בין שנתיים לארבע שנות מאסר בפועל במקרה זה?,"אשר למתחם הענישה עצמו, יוער, כי לאור נפיצות העבירות; העליה בכתבי האישום הנדונים לפני בתי המשפט בכלל, ולפני מותב זה בפרט, בעבירות שכאלה; בשים לב לעובדה, שהמדובר בעבירות שנעברו תוך התארגנות, במהלכה הגיעו הצדדים יחדיו מיישוב מחוץ לעיר באר שבע כדי לעבור העבירות; תוך הסתייעות באמצעים לוגיסטיים ובין היתר – כלי רכב של הנאשם וכן מכשירים לשיבוש תדרים (המדובר במכשור מתוחכם ביותר, שכמעט שלא ניתן להשיג במסגרת אזרחית ולרוב מקורו במערכת הביטחון); גנבו יחדיו לא פחות משני כלי רכב, במהלך לילה אחד - על כל המשתמע מכך באשר להתגברות על מנגנוני הגנה בכלי הרכב – ניתן לקבוע, כי המדובר בקבוצה של נאשמים המעורים לעומק בעולם גניבות הרכב ועל כן – מוצא בית המשפט את מתחם הענישה, אליו עתרה התביעה – ראוי והוא יועמד בין שנתיים ועד לארבע שנות מאסר בפועל.",train
כיצד משפיעה תקופת הזמן שחלפה על השיקול השיקומי של הנאשם?,"העבירות דנן נעברו לפני זמן רב  יותר מחמש שנים, כך שהיה די והותר זמן לראות, כי הכיוון השיקומי בו בחר הנאשם איננו מן הפה אל החוץ, שכן, מאז לא הסתבך בעבירה כלשהי.",train
"מהו העיקרון הכללי לגבי ענישה בעבירות החזקת נשק, גם כאשר מדובר בעבירה ראשונה?","כלל יש לאסור את המבצעים עבירה זו, גם אם מדובר בעבירה ראשונה, מאחורי סורג ובריח, ואילו אורך התקופה כלול בנסיבות הספציפיות של העושה והמעשה.",train
מהו הצורך המשפטי המובהק במאבק נגד הפצת סמים כפי שנדון בפסיקה?,"על הצורך להילחם מלחמת חורמה בתופעה הזו, וחומרת הענישה שיש לנקוט כלפי המעורבים במערך הפצת הסמים, דובר רבות בפסיקה.",train
מהו השיקול שצריך בית המשפט לשקול בעת קביעת מתחם העונש ההולם?,"בבואו של בית המשפט לקבוע את מתחם העונש ההולם, עליו לשקול, בין היתר, את מדיניות הענישה הנוהגת, אך שיקול זה – כמובן אינו היחיד.",train
מהי הכוונה בשורת הדין כאשר הכף נוטה לכיוון ענישה בחלק העליון של המתחמים?,שורת הדין מטה הכף לכיוון ענישה בחלק העליון של המתחמים שנקבעו.,train
מהי ההשפעה של חומרת הסיכון על הענישה בעבירות נשק?,"בשורה של פסקי דין נקבע, כי חומרת הסיכון הנשקף מעבירות אלה, מחייבת השתת עונשי מאסר בפועל בגין עבירות אלה והנסיבות האישיות נסוגות אחור מול האינטרס הציבורי.",train
מהו השיקול שהנחה את בית המשפט בקביעת רכיב פסילת רישיון הנהיגה בעניינו של הנאשם?,"על מנת שלא לפגוע במאמצי השיקום של הנאשם, יושת רכיב פסילת רישיון הנהיגה לפרק זמן קצר בלבד.",train
מדוע אין לתת משקל לעובדה שהנאשמת 1 נעדרת עבר פלילי?,"בית המשפט אינו מוצא ליתן משקל ממשי לעובדה, שהנאשמת 1 נעדרת עבר פלילי, משום ששלטונות שב""ס אינם מאפשרים לאדם בעל עבר פלילי לבקר אסיר, כך שעבירות שענינן הסלקת טובין או ציוד אסור ונסיון העברתם לאסירים מתבצעות תדיר דווקא על ידי מי שהם נעדרים עבר פלילי.",train
מהן המגרעות הנובעות מהשהייה הבלתי חוקית והשפעתן על ביטחון המדינה?,"אין צורך להיות מומחה בביטחון על מנת להבין, כי לשהיה בלתי חוקית אוסף מגרעות; ראשית -  היא הפרת החוק, וזו רעה חולה, ולא זו בלבד, אלא יש בה פוטנציאל ברור לסיכון בטחוני, והיו דברים מעולם; ואין מדינה עלי חלד שלא תיאבק בנכנסים לשטחה באופן בלתי חוקי, לא כל שכן אם יש מהם העלולים לסכן את ביטחונה ואף סיכנוהו.",train
כיצד משפיעה מידת המעורבות העברינית של נאשם 3 על מתחם הענישה?,"מידת המעורבות העברינית של נאשם 3, העולה מהשתלבותו בחבורה העוסקת באופן סדרתי בגניבות כלי רכב ובפריצתם, במקצוענות ולאחר תכנון – מלמדת על ערכים אנטי-חברתיים ומצביעה לכיוון החמרה במסגרת מתחם הענישה.",train
כיצד השפיעה אי ההכרה בנזקים על קביעת מתחם הענישה?,"נזקים אלו נלקחו בחשבון בעת קביעת מתחם הענישה, אך לעניננו, לא מצא בית המשפט, כי הנאשם מצר על הנזקים שגרם, מעבר להבעת צער במישור הרטורי, ומטיעוני ההגנה אף לא עולה קיומה של הכרה כלשהי  בנזקים אלה.",train
מדוע הנאשם לא ניצל את ההזדמנות שניתנה לו להפסיק את דרכו העבריינית?,"הנאשם לא אזר כוחות לסיים ההליך הטיפולי ובכך דחה היד המושטת לעברו ונמנע מלנצל הזדמנות של ממש שניתנה לו, לעזוב את דרכו העבריינית ולשוב לדרך הישר.",train
באילו מקרים יעמוד מתחם הענישה על רף גבוה יותר?,"מתחם זה אינו נוגע למקרים שענינן עבירות שנעברו כלפי אנשים מרות בחבורה, תוך גרימת חבלות או תוך שימוש בנשק חם או קר  כמובן במקרים אלה יעמוד המתחם על רף גבוה יותר.",train
מדוע הוחלט להטיל קנס שאינו ברף הגבוה על הנאשם despite מצבו הכלכלי?,"אולם, לאור מצבו הכלכלי של הנאשם, הגם שלא הוצגו אסמכתאות לכך, ולאור הסכמת הנאשם לשלם פיצוי בסך 50,000 ₪, מתוכם כבר שילם סך של 10,000 ₪, יושת קנס שאינו ברף הגבוה ביחס למקרים דומים.",train
מהו הפיצוי שיושת על הנאשם בגין גניבת מכשירים מהמתלונן?,"כמובן, לאור התעוזה של הנאשם להיכנס לביתו של אדם אחר, ולגנוב ממנו את מכשיר הטלפון הנייד שלו, את מפתחות הרכב שלו ואף לסייע לאחר לגנוב את רכבו, יושת פיצוי משמעותי, אשר יהיה בו כדי להכיר בנזקים הממוניים ושאינם ממוניים אשר גרם הנאשם למתלונן.",train
מהי הקריאה של בית המשפט העליון למחוקק בנוגע לעונש המוטל על העבירה?,"בית המשפט העליון הפנה קריאה למחוקק לתקן החוק, וציין במפורש, כי אם היתה בידו הסמכות  היה גוזר עונש גבוה יותר.",train
כיצד מתחשבים ביכולת הכלכלית של הנאשם בעת הטלת קנס?,"בהתאם להוראות הדין, בעת השתת עונש מסוג קנס, יתחשב ביכולתו הכלכלית של הנאשם.",train
מדוע נהיגה תחת השפעת חומר משנה תודעה נחשבת לפוטנציאל סיכון גבוה לעוברי דרך?,"שימוש כזה בכלי רכב, כשלא זו בלבד שלנהג אין הכשרה מתאימה, אלא הוא גם תחת השפעת חומר משנה תודעה - יוצר פוטנציאל סיכון גבוה מאוד לקיפוח חייהם של עוברי דרך תמימים.",train
כיצד משפיע מצבו הכלכלי של הנאשם על גובה הקנס שיוטל עליו?,"לאור מצבו הכלכלי של הנאשם, כפי הנטען ולנוכח ההליך השיקומי שעבר – לא יושת קנס על הצד הגבוה.",train
מהו השיקול המרכזי שמצדיק ענישה מרתיעה במקרה זה?,"טיב העבירות עצמן מחייב, במקרה דנן, ענישה מרתיעה בדמות מאסר בפועל ממש.",train
מה קבע בית המשפט המחוזי לגבי רכיב המאסר בעבירות החזקת נשק?,"בית המשפט המחוזי, בשבתו כבית משפט לערעורים פליליים, קבע, כי רכיב המאסר אינו כולל החמרה, וכי חומרת העבירות מחייבת מענה עונש מרתיע.",train
מהי ההבנה שהשתרשה בפסיקות האחרונות לגבי הענישה בעבירות מסוג זה?,בפסיקת בתי המשפט מהשנים האחרונות קנתה שביתה ההבנה 1 כי יש לנקוט בענישה מחמירה 1 לרבות ענשי מאסר בפועל 1 גין עבירות מסוג זה.,train
כיצד משפיעה ההקלה על תקופת המאסר של הנאשם?,"הקלה זו לא תבטל הצורך בהשתת מאסר בפועל, אך תוביל לקיצור משמעותי של תקופת המאסר, שיהיה בו משום הושטת יד לנאשם, במסגרת מאמציו להשתקם.",train
כיצד החמירה הפסיקה את רף הענישה בעבירות אלימות במשפחה?,"באופן דומה, וכחלק מהצורך במלחמה בתופעה זו, החמירה אף הפסיקה את רף הענישה: ""לא די ברטוריקה מרתיעה המוקיעה את עבירות האלימות במשפחה, ויש לגבות את האמירות החשובות שבפסקי הדין בענישה הולמת"".",train
מהי עמדת התביעה לגבי חריגה ממתחם העונש הסביר במקרה זה?,"בנסיבות המתוארות, הסכימה אף התביעה, כי ניתן לחרוג ממתחם העונש הסביר בעניינו של הנאשם.",train
כיצד השפיעו שירותו הצבאי ושאיפותיו הנורמטיביות על עונשו של הנאשם?,"אשר לענישה במסגרת המתחם 	6 אופן התנהגותו של הנאשם מצדיק היה ענישה מעבר לרף הנמוך של המתחם, אך בנקודה זו 	6 יינתן משקל לשירותו הצבאי המשמעותי ולשאיפותיו הנורמטיביות, גם אם לא באו לידי ביטוי, בעולם המעשה, בתקופה האחרונה.",train
כיצד משפיעה אלימות כלפי בת זוג על המשמעות של המעשה בתא המשפחתי?,"מעשים אלה מקבלים משנה חומרה, כאשר מדובר באלימות הננקטת כלפי בת זוג, החיה עם אותו אדם תחת קורת גג אחת, בתא משפחתי מצומצם, האמור להוות עבורה משענת ומקום מבטחים.",train
מהו המניע של בית המשפט לחזק את ידיהם של בתי המשפט הדיוניים בעבירות אלו?,המעט שבידי בית משפט זה לעשות הוא לחזק את ידיהם של בתי המשפט הדיוניים בראייה מחמירה של העבירות הכרוכות בכך.,train
מהו התנאי להימנעות מהרשעה בעבירות מסוימות לפי הנסיבות האישיות של הנאשם?,"החריג של אי הרשעה לא ייבחן כלל אלא משמדובר בעבירות שטיבן הינו כזה המאפשר, בהתקיים הנסיבות האישיות המיוחדות ,הימנעות מהרשעה.",train
כיצד משפיעה פסילת רישיון הנהיגה על תמהיל הענישה במקרה זה?,"לנוכח ההסדר המקל, מהווה רכיב פסילת רישיון הנהיגה, במקרה דנן, רכיב חשוב שיהיה בו כדי לאזן את תמהיל הענישה, הן מבחינת הגמול על מעשי העבירה המכוערים והן להרתעת הנאשמים לעתיד.",train
מהו המשקל שיש לתת לאינטרס הציבורי בעת שקילת הענישה בעבירות החזקת נשק?,"בבוא בית המשפט לשקול את הענישה בעבירות מסוג זה, עליו לתת משקל נכבד יותר לאינטרס הציבורי ולצורך להרתיע עבריינים בכוח מלבצע עבירות דומות, על פני הנסיבות האישיות של העבריין.",train
מהו ההיגיון מאחורי השפעת הנתונים האישיים על מידת הפליליות של המעשה?,"ההגיון העומד מאחורי קביעה זו, היא כי לנתונים מיוחדים מסוג זה השפעה על עצם מידת הפליליות והאנטי חברתיות של המעשה (השפעה דומה ליסוד הנפשי הנלווה לעבירה, שגם הוא בא בחשבון בעת קביעת המתחם ולא במיצוב העונש בתוכו).",train
מהי הציפייה מעורך דין מתעתד לסיים תואר במשפטים בנוגע לכיבוד החוק?,"דווקא מאדם אשר מתעתד לסיים תואר במשפטים, יש לצפות כי יכבד שלטון החוק, הסדר הציבורי ושומה עליו לדעת ולהבין השלכות מעשיו.",train
מהו מתחם הענישה שנקבע בגין העבירות המיוחסות לנאשם במקרה זה?,"בשני מקרים יוחסו לו גם גרימת חבלה לכלי הרכב והוא אף הורשע בעבירות נוספות של הפרעה לשוטר בעת מילוי תפקידו וכן צירף תיק שענינו הפרת הוראה חוקית - בשים לב לכך שמתחם הענישה בגין אירוע בודד של גניבת רכב נע עד שנתיים מאסר בפועל ונסיון לגניבת רכב – עד 20 חדשי מאסר בפועל – תוך חפיפה מסוימת בין המתחמים, מוצא בית המשפט להעמיד את המתחם הכולל בין 30 חדשי מאסר ועד לחמש שנות מאסר.",train
כיצד משפיעה המלצת שירות המבחן על עונשו של הנאשם העובד כנהג חלוקה?,"הוסף לאמור, נאשם זה עובד כנהג חלוקה, כאשר המלצת שירות המבחן, להימנע מהרשעתו, באה, בעיקר מן הטעם של מניעת פגיעה בדימויו העצמי.",train
מדוע בית המשפט לא התערב במתחם הענישה שנקבע על ידי בית משפט קמא?,"בית המשפט לא מצא להתערב בסוג הענישה או במתחם הענישה, מאחר שצויין כי בצדק סבר בית משפט קמא, שלא ניתן לסיים ההליך בגין עבירות מסוג זה, בלא עונש של מאסר בפועל, ולו לריצוי בדרך של עבודות שירות.",train
כיצד מתכוון בית המשפט לאזן את תמהיל הענישה במקרה זה?,"על מנת שתמהיל הענישה יהיה מאוזן וישקף את חומרת המעשים שביצע הנאשם, רואה בית המשפט להרחיב היקפו של צו השל""צ מעבר להמלצת שירות המבחן, וכן לחייב הנאשם בעיצום כספי משמעותי, אשר יועבר לקרן לרווחת בעלי חיים.",train
כיצד משפיע האינטרס השיקומי על שיקולי הענישה בעבירות פליליות?,האינטרס השיקומי הינו חלק ממכלול השיקולים אשר נלקחים בחשבון במסגרת שיקוליה ענישה.,train
כיצד משפיע פסיקת הפיצוי על הכרה בייסוריה של המתלוננת?,"יש בפסיקת הפיצוי משום מסר של הכרה בייסורים שעברה, ובמכאוביה הפיזיים והנפשיים, והוא עשוי לסייע לה לשקם את חייה.",train
מהן הנסיבות שהצדיקו את מתחם הענישה שהציעה המאשימה?,"בצדק, עתרה המאשימה למתחם הענישה שנמסר על ידה, אשר הינו ראוי והולם לנסיבות ביצוע העבירה; מידת הפגיעה בערכים המוגנים; הנזק שנגרם למתלוננים; פוטנציאל הנזק של האירוע להסלים; ולאור כך שהנאשם קיבל סכומי כסף רבים עבור חלקו בעבירות.",train
היכן ממקם בית המשפט את עונשו של הנאשם במכלול השיקולים?,"במכלול השיקולים, מוצא בית המשפט למקם את עונשו של הנאשם ברף התחתון של מתחם הענישה.",train
מהו השיקול המרכזי המוביל לדחיית הנסיבות האישיות בעבירות סמים בהיקף משמעותי?,"כבר נאמר, לא פעם, כי בעבירות סמים, בייחוד בהיקף כזה – נדחות הנסיבות האישיות מפני האינטרס הציבורי.",train
מהי ההשפעה של חוסר הגנה על אוכפי החוק על אכיפת החוק במדינה?,ללא הגנה ראויה על אוכפי החוק לא תוכל המדינה להבטיח לציבור הרחב אכיפה יעילה של החוק והבטחת הסדר הציבור.,train
מהו מתחם הענישה שנקבע על ידי בית המשפט בעבירות סמים בנסיבות המקרה?,"בנסיבות האמורות, לאור טיב הסם; כמות הסם; אופן החזקתו מחולק למנות; ובשים לב למדיניות הענישה הנוהגת, מוצא בית המשפט לקבוע מתחם ענישה הנע בין 12 ועד 24 חודשי מאסר בפועל.",train
מהו מתחם הענישה שנקבע על ידי בית המשפט בגין העבירות המיוחסות לנאשמים?,"לאחר סקירת הפסיקה, תוך אבחון המקרה דנן ומקרים חמורים יותר, ותוך שבית המשפט לוקח בחשבון, כי בחלק מהמקרים שהוצגו, ניתנו גזרי דין לפני התיקון לחוק - מעמיד בית המשפט את מתחם הענישה בגין עבירות אלה, בנסיבות העולות מכתב האישום דנן, בין 12 עד  36 חודשי מאסר בפועל.",train
מהן השיקולים המרכזיים לקביעת הענישה הספציפית במקרה זה?,הקביעת הענישה הספציפית במסגרת המתחם נעוצה במידת התחכום בביצוע העבירה; בגובה הנזק שנגרם או בגובה הנזק הפוטנציאלי; בנסיבותיו האישיות של הנאשם לרבות עברו הפלילי והערכת הסיכון לגבי העתיד.,train
מהו הקשר בין הגנה על אוכפי החוק לבין אכיפת החוק והבטחת הסדר הציבור?,ללא הגנה ראויה על אוכפי החוק לא תוכל המדינה להבטיח לציבור הרחב אכיפה יעילה של החוק והבטחת הסדר הציבור.,train
מדוע יש להגן על שוטרי משטרת ישראל מפני מי שמנסים לפגוע בעבודתם?,"שוטרי משטרת ישראל, כמו אנשי שאר זרועות הביטחון, עושים לילות כימים למען שמירה על ביטחון הציבור, ועל כן מחויבים אנו לעשות ככל שניתן על מנת להגן עליהם מפני מי שמנסים להלך עליהם אימים ולפגוע בעבודתם החשובה, אשר נעשית למען כלל הציבור ולהבטחת ביטחונו האישי.",train
מדוע אין מניעה להטיל עונש מינימום בחלקו על תנאי במקרים מסוימים?,"אמנם, אין מניעה, במקרים מסוימים, כי עונש המינימום יושת כשחלקו – על תנאי.",train
מהו העיקרון המשפטי המנחה את בית המשפט בנוגע לשלומם של השוטרים בעת תקיפה?,"שלומם הגופני והאישי ושלום חייהם של השוטרים אינו הפקר, ועל בית המשפט ליתן להם הגיבוי המתאים כאשר מותקפים.",train
כיצד השפיעו הרשעותיו הקודמות של הנאשם על קביעת עונשו?,"בשקלול הנסיבות, תוך מתן משקל משמעותי להרשעותיו הקודמות של הנאשם, שהן מאותו הסוג ממש, ובגין אותה מערכת יחסים  מוצא בית המשפט למקם את עונשו של הנאשם בחלקו הבינוני של המתחם, אך לא בתחתית ממש.",train
כיצד משפיעה עבירת הסתיעות ברכב לביצוע פשע על מתחם הענישה של העבירות התעבורתיות?,אשר לעבירה שענינה הסתיעות ברכב לביצוע פשע  בנסיבות הענין  יבלע מתחם הענישה בגין עבירה זו במסגרת יתר העבירות התעבורתיות תוך שתהווה נסיבה להחמרה במסגרת אותו מתחם.,train
מדוע המלצת שירות המבחן אינה מתאימה לחומרת מעשי הנאשם?,"תסקיר שירות המבחן אמנם בא בהמלצה שיקומית, אולם, המלצה זו אינה הולמת, ולו במעט, את חומרת מעשי הנאשם, בפרט לאור הרשעותיו הקודמות בעבירות אלימות דומות.",train
מדוע בית המשפט נוקט גישה מחמירה בענישה על עבירות התפרצות לבתים?,"בית משפט זה חזר והזהיר והתריע פעמים רבות, כי תינקט גישה מחמירה בענישה על עבירות רכוש בכלל ועל עבירות ההתפרצות לבתים בפרט, גישה אשר תציב הגנה משמעותית ויעילה יותר לביטחונם של אזרחים תמימים, ואשר תעניק את המשקל הראוי גם למחיר הנפשי והצער שמוסבים להם בשל החדירה לפרטיותם.",train
כיצד משפיעים השינויים בנסיבות כתב האישום על גזירת המתחם הראוי לעונש במקרה זה?,"בתוך גזירת המתחם הראוי מהמתחם שנקבע בבית משפט זה בפרשת חזות דלעיל והתאמתו לנסיבות כתב האישום דנן, בשינויים הנדרשים (במקרה דנן, המדובר בפעילות בחבורה; לאחר תכנון מדוקדק מראש; הצטיידות במסמכים הנדרשים מראש; כמו כן, העבירות כאן, בניגוד למקרה שהובא לעיל, נעברו בנסיבות מחמירות) ובשים לב לכך, שבמקרה זה המדובר על שני אירועים דומים (הגם שבאירוע השני לא הושלמו העבירות וטרם נתקבלו הכספים) כלומר פעילות שיטתית 	6 יועמד מתחם הענישה, במקרה זה, בין עונש מאסר בפועל בן מחצית השנה, כאשר לאור הנסיבות המחמירות 	6 יהיה המאסר לריצוי בפועל ממש, בין כתלי בית האסורים 	6 ועד לעונש מאסר בפועל בן שנה ומחצה.",train
מהו העיקרון המשפטי המנחה את בית המשפט ביחס לשלומם של השוטרים בעת ביצוע תפקידם?,"שלומם הגופני והאישי ושלום חייהם של השוטרים אינו הפקר, ועל בית המשפט ליתן להם הגיבוי המתאים כאשר מותקפים בעת ביצוע תפקידם.",train
מהו המבחן הנוהג שעל בית המשפט לבחון במקרה של הרשעה?,"המבחן הנוהג, כיום, לענין זה, הוא דו ראשי: ראשית, על בית המשפט לבחון, האם טיב העבירה מאפשר הימנעות מהרשעת הנאשם בדין.",train
מדוע יש להטיל מאסר על הנאשם במקרה זה?,"טיב העבירה – פגיעה ברעייתו תוך שימוש בנשק קר (אבן); בנסיבות בהן הנאשם לא השתלב בהליך טיפולי כלשהו ואין אינדיקציה, כי הפנים את חומרת מעשיו – מחייב השתת מאסר בין כתלי בית האסורים.",train
מהו השיקול שהנחה את בית המשפט בהטלת העיצום הכספי על הנאשם?,"לנוכח המניע, שעומד ברקע לעבירות סמים וכן שווי הסמים שהוחזקו, מוצא בית המשפט להטיל עיצום כספי משמעותי מסוג קנס.",train
מדוע אין מקום לבטל הרשעה במעשי מרמה מבחינת המסר הציבורי?,כאשר המדובר במעשים כאלה של מרמה – מבחינת המסר הציבורי הנלווה להחלטותיו של בית המשפט - אין מקום להורות על ביטול הרשעה.,train
כיצד משפיעה הודאת הנאשם באשמה על נטילת האחריות למעשיו?,"לזכות הנאשם תבוא הודאתו באשמה, בסופו של דבר, שיש בה משום נטילת אחריות על מעשיו, הגם שבחר לעשות כן רק לאחר שאותר ונעצר מחדש.",train
מה מעידות העובדות בכתב האישום המתוקן על מעורבות הנאשם בעולם הסמים המסוכנים?,"עובדות כתב האישום המתוקן והמוסכם בהן הודה הנאשם, ובכללן 2 האופן בו נערכו העסקאות למכירת הסמים המסוכנים, בין היתר לסוכן משטרתי, תוך אספקת סמים באופן מידי ובמשקל גבוה מעידות על מעורבות עומק בעולם הסמים המסוכנים, וכי הנאשם אינו ""קוטל קנים"" בתחום הסמים.",train
כיצד העונשים המוטלים על נאשמים משקפים את סלידת החברה מהמעשים?,העונשים שבית המשפט גוזר על נאשמים צריכים לשקף את סלידתה של החברה מהמעשים המבחילים ולהרתיע כאמור עבריינים פוטנצייאלים אחרים.,train
מהו מתחם הענישה המומלץ על ידי התביעה במקרה זה?,בשמת מן הדין לאמץ את מתחם הענישה אליו עתרה התביעה ולהעמידו כך שינוע בין 20 ועד 40 חודשי מאסר בפועל.,train
מהו השיקול שהוביל את בית המשפט להסכים לעונש קל לנאשם?,"בית המשפט הדגיש, כי עונש הנאשם שהוסכם קל, עד שבית המשפט לא היה מאמץ ההסדר, אלמלא היכולת לאזן המאסר עם הטלת ענישה כספית בסכום ניכר.",train
מהו השיקול המרכזי שעל בית המשפט לקחת בחשבון בקביעת הענישה הספציפית?,"בקביעת הענישה הספציפית במסגרת המתחם על בית המשפט ליקח בחשבון את עברו הפלילי של הנאשם, מידת האנטי חברתיות ועצמת הכשל הערכי העולה מהתנהגותו של הנאשם, נסיבותיו האישיות ופרוגנוזת הגורמים המוסמכים בענינו.",train
כיצד משפיעה חווית חייהן של המתלוננות על הנזקים שנגרמו להן?,"תקיפת הקטינות המתלוננות במצב בו חיו ותפקדו, ללא אם, בהיעדר דמויות מגוננות אחרות, כשהאב נשוי בשנית והן מוחזקות במבנה נפרד, ללא תנאים בסיסיים ומועסקות בטיפול בעבודות הבית – מעצימה השפעת הנזקים והפגיעות, שנגרמו למי שממילא החלו חייהם מנקודת פתיחה דלה ונמוכה.",train
מהו הפוטנציאל שהנאשם יצר לפגיעה בשלום הציבור ובמרקם החיים התקין?,"בכך, יצר הנאשם פוטנציאל לפגישה ממשית בשלום הציבור, במרקם החיים התקין בחברה ובפריון בעבודה, שכן אין צורך להכביר מילים בדבר השפעת שימוש בסמים מסוכנים על תפקודם של צרכני הסם.",train
מהו השיקול שעל בית המשפט לקחת בחשבון בעת קביעת עיצום כספי לנאשם?,"אמנם, בכל הנוגע לעיצום כספי מסוג קנס, על בית המשפט להתחשב במצבו הכלכלי של הנאשם (ראו סעיף 40ח' לחוק העונשין, תשל""ז 1977).",train
מהן הנסיבות המיוחדות שהשפיעו על החלטת בית המשפט בענישה?,"זאת, הן לאור הנסיבות המיוחדות שפורטו בתסקיר בנוגע למצבן של הנאשמת ושל אמה; כמו גם על מנת שלא להביא להטלת הכורת על מטה לחמה של הנאשמת, בייחוד לאחר שההליך המשמעתי הסתיים בהסכמה שתאפשר המשך עבודתה.",train
מהן ההשלכות החברתיות והכלכליות של עבירות ריבוי נישואין על משפחות בחברה המודרנית?,"מעבר לפגיעה בכבוד האשה ובאפשרות לקדם השוויון בין המינים 	6 מהוות עבירות אלה, כר פורה לתופעות רבות של עוני; ניצול; עבריינות; ואם לא תטופל תופעה זו 	6 עלול הדבר להסיג אחור מצבן של משפחות רבות, חלף קידום שילובן במסגרת החברה המודרנית.",train
מדוע החליט בית המשפט להטיל קנס על הנאשם בעבירות הסמים?,"לאור המניע הכלכלי שבעבירות הסמים, מוצא בית המשפט להטיל עיצום כספי מסוג קנס.",train
"מהו המתחם המומלץ לעונש במקרה זה, בהתבסס על מכלול השיקולים?","מכלול השיקולים מצביע על ענישה בחלק התחתון של מתחם הענישה, אך לא ברף התחתון ממש.",train
כיצד משפיעה הפרת תנאי השחרור על המשקל שניתן לתקופת השהייה בתנאים מגבילים?,"כאשר הוברר, כי נאשם הפר את תנאי השחרור, והוא אף הורשע בכך – נפגם המשקל שניתן ליחס לתקופה בה שהה בתנאים מגבילים.",train
כיצד משפיעה אורח חייו של הנאשם על ההתרשמות של בית המשפט?,"בית המשפט התרשם, כי העבירה אינה מאפיינת את מהלך החיים הנורמטיבי של הנאשם, אשר מבטא שאיפות לעתיד, ומנהל אורח חיים עמלני.",train
מהי ההמלצה לגבי החמרת הענישה על מעשים אלימים?,"אפשר הגיעה העת להוסיף ולהחמיר בעונשים, ואולי כך ידעו אנשים מה צפוי להם אם יעשו מעשים כמעשי המערער שלפנינו.",train
מהו העיקרון המאפשר קביעת פיצוי גבוה למרות יכולת כלכלית נמוכה של הנאשם?,"מן האמור עולה, כי אין פסול בקביעת פיצוי גבוה יחסית (ובענייננו לא הגיע לא למירב שבחוק ולא קרב לסכומי הגזילה), אף מקום שהיכולת הכלכלית אינה גבוהה.",train
מהן השיקולים שעל בית המשפט לקחת בחשבון בעת קביעת הענישה?,"אשר לקביעת הענישה במסגרת המתחם האמור, על בית המשפט לשקול, את עברו של הנאשם; נסיבותיו האישיות והפרוגנוזה של גורמי ההערכה לגביו.",train
מהו השיקול שהוביל את בית המשפט להטיל על הנאשם עונש ברף הנמוך של המתחם?,"בנסיבות אלה, אין בית המשפט מוצא לאמץ עתירתה הענשית של המאשימה וחרף השיקולים לחומרא, יעמיד ענשו של הנאשם על הרף הנמוך של המתחם ויקבל המלצת שירות המבחן למבוגרים לענישה חינוכית – שיקומית, תוך עיבוי מסוים של היקף שעות השל""צ, שיהיה בו כדי ליתן משקל מתאים לחומרת העבירות.",train
מהי הסיבה לכך שבית המשפט רואה צורך ביד קשה עם העבריינים?,"בית משפט זה עמד, לא פעם, על כך שחומרתן של העבירות, לצד נפוצותה של התופעה, מצריכות נקיטת יד קשה עם העבריינים.",train
כיצד מתאר הרקע לעבירה את מצבו של הנאשם?,"הרקע לעבירה, אם כן, איננו עברייני ואף אינו נובע מדפוסי התנהגות אלימים, אלא, מאבדן עשתונות רגעי.",train
מהו ההסבר המשפטי לכך ששימוש באלימות במשפחה נחשב לתופעה המנוגדת לחוש הצדק האנושי?,הפרתה של ציפייה זו הופכת את השימוש באלימות במשפחה לתופעה העומדת בניגוד עמוק לחוש הצדק האנושי.,train
כיצד הברחת טלפון סלולרי לאסיר בטחוני משפיעה על בטחון הציבור?,"הברחת טלפון סלולרי לאסיר בטחוני מאפשרת לאסיר קשר ישיר עם חברי ארגון הטרור אליו הוא משתיך, לצורך קידום יעדי הארגון לרבות הכוונה לבצע פיגועים והוצאתם לפועל, ומכאן מלחמת החורמה בתופעה זו.",train
כיצד משפיעה היות הנאשם איש חוק על חומרת העבירה שביצע?,"נסיבה נוספת לחומרה, היא היות הנאשם איש חוק, אשר, לדבריו, אף עסק באכיפת החוק בתחום האלימות במשפחה ולדברי מפקדיו כעולה מהמוצגים שהוצגו מטעם ההגנה – הפגין מקצועיות בפעילותו, כלומר, היה מודע לנורמות המחייבות.",train
כיצד פוגעות עבירות הנהיגה בערכים המוגנים של בטחון הציבור?,"עבירות נהיגה פוחזת ונהיגה ללא רישיון נהיגה פגעו בערכים המוגנים של בטחון ציבור משתמשי הדרך; שלמות גופם; ואף יש בכך אלמנט של פגיעה כלכלית, כיוון שעלויות הנזקים העלולים להיגרם ממעשי הנאשם, בסופו של דבר, יגיעו לפתחו של הציבור, בהתייקרות פרמיות הביטוח.",train
מהו הצעד הנוסף שמוצא בית המשפט כדי להרתיע את הנאשם ממעשים דומים בעתיד?,"עוד מוצא בית המשפט, להשית התחייבות, שיהיה בה כדי להרתיע הנאשם מפני מעשים דומים.",train
מדוע הפגיעה בממצאים ארכיאולוגיים נחשבת לניסיון לפגיעה בזיכרון הקולקטיבי הלאומי?,"הפגיעה והשחתת ממצאים ארכיאולוגיים איננה מצטמצמת אך ורק לפגיעה בממצאי תרבויות עבר, אלא היא מהווה ניסיון פגיעה במישור ההיסטורי-לאומי, פגיעה בנכסי זיכרון קולקטיבי, שעה שמבצעי עבירות אלה אינם עושים זאת אך לשם סיפוק יצר ההרס, שאין כל ספק כי הוא קיים, אלא, בין השאר, על מנת להכחיד את העבר ההיסטורי, את הזיכרון הקולקטיבי-הלאומי, הנשען, בין היתר, על הממצאים הארכיאולוגיים.",train
כיצד הפסיקה מדגישה את חומרת הפגיעה בערך המוגן בעבירות ריבוי נישואין?,"הפסיקה הדגישה את חומרת הפגיעה בערך המוגן כאמור, וכפועל יוצא – הצורך ליתן משקל משמעותי לאינטרס הציבורי ולשיקול ההרתעה של הציבור.",train
כיצד השפיעו העבר הפלילי והמאסר המותנה על התנהגות הנאשם בעבירה הנוכחית?,"הנאשם עבר העבירה הנוכחית כאשר מעל ראשו מרחפים מאסר מותנה בן 10 חודשים וכן התחייבות בסך 10,000 ₪, אשר לא היה בהם להרתיעו מלעבור עבירות רכוש פעם נוספת.",train
מהי החשיבות של קביעת הענישה בפועל בהתאם לקביעות המחוקק?,קביעה זו של המחוקק - מן הדין שתבוא ידי ביטויה גם בקביעת הענישה בפועל.,train
כיצד נטל הנאשם אחריות מלאה למעשיו והשפיע על כבוד המתלוננות?,"הנאשם נטל אחריות מלאה למעשיו; לא ניסה לפגוע בכבודן של מי מהמתלוננות ואף חסך מהן מעמד לא פשוט של מסירת עדות במשפט פלילי מורכב ותקשורתי, על כל הכרוך בכך; קיבל על עצמו את הדין.",train
כיצד נגע הסמים משפיע על פריון התעסוקה של המשתמשים ובני משפחותיהם?,"נגע זה פוגע בפריון התעסוקתי, כשלא פעם הופכים המשתמשים ובני משפחותיהם נטל על משאביה הציבוריים של החברה.",train
מהי המטרה המרכזית של הענישה בעבירות סמים לפי בית המשפט?,"על בית המשפט לפעול להרתעת היחיד והרבים, אשר סבורים, כי מדובר בעשיית כסף קל, ומתוך בצע כסף, פוגע פגיעה של ממש בציבור.",train
מהו התנאי להימנעות מהרשעה בעבירות מסוימות לפי הפסיקה?,"החריג של אי הרשעה לא ייבחן כלל אלא משמדובר בעבירות שטיבן הינו+ כזה המאפשר, בהתקיים הנסיבות האישיות המיוחדות ,הימנעות מהרשעה.",train
מהו האופי של העבירות שעבר הנאשם והשפעתן על הקרבן?,העבירות שעבר הנאשם – חמורות ובעלות אלמנט של ביזוי והשפלת הקרבן.,train
מדוע יש להוקיע עונשית את המעשים של בן משפחה הפוגע בקרבן אלימות?,"על אחת כמה וכמה כך הוא כאשר הפוגע הינו בן משפחה של קרבן האלימות, כאשר הניגוד העמוק בין חובתו הטבעית והמשפחתית לבין מעשיו בולט במיוחד וראוי להוקעה עונשית מיוחדת.",train
מהי הסיבה להטלת קנס כספי על הנאשם בהקשר לפעילות מערכת אכיפת החוק?,"ההכבדה על פעילות מערכת אכיפת החוק, שקשה למצוא לה הצדקה כלשהי, מצדיקה השתת עונש כספי מסוג קנס, לטובת אוצר המדינה.",train
מהו השיקול שהוביל להטלת עונש קרוב לרף התחתון של המתחם על הנאשם?,"הרשעות אלה הן מלפני פרק זמן לא מבוטל, ולנוכח הודאת הנאשם באשמה ונטילת האחריות מצדו 	6 יושת עליו עונש הקרוב לרף התחתון של המתחם, אך לא ברף התחתון ממש.",train
אילו נתונים יביא בית המשפט בחשבון לקביעת הענישה הספציפית של הנאשם?,"לקביעת הענישה הספציפית, יביא בית המשפט בחשבון את הנתונים שנתבררו בנוגע לאפיו של הנאשם; עברו הפלילי; נטילת האחריות מצדו ביחס לפגיעה שנגרמה לנפגע העבירה.",train
מהו המידע שניתן על שווי הרכב והשלכותיו על מאבק הפשיעה?,"כפי שעולה מהמוצג שהוגש מטעם התביעה (ת/2), שווי הרכב אינו גבוה, אך חילוטו עשוי לשמש כמסר חשוב וככלי נוסף למאבק בפשיעה.",train
מדוע לא השכיל הנאשם לנצל את ההזדמנות שהציע לו שירות המבחן להשתלב בהליך טיפולי?,הגם ששירות המבחן העניק לנאשם ההזדמנות להשתלב בהליך טיפולי – לא השכיל הנאשם לאחוז ביד שהושטה אליו.,train
מהו ההיגיון מאחורי הכבדת היד על מחזיקים סמים שלא לצריכה עצמית?,"אין מנוס מהכבדת היד על המחזיקים סמים שלא לצריכה עצמית, שכל בר דעת מבין כי נועדו לצריכת הזולת, קרי, להוספת שמן על מדורת הסמים אשר להבותיה אופפות רבים וטובים, או רבים שהיו טובים.",train
מדוע יש להטיל מגבלות מיוחדות על אסירים ביטחוניים?,"סכנות אלה עשויות להצדיק כליאתם של אסירים ביטחוניים בנפרד והטלת מגבלות מיוחדות עליהם, בעיקר בכל הנוגע לקשר עם החוץ.",train
מהם שני התבחינים המרכזיים שנקבעו לביטול הרשעת הנאשם בדין?,"אשר לשאלת ביטול הרשעת הנאשים בדין - לענין זה נקבעו, בפסיקה העדכנית של בית המשפט העליון ושל בתי המשפט המחוזיים, שני תבחינים מרכזיים: האחד – האם מעשה העבירה מאפשר, מבחינת המסר הערכי שיועבר לציבור, ביטול הרשעת הנאשם בדין.",train
אילו שיקולים הביאו את בית המשפט לאפשר לנאשמת לרצות את עונשה בעבודות שירות?,"לאור נסיבותיה האישיות; היעדר הרשעות קודמות והיעדר אינדיקציה על הסתבכות נוספת עם החוק מאז אירועי כתב האישום; חלוף הזמן; והעונש שהוטל על הנאשמת 3; יתאפשר לנאשמת לרצות עונשה בדרך של עבודות שירות, לאחר שנמצאה מתאימה לכך.",train
מדוע יש להטיל ענישה מחמירה על מי שמעוניין להנות בזדון מעמל הזולת?,"הרוצה ליהנות בזדון מעמל הזולת ולשלוח יד ברכוש שלא הוא צבר, ראוי לענישה מחמירה.",train
מהו השיקול המרכזי שנלקח בחשבון בקביעת הענישה של הנאשם?,אשר לקביעת הענישה במסגרת המתחם – עברו הפלילי של הנאשם ומכלול הנתונים שפורטו לגביו – מלמדים על מעורבות עמוקה ומושרשת בעולם העבריני.,train
מדוע יש לקחת בחשבון את הנזק הבלתי ממוני שנגרם לנפגעת העבירה?,"כן שומה על בית המשפט לקחת בחשבון הנזק הבלתי ממוני שנגרם לנפגעת העבירה, לרבות הפגיעה בתחושת הביטחון האישי ובפרטיותה.",train
מהי המדיניות שהבית-משפט נוקט בה בענישה בעבירות של גניבת רכב?,בית-משפט זה נדרש לא פעם לצורך בנקיטת מדיניות ענישה מרתיעה בעבירות של גניבת רכב.,train
מדוע יש מקום להטיל פיצוי על הנפגעת במקרה זה?,"עצם האימה אותה חוותה הנפגעת כאשר התעוררה משנתה והבחינה במעורב הנוסף בתוך חדרה, על הפגיעה בכבודה ופרטיותה הנלווים לכך, מצדיקים השתת פיצוי מסוים גם לטובתה.",train
כיצד תורם בית המשפט למלחמה באלימות בחברה?,"חברתנו הפכה להיותה חברה אלימה, ותרומתו של בית-המשפט למלחמה באלימות היא בהטלת עונשים ראויים.",train
"מדוע פוטנציאל הסיכון מהחזקת ציוד רט""ן מצדיק ענישה מחמירה?","פוטנציאל הסיכון הנובע מהחזקת ציוד רט""ן אצל אסיר מסוג זה, אשר בעבר הוכיח, כי אינו נרתע מלממש את תפישותיו האידיאולוגיות הקיצוניות במישור המעשה ולפעול לפגיעה בחפים מפשע – מצדיק הטלת ענישה על הצד הגבוה של המתחם.",train
מדוע האמון בין סניגור ללקוח הוא משמעותי במיוחד בדיני נפשות?,"האמון הנלווה ליחסים בין סניגור פלילי לבין לקוח משמעותיים, שכן, המדובר בדיני נפשות.",train
מדוע יש להטיל עונשי מאסר בפועל על עבירות החזקת נשק גם כאשר מדובר בעבריין נורמטיבי?,"חומרת הסיכון הנשקף מעבירות אלה, מחייבת השתת עונשי מאסר בפועל בגין עבירות אלה וזאת גם כאשר המדובר, לכאורה, במי שמנהל אורח חיים נורמטיבי ואין לחובתו הרשעות קודמות.",train
מדוע יש צורך בהדרגתיות בהתפתחות המוסרית של המין האנושי לפי הרב?,"מדוע, אם כן, לא אסרה התורה לאכול בשר? הרב מסביר, שנדרשת הדרגתיות בהתפתחותו המוסרית של המין האנושי.",train
כיצד משפיע ההסדר שנערך על החלטות בית המשפט בענישה?,"ההסדר שנערך, מגלם התחשבות זו ובשל כך  לא יחרוג ממנו בית המשפט.",train
כיצד עשוי עיצום כספי להשפיע על הנאשם ועל אחרים?,עיצום כספי משמעותי בעבור הנאשם יהווה אמצעי הרתעה יעיל כלפי הנאשם ואחרים למניעת עבירות דומות.,train
כיצד משפיע השיקול האינדיבידואלי על ההחלטה להימנע מהרשעה בנסיבות מיוחדות?,"האם, בנסיבות המיוחדות של הענין, השיקול האינדיבידואלי, על היבטיו השונים, גובר על השיקול הציבורי-מערכתי הכללי, באופן שהגם שהנאשם ביצע את העבירה בה הואשם, סובלת הנורמה החברתית הכללית את אי הרשעתו בדין.",train
מהו תפקיד מדיניות הענישה הנוהגת בקביעת מתחם העונש?,מדיניות הענישה הנוהגת מהווה אך פרמטר אחד שעל בית המשפט לקחתו בחשבון כחלק ממכלול שיקולים עובר לקביעת מתחם העונש ההולם.,train
מדוע יש להציב חומת ברזל מול עבירות הפגיעה באנשי המרות?,"אשר לעבירות שענינן הפגיעה באנשי המרות, כפי המפורט באישום הראשון  כבר נפסק, לא פעם, כי על בית המשפט להציב חומת ברזל אל מול מבצעיהן, חומה כזו שתאפשר לשוטרים וליתר גורמי האכיפה למלא תפקידם ללא חשש.",train
מדוע אין חשיבות לשאלה כיצד הושגו כלי הנשק בהקשר לסכנה לאזרחים?,"הטענה, כי כלי הנשק או חלק מהם, נמצאו ולא נרכשו – מבלי להתייחס לשאלת הסתברותה, אינה מעלה ואינה מורידה, שכן אין צורך להכביר מילים, על סכנת הפגיעה באזרחים חפים מפשע, כתוצאה משימוש בכלי הנשק, וסכנה זו אינה משתנה לפי הדרך בה הושגו כלי הנשק.",train
כיצד משפיע התחכום בביצוע העבירה על גובה העונש המוטל על הנאשמת?,"לנאשמת יש להשית עונש על הצד הנמוך של מתחם הענישה, אך לאור התחכום הרב באופן ביצוע העבירה והתעוזה הרבה – לא יהיה העונש על הרף התחתון של המתחם ממש.",train
מהי הסיבה לכך שעבירות של גניבת רכב והתפרצות לדירה נחשבות למסוכנות אינהרנטית?,העבירות של גניבת רכב או התפרצות לדירה גם אם אינן מתוחכמות הן מסוג העבירות שיש בהן מסוכנות אינהרנטית נוכח הפוטנציאל להתפתחות אלימה.,train
אילו שיקולים נוספים נלקחים בחשבון לצד רמת הענישה הנוהגת בקביעת מתחם העונש?,"בית המשפט עיין בפסיקה, שהוגשה מטעם הצדדים, ואולם, רמת הענישה הנוהגת היא רק שיקול אחד שעל בית המשפט לקחת, בבואו לקבוע את מתחם העונש ההולם, זאת, לצד שיקולים נוספים כמו מידת הפגיעה בערכים המוגנים; התכנון שקדם לעבירות; התחכום בהן; משך ההתנהגות העבריינית ועוד.",train
מדוע יש להטיל חומרה יתירה על עבירות מין המתבצעות באמצעים אלקטרוניים?,חומרה יתירה לעבירות מין המתבצעות באמצעים אלקטרוניים נודעת בשל החדירה לביתם של נפגעי העבירה ולפרטיותם.,train
כיצד השפיעה הבעת הצער של הנאשם על התרשמות בית המשפט מהודאתו בעבירות?,"זו אינה התנהגות של מי שמודה בעבירות ומצהיר עליהן ובית המשפט התרשם מהבעת הצער של הנאשם, כביטוי מילולי בלבד.",train
"מהו העונש שנקבע בחוק עבור עבירת גניבת מקנה בקר, ומה משמעותו?","לא בכדי, מצא המחוקק, לייחד עבירה זו מעבירת גניבה ""רגילה"", וקבע בצדה ארבע שנות מאסר, כך שעבירה זו הינה מסוג פשע.",train
מהי הסיבה שבית משפט השלום סטה ממתחם הענישה והטיל עונש של עבודות שירות?,"בית משפט השלום סטה ממתחם הענישה משיקולי שיקום הנאשם וגזר עליו 6 חודשי מאסר לריצוי בדרך של עבודות שירות; מאסר מותנה; קנס בסך 20,000 ₪.",train
מה מלמדים מעשי הנאשם על בעיות ויסות רגשותיו ונטייתו לאלימות?,"מעשיו של הנאשם מלמדים על בעיתיות בתחום ויסות רגשותיו של הנאשם, הצבת גבולות פנימיים ובייחוד על נטיה של ממש לאלימות, פיסית ומילולית.",train
כיצד יש לשקול את האינטרס הציבורי בענישה בעבירות החזקת נשק?,"בבוא בית המשפט לשקול את הענישה בעבירות מסוג זה, עליו לתת משקל נכבד יותר לאינטרס הציבורי ולצורך להרתיע עבריינים בכוח מלבצע עבירות דומות, על פני הנסיבות האישיות של העבריין.",train
כיצד משפיעה הודאת הנאשם באשמה על ההליך המשפטי?,"עוד יקח בית המשפט בחשבון את הודאתו באשמה ואת נכונותו, גם אם ראשונית, לבחינה עצמית ולהשתלבות בהליך טיפולי.",train
מהו הצעד הנוסף הנדרש לאחר הצגת מצוקה חריגה כדי להוכיח שיקול שיקום?,"לאחר מכן, יש להצביע על תכנית שיקומית מתאימה, שיהיה בה כדי להביא מזור לאותה מצוקה ולצמצם הסיכוי למעורבות פלילית בעתיד.",train
מהו העיקרון שעל בית המשפט לשקול כאשר הוא דן בענישה?,"ברם, על בית המשפט לשוות לנגד עיניו את מכלול הנסיבות.",train
מהי ההוראה יוצאת הדופן בנוגע לתבחינים בקביעת המתחם בענישה?,"זוהי הוראה יוצאת דופן, שכן מרבית התבחינים הבאים בחשבון בקביעת המתחם, הם באספקלריה של מעשה העבירה, במנותק מנתוניו האישיים של הנאשם.",train
מהי עמדת התביעה לגבי הענישה המתאימה לנאשם בעקבות השינויים שעבר?,"ודוק: בעניינו של נאשם זה, מוסכם גם על התביעה, כי לנוכח כברת הדרך שעבר, ראוי לחרוג לקולה ממתחם הענישה ולהסתפק בענישה שיקומית, שאינה כוללת מאסר בפועל בכליאה ממשית, כשהמחלוקת בין הצדדים, הלכה למעשה, היא – האם יושת עונש מאסר לריצוי בדרך של עבודות שירות או עונש במסגרת צו של""צ.",train
מדוע נחשבת גניבת בקר לעבירה חמורה יותר מעבירת רכוש רגילה?,"אין מדובר בעבירת-רכוש רגילה – ביצועהּ כרוך בהתאכזרות לבעלי-חיים, יצירת סיכון בריאותי לציבור וגרימת חסרון-כיס משמעותי לבעל החיה.",train
מהן הסיבות להטלת ענישה מחמירה בעבירות אלימות?,"על-כן נדרש, כי בעבירות אלו תוטל ענישה מחמירה, זאת הן משיקולי גמול והוקעת המעשים, הן מטעמים של הגנה על ביטחון הציבור מפני הסיכון הממשי הנשקף ממבצעי המעשים, והן מטעמים של הרתעה אפקטיבית – אישית וכללית.",train
מהו הכיוון המומלץ לענישה לפי מכלול השיקולים במקרה זה?,"מכלול השיקולים, בהתאם לשורת הדין, מצביע לכיוון ענישה על הצד בינוני 	6 נמוך של המתחם.",train
מהו המידע שמצביע על כך שהנאשם בחר להפסיק את ההליך הטיפולי למרות הניסיונות של שירות המבחן?,"טענות ההגנה אינן מתיישבות עם תסקירי שירות המבחן, מהם עולה, כי שירות המבחן, ויתר הגורמים הצריכים לענין, גילו אורך רוח כלפי הנאשם, תוך נסיונות חוזרים ונשנים להמשיך ולשלבו בהליך הטיפולי, כשהנאשם הוא שבחר להפסיקו ועמד על דעתו זו לאורך זמן.",train
מדוע יש לנקוט בענישה מרתיעה במקרה של אלימות מילולית הפוגעת ביסודות החברה הדמוקרטית?,אל מול אלימות מילולית שכזו המכרסמת ביסודות חברתנו הדמוקרטית יש לנקוט בענישה מרתיעה.,train
מדוע מספר השתילים במעבדה נחשב לחשוב בהקשר של פוטנציאל ייצור סם מסוכן?,"מספר השתילים הינו בעל חשיבות רבה, שכן גם אם ndash; בשלב בו נתפסה המעבדה ndash; שקלו השתילים 36.5 גרם, הרי, בכמות כזו של שתילים, בתוך שבועות בודדים, היה פוטנציאל לייצור סם מסוכן בכמות רבה בהרבה.",train
מהו השיקול המרכזי שהוביל לנסיגה מהאינטרס השיקומי במקרה זה?,במקרה זה הוא נסוג מפני האינטרס הציבורי והצורך לנקוט במדיניות של ענישה מרתיעה.,train
מהו העיקרון המשפטי המנחה בענישה של מי שמעוניין להרוויח בזדון מעמל הזולת?,"הרוצה ליהנות בזדון מעמל הזולת ולשלוח יד ברכוש שלא הוא צבר, ראוי לענישה מחמירה...",train
מהו העונש הנוסף שהוטל על הנאשם בשל קושי בוויסות דחפיו האלימים?,"לנוכח הקושי של הנאשם בוויסות דחפיו האלימים, מוצא בית המשפט להטיל גם עונש של מאסר על תנאי, לבל יהין הנאשם לעבור עבירות דומות.",train
מהו העיקרון המנחה לגבי הענישה על עבריינים בעבירות פציעה בנסיבות מחמירות?,במסגרת זו שומה על בתי המשפט להכביד את הענישה על עבריינים אלו.,train
מהו השינוי המהותי באורחות חייו של הנאשם שהשפיע על החלטת בית המשפט?,"בשקלול הנסיבות, מוצא בית המשפט, כי הנאשם ערך שינוי מהותי באורחות חייו, התרחק מחברה שולית ופעל למען שיקומו ועתידו, ולכן, יושיט לו הפעם יד ויחרוג ממתחם הענישה ההולם מטעמי שיקום.",train
מהי הסיבה להמלצת שירות המבחן לביטול הרשעת הנאשם במקרה זה?,"המלצת שירות המבחן לביטול הרשעת הנאשם נסמכת על גילו הצעיר, אשר עבר העבירות בהיותו כבן 20, ללא אינדיקציה לכך שהותרת ההרשעה על כנה תפגע במקום עבודתו, והרי הנאשם עצמו מסר, כי הוא עצמאי.",train
מהו האפקט של חילוט כלי רכב על העוסקים בעבירות פליליות?,חילוט כלי רכב הוא אמצעי בעל אפקט הרתעתי מאין כמוהו כלפי העוסקים בעבריינות.,train
מהו הצורך בהחמרת רף הענישה בעבירות אלימות במשפחה?,"באופן דומה, וכחלק מהצורך במלחמה בתופעה זו, החמירה אף הפסיקה את רף הענישה: ""לא די ברטוריקה מרתיעה המוקיעה את עבירות האלימות במשפחה, ויש לגבות את האמירות החשובות שבפסקי הדין בענישה הולמת"".",train
מה מעידים מעשיה של הנאשמת על ערכיה ביחס לקניין הפרטי?,מעשיה של הנאשמת מעידים על כשל ערכי וזלזול בקניינו של הפרט.,train
מדוע יש צורך להטיל ענישה מרתיעה במאבק נגד אלימות?,"בית המשפט עמד, לא פעם, על הצורך להילחם בנגע האלימות באמצעות ענישה מרתיעה, בדרך של נקיטה ביד קשה, במישור המעשה, ולא במישור הרטורי בלבד.",train
מהי השאלה המרכזית שיש לשקול כאשר מדובר בהימנעות מהרשעה בנסיבות מיוחדות?,"בסופו של יום, ניצבת השאלה בכל עוצמתה – האם, בנסיבות המיוחדות של העניין, השיקול האינדיבידואלי, על היבטיו השונים, גובר על השיקול הציבורי-מערכתי הכללי, באופן שהגם שהנאשם ביצע את העבירה בה הואשם, סובלת הנורמה החברתית הכללית את אי הרשעתו בדין.",train
מהו המצב כאשר בית המשפט מתקרב לקביעת סכום העונש המינימלי?,"כאשר בית משפט – כבמקרה דנן – מתקרב בקביעתו לסכום זה, אין בכך דופי, שהרי לא בכדי קבע המחוקק את אשר קבע.",train
מהי הסיבה לכך שמעשי אלימות בתוך המשפחה נחשבים לחמורים במיוחד בעבירות אלימות?,מעשי אלימות בתוך המשפחה נתפסים כבעלי חומרה מיוחדת במערכת האיסורים הפליליים העוסקים בעבירות אלימות.,train
מהו ההבדל המרכזי בין המקרה הנדון למקרים אחרים של עורכי דין שאינם כשירים לייצג?,"במקרה שלנו מדובר על עורך דין שבחלק ניכר מהזמן לא היה כשיר לייצג; כמו כן, בניגוד לאותם מקרים, המדובר כאן במי שפעל באופן סדרתי ומתמשך, כלפי מגוון לקוחות.",train
מהו תפקידו של בית המשפט בהרתעת הציבור מעבירות סמים?,"על בית המשפט להרתיע היחיד והרבים מפני עבירות הסמים, ולהילחם בתופעה הקשה של נגע הסמים, הצוברת תאוצה בשנים האחרונות.",train
מהו המיקום המומלץ לעונשו של הנאשם בהתבסס על מכלול הנתונים?,"בבחינת מכלול הנתונים, ראוי היה למקם את עונשו של הנאשם על הצד הנמוך של המתחם, אם גם לא ברף הנמוך ממש.",train
כיצד יכולה מהות העבירה להשפיע על שיקול ההרתעה לעומת שיקומו של נאשם?,מהות העבירה והצורך בהרתעת הרבים יכולים להטות את הכף ולגבור אף על שיקומו של נאשם.,train
מהן הנסיבות שיכולות להקל על הנאשם בעונש לאחר הודאתו באשמה?,"אם תינתן לנאשם הקלה מסוימת, יהיה זה בשל הודאתו באשמה ונסיבותיו האישיות, לרבות מעצרו הארוך והאירועים שפקדו אותו במהלכו.",train
מהו תפקיד סקירת מדיניות הענישה בקביעת מתחם הענישה?,סקירת מדיניות הענישה הנוהגת היא רק שיקול אחד מבין כלל השיקולים אותו עושה בית המשפט בקובעו מתחם ענישה הולם.,train
מהו השיקול שהוביל להטלת עונש נמוך יותר על הנאשם במסגרת הסדר הטיעון?,"באיזון השיקולים בעניינו, ראוי היה להטיל עליו עונש על הצד הבינוני – גבוה של מתחם הענישה, ואולם, לנוכח טווח הענישה שסוכם, במסגרת ההסדר, יושת עליו עונש על הצד הנמוך של מתחם הענישה, שהוא הצד הגבוה של טווח הענישה שסוכם, אם כי, לנוכח ההודאה באשמה, שהביאה לחיסכון ניכר בזמן שיפוטי, תינתן לנאשם, לפנים משורת הדין, הקלה מסוימת, ולא ייגזר ענשו ברף המירבי של טווח הענישה במסגרת ההסדר.",train
מהו השיקול הנוסף שעל בית המשפט לשקול בקביעת מתחם העונש ההולם?,"בבואו של בית המשפט לקבוע את מתחם העונש ההולם, עליו לשקול, בין היתר, את מדיניות הענישה הנוהגת, אך שיקול זה  כמובן אינו היחיד.",train
מהי ההצדקה לחילוט הכסף שנתפס על הנאשם בעבירות סמים?,"לאור האמור, ולאור המניע הכלכלי שבעבירות הסמים, יש הצדקה להשתת עיצום כספי משמעותי, ומצדיקה את חילוט הכסף שנתפס על הנאשם, אשר לגביו הוצגה הסכמת באי כוח הצדדים.",train
מהי התרשמות שירות המבחן לגבי רמת מסוכנותו של הנאשם?,"התרשמות שירות המבחן היא, כי צו מבחן עשוי להפחית מרמת מסוכנותו של הנאשם.",train
כיצד מתייחס בית המשפט לפגיעות ברכוש בהקשר של הענישה?,"בית המשפט אינו רשאי להיוותר אדיש לתופעה זו, רק בשל העובדה שמדובר בפגיעה ברכוש, אלא יש לגזור עונשים מרתיעים, שיהיה בהם כדי לצמצם, ואף למנוע, הפגיעה ברכושו של אחר או ברכוש הציבור.",train
מהי הסיבה להחמרת הענישה בעבירות נשק בשנים האחרונות?,"הסכנות הטמונות בעבירות הנשק, ביחד עם התפוצה הרחבה של כלי נשק בלתי חוקיים בשנים האחרונות, הובילו להבנה, כי יש צורך של ממש להחמיר בענישה בעבירות מסוג זה.",train
מהו הנימוק לכך שעונש של 18 חודשי מאסר בפועל נחשב למופרז ובלתי מידתי במקרה זה?,"אין גם לומר שעונש של 18 חודשי מאסר בפועל, על עבירת ההתפרצות והגניבה הנוכחית ובהינתן שמתחם הענישה שלעצמו סביר ומקובל אף על ההגנה הינו מופרז ובלתי מידתי בענייננו.",train
"מהו הסכום הנמוך שנפסק כפיצוי במקרה של הטרדה מינית, לפי תיקון מספר 13?","מנגד, הפיצוי שסוכם הינו ממילא על הצד הנמוך, בשים לב לסכומים הנפסקים, על דרך השגרה, בהליכים בענין הטרדה מינית (ראו, לענין זה, תיקון מספר 13 משנת תשע""ג – 2013 לחוק למניעת הטרדה מינית, תשנ""ח – 1998 שהגדיל הסכום אותו ניתן לפסוק בגין מקרה בודד של הטרדה מינית, ללא הוכחת נזק, לסך בן 120,000 ש""ח).",train
מדוע יש להטיל עיצומים כספיים על הנאשם בגין העבירות שביצע?,"הרווח הצפוי מהעבירה מחייב השתת עיצומים כספיים שיפגעו בכדאיות העיסוק בתחום מכניס זה, בו ניתן להפיק רווחים עצומים וקלים.",train
מהו הפער המהותי בין הענישה בעבירות פגיעה בגוף וברכוש לבין הענישה בעבירות כלכליות של צווארון לבן?,"בית משפט זה עמד לא אחת על הפער הקיים בין ההכרה הברורה כי מעשים של פגיעה בגוף וברכוש הינם עבירות שמתחיבת בגינם ענישה חמורה כדי להרתיע מפני סיכון שלום הציבור ובטחונו, לבין מידת הסלחנות הננקטת לא אחת ביחס לעבירות כלכליות של צווארון לבן, שנזקן לפרט ולציבור הרחב הנו רב ביותר.",train
"מהו השיקול המרכזי להחמרת הענישה במקרה זה, בהתחשב בתכנון המוקדם של העבירה?","לחובת הנאשם, יש לזקוף את העובדה, כי המדובר בעבירה, אשר נעברה לאחר תכנון מוקדם, תוך פניה לאשה הנוספת ועריכת הנישואין עמה.",train
מהי מגמת הענישה של בית המשפט העליון ביחס לנזק שנגרם לנפגעי העבירה?,"מגמת בית המשפט העליון וכן בתי המשפט המבררים היא להכביד את רמת הענישה, תוך שהשיקולים האישים של העברין נסוגים בפני הנזק שנגרם לנפגעי העבירה.",train
מהו הסיכון שיכולה להוות העבירה שעבר הנאשם לביטחון הציבור ולחיים בישראל?,"העבירה שעבר הנאשם חמורה ועלולה ליצור סיכון רבתי לבטחון הציבור, לחייהם ולשלומם של אזרחי המדינה ותושביה וכן של חיילי צה""ל ואנשי כוחות הבטחון הפועלים בשליחותה.",train
"מהו השיקול שהוביל את בית המשפט להחמיר בענישה בעבירות החזקת ציוד קצה רט""ן?","נפיצותן של עבירות אלה, ההולכת ומתרחבת, והעובדה כי המכשור האלקטרוני הולך ומוזל, מה שמקל על רכישתם ועל הסלקתם של המכשירים או חלקיהם ומאפשר העברתם ביתר קלות – מחיבת, לטעמו של בית המשפט, החמרה בענישה.",train
מהו השיקול שהנחה את בית המשפט בקביעת העונש הנמוך לנאשם?,"בשקלול הגורמים, תוך שבית המשפט נותן המשקל לתפקודו הנורמטיבי של הנאשם ולתרומתו למדינה ולחברה במסגרת שירותו הצבאי, מתוך הנחה, כי למד הלקח והתוצאות של הנקיטה באלימות - מוצא בית המשפט למקם עונשו, זו הפעם, על הצד הנמוך של מתחם הענישה, אך לא ברף הנמוך ממש.",train
מהן הנסיבות שיש לשקול בעת קביעת הענישה במסגרת המתחם?,"אשר לקביעת הענישה במסגרת המתחם האמור, על בית המשפט לשקול, את עברו של הנאשם; נסיבותיו האישיות והפרוגנוזה של גורמי ההערכה לגביו.",train
מהו תפקידו של בית המשפט בהגנה על שלומם של השוטרים בעת ביצוע תפקידם?,"שלומם הגופני והאישי ושלום חייהם של השוטרים אינו הפקר, ועל בית המשפט ליתן להם הגיבוי המתאים כאשר מותקפים בעת ביצוע תפקידם.",train
כיצד משפיעה השפעת חומרים משני תודעה על החמרת הענישה?,"מעבר העבירות תחת השפעת חומרים משני תודעה, כגון סמים ואלכוהול, גם בו יש משום נסיבה לחומרה; עוד יש לשקול עברו הפלילי של הנאשם, לרבות רצדיביזם בנוגע לעבירות דנן.",train
מהי התוצאה המשפטית במקרה של זיכוי נאשם מהאזנת סתר למכשיר טלפון נייד?,"זוכה נאשם מהאזנת סתר למכשיר טלפון נייד באמצעות סורק תדרים, לאחר שהוכיח, כי התביעה העלתה טענות סותרות בהליכים שונים, כאשר בהליך אחר טענה, כי האזנה מסוג זה אינה מהווה עבירה.",train
מהי הסיבה להורות על פסילת רישיון הנהיגה של הנאשם בהקשר לעסקת הסחר בסמים?,"מתוקף סמכותו של בית המשפט, בהתאם להוראות סעיף 37א(א) לפקודת הסמים המסוכנים [נוסח חדש], תשל""ג - 1973 וכן סעיף 43 לפקודת התעבורה [נוסח חדש], תשכ""א - 1961, מוצא בית המשפט להורות על פסילת רישיון הנהיגה של הנאשם, בפועל ועל תנאי, שהרי נהג הנאשם ברכבו על מנת להוביל את הסמים המסוכנים בעסקת הסחר שביצע, ואף החזיק סמים ברכבו.",train
מהי הסיבה לחומרה יתרה בהעלמת מס באמצעות ניפוק חשבוניות פיקטיביות?,"חומרה יתרה נודעת להעלמת מס באמצעות ניפוק חשבוניות פיקטיביות, המאפשרות העלמות מס בסכומים עצומים.",train
כיצד משפיע הליך שיקומי על חומרת העבירות בהן הורשע הנאשם?,"אין להקל ראש בהליך זה, אך אין בו כדי לבטל את העבירות בהן הורשע ואת חומרתן (ראו ע""פ 7037/10 פלוני נ' מדינת ישראל).",train
אילו שיקולים רשאי בית המשפט לקחת בחשבון בעת קביעת מתחם ענישה?,"בהתאם להוראות סעיף 40ט' לחוק העונשין, תשל""ז 	6 1977, בבואו של בית המשפט לקבוע מתחם ענישה, רשאי לקחת בחשבון מכלול שיקולים, בין היתר, נסיבות ביצוע העבירה; משך ההתנהגות העבריינית; מידת הפגיעה בערכים המוגנים; וכן, שיקולים נוספים.",train
מהו השיקול שהוביל להטלת עיצום כספי נמוך על הנאשם?,"עם זאת, לאור חילוט הכסף והרכוש, כפי שיפורט בהמשך  יושת עיצום כספי על הצד הנמוך.",train
מהו הערך שצריך לשקף העונש המוטל על עבריינים?,שישקפו ערכים של תגמול והרתעה.,train
כיצד משפיע חלקו הזניח של הנאשם על הדיון בשאלת ההרשעה?,"אך לאור חלקו הזניח של הנאשם בפרשה – אין המדובר בכשל בעומק כזה, שאינו מאפשר דיון בשאלת ההרשעה.",train
מהן הסיבות שהובילו להחלטה על הרחקת הנאשם מהדרך לתקופה משמעותית?,"מעשיו של הנאשם, ביחד עם הרשעותיו התעבורתיות המרובות והעובדה כי לא נרתע מעונשים, שהושתו עליו בעבר 0 מצדיקים גם הרחקתו מהדרך לתקופה משמעותית.",train
מדוע יש לנקוט ביד קשה כלפי תופעת הסכינאות?,"כאמור, רבים חוטאים ב""תופעת הסכינאות"", ולאחר שהתרענו מפניה כה רבות, נדמה כי הגיעה העת שלא להסתפק במלות גינוי ובמסרים חינוכיים צופים פני עתיד, אלא לנקוט ביד קשה כלפי העבריינים בתחום זה, ואם בדרך זו תימנע ולו פגיעה אחת בחיי אדם, דיינו.",train
כיצד משפיעה הטענה על מקובלות ריבוי נישואין על הענישה במקרה זה?,"והטענה שריבוי נישואין הינו מעשה מקובל בחברה של הנאשם 	6 כפי שהמערער טוען 	6 לא רק שאינה מצדיקה הקלה בעונש, אלא שדווקא היא מצדיקה אכיפה וענישה משמעותית מרתיעה.",train
כיצד מתבטאת החרטה של הנאשם במקרה זה מעבר למילים?,"כך שהחרטה, במקרה דנן, אינה אך מילולית והיא מגובה במעשים.",train
כיצד משפיעות הנסיבות על הרף הנמוך במסגרת המתחם?,נסיבות אלה מטות הכף לכיוון הרף הנמוך במסגרת המתחם.,train
"מהי הסיבה להטלת עונשי מאסר בפועל בעבירות החזקת נשק, גם כאשר מדובר בעבירה ראשונה?","בשורה של פסקי דין נקבע, כי חומרת הסיכון הנשקף מעבירות אלה, מחייבת השתת עונשי מאסר בפועל בגין עבירות אלה וזאת גם כאשר המדובר, לכאורה, במי שמנהל אורח חיים נורמטיבי ואין לחובתו הרשעות קודמות.",train
כיצד השפיעה הפסיקה הקודמת על הענישה בעבירות דומות?,"אמנם, קיימת פסיקה מחמירה יותר, לרבות מקרים בהם נגזר דינם של נאשמים, במקרים דומים, לעונש מאסר בפועל בן 40 חדשים (ע.פ. 8926/11 פלוני נ' מדינת ישראל (פורסם במאגרים)); 42 חדשים מאסר בפועל (ת.פ. 53867-06-14 מדינת ישראל נ' עבאד ואח' (פורסם במאגרים)); ואולם באותם מקרים המדובר היה על נסיונות סדרתיים להבריח מספר רב של מכשירי רט""ן או חלקי רט""ן, ובחלקם הורשעו הנאשמים גם בעבירות נוספות.",train
מהו הפסול המוסרי במעשיו של הנאשם שדורש תוצאה מחמירה?,"עם זאת, הצורך ליתן ביטוי הולם לפסול המוסרי במעשיו של הנאשם – גזילת כספים מקשישים ניצולי שואה וכן שימוש לרעה, תוך הפרת אמון בוטה, בהסמכתו כעורך דין וכן נוטריון – באופן שיטתי – מחיבים תוצאה זו.",train
מהי החומרה הנוספת במקרה זה בשל מעורבותו של עורך דין כתובע עירוני וכשליח ציבור?,"במקרה דנן, קיימת, כאמור, חומרה נוספת בשל כך שהמדובר בעורך דין המשמש כתובע עירוני וכשליח ציבור.",train
מהן הנסיבות שצריך להביא בחשבון בעת קביעת הענישה לנאשם בעבירות סמים?,"שומה על בית הדין להביא בחשבון את מידת האנטי חברתיות העולה ממעשיו של הנאשם, לרבות מידת מעורבותו בעולם העברייני בכלל ובעולם הסמים בכלל; מידת הפגיעה במשמעת הצבאית; מידת האינטנסיביות של השימוש בסם המסוכן והיקפו; עברו הפלילי והמשמעתי של הנאשם; ההשפעה הפוטנציאלית על שירותו הצבאי של הנאשם; נסיבותיו האישיות של הנאשם.",train
אילו שיקולים נדרשים מבית המשפט בקביעת מתחם העונש ההולם?,"בבואו של בית המשפט לקבוע את מתחם העונש ההולם, עליו לשקול, בין היתר, את מדיניות הענישה הנוהגת, אך שיקול זה – כמובן אינו היחיד.",train
מהו העונש שנגזר על הנאשם לאור מצבו המיוחד והעדר הסתבכויות קודמות?,"לאחר האיזון בין השיקולים השונים, לאור מצבו המיוחד של הנאשם, בהעדר הסתבכויות קודמות בעבירות של אלימות פיסית ממש – ייגזר על הנאשם מאסר על הצד הנמוך של המתחם, אם כי, לא יהיה זה על הרף הנמוך ממש, כאשר עונש זה ירוצה בדרך של מאסר בעבודות שירות.",train
מהי הסיבה לקביעת מתחמי ענישה שונים לנאשמים במקרה זה?,"בית המשפט מוצא לקבוע מתחמי ענישה שונים לנאשמים, זאת לאור מידת מעורבותם.",train
מהו האופי החמור של התקיפה והשפעתה על השוטרים במקרה זה?,"במקרה דנן, לנוכח אופיה החמור של התקיפה; המצוקה החריגה וההשפלה שנגרמה לשוטרים – מוצא בית המשפט לחייב הנאשמים 1 – 3 לפצותם.",train
מהו טיב העבירות שביצע הנאשם וכיצד הן משפיעות על אחרים?,"אשר לטיב העבירות  המדובר בפעילות מרמה, שהיא מתוכננת מראש, בשום שכל; תוך איתור אדם מתאים שיוכל להתחזות לנאשם  פעילות שהיא בעלת פוטנציאל לפגיעה באחרים, שמתמודדים באופן הוגן עם דרישות המוסד האקדמי.",train
מה קבע בית המשפט המחוזי לגבי רכיב המאסר והחמרת הענישה?,"בית המשפט המחוזי, בשבתו כבית משפט לערעורים פליליים, קבע, כי רכיב המאסר אינו כולל החמרה, וכי חומרת העבירות מחייבת מענה עונשי מרתיע.",train
"באילו תנאים ניתן לחרוג ממתחם הענישה, ומה חסר במקרה זה?","חריגה ממתחם הענישה יכולה להיעשות רק מטעמי שיקום, אך במקרה זה אין ראיה למצוקה חריגה מצד הנאשם.",train
מה ניתן ללמוד על יחסו של הנאשם מהתנהגותו כלפי המתלונן?,"תחנוניו של המתלונן, לא גרמו לנאשם לחמול עליו ולחדול ממעשיו, ומכאן ניתן ללמוד על יחסו ועל תפישותיו בנוגע לחייו ולשלמות גופו של האחר – נפגע העבירה, שעמו לא היה לנאשם כל שיג ושיח.",train
מהו המסקנה לגבי רף הענישה שנקבע לכל אחד מהנאשמים?,מכלול הנסיבות מצביע על ענישה ברף התחתון של מתחם הענישה שנקבע לכל אחד מהנאשמים.,train
מהו המצב שגרם לבית המשפט להדגיש את הצורך בעונש משמעותי לנאשם?,"אמנם, אין בית המשפט סבור, כי חלוף הזמן כשלעצמו יש בו כדי לאיין את חומרת העבירות שעבר הנאשם, ואת הצורך להשית בגינן עונש ממשי משמעותי בדמות מאסר בפועל, בצירוף ענשים נוספים, לרבות פיצוי לנפגעת העבירה שיהיה בו כדי להכיר בסבל שחוותה ובנזקים שנגרמו לה ולבני ביתה.",train
מהו המסר שצריך לצאת מבית המשפט לגבי פתרון סכסוכים?,המסר שצריך לצאת מבית משפט זה הוא כי פתרון סכסוכים ראוי שייעשה על ידי פניה לרשויות החוק ולא על ידי נטילת החוק בידיים.,train
כיצד השפיעה הכמות הקטנה של חומר הנפץ על מתחם הענישה שנקבע?,"בית המשפט לקח בחשבון את הכמות הקטנה יחסית של חומר הנפץ במטען המאולתר שנמצא אצל הנאשם, וקבע מתחם ענישה הנע בין 18 ועד 36 חודשי מאסר בפועל.",train
כיצד תושפע התחייבותו של הנאשם בעקבות גזר הדין?,"תופעל ההתחייבות שהושתה עליו בגזר הדין ת/3א' ותוטל על הנאשם התחייבות נוספת, בסכום גבוה יותר, שגם בה יהיה כדי להרתיעו מלעבור שוב עבירות דומות.",train
מהו השיקול שהוביל להקלת העונש על הנאשם ולא לגזור עליו עונש על הרף העליון?,"עם זאת, לנוכח השיקולים שפורטו לעיל לזכות הנאשם – תינתן לו הקלה מסוימת, בכך שלא ייגזר עונש על הרף העליון של הטווח המוסכם.",train
מהי הסיבה לכך שעבירות רכוש מצריכות יד קשה עם העבריינים?,"חומרתן של העבירות, לצד נפוצותה של התופעה, מצריכות נקיטת יד קשה עם העבריינים.",train
כיצד מצבו של הנאשם שונה ממצבו של מי שחי בכיס חברתי מבודד?,"אין דומה מצבו של מי שחי בתוך כיס חברתי מבודד, אינו מצוי בהוויית החיים במדינה, אינו מכיר את הוראות החוק 	- למצבו של נאשם זה, אשר, כפי שעולה מאמרתו במשטרה, עבר העבירה מתוך מודעות מלאה למצב המשפטי, למרות הכל ואף על פי כן.",train
מהו הרף שנקבע לענישה על ידי בית המשפט בהתבסס על מכלול השיקולים?,מכלול השיקולים מצביע על ענישה ברף התחתון של מתחם הענישה.,train
כיצד הפיצוי המוטל בהליך פלילי משפיע על זכויות נפגעי העבירה במיצוי תביעותיהם?,"כמובן, שהפיצוי אשר מוטל במסגרת ההליך הפלילי, אינו מונע מנפגעי העבירה לפעול למיצוי זכויותיהם מול הפוגע, במסגרת הליכים מתאימים, והוא נועד על מנת לתת משום הכרה וסעד ראשוני לנזק שנגרם למתלוננים.",train
כיצד משפיעות העבירות התעבורתיות על ההטלה של קנס על הנאשם?,"הורשע גם בעבירות תעבורתיות, המצדיקות, כשלעצמן, הטלת קנס וכך היה גם אם היה נדון בבית המשפט לתעבורה בגין עבירות אלה לבדם.",train
מהי האכזריות המיוחדת שנלווית לפגיעה בקרבנות במקרה זה?,"עוד יש ליקח בחשבון, את נסיבותיהם האישיות של הקרבנות במקרה דנן, אשר לפגיעה בהם – נלווית אכזריות מיוחדת, או לכל הפחות כהות חושים של ממש.",train
"מהו המסר שחז""ל ביקשו לשקף לגבי נכסי הציבור?","בסיפור זה, ביקשו חז""ל לשקף, כי נכסים ומשאבים של הציבור שייכים אמנם שייכים לכלל, אך פגיעה בהם (באותו מקרה – דרך הרבים) עלולה לפגוע, בסופו של דבר, בכל פרט ופרט מתוך הציבור.",train
מדוע יש לראות במקרה זה דוגמה ליישום המימרה לגבי קציני משטרה בכירים?,"זהו מקרה מובהק ליישום המימרה, כי אם בארזים נפלה שלהבת מה יגידו אזובי הקיר - כיצד ניתן יהיה לטעון להרשעת אחרים, אשר יעברו עבירות כאלה, אם קצין משטרה בכיר יהנה מהפריביליגיה של אי הרשעה.",train
כיצד משפיעה האלימות כלפי בת זוג על החומרה של המעשים?,"מעשים אלה מקבלים משנה חומרה, כאשר מדובר באלימות הננקטת כלפי בת זוג, החיה עם אותו אדם תחת קורת גג אחת, בתא משפחתי מצומצם, האמור להוות עבורה משענת ומקום מבטחים.",train
באילו מקרים יישמרו החריגים להימנעות מהרשעה לנאשמים קטינים או בוגרים?,"חריגים שכאלה יישמרו בראש ובראשונה למקרים המתאימים של נאשמים קטינים, או של נאשמים בוגרים שהעבירה שעברו נמצאת בתחתית רף החומרה, נסיבות השיקום בעניינם בולטות בחריגותן – ובאיזון בין השניים לא יהיה יחס סביר בין הנזק הצפוי לנאשם מהרשעתו לבין חומרת העבירה.",train
מהו העונש שנדרש בגין עבירת פוליגמיה לפי בית המשפט העליון?,"בשל החשיבות הרבה לשירוש תופעת הפוליגמיה, מצא בית המשפט העליון לקבוע, במפורש, כי הענישה בגין עבירה זו דורשת השתת מאסר בפועל ממש, בין כתלי בית האסורים, וכי שיקול הרתעת הרבים אינו מאפשר להסתפק בעונש שאינו כולל רכיב זה.",train
מהי המשמעות של הארכת משך צו המבחן עבור הנאשם?,"כן מוצא בית המשפט להורות על הארכת משכו של צו המבחן, כך שידע הנאשם, כי אם יסתבך בעבירה נוספת  ניתן יהיה לדונו מחדש גם בגין הסתבכותו זו.",train
כיצד משפיעה ההמלצה השיקומית של שירות המבחן על שיקול הדעת של בית המשפט?,"אמנם, שירות המבחן בא בהמלצה שיקומית, אך המלצת שירות המבחן אינה בבחינת נתון קונקלוסיבי המחייב את בית המשפט, בהיותה מתמקדת בנסיבותיו האישיות של הנאשם, ובמקרה דנן אף ראוי להדגיש כי הנאשם שולב כבר בהליך שיקומי – טיפולי בגין הרשעה בעבירה דומה וניתן לראות, בעולם המעשה, כי לא היה בכך כדי להביאו ליישר את דרכיו.",train
כיצד משפיעים המעשים של הנאשם על הציבור הרחב?,"המדובר במעשים הפוגעים בכלל הציבור, הן לאור הכבדת הנטל הכלכלי, הרובץ על כלל האוכלוסיה בארץ, בכך שמביאים לעליית פרמיות הביטוח, שכן, חברות הביטוח נאלצות לקחת בחשבון, כי חלק מהתביעות המוגשות להן – הן כוזבות, ובשל כך, נדרשות להקצות משאבים לחקירת התביעות; הן לאור בזבוז המשאבים והזמן של גורמי השיטור והחקירה, אשר גם הם נדרשים להקצות משאבים לבירור תלונת השווא, משאבים אשר, מטבע הדברים, באים על חשבון חקירות אחרות, שנפתחו בגין תלונות אמת.",train
מהו המכלול של השיקולים שיכול בית המשפט לקחת בחשבון לפי סעיף 40ט' לחוק העונשין?,"בהתאם לסעיף 40ט' לחוק העונשין, תשל""ז – 1977, בבואו של בית המשפט לקבוע מתחם ענישה, רשאי לקחת בחשבון מכלול שיקולים, בין היתר, נסיבות ביצוע העבירה; משך ההתנהגות העבריינית; מידת הפגיעה בערכים המוגנים; וכן, שיקולים נוספים.",train
מהו השיקול המשפטי המוביל לקביעה שאין המדובר בנאשם שהצטייד מראש בנשק?,אין המדובר במי שהצטייד מראש בנשק קר או חם 5 נתון שבסבירות גבוהה עד ודאית היה משנה את נקודת האיזון לכיוון עונש כבד;,train
מהו הפוטנציאל שהנאשם יצר לפגיעה בשלום הציבור ובמרקם החיים התקין בחברה?,"בכך, יצר הנאשם פוטנציאל לפגיעה ממשית בשלום הציבור, במרקם החיים התקין בחברה ובפריון בעבודה, שכן אין צורך להכביר מילים בדבר השפעת שימוש בסמים מסוכנים על תפקודם של צרכני הסם.",train
כיצד השפיעה הודאת הנאשם באשמה על חיסכון בזמן השיפוטי?,"לזכותו של הנאשם, תילקח הודאתו באשמה, שהיה בה כדי לחסוך זמן שיפוטי.",train
כיצד משפיעה אלימות מצד נציגי החוק על אמון הציבור במערכת אכיפת החוק?,"הדבר נכון - הן בהתיחס להפעלת אלימות כלפי אזרח, על ידי מי שמשמש כנציגי החוק; על אחת כמה וכמה - בנוגע לנסיון לשיבוש הליכי משפט, שעלול היה להביא להעמדה לדין של אדם חף מפשע ולפגיעה קשה וחמורה באמון הציבור במערכת אכיפת החוק.",train
מה הם שני התבחינים העיקריים לביטול הרשעתו של נאשם 5?,"בסוגיית ביטול הרשעתו של נאשם 5, נקבע כי שני תבחינים עיקריים תקפים: האם המעשים מאפשרים זאת מבחינת המסר לציבור, והאם ישנה פגיעה ממשית וקונקרטית בסיכויי התעסוקה בעתיד.",train
מהו השקלול הנדרש בעונש שנגזר בגין עבירות סמים?,העונש שנגזר בגין עבירות סמים מעין אלה חייב לשקלל בתוכו לא רק את הרתעת היחיד אלא גם את הרתעת הרבים.,train
אילו גורמים יש לשקול בעת קביעת העונש לנאשם?,"על בית המשפט לשקול, את עברו הפלילי של הנאשם; נסיבותיו האישיות והפרוגנוזה של גורמי ההערכה לגביו.",train
מהן הדרישות להוכחת מצוקה חריגה או התמכרות לצורך חריגה ממתחם הענישה?,"על מנת לחרוג ממתחם הענישה משיקולי שיקום, על ההגנה להצביע, ראש וראשית, על מצוקה חריגה או התמכרות ממנה סובל הנאשם, שהיא ברת תיקון; לאחר מכן, על ההגנה להצביע על תכנית קונקרטית לשיקומו של הנאשם ולפתרון מצוקה זו, בפיקוח גורמים מקצועיים מתאימים.",train
מדוע שיקום אינו נחשב תמיד לסיבה מספקת לחריגה ממתחם הענישה?,"כבר נאמר לא פעם, כי שיקום איננו בגדר מילת קסם, המצדיקה, בכל עת, חריגה ממתחם הענישה.",train
מהן הנסיבות לחומרה במקרה זה שמעידות על פעילות הנאשם בתחום הסחר בסמים?,"בנסיבות התיק דנן, קיימות מספר נסיבות לחומרה, שיש בהן כדי להעיד על פעילות עקבית ומאורגנת בתחום הסחר בסמים מסוכנים, וכן על היות הנאשם בדרג משמעותי בהיררכיה העבריינית: הנאשם היה פעיל במסגרת קבוצת טלגרם העוסקת במכירה של סמים מסוגים שונים; הנאשם ערך עסקאות עם לקוחות שנחזו להיות מזדמנים; חרף הגדרת עצמו כ""שליח"" בשיחה נושא האישום הראשון – הרי מגוון הסמים הרחב שנתפס מחזיק, כמפורט באישום השלישי; כמו גם זמינותו המהירה לאספקת הסמים המסוכנים – אינם תואמים הגדרה זו.",train
מהו השיקול שהפחית את הסיכון להסתבכות הנאשם בעבירות בעתיד?,"הצלחת ההליך הטיפולי השיקומי, ביחד עם העובדה, כי הנאשם סיים את שירותו כעובד ציבור,  מפחיתים, עד כדי מאיינים הסיכון, כי הנאשם ישוב ויסתבך בעבירות בעתיד.",train
"מהו הכלל שנקבע לגבי ענישת מבצעי עבירות החזקת נשק, גם בעבירה ראשונה?","אשר על כן משכבר נקבע הכלל לפיו ככלל יש לאסור את המבצעים עבירה זו, גם אם מדובר בעבירה ראשונה, מאחורי סורג ובריח, ואילו אורך התקופה כלול בנסיבות הספציפיות של העושה והמעשה.",train
כיצד משפיעות הנסיבות האישיות על האינטרס הציבורי במיגור העבריינות?,"על אף נסיבותיו האישיות של המערער שם (צעיר ללא עבר פלילי) – הרי הנסיבות האישיות ואינטרס השיקום, נדחים מפני האינטרס הציבורי של מיגור עבירות מסוג זה.",train
מהו הצורך בהחמרה בענישה בעבירות אחזקת נשק כפי שהובהר בפרשת אבו מוסא?,"הצורך בהחמרה בענישה בעבירות מסוג זה, אשר, בגזר דין שניתן לאחרונה (עפ""ג 4673-08-19 אבו מוסא נ' מדינת ישראל [פורסם בנבו] (להלן: ""פרשת אבו מוסא"")), אף הוכרו כ""מכת אזור"" – הוא ברור ואף מתבקש.",train
מהי המשמעות של עזות מצח במקרה של הנאשם בהסתבכותו הנוכחית?,"בהסתבכותו הנוכחית הפגין הנאשם עזות מצח של ממש, כאשר עבר העבירה דנן - כחודש בלבד לאחר שנגזר דינו בגין עבירה קודמת, של שיבוש מהלכי משפט (גזר הדין ת/4ב'), תוך שבית המשפט (חברי, כב' ס""נ לענינים פליליים כתוארו אז השופט א' ברסלר-גונן) הבהיר לנאשם, כי אם יחזור על מעשיו, הוא יידרש לשאת במלוא חומרת הדין, וכאשר תלוי ועומד מעליו מאסר מותנה בר הפעלה בן 5 חודשים.",train
"מהו הכיוון המומלץ בענישה בעבירות, בהתחשב בנתונים המוצגים?","שקלול הנתונים מצביע לכיוון ענישה שתהיה על הצד הבינוני של המתחם, בצירוף עונש מאסר מותנה מרתיע וענישה בצורת עיצומים כספיים.",train
אילו נסיבות מצטרפות לחומרתה הרבה של העבירה על פי טיעוני ההגנה ודברי הנאשם?,"לחומרתה הרבה של העבירה מצטרפות נסיבותיו של הנאשם באותה העת וגם כיום, כפי שעולות – הן מטיעוני ההגנה; והן מדבריו בשירות המבחן; הן מדברי אחיו – ע.ה.1; והן מדבריו שלו בדברו האחרון.",train
מהו הנטל שההגנה לא הצליחה להרים כדי לבטל את הכרעת הדין המרשיעה?,"יוצא מן האמור, כי לא עלה בידי ההגנה להרים הנטל הנדרש להוכחת ""החריג שבחריג"" המאפשר ביטול הכרעת הדין המרשיעה.",train
מהי הסכנה האינהרנטית בפשיעה החקלאית בהקשר של מפגש עם חקלאים?,יש בפשיעה החקלאית מסוכנות אינהרנטית בשל הפוטנציאל להתפתחות אלימה במפגש אפשרי בין החקלאי המבקש להגן על פרי עמלו לבין הפורץ באישון לילה.,train
כיצד פוגעות העבירות בעקרון השוויון במוסדות האקדמיים?,"עבירות אלה הן בעלות פוטנציאל של פגיעה ממשית בציבור, מכמה פנים: הפן הראשון  עלול הנאשם להתקבל למסגרות שונות, על סמך התואר שלמד, כשמעסיקיו מניחים, כי הוא בעל הכישורים הנדרשים, בעוד שאינו כזה;  פן נוסף - פגיעה בעיקרון השוויון, כאשר אחרים, המציגים נתוני אמת למוסד האקדמי, יכול שלא יסיימו לימודיהם, או יאלצו להשקיע ממון, זמן ומאמצים כדי להשלים הלימודים, כאשר הנאשם פועל לקיצור הדרך, תוך הצגת מצג שווא.",train
מהו השיקול שהוביל את בית המשפט להטיל עונש נמוך יותר על הנאשם?,"לאחר שבית המשפט לוקח בחשבון את מכלול הנסיבות – לנוכח השיקולים שפורטו לקולא, לרבות היעדר הסתבכויות קודמות והערכה החיובית בנוגע לנאשם, מוצא בית המשפט כי ניתן, זו הפעם, להסתפק בעונש שייגזר על הצד הנמוך של מתחם הענישה.",train
מהו האינטרס הציבורי המתחייב לשוטרים במילוי תפקידם?,אינטרס הציבור מחייב אפוא ששוטרים יוכלו למלא את תפקידם ללא מורא ופחד.,train
מהו שיקול הממונה על עבודות השירות בנוגע להתאמתו של הנאשם לביצוע עבודות שירות?,"בית המשפט העליון קבע כי ""הממונה על עבודות השירות רשאי לשקול את עצם התאמתו של הנדון לביצוע עבודות שירות בשל נסיבות התנהגותו בעבר ... ושיקולים נוספים"".",train
מהן הנסיבות לחומרה במקרה זה שמעידות על פעילות מאורגנת בסחר בסמים?,"בנסיבות התיק דנן, קיימות מספר נסיבות לחומרה, שיש בהן כדי להעיד על פעילות עקבית ומאורגנת בתחום הסחר בסמים מסוכנים, וכן על היות הנאשם בדרג משמעותי בהיררכיה העבריינית: הנאשם היה פעיל במסגרת קבוצת טלגרם העוסקת במכירה של סמים מסוגים שונים; הנאשם ערך עסקאות עם לקוחות שנחזו להיות מזדמנים; חרף הגדרת עצמו כ""שליח"" בשיחה נושא האישום הראשון – הרי מגוון הסמים הרחב שנתפס מחזיק, כמפורט באישום השלישי; כמו גם זמינותו המהירה לאספקת הסמים המסוכנים – אינם תואמים הגדרה זו.",train
מהו ההשפעה של עבירות ההתפרצות על ביטחון הציבור ותחושת הביטחון האישי?,בעבירות ההתפרצות יש כדי לערער את ביטחון האישי של הציבור ואת התחושה של 'ביתי הוא מבצרי'.,train
כיצד משפיע מצב הנאשם על מידת האנטי-חברתיות של מעשיו?,שכןף יש במצב זה כדי להשליך על מידת האנטי-חברתיות העולה ממעשיו.,train
כיצד משפיעים המעשים המתמשכים של הנאשם על האפשרות לבטל את הרשעתו?,"יצוין, כי כאמור, המדובר במספר אירועים שונים של מכירה או אספקה של סם, חלקם בתמורה לאתנן כספי, מעשים מתמשכים מסוג זה אינם מאפשרים ביטול ההרשעה, כשלעצמם, וזאת גם כאשר בית המשפט שם לנגד עיניו את גילו הצעיר של הנאשם ואת היותו תלמיד בית ספר בזמן העבירות.",train
מהי החובה החוקית והמוסרית שהנאשם הפר כאשר ברח מהמקום לאחר התאונה?,"אם לא היה די בכל אלה - הרי נמנע הנאשם מלציית לחובה החוקית, שהיא גם חובה מוסרית בסיסית - כאשר ברח מהמקום ולא התעכב כדי לברר מצבה של נפגעת התאונה ולהושיט לה עזרה.",train
"מדוע יש להחמיר את הענישה בעבירות הקשורות בנשק, לפי בית המשפט קמא?","בית המשפט קמא ציין ובצדק, את החומרה הרבה שיש לראות בעבירות הקשורות בנשק, ואף בצדק ציין, כי בית המשפט מצווה להחמיר את הענישה בעבירות כגון אלה, כדי להגן על הציבור.",train
מהו השיקול שעל בית המשפט לשקול בקביעת הענישה הספציפית עבור הנאשם?,"בקביעת הענישה הספציפית בתוך המתחם, על בית המשפט לשקול, בין היתר, את עברו של הנאשם, נסיבותיו האישיות, לצד שיקולים נוספים.",train
מהו הפיצוי שנקבע לטובת המתלוננת בעקבות התנהגות הנאשם?,"מוצא בית המשפט לקבוע פיצוי לטובת המתלוננת, אשר יהיה בו משום הכרה ברגעי הפחד שחוותה לאור התנהגות הנאשם.",train
מהו ההסבר המשפטי להטלת פיצוי כספי על הנאשם לטובת המתלונן?,"מוצא בית המשפט, להשית על הנאשם פיצוי כספי לטובת המתלונן, נפגע העבירה, אשר יגלם את הסבל שנגרם לו.",train
מהי עגמת הנפש המיוחסת לעבירות פריצה וגניבה מרכב?,"עגמת הנפש הרבה הכרוכה בעבירות אלה, שהיא הרבה מעבר לעבירות אחרות של פריצה לכלי רכב או גניבה מתוכם, וכן התקופה בה נמנע מבעלי הרכב לעשות בו שימוש – מן הדין שתקבל אף היא ביטוי בענישה.",train
מהו המשקל של חופש הביטוי לעומת התנהגות פורעת חוק בשיטתנו המשפטית?,"הגם שאין להתעלם ממשקלו של חופש הביטוי כערך יסוד בשיטתנו המשפטית, הרי כבר נפסק לא פעם, כי אין בחופש הביטוי כדי להתיר הרסן להתנהגות שהיא בבחינת התפרעות, חסימת נתיבי תחבורה, והפרעה לכוחות אכיפת החוק.",train
אילו נסיבות אישיות של הנאשם יש לקחת בחשבון בעת קביעת העונש?,"כן תילקחנה בחשבון, כמצוות המחוקק, נסיבותיו האישיות של הנאשם ואף ההשפעה שתהיה לעונש שיגזר על המרקם המשפחתי.",train
כיצד משפיע המניע הכלכלי על חומרת העבירה והענישה המוטלת?,"פגיעה ""דו-ראשית"" זו היא המצביעה על חומרת העבירה, ואם נצרף אליה אף את המניע הכלכלי היכול לעיתים לשמש כשלעצמו קטליזטור לביצוע עבירה, או אז, יש להתייחס אליה במשנה חומרה ודי אם נציין בהקשר זה, כי המחוקק קצב לעבירה זו עונש מירבי של 5 שנות מאסר.",train
מהו הכיוון המומלץ לענישה במקרה זה לפי שקלול הנתונים?,"שקלול הנתונים, מצביעים לכיוון ענישה, שתהיה על הצד הנמוך של המתחם, בצירוף עונש מאסר מותנה מרתיע - שיחול על עבירות של הסגת גבול וכניסה למקרקעי ציבור; עיצומים כספיים.",train
כיצד משפיעה תקופת העשור על החומרה של העבירות שביצע הנאשם?,"אכן, מצד אחד תקופה של עשור הינה ארוכה מאוד, אך מהצד האחר, העבירות אשר בוצעו הינן חמורות מאוד.",train
מהו הערך המוביל שמבוסס עליו מוסד הנישואין המונוגמיים?,"מוסד הנישואין המונוגמיים נובע מערך השוויון בין בני האדם, ובכלל זה – התייחסות שוויונית לבני שני המינים.",train
מהו ההסבר לכך שהמחוקק ייחד סימן נפרד לעבירות גניבת רכב בחוק העונשין?,"לא בכדי, ראה המחוקק לייחד לעבירות אלה סימן נפרד – סימן ה1 – במסגרת הפרק העוסק בעבירות הרכוש (פרק י""א) בחוק העונשין, תשל""ז – 1977.",train
מהו תפקידם של בתי המשפט בענישה כאשר מדובר בשימוש בסכין?,שותפים אנו לעמדה שעל בתי המשפט לתרום חלקם בענישה הולמת ומרתיעה כאשר מדובר בשימוש בסכין.,train
אילו שיקולים הובילו את בית המשפט להטיל מאסר בפועל על הנאשם?,"לאחר שבית המשפט שקל את טענות הצדדים, מוצא כי שיקולי החומרה, וביחוד מידת התעוזה ועוצמת הסיכון שיצר הנאשם, במעשיו, לעוברי הדרך התמימים ולשוטרים בניידת המשטרה – גוברים על שיקולי הקולה ומצביעים על הטלת מאסר בפועל ברף הבינוני של מתחם הענישה.",train
"מהו הכלל שנקבע לגבי ענישת מבצעי עבירות החזקת נשק, גם אם זו עבירה ראשונה?","אשר על כן משכבר נקבע הכלל לפיו ככלל יש לאסור את המבצעים עבירה זו, גם אם מדובר בעבירה ראשונה, מאחורי סורג ובריח, ואילו אורך התקופה כלול בנסיבות הספציפיות של העושה והמעשה.",train
מהי הסיבה להארכת משך צו המבחן שניתן לנאשם?,"בית המשפט מוצא להורות על הארכת משך צו המבחן מעבר למה שהומלץ בתסקיר, על מנת שניתן יהיה להמשיך ולנהל מעקב אחרי הנאשם, גם לאחר סיום ההליך הטיפולי.",train
מהו העיקרון המשפטי המאפשר לבית המשפט לקבוע פיצוי על נזק כללי וסבל ללא הוכחת שיעורו?,"שעה שבית משפט  כבמקרה דנן  מתקרב בקביעתו לסכום זה, אין בכך דופי, שהרי לא בכדי קבע המחוקק את אשר קבע, וכדברי השופט ד' חשין בע""פ 10213/05 פלוני נ' מדינת ישראל [פורסם בנבו] ""נזק כללי, וסבל בכלל זה, אין מוכיחים שיעורו, והוא עניין להערכתו של בית המשפט"".",train
מהו מתחם הענישה שנקבע על ידי בית המשפט בגין העבירה?,"לאור האמור, מוצא בית המשפט להעמיד את מתחם הענישה בגין עבירה זו כך שינוע בין 4 ל- 10 חדשי מאסר.",train
"מדוע האיום נחשב לביטוי המוגבל על ידי המשפט, ומהם הערכים המוגנים בכך?","האיום הוא אפוא ביטוי שהמשפט מטיל עליו מגבלות תוך פגיעה בחופש הביטוי, וזאת כדי להגן על ערכים אחרים ובהם שלוות נפשו, בטחונו וחירות פעולתו של הפרט.",train
מדוע יש צורך בתשומות לבדוק את האותנטיות של המסמכים או השטרות במעשי מרמה?,"מעשי מרמה מסוג זה מחייבים תשומות לצורך בדיקת האותנטיות של המסמכים או השטרות, כשעלות זו תגולגל, בסופו של דבר, על כתפיו של כלל הציבור.",train
מהו מתחם הענישה שהציעה התביעה במקרה זה?,"מותב זה אימץ את מתחם הענישה אליו עתרה התביעה, כך שינוע בין 24 ועד 46 חודשי מאסר בפועל, תוך שציין, כי היה מקום לעתור למתחם ענישה גבוה יותר.",train
"מהי חובת בית המשפט במאבק נגד האלימות בחברה, כפי שהדגיש בית המשפט העליון?","לא אחת, הדגיש בית המשפט העליון את חובתו של בית המשפט ליטול חלק במאבק נגד האלימות הפושה בחברה ועל החשיבות להעניש בחומרה את אלו הפונים לדרכי אלימות.",train
מהו ההשפעה האפשרית של מעצרו הנוכחי של הנאשם על ההליך השיקומי שלו?,"בנוסף, מעצרו הנוכחי של הנאשם בתיק אחר, בו הוגש כתב אישום ""טרף את הקלפים"" ועשוי גם להשליך, ככל שהתיק יסתיים בהכרעת דין מרשיעה, על הצלחת ההליך השיקומי.",train
כיצד השפיעה הודאת הנאשמים על ההקלות בענישה שניתנה להם?,לנוכח ההתיחסות השונה המתוארת לעיל; הודאת הנאשמים באשמה; בנסיבותיה המיוחדות של הנאשמת 1 - מוצא ליתן לשני הנאשמים הקלה מסוימת בענישה שתוטל עליהם במסגרת המתחם.,train
מהו המצב המשפטי לגבי ריצוי העונש בעבודות שירות בעבירות פוליגמיה?,"ריצוי העונש בעבודות שירות אינו הולם עבירות אלה, והוא מחטיא את מטרת הענישה.",train
מה נדרש כדי לחרוג ממתחם הענישה משיקולי שיקום?,"כדי לחרוג ממתחם הענישה משיקולי שיקום, יש להצביע על מצוקה חריגה וברת תיקון ועל תוכנית טיפולית בפיקוח מקצועי.",train
מהו השיקול המרכזי המאפשר להחריג נאשם בוגר מהרשעה בדין?,"שיקולי השיקום של נאשם בוגר אשר יהיה בכוחם להחריגו מהרשעה בדין שמורים למקרים חריגים ביותר שאינם מתמצים בעצם ה""הכתמה"" או ה""דימוי העצמי"", שהינם כאמור התוצאות הבלתי נמנעות של הרשעה באשר היא, ובמידה לא מבוטלת אף אחת התכליות של הדין הפלילי.",train
מהו השיקול המרכזי שקשור לחלוף הזמן מאז העבירה והשפעתו על תפקידו הציבורי של הנאשם?,"לכל אלה יש להוסיף, את חלוף הזמן מאז מעשי העבירה – תקופה בת למעלה מ-4 שנים, במהלכם המשיך הנאשם למלא תפקיד ציבורי בשירותי הכבאות וההצלה, תוך שנמנע מהסתבכות נוספת כלשהי.",train
כיצד משפיעים השיקולים על הקלה במסגרת מתחם הענישה?,שיקולים אלה מטים הכף לכיוון הקלה במסגרת מתחם הענישה.,train
אילו רכיבי ענישה נוספים ישית בית המשפט על הנאשם מעבר לעונש המאסר?,"עוד ישית בית המשפט על הנאשם רכיבי ענישה נוספים, בדמות מאסר מותנה צופה פני עתיד; קנס כספי; פיצוי לנפגעת העבירה, שיהיה בו כדי להמחיש הכרה בפגיעה שחוותה (בשומת הפיצוי לא יילקח בחשבון הנזק הרכושי או הגופני, בגינו קיימים מסלולים אחרים למיצוי זכויותיה של הנפגעת ואף לא הוצגו נתונים, המאפשרים שומת נזקים אלה, אלא עגמת הנפש והפגיעה שחוותה בשל אופן התנהגותו של הנאשם, כמו גם, הפסול הערכי הנובע מהתנהגות זו); פסילת רישיון נהיגה  בפועל ועל תנאי לתקופות משמעותיות, שיהיה בהן כדי להרחיק הנאשם מהכביש ולמנוע סיכון נוסף לעוברי דרך, לרבות הפעלה במצטבר של הפסילה המותנית.",train
"כיצד יופעל המאסר המותנה במקרה זה, בהתאם למטרות השיקום?","בנסיבות אלה – אין מנוס מהפעלת המאסר המותנה, אך מטעמי השיקום, כפי שפורטו לעיל – יופעל המאסר המותנה בחופף לעונש שהוטל, כך שבסך הכל - ירצה הנאשם עונש מאסר בפועל, בדרך של עבודות שירות.",train
מהו השיקול המרכזי שמנחה את בית המשפט בנוגע להסדרי טיעון?,"מתוך הנחה, כי התביעה הכללית שקלה את שיקוליה ולנוכח ההלכה הנוגעת לכיבוד הסדרי טיעון – לא יחרוג בית המשפט מהטווח שנקבע במסגרת ההסדר.",train
מהו העיקרון המשפטי המנחה את ההתייחסות למעשי תקיפה על נציגי החוק?,הדעת אינה סובלת מעשי תקיפה על נציגי חוק אשר עושים את עבודתם נאמנה למען שמירת הסדר הציבורי וביטחון הציבור.,train
מה מלמדת הפרוגנוזה של שירות המבחן לגבי הפנמת חומרת המעשים?,הפרוגנוזה מטעם גורם ההערכה המקצועי – שירות המבחן למבוגרים – מלמדת על היעדר מוחלט של הפנמת חומרת המעשים; אי-נטילת אחריות ופעולה ממניעים אידיאולוגיים.,train
מהו מתחם הענישה שנקבע עבור תקיפת שוטרים בנסיבות מחמירות?,"מכל המקובץ, כאשר המדובר בתקיפת שוטרים, בנסיבות מחמירות, על ידי המון משולהב, תוך שימוש בנשק קר בדמות אבנים, תוך ידוי בקבוק תבערה ותוך גרימת חבלות ואף נזק ממשי לרכוש ולבעלי חיים תמימים – כל זאת על רקע נסיון להביא, בדרך אלימות, לביטול החלטה שלטונית – מוצא בית המשפט לקבוע מתחם ענישה שינוע בין שלוש ועד שש שנות מאסר בפועל.",train
מהי החשיבות של בקר ומקנה בחברה חקלאית וכיצד היא משפיעה על הקנס המוטל על גניבתם?,"בפשטות מכוונים הדברים לכך, שבקר ומקנה חשיבותם בחברה חקלאית גדולה עד כדי הגדלה משמעותית של הקנס המוטל על גניבתם.",train
מהי הסיבה שבית המשפט החליט לחרוג לקולה ממתחם הענישה במקרה זה?,"במקרה זה, מתוקף סמכותו בהתאם להוראות סעיף 40ד' לחוק העונשין, תשל""ז-1977, מוצא בית המשפט, לחרוג לקולה ממתחם הענישה, מטעמי שיקום.",train
מהו המניע הכלכלי שעומד מאחורי העבירות שעבר הנאשם וכיצד הוא משפיע על הענישה?,"עוד מוצא בית המשפט, כי לאור המניע הכלכלי העומד מאחורי העבירות שעבר הנאשם, ראוי היה להטיל קנס משמעותי מרתיע.",train
מדוע נחשב חלוף הזמן כמשקל קטן במקרה שבו ההגנה גרמה לעיכובים בהליך?,"כאשר לחלוף הזמן משקל קטן יחסית שכן, ההגנה היא שגרמה לעיכובים משמעותיים בהליך, שהצטברותם אינה מותירה אפשרות למסקנה אחרת, זולת – היותם מכוונים במטרה לדחות את הקץ.",train
מהו העיקרון לקביעת מתחמי ענישה שונים בהתאם לסוגי הנשק ומצב תקינותו?,"מוצא בית המשפט לקבוע מתחמי ענישה שונים בהתאם לסוגי הנשק ומצב תקינותו, כדי לשקף את חומרת הסיכון השונה.",train
מדוע הפרת ציפייה מסוימת גורמת לשימוש באלימות במשפחה להיות מנוגד לחוש הצדק האנושי?,הפרתה של ציפייה זו הופכת את השימוש באלימות במשפחה לתופעה העומדת בניגוד עמוק לחוש הצדק האנושי.,train
מהו המעמד של המקרה הנדון בהקשר לתופעת האלימות במשפחה?,עד כמה שאלימות במשפחה היא תופעה קשה ובזויה כשלעצמה – קיים מנעד של מקרים בתחום זה ויש לומר – כי המקרה דנן הוא מהמקרים הקשים והחמורים שבאו לפתחו של בית המשפט.,train
כיצד מתבטאת התנהגות פלילית חמורה כאשר מדובר בתקיפה ואיומים על שוטרים?,"מעשיהם של המערערים, שכללו איומים ותקיפה של שוטרים הממלאים תפקיד ציבורי על פי דין, הינם בבחינת התנהגות פלילית חמורה ושלוחת כל רסן אשר קוראת תיגר על אושיות שלטון החוק תוך התעלמות מופגנת מנורמות ההתנהגות הראויות שיש להקפיד עליהן.",train
כיצד יש לבטא את קביעת המחוקק גם בקביעת הענישה בפועל?,קביעה זו של המחוקק - מן הדין שתבוא ידי ביטויה גם בקביעת הענישה בפועל.,train
מהו העיקרון המנחה את מדיניות הענישה בעבירות סחר והפצה של סמים מסוכנים?,"על חומרתן של עבירות סחר בסם מסוכן, ראו רע""פ 8695/19 פסו נ' מדינת ישראל (פורסם במאגרים): בית משפט זה שב והדגיש כי על מדיניות הענישה בגין סחר והפצה של סמים מסוכנים, ובכללן סמים הנחשבים כ""סמים קלים"", להיות מרתיעה ומשמעותית, וכי יש לראות בחומרה ניסיונות לעשיית רווח כספי באמצעות סחר בסמים אלה",train
מהו הכיוון המשפטי שניתן להסיק ממכלול העבירות שביצע הנאשם?,כל אלה מצביעים לכיוון החמרה של ממש במסגרת מתחם הענישה.,train
מדוע לא נחשב האיום שניתן על ידי הנאשם לאיום קונקרטי ומעשי?,"הגם שהמדובר בהתבטאות מגונה וקשה – אין בית המשפט מוצא, כי המדובר היה באיום קונקרטי ומעשי ולפיכך, יועמד מתחם הענישה בגינו, גם כן בין עונש מאסר צופה פני עתיד לבין עונש מאסר בפועל בן מספר חודשים.",train
מדוע יש לשקול את ההפליה לרעה של מי שבוחר למסד קשר זוגי?,גם כאן ראוי לתת את הדעת – האם נכון להפלות לרעה דווקא מי שבוחר למסד קשר זוגי.,train
מהי כוונת המחוקק בנוגע להטלת העונש על מחזיקים או צופים בחומר תועבה?,"למחוקק לא היתה כוונה להטיל את מלוא כובד משקלה של המלחמה בתופעה קשה זו, על גביו של מי שמחזיק או צופה בחומר זה בלבד.",train
כיצד בית המשפט מתמודד עם חוסר תחושת הביטחון של הציבור בעבירות רכוש?,"בית המשפט מחויב ליתן מענה להעדר תחושת הביטחון בציבור ולנקוט ביד קשה עם עבריינים מסוג זה, תוך גזירת עונשים מרתיעים, שיהיה בהם כדי להרתיע את הנאשם עצמו וגם אחרים, מלחדור לביתם – מבצרם של אחרים ולהתעשר על חשבון זיעת אפם.",train
כיצד מתחשב בית המשפט במצב הבריאותי של הנאשם?,"לזכות הנאשם יילקח בחשבון מצבו הבריאותי הנטען, אף ללא אסמכתאות לכך.",train
כיצד מעשיה של הנאשמת 1 מעידים על היעדר הפנמה של הנורמות המצופות מעובד ציבור?,"מעשיה של הנאשמת 1 חותרים תחת אמון זה, ומעידים על היעדר הפנמה של הנורמות המצופות מעובד ציבור.",train
מהי חומרת הסיכון הנשקף מעבירות החזקת נשק וכיצד היא משפיעה על הענישה?,"בשורה של פסקי דין נקבע, כי חומרת הסיכון הנשקף מעבירות אלה, מחייבת השתת עונשי מאסר בפועל בגין עבירות אלה וזאת גם כאשר המדובר, לכאורה, במי שמנהל אורח חיים נורמטיבי ואין לחובתו הרשעות קודמות.",train
מה על בית המשפט לשקול בקביעת הענישה במסגרת מתחם הענישה?,"אשר לקביעת הענישה במסגרת המתחם האמור, על בית המשפט לשקול, את עברו של הנאשם; נסיבותיו האישיות והפרוגנוזה של גורמי ההערכה לגביו.",train
מהו השיקול המרכזי שמנחה את בית המשפט במקרים של עבירות סמים כדי להרתיע את הציבור?,"על בית המשפט לפעול להרתעת היחיד והרבים, אשר סבורים, כי מדובר בעשיית כסף קל, ומתוך בצע כסף, פוגעים פגיעה של ממש בציבור ndash; שלומו; בריאותו; בטחונו; ורכושו.",train
כיצד משפיעות הנסיבות האישיות של המערער על האינטרס הציבורי בענישה?,אין בנסיבותיו האישיות של המערער כדי לגבור על האינטרס הציבורי של הטלת מאסר בפועל על עבירות אלה.,train
כיצד משפיעות הנסיבות האישיות של המערער על האינטרס הציבורי במיגור עבירות נשק?,"חרף העדר אינדיקציה על שימוש פלילי או אחר המתוכן בנשק, ועל אף נסיבותיו האישיות של המערער שם (צעיר ללא עבר פלילי) – הרי הנסיבות האישיות ואינטרס השיקום, נדחים מפני האינטרס הציבורי של מיגור עבירות מסוג זה.",train
מהי ההשפעה של תחושת הדחק על חובת הפיצוי לנפגעת העבירה?,לנוכח תחושת הדחק ועוגמת הנפש שנגמרו לנפגעת העבירה כתוצאה מהאירוע הנדון – מוצא בית המשפט לחייב הנאשם גם בפיצויה.,train
מהו העיקרון המנחה לקביעת הפיצוי במסגרת גזר הדין?,"בית המשפט קובע, במסגרת גזר הדין, פיצוי שישקף את החומרה שבמעשה ויתן מענה לפגיעה שנגרמה לנפגעי העבירה.",train
כיצד משפיעה העובדה שהחזקת נשק הפכה למכה באזור הדרום על קביעת העונש?,"בית משפט קמה הדגיש את העובדה כי העבירה של החזקת נשק הפכה למכה של אזור הדרום, ואף צדק, כאשר קבע שלא ניתן להתעלם מנסיבה זו בעת קביעת העונש הראוי למערער.",train
אילו שיקולים לא הוצגו על ידי ההגנה כדי להצדיק חריגה ממדיניות הענישה הנוהגת?,"לא הוצגו מטעם ההגנה, שיקולים מיוחדים המצדיקים חריגה ממדיניות הענישה הנוהגת, המחייבת ענישה בדרך של מאסר בפועל ממש בגין עבירות מסוג זה (הגם שבמקרה דנן, לאור ההסדר אליו הגיעו הצדדים, ישית בית המשפט ענישה לתקופה קצרה מהמקובל במסגרת המתחם הראוי).",train
מהו השיקול המרכזי בהתאמת מתחם הענישה לנסיבות המקרה?,"ברי, כי לנוכח השוני בהוראת החיקוק ובעובדות, יש להתאים מתחם הענישה כפי שנקבע שם, לנסיבות המקרה דנן.",train
מהי הסכנה הטמונה בעבירת החזקת נשק שמצדיקה עונש מאסר בפועל?,יוער כי הסכנה הטמונה בעבירה החמורה של החזקת נשק מצדיקה הטלת עונשי מאסר לריצוי בפועל גם על מי שזו עבירתו הראשונה.,train
מהו תפקיד מערכת בתי המשפט בהחמרת הענישה על עבירות גניבת בקר?,"במצב דברים זה המעט שמערכת בתי-המשפט יכולה לתרום בניסיון להשיב את הסדר על כנו – הוא להחמיר עם מבצעיהן של העבירות, במטרה להבהיר לכל כי מי שישלח את ידו בקנינו של אחר, ישלם על כך מחיר כואב.",train
כיצד השפיעה המצוקה הכלכלית של הנאשם על גזר הדין שניתן לו?,"אך לאור המצוקה הכלכלית של הנאשם ומשפחתו, כפי שהובאה בתסקירי שירות המבחן למבוגרים ובטיעוני ההגנה לענין העונש, לא יחמיר בית המשפט עם הנאשם ברכיב זה.",train
מהי ההשפעה של פגיעות באושיות התא המשפחתי על תחושת הביטחון של הפרטים בו?,"יש בה משום פגיעה באושיות התא המשפחתי, שהוא המקום בו אמור אדם להרגיש הבטוח ביותר.",train
אילו שיקולים רשאי בית המשפט לקחת בחשבון בעת קביעת מתחם ענישה לפי סעיף 40 לחוק העונשין?,"בהתאם להוראות סעיף 40 לחוק העונשין, תשל""ז – 1977, בבואו של בית המשפט לקבוע מתחם ענישה, רשאי לקחת בחשבון מכלול שיקולים, בין היתר, נסיבות ביצוע העבירה; משך ההתנהגות העבריינית; מידת הפגיעה בערכים המוגנים; וכן, שיקולים נוספים.",train
מדוע לא ניתן להחריג את הענישה כפי שהומלץ על ידי שירות המבחן במקרה זה?,"עם זאת, לאור טיב העבירות וכמויות הסם 	6 לא תהא החריגה כפי המלצתו של שירות המבחן, אשר במקרה דנן, חורגת באופן קיצוני ממתחם הענישה ואינה עומדת בקנה אחד עם העבירות בהן הורשע 	6 אלא, תתבטא בקיצור משך עונש המאסר אשר יוטל על הנאשם והמרתו לריצוי בדרך של עבודות שירות, כאשר עונש זה יאפשר גם העמדתו תחת צו מבחן מעקבי, במסגרתו ימשיך ליתן דין וחשבון על מעשיו לשירות המבחן למבוגרים, כשהצו שיוטל יהווה עונש מרתיע נוסף התלוי ועומד מעליו.",train
מהו האינטרס הציבורי שדוחה את הנסיבות האישיות בעבירות סמים בהיקף כזה?,"כבר נאמר, לא פעם, כי בעבירות סמים, בייחוד בהיקף כזה 	6 נדחות הנסיבות האישיות מפני האינטרס הציבורי.",train
מהי החשיבות של בקר ומקנה בחברה חקלאית והשפעתה על הקנס המוטל על גניבתם?,"בפשטות מכוונים הדברים לכך, שבקר ומקנה חשיבותם בחברה חקלאית גדולה עד כדי הגדלה משמעותית של הקנס המוטל על גניבתם.",train
מהו המתחם המקל שנקבע על ידי מותב זה בגזר הדין ביחס לחומרת העבירות?,"מותב זה הבהיר בגזר דינו, כי מדובר במתחמי ענישה מקלים ביותר, אשר אינם משקפים את חומרת העבירות ואת עוגמת הנפש שנגרמה למתלוננים.",train
מהו המשמעות של אופן ההסלקה והמסתור של הנשק בבית הנאשם?,אופן ההסלקה והמסתור של הנשק בבית הנאשם מצביעים על מודעות לנושא האחזקת הנשק הבלתי חוקית.,train
אילו גורמים מצביעים על כך שמטרת החזקת הסמים הייתה הפצה?,"האופן החזקת הסמים; כמות הסמים; מגוון הסמים; אופן חלוקת הסמים; כלי הכנת הסם שנתפסו; סכומי הכסף המזומן שנתפסו – מצביעים על כך, שמטרת החזקתם היתה, בין היתר, להפצה.",train
מהו הייחוד של המקרה הנדון על פי הודאת התביעה?,"ברם, המקרה דנן, יוצא דופן בנסיבותיו, כפי שהתביעה עצמה הודתה, בהגינותה.",train
מהו העונש המרתיע שיושת על הנאשם כדי למנוע הפעלה נוספת בדרך של עבודות שירות?,"כמובן, יושת על הנאשם עונש מאסר מרתיע צופה פני עתיד, אשר לא יאפשר עוד הפעלה בדרך של עבודות שירות וכך ידע הנאשם, כי הזדמנות שלישית – לא צפוי שתינתן.",train
מהו הקריטריון לקביעת מתחם הענישה במקרה של מספר אישומים?,"בטרם ייקבע מתחם הענישה ההולם, יש לבחון האם כלל האישומים המפורטים בכתב האישום עולים לכדי אירוע אחד בגינו יש לקבוע מתחם עונש אחד, או שמא מדובר באירועים שונים, המצדיקים קביעת מתחם ענישה נפרד לכל אירוע.",train
כיצד על בית המשפט לפעול כאשר מדובר בפגיעה ברכוש?,"בית המשפט אינו רשאי להיוותר אדיש לתופעה זו, רק בשל העובדה שמדובר בפגיעה ברכוש, ועליו להרתיע כל אדם, לבל יהין לפגוע ברכושו של אחר.",train
מהו הכיוון שהצביעו עליו הנימוקים בנוגע לעונש המאסר המומלץ לנאשם?,כל הנימוקים הללו מצביעים לכיוון השתת מאסר על הצד הנמוך של המתחם.,train
מהו מתחם הענישה המינימלי המומלץ במקרה של פציעות וחבלות חמורות?,"ברגיל 3 מצדיקות היו פציעות וחבלות מסוג כזה 4 ענישה מחמירה במסגרת מתחם ענישה שינוע, לכל הפחות, בין 18 ועד 36 חודשים מאסר בפועל.",train
מהן הסיבות שהובילו את בית המשפט לקבוע את עונשו של הנאשם בחלקו האמצעי של מתחמי הענישה?,"ברם, לנוכח הודאת הנאשם באשמה; נטילת האחריות מצדו; החיסכון בזמן שיפוטי; מוצא בית המשפט להושיט ידו לנאשם, ולקבוע את עונשו של הנאשם בחלקו האמצעי של כל אחד ממתחמי הענישה, ולקבוע, כי לפנים משורת הדין – ירוצה העונש בגין תיק הצירוף בחופף לעונש בתיק האב.",train
כיצד משפיעים היקף האופרציה והעבירות הנוספות על קביעת מתחם הענישה במקרה זה?,"שים לב להיקף האופרציה, מחד; לעבירות הנוספות בהן הורשע הנאשם, בין היתר החזקת הסמים המסוכנים ואף גניבת החשמל; ומנגד 		שים לב לכמות הסמים שנתפסה 		יועמד מתחם הענישה, במקרה זה, בין 18 ל- 36 חודשים מאסר בפועל.",train
מהו השיקול שהוביל את בית המשפט להחליט שאין מקום לסטות ממתחם העונש ההולם במקרה זה?,"ברם, בית המשפט אינו מוצא, כי לאור הרצדיביזם ולאור הסלמת ההתנהגות האלימה, יש בכך כדי להצדיק סטיה ממתחם העונש ההולם.",train
כיצד משפיעים סוג וכמות הסמים על משך הפסילה המוטלת על הנאשם?,"מקרה דנן, כמות הסמים וסוגם, ביחד עם הנתונים על עומק ההתמכרות של הנאשם, מחייבים השתת הפסילה לתקופה ארוכה אף יותר, שיהיה בה כדי להרחיק הנאשם מהכביש לשנים הקרובות ולמנוע סיכון עוברי הדרך.",train
על מה נשמעת הענישה הספציפית במסגרת מתחם הענישה?,"הענישה הספציפית במסגרת מתחם הענישה נסמכת על שיקולים חיצוניים לעבירות המוכחים בתיק, כגון אי הודאה באשמה ואי הצגת חרטה כנה.",train
מדוע נדחות הנסיבות האישיות במקרה של עבירה בעלת חומרה יתרה?,"כאשר המדובר בעבירה בעלת חומרה יתרה (ובמקרה דנן – העברת אמצעים, העלולים לשמש לקטילת אדם ואף לפיגוע חטיפה של סוהר או אסיר אחר) – נדחות הנסיבות האישיות מפני חומרת העבירה.",train
מהו מתחם הענישה שנקבע בנסיבות המקרה?,"בנסיבות המתוארות 1 יועמד מתחם הענישה בין עונש מאסר קצר לריצוי בדרך של עבודות שירות או עונש מקביל במסגרת צו של""צ, לבין מאסר בפועל בן שנה.",train
מהן התכליות השונות של פיצוי שנפסק לטובת נפגע עבירה?,"פיצוי שנפסק לטובת נפגע עבירה קיימות מספר תכליות שונות... בין התכליות האמורות ניתן לציין את הבאות: מתן סעד לנפגע העבירה בטווח זמנים קצר, מבלי שייאלץ להמתין לסיום הליכים אזרחיים בעניינו; מניעת מפגש מחודש עם העבריין שפגע בו במסגרת של הליך אזרחי נוסף; הכרה חברתית בסבלו של הנפגע; העלאת מעמדו של קורבן העבירה בהליך הפלילי, כחלק מהמגמה לשלבו בהליך הפלילי ולהכיר בזכויותיו במסגרת הליך זה ואף יסוד של היטהרות לעבריין עצמו, שחיובו בפצוי לטובת הנפגע עשוי לתרום לשקומו.",train
מהן הסיבות שגרמו לבית המשפט לחרוג ממתחם העונש הראוי ולהטיל עונש של עבודות שירות?,"לנוכח פעולות הנאשם להחזר הגזלה; פרק הזמן המשמעותי שחלף מאז האירועים; וכן לאור מאמצי השיקום של הנאשם - יקבל בית המשפט את בקשתה החלופית של ההגנה, תוך חריגה ממתחם העונש הראוי מטעמי שיקום, באופן בו יוטל על הנאשם עונש מאסר בפועל לריצוי בדרך של עבודות שירות, לתקופה המקסימלית האפשרית בהתאם לדין.",train
מהו העבר התעבורתי של הנאשם וכיצד הוא משפיע על מסוכנותו?,"לחובת הנאשם עבר תעבורתי שאינו קל, וכאמור, מלמד על אופן התייחסותו לעוברי הדרך ועל המסוכנות הנשקפת ממנו באופן כללי, אשר מתעצמת כשמדובר בנהיגה במטרה למלט רכב גנוב.",train
אילו שיקולים רשאי בית המשפט לקחת בחשבון בעת קביעת מתחם הענישה?,"בהתאם להוראות סעיף 40ט' לחוק העונשין, תשל""ז – 1977, בבואו של בית המשפט לקבוע את מתחם הענישה, רשאי לקחת בחשבון מכלול שיקולים, ובין היתר, נסיבות העבירה; מידת הפגיעה בערכים המוגנים ועוד.",train
מדוע נחשבות עבירות שוחד והפרת אמונים למסוכנות לחברה ולסדרי הממשל?,"אכן, נטילת שוחד, הפרת אמונים ועבירות אחרות הקבועות בדיני העונשין, אשר יסוד של שחיתות (במובן הרחב) טבוע בהן, מסוכנות הן לחברה ולסדרי הממשל.",train
"מהי החומרה שיש לראות בעבירות הקשורות בנשק, לפי בית המשפט המחוזי?","בית המשפט המחוזי, בשבתו כבית משפט לערעורים פליליים, הרכב בראשות הנשיאה כב' השופטת ר' יפה-כץ, ציין: בית המשפט קמא ציין ובצדק, את החומרה הרבה שיש לראות בעבירות הקשורות בנשק, ואף בצדק ציין, כי בית המשפט מצווה להחמיר את הענישה בעבירות כגון אלה, כדי להגן על הציבור.",train
כיצד השפיעו מאמצי השיקום של הנאשם על גזר הדין שניתן לו?,"עם זאת, מוצא בית המשפט, כי ניתן להושיט יד לנאשם במאמצי השיקום שעבר ולגזור ענשו לעונש מאסר לריצוי בדרך של עבודות שירות, לתקופה המקסימלית.",train
מהי המשמעות של פגיעה באשיות התא המשפחתי בהקשר לעבירות אלימות במשפחה?,"יש בה משום פגיעה באשיות התא המשפחתי, שהוא המקום בו אמור אדם להרגיש הבטוח ביותר.",train
כיצד חטאם של המסיעים נחשב לחמור יותר מחטאם של השוהים הבלתי חוקיים?,"בית משפט זה חזר ואמר, כי חטאם של המסיעים גדול מחטאם של השוהים הבלתי חוקיים, שכן הראשונים חוטאים ומחטיאים את הרבים ... ואכן, אדם המסיע רכב עמוס בשוהים בלתי חוקיים פוגע בבטחון המדינה, ומסייע ביצירת תשתית לפעילות חבלנית ... ונזכור כי גם אם אין בכוונת המסיע לגרום נזק בטחוני, לעולם אינו יכול לדעת בודאות מי כל נוסעיו, ומה זומם מי מהם.",train
מהי הסיבה להקלה בעונש שניתנה לנאשם לאחר חלוף הזמן?,"רק לנוכח חלוף הזמן, שבכל זאת יילקח בחשבון באופן מסוים, וכן התקופה בה שהה הנאשם בחלופת מעצר, בחלק מהתקופה תחת פיקוח אלקטרוני – תינתן לנאשם הקלה מסוימת, במסגרתה יושתו העונשים בחלקו הבינוני של המתחם.",train
מה מצביע מכלול הנסיבות על ענישת הנאשם במתחם הענישה?,"מכלול הנסיבות המתוארות מצביע לכיוון ענישת הנאשם על הצד הנמוך של מתחם הענישה, אך לא על הרף הנמוך ממש.",train
מהו השיקול שהוביל את בית המשפט לקבוע את מתחם הענישה בין 8 ל-18 חודשי מאסר בפועל?,"לנוכח נסיבותיו של המקרה דנן והעובדה, כי העבירה נעברה במועד קרוב יחסית לשינוי מדיניות האכיפה והתביעה, לא יחיל בית המשפט את ההחמרה הנזכרת לעיל, והמתחם יועמד כך שינוע בין 8 ועד 18 חודשי מאסר בפועל, בכליאה ממשית.",train
אילו שיקולים הביאו לקביעת עונש הנאשם על הרף הנמוך ביותר במתחם הענישה?,לנוכח שיתוף הפעולה של הנאשם בהליך הטיפולי; החרטה שהביע; התקופה בה שהה הנאשם במעצר וכן התקופה הארוכה בה שהה בתנאים מגבילים; הכלים שרכש לעתיד במסגרת הטיפולית – יועמד עונשו על הרף הנמוך ביותר במסגרת מתחם הענישה.,train
אילו שיקולים רשאי בית המשפט לקחת בחשבון בעת קביעת מתחם ענישה לפי סעיף 40ט' לחוק העונשין?,"בהתאם לסעיף 40ט' לחוק העונשין, תשל""ז – 1977, בבואו של בית המשפט לקבוע מתחם ענישה, רשאי לקחת בחשבון מכלול שיקולים, בין היתר, נסיבות ביצוע העבירה; משך ההתנהגות העבריינית; מידת הפגיעה בערכים המוגנים; וכן, שיקולים נוספים.",train
מהו המצב המשפטי של הנאשמים במקרה זה ביחס למתחם הענישה?,"נתונים אלה אינם חלים בענינו של מי מהנאשמים דנן – ועל כן אין עילה, לחרוג ממתחם הענישה בענינם.",train
כיצד מתארים מעשיהם של המערערים את התנהגותם כלפי שוטרים הממלאים תפקיד ציבורי?,"מעשיהם של המערערים, שכללו איומים ותקיפה של שוטרים הממלאים תפקיד ציבורי על פי דין, הינם בבחינת התנהגות פלילית חמורה ושלוחת כל רסן אשר קוראת תיגר על אושיות שלטון החוק תוך התעלמות מופגנת מנורמות ההתנהגות הראויות שיש להקפיד עליהן.",train
מהו העיקרון המשפטי שמנחה את בית המשפט בענישה על עבירות רכוש?,"לא אחת נקבע, כי על בית המשפט להרתיע היחיד והרבים, כך שעבירות אלו יהפכו לבלתי כדאיות, ובכך למגר התופעה.",train
מהו הכלל לגבי תקרת הענישה כאשר מדובר במסכת אחת של עבירות?,"גם כאשר המדובר במסכת אחת של עבירות  הכלל הוא, כי תקרת הענישה במסגרת המתחם שיקבע על ידי בית המשפט תהיה בדרך של הצטברות עונשי המקסימום בגין כל אחד מהמעשים, כאשר לבית המשפט שיקול הדעת, בכל מקרה ספציפי, לחפוף חלק ממתחמי הענישה.",train
מדוע ענישה בהתאם לעתירות אינה משקפת את עיקרון ההלימה?,"ענישה בהתאם לעתירות אלה – לא יהיה בה כדי לשקף כלל את עיקרון ההלימה, אשר קיבל הבכורה במסגרת שיקולי הענישה, שלא לדבר על הרתעת היחיד – הנאשם – והרתעת הרבים.",train
מהי הסיבה להטלת עיצום כספי וחילוט כספים במקרה זה?,"לנוכח כמות הסם שנתפסה, שהוא בשווי כלכלי לא מבוטל וכן לצורך איזון התמונה הענישתית – יושת גם עיצום כספי וכן יורה בית המשפט על חילוט הכספים, שנתפסו אצל הנאשם.",train
מהו השיקול המרכזי שהנחה את בית המשפט בהטלת העונש במקרה זה?,"בנסיבות אלה – לא נותר לבית המשפט אלא להטיל עונש, אשר מעבר לשיקול ההלימה, שיבטא את חומרת האיום ואת סלידת החברה ממעשים, שהיה בהם משום הטלת אימה על מי, שברגיל היתה צריכה להיות נתונה להגנתו של הנאשם, כרעייתו וכבת זוגו ואמורה היתה לחוש בביתה – כמבצרה – יינתן בו משקל משמעותי גם לשיקול ההרתעה האישי כלפי הנאשם, לצורך שמירה על חייה ועל שלומה של המתלוננת ולשיקול הרתעת הרבים, תוך הרחקת הנאשם מהמתלוננת, ומהחברה.",train
מהן השיקולים שעל בית המשפט לקחת בחשבון בעת קביעת העונש עבור הנאשם?,על בית המשפט ליקח בחשבון את טיב החמרים שהוחזקו; נסיבות אחזקתם ובאיזה מידה מצביעות הן על כוונת הפצה; נסיבותיו האישיות של הנאשם; עברו הפלילי.,train
מהי עמדתו של הנאשם בנוגע להמרת עונש המאסר בעבודות שירות?,"לנוכח עמדתו הנחרצת של הנאשם, אשר שלל גם הפניתו לממונה על עבודות השירות – אף אין בידי בית המשפט לשקול המרת עונש המאסר בפועל בדרך של עבודות שירות.",train
כיצד עיצום כספי מרתיע אוכלוסיות שאינן נרתעות מהליך פלילי?,"עיצום כספי הינו מרתיע דווקא כלפי אוכלוסיות שעצם ניהול ההליך הפלילי, או אף עצם ישיבה במאסר, לרבות התיוג הנלווה לכך, אינה מרתיעה אותן;",train
מהי הסיבה לחריגה לקולה ממתחם הענישה במקרה זה?,"לאור האמור, מוצא בית המשפט לחרוג לקולה ממתחם הענישה.",train
אילו נזקים נגרמים מעבר לנזק הממוני בעבירות רכוש?,"מעבר לנזק הממוני ואף לנזקים העקיפים, לרבות הפגיעה בתחושת הביטחון של האזרחים, מקימות עבירות מסוג זה גם פוטנציאל של ממש לפגיעה בגוף ובנפש.",train
מהו תפקיד בית המשפט במאבק נגד עבירות סמים והנגעים הנלווים להן?,"על בית המשפט להרתיע היחיד והרבים מפני עבירות הסמים, ולהילחם בתופעה הקשה של נגע הסמים, הצוברת תאוצה בשנים האחרונות.",train
כיצד משפיעה הודאת הנאשמת באשמה על גזר הדין שלה?,הודאתה באשמה תזקף לזכותה.,train
מהו האינטרס הציבורי הנדרש לשם שמירה על תפקוד השוטרים?,אינטרס הציבור מחייב אפוא ששוטרים יוכלו למלא את תפקידם ללא מורא ופחד.,train
מהו העיצום הכספי המומלץ לנאשם כדי לחזק את אלמנט ההרתעה?,"כן יחויב הנאשם בעיצום כספי מסוג קנס, שיחזק את אלמנט ההרתעה.",train
מהו העיקרון המשפטי שמנחה את בית המשפט במטרה להרתיע מעבירות רכוש?,"לא אחת נקבע, כי על בית המשפט להרתיע היחיד והרבים, כך שעבירות אלו יהפכו לבלתי כדאיות, ובכך למגר התופעה.",train
מהו השיקול שיש לקחת בחשבון בקביעת מתחם הענישה לאירועים המפורטים בכתב האישום?,"בטרם ייקבע מתחם הענישה ההולם, יש לבחון האם כלל האישומים המפורטים בכתב האישום עולים לכדי אירוע אחד בגינו יש לקבוע מתחם עונש אחד, או שמא מדובר באירועים שונים, המצדיקים קביעת מתחם ענישה נפרד לכל אירוע.",train
מהו הצורך בהרתעה מפני עבירות אלימות לפתרון סכסוכים?,"בית משפט זה עמד לא אחת על הצורך בהרתעה מפני עבירות אלימות שנועדו ""לפתור סכסוכים"" בכוח הזרוע.",train
מהי החשיבות של אכיפת האיסור הפורמאלי על ריבוי נישואין?,"במצב דברים זה, האיסור הפורמאלי נחוץ ודרושה אכיפה רחבה וענישה מרתיעה.",train
כיצד משפיע מספר המעשים וחומרתם על קביעת מתחם הענישה בעבירות דומות?,"הלכה היא כי גם כאשר כמה מעשים נחשבים כחלק מ""אירוע"" אחד הרי שבקביעת מתחם הענישה יש תמיד להביא בחשבון את מספרם וחומרתם של המעשים, כך שמתחם הענישה בגין האירוע יכול לעלות אף על עונש המקסימום בגין מעשה אחד.",train
מהו השיקול המוביל את בית המשפט להימנע מביטול ההרשעה למרות הפגיעה בנאשם?,גם אם תילווה להרשעה פגיעה מסוימת בנאשם – כאמור לעיל – לאור אופי העבירות – אין בית המשפט מוצא מקום לביטולה.,train
מהו תפקיד בית המשפט במאבק נגד עבירות סמים והשפעתן על הציבור?,"על בית המשפט להרתיע היחיד והרבים מפני עבירות הסמים, ולהילחם בתופעה הקשה של נגע הסמים, הצוברת תאוצה בשנים האחרונות.",train
מדוע יש להטיל עונשים מחמירים על עבירות סמים במסגרת המאבק בהתפשטותן?,"במסגרת המאבק החברה בהתפשטות נגע הסמים – על מערכת המשפט להוקיע עבירות מסוג זה – תוך הטלת עונשים מחמירים, על אלו הבוחרים לעסוק בסמים.",train
מהו מתחם הענישה שנקבע בגין האירועים בכתב האישום?,"מכאן, שמתקיים הקשר ההדוק בין האירועים, ובית המשפט מוצא לקבוע מתחם ענישה אחד בגין אירועי כתב האישום, כך שינוע בין 16 ועד 30 חודשי מאסר בפועל.",train
כיצד משפיע היעדר רגישות למצבו של הקטין על מתחם הענישה?,"היעדר כל רגישות למצבו של הקטין  הנפגע והזלזול בשלומו הגופני והנפשי עד כדי סיכון חייו  מהווים אף הם נסיבה המובילה להחמרה משמעותית במסגרת מתחם הענישה.",train
כיצד השפיעה ההתחשבות המיוחדת בהסדר הטיעון על גזר הדין של הנאשם?,"ברם, בין היתר בשל נסיבה זו, זכה הנאשם להתחשבות יתרה במסגרת הסדר הטיעון המקל מאוד שנערך עמו בהסתבכותו הקודמת, ובא לידי ביטוי במסגרת גזר הדין ת/4ב'.",train
מהו האלמנט החומרה המשמעותי שנוגע להטעיה של לשכת ההוצאה לפועל?,"אלמנט חומרה משמעותי נוסף הינו - הטעיה מכוונת של לשכת הוצאה לפועל, גוף שיפוטי, אשר, כמו גופים שיפוטיים אחרים, אין בידיו המשאבים הנדרשים לבדיקת אמיתות המסמכים שמוגשים אליו, והוא פועל מתוך הנחה, שאזרחים מגישים אליו מסמכי אמת.",train
מדוע החליט בית המשפט להטיל עיצום כספי בדמות קנס על הנאשם?,"לאור המניע הכלכלי שנעוץ בעבירות הסמים, מוצא בית המשפט להטיל עיצום כספי בדמות קנס.",train
מהו הנימוק המרכזי שהשפיע על הענישה במקרה זה?,"הנימוק המרכזי לענישה היה  הפוטנציאל לעיוות דין ולמתן החלטות שיפוטיות שגויות, כתוצאה מהגשת מסמכים כוזבים לבית המשפט והיעדר משאבים לבדוק האותנטיות של כל מסמך.",train
מהו העונש המותנה שיושת על הנאשם במטרה להרתיע אותו בעתיד?,"על מנת להרתיע הנאשם בעתיד, יושת, כמובן, עונש מאסר מותנה.",train
מהו הנטל המוטל על הנאשם בהקשר לפגיעה עתידית במקצועו בעקבות הרשעתו?,"שנית – על הנאשם להוכיח פגיעה קונקרטית העלולה להיגרם לעתידו המקצועי, שהיא בלא יחס לתועלת החברתית שתצמח מהרשעתו בדין.",train
מהי הסיבה לכך שהחמרה כזו אינה בסמכות בית המשפט בהליך הפלילי?,"החמרה כזו אינה בסמכותו של בית המשפט, בהליך הפלילי, כלל, ואינה מתבקשת אפילו במקרה של מי שמבצעים פשעים חמורים או עבירות כנגד בטחון המדינה.",train
כיצד משפיעות הנסיבות האישיות של הנאשם על האינטרס הציבורי בענישה?,"ההגנה ביקשה לקחת בחשבון את נסיבותיו האישיות של הנאשם, אולם, המאטריה הנדונה, לצד העובדה, כי מדובר בפעילות עבריינית מאורגנת ומתוכננת – נסוגות אחור הנסיבות האישיות של הנאשם מפני האינטרס הציבורי, להטיל הכורת על עבירות אלה.",train
מדוע יש להטיל ענישה משמעותית על מעשיו של הנאשם?,"מעשיו של הנאשם, על פגיעתו הרעה והקשה בלקוחותיו; באמון הציבור בעורכי הדין;  באמון הציבור במערכת המשפט – מחייבים ענישה של ממש, במישור המעשה.",train
מהו הצורך שהדגיש בית המשפט במאבק נגד עבירות אלימות?,"אשר לעבירות האלימות, נושא האישום השני, עמד בית המשפט, לא פעם, על הצורך להלחם בנגע זה הפושה בארצנו באמצעות ענישה מרתיעה, בדרך של נקיטה ביד קשה, במישור המעשה, ולא במישור הרטורי בלבד.",train
מהי הסיבה לכך שהנאשמת טוענת כי לא יוחסה לה מחשבה פלילית בכתב האישום המתוקן?,"הנאשמת טענה, כי בכתב האישום המתוקן, כלל לא יוחסה לה מחשבה פלילית, אך העבירה המיוחסת לה, בה הודתה במסגרת הסדר הטיעון, הינה עבירה הדורשת מחשבה פלילית, בהתאם להוראות חוק העונשין.",train
מדוע יש לזקוף לחובת הנאשם את העובדה כי העבירה נעברה במכוון?,"לחובת הנאשם יש לזקוף את העובדה, כי המדובר בעבירה, אשר נעברה במכוון, תוך פניה לאשה הנוספת ועריכת הנישואין עמה.",train
מהן ההשלכות המשפטיות של התמכרות הנאשם לשימוש בסמים על רישיון הנהיגה שלו?,"לנוכח הנתונים שהוצגו באשר להתמכרותו העמוקה לשימוש בסמים מסוכנים והעובדה שעודנו צורך סמים מסוכנים ndash; ישית בית המשפט על הנאשם גם פסילה מלנהוג, בפועל ועל תנאי, לתקופה ממושכת, אשר תבטיח הרחקתו מהכביש, למען שלום הציבור המשתמש בדרך.",train
מהי החזקה שבעובדה הנובעת מכמות הסמים הגדולה שנתפסה אצל הנאשם?,"התשובה היא, שנוכח כמות הסמים הגדולה שנתפסה, קמה ועולה חזקה שבעובדה, שמקורה בשכל הישר ובנסיון החיים, כי החזקת הסם, לא נעשתה לידי שמיים ולא לצרכי צדקה, אלא לצורך הפקת רווח, ומכאן, שיש לראות את הנידון, כמי שהיה אמור להפיק רווח מביצוע העבירה.",train
מדוע חוסר הרגישות של הנאשם למצבן של הנפגעות נחשב לחובתו?,"העובדה, כי הנאשם לא היה רגיש למצבן של הנפגעות וניסה לנצלן לצורך סיפוק תאוותיו, בהעדר אמפתיה כלשהי כלפיהן (בזמן שנעברו העבירות) – גם היא לחובתו.",train
מדוע יש להחמיר בענישה כלפי מחזיקים בסמים שלא לצריכה עצמית?,"אין מנוס מהכבדת היד על המחזיקים סמים שלא לצריכה עצמית, שכל בר דעת מבין כי נועדו לצריכת הזולת, קרי, להוספת שמן על מדורת הסמים אשר להבותיה אופפות רבים וטובים, או רבים שהיו טובים.",train
מהו העיקרון המנחה בעבירות סמים בהיקף גדול ביחס לנסיבות האישיות של הנאשם?,"כבר נאמר, לא פעם, כי בעבירות סמים, בייחוד בהיקף כזה – נדחות הנסיבות האישיות מפני האינטרס הציבורי.",train
מדוע החליט בית המשפט להטיל קנס כספי על הנאשם?,"בשל המניע הכלכלי העומד ברקע לעבירות סמים, מוצא בית המשפט להטיל עיצום כספי מסוג קנס.",train
מהי הסיבה להמלצה על הרחקת הנאשם מהחברה ומהמתלוננת?,"חומרת המעשים והיעדר הפנמתם, תוך תליית האחריות בהם על המתלוננת, מחייבים הרחקת הנאשם מהחברה בכלל ומהמתלוננת בפרט, לתקופה כזו, במהלכה יהיה בידו לערוך חשבון נפש ולרכוש כלים להתמודדות במצבי כעס ושליטה בכעסים.",train
מהי רמת המסוכנות שהעבירה מצביעה עליה כלפי רעייתו של הנאשם?,"כל אלה מצביעים על רמת מסוכנות גבוהה ביותר לשלומה של רעייתו – המתלוננת, מסוכנות העומדת בעינה.",train
מהו השיקול המקל שנלקח בחשבון לגבי הנאשם בהיעדר מעורבות פלילית נוספת?,"עוד לזכות הנאשם, היעדר אינדיקציה על מעורבות נוספת בפלילים בחלוף השנים מאז הרשעתו האחרונה.",train
מהו השיקול הנוסף שהשפיע על בית המשפט בהתחשב במצבו של הנאשם?,"עוד יקח בית המשפט בחשבון, היות הנאשם מצוי בתנאים מגבילים תקופה ממושכת, מבלי שנרשמו לחובתו הפרות.",train
מדוע קבע המחוקק עונש מקסימלי זהה לעבירות סחר ותיווך בסמים?,"לא בכדי, מצא המחוקק, לקבוע עונש מקסימלי זהה לעבירת הסחר בסם ולעבירת תיווך לסחר בסם, כך שבגין שתיהן, העונש המקסימלי הועמד על 20 שנות מאסר בפועל.",train
"מהי משמעות המלצת שירות המבחן לעונש ""מוחשית וקונקרטית"" במקרה זה?","גם המלצת שירות המבחן, לענישה ""מוחשית וקונקרטית"", אינה בגדר חזון נפרץ והיא מלמדת, כי אין בנמצא כל אפיק טיפולי או שיקומי; אף אין אינדיקציה כלשהי להפגת המסוכנות לעתיד.",train
מדוע החליט בית המשפט להטיל פיצוי לטובת נפגע העבירה?,"בית המשפט מוצא להטיל פיצוי לטובת נפגע העבירה, אשר יגלם את הפגיעה בו ואת הסבל שנגרם לו.",train
כיצד משפיעה רמת התכנון וההתארגנות על מידת האנטי חברתיות של הנאשמים?,"רמת התכנון וההתארגנות, מעידה על מידת האנטי חברתיות והתעוזה העולה מהנאשמים; ובעיקר – הנזק העצום שנגרם, מטים הכף לכיוון החמרה במסגרת המתחם.",train
מדוע יש לראות בעבירות אלימות כלפי החלש תופעה חמורה שיש לעקרה משורש?,"במיוחד כאשר עבירות אלו מופנות כלפי החלש ותוך שימוש באלימות, הינן חמורות ביותר ויש בהן משום תופעה שיש לעקרה משורש.",train
מהי ההמלצה של שירות המבחן לגבי הענישה במקרה זה?,"סופו של יום, נמנע שירות המבחן מהמלצה שיקומית בענינו והמליץ על ענישה מוחשית ומרתיעה שתציב לנאשם גבול.",train
מהי השפעת עצמת הנזקים על שיקול הנסיבות האישיות של הנאשם?,"בשורה התחתונה, עצמת הנזקים מביאה לנסיגה במשקל שינתן לנסיבותיו האישיות של הנאשם, וזאת גם אם המדובר בנאשם נעדר עבר קודם, אשר לא נדון למאסר בעבר.",train
מהו הממצא לגבי תפישותיו של הנאשם והשפעתן על עונשו?,"נמצא כי הנאשם עודנו מחזיק בתפישות עבריניות, ממשיך בדרכו הנלוזה, ומשכך – מאבד חלוף הזמן את עוקצו.",train
"כיצד התייחס בית המשפט להסדר הטיעון, למרות שראה בו חורג מהענישה הראויה?","הגם שבית המשפט סבר, כי ההסדר חורג באופן משמעותי מהענישה ההולמת והראויה, כיבד את עמדת הצדדים ולא חרג, בפסק דינו, מהסדר הטיעון.",train
מדוע לא קיבל בית המשפט את המלצת שירות המבחן בנוגע לעונש?,"עם זאת, המלצת שירות המבחן בנוגע לעונש, אינה עולה בקנה אחד עם חומרת המעשים, ובית המשפט אינו מוצא לקבלה.",train
כיצד משפיעה הטרדה מינית מילולית על כבודה ותחושת האוטונומיה של נפגעת העבירה?,"גם הטרדה מינית שהיא מילולית יש בה כדי לפגוע בכבודה של נפגעת העבירה ובתחושת האוטונומיה שלה ומשכך, מוצא בית המשפט, לחייב את הנאשם בפיצוי באותו סדר גודל גם בנוגע לנפגעות העבירה הנוספות.",train
מהו העיצום הכספי המומלץ לצד פיצויים לנפגעי העבירה?,"לאור טיב המעשים, ראוי היה להשית עיצום כספי מסוג קנס לצד פיצויים לנפגעי העבירה, כפי שעתרה התביעה.",train
מהו השיקול שקשור לעברו הפלילי של הנאשם?,עוד ילקח בחשבון עברו הפלילי הנקי של הנאשם.,train
מהו הקושי בהגנה על שלום הציבור בעבירות אידיאולוגיות?,"דרך כלל עבירות מתוך מניעים אידיאולוגיים מבוצעות על ידי אנשים בעלי עבר נקי ולעיתים קרובות בעלי תכונות אישיות חיוביות והחברה לא תוכל להגן על עצמה מפני הסכנות לשלום הציבור הטמונות בעבירות המבוצעות ממניעים כאלה, אם לא יוטלו עונשים משמעותיים.",train
מהו השיקול שהוביל למיקום עונשו של הנאשם בשליש התחתון של מתחם הענישה?,"אך לאור הודאת הנאשם באשמה, שהיה בה משום נטילת אחריות, לוו פורמלית, וכן לאור נכותו ומצבו הרפואי (לענין זה הוגש סיכום מידע רפואי מקופ""ח, הכולל אבחנות מסוימות, ויינתן לו משקל הגם שאינו כולל הסבר מדויק של מצבו של הנאשם) – לפנים משורת הדין – ימוקם עונשו ימוקם בשליש התחתון של מתחם הענישה.",train
מהו ההבדל בין הנאשם לבין מי שלוקח אחריות על מעשיו בהקשר להקלות בעונש?,הנאשם אינו זכאי להקלות להן זכאי מי שנוטל אחריות ומפנים חומרת מעשיו.,train
כיצד מתבטא הפן הנורמטיבי בהטלת מאסר על הנאשם במקרה זה?,"מקובל עלינו שהפן הנורמטיבי בא לידי ביטוי בכתם שהוטל בעצם ההרשעה, עדיין צריכה להצטרף לכך במקרה זה גם הענישה והאמירה הגלומה בהטלת המאסר.",train
מדוע לא ניתן להתייחס לעבירת ההפקרה כעבירה בודדת במקרה זה?,"ודוק: במקרה דנן, אין עבירת ההפקרה עומדת בדד, כי אם נלוות אליה מספר לא מבוטל של עבירות נוספות, שאינן פחותות בחומרתן, לרבות העבירה של נהיגה בזמן פסילה וכן מסירת הודעה כוזבת, כשהעבירה האחרונה, היא עבירה שנעברה בשום שכל, לאחר היוועצות בחבריו של הנאשם (כך מסר לקצינת המבחן), ותכנון מראש וכאשר היה בידי הנאשם די זמן לכלכל צעדיו (לפחות בכל הנוגע לתלונה הרשמית שנמסרה למחרת האירוע).",train
מהו המשקל שיש לתת לעובדות ביום פקודה בהקשר של הענישה?,"ביום פקודה, ראוי להביא עובדות אלה בחשבון ולתת להן המשקל המתאים.",train
מהי ההנחה שהשופט קובע לגבי כוונת הנאשם בפריצה לרכב?,"היות שהנאשם הורשע בעבירה של פריצה לרכב בכוונה לגנוב, אך לא היתה, בכתב האישום, התיחסות  בנוגע לשאלה, כלום מטרת הפריצה היתה גניבת הרכב כולו, או גניבת מטלטלין מתוכו בלבד – אין לבית המשפט אלא להניח, לטובת הנאשם, את האפשרות השניה.",train
כיצד השפיע חלוף הזמן על שיקול הענישה של הנאשם?,"עם זאת, חלוף פרק זמן ניכר, במהלכו נמנע הנאשם מלהסתבך בעבירות נוספות, מהווה נסיבה שהיא בעלת משקל לזכות הנאשם.",train
מהו השיקול הכלכלי שהוביל להחלטה לא להטיל עיצום כספי נוסף על הנאשם?,לנוכח מצבה הכלכלי של משפחת הנאשם – לא יושת עיצום כספי נוסף ואף לא תושת התחייבות נוספת.,train
מהי הסיבה לכך שצריך לנקוט יד קשה עם העבריינים בעבירות אלו?,"בית משפט זה עמד, לא פעם, על כך שחומרתן של העבירות, לצד נפוצותה של התופעה, מצריכות נקיטת יד קשה עם העבריינים.",train
"מהו הגבול של חירות הביטוי כאשר מדובר בתכנים המפרים את החוק, כגון גזענות והסתה לאלימות?","הגם שעל בית המשפט לשים לנגד עיניו את חשיבות הערך של חירות הביטוי, אשר נאמר, לא פעם, כי כוללת בחובה גם את האפשרות להשמיע תכנים החורגים מהקונצנזוס ואף תכנים הקשים לשמיעה, כאמרתו הידועה של הפילוסוף וולטיר ""אינני מסכים עם אף מילה שאתה אומר, אך אלחם עד תֹּם על זכותך לומר אותה"" – הרי, חירות זו אינה בלתי מוגבלת, וקיימים תכנים שנאסר לפרסם, כגון תכנים שעניינם גזענות או הסתה לאלימות.",train
מהו המצב בנוגע להתאמת הנאשם להליך טיפולי והשפעתו על מסוכנותו?,"הנאשם אף לא נמצא מתאים לשילוב בהליך טיפולי כלשהו, ומכאן, שאין אינדיקציה להפחתה במסוכנותו לעתיד.",train
מהו הצורך המובהק המוזכר בפסיקה במאבק נגד הפצת סמים?,"על הצורך להילחם מלחמת חורמה בתופעה הזו, וחומרת הענישה שיש לנקוט כלפי המעורבים במערך הפצת הסמים, דובר רבות בפסיקה.",train
כיצד תורמת מערכת המשפט למלחמה באלימות בחברה?,"חברתנו הפכה להיותה חברה אלימה, ותרומתו של בית-המשפט למלחמה באלימות היא בהטלת עונשים ראויים.",train
אילו שיקולים יילקחו בחשבון לזכות הנאשם למרות חוסר האסמכתאות?,"לזכות הנאשם, יקח בית המשפט בחשבון את גילו המבוגר ומצבו הרפואי הנטען (על אף שלא הוצגו אסמכתאות ועל אף שעד כה לא ניכר היה, שמצבו זה הכביד עליו בפעילותו).",train
"מהן ההשלכות של אי שיתוף פעולה עם צו השל""צ וצווי המבחן שהוזהר הנאשם לגביהן?","בנסיבות האמורות, לאחר שהוזהר הנאשם מספר פעמים מההשלכות של אי שיתוף הפעולה עם צו השל""צ וכן עם צו המבחן, אין מנוס מהשתת עונש מאסר בפועל.",train
מדוע יש הצדקה להטיל קנס על הנאשם בגין העבירות שביצע?,"ההכבדה על כלל הציבור כתוצאה מעבירות אלה, כפי שפורטה לעיל, מצדיקה השתת עיצום כספי מסוג קנס.",train
מהי ההשפעה של התרשמות בית המשפט מהכשל הערכי של הנאשם על גובה העונש?,"התרשמות בית המשפט וכן שירות המבחן מהכשל הערכי אצל הנאשם ומהתעוזה, שנלוותה למעשיו; כמו גם העדר כל הפנמה של הפסול במעשיו 	7 מצדיקה היתה השתת ענישה במרכז המתחם, אך לאור חלוף הזמן, מוצא בית המשפט למקם עונשו של הנאשם בשליש התחתון של המתחם, אם גם לא ברף התחתון ממש.",train
מהו פוטנציאל הסכנה במעשיו של הנאשם לשיבוש מהלכי המשפט?,"עוד יודגש פוטנציאל הסכנה במעשיו של הנאשם לשיבוש מהלכי המשפט – זריקת כלי הנשק מחלון ביתו, לרבות רימון ההלם, אשר נחת בסמוך לבית ספר, בו מצויים, באותה העת, ילדים – דבר אשר עלול היה להביא לפגיעה ממשית בתלמידים או בעוברי אורח אחרים, על לא עוול בכפם.",train
מהו המשקל שניתן להיעדר עבר פלילי של הנאשם לפי הפסיקה הנוגעת למקרה זה?,"לזכות הנאשם, היעדר עבר פלילי, אם כי, בהתאם לפסיקה, שהובאה לעיל - לענין זה משקל מוגבל במאטריה הנדונה.",train
מהי חובת בתי המשפט בנוגע להחמרת הענישה על עברייני אלימות?,במסגרת זו שומה על בתי המשפט להכביד את הענישה על עבריינים אלו.,train
מהי הדרך המומלצת לגישור על הפער בתפיסה העונשית הנוהגת בישראל?,"על פער עמוק זה הנבקע לעתים בתפיסה העונשית הנוהגת במקומנו, יש לגשר בדרך של שמירת יחסיות הולמת בהיקפי הענישה, תוך יחוס משקל מתאים לחומרתם האמיתית של המעשים, להשלכתם השלילית ארוכת הטווח על מערכות הכלכלה והחברה, ולהיקף הנזק שהם מביאים על הציבור.",train
מהן התכליות שהגדיר בית המשפט העליון לפיצוי נפגעי עבירה?,"בית המשפט העליון קבע מספר תכליות לפיצוי נפגע עבירה כולל הכרה חברתית, חסכון בזמן, מניעת מפגש עם העבריין והיטהרות העבריין בעצמו.",train
מהן הנסיבות שייקח בית המשפט בחשבון בעת קביעת מתחם הענישה?,"בעת קביעת מתחם הענישה, יקח בחשבון בית המשפט את נסיבות ביצוע העבירה, משך ההתנהגות העבריינית, מידת הפגיעה בערכים המוגנים, מדיניות הענישה הנוהגת, וכן, שיקולים נוספים.",train
מהו האלמנט המרכזי בעבירה המגונה שהופך אותה לחמורה מאוד?,העבירה שעבר הנאשם  חמורה מאוד ובעלת אלמנט של ביזוי והשפלת הקרבן.,train
מהו הסיכון הנובע ממסירת רכב לנהיגה על ידי אדם שאינו מכיר אותו?,"מסירת רכב מסוג כזה לנהיגה על ידי מי שאינו מכיר אותו (אין נתונים, האם היה מורשה לנהיגה בו) – כשהמדובר בנהיגה לצורך עברייני ועלול להתפתח מרדף – מקימה סיכון לשלום ציבור עוברי הדרך.",train
מדוע האיומים נחשבים כמסכנים את חירות פעולתו של המאוים?,האיומים מסכנים את חירות פעולתו של הפרט שכן פעמים רבות האיום כרוך גם בצפייה להתנהגות מסוימת מצד המאוים שהמאיים מבקש להשיג באמצעות השמעת האיום.,train
מדוע הודאת הנאשם במקרה זה נחשבת לבעלת משקל מיוחד?,"הודאת הנאשם מן הדין שתבוא לזכותו, ובמקרה דנן, היא בעלת משקל מיוחד, שכן, למעשה, המדובר במקרה הראשון, מתוך סדרת כתבי האישום שהוגשו במחוז מאז הנחיית היועמ""ש, בו הודה נאשם באשמה ונטל אחריות, כאשר מתחמי הענישה העדכניים טרם הובררו.",train
מהו התנאי להמלצה טיפולית במקרה של חריגה ממתחם הענישה?,"חריגה שכזו אפשרית רק מטעמי שיקום, אך במקרה דנן – לא מצא שירות המבחן למבוגרים, כי הנאשם נכון לבחון הכשלים בהתנהגותו ובהתאם נמנע מהמלצה טיפולית.",train
מדוע החליט בית המשפט לחרוג ממתחם הענישה במקרה זה?,"בנסיבותיו המיוחדות והחריגות של מקרה זה, מוצא בית המשפט לחרוג ממתחם הענישה, מטעמי שיקום, וזאת מתוקף סמכותו בהתאם להוראות סעיף 40ד' לחוק העונשין, תשל""ז-1977.",train
מהו הקושי שהשפיע על המתלוננת לחשוף את העבירות שחוותה?,"חלק מהזמן שחלף מקורו בקושי של המתלוננת נפגעת העבירה לחשוף העבירות שחוותה, צעד אותו אזרה אומץ לבצע רק לאחר שהשתלבה בהליכים טיפוליים מתאימים.",train
מדוע חובתו של בית המשפט להגן על הציבור מקבלת משנה תוקף כאשר העבירה מופנית נגד קטינים?,"חובתו הראשונה של ביהמ""ש בהליך הפלילי, היא החובה להגן על הציבור, מקבלת משנה תוקף במקרים בהם מעשי העבירה מופנים נגד קטינים.",train
מהו המצב שבו מכלול הנסיבות מצביע על ענישה ברף התחתון של מתחם הענישה?,מכלול הנסיבות מצביע על ענישה ברף התחתון של מתחם הענישה.,train
מה העריך שירות המבחן בנוגע לסיכון להישנות התנהגות עוברת חוק?,"שירות המבחן העריך, כי קיים סיכון להישנות התנהגות עוברת חוק והמליץ על ענישה מוחשית.",train
מהו העיקרון המנחה בענישת נאשם לפי מהות העבירה?,"ענישתו של נאשם היא אינדיבידואלית ועל ביהמ""ש לבחון ענינו של כל נאשם ונאשם בלי לקבוע את עונשו אך ורק על סמך מהות העבירה.",train
כיצד החמרה בענישה תורמת למטרות הגמול וההרתעה בעבירות סמים?,"החמרה בענישה בגין עבירות סמים משרתת את מטרות הגמול וההרתעה, שהן היעדים העיקריים של הענישה בתחום הסמים.",train
מהי המשמעות של הרשעת הנאשם בהקשר למסוכנותו?,"הרשעתו זו של הנאשם מלמדת, כי עסקינן באדם מסוכן, הפועל על רקע אידיאולוגי, ומתרגם האידיאולוגיה לעולם המעשה.",train
מהי ההשלכה של התפתחות העבריינות על המתחם הענישתי?,"התפתחות זו, מחייבת החמרה נוספת במסגרת המתחם.",train
מהו המתחם המומלץ לענישה בעבירות ריבוי נישואין לפי פסק הדין בפרשת אבו סקיק?,"אשר למתחם הענישה – בגזר הדין בפרשת אבו סקיק, התייחס בית המשפט לחומרת התופעה ולהשלכותיה, אך מצא לקבוע, כי בטרם קביעת מתחם ענישה מחמיר, שייתן מענה לשיקולי הענישה, כפי שפורטו – ראוי לקבוע מתחם ביניים, למשך תקופה, לא ארוכה, במהלכה יינקטו אמצעים חינוכיים ופרסומיים, כך שיהיה בידי הציבור להפנים שינוי המדיניות של גורמי האכיפה.",train
כיצד ניתן לגשר על הפער בתפיסה העונשית הנוהגת?,"על פער עמוק זה הנבקע לעתים בתפיסה העונשית הנוהגת במקומנו, יש לגשר בדרך של שמירת יחסיות הולמת בהיקפי הענישה, תוך יחוס משקל מתאים לחומרתם האמיתית של המעשים, להשלכתם השלילית ארוכת הטווח על מערכות הכלכלה והחברה, ולהיקף הנזק שהם מביאים על הציבור.",train
מהו השיקול שקשור להתרשמות שירות המבחן בנוגע לנאשם?,"עוד יש לקחת בחשבון התרשמות שירות המבחן גבי הנאשם, לרבות בכל הנוגע לאי התמודדות עם המניעים שהביאוהו לעבור העבירה ובנוגע למסוכנות הנשקפת ממנו לעתיד.",train
"מהי תרומת בית המשפט למלחמה באלימות בחברה, לפי ההנמקה שניתנה?","חברתנו הפכה להיות חברה אלימה, ותרומתו של בית-המשפט למלחמה באלימות היא בהטלת עונשים ראויים, שישקפו ערכים של תגמול והרתעה.",train
מהו הממצא של בית המשפט המחוזי לגבי סוג הענישה בעבירות המיוחסות לנאשמים?,"בית המשפט המחוזי לא מצא להתערב בסוג הענישה או במתחם הענישה ואף ציין, כי בצדק סבר בית משפט קמא, שלא ניתן לסיים ההליך בגין עבירות מסוג זה, בלא עונש של מאסר בפועל, ולו לריצוי בדרך של עבודות שירות.",train
מהן העבירות התעבורתיות של נאשם 2 שמצדיקות הטלת קנס?,"הוסף לאמור, בכל הנוגע לנאשם 2, הורשע גם בעבירות תעבורתיות, המצדיקות, כשלעצמן, הטלת קנס וכך היה גם אם היה נדון בבית המשפט לתעבורה בגין עבירות אלה לבדם.",train
כיצד השפיעה התנהגות המערער על שמו הטוב של ציבור עורכי הדין?,"אולם, לא רק את שמו הכתים המערער, אלא גם את שמו הטוב של ציבור שלם העושה מלאכתו נאמנה, הואיל ונשמת אפו של מקצוע עריכת הדין הוא האמון שהציבור נותן בו, והתנהגות מסוג בה חטא המערער, עלולים לערער אמון זה מן היסוד.",train
כיצד משפיעה נהיגה תחת ניסיון לחמוק מרשויות החוק על בטיחות הציבור?,"נהיגה ברכב מנועי, כשמעייניו של הנהג נתונים לנסיון לחמוק מרשויות החוק – עלולה לסכן את ציבור המשתמשים התמימים בדרך ומצדיקה הרחקת הנאשם מהכביש לתקופה משמעותית.",train
כיצד משפיעה חומרת העבירה על ההחלטה להימנע מהרשעה?,"ממילא, ההימנעות מן ההרשעה הופכת לקשה יותר, ככל שהעבירה חמורה יותר וכאשר הנאשם ביצע יותר מעבירה אחת, ולאורך זמן (ר', למשל, בר""ע 432/85 רומנו נ' מדינת ישראל [פורסם בנבו] וכן ע""פ 2513/96 מדינת ישראל נ' שמש ואח' [פורסם בנבו]).",train
כיצד משפיעה הפסיקה הנוהגת על קביעת מתחם העונש במקרה הנדון?,הפסיקה הנוהגת מהווה אך פרמטר אחד שעל בית המשפט לקחתו בחשבון כחלק ממכלול שיקולים עובר לקביעת מתחם העונש ההולם.,train
אילו גורמים יש לקחת בחשבון בעת קביעת הענישה לנאשם?,"יש לקחת בחשבון הודאתו באשמה, גילו של הנאשם, ומצבו האישי, אך משקלה של ההודאה אינו רב ככל שהנאשם נתפס בידו ומודע לאחזקתו.",train
כיצד יש לקחת בחשבון את הסיכון לשלום הציבור בהחזקת נשק שלא כדין?,"דוק: הסיכון שנשקף לשלום הציבור צריך להילקח בחשבון על ידי כל מי שמחזיק בידו נשק שלא כדין, גם אם אינו מחזיק בו למטרת ביצוען של עבירות אחרות.",train
כיצד השפיעו העונשים הקודמים על דפוסי ההתנהגות של הנאשם?,"הנאשם ריצה בעבר מספר עונשי מאסר, אשר לא היה בהם כדי להציב לו גבול מרתיע ולגרום לו לשנות את דפוסי התנהגותו העברייניים.",train
מה מלמדת הפרוגנוזה של שירות המבחן לגבי הנאשמים?,הפרוגנוזה מטעם גורם ההערכה המקצועי – שירות המבחן למבוגרים – מלמדת על היעדר מוחלט של הפנמת חומרת המעשים; אי-נטילת אחריות ופעולה ממניעים אידיאולוגיים.,train
כיצד התנהלות ההגנה השפיעה על עמדת בית המשפט בנוגע לאי-בדיקת הדברים?,"ההתנהלות הזו מצד ההגנה, שבית המשפט יבקש להניח, לטובתה, כי נבעה מאי-בדיקת הדברים ולא בכוונה להטעות, אינה הולמת ולא היה לה מקום.",train
מהו השיקול הנוסף המתקיים בנוגע לנאשם 2 בהקשר להרשעה קודמת?,"בנוגע לנאשם 2 – מצטרף שיקול נוסף, מעבר למסר הכללי לציבור, והוא  - היותו בעל הרשעה קודמת, כאשר על פי הפסיקה שהובאה לעיל, מהווה הדבר שיקול מכריע – להימנע מביטול הכרעת הדין המרשיעה והדברים ברורים, שכן – אם ההרשעה הקודמת לא הפריעה לו עד כה בחייו – מצבו לא ישתנה כעת.",train
מדוע יש להטיל עונשים משמעותיים ועיצומים כספיים לטובת אוצר המדינה?,המצב מחייב הטלת עונשים משמעותיים ולהטיל עיצומים כספיים מרתיעים לטובת אוצר המדינה.,train
"מדוע לא ניתן לחרוג ממתחם הענישה במקרה זה, לפי הכשל הערכי?","במקרה דנן, עצימותו של הכשל הערכי אינה מאפשרת חריגה ממתחם הענישה, באופן כה מרחיק לכת, כפי שהומלץ על ידי שירות המבחן.",train
מהו הסיכון החברתי אם בית המשפט לא יגיב לעבירות מסוג זה?,"אם ביהמ""ש יעבור לסדר היום על סוג זה של עבירות, כי אז החברה שבה אנו חיים תהפוך לתוהו ובוהו שאיש הישר בעיניו יעשה.",train
מהי ההחלטה של בית המשפט לגבי האישומים שבכתב האישום המתוקן והקשר ביניהם?,"בית המשפט מקבל טענת ההגנה, כי  ניתן לראות בכלל האישומים שבכתב האישום המתוקן, בבחינת מסכת אחת ועל כן, מוצא לקבוע מתחם ענישה כולל, בגין מכלול העבירות בהן הורשע הנאשם, תוך חפיפה חלקית בין המתחמים שנקבעו לעיל, כך שינוע בין שנתיים ועד לארבע שנות מאסר בפועל.",train
מהו המצב שגרם לבית המשפט להימנע מחריגה ממתחם הענישה?,"בהעדר פרוגנוזה שיקומית כלשהי, אין בית המשפט מוצא עילה כלשהי, לחרוג ממתחם הענישה או מטווחה הענישה שסוכם בהסדר.",train
מדוע הכשל הערכי במעשי הנאשם אינו מאפשר להתעלם מהרשעתו?,"על אף שהרשעת הנאשם עלולה להוות לו לרועץ בהמשך שירותו במשטרה, הרי הכשל הערכי העמוק המתבטא במעשיו אינו מאפשר שידורו של מסר, כי ניתן לעבור עליו לסדר היום.",train
מהי ההכבדה על הציבור כתוצאה מהעבירות ומה משמעותה בהשתת עיצום כספי?,"ההכבדה על כלל הציבור כתוצאה מעבירות אלה, כפי שפורטה לעיל, מצדיקה השתת עיצום כספי מסוג קנס.",train
מדוע יש לראות בהגשת תלונת שווא פגיעה באמון הציבור ברשויות החוק?,"חריגה כה בוטה מהוראות החוק, ואף מהמוסר הבסיסי, המתבטאת בהגשת תלונת שווא – יש בה כדי לפגוע קשות באמון הציבור ברשויות החוק, ובסדרי המשטר והשלטון.",train
מדוע יש מקום להטיל מגבלות מיוחדות על אסירים ביטחוניים?,"סכנות אלה עשויות להצדיק כליאתם של אסירים ביטחוניים בנפרד והטלת מגבלות מיוחדות עליהם, בעיקר בכל הנוגע לקשר עם החוץ.",train
אילו שיקולים הביאו את בית המשפט לגזור את עונשו ברף הבינוני – נמוך?,"עם זאת, לאור הודאת הנאשם באשמה; ההליך הטיפולי שעבר; ריצוי 131 שעות מתוך 250 שעות; מוצא בית המשפט, לפנים משורת הדין, לגזור את עונשו ברף הבינוני – נמוך של המתחם ולהפעיל את המאסרים המותנים בחופף זה לזה, ובמצטבר לעונש המאסר בפועל.",train
כיצד ביקש המחוקק להחמיר בעונש לגנבי בקר ומקנה לעומת גניבה רגילה?,"ראינו כי המחוקק ביקש להחמיר בעונשם של גנבי בקר ומקנה מעבר לגניבה ה""רגילה"", וגניבה זו היתה לעבירת פשע.",train
אילו שיקולים רשאי בית המשפט לקחת בחשבון בקביעת מתחם הענישה?,"בהתאם להוראות סעיף 40 לחוק העונשין, תשל""ז  1977, בבואו של בית המשפט לקבוע מתחם ענישה, רשאי לקחת בחשבון מכלול שיקולים, בין היתר, נסיבות ביצוע העבירה; משך ההתנהגות העבריינית; מידת הפגיעה בערכים המוגנים; וכן, שיקולים נוספים.",train
מדוע הוחלט להטיל עיצומים כספיים על הנאשמים בעבירות הסמים?,על הנאשמים יוטלו עיצומים כספיים  לאור המניע הכלכלי שמאחורי עבירות הסמים.,train
מהי הסיבה להמלצה על הרחקת הנאשם מהדרך לתקופה משמעותית?,"נהיגה באופן זה, פעם אחר פעם, ללא מורא כלשהו, מחייבת הרחקת הנאשם מהדרך לתקופה משמעותית ביותר.",train
מהי זכותו של הנאשם ביחס להקלה בעונש?,"זוהי, כמובן, זכותו – אך הוא אינו זכאי להקלה, לה יזכה מי שהודה באשמה ונטל אחריות למעשיו.",train
כיצד משפיעה המלצת שירות המבחן על החלטת בית המשפט?,"כפי שנפסק לא פעם, המלצת שירות המבחן אינה בבחינת נתון קונקלוסיבי המחייב את בית המשפט, בהיותה מתמקדת בנסיבותיו האישיות של הנאשם.",train
מדוע יש להטיל עונשים מחמירים על עבירות סמים במסגרת המאבק בהתפשטות נגע הסמים?,"במסגרת המאבק החברה בהתפשטות נגע הסמים – על מערכת המשפט להוקיע עבירות מסוג זה – תוך הטלת עונשים מחמירים, על אלו הבוחרים לעסוק בסמים.",train
כיצד משפיעים הנזקים שנגרמו לנפגע על קביעת מתחם הענישה על ידי בית המשפט?,"בששים לב לכלל הנסיבות הללו וכן לנזקים המשמעותיים, שנגרמו לנפגע – מוצא בית המשפט לקבוע מתחם ענישה ולהעמידו בין 18 ועד 36 חודשים מאסר בפועל.",train
מהו תפקידו של בית המשפט במאבק נגד תופעת הסמים?,"על בית המשפט להרתיע היחיד והרבים מפני עבירות הסמים, ולהילחם בתופעה הקשה של נגע הסמים, הצוברת תאוצה בשנים האחרונות.",train
מהו השיקול המרכזי שהוביל לנסיגה של האינטרס השיקומי במקרה זה?,במקרה זה הוא נסוג מפני האינטרס הציבורי והצורך לנקוט במדיניות של ענישה מרתיעה.,train
מהו העונש שהטיל בית המשפט על הנאשם כדי למנוע חזרה על מעשיו?,"בית המשפט מוצא להטיל מאסר מותנה מרתיע, לבל ישוב הנאשם על מעשיו.",train
מהי ההשפעה של העבירות שעבר הנאשם על קניינו של הזולת ותחושת הביטחון הציבורית?,העבירות שעבר הנאשם חמורות ויש בהן משום פגיעה בקניינו של הזולת ובפגיעה בתחושת הביטחון וההגנה של הציבור.,train
מהו התנאי המאפשר לבית המשפט לחרוג לקולה ממתחם הענישה לפי הדין?,"אשר לבקשת ההגנה, כי בית המשפט יחרוג לקולה ממתחם הענישה – בהתאם לדין, חריגה ממתחם הענישה אפשרית מטעמי שיקום בלבד.",train
כיצד משפיעה הכמות ואופן ההחזקה של הסם על ההגדרה אם מדובר בצריכה עצמית?,"הגם שלנאשם רשיון להחזקה ושימוש בקנביס לצריכה עצמית, הרי, הכמות שהוחזקה ואופן ההחזקה מלמדים, כי אין מדובר בכמות לצריכה עצמית.",train
מהי המסקנה לגבי השפעת העבירות על סיכויי תעסוקתם של הנאשמים בעתיד?,"מעבר לנדרש יצוין, כי לא עלה בידי ההגנה להצביע, בהתאם להלכה הנוהגת, על פגיעה משמעותית וקונקרטית בסיכויי תעסוקתם של מי מהנאשמים בעתיד.",train
מהו תפקיד מערכת אכיפת החוק במיגור עבירות מסוג זה?,"על מערכת אכיפת החוק ליתן משקל לפגיעה זו ולנקוט בכל צעד שיידרש למגר עבירות מסוג זה תוך הבטחה, שכל אשה או נערה תוכל להשתתף בכל אירוע חברתי ללא פחד וללא מורא.",train
"מהו המתחם העונשי הראוי במקרה זה, וכיצד הוא משפיע על גובה העונש?","מכלול הנסיבות בוודאי אינו מאפשר חריגה ממתחם העונש הראוי ובתוך המתחם – לא תאפשרנה גם השתת עונש ברף הנמוך, אלא ברף הבינוני – נמוך.",train
כיצד יש לראות ניסיונות לעשיית רווח כספי באמצעות סחר בסמים מסוכנים?,"בית משפט זה שב והדגיש כי על מדיניות הענישה בגין סחר והפצה של סמים מסוכנים, ובכללם סמים הנחשבים כ""סמים קלים"", להיות מרתיעה ומשמעותית, וכי יש לראות בחומרה ניסיונות לעשיית רווח כספי באמצעות סחר בסמים אלה.",train
מהו הגורם המוסיף משנה חומרה כאשר העבירות נעשות כלפי אנשי אכיפת החוק במהלך התפרעויות?,"משנה חומרה יש לראות בביצוע העבירות האמורות כלפי אנשי אכיפת החוק אגב התפרעויות רבות משתתפים; שכן באירועים אלו מתווסף גורם של התרסה נגד שלטון החוק ומרות המדינה, מוגבר החשש מהסלמת האלימות עד כדי סיכון בפגיעות בגוף או בנפש, וגורמי אכיפת החוק נתקלים בקושי של ממש בהשלטת הסדר הציבורי.",train
מהי עמדת בית המשפט לגבי מתחם הענישה בתיק הצירוף לאור התנהגות הנאשם?,"ביחס לתיק הצירוף כא/2, לאור התעוזה שהפגין הנאשם והזלזול הבוטה בגורמי אכיפת החוק, ולצד זה שנהג ברכב ללא רישיון רכב, נראה, כי חסד עשתה המאשימה עם הנאשם, ולכן, ייעתר בית המשפט למתחם הענישה אליו עתרה התביעה, כך שינוע בין שבועיים ועד ששה חודשים;",train
מהו הפוטנציאל שיצר הנאשם לפגישה ממשית והשפעתו על שלום הציבור?,"בכך, יצר הנאשם פוטנציאל לפגישה ממשית בשלום הציבור, במרקם החיים התקין בחברה ובפריון בעבודה, שכן אין צורך להכביר מילים בדבר השפעת שימוש בסמים מסוכנים על תפקודם של צרכני הסם.",train
מהו השיקול שהנחה את בית המשפט בהטלת פיצוי סמלי על הנאשם?,"הגם שבית המשפט שם לנגד עיניו את מצבו האישי והכלכלי של הנאשם, מוצא שיש הכרח להשית ולו פיצוי סמלי, שישקף בעבור הנאשם את משמעות מעשיו.",train
מדוע יש מקום להטיל קנס משמעותי על הנאשם בעבירות סמים?,"לאור המניע הכלכלי שנעוץ בעבירות הסמים ולאור היקף הרווחים הפוטנציאליים מהאופרציה שהוקמה, הרי חרף טענות ההגנה בדבר מצבו הכלכלי המוצהר של הנאשם, יש מקום לחייבו בקנס משמעותי.",train
מהו השיקול המרכזי שהוביל את בית המשפט לדחות את בקשת ביטול הכרעת הדין?,"לעניננו אין בית המשפט מוצא מקום לביטול הכרעת הדין המרשיעה בענינו של מי מהנאשמים וזאת, כבר בהתיחס לתבחין הראשון, שענינו – האפשרות כי טיב העבירות שנעברו, בנסיבותיהן, יסכון עם ביטול הכרעת הדין המרשיעה, מבחינת המסר הערכי שיועבר לציבור.",train
מדוע עיקרון אחידות הענישה חשוב כאשר מדובר במעורבים שונים באותה פרשה?,"ככלל, עיקרון אחידות הענישה הוא בעל משקל חשוב בשיטתנו המשפטית, ודאי כאשר המדובר במעורבים שונים במסגרת אותה פרשה.",train
מהו רף הענישה הראוי לעבירות רכוש בהתאם לעברו של הנאשם?,אשר לעבירת הרכוש וכאמור 1 קבענו לא אחת 1 כי רף הענישה הראוי הינו בין שנים עשר חודשי מאסר בפועל 1 למי שזו לו מעידתו הראשונה לבין 3 ואף 4 שנות מאסר 1 למי שבאמתחתו עבר כבד ומכביד.,train
מהי החומרה הנוספת בעובדה שהנאשם נהג ברכב בכבישים בין עירוניים ללא רישיון?,"חומרה יתרה נעוצה בעובדה שבכל אחד מהאירועים המערער נהג ברכב בכבישים בין עירוניים על פני מרחק רב, כשמעולם הוא לא הורשה לנהיגה.",train
מהי הסיבה לכך שההמלצה העונשית של שירות המבחן לא הוכרה על ידי בית המשפט?,אשר להמלצה העונשית של שירות המבחן – זו אינה הולמת את חומרת העבירות.,train
מהו העונש המומלץ במקרה זה על פי מכלול השיקולים שנשקלו?,"במכלול השיקולים, יועמד העונש ברף הנמוך של המתחם, בלווית עונש מרתיע צופה פני עתיד וקנס מתאים.",train
מהו המקרה שבו ניתן לשקול חריגים בענישה עבור נאשמים בוגרים?,"חריגים שכאלה יישמרו בראש ובראשונה למקרים המתאימים של נאשמים קטינים, או של נאשמים בוגרים שהעבירה שעברו נמצאת בתחתית רף החומרה, נסיבות השיקום בענינם בולטות בחריגותן – ובאיזון בין השניים לא יהיה יחס סביר בין הנזק הצפוי לנאשם מהרשעתו לבין חומרת העבירה.",train
מהו העונש שהוטל על הנאשם במטרה למנוע חזרה על העבירות?,"עוד רואה בית המשפט להשית על הנאשם מאסר מרתיע צופה פני עתיד, לבל יהין לשוב ולעבור עבירות כלפי אנשי מרות.",train
"מהו הכלל שנקבע לגבי ענישת מבצעי עבירת החזקת נשק, גם אם זו עבירה ראשונה?","אשר על כן משכבר נקבע הכלל לפיו ככלל יש לאסור את המבצעים עבירה זו, גם אם מדובר בעבירה ראשונה, מאחורי סורג ובריח, ואילו אורך התקופה כלול בנסיבות הספציפיות של העושה והמעשה.",train
מהו המניע הכלכלי שהשפיע על החלטת בית המשפט להטיל קנס?,"בשל המניע הכלכלי העומד ברקע לעבירות סמים, וכן לאור היקף האופרציה שנוהלה, מוצא בית המשפט להטיל עיצום כספי מסוג קנס.",train
מהו תפקיד מדיניות הענישה הנוהגת בקביעת מתחם הענישה על ידי בית המשפט?,"אולם, מדיניות הענישה הנוהגת הינה רק שיקול אחד מבין מכלול השיקולים ששוקל בית המשפט בבואו לקבוע מתחם ענישה הולם.",train
מהי הסיבה לחומרה היתירה בעבירה של גניבה בידי מורשה?,"החומרה היתירה הנודעת לנסיבות המנויות בעבירה של גניבה בידי מורשה נובעת מכך שבהתקיימן, נפגעים יחסי אמון מיוחדים שנוצרו בין הגנב לקרבן הגניבה.",train
מהו הסיכון הנובע מנהיגה על ידי מי שאינו מורשה לכך?,"נהיגה בכבישים על ידי מי שאינו מורשה לכך ומעולם לא הוציא רשיון נהיגה, יוצר פוטנציאל לפגיעה קשה ואנושה בחייהם של משתמשים תמימים בדרך, עד כדי קטילתם וקיפוח חייהם.",train
מהי הסיבה לכך שהעונש הוקטן והומלץ לרצותו בדרך של עבודות שירות?,"אולם, לאור הודאתו באשמה וכן לאור הנסיונות הטיפוליים שעבר הנאשם, כאשר הגם שהנאשם לא סיים הליכים אלה – לא נפתחו נגדו תיקים נוספים מאז הסתבכותו זו – תינתן לו הקלה בכך, שהעונש ימוקם בתחתית המתחם ואף יתאפשר לו לרצות את העונש בדרך של עבודות שירות, תוך הפעלת המאסר המותנת בן 8 החודשים מגזר הדין ת/2 – בחופף.",train
מהו מקור החומרה הנוספת לעבירות המיוחסות לנאשם?,"חומרה נוספת לעבירות אלה, נובעת מפוטנציאל הפגיעה שלהן בסחירות ובתעבורה הכלכלית, כתוצאה מחוסר האמון שעשוי הציבור לייחס למסמכים סחירים.",train
מהי הסיבה לכך שטענת ההגנה לגבי ילדיו של הנאשם לא השפיעה על הענישה?,"טענת ההגנה, כי ילדיו של הנאשם יחוו מצוקה משליחתו למאסר וכי אין זה יאה לשלוח אב לילדים לכלא - אין בה כדי להטות הכף לחריגה ממתחמי הענישה.",train
כיצד השפיע האינטרס הציבורי על החלטת בית המשפט המחוזי במקרה של המערער?,"בית המשפט המחוזי, בשבתו כבית משפט לערעורים פליליים, מצא, כי חרף העדר אינדיקציה על שימוש פלילי או אחר המתוכן בנשק, ועל אף נסיבותיו האישיות של המערער שם (צעיר ללא עבר פלילי) – הרי הנסיבות האישיות ואינטרס השיקום, נדחים מפני האינטרס הציבורי של מיגור עבירות מסוג זה.",train
מהו ההיבט הנוסף של חומרה שקשור לעבירות מין נגד קטינות במרחב האינטרנטי?,"בנוסף לחומרה עליה הצביע חברי בהקשר זה, אשר ציין כי בחדרים אלה רב הנסתר על הנגלה ומציאות החיים מלמדת שמתבצעות במרחב האינטרנטי עבירות, חשוב ליתן תשומת לב להיבט נוסף של חומרה, שגם אותו ציין חברי, הנובע מהעובדה שהקורבנות-הקטינות בענייננו שהו בביתן, בחדרן, במקום שאמור להיות מבצרן ומקום מבטחן, לשם הצליח המערער לחדור בתחבולות, לבצע את זממו, עבירות מין ועבירות סחיטה באיומים.",train
מדוע יש צורך לעקור תופעות של זלזול בחוק מהשורש בחברה הישראלית?,"החברה בישראל, ובית המשפט בכלל זה, אינה יכולה להשלים עם תופעות אלה, ומצווה לעוקרן מן השורש.",train
כיצד השפיעה התרשמות שירות המבחן על המלצת הענישה כלפי הנאשם?,"שירות המבחן התרשם, כי הנאשם מתקשה לבחון החלקים הבעיתים בהתנהגותו ובחשיבתו ולאור מעורבתו החוזרת בפלילים המליץ, מה שאינו בגדר חזון נפרץ, להטיל עליו עונש מוחשי של מאסר מאחורי סורג ובריח, הגם שהמליץ על מאסר קצר יחסית.",train
מהי המסקנה הכללית לגבי הענישה בעבירות החזקת סמים מסוכנים לפי הפסיקה?,"סקירת הפסיקה מובילה למסקנה, כי ככלל, בעבירות של החזקת סמים מסוכנים, מהסוגים ומהכמויות המפורטות בכתב האישום, דינם של הנאשמים הוא מאסר בפועל בכליאה ממשית.",train
מהו הנימוק להחמרת הענישה במקרה של עבירות נשק שנעברו לאחרונה?,"הצורך בהחמרת הענישה נומק במספר הרב של העבירות, אם פליליות ואם כאלה נגד בטחון המדינה, שנעברו לאחרונה, באמצעות כלי נשק, ואף הביאו, לעיתים מזומנות, לפגיעה באזרחים בלתי מעורבים.",train
מדוע יש צורך להרחיק את הנאשם מהדרך לתקופה משמעותית?,לנוכח הסיכון העולה מנהיגתו של הנאשם ללא רשיון  עולה הצורך להרחיקו מהדרך לתקופה משמעותית ולכן יושתו גם ענשים של פסילת רשיון נהיגה בפועל ועל תנאי.,train
מדוע יש לפצות את הנפגעת באופן משמעותי בעקבות התנהגות הנאשם?,התנהגות זו מצדיקה פיצוי הנפגעת באופן משמעותי.,train
כיצד משפיעים מעשיו של הנאשם על ההחלטה להטיל עליו קנס?,"מעשיו של הנאשם, לרבות הפגיעה בשלטון החוק ובאינטרס הציבורי, מצדיקים גם השתת עיצום כספי מסוג קנס (שהיה מושת עליו גם בבית המשפט לתעבורה, אילו היה מואשם בעבירה התעבורתית בלבד).",train
"מהו העונש המינימלי המומלץ בגין עבירות החזקת ציוד קצה רט""ן?","לכל האמור יש לעדכן הרף התחתון של מתחם הענישה תוך קביעת עונש מרתיע, שיחייב מאסר בפועל ממש, לתקופה בת שנה, בגין עבירות אלה.",train
מה עשוי להוביל להחמרה נוספת של המתחם במקרה של עלייה במספר כתבי האישום?,"אם תימשך העליה במספר כתבי האישום המוגשים בגין עבירה זו, יתכן שנכון יהיה לדון גם בהחמרה נוספת של המתחם, כפי המבוקש על ידי התביעה.",train
מהו הקשר בין מצבו הנפשי של הנאשם לבין העבירות שעבר?,"הגם שלאחר ששמע את ע.ה. 1, הוברר לבית המשפט, כי אין קשר בין מצבו הנפשי של הנאשם בעת עריכת חוות הדעת הרפואית, לבין העבירות שעבר  הרי קיימת עדות על היות הנאשם סובל מהפרעות שונות בתחום בריאות הנפש, ולכך  ינתן משקל מסוים.",train
כיצד הפיצוי משתלב בתמהיל הענישה הכולל המוטל על הנאשם?,"זאת, מעבר להיות הפיצוי חלק מתמהיל הענישה הכולל המוטל על הנאשם, אשר יש בו כדי להביע החומרה אותה רואה מערכת אכיפת החוק במעשיו של הנאשם, ואף להרתיע נאשמים מלשוב ולבצע עבירות.",train
מהי הסיבה לכך שבית המשפט לא קיבל את המלצת שירות המבחן במקרה זה?,"בית המשפט מוצא, כי המלצת שירות המבחן חורגת ממתחם העונש ההולם באופן משמעותי ואף אינה הולמת את נסיבות ביצוע העבירה והנזק שנגרם לנפגעי העבירה, ולא ניתן להיעתר לה.",train
כיצד משפיעים המאסר המותנה והעונשים הקודמים על קביעת העונש הנוכחי?,המאסר המותנה והעונשים שהוטלו בזמן גזר הדין הקודם יש לקחתם בחשבון בקביעת העונש הנוכחי.,train
מהו תפקידם של שוטרי משטרת ישראל בשמירה על ביטחון הציבור וכיצד יש להגן עליהם?,"שוטרי משטרת ישראל, כמו אנשי שאר זרועות הביטחון, עושים לילות כימים למען שמירה על ביטחון הציבור, ועל כן מחויבים אנו לעשות ככל שניתן על מנת להגן עליהם מפני מי שמנסים להלך עליהם אימים ולפגוע בעבודתם החשובה, אשר נעשית למען כלל הציבור ולהבטחת ביטחונו האישי.",train
מדוע מדיניות הענישה לא השתנתה בעבור עבירות סחר והפצה של סמים מסוכנים?,"ידע כל מי שמהרהר בדרכים לעשיית כסף קל, כי מדיניות הענישה לא השתנתה ובית המשפט רואה בחומרה עבירות של סחר והפצה של סמים מסוכנים, גם סמים ""קלים"", תוך הטלת ענישה משמעותית ומרתיעה.",train
מהו הקשר בין זניחת דרך חיים עבריינית לשיקול לקולה בענישה?,"חלוף הזמן עשוי להוות נסיבה לקולה, שעה שהנאשם זנח את דרך החיים העברינית פעל לשקם את חייו.",train
מה ההבדל בין הענישה הנוהגת למתחם העונש ההולם?,"עם זאת, יש לזכור, כי הענישה הנוהגת ומתחם העונש ההולם – אינם זהים.",train
על מה מתבססת קביעת מתחם הענישה בעבירות סמים?,"קביעת מתחם הענישה היא בהתאם לנסיבות המקרה העומד לדיון, וסקירת מדיניות הענישה הנוהגת היא רק שיקול אחד מבין כלל השיקולים אותו עושה בית המשפט בקובעו מתחם ענישה הולם.",train
מהו תפקידו של בית המשפט בהרתעה מפני עבירות החזקת נשק שלא כדין?,"בשל פוטנציאל ההרס הטמון בכלי נשק, הכולל גם אפשרות לפגיעה עיוורת באנשים מן הישוב, מתפקידו של בית המשפט להרתיע אף מפני עבירת החזקת נשק שלא כדין.",train
מהי התכלית החברתית והמוסרית של דיני העונשין ביחס לקטינים?,"התכלית החברתית והמוסרית ביסוד דיני העונשין היא להגן על הערכים שהחברה מבקשת להגן עליהם, ובראש ובראשונה על שלומם של הקטינים, חסרי הישע, על שלמות גופם ונפשם.",train
כיצד משפיע ההסדר לקולא על מתחם הענישה הנוהגת?,"נוכח הפסיקה שהוצגה לעיל, חורג ההסדר לקולא, במידה ניכרת, ממתחם הענישה במסגרת מדיניות הענישה הנוהגת.",train
אילו שיקולים יילקחו בחשבון בעת קביעת מתחם הענישה?,"בעת קביעת מתחם הענישה, יקח בחשבון בית המשפט את נסיבות ביצוע העבירה, משך ההתנהגות העבריינית, מידת הפגיעה בערכים המוגנים, מדיניות הענישה הנוהגת, וכן, שיקולים נוספים.",train
מהו השיקול החשוב בקביעת שיעור הקנס שניתן להטיל בגין עבירה?,המחוקק ראה בנזק שנגרם כתוצאה מעבירה מסוימת – שיקול חשוב בקביעת שיעורו של הקנס שיוטל בגינה.,train
מהו תפקיד הזמן שחלף מאז ביצוע העבירות בהפחתת משקל שיקולי הענישה?,"להפחתה במשקלם של שיקולי הענישה עקב התנהלות גורמי האכיפה כמתואר, מצטרפת הקהיתם של אותם שיקולים גם בשל הזמן הארוך, יחסית, אשר חלף מאז ביצוע העבירות (כארבע שנים), ואשר בחלקו לא נבע מנסיבות הקשורות בנאשמים.",train
מהו הנזק שנגרם לחברות הביטוח בעקבות העבירות של הנאשם?,"הדבר גורם נזק רב לחברות הביטוח, ומטיל גם מעמסה כספית על בעלי כלי הרכב הישרים, הנדרשים לשלם פרמיות גבוהות בשל הסיכונים שחברות הביטוח מקבלות עליהן... יש להעביר מסר ברור לכל אדם המבקש להתעשר על סמך מצגי שווא, כי ימצא עצמו מאחורי סורג ובריח, לאחר שיתפס, גם אם עברו נקי.",train
כיצד משפיעה הודאת הנאשם באשמה על גזר הדין שניתן לו?,"אולם, לאור הודאתו באשמה, ולאור כך שהמדובר במאסר הראשון שיגזר על הנאשם, לא ימצה עמו בית המשפט את הדין, ויגזור עונשו ברף הנמוך של המתחם.",train
מהו העיקרון המנחה בקביעת מתחם העונש במקרה שבו נסיבות התיק מצדיקות זאת?,"לשון אחר, בהבניית שיקול הדעת, אין כוונה לערוך ממוצע סטטיסטי של טווחי ענישה נוהגים, מקום שבו נסיבותיו של התיק הנדון מצדיקות קביעתו של מתחם עונש התואם את נסיבות המקרה המסוים העומד לדיון.",train
מדוע נחשבת הטלת עונש מאסר מותנה לאמצעי מרתיע בתחום עבירות הסמים?,הטלת עונש מאסר מותנה הינה אמצעי מרתיע המונע חזרה לעבירות בתחום הסמים.,train
מהו הקריטריון המנחה את בית המשפט בשאלת ההרשעה בעבירות סמים?,"בנוגע לשאלת ההרשעה, התבחינים העדכניים הם שניים: האחד – האם עצם טיבה של העבירה, בנסיבותיה, מאפשר הימנעות מהרשעה, כענין ערכי, תוך שבית המשפט מביא בחשבון את אמון הציבור במערכת המשפט; השני – האם הוכח חשש קונקרטי לפגיעה בעתידו המקצועי של הנאשם ובסיכויי שיקומו, כתוצאה מהרשעתו בדין, כאשר מידת הפגיעה אינה מידתית ביחס לעבירה, בנסיבותיה.",train
מהי עמדת הנאשם בנוגע למעשיו וכיצד היא התקבלה על ידי גורמי ההערכה?,"הנאשם נעדר הסתבכויות אחרות עם החוק, לא לפני המקרה נושא כתב האישום ולא לאחריו הנאשם נטל אחריות על מעשיו תוך שהביעה חרטה, שגורמי ההערכה המקצועיים וכן בית המשפט התרשמו, שהיא כנה.",train
מדוע החליט בית המשפט להטיל מאסר מותנה על הנאשם בהעדר הבהרה לגבי מניעיו להחזקת כלי הנשק?,משלא הובררו עד תום מניעי הנאשם להחזקת כלי הנשק – מוצא בית המשפט גם להשית מאסר מותנה מרתיע.,train
מהי הסיבה לכך שהעונש הוטל על הצד הנמוך של המתחם?,"שורת הדין מצדיקה היתה, אם כן, גזירת הדין הבינוני של המתחם, אך לפנים משורת הדין, לנוכח הנסיבות לקולה, ביניהן הודאת הנאשם באשמה – אם גם בשלב מאוחר מאוד; גילו; מצבו הרפואי; הפרטים, שנמסרו מפי בנו; וכן חלוף הזמן – ייגזר העונש על הצד הנמוך של המתחם.",train
מדוע טענת ההגנה לגבי אמצעים כספיים לא התקבלה על ידי בית המשפט?,"טענת ההגנה כי לנאשם אין אמצעים כספיים לעמוד בקנס או בפיצוי לא נתמכה בראיות, ובכל מקרה יכולתו הכלכלית של נאשם היא נסיבה אותה רשאי בית המשפט לקחת בחשבון בכל הנוגע לחיובו בפיצוי, מאחר שהפיצוי הוא סעד בעל מאפיינים אזרחיים במשפט הפלילי.",train
מהו הצורך שהוביל להחמרת הענישה בעבירות מסוג זה?,"הצורך בהחמרת הענישה נומק במספר הרב של העבירות, אם פליליות ואם כאלה נגד בטחון המדינה, שנעברו לאחרונה, באמצעות כלי נשק, ואף הביאו, לעיתים מזומנות, לפגיעה באזרחים בלתי מעורבים.",train
מהו העיקרון המנחה את בתי המשפט בנוגע להרתעה בעבירות סמים?,"לא אחת נקבע, כי על בית המשפט להרתיע היחיד והרבים, כך שעבירות אלו יהפכו לבלתי כדאיות, ובכך למגר התופעה.",train
כיצד משפיע שקלול הגורמים על רמת הענישה המומלצת במקרה זה?,"שקלול הגורמים דלעיל, ובייחוד הקרבה למועד, בו החלה כיפת האיסור, מצביע על ענישה שתהיה ברף הנמוך של המתחם, לצד מאסר מותנה ועיצום כספי.",train
מהו הראיה לתכנון המעשים שביצע הנאשם?,"הצטיידות באבן משתלבת טרם ההגעה לבית המתלוננת; כניסת הנאשם לחצר ביתה כשהוא אוחז באבן המשתלבת; והשלכת האבן המשתלבת על ראשה – מלמדים על תכנון של המעשים, גם אם התכנון אירע דקות או שניות טרם האירוע.",train
באילו נסיבות יוצאות דופן עשוי בית המשפט להטיל ענישה ללא הרשעה?,"רק בנסיבות יוצאות דופן, בהן אין יחס סביר בין הנזק הצפוי מן ההרשעה בדין לבין חומרתה של העבירה, ינקוט בית המשפט, לפעמים, בחלופה של הטלת ענישה ללא הרשעה.",train
כיצד משפיעה פסיקת הפיצוי על ההכרה בסבלם של קרבנות העבירה?,"עם זאת, יש בפסיקת הפיצוי משום מסר של הכרה בסבל שעברו ובפגיעות שנגרמו להם.",train
מהי גישת המחוקק כלפי המסיעים והמלינים של השוהים הבלתי חוקיים?,"בהקשר הקרוב של המסיעים, המלינים והמעסיקים את השוהים הבלתי חוקיים, שחטאתם אמנם עולה משל הללו, שכן - כאמור - חוטאים הם ומחטיאים את הרבים, ומכאן גישת המחוקק שהחמירה עמהם.",train
מהו הסיכון הנובע מהעבירות שביצע הנאשם לחפים מפשע?,"יתרה מכך, לעבירות מסוג זה פוטנציאל לפגיעה בחפים מפשע, שעלול להתעורר חשד כלשהו נגדם (למשל: נצפו בקרבת כלי הרכב המדובר) וימצאו עצמם מובאים לחקירה ואף למעצר, על לא עוול בכפם.",train
"מהו ההיבט האידיאולוגי שמחמיר את המסוכנות במעשים שנעשו במסגרת ""מאבק אזרחי""?","כשהדברים נעשים על רקע אידיאולוגי וכחלק מ""מאבק אזרחי"" שיטתי ועקבי חמורים הדברים שבעתיים וכך גם המסוכנות הנודעת ממעשים שכאלה.",train
מהי הסיבה לכך שהימנעות מהרשעת המשיבה נוגדת את הכללים שנקבעו בפסיקה?,"מוצאים אנו, עם כל הצער שבדבר, כי הימנעות בית משפט השלום מהרשעת המשיבה במעשי העבירה שבוצעו על ידה, כמפורט בשני האישומים בהם הודתה, הימנעות זו נוגדת את הכללים והמבחנים שנקבעו בפסיקה לענין אותם החריגים, שבהם ורק בהם, יש מקום להימנע מהרשעה.",train
מהי המשמעות המשפטית של נהיגה ללא ביטוח על פי הפסיקה?,"ומת מעבר לכך נאמר לא אחת, כי משמעות נהיגה כזאת, בהיעדר ביטוח, היא גם הטלת פיצוי הנפגעים על הציבור.",train
מדוע יש פוטנציאל להתפתחות אלימה בעבירת ההתפרצות?,"ובכלל, בעבירת התפרצות טמון פוטנציאל להתפתחות אלימה, והיא יכולה להתגלגל בנקל לעבירת שוד ואלימות.",train
מהי החומרה שיש לראות בעבירות הקשורות בנשק וכיצד יש להחמיר את הענישה?,"בית המשפט קמא ציין ובצדק, את החומרה הרבה שיש לראות בעבירות הקשורות בנשק, ואף בצדק ציין, כי בית המשפט מצווה להחמיר את הענישה בעבירות כגון אלה, כדי להגן על הציבור.",train
מהו ההסבר לכך שסכום הפיצוי שנקבע לנאשם 2 אינו רלוונטי במקרה זה?,"סכום הפיצוי, שהושת על הנאשם הנוסף בפרשה – הנאשם 2 – לא ישמש כאבן דרך במקרה זה, שכן סוכם במסגרת הסדר טיעון, ובמקרה דנן, אפילו בהסדר שנערך עם הנאשמים, והיה אמור להכיל ענישה מקלה – לאחר שיתוף פעולה בהליך טיפולי – סוכם על פיצוי גבוה בהרבה.",train
מהי העמדה שהמערערת מבקשת לקבוע בנוגע למתחם הענישה במקרה זה?,"בנסיבות אלו, מקובלת עלינו עמדת המערערת כי יש לקבוע מתחם גבוה יותר וכנגזרת ממנו יש להחמיר בעונשו של המשיב",train
מהו המטרה של הטלת עונשים מרתיעים על נוקטים באלימות לפי בית המשפט?,"תפקידו של בית המשפט במאבק הוא הטלת עונשים מרתיעים ומשמעותיים על הנוקטים באלימות לפתרון סכסוכים, על מנת להעביר מסר, הן לעבריין האינדיווידואלי, והן לעבריינים הפוטנציאלים ולחברה כולה, כי אין החברה טולרנטית להתנהגויות מעין אלה (ההדגשה אינה במקור).",train
מהי החשיבות בהצגת עונש לעבריינים כדי למנוע את הפיכת החוק לאות מתה?,"יש להראות לכל עבריין בכוח, כי המדינה לא תתייחס בקלות לכל מי שיעבור על החוק, כי קיימת סכנה שהחוק יישאר אות מתה.",train
מהו השיקול הנוסף שיכול להשפיע על קביעת מתחם הענישה בבית המשפט?,מדיניות הענישה הנוהגת אינה השיקול היחיד ששוקל בית המשפט בבואו לקבוע מתחם ענישה הולם.,train
מדוע מחייבים מעשיו של הנאשם ענישה משמעותית?,"מעשיו של הנאשם, ופגיעתו הרבה בערכים המוגנים, מחייבים ענישה משמעותית.",train
אילו שיקולים יש לקחת בחשבון בעת קביעת מתחם הענישה לפי סעיף 40ט' לחוק העונשין?,"בהתאם לסעיף 40ט' לחוק העונשין, תשל""ז  1977, בבואו של בית המשפט לקבוע מתחם ענישה, עליו לקחת בחשבון מכלול שיקולים, בין היתר, נסיבות ביצוע העבירה; תקופת ביצועה; מידת הפגיעה בערכים המוגנים; נסיבותיו של הנאשם, וכן, שיקולים נוספים.",train
מדוע הנאשם נחשב לשור מועד ומה הסכנה הנשקפת ממנו?,"הנאשם אינו נרתע מהחוק וממערכת אכיפת החוק, הוא בגדר שור מועד של ממש, ונשקפת ממנו סכנה של ממש לשלום הציבור.",train
מהו השיקול המרכזי שנלקח בחשבון בעת קביעת העונש לנאשם 1 בהשוואה לנאשם 2?,"מעשיו של הנאשם, הגם שאינם קלים, אינם מצדיקים ענישה חמורה יותר מזו שנגזרה על הנאשם 2, ועונשו ייגזר, תוך מתן משקל לסעיפי העבירה בהם הורשע, שאחד מהם – קל יותר מזה שבו הורשע הנאשם 2.",train
מה ניתן ללמוד מההסדר שנערך בין הצדדים לגבי חומרת המעשים המיוחסים לנאשמים?,"גם ההסדר, שנערך בין הצדדים, אינו קובע דין שונה לנאשמים השונים ומכאן ניתן ללמוד, לכל הפחות, שהצדדים עצמם לא ראו הבדלים משמעותיים בחומרת המעשים המיוחסים לנאשמים דנן אל מול הנאשם 1.",train
מהי החשיבות של היות הנאשם מתנדב במשטרה בהערכת הענישה?,"על בית המשפט ליקח בחשבון את היותו של הנאשם מתנדב במשטרה, היינו אמון על אכיפת החוק, עבר הכשרות מתאימות ומודע למשמעותן של הצהרות כוזבות מסוג זה.",train
כיצד השפיעה הודאת הנאשם באשמה על ההליך השיפוטי בעניינו?,"מנגד, יזקוף בית המשפט, לזכותו של הנאשם, את הודאתו באשמה, אשר יש בה כדי ללמד על נטילת אחריות מסוימת ואף היה בה כדי לחסוך בזמן שיפוטי יקר; עוד יזקוף בית המשפט לזכות הנאשם את נכונותו, אם גם מאוחרת ואם גם מונעת משיקולים זרים – להשתלב בהליך טיפולי.",train
מהי ההשפעה האפשרית של עבירות מסוג זה על אמון הציבור במוסדות האקדמיים?,עבירות מסוג זה עלולות להביא לפגיעה באמון הציבור בתואר הבחינות במוסדות האקדמיים ומכאן גם 	6 בערכם של תעודות ותארים הניתנים באותם מקומות.,train
כיצד ייקבע הפיצוי לבעלים של כלי הרכב שנגנב?,"עוד מוצא בית המשפט לחייב את הנאשם בפיצוי לבעליו של כלי הרכב שנגנב, שיביא בחשבון גם רכיבים נלווים או לא ממונים, שאינם מכוסים בפוליסות ביטוח וכן יהיה בו בבחינת הכרה בפגיעה שנגרמה להן.",train
מהי עמדת שירות המבחן לגבי הנאשם לאחר סירובו להמשיך בהליך טיפולי?,"הנאשם השתתף בהליך טיפולי במסגרת מעצרו, אך סירב להמשיך בהליך הטיפולי, ושירות המבחן רואה בכך סיכון להתנהגות עוברת חוק בעתיד.",train
מהן ההשלכות המיוחדות של עבירת גניבת בקר על בעלי חיים ובריאות הציבור?,"אין מדובר בעבירת-רכוש רגילה – ביצועהּ כרוך בהתאכזרות לבעלי-חיים, יצירת סיכון בריאותי לציבור וגרימת חסרון-כיס משמעותי לבעל החיה.",train
"מהי הסיבה לכך שהנאשם לא הראה רצון אמיתי בשיקום, למרות טענותיו?","שרירותו המילולית של הנאשם, כי מעוניין בשיקום – הרי התנהלותו אל מול שירות המבחן, במישור המעשה, אינה מלמדת על כך – כאשר ביכר בענישה הכוללת מאסר, חלף ניסיונות שיקומיים.",train
מהו השיקול המשפטי המרכזי המונע את הבלעת האירועים במסגרת מתחם ענישה כולל?,חומרתם של האירועים אינה מאפשרת הבלעתם במסגרת מתחם ענישה כולל.,train
מהי המשמעות של רכישת הנשק במזומן והבעת כוונה לסחור בו בהקשר לעונש?,העובדה שהנאשם ביצע רכישה במזומן והביע כוונה לסחור בכלי הנשק מהווים עילה להשית עיצום כספי.,train
כיצד משפיעה הקפדה על הענישה על המאבק בנגע הסמים?,"מבחינת מדיניות הענישה, הקפדה על הענישה מהווה כלי מרכזי למאבק בנגע הסמים ולשימור השקט הציבורי.",train
מהו היתרון המשפטי שניתן לנאשם בעקבות הודאתו באשמה?,"לזכות הנאשם תילקח הודאתו באשמה, שהיה בה כדי לחסוך זמן שיפוטי ואף ללמד על נטילת אחריות מסוימת מצדו.",train
מהו המתחם שנקבע לעונש הנאשמים בהתאם להסדר הטיעון?,"בהתאם להלכות שענינן כיבוד הסדרי טיעון, ומשלא נמצאה עילה לחרוג מעמדתם המוסכמת של הצדדים, יהיה המתחם, בשני המקרים, אותו מתחם שנקבע בין הצדדים במסגרת ההסדר.",train
כיצד משפיעה החומרה של העבירה על ההימנעות מהרשעה?,"ממילא, ההימנעות מן ההרשעה הופכת לקשה יותר, ככל שהעבירה חמורה יותר וכאשר הנאשם ביצע יותר מעבירה אחת, ולאורך זמן.",train
מהי הסיבה לכך שהנאשם לא קיבל הקלה בעונש בשל שיקולי שיקום?,הנאשם לא השתלב במסגרת טיפולית ואין לפני בית המשפט נסיבות המצדיקות חריגה כלשהי ממתחם הענישה משיקולי שיקום.,train
מהו האינטרס הציבורי שמגמד את האינטרס השיקומי של העבריין בעבירות אלו?,"ככלל, ייסוג האינטרס האישי השיקומי של העבריין מפני האינטרס הציבורי, ככל שמדובר בעבירות אלה.",train
"מהו מתחם הענישה שנקבע על ידי מותב זה, והאם היה מקום לעתור למתחם גבוה יותר?","מותב זה אימץ את מתחם הענישה אליו עתרה התביעה, כך שינוע בין 24 ועד 46 חודשי מאסר בפועל, תוך שציין, כי היה מקום לעתור למתחם ענישה גבוה יותר.",train
מדוע נדרשת התערבות ממשית של מערכות החוק והמשפט בעבירות מין?,היא מצריכה התערבות ממשית של מערכות החוק והמשפט כדי להגן על קרבנות עבריינות המין…,train
אילו זכויות נפגעות בעבירות חמורות כמו גניבת רכב?,"העבירות שביצע המבקש הינן עבירות חמורות, אשר, כפי שציין בית-משפט השלום, פוגעות פגיעה קשה הן בזכויות המתלוננים והן בכלל הציבור.",train
מהו המאפיין המרכזי של המעשה שביצע הנאשם?,"המדובר היה במעשה מתוכנן, לאחר קשירת קשר, והיה לנאשם די זמן לכלכל מעשיו.",train
מהו השיקול המרכזי לעבירות במקרה זה בנוגע להמשך פעילות עברינית?,"על אחת כמה וכמה במקרה דנן, כאשר השיקול המרכזי לעבירות היה מתן אפשרות להמשך פעילות עברינית.",train
מדוע שיקום אינו מהווה סיבה מספקת לחריגה מהמתחם הענישתי?,"כבר נפסק, לא פעם, כי שיקום איננו מילת קסם, המצדיקה חריגה מהמתחם בכל מקרה שהוא.",train
אילו שיקולים מצביעים על החמרה במתחם הענישה בנוגע לנאשם זה?,"כל השיקולים שהובאו לעיל – פעולה בחבורה, תוך תכנון מראש וחלוקת תפקידים; פעולה בתחכום, תוך הצלחה להתגבר על מכלולי ההגנה ולהניע כלי רכב; פעולה סדרתית ומקצועית - מצביעים לכיוון החמרה במסגרת מתחם הענישה בנוגע לנאשם זה.",train
מדוע אין לקבל את השימוש הציני של הנאשם בנכותו כהצדקה להתנהגותו?,"אין לקבל שימוש ציני של הנאשם בנכותו, בכדי להצדיק התנהגותו העבריינית ואת סירובו לקבל היד המושטת.",train
מדוע נקבע מתחם ענישה הכולל ענשי מאסר בגין עבירת ההסתננות?,"לנוכח הסיכון הפוטנציאלי לפגיעה בבטחון המדינה ובשלום הציבור, נקבע, פעם אחר פעם, מתחם ענישה הכולל ענשי מאסר של ממש, לתקופות שאינן קצרות, בגין עבירה זו.",train
באילו נסיבות אישיות מיוחדות ניתן לבחון את החריג של אי הרשעה בעבירות מסוימות?,"החריג של אי הרשעה לא ייבחן כלל אלא משמדובר בעבירות שטיבן הינו כזה המאפשר, בהתקיים הנסיבות האישיות המיוחדות ,הימנעות מהרשעה.",train
מהי הסיבה לכך שעונשי מאסר בפועל נדרשים גם כאשר מדובר בעבירה ראשונה?,"בשורה של פסקי דין נקבע, כי חומרת הסיכון הנשקף מעבירות אלה, מחייבת השתת עונשי מאסר בפועל בגין עבירות אלה וזאת גם כאשר המדובר, לכאורה, במי שמנהל אורח חיים נורמטיבי ואין לחובתו הרשעות קודמות.",train
מהי החשיבות של ביטוי קביעת המחוקק בענישה בפועל?,קביעה זו של המחוקק - מן הדין שתבוא ידי ביטויה גם בקביעת הענישה בפועל.,train
כיצד תתאזן ההקלה שניתנה לנאשם במסגרת הענישה?,ההקלה שניתנה לנאשם תתאזן בדרך של הטלת רכיבי ענישה נוספים משמעותיים ומרתיעים.,train
מדוע אין הצדקה לקבוע מתחמי ענישה נפרדים בגין האישום הראשון והשלישי?,"אין הצדקה לקבוע מתחמי ענישה נפרדים בגין האישום הראשון והשלישי, ויש ביניהם חפיפה.",train
מהי הפגיעה האפשרית שעלולה להיגרם לאשה הראשונה ולילדים במקרה של עונש מאסר ממשי?,"במקרה דנן – גזירת עונש בהתאם למתחם שנקבע, כשהוא בכליאה ממשית – עלול לפגוע פגיעה, שהיא בלתי מידתית בסובבים את הנאשם ובעיקר – דווקא באשה הראשונה ובילדים הקטינים, הנדרשים לטיפול יום יומי וכפי שפורט בתסקיר – האשה הראשונה לבדה אינה בעלת נגישות לגרמי הטיפול המתאימים.",train
מהו המתחם שנקבע על ידי בית המשפט העליון לעונש בגין עבירות החזקת נשק ותחמושת שלא כדין?,"בית המשפט העליון ציין, כי ראוי לקבוע עונשים מרתיעים בגין עבירות אלה והעמיד המתחם שם בין 12 ועד 36 חדשי מאסר בפועל.",train
מהו הצורך במענה הולם לעבירות נשק כדי להגן על הציבור?,"ענייננו ב'מכת מדינה' שהצורך להילחם בה על מנת להגן על הציבור, מצריך מענה הולם והטלת עונשי מאסר משמעותיים.",train
מהן הנסיבות שיכול בית המשפט לקחת בחשבון בעת קביעת מתחם הענישה?,"בהתאם לסעיף 40ט' לחוק העונשין, תשל""ז – 1977, בבואו של בית המשפט לקבוע מתחם ענישה, רשאי לקחת בחשבון מכלול שיקולים, בין היתר, נסיבות ביצוע העבירה; משך ההתנהגות העבריינית; מידת הפגיעה בערכים המוגנים; וכן, שיקולים נוספים.",train
מהו תפקיד מדיניות הענישה הנוהגת בקביעת מתחם הענישה על ידי בית המשפט?,מדיניות הענישה הנוהגת הינה רק שיקול אחד מבין מכלול השיקולים ששוקל בית המשפט בבואו לקבוע מתחם ענישה הולם.,train
מדוע בית המשפט אינו יכול להישאר אדיש למכת מדינה זו?,"בית המשפט אינו רשאי להישאר אדיש לכך שמדובר במכת מדינה, כאשר כתבי אישום דומים מוגשים חדשות לבקרים.",train
מהי המדיניות המומלצת לגבי ענישה בגין עבירות אלימות נגד שוטרים?,מדיניות של ענישה מכבידה ומרתיעה בגין עבירות אלימות נגד שוטרים משרתת אינטרס זה ועל כן היא ראויה.,train
מה מעידים מעשיו של הנאשם על יחסו לחוק?,"מעשיו של נאשם זה, לרבות העובדה כי שב לעבור העבירות פעם נוספת, מעידים על היעדר מורא מהחוק.",train
מהו האינטרס שנסוג מפני האינטרס הציבורי בעבירות אלו?,"ככלל, ייסוג האינטרס האישי השיקומי של העברין מפני האינטרס הציבורי, ככל שמדובר בעבירות אלה.",train
מהו ההיבט המיוחד שמקנה משנה חומרה לגניבת בעלי חיים וממירים קטליטיים?,"משנה חומרה לדברים, כי במקרה זה, אין המדובר ברכוש ""רגיל"", אלא, בגניבת בעלי חיים, וכן גניבת ממירים קטליטיים.",train
מהו המאפיין המרכזי של המעשים שביצע הנאשם?,"המדובר במעשים הדורשים תכנון מדוקדק מראש, וטמונה בהם אי הגינות כלפי הציבור ואף אנטי חברתיות.",train
מדוע החליט בית המשפט להטיל על הנאשם עונש מאסר מותנה מרתיע?,"עוד יקבל בית המשפט עתירת התביעה להשית על הנאשם עונש מאסר מותנה מרתיע, וזאת לנוכח השיטתיות במעשיו וכן העובדה, כי שב ועובר עבירות בתחום האלימות במשפחה.",train
מהו השיקול המרכזי שיש לקחת בחשבון בעת גזירת עונש בגין עבירות סמים?,העונש שנגזר בגין עבירות סמים מעין אלה חייב לשקלל בתוכו לא רק את הרתעת היחיד אלא גם את הרתעת הרבים.,train
מהו מתחם הענישה שנקבע על ידי בית המשפט במקרה זה?,"בהתחשב במדיניות הענישה הנוהגת ובנסיבות שפורטו לעיל, מוצא בית המשפט לקבוע מתחם ענישה הנע בין 12 ועד 24 חודשי מאסר בפועל.",train
מהו השיקול המרכזי שעל בית המשפט לקחת בחשבון לקביעת הענישה הספציפית?,"לקביעת הענישה הספציפית במסגרת המתחם על בית המשפט ליקח בחשבון את עברו הפלילי של הנאשם, מידת האנטי חברתיות ועצמת הכשל הערכי העולה מהתנהגותו של הנאשם, נסיבותיו האישיות ופרוגנוזת הגורמים המוסמכים בענינו.",train
מדוע לא ניתן להחריג מעשים ועבירות מסוימות מהכלל של הרשעה?,"כבר בשלב זה של בחינת הדברים אין המדובר בסוג של מעשים ועבירות, המבוצעים על ידי אדם בוגר החב אמון למעבידו, שניתן להחריגם מהכלל ולהוציאם לתחומי החריג הנדיר של הימנעות מהרשעה.",train
מדוע יש להטיל עונש מאסר משמעותי על מבצעי עבירות סחר בסמים שלא לצריכה עצמית?,"בשל הנזק החברתי רב העוצמה, שגורמת עבירה של סחר בסם מסוכן שלא לצריכה עצמית, זוהי עבירה שככלל ראוי שכל המבצע אותה יישא בעונש מאסר בפועל משמעותי וממושך מאחורי סורג ובריח.",train
מדוע יש הצדקה להטלת עונשי מאסר בפועל גם על מי שעובר עבירה ראשונה של החזקת נשק?,יוער כי הסכנה הטמונה בעבירה החמורה של החזקת נשק מצדיקה הטלת עונשי מאסר לריצוי בפועל גם על מי שזו עבירתו הראשונה.,train
מדוע מערכת אכיפת החוק אינה יכולה להסכים עם חומס זכויות בכוח הזרוע?,"מערכת אכיפת החוק לא תוכל להסכין עם מצב בו אדם חומס לעצמו זכויות בכח הזרוע, תוך התרסה כלפי רשויות אכיפת החוק והמשפט.",train
כיצד משפיעה מדיניות הענישה הנוהגת על הענישה בעבירות המיוחסות לנאשמת?,"אשר למדיניות הענישה הנוהגת, כפי שניתן ללמוד מהפסיקה שהוגשה לבית המשפט וכן מהחלטות הניתנות בבית משפט זה, וכן, ובבתי משפט אחרים, הרי שבעבירות המיוחסות לנאשמת, נעה הענישה על פני מנעד רחב ביותר התלוי בנסיבותיו של כל אירוע.",train
מדוע האיום המרומז שהופנה כלפי קצינת המשטרה נחשב לחמור במיוחד?,"האיום, שהופנה מצדו של הנאשם כלפי קצינת המשטרה, היה מרומז, ודווקא בשל כך יש לו משנה חומרה, כאשר מידת הפגיעה שלו בערכים המוגנים הינה משמעותית ביותר, והוא מעיד על התכנון והמחשבה שהושקעו לפני שהנאשם עבר את העבירה.",train
מהי התכלית החברתית והמוסרית של דיני העונשין בהגנה על קטינים?,"התכלית החברתית והמוסרית ביסוד דיני העונשין היא להגן על הערכים שהחברה מבקשת להגן עליהם, ובראש ובראשונה על שלומם של הקטינים, חסרי הישע, על שלמות גופם ונפשם.",train
אילו שיקולים נדרשים לפי סעיף 40ט' לחוק העונשין בקביעת מתחם הענישה?,"בהתאם לסעיף 40ט' לחוק העונשין, תשל""ז – 1977, בבואו של בית המשפט לקבוע מתחם ענישה, עליו לקחת בחשבון מכלול שיקולים, בין היתר, נסיבות ביצוע העבירה; תקופת ביצועה; מידת הפגיעה בערכים המוגנים; נסיבותיו של הנאשם, וכן, שיקולים נוספים.",train
כיצד יש לקחת בחשבון את הסיכון לשלום הציבור בהחזקת נשק שלא כדין?,"וסיכון שנשקף לשלום הציבור צריך להילקח בחשבון על ידי כל מי שמחזיק בידו נשק שלא כדין, גם אם אינו מחזיק בו למטרת ביצוען של עבירות אחרות.",train
מהו השיקול המרכזי שיש לקחת בחשבון בעת קביעת מתחם הענישה בעבירות שנעברו בצוותא?,"בעת קביעת מתחם הענישה ההולם, יש לקחת בחשבון את מידת האלימות שהופעלה נגד המתלונן; את העובדה שהעבירה נעברה בצוותא (המחוקק קבע כפל העונש לעברה במקרה כזה); טיב הרכוש שנגנב; והנסיבות בהן נעברו העבירות.",train
מהו השלב הראשון בבחינת טיב העבירה בהקשר לביטול הרשעה?,"ראשית, יש לבחון את טיב העבירה והאם, בנסיבותיה, תסכון עם ביטול ההרשעה.",train
כיצד משפיע חלוף הזמן והשהות בחלופת מעצר על גובה העונש המוטל על הנאשם?,בית המשפט יתחשב בחלוף הזמן והתקופה שהנאשם שהה בחלופת מעצר ופיקוח אלקטרוני להקלה מסוימת בעונש.,train
מהו העיקרון שנפסק לגבי שיקום והחמרת הענישה?,"כבר נפסק, לא פעם, כי שיקום איננו מילת קסם, המצדיקה חריגה מהמתחם בכל מקרה שהוא.",train
כיצד משפיע מצבו הנפשי של הנאשם על ההליך המשפטי?,"גם מצבו הנפשי של הנאשם ילקח בחשבון, הגם שהמדובר במצב שהתפתח רק לאחרונה והגם שנקבע, כי אין המדובר בליקוי המשפיע על התנהלותו השוטפת.",train
מהם התבחינים שעל בית המשפט לשקול כאשר הוא בוחן אפשרות לביטול הרשעה?,"התבחינים לקבלת החלטה כזו הם: האחד – האם טיב העבירה, בנסיבותיה, מאפשר ביטול ההרשעה; השני – האם הוצגו לבית המשפט נתונים המצביעים על פגיעה קשה קונקרטית ובלתי מידתית בסיכויי שיקומו של הנאשם, אם יורשע בפלילין.",train
מהו תפקיד מפקדיו של הנאשם בהקשר למעשיו והאם הם הצליחו לשנות את כוונותיו?,"עוד ניתן ללמוד הדבר מהתגייסות מפקדיו של הנאשם לשוחח עמו ולשכנעו לחדול ממעשיו, גם זאת בשעה הנקובה; בניגוד למצג, שניסתה ההגנה להציג – לא חדל הנאשם ממעשיו, אלא לאחר שהוברר לו מפי אחיו כי ניידות משטרה ממתינות תחת הבית ולאחר שהופעל כלפיו לחץ אינטנסיבי מאת גורמים שונים, לרבות המפקדת הישירה שלו.",train
כיצד משפיע היקף הפעילות של הנאשם על הכשל הערכי שנחשף?,"היקף הפעילות מצביע על עמקו של הכשל הערכי וזהו נתון בעל משמעות, הגם שהמדובר בנאשם נעדר עבר פלילי.",train
מהו השיקול המרכזי להבחנה בין הנאשם לחליל בקביעת מתחם הענישה?,"הן היקף מעורבותו של הנאשם, כאמור, המלמדת על מעמד בכיר בהיררכיה של המעורבים בפרשה;  הן נסיבות החזקת האמל""ח, בחדר ילדים, מקום בו קיים פוטנציאל ממשי לאסון, אם נפגעים היו יתר הנוכחים בחדר ובבית; הן העובדה, כי הנאשם הוא שהחזיק באמל""ח בסופו של דבר, בפועל, כאשר חליל הורשע, הלכה למעשה, בהחזקה קונסטורקטיבית, כאשר מסר אותם לנאשם - יש מקום להבחין ביניהם בנוגע לקביעת מתחם הענישה ההולם, ולקבוע מתחם מעט גבוה יותר בענינו של הנאשם דנן.",train
מהו העונש המוצע כדי להמחיש לנאשם את מחיר מעשיו?,"עם זאת, על מנת להמחיש לנאשם, ביתר שאת, את מחיר מעשיו - מוצא בית המשפט להשית על הנאשם גם עונש מאסר, ולו קצר, אשר ירוצה בדרך של עבודות שירות, ככל שהנאשם ימצא מתאים לכך.",train
מהו תפקיד הפיצוי בהבעת שאט נפש והרתעה במקרה זה?,"בהשתת הפיצוי, יהיה בידי בית המשפט להביע שאט הנפש מעזות המצח המיוחדת במקרה דנן; כמו כן, יהיה בה כדי להרתיע הנאשם דנן וגם אחרים, מלעבור עבירות דומות.",train
מהו השיקול שהנחה את בית המשפט בהטלת עונשים על נאשמים בעבירות אידיאולוגיות?,"משהמדובר בעבירות, שנעברו על רקע אידיאולוגי, ומרבית הנאשמים (למעט הנאשם 3) אף הצהירו, קבל עם ועדה, כי אינם זונחים המאבק כאמור – מוצא בית המשפט להשית עונשים מרתיעים צופי פני עתיד.",train
מהו השיקול שייקח בית המשפט בחשבון בעת קביעת העונש לנאשם?,כן יקח בית המשפט בחשבון התקופה בה שהה הנאשם במעצר ולאחר מכן בתנאים מגבילים.,train
מהו ההשוואה שנעשתה בין עבירות מין לרצח נפשם של קורבנות?,כבר נאמר בפסיקת בית משפט זה בעבר כי עבירות מין חמורות ונתעבות שקולות לרצח נפשם של קורבנות,train
מדוע יש להחמיר בעונש על מחזיקים סמים שלא לצריכה עצמית?,"אינו מנוס מהכבדת היד על המחזיקים סמים שלא לצריכה עצמית, שכל בר דעת מבין כי נועדו לצריכת הזולת, קרי, להוספת שמן על מדורת הסמים אשר להבותיה אופפות רבים וטובים, או רבים שהיו טובים.",train
מהן השיקולים שיש לקחת בחשבון בעת קביעת הענישה עבור הנאשם?,לעניין קביעת הענישה במסגרת המתחם – יש לקחת בחשבון את טיב האיומים שיצר הנאשם; את מידת ההפרעה לפעילות השוטרים וביכולתם למלא תפקידם; את מידת הפגיעה בתחושת הביטחון האישי שלהם; את מידת התעוזה והאנטי חברתיות הנלמדת מאופן ביצוע העבירות; את נסיבותיו האישיות של הנאשם ועברו הפלילי.,train
"מהו הנימוק להחמרת הענישה במקרה של הנאשם, בהתחשב במספר העבירות שביצע?","הצורך בהחמרת הענישה נומק במספר הרב של העבירות, אם פליליות ואם כאלה נגד בטחון המדינה, שנעברו לאחרונה, באמצעות כלי נשק, ואף הביאו, לעיתים מזומנות, לפגיעה באזרחים בלתי מעורבים.",train
מהי הסיבה להטלת ענישה משמעותית על הנאשם במקרה זה?,"לאור חומרת האירוע של תקיפת השוטרים והסיכון שנוצר לשלומם ולחייהם; ובהנתן עברו הפלילי (לרבות ההרשעה התעבורתית שגם היא בעלת אופי פלילי) המכביד של הנאשם והערכת שירות המבחן לגביו – מחייב המקרה ענישה משמעותית, על הצד הגבוה של המתחם, משיקולי גמול וכן לצורך הרתעת הנאשם והרתעת הרבים, וכי נסיבותיו האישיות של הנאשם נדחות, במקרה זה, אל מול יתר שיקולי הענישה.",train
מהי המסקנה לגבי יכולת ההגנה להצביע על נסיבות לקולא במתחם הענישה?,"עולה, כי לא עלה בידי ההגנה להצביע על נסיבות המצדיקות חריגה לקולא ממתחם הענישה.",train
מהי המשמעות של המלצה החורגת ממתחם הענישה עבור הנאשמות?,המלצה זו משקפת שיקולי טובתן של הנאשמות האישית בלבד וחורגת ממתחם הענישה.,train
מהו ההיבט הבטחוני והמדיני של עבירת ההסתננות לפי ההגדרה המשפטית?,"עבירת ההסתננות כוללת בחובה הן פגיעה בריבונות המדינה ובזכותה לקבוע למי תינתן הרשות לבוא בשעריה, והן סיכון בטחוני פוטנציאלי, הנובע, בין היתר, מהמצב העוין השורר בין אוכלוסית אזור חבל עזה לבין מדינת ישראל, עוינות המביאה, לפרקים, ללחימה בעצימות משתנה.",train
מהי המשמעות של אלימות כלפי בת זוג בתא משפחתי מצומצם?,"מעשים אלה מקבלים משנה חומרה, כאשר מדובר באלימות הננקטת כלפי בת זוג, החיה עם אותו אדם תחת קורת גג אחת, בתא משפחתי מצומצם, האמור להוות עבורה משענת ומקום מבטחים.",train
מדוע יש להטיל ענישה משמעותית על עבירות של פירוק חלקים מרכב?,"עבירות אלה מחיבות ענישה משמעותית, בעולם המעשה, על מנת להרתיע את עובריהן.",train
מהי הסיבה המרכזית להסדר שנערך בין הצדדים?,"הסדר זה נומק, בין היתר, בשיתוף הפעולה של הנאשם בחקירה, אשר התביעה הסכימה, כי הוא  שהביא לחשיפת הפרשה.",train
מהו הכלל לגבי הרשעה בעבירה ומהם החריגים לכך?,"הכלל הינו, שמי שעבר עבירה יורשע בגינה, וסטיה מהכלל תתאפשר במצב שהוא בבחינת ""החריג שבחריג"", בהינתן שני תבחינים עיקריים: האחד – האם מעשה העבירה מאפשר, מבחינת המסר הערכי שיועבר לציבור, ביטול הרשעת הנאשם בדין.",train
אילו תכליות שונות קיימות לפיצוי שנפסק לטובת נפגע עבירה?,"לפיצוי שנפסק לטובת נפגע עבירה קיימות מספר תכליות שונות... בין התכליות האמורות ניתן לציין את הבאות: מתן סעד לנפגע העבירה בטווח זמנים קצר, מבלי שייאלץ להמתין לסיום הליכים אזרחיים בעניינו; מניעת מפגש מחודש עם העבריין שפגע בו במסגרת של הליך אזרחי נוסף; הכרה חברתית בסבלו של הנפגע; העלאת מעמדו של קורבן העבירה בהליך הפלילי, כחלק מהמגמה לשלבו בהליך הפלילי ולהכיר בזכויותיו במסגרת הליך זה ואף יסוד של היטהרות לעבריין עצמו, שחיובו בפצוי לטובת הנפגע עשוי לתרום לשקומו.",train
מהו העיקרון המשפטי המונע החרגת קבוצות מסוימות מאיסור פלילי?,הסדר הציבורי אינו מאפשר החרגה של קבוצה מסוימת מתחולתו של איסור פלילי הקבוע בדין.,train
מדוע יש להחמיר בעונש כאשר הנפגע הוא קטין ובתחילת חייו?,"על אחת כמה וכמה כך הדבר, כאשר המדובר בנפגע קטין, בתחילת חייו.",train
מהו המצב המשפטי לגבי קביעת פיצוי גבוה יחסית לנפגע עבירה?,"מן האמור עולה, כי אין פסול בקביעת פצוי גבוה יחסית (ובענייננו לא הגיע לא למירב שבחוק ולא קרב לסכומי הגזילה), אף מקום שהיכולת הכלכלית אינה גבוהה.",train
מהי מטרת העונש במקרה של עבירת פוליגמיה בחברה שלנו?,"העונש במקרה כזה מטרתו בעיקר הרתעת אחרים בחברתנו, שעדיין מבקשים להתעלם מהדין הקיים ולשאת יותר מאשה אחת.",train
מהו המסר שהטלת עונשים משמעותיים על נוקטים באלימות מעבירה לעבריינים ולחברה?,"תפקידו של בית המשפט במאבק הוא הטלת עונשים מרתיעים ומשמעותיים על הנוקטים באלימות לפתרון סכסוכים, על מנת להעביר מסר, הן לעבריין האינדיווידואלי, והן לעבריינים הפוטנציאלים ולחברה כולה, כי אין החברה טולרנטית להתנהגויות מעין אלה (ההדגשה אינה במקור).",train
מהו המשמעות של התבחינים המצטברים בהקשר להימנעות מהרשעה?,"התבחינים האמורים הם מצטברים, כלומר – אם אחד מהם אינו מתקיים – אין מקום לנקוט בחריג של הימנעות מהרשעה.",train
כיצד יופעל המאסר המותנה כדי למנוע ענישה חמורה יתר על המידה?,"על מנת להימנע מענישה, שתהיה חמורה יתר על המידה, לנוכח עיקרון ההלימה, יופעל המאסר המותנה בחופף לעונש שיוטל.",train
כיצד השפיעה הודאת הנאשם באשמה על ההליך השיפוטי והאחריות שלו?,"לזכות הנאשם, הודאתו באשמה, שהיה בה כדי לחסוך זמן שיפוטי יקר ואף ללמד על נטילת אחריות מסוימת, במישור המעשה.",train
כיצד השפיעו נסיבות חייו של הנאשם על ההחלטה בעניינו לפי סעיף 40ד' לחוק העונשין?,"עם זאת, הענישה היא לעולם אינדיבידואלית ובנוגע לנאשם דנן, לאחר בחינת נסיבות חייו ונסיבות הסתבכותו בעבירה – מתוקף סמכותו של בית המשפט בהתאם להוראות סעיף 40ד' לחוק העונשין, תשל""ז – 1977, מוצא בית המשפט לבכר את ההליך השיקומי על פני שיקולי הענישה הכלליים.",train
מדוע לא זכאי הנאשם להקלה בעונש למרות שהציג מסמכים חלקיים לשירות המבחן?,"כך שגם אם עלה בידי הנאשם, בעבר, ליצור רושם אחר, על סמך הצגת מסמכים חלקיים או טענות שונות כלפי שירות המבחן – משבורר ענין זה עד תומו, ולאור הממצאים שנקבעו – אין הנאשם זכאי להקלה כלשהי, וההיפך הוא הנכון – אם, במהלך התקופה בה שהה בקשר עם שירות המבחן ואמור היה לרצות עונש שהוטל עליו, החל להשתמש בסמים ובחמרים משני תודעה, אשר הרעו את מצבו – מהווה הדבר נסיבה לחומרא.",train
מדוע העדר עבר פלילי של הנאשם לא יכול להוות שיקול להקל בעונש במקרה זה?,"אם עצם הנתון של העדר עבר פלילי יביא להקלה עם מבצעי העבירה, לא ניתן יהיה להרתיע מפני ביצוע עבירות מסוג זה.",train
מה מצביע על הצורך בהחמרה במסגרת מתחם הענישה במקרה זה?,כל אלה מצביעים לכיוון החמרה במסגרת מתחם הענישה.,train
מדוע שיקום הנאשם אינו מהווה סיבה מספקת לחריגה ממתחם הענישה?,"כבר נפסק לא פעם, כי שיקום אינו בגדר מילת קסם, אשר תצדיק, בכל מקרה, חריגה ממתחם הענישה.",train
מדוע המליצו כלל הגורמים המקצועיים על ענישה שיקומית – חינוכית לנאשם?,"כלל הגורמים המקצועיים המליצו על ענישה שיקומית – חינוכית, בכדי לאפשר לנאשם להמשיך בהליך טיפולי, אשר נראה כי נושא פירות ומיטיב עם הנאשם ועם החברה.",train
מדוע יש להדגיש את הסלידה מהתנהגות מפרת אמון בגזר הדין?,"נסיבה זו מן הדין לקבל ביטויה המלא בגזר הדין, הן במסגרת שיקולי ההלימה, על מנת להבהיר הסלידה מהתנהגות מפרת אמון רבתי מסוג זה; והן לצורך הרתעת עברינים אחרים, בכח או בפועל.",train
אילו שיקולים יש לקחת בחשבון לקביעת הענישה על הצד הבינוני לנאשם?,"מכלול הנסיבות מצביע לכיוון ענישת הנאשם על הצד הבינוני של מתחם הענישה, ואולם בנקודה זו ראוי ליקח בחשבון גם את הודאתו באשמה ואת שיתוף הפעולה שלו בחקירה, שהביא גם להפללת אחר בפרשה, ובכך תרם למשמעת הצבאית.",train
מהי הסיבה להטלת עונשי מאסר לריצוי בפועל על עבירות החזקת נשק גם בעבירה הראשונה?,הסכנה הטמונה בעבירה החמורה של החזקת נשק מצדיקה הטלת עונשי מאסר לריצוי בפועל גם על מי שזו עבירתו הראשונה.,train
כיצד משפיעים התבחינים על האפשרות להימנע מהרשעה במקרה של עבירה?,"התבחינים האמורים הם מצטברים, כלומר – אם אחד מהם אינו מתקיים – אין מקום לנקוט בחריג של הימנעות מהרשעה.",train
מדוע הכניסה שלא כדין נחשבת לסיכון בטחוני עבור מדינת ישראל?,"אין חולק כי עצם תופעת הכניסה שלא כדין מגדילה את הפוטנציאל לסיכון בטחוני, בין היתר בכך שהיא פותחת פתח לזליגת פעילות חבלנית עוינת (פח""ע) לתחומי מדינת ישראל ובכך מסכנת את בטחון תושביה.",train
כיצד מתבטאת ההתחשבות בנאשמות במתן אפשרות לרצות את המאסר בעבודות שירות?,"מתן האפשרות לרצות המאסר בדרך של עבודות שירות מהווה, כשלעצמו, התחשבות של ממש בנאשמות.",train
מהו הפן החמור הנוסף הנוגע לנאשם 2 בהקשר לסיכון הציבור?,"אשר לנאשם 2 – מתווסף פן חומרה שעניינו סיכון ממשי של שלום הציבור, כאשר נאשם זה – ההין לנהוג ברכב בהיותו בפסילה ואף ללא ביטוח.",train
כיצד מתקשר הצורך בנזק קונקרטי לאופיו של החריג להימנעות מהרשעה?,"החובה להצביע על נזק קונקרטי, עולה בקנה אחד עם אופיו המצומצם של החריג שעניינו הימנעות מהרשעה, אשר נועד לחול אך במקרים בהם קיימים טעמים כבדי משקל הנוגעים לשיקומו של הנאשם.",train
מהו השיקול המיוחד שנבחן במקרה של נאשם שאינו מתאים לריצוי מאסר בעבודות שירות?,"שונים הדברים כאשר המדובר במצב בו נבחן ענינו של נאשם באופן ספציפי ונמצא, כי עקב נתוניו האישיים, אינו מתאים לריצוי מאסר בדרך של עבודות שירות.",train
אילו מעשים מסוכנים מבצע הנאשם במהלך נהיגתו שיכולים לגרום לפגיעה חמורה?,"נהיגה בכבישים באופן כה מסוכן, תוך ניסיון להימלט מהמשטרה; חציית צמתים ללא מתן זכות קדימה; נסיעה נגד כיוון התנועה; נסיעה על מדרכות תוך סיכון הולכי רגל בשכונת מגורים – כל אלה יוצרים פוטנציאל לפגיעה קשה, ואף אנושה, בחייהם של משתמשים תמימים בדרך, עד כדי קטילתם וקיפוח חייהם.",train
כיצד משפיעים מספר העסקאות וכמות הסם על קביעת מתחם הענישה?,"תוך עריכת ההתאמות הנדרשות אל מול הפסיקה שהובאה לעיל, בהתייחס למספר העסקאות; כמות הסם בכל עסקה; טיב הסם – קוקאין; גובה האתנן שהועבר – מוצא בית המשפט, להעמיד את מתחם הענישה כך שינוע בין 14 ועד 28 חודשי מאסר בפועל.",train
מהו הסיכון הכרוך בהחזקת נשק ללא פיקוח מוסדר?,"עצם החזקת נשק בעל פוטנציאל קטילה מבלי שיש עליו ועל בעליו פיקוח מוסדר של הרשויות טומן בחובו סיכון, באשר המחזיק בו נתון תמיד לחשש שיתפתה לעשות בו שימוש, ולו ברגעי לחץ ופחד.",train
כיצד משפיעה צריכת סמים על הציבור מבחינת תופעות שליליות נלוות?,"גם צריכת סמים יש בה, בעקיפין, משום פגיעה פוטנציאלית בציבור, לאור תופעות ההתמכרות ויתר התופעות השליליות הנלוות לשימוש בסמים מסוכנים, לרבות הירידה בפריון העבודה והתנהגות שולית, אלימה או עבריינית אחרת, הקשורה עם השימוש בחומרים משני תודעה.",train
כיצד משפיעה סדרתיות העבירות על גובה הענישה במקרה זה?,"הגם שמדובר בסכום שאינו מן הגבוהים, מעשי העבירה היו סדרתיים, ואף לאחר תיקון כתב האישום, המדובר במספר לא מבוטל של עבירות ושל נפגעים פוטנציאליים.",train
אילו גורמים יש לקחת בחשבון כדי לבסס את רמת התחכום של הנאשם בזיוף מסמכים?,"מעבר לסכומי הגזלה, על בית המשפט ליתן את הדעת לרמה הגבוהה של הזיוף; כמות המסמכים שזויפה; היקף האופרציה שנוהלה על ידי הנאשם; כמות הכספים שגזל מהמתלוננים; כל אלה מבססים את רמת התחכום הגבוהה של הנאשם.",train
מהו העיצום הכספי שיושת על הנאשם לאור מניעיו הכלכליים?,"לאור המניע הכלכלי הנעוץ בעבירות שעבר הנאשם, יושת עיצום כספי מסוג קנס.",train
מהן הנסיבות לחומרה שמעידות על פעילות הנאשם בתחום הסחר בסמים ועל מעמדו בהיררכיה העבריינית?,"קיימות מספר נסיבות לחומרה, שיש בהן כדי להעיד על פעילות עקבית ומאורגנת בתחום הסחר בסמים מסוכנים, וכן על היות הנאשם בדרג משמעותי בהיררכיה העבריינית: הנאשם קיבל את פרטי ה""לקוחות"" מאריאל, אשר היה פעיל במסגרת קבוצת טלגרם העוסקת במכירה של סמים מסוכנים; הנאשם ערך עסקאות עם לקוחות שנחזו להיות מזדמנים; הנאשם סיפק הסמים מידית לאחר הסיכום, ומכאן שהיו נגישים בעבורו סמים באופן זמין; העסקאות לא נערכו בכמויות קטנות, אלא בכמויות בינוניות; הנאשם החזיק בסמים.",train
כיצד תבוא לידי ביטוי החריגה לקולה ממתחם הענישה בהמלצת שירות המבחן?,"החריגה לקולה ממתחם הענישה לא תבוא לידי ביטוי באימוץ מלא של המלצת שירות המבחן למבוגרים, אשר אינה עומדת ביחס הנכון לחומרת המעשים.",train
מהו הקשר בין איום לבין חירות פעולתו של המאוים?,האיום מסכן את חירות פעולתו של הפרט שכן פעמים רבות האיום כרוך גם בצפייה להתנהגות מסוימת מצד המאוים שהמאיים מבקש להשיג באמצעות השמעת האיום.,train
מהו הפוטנציאל שהנאשם יצר לפגיעה בשלום הציבור ובמרקם החיים התקין בחברה?,"בכך, יצר הנאשם פוטנציאל לפגישה ממשית בשלום הציבור, במרקם החיים התקין בחברה ובפריון בעבודה, שכן אין צורך להכביר מילים בדבר השפעת שימוש בסמים מסוכנים על תפקודם של צרכני הסם.",train
מה כולל הפיצוי שעל הנאשם לשלם לבעלי כלי הרכב שנגנבו?,"עוד מוצא בית המשפט לחייב את הנאשם בפיצוי לבעלי כלי הרכב שנגנבו, שיביא בחשבון גם רכיבים נלווים או לא ממונים, שאינם חוסים בפוליסות ביטוח וכן יהיה בו בבחינת הכרה בפגיעה שנגרמה להם.",train
אילו נסיבות בעבירות במקרה זה מעידות על פעילות עבריינית מובהקת?,"בשורה התחתונה, נסיבות העבירות במקרה דנן, הכוללות התארגנות מראש; התפרצות לבית הנפגעים תוך חלוקת תפקידים ברורה בין המעורבים; הבחירה ביעד, המוכר לאחת המעורבים; הבחירה ביעד בו מתגוררים אנשים בגיל מבוגר; סוג פריטי הרכוש שנגנבו; כל אלה מעידים על פעילות עבריינית מובהקת.",train
כיצד משפיע מצבם הכלכלי של הנאשמים על ההחלטה לגבי עיצום כספי?,"אמנם, בכל הנוגע לעיצום כספי מסוג קנס, על בית המשפט להתחשב במצבו הכלכלי של הנאשם (ראו סעיף 40ח' לחוק העונשין, תשל""ז 1977).",train
מדוע מדיניות של ענישה מכבידה בגין עבירות אלימות נגד שוטרים נחשבת לראויה?,"מדיניות של ענישה מכבידה ומרתיעה בגין עבירות אלימות נגד שוטרים משרתת אינטרס זה ועל כן היא ראויה (רע""פ 5940/06 גל נ' מדינת ישראל (18.12.2006); ענין מוסא, שם).",train
מהו ההבדל בין הנאשמת לנאשמים אחרים בהקשר להשכלה המשפטית והבנת ההשלכות של הגשת מסמכים כוזבים?,"עם זאת, מהות האירועים  דומה; ובנוסף, לאותם נאשמים לא היתה השכלה משפטית או הבנה בנוגע להשלכות של הגשת מסמכים כוזבים לערכאה שיפוטית או מעין שיפוטית, כפי שמצופה מאדם ברמתה ובהשכלתה של הנאשמת דנן.",train
מהו תפקידו של בית המשפט בהרתעת הציבור בעבירות סמים?,"על בית המשפט לפעול להרתעת היחיד והרבים, אשר סבורים, כי מדובר בעשיית כסף קל, ומתוך בצע כסף, פוגע פגיעה של ממש בציבור.",train
אילו שיקולים יש לקחת בחשבון כאשר בית המשפט קובע מתחם ענישה?,"בבואו של בית המשפט לקבוע מתחם ענישה, יש להתייחס, בין היתר לערכים המוגנים שנפגעו; מידת הפגיעה בהם; הנסיבות הקשורות בביצוע העבירה; הנזקים שנגרמו בעקבות העבירה; לצד שיקולים נוספים.",train
מהו המגבלות הקשורות לגובה הפיצוי בהליך הפלילי במקרה זה?,"גובה הפיצוי בהליך הפלילי מוגבל, ולנוכח העובדות המתוארות בכתב האישום המתוקן, ספק אם יהיה בפיצוי שיושת כדי לשקף את גודל הנזקים שנגרמו למתלוננת ובוודאי לא לילדיה הקטינים.",train
מדוע ישקול בית המשפט להטיל עונש שאינו על נקודת האמצע?,"אם לא יהיה העונש על נקודת האמצע ממש, יהיה זה רק מתוך התחשבות בנסיבותיו המשפחתיות המיוחדות.",train
מהן הנסיבות שיש לשקול לקביעת מתחם הענישה בעבירות גידול סמים?,"בשקלול הנסיבות, בהן התכנון שקדם לעבירה, כולל היערכות לוגיסטית (שכירת מבנה, התקנת ציוד, טיפול בשתילים ועוד); כמות השתילים שנתפסה; משקל השתילים; פוטנציאל הנזק שעלול היה להיגרם אלמלא נתפסה המעבדה, ובשילוב הפסיקה הנוהגת, ראוי היה לקבוע מתחם ענישה גבוה יותר מזה שאליו עתרה התביעה.",train
כיצד משפיעים השיקולים על החמרת הענישה במסגרת מתחם הענישה?,כל אלה מצביעים לכיוון החמרה ממשית במסגרת מתחם הענישה.,train
מהו תפקיד מערכת בתי המשפט בהחמרת הענישה על עבירות גניבת בקר?,"במצב דברים זה המעט שמערכת בתי-המשפט יכולה לתרום בניסיון להשיב את הסדר על כנו – הוא להחמיר עם מבצעיהן של העבירות, במטרה להבהיר לכל כי מי שישלח את ידו בקניינו של אחר, ישלם על כך מחיר כואב.",train
כיצד משפיעה ההגנה מן הצדק על גובה העונש המוטל במקרה זה?,"לאור קיומה של ההגנה מן הצדק, במקרה דנן, יושת עונש על הצד הנמוך של המתחם, תוך אימוץ המלצתו השיקומית של שירות המבחן למבוגרים, אם כי – לאור הפגם הערכי הנלווה לעבירה – יושתו עבודות של""צ בהיקף גבוה יותר מזה שהומלץ.",train
מדוע נחשבת אבן הנזרקת לעבר שוטרים כנשק מסוכן?,"כך שאין לומר כי אבן הנזרקת לעבר כח שוטרים אינה בעלת פוטנציאל של גרימת נזק חמור לשלום גופם ואף סיכון חייהם והמדובר, אם גם בנשק קר – בנשק לכל דבר.",train
כיצד השפיע מצבו הרפואי של הנאשם על גובה העונש שהוטל עליו?,"עם זאת, לאור מצבו הרפואי של הנאשם ונסיבותיו האישיות, מוצא בית המשפט להשית על הנאשם עונש בתחתית המתחם שנקבע.",train
מהי מטרת הענישה בעבירות סמים וכיצד היא משפיעה על עבריינים פוטנציאליים?,"הענישה בעבירות מסוג זה נועדה, קודם לכל, לשרת את מטרת הגמול לעבריין על עיסוק בסם העלול לסכן חיי אדם ולפגוע בבריאות המשתמשים בו; שנית, על העונש להעביר מסר חד-משמעי של הרתעה ביחס לעבריינים פוטנציאליים, ולשמש אות אזהרה אפקטיבי לכל מי שמתכוון לקחת חלק במערכת ההעברות והסחר בסמים, תהא אשר תהא הפונקציה אותה הוא ממלא בשרשרת זו של העברת הסם מיד ליד.",train
כיצד משפיעה מעורבותו של הנאשם בפתרון סכסוכים על החלטתו להחזיק נשק קטלני?,"הנאשם, אשר – מדבריו בבית המשפט עולה – כי מודע היטב להיקף הבעיה ולעמקה – בחר להחזיק נשק קטלני, מוכן לשימוש – בד בבד עם היותו ""שֵיך"" העוסק בפתרון סכסוכים!",train
מדוע ייחד המחוקק סימן נפרד לעבירות גניבת רכב בחוק העונשין?,"לא בכדי, ראה המחוקק ליחד לעבירות אלה סימן נפרד  סימן ה1  במסגרת הפרק העוסק בעבירות הרכוש (פרק י""א) בחוק העונשין, תשל""ז  1977.",train
כיצד משפיעות נסיבות חייו של הנאשם והודאתו על הקלת הענישה?,"מאידך, אין המדובר בהתארגנות מתוחכמת במיוחד; הנאשם מכור לטיפה המרה ונסיבות חייו אינן קלות; הנאשם הודה בעבירה וחסך זמן שיפוטי - אלה מצביעים לכיוון הקלת מה במסגרת מתחם הענישה.",train
כיצד משפיעה עמדת התביעה על קביעת מתחם הענישה לעבירות המוזכרות?,"לנוכח כך שהתביעה עתרה, בנוגע לעבירות אלה, למתחם ענישה שינוע בין 4 עד 8 חדשי מאסר בפועל, חרף כך שנקבעו בפסיקה מתחמים גבוהים יותר, יעמיד בית המשפט את המתחם בין מספר חדשי מאסר בפועל ועד ל- 8 חדשים.",train
מהי הסיבה לכך שהמלצת שירות המבחן במקרה זה חורגת ממתחם הענישה?,המלצתו הסופית של שירות המבחן במקרה דנן 	6 אינה עומדת בקנה אחד עם השתלשלות ההליך הטיפולי בעניינו של הנאשם ומכל מקום 	6 חורגת באופן קיצוני ממתחם הענישה.,train
מהי הסיבה לכך שאין מקום לגזור עונש אחר מלבד מאסר בפועל במקרה זה?,"מכל מקום, בנסיבותיו של המקרה דנן – לאחר בחינת אופן השיחות והאופן המחפיץ והמבזה בו התייחס לסוכנת, שבתודעתו שלו היתה נערה צעירה – אין מקום לגזור עונש אחר, למעט מאסר בפועל, בכליאה ממשית.",train
"מהו הנזק החברתי שנגרם כתוצאה משימוש בסמים מסוכנים, כפי שנצפה במקרה זה?","אין צורך להכביר מילים על הצורך להילחם בנגע הסמים המסוכנים אשר, מעבר לפגיעה בתפקוד המשתמשים (פגיעה הנגרמת גם אצל מי שמשתמש בקביעות בסם המסוכן נושא כתב האישום) מתבטאת גם בגלגול כספים בלתי מדווחים בסכומים גדולים, המוצאים דרכם למימון פשיעה.",train
מהי ההשפעה של השימוש באלימות במשפחה על תחושת הצדק האנושי?,הפרתה של ציפייה זו הופכת את השימוש באלימות במשפחה לתופעה העומדת בניגוד עמוק לחוש הצדק האנושי.,train
מהן העوامل המשפיעים על קביעת הענישה הספציפית בעבירות סרסרות ושוחד?,"קביעת הענישה הספציפית במסגרת המתחם נעוצה בטיב העבירות שבוצעו, לרבות היקף הפעילות בתחום הסרסרות והיקף כספי השוחד שהועברו; מידת הפגיעה בנפגעות העבירה (רלוונטי לאישומים בתחום הסרסרות); משך הפעילות העברינית ומידת האינטנסיביות שלה; עברו הפלילי של כל אחד מהנאשמים, לרבות חזרה על ביצוע עבירות דומות (רצדביזם); הפרוגנוזה של גורמי ההערכה בנוגע לתפישותיו של הנאשם, למידת נטילת האחריות על המעשים שעשה או לסיכון הנובע ממנו לעתיד; נסיבותיו האישיות של הנאשם.",train
מהו העונש שהטיל בית המשפט על הנאשם כדי להמחיש את חומרת המעשים?,"עם זאת, לצורך המחשת חומרת המעשים וכן איזון התמונה הענישתית – מוצא בית המשפט להשית על הנאשם עונש בהיקף גבוה מזה שהומלץ על ידי שירות המבחן וכן להאריך תוקפו של צו המבחן, כך שיידע הנאשם, כי אם יסתבך בעבירה נוספת – ניתן יהיה לדון מחדש גם בשאלת הענישה בתיק זה.",train
מהו העיקרון המנחה לגבי זכאות להזדמנות שנייה לנאשם עם עבר חיובי?,"מי שהתנהל, כל מהלך חייו, בדרך הישר ומתוך רצון לתרום לחברה ולהיטיב עם המדינה בה שוהה, זכאי לקבל להזדמנות, כאשר טעה וחרג מהנורמה – חריגה חד פעמית.",train
מהן הנסיבות שיכולות להיכלל בשיקולים לקביעת מתחם הענישה לפי סעיף 40ט' לחוק העונשין?,"בהתאם לסעיף 40ט' לחוק העונשין, תשל""ז – 1977, בבואו של בית המשפט לקבוע מתחם ענישה, רשאי לקחת בחשבון מכלול שיקולים, בין היתר, נסיבות ביצוע העבירה; משך ההתנהגות העבריינית; מידת הפגיעה בערכים המוגנים; וכן, שיקולים נוספים.",train
מהי הסיבה המרכזית לכך שבית המשפט קיבל את עתירת המאשימה לפיצוי?,"במקרה דנן – יקבל בית המשפט עתירת המאשימה לפיצוי, מהנימוקים הבאים: ראשית, במסגרת הטיעון, סוכם, כי המאשימה תוכל לעתור לעונשים נלווים, לרבות עונש זה; שנית, במקרה דנן – הפער שבין אופן פניית השוטרים לנאשמים ומטרת הפניה, שמטרתה היתה, בסך הכל, לזהות הנוכחים ברכב ולברר סיבת הימצאותם במקום - והעדר כל יחס לתגובתם של הנאשמים; כמו גם הנזקים הקשים והמתמשכים שנגרמו לשוטרים, בייחוד – לשוטר ע.ת. 1 – כפי העולה מעדותו ומהמסמכים שהוגשו - מצדיקים חיוב הנאשמים בפיצוי.",train
כיצד יש לבטא את קביעת המחוקק בענישה בעבור עבירות גניבת רכב?,קביעה זו של המחוקק - מן הדין שתבוא ידי ביטויה גם בקביעת הענישה בפועל.,train
כיצד יש לקבוע את הקשר בין אמצעי הענישה לבין סוג העבירה והנזק שנגרם?,"יש אפוא לחתור לקיומו של קשר רציונאלי בין אמצעי ענישתי זה, על רקע מאפייניו, לבין פרמטרים שונים כגון סוג העבירה, סוג הנזק שנגרם כתוצאה מהעבירה והאפקט שיהיה לכך על העבריין.",train
כיצד משפיעה הודאת הנאשם והיעדר הסתבכויות קודמות על השיקולים בענישה?,"מנגד, יקח בית המשפט לזכות הנאשם, הודאתו באשמה והיעדר נתונים על הסתבכויות קודמות, לכל הפחות בנוגע להסתבכויות שמחוץ לאזור חבל עזה.",train
מהו הקשר בין גובה הפיצוי ליכולת הכלכלית של הנאשם בהליך הפלילי?,"מכל מקום, כפי שנקבע לא פעם, בהיות הפיצוי בגדר סעד בעל מאפינים אזרחיים במסגרת ההליך הפלילי, גובה הפיצוי אינו קשור ליכולתי הכלכלית של הנאשם ואף אין על בית המשפט להתחשב בכך כלל בעת שומת הפיצוי.",train
אילו נסיבות אישיות לקח בית המשפט בחשבון בעת גזירת העונש על הנאשם?,"בית המשפט לקח בחשבון את נסיבותיו האישיות השונות; מצבו הבריאותי; הסדר החוב מול רשויות המס; הסכמתו להשיב את סכום הגזלה; העובדה שהודה ושיתף פעולה כבר בשלב החקירה; השתלבות בהליך טיפולי אינטנסיבי וממושך; ולבסוף, חרג ממתחם העונש ההולם וגזר על הנאשם שנתיים מאסר בפועל.",train
כיצד משפיעה נפיצותן של עבירות אלימות על מדיניות הענישה בעניינן?,"נפיצותן של עבירות אלה והצורך להגן על קורבנות האלימות שהם על פי רוב חסרי ישע, תורמים אף הם להחמרה הנדרשת בענישה בעבירות אלה.",train
מהו הכיוון שבו נוטה הכף בענישה בהתחשב במכלול הנסיבות?,"במכלול הנסיבות, נוטה הכף לכיוון ענישה על הצד הנמוך של המתחם.",train
מהי עמדת בית המשפט לגבי המלצת העונש ביחס לחומרת העבירה?,"בכל מקרה, מוצא בית המשפט, כי המלצה זו, אינה הולמת את חומרת העבירה.",train
מהי הדרישה להוכחת פגיעה כדי לאפשר חריגה מהרשעה?,"על כן, הפגיעה המדוברת מן הדין שתהיה פגיעה מוכחת, במישור המעשה, וכזו שהיא קשה וחמורה.",train
מהו המבחן העדכני לבחינת ביטול הרשעה?,"המבחן העדכני בשאלה זו, נסוב סביב שני שיקולים עיקריים: האחד  האם טיב העבירות, שלעצמן, מאפשר דיון בשאלת ביטול ההרשעה, מבחינת המסר הערכי כלפי הציבור; השני  האם הוכח נזק קונקרטי ומשמעותי (שכן, לכל רישום פלילי עלול להתלוות נזק מסוים), לעתידו המקצועי והשיקומי של הנאשם.",train
מהו הצורך בענישה משמעותית בעבירות המוזכרות כדי להרתיע את העבריינים?,"עבירות אלה  מחייבות ענישה משמעותית, בעולם המעשה, על מנת להרתיע את עובריהן ולהפוך אותן ללא כדאיות.",train
כיצד יש להכביד את הענישה על עבריינים המפנים לאלימות?,במסגרת מלחמה זו שומה על בתי המשפט להכביד את הענישה על עבריינים אלו.,train
מהי דרישת הפגיעה הנדרשת כדי שתהיה מוכחת במישור המעשה?,"על כן, הפגיעה המדוברת מן הדין שתהיה פגיעה מוכחת, במישור המעשה, וכזו שהיא קשה וחמורה.",train
אילו ערכים חברתיים נפגעים בעבירת הגניבה בידי מורשה?,"עבירת הגניבה בידי מורשה פוגעת בה בעת בשני ערכים חברתיים רבי-חשיבות: ערך ההגנה על הרכוש, וערך ההגנה על יחסי האמון בין מרשה למורשה.",train
מהו הסיכון הציבורי הנובע מאחזקת נשק ותחמושת שלא כדין על ידי מי שלא הוכשר לכך?,"אחזקת נשק ותחמושת על ידי מי שלא נבדק, לא נמצא מתאים ולא הוכשר לכך, בתנאים שאינם מבטיחים בידודו של הנשק מהסביבה (כיום מי שמחזיק נשק ברשיון נדרש לאחסנו בכספת מאובטחת, מאחורי שני מנעולים), עלולה להביא לסיכון שלום הציבור, גם אם אין ראיות שהוחזק לצורך פעילות שלילית, כמפורט לעיל.",train
מהו העונש שהוטל על הנאשם בהיעדר הסתבכויות קודמות?,"באיזון בין השיקולים השונים לחומרה ולקולה, בהיעדר הסתבכויות קודמות, מוצא בית המשפט להשית על הנאשם עונש מאסר בפועל על הצד הנמוך של מתחם הענישה שנקבע לעיל.",train
מהי הסיבה לכך שבית המשפט לא הטיל קנס על הנאשם?,"בנסיבות האמורות, על מנת לאפשר לנאשם להשתקם ולפתוח פרק חדש בחייו - לא יושת קנס.",train
מדוע חברה מתוקנת אינה יכולה להשלים עם אלימות כלפי גורמי אכיפת החוק?,"חברה מתוקנת אינה יכולה להשלים עם מצב בו פורעי חוק יהפכו את קניין הציבור להפקר ויפגעו בתחושת הביטחון של הציבור, ובוודאי לא יכולה להשלים עם מצב בו אותם פורעי חוק נוקטים באלימות כלפי גורמי אכיפת החוק.",train
מהו העיקרון המשפטי שמצדיק פיצוי לנפגעי העבירה במקרה זה?,"מעשיו של הנאשם מחייבים גם פיצוי הולם, שיהיה בו משום הכרה בנזקים ובאובדן תחושת הביטחון האישי שחוו נפגעי העבירה – אזרחים תמימים, שמרכבם פורקו ונגנבו חלקים; או שהתפרצו למקרקעין שלהם או הסיגו בו גבול וגנבו מקנה.",train
מהו הסיכון הציבורי הנובע מהחזקת נשק שלא כדין על ידי מי שאינו מוסמך לכך?,"החזקת נשק על ידי מי שלא נבדק, לא נמצא מתאים ולא הוכשר לכך, בתנאים שאינם מבטיחים בידודו של הנשק מהסביבה (כיום, מי שמחזיק נשק ברישיון נדרש לאפסנו בכספת מאובטחת, מאחורי שני מנעולים), עלולה להביא לסיכון שלום הציבור, גם אם אין ראיות שהוחזק לצורך פעילות שלילית, כמפורט לעיל.",train
מדוע אין פסול בקביעת פיצוי גבוה יחסית גם כאשר היכולת הכלכלית של הנאשם אינה גבוהה?,"מן האמור עולה, כי אין פסול בקביעת פצוי גבוה יחסית (ובענייננו לא הגיע לא למירב שבחוק ולא קרב לסכומי הגזילה), אף מקום שהיכולת הכלכלית אינה גבוהה.",train
מהו מתחם הענישה שנקבע על ידי בית המשפט בגין העבירה בנסיבות המקרה?,"תוך אבחנה בין חלקיהם של המעורבים, מוצא בית המשפט להעמיד את מתחם הענישה בגין העבירה, בנסיבותיה, כך שינוע בין מאסר בפועל למשך 8 חודשים ועד למאסר בפועל למשך שנה ומחצה.",train
מהו העונש המומלץ על ידי בית המשפט בהתחשב בהתנהגות הנאשם ובמתחם הענישה שנקבע?,"נוטה הכף לכיוון השמת עונש מאסר בפועל, בכליאה ממשית, על הצד הנמוך של המתחם אך לא ברף הנמוך ממש, שיהיה בו כדי להמחיש את המחיר בגין התנהגותו כמתואר.",train
כיצד משפיעה העובדה שמדובר בעבירה ראשונה על רמת הענישה שנקבעה לנאשם?,"העובדה, כי המדובר בפעם הראשונה בה נתפס הנאשם בעבירות, ובמאסרו הראשון של הנאשם – מטה הכף לכיוון ענישה על הצד הנמוך של מתחם הענישה.",train
מהי ההשפעה של חומרת העבירות על ההחלטה להטיל מאסר בפועל?,"לנוכח חומרת העבירות ומידת הפגיעה בערכים המוגנים, נקבע לא פעם, כי אין מנוס מהשתת מאסר בפועל בגין עבירות אלה.",train
מהן השאלות המרכזיות לקביעת הענישה הספציפית במסגרת מתחם הענישה?,"קביעת הענישה הספציפית במסגרת המתחם, נעוצה, ראש וראשית, בשאלת קיום אינדיקציה על פעילות שלילית, פלילית או אחרת, מצדו של הנאשם; מידת הסיכון הפוטנציאלי ממעשה העבירה; מידת התחכום בביצוע העבירה, לרבות הסתיעות בלוגיסטיקה, חבירה עם אחרים או פרנסת מערכת הברחות הגבול; עבר קודם ורצדיביזם; מידת ההכבדה על כוחות הביטחון; נסיבותיו האישיות של הנאשם.",train
כיצד השפיע הזמן שחלף על גובה העונש שיתקבל לנאשם?,"חלק נוסף מהזמן שחלף, כאמור, הינו בעל משקל לטובת הנאשם, ויביא, בסופו של דבר, להשתת עונש על הנאשם שיהיה על הצד הנמוך של מתחם הענישה, חלף ענישה על הצד הבינוני של המתחם, כפי שפורט לעיל.",train
כיצד פרשנות תכליתית משפיעה על חלות המאסרים המותנים לפי פסיקת בית המשפט העליון?,"פרשנות תכליתית, בהתאם לפסיקת בית המשפט העליון שאוזכרה לעיל, מביאה למסקנה, כי המאסרים המותנים חלים.",train
מהו הפן הנוסף של חומרה שקשור לענישה במקרה זה?,בכך יש משום פן חומרה נוסף בנוגע לענישה.,train
מהו הסיכון הנובע מנהיגה ללא רישיון מבחינה סטטוטורית?,"ברי, כי נהיגה בלי רישיון משמעה הסטטוטורי נהיגה ללא כישורי נהיגה, וממילא סיכון הזולת.",train
מהו השיקול לזכות הנאשם בהתחשב בזמן ביצוע העבירה ביחס להנחיות היועץ המשפטי לממשלה?,"עוד לזכות הנאשם, העובדה כי העבירה נעברה בסמוך לפרסום הנחיית היועץ המשפטי לממשלה.",train
כיצד יכול בית המשפט לתרום לביעור הסיכון של הקטל בכבישים?,"על בית המשפט להרים את תרומתו לביעור הסיכון של הקטל בכבישים, אשר נגרם על ידי מי שאינו משווה לנגד עיניו את החובה לציית לחוק, ובעיקר את קדושת חייהם של המשתמשים בדרך, באמצעות עונשים משמעותיים שיהיה בהם כדי להרתיע את היחיד ואת הרבים.",train
מהו המעשה שנמצא על ידי בית המשפט כמעשה דמונסטרטיבי ומניפולטיבי של הנאשם?,"בהסתמך על הראיות והמסמכים הרפואיים, כי היה מעשה דמונסטרטיבי בלבד, מעשה מניפולטיבי, שמטרתו היתה לנסות ולגרום להשארתו בתחומי ישראל, לאחר שבפעמים הקודמות הוחזר לאזור חבל עזה עם תום מאסרו, ומשכך – אין בית המשפט מוצא ליתן משקל לקולא לעובדה זו.",train
מהו ההיבט שיכול להחמיר את חומרת המעשים כאשר הם נעשים דרך האינטרנט?,"העובדה שהדבר נעשה באמצעות רשת האינטרנט ולא, למשל, ברחוב, פנים אל פנים, אינה מפחיתה מחומרת המעשים וניתן אף לומר שבמידה מסויימת מגבירה עובדה זו את חומרת המעשים.",train
מהו מתחם הענישה שנקבע על ידי בית המשפט במקרה של גידול סם מסוכן בכמות גדולה?,"במקרה דנן, לנוכח כמות הסם שנתפסה, שהיא גדולה יחסית, הן במשקל והן מבחינת מספר השתילים – יעמיד בית המשפט את מתחם הענישה בין 18 עד 36 חודשי מאסר בפועל.",train
מהו הצורך המובהק להרתיע את מי שעושה שימוש במסמכים מזויפים לקבלת שירותים פיננסיים?,"מכאן, עולה הצורך להרתיע את מי שעושה שימוש במסמכים מזויפים, על מנת לקבל שירותים פיננסיים ובייחוד 	6 על מנת לקבל כספים או רכוש, שלא כדין.",train
כיצד משפיע היעדר עבר פלילי על הענישה במקרה זה?,"לזכות הנאשם ילקח בחשבון היעדר עבר פלילי, אך אפשר לתת לו משקל מוגבל במאטריה הנדונה.",train
מהו השיקול שהשפיע על בית המשפט להקל בעונש הנאשם?,"בנוסף, בשיקולי בית המשפט לקולא, נלקח בחשבון כי הנאשם זוכה מחלק ניכר מהעבירות שיוחסו לו בכתב האישום.",train
כיצד על בית המשפט להגן על שלומם וביטחונם של השוטרים בעת ביצוע תפקידם?,"שלומם הגופני ובטחונם האישי של השוטרים אינו הפקר, ועל בית המשפט ליתן להם הגיבוי המתאים כאשר מותקפים בעת ביצוע תפקידם.",train
מהו המכלול של השיקולים שעל בית המשפט לקחת בחשבון בעת קביעת מתחם הענישה?,"בהתאם לסעיף 40ט' לחוק העונשין, תשל""ז – 1977, בבואו של בית המשפט לקבוע מתחם ענישה, עליו לקחת בחשבון מכלול שיקולים, כגון, הערכים המוגנים שנפגעו; מידת הפגיעה בהם; הנזק שנגרם ממעשי הנאשם; וזאת, לצד שיקולים נוספים.",train
מהן הנסיבות שבהן ניתן להעניק חריגים מההרשעה לנאשמים בוגרים?,"חריגים שכאלה יישמרו בראש ובראשונה למקרים המתאימים של נאשמים קטינים, או של נאשמים בוגרים שהעבירה שעברו נמצאת בתחתית רף החומרה, נסיבות השיקום בעניינם בולטות בחריגותן – ובאיזון בין השניים לא יהיה יחס סביר בין הנזק הצפוי לנאשם מהרשעתו לבין חומרת העבירה.",train
מדוע יש להטיל ענישה משמעותית על עבירות גידול והפקת סמים מסוכנים?,"העבירות של גידול, ייצור והפקה של סם מסוכן לצד אחזקת סם מסוכן שלא לצריכה עצמית, בכמויות המיועדות להפצה מסחרית תוך הפרת תנאי מעצר בית, מחייבות ענישה משמעותית ומרתיעה.",train
מהו השיקול המרכזי שיש לקחת בחשבון בעת קביעת העונש בעבירות סמים?,העונש שנגזר בגין עבירות סמים מעין אלה חייב לשקלל בתוכו לא רק את הרתעת היחיד אלא גם את הרתעת הרבים.,train
מהו מתחם הענישה שנקבע בגין עבירת ניסיון להחדרת סמים במקרה זה?,"לנוכח טיב הסם וכמות הסם המדוברת במקרה דנן, מחד, ומאידך, לנוכח כך שבמקרה דנן המדובר בנסיון להחדרת סמים בדרך מתוחכמת, מתוכננת מראש, תוך שיתוף פעולה בין מספר אנשים – יועמד מתחם הענישה בגין עבירה זו בין שנה עד שנתיים ומחצה מאסר בפועל.",train
"מדוע בית המשפט מחויב לשקול את האינטרס הציבורי בעת קביעת העונש, לצד המלצת שירות המבחן?","המלצת שירות המבחן נסמכת על נסיבותיו האישיות של הנאשם, אך בית המשפט מחויב לשים לנגד עיניו גם את האינטרס הציבורי ואת נפגע העבירה.",train
כיצד ההחמרה בענישה בגין עבירות סמים תורמת לגמול ולהרתעה?,"ההחמרה בענישה בגין עבירות סמים משרתת את מטרות הגמול וההרתעה, שהן היעדים העיקריים של הענישה בתחום הסמים.",train
מהו החשש המיוחד שנובע ממגע בחדר סגור בהקשר לחשיפה בפלטפורמות חברתיות?,"מגע שנותר בין שניים בחדר סגור נתחלף לו בחשש לחשיפה ולפרסום פומבי בפייסבוק וביו-טיוב, מה שעשוי להעצים את הפגיעה בנפגע העבירה.",train
מהו הרף העליון של המתחם במקרה שאין נסיבות המצביעות על חריגה מהסכם הצדדים?,"איא נסיבות, המצדיקות חריגה מהסכמת הצדדים דלעיל – יועמד הרף העליון של המתחם, במקרה דנן, על העונש אליו עותרת התביעה.",train
מדוע יש צורך להטיל על הנאשמים עונש מאסר בפועל בהתאם לעקרון השוויון?,"אלא, שלאור העונש שנגזר על נאשם 1, ולנוכח עקרון השוויון, שהוא עקרון יסוד בשיטתנו המשפטית, מאחר שמידת האשם ומידת החומרה המיוחסת לנאשמים דנן – גבוהה יותר, כשאל מול הרשעתו של הנאשם 1 בעבירה נוספת – מיוחס לנאשמים דנן הפעלת אלימות תוך שימוש בנשק קר, אלימות שהיא קשה יותר ותוצאותיה כלפי השוטרים הנפגעים חמורות יותר – מוצא בית המשפט הכרח להשית גם עליהם עונש מאסר בפועל, לתקופה שלא תפחת מהתקופה – שהושתה על הנאשם 1.",train
מדוע גרסת הנאשם לא התקבלה על ידי קצינת המבחן?,"ההסבר שמסר הנאשם לקצינת המבחן בנוגע לאופן הגעת הסמים לרכבו, אינו מתיישב עם נסיון החיים ועם ההיגיון הסביר, וניתן לומר, על פני הדברים, כי המדובר בגרסת בדים, כפי שהתרשם גם שירות המבחן למבוגרים.",train
מדוע יש לעבירות רכוש פוטנציאל להסלים לאירועים אלימים או קטלניים?,"יתרה מכך, לעבירות רכוש פוטנציאל להסלים לאירוע אלים ואף קטילת חיים.",train
מהו המאפיין המרכזי של המעשים המיוחסים לנאשם מבחינת תכנון ואי הגינות?,המדובר במעשים הדורשים תכנון מדוקדק מראש וטמונה בהם אי הגינות כלפי הציבור ואף אנטי חברתיות.,train
מדוע מספר השתילים נחשב למשמעותי בהערכת פוטנציאל ייצור הסם המסוכן?,"מספר השתילים הוא בעל משמעות רבה, שכן גם אם – בשלב בו נתפסה המעבדה – שקלו השתילים 36 ק""ג, הרי בכמות כזו של שתילים היה פוטנציאל לייצור סם מסוכן בכמות רבה בהרבה.",train
מהי המשמעות של נהיגה ללא ביטוח מבחינת פיצוי הנפגעים?,"ומעבר לכך נאמר לא אחת, כי משמעות נהיגה כזאת, בהיעדר ביטוח, היא גם הטלת פיצוי הנפגעים על הציבור",train
מהו העונש הקבוע לעבירת ריבוי נישואין ומה הוא משקף לגבי עמדת החברה?,"העונש החמור הקבוע לצד עבירת ריבוי נישואין, 5 שנות מאסר, מדבר בעד עצמו ומלמד על הפסול שהחברה בישראל מייחסת לעבירה.",train
מהו תהליך ההשתלבות של הנאשם בהליך טיפולי וכיצד הוא השפיע עליו?,"אך נאשם זה השתלב בהליך טיפולי, אשר על אף שידע עליות ומורדות כולל ניתוק קשר מצד הנאשם עם גורמי הטיפול, הרי, לבסוף, השתלב הנאשם בהליך הטיפולי והתרשמות גורמי הטיפול הינה, כי הוא נתרם מההליך; הפנים את חומרת מעשיו; הפיק לקחים לעתיד.",train
מהי עמדת בתי המשפט לגבי עבירות אלימות כנגד בנות זוג?,"עבירות האלימות ככלל, וכנגד בנות זוג בפרט, הפכו זה מכבר לרעה חולה, אשר בתי המשפט מצווים להיאבק בה.",train
כיצד מתבטאת תגובת הנאשם באלימות כלפי אשה מבוגרת בכשל הערכי שלו?,"תגובת הנאשם, אשר יצאה מכל פרופורציה, וכללה נקיטה באלימות כלפי אשה מבוגרת בשנים  מלמדת על כשל ערכי ממשי ועל תפישה של זילות כלפי חיי אדם.",train
מהי ההגנה המשפטית המתקיימת כאשר אדם פועל בהסתמך על הצהרה רשמית שנמצאה שגויה?,"בנוגע לטעות במצב המשפטי, כי תהווה היא הגנה לנאשם, במצב בו: He acts in reasonable reliance upon an official statement of law, afterward determined to be invalid or erroneous contained in a judicial decision, opinion or judgement.",train
כיצד מעשיו של הנאשם משקפים אנטי חברתיות וזלזול ברכוש הזולת ובבעלי החיים?,"מעשיו של הנאשם מלמדים על אנטי חברתיות מובהקת, כשל ערכי חמור, וזלזול בוטה ברכוש הזולת, בשלומם וברווחתם של בעלי החיים.",train
מדוע החליט בית המשפט להטיל מאסרים מותנים על הנאשם?,"כמובן, מוצא בית המשפט להטיל מאסרים מותנים מרתיעים, לבל יהין הנאשם לעבור שוב עבירות דומות.",train
מהו האינטרס הציבורי שגובר על השיקול השיקומי במקרה זה?,אך במקרה זה הוא נסוג מפני האינטרס הציבורי והצורך לנקוט במדיניות של ענישה מרתיעה.,train
מהו האינטרס שצריך לייסוג כאשר מדובר בעבירות חמורות?,"ככלל, ייסוג האינטרס האישי השיקומי של העבריין מפני האינטרס הציבורי, ככל שמדובר בעבירות אלה.",train
מהי השפעת התחכום והעוז בביצוע העבירה על מתחם הענישה?,"מידת התחכום והתעוזה באופן בו עברה הנאשמת את העבירה, לרבות אופן העובדה, כי המדובר בציוד רט""ן המאפשר הרכבת שני מכשירים שונים, וכי הוסלקו באופן מתוחכם תוך כדי הסוואתם בתוך פד שהושם באיבר מינה של הנאשמת, מצביעים לכיוון החמרה מסוימת במסגרת המתחם.",train
מהו הסיכון הנובע משילוב מעשי העבירה ואופן נהיגת הנאשמים?,"אין צורך בדמיון מפותח כדי לשער עצמת הסיכון הנובע מהשילוב בין השניים – מעשי עבירה, מהם מנסים הנאשמים להמלט מהר ככל הניתן, ביחד עם אופן נהיגתם והזלזול בחוקי התעבורה ובשלומם של המשתמשים בדרך, כפי שעולה מהרשעותיהם התעבורתיות.",train
מהי הקריאה של בית המשפט העליון למחוקק בנוגע לעונש בעבירות אלה?,"בית המשפט העליון הפנה קריאה למחוקק לתקן החוק, וציין במפורש, כי אם היתה בידו הסמכות – היה גוזר עונש גבוה יותר.",train
מדוע נחשבות עבירות סחר בסמים מסוכנים לחמורות?,החומרה שבעבירות סחר בסם מסוכן נובעת מהנזק החברתי הרב והסכנה הרחבה שהן מציבות.,train
מהו העיקרון המנחה לגבי הענישה בעבירות פציעה כפי שנראה בפסק הדין?,"נדמה כי הגיעה העת שלא להסתפק במלות גינוי ובמסרים חינוכיים צופים פני עתיד, אלא לנקוט ביד קשה כלפי העבריינים בתחום זה, ואם בדרך זו תימנע ולו פגיעה אחת בחיי אדם, דיינו.",train
מדוע יועמד הנאשם תחת מבחן למשך תקופה ארוכה יותר?,"לאור ניתוק הקשר של הנאשם עם שירות המבחן בעבר, יועמד תחת מבחן למשך תקופה ארוכה יותר, אשר תבטיח מחויבותו להליך הטיפולי וכן תאפשר הפקעת צו המבחן ודיון מחדש בשאלת העונש, לרבות בשאלת הארכת המאסרים המותנים, אם ישוב הנאשם לסורו.",train
מדוע אין רלוונטיות ליכולתו הכלכלית של הנאשם בקביעת פיצוי על הנזק בהליך הפלילי?,"כשם שבהליך אזרחי, אין רלוונטיות ליכולתו הכלכלית של הנתבע לצורך קביעת פיצוי על הנזק שגרם  כך גם בהליך הפלילי.",train
מהי המשמעות של הסמכות המיוחדת הנתונה לשוטר בהקשר לחובת האמון לציבור?,"לעניין זה כבר נפסק, כי הסמכות המיוחדת הנתונה לשוטר לאכיפת החוק משמעותה גם חובת אמון מוגברת לציבור.",train
מהו המצב המשפטי בנוגע לנסיבות האישיות של הנאשם בהקשר להקלות בעונש?,"במקרה דנן, לא הוצגו נסיבות אישיות חריגות, שיש בהן כדי להביא להקלה במסגרת המתחם.",train
מהי המשמעות של התנהגות הנאשם כמעידה על היעדר הפנמה של חומרת מעשיו?,"ההתנהגות הזו שהיא יוצאת דופן לחומרה, מעידה על היעדר הפנמה כלשהי של חומרת מעשיו.",train
כיצד משפיעה גניבת בקר על בעלי החיים ועל העוסקים בענף החקלאי?,"היא גורמת לנזק כלכלי לא רק לבעליו של הבקר הגנוב, אלא לכל מי שעוסק בענף זה, ושנאלץ להשקיע משאבים יקרים בניסיון למנוע מפורעי חוק לשים לאל את מה שלעיתים הוא מפעל חיים.",train
מהי הפגיעה המיוחדת שנגרמת לקרבנות במקרה זה?,"יש בהן משום פגיעה בקרבנות, שנסיבות חייהם קשות גם כך: המדובר בישישים, ניצולי שואה, אשר כל חייהם נתונים תחת צילן של זוועות המשטר הגרמני הנאצי של הרייך השלישי.",train
מדוע הימנעות מהרשעה במעשי העבירה שביצעה המשיבה נוגדת את הכללים שנקבעו בפסיקה?,"הימנעות בית משפט השלום מהרשעת המשיבה במעשי העבירה שבוצעו על ידה, הימנעות זו נוגדת את הכללים והמבחנים שנקבעו בפסיקה לענין אותם החריגים, שבהם ורק בהם, יש מקום להימנע מהרשעה.",train
כיצד משפיעים דיני נפשות על קביעת העונש הכולל במקרה זה?,"יש ממש בדברי ההגנה, כי עסקינן בדיני נפשות ולא בנוסחאות מתמטיות, לכן, בסופו של דבר, ייקבע עונש אחד כולל, שיהיה בו כדי לבטא את חומרת המעשים, תוך חפיפה חלקית בין העונשים שפורטו לעיל.",train
מה מעידות העבירות על העדר רגש או אמפתיה של הנאשם כלפי המתלוננת?,"במקרה דנן, המדובר בעבירות אלימות חמורות, המצביעות על העדר רגש או אמפתיה כלשהי לנפגעת העבירה, שהיתה רעיתו של הנאשם בזמנים הרלוונטים.",train
כיצד חומרת הפגיעה במקרה זה נבדלת מהמקרים הקודמים?,"חומרת הפגיעה, במקרה דנן, עולה עשרות מונים על המקרים המתוארים לעיל.",train
מהי הסיבה לכך שעיקר רכיבי הענישה יושתו על הנאשם 1 ולא על יתר הנאשמות?,"בהיות הנאשם 1 העברין העיקרי ומשיתר הנאשמות הן חברות שנפתחו לצורך ביצוע העבירות ואין נתונים על המשך פעילותן או על נכסים כלשהם המוחזקים על ידן – יושתו עיקר רכיבי הענישה על הנאשם 1, שכן הסבירות לגבית עיצום כספי כלשהו מיתר הנאשמות אינה גבוהה.",train
כיצד ניתן לעדכן את המתחם הראוי והזמני שנקבעו לעבירה?,"הן המתחם הראוי והן המתחם הזמני שנקבעו לעיל, ניתנים לעדכון ולשינוי בהתאם לנסיבות האופפות את העבירה.",train
מהו השיקול שהוביל להחמרת הענישה כלפי הנאשם במקרה זה?,"משנה חומרה למעשי הנאשם, העובדה, כי מדובר בנטילת ייצוג המתלוננים בהליכים פליליים, בחלקם עמדו על הכף שמם הטוב, חירותם ועתידם האישי והמקצועי.",train
כיצד משפיעה רגישות בטחונית על הפגיעה בערכים המוגנים במקרה של הסעת שוהים בלתי חוקיים?,"דברים אלו נכונים, ללא קשר למצב הבטחוני השורר בארץ בעת שנעברה העבירה, ואולם, כאשר ישנה רגישות בטחונית, הרי שהפגיעה בערכים אלו מתעצמת.",train
מהו השיקול לקביעת מתחם ענישה דומה לעבירות של נסיון לגניבת רכב?,"בית המשפט רואה לקבוע מתחם ענישה שיהיה דומה למתחם שנקבע בגין עבירות של נסיון לגניבת רכב, וזאת לאור כך, שהערכים הנפגעים על ידי עבירה זו, דומים לערכים הנפגעים בעבירה של נסיון לגניבת רכב.",train
מהי העמדה המקובלת על השופט מ' קרשן לגבי החמרת הענישה בעבירה לפי סעיף 400?,"יש אכן מקום להחמיר הענישה ביחס לעבירה לפי סעיף 400 לחוק, ובעניין זה מקובלת עליי במלואה עמדת ההגנה, הנתמכת בפסיקת בית המשפט העליון, כי החמרה שכזו חייבת להיות הדרגתית.",train
מהו הנימוק המשפטי לכך שהחזקת סכין נחשבת לעבירה חמורה בבית המשפט?,"בית המשפט אינו יכול להסכין עם טענה, כי החזקת סכין אינה עבירה חמורה, שהרי, פוטנציאל הנזק העלול להיגרם מהסכין, הוא חמור.",train
"אילו פגיעות נגרמות מהעבירות שביצע המבקש, הן לזכויות המתלוננים והן לציבור?","העבירות שביצע המבקש הינן עבירות חמורות, אשר,  כפי שציין בית-משפט השלום,  פוגעות פגיעה קשה הן בזכויות המתלוננים והן בכלל הציבור.",train
"מהו מתחם הענישה המומלץ לעבירה זו, לנוכח התפשטות התופעה?","לנוכח התפשטות התופעה, כפי שפורט לעיל, ראוי היה לקבוע מתחם ענישה, שיחייב עונש מאסר בפועל בין כתלי בית האסורים, לתקופה בת שנה עד שנתיים.",train
מהי השיטה בה פעל הנאשם אשר משפיעה לרעה על הענישה?,"אשר לשאלת הענישה הספציפית שתוטל על הנאשם, ייקח בית המשפט בחשבון, לחובת הנאשם, את העובדה, כי פעל בשיטתיות תוך הפרת אמונים ושיבוש הליכי משפט, במקרים רבים ושונים.",train
מהן הנסיבות האישיות של הנאשם שהובילו להקלה בעונש?,"עם זאת, נסיבותיו האישיות של הנאשם, כפי שעולות מן המסמכים שהוצגו וכן הודאתו באשמה ונטילת האחריות מצדו, כמו גם העובדה, כי למרבה המזל, בסופו של דבר, לא נגרם נזק לבני משפחת המנוח – יביאו להקלה מסוימת במסגרת טווח הענישה שסוכם בין הצדדים.",train
מהי משמעות נכונות הנאשם לפצות את המתלונן בהקשר לנטילת האחריות על מעשיו?,"לכך יש להוסיף, נכונותו של הנאשם לפצות המתלונן, בסכום שאינו מבוטל, אשר גם בה יש כדי להביע את נטילת האחריות על מעשיו, במישור המעשה ולא בעולם הרטורי בלבד.",train
מה ההבדל בזכאות להקלה בין נאשמת שלא הודתה לבין מי שהודה ונטל אחריות?,"בנסיבות אלה, אינה זכאית להקלה לה זכאי מי שהודה ונטל אחריות על מעשיו.",train
מהו המצב החוקי בנוגע לשימוש בעונשים גופניים כהוראת חינוך מצד הורים?,"אשר-על-כן, נדע כי שימוש מצד הורים בעונשים גופניים או באמצעים המבזים ומשפילים את הילד כשיטת חינוך, הינו אסור בחברתנו כיום.",train
אילו שיקולים לקח בית המשפט בחשבון לגבי הנאשם?,"בית המשפט לקח בחשבון גם את התנדבותו לשירות צבאי וכן היותו אב למשפחה ומטופל בילדים, לרבות שני ילדים בעלי צרכים מיוחדים.",train
מהו המשמעות של היעדר מורא מאימת הדין ביחסו של הנאשם לשלטון החוק?,"אכן, יש בכך כדי ללמד על יחסו כלפי שלטון החוק ועל היעדר מורא מאימת הדין.",train
מהי השפעת מצבו הנפשי של הנאשם על גובה הענישה?,"בנסיבה זו, ביחד עם מצבו הנפשי העדכני, יש כדי להטות את הכף לכיוון ענישה על הצד הנמוך של המתחם.",train
מהו ההסבר לכך שבית המשפט לא הטיל על הנאשם עונש מאסר גבוה למרות שהאפשרות הייתה קיימת?,"כאשר מלכתחילה דובר בין הצדדים, כי ניתן יהיה להשית על הנאשם מאסר בדרך של עבודות שירות, ומשאפשרות זו ירדה מהפרק עקב נסיבות שאינן תלויות בצדדים – אין בית המשפט מוצא לנכון להשית על הנאשם עונש מאסר על הרף הגבוה של ההסדר, וזאת אף אם במצב בו היה הנאשם מתאים לריצוי מאסר בדרך של עבודות שירות, היה בית המשפט מורה כן.",train
מדוע הוחלט להאריך את צו המבחן של הנאשם מעבר להמלצה בתסקיר?,"לאור התרשמות שירות המבחן מהנאשם, יוארך צו המבחן לתקופה ארוכה יותר מזו שהומלצה בתסקיר, על מנת שניתן יהיה לעקוב אחר מצבו לזמן ממושך יותר ואף לשוב ולדון אותו בגין העבירות, אם ישוב לסורו.",train
מהי הסיבה לכך שגורמי ההערכה לא התרשמו מהטיפול בנאשם?,"ברם, גורמי ההערכה לא התרשמו מכך שהטיפול מסייע לנאשם ומסוכנותו נותרה גבוהה, בעיקר בשל אי הפנמת חומרת המעשים.",train
מדוע נחשבת מעמדו של הנאשם כקצין הבטחון לנסיבה מחמירה בעבירות שביצע?,"נסיבה מחמירה נוספת הינה, כי הנאשם עבר העבירות בהיותו  לא פחות מאשר  קצין הבטחון במלון, מי שאחראי על שלומם ורכושם של האורחים, ותוך ניצול ידע ואמצעים מיוחדים שהיו ברשותו מתוקף תפקידו זה.",train
מהו המידע שמצביע על יחסו של הנאשם לחוק בהתנהגותו העבריינית?,"בכל אלו – יש ללמד על יחסו של הנאשם לחוק ועל כך, שעודנו ממשיך בהתנהגות עוברת חוק ופורצת גבולות.",train
מהי העילה לחריגה ממתחם הענישה במקרה זה?,"בנסיבות אלה, אין כל עילה לחרוג ממתחם הענישה.",train
מהו המשמעות המשפטית של עבירת הרכוש שביצע הנאשם בהקשר לחוסר שליטה בדחפים אלימים?,"אף עבירת הרכוש שעבר הנאשם, שעניינה פגיעה ברכבו של המתלונן – היא חמורה ומעידה על חוסר שליטה בדחפים אלימים.",train
מהו תפקיד הפיצוי שניתן להטיל על הנאשם במקרה של עבירה של מעשה מגונה?,לפיצוי שיושת משמעות הן מבחינת הסיוע לנפגעת העבירה לשקם את חייה והן מבחינת ההכרה בסבל שנגרם לה.,train
כיצד השיב הנאשם את מרבית כספי הגזלה ומה משמעות נטילת האחריות שלו?,"הנאשם השיב את מרבית כספי הגזלה, כאשר היה בידי בית המשפט להיווכח, כי משימה זו לא עלתה לו בנקל, וזוהי נטילת אחריות - בעולם המעשה.",train
מהי ההשפעה של העבירות שביצעו הנאשמים על קניינו של הזולת וביטחון הציבור?,העבירות שעברו הנאשמים חמורות ויש בהן משום פגיעה בקניינו של הזולת ובפגיעה בתחושת הביטחון וההגנה של הציבור.,train
מהי הסיבה להארכת צו המבחן מעבר להמלצת שירות המבחן למבוגרים?,"עם זאת, מוצא בית המשפט, כי לאור התנהלות הנאשם, אשר לא אחת, הפסיק הליכים טיפוליים ודחה הידיים שהושטו לעברו, מוצא בית המשפט להאריך את צו המבחן לתקופה הארוכה מזו שהמליץ עליה שירות המבחן למבוגרים, תוך שידע הנאשם, כי אם ישוב לסורו – ניתן יהיה להורות על הפקעתו.",train
כיצד משפיעות נסיבות המקרה על קביעת מתחם הענישה?,"קביעת מתחם הענישה היא בהתאם לנסיבות המקרה העומד לדיון, וסקירת מדיניות הענישה הנוהגת היא רק שיקול אחד מבין כלל השיקולים אותו עושה בית המשפט בעת קביעת מתחם ענישה הולם.",train
כיצד משפיעות נסיבות העבירות על החמרת הענישה במקרה זה?,"נסיבות העבירות במקרה דנן, חמורות יותר, משמעותית, שכן במקרים שהובאו, מטרת שיבוש החקירה או המשפט היתה – נסיון של נאשמים למלט עצמם מהדין, מתוך חוסר נכונות להתמודד עם הסתבכות בלתי צפויה.",train
מהו האופי של העבירה שעבר הנאשם והשפעתה על סדרי השלטון והמשפט?,העבירה שעבר הנאשם חמורה וחותרת תחת סדרי השלטון והמשפט.,train
מהו האינטרס הציבורי המושג ממסירת נשק בלתי חוקי לרשויות?,"עצם קיום אותם מבצעים מלמד, ביתר תוקף, על עצמתו של האינטרס הציבורי לעודד מסירת נשק בלתי חוקי לרשויות.",train
אילו גורמים נוספים יש לשקול בקביעת הענישה לנאשם?,עוד יש לקחת בחשבון התיחסות הנאשם לעבירה שביצע; עברו הפלילי; נסיבותיו האישיות.,train
מהו המצב המשפטי הנוגע לעבירות שביצע הנאשם וההשפעה על משתמשי הדרך?,"עבירה גוררת עבירה, והנאשם פעל תוך זלזול בוטה בגורמי אכיפת החוק ואף העמיד בסכנה של ממש את משתמשי הדרך.",train
מהו סוג הפיצוי הנדרש מהנאשם לנפגע העבירה?,"מעשיו של הנאשם מחייבים גם פיצוי הולם, שיהיה בו משום הכרה בנזקים ובאבדן תחושת הביטחון האישי שחווה נפגע העבירה – אזרח תמים, שרכבו נגנב.",train
מהי הסיבה להטלת עיצום כספי מסוג קנס על הנאשם?,"ההכבדה על כלל הציבור כתוצאה מעבירות אלה, כפי שפורטה לעיל, מצדיקה השתת עיצום כספי מסוג קנס.",train
מהו ההיגיון מאחורי העלאת מתחם הענישה בעבירות נפוצות אלו?,"באמרת אגב, יוער, כי לאור נפיצות העבירות, ועליה בכתבי האישום הנדונים לפני בתי המשפט בכלל, ולפני מותב זה בפרט, בעבירות שכאלה, יש מקום אף להעלות את מתחם הענישה בהדרגה, כך שעבירות מסוג זה יהפכו ללא כדאיות למי שבוחר לשלוח ידו בקניינו של האחר.",train
מהו העיקרון המנחה לגבי הנסיבות האישיות של העברין בעבירות סמים?,"בעת הזאת, נפסק, לא פעם, כי כאשר המדובר בעבירות מסוג זה – נדחות הנסיבות האישיות של העברין מפני צרכי השיקום.",train
מהו הפן החמור הנוסף במעשיו של הנאשם מעבר לפגיעה בקרבנות?,"מעבר לפגיעה הקשה בקרבנות, למעשיו של הנאשם פן חמור נוסף – והוא הפגיעה באמון הציבור במוסד עריכת הדין ואף במוסד הנוטריון.",train
מהו מתחם הענישה שנקבע לעבירות תקיפת שוטרים והפגיעה בציוד המשטרתי בהקשר של מחאה?,"מתחם הענישה בנוגע לעבירות של תקיפת השוטרים והפגיעה בציוד המשטרתי, במסגרת התקהלות רבת משתתפים, על רקע מחאה כלפי החלטה שלטונית, כולל שימוש בנשק קר – ידוי אבנים ואף בנשק חם (בקבוק תבערה) ובהצתות, נקבע תחום ענישה במסגרת פסיקה קודמת ומומר ערכים בהתחשב בנסיבות.",train
מהו ספק בית המשפט לגבי יכולת הנאשם לרצות את העונש בדרך של עבודות שירות?,"נוכח אורח החיים השולי של הנאשם והיותו מכור לאלכוהול, כאשר לא טופל, בסופו של דבר, בגין התמכרות זו, וכן לנוכח כך שעונשים מותנים לא הרתיעו הנאשם בעבר 
 ספק רב בעיני בית המשפט, האם יעלה בידי הנאשם לרצות העונש בדרך של עבודות שירות.",train
מדוע הפרת הציפייה החברתית גורמת לשימוש באלימות במשפחה להיות מנוגד לחוש הצדק?,הפרתה של ציפייה זו הופכת את השימוש באלימות במשפחה לתופעה העומדת בניגוד עמוק לחוש הצדק האנושי.,train
אילו נסיבות חיים של הנאשם נלקחות בחשבון על ידי בית המשפט?,"מנגד, יקח בית המשפט בחשבון את נסיבות חייו של הנאשם, שגם הן אינן קלות.",train
מדוע קבע בית המשפט כי שיבוש מהלך החיים הציבורי מחייב עונש כולל מאסר בפועל?,"בצדק קבע ביהמ""ש, כי שיבוש מהלך החיים של הציבור, כפי שנעשה במקרה שבפנינו, מחייב עונש הולם הכולל בין היתר גם מאסר בפועל, ובמיוחד כאשר הדברים לוו בפגיעה גופנית בשוטרים שביצעו עבודתם.",train
מהן ההשלכות של הפגיעה באמון הציבור במוסדות עריכת הדין והנוטריון?,"לחומרה, יש ליקח בחשבון, כי המדובר בעבירות שנעברו באופן סדרתי, במשך תקופה, וכי הנאשם פגע, כאמור, הן באמון הציבור הכללי בארץ במוסדות עריכת הדין והנוטריון והן באמון בגופי ממשל בחו""ל באותם מוסדות, כאשר לפגיעה כזו, עלולות להיות קיימות השלכות על מידת האמון הכללי שינתן למסמכים ישראליים בחו""ל.",train
מהם המבחנים העיקרים להתגבשות חריג להימנעות מהרשעה?,"המבחנים העיקרים להתגבשות חריג שכזה הינם בראש ובראשונה אופי העבירה וטיבה, ובנוסף לכך נסיבותיו של עושה המעשה וההשלכות העשויות להיות על עתידו אם יורשע בדין.",train
כיצד פוגעת העבירה בשלטון החוק ובאפשרות להעמיד לדין את העברינים?,"בנוסף, היה בעבירה כדי לחתור תחת שלטון החוק ולפגוע באפשרות להעמיד לדין העברין או העברינים אשר דקרו את הקטין הנפגע.",train
"מהו הסיכון בהקלה בעונש לנאשם המנסה להחדיר ציוד רט""ן לכלא?","הקלה בעונש לנאשם המנסה להחדיר ציוד רט""ן לכלא רק בשל העדר עבר פלילי עלולה להביא להחמצת תכלית החקיקה.",train
מהו העונש שהוטל על הנאשם במאסרו הראשון ומה הייתה המטרה מאחוריו?,"משהמדובר, זו הפעם, במאסרו הראשון של הנאשם בין כתלי בית האסורים – יוטל עליו מאסר מתון, בתקוה כי יפיק הלקחים הנדרשים וימנע מלשוב לסורו.",train
מהו התכנון הנדרש לעבירות שביצע הנאשם וכיצד הוא משפיע על הציבור?,"המדובר במעשים הדורשים תכנון מדוקדק מראש, וטמונה בהם אי הגינות כלפי פרטים אחרים, ביניהם שותפו לשעבר של הנאשם; אי הגינות כלפי הציבור; ואף אנטי חברתיות.",train
כיצד השפיעה התנהגות הנאשם על תפקודה של מערכת אכיפת החוק והצדיקה קנס?,"אופן התנהגותו של הנאשם, אשר הצריכה שימוש בנשק חם ואף הזמנת תגבורת למקום 	6 הכבידה על תפקודה של מערכת אכיפת החוק ולפיכך 	6 ראוי גם להשית עיצום כספי מסוג קנס.",train
כיצד משפיעה העובדה שמדובר במפגש הראשון של הנאשם עם החוק על גזר הדין?,"לזכות הנאשם, יקח בית המשפט את העובדה, כי המדובר במפגשו הראשון של הנאשם  עם החוק, ומי שעד אירוע נושא כתב האישום, ניהל אורח חיים נורמטיבי ועמלני.",train
מדוע האמון של הלקוח בבא כוחו הוא קריטי במקצוע עריכת הדין?,"זאת ועוד, מקצוע עריכת הדין מושתת על האמון שנותן הלקוח בבא כוחו; במעשיו של המבקש, יש כדי לערער אמון זה, ולהכתים ציבור גדול של עורכי דין העושים את מלאכתם נאמנה.",train
מהי ההשפעה של חלוף הזמן על הענישה במקרה שבו הנאשם המשיך לעבור עבירות?,"חלוף הזמן הוא נסיבה מקלה כאשר המדובר במי שזנח את דרכו הנלוזה, אך לא זה המצב במקרה דנן, בו המשיך הנאשם כל העת לעבור עבירות.",train
מדוע לא השית בית המשפט עיצום כספי על הנאשם בנסיבותיו האישיות?,"בנסיבותיו האישיות והמשפחתיות של נאשם זה, כפי שמשתקפות במסמכים, שהוצגו מטעם ההגנה – אין בית המשפט מוצא להשית עיצום כספי.",train
"מדוע לא ניתן לראות במעשים טעות, כפי שטענה ההגנה?","ומכאן, כי למעשים קדם תכנון מקדים ואין מדובר ב""טעות"" כפי שטענה ההגנה, אלא במעורבות של ממש בעולם העברייני ועל הפשע כמקור ""פרנסה"" עבור הנאשם.",train
מהו העיקרון שנקבע בפסיקות האחרונות לגבי הענישה בעבירות מסוג זה?,"בפסיקת בתי המשפט מהשנים האחרונות קנתה שביתה ההבנה, כי יש לנקוט בענישה מחמירה, לרבות ענשי מאסר בפועל, בגין עבירות מסוג זה.",train
מדוע יש לאפשר הפנמה הדרגתית של משמעות האיסור על נישואין פוליגמיים?,"כאשר המדובר במי, שאנשים רבים סביבו עברו, ועוברים, על האיסור החוקי, אשר לא נאכף עד כה – אין זה ראוי, כי שינוי המדיניות ייערך באבחת חרב, אלא יש לאפשר הפנמה הדרגתית של משמעות האיסור ושל שינוי המדיניות.",train
כיצד משפיע מצב כלכלי של הנאשם על קביעת עיצום כספי מסוג קנס?,"בכל הנוגע לעיצום כספי מסוג קנס, על בית המשפט להתחשב במצבו הכלכלי של הנאשם (ראו סעיף 40ח' לחוק העונשין, תשל""ז 1977).",train
מהו השיקול המשפטי שהנחה את בית המשפט בנוגע לגישה השיקומית כלפי הנאשם?,"אמנם, עבר הנאשם את העבירות בהיותו בגיר, אך כולן נעברו במהלך לימודיו בבית הספר התיכון, בכיתה י""ב, ומכאן מקבל בית המשפט טענת ההגנה, כי בגזירה שווה לענינים, הנדונים בבית המשפט לנוער, ראוי לנקוט עם הנאשם גישה הנוטה יותר לכיוון השיקומי – הטיפולי, ככל שהדבר משתלב עם המלצות הגורמים המקצועיים, וכך הדבר במקרה דנן.",train
מדוע יש לקבוע מתחם ענישה עצמאי עבור כל אירוע של אלימות?,"כל אירוע כזה ראוי, הן מן הפן הערכי, של הבעת הסלידה ממנו; והן מן הפן ההרתעתי, מבחינת המסר שיועבר לציבור - שיבוא לידי ביטוי בקביעת מתחם ענישה עצמאי.",train
מהי התכלית המרכזית של נורמות האוסרות על שיבוש מהלכי המשפט?,"תכליתן המרכזית של נורמות אלה, והאיסור על שיבוש מהלכי המשפט בכלל זה – הינה להגן על טוהר ההליך השיפוטי ועל תקינותם של הליכים משפטיים, ולהבטיח קיומה של מערכת תקינה של עשיית משפט צדק, הראויה לאמון הציבור.",train
מהו הסיכון הציבורי הנובע מהחזקת נשק על ידי מי שלא הוכשר לכך?,"החזקת אמל""ח על ידי מי שלא נבדק, לא נמצא מתאים ולא הוכשר לכך, בתנאים שאינם מבטיחים בידודו של הנשק מהסביבה (כיום, מי שמחזיק נשק ברישיון נדרש לאפסנו בכספת מאובטחת, מאחורי שני מנעולים), עלולה להביא לסיכון שלום הציבור, גם אם אין ראיות שהוחזק לצורך פעילות שלילית, כמפורט לעיל.",train
מהן הסיבות להטלת פסילה בפועל ועל תנאי של רישיון הנהיגה על הנאשמים?,"לאור הדברים שמסרו הנאשמים אודות שימוש ממושך בסמים, ולאור השימוש ברכב מנועי בעת עבירת העבירה, מוצא בית המשפט להטיל על הנאשמים פסילה בפועל ועל תנאי של רישיון הנהיגה.",train
מהי המשמעות של ההחלטה המודעת להחזיק נשק בידיו של הנאשם?,"ההחלטה להותיר נשק זה בידיו – היתה החלטה מודעת, בשום שכל, ומכאן גם – שעל הנאשם לשאת באחריות על החלטתו זו וליתן הדין עליה.",train
מהו השיקול המשמעותי לגבי תקופת הנאשם 1 בתנאים מגבילים?,באשר לתקופה בה היה הנאשם 1 נתון בתנאים מגבילים - שיקול זה הינו בעל משמעות מקום בו אין אינדיקציה על הפרת תנאי השחרור.,train
כיצד השפיעו גילו של הנאשם ונסיבותיו האישיות על גובה העיצום הכספי?,"אולם, בשל גילו של הנאשם ונסיבותיו האישיות, לא יושת העיצום הכספי ברף הגבוה.",train
מהו ההיבט המשפטי שבו צדק בית המשפט בקביעת מתחם העונש במקרה זה?,כך צדק גם בית המשפט בעת שקבע מתחם עונש כפי שקבע...,train
"מהי ההכרעה המשפטית לגבי קיום ""הגנה תרבותית"" במקרה של עבירת ביגמיה?","לעניין הטענה בנוגע לקיומה של ""הגנה תרבותית"", כלומר, מנהג הרווח בקבוצת האוכלוסיה אליה משתייך הנאשם, כבר נקבע, כי הגנה זו לא תעמוד בשיטתנו המשפטית.",train
מהו המשקל שניתן לעובדה שהנאשם מתמודד עם תיק נוסף הממתין לבירור דין בעניינו?,"אמנם, תסקיר שירות המבחן מתייחס לתיק נוסף, הממתין לבירור דין בענינו, אך לא הוצגה הרשעה בתיק זה, ולפיכך – לא ייחס בית המשפט משקל כלשהו לעובדה זו ויראה בנאשם, כמי שנותן הדין בפעם הראשונה על מעשיו.",train
מדוע יש להחמיר בענישה גם עבור סם מסוכן מסוג קנאביס?,"גם סם מסוכן מסוג קנאביס הוא חומר ממכר שהשימוש בו עלול לגרום נזקים באספקטים שונים, לרבות תפקודי ותעסוקתי, ולכן יש להחמיר בענישה.",train
מדוע יש להעניק הגנה לגורמי אכיפת החוק במקרה של זלזול מצד הנאשם?,"הנאשם הפגין עזות מצח וזלזול בגורמי אכיפת החוק, ועל בית המשפט ליתן להם ההגנה הראויה, בכדי שיוכלו לבצע עבודתם נאמנה.",train
מהו המידע שמעשיהם של הנאשמים מלמדים לגבי אופיים?,מעשי הנאשמים מלמדים על אנטי חברתיות מובהקת וכשל ערכי חמור.,train
מדוע יש לקבוע מתחם ענישה מחמיר יותר לעבירות אלו?,"לנוכח התפשטות התופעה, כפי שפורט לעיל, ראוי היה לקבוע מתחם ענישה, שיחייב עונש מאסר בפועל בין כתלי בית האסורים, לתקופה ארוכה יותר מזו אליה עתרה התביעה, אשר יהיה בה משום הרתעה ליחיד ולרבים מלעבור עבירות דומות.",train
מהו העיקרון המשפטי הנוגע ליכולת הכלכלית של נאשם בעת גזירת פיצוי לנפגע העבירה?,"בענין זה נקבע לא פעם, כי יכולתו הכלכלית של נאשם אינה רלבנטית כלל, ואל לבית המשפט ליקח אותה בחשבון, בעת גזירת רכיב הענישה של פיצוי לנפגע העבירה.",train
מהו ההיבט החברתי שנפגע כתוצאה מהעבירות שביצע הנאשם?,"העבירות שעבר הנאשם פוגעות בקנינו של הציבור ומכאן גם, בשגרת חייו ובתחושת בטחונו האישי.",train
מהו האיזון בין חופש הביטוי לבין הגנה על ערכים אחרים במקרה של איום?,"האיום הוא אפוא ביטוי שהמשפט מטיל עליו מגבלות תוך פגיעה בחופש הביטוי, וזאת כדי להגן על ערכים אחרים ובהם שלוות נפשו, בטחונו וחירות פעולתו של הפרט.",train
מדוע לא ניתן ללמוד גזירה שווה מהגזירות שניתנו למשתתפים נוספים?,גזירות דומות שניתנו למשתתפים נוספים לא ניתנות ללימוד גזירה שווה בשל היותן תוצאה של הסדרי טיעון עם שיקולים כבדי משקל בתוכם.,train
מדוע יש להטיל ענישה מחמירה על אירועי אלימות כמו יידוי אבנים לעבר גורמי אכיפת החוק?,"הסיכון הנשקף לביטחון הציבור מאירועי אלימות קשים, ובכלל זה יידוי אבנים וחפצים לעבר גורמי אכיפת החוק, מחייב הטלת ענישה מחמירה.",train
"מהו העונש המומלץ במקרה של תקיפה הגורמת חבלה, לפי גזר הדין?","מוצא, כי המעשה מחייב ענישה מוחשית ומרתיעה בדמות מאסר בפועל, לכל הפחות על מנת להרתיע נאשם מלשוב לסורו.",train
מהו המשקל שיש לתת לשירות ההתנדבותי של הנאשם בהליך השיפוטי?,"מנגד - אין בית המשפט יכול להתעלם משירותו בהתנדבות של הנאשם, אשר זכה לשבחים ולהוקרה.",train
"מהו האיזון שנעשה ברכיבי הענישה במקרה של הנאשם, כולל העונש המוטל?","זאת, תוך איזון רכיבי הענישה באמצעות השתת עונש מאסר צופה פני עתיד; עיצום כספי מרתיע מסוג קנס שיהלום את כמות הסם הגדולה במקרה דנן; וכן פסילת רשיון נהיגה, בפועל ועל תנאי, לתקופה משמעותית (הצורך בפסילת הרשיון מתחדד לאור הקשר של הנאשם עם עולם הסמים והעובדה, כי על אף שיתוף הפעולה בהליך הטיפולי – לא הוברר עד תום נושא השימוש בסם).",train
כיצד הסבר הנאשם בנוגע לנסיבות העבירות לא תואם את ההיגיון הבריא?,"הנאשם סיפק, לפני שירות המבחן למבוגרים, הסבר בנוגע לנסיבות העבירות, אך הסבר זה אינו מתיישב עם ניסיון החיים וההיגיון הבריא ואף אינו עולה בקנה אחד עם הפרטים, בהם הודה הנאשם בכתב האישום המתוקן.",train
מדוע המשקל להודאת הנאשם אינו מלא במקרה זה?,"עם זאת, המשקל שינתן להודאה זו אינו מלא, לאור כך שנמסרה לאחר שנשמעו הראיות, ובתוכן –עדות נפגע העבירה, שהבאתו לבית המשפט הצריכה לוגיסטיקה מיוחדת, כולל ירידת בית המשפט לעיר אילת, לאחר שלא נמצא פתרון שאפשר הבאת העד, במצבו, לעיר באר-שבע; וגם באילת, היה צורך בלוגיסטיקה מיוחדת על מנת להביא את נפגע העבירה לאולם.",train
כיצד משפיעה נפיצותן של עבירות אלימות על הצורך להחמיר בענישה כלפי העבריינים?,"נפיצותן של עבירות אלה והצורך להגן על קורבנות האלימות שהם על פי רוב חסרי ישע, תורמים אף הם להחמרה הנדרשת בענישה בעבירות אלה.",train
מהי ההתחייבות שהוטלה על הנאשם כדי להרתיע אותו מעבירות דומות?,"בית המשפט מוצא להטיל על הנאשם התחייבות, אשר יהיה בה להרתיע את הנאשם מפני עבירה דומה.",train
מהו הסיכון הציבורי הנובע מהחזקת נשק שלא כדין על ידי מי שאינו מוסמך לכך?,"החזקת נשק ותחמושת על ידי מי שלא נבדק, לא נמצא מתאים ולא הוכשר לכך, בתנאים שאינם מבטיחים בידודו של הנשק מהסביבה (כיום מי שמחזיק נשק ברשיון נדרש לאפסנו בכספת מאובטחת, מאחורי שני מנעולים), עלולה להביא לסיכון שלום הציבור, גם אם אין ראיות שהוחזק לצורך פעילות שלילית, כמפורט לעיל.",train
מהן התכליות השונות לפיצוי שנפסק לטובת נפגע עבירה?,"לפיצוי שנפסק לטובת נפגע עבירה קיימות מספר תכליות שונות... בין התכליות האמורות ניתן לציין את הבאות: מתן סעד לנפגע העבירה בטווח זמנים קצר, מבלי שייאלץ להמתין לסיום הליכים אזרחיים בעניינו; מניעת מפגש מחודש עם העבריין שפגע בו במסגרת של הליך אזרחי נוסף; הכרה חברתית בסבלו של הנפגע; העלאת מעמדו של קורבן העבירה בהליך הפלילי, כחלק מהמגמה לשלבו בהליך הפלילי ולהכיר בזכויותיו במסגרת הליך זה ואף יסוד של היטהרות לעבריין עצמו, שחיובו בפצוי לטובת הנפגע עשוי לתרום לשקומו (ראו: ע""פ 7895/04 פלוני נ' מדינת ישראל ([פורסם בנבו], 2.8.2006); רע""פ 9727/05 פלוני נ' מדינת ישראל ([פורסם בנבו], 8.8.2007); ע""פ 6452/09 עלי נ' מדינת ישראל ([פורסם בנבו], 22.7.2010) (להלן: עניין עלי)).",train
מהו השיקול שהוביל את בית המשפט להעדיף את האינטרס הציבורי על פני שיקולים אחרים בענישה?,אך במקרה זה הוא נסוג מפני האינטרס הציבורי והצורך לנקוט במדיניות של ענישה מרתיעה.,train
מדוע הפרת הציפייה החברתית גורמת לשימוש באלימות במשפחה להיות בעייתי במיוחד?,הפרתה של ציפייה זו הופכת את השימוש באלימות במשפחה לתופעה העומדת בניגוד עמוק לחוש הצדק האנושי.,train
מה המליץ שירות המבחן בנוגע לענישה של הנאשם 3?,"בנוגע לנאשם 3 – שירות המבחן מצא, כי הנאשם נחשף לסביבה עברינית בקרב בני משפחתו והמליץ על ענישה מוחשית ומחדדת גבולות.",train
כיצד משפיעה אחריות הנאשמות על קביעת העונש והאפשרות לריצוי בעבודות שירות?,"בהיות שתי הנאשמות אמהות לילדות רכות בשנים; כאשר המדובר במי שנטלו אחריות מלאה למעשיהן והפרוגנוזה של שירות המבחן בענינן היא חיובית, משהוברר, אם גם בדיעבד, כי הנאשמת 2 היתה זכאית לעלות מכח חוק השבות, רואה בית המשפט להשית על הנאשמות עונש על הצד הנמוך של המתחם, וכן רואה לאפשר להן ריצוי של עונש המאסר במסגרת עבודות שירות.",train
מהו מתחם הענישה המומלץ לעבירות גידול סם מסוכן במשקל מאות גרם?,"בהתאם לפסיקה אליה הפנו הצדדים – יעמיד בית המשפט את מתחם הענישה בנוגע לעבירות של גידול סם מסוכן, במשקל בן מאות גרם, בלא שימוש באמצעים לוגיסטיים יוצאים מגדר הרגיל – בן מספר חודשים מאסר בפועל, לריצוי בדרך של עבודות שירות ועד מאסר בפועל בן שנה.",train
מהו ההסבר לכך שמעשי תקיפה ואיומים כלפי שוטרים מערערים את המוסכמות הבסיסיות של החברה הדמוקרטית?,"מעשי תקיפה ואיומים כלפי שוטרי משטרת ישראל, רק מפני שהם ממלאים את תפקידם כחוק, מערערים את המוסכמות הבסיסיות ביותר של החברה הדמוקרטית בה אנו חיים.",train
מהו המטרה של מתן סיכוי למי שנכשל בעבירה לחזור לחיק החברה?,"עניינו של אינטרס זה הוא, לתת סיכוי למי שנכשל בעבירה בנסיבות כבענייננו לחזור לחיק החברה ולהשתלב בה כאדם נורמטיבי.",train
מהו תפקיד מדיניות הענישה בהליך קביעת מתחם הענישה על ידי בית המשפט?,"אולם, מדיניות הענישה הנוהגת הינה רק שיקול אחד מבין מכלול השיקולים ששוקל בית המשפט בבואו לקבוע מתחם ענישה הולם.",train
מהי ההשלכה של נהיגה ללא רישיון על תקופת ההרחקה מהדרך של הנאשם?,נהיגה באופן זה מחייבת הרחקת הנאשם מהדרך לתקופה משמעותית ביותר.,train
מהו תפקידו של בית המשפט בהרתעה מפני החזקת נשק שלא כדין?,"עקב פוטנציאל ההרס הטמון בכלי נשק, הכולל גם אפשרות לפגיעה עיוורת באנשים מן הישוב, מתפקידו של בית המשפט להרתיע אף מפני עבירת החזקת נשק שלא כדין.",train
מהי המטרה העיקרית של הרתעת העבריינים בעבירות כניסה שלא כדין?,"על בית המשפט להרתיע היחיד והרבים, כך שעבירות אלו יהפכו לבלתי כדאיות, ובכך למגר התופעה.",train
מהי הפגיעה בערכים המוגנים שנגרמה למתלונן בעקבות התנהגות הנאשם?,"התנהגות זו, פגעה בערכים המוגנים של זכות המתלונן לשלמות גופו; כבודו; ובטחונו.",train
כיצד מתן עונש המאפשר רישום פלילי מופחת משפיע על ההרתעה?,מתן עונש המאפשר רישום פלילי מופחת יפגע בהרתעה זו.,train
כיצד תורמת הודאת הנאשם באשמה לנסיבות המקלות בעניינו?,"לזכות הנאשם, תילקח הודאתו באשמה ונטילת האחריות מצדו.",train
מהו האינטרס הציבורי שיש לקחת בחשבון בעת גזירת עונש למערער?,"יש לתת את הדעת, בין היתר, לאינטרס הציבורי שבהרתעת המערער וזולתו מפני הישנותן של עבירות מעין אלה, ולצורך להביע את סלידת החברה מן המעשים.",train
מהי הסיבה לחומרה המיוחדת לעבירות מין המבוצעות באמצעים אלקטרוניים?,חומרה יתירה לעבירות מין המתבצעות באמצעים אלקטרוניים נודעת בשל החדירה לביתם של נפגעי העבירה ולפרטיותם.,train
מהו השיקול המרכזי שהשפיע על בית המשפט לקבוע את עונשו של הנאשם?,"בבחינה כוללת של השיקולים לחומרה ולקולה, מוצא בית המשפט ליתן הדגש על אופן התנהלותו של הנאשם, לרבות מאפייני אישיותו כפי שהוערכו על ידי הגורם המקצועי, אי-נטילת אחריות והשלכת האשם על גורמים חיצוניים.",train
מהו הערך החברתי המשמעותי בהגנה על שוטרים העוסקים באכיפת החוק?,"ערך חברתי משמעותי הוא להגן על השוטרים העוסקים באכיפת החוק, על מנת שיהיה בידיהם לבצע עבודתם נאמנה, ללא הפרעה.",train
מהי הסכנה האינהרנטית בפשיעה החקלאית בהקשר למפגש עם חקלאים?,יש בפשיעה החקלאית מסוכנות אינהרנטית בשל הפוטנציאל להתפתחות אלימה במפגש אפשרי בין החקלאי המבקש להגן על פרי עמלו לבין הפורץ באישון לילה.,train
מדוע חשוב להעניק גיבוי לשוטרים וסוהרים בעת ביצוע תפקידם?,"גם שלומם הגופני והאישי ושלום חייהם של שוטרים וסוהרים אינו הפקר, ועל בית המשפט ליתן להם הגיבוי המתאים כאשר מותקפים בעת ביצוע תפקידם.",train
מדוע התיקון לא חל במקרה זה למרות שהוא נוגע לעבירות שנעברו?,"התיקון אינו חל בעניננו, היות שנתקבל לאחר שנעברו העבירות, ואף עיקר העבירות במקרה דנן, לא כוונו כלפי כלי רכב (אם כי גם כלפיהם), אך יש בו כדי ללמד על החומרה שרואה המחוקק בתופעת ידוי האבנים.",train
כיצד משפיעה החומרה של העבירה על ההימנעות מהרשעה?,"ממילא, ההימנעות מן ההרשעה הופכת לקשה יותר, ככל שהעבירה חמורה יותר וכאשר הנאשם ביצע יותר מעבירה אחת, ולאורך זמן (ר', למשל, בר""ע 432/85 רומנו נ' מדינת ישראל וכן ע""פ 2513/96 מדינת ישראל נ' שמש ואח').",train
מהי הסיבה לכך שהמלצת שירות המבחן חורגת ממתחם הענישה במקרה זה?,"המלצתו הסופית של שירות המבחן למבוגרים, חורגת ממתחם הענישה ואף אינה מצויה ביחס מתאים לפרוגנוזה הכללית בעניינו של הנאשם ולעובדה, כי ניתק הקשר הטיפולי עם השירות.",train
מהן הסיבות לחריגה ממתחם הענישה במקרה זה?,"במכלול הנסיבות, נוטה הכף לחריגה ממתחם הענישה מטעמי שיקום הנאשם, ולאור חריגות העבירה ביחס לאורח חייו של הנאשם עד כה, כמו גם לנוכח השתלבות הנאשם בהליך טיפולי - מוצא בית המשפט לאמץ המלצות שירות המבחן בענינו, ולהסתפק בעונש חינוכי במסגרת צו של""צ.",train
מדוע הטיל בית המשפט עיצום כספי על הנאשם?,"בית המשפט מוצא להטיל גם עיצום כספי, וזאת, משהיה במעשיו של הנאשם לסכל את פעילות המשטרה, ובכך להביא להקצאת משאבים ציבוריים לשווא.",train
מהי המשמעות של הפיכת עבירת החזקת נשק למכה באזור הדרום בהקשר לקביעת העונש?,"בית משפט קמה הדגיש את העובדה כי העבירה של החזקת נשק הפכה למכה של  אזור הדרום, ואף צדק, כאשר קבע שלא ניתן להתעלם מנסיבה זו בעת קביעת העונש הראוי למערער.",train
מהן ההשלכות המשפטיות שנקבעו בנוגע לרישיון הנהיגה של הנאשם?,"כן, לאור טיב העבירות ונסיבותיהן, מוצא בית המשפט לעשות שימוש בסמכותו ולהורות על פסילת רישיון נהיגה בפועל ועל תנאי.",train
מהו הצורך בטיפול שנמצא אצל הנאשם בעקבות ההתמכרות שלו?,"כעולה מהראיות שנשמעו לעניין העונש, קיים, במקרה דנן, צורך אמיתי בטיפול, שכן הנאשם סובל מהתמכרות לחומרים משני תודעה, שטיבם המדויק לא הוברר עד תום, והתפרצויותיו האלימות באות בקשר עם אותה התמכרות.",train
אילו שיקולים על בית המשפט לקחת בחשבון בעת קביעת מתחם הענישה לפי סעיף 40ט' לחוק העונשין?,"בהתאם לסעיף 40ט' לחוק העונשין, תשל""ז 	6 1977, בבואו של בית המשפט לקבוע מתחם ענישה, עליו לקחת בחשבון מכלול שיקולים, בין היתר, נסיבות ביצוע העבירה; תקופת ביצועה; מידת הפגיעה בערכים המוגנים; נסיבותיו של הנאשם, וכן, שיקולים נוספים.",train
מהי הסיבה לכך שהמאסרים המותנים הוטלו בגזר דין אחד משפיעה על גזר הדין הנוכחי?,"ברם, לנוכח העובדה ששני המאסרים המותנים הוטלו בגזר דין אחד וכן לאור הודאת הנאשם באשמה ",train
מהן הערכים המוגנים שנפגעו כתוצאה מהעבירות שביצעו הנאשמים?,"להלן הערכים המוגנים אשר נפגעו על ידי העבירות שעברו הנאשמים בניגוד לחוק העתיקות: פגיעה בשכיות חמדה ,אתרים המקשטים את הארץ ומהווים אתרי תיירות לעליה לרגל ולטיולים; סיכול המחקר ההסטורי, בדרך של הרס עתיקות אשר עלול למנוע או להכביד על חשיפת העבר, בארץ בה שכנו תרבויות שונות בתקופות שונות; פגיעה כלכלית בדרך של השמדה או נטילה שלא כדין של עתיקות המהוות משאב ציבורי שהוא בעל שווי רב; כפי שנקבע בפסיקה שהובאה לעיל, גם פגיעה בזיכרון ההיסטורי הקולקטיבי.",train
מהן הנסיבות האישיות של הנאשם שיש לקחת בחשבון בעת גזירת העונש?,"כן תילקחנה בחשבון, כמצוות המחוקק, נסיבותיו האישיות של הנאשם ואף ההשפעה שתהיה לעונש שיגזר על המרקם המשפחתי.",train
מדוע יש צורך בהחמרת הענישה בעבירות החזקת נשק על פי הנתונים שהוצגו?,"הצורך בהחמרת הענישה נומק במספר הרב של עבירות, פליליות וכאלה נגד בטחון המדינה, שנעברו לאחרונה, באמצעות כלי נשק, ואף הביאו, לעיתים מזומנות, לפגיעה באזרחים בלתי מעורבים.",train
כיצד פוגעות עבירות הסמים באינטרס הציבורי לפי פסיקת בית המשפט?,"עבירות הסמים פוגעות פגיעה קשה באינטרס הציבורי, החל מפגיעה בבריאות הציבור, המתמכרים לסם וכלה בפגיעה ברכוש ולעתים בגוף, מתוך ניסיון של צרכן הסמים לממן את המנה הבאה.",train
מהו המצב המשפטי לגבי הילד ביחס להורה והאם הוא יכול לשמש כאובייקט לענישה?,"הילד אינו רכוש הורהו; אסור כי ישמש שק אגרוף, שבו יכול ההורה לחבוט כרצונו, כך גם כאשר ההורה מאמין בתום-לב שמפעיל הוא את חובתו וזכותו לחינוך ילדו.",train
מהו הצורך בענישה משמעותית בעבירות המפורטות בפסק הדין?,"עבירות אלה מחיבות ענישה משמעותית, בעולם המעשה, על מנת להרתיע את מבצעיהן.",train
מדוע נדחות הנסיבות האישיות של העברין בעבירות מסוג זה?,כאשר המדובר בעבירות מסוג זה – נדחות הנסיבות האישיות של העברין מפני צרכי השיקום.,train
מהי החומרה שיש לראות בעבירות הקשורות בנשק לפי בית המשפט קמא?,"בית המשפט קמא ציין ובצדק, את החומרה הרבה שיש לראות בעבירות הקשורות בנשק, ואף בצדק ציין, כי בית המשפט מצווה להחמיר את הענישה בעבירות כגון אלה, כדי להגן על הציבור.",train
מהו השיקול החברתי שהובא בחשבון בנוגע למצב האישי של האשה הראשונה של הנאשם?,"כמובן, על פי הדין החל, לא זו הדרך בה היה על הנאשם לנקוט, ברם, ניתן להסתכל על הדברים גם  מזווית ראיה אחרת, שכן בחברה אליה משתייך הנאשם – לו היה מגרש את האשה הראשונה ומתנער מהתחייבויותיו כלפיה, ספק רב אם היה בידה, במצבה ובהיותה מטופלת בילדים, הסובלים מלקויות כה רבות, לשקם את חייה או להינשא בשנית.",train
מהי חומרת הסיכון הנשקף מעבירות החזקת נשק והשפעתה על הענישה?,"בפסקי דין נקבע, כי חומרת הסיכון הנשקף מעבירות אלה, מחייבת עונשי מאסר בפועל בגין עבירות אלה וזאת גם כאשר המדובר, לכאורה, במי שמנהל אורח חיים נורמטיבי ואין לחובתו הרשעות קודמות.",train
מהו העונש הכספי שהוטל על הנאשם בעקבות מעשיו בהפגנה?,"עם זאת, מעשיו של הנאשם מחיבים הטלת עיצום כספי, בדמות קנס, אשר, לפנים משורת הדין, ישולם לשעורים.",train
מהן הסיבות להחמרת הענישה בעבירות הברחת מכשור אלקטרוני לכלא?,"נפיצותן של עבירות אלה, ההולכת ומתרחבת, והעובדה כי המכשור האלקטרוני הולך ומוזל והולך ומתמזער, מה שמקל על רכישתם ועל הסלקתם של המכשירים או חלקיהם ומאפשר העברתם ביתר קלות – מחיבת, לטעמו של בית המשפט, החמרה בענישה.",train
מהו ההליך שיתבצע במקרה שבו לא הצליחה המאשימה לאתר את אחד מנפגעי העבירה?,היות שלא עלה בידי המאשימה לאתר את אחד מנפגעי העבירה  יחושב חלקו של אותו נפגע העבירה במסגרת הקנס שיוטל ואשר ישמש לרווחת הציבור כולו.,train
"מהי התוצאה הטבעית של מעשיו של הנאשם, כפי שהציגה המאשימה?","צודקת המאשימה, כי במקרה דנן  מהווה ההרשעה תוצאה טבעית ומסתברת של מעשיו של הנאשם ואינה בבחינת נזק שאינו מידתי ביחס למעשיו.",train
מהי הסיבה לכך שבית המשפט רואה צורך ביד קשה עם העבריינים בעבירות רכוש?,"בית משפט זה עמד, לא פעם, על כך שחומרתן של העבירות, לצד נפוצותה של התופעה, מצריכות נקיטת יד קשה עם העבריינים.",train
מהי הסיבה לכך שהמלצות שירות המבחן אינן מתאימות למתחם הענישה הנוהג?,"מוצא בית המשפט, כי המלצותיו העונשית של שירות המבחן במקרה דנן, בנוגע לשני הנאשמים – אינן עומדות כלל במסגרת מתחם הענישה הנוהג בדין ואף אינן תואמות האינטרס הציבורי והצורך להבטיח את חייהם ואת שלומם של הציבור.",train
מהי ההנחיה לתביעה הכללית בנוגע לענישה בעבירות החזקת נשק?,"התביעה הכללית הונחתה לפעול לכיוון החמרת הענישה בעבירות אלה, לנוכח הסיכון הרב הנשקף מהן והאינטרס הציבורי במיגורן.",train
מהו החיוב המוטל על הנאשם לפצות את נפגעי העבירה?,"מוצא בית המשפט לחייב הנאשם לפצות את נפגעי העבירה ביחס ישיר למעשים שנעשו כלפי כל אחד מהם, וזאת גם אם המדובר בנזקים שאינם ממוניים.",train
מהו השיקול המרכזי שיביא בית המשפט בחשבון בעת קביעת הפיצוי לנאשם?,"הפיצוי יהיה תוך שבית המשפט שם לנגד עיניו את חלקו של הנאשם במסכת העבריינית, כאשר הנאשם לא הורשע בעצם גניבת הרכב אלא בניסיון העברתו לשטחי האוטונומיה.",train
מהי הסיבה לקביעת עונשים משמעותיים בעבירות ריבוי נישואין לאחר תקופת הביניים?,"ממילא, גם תקופת הביניים, אותה ראה בית משפט זה לקבוע – חלפה זה מכבר ולנוכח מספר לא מבוטל של כתבי אישום שהוגשו בשנים האחרונות – פשה תקפו של האיסור בקרב האוכלוסיה הרלוונטית ובשלה העת להשתת עונשים משמעותיים.",train
מהו הרף המומלץ לענישה לפי מכלול השיקולים במקרה זה?,מכלול השיקולים מצביע על ענישה ברף התחתון של מתחם הענישה.,train
כיצד השפיע שקלול הנסיבות על מיקום עונשו של הנאשם?,"בשקלול הנסיבות, מוצא בית המשפט למקם עונשו של הנאשם בשליש התחתון של המתחם.",train
מדוע קובע בית המשפט כי מעשיהם של הנאשמים 3 ו-5 חמורים יותר?,"בניגוד לעמדת התביעה בטיעוניה, מוצא בית המשפט את מעשיהם של הנאשמים 3  5 במדרג חומרה גבוה יותר, וזאת, הן בהיותם אזרחי מדינת ישראל, החבים חובת אמון למדינתם; הן לאור כך שהתגמול העיקרי לעבירות הועבר אליהם; הן משום כך שהם שהסיעו השוהים הבלתי חוקיים ליעדיהם; הן משום שהם היו בעלי האמצעים הלוגיסטיים הנדרשים, לרבות כלי הרכב.",train
מהן החובות המוטלות על עורך הדין מעבר למידות טובות וחובות מוסריות?,"אלה אינן רק מידות טובות שיבור לו עורך הדין, ולא רק חובות מוסריות ואתיות שהוא חייב בהן, אלא גם חובות המוטלות עליו מכח הדין.",train
"מהו העונש הנוסף שיוטל על הנאשם מעבר למאסר, אשר נועד להרתיע אותו?","בנוסף לעונש המאסר, יוטל על הנאשם מאסר מותנה מרתיע וקנס, אשר ירתיע את הנאשם מלעבור עבירות דומות כלפי אנשי המרות, אם שוטרים ואם עובדי ציבור.",train
מדוע יש להרחיק את הנאשם מהדרך לתקופה משמעותית בנסיבות המקרה?,בנסיבות אלה – ראוי להרחיק את הנאשם מהדרך לתקופה משמעותית.,train
כיצד משפיעים נתוניו האישיים של הנאשם על הענישה בעבירות פליליות?,"הענישה, בכל מקרה, היא אינדיווידואלית, לאור נתוניו האישיים של הנאשם העומד לדין ונסיבות העבירה.",train
מהו השיקול שמצדיק הטלת עיצומים כספיים על הנאשם בעבירות בהן הורשע?,"הרווח הצפוי מהעבירה מחייב השתת עיצומים כספיים שיפגעו בכדאיות העיסוק בתחום מכניס זה, בו ניתן להפיק רווחים עצומים וקלים.",train
"מהי הסיבה להקל בעונש במקרה זה, לפי המלצת שירות המבחן?","מקרה מיוחד זה, מוצא בית המשפט לאמץ המלצתו הטיפולית של שירות המבחן, תוך חריגה לקולה ממתחם הענישה, מטעמי שיקום.",train
מהי ההסלמה הממשית שהתרחשה במהלך העימות בין הנאשם למתלונן?,"גם אם יניח בית המשפט, לטובת הנאשם, כי המתלונן הוא הראשון אשר חתר למגע פיזי וחָבַק את הנאשם – הרי העובדה, כי הנאשם בחר להתעמת עם המתלונן, ובעיקר - המעבר מתגרת ידיים לשימוש באותו נשק קר – ""חפץ חד"" – תוך דקירת המתלונן מספר פעמים - מהווה הסלמה ממשית של האירוע וטעונה מתחם ענישה, שיבטא את החומרה ואת הזלזול בחיי הזולת ולכל הפחות – בשלמות גופו.",train
מהי הסיבה לכך שהשבת הרכב לבעליו אינה מקלה על הנאשם במקרה זה?,"העובדה, כי הרכב הושב לבעליו, אין בה כדי להביא להקלה עם הנאשם במקרה דנן, שכן לא נטען, כי לנאשם היה יד ורגל בסיוע לאיתור הרכב ולהשבתו לבעליו.",train
מדוע משקיעות רשויות האכיפה משאבים רבים במאבק נגד גניבות מרעה?,לא בכדי משקיעות רשויות האכיפה משאבים רבים בצמצום היקף גניבות המרעה – ועל בתי המשפט ליטול חלק ממשי במאמצים לגדיעתן על ידי הכתבת מדיניות ענישה מחמירה ומרתיעה.,train
מהו המשקל של חלוף הזמן בהקשר לנטישת הדרך העברינית של הנאשם?,"חלוף הזמן הוא בעל משקל כאשר התקופה שחלפה הוכיחה, כי הנאשם נטש דרכו העברינית.",train
אילו נתונים הובילו למסקנה כי הענישה לא תהיה על הרף הנמוך של המתחם?,"מכלול הנתונים שהוצגו, לרבות העובדה, כי הנאשם נתפס, זמן לא רב לפני הסתבכותו בעבירה דנן, מחזיק נשק קר, נשפט, בין היתר, לעונש מאסר מותנה והדבר לא הרתיעו – מצביעים לכיוון ענישה, שאינה על הרף הנמוך של המתחם.",train
מדוע נחשב הנאשם לעבריין עם כשל ערכי עמוק בעקבות מעשיו?,"הנאשם הוסיף חטא על פשע, ועבר עוד עבירה, המצביעה על כשל ערכי עמוק, ולה מספר פנים נופסים של חומרה.",train
מדוע יש להטיל עונשי מאסר לריצוי בפועל גם על מי שעובר עבירת החזקת נשק לראשונה?,הסכנה הטמונה בעבירה החמורה של החזקת נשק מצדיקה הטלת עונשי מאסר לריצוי בפועל גם על מי שזו עבירתו הראשונה.,train
מהן הנסיבות המיוחדות שמצדיקות את העמדת מתחם הענישה בין 24 ל-48 חודשי מאסר?,"התכנון המדוקדק; שכירת בית פרטי גדול בשכונה יקרה בעיר באר שבע; היקף האופרציה שהוקמה על הציוד הרב שהותקן (לענין זה – ראו המוצג ת/2, המדבר בעד עצמו) – מצדיקים העמדת מתחם הענישה, במקרה דנן, כך שינוע בין 24 ל-48 חודשי מאסר בפועל.",train
מדוע יש להטיל עונשי מאסר לריצוי בפועל גם על עבירה ראשונה של החזקת נשק?,יוער כי הסכנה הטמונה בעבירה החמורה של החזקת נשק מצדיקה הטלת עונשי מאסר לריצוי בפועל גם על מי שזו עבירתו הראשונה.,train
מהי ההשפעה של תעוזת הנאשם על גזר הדין במקרה זה?,"עבירה גוררת עבירה, והנאשם פעל תוך הפגנת תעוזה, זלזול בוטה בגורמי אכיפת החוק ואף ניסיון של ממש לפגוע בהם.",train
מהו השיקול הנוסף שיש לקחת בחשבון מעבר לסכומי הגזלה במעשי הנאשם?,"חשוב לציין, כי במקרה דנן, מעבר לסכומי הגזלה, יש ליתן את הדעת לתחכום שהיה במעשי הנאשם, הקפדנות והתכנון שקדם להן, לצד נסיבות נוספות.",train
מהו הממצא המשפטי לגבי העבירות באישומים הראשון והשישי בנוגע לזכות לפרטיות וחובת הסודיות של הנאשם?,העבירות המנויות באישומים הראשון והשישי מלמדות על זלזול בזכותם של אחרים לפרטיות ועל היעדר הפנמה של חובת הסודיות המוטלת עליו כמשרת הציבור.,train
מדוע יש לראות בנזקים שעלולים להיגרם לנאשם נזקים לחברה כולה?,"יצוין, כי בעקיפין, מדובר בנזקים לחברה כולה, אם יישאב הנאשם לצד העברייני של המתרס.",train
מהי התכלית המרכזית של הדין הפלילי כפי שמתוארת בפסק הדין?,אולם תוצאה בלתי נמנעת זו הינה בסופו של יום אחת מתכליות הדין הפלילי.,train
מהי השאלה המרכזית שיש לשאול במקרה של אי הרשעה?,"בסופו של יום, ניצבת השאלה בכל עוצמתה – האם, בנסיבות המיוחדות של הענין, השיקול האינדיבידואלי, על היבטיו השונים, גובר על השיקול הציבורי-מערכתי הכללי, באופן שהגם שהנאשם ביצע את העבירה בה הואשם, סובלת הנורמה החברתית הכללית את אי הרשעתו בדין.",train
מה הסיבה לכך שבית המשפט לא מצא מקום לחרוג לקולה ממתחם הענישה?,"בנסיבות אלה, על אף המלצת שירות המבחן, אין בית המשפט מוצא מקום לחרוג לקולה ממתחם הענישה, באופן, בו לא ירצה הנאשם עונש מאסר בין כתלי האסורים.",train
מהו המניע שהוביל את בית המשפט להטיל עיצום כספי על הנאשמת?,"בית המשפט מוצא להטיל גם עיצום כספי, זאת, משנעברו העבירות מתוך מניע כלכלי ובצע כסף.",train
כיצד משפיעה הפסיקה על רף הענישה בעבירות אלימות במשפחה?,"באופן דומה, וכחלק מהצורך במלחמה בתופעה זו, החמירה אף הפסיקה את רף הענישה.",train
מהי החשיבות של פעולה להטבת הנזקים שנגרמו כתוצאה מהעבירות?,"בית המשפט רואה חשיבות ממשית לפעולה, במישור המעשה, להטבת הנזקים שנגרמו כתוצאה מהעבירות.",train
כיצד משפיע הרקע לאיום על חומרת המעשה במקרה זה?,"הרקע לאיום – אשר סב סביב מאסרו הקודם של הנאשם בעקבות תלונת רעייתו – יוצר פן נוסף של חומרה, שכן מטרתו להלך אימים על הרעייה – המתלוננת – שלא תהין עוד להתלונן נגדו.",train
כיצד על בית המשפט לפעול כדי להבטיח ענישה מוחשית ולא רטורית בלבד?,"לצורך כך - על בית המשפט לומר דברו בדרך של ענישה מוחשית, במישור המעשה, ולא במישור הרטורי בלבד.",train
כיצד משפיעים נתוני הנאשם על ההחלטה להרחיקו מהכביש לתקופה משמעותית?,"העבירות בהן הורשע הנאשם, ביחד עם נתוניו האישיים כפי העולה מהתסקיר, לרבות החשש, כי משתמש באופן פעיל בסמים מסוכנים, מצדיקות הרחקת הנאשם מהכביש לתקופה משמעותית.",train
מהו היחס הבלתי הולם שנוצר בין הענישה על פריצה וגניבת רחוב לבין ענישה על גזל כספים ציבוריים?,"נוצר לפרקים יחס בלתי הולם בין הענישה המוטלת על עבריין הנאשם בפריצה וגניבת רחוב, לבין ענישה הנגזרת על נאשם רב מעללים, הגוזל מיליונים מכספי ציבור תוך הפרה עמוקה של חובות נאמנות ומוסר בסיסיים.",train
כיצד משפיעים מעשי תקיפה ואיומים על המוסדות הדמוקרטיים במדינה?,"""מעשי תקיפה ואיומים כלפי שוטרי משטרת ישראל, רק מפני שהם ממלאים את תפקידם כחוק, מערערים את המוסכמות הבסיסיות ביותר של החברה הדמוקרטית בה אנו חיים.",train
מהן הנסיבות החריגות שהובילו להטלת ענישה בעבודות שירות במקרה זה?,"לאור נסיבות חריגות וקשות הקשורות בנאשם ובילדיו, הסובלים ממצב בריאותי קשה, הטיל מותב זה ענישה לריצוי בדרך של עבודות שירות, כך שיתאפשר לנאשם להמשיך לטפל בילדיו החולים.",train
אילו שיקולים לקח בית המשפט בחשבון לזכות הנאשם?,"לזכות הנאשם, יקח בית המשפט בחשבון הודאתו באשמה; היעדר הסתבכויות נוספות מאז ששוחרר ממאסרו.",train
מהו השיקול שהצדיק את פסילת רישיון הנהיגה של הנאשם לתקופה ממושכת?,"גם בנוגע לפסילת רשיון הנהיגה, שילוב העבירות בהן הורשע הנאשם, על עברו התעבורתי והפלילי, מצדיקים הרחקת הנאשם מנהיגה בדרך, תוך פסילת הרשיון לתקופה, שהיא מעט ממושכת מהתקופה שנגזרה בפרשת עמרם.",train
מהו תפקידו של בית המשפט בהקשר לחיזוק ידיהם של בתי המשפט הדיוניים בעבירות חמורות?,המעט שבידי בית משפט זה לעשות הוא לחזק את ידיהם של בתי המשפט הדיוניים בראייה מחמירה של העבירות הכרוכות בכך.,train
מדוע ישנה חומרה רבה בעבירת החזקת סמים מסוכנים שלא לצריכה עצמית?,"על חומרתה המופלגת של עבירת החזקת סמים מסוכנים שלא לצריכה עצמית אין צורך להכביר מילים, ולא כל שכן כך הוא כאשר מדובר בכמות כה גדולה של סמים מסוג זה.",train
מהן הנסיבות שיביאו את בית המשפט לשקול הקלה בעונש לנאשם?,"הזכות לנאשם, ייקח בית המשפט בחשבון הודאתו באשמה; התקופה בה שוהה במעצר; העדר  ראיות על כוונה לשימוש שלילי, פלילי או אחר, בנשק שנתפס.",train
מהי החשיבות של סוג הנזק שנגרם וסוג החלקים שפורקו בעת קביעת הענישה?,"יודגש, כי יש לערוך את השינויים וההתאמות הנדרשות, שכן, יש לתת את הדעת גם לסוג הנזק שנגרם ולסוג החלקים שפורקו מהרכב, כפי שפורטו לעיל.",train
מדוע לא ניתן למתן את חומרת העבירה במקרה של התפרצות לבית ספר ולא לבית מגורים?,"אמנם בענייננו, אין מדובר בהתפרצות לבית מגורים, אולם אין בכך כדי למתן מחומרתה של העבירה.",train
כיצד משפיעים הנתונים על החמרת הענישה במקרה זה?,כל הנתונים הללו מצביעים לכיוון החמרה של ממש במסגרת מתחם הענישה.,train
מהו האינטרס הציבורי שגובר על נסיבותיו האישיות של הנאשם בעבירות מסוג זה?,"מכל מקום, בעבירות מסוג זה נסוגות נסיבותיו האישיות של הנאשם מפני האינטרס הציבורי וראו רע""פ 4791/08 כהן נ' מדינת ישראל (פורסם במאגרים).",train
מהו הגורם המרכזי לקביעת הענישה הספציפית במקרה של מעשי אלימות?,"קביעת הענישה הספציפית בתוך המתחם נעוצה, ראש וראשית, באפים של מעשי האלימות בהם הורשע הנאשם; שימוש בנשק חם או קר; כן נעוצה בהקשר הכולל של המעשים, לרבות משכם, עקביותם, האוירה הכללית שיוצר הנאשם בבית המשפחה; עוד יש ליתן משקל של ממש לתוצאות האלימות כלפי בני המשפחה המתלוננים, הן במישור הפיסי, דהיינו גרימת חבלות, והן במישור הנפשי.",train
אילו שיקולים רשאי בית המשפט לקחת בחשבון בעת קביעת מתחם הענישה?,"בהתאם להוראות סעיף 40ט' לחוק העונשין, תשל""ז – 1977, בבואו של בית המשפט לקבוע מתחם ענישה, רשאי לקחת בחשבון מכלול שיקולים, בין היתר, נסיבות ביצוע העבירה; משך ההתנהגות העבריינית; מידת הפגיעה בערכים המוגנים; וכן, שיקולים נוספים.",train
מהו השיקול שהוביל להקלות בעונש הנאשם למרות חלוף הזמן?,"למרות כל האמור, לפנים משורת הדין, יינתן משקל מסוים לחלוף הזמן במקרה דנן ובשל כך - לא ימוצה הדין עם הנאשם ותינתן לו הקלה מסוימת, בגינה יועמד העונש על הצד הנמוך של המתחם, גם אם לא על הרף הנמוך ממש.",train
מהו השיקול שיביא לענישה על הצד הנמוך בעניינו של הנאשם 2?,"היעדר הסתבכויות נוספות (פרט להפרת תנאי השחרור) ושיתוף הפעולה עם שירות המבחן, ביחד עם היעדר עבר פלילי – יביאו, בענינו של הנאשם 2 – לענישה על הצד הנמוך של מתחם הענישה.",train
מהן הערכים המוגנים שנפגעים בעבירה של נהיגה פוחזת?,"אשר לעבירה של נהיגה פוחזת של רכב, יש בה פגיעה בערכים המוגנים של בטחון ציבור משתמשי הדרך; שלמות גופם; ואף יש בכך אלמנט של פגיעה כלכלית, כיוון שעלויות הנזקים העלולים להיגרם ממעשי הנאשם, בסופו של דבר, יגיעו לפתחו של הציבור, בהתייקרות פרמיות הביטוח.",train
מהי המשמעות של התנהגות הנאשם בהקשר לשיתוף פעולה עם גורמי הטיפול והמשפט?,"התנהגות הנאשם, שלא זו בלבד שלא התייצב ולא שיתף פעולה, אלא המשיך להסתבך בעבירות - אינה מותירה פתח למסקנה אחרת, זולת, כי מלהתחילה פעל במטרה להוליך בכחש את גורמי הטיפול השונים, את התביעה, את בית המשפט ויתכן אף את סניגורו, כשלמעשה, מעולם לא היה בדעתו לשתף פעולה בהליכי טיפול או שיקום, אלא לדחות הקץ – הא ותו לאו.",train
מהו האלמנט של אכזריות הקיים בגניבת צאן וכיצד הוא משפיע על בעלי החיים?,"אשר לגניבת הצאן, נוסף על הנזקים הנובעים מעבירות רכוש, קיים בעבירה זו אלמנט של אכזריות כלפי בעלי החיים, שגם להם נשמה ורגש, הם קשורים לבעליהם, ובעליהם קשורים אליהם.",train
כיצד משפיע האינטרס השיקומי על גובה העונש המוטל על הנאשם?,"מוצא בית המשפט ליתן מלוא המשקל לאינטרס השיקומי, ולהשית עונש כזה, שיאפשר לנאשם למצות הליכי השיקום באופן המיטבי.",train
מדוע לא ניתן היה לתת משקל לטענות ההגנה לקולה במקרה זה?,"אמנם, לא הוצגו רשעות נוספות בענינו של הנאשם, לכן לדברים אלו לא יינתן משקל לחומרה, אך ברי, שלא ניתן לקחת בחשבון טענות אלו לקולה מטעם ההגנה, שעה שהנאשם עצמו מוסר לקצינת המבחן מידע אחר.",train
כיצד קבלת המלצת שירות המבחן משדרת מסר לגבי נטילת אחריות של הנאשם?,"קבלת המלצת שירות המבחן בעניינו של הנאשם דנן יהיה בה בבחינת הושטת יד לנאשם, לאור המחויבות הגדולה והמשמעותית שגילה כלפי ההליך הטיפולי ובכך להעביר מסר, כי קיימת תוחלת לנטילת אחריות ולנקיטה בצעדים, אשר יפחיתו הסיכוי להסתבכות בעבירות דומות בעתיד.",train
מהו הסיכון הציבורי הנובע מאחזקת נשק ותחמושת על ידי אדם שלא נבדק או הוכשר לכך?,"אחזקת נשק ותחמושת על ידי מי שלא נבדק, לא נמצא מתאים ולא הוכשר לכך, בתנאים שאינם מבטיחים בידודו של הנשק מהסביבה (כיום מי שמחזיק נשק ברשיון נדרש לאפסנו בכספת מאובטחת, מאחורי שני מנעולים), עלולה להביא לסיכון שלום הציבור, גם אם אין ראיות שהוחזק לצורך פעילות שלילית, כמפורט לעיל.",train
מהו השיקול המרכזי המגביל את השפעת שיקולי השיקום על הרשעה בדין במקרה של נאשם בוגר?,"שיקולי השיקום של נאשם בוגר אשר יהיה בכוחם להחריגו מהרשעה בדין שמורים למקרים חריגים ביותר שאינם מתמצים בעצם ה""הכתמה"" או ה""דימוי העצמי"", שהינם כאמור התוצאות הבלתי נמנעות של הרשעה באשר היא, ובמידה לא מבוטלת אף אחת התכליות של הדין הפלילי.",train
מהו הפוטנציאל של מעשים כאלה לפגוע באמון הציבור ובדימוי המדינה?,"מעשים כאלה פוגעים באמון הציבור ומהווים פתח לשחיתות שלטונית של ממש, העלולה גם לפגוע בדימויה של המדינה, כלפי פנים וכלפי חוץ, וזאת משהעבירות בוצעו דווקא במתחם המצוי במדינה זרה, ומשיק פעולתו לאזרחיה של אותה מדינה.",train
מהו הנימוק לחומרת העבירות שביצע הנאשם?,"העבירות שביצע הנאשם חמורות, הן מבחינת נסיבות ביצוען והן מבחינת הנזק רב ההיקף שנגרם בעטין.",train
אילו גורמים יש לקחת בחשבון בעת קביעת מתחם הענישה?,"יש לקחת בחשבון את מידת התחכום והמורכבות בעבירות; רמת ההתארגנות העברינית לצורך העבירה, לרבות השאלה, האם פעל הנאשם בצוותא עם אחרים; מידת התכנון והלוגיסטיקה שנדרשה להכנת מעשי העבירה; הנזקים שנגרמו, לרבות שווי הרכוש שנגנב, לרבות נזק שאינו ממוני; האם הוחזר הרכוש; עברו הפלילי של הנאשם ונסיבותיו האישיות.",train
מהו הקשר בין קושי התלונה של קרבנות העבירה להחמרת הענישה בעבירות תקיפת בת זוג?,"עבירות אלה, נפיצותן, וכן הקושי של קרבנות העבירה להתלונן, הביאו את המחוקק להחמיר בענישה שנקבעה, כאשר מדובר בתקיפת בת זוג.",train
מדוע נדחו הנסיבות האישיות ואינטרס השיקום במקרה זה?,"הנסיבות האישיות ואינטרס השיקום, נדחים מפני האינטרס הציבורי של מיגור עבירות מסוג זה.",train
מה ניתן ללמוד מהתנהלות הנאשם לגבי יחסו לחוק האוסר על נישואין לשתי נשים?,"באלו יש כדי ללמד, כי החוק אינו נר לרגליו של הנאשם, וכך ניתן ללמוד גם מאמרותיו במשטרה ובבית המשפט, מהם עולה, כי אינו מוכן להכיר בחוק האוסר את נישואיו לשתי נשים, כיוון שאינו עולה בקנה אחד עם חוקי השריעה.",train
מהו המצב שנמצא בו הנאשם לאחר שהסתבך בעבירות דומות?,עיננו הרואות – לא היה בכך כדי להשיג ההרתעה הדרושה כלפי הנאשם והוא שב והסתבך בעבירות דומות.,train
מהן הנסיבות האישיות של הנאשם שנלקחו בחשבון על ידי בית המשפט?,"בית המשפט לקח בחשבון גם נסיבותיו האישיות של הנאשם, כפי שפורטו בתסקיר שירות המבחן ואף בדברו האחרון של הנאשם.",train
כיצד משפיע העונש המזערי שנקבע על קביעת מתחם הענישה בגין העבירות?,"העונש המזערי שנקבע מפי המחוקק, מהווה תמרור משמעותי בעת קביעת מתחם הענישה בגין העבירות.",train
מהו הכיוון הכללי שבו מצביעים כלל השיקולים לגבי הענישה של הנאשם?,"כלל השיקולים מצביעים לכיוון ענישה על הצד הנמוך של המתחם, אם גם לא ברף הנמוך ממש.",train
מהו השיקול הנוסף שעל בית המשפט לקחת בחשבון בקביעת מתחם הענישה?,"הענישה הנוהגת מהווה שיקול, שרשאי בית המשפט לקחת בחשבון בבואו לקבוע מתחם ענישה הולם, אך זהו, כמובן, איננו השיקול היחיד.",train
מדוע האירוע המתואר מעיד על סף גירוי נמוך אצל הנאשם?,"עם זאת, האירוע המתואר, כשלעצמו, הוא חמור ומעיד על סף גירוי נמוך ועל היעדר גבולות כלשהן אצל הנאשם, אשר אינו נמנע מלפגוע, באופן קשה ומסוכן, בילד רך בשנים, בשל דבר של מה בכך.",train
מהו הפוטנציאל של עבירות הסמים לפגיעה בחברה?,עבירות הסמים נושאות בחובן פוטנציאל לפגיעה משמעותית בחברה.,train
מהו תפקידו של השופט בהענשת הנאשם ביחס להמלצת שירות המבחן?,"ראוי לשוב ולהזכיר, כי המלצתו של תסקיר שירות המבחן הינה בגדר המלצה, כשגזירת הדין שמורה לשופט, שאינו רשאי להתנצל מחובתו להעניש.",train
מהי חשיבות הערך הענישתי בעבירות סמים לפי בתי המשפט?,"מזה זמן רב, מדגישים בתי המשפט את חשיבות הערך הענישתי בעבירות סמים כאחד הכלים החשובים בפעילות לביעורו של נגע הסמים.",train
מהן ההשלכות החברתיות של עבירות ריבוי נישואין על כבוד האשה ושוויון בין המינים?,"מעבר לפגיעה בכבוד האשה ובאפשרות לקדם השוויון בין המינים מהוות עבירות אלה, כר פורה לתופעות רבות של עוני; ניצול; עברינות; ואם לא תטופל תופעה זו עלול הדבר להסיג אחור מצבן של משפחות רבות, חלף קידום שילובן במסגרת המדינה המודרנית.",train
מהו הגורם להחמרת מתחם הענישה בעבירות סמים לאחרונה?,"לנוכח הגידול הממשי בתפוצתן של עבירות אלה, המתבטא בהגשת כתבי אישום דומים בתדירות גבוהה, מצא בית המשפט לקבוע, במספר גזרי דין אחרונים, החמרה נוספת במתחם, כך שיעמוד בין 20 ל-40 חדשי מאסר בפועל.",train
מדוע יש הצדקה להרחקת הנאשם מהכביש לתקופה משמעותית לפי נתוניו האישיים?,"העבירות בהן הורשע הנאשם, ביחד עם נתוניו האישיים כפי העולה מהתסקיר, לרבות החשש, כי משתמש באופן פעיל בסמים מסוכנים, מצדיקות הרחקת הנאשם מהכביש לתקופה משמעותית.",train
מדוע יש לנקוט ביד קשה כלפי העבריינים בתחום האלימות?,"נדמה כי הגיעה העת שלא להסתפק במלות גינוי ובמסרים חינוכיים צופים פני עתיד, אלא לנקוט ביד קשה כלפי העבריינים בתחום זה, ואם בדרך זו תימנע ולו פגיעה אחת בחיי אדם, דיינו.",train
מהי דעת בית המשפט לגבי המתחם שהציעה התביעה?,"בית המשפט מוצא, כי המתחם אליו עתרה התביעה, מקל ואינו משקף את חומרת העבירה ואת הנזקים הקשים שנגרמו.",train
מהי עוגמת הנפש הנובעת מעבירות רכוש והשפעתה על הענישה?,"עוגמת הנפש הרבה הכרוכה בעבירות אלה, שהיא הרבה מעבר לעבירות אחרות של פריצה לכלי רכב או גניבה מתוכם, וכן התקופה בה נמנע מבעלי הרכב לעשות בו שימוש – מן הדין שתקבל אף היא ביטוי בענישה.",train
מהו העיקרון המנחה לגבי אכיפת עבירות השאת קטינה והענישה המוטלת עליהן?,אכיפת עבירות מסוג זה באופן שיטתי החלה רק לאחרונה ועל הענישה שתושת להיות מדורגת.,train
כיצד עשויה מהות העבירה להשפיע על שיקול ההרתעה לעומת שיקום הנאשם?,"אולם, מהות העבירה והצורך בהרתעת הרבים יכולים להטות את הכף ולגבור אף על שיקומו של נאשם.",train
"מדוע נחשבת כמות השתילים למשמעותית במקרה זה, גם אם משקלם היה נמוך?","מספר השתילים הוא בעל משמעות רבה, שכן, גם אם 201020– בשלב בו נתפסה המעבדה 201120– שקלו השתילים 1,935.6 גרם, הרי בכמות כזו של שתילים היה פוטנציאל לייצור סם מסוכן בכמות רבה בהרבה.",train
מדוע יש להחמיר בעיצומים כספיים כאשר מדובר בעבירות שמטרתן בצע כסף?,"נוסחה זו ישימה במיוחד כאשר המדובר בעבירות שמטרתן בצע כסף, והמבוצעות לאחר תכנון והכנה מדוקדקת, על ידי נאשמים שיש בידיהם לשקול את כדאיות ביצוען.",train
מהי הסיבה להעדיף את האינטרס השיקומי במקרה זה על פני מתחם הענישה הרגיל?,"עם זאת, מתוקף סמכותו של בית המשפט בהתאם להוראות סעיף 40ד' לחוק העונשין, תשל""ז 5 1977, מוצא בית המשפט, במקרה מסוים זה 5 ומבלי שיהיה בכך בבחינת תקדים למקרים אחרים - להעדיף את האינטרס השיקומי ובשל כך 5 לחרוג לקולה ממתחם הענישה, וזאת מהנימוקים הבאים:",train
מהו הנימוק לכך שאין להאריך את המאסר המותנה של הנאשם?,"בית המשפט אינו מוצא כי זהו המקרה המתאים בו קיימים נימוקים מיוחדים לצורך הארכת המאסר המותנה התלוי ועומד כנגד הנאשם, שהינו עברין רצדביסט ואין פרוגנוזה שיקומית לגביו.",train
כיצד על בית המשפט לפעול כאשר עולה טענה בנוגע למצב הכלכלי של הנאשם?,"על בית המשפט לבחון מצבו הכלכלי, ככל שעולה טענה בנוגע לכך מצד ההגנה, בכל מקרה לגופו, בהתאם למכלול הנתונים שיוצגו לו.",train
מהי מטרת הענישה בעבירות סמים וכיצד היא נועדה להרתיע עבריינים פוטנציאליים?,"הענישה בעבירות מסוג זה נועדה, קודם לכל, לשרת את מטרת הגמול לעבריין על עיסוק בסם העלול לסכן חיי אדם ולפגוע בבריאות המשתמשים בו; שנית, על העונש להעביר מסר חד-משמעי של הרתעה ביחס לעבריינים פוטנציאליים, ולשמש אות אזהרה אפקטיבי לכל מי שמתכוון לקחת חלק במערכת ההעברות והסחר בסמים, תהא אשר תהא הפונקציה אותה הוא ממלא בשרשרת זו של העברת הסם מיד ליד.",train
מדוע החזקת נשק עלולה לפגוע בשלטון החוק ובנושאי שלטון החוק?,"בנוסף, החזקת נשק כאמור עלולה להביא לפגיעה בשלטון החוק ובנושאי שלטון החוק, הפועלים במסגרת תפקידם.",train
מהי עוגמת הנפש הנלווית לעבירות פירוק חלקים מרכב וכיצד היא משפיעה על הענישה?,"עוגמת הנפש הרבה הכרוכה בעבירות אלה, שהיא הרבה מעבר לעבירות אחרות של פריצה לכלי רכב או גניבה מתוכם, וכן התקופה בה נמנע מבעלי הרכב לעשות בו שימוש – מן הדין שתקבל אף היא ביטוי בענישה.",train
כיצד תינתן הקלה נוספת לנאשם בעקבות הודאתו באשמה בשלב מאוחר?,"לנוכח הודאת הנאשם באשמה, אם גם בשלב מאוחר (לאחר שמיעת פרשת התביעה)  תינתן לו הקלה נוספת, שתבוא לידי ביטוי בכך, שחלק מהמאסר המותנה התלוי ועומד מעליו  ירוצה בחופף.",train
מהו העיקרון המנחה בהטלת עונש קנס לפי פסיקות בתי המשפט?,הטלת עונש הקנס מושגת גם על ידי עקרון ההלימה וההרתעה.,train
כיצד נתפסים מעשי אלימות בתוך המשפחה במערכת האיסורים הפליליים?,מעשי אלימות בתוך המשפחה נתפסים כבעלי חומרה מיוחדת במערכת האיסורים הפליליים העוסקים בעבירות אלימות.,train
"מהו הכלל לגבי הרשעת נאשמים בעבירות, ומהם החריגים לכך?","בנוגע להרשעת הנאשמים בדין, נקבע בפסיקה, לא פעם, כי הכלל הינו, שמי שעבר עבירה יורשע בגינה, וסטיה מהכלל תתאפשר במצב שהוא בבחינת ""החריג שבחריג"", בהינתן שני תבחינים עיקריים: האחד – האם מעשה העבירה מאפשר, מבחינת המסר הערכי שיועבר לציבור, ביטול הרשעת הנאשם בדין.",train
כיצד משפיעים התבחינים המצטברים על ההחלטה להימנע מהרשעה?,"התבחינים האמורים הם מצטברים, כלומר – אם אחד מהם אינו מתקיים – אין מקום לנקוט בחריג של הימנעות מהרשעה.",train
מדוע יש לראות בהגשת תלונת שווא פגיעה באמון הציבור ברשויות החוק?,"חריגה כה בוטה מהוראות החוק, ואף מהמוסר הבסיסי, המתבטאת בהגשת תלונת שווא – יש בה כדי לפגוע קשות באמון הציבור ברשויות החוק.",train
מדוע שיקום אינו מהווה פטור מעונש במקרה זה?,"שיקום אינו מילת קסם, המעניקה פטור מעונש בכל מקרה.",train
מדוע היה על הנאשם להיות מודע לפוטנציאל הקטלני שבאחזקת נשק מסוג זה?,"ממרומי נסיונו – היה עליו להיות מודע לפוטנציאל הקטלני שבאחזקת נשק מסוג זה, ומדברו האחרון אף עולה בבירור, כי אכן הוא מודע לכך, ואף טען, כי מבכה על אבדן החיים בשל הסכסוכים האלימים התדירים, בהם מעורבים כלי נשק חם.",train
מהו האיזון בין השיקולים המוביל להקלות בעונש במקרה של נישואין שאושרו בערכאה שיפוטית?,"האיזון בין השיקולים מצביע לכיוון הגנה מן הצדק בעצימות נמוכה יותר, אשר לא תצדיק ביטול כתב האישום, אך תצדיק הקלה בענישה, והכוונה לאותם מקרים, בהם אושררו הנישואין בערכאה שיפוטית - בית הדין השרעי.",train
מהו השיקול המרכזי של בית המשפט בהערכת הנזק שנגרם למתלוננים בעקבות העבירות שביצע הנאשם?,"בית המשפט, המופקד על האינטרס הציבורי, משווה לנגד עיניו גם את הצער שנגרם לכל אחד מהמתלוננים – נפגעי העבירה, הן אלו שאיבדו את חיות המחמד שלהם מהם והן אלו שגילו שרכבם אינו שמיש, כי פירקו וגנבו ממנו את הממיר הקטליטי; את תחושת חוסר האונים, שנגרמו לארבעת המתלוננים הראשונים, אשר נאלצו להמתין עד לצאת השבת כדי להזעיק משטרה שתסייע להם מול הפגיעה הקשה בהם; את בעלי העדר נושא האישום החמישי, שגילה לפתע, שהעדר - מקור פרנסתו - אבד באחת; ואף את תחושת הפחד של הכבשים והעיזים, יצורים בעלי רגש ונשמה, אשר נלקחו ממקומם ונדחסו לתא מטען של רכב פרטי, שאינו מתאים להובלתם, ולאחר מכן הושארו בשטח, כלואים בתוך רשת, ללא מים ומזון.",train
מהו תפקיד בית המשפט במאבק נגד עבירות סמים?,"על בית המשפט להרתיע היחיד והרבים מפני עבירות הסמים, ולהילחם בתופעה הקשה של נגע הסמים, הצוברת תאוצה בשנים האחרונות.",train
כיצד איומים ותקיפה של שוטרים נחשבים להתנהגות פלילית חמורה?,"מעשיהם של המערערים, שכללו איומים ותקיפה של שוטרים הממלאים תפקיד ציבורי על פי דין, הינם בבחינת התנהגות פלילית חמורה ושלוחת כל רסן אשר קוראת תיגר על אושיות שלטון החוק תוך התעלמות מופגנת מנורמות ההתנהגות הראויות שיש להקפיד עליהן.",train
מהו העונש המרתיע שהטיל בית המשפט על הנאשם כדי למנוע חזרה על התנהגותו האלימה?,"עוד מוצא בית המשפט, להשית מאסר מותנה מרתיע, לבל יחזור הנאשם על התנהגותו האלימה.",train
מהו המקור לסיווג אסירים ביטחוניים כסוג נפרד במערכת המשפטית?,הסיווג של אסירים ביטחוניים כסוג בפני עצמו נובע מן הסכנה המיוחדת הטמונה באסירים אלה.,train
מהו תהליך השיקום שהנאשם עבר וכיצד הוא משפיע על התובנות שלו?,"כאן המקום להידרש להליך הטיפולי השיקומי הארוך שעבר הנאשם, במסגרתו החל, אט אט, לגלות תובנה לחלקים המכשילים באישיותו ולמשמעות מעשיו.",train
מהו הפיצוי ההולם שנדרש למען הכרה בטראומה של נפגע העבירה?,"מעשיו של הנאשם מחייבים פיצוי הולם,  שיהיה בו משום הכרה בטראומה שחווה נפגע העבירה אשר כאמור נפגע בהיותו בן פחות מ – 15 שנים.",train
מהן התכליות המרכזיות לפיצוי נפגע עבירה לפי פסיקת בית המשפט העליון?,"פסיקת בית המשפט העליון קבעה מספר תכליות לפיצוי נפגע עבירה, ובין היתר: ראשית – הכרה חברתית כללית והכרה של מערכת המשפט בפרט בסבלו של הנפגע, תוך מתן משקל למעמדו במסגרת ההליך הפלילי; שנית – חסכון בזמן לנפגע העבירה תוך מתן סעד כספי בזמן קצר, ומניעת מפגש נוסף בינו לבין העבריין במסגרת הליך אזרחי; שלישית – מהווה תשלום הפיצוי מעין הליך ""היטהרות"" שיש בו כדי לסייע לעבריין להכיר בעבירה שביצע, לפעול לתיקון המעוות ולהשתקם.",train
מהו העיקרון המשפטי שמנחה את בית המשפט במאבק בעבירות רכוש?,"לא אחת נקבע, כי על בית המשפט להרתיע היחיד והרבים, כך שעבירות אלו יהפכו לבלתי כדאיות, ובכך למגר התופעה.",train
מהו תפקיד בית המשפט בהבעת סלידה ממעשים הפוגעים באמון הציבור במערכת אכיפת החוק?,"על בית המשפט להביע סלידה ממעשים אלו, אשר הם בעלי פוטנציאל פגיעה בציבור כולו, בבטיחות וכן באמון הציבור במערכת אכיפת החוק.",train
מהי הדרישה השנייה מההגנה בהוכחת פגיעה עתידית בנאשם אם יורשע?,"שנית, על ההגנה להוכיח אפשרות ממשית לפגיעה קונקרטית בעתידו התעסוקתי של הנאשם, אם יורשע בדינו.",train
מהי הדרישה הראשונית לסטייה ממתחם הענישה לצרכי שיקום?,"סטיה ממתחם הענישה לצרכי שיקום דורשת, ראשית, הצבעה על מצוקה חריגה ממנה סובל הנאשם ואשר הביאתו להתנהגות פורצת חוק.",train
מהי הסיבה לכך שמעשי אלימות בתוך המשפחה נחשבים לחמורים במיוחד במערכת האיסורים הפליליים?,מעשי אלימות בתוך המשפחה נתפסים כבעלי חומרה מיוחדת במערכת האיסורים הפליליים העוסקים בעבירות אלימות.,train
מהו מתחם הענישה שנקבע בגין עבירות התקהלות אסורה?,"בהתחשב בעקרון ההלימה; בשים לב לפגיעה בערכים המוגנים; מוצא בית המשפט להעמיד את מתחם הענישה בגין עבירות שענינן התקהלות אסורה, במנעד שבין מספר חדשי מאסר בפועל (יכול שירוצו בעבודות שירות במקרים המתאימים) לבין שנים עשר חדשי מאסר בפועל.",train
מהו העונש הראוי לנאשם לפי שיקול דעת בית המשפט?,"משורת הדין, ראוי היה לגזור עונשו של הנאשם בחלקו הבינוני-גבוה של מתחם הענישה.",train
מהו המיקום שבו מצא בית המשפט למקם את עונשו של הנאשם במתחם הענישה?,"במכלול השיקולים, מוצא בית המשפט למקם עונשו של הנאשם ברף התחתון של מתחם הענישה.",train
מהו הצורך בפיצוי לנפגעי העבירה במקרה זה?,"מעשיו של הנאשם מחייבים גם פיצוי הולם, שיהיה בו משום הכרה בנזקים ובאובדן תחושת הביטחון האישי שחוו נפגעי העבירה – אזרחים תמימים, שרכבם נפרץ ונגנב ממנו רכוש, או פורקו ממנו חלקים.",train
כיצד יש להפעיל שיקול דעת בענישה בעבירות נשק מבלי להיות כבול לענישה הנוהגת?,"בהבניית שיקול הדעת, אין כוונה לערוך ממוצע סטטיסטי של טווחי ענישה נוהגים ואל לו לבית המשפט להיות כבול לרמת הענישה הנהוגה אם יש מקום לשנותה, או מקום שבו נסיבותיו של התיק הנדון מצדיקות קביעתו של מתחם עונש שאינו עולה בהכרח בקנה אחד עם הענישה הנוהגת.",train
מהי העבירה המצריכה חמרה בעונש בהתאם לנסיבותיה?,עבירת תקיפת שוטר בעת מילוי תפקידו הינה עבירה שנגררת על רקע התנהגות יוצאת דופן ומחייבת חמרה בהתאם לנסיבותיה.,train
מה הסיבה לכך שבית המשפט לא מצא מקום לחרוג לקולה ממתחם הענישה במקרה זה?,"בנסיבות אלה, על אף נתוניו האישיים של הנאשם, אין בית המשפט מוצא מקום לחרוג לקולה ממתחם הענישה.",train
מהי מטרת הגמול בענישה בעבירות גידול סמים?,"ענישה בעבירות סמים בכלל ובעבירות של גידול סמים בפרט, נועדה, ראשית לכל לשרת את מטרת הגמול הן לעבריין עצמו והן לעבריינים בפוטנציה.",train
מהו השיקול שצריך להנחות את בית המשפט בענייני נפגעי עבירה?,"על בית המשפט לשוות לנגד עיניו את ענינו של נפגע העבירה וכן לקחת בחשבון הצורך להרתיע עברינים מפגיעה בחיי אדם ובשלמות גופו של אדם בכלל, על מנת לשמור על בטחון הציבור.",train
כיצד יש לבחון את האישומים המפורטים בכתב האישום לפני קביעת מתחם הענישה?,"בטרם ייקבע מתחם הענישה ההולם, יש לבחון האם כלל האישומים המפורטים בכתב האישום עולים לכדי אירוע אחד בגינו יש לקבוע מתחם עונש אחד, או שמא מדובר באירועים שונים, המצדיקים קביעת מתחם ענישה נפרד לכל אירוע.",train
מהו העונש הראוי שהיה ניתן להשית על הנאשם לולא ההסכמות בין הצדדים?,"לנוכח נתוניו של הנאשם, תפישותיו ומאפיני אישיותו – אלמלא ההסכמות בין הצדדים במסגרת ההסדר, ראוי היה להשית עליו מאסר ארוך יותר באופן משמעותי.",train
מה יאפשר אימוץ המלצת שירות המבחן בנוגע להמשך ההליך הטיפולי של הנאשם?,"אימוץ המלצתו הטיפולית - השיקומית של שירות המבחן, יאפשר המשך השתלבותו של הנאשם בהליך הטיפולי, כאשר אם לא ייגזר עונש מאסר – יהיה ניתן להפקיע צו המבחן ולדון מחדש בשאלת פרשת העונש, אם תחול נסיגה בשיתוף הפעולה של הנאשם במסגרת זו.",train
כיצד משפיעה גישתו של הנאשם על הכוונה להחמיר את הענישה בעניינו?,"נקיטת הנאשם בגישה מצמצמת, שינוי הגרסאות ותפישותיו המקלות ביחס לעבירות שעבר, יש בהם בבחינת נתון המצביע לכיוון החמרה מסוימת במסגרת מתחם הענישה.",train
כיצד האיום משפיע על חירות פעולתו של המאוים?,האיום מסכן את חירות פעולתו של הפרט שכן פעמים רבות האיום כרוך גם בצפייה להתנהגות מסוימת מצד המאוים שהמאיים מבקש להשיג באמצעות השמעת האיום.,train
אילו שיקולים רשאי בית המשפט לקחת בחשבון בעת קביעת מתחם ענישה?,"בהתאם להוראות סעיף 40 לחוק העונשין, תשל""ז – 1977, בבואו של בית המשפט לקבוע מתחם ענישה, רשאי לקחת בחשבון מכלול שיקולים, בין היתר, נסיבות ביצוע העבירה; משך ההתנהגות העבריינית; מידת הפגיעה בערכים המוגנים; וכן, שיקולים נוספים.",train
מהו העיקרון המשפטי המנחה את הנאשם בנוגע לתוצאות מעשיו?,"פשוט הוא, כי עליו לשאת בתוצאות מעשיו.",train
מהו המנעד הרחב של הענישה בעבירות אלימות במשפחה בהתאם לנסיבות?,"בחינת מדיניות הענישה הנהוגה מגלה מנעד רחב של ענישה בעבירות אלימות במשפחה, בהתאם לנסיבות ביצוע העבירה ונסיבותיו של העושה, כפי שהדברים משתקפים גם מהפסיקה שהציגו הצדדים.",train
מהו העונש השיקומי המומלץ לנאשם במקרה זה ומהם התנאים הנלווים לו?,"עם זאת, תבוא לידי ביטוי בהשתת עונש שיקומי, מאסר בפועל לריצוי בדרך של עבודות שירות, לתקופה המקסימלית האפשרית, ביחד עם חיובו של הנאשם להמשיך ולהשתתף בהליך טיפולי תחת צו מבחן וכן לפצות את המתלונן (כפי שהנאשם עצמו הציע בדברו האחרון) בפיצוי משמעותי, שישקף את החבלות הקשות שנגרמו למתלונן, שכפסע היה ביניהן לבין פגיעה משמעותית ביותר, עד כדי פגיעה בלתי הפיכה.",train
מהו העיקרון המשפטי המנחה את בית המשפט במקרים של עבירות רכוש כדי למגר את התופעה?,"לא אחת נקבע, כי על בית המשפט להרתיע היחיד והרבים, כך שעבירות אלו יהפכו לבלתי כדאיות, ובכך למגר התופעה.",train
מדוע היעדר הפנמה של הנאשם לגבי חומרת מעשיו מצדיק השתה עונש גבוה?,"אך מכלול התנהגותו, לרבות היעדר מוחלט של הפנמה כלשהי בנוגע לחומרת מעשיו  מחייב השתה עונש שלא יהיה על הצד הנמוך של המתחם, אם גם לא עונש על הצד הבינוני, כפי עתירת התביעה.",train
כיצד משפיעות הסתבכויותיו הקודמות של הנאשם על ענישתו?,הסתבכויותיו הקודמות של נאשם זה וכן הממצאים שפורטו לעיל במסגרת הערכת שירות המבחן למבוגרים מטים הכף לכיוון ענישה ברף הגבוה של מתחם הענישה.,train
מדוע עשויות סכנות האסירים הביטחוניים להצדיק כליאה נפרדת ומגבלות מיוחדות?,"סכנות אלה עשויות להצדיק כליאתם של אסירים ביטחוניים בנפרד והטלת מגבלות מיוחדות עליהם, בעיקר בכל הנוגע לקשר עם החוץ.",train
מהי הסיבה לכך שבית המשפט ראה חשיבות בהשתת עיצום כספי לשוטרים הנפגעים במקרה זה?,"ברם, במקרה דנן, מוצא בית המשפט חשיבות להשתת עיצום כספי בדמות פיצוי לשוטרים הנפגעים.",train
מהו הפער המוכר בין הענישה בעבירות פגיעה בגוף לבין עבירות כלכליות?,"בית משפט זה עמד לא אחת על הפער הקיים בין ההכרה הברורה כי מעשים של פגיעה בגוף וברכוש הינם עבירות שמתחיבת בגינם ענישה חמורה כדי להרתיע מפני סיכון שלום הציבור ובטחונו, לבין מידת הסלחנות הננקטת לא אחת ביחס לעבירות כלכליות של צווארון לבן, שנזקן לפרט ולציבור הרחב הנו רב ביותר.",train
מהו ההליך שהוביל את בית המשפט להאריך את תוקפם של המאסרים המותנים?,"לאור ההליך הטיפולי המשמעותי שעבר הנאשם, ולאור התכנית הטיפולית המפורטת שהוגשה מטעם שירות המבחן למבוגרים ביום 26.01.23, מוצא בית המשפט לעשות שימוש בסמכותו מכוח סעיף 85 לחוק העונשין, תשל""ז – 1977, ולהאריך את תוקפם של שני המאסרים המותנים, מגזרי הדין ת/2 – ת/3.",train
"מהן המטרות העיקריות של הענישה בעבירות סמים, כפי שהוסבר בפסיקה?","הענישה בעבירות מסוג זה נועדה, קודם לכל, לשרת את מטרת הגמול לעבריין על עיסוק בסם העלול לסכן חיי אדם ולפגוע בבריאות המשתמשים בו; שנית, על העונש להעביר מסר חד-משמעי של הרתעה ביחס לעבריינים פוטנציאליים, ולשמש אות אזהרה אפקטיבי לכל מי שמתכוון לקחת חלק במערכת ההעברות והסחר בסמים, תהא אשר תהא הפונקציה אותה הוא ממלא בשרשרת זו של העברת הסם מיד ליד.",train
מהו הצעד המינימלי שמערכת בתי המשפט יכולה לנקוט כדי להילחם בעבירות אלו?,"במצב דברים זה המעט שמערכת בתי-המשפט יכולה לתרום בניסיון להשיב את הסדר על כנו – הוא להחמיר עם מבצעיהן של העבירות, במטרה להבהיר לכל כי מי שישלח את ידו בקניינו של אחר, ישלם על כך מחיר כואב.",train
אילו שיקולים על בית המשפט לבחון בעת קביעת הענישה לנאשם?,"על בית המשפט לבחון, בין היתר, את נסיבות ביצוע העבירה; מידת הפגיעה בערכים המוגנים; הנסיבות האישיות של הנאשם וזאת לצד שיקולים נוספים.",train
כיצד משפיע חלוף הזמן על קביעת עונשו של הנאשם?,"במכלול הנסיבות, מוצא בית המשפט למקם את עונשו של הנאשם בתחתית המתחם ולאור חלוף הזמן והשינוי שערך הנאשם באורחות חייו.",train
מהו הסיכון הציבורי הנובע מניסיון לרצח מתוך מניעים אידיאולוגיים?,"נסיון לרצוח אדם מבוגר, שנעשה מתוך מניעים אידיאולוגיים, מהווה סממן המסכן את הציבור באופן מופלג.",train
מהו המצב החברתי שמחייב את החברה המתוקנת לא להשלים עם עבירות רכוש?,"חברה מתוקנת אינה יכולה להשלים עם מצב בו פורעי חוק יהפכו את קניין הציבור להפקר ויפגעו בתחושת הביטחון של הציבור, ובוודאי לא יכולה להשלים עם מצב בו אותם פורעי חוק נוקטים באלימות כלפי גורמי אכיפת החוק.",train
מדוע נתפסים מעשי אלימות בתוך המשפחה כבעלי חומרה מיוחדת?,מעשי אלימות בתוך המשפחה נתפסים כבעלי חומרה מיוחדת במערכת האיסורים הפליליים העוסקים בעבירות אלימות.,train
מהו העיקרון המנחה את רשויות החוק בנוגע לדעות קדומות על בעלי הדין?,"על רשויות החוק, ובית המשפט בכללם, להימנע מדעות קדומות ומסיווג בעלי הדין המופיעים לפניו בהתאם לתפישות כוללות.",train
כיצד ניתן להגן על שוטרי משטרת ישראל בעבודתם למען ביטחון הציבור?,"שוטרי משטרת ישראל, כמו אנשי שאר זרועות הביטחון, עושים לילות כימים למען שמירה על ביטחון הציבור, ועל כן מחויבים אנו לעשות ככל שניתן על מנת להגן עליהם מפני מי שמנסים להלך עליהם אימים ולפגוע בעבודתם החשובה, אשר נעשית למען כלל הציבור ולהבטחת ביטחונו האישי.",train
מהו הקריטריון לקביעת מתחם הענישה במקרה שבו ישנם מספר אישומים בכתב האישום?,"בטרם ייקבע מתחם הענישה ההולם, יש לבחון האם כלל האישומים המפורטים בכתב האישום עולים לכדי אירוע אחד בגינו יש לקבוע מתחם עונש אחד, או שמא מדובר באירועים שונים, המצדיקים קביעת מתחם ענישה נפרד לכל אירוע, כפי שעתרה התביעה.",train
"מהו מתחם הענישה שנקבע במקרה זה, בהתחשב בעבירות המיוחסות לנאשם?","סופו של דבר, מוצא בית המשפט לקבוע, בהתאמות הנדרשות (שכן, בחלק מהמקרים שהובאו לעיל, המדובר היה בעבירות חמורות יותר, של תקיפה הגורמת חבלה של ממש וכאן לא יוחסה לנאשם גרימת חבלה) – יועמד מתחם הענישה בין עונש מאסר בפועל בן 9 חודשים ועד למאסר בפועל בן שנתיים ימים.",train
מהי נקודת המוצא בגזירת עונשו של נאשם בעבירות מס?,"בית משפט זה עמד לא אחת על החומרה הגלומה בביצוע עבירות מס, ועל כך שנקודת המוצא בגזירת עונשו של נאשם שביצע עבירות אלו היא מאסר בפועל.",train
מהו השיקול שנלקח בחשבון בקביעת ההקלה בעונש הנאשם?,"בקביעת הקלה זו נלקח בחשבון גם הזמן שחלף מאז העבירה, לרבות השיהוי בהגשת כתב האישום.",train
מהי ההמלצה השיקומית של שירות המבחן לגבי הנאשמת 1 בעקבות מצבה האישי?,"משלא נמצאה הנאשמת 1 מתאימה לריצוי מאסר בפועל בדרך של עבודות שירות; לנוכח מצבה האישי, המשפחתי והבריאותי, בהיותה אם לילד אשר אביו יוותר במאסר – יאמץ בית המשפט המלצתו השיקומית של  שירות המבחן לגביה, שהיא ממילא גם הרף הנמוך בהסדר שסוכם בין הצדדים בנוגע לה - להשתת עונש מאסר צופה פני עתיד, בצירוף צו מבחן, אם כי, בנסיבות המתוארות, רואה בית המשפט להאריך תקופת המבחן מעבר לזו שהומלצה על ידי שירות המבחן על מנת שניתן יהיה למצות את הדין עם הנאשמת 1 גם בגין הסתבכותה זו במידה שתשוב לסורה.",train
מהו השיקול שגרם לבית המשפט לתת משקל לחלוף הזמן מאז ביצוע העבירה?,מוצא בית המשפט ליתן משקל ממשי לחלוף הזמן מאז שנעברה העבירה.,train
כיצד יש למתוח קו בין זכות המחאה לבין אלימות המכוונת נגד שוטרים?,"בפתח הדברים יודגש כי שומה עלינו למתוח קו חד וברור בין זכות המחאה, הביטוי וגם הצעקה, לבין אלימות פרועה ומסוכנת בכלל וכזו המכוונת כנגד שוטרים ואוכפי החוק בפרט.",train
"מהו העונש שהוטל על הנאשמת לאור נסיבותיה, חרף הרשעותיה הקודמות?","לאור נסיבותיה של הנאשמת, חרף הרשעותיה הקודמות – יושת עונש שלא יעמוד על מלוא עתירת התביעה בהתאם להסדר.",train
מהי הסיבה לסיווג העבירות שביצע המבקש כעבירות בעלות חומרה יתרה?,"בית המשפט העליון אף ציין: לטעמי, צדקו הערכאות הקודמות כאשר סיווגו את העבירות שביצע המבקש כעבירות בעלות חומרה יתרה, הן בשל הסכנה הגלומה בהן לשלום הציבור, והן בשל העובדה כי גניבת רכב הפכה להיות 'מכת מדינה'.",train
כיצד ההחמרה בענישה תורמת למטרות הגמול וההרתעה בעבירות סמים?,"ההחמרה בענישה בגין עבירות סמים משרתת את מטרות הגמול וההרתעה, שהן היעדים העיקריים של הענישה בתחום הסמים.",train
מהו המסר שמביאה התנהגות הנאשמים לגבי מורא החוק וזלזול בביטחון הציבור?,התנהגות הנאשמים מלמדת על היעדר מורא מהחוק ונציגיו; זלזול בוטה במשטרה; על אדישות מוחלטת כלפי בטחון הציבור וקניינו; ועל כשל ערכי עמוק.,train
מדוע שיקול השיקום אינו עומד לבדו בהחלטות בית המשפט?,"יש ליתן חשיבות לשיקומו של מי שנאשם בפלילים, אך שיקול זה אינו עומד לבדו.",train
מדוע יש להוקיע במיוחד את המעשים כאשר הפוגע הוא בן משפחה של קרבן האלימות?,"על אחת כמה וכמה כך הוא כאשר הפוגע הינו בן משפחה של קרבן האלימות, כאשר הניגוד העמוק בין חובתו הטבעית והמשפחתית לבין מעשיו בולט במיוחד וראוי להוקעה עונשית מיוחדת.",train
מהו הרושם שהותיר בית המשפט לגבי המסוכנות הנשקפת מהנאשם למתלוננת?,"בית המשפט מתרשם ממסוכנות גבוהה ביותר הנשקפת ממנו למתלוננת, ולעת הזו – אין כל נתון המלמד על הפחתת המסוכנות.",train
כיצד משפיעה חומרת מעשיו של המבקש על נסיבותיו האישיות?,"לאור כל האמור, דין נסיבותיו האישיות של המבקש לסגת מפני חומרת מעשיו ומפני האינטרס הציבורי המחייב ענישה מחמירה במקרים כגון דא.",train
מהן הסכנות המיוחסות לאסירים ביטחוניים אשר מצדיקות את כליאתם בנפרד?,"סכנות אלה עשויות להצדיק כליאתם של אסירים ביטחוניים בנפרד והטלת מגבלות מיוחדות עליהם, בעיקר בכל הנוגע לקשר עם החוץ.",train
אילו שיקולים על בית המשפט לקחת בחשבון בקביעת הענישה עבור הנאשם?,"אשר לקביעת הענישה במסגרת המתחם האמור, על בית המשפט לשקול, בין היתר, עברו של הנאשם ונסיבותיו האישיות.",train
מהו הסיכון שציין שירות המבחן לגבי השפעת עונש מאסר על הנאשם?,"שירות המבחן מצא להדגיש, כי השתת עונש מאסר, לריצוי בין כתלי בית האסורים, עלולה להסיג מצבו של הנאשם אחור, לחברו לחברה שולית ולחשוף אותו לדפוסים עבריינים.",train
מדוע יש להטיל עונשים מרתיעים על נוקטים באלימות לפתרון סכסוכים?,"תפקידו של בית המשפט במאבק הוא הטלת עונשים מרתיעים ומשמעותיים על הנוקטים באלימות לפתרון סכסוכים, על מנת להעביר מסר, הן לעבריין האינדיווידואלי, והן לעבריינים הפוטנציאלים ולחברה כולה, כי אין החברה טולרנטית להתנהגויות מעין אלה.",train
מה מצביע מכלול השיקולים על רמת הענישה המומלצת במקרה זה?,"מכלול השיקולים מצביע על ענישה ברף הבינוני, לכיוון התחתון.",train
מהו השיקול שהביא את בית המשפט לקבוע לחובת הנאשם בהקשר לאחריותו למעשים?,"יביא בית המשפט, לחובת הנאשם, את העובדה, כי עד כה נמנע מליטול אחריות מלאה על מעשיו, תוך שעודנו משליך אחריות על נפגע העבירה, שלא עשה כל מעשה של התגרות כלפי הנאשם, ולא יכולה היתה להיות כל סיבה לתקיפתו, בוודאי לא במספר מכות זו אחר זו.",train
מהי דרישת הפגיעה המוכחת הנדרשת לצורך הרשעה בעבירות המיוחסות לנאשמים?,"על כן, הפגיעה המדוברת מן הדין שתהיה פגיעה מוכחת, במישור המעשה, וכזו שהיא קשה וחמורה.",train
מדוע יש צורך להילחם בנגע האלימות באמצעות ענישה מרתיעה?,"בית המשפט עמד, לא פעם, על הצורך להילחם בנגע האלימות הפושה בארצנו באמצעות ענישה מרתיעה, בדרך של נקיטה ביד קשה, במישור המעשה, ולא במישור הרטורי בלבד.",train
מהן ההשלכות החברתיות והכלכליות של עבירות ריבוי נישואין על משפחות והחברה המודרנית?,"מעבר לפגיעה בכבוד האשה ובאפשרות לקדם השוויון בין המינים 	6 מהוות עבירות אלה, כר פורה לתופעות רבות של עוני; ניצול; עבריינות; ואם לא תטופל תופעה זו 	6 עלול הדבר להסיג אחור מצבן של משפחות רבות, חלף קידום שילובן במסגרת החברה המודרנית.",train
מהו הרקע להחמרת החוק והצורך בעדכון המתחמים?,"התיקון לחוק לא נתקבל בחלל ריק, אלא בהמשך להחמרה – הן במצב הביטחוני והן בתפוצת כלי הנשק ובשימוש שנעשה בהם לקטל במסגרת עבריינות פלילית, ומחייב עדכון המתחמים בהתאם.",train
מדוע יש לעונש המינימום השפעה על מתחם העונש ההולם?,"אני סבור כי עונש המינימום שקבע המחוקק הוא אינדיקציה לחומרה שמיוחסת לעבירה ולמידת הפגיעה בערכים המוגנים מביצועה, ולכן נכון שתהיה לו השפעה גם על מתחם העונש ההולם, אך כמובן בכפוף לסייג הטעמים המיוחדים שקבע המחוקק בסעיף 355 לחוק העונשין, ותוך תשומת לב בכל מקרה לשאלת חלקם של המאסר בפועל והמאסר על תנאי בענישה הכוללת.",train
מהי ההשפעה של טיב העבירה על החלטת בית המשפט לפסול את הנאשם מלנהוג?,"לאור טיב העבירה, שנעברה תוך שימוש ברכב מנועי, יקבל בית המשפט עתירת התביעה לפסול הנאשם מלנהוג ברכב מנועי.",train
מדוע לא הוצגו נסיבות שמצדיקות הימנעות מחילוט הרכב במקרה זה?,"במקרה דנן, לא הוצגו לפני בית המשפט נסיבות מיוחדות, המצדיקות הימנעות מחילוט הרכב, ששימש, כאמור, להובלת הסם המסוכן במסגרת עסקת הסמים, ולפיכך, ייעתר בית המשפט לעתירת התביעה ויורה על חילוטו.",train
מהו המיקום שבו יעמוד עונשו של הנאשם בהתאם לנסיבות המקרה?,בנסיבות אלה 	6 יועמד עונשו על הצד הנמוך של המתחם.,train
מהי הסיבה לכך שהנאשם קיבל עונש שאינו על הצד הנמוך של המתחם?,התנהלות זו מצדיקה הייתה השתת עונש שאינו על הצד הנמוך של המתחם.,train
מדוע לא ניתן לחרוג באופן קיצוני מהמתחם המומלץ במקרה של הנאשם?,"בנסיבותיו של מקרה זה, אין מקום לחריגה כה קיצונית מהמתחם כפי המלצת שירות המבחן למבוגרים, כשהנאשם טרם השתלב בהליך טיפולי משמעותי.",train
כיצד מתאר בית המשפט את הענישה שהוטלה על המערער ביחס לחומרת המעשים?,"העונישה אשר הוטלה על ידי בית משפט קמא על המערער, אינה ענישה מחמירה ומדובר בענישה ראויה והולמת, ומתחם העונש ההולם אשר נקבע על ידי בימ""ש קמא, ראוי והולם את המעשים וחומרתם....",train
מהן התכליות לפיצוי נפגע עבירה כפי שנקבעו בפסיקת בית המשפט העליון?,"פסיקת בית המשפט העליון קבעה מספר תכליות לפיצוי נפגע עבירה, ובין היתר: ראש וראשית – הכרה חברתית כללית והכרה של מערכת המשפט בפרט בסבלו של הנפגע, תוך מתן משקל למעמדו במסגרת ההליך הפלילי; שנית - חסכון בזמן לנפגע העבירה תוך מתן סעד כספי בזמן קצר, ומניעת מפגש נוסף בינו לבין העבריין במסגרת הליך אזרחי; שלישית – מהווה תשלום הפיצוי מעין הליך ""היטהרות"" שיש בו כדי לסייע לעבריין להכיר בעבירה שביצע, לפעול לתיקון המעוות ולהשתקם.",train
מהו המסר המשפטי המועבר לאנשים המנסים להתעשר באמצעות מצגי שווא?,"יש להעביר מסר ברור לכל אדם המבקש להתעשר על סמך מצגי שווא, כי ימצא עצמו מאחורי סורג ובריח, לאחר שיתפס, גם אם עברו נקי.",train
"מדוע יש להטיל ענישה גבוהה על העבריינים המבריחים ציוד רט""ן?","פוטנציאל הסיכון הנובע מהעברת ציוד רט""ן  לעברין מסוג זה, אשר בעבר הוכיח, כי אינו נרתע מלממש את תפישותיו האידיאולוגיות הקיצוניות במישור המעשה ולפגוע בחפים מפשע  מצדיק הטלת ענישה על הצד הגבוה של המתחם.",train
מהו השלב הבא לאחר שימוש בסמים לצריכה עצמית לפי ההבנה המשפטית?,"אין ספק, כי השלב הבא לאחר שימוש  בסמים לצריכה עצמית, הינו שלב חמור יותר ביחס לביצוע עבירות סם חמורות שיש בהן לפגוע בחברה כולה.",train
כיצד נלמדת רמת החומרה במקרה זה מהנסיבות המפורטות בכתב האישום המתוקן?,"רמת החומרה, במקרה דנן, נלמדת משילוב של מספר נסיבות, כפי שעולות מכתב האישום המתוקן: האיום עצמו – היה האיום החמור האפשרי – לרצוח את רעייתו ואם ילדיו – המתלוננת; הנאשם חזר על איום זה, בקור רוח, מספר פעמים, לפני מספר גורמים שונים; הנאשם לא הסתפק באיום מילולי בלבד, אלא בעיצומו של הלילה, בהיותו שוהה במרחק של עשרות קילומטרים מהבית, בו שהתה המתלוננת – עזב, באופן פתאומי קורס משטרתי בו שהה ועלה לרכבו, בכוונה מוצהרת לממש את האיום; בהיותו שוטר – נושא הנאשם עמו נשק; בניגוד לנטען מפי עד ההגנה וע""י ההגנה עצמה – מצביעות הנסיבות על כך, שלא היה מדובר באיום ""מן הפה ולחוץ"" וכי בזמן אמת, תפסו כל הצדדים המעורבים את האיום, שהנאשם החל לנקוט בצעדים כדי  לממשו, כאיום קונקרטי, משמעותי ואף מידי: הדבר נלמד מפנייתה המידית של רעיית הנאשם למשטרה והוראות המשטרה כלפיה, כי תנעל הדירה ואף תסתגר בחדר נעול בתוכה; מתגובת אחי הנאשם, אשר עשה מספר נסיונות התקשרות עד שהשיגו, כל זאת באמצע הלילה – ולאחר מכן, נסיונות שכנוע רבים כלפי הנאשם, כי יחדל מהתקדמותו לעבר הבית, תוך שהאח אף מציע לנאשם להגיע לביתו בשעה שכזאת ותוך שהאח אף משוחח עם מפקדיו של הנאשם.",train
"מהו הכיוון המומלץ בענישה בעבירות הסגת גבול, בהתחשב בנתונים?","שקלול הנתונים מצביעים לכיוון ענישה שתהיה על הצד הנמוך של המתחם (כפי שנקבע בענינו), אך לא ברף התחתון של המתחם, בצירוף עונש מאסר מותנה מרתיע - שיחול על עבירות של הסגת גבול וכניסה למקרקעי ציבור; עיצומים כספיים.",train
כיצד השפיעה הודאת הנאשם על התרשמות בית המשפט ממנו?,"הנאשם הודה בהזדמנות הראשונה, נטל אחריות מלאה על מעשיו ובית המשפט התרשם, כי הביע חרטה כנה, הפיק לקח לעתיד וערך שינוי אמיתי בהתהגותו.",train
מדוע המלצה זו אינה משקפת את חומרת העבירות שנעשו?,"בית המשפט סבור, כי המלצה זו, אינה משקפת את חומרת העבירות ואת הנזקים שנגרמו למתלוננות ממעשי הנאשם.",train
אילו שיקולים יש לקחת בחשבון בעת קביעת הענישה לנאשם?,"משיקולי הענישה כוללים את מידת התחכום, תכנון מראש ועצמת הנזקים, ולכן ראוי להטיל על הנאשם ענישה על הצד הבינוני של מתחם הענישה.",train
כיצד משפיע מצב תקינות הנשק על קביעת מתחם הענישה?,"עם זאת, בכל הנוגע לפוטנציאל הסיכון הנובע מכלךי נשק אלה, יינתן משקל מסוים לכך, שהמדובר בנשק שאינו תקין לחלוטין, בקביעת מתחם הענישה.",train
כיצד השפיעה העובדה שהחזקת נשק הפכה למכה באזור הדרום על קביעת העונש?,"בית משפט קמה הדגיש את העובדה כי העבירה של החזקת נשק הפכה למכה של אזור הדרום, ואף צדק, כאשר קבע שלא ניתן להתעלם מנסיבה זו בעת קביעת העונש הראוי למערער.",train
מה מלמדים מעשיו של הנאשם על האנטי חברתיות שלו?,מעשיו של הנאשם מלמדים על אנטי חברתיות מובהקת וכשל ערכי חמור.,train
מדוע יש להחמיר בענישה כלפי מחזיקים סמים שלא לצריכה עצמית?,"אין מנוס מהכבדת היד על המחזיקים סמים שלא לצריכה עצמית, שכל בר דעת מבין כי נועדו לצריכת הזולת, קרי, להוספת שמן על מדורת הסמים אשר להבותיה אופפות רבים וטובים, או רבים שהיו טובים.",train
מהו הנזק החברתי שמצדיק עונש מאסר משמעותי בעבירות סחר בסמים?,"בשל הנזק החברתי רב העוצמה, שגורמת עבירה של סחר בסם מסוכן שלא לצריכה עצמית, זוהי עבירה שככלל ראוי שכל המבצע אותה יישא בעונש מאסר בפועל משמעותי וממושך מאחורי סורג ובריח.",train
מדוע ייחד המחוקק סימן נפרד לעבירות פירוק וגניבת חלקי רכב בחוק העונשין?,"לא בכדי, ראה המחוקק לייחד לעבירות אלה סימן נפרד – סימן ה1 – במסגרת פרק העוסק בעבירות הרכוש (פרק י""א) בחוק העונשין, תשל""ז – 1977.",train
מדוע העבירות שביצעו הנאשמים מצדיקות הרחקה מהדרך לתקופה משמעותית?,"העבירות שעברו הנאשמים, תוך שימוש ברכב מנועי, מצדיקות, אם כן, הרחקת הנאשמים מהדרך לתקופה משמעותית.",train
מהי ההנחיה שניתנה לתביעה הכללית בנוגע למתחמי ענישה בעבירות של אחזקת נשק חם ותחמושת?,"לנוכח הפסיקה, שפורטה באותה הנחיה, הונחתה התביעה הכללית לטעון למתחמי ענישה גבוהים בגין עבירות של אחזקת נשק חם ותחמושת, שלא כדין.",train
כיצד משפיע חלוף הזמן על שיקול הדעת של בית המשפט בענישה?,בית המשפט לקח בחשבון גם את חלוף הזמן מאז נעברו העבירות.,train
מהי הסיבה להטלת עיצומים כספיים על הנאשם?,"לנוכח כך שהעבירות נעברו למען בצע כסף, ולנוכח הנזקים שנגרמו מהעבירות  רואה בית המשפט להשית על הנאשם עיצומים כספיים בדמות קנס ופיצוי.",train
מהו השיקול שהנחה את בית המשפט בהחלטתו במקרה זה?,במקרה זה הוא נסוג מפני האינטרס הציבורי והצורך לנקוט במדיניות של ענישה מרתיעה.,train
מהו המצב שבו תתאפשר סטיה מהכלל בנוגע להרשעת הנאשם בדין?,"סטיה מהכלל תתאפשר במצב שהוא בבחינת ""החריג שבחריג"", בהינתן שני תבחינים עיקריים: האחד – האם מעשה העבירה מאפשר, מבחינת המסר הערכי שיועבר לציבור, ביטול הרשעת הנאשם בדין.",train
כיצד השפיע ניהול ההליכים הפליליים על מסוכנותו של הנאשם לעתיד?,"עוד התרשם שירות המבחן, כי ניהול ההליכים הפליליים הביא לחיבור מסוים של הנאשם עם הפסול שבמעשיו ולהפחתה מסוימת במסוכנותו לעתיד.",train
מהי המגמה הכללית שנובעת מהשיקולים לגבי החמרה במסגרת המתחם?,כל אלה מטים הכף לכיוון החמרה במסגרת המתחם.,train
כיצד השפיעו טענות ההגנה על החלטת בית המשפט בענישה?,"למרות האמור, לפנים משורת הדין, יתן בית המשפט משקל מסוים לטענות אלו.",train
אילו גורמים משפיעים על הצורך בענישה מרתיעה במקרה של הנאשם?,"מידת האנטי חברתיות העולה מהתנהגות הנאשם; לצד התכנון המוקפד; ההוצאה לפועל של התכנית העבריינית; התחכום במעשים; חלקו של הנאשם בעבירות; הנזק הממוני שנגרם למתלונן – 120,000 ₪ - לצד הפגיעה בתחושת המוגנות שלו בביתו מבצרו; פוטנציאל הנזק שהיה עלול להתרחש אם היה מגיע המתלונן לביתו ותופס את הנאשם והאחר בשעת המעשה; כל אלו – מחייבים ענישה מרתיעה.",train
מדוע כמות הסמים בה החזיק הנאשם מצריכה עיצום כספי משמעותי?,כמות הסמים בה החזיק הנאשם גדולה ומצדיקה השתת עיצום כספי משמעותי.,train
מהו ההיבט המשפטי שמצדיק הטלת עונש מאסר מרתיע על הנאשם במקרה זה?,"מעשיו של הנאשם, המעידים על סף גירוי נמוך, כשאין נלווית להם השתלבות בהליך טיפולי מתאים – מחייבים גם הטלת עונש מאסר מרתיע צופה פני עתיד.",train
מהי המשמעות של הימנעות ההגנה מהפניית הנאשם להערכת שירות המבחן?,"היות שההגנה נמנעה מלעתור להפניית הנאשם להערכת שירות המבחן למבוגרים, אף אין בנמצא נתון כלשהו המלמד על צמצום הסיכון לעתיד.",train
אילו שיקולים רשאי בית המשפט לקחת בחשבון בעת קביעת מתחם ענישה לפי החוק?,"בהתאם להוראות סעיף 40ט' לחוק העונשין, תשל""ז – 1977, בבואו של בית המשפט לקבוע מתחם ענישה, רשאי לקחת בחשבון מכלול שיקולים, בין היתר, נסיבות ביצוע העבירה; משך ההתנהגות העבריינית; מידת הפגיעה בערכים המוגנים; וכן, שיקולים נוספים.",train
אילו שני שיקולים יש לקחת בחשבון כאשר בוחנים הימנעות מהרשעה?,"האחת, טיבו של מעשה העבירה שביצע הנאשם והשנייה שיקולי השיקום המיוחדים הנטענים בענינו ומידת השלכתה של ההרשעה לענינם.",train
מהו הקריטריון להערכת חרטה של הנאשם?,"קשה לומר, כי המדובר במי שהפגין חרטה מלאה, אשר נבחנת, בין היתר, במסירת האמת המלאה ובשיתוף פעולה עם רשויות החוק.",train
מהו ההסבר המשפטי לכך שכפירת הנאשם באשמה אינה מזכה אותו בהקלות בעונש?,"כמובן, עצם כפירתו באשמה אינה מהווה נסיבה לחובתו; אך הוא אינו זכאי להקלות להם זוכה מי שנוטל אחריות על מעשיו ומכה על חטא.",train
מדוע לא נחשב הליך שיקומי של הנאשם כגורם מכריע בהליך המשפטי?,"כפי שנפסק לא פעם, הליך שיקומי, גם אם היה משמעותי ואינטנסיבי, שעבר נאשם - אינו חזות הכל.",train
"אילו עבירות פליליות נוספות יש לנאשם זה, ומהן ההשלכות על יחסו לחוק?","לנאשם זה אף עבר פלילי, גם הוא בגין עבירות הקשורות בנהיגה – נהיגה תחת השפעת אלכוהול וכן עבירה נגד אנשי מרות – הפרעה לשוטרים בעת מילוי תפקידם, כך שהדבר מלמד על יחס מתמשך של זלזול והיעדר מורא כאמור.",train
מהי הסיבה להמלצה על הרחקת הנאשם מהדרך לתקופה משמעותית?,מעשים אלה מצדיקים הרחקת הנאשם מהדרך לתקופה משמעותית ביותר.,train
מדוע החליט בית המשפט להטיל עיצום כספי במקרה של עבירות סמים?,"בשל המניע הכלכלי העומד ברקע לעבירות סמים, מוצא בית המשפט להטיל עיצום כספי מסוג קנס.",train
מהו השיקול שהוביל להחמרת מתחם הענישה בעבירות סיוע לגניבה?,"אילו היה הנאשם נותן את הדין היום לראשונה, הרי שמתחם הענישה היה גבוה מזה שנקבע בגזר הדין, לאור כך שעבירות מסוג זה הפכו לנפוצות יותר ויש צורך של ממש להחמיר עם הענישה, ואכן, בגזרי דין שניתנו לאחרונה, הוחמר מתחם הענישה.",train
מדוע יש לקחת בחשבון הרשעות קודמות והשימוש הפלילי בנשק בעת גזירת העונש?,"על אחת כמה וכמה, כאשר קיימות הרשעות קודמות ואינדיקציה לשימוש פלילי שנעשה, בעבר, בנשק.",train
מהו האינטרס הציבורי המתחייב כדי לאפשר לשוטרים למלא את תפקידם ללא פחד?,אינטרס הציבור מחייב אפוא ששוטרים יוכלו למלא את תפקידם ללא מורא ופחד.,train
כיצד משפיעה מורכבות הפרשה הפלילית על ההגדרה של אירוע אחד או מספר אירועים?,"דומני כי לשאלה אימתי עסקינן באירוע אחד ואימתי במספר אירועים, כאשר עסקינן בפרשה פלילית רבת היקף, לא תיתכן ""תשובת מחשב"", והיא תלויה – גם בהגדרות המשוכללות ביותר – בנסיבות המקרה ובמבטו הכולל של בית המשפט על הפרשה.",train
כיצד משפיעות הסתבכויותיו הקודמות של הנאשם על גובה הענישה בתיק זה?,"הסתבכויותיו הקודמות והמרובות של הנאשם מטות את הכף לכיוון ענישה בחלק הגבוה של מתחם הענישה בנוגע לתיק האב, ובחלק הבינוני – גבוה של המתחם בנוגע לתיק הצירוף.",train
מה מעידים כתבי האישום על יחסו של הנאשם לחוק ולגורמי אכיפת החוק?,"שלושת כתבי האישום, בגינם נותן הנאשם את הדין, מעידים על כשל ערכי, ועל יחסו המזלזל כלפי החוק ונציגיו וכן זלזול בחוקי התעבורה ובשלומם של עוברי הדרך.",train
מהן הנסיבות שיביא בית המשפט בחשבון בעת קביעת מתחם הענישה?,"בעת קביעת מתחם הענישה, יקח בחשבון בית המשפט את נסיבות ביצוע העבירה, משך ההתנהגות העבריינית, מידת הפגיעה בערכים המוגנים, מדיניות הענישה הנוהגת, וכן, שיקולים נוספים.",train
מהן ההשלכות האפשריות של עונש חמור על הנאשם ומשפחתו?,"על פי העולה מהמלצת שירות המבחן וכן מראיות ההגנה שהוגשו במסגרת פרשת העונש, עלול עונש מסוג זה להטיל הכורת על מטה לחמו של הנאשם, העובד במקום עבודה מסודר, ולהטלת משפחה בת עשר נפשות על כתפי השירותים הסוציאליים, שכן מציאת מקום תעסוקה בגילו של הנאשם, בשלב בו מצוי בחייו, איננה קלה כלל ועיקר.",train
מהי הגישה המומלצת לאחר חקיקת החוק בנוגע לנישואין וקביעת אורח חיים משפחתי?,"זמן הראשון, לאחר חקיקת החוק יש מקום לגישה סלחנית במקצת, שהרי מנהגי נישואין וקביעת אורח חיי משפחה אינם משתנים בן יום.",train
מהו מתחם הענישה שנקבע בגין תקיפת שוטרים אלימה והפרעה לשוטרים?,"בשמים לב למדיניות הענישה כפי שפורטה לעיל, בשינויים המותאמים, מוצא בית המשפט לקבוע מתחם ענישה בגין אירוע, הכולל תקיפת שוטרים אלימה, תוך גרימת חבלות ושימוש בנשק קר מאולתר, מתוך מטרה לסכל את פעילותם,  וכן הפרעה לשוטרים תוך אי שמיעה להוראותיהם בשני אירועים שונים, אשר ינוע בין 12 חודשי מאסר בפועל ועד 28 חודשי מאסר, בצירוף עונשים נוספים.",train
מדוע מקבלים מעשי אלימות כלפי בת זוג משנה חומרה?,"מעשים אלה מקבלים משנה חומרה, כאשר מדובר באלימות הננקטת כלפי בת זוג, החיה עם אותו אדם תחת קורת גג אחת, בתא משפחתי מצומצם, האמור להוות עבורה משענת ומקום מבטחים.",train
מהו השיקול שהנחה את בית המשפט בהטלת העיצום הכספי על הנאשם?,"בית המשפט מוצא להשית גם עיצום כספי משמעותי על הנאשם, שיהיה בו כדי להרתיע הן את הנאשם והן אחרים, מלשוב ולעבור עבירות דומות.",train
מהו העונש הכספי שהמחוקק ראה כראוי להטיל בגין עבירת השוחד?,"גילה המחוקק דעתו, כי עבירת השוחד מחיבת הטלת עיצומים כספיים בסכומים גבוהים.",train
כיצד הפריע הנאשם לפעילות השוטרים גם לאחר האירוע?,"הנאשם הפריע לפעילות השוטרים גם כאשר נסע מהמקום, וכאשר עבר זמן מה ממועד ההתפרעות מושא עבירות האיומים, כך שאין ניתן ליחס העבירות שעבר רק לסערת רגשות שחש עקב הפגיעה הנטענת באמו, שכן המשיך להפגין זלזול בוטה ברשויות החוק גם לאחר ששכך האירוע.",train
מהי עמדת בית המשפט לגבי נאשם שנתפס בטעות אחת בלבד ונושא באחריות מלאה?,"אדם מועד לטעות, אך כאשר המדובר במי שנתפס בטעות אחת בודדת, נטל אחריות מלאה לגביה – מוצא בית המשפט, ליתן לו הזדמנות.",train
מהו המגבלות הקיימות לגבי גובה הפיצוי בהליך הפלילי במקרה זה?,"גובה הפיצוי בהליך הפלילי מוגבל, ולנוכח העובדות המתוארות בכתב האישום המתוקן,  ספק אם יהיה בפיצוי שיושת כדי לשקף את גודל הנזקים שנגרמו לקרבנות העבירה.",train
כיצד משפיעה הודאת הנאשם באשמה על גזר הדין שניתן לו?,"לזכות הנאשם תילקח הודאתו באשמה ונטילת האחריות מצדו, תוך שהביע חרטה כנה על מעשיו.",train
כיצד מתאר מתחם הענישה המפורט בגזר הדין את העבירות המדוברות?,"מתחם הענישה המפורט בגזר הדין קמא לגבי סוג עבירות זה, משקף לדעתנו את המתחם הראוי בעבירות שכאלה.",train
מהן העובדות המצביעות על התנהגות אנטי-סוציאלית של הנאשם במקרה זה?,"במקרה דנן, המדובר במי שחרף שהותו הקצרה בארץ, הספיק לצבור מספר הרשעות בעבירות בתחומים שונים, לרבות עבירות אלימות חמורות, בין היתר פציעה ותקיפה הגורמת חבלה בנסיבות מחמירות; האיום במקרה דנן היה חמור ומבעית, נאמר באור יום, במקום ציבורי, כלפי סוהרת שהיא נציגת החוק, במתקן שהיה, לנוכח תשובה שמסרה לנאשם שלא הניחה את דעתו – דבר המלמד על התנהגות אנטי-סוציאלית ואף על תעוזה רבתי; לא הוצגו נסיבות אישיות מיוחדות בנוגע לנאשם; כעולה מהממצאים שנקבעו בהכרעת הדין, חשה נפגעת העבירה לחץ ופחד מהנאשם, ביחוד לאור העובדה, כי נתאפשר לו לצאת, מדי יום, את מתקן השהיה.",train
כיצד משפיעה עמדת התביעה על מתחם הענישה במקרה של הנאשם ועינד?,"ולא ניתן להתעלם מעמדת התביעה בענינו של עינד, כפי שעולה ממוצג ת/5, ולכן, במקרה מסוים זה, בלא שיהיה בכך בבחינת תקדים למקרים אחרים, לנוכח הפער בסעיפי העבירה, כאשר מרבית העבירות המיוחסות לנאשם דנן, הן עבירות נגזרות של סיוע או נסיון, בניגוד למעורב הנוסף – עינד – אשר מרבית העבירות שיוחסו לו היו מוגמרות – יועמד מתחם הענישה כך שינוע בין 10 ועד 24 חודשי מאסר בפועל.",train
מהו ההסבר המשפטי לכך שאין דופי בקביעת סכום פיצוי על ידי בית המשפט במקרה זה?,"שעה שבית משפט – כבמקרה דנן – מתקרב בקביעתו לסכום זה, אין בכך דופי, שהרי לא בכדי קבע המחוקק את אשר קבע.",train
אילו שיקולים על בית המשפט לקחת בחשבון בקביעת הענישה במסגרת המתחם?,"אשר לקביעת הענישה במסגרת המתחם, על בית המשפט לשקול עברו של הנאשם; נסיבותיו האישיות; והפרוגנוזה של גורמי ההערכה בענינו.",train
מהו הנזק האפשרי לחברה אם הנאשם יבחר בדרך העבריינית?,"יצוין, כי בעקיפין, מדובר בנזקים לחברה כולה, אם יישאב הנאשם לצד העברייני של המתרס.",train
מהו המידע שניתן ללמוד על בעיות הנאשם בתחום ויסות רגשותיו?,"מעשי הנאשם מלמדים, כי לנאשם בעייתיות בתחום ויסות רגשותיו, שליטה בכעסיו והצבת גבולות פנימיים, המתבטאים באלימות.",train
מהי הסיבה שהובילה את בית המשפט לסטות ממתחם הענישה לצרכי שיקום במקרה זה?,"ברם, באותו שלב, לנוכח המלצתו השיקומית של שירות המבחן וכן הנתונים שהוצגו בנוגע לתפקודו הנורמטיבי והיצרני של הנאשם באותה העת –קיבל בית המשפט, אז, עתירת ההגנה לסטות ממתחם הענישה לצרכי שיקום.",train
מהי הסיבה לכך שבית המשפט לא מצא רמת התארגנות גבוהה בפסיקות קודמות לעומת המקרה הנוכחי?,"אמנם, הרף העליון שנקבע למתחם הנו גבוה מהענשים שנסקרו לעיל בפסיקה; ואולם, בית המשפט לא מצא, בפסיקה שהובאה לפניו, רמת התארגנות כה גבוהה ופגיעה כה עמוקה בערכים המוגנים, כפי הנסיבות שהוכחו בתיק זה: במקרה דנן, המדובר בהתארגנות בחבורה בת שישה נאשמים; הנאשמים קשרו קשר ותכננו מראש לבצע העבירות.",train
מהי השאלה המרכזית שיש לבחון לפני קביעת מתחם הענישה?,"בטרם ייקבע מתחם הענישה ההולם, יש לבחון האם כלל האישומים המפורטים בכתב האישום עולים לכדי אירוע אחד בגינו יש לקבוע מתחם עונש אחד, או שמא מדובר באירועים שונים, המצדיקים קביעת מתחם ענישה נפרד לכל אירוע.",train
מהי ההצדקה להטלת קנס כספי על הנאשמים בהקשר לפעילות מערכת אכיפת החוק?,"ההכבדה על פעילות מערכת אכיפת החוק, שקשה למצוא לה הצדקה כלשהי, מצדיקה השתת עונש כספי מסוג קנס, לטובת אוצר המדינה.",train
מהו הנתון המכריע לשלילת היעתרות חוזרת לבקשה להימנע מהרשעה?,"בכל נסיבות הדברים, מסכימים אנו עם בית משפט השלום כי זהו נתון מכריע לשלילת היעתרות חוזרת לבקשה זהה של הימנעות מהרשעה.",train
מהו ההבדל בין מגע בחדר סגור לחשש לחשיפה בפלטפורמות חברתיות?,"מגע שנותר בין שניים בחדר סגור נתחלף לו בחשש לחשיפה ולפרסום פומבי בפייסבוק וביו-טיוב, מה שעשוי להעצים את הפגיעה בנפגע העבירה.",train
מדוע יש צורך בענישה מרתיעה במאבק נגד האלימות במדינה?,"בית המשפט עמד, לא פעם, על הצורך להילחם בנגע האלימות הפושה בארצנו באמצעות ענישה מרתיעה, בדרך של נקיטה ביד קשה, במישור המעשה, ולא במישור הרטורי בלבד.",train
מהי הסיבה לכך שבית המשפט נדרש להטיל על הנאשם עונש חלופי?,"לנוכח התנהלותו של הנאשם אשר הוכיח – כי אינו מנצל ההזדמנות השיקומית – נדרש בית המשפט, בהתאם לדין, להטיל על הנאשם עונש חלופי.",train
מדוע שיקולי הענישה במקרה זה גוברים על נסיבותיו האישיות של הנאשם?,"לשעובדה זו אין רלוונטיות כלשהי למקרה דנן, שכן שיקולי הענישה במקרה זה - עיקרון ההלימה והצורך בהרתעת הרבים על מנת למנוע זליגת תחמושת קטלנית בכמות גדולה למי שאינו רשאי להחזיק בה - גוברים על נסיבותיו האישיות של הנאשם, ומחיבים ענישה של ממש, במישור המעשה, בדמות מאסר בפועל בין כתלי בית האסורים.",train
מהו הצורך בענישה משמעותית בעבירות גניבת רכב?,"עבירות אלה מחייבות ענישה משמעותית, בעולם המעשה, על מנת להרתיע את עובריהן ולהפוך אותן ללא כדאיות.",train
מהו ההיבט המיוחד של החזקת סם מסוג קוקאין בהקשר לענישה?,"דברים אלו מקבלים משנה תוקף, עת הורשע המערער בהחזקת כמות גדולה של סם מסוג קוקאין, הנמנה בין הרעים והמרים שבסמים המסוכנים, בשל טבעו הממכר והתלות הגבוהה הנוצרת בו, ומחמת השפעותיו ההרסניות על גוף האדם ונפשו ועל החברה כולה",train
אילו שיקולים רשאי בית המשפט לקחת בחשבון בעת קביעת מתחם הענישה?,"בהתאם להוראות סעיף 40 לחוק העונשין, תשל""ז – 1977, בבואו של בית המשפט לקבוע מתחם ענישה, רשאי לקחת בחשבון מכלול שיקולים, בין היתר, נסיבות ביצוע העבירה; משך ההתנהגות העבריינית; מידת הפגיעה בערכים המוגנים; וכן, שיקולים נוספים.",train
כיצד משפיע זיכוי הנאשם מאחת העבירות על ההכרעה בעניינו?,"לזכות הנאשם יקח בית המשפט בחשבון זיכויו מאחת העבירות בהן הואשם (אם כי, המדובר בזיכוי בשל העדר הוכחת המחשבה הפלילית, אך מבחינה עובדתית נקבע בהכרעת הדין, כי הנאשם אכן זרק כרטיס לעבר נפגעת העבירה וכי עשה זאת במסגרת האיומים שהפנה כלפיה, על מנת לחזק תוקף האיום).",train
מהו העיקרון המשפטי המכתיב אחידות בענישה בעבור עבירות דומות באירועים זהים?,"עיקרון השוויון, ממנו נובע גם עיקרון אחידות הענישה; וכן מראית פני הצדק – מחיבים, כי לא תהיה אבחנה משמעותית בענינם של שניים שעברו עבירות דומות, במסגרת אותו אירוע ממש.",train
מהו מתחם הענישה שנקבע בגין עבירות התקהלות אסורה והפרעה לשוטר?,"בהתאם לפסיקה שפורטה לעיל ותוך מתן משקל לשוני בסעיפי העבירה אל מול פרשת אלדרארגה; בהתחשב בעקרון  ההלימה; בשים לב לפגיעה בערכים המוגנים; מוצא בית המשפט להעמיד את מתחם הענישה בגין עבירות שענינן התקהלות אסורה והפרעה לשוטר תוך מילוי תפקידו, המתבטאת בפגיעה פיסית כדוגמת דחיפת השוטר, במנעד שבין מספר חדשי מאסר בפועל (יכול שירוצו בעבודות שירות במקרים המתאימים) לבין עשרה חדשי מאסר בפועל.",train
כיצד נדרש בית המשפט לפעול כדי להרתיע את הציבור מהתנהגות מסוכנת בכבישים?,"על בית המשפט להרים את תרומתו לביעור הסיכון של הקטל בכבישים, אשר נגרם על ידי מי שאינו משווה לנגד עיניו את החובה לציית לחוק, ובעיקר את קדושת חייהם של המשתמשים בדרך, באמצעות עונשים משמעותיים שיהיה בהם כדי להרתיע את היחיד ואת הרבים.",train
מדוע יש להטיל פיצוי על הנאשם בנוגע לנזקים שנגרמו לנפגעי העבירה?,מעשיו של הנאשם מחייבים פיצוי הולם כהכרה בנזקים ובאובדן תחושת הביטחון שחוו נפגעי העבירה.,train
מהו האיזון שעל בית המשפט לבצע בין המלצת שירות המבחן לאינטרס הציבורי?,"המלצת שירות המבחן נסמכת על נסיבותיו האישיות של הנאשם, אך בית המשפט מחויב לשים לנגד עיניו גם את האינטרס הציבורי.",train
כיצד משפיע מצב כלכלי של הנאשם על ההחלטה להטיל קנס ופיצוי?,"חרף טענות ההגנה בנוגע למצבו הכלכלי של הנאשם – אין מנוס, במקרה דנן, מהשתת עיצומים כספיים מרתיעים בדמות קנס וכן פיצוי לפקח ולשוטר הנפגעים בכתבי האישום כא/2 – כא/3.",train
כיצד משפיעה ניתוק הקשר עם המתלוננת על הסיכון לפגיעות עתידיות?,"זכות הנאשם יש לקחת העובדה, כי ניתק קשר עם המתלוננת נפגעת העבירה, ובכך צומצם הסיכון לפגיעות עתידיות בה (הגם שהנאשם לא טופל ועדין קיימת מסוכנות לפגיעה במסגרת המשפחה כלפי בת זוג אחרת).",train
מדוע לא ניתן להסתפק בעונש מאסר נמוך במקרה זה?,בנסיבות מקרה זה אין להסתפק בעונש מאסר הנמוך של המתחם שאינו מתאים לנאשם אשר הוכח כי נשקפת ממנו מסוכנות בעצימות גבוהה.,train
מדוע לא נחשבת השתלבות הנאשם בהליך טיפולי כעילה לחריגה ממתחם הענישה?,"הגם שבסופו של דבר נאות הנאשם להשתלב בהליך טיפולי – הרי אין זה בבחינת מילת קסם המצדיקה חריגה ממתחם הענישה, כאשר אין עולה כלל צורך מיוחד בשיקום.",train
מהו המשקל של ההודאה במקרה זה עבור נפגעי העבירה?,"להודאה זו משקל חשוב במקרה דנן, היות שהיה בה כדי לחסוך מנפגעי העבירה, חלקים קשישים המתגוררים בדיור מוגן בכל רחבי הארץ, מלהגיע לבית המשפט ולהיחקר על הדוכן, מעמד שאינו קל, ואף לעיתים טראומטי בגילאים המבוגרים, בוודאי היה במעמד כזה כדי ליצור אצלם מתחים ולערער מצבם.",train
מהי הסיבה לכך שהעבירה של הדחה בחקירה לא נעברה בנסיבות עברייניות?,"בנוגע לעבירת ההדחה בחקירה, יש ממש בטענת ההגנה, כי העבירה, במקרה דנן, לא נעברה בנסיבות עברייניות ונראה, כי פעלו בני המשפחה, בהסכמה, במטרה להימנע מחשיפת האירוע.",train
מהו ההבדל בראיות בין תלונה אחת עם הפללה בודדת לבין מספר תלונות?,"במצב כזה – ברי, כי שונה המצב הראייתי, כאשר מדובר בתלונה אחת עם הפללה בודדת כלפיו, לעומת מצב בו מצטברות מספר תלונות, מאת גורמים שונים, והולכת ומתבהרת שיטת פעולה.",train
מה מצביע על הצורך בהקלה במסגרת מתחם הענישה במקרה זה?,כל אלה מצביעים לכיוון הקלה במסגרת מתחם הענישה.,train
מדוע נחשב סם קנביס לחומר ממכר עם פוטנציאל לנזקים חברתיים?,"על אף רוחות שונות הנושבות בתחום זה, גם סם מסוכן מסוג קנביס, הוא חומר ממכר, ששימוש מתמשך בו עלול לגרום נזקים לא קלים בתחום התובנה, תפישת המציאות ובייחוד בתחום התפקודי והתעסוקתי, ומכאן גם – נזקים חברתיים.",train
מהי החשיבות של היכולת הכלכלית של הנאשם בעת הטלת קנס?,"בהתאם להוראות הדין, בעת השתת עונש מסוג קנס, יתחשב ביכולתו הכלכלית של הנאשם.",train
מהו סוג הפיצוי שהנאשם מחויב בו בעקבות מעשיו?,"מעשיו של הנאשם מחייבים גם פיצוי הולם, שיהיה בו משום הכרה בנזקים ובאובדן תחושת הביטחון האישי שחוו נפגעי העבירה  אזרחים תמימים, שרכבם נגנב.",train
מהו ההיבט שהגביר את תחושת המסוכנות של הנאשם לעתיד?,גם בכך יש כדי להעצים המסוכנות העולה ממנו לעתיד.,train
מהו השיקול המרכזי שהוביל את בית המשפט לחרוג ממתחם הענישה הרגיל במקרה זה?,"במכלול הנסיבות, נוטה הכף לחריגה ממתחם הענישה מטעמי שיקום הנאשם, ובית המשפט מוצא לאמץ המלצות שירות המבחן בענינו, ולהסתפק בעונש חינוכי במסגרת צו של""צ.",train
מה ההבדל בין מדיניות הענישה הנוהגת למתחם העונש ההולם?,"בהקשר זה יש להדגיש, מדיניות הענישה הנוהגת ומתחם העונש ההולם – אינם זהים.",train
מדוע לא השית בית המשפט עונש מאסר בפועל על הנאשם?,"בית המשפט אינו רואה להשית עונש מאסר בפועל, ולו לריצוי בדרך של עבודות שירות, אשר עלול להביא לקטיעת הרצף התעסוקתי של הנאשם.",train
מהן ההשלכות החברתיות והכלכליות של עבירות סחר בסמים על פי פסיקות בתי המשפט?,"לעבירות אלה השלכות – הן מבחינת שלום הציבור ובריאותו, והן השלכות כלכליות, תוך גלגול כספים לא מדווחים, בהיקף גדול, אשר, בסופו של דבר, מגיעים למימון פשיעה, הימורים ושאר תופעות שליליות הפוגעות בכלכלת המדינה ובחברה.",train
מהו העיקרון המשפטי המונע את הימנעות הרשעה במקרה זה?,על כן די בעצם טיבם ועוצמתם של מעשי העבירה דנן למנוע הבאתם בגדרי החריג הנדיר של הימנעות מהרשעה.,train
כיצד מתאר בית המשפט את רמת האלימות במקרה זה ומהו מתחם הענישה שנקבע?,"בית המשפט מצין, כי המעשה ""מצוי ברף הגבוה של אלימות ברוטלית ומסוכנת"" וכי מתחם הענישה שנקבע שם – בין שישה ועד שמונה עשר חדשי מאסר בפועל – משקף איזון ראוי.",train
מדוע יש להטיל עיצום כספי משמעותי על הנאשמים?,"יש להשית עיצום כספי משמעותי על כל אחד מהנאשמים, על מנת להרתיעם מלשוב ולעבור עבירות דומות.",train
מדוע חשוב לבית המשפט לשקול את חלוף הזמן מאז ביצוע העבירות?,"בית המשפט יקח בחשבון גם את חלוף הזמן מאז שנעברו העבירות, כארבע שנים, כאשר אין אינדיקציה להסתבכויות נוספות עם החוק מאז אירועי כתב האישום.",train
מהי הסיבה לכך שבית המשפט לא מצא נסיבות לחריגה ממתחם העונש ההולם?,"במקרה דנן, לא מצא בית המשפט כי ישנן נסיבות המצדיקות חריגה כלשהי ממתחם העונש ההולם, בפרט לאור סירוב הנאשמת להמשיך בהליך הטיפולי.",train
מה השיקולים שהובילו את בית המשפט למקם את עונשו של הנאשם ברף הבינוני?,"בבחינה כוללת של השיקולים לחומרה ולקולה, מוצא בית המשפט ליתן הדגש על תעוזתו של הנאשם, על עברו הפלילי, על כך שהליכים קודמים לא הרתיעו אותו והנאשם לא השכיל לאמץ ההזדמנות שניתנה לו בבית משפט לנוער על מנת לשקם חייו, ומוצא למקם עונשו ברף הבינוני של המתחם.",train
מהו הממצא שהוביל את בית המשפט לאי מציאת נתונים להליך שיקומי?,"ברם, בית המשפט אינו מוצא, כי קיימים נתונים המלמדים על השתלבות בהליך שיקומי כזה, המצדיק חריגה ממתחם הענישה.",train
מהי ההמלצה העקרונית של בית המשפט לגבי העונש המוטל על הנאשם?,"במחלוקת זו – בנסיבותיו המיוחדות של נאשם זה – מבלי שיהיה בכך בבחינת תקדים למקרים אחרים – מוצא בית המשפט לאמץ, באופן עקרוני, את המלצת שירות המבחן למבוגרים ולהשית על הנאשם במסגרת צו של""צ, כשהטעם העיקרי לכך הוא להימנע מלהסיג מצבו של הנאשם לאחור בתהליך שיקומי.",train
מהו העונש המומלץ לנאשם זה בהתאם למתחם הענישה שנקבע?,"בנוגע לנאשם זה, ראוי היה להשית עליו עונש מאסר בפועל באמצע מתחם הענישה  ואולם, לנוכח טווח הענישה שסוכם במסגרת ההסדר – יושת עליו עונש על הצד הנמוך של מתחם הענישה, שהוא הצד הגבוה של טווח הענישה שסוכם, אם כי, לנוכח ההודאה אשמה שהביאה לחיסכון שיפוטי, תינתן לנאשם, לפנים משורת הדין, הקלה מסוימת, ולא ייגזר ענשו ברף המירבי של טווח הענישה במסגרת ההסדר.",train
מהו ההשפעה של עבירות גרימת נזק לרכב על תחושת הביטחון האישי של האזרח?,"עבירות של גרימת נזק לרכב, בין אם על ידי פירוק חלקים ובין אם בדרך אחרת, פוגעות בתחושת הבטחון האישי של האזרח ובקניינו.",train
מהי הסיבה לקביעת הענישה הספציפית במסגרת המתחם?,"קביעת הענישה הספציפית במסגרת המתחם נעוצה, ראש וראשית, בחומרת ההתעללות בבעל החיים ובמידת הסבל שנגרמה לו.",train
מהו הכיוון שבו נוטה הכף לאחר שקלול מכלול הנתונים בעניינו של הנאשם?,לאחר שבית המשפט שוקל את מכלול הנתונים שפורטו – נוטה הכף לכיוון ענישת הנאשם על הצד הבינוני של מתחם הענישה.,train
מדוע לא מתחשב בית המשפט ביכולת הכלכלית של העבריין בעת שומת הפיצוי?,"במקרים מסוג זה, יכולתו הכלכלית של העבריין אינה נתון בו על בית המשפט להתחשב בעת שומת הפיצוי.",train
מהן הרשעותיו הקודמות של הנאשם וכיצד הן משפיעות על ההליך המשפטי?,"המדובר במי שלחובתו הרשעות קודמות, לרבות בתחום האלימות, לרבות מאסר מותנה התלוי ועומד כנגדו, כשכל אלה – לא הרתיעוהו.",train
מהי ההנחיה לתביעה הכללית בנוגע לענישה בעבירות נשק ותחמושת?,"התביעה הכללית הונחתה לפעול לכיוון החמרת הענישה בעבירות אלה, לנוכח הסיכון הרב הנשקף מהן והאינטרס הציבורי במיגורן.",train
מדוע האינטרס של שיקום המערער נחשב לאינטרס ציבורי ממדרגה ראשונה?,"האינטרס של המערער בשיקומו אינה רק אינטרס של העבריין ואינו רק פועל יוצא מנתינת הדעת על נסיבותיו האישיות לטובתו הוא, אלא זהו אינטרס ציבורי ממדרגה ראשונה.",train
כיצד תורם בית המשפט למאבק באלימות בחברה?,"""חברתנו הפכה להיותה חברה אלימה, ותרומתו של בית-המשפט למלחמה באלימות היא בהטלת עונשים ראויים"".",train
מהי ההשפעה של הודאת הנאשם על תהליך המשפט והעדויות?,"לזכות הנאשם, יקח בית המשפט בחשבון את הודאתו באשמה, אשר חסכה מרעיתו ומהילדים הקטינים את מסירת עדותם במשפט, על כל המשתמע מכך .",train
כיצד משפיעה ההחזקת נשק תקני עם תחמושת על החומרה של העבירה במקרה זה?,"במקרה דנן, המדובר בהחזקת נשק תקני ואף תחמושת מתאימה, בתוך מחסניות, מוכנה לשימוש וכן בנאשם בעל הרשעה קודמת, במאטריה דומה (אחזקת נשק קר). כך שענינו של הנאשם דנן - חמור יותר.",train
מהי ההשפעה האפשרית של הרשעה פלילית על המשך העסקתו של הנאשם בשירות הציבורי?,"כאמור, להרשעה פלילית עלולה להיות, בהסתברות גבוהה, השפעה משמעותית בנוגע לשאלת המשך העסקתו של הנאשם בשירות הציבורי.",train
מדוע יש להטיל עונשי מאסר גם על מי שעובר עבירה זו לראשונה?,יבר כי הסכנה הטמונה בעבירה החמורה של החזקת נשק מצדיקה הטלת עונשי מאסר לריצוי בפועל גם על מי שזו עבירתו הראשונה.,train
מהו השיקול המשפטי שצריך להתחשב בו כאשר יש נתונים לחובת הנאשם?,נתונים אלה - מן הדין שילקחו לחובת הנאשם.,train
מהי תרומת בית המשפט לביעור הסיכון בכבישים בעקבות התנהגות עבריינית?,"על בית המשפט להרים את תרומתו לביעור הסיכון של הקטל בכבישים, אשר נגרם על ידי מי שאינו משווה לנגד עיניו את החובה לציית לחוק, ובעיקר את קדושת חייהם של המשתמשים בדרך, באמצעות עונשים משמעותיים שיהיה בהם כדי להרתיע את היחיד ואת הרבים.",train
מדוע טיב העבירה של השתתפות בהתקהלות אסורה אינו מאפשר הימנעות מהרשעה?,טיב העבירה של השתתפות בהתקהלות אסורה אינו מאפשר להימנע מהרשעה מבחינת האינטרס הציבורי.,train
מדוע יש לנקוט ביד מחמירה כלפי מעורבים בעבירות נשק?,"מציאות קשה זו מחייבת לנקוט ביד מחמירה כלפי מעורבים בעבירות נשק, אף אם הם נעדרי עבר פלילי.",train
מהו הסיכון שנגרם לחפים מפשע בעקבות העבירות שביצע הנאשם?,"ליתר מכך, לעבירות מסוג זה פוטנציאל לפגיעה בחפים מפשע, שעלול להתעורר חשד כלשהו נגדם (למשל: נצפו בקרבת כלי הרכב המדובר) וימצאו עצמם מובאים לחקירה ואף למעצר, על לא עוול בכפם.",train
מהו העיקרון המנחה בקביעת העונש בעבירות מסוג זה?,משפט הבכורה בסוג זה של עבירות חייב להינתן לצורכי ההרתעה ולשיקולי ההגנה על הציבור וההתחשבות בנסיבותיהם של העבריינים אינה יכולה להיות אלא משנית.,train
כיצד משפיעה מעמדו של הנאשם כאבטח על פן החומרה של העבירה?,"פן חומרה נוסף מתבטא בהיות הנאשם מאבטח, לובש מדים, נמצא במקום ציבורי ונתפס על ידי הציבור, כמי שאמון על הגנתו.",train
כיצד השפיעה הפסיקה על רף הענישה בעבירות אלימות במשפחה?,"כחלק מהצורך במלחמה בתופעה זו, החמירה אף הפסיקה את רף הענישה.",train
מהו המצב המשפטי לגבי קביעת פיצוי גבוה כאשר היכולת הכלכלית אינה גבוהה?,"מן האמור עולה, כי אין פסול בקביעת פיצוי גבוה יחסית (ובענייננו לא הגיע לא למירב שבחוק ולא קרב לסכומי הגזילה), אף מקום שהיכולת הכלכלית אינה גבוהה.",train
מדוע יש להרתיע גם את הציבור הרחב מפני עבירות סמים?,"על בית המשפט להרתיע היחיד והרבים מפני עבירות הסמים, ולהילחם בתופעה הקשה של נגע הסמים, הצוברת תאוצה בשנים האחרונות.",train
"מהו העיקרון המשפטי המנחה את הענישה בעבירות סמים, כפי שנדון בפסיקה?","על הצורך להילחם מלחמת חורמה בתופעה הזו, וחומרת הענישה שיש לנקוט כלפי המעורבים במערך הפצת הסמים, דובר רבות בפסיקה.",train
כיצד משפיעה מסירת הודעה כוזבת על הציבור ועל יכולת המשטרה לפעול?,"אף מסירת ההודעה הכוזבת למשטרת ישראל, פוגעת בכלל הציבור, כאשר מביאה לבזבוז משאבים וזמן של גורמי השיטור והחקירה לשוא, ובכך – לפגיעה ביכולת משטרת ישראל לבצע משימותיה ולהגן על הציבור מפני עבירות אחרות.",train
אילו ערכים מוגנים נפגעים ממעשי הנאשם באישום השני?,"המעשים של הנאשם באישום השני, פגעו בערכים המוגנים של בטחון ציבור משתמשי הדרך; שלמות גופם; ואף יש בכך אלמנט של פגיעה כלכלית, כיוון שעלויות הנזקים העלולים להיגרם ממעשי הנאשם, בסופו של דבר, יגיעו לפתחו של הציבור, בהתייקרות פרמיות הביטוח.",train
באילו נסיבות ניתן לבחון את החריג של אי הרשעה בעבירות מסוימות?,"החריג של אי הרשעה לא ייבחן כלל אלא משמדובר בעבירות שטיבן הינו+ כזה המאפשר, בהתקיים הנסיבות האישיות המיוחדות ,הימנעות מהרשעה.",train
מהו העיקרון המנחה לגבי עונש במקרים של עבירות מין כלפי קטינים?,"ככלל – ירוצה העונש במקרים מסוג זה בין כתלי בית האסורים, שכן, במקרים מסוג זה – המדובר לא פעם בנאשמים בעלי מאפיינים נורמטיביים, והצורך להגן על שלומם הנפשי והפיסי של נפגעי העבירה הפוטנציאליים – קטינים וקטינות – מחייב השתת ענישה מחמירה.",train
אילו שיקולים רשאי בית המשפט לקחת בחשבון בקביעת מתחם ענישה?,"בבואו של בית המשפט לקבוע מתחם ענישה, רשאי לקחת בחשבון מכלול שיקולים, בין היתר, נסיבות ביצוע העבירה; משך ההתנהגות העבריינית; מידת הפגיעה בערכים המוגנים; וכן, שיקולים נוספים.",train
מהו תפקיד נפיצות עבירות האלימות במשפחה בהחמרת הענישה?,"נפיצותן של עבירות אלה והצורך להגן על קורבנות האלימות שהם על פי רוב חסרי ישע, תורמים אף הם להחמרה הנדרשת בענישה בעבירות אלה.",train
מדוע החליט בית המשפט לחרוג ממתחם העונש ההולם במקרה זה?,"הגם שראוי היה למקם עונשו של הנאשם ברף הבינוני – נמוך של המתחמים, הרי לאור הנסיבות שפורטו לעיל, בחלוף תקופה ארוכה יחסית בה לא נפתחו תיקים חדשים נגד הנאשם (כפי שאישרה התביעה בהגינותה), מוצא בית המשפט, כי יש מקום לחרוג ממתחם העונש ההולם מטעמי שיקום הנאשם ולהעדיף אינטרס זה על פני שיקולי ההרתעה.",train
כיצד משפיע האינטרס הציבורי על הענישה בעבירות גניבת רכב?,"ככלל, ייסוג האינטרס האישי השיקומי של העבריין מפני האינטרס הציבורי, ככל שמדובר בעבירות אלה.",train
מהו העונש המומלץ למבצעי עבירות התפרצות כדי למנוע כדאיות כלכלית?,"נפסק לא אחת, כי יש להחמיר בעונשם של מבצעי עבירת ההתפרצות, באופן שייגזר עליהם עונש מאסר ממושך אשר יהיה בו מסר חד משמעי לעבריינים אלה הסבורים, כי ישנה כדאיות כלכלית בצידה של עבירת ההתפרצות.",train
מהו הסיכון המשפטי למעסיקים אם יפגע הנאשם במי מהנוכחים בעבודות השירות?,"הלא, אם יפגע הנאשם במי מהנוכחים במקומות העבודה – יהיו המעסיקים חשופים לתביעה בגין הסכמתם לקבלו תחת חסותם.",train
מהו העיקרון המשפטי המנחה את ההחלטה להטיל ענישה משמעותית על הנאשם?,"המעשים – הם שמדברים, והם מחייבים הטלת ענישה משמעותית.",train
מהו הנזק שנגרם למערכת המסחר והכלכלה בעקבות העבירות שביצע הנאשם?,"מעבר לפגיעה האישית בבני משפחת המנוח, המדובר בעבירות החותרות תחת מערכת המסחר והכלכלה במשק, שכן פוגעות באמון שניתן ליחס למסמכים כתובים.",train
מהו האיזון בין השיקולים השונים שהוביל להחלטת בית המשפט בענישה?,"באיזון בין השיקולים השונים לחומרה ולקולה, נוכח עברו הפלילי של הנאשם, תוך מתן משקל להודאתו של הנאשם  מוצא בית המשפט להשית על הנאשם העונשים כפי שסוכמו על ידי הצדדים, קרי: עונש מאסר בפועל על הצד הבינוני של המתחם; הפעלת עונש המאסר המתונה כשחלקו בחופף וחלקו במצטבר; עונשים של מאסר מותנה, הפעלת ההתחייבות להימנע מעבירה וקנס.",train
מהו הערך היסודי המוביל את ההבנה המשפטית לגבי חירות הפרט וההורים?,"חירות הפרט היא ערך יסוד בשיטתנו המשפטית וככלל – יש לזכור, כי ההורים הם הדואגים והמבינים את הטוב לצאצאיהם.",train
כיצד מדיניות של ענישה מכבידה בגין עבירות אלימות נגד שוטרים משרתת את האינטרס הציבורי?,מדיניות של ענישה מכבידה ומרתיעה בגין עבירות אלימות נגד שוטרים משרתת אינטרס זה ועל כן היא ראויה.,train
מהי המשמעות של הרשעה פלילית עבור הנאשם בהקשר ללימודיו?,"יש ממש דווקא בטענת התביעה, כי הנאשם עבר את העבירה לאחר שהחל את לימודיו, והיה ידוע לו, כי אם יורשע בפלילים, לא יקבל רישיון ולא יוכל לעסוק בתחום לימודיו.",train
מהו הגורם שהוביל את בית המשפט להטיל מאסר מותנה על הנאשם?,משלא הובררו עד תום מניעי הנאשם להחזקת כלי הנשק – מוצא בית המשפט גם להשית מאסר מותנה מרתיע.,train
מהי המשמעות של עבירות שנעברו תוך ניסיון להימלט מאימת הדין?,"משנה חומרה לעבירות, כאשר נעברו בכוונה להימלט מאימת הדין, תוך שהנאשם מנסה לברוח מניידת משטרה, כאשר הוא מחזיק ברכבו בסכין, וגם כאשר הוא יודע, כי הדבר לבטח יסתיים במעצרו.",train
מהו האינטרס הציבורי שגובר על האינטרס השיקומי של העבריין בעבירות אלו?,"ככלל, ייסוג האינטרס האישי השיקומי של העבריין מפני האינטרס הציבורי, ככל שמדובר בעבירות אלה.",train
מהי ההמלצה לגבי הפעלת המאסר המותנה במקרה זה?,בהעדר נסיבות מיוחדות המצדיקות הפעלת המאסר המותנה בחופף לעונש שהוטל – יש לפעול על פי שורת הדין ולהפעילו במצטבר.,train
מהו המצב המשפטי שנוגע לחומרת הענישה בעבירות סמים כפי שנדון בפסיקה?,"על הצורך להילחם מלחמת חורמה בתופעה הזו, וחומרת הענישה שיש לנקוט כלפי המעורבים במערך הפצת הסמים, דובר רבות בפסיקה.",train
מה השפעת ריבוי עבירות האיומים על קביעת מתחם הענישה במקרה זה?,"במקרה זה, לאור ריבוי עבירות האיומים; תוכן האיומים והקשרם, כאשר הנאשם מייחס למתלוננת ""בגידה"" וכאשר פעמיים אחז בסכין כאשר איים עליה, שיחתוך אותה; כאשר ילדתם הקטינה היתה עדה לאחד המקרים; וכאשר איים עליה פעם נוספת ברצח ובכך שישלח את אחיו להרוג אותה ככל שהוא ייעצר, מעידים על אובססיביות וניסיון לשלוט במעשיה של המתלוננת ולהגביל את חירותה; וכן לאור הערכת שירות המבחן בנוגע למסוכנות העולה ממעשיו של הנאשם - מוצא בית המשפט לקבוע מתחם ענישה הנע בין 12 ועד 24 חודשי מאסר בפועל.",train
כיצד השפיע האינטרס הציבורי על החלטת בית המשפט המחוזי בערעור על חומרת העונש?,"שבמסגרת מתחם כולל שנע בין 18 עד 42 חדשי מאסר, בשבתו כבית משפט לערעורים פליליים, דחה בית המשפט המחוזי, הרכב אב""ד כב' הנשיאה ר' יפה-כץ, ערעור ההגנה על חומרת העונש, תוך שמצא, כי חרף העדר אינדיקציה על שימוש פלילי או אחר המתוכן בנשק, ועל אף נסיבותיו האישיות של המערער שם (צעיר ללא עבר פלילי) – הרי הנסיבות האישיות ואינטרס השיקום, נדחים מפני האינטרס הציבורי של מיגור עבירות מסוג זה.",train
מהו תפקידו של בית המשפט במאבק נגד פגיעות בבעלי חיים?,על בית המשפט להרים חלקו לביעור התופעה של פגיעה בבעלי חיים.,train
מהו המשמעות המשפטית של נהיגה ללא רישיון?,"ברי, כי נהיגה בלי רישיון משמעה הסטטוטורי נהיגה ללא כישורי נהיגה, וממילא סיכון הזולת.",train
מהו העיקרון שנפסק לגבי עבירות הפגיעה באנשי המרות?,"אשר לעבירות, שענינן הפגיעה באנשי המרות, כפי המפורט בכתב האישום – כבר נפסק, לא פעם, כי על בית המשפט להציב חומת ברזל אל מול עובריהן.",train
מהו הקשר בין הרשעת הנאשם בעבירות לבין תפקודו כאחראי רעלים במפעל?,"עם זאת, אין בית המשפט מוצא קשר הכרחי בין הרשעת הנאשם בדין, בעבירות דנן, לבין תפקודו כאחראי רעלים במפעל, ולאור נטילת האחריות מצדו וסיום ההליך באופן שיקומי – אין הכרח, כי תישלל ממנו הסמכתו זו.",train
מהו ההיבט הנוסף של חומרה בעבירות מין המתרחשות במרחב האינטרנטי?,"בנוסף לחומרה עליה הצביע חברי בהקשר זה, אשר ציין כי בחדרים אלה רב הנסתר על הנגלה ומציאות החיים מלמדת שמתבצעות במרחב האינטרנטי עבירות, חשוב ליתן תשומת לב להיבט נוסף של חומרה, שגם אותו ציין חברי, הנובע מהעובדה שהקורבנות-הקטינות בענייננו שהו בביתן, בחדרן, במקום שאמור להיות מבצרן ומקום מבטחן, לשם הצליח המערער לחדור בתחבולות, לבצע את זממו, עבירות מין ועבירות סחיטה באיומים.",train
מהי הסיבה לכך שבית המשפט קיבל את הטענה לגבי השתלשלות האירועים לאחר התשלום הראשון?,נכון בית המשפט לקבל טענה זו לפיה השתלשלות האירועים שלאחר העברת התשלום הראשון לא היו באים לעולם אלמלא פעולות משטרת ישראל.,train
מהו המכלול של השיקולים שיכול בית המשפט לקחת בחשבון בקביעת מתחם הענישה לפי סעיף 40 לחוק העונשין?,"בהתאם להוראות סעיף 40 לחוק העונשין, תשל""ז - 1977, בבואו של בית המשפט לקבוע מתחם ענישה, רשאי לקחת בחשבון מכלול שיקולים, בין היתר, נסיבות ביצוע העבירה; משך ההתנהגות העבריינית; מידת הפגיעה בערכים המוגנים; וכן, שיקולים נוספים.",train
מדוע נלקח בחשבון חלוף הזמן למרות התארכות ההליך המשפטי?,"אמנם, התארכות ההליך, הן בחקירה והן בבית המשפט, מקורה היה, בין היתר, בהתנהגות הנאשם ובבחירות שערך, אך בכל זאת, לחלוף הזמן יש משקל מסוים, ובגינו, תינתן הנמכה מסוימת בעונש שיוטל במסגרת המתחם, ולו מבחינה זו, שיש בו כדי להעיד, כי מאז שעבר העבירות בהן הורשע הנאשם, אין עדות על הסתבכויות נוספות שלו עם החוק.",train
מהי המשמעות של הרשעה קודמת של הנאשם בעבירה של תקיפה כדי לגנוב על יחסו לנזקי רכוש?,"לחובת הנאשם הרשעה קודמת על עבירה של תקיפה כדי לגנוב, וכך יש לראות את יחסו לנזקי רכוש הזולת.",train
מהי אמת המידה הענשית שיש לנקוט בה כלפי מבריחי טלפונים סלולריים וכרטיסי סים?,"יש לנקוט אמת מידה ענשית מחמירה הן לגבי מי שמבריח את הטלפונים הסלולריים עצמם, הן לגבי מי שמבריח כרטיסי סים, והן לגבי מי שמשמיש את קווי התקשורת ומאפשר את השימוש בטלפונים הסלולריים ובכרטיסי הסים שהוברחו לכלא.",train
כיצד החמרה בענישה בגין עבירות סמים תורמת למטרות הגמול וההרתעה?,"החמרה בענישה בגין עבירות סמים משרתת את מטרות הגמול וההרתעה, שהן היעדים העיקריים של הענישה בתחום הסמים.",train
מהן התכליות השונות של פיצוי שנפסק לטובת נפגע עבירה?,"לפיצוי שנפסק לטובת נפגע עבירה קיימות מספר תכליות שונות... בין התכליות האמורות ניתן לציין את הבאות: מתן סעד לנפגע העבירה בטווח זמנים קצר, מבלי שייאלץ להמתין לסיום הליכים אזרחיים בעניינו; מניעת מפגש מחודש עם העבריין שפגע בו במסגרת של הליך אזרחי נוסף; הכרה חברתית בסבלו של הנפגע; העלאת מעמדו של קורבן העבירה בהליך הפלילי, כחלק מהמגמה לשלבו בהליך הפלילי ולהכיר בזכויותיו במסגרת הליך זה ואף יסוד של היטהרות לעבריין עצמו, שחיובו בפצוי לטובת הנפגע עשוי לתרום לשקומו.",train
מהו הממצא של שירות המבחן לגבי סיכוי השיקום של הנאשם והנזקים האפשריים אם יישלח למאסר?,"שירות המבחן מוצא סיכוי ממשי לשיקומו של נאשם זה, והדגיש, את הנזקים שעלולים להיגרם לו אם ישלח  למאסר בין כתלי בית האסורים.",train
מהי הסיבה לכך שבית המשפט לא חפף את עונש המאסר לעונש הנוכחי של הנאשם?,"אין בית המשפט מוצא עילה לחפוף את עונש המאסר לעונש אותו מרצה הנאשם, בייחוד לאור נסיבות ביצוע העבירה במהלך היותו אסיר.",train
כיצד השפיעה הודאת הנאשם באשמה על ההליך המשפטי?,"בית המשפט שקל את הודאתו באשמה ואת נטילת האחריות על מעשיו, במישור המעשה, כאמור, תוך נכונות לפיצוי של נפגעת העבירה.",train
מהו השיקול שצריך בית המשפט להביא בחשבון למרות חלוף הזמן?,"גם הגם שאין בחלוף הזמן כדי לאיין את שיקולי הענישה, או להביא לכך, שהנאשם 2 לא ירצה ענשו בין סורג ובריח, הרי, כפי שנקבע בפסקי הדין לעיל, יש בחלוף הזמן משום שיקול, אותו על בית המשפט להביא בחשבון.",train
מדוע יש צורך להציב גבול ברור וחד משמעי מול תופעות של מתן לגיטימציה לפעילות הנאשמים?,"מתן לגיטימציה לפעילות הנאשמים עלול להביא לאנרכיה ועל גורמי אכיפת החוק, ובכללם – בית המשפט – להציב גבול ברור וחד משמעי אל מול תופעות מסוג זה.",train
מהו המסר העונשי הנדרש כדי להגן על קטינים חסרי ישע מפני אלימות?,הצורך להגן על קטינים חסרי ישע מפני מבוגרים הפוגעים בהם פגיעות אלימות מחייב מסר עונשי חד משמעי.,train
מהו השיקול המרכזי המוביל ליד קשה עם העבריינים בעבירות רכוש?,"בית משפט זה עמד, לא פעם, על כך שחומרתן של העבירות, לצד נפוצותה של התופעה, מצריכות נקיטת יד קשה עם העבריינים.",train
כיצד הפגיעות הציבוריות נובעות מהמעשים שביצעו הנאשמים?,"המדובר במעשים הפוגעים בכלל הציבור, הן לאור הכבדת הנטל הכלכלי, הרובץ על כלל האוכלוסיה בארץ, בכך שמביאים לעליית פרמיות הביטוח, שכן, חברות הביטוח נאלצות לקחת בחשבון, כי חלק מהתביעות המוגשות להן – הן כוזבות, ובשל כך, נדרשות להקצות משאבים לחקירת התביעות; הן לאור בזבוז המשאבים והזמן של גורמי השיטור והחקירה, אשר גם הם נדרשים להקצות משאבים לבירור תלונת השווא, משאבים אשר, מטבע הדברים, באים על חשבון חקירות אחרות, שנפתחו בגין תלונות אמת.",train
מהו המניע הכלכלי שעומד בבסיס עבירות הסמים?,"באשר לעיצומים הכספיים, עבירות סמים, בבסיסן, נעברות מתוך מניע של רווח כלכלי, זאת על חשבון שלום הציבור ובריאותו.",train
כיצד השפיעה הודאת הנאשם על הבנת חומרת מעשיו?,"הנאשם הודה ונטל אחריות על מעשיו, אך נראה כי נטילת האחריות היתה בפן המילולי, מבלי שהנאשם מפנים את חומרת מעשיו.",train
מדוע יש להטיל עונשי מאסר גם על מי שעובר עבירת נשק בפעם הראשונה?,הסכנה הטמונה בעבירה החמורה של החזקת נשק מצדיקה הטלת עונשי מאסר לריצוי בפועל גם על מי שזו עבירתו הראשונה.,train
מדוע הימנעות מהרשעת המשיבה במעשי העבירה נוגדת את הכללים שנקבעו בפסיקה?,"מוצאים אנו, עם כל הצער שבדבר, כי הימנעות בית משפט השלום מהרשעת המשיבה במעשי העבירה שבוצעו על ידה, כמפורט בשני האישומים בהם הודתה, הימנעות זו נוגדת את הכללים והמבחנים שנקבעו בפסיקה לעניין אותם החריגים, שבהם ורק בהם, יש מקום להימנע מהרשעה.",train
מדוע יש הצדקה להחמיר בעונש במקרה זה?,"כיוון שמדובר בתופעה, שניתן להגדירה כ""מכת מדינה"" ולפיכך, מצדיקה לשוב ולהחמיר בבקשה.",train
כיצד יש לקחת בחשבון את הסיכון לשלום הציבור בהחזקת נשק שלא כדין?,"הסיכון שנשקף לשלום הציבור צריך להילקח בחשבון על ידי כל מי שמחזיק בידו נשק שלא כדין, גם אם אינו מחזיק בו למטרת ביצוען של עבירות אחרות.",train
מדוע יש צורך בנקיטת יד קשה עם העבריינים בעבירות התפרצות?,"בית משפט זה עמד, לא פעם, על כך שחומרתן של העבירות, לצד נפוצותה של התופעה, מצריכות נקיטת יד קשה עם העבריינים.",train
כיצד בא לידי ביטוי היצר התוקפני של הנאשם במקרה זה?,"יצרו התוקפני של הנאשם בא לידי ביטוי, במקרה זה, בנעיצת סכין בגופו של המתלונן ובפגיעות הקשות שגרם לו בסרעפת, והוא מלמד כי הנאשם מסוכן לציבור.",train
מהו האינטרס הציבורי שיש לקחת בחשבון בעת קביעת הענישה במקרה זה?,"יש לתת את הדעת, בין היתר, לאינטרס הציבורי שבהרתעת המערער וזולתו מפני הישנותן של עבירות מעין אלה, ולצורך להביע את סלידת החברה מן המעשים.",train
מהי הסיבה להטלת עיצום כספי משמעותי על הנאשם?,"למיטב השקלול הכולל, יש הצדקה להשתת עיצום כספי משמעותי.",train
מהי חשיבות הפנמת הנאשם את חומרת מעשיו והליך הטיפול שעבר?,"מידת הפנמתו של הנאשם את חומרת המעשים שביצע וכן הליך טיפולי שעבר, אף הם מהווים שיקול ממשי.",train
מהי הסיבה לכך שהחומרה המיוחסת למעשיו של הנאשם פחותה לעומת ספק התחמושת?,"מנגד, החומרה המיוחסת למעשיו של הנאשם, פחותה מזו של ספק התחמושת חליל אבו כף, הן משום שהנאשם רכש התחמושת ולא נתפס מעביר אותה לאחרים; והן משום שאותו חליל אבו כף פעל אל מול מספר מעורבים שונים.",train
מהי המדיניות המומלצת בענישה בגין סחר והפצה של סמים מסוכנים?,"בית משפט זה שב והדגיש כי על מדיניות הענישה בגין סחר והפצה של סמים מסוכנים, ובכללן סמים הנחשבים כ""סמים קלים"", להיות מרתיעה ומשמעותית, וכי יש לראות בחומרה ניסיונות לעשיית רווח כספי באמצעות סחר בסמים אלה.",train
מהי הסיבה לסיווג העבירות שביצע המבקש כחמורות במיוחד?,"לטעמי, צדקו הערכאות הקודמות כאשר סיווגו את העבירות שביצע המבקש כעבירות בעלות חומרה יתרה, הן בשל הסכנה הגלומה בהן לשלום הציבור, והן בשל העובדה כי גניבת רכב הפכה להיות 'מכת מדינה'.",train
כיצד השפיע מצבו הכלכלי של הנאשם על קביעת העיצום הכלכלי?,"בית המשפט נטל בחשבון את הטענות בדבר מצבו הכלכלי של הנאשם, אך אין מנוס מקביעת עיצום כלכלי משמעותי.",train
מהו ההיבט שנמצא לא מספק כדי להצדיק את מסקנת אי ההרשעה במקרה זה?,"גם ""היבטי השיקום"" שפורטו בתסקיר ואומצו על ידי ביהמ""ש קמא בגמר הדין – אינם בנסיבות הענין, כאלה המצדיקים את מסקנת אי ההרשעה.",train
מהו השיקול שהוביל להחמרה בעונש עבור גנבי בקר ומקנה לעומת גניבה רגילה?,"ראינו כי המחוקק ביקש להחמיר בעונשם של גנבי בקר ומקנה מעבר לגניבה ה""רגילה"", וגניבה זו היתה לעבירת פשע.",train
כיצד משפיעה כמות הסמים בהחזקת הנאשמים על גובה העיצום הכספי המוטל?,כמות הסמים בה החזיקו הנאשמים גדול מאוד ומצדיקה השתת עיצום כספי משמעותי.,train
מהי ההשפעה של עבירות הגניבה על האמון שניתן בנאשם מצד המעביד?,"מעבר לעצם הפגיעה הכלכלית במעביד, יש בעבירות אלה בבחינת מעילה קשה באמון, כאשר הנאשם השתמש בכלים שנתנו לו, במסגרת עבודתו, וכן בגישה לנכסי המעביד 4 תוך ניצולם לרעה, למען בצע כסף.",train
כיצד על בתי המשפט לפעול במסגרת המאבק באלימות כלפי עבריינים?,במסגרת מלחמה זו שומה על בתי המשפט להכביד את הענישה על עבריינים אלו.,train
מהו התנאי הנדרש כדי לשקול שיקום כבסיס לחריגה ממתחם הענישה?,"שיקום אינו בבחינת מילת קסם המאפשרת חריגה ממתחם הענישה בכל עת, אלא עליו להיות נסמך על מצוקה מיוחדת, התמכרות, או נסיבות חריגות המצדיקות התחשבות בעברין, וכן מגובה בתכנית טיפולית שיקומית מתאימה.",train
מהו השיקול המרכזי שיביא את בית המשפט לקביעת הענישה במסגרת המתחם?,"אשר לקביעת הענישה במסגרת המתחם – לחומרה ישקול בית המשפט הנתונים שעלו, בין היתר, מהמוצגים שהוגשו מטעם הצדדים, בנוגע לאופיו של הנאשם, לרבות שימוש בסמים מסוכנים במהלך כליאתו וכן התנהלותו המניפולטיבית.",train
מהו המיקום שנקבע לעונש הנאשם במתחם הענישה בהתאם לשיקולים שנלקחו בחשבון?,"במכלול השיקולים, ייקבע עונשו של הנאשם בחלקו התחתון של מתחם הענישה, אולם, לא בתחתיתו.",train
מהי עמדת בית המשפט לגבי פגיעות בערכים המוגנים במקרים של אלימות?,"סבור בית המשפט, כי המדובר בפגיעה חמורה בערכים המוגנים ומוצא להעמיד את מתחם ענישה, כך שינוע בין 12 ועד 28 חודשי מאסר בפועל.",train
מהו העיקרון המשפטי המנחה את בית המשפט במקרים של תקיפה כלפי אנשים עם מוגבלות?,"על בית המשפט לספק הגנה דווקא לאותם הסובלים ממוגבלות, אשר אינם מסוגלים לעמוד על זכויותיהם, וזוהי נקודת המוצא בעת יבוא לגזור את הדין, כי תקיפה מסוג זה היא בעלת כיעור מיוחד ודורשת התייחסות מחמירה יותר.",train
אילו שיקולים נוספים יש לקחת בחשבון בעת קביעת מתחם העונש ההולם?,"בבואו של בית המשפט לקבוע את מתחם העונש ההולם, עליו לשקול, בין היתר, את מדיניות הענישה הנוהגת, אך שיקול זה – כמובן אינו היחיד.",train
מדוע יש מקום להשתת פסילה משמעותית על הנאשם בעבירות סמים ותעבורה?,"עבירות הסמים מצדיקות השתת עונשי פסילה, בפועל ועל תנאי, כשבנוגע לנאשם, בהיותו נוהג ברכב תחת פסילה וכן לאור הרשעותיו בעבירות תעבורה ועברו התעבורתי, כמו גם היותו מכור לסמים קשים – יש מקום להשתת פסילה לתקופה משמעותית, שתבטיח הרחקתו מהדרך לזמן רב ותאפשר בחינה מחדש של עצם התאמתו לנהיגה.",train
מהן החובות המיוחדות המוטלות על מייצג בהליך פלילי?,"המייצג אדם בהליך הפלילי – כקונה אדון לעצמו, ומשנתמנה לטעון בשם פלוני ולהגן עליו במסגרת ההליך הפלילי, שומה עליו לדעת כי מצוות הייצוג וההגנה חלה בו יותר מבשולחו, עד כי במצבים מסויימים ובנסיבות המתאימות, נכון יהיה להחיל עליו חובות עשה הנובעות, כאמור, מחובות שבהגינות ובשמירת אמונים ללקוח.",train
מהו ההבדל בין הנסיבות המיוחדות במקרה זה לבין המקרה הקודם שבו הוקמה חריגה ממתחם הענישה?,"הנסיבות המיוחדות, שהוכחו באותו מקרה – אינן יפות למקרה דנן, בו אין כל סיבה לחריגה ממתחם הענישה.",train
מהו השיקול המרכזי שיש לתת עליו משקל בעבירות סחר והפצה של סמים מסוכנים?,"על חומרתן של עבירות סחר והפצה של סמים מסוכנים ועל הצורך להיאבק בהן באמצעות ענישה משמעותית ומרתיעה עמד בית משפט זה לא אחת, תוך הדגשה שבעבירות אלה יש ליתן משקל ממשי לשיקול ההרתעתי אל מול השיקולים האישיים.",train
כיצד משפיעה היסטוריית העבר של הנאשם על גובה העונש שניתן לו?,"בית המשפט שוקל את כל השיקולים לחומרה ולקולא, ובחסר היסטוריית עבר מקבל עונש בפסגת הצד הנמוך של מתחם הענישה לנוכח מאפייני החומרה.",train
מהי המסקנה לגבי הענישה לאור היעדר הסתבכויות קודמות?,"מכלול השיקולים מביא, אם כן, למסקנה, כי חרף היעדר הסתבכויות קודמות, לא תוכל הענישה לעמוד על הצד הנמוך ביותר של המתחם.",train
מהן שתי הדרישות להימנעות מהרשעה לפי ההלכה הפסוקה?,"ההלכה שהשתרשה בפסיקת ביהמ""ש היא, כי הימנעות מהרשעה אפשרית בהצטבר שני גורמים: ראשית, על ההרשעה לפגוע פגיעה חמורה בשיקום הנאשם, ושנית, סוג העבירה מאפשר לוותר בנסיבות המקרה המסוים על ההרשעה בלי לפגוע באופן מהותי בשיקולי הענישה האחרים (ר' בענין תמר כתב המוזכר לעיל וכן ר' ע""פ 9893/06  אסנת אלון-לאופר נ' מדינת ישראל, [פורסם בנבו] פס""ד של ביהמ""ש העליון מיום 31/12/07).",train
כיצד שירות המבחן תומך בהתרשמות לגבי שאיפות הנאשם לאורח חיים נורמטיבי?,"מכאן, שיש תימוכין להתרשמות שירות המבחן, כי הנאשם שואף לאמץ אורח חיים נורמטיבי.",train
מהו המצב המשפטי הנוגע לחומרת הענישה על הפצת סמים?,"על הצורך להילחם מלחמת חורמה בתופעה הזו, וחומרת הענישה שיש לנקוט כלפי המעורבים במערך הפצת הסמים, דובר רבות בפסיקה.",train
מהי ההקלות שניתנות לנאשם בהפעלת המאסרים המותנים בעבירה של אלימות מילולית?,"על אף ששורת הדין הינה, להפעיל המאסרים המותנים במצטבר לעונש שיוטל, הרי לנוכח כך, שבסופו של דבר, המדובר בעבירה שענינה אלימות מילולית, תינתן לנאשם הקלה, במסגרתה יופעלו המאסרים המותנים במצטבר זה לזה, אך באופן חופף במלואו לעונש שיוטל.",train
מהו הפוטנציאל לנזק גופני במקרה שהמתלונן היה תופס את הנאשם בעת מעשה?,"הנזק שנגרם היה ממוני, אך פוטנציאל הנזק, אילו התעורר נפגע העבירה ותפס את הנאשם בעת מעשה, היה יכול להגיע עד כדי פגיעות גופניות, בפרט, כאשר הנאשם הגיע בצוותא עם מעורב נוסף, והמתלונן היה עלול למצוא עצמו במיעוט כוחות נגד השניים.",train
מהו מתחם הענישה שנקבע בגין עבירת הפציעה במקרה זה?,"בנסיבות אלה, תוך ההתאמות הנדרשות אל מול המקרים אשר הובאו לעיל, אשר, בחלקם, התייחסו לאירועי אלימות שאינם בודדים ואף כוונו כלפי מספר בני משפחה – יועמד מתחם הענישה בגין עבירת הפציעה, במקרה דנן, בין 10 – 20 חדשי מאסר בפועל.",train
מהו שיקול הענישה שנלקח בחשבון בהתחשב במועד אכיפת האיסור?,"שקלול הגורמים דלעיל, ובייחוד הקרבה למועד, בו החלה אכיפת האיסור, מצביע על ענישה שתהיה ברף הנמוך של המתחם, לצד מאסר מותנה ועיצום כספי.",train
כיצד משפיע האיום על חופש הביטוי של הפרט?,"האיום הוא אפוא ביטוי שהמשפט מטיל עליו מגבלות תוך פגיעה בחופש הביטוי, וזאת כדי להגן על ערכים אחרים ובהם שלוות נפשו, ביטחונו וחירות פעולתו של הפרט.",train
מהי השפעת ההודאה של הנאשמת על הליך הענישה?,"מנגד, הודתה הנאשמת באשמה, אם גם לא בהזדמנות הראשונה, נטלה אחריות על מעשיה וחסכה זמן שיפוטי.",train
מדוע רואה בית המשפט צורך להטיל קנס על הנאשם במקרה זה?,"עוד רואה בית המשפט להשית על הנאשם קנס, וזאת לנוכח יתר הערכים המוגנים בהם פגע, שהם בעלי משמעות לכלל הציבור.",train
מדוע יושתו על הנאשם מאסרים מותנים במסגרת גזר הדין?,"כמובן, יושתו על הנאשם מאסרים מותנים, לבל ישלח שוב ידו ברכוש הזולת או יסכן את הציבור בנהיגה כאשר אינו מורשה לכך.",train
מהו מתחם הענישה שנקבע במקרה זה על ידי בית המשפט?,"במכלול השיקולים, מוצא בית המשפט לקבוע מתחם ענישה, במקרה דנן הנע בין שלושה חודשי מאסר, אשר יכול שירוצו בדרך של עבודות שירות, ועד 12 חודשי מאסר בפועל.",train
כיצד נוצר יחס בלתי הולם בין הענישה על פריצה וגניבת רחוב לבין ענישה על גזל כספים ציבוריים?,"נוצר לפרקים יחס בלתי הולם בין הענישה המוטלת על עבריין הנאשם בפריצה וגניבת רחוב, לבין ענישה הנגזרת על נאשם רב מעללים, הגוזל מיליונים מכספי ציבור תוך הפרה עמוקה של חובות נאמנות ומוסר בסיסיים.",train
מהו המתחם הכולל שנקבע על ידי בית המשפט לאור הדמיון בין האירועים?,"היות שהמדובר באירועים בעלי מאפיני דימיון, מוצא בית המשפט לקבוע חפיפה חלקית בין מתחמי הענישה ולהעמיד המתחם הכולל בין 6 חדשים ועד לשנתיים מאסר בפועל.",train
מהו הרושם שהותיר בית המשפט לגבי התהליך שעבר הנאשם במסגרת הקהילה הטיפולית?,"הגם שהנאשם לא השלים את ההליך במסגרת הטיפולית, בית המשפט מתרשם, כי במהלך שהותו בקהילה הטיפולית הסגורה, אותה סיים בהצלחה, עבר כברת דרך, והפיק לקחים לעתיד.",train
מהו הערך המוגן שנפגע בעקבות מעשיו של הנאשם?,הנאשם פגע בערכים המוגנים של שלמות התא המשפחתי; שמירה על תחושת הביטחון של הפרט; זכותו של הפרט לשלמות גופו וכבודו; שמירה על שלטון החוק.,train
כיצד משפיעות הרשעות תעבורתיות על יחסו של הנאשם לחוק ולציבור?,"לחובת הנאשם הרשעות תעבורתיות, אשר מעידות על יחסו לחוק וציבור משתמשי הדרך.",train
"מהו המצב המשפטי בנוגע להליך שיקומי והשפעתו על הענישה, כפי שנפסק בפסיקה?","כפי שנפסק לא פעם, הליך שיקומי, אם גם משמעותי ואינטנסיבי, בו השתתף נאשם - אינו חזות הכל, וראו, לענין זה, ע""פ 6237/10 פלוני נ' מדינת ישראל (פורסם במאגרים):  אמנם ניכר, כי ההליך הטיפולי שעבר המערער חולל בו שינוי מסוים, שאף הביא להפחתת רמת המסוכנות שיוחסה לו.",train
מהו ההיבט המשפטי שמגביר את חומרת המעשים כאשר הם נעשים באמצעות רשת האינטרנט?,"העובדה שהדבר נעשה באמצעות רשת האינטרנט ולא, למשל, ברחוב, פנים אל פנים, אינה מפחיתה מחומרת המעשים וניתן אף לומר שבמידה מסויימת מגבירה עובדה זו את חומרת המעשים.",train
מהו האלמנט של אכזריות הקיים בעבירת גניבת הצאן?,"אשר לגניבת הצאן, נוסף על הנזקים הנובעים מעבירות רכוש, קיים בעבירה זו אלמנט של אכזריות כלפי בעלי החיים, שגם להם נשמה ורגש, הם קשורים לבעליהם, ובעליהם קשורים אליהם.",train
כיצד משפיעה הודאת הנאשמת בחקירה על הערכת אחריותה למעשים המיוחסים לה?,"הנאשמת הודתה בכל המיוחס לה עוד בחקירתה במשטרה, ובטרם נועצה בעורך דין, ובכך יש ללמד, כי נטלה אחריות על מעשיה ומצרה עליהם.",train
"מדוע לא ניתן לקבל את הטענה שהנאשם ""נקלע"" לעבור עבירות אלו?","אין המדובר במעשים, אשר נעשו ללא שיקול דעת, ואין גם לקבל, כי מאן דהוא ""נקלע"" לעבור עבירות מסוג זה.",train
מדוע אין להתחשב ביכולת הכלכלית של העברין בעת שומת הפיצוי?,יכולת הכלכלית של העברין אינה נתון בו על בית המשפט להתחשב בעת שומת הפיצוי.,train
כיצד החזקת נשק שלא כדין משפיעה על שלום הציבור ובטחונו?,החזקת נשק שלא כדין מאיימת על שלום הציבור ובטחונו.,train
מהן המטרות העיקריות של הענישה בעבירות סמים לפי בית המשפט?,"הענישה בעבירות מסוג זה נועדה, קודם לכל, לשרת את מטרת הגמול לעבריין על עיסוק בסם העלול לסכן חיי אדם ולפגוע בבריאות המשתמשים בו; שנית, על העונש להעביר מסר חד-משמעי של הרתעה ביחס לעבריינים פוטנציאליים, ולשמש אות אזהרה אפקטיבי לכל מי שמתכוון לקחת חלק במערכת ההעברות והסחר בסמים, תהא אשר תהא הפונקציה אותה הוא ממלא בשרשרת זו של העברת הסם מיד ליד.",train
מהו תפקידו של בית המשפט במקרים של אלימות כלפי המתלוננת?,"תפקידו של בית המשפט הוא להסתכל על התמונה כמכלול וליתן המענה המתאים לבטחונה של המתלוננת, כאשר קשה לחמוק מן המסקנה, כי שלומה ואף חייה יהיו נתונים לסכנה ממשית, מצדו של הנאשם, ואין המדובר בחשש בעלמא.",train
מהו העונש המירבי שנקבע לעבירה של הפרעה לשוטר במילוי תפקידו?,"אשר לעבירה של הפרעה לשוטר במילוי תפקידו, לא בכדי קבע המחוקק עונש מירבי של שלוש שנות מאסר ועונש מינימאלי של שבועיים מאסר.",train
מדוע יש צורך בשוטרים למלא את תפקידם ללא מורא ופחד?,אינטרס הציבור מחייב אפוא ששוטרים יוכלו למלא את תפקידם ללא מורא ופחד.,train
כיצד משפיעה פרוגנוזה חיובית של שירות המבחן על הנאשם בעבירה זו?,"כן, תילקח לזכותו של הנאשם, פרוגנוזה חיובית מטעם שירות המבחן למבוגרים.",train
כיצד משפיעה תכנון מוקדם של העבירה על שיקול הענישה של הנאשם?,"לחובת הנאשם, יש לזקוף את העובדה, כי המדובר בעבירה, אשר נעברה לאחר תכנון מוקדם, תוך פניה לאשה הנוספת ועריכת הנישואין עמה.",train
מהי החומרה המיוחסת לעבירות מס לפי פסיקות בית המשפט?,"בית משפט זה כבר קבע, לא אחת, כי עבירות המס מתאפיינות בחומרה יתרה נוכח פגיעתן הישירה- בקופה הציבורית, והעקיפה- בכיסו של כל אזרח, ולאור חתירתן תחת ערך השוויון בנשיאת נטל המס.",train
כיצד משפיעים מעשי תקיפה ואיומים כלפי שוטרים על החברה הדמוקרטית?,"מעשי תקיפה ואיומים כלפי שוטרי משטרת ישראל, רק מפני שהם ממלאים את תפקידם כחוק, מערערים את המוסכמות הבסיסיות ביותר של החברה הדמוקרטית בה אנו חיים.",train
מדוע יש להגן על שוטרי משטרת ישראל מפני פגיעות בעבודתם?,"שוטרי משטרת ישראל כמו שאר אנשי זרועות הביטחון עושים לילות כימים למען שמירה על ביטחון הציבור, ועל כן מחויבים אנו  לעשות ככל הניתן על מנת להגן עליהם מפני מי שמנסים להלך עליהם אימים ולפגוע בעבודתם החשובה, אשר נעשית למען כלל הציבור ולהבטחת ביטחונו האישי.",train
כיצד משפיעות הבחירות של הנאשם על זכאותו להקלות בעונש?,"בחירותיו אלה – הן כמובן – במסגרת הזכויות הנתונות לו בדין ולא תבואנה לחובתו, אך מנגד – אינו זכאי להקלה, שזכאי לה מי שבחר להודות וליטול אחריות על מעשיו.",train
מהו השיקול שיילקח בחשבון לטובת הנאשם במהלך גזר הדין?,"לזכות הנאשם, יילקח בחשבון היעדר הרשעות קודמות.",train
מדוע האמון בין סניגור ללקוח הוא משמעותי במיוחד בהליכים פליליים?,"האמון הנלווה ליחסים בין סניגור פלילי לבין לקוח משמעותיים, שכן, המדובר בדיני נפשות.",train
מהו המידע שמצביע על כשל ערכי עמוק בעבירות שעבר הנאשם?,"העבירות שעבר הנאשם מלמדות על כשל ערכי עמוק, ולהן מספר פנים של חומרה.",train
כיצד משפיע חלוף הזמן מאז ביצוע העבירות על קביעת הענישה?,חלוף הזמן מאז ביצוע העבירות לא מצדיקה חריגה ממתחם הענישה אך לוקחת בחשבון משקל מסוים במסגרת קביעת הענישה.,train
מדוע הוטלו עיצומים כספיים כבדים על כלל הנאשמים במקרה זה?,"בנוגע לכלל הנאשמים – מוצא בית המשפט להשית עיצומים כספיים כבדים ומרתיעים, בדמות קנסות, וזאת מאחר שהמדובר בפעילות עבריינית, אשר הונעה על ידי העברת כספים בהיקף שאינו מבוטל.",train
מהו דירוג החומרה של העבירה המיוחסת לנאשם?,העבירה שעבר הנאשם היא ברף גבוה מבחינת חומרתה.,train
מהו השיקול שהנחה את בית המשפט לחזק את ידיהם של בתי המשפט הדיוניים בעבירות הכרוכות במקרה זה?,המעט שבידי בית משפט זה לעשות הוא לחזק את ידיהם של בתי המשפט הדיוניים בראייה מחמירה של העבירות הכרוכות בכך),train
מהו הקשר בין החמרת הענישה לבין מספר העבירות שנעברו לאחרונה באמצעות כלי נשק?,"הצורך בהחמרת הענישה נומק במספר הרב של העבירות, אם פליליות ואם כאלה נגד בטחון המדינה, שנעברו לאחרונה, באמצעות כלי נשק, ואף הביאו, לעיתים מזומנות, לפגיעה באזרחים בלתי מעורבים.",train
מהו מתחם הענישה שהציע בית המשפט במקרה זה?,"מותב זה אימץ עתירת התביעה למתחם ענישה הנע בין 12 ועד 24 חודשי מאסר, תוך שהבהיר בגזר דינו, כי ראוי היה לקבוע מתחם ענישה גבוה יותר.",train
מהו המידע המצביע על כך שהחזקת הסמים נועדה להפצה ולא לצריכה עצמית?,"הגם שמדובר בעבירה אחת של החזקת סם שלא לצריכה עצמית, הרי שאופן החזקת הסמים; כמות הסמים; המגוון הרחב של הסמים; אופן חלוקת הסמים; וכן ראיות שהובאו לפני בית המשפט, המלמדות על מעורבות עמוקה בעולם הסמים, לרבות בתחום הסחר בסמים מסוכנים – מצביעים על כך, שמטרת החזקתם היתה, בין היתר, להפצה.",train
מדוע נחשבת הנגישות והקלות של ההתקשרויות כגורם המגביר את הפגיעות של הקטינים?,"זאת, בשל הנגישות, קלות הביצוע ושאר הנימוקים שנזכרו לעיל, כמו גם משום הפגיעות הרבה יותר אשר מספר כה רב של התקשרויות יוצר אצל הקרבנות הקטינות, אשר בכל פעם שהן נכנסות לאינטרנט, או משיבות לשיחת טלפון, הן מוצאות את הנאשם, הטרדותיו המיניות ואיומיו.",train
מהו השיקול המרכזי להקל בעונש במקרה של שיקום הנאשם?,"במכלול הנסיבות, נוטה הכף לחריגה לקולה ממתחם הענישה מטעמי שיקום הנאשם, ובית המשפט מוצא לאמץ המלצות שירות המבחן בענינו, ולהסתפק בעונש חינוכי במסגרת צו של""צ.",train
מהן הנסיבות שהובילו לקביעת מתחם ענישה של 28 עד 48 חודשי מאסר?,"בנסיבות האמורות, לאור ריבוי העבירות; לאור הנזק הכספי שנגרם למתלוננים; לאור פוטנציאל הנזק ממעשי הנאשם, אשר כאמור לעיל, נשא על גופו סכין שלא למטרה כשרה ואף איים על מתלונן אשר תפס אותו בשעת מעשה; לאור הפגיעה הקשה בתחושת הביטחון של כל אחד מנפגעי העבירה; מידת האנטי חברתיות העולה מהתנהגות הנאשם; מוצא בית המשפט לקבוע מתחם ענישה הנע בין 28 ועד 48 חודשי מאסר בפועל.",train
מדוע יש צורך בענישה משמעותית בעבור עבירות גניבת רכב?,"עבירות אלה מחיבות ענישה משמעותית, בעולם המעשה, על מנת להרתיע את עובריהן ולהפוך אותן ללא כדאיות.",train
מהו רף הענישה הראוי שנקבע למי שעבר עבירות לראשונה לעומת מי עם עבר כבד?,"קבענו לא אחת, כי רף הענישה הראוי הינו בין שנים עשר חודשי מאסר בפועל, למי שזו לו מעידתו הראשונה לבין 3 ואף 4 שנות מאסר, למי שבאמתחתו עבר כבד ומכביד.",train
מהן הנסיבות שצריך לשקול בית המשפט בעת קביעת הענישה עבור הנאשם?,"אשר לקביעת הענישה במסגרת המתחם האמור, על בית המשפט לשקול, בין היתר, את עברו של הנאשם, נסיבותיו האישיות, והפרוגנוזה של גורמי ההערכה בענינו.",train
מהן הסיבות שהובילו לקביעת מתחם הענישה בין 24 ל-48 חודשי מאסר?,"לאור ריבוי העבירות; התכנון שקדם להן; התחכום הרב; האופרציה שנוהלה על ידי הנאשם; ובשים לב לגובה הכספים שנתקבלו במרמה, ראוי היה להעמיד את מתחם הענישה כך שינוע בין 24 ועד 48 חודשי מאסר.",train
מדוע יש חשיבות יתרה לשימוש בעונש הקנס בעבירות כלכליות?,"בעבירות כלכליות נודעת חשיבות יתרה לשימוש בעונש הקנס, וכך גם בעבירות שכתוצאה מהן נגרם נזק כלכלי לאדם או לציבור בכללותו.",train
מהו המשמעות של כלל העבירות בהן הורשע הנאשם ביחסו למערכת החוק?,"כלל העבירות בהן הורשע הנאשם מלמדות על יחסו למערכת החוק, במובן הרחב.",train
מהו האינטרס הציבורי שיש לקחת בחשבון בעניינו של המערער?,"בענייננו, יש לתת את הדעת, בין היתר, לאינטרס הציבורי שבהרתעת המערער וזולתו מפני הישנותן של עבירות מעין אלה, ולצורך להביע את סלידת החברה מן המעשים (ע""פ 10673/04 פלוני נ' מדינת ישראל).",train
כיצד משפיע האינטרס השיקומי על שיקולי הענישה בעבירות גניבת רכב?,האינטרס השיקומי הינו חלק ממכלול השיקולים אשר נלקחים בחשבון במסגרת שיקוליה ענישה.,train
מדוע אין להחמיר את דינו של הנאשם למרות שלא הודה בעבירה?,"מובן, כי אין בכך כדי להחמיר את דינו, אך מנגד, אינו זכאי להקלה הניתנת למי שהודה בעבירה ונטל אחריות.",train
מהן הנסיבות שהובילו לפגיעה חמורה בנפגעת העבירה במקרה זה?,"במקרה דנן, כאמור, הנסיבות האופפות את העבירה הביאו לפגיעה חמורה, המשתקפת בתסקיר הנפגעת.",train
מהו העונש הצפוי למי שמשתמש בנשק קר לפתרון מחלוקות?,"מי שמעז לפתור מחלוקות של מה בכך תוך שימוש בנשק קר – יתן את הדין בענישה משמעותית, מאחורי סורג ובריח, וזאת הן אם המדובר באירוע אותו יזם והן בהסלמה של אירוע בעצימות נמוכה יותר.",train
מהו המגוון של השיקולים שעל בית המשפט לקחת בחשבון לפי סעיף 40ט' לחוק העונשין?,"בהתאם לסעיף 40ט' לחוק העונשין, תשל""ז – 1977, בבואו של בית המשפט לקבוע מתחם ענישה, רשאי לקחת בחשבון מכלול שיקולים, בין היתר, נסיבות ביצוע העבירה; משך ההתנהגות העבריינית; מידת הפגיעה בערכים המוגנים; וכן, שיקולים נוספים.",train
מדוע יש להוקיע בחומרה מעשים של פגיעה בעובדי ציבור?,"יש להוקיע בחומרה רבה מעשים בהם אדם לוקח את החוק לידיו, לשם פגיעה והעלבה בעובדי ציבור במהלך מילוי תפקידם.",train
מהו הפוטנציאל הסיכון הנוסף הנובע מהנאשם בהקשר לנהיגה ברכב מנועי?,"אמנם, בעת הערכתו - מסר דגימה, שנמצאה נקיה משרדי סם אך עצם ההיכרות עם עולם הסמים והשימוש בהם 0 גם אם אינו קבוע 0 יש בה כדי ללמד על פוטנציאל סיכון נוסף הנובע מהנאשם, בייחוד בקשר לנהיגה ברכב מנועי.",train
מדוע נהיגה ללא רישיון נהיגה נחשבת לפוגעת בערכים המוגנים של הציבור?,"עבירה של נהיגה ללא רישיון נהיגה פוגעת בערכים המוגנים של ביטחון ציבור משתמשי הדרך; שלמות גופם; ואף יש בכך אלמנט של פגיעה כלכלית, כיוון שעלויות הנזקים העלולים להיגרם ממעשי הנאשם, בסופו של דבר, יגיעו לפתחו של הציבור, בהתייקרות פרמיות הביטוח.",train
מהו השיקול המרכזי להימנע מהטלת מאסר בפועל על הנאשם?,"היעדר יסתבכויות נוספות מאז שנתפס הנאשם דנן, כאשר יצוין, כי מאז המעשים בגינם הורשע חלפו ארבע עד חמש שנים ולא נטען כי הנאשם הסתבך שוב עם החוק; היעדר הסתבכויות משמעותיות לפני הסתבכויותיו אלה; שיתוף הפעולה בהליך הטיפולי ואף שיתוף הפעולה בחקירה  מצדיקים  נקיטה במהלך שיקומי, במסגרתו לא יוטל על הנאשם מאסר בפועל בכליאה ממשית, אלא, מאסר, שיומר לריצוי בדרך של עבודות שירות.",train
מהו העונש המוצע לנאשם כדי להמחיש את חומרת מעשיו?,"על מנת להמחיש לנאשם את חומרת מעשיו – יושת עונש שהיקפו גדול מזה שהומלץ וכן יושתו על הנאשם עונש מאסר צופה פני עתיד וכן עיצום כספי משמעותי מסוג קנס, שיהיה בהם כדי להמחיש לו את מחיר הסתבכותו.",train
מהן הנסיבות המקלות שיש לקחת בחשבון לזכות הנאשמים?,"לזכות הנאשמים יש ליקח את הודאתם באשמה; וכן העובדה, כי הם נעדרים עבר פלילי.",train
מהו השיקול המרכזי להחמרת הענישה על מחזיקים בסמים שלא לצריכה עצמית?,"אין מנוס מהכבדת היד על המחזיקים סמים שלא לצריכה עצמית, שכל בר דעת מבין כי נועדו לצריכת הזולת, קרי, להוספת שמן על מדורת הסמים אשר להבותיה אופפות רבים וטובים, או רבים שהיו טובים.",train
מהו הקשר בין גיל הנאשם לתהליך השיקום שלו?,"גילו של הנאשם, עם התובנות שהגיעו, ככל הנראה, בעקבותיו – מגדילים את הסיכוי לכך, ששיקומו מבוסס על הבנה והפנמה של הפסול באורחות חייו הקודמות.",train
"מדוע לא הרתיעו סכומים מתונים של עיצומים כספיים את הנאשם, ומה הייתה השפעתם על התנהלותו?","אשר לעיצומים הכספיים, סכומים מתונים שהושתו על הנאשם בעבר לא הרתיעוהו, ונראה כי התנהלות המערכת המשפטית כלפיו פורשה על ידו כאזלת יד.",train
מהו הקשר בין גניבות חקלאיות לשימוש ברכב מנועי בהקשר של עבריינים רצדביסטיים?,"גניבות חקלאיות מתבצעות, כמעט תמיד, תוך שימוש ברכב מנועי, וכאשר המדובר בעבריינים רצדביסטיים – הרחקתם משימוש ברכב מנועי היא צעד שיהיה בו לפגוע קשות בהתארגנות העבריינית ולצמצם הסיכון הנובע מהם לעתיד.",train
אילו פעולות של הנאשם מעידות על כשל ערכי במהלך העבירה?,"פעולות הנאשם, אשר היו בידיו מספר ""נקודות יציאה"" (השיח עם רעייתו; הגשת התלונה למשטרת ישראל; הגשת התביעה לחברת הביטוח), בהן היה בידו לחדול ממעשיו - מעידים על כשל ערכי של ממש.",train
מהו מדרג החומרה שנקבע בחוק הכניסה לישראל לגבי הסעת שוהים בלתי חוקיים?,"חוק הכניסה לישראל קובע מדרג חומרה שלפיו העבירה של הסעת שוהים בלתי חוקיים (כמו גם העסקתם והלנתם) הינה חמורה מעבירת השהייה הבלתי חוקית כשלעצמה, ובפסיקה הושם דגש על החומרה והאשם הדבק בתושבי ישראל המסיעים שוהים בלתי חוקיים למען בצע כסף, ועל ידי כך יוצרים אף סיכון ביטחוני.",train
מהו האינטרס הציבורי המתחייב לשמירה על תפקוד השוטרים ללא פחד?,"אינטרס הציבור מחייב אפוא ששוטרים יוכלו למלא את תפקידם ללא מורא ופחד (ע""פ 500/87 בורוכוב נ' מדינת ישראל (8.3.1988).",train
כיצד השפיעה עמידת הנאשם על חפותו וחוסר הבעת חרטה על האפשרות להקלות בעונש?,"הנאשם עמד על חפותו ונמנע מלקחת אחריות או להביע חרטה על מעשיו, ולכן לא יזכה להקלות.",train
מהו השיקול המרכזי שהשפיע על העונש במקרה זה?,"על אחת כמה וכמה במקרה דנן, כאשר השיקול המרכזי לעבירות היה יעול ההליכים לצורך מסירה מוקדמת יותר של הדירות, שאף הסניגור, בהגינותו, התיחס בטיעוניו לעונש למשמעות הרבה, כלפי הנאשמים, להשגת אישור האכלוס מוקדם ככל הניתן.",train
כיצד משפיעה נטילת האחריות של הנאשם על עניינו בהשוואה לנאשמים אחרים?,"הגם שהנאשם נטל אחריות למעשיו והשתלב בהליך טיפולי – אין שונה עניינו מעניינם של נאשמים אחרים, לגביהם הורתה ערכאת הערעור על החמרת הענישה, כך שיידונו למאסר בפועל.",train
כיצד משפיעה הנגישות המיידית של הנשק על חומרת העבירה?,"במקרה דנן הוחזק הנשק, על פי המפורט בכתב האישום המתוקן, תחת מיטתו של הנאשם – כלומר היה נגיש לשימוש מידי ובכך – יש לראות נסיבה לחומרה.",train
מהו העונש המותנה שצפוי להינתן לנאשם במקרה של הסתבכות נוספת בעבירות דומות?,"בית המשפט ישית על הנאשם עונשי מאסר מותנה במנעד רחב, שיכללו, העבירות במטריות השונות בהן הסתבך הנאשם, תוך שיידע הוא, כי הסתבכות נוספת בעבירות דומות – תחייב השתת עונשים חמורים עוד יותר.",train
מהו השיקול שיש לקחת לזכות הנאשם בעת קביעת העונש?,"יש לקחת לזכות הנאשם, את הודאתו באשמה ואת נטילת אחריות מצדו.",train
מהן ההוראות המאפשרות לבית המשפט לחרוג ממתחם הענישה לצרכי שיקום?,"בהתאם להוראות סעיף 40ד' לחוק העונשין, תשל""ז – 1977, רשאי בית המשפט לחרוג לקולא ממתחם הענישה הראוי, לצרכי שיקום.",train
מהו השיקול המרכזי בענישה שנדרש על ידי בית המשפט במקרה זה?,"לאחר שבית המשפט שמע טענות הצדדים; עיין בפסיקה שהוצגה; שמע דברו האחרון של הנאשם – מוצא, כי במקרה דנן, השיקול המרכזי בענישה נדרש להיות השמירה על שלומן וביטחונן של הקטינות הנפגעות, תוך הרחקת הנאשם מהחברה לתקופה משמעותית וגזירת עונש, שיהיה בו כדי להרתיעו לעתיד וכן להרתיע אחרים כדוגמתו.",train
מהן הנסיבות שיכול בית המשפט לשקול בעת קביעת העונש לפי סעיף 40 יא(8) לחוק העונשין?,"הוסף לאמור, בהתאם להוראות סעיף 40 יא(8) לחוק העונשין, תשל""ז-1977 (נתווסף בתיקון )113 – רשאי בית המשפט לשקול נסיבות חיים קשות או מיוחדות, שהיה בהן כדי להשפיע על ההסתבכות בעבירה וכמו כן, בהתאם למפורט בס""ק (2), שם, רשאי לשקול גם את הנזקים, שעלולים להיגרם לבני משפחתו של הנאשם, כתוצאה מהעונש שיוטל.",train
כיצד מדגישים בתי המשפט את הערך הענישתי בעבירות סמים?,"מאז זמן רב, מדגישים בתי המשפט בפסיקתם את חשיבות הערך הענישתי בעבירות סמים כאחד הכלים החשובים בפעילות לביעורו של נגע הסמים.",train
מדוע נסיבותיו האישיות של הנאשם לא השפיעו על ההגנה במקרה זה?,"ההגנה ביקשה לקחת בחשבון את נסיבותיו האישיות של הנאשם, אולם, במאטריה הנדונה, לצד העובדה, כי מדובר בפעילות עבריינית מאורגנת ומתוכננת – נסוגות אחור הנסברות האישיות של הנאשם מפני האינטרס הציבורי ושיקולי ההרתעה.",train
"מהי הסיבה להטלת צו של""צ בהיקף גדול יותר מזה שהומלץ על ידי שירות המבחן?","לאור חומרת העבירה, מוצא בית המשפט להטיל צו של""צ בהיקף גדול יותר מזה שהומלץ על ידי שירות המבחן למבוגרים.",train
מהי עוגמת הנפש הנגרמת מעבירות אלה וכיצד היא משפיעה על הענישה?,"עוגמת הנפש הרבה הכרוכה בעבירות אלה, שהיא הרבה מעבר לעבירות אחרות של פריצה לכלי רכב או גניבה מתוכם, וכן התקופה בה נמנע מבעלי הרכב לעשות בו שימוש – מן הדין שתקבל אף היא ביטוי בענישה.",train
מהו תהליך קביעת הענישה שנעשה על ידי בית המשפט לאחר בחינת הטענות?,"לאחר שבית המשפט בחן את מכלול הטענות והשיקולים לרבות מדרג הענישה בין המעורבים השונים, ותוך שימת הדגש על עקרונות ההלימה והרתעת הרבים, גוזר בית המשפט על הנאשם הענשים הבאים:",train
מהי חובת בית המשפט במאבק נגד האלימות בחברה?,"לא אחת, הדגיש בית המשפט העליון את חובתו של בית המשפט ליטול חלק במאבק נגד האלימות הפושה בחברה ועל החשיבות להעניש בחומרה את אלו הפונים לדרכי אלימות.",train
מדוע ההחמרה בענישה בגין עבירות סמים נחשבת למשרתת את מטרות הגמול וההרתעה?,"ההחמרה בענישה בגין עבירות סמים משרתת את מטרות הגמול וההרתעה, שהן היעדים העיקריים של הענישה בתחום הסמים.",train
מהו הקריטריון המנחה את בית המשפט בשאלת ההרשעה של הנאשם?,"בנוגע לשאלת ההרשעה, התבחינים העדכניים הם שניים: האחד – האם עצם טיבה של העבירה, בנסיבותיה, מאפשר הימנעות מהרשעה, כענין ערכי, תוך שבית המשפט מביא בחשבון את אמון הציבור במערכת המשפט; השני – האם הוכח חשש קונקרטי לפגיעה בעתידו המקצועי של הנאשם ובסיכויי שיקומו, כתוצאה מהרשעתו בדין, כאשר מידת הפגיעה אינה מידתית ביחס לעבירה, בנסיבותיה.",train
מהו המעמד המשפטי של מעשי אלימות בתוך המשפחה לפי מערכת האיסורים הפליליים?,מעשי אלימות בתוך המשפחה נתפסים כבעלי חומרה מיוחדת במערכת האיסורים הפליליים העוסקים בעבירות אלימות.,train
מהי הסיבה שהביאה את בית המשפט להטיל קנס ופיצוי לנפגע העבירה?,"לנוכח כך, שהעבירה כוונה למען בצע כסף, ולאור הנזקים שנגרמו לנפגע העבירה – אין בית המשפט רואה מנוס מהשתת עיצומים כספיים, בדמות קנס ופיצוי לנפגע העבירה.",train
מהו העונש שהוטל על הנאשם לאור טווח הענישה שסוכם במסגרת ההסדר?,"באיזון השיקולים בעניינו, ראוי היה להטיל עליו עונש על הצד הבינוני – גבוה של מתחם הענישה, ואולם, לנוכח טווח הענישה שסוכם, במסגרת ההסדר, יושת עליו עונש על הצד הנמוך של מתחם הענישה, שהוא הצד הגבוה של טווח הענישה שסוכם, אם כי, לנוכח ההודאה באשמה, שהביאה לחיסכון ניכר בזמן שיפוטי, תינתן לנאשם, לפנים משורת הדין, הקלה מסוימת, ולא ייגזר ענשו ברף המירבי של טווח הענישה במסגרת ההסדר.",train
מהו הצורך להחמיר בענישה בעקבות נפיצות העבירות וריבוי כתבי האישום?,"בית המשפט סבור, כי לאור נפיצות העבירות וריבוי כתבי האישום בגין עבירות מסוג זה, קם צורך של ממש להחמיר בענישה ולהרתיע העבריינים הפוטנציאליים והיה מקום לקבוע מתחם ענישה מעט גבוה יותר מזה שאליו עתרה התביעה.",train
"מהו העדכון שבית המשפט ביצע במתחם הענישה בגין אחזקת חומר אסור בהפצה במשקל כולל של כ-7 ק""ג?","בנסיבות אלה, מוצא בית המשפט לעדכן הרף העליון של המתחם כלפי מעלה ולהעמיד המתחם בגין אחזקת חומר אסור בהפצה במשקל כולל של כ-7 ק""ג, כשחלקו הוכרז, זמן קצר קודם לכן, כסם מסוכן - בין 12 ל-28 חדשי מאסר.",train
כיצד משפיעה התנדבותו של הנאשם לשירות צבאי על שיקול הדעת בעניינו?,כן יינתן משקל של ממש להתנדבותו לשירות צבאי.,train
מהו ההסבר לעוצמת הפגיעה בערכים המוגנים במקרה זה?,"מכאן, שעצמת הפגיעה בערכים המוגנים, לא היתה ברף הגבוה, וזאת כמובן מבלי להמעיט בחומרת העבירות.",train
מה קבע בית המשפט המחוזי לגבי הצורך בהגנה על נפגעי העבירה הפוטנציאליים בעבירות מין?,"עוד קבע בית המשפט המחוזי, כי ככלל – ירוצה העונש במקרים מסוג זה בין כתלי בית האסורים, שכן, במקרים מסוג זה – המדובר לא פעם בנאשמים בעלי מאפיינים נורמטיביים, והצורך להגן על שלומם הנפשי והפיסי של נפגעי העבירה הפוטנציאליים – קטינים וקטינות – מחייב השתת ענישה מחמירה.",train
מדוע לא נחשב פיצוי המתלוננים מחברות הביטוח כמספיק במקרה זה?,"זאת גם אם פוצו המתלוננים על ידי חברות הביטוח, שכן, פיצוי זה אינו מכסה את מלוא הנזקים, בוודאי אלה שאינם ממוניים.",train
מהי המשמעות של הסרת המחדל בהקשר למצבם של הנאשמים?,"נסיבה בעלת משקל משמעותי, אם כי לא קונקלוסיבי ומכריע, הנה שאלת הסרת המחדל מצדם של הנאשמים, כאשר בנדון זה כבר נפסק, כי השאלה איננה נוגעת לנכונות, לכוונה או לנסיונות להסיר המחדל, כי אם להסרתו בפועל, בעולם המעשה – בלבד.",train
אילו אינדיקציות מצביעות על מסוכנות בעבירות גניבה והתפרצות חקלאית?,"מי שמגיע בלילה רעול פנים, מי שמגיע בלילה עם אחר או אחרים, מי שאינו חושש להימלט מהמשטרה (מה שידוע במקומותינו כתופעת המרדפים) – כל אלה, ביחד ולחוד, הם אינדיקציות למסוכנות הטבועה בעבירה של גניבה והתפרצות בכלל, ועבירה של גניבה והתפרצות למטרת גניבה חקלאית בפרט.",train
"מהו מתחם העונש ההולם לעבירת החזקת סם מסוכן שלא לצריכה עצמית, בהתחשב בכמות הסמים?","שים לב כי הכמויות בפסיקה שהובאה לעיל נמוכות בפער משמעותי מהכמות בעניינו – 25 ק""ג קנביס – מוצא בית המשפט להעמיד מתחם העונש ההולם בעבירת החזקת סם מסוכן שלא לצריכה עצמית, אשר ינוע בין 18 ועד 36 חודשים מאסר בפועל.",train
מהי הדרישה הראשונית להוכחת מצוקה חריגה כדי לסטות ממתחם הענישה?,"על מנת שיהיה בידי בית המשפט לסטות ממתחם הענישה משיקולי שיקום, על ההגנה להצביע, ראש וראשית, על מצוקה חריגה, כגון התמכרות ממנה סובל הנאשם, או מצב אישי או נפשי מיוחד, ואשר מצדיקה שיקומו.",train
מהו היחס המקל לעיתים שניתן לעבירות כלכליות בבתי המשפט?,"לעתים דווקא מעשי עבירה כאלה זוכים בבתי המשפט ליחס מקל ופשרני אף שנזקם לכלל, למשק ולכלכה, ולאימון שהציבור רוכש למערכות המשק והשלטון הוא רב ביותר.",train
"מהו העיקרון המשפטי הנוגע לשימוש במונח ""שיקום"" בהקשר של מתחמי הענישה?","המילה ""שיקום"" אינה מילת קסם המאשרת חריגה בכל עת ממתחמי הענישה.",train
כיצד משפיעים השיקולים לקולא על העונש שניתן לנאשם במסגרת מתחם הענישה?,"עונש זה, שהינו בחלק התחתון של מתחם הענישה (אם גם לא ברף התחתון ממש), יש בו כדי ליקח בחשבון השיקולים לקולא העומדים לטובת הנאשם.",train
מהי הסיבה לכך שנאשמים 2 – 4 קיבלו הזדמנות לריצוי העונש בדרך של עבודות שירות?,"בנוגע לנאשמים 2 – 4, לנוכח הודאתם באשמה ומשהמדובר במפגשם הראשון עם רשויות אכיפת החוק, תינתן להם הזדמנות והמאסר שיושת עליהם יומר לריצוי בדרך של עבודות שירות.",train
כיצד משפיעה מורכבות העבירות על הכוונה לעונש במקרה של הנאשם 1?,מכלול העבירות שעבר הנאשם 1 על מורכבותן; שיטתיותן; מידת התחכום הנלווה להן וכן אי הסרת המחדל – אינם מאפשרים מתן הקלה ומטים הכף לכיוון ענישה על הצד הבינוני של המתחם.,train
מדוע יש צורך להחמיר בענישה בעבירות אלימות במשפחה?,"נפיצותן של עבירות אלה והצורך להגן על קורבנות האלימות שהם על פי רוב חסרי ישע, תורמים אף הם להחמרה הנדרשת בענישה בעבירות אלה.",train
מהו היבט נוסף שצריך להתחשב בו מעבר לעניין הנאשם בעת ההליך המשפטי?,"לא רק עניינו של  המשיב עומד בפני בית המשפט, אלא גם עניינו של הקורבן ועניינו של הצבור כי מערכת אכיפת החוק תנקוט בצעדים ממשיים למיגור תופעת האלימות, עמה אין חברה מתוקנת יכולה להשלים.",train
מהי ההקלה הנוספת שהעניק בית המשפט לנאשם במסגרת ההסדר?,"על אף שכאמור, העונש, המבוקש על ידי התביעה במסגרת ההסדר  מגלם בחובו את ההקלות לנאשם, בשל שיתוף הפעולה בחקירה ובשל יתר הנסיבות, שפורטו לעיל  הרי, לנוכח המוטיבציה שהפגין הנאשם בהליך הטיפולי  מוצא בית המשפט להושיט לו יד, בכך שלא יושת עונש על הרף העליון במסגרת ההסדר, ותינתן לו הקלה מסוימת נוספת.",train
מה עשוי להתרחש אם תימשך העלייה במספר כתבי האישום בגין עבירה זו?,"אם תימשך העליה במספר כתבי האישום המוגשים בגין עבירה זו, יתכן שנכון יהיה לדון גם בהחמרה נוספת של המתחם, כפי המבוקש על ידי התביעה.",train
מהו המכלול השיקולים שעל בית המשפט לקחת בחשבון לפי סעיף 40ט' לחוק העונשין?,"בהתאם לסעיף 40ט' לחוק העונשין, תשל""ז – 1977, בבואו של בית המשפט לקבוע מתחם ענישה, עליו לקחת בחשבון מכלול שיקולים, בין היתר, נסיבות ביצוע העבירה; תקופת ביצועה; מידת הפגיעה בערכים המוגנים; נסיבותיו של הנאשם, וכן, שיקולים נוספים.",train
מהו מתחם הענישה שהציעה התביעה במקרה זה?,"מותב זה אימץ את מתחם הענישה אליו עתרה התביעה, והעמידו בין 11 ועד 22 חודשי מאסר, תוך שציין, כי היה מקום לקבוע מתחם ענישה גבוה יותר.",train
כיצד הפיצוי לנפגעי העבירה עשוי לשמש כאקט חינוכי כלפי הנאשם?,"עוד יהיה בפיצוי זה בבחינת אקט חינוכי כלפי הנאשם, אשר יבין, כי יש מחיר למעשיו.",train
מדוע היה מקום לקבוע מתחם ענישה גבוה יותר במקרה זה?,"לאור נפיצות העבירות והתגברות התחכום מצדם של העבריינים - היה מקום, במקרה דנן, אף לקבוע מתחם ענישה גבוה יותר, אך בית המשפט לא יחמיר מעבר לעתירת התביעה.",train
מהו השיקול המרכזי שהנחה את בית המשפט בהטלת ענשי מאסר על כלל הנאשמים?,"בנוגע לכלל הנאשמים – מוצא בית המשפט להשית ענשי מאסר מרתיעים, צופים פני עתיד.",train
מהו הקשר הנדרש בין אמצעי הענישה לבין מאפייני העבירה?,"יש אפוא לחתור לקיומו של קשר רציונאלי בין אמצעי ענישתי זה, על רקע מאפייניו, לבין פרמטרים שונים כגון סוג העבירה, סוג הנזק שנגרם כתוצאה מהעבירה והאפקט שיהיה לכך על העבריין.",train
מהו העיקרון המשפטי שמנחה את בית המשפט בהטלת פיצוי לבעלי כלי הרכב שנגנבו?,"בית המשפט מוצא לחייב את הנאשם בפיצוי לבעלי כלי הרכב שנגנבו, שיביא בחשבון גם רכיבים נלווים או לא ממונים, שאינם חוסים בפוליסות ביטוח וכן יהיה בו בבחינת הכרה בפגיעה שנגרמה להם.",train
כיצד משפיעים מעשי תקיפה ואיומים כלפי שוטרים על המוסכמות הבסיסיות של החברה הדמוקרטית?,"""מעשי תקיפה ואיומים כלפי שוטרי משטרת ישראל, רק מפני שהם ממלאים את תפקידם כחוק, מערערים את המוסכמות הבסיסיות ביותר של החברה הדמוקרטית בה אנו חיים.",train
מהו העיקרון המאפשר קביעת פיצוי גבוה יחסית גם כאשר יכולת העבריין אינה גבוהה?,"מן האמור עולה, כי אין פסול בקביעת פיצוי גבוה יחסית (ובענייננו לא הגיע לא למירב שבחוק ולא קרב לסכומי הגזילה), אף מקום שהיכולת הכלכלית אינה גבוהה.",train
מהי הסיבה לכך שאין אינדיקציה לכך שהנאשם הפיק לקחים מהמקרה?,"במצב דברים שכזה – אין בפני בית המשפט אינדיקציה כלשהי, לפיה הפיק הנאשם הלקחים הנדרשים מהמקרה וצומצמה מסוכנותו לעתיד.",train
מהו מתחם הענישה שנקבע בגין ניסיון החדרת סם מסוכן למתקן כליאה?,"בהתאם לפסיקה שהובאה לעיל, מוצא בית המשפט להעמיד את מתחם הענישה בגין מקרה חד פעמי של נסיון החדרת סם מסוכן, מסוג קנביס, על צורותיו השונות, במשקל של גרמים עד עשרות גרמים בודדים, למתקן כליאה, על עונש מאסר בפועל ממש שינוע בין 6 חודשים ועד ל-18 חודשים.",train
כיצד משפיעה כמות השימושים בסם על מתחם הענישה לפי הפסיקה?,"זאת, בהתאם למתחם שנקבע כאשר המדובר במספר פחות של שימושים, כפי שהובא בפסיקה לעיל, ולאור העובדה, שהעליה במתחם הענישה בהתאם לכמות השימושים איננה ליניארית, שכן כמות השימושים אינה הנתון היחיד המשפיע על העונש.",train
כיצד משפיעה חמורה העבירה על ההימנעות מהרשעה כאשר הנאשם ביצע יותר מעבירה אחת?,"ההימנעות מן ההרשעה הופכת לקשה יותר, ככל שהעבירה חמורה יותר וכאשר הנאשם ביצע יותר מעבירה אחת, ולאורך זמן.",train
מהו תפקידם של שוטרי משטרת ישראל בהבטחת ביטחון הציבור וכיצד יש להגן עליהם?,"שוטרי משטרת ישראל, כמו אנשי שאר זרועות הביטחון, עושים לילות כימים למען שמירה על ביטחון הציבור, ועל כן מחויבים אנו לעשות ככל שניתן על מנת להגן עליהם מפני מי שמנסים להלך עליהם אימים ולפגוע בעבודתם החשובה, אשר נעשית למען כלל הציבור ולהבטחת ביטחונו האישי.",train
מהו המתחם הענישה שנקבע עבור הנאשם על סמך השיקולים שהוצגו?,מכלול השיקולים מצביע על ענישה בחלק הבינוני של מתחם הענישה.,train
מה התרשמות שירות המבחן לגבי הליך הטיפולי של הנאשם?,"הנאשם התגייס להליך טיפולי ושירות המבחן התרשם, כי הוא נתרם ממנו ויש לאפשר לו להמשיך בהליך זה.",train
מדוע הודה הנאשם באשמה משפיע על זכאותו להקלה בעונש?,"בנוסף, הודה הנאשם באשמה והוא זכאי להקלה מסוימת בשל כך.",train
מהו תפקיד הערך הענישתי בעבירות סמים לפי פסיקות בתי המשפט?,"מזה זמן רב, מדגישים בתי המשפט בפסיקתם את חשיבות הערך הענישתי בעבירות סמים כאחד הכלים החשובים בפעילות לביעורו של נגע הסמים.",train
"מהי מטרת הענישה בעבירות סמים, וכיצד היא משפיעה על עבריינים פוטנציאליים?","הענישה בעבירות מסוג זה נועדה, קודם לכל, לשרת את מטרת הגמול לעבריין על עיסוק בסם העלול לסכן חיי אדם ולפגוע בבריאות המשתמשים בו; שנית, על העונש להעביר מסר חד-משמעי של הרתעה ביחס לעבריינים פוטנציאליים, ולשמש אות אזהרה אפקטיבי לכל מי שמתכוון לקחת חלק במערכת ההעברות והסחר בסמים, תהא אשר תהא הפונקציה אותה הוא ממלא בשרשרת זו של העברת הסם מיד ליד.",train
מהי הסיבה לחומרה המפליגה של המקרה הנדון ביחס למקרים אחרים?,"כאמור, למקרה דנן חומרה מפליגה ביחס למקרים שהובאו לעיל, לנוכח היעדר רקע קודם או היכרות כלשהו בין הנאשם לבין נפגעת העבירה; לנוכח התרחשות העבירה בחדרה הפרטי של נפגעת העבירה; לנוכח הפגיעה באמון מצדו של הנאשם, כעובד בית המלון; לנוכח התרחשות הפגיעה במקום בו נפגעת העבירה מבודדת, לאחר שהנאשם אף סגר הדלת מאחוריו; לנוכח האלימות הקשה שנלוותה לתקיפה ופתאומיותה; לנוכח הנזקים הקשים והמתמשכים שנגרמו, למרבה הצער, לנפגעת העבירה.",train
כיצד יש לבטא את קביעת המחוקק גם בענישה בפועל בעבירות רכוש?,קביעה זו של המחוקק - מן הדין שתבוא ידי ביטויה גם בקביעת הענישה בפועל.,train
כיצד השפיעה פתיחת ההליך המשפטי על הנאשם?,"עצם פתיחת ההליך המשפטי 1 היה בה כדי להרתיע את הנאשם, שזו אינה דרך חייו.",train
"מהו העונש הממשי שנמצא הכרחי במקרה זה, בהתחשב בהסתבכויות הנאשם?","לאור האמור וכן לאור טיב הסתבכויותיו של הנאשם, במקרה דנן – מספר מקרים, אשר נפרסו על פני תקופה הקרובה לשנה – מוצא בית המשפט הכרח בעונש ממשי, בעולם המעשה, בדמות מאסר בפועל, אם כי, על מנת שלא לגדוע ההליך הטיפולי – יושת עונש זה לריצוי בדרך של עבודות שירות.",train
מהו השיקול המרכזי שעל בית המשפט לשקול בעת הענישה בעבירות החזקת נשק?,"בבוא בית המשפט לשקול את הענישה בעבירות מסוג זה, עליו לתת משקל נכבד יותר לאינטרס הציבורי ולצורך להרתיע עבריינים בכוח מלבצע עבירות דומות, על פני הנסיבות האישיות של העבריין.",train
כיצד השפיעה הודאת הנאשם על קביעת העונש בעניינו?,"לזכות הנאשם, ייקח בית המשפט את הודאתו באשמה ואף את העובדה, כי ממילא מרצה מאסר.",train
מדוע יש לקבוע עונש אחד כולל במקרה של עבירות חמורות כמו דיני נפשות?,"יש ממש בדברי ההגנה, כי עסקינן בדיני נפשות ולא בנוסחאות מתמטיות, לכן, בסופו של דבר, ייקבע עונש אחד כולל, שיהיה בו כדי לבטא את חומרת המעשים, תוך חפיפה חלקית בין העונשים שפורטו לעיל.",train
מדוע הטיל בית המשפט פיצוי על הנאשם לטובת המתלוננת?,"בית המשפט מוצא להטיל פיצוי לטובת המתלוננת, אשר יהיה בו משום הכרה במכאוביה הפיזיים והנפשיים לאור החבלה שנגרמה לה וכן לתחושת ההשפלה שחוותה.",train
כיצד השפיעה תקופת המעצר של הנאשם על גזר הדין שניתן לו?,"הנאשם היה עצור למשך כחודש ימים, כך שזכה לתגובה מידית למעשיו ובנוסף – היה מצוי בתנאים מגבילים למשך תקופה ארוכה, שגם אותה יש ליקח בחשבון.",train
כיצד השפיעה חרטת הנאשמת וההליך הטיפולי על עונשה?,"עם זאת, הנאשמת הביעה חרטה עמוקה על מעשיה, נטלה אחריות, עברה הליך טיפולי ממושך, תסקיר שירות המבחן שהוגש בענינה בא בהמלצה טיפולית ואף הומלץ לבטל הרשעתה בדין (הגם שבית המשפט לא קיבל המלצה זו) ובית משפט התרשם מנסיבות אישיות אשר מצדיקות ענישה מקלה.",train
מהי עמדת המדינה לגבי החמרת הענישה בעבירות מסוג זה?,עמדת המדינה היא כי יש מקום להכביד בענישה בגין עבירות מסוג זה – וגישה זו מקובלת עלי לחלוטין.,train
מהו ההבדל בין מקרה דמרי למקרה הנוכחי מבחינת חומרת התקיפה?,"גם מקרה דמרי דלעיל חמור יותר מהמקרה דנן, שכן, באותו מקרה, כוונה התקיפה כנגד שני זקנים והתוקף אף הסתייע בנשק קר – כיסא, בעוד שמבקרה דנן תקף הנאשם את  נפגע העבירה  באמצעות ידיו.",train
מהי הסיבה לכך שמעשיהם של הנאשמים 3 ו-5 נחשבים לחמורים יותר?,"מעשיהם של הנאשמים 3  5 במדרג חומרה גבוה יותר, וזאת, הן בהיותם אזרחי מדינת ישראל, החבים חובת אמון למדינתם; הן לאור כך שהתגמול העיקרי לעבירות הועבר אליהם; הן משום כך שהם שהסיעו השוהים הבלתי חוקיים ליעדיהם; הן משום שהם היו בעלי האמצעים הלוגיסטיים הנדרשים, לרבות כלי הרכב.",train
כיצד משפיע מצב כלכלי של הנאשם על גובה הקנס המוטל עליו?,"אמנם, בנוגע לעיצום כספי מסוג קנס, על בית המשפט להתחשב במצבו הכלכלי של הנאשם (ראו סעיף 40ח' לחוק העונשין, תשל""ז 1977).",train
מהי התקופה המומלצת למאסר בפועל לנאשם בהעדר עבר פלילי?,"בנוגע לרכיב המאסר בפועל, בהעדר עבר פלילי ולאור התרשמות שירות המבחן למבוגרים ממערכת ערכים תקינה, בסך הכל, אצל הנאשם והיותו עובד למחיתו  יושת מאסר על הצד הנמוך של המתחם, לתקופה כזו שלא תחייב ניתוקו של הנאשם ממעגל החיים האזרחיים והיצרניים.",train
מדוע מצדיק שיתוף פעולה ברמה כזו התחשבות משמעותית בנאשם?,"שיתוף פעולה ברמה כזו מצדיק התחשבות משמעותית בנאשם (ראו: ע""פ 122/14, 206/14 שוורצפל  ואח' נ' מדינת ישראל, ע""פ 8031/10, 9136/10 אורסקו  צ'אבז ואח' נ' מדינת ישראל (פסקי הדין פורסמו במאגרים).",train
מדוע אין מעידתו הראשונה של הנאשם נחשבת לנסיבה לקולא בעבירת ריבוי נישואין?,"מרבית מבצעי עבירת ריבוי הנישואין הנם אנשים נורמטיביים שומרי חוק בתחומים אחרים, כך שגם אם מדובר במי שזו מעידתו הראשונה אין הדבר יכול לשמש נסיבה לקולא.",train
כיצד משפיעה מידת המעורבות הפלילית של הנאשם על גובה הענישה המומלצת?,"שקלול הנתונים, לרבות מידת מעורבותו הפלילית של הנאשם – מצביעים לכיוון ענישה, שתהיה לפחות על הצד הבינוני של המתחם, בצירוף עונש מאסר מותנה מרתיע, שיחול על עבירות נגד אנשי מרות – אם שוטרים ואם אנשי ציבור; עיצומים כספיים; פסילת רשיון נהיגה בפועל ועל תנאי.",train
מדוע נחשבות עבירות הסמים לפוגעות בחברה?,עבירות הסמים נושאות בחובן פוטנציאל לפגיעה משמעותית בחברה.,train
"מהן הענישות הנלוות שהמליץ בית המשפט להטיל על הנאשם, בהתחשב בנסיבותיו האישיות?","בית המשפט מקבל טענת התביעה, בדבר הצורך בהשתת ענישה נלוות, הן בדמות מאסר מותנה מרתיע; הן בדמות קנס כספי משמעותי; הן פסילת רישיון נהיגה, אם כי לנוכח נכותו של הנאשם, לא תושת פסילה לתקופה ארוכה.",train
אילו גורמים יש לשקול בעת קביעת הענישה במסגרת המתחם האמור?,"אשר לקביעת הענישה במסגרת המתחם האמור, על בית המשפט לשקול עברם של הנאשמים; נסיבותיהם האישיות; הפרוגנוזה של גורמי ההערכה בענינם.",train
כיצד משפיעה שירותו הארוך של הנאשם על ההערכה המשפטית של מעשיו?,"אין בית המשפט רשאי להתעלם משירותו הארוך והפורה של הנאשם, אשר התמודד עם משימות רבות וזכה לשבחים ממפקדיו השונים.",train
מהו המתחם שנקבע לעבירות החזקת נשק חם אוטומטי?,"בשורה של גזרי דין מהזמן האחרון, לנוכח התפשטות הפעילות העבריינית הכוללת החזקה או שימוש בנשק חם, מצא בית המשפט לקבוע החמרה הדרגתית, במתחמים שנקבעו, כשהמתחם בגין אחזקת נשק חם אוטומטי מסוג רובה סער או תת מקלע – הועמד בין 20 ועד 40 חדשים מאסר בפועל (ראו פרשת אל אעסם דלעיל).",train
מהו הקריטריון לקביעת מתחם הענישה במקרה של החזקת תחמושת בכמות שאינה מהגדולות?,"החזקת תחמושת מסוג זה, בכמות שאינה מהגדולות, אינה מחייבת קביעת מתחם ענישה מחמיר.",train
"מהו מתחם הענישה שהציעה התביעה במקרה של הנאשמת, על אף הכשל הערכי במעשיה?","על אף הכשל הערכי העמוק הבא לידי ביטוי במעשיה של הנאשמת, הרי בשים לב לעתירת התביעה, כאמור לעיל, לא יחרוג בית המשפט ממתחם הענישה אליו עתרה התביעה, כך שינוע בין עונש מאסר צופה פני עתיד ועד למספר חודשי מאסר שירוצו בעבודות שירות.",train
מהו הכיוון המומלץ לענישה לפי שקלול הנסיבות במקרה זה?,"שקלול הנסיבות מצביע לכיוון ענישה על הצד הנמוך של המתחם, אך לא ברף הנמוך ממש.",train
כיצד משפיע עברו הפלילי של הנאשם על מתחם הענישה במקרה זה?,"עברו הפלילי המכביד של הנאשם, חרף גילו הצעיר; חוסר שיתוף הפעולה של הנאשם עם שירות המבחן וחוסר המוטיבציה מבחינתו לעבור הליך טיפולי שיקומי – מצביעים לכיוון החמרה מסוימת במסגרת מתחם הענישה.",train
מדוע לא ניתן להבליע את חומרת האירועים במסגרת מתחם ענישה כולל?,חומרתם של האירועים אינה מאפשרת הבלעתם במסגרת מתחם ענישה כולל.,train
"מהו העיקרון המשפטי המנחה את הענישה בעבירות הפצת סמים, כפי שנדון בפסיקה?","על הצורך להילחם מלחמת חורמה בתופעה הזו, וחומרת הענישה שיש לנקוט כלפי המעורבים במערך הפצת הסמים, דובר רבות בפסיקה.",train
מהו השיקול המשפטי שמונע את השפעת חלוף הזמן על שיקולי הענישה במקרה זה?,"בנסיבות אלה, אין בחלוף הזמן, כאמור, כדי להקהות את שיקולי הענישה.",train
מהי ההמלצה הכללית של הפסיקה לגבי העונש בעבירות מסוג זה?,"הפסיקה קבעה, כי בדרך כלל, העונש הראוי על עבירות מסוג זה הינו מאסר בפועל, וכי לרוב, נסיבותיו האישיות של הנאשם, לא תגברנה על האינטרס הציבורי למיגור עבירות אלה.",train
כיצד מתארות העתירות את מתחם הענישה במקרה זה?,"עתירות אלה חורגות, חריגה קיצונית, ממתחם הענישה הראוי.",train
מהו השיקול שהוביל לחריגה לקולה ממתחם הענישה שנקבע?,"בשקלול הנסיבות, מוצא בית המשפט לחרוג לקולה ממתחם הענישה שנקבע, מטעמי שיקום, ולאמץ המלצת שירות המבחן למבוגרים, לענישה במסגרת צו של""צ.",train
מהו הקשר הרציונלי בין עונש קנס לבין תכליות הגמול וההרתעה?,במקרים אלה מתקיים קשר רציונאלי בין הטלת עונש של קנס לבין השגת תכליות הגמול (עקרון ההלימה) וההרתעה.,train
"מהו תפקידו של הליך שיקומי בהערכת המסוכנות של הנאשם, כפי שנפסק בפסיקה?","כפי שנפסק לא פעם, הליך שיקומי, גם משמעותי ואינטנסיבי - אינו חזות הכל, וראו, לעניין זה, ע""פ 6237/10 פלוני נ' מדינת ישראל (פורסם במאגרים):  אמנם ניכר, כי ההליך הטיפולי שעבר המערער חולל בו שינוי מסוים, שאף הביא להפחתת רמת המסוכנות שיוחסה לו.",train
כיצד משפיעה הכניסה שלא כדין על הסיכון הביטחוני בישראל?,"אין חולק כי עצם תופעת הכניסה שלא כדין מגדילה את הפוטנציאל לסיכון בטחוני, בין היתר בכך שהיא פותחת פתח לזליגת פעילות חבלנית עוינת (פח""ע) לתחומי מדינת ישראל ובכך מסכנת את בטחון תושביה.",train
כיצד משפיע האיום על חופש הביטוי של הפרט?,"האיום הוא אפוא ביטוי שהמשפט מטיל עליו מגבלות תוך פגיעה בחופש הביטוי, וזאת כדי להגן על ערכים אחרים ובהם שלוות נפשו, בטחונו וחירות פעולתו של הפרט.",train
מהו היחס הבלתי הולם שנוצר בין הענישה על פריצה וגניבת רחוב לבין עבירות גניבה מכספי ציבור?,"נוצר לפרקים יחס בלתי הולם בין הענישה המוטלת על עבריין הנאשם בפריצה וגניבת רחוב, לבין ענישה הנגזרת על נאשם רב-מעללים, הגוזל מיליונים מכספי ציבור תוך הפרה עמוקה של חובות נאמנות ומוסר בסיסיים.",train
מהו השיקול המרכזי שנלקח בחשבון לחובת הנאשם בהיעדר שיתוף פעולה עם רשויות החוק?,"לחובת הנאשם, יקח בית המשפט בחשבון, הדפוסים העברייניים שהפגין, תוך היעדר שיתוף פעולה מלא עם רשויות החוק, כאשר עד כה נמנע הנאשם מלמסור פרטי המעורבים הנוספים בפרשה;",train
מדוע לא קיבל בית המשפט את המלצת שירות המבחן להשית עונש שיקומי?,"נוכח חומרת העבירות, וכן קביעות בית המשפט בנוגע למתחם הענישה הראוי, שהובאו לעיל – אין בידי בית המשפט לקבל המלצת שירות המבחן למבוגרים להשית על הנאשם עונש שיקומי, בדמות צו של""צ.",train
מהו הדופי המוסרי בעבירות נהיגה בפסילה ללא ביטוח וללא רישיון?,"עבירות נהיגה בפסילה ללא ביטוח וללא רשיון, יש בהן לא רק דופי פלילי אלא אף מוסרי כפול: הסיכון המובהק לעוברי דרך (וגם לנוהג עצמו), וזו עיקר, וכן קשיים במימוש פיצויים בעקבות תאונות דרכים אם אלה יקרו חלילה בעת נהיגה כזאת;",train
מהי משמעות עצמת הפגיעה בערכים המוגנים בעבירות סמים?,"מכאן, שעצמת הפגיעה בערכים המוגנים, לא היתה משמעותית וקשה, וזאת כמובן מבלי להמעיט בחומרת העבירות.",train
כיצד משפיע הפיצוי על עמדת בית המשפט כלפי הנאשמים במקרה זה?,"בהשתת הפיצוי, יהיה בידי בית המשפט להביע שאט הנפש מעזות המצח המיוחדת במקרה דנן; הכרה בפגיעה, שנגרמה לשוטרים; כמו כן, יהיה בה כדי להרתיע הנאשם דנן וגם אחרים, מלעבור עבירות דומות.",train
מהו המצב המשפטי שמצביע על זלזול בערך של שלום האדם ושלמות גופו מצד הנאשם?,"מעשי הנאשם מצביעים, הן על זלזול בערך של שלום האדם ושלמות גופו והן, על היעדר מורא מהחוק ומנציגיו – אנשי המרות – שוטרי משטרת ישראל.",train
מהו המתחם המומלץ לעונש בגין אחזקת נשק חם אוטומטי?,"לנוכח התפשטות הפעילות העברינית הכוללת שימוש בנשק חם בעת האחרונה, ראוי לקבוע החמרה מסוימת, באופן הדרגתי, במתחמים שנקבעו, כשהמתחם בגין אחזקת נשק חם אוטומטי מסוג רובה סער או תת מקלע – יועמד בין 20 ועד 40 חדשים מאסר בפועל.",train
מהי המשמעות של השימוש החוזר בנשק קר קטלני על ידי הנאשם?,"הקלות בה מהין הנאשם, שוב ושוב, לעשות שימוש בנשק קר קטלני לפציעת אחרים, תוך שבמקרה דנן אף הסתלק מהמקום מבלי שיהיה אכפת לו מהשלכות מעשיו – בלתי ניתנת להכלה ואל לבית המשפט, כחלק ממערכת אכיפת החוק, להסכין עמה.",train
מהי האחריות שהנאשם נטל על עצמו ומהו ההליך הטיפולי שבו החל?,"המדובר  במי שנטל אחריות מלאה למעשיו והחל בהליך טיפולי מעמיק ואינטנסיבי, שמטרתו מניעת הישנות עבירות מסוג זה.",train
כיצד ראה בית המשפט את מתחם הענישה ביחס לבקשת התביעה?,"בית המשפט סבור, כי היה מקום למתחם ענישה מעט גבוה יותר מזה שאליו עתרה התביעה, אך לא יחליף את שיקול דעתו בשיקול דעת התביעה.",train
מהו תפקידו של בית המשפט בהטלת עונשים על נוקטים באלימות?,"תפקידו של בית המשפט במאבק הוא הטלת עונשים מרתיעים ומשמעותיים על הנוקטים באלימות לפתרון סכסוכים, על מנת להעביר מסר, הן לעבריין האינדיווידואלי, והן לעבריינים הפוטנציאלים ולחברה כולה, כי אין החברה טולרנטית להתנהגויות מעין אלה (ההדגשה אינה במקור).",train
כיצד משפיעה הזדהות עם ארגון טרור על פוטנציאל הסיכון הנובע מהנאשם?,"החזקת נשק חם, בלווית תחמושת, כשהוא מוכן לשימוש – על ידי מי שגילה הזדהות עם ארגון טרור שכזה – שאין צורך להכביר מילים בדבר רצחנותו – מעצימה פי כמה את פוטנציאל הסיכון הנובע מהנאשם ומחייבת הרחקתו מהחברה לתקופה משמעותית.",train
מהו סוג התכנון הנדרש לביצוע המעשים המיוחסים לנאשמים?,"המדובר במעשים הדורשים תכנון מדוקדק מראש, וטמונה בהם אי הגינות כלפי הציבור ואף אנטי חברתיות.",train
כיצד משפיעה הפעלת ענישה פיזית על זכויות הילד כאדם?,"הפעלת ענישה הגורמת לכאב ולהשפלה אינה תורמת לאישיותו של הילד ולחינוכו, אלא פוגעת היא בזכויותיו כאדם.",train
מהו השיקול המשפטי המרכזי המנחה את בית המשפט במקרים של עבירות התפרצות?,"לא אחת נקבע, כי על בית המשפט להרתיע היחיד והרבים, כך שעבירות אלו יהפכו לבלתי כדאיות, ובכך למגר התופעה.",train
מדוע נדחות הנסיבות האישיות בעבירות סמים?,"כבר נאמר לא פעם, כי בעבירות סמים – נדחות הנסיבות האישיות מפני האינטרס הציבורי.",train
מהו השיקול המרכזי שלא מפחית מחומרת המעשים במקרה זה?,"גם אם קדם אירוע כלשהו, בין בנותיה של המתלוננת לבין הנאשם, כפי שטענה ההגנה במסגרת פרשת העונש (אין די ראיות כדי לקבוע מסמרות לענין זה), הרי שאין בכך כדי להפחית מחומרת המעשים והכיעור הנלווה להם, כאשר הנאשם תוקף באופן חמור אשה מבוגרת, שיכולה היתה להיות אמו.",train
כיצד משפיעה השימוש ברכב מנועי על הענישה במקרה זה?,"העבירה נעברה תוך שימוש ברכב מנועי, כשמטרת הנסיעה הייתה העברת הסם ממקום למקום ובשל כך 	6 יקבל בית המשפט את עתירת התביעה להשתת פסילת רשיון נהיגה לתקופה משמעותית על הנאשם.",train
מדוע לא ניתן לקבל כל הצדקה לפגיעה פיזית בשוטרים על ידי הנאשם 2?,"בוודאי לא היתה, ולא ניתן לקבל, כל הצדקה לפגיעה פיסית במי מהשוטרים, כפי שנעשה על ידי הנאשם 2.",train
מהו העונש הראוי למי שעובר עבירות מסוג זה?,מי שעובר עבירות מסוג זה ראוי שיושתו עליו קנסות משמעותיים.,train
כיצד משפיעה הנטילה של אחריות על הענישה במקרה זה?,"כמובן, אין בכך כדי להביא להחמרה כלשהי בענישה, אך בנסיבות אלה, אין הנאשם זכאי להקלה של מי שנטל אחריות על מעשיו.",train
מהו הצפי לענישה חמורה יותר במקרה של שינוי במצב הדברים?,"פשיטא, שבמצב דברים אחר – כמו שאירע בסופו של דבר - עולה מהסכמת הצדדים צפי סביר לענישה שתהיה חמורה יותר.",train
מהו הגורם להחמרת הענישה כאשר מדובר באלימות כלפי בת זוג תחת קורת גג אחת?,"מעשים אלה מקבלים משנה חומרה, כאשר מדובר באלימות הננקטת כלפי בת זוג, החיה עם אותו אדם תחת קורת גג אחת, בתא משפחתי מצומצם, האמור להוות עבורה משענת ומקום מבטחים.",train
מהן הנסיבות שהובילו לחריגה לקולה ממתחם הענישה והבאת לקיצור משך המאסר?,"מכלול הנסיבות מטה את הכף לחריגה לקולה ממתחם הענישה, אשר תתבטא בקיצור משך המאסר.",train
מהו השיקול המרכזי שעל בית המשפט לשקול בעת הענישה בעבירות החזקת נשק?,"בוא בית המשפט לשקול את הענישה בעבירות מסוג זה, עליו לתת משקל נכבד יותר לאינטרס הציבורי ולצורך להרתיע עבריינים בכוח מלבצע עבירות דומות, על פני הנסיבות האישיות של העבריין.",train
כיצד מתייחס בית המשפט לטענת ההגנה בנוגע להגנה מן הצדק במקרה זה?,"במקרה מסוים זה, לא ייצא בית המשפט פטור בלא התייחסות לטענת ההגנה, בנוגע לקיומה של הגנה מן הצדק, כתוצאה מהתנהלות הרשויות, והכוונה - לאישור תקפם של הנישואין על ידי ערכאה שיפוטית – בית הדין השרעי, אישור אשר, גם אם נערך בדיעבד, הרי היה קרוב למועד הנישואין.",train
מהו הרף שנקבע לענישה לפי מכלול הנסיבות במקרה זה?,מכלול הנסיבות מצביע על ענישה ברף הבינוני - גבוה של מתחמי הענישה.,train
מהו העיקרון המשפטי שמצדיק ענישה משמעותית בעבירות של קבלת רכב גנוב ונהיגה ללא רישיון?,"עבירות אלה  מחייבות ענישה משמעותית, בעולם המעשה, על מנת להרתיע את עובריהן ולהפוך אותן ללא כדאיות.",train
מדוע מתחייבת הענישה לצורך הרתעת הרבים?,ענישה זו מתחייבת גם לצורך הרתעת הרבים.,train
כיצד משפיע העדר נוקר בנשק על קביעת מתחם הענישה?,העדר נוקר בנשק יכול לקבל משקל בקביעת מתחם הענישה ביחס לפוטנציאל הסיכון שממנו הנשק נטול רכיב זה.,train
כיצד בית המשפט מצא לנכון לחרוג ממתחם הענישה במקרה זה?,"במקרה מיוחד זה, מוצא בית המשפט, מתוקף סמכותו בהתאם להוראות סעיף 40ד' לחוק העונשין, תשל""ז-1977, לחרוג ממתחם הענישה מטעמי שיקום ולאמץ המלצת שירות המבחן למבוגרים.",train
מהו הבסיס להחלטת בית המשפט המחוזי בגזר דין הקודם?,"האישור שהעניק בית המשפט המחוזי בגזר דין הקודם מבוסס על הנסיבות של אותה התקהלות, שהייתה שקטה יותר בנסיבותיה והעונשים שנקבעו באותו מקרה משקפים זאת.",train
מהו תפקיד המאסר המותנה שהטיל בית המשפט על הנאשם?,"בית המשפט מוצא להטיל על הנאשם מאסר מותנה, אשר יהיה בו להרתיע את הנאשם, לבל ישוב לנהוג באלימות.",train
מהו הנימוק שהנאשם הציג לשירות המבחן בנוגע לאחזקת כלי הנשק?,הנימוקים שמסר הנאשם בפני שירות המבחן לאחזקת כלי הנשק – כי מטרתו היתה ירי בחתונות ובאירועים – אין בהם כדי להפחית מחומרת העבירות.,train
כיצד משקפים מתחמי הענישה את חומרת ביצוע העבירות?,מתחמי הענישה שנקבעו בעבירות התקיפה משקפים את חומרת ביצוע העבירות והנסיבות הספציפיות של כל מקרה.,train
מהו הצורך שהתגלה להחמיר בענישה בעקבות עלייה בכתבי אישום דומים?,"לעניין זה יצוין, כי מאז שניתנה הפסיקה שהובאה לעיל, החלו מוגשים כתבי אישום רבים מאוד בגין עבירות דומות, כך שקם צורך של ממש להחמיר בענישה ולהרתיע העבריינים הפוטנציאליים.",train
מהי הסיבה לכך שבית המשפט החליט להטיל פיצוי על המתלוננת?,"בית המשפט מוצא להשית פיצוי לטובת המתלוננת, אשר יהיה בו משום הכרה במסכת הפחד שהעביר אותה הנאשם.",train
כיצד השפיעה הקושי של קרבנות העבירה להתלונן על הענישה בעבירות תקיפת בת זוג?,"עבירות אלה, נפיצותן, וכן הקושי של קרבנות העבירה להתלונן, הביאו את המחוקק להחמיר בענישה שנקבעה, כאשר מדובר בתקיפת בת זוג.",train
מהו תפקידו של בית המשפט בהרתעת הציבור מעבירות החזקת נשק שלא כדין?,"בשל פוטנציאל ההרס הטמון בכלי נשק, הכולל גם אפשרות לפגיעה עיוורת באנשים מן הישוב, מתפקידו של בית המשפט להרתיע אף מפני עבירת החזקת נשק שלא כדין.",train
כיצד משפיעה נהיגה בזמן פסילה על מערכת אכיפת החוק?,"עבירה של נהיגה בזמן פסילה שהוטלה בבית המשפט, מהווה זלזול בוטה בערכאות השיפוטיות, החלטות שיפוטיות ובמערכת אכיפת החוק כולה.",train
מהי העילה שיכולה להתקיים במקרה של הסתמכות על מצג דברים מוטעה מטעם הרשות?,הסתמכות על מצג דברים מוטעה מטעם הרשות עשוי לשמש כעילה במסגרת הגנה מן הצדק.,train
מהן ההוראות הנוגעות למשך הפסילה במקרה של הרשעה שנייה בעבירת החזקת סמים לשימוש עצמי?,"לענין משך הפסילה, בהתאם להוראות סעיף 37א(א1) לפקודה, מי שהורשע, בפעם השניה, בעבירה של החזקת סמים לשימוש עצמי – על בית המשפט להשית עליו פסילת רישיון נהיגה לתקופה שלא תפחת משנתיים ימים, אלא בנסיבות חריגות.",train
מדוע שיקולי השיקום של נאשם בוגר אינם מספיקים כדי להחריגו מהרשעה?,"שיקולי השיקום של נאשם בוגר אשר יהיה בכוחם להחריגו מהרשעה בדין שמורים למקרים חריגים ביותר שאינם מתמצים בעצם ה""הכתמה"" או ה""דימוי העצמי"", שהינם כאמור התוצאות הבלתי נמנעות של הרשעה באשר היא, ובמידה לא מבוטלת אף אחת התכליות של הדין הפלילי.",train
מדוע אין פסול בקביעת פיצוי גבוה כאשר היכולת הכלכלית של הנאשם אינה גבוהה?,"מן האמור עולה, כי אין פסול בקביעת פיצוי גבוה יחסית (ובענייננו לא הגיע לא למירב שבחוק ולא קרב לסכומי הגזילה), אף מקום שהיכולת הכלכלית אינה גבוהה.",train
מהו הסיכון הכרוך בהחזקת נשק בעל פוטנציאל קטילה ללא פיקוח?,"עצם החזקת נשק בעל פוטנציאל קטילה מבלי שיש עליו ועל בעליו פיקוח מוסדר של הרשויות טומן בחובו סיכון, באשר המחזיק בו נתון תמיד לחשש שיתפתה לעשות בו שימוש, ולו ברגעי לחץ ופחד.",train
אילו שיקולים נוספים נלקחים בחשבון בקביעת מתחם העונש ההולם?,"בבואו לקבוע את מתחם העונש ההולם, בית המשפט שוקל את מדיניות הענישה, אך שיקול זה אינו היחיד ומשקל ניתן גם לנסיבות המקרה.",train
מדוע לא ניתן להסתמך על המלצת שירות המבחן למבוגרים בענישה במקרה זה?,"ענישה בהתאם להמלצת שירות המבחן למבוגרים – לא יהיה בה כדי לשקף כלל את עיקרון ההלימה, אשר קיבל הבכורה במסגרת שיקולי הענישה, שלא לדבר על הרתעת היחיד – הנאשם – והרתעת הרבים.",train
מדוע יש להטיל פיצוי ברף גבוה במקרה של נזקים חריגים שנגרמו למתלוננת?,"עצימותם החריגה של הנזקים, אשר נגרמו למתלוננת במקרה זה  מחייבים השתה פיצוי ברף גבוה.",train
כיצד מתכוון בית המשפט להמחיש לנאשם את החומרה של העבירות שעבר?,"על מנת להמחיש לנאשם את החומרה הנלווית לעבירות שעבר  יורה בית המשפט על תוספת משמעותית להיקף שעות השל""צ שתוטלנה על הנאשם, כך שיושת עליו עונש של""צ באורך המקסימלי האפשרי, שיהיה שקול בהיקפו, כנגד מספר חדשי עבודות שירות, אך עם זאת, יאפשר לנאשם לרצות את העונש, מבלי לפגוע במסגרת התעסוקתית.",train
מדוע נקבעה עבירה זו כעבירת עוון ולא כעבירה חמורה יותר?,"נוכח מעמדו של מחזיק החומר בשרשרת ההפצה, כצרכן קצה – נקבעה עבירה זו כעבירת עוון, שבצידה עונש מאסר מירבי בן שנה.",train
מהו השיקול המרכזי שיילקח בחשבון לזכות הנאשם בעת קביעת העונש?,"לזכות הנאשם, יילקחו הודאתו באשמה ונטילת האחריות מצדו, הגם שלא היתה מלאה.",train
מהי ההגנה שעל בית המשפט להעניק לאנשי כוחות השיטור?,"על בית המשפט לתת ההגנה הראויה לאנשי כוחות השיטור והבטחון, על מנת שיוכלו להמשיך לעשות את תפקידם נאמנה.",train
כיצד משפיעה אפליקציה של סטיה מהמתחם על סמכות בית המשפט לפי סעיף 40ד' לחוק העונשין?,"אפליקציה של סטיה מהמתחם בשל שיקולי השיקום עשויה להצדיק נקיטה בצעדים מתוקף סמכותו של בית המשפט בהתאם להוראות סעיף 40ד' לחוק העונשין, תשל""ז – 1977.",train
מהו השיקול הנוסף שעל בתי המשפט לשקול לצד שיקול השיקום של הנאשם?,"אכן יש ליתן חשיבות לשיקומו של מי שנאשם בפלילים, אך שיקול זה אינו עומד לבדו, ועל בתי המשפט להידרש לצדו לשיקולים אחרים.",train
מהו השיקול שעל בית המשפט לשקול בקביעת הענישה הספציפית בתוך מתחם הענישה?,"בקביעת הענישה הספציפית בתוך המתחם, על בית המשפט לשקול, בין היתר, את עברו של הנאשם, נסיבותיו האישיות, לצד שיקולים נוספים.",train
מהו המסקנה לגבי רף הענישה המתאים בהתבסס על מכלול הנסיבות במקרה זה?,מכלול הנסיבות מצביע על ענישה ברף הבינוני-גבוה של מתחמי הענישה.,train
כיצד משפיע מצב בריאותי של הנאשם על עונש המאסר המוטל עליו?,"אכן, עונש מאסר המושת על אדם מבוגר, במצב בריאותי שאינו שפיר, אינו שקול לעונש מאסר מקביל המושת על עברין בריא וצעיר.",train
מהי העילה לعدم חריגה ממתחם הענישה בנסיבות המקרה?,"בנסיבות אלה, אין כל עילה לחרוג ממתחם הענישה.",train
מהו העיקרון המשפטי המנחה את הענישה בעבירות מס ביחס לנסיבות האישיות של הנאשם?,"בכל הנוגע לעבירות מס, נקבע, לא פעם, בפסיקה, כי נסיבותיו האישיות של הנאשם נסוגות אחור מפני שיקולי הגמול וההרתעה, וכי למעט מקרים חריגים, אין להסתפק בהשתת עונש שאינו כולל מאסר לריצוי בין כתלי בית האסורים.",train
מהי הסכנה הטמונה בעבירת החזקת נשק שמצדיקה עונש מאסר לריצוי בפועל?,הסכנה הטמונה בעבירה החמורה של החזקת נשק מצדיקה הטלת עונשי מאסר לריצוי בפועל גם על מי שזו עבירתו הראשונה.,train
מדוע איום על מי שממלא תפקיד ציבורי נחשב לאיום על מוסדות המדינה?,"הציבור צריך לדעת כי מי שממלא את תפקידו על פי דין, הוא שליח של רשויות השלטון, ובמקרה זה הוא שליח של הרשות המופקדת על אכיפת שלטון החוק, ואיום עליו הוא איום על מוסדות המדינה.",train
מהי הסיבה לכך שעמדת ההגנה לא התקבלה במקרה זה?,"עמדת ההגנה אף מנוגדת לרוח הפסיקה, בפרט בעבירות מאותה מטריה בהן הורשע הנאשם.",train
מדוע הטיל בית המשפט עיצום כספי על הנאשם בעבירות הסמים?,"בשל המניע הכלכלי העומד ברקע לעבירות סמים, מוצא בית המשפט להטיל עיצום כספי מסוג קנס.",train
מהו השיקול העיקרי המוביל לדחיית הנסיבות האישיות בעבירות סמים בהיקף גדול?,"כבר נאמר, לא פעם, כי בעבירות סמים, בייחוד בהיקף כזה – נדחות הנסיבות האישיות מפני האינטרס הציבורי.",train
מהו התנאי לקביעת מתחם עונש הולם שתחתיתו נמוכה מעונש המינימום לפי פסיקת בית המשפט העליון?,"ברם, בהתאם לפסיקת בית המשפט העליון – מתחם עונש הולם שתחתיתו נמוכה מעונש המינימום – יוכל להיקבע רק אם ניתנו לכך נימוקים מיוחדים, אותם אין למצוא במקרה דנן.",train
כיצד יש להכביד את הענישה על עבריינים הנוקטים באלימות?,במסגרת מלחמה זו שומה על בתי המשפט להכביד את הענישה על עבריינים אלו.,train
מהו תפקידו של בית המשפט כאשר שוטרים מותקפים בעת מילוי תפקידם?,"שלומם הגופני והאישי ושלום חייהם של השוטרים אינו הפקר, ועל בית המשפט ליתן להם הגיבוי המתאים כאשר מותקפים בעת שממלאים את תפקידם.",train
מדוע נחשבות עבירות הסמים לפוטנציאל לפגיעה משמעותית בחברה?,אשר לעבירות הסמים - נושאות הן בחובן פוטנציאל לפגיעה משמעותית בחברה.,train
מהו הנזק שבנסיון להצדיק יידוי אבנים בשוטרים כחלק מחופש הביטוי?,הנסיון להצדיק יידוי אבנים בשוטרים באיצטלת חופש הביטוי והמחאה הינו הרסני ומקעקע מן היסוד אושיות בטחון וסדר בחברה.,train
"מהו השיקול שעל בית המשפט לקחת בחשבון בעת קביעת קנס, לפי החוק?","אמנם, בכל הנוגע לעיצום כספי מסוג קנס, על בית המשפט להתחשב במצבו הכלכלי של הנאשם (ראו סעיף 40ח' לחוק העונשין, תשל""ז 1977).",train
כיצד מוגדרת העבירה עבור הנאשמים 4-5 בהקשר להשתתפות בהתקהלות אסורה?,"עבור הנאשמים 4 – 5, העבירות שענינן השתתפות בהתקהלות אסורה מוגדרות באופן שונה במתחם ענישה מכיוון שמיוחסת להן בעיקר נוכחות ולא מעורבות בעבירות אלימות קשות.",train
מהי ההמלצה לגבי הענישה על גידול סמים לאור המציאות הנוכחית במדינה?,בהינתן המציאות הנוכחית שבה גידול הסמים הפך להיות למכת מדינה יש להילחם בו בחומרה כאשר הביטוי לכך יהיה בהרמת רף הענישה.,train
מהי הסיבה לכך שהמאסר יבוצע בדרך של עבודות שירות במקרה זה?,"רק השמתו לריצוי מאסר בדרך של עבודות שירות – עשויה להכניס הנאשם למסגרת חיים נורמטיבית, ומכל מקום, כאמור לעיל – מן הפן המשפטי – אין בנמצא אפשרות אחרת.",train
מהי הסיבה לאימוץ המלצת שירות המבחן במקרה זה חרף חריגה ממתחם הענישה?,"במקרה מיוחד זה, ומבלי שיהיה בכך כדי להשליך על מקרים אחרים, מוצא בית המשפט לאמץ המלצתו השיקומית של שירות המבחן למבוגרים, תוך חריגה ממתחם העונש ההולם, על מנת לאפשר לנאשם את המשך ההליך הטיפולי שהחל ולאפשר לו להמשיך לשקם את חייו ולדאוג לעתידו.",train
מדוע טוענת התביעה כי המעשים פוגעים בכלל הציבור?,"בית המשפט מקבל טענות התביעה, כי המדובר במעשים הפוגעים בכלל הציבור, ובין היתר גורמים לעליית מחירי פרמיות הביטוח, שכן חברת הביטוח נאלצת לקחת בחשבון, כי חלק מהמקרים בהם תיאלץ לפצות מבוטחיה, מקורם בתביעות כוזבות.",train
מהו ההסבר לכך שהנאשם לא שינה את דפוסי התנהגותו העברייניים despite עונשי מאסר?,"הנאשם ריצה בעבר מספר עונשי מאסר ממושכים והוטלו עליו פסילות של רישיון הנהיגה פעם אחר פעם, אשר לא היה בהם כדי להציב לו גבול מרתיע ולגרום לו לשנות את דפוסי התנהגותו העברייניים.",train
כיצד פעל בית המשפט בנוגע לעונש הנאשם בהתאם לסעיף 40 ד' לחוק העונשין?,"על כן, מתוקף סמכותו של בית המשפט בהתאם להוראות סעיף 40 ד' לחוק העונשין, תשל""ז-1977, מוצא בית המשפט, בעניינו של נאשם זה – לחרוג לקולא ממתחם הענישה ולהסתפק בעונש מאסר בפועל לריצוי בדרך של עבודות שירות, בד בבד עם שילוב הנאשם בהליך הטיפולי השיקומי, בפיקוח שירות המבחן למבוגרים.",train
מהי העמדה שנקט בית המשפט המחוזי לגבי עונש המאסר לעוברי עבירה זו?,כפי שקבע בית המשפט המחוזי – ראוי להשית על עוברי עבירה זו עונש מאסר בכליאה ממשית.,train
מהו הקשר בין קביעת המחוקק לבין הענישה בפועל במקרה זה?,קביעה זו של המחוקק - מן הדין שתבוא ידי ביטויה גם בקביעת הענישה בפועל.,train
כיצד עשויה החשיפה הציבורית להעצים את הפגיעה בנפגע העבירה?,"מגע שנותר בין שניים בחדר סגור נתחלף לו בחשש לחשיפה ולפרסום פומבי בפייסבוק וביו-טיוב, מה שעשוי להעצים את הפגיעה בנפגע העבירה.",train
מהן ההשלכות על קרובי המשפחה בעקבות מעשי הנאשם?,"במקרה דנן, נפגעו קרובי המשפחה גם באופן ישיר, הן מהפגיעה בכבוד משפחתם וברגשותיהם, כאשר נחשפו להתנהגות האלימה כלפי אבי המשפחה, שנאלץ לסיים חייו כשבשנותיו האחרונות סבל השפלה כה קשה; הן כתוצאה מהצורך להשקיע באמצעי מעקב, לחשיפת התנהגותו של המטפל – הנאשם.",train
מהו השיקול שהנחה את בית המשפט בהחלטתו לנסוג מפני האינטרס הציבורי במקרה זה?,במקרה זה הוא נסוג מפני האינטרס הציבורי והצורך לנקוט במדיניות של ענישה מרתיעה.,train
מהו הערך החברתי המוגן בעבירות מסוג זה?,"הערך החברתי המוגן בעבירות מסוג זה,  הינו החובה להגן על שלמות בריאותו הנפשית והפיסית של הציבור.",train
כיצד יש להבחין בין זכות המחאה לבין אלימות המכוונת נגד שוטרים ואוכפי החוק?,"בפתח הדברים יודגש כי שומה עלינו למתוח קו חד וברור בין זכות המחאה, הביטוי וגם הצעקה, לבין אלימות פרועה ומסוכנת בכלל וכזו המכוונת כנגד שוטרים ואוכפי החוק בפרט.",train
היכן ממקם בית המשפט את עונשו של הנאשם במתחם הענישה?,"בית המשפט מוצא למקם עונשו של הנאשם בחלקו התחתון של המתחם, אם גם לא ברף התחתון ממש.",train
מדוע קל לעבור עבירות מסוג זה על ידי בעלי תפקידים?,"בשל האמון שנתן המחוקק בבעלי תפקידים אלה והסמכויות שנתנו בידיהם, לרבות הסמכות לפעול בשם אחרים ולאשר אמיתותן של הצהרות ומסמכים – קל לעבור עבירות מסוג זה.",train
מהן הנסיבות שהשפיעו על קביעת מתחם הענישה במקרה זה?,"בנסיבות התיק דנן, לאור סוג הסמים; כמות הסמים; אופן חלוקת הסמים; מיקום החזקת הסמים; הבאתם לעיר אילת במהלך תקופת החגים, כשהיא עמוסה בנופשים ותיירים; הראיות שהוצגו בנוגע למעורבות העומק בעולם הסמים המסוכנים; מידת הפגיעה המשמעותית בערכים המוגנים; והנזק הפוטנציאלי הטמון במעשי הנאשם אלמלא היה נתפס על ידי המשטרה; מוצא בית המשפט להעמיד את מתחם ענישה כך שינוע בין 30 ועד 60 חודשי מאסר בפועל.",train
מהו הכיעור המיוחד בעבירות שביצע הנאשם במקרה זה?,"על אחת כמה וכמה במקרה דנן, כאשר המדובר בעבירות שנעברו בנסיבות בהן נלווה להן כיעור מיוחד – תוך ניצול ציני של פטירת המנוח ונסיון להונות את שאריו כבר במהלך תקופת ימי ה""שבעה"" בה אבלים על לכתו.",train
מהו הטיעון המרכזי של המערער בנוגע להעדפת אינטרס השיקום?,"טוען המערער, כי שגה בית המשפט קמא בכך שלא העדיף בעניינו את אינטרס השיקום.",train
מהי ההשפעה של חוסר חרטה על החלטת העונש?,לחובת הנאשם בהחלטת העונש יש לשקלל את העובדה כי אינו מביע חרטה על מעשיו ואינו רואה בהם פסול.,train
מהו המיקום של עונשו של הנאשם במתחמי הענישה בהתאם לשקלול הגורמים?,"בשקלול הגורמים, ימקם בית המשפט את עונשו של הנאשם בחלק התחתון של כל אחד ממתחמי הענישה, אך לא ברף התחתון ממש, ולנוכח הודאתו באשמה תינתן לו הקלה, במסגרתה תיערך חפיפה חלקית בין העונשים.",train
כיצד משפיעה הודאת הנאשם באשמה על גזר הדין בעניינו?,"לזכות הנאשם, תילקח הודאתו באשמה ולקיחת אחריות על מעשיו, תוך הבעת חרטה.",train
מהו הצורך המובנה בעונש קשה ומרתיע בעבירות אלו?,פוטנציאל זה מחייב נקיטת ענישה קשה ומרתיעה.,train
מה על בית המשפט לקחת בחשבון בעת קביעת הענישה לפי אופן התנהלות הנאשם?,על בית המשפט לקחת בחשבון את אופן התנהלות כפי שעולה מהדרך בה עבר העבירות  מידת התחכום; הנועזות; האנטי-חברתיות העולה ממעשיו של הנאשם.,train
מהי הסיבה לקביעת מתחם ענישה גבוה יותר במקרה זה?,"במקרה דנן, לאור הפגיעה המשמעותית בערכים המוגנים, ולאור כך שהנאשם הורשע בעבירות נוספות, ראוי היה לקבוע מתחם ענישה גבוה יותר מזה שאליו עתרה התביעה.",train
כיצד הושפעה העבירה מהתכנון המדוקדק שנעשה מראש?,"עבירה זו, בנסיבותיה, נעברה תוך תכנון מדוקדק מראש, וטמונה בה אי הגינות כלפי הציבור.",train
מהו השיקול שייקח בית המשפט בחשבון לטובת הנאשם במסגרת המתחם?,"במסגרת המתחם, ייקח בית המשפט בחשבון, לטובת הנאשם, העדר הרשעות קדומות; תרומתו למדינה – הן בשירות הצבאי והן בשירות המשטרתי, במהלכו אף נפצע; הודאתו באשמה.",train
כיצד השפיעו טענות הצדדים והרשעתו הקודמת של הנאשם על גזירת העונש?,"לאחר עיון בטענות הצדדים ובהרשעתו הקודמת של הנאשם ובהתאם לפסיקה, גוזר בית המשפט את עונשו בהתאם לנסיבות העניין.",train
מהו מתחם הענישה שנמצא מינימלי על ידי בית המשפט במקרה זה?,"לאחר עיון בפסיקה שהוצגה מטעם הצדדים – מוצא בית המשפט, כי בנסיבותיו של תיק זה – מתחם הענישה המבוקש על ידי התביעה, הוא מינימלי, וכך יועמד.",train
מהן הנסיבות שגרמו לבית המשפט להעדיף את האינטרס הציבורי של הרתעת עברינים?,"לאחר שבית המשפט לוקח בחשבון את מכלול הנסיבות – לנוכח חומרת המעשים; שיטתיותם; מידת התחכום הנלווה להם; אבחנות שירות המבחן למבוגרים בנוגע לנאשם; וכן אי הסרת המחדל - מוצא בית המשפט, כמצוות הפסיקה, להעדיף האינטרס הציבורי של הרתעת עברינים בכח מלעבור עבירות דומות.",train
כיצד התנהגותו הסדרתית של הנאשם משפיעה על מתחם הענישה?,התנהגותו הסדרתית של הנאשם מעידה על כשל ערכי משמעותי והיא מהווה נסיבה לחומרה ומצביעה לכיוון החמרה במסגרת מתחם הענישה.,train
מהו האינטרס הציבורי המתחייב ממילוי תפקיד השוטרים ללא מורא?,אינטרס הציבור מחייב אפוא שוטרים יוכלו למלא את תפקידם ללא מורא ופחד.,train
מדוע הטיל בית המשפט קנס משמעותי על הנאשם בעבירות הסמים?,"בשל המניע הכלכלי העומד ברקע לעבירות סמים, מוצא בית המשפט להטיל עיצום כספי מסוג קנס משמעותי.",train
"מהו ההבדל בין עבירות שנעברו ""בלהט הרגע"" לבין עבירות מתוכננות כלפי אנשי אכיפת החוק?","בניגוד לטענות ההגנה, אין המדובר בעבירות שנעברו ""בלהט הרגע"", אלא לאחר תכנון מוקדם וכוונה ברורה לפגוע, פגיעה עוצמתית, באנשי אכיפת החוק, שכן הנאשם נערך מראש לתקיפה ואז תקף את השוטר.",train
מהי החשיבות של מסמכים מאמתים בהערכת מצבו של הנאשם?,לטענות הנאשם במצבו הרפואי והכלכלי יש לשקול בזהירות הראויה לנוכח היעדר מסמכים מאמתים והתרשמות ממידת מהימנותו של הנאשם.,train
מדוע במקרה זה לא מצא בית המשפט כי חלוף הזמן מקהה שיקולי הענישה?,"ברם, במקרה דנן, אין בית המשפט מוצא, כי חלוף הזמן מקהה שיקולי הענישה, במידה כזאת, המצדיקה התחשבות מיוחדת בנאשם.",train
מדוע פגיעה בכוחות המשטרה מחייבת ענישה עם אמירה משמעותית מבית המשפט?,"פגיעה כזו בכוחות המשטרה – מחייבת ענישה שתהיה בה אמירה משמעותית מצדו של בית המשפט, במישור המעשה.",train
מהו תפקידו של בית המשפט במאבק נגד עבירות סמים והרתעת הציבור?,"על בית המשפט להרתיע היחיד והרבים מפני עבירות הסמים, ולהילחם בתופעה הקשה של נגע הסמים, הצוברת תאוצה בשנים האחרונות.",train
מה ההבדל בין עניינו של הנאשם בתיק זה לבין הנאשם בתיק 47445-08-17?,"בהתחשב בכך, שונה עניינו מהנאשם בתיק 47445-08-17 מדינת ישראל נגד גבועה, אשר נטל אחריות על מעשיו ואף היה מורשה לנשיאת כלי נשק ארגוני; כמו גם ניתנה, בעניינו, המלצה שיקומית – טיפולית מטעם שירות המבחן.",train
כיצד השפיעו נפיצות העבירות והקושי להתלונן על החמרת הענישה?,"עבירות אלה, נפיצותן, וכן הקושי של קרבנות העבירה להתלונן, הביאו את המחוקק להחמיר בענישה שנקבעה, כאשר מדובר בתקיפת בת זוג.",train
כיצד ההחמרה בענישה תורמת למטרות הגמול וההרתעה בתחום הסמים?,"ההחמרה בענישה בגין עבירות סמים משרתת את מטרות הגמול וההרתעה, שהן היעדים העיקריים של הענישה בתחום הסמים.",train
מהי החומרה הנוספת למעשים של הנאשמים בהקשר למגע עם השוטרים?,"חומרה יתרה למעשים, היות שעולה מהאמור בכתב האישום, כי הנאשמים הם שחתרו למגע אל מול השוטרים, שנקלעו לאירוע, כשהדבר חוזר על עצמו מספר פעמים במהלך האירוע.",train
מהו הצורך בהרחקת הנאשמים מהדרך בעקבות עבירות הסמים שביצעו?,"כמו כן, לאור כך שהמדובר בעבירות, שנעברו על ידי מי שמכורים לסמים מסוכנים 	6 קם הצורך בהרחקתם מהדרך לתקופה משמעותית ואף גבוהה יותר מזו שהוטלה על המעורבים הנוספים בפרשה.",train
מדוע יש צורך בהרחקת הנאשם מהחברה ומהמתלוננים לתקופה מסוימת?,"בסופו של דבר, חומרת המעשים מחייבת הרחקת הנאשם מהחברה בכלל ומהמתלוננים בפרט לתקופה, שיהיה בה כדי לאפשר שילובו בטיפול מתאים ואף חשבון נפש.",train
מהי הסיבה להטלת עיצום כספי משמעותי על הנאשם?,"לנוכח כמות הסם שנתפסה, שהוא בשווי כלכלי לא מבוטל, ולאור המשאבים הרבים שהוקצו לצורך איתור הנאשם, עד אשר נעצר לבסוף – יושת גם עיצום כספי משמעותי ומרתיע.",train
מהו הקשר בין קושי קרבנות העבירה להתלונן להחמרת הענישה בתקיפת בת זוג?,"עבירות אלה, נפיצותן, וכן הקושי של קרבנות העבירה להתלונן, הביאו את המחוקק להחמיר בענישה שנקבעה, כאשר מדובר בתקיפת בת זוג.",train
מהן הנסיבות האישיות והמשפחתיות שיילקחו בחשבון במקרה זה?,"כן תילקחנה בחשבון נסיבותיו האישיות והמשפחתיות כדור שני למשפחה של ניצולי שואה, הכל כמפורט בתסקיר שירות המבחן למבוגרים.",train
כיצד משפיעה העדר הרשעות קודמות על שיקול הדעת של בית המשפט במקרה זה?,"בית המשפט ייקח בחשבון העדר הרשעות קודמות - הגם שנקבע, כי בכל הנוגע לעבירה דנן אין המדובר בשיקול משמעותי.",train
מדוע הוטל על הנאשם מאסר מותנה מרתיע?,"זאת, כמובן, בתוספת מאסר מותנה מרתיע, לבל יהין הנאשם לעבור שוב עבירות דומות.",train
מהי הסיבה לכך שהטענה על קרבה למועד פרסום ההנחיה לא התקבלה כנסיבה מקלה בענישה?,"גם הטענה בדבר קרבה למועד פרסום ההנחיה אינה מהווה נסיבה מקלה בענישה, כפי שנקבע בבית המשפט המחוזי בבאר שבע במסגרת עפ""ג 58998-03-21 אבו לטיף נ' מדינת ישראל: טרם נעילה יוער כי לא ראינו אף לתת משקל המצדיק הפחתה בענישה לעובדה אותה הדגיש הסניגור, כי העבירה של ריבוי נישואין נעשתה בסמוך לשינוי במדיניות האכיפה.",train
מהן השיקולים שעמדו בפני בית המשפט בקביעת מתחם הענישה במקרה זה?,"לאחר שבית המשפט שקל את נסיבות ביצוע העבירה; הערכים המוגנים שנפגעו ומידת הפגיעה בהם; מידת הפגיעה במתלוננת; הנזקים שנגרמו למתלוננת; ובשים לב למדיניות הענישה הנוהגת; מוצא בית המשפט, כי היה מקום להעמיד את מתחם הענישה, לכל הפחות, כך שינוע בין 18 ועד 36 חודשי מאסר בפועל.",train
מהי החובה החוקית שהנאשם הפר כאשר ברח מהמקום לאחר התאונה?,"אם לא היה די בכל אלה – הרי נמנע הנאשם מלציית לחובה החוקית, שהיא גם חובה מוסרית בסיסית, כאשר ברח מהמקום ולא עצר כדי לברר מצבם של נפגעי התאונה ולהושיט להם עזרה.",train
מהו הקשר הרציונאלי בין הטלת קנס לבין תכליות הגמול וההרתעה?,במקרים אלה מתקיים קשר רציונאלי בין הטלת עונש של קנס לבין השגת תכליות הגמול (עקרון ההלימה) וההרתעה.,train
כיצד מתארים מעשי המערערים את התנהגותם כלפי שוטרים הממלאים תפקיד ציבורי?,"מעשיהם של המערערים, שכללו איומים ותקיפה של שוטרים הממלאים תפקיד ציבורי על פי דין, הינם בבחינת התנהגות פלילית חמורה ושלוחת כל רסן אשר קוראת תיגר על אושיות שלטון החוק תוך התעלמות מופגנת מנורמות ההתנהגות הראויות שיש להקפיד עליהן.",train
מהי ההחלטה של בית המשפט לגבי הפעלת עונש המאסר המותנה שניתן לנאשם?,"בית המשפט מוצא להורות על הפעלת עונש המאסר המותנה מגזר הדין ת/3, עם הקלה מסוימת לנאשם בשל הודאתו באשמה.",train
מדוע נחשבות עבירות הסמים לפוטנציאל לפגיעה משמעותית בחברה?,עבירות הסמים נושאות בחובן פוטנציאל לפגיעה משמעותית בחברה.,train
מהו הכיוון המומלץ לענישה על פי מכלול הנתונים במקרה זה?,"מכלול הנתונים מצביע, אם כן, לכיוון ענישה במסגרת מתחם הענישה, קרוב לרף הנמוך שלו.",train
מדוע הוטלה על הנאשם ענישה ממשית לאחר שסירב להשתלב בטיפול?,"משסירב הנאשם להשתלב במסגרת טיפולית כלשהי בעבר, ובהליך הנוכחי – אף נמנעה ההגנה מלבקש להפנותו להערכת שירות המבחן בנסיון למצוא טיפול כלשהו, (זאת, כאמור, גם לאחר שבית המשפט העמידה על האפשרות לעשות כן) – אין מנוס אלא להטיל עליו ענישה ממשית, בעולם המעשה, שיהיה בה כדי להרתיעו מלשוב לסורו.",train
מהו המידע המצביע על כשל ערכי בעבירות שביצע הנאשם?,"העבירות שעבר הנאשם מלמדות על כשל ערכי עמוק, ולהן מספר פנים של חומרה.",train
כיצד יש להתייחס לכשל הערכי ולמידת האנטי חברתיות במעשי הנאשם?,יש להתיחס לעמקו של הכשל הערכי ולמידת האנטי חברתיות העולה ממעשיו של הנאשם.,train
מהי הסיבה להטלת פיצוי על הנאשם בעקבות מעשיו?,מעשיו החמורים של הנאשם; הפגיעה הקשה בנפגעת העבירה והצורך לשלבה בטיפול - מחייבים השתת פיצוי הולם על הנאשם.,train
מהן הסיבות להטלת עיצום כספי משמעותי על הנאשם במקרה זה?,"ראוי היה להטיל גם עיצום כספי משמעותי, וזאת, לנוכח שוויים של הנכסים; משנעברו העבירות מתוך מניע של בצע כסף; לאור המשאבים הציבוריים שהוקצו לשווא, הן במשטרת ישראל והן על ידי חברת הביטוח, עקב מצג השווא מטעמו של הנאשם; כמו גם הנזקים הרחבים יותר שנגרמים בעטיים של מעשים מסוג זה לציבור הכללי.",train
מדוע נחשבים מעשי אלימות בתוך המשפחה לחמורים במיוחד?,מעשי אלימות בתוך המשפחה נתפסים כבעלי חומרה מיוחדת במערכת האיסורים הפליליים העוסקים בעבירות אלימות.,train
כיצד משפיעה מצבו המשפחתי של הנאשם על הבנת משמעות מעשיו?,"הנאשם עצמו נשוי ואב לילדים, כך שהיה עליו להבין את משמעות מעשיו.",train
מהי הסיבה לכך שלא הוצגו נסיבות מיוחדות להקל בעונש הנאשם?,"חרף המלצת שירות המבחן בענינו של הנאשם דנן, לא עלה בידי ההגנה להציג נסיבות מיוחדות המצדיקות סטיה ממתחם הענישה מטעים שיקומיים.",train
כיצד יש לשקול את האינטרס הציבורי בעונש על עבירות נשק?,"בבוא בית המשפט לשקול את הענישה בעבירות מסוג זה, עליו לתת משקל נכבד יותר לאינטרס הציבורי ולצורך להרתיע עבריינים בכוח מלבצע עבירות דומות, על פני הנסיבות האישיות של העבריין.",train
אילו נסיבות אישיות נלקחו בחשבון בעת גזירת העונש לנאשמת?,"בית המשפט לקח בחשבון את נסיבותיה האישיות של הנאשמת, וכן המצב הרפואי של הנאשמת ובעלה, כפי שפורטו בתסקיר שירות המבחן למבוגרים ובטענות ההגנה במסגרת פרשת העונש.",train
כיצד משפיע צו החיפוש על מהימנות גרסת הנאשם?,"גרסה זו גם אינה מתיישבת עם החיפוש שנערך בבית הנאשם וברכבו על פי צו שופט, שהרי צו החיפוש בוודאי הוצא בהתאם לאינדיקציות מתאימות, כדרישת הדין.",train
מדוע לא ניתן לתת משקל לטענות הנאשם לגבי הלחץ שהופעל עליו בנוגע לסמים?,"יש ממש בטענת התביעה, כי דבריו של הנאשם בשירות המבחן בנוגע ללחץ שהופעל עליו וכן בנוגע לכך, שהסמים שהוחזקו על ידו היו שייכים לאחר ושלא לא הוא הרוויח מהעסקה - חורגות מהמסגרת המוסכמת בהסדר ובית המשפט ימנע מלתת משקל לטענות אלה.",train
מהי המדיניות הכללית בענישה בעבירה של נהיגה ללא רישיון?,"ומדיניות הענישה הנהוגה בעבירה זו הינה של רצינות וחומרה ובמסגרתה, ככלל, הענישה כוללת מרכיב של מאסר בפועל לתקופה משמעותית, גם כשמדובר בנאשמים צעירים או נעדרי עבר פלילי.",train
מהו השיקול שיש לקחת בחשבון בענישת הנאשם לאחר שינוי באורחות חייו?,בענישת הנאשם יש לשקול את השינוי שחל באורחות חייו והחלוף בזמן מאז ביצוע העבירות.,train
אילו נסיבות הצביעו על כיוון הקלה במתחם הענישה?,נסיבות אלה מצביעות לכיוון הקלה במסגרת מתחם הענישה.,train
מהו טיב האיומים שהשמיע הנאשם כלפי אשתו ובני משפחה נוספים?,"במקרה דנן, לאור טיב האיומים שהשמיע הנאשם, לא אחת, כלפי אשתו, וכן כלפי בני משפחה נוספים, מדובר בפגיעה משמעותית בערכים המוגנים.",train
מהן המטרות המרכזיות של הענישה בעבירות סמים לפי ההסבר שניתן?,"הענישה בעבירות מסוג זה נועדה, קודם לכל, לשרת את מטרת הגמול לעבריין על עיסוק בסם העלול לסכן חיי אדם ולפגוע בבריאות המשתמשים בו; שנית, על העונש להעביר מסר חד-משמעי של הרתעה ביחס לעבריינים פוטנציאליים, ולשמש אות אזהרה אפקטיבי לכל מי שמתכוון לקחת חלק במערכת ההעברות והסחר בסמים, תהא אשר תהא הפונקציה אותה הוא ממלא בשרשרת זו של העברת הסם מיד ליד.",train
מהו המניע הכלכלי שהשפיע על גובה הקנס שהוטל על הנאשם?,"בשל המניע הכלכלי העומד ברקע לעבירות סמים, מוצא בית המשפט להטיל עיצום כספי מסוג קנס אשר, לצורך איזון התמונה הענישתית, לא יושת על הצד הנמוך.",train
מהן התכליות המרכזיות לפיצוי נפגע עבירה כפי שנקבעו בפסיקת בית המשפט העליון?,"פסיקת בית המשפט העליון קבעה מספר תכליות לפיצוי נפגע עבירה, ובין היתר: ראש וראשית – הכרה חברתית כללית והכרה של מערכת המשפט בפרט בסבלו של הנפגע, תוך מתן משקל למעמדו במסגרת ההליך הפלילי; שנית - חסכון בזמן לנפגע העבירה תוך מתן סעד כספי בזמן קצר, ומניעת מפגש נוסף בינו לבין העברין במסגרת הליך אזרחי; שלישית – מהווה תשלום הפצוי מעין הליך ""היטהרות"" שיש בו כדי לסייע לעברין להכיר בעבירה שביצע, לפעול לתיקון המעוות ולהשתקם.",train
מהו השיקול המרכזי במקרים שבהם העבירה מופנית נגד קטינים?,במקרים כאלה – השיקול המרכזי הינו הגנה על הקטינים.,train
"כיצד החדרת ציוד רט""ן לאגף האסירים הבטחוניים משפיעה על פעולות ארגוני הטרור?","החדרת ציוד רט""ן למתקן הכליאה, לאגף האסירים הבטחוניים, מעבר לפגיעה במשמעת במתקן, עלולה לאפשר לארגוני הטרור לתכנן ולבצע פעולות רצחניות, שסופן מי ישורנו.",train
כיצד משפיעה היעדר מערכת משפט צדק על כבוד האדם וביטחונו בחברה?,"חברה הפועלת בלא מערכת משפט צדק שהציבור שם בה את מבטחו, היא חברה הנשלטת על ידי אלימות, אשר בה כבוד האדם ובטחונו עומדים בסכנה.",train
מהו הסיכון הנובע מהזמינות של נשק בידי מי שאינו מורשה?,"לנוכח היקפן המתרחב של עבירות המבוצעות בנשק, הזמינות הבלתי נסבלת של נשק בידי מי שאינו מורשה לכך, מהווה כאמור סיכון של ממש ומגבירה את הסיכון לביצוע עבירות חמורות נוספות כמו גם לאסונות נוראיים.",train
מהי הטענה המרכזית של המאשימה בנוגע למהלך המרמה של הנאשמים?,"יש ממש בטענת המאשימה, כי המדובר היה באירוע מתגלגל וכי לנאשמים היו ""נקודות יציאה"" רבות, במהלכן היה בידיהם לחדול ממהלך המרמה ולחזור בהם מההודעה הכוזבת.",train
מהי הסיבה לכך שאין לבית המשפט עילה לחרוג לקולא מהמתחם שנקבע בעניינו של הנאשם?,"בהעדר המלצה טיפולית – שיקומית משירות המבחן,  ולנוכח תפישותיו של הנאשם בנוגע לעבירות כפי שבאו לידי ביטוי בתסקיר – אין בית המשפט רואה עילה לחרוג לקולא מהמתחם שנקבע.",train
"מהו הסימן הנפרד שהוקצה לעבירות רכוש בחוק העונשין, ומה משמעותו?","לא בכדי, ראה המחוקק ליחד לעבירות אלה סימן נפרד – סימן ה1 – במסגרת הפרק העוסק בעבירות הרכוש (פרק י""א) בחוק העונשין, תשל""ז – 1977.",train
מהו הקשר בין איום לבין צפייה להתנהגות מסוימת מצד המאוים?,האיום מסכן את חירות פעולתו של הפרט שכן פעמים רבות האיום כרוך גם בצפייה להתנהגות מסוימת מצד המאוים שהמאיים מבקש להשיג באמצעות השמעת האיום.,train
מהו הצורך בהשתת עיצומים כספיים בעבירות קשות לגילוי?,"משמדובר בעבירות שהן קשות לגילוי, שכן נעשות באזורים פתוחים, לרוב ריקים מאדם – יש צורך בהשתת ענישה שתכלול עיצומים כספיים ברמה כזו, שיהיה בהם כדי להרתיע, הן את הנאשמים דנן והן נאשמים בכח.",train
מהו השיקול המרכזי שהשפיע על קביעת המתחם לעונש הנאשם בהחזקת הסם?,"לאחר סקירת הפסיקה שהובאה לעיל, תוך מתן המשקל המתאים לכך, שהנאשם הורשע בעבירה של החזקת הסם שלא לצריכתו העצמית ומנגד – כי אופן החזקת הסם היה בסמוך מאוד לקטיף שלו, כך שהמדובר בנסיבות הקרובות לעבירת הגידול – תוך מתן משקל נוסף, שהסם הוחזק ביחד עם אחרים (עובדה שנתווספה לכתב האישום במסגרת ההסדר), וכן, לאור עקרון אחידות הענישה – יועמד המתחם בן 16 עד 32 חודשים מאסר בפועל, כפי שנקבע בענינו של הנאשם הנוסף.",train
כיצד קובע בית המשפט את מתחם הענישה במקרה ספציפי?,"קביעת מתחם הענישה היא בהתאם לנסיבות המקרה העומד לדיון, וסקירת מדיניות הענישה הנוהגת היא רק שיקול אחד מבין כלל השיקולים אותו עושה בית המשפט בקובעו מתחם ענישה הולם.",train
מהו הנימוק לכך שלא הייתה חריגה לקולא ממתחם הענישה?,"לפיכך, לא היה מקום לחריגה לקולא ממתחם הענישה, משיקולי שיקום.",train
מהו המשמעות של פעולה מודעת ומתוכננת מצד הנאשם בהקשר לעבירותיו?,"הדבר מצביע על פעולה מודעת, מתוכננת בשום שכל, תוך אדישות למצוקה שמעשיו עלולים להסב לאזרחים תמימים  אורחי המלון.",train
"מהו הצורך בהכבדה על הענישה כלפי עבריינים אלימים, לפי המסגרת המשפטית?",מסגרת מלחמה זו שומה על בתי המשפט להכביד את הענישה על עבריינים אלו.,train
מהי המטרה המרכזית של הענישה בעבירות סמים לפי פסיקות בתי המשפט?,"הענישה בעבירות מסוג זה נועדה, קודם לכל, לשרת את מטרת הגמול לעבריין על עיסוק בסם העלול לסכן חיי אדם ולפגוע בבריאות המשתמשים בו; שנית, על העונש להעביר מסר חד-משמעי של הרתעה ביחס לעבריינים פוטנציאליים, ולשמש אות אזהרה אפקטיבי לכל מי שמתכוון לקחת חלק במערכת ההעברות והסחר בסמים, תהא אשר תהא הפונקציה אותה הוא ממלא בשרשרת זו של העברת הסם מיד ליד.",train
מהי השאלה המרכזית שיש לשקול במקרה של הימנעות מהרשעה?,"בסופו של יום, ניצבת השאלה בכל עוצמתה – האם, בנסיבות המיוחדות של הענין, השיקול האינדיבידואלי, על היבטיו השונים, גובר על השיקול הציבורי-מערכתי הכללי, באופן שהגם שהנאשם ביצע את העבירה בה הואשם, סובלת הנורמה החברתית הכללית את אי הרשעתו בדין.",train
מהו המנעד הרחב של הענישה בעבירות אלימות בהתאם לנסיבות?,"בחינת מדיניות הענישה הנהוגה מגלה מנעד רחב של ענישה בעבירות מסוג זה, בהתאם לנסיבות ביצוע העבירה ונסיבותיו של העושה, כפי שהדברים משתקפים גם מהפסיקה שהציגו הצדדים.",train
מהו הפער בין הענישה בעבירות פגיעה בגוף לבין הענישה בעבירות כלכליות של צווארון לבן?,"בית משפט זה עמד לא אחת על הפער הקיים בין ההכרה הברורה כי מעשים של פגיעה בגוף וברכוש הינם עבירות שמתחיבת בגינם ענישה חמורה כדי להרתיע מפני סיכון שלום הציבור ובטחונו, לבין מידת הסלחנות הננקטת לא אחת ביחס לעבירות כלכליות של צווארון לבן, שנזקן לפרט ולציבור הרחב הנו רב ביותר.",train
מהי הדרישה המשפטית לגבי הוכחת הפגיעה בעבירה שנעשתה על ידי הנאשם?,"הפגיעה המדוברת מן הדין שתהיה פגיעה מוכחת, במישור המעשה, וכזו שהיא קשה וחמורה.",train
מהי הסיבה לחוסר הלימה בין תוכן התסקיר להמלצה שניתנה?,"לאחר שבית המשפט שקל את טענות הצדדים ואף עיין בתסקיר, מוצא, כי אין כל הלימה בין תוכן התסקיר לבין ההמלצה, שהרי, הנאשם לא עבר כל הליך טיפולי משמעותי ואף שירות המבחן התרשם, כי הנאשם מתקשה לבחון באופן ביקורתי את הנסיבות שעמדו ברקע לעבירות.",train
מהי מגמת הענישה של בית המשפט העליון ביחס לנזק שנגרם לנפגעי העבירה?,"עם זאת, מגמת בית המשפט העליון וכן בתי המשפט המבררים היא להכביד את רמת הענישה, תוך שהשיקולים האישיים של העברין נסוגים בפני הנזק שנגרם לנפגעי העבירה.",train
"מהו הקשר בין עבירות מין לבין רצח נפשם של קורבנות, כפי שנאמר בפסיקה?",כבר נאמר בפסיקת בית משפט זה בעבר כי עבירות מין חמורות ונתעבות שקולות לרצח נפשם של קורבנות,train
מהו מתחם הענישה שנקבע במקרה זה בהתחשב בנסיבותיו?,"בהינתן, כי חלק ניכר מהפסיקה ענינו גזילת כספים בסכומים גבוהים באופן ניכר מהסכומים שנגזלו במקרה דנן, ואף כי במקרה מיוחד זה, לא נגזלו הכספים ממי שהיו לקוחותיו של הנאשם, אלא מאנשים שלא היתה לו חובת אמות מיוחדת כלפיהם (מעבר לחובת האמון הכללית במסגרת תפקידיו כעורך דין וכנוטריון) - מעמיד בית המשפט את מתחם הענישה, במקרה דנן, בין שנה ועד ארבע שנות מאסר.",train
מדוע החליט בית המשפט להטיל קנס על הנאשם?,"נוכח כך שהמדובר בכלי הנשק שלו שווי כלכלי לא מבוטל, מוצא בית המשפט להשית עיצום כספי מסוג קנס.",train
כיצד משפיעים השיקולים המיוחדים על הענשת הנאשמים חרף חומרת העבירות?,"שיקולים אלה מטים, באופן יוצא דופן, את הכף בנוגע לענישת הנאשמים – לקולא, וזאת חרף חומרת העבירות.",train
מדוע יש צורך בענישה משמעותית לעבירות רכוש כדי להרתיע את עובריהן?,"עבירות אלו מחייבות ענישה משמעותית, בעולם המעשה, על מנת להרתיע את עובריהן.",train
אילו שיקולים לקח בית המשפט בחישוב מתחם הענישה?,"בשקלול הנסיבות, בהן התכנון שקדם לעבירה, כולל היערכות לוגיסטית (שכירת מבנה, התקנת ציוד, טיפול בשתילים ועוד); כמות השתילים שנתפסה; משקלם; פוטנציאל הנזק שעלול היה להיגרם אלמלא נתפסה המעבדה, ובשילוב הפסיקה הנוהגת, מוצא בית המשפט לקבוע מתחם ענישה הנע בין 20 ועד 40 חודשי מאסר בפועל.",train
כיצד יש להכביד את הענישה על עבריינים בתחום האלימות?,במסגרת מלחמה זו שומה על בתי המשפט להכביד את הענישה על עבריינים אלו.,train
כיצד משפיעה העבירה על כבודה ואוטונומיה של נפגעת העבירה?,"יש בה משום פגיעה בכבודה של נפגעת העבירה, באוטונומיה שלה ובזכותהּ על גופה.",train
מהו הכיוון שהנימוקים מצביעים עליו במסגרת הקלה במתחם הענישה?,נימוקים אלה מצביעים לכיוון הקלה במסגרת המתחם.,train
מהו הכיוון המומלץ בענישה בעבירות הסגת גבול וכניסה למקרקעי ציבור?,"שקלול הנתונים מצביעים לכיוון ענישה שתהיה על הצד הנמוך של המתחם, בצירוף עונש מאסר מותנה מרתיע - שיחול על עבירות של הסגת גבול וכניסה למקרקעי ציבור; עיצומים כספיים.",train
אילו שיקולים יילקחו בחשבון לזכות הנאשם במהלך ההליך המשפטי?,"כלעומת זאת – ייקח בית המשפט בחשבון, לזכות הנאשם, את הודאתו באשמה וכן את נסיבותיו האישיות, כפי שפורטו.",train
מהו האיזון בין השיקולים שהוביל להחמרה מסוימת במסגרת מתחם הענישה?,"לאחר שבית המשפט שם לנגד עיניו את מכלול השיקולים לקולא ולחומרה, מוצא, כי האיזון בין השיקולים מטה הכף לכיוון החמרה מסוימת במסגרת מתחם הענישה.",train
מהו השיקול המרכזי המאפשר להחריג נאשם בוגר מהרשעה בדין במקרים חריגים?,"שיקולי השיקום של נאשם בוגר אשר יהיה בכוחם להחריגו מהרשעה בדין שמורים למקרים חריגים ביותר שאינם מתמצים בעצם ה""הכתמה"" או ה""דימוי העצמי"", שהינם כאמור התוצאות הבלתי נמנעות של הרשעה באשר היא, ובמידה לא מבוטלת אף אחת התכליות של הדין הפלילי.",train
מדוע לא מצא בית המשפט עילה לסטות ממתחם הענישה במקרה של הנאשם?,"בהעדר פרוגנוזה טיפולית בענינו של הנאשם דנן ובהעדר נתונים בנוגע למצוקה מיוחדת או התמכרות, המצדיקה שיקומו 0 אין בית המשפט מוצא עילה לסטות ממתחם הענישה.",train
מהו תפקידו של המשפט בהטלת מגבלות על איום כדי להגן על ערכים אחרים?,"האיום הוא אפוא ביטוי שהמשפט מטיל עליו מגבלות תוך פגיעה בחופש הביטוי, וזאת כדי להגן על ערכים אחרים ובהם שלוות נפשו, ביטחונו וחירות פעולתו של הפרט.",train
מדוע יש צורך בהרחקת הנאשם מהחברה ומהמתלוננת לתקופה משמעותית?,"חומרת המעשים מחייבת הרחקת הנאשם מהחברה בכלל והמתלוננת בפרט, לתקופה שיהיה בה כדי לאפשר לו לערוך חשבון נפש ולהפנים שעליו לשנות את דרכיו ולחדול מהתנהגותו האלימה והבריונית ובעיקר – לפרק זמן משמעותי בו לא תאלץ המתלוננת לסבול פגיעותיו של הנאשם.",train
"כיצד משפיעה הודאת הנאשמים על גזר הדין, ומהו השיקול הנוסף לזכות הנאשם 1?","לזכות שני הנאשמים, יש לקחת בחשבון גם את הודאתם באשמה ולזכות הנאשם 1 – שירותו הטוב ותרומתו למדינה ולחברה במסגרות שונות, כפי שעלה מהמוצגים, שהוגשו מטעם ההגנה לעניין העונש.",train
מהו המשקל שניתן להעניק להמשכות ההליכים במקרה זה?,"דעתי הינה שבמקרה זה על נסיבותיו יש מקום להעניק משקל מסויים להמשכות ההליכים, אך לא מעבר לכך.",train
מהי הזכות שיש לקחת בחשבון בנוגע להודאת הנאשם באשמה?,"לזכות הנאשם יש ליקח בחשבון הודאתו באשמה, שחסכה עדות הנפגעת; וכן היותו נתין זר, על המשמעויות הנלוות לכך מבחינת תנאי מאסרו.",train
מהי הסיבה להטלת עונש מאסר משמעותי על הנאשם למרות נסיבותיו האישיות?,"עם כל ההבנה לנסיבותיו האישיות של הנאשם, בסופו של דבר, לאור הרצדיביזם וכן בהעדר התגייסות מטעמו של הנאשם להליך טיפולי משמעותי – אין מנוס מהשתת עונש מאסר משמעותי, שיהיה בו כדי להגן על הציבור מפני פגיעתו הרעה.",train
מהו ההסבר להיעדר הלימה בין המלצות שירות המבחן לבין מצב הפנמת העבירות של הנאשם?,"חרף נסיבותיו האישיות של הנאשם, שאינן קלות – מוצא בית המשפט העדר הלימה בין המלצות שירות המבחן בסיומו של התסקיר, לריצוי עונש בדרך של עבודות שירות, לבין מצב הפנמת העבירות וסיכויי השיקום של הנאשם.",train
אילו שיקולים על בית המשפט לקחת בחשבון בעת קביעת הענישה?,"על בית המשפט לשקול, ראש וראשית, את עצמת הפגיעה והנזקים שנגרמו ממעשי העבירות, וכן הסיכון שיצרו העבירות.",eval
מהו הכשל הערכי המובהק שנחשף בעבירות המנויות באישומים השני עד החמישי?,"העבירות המנויות באישומים השני, השלישי, הרביעי והחמישי – מהוות הפרת אמונים ברמה הגבוהה ביותר ומלמדות על כשל ערכי עמוק ומשמעותי אצל הנאשם.",eval
מדוע יש הצדקה להטיל עונשי מאסר בפועל גם על מי שעובר עבירה ראשונה של החזקת נשק?,יוער כי הסכנה הטמונה בעבירה החמורה של החזקת נשק מצדיקה הטלת עונשי מאסר לריצוי בפועל גם על מי שזו עבירתו הראשונה.,eval
מהו העונש הראוי למי שמעוניין ליהנות בזדון מעמל הזולת?,"הרוצה ליהנות בזדון מעמל הזולת ולשלוח יד ברכוש שלא הוא צבר, ראוי לענישה מחמירה...",eval
מהו השיקול המרכזי שהנחה את בית המשפט בקביעת מתחם הענישה בפרשת אבו סקיק?,"אשר למתחם הענישה בגזר הדין בפרשת אבו סקיק, התייחס בית המשפט לחומרת התופעה ולהשלכותיה, אך מצא לקבוע, כי בטרם קביעת מתחם ענישה מחמיר, שייתן מענה לשיקולי הענישה, כפי שפורטו ראוי לקבוע מתחם ביניים, למשך תקופה, לא ארוכה, במהלכה ינקטו אמצעים חינוכיים ופרסומיים, כך שיהיה בידי הציבור להפנים שינוי המדיניות של גורמי האכיפה.",eval
מהו הקריטריון לקביעת מתחם הענישה בעבירות תקיפת קטינים ותקיפת בת זוג?,"לצורך קביעת מתחם הענישה הנוהג בעבירות של תקיפת קטינים הנתונים למרותתו של הנאשם תוך גרימת חבלה, ביחד עם תקיפת בת זוג, יש לבחון רמת הענישה שנקבעה בפסיקת בתי המשפט.",eval
מהו השיקול המרכזי שיביא בית המשפט בחשבון בעת קביעת מתחם הענישה בעבירת השאת קטינה?,"בעת קביעת מתחם הענישה יקח בית המשפט את מידת החריגה מגיל הנישואין המותר, ואת פער הגיל בין בני הזוג.",eval
מהו הפן הנוסף שנוגע לחומרת הענישה במקרה זה?,בכך יש משום פן חומרה נוסף בנוגע לענישה.,eval
מהי הסיבה שסיווגו הערכאות הקודמות את העבירות כעבירות בעלות חומרה יתרה?,"לטעמי, צדקו הערכאות הקודמות כאשר סיווגו את העבירות שביצע המבקש כעבירות בעלות חומרה יתרה, הן בשל הסכנה הגלומה בהן לשלום הציבור, והן בשל העובדה כי גניבת רכב הפכה להיות 'מכת מדינה'.",eval
כיצד יש לפנות לפתרון סכסוכים לפי עקרונות החוק?,המסר שצריך לצאת מבית משפט זה הוא כי פתרון סכסוכים ראוי שייעשה על ידי פניה לרשויות החוק ולא על ידי נטילת החוק לידיים.,eval
מהו הכשל הערכי שמעידים עליו מעשיו של הנאשם?,מעשיו של הנאשם חמורים ומעידים על כשל ערכי.,eval
כיצד משפיעה אלימות כלפי בת זוג על החומרה של המעשים במערכת המשפחתית?,"מעשים אלה מקבלים משנה חומרה, כאשר מדובר באלימות הננקטת כלפי בת זוג, החיה עם אותו אדם תחת קורת גג אחת, בתא משפחתי מצומצם, האמור להוות עבורה משענת ומקום מבטחים.",eval
מהי ההבנה של הנאשמת לגבי פסלות מעשיה וכיצד היא הסלימה את התנהגותה?,"הנאשמת ידעה שמעשיה פסולים ויכלה לחדול מהם בכל שלב, אך הסלימה התנהגותה העבריינית כמתואר בכתב האישום המתוקן.",eval
מהו השיקול המרכזי שהנחה את בית המשפט בהטלת העונש על הנאשם במקרה זה?,"עם זאת, בשקלול מכלול הנסיבות, גוברים, במקרה דנן, השיקולים לחומרה, ובית המשפט מוצא להשית על הנאשם עונש על הרף הבינוני - גבוה של המתחם, שיהיה בו כדי לשדר המסר המתאים לנאשם ואף להרחיקו לתקופה משמעותית מבני משפחתו נפגעי העבירה, על מנת לאפשר להם להתחיל בשיקום חייהם, תהליך אשר, כפי העולה מתסקיר שירות המבחן, כבר החל, בסיוע הגורמים המתאימים במקלט בו שוהים הנפגעים.",eval
מהו המסר שעל בית המשפט להעביר לגבי משתמשי סמים לצריכה עצמית?,על בית המשפט להעביר מסר חד וברור אף ביחס לאלה המשתמשים בסם לצורך צריכה עצמית ולא להמתין עד להסתבכותם בעבירות סמים חמורות יותר.,eval
מהי הסיבה לאימוץ המלצת שירות המבחן לחריגה לקולה ממתחם הענישה במקרה זה?,"במכלול השיקולים, מוצא בית המשפט לאמץ המלצת שירות המבחן למבוגרים בכל הנוגע לחריגה לקולה ממתחם הענישה ההולם, וזאת מטעמי שיקום הנאשם.",eval
מהן ההשלכות של פרשנויות אחרות על הלימה בין חומרת העבירה למתחם העונש?,"לדעתי, פרשנויות אחרות, למשל שתחתית מתחם העונש ההולם לא תהיה נמוכה מעונש המינימום או שניתן להתעלם מעונש המינימום אף מבלי טעמים מיוחדים בעת קביעת תחתית מתחם העונש ההולם, תבאנה למצב בו לא תהיה הלימה בין חומרת העבירה לבין המתחם, הן בניגוד לתיקון 113 לחוק העונשין והן בניגוד לסעיף 355 לחוק העונשין.",eval
כיצד השפיע שיתוף הפעולה של הנאשם בחקירה על ההחלטה בעניינו?,"גם כאן, לאור שיתוף הפעולה של הנאשם בחקירה, תינתן לנאשם הקלה.",eval
מדוע ראוי להטיל ענישה מחמירה על מי שמעוניין ליהנות בזדון מעמל הזולת?,"הרוצה ליהנות בזדון מעמל הזולת ולשלוח יד ברכוש שלא הוא צבר, ראוי לענישה מחמירה.",eval
כיצד פוגעים מעשים פורעים בערכים חברתיים בסיסיים?,"שכן, יש במעשים אלה כדי לפגוע בערכים חברתיים בסיסיים שנועדו להגן על שלטון החוק, כבודם של אנשי החוק והסדר הציבורי.",eval
מהו השיקול המיוחד שנוגע לנאשם 1 בהקשר למעמדו כאיש משטרה?,"בכל הנוגע לנאשם 1, מצטרף גם שיקול משמעותי, של היותו איש משטרה, בדרגה בכירה, המחויב חובת אמון מוגברת כלפי הציבור, כמי שאמון על אכיפת החוק.",eval
מהו מתחם הענישה שנקבע במקרה של שימוש בנשק קר והחמרת החבלה?,"בשמים לב לפסיקה שהובאה ותוך התאמתה למקרה המסוים, בו נערך שימוש בנשק קר מסוג אבן ונגרמה חבלה חמורה (להבדיל מפציעה או חבלה של ממש), קובע בית המשפט מתחם הענישה הראוי, במקרה דנן, כך שינוע בין מאסר בפועל למשך שנה ועד שלוש שנים.",eval
מדוע יש להטיל עיצומים כספיים על הנאשם בעקבות העבירה שביצע?,"הרווח הצפוי מהעבירה מחייב השתת עיצומים כספיים שיפגעו בכדאיות העיסוק בתחום מכניס זה, בו ניתן להפיק רווחים עצומים וקלים.",eval
כיצד השפיעה נפיצות העבירות על החמרת הענישה בתקיפת בת זוג?,"עבירות אלה, נפיצותן, וכן הקושי של קרבנות העבירה להתלונן, הביאו את המחוקק להחמיר בענישה שנקבעה, כאשר מדובר בתקיפת בת זוג.",eval
כיצד בית המשפט יכול לתרום לביעור הסיכון בכבישים שנגרם על ידי עבירות תנועה?,"על בית המשפט להרים את תרומתו לביעור הסיכון של הקטל בכבישים, אשר נגרם על ידי מי שאינו משווה לנגד עיניו את החובה לציית לחוק, ובעיקר את קדושת חייהם של המשתמשים בדרך, באמצעות עונשים משמעותיים שיהיה בהם כדי להרתיע את היחיד ואת הרבים.",eval
מהי ההצדקה לחילוט הכסף שנתפס על הנאשם בעבירות הסמים?,"לאור האמור, ולאור המניע הכלכלי שבעבירות הסמים, יש הצדקה להשתת עיצום כספי משמעותי, ומצדיקה את חילוט הכסף שנתפס על הנאשם, אשר לגביו הוצגה הסכמת באי כוח הצדדים.",eval
מהו הנזק האפשרי שיכולה הייתה האבן לגרום למתלוננת?,"האבן המשתלבת אשר זרק עליה הנאשם ופגעה בראשה, היתה עלולה להביא לנזק קשה ובלתי הפיך כגון פגיעה מוחית; נכות; ואף קיפוח חיים.",eval
כיצד השימוש ברכב מנועי משפיע על ביצוע גניבות חקלאיות?,"גניבות חקלאיות מתבצעות, כמעט תמיד, תוך שימוש ברכב מנועי, וכאשר מדובר בעבריינים חזרנים – הרחקתם משימוש ברכב מנועי לתקופה משמעותית היא צעד שיהיה בו לפגוע בהתארגנות העבריינית ולצמצם הסיכון לעתיד.",eval
מהי כוונת הנאשם בהחזקת החפץ החד במהלך האירוע?,"כוונתו בהחזקת החפץ החד היתה, לכל הפחות, לזרוע פחד ובהלה, והתנהגותו היא זו שהובילה לפציעת המתלוננת.",eval
כיצד השפיע מצבו הכלכלי של הנאשם על ההחלטה לגבי העיצומים הכספיים שהוטלו עליו?,"לנוכח מצבו הכלכלי של הנאשם, כפי המפורט בתסקיר, והגם שלנוכח הנזקים הקשים שנגרמו לרכוש המשטרה ולתשתיות במקום, ראוי היה לעשות כן – לא יושתו עיצומים כספיים על הצד הגבוה.",eval
מהו השיקול שהנחה את בית המשפט בהקלת גובה הקנס?,"בית המשפט המחוזי מצא להקל בגובה הקנס, והעמידו על סך של 10,000 ₪, לאור התחשבות במצבו הכלכלי של הנאשם.",eval
כיצד משפיעה הטענה על מקובלות ריבוי נישואין על הענישה בעבירה זו?,"הטענה שריבוי נישואין הינו מעשה מקובל בחברה של הנאשם 	6 כפי שהמערער טוען 	6 לא רק שאינה מצדיקה הקלה בעונש, אלא שדווקא היא מצדיקה אכיפה וענישה משמעותית מרתיעה.",eval
מדוע יש צורך בפיצוי הולם לנפגעי העבירה?,"מעשיהם של הנאשמים מחייבים גם פיצוי הולם, שיהיה בו משום הכרה בנזקים ובאבדן תחושת הביטחון האישי שחוו נפגעי העבירה – אזרחים תמימים, שרכבם נפרץ או נגנב.",eval
מי נושא בנטל להוכחת מצב כלכלי המשליך על גובה הקנס?,"הנטל להוכחת מצב כלכלי המשליך על גובה הקנס – נתון על כתפי ההגנה, ומשלא פעלה כאמור – אין מקום להתחשב בטענות בעלמא.",eval
מהו השיקול שהוביל למסקנה שאין מקום לחריגה לקולא ממתחם הענישה?,"לפיכך, לא היה מקום לחריגה לקולא ממתחם הענישה, משיקולי שיקום.",eval
מהו תפקידו של בית המשפט בהרתעת הציבור מהשקפת עולם של עשיית כסף קל מגידול סמים?,"על בית המשפט לפעול להרתעת היחיד והרבים, אשר סבורים, כי מדובר בעשיית כסף קל, ומתוך בצע כסף, פוגע פגיעה של ממש בציבור.",eval
מהן השיקולים שעל בית המשפט לקחת בחשבון בעת קביעת מתחם הענישה?,"בעת קביעת מתחם הענישה, על בית המשפט לקחת בחשבון את הערכים שנפגעו; מידת הפגיעה בהם; הנסיבות הקשורות בביצוע העבירה; הנזקים שנגרמו בעקבות העבירה; מדיניות הענישה הנוהגת, תוך שינויים מתאימים למקרה דנן; ושיקולים נוספים.",eval
מהו השיקול המרכזי שהנחה את בית המשפט בהטלת עונש מאסר בפועל?,"סיכומו של דבר, לנוכח הצורך להרים תרומתו של בית המשפט לביעור נגע הפגיעה ברכושם של האזרחים ותחושת הבטחון שלהם, וכן לשמור על עוברי הדרך, בעולם המעשה ולא ברמה הרטורית בלבד; כאשר המדובר בעבירות שנעברו בשום שכל ובתכנון מראש, ולא במי שנקלע לביצוען; כאשר המדובר במי שבחר לבצע עבירות ללא שסבל מכל מצוקה מיוחדת ונמנע במופגן מלנצל כל הזדמנות טיפולית  מוצא בית המשפט להשית על הנאשם עונש מאסר בפועל על הצד הבינוני של מתחם הענישה.",eval
מה השיקול הכלכלי שהשפיע על ההחלטה לגבי העיצומים הכספיים?,"לנוכח מצבו הכלכלי של הנאשם וכן החזר הגזילה  אין בית המשפט רואה להשית עיצומים כספיים משמעותיים, אך יושת עיצום כספי מסוים, בדמות קנס.",eval
כיצד השפיעו השיקולים על מיקום עונשו של הנאשם במתחם הענישה?,"על כן, במכלול השיקולים, מוצא בית המשפט למקם עונשו של הנאשם על הצד הנמוך של מתחם הענישה, אך לא ברף הנמוך ממש.",eval
מדוע חובת בית המשפט להגן על הציבור מקבלת משנה תוקף כאשר העבירות מופנות נגד קטינים?,"חובתו הראשונה של ביהמ""ש בהליך הפלילי, היא החובה להגן על הציבור, מקבלת משנה תוקף במקרים בהם מעשי העבירה מופנים נגד קטינים.",eval
מהו העיצום הכספי המוטל בשל המניע הכלכלי בעבירות סמים?," בשל המניע הכלכלי העומד ברקע לעבירות סמים, מוצא בית המשפט להטיל עיצום כספי מסוג קנס.",eval
"מהי ההחלטה שהתקבלה לגבי מיקום עונשו של הנאשם במתחם הענישה, בהתחשב בנסיבות?","במכלול השיקולים, הגם שהיה ראוי למקם את עונשו של הנאשם בחלק הגבוה של מתחם הענישה, לפנים משורת הדין, בהתחשב בנסיבות שפורטו על ידי ההגנה, ימקם בית המשפט את עונשו בשליש התחתון של מתחם הענישה.",eval
מהו השיקול המרכזי להבטחת שלומה של המתלוננת במקרה זה?,"בסופו של דבר, השיקול המשמעותי צריך להיות הבטחת שלומה של המתלוננת – נפגעת העבירה, אשר אף ציינה, כי עודנה חוששת מהנאשם, תוך הרחקתו מהחברה לפרק זמן מתאים, שיאפשר לה להחל בארגון חייה מחדש.",eval
מהו המסר שהמשפט רוצה להעביר לגבי פגיעות בשוטרים וממלאי תפקידים?,"אנו רואים לנכון להדגיש בפני המשיב ובפני הציבור בכלל כי ביהמ""ש לא יתייחס בסלחנות למי שפוגע או מאיים בפגיעה בשוטרים וממלאי תפקידים על פי דין.",eval
כיצד עשויה הודאת הנאשם באשמה להשפיע על גזירת העונש?,"לזכות הנאשם, ייקח בית המשפט את הודאתו באשמה ונטילת האחריות מצדו.",eval
כיצד משפיעה העדר אופק שיקומי על אפשרות החריגה ממתחם הענישה?,"העדר אופק שיקומי בדמות השתלבות בתכנית טיפולית מתאימה, ביחד עם הגישה חסרת התובנה שהפגין הנאשם, אף  אינו מאפשר חריגה ממתחם הענישה לצרכי שיקום, כפי עתירת הגנה.",eval
"מהו הגורם שהצביע על נסיבות מקלות בענישה עבור הנאשמים 1, 2, 4, 5 והנאשם 3?","העדר הרשעות נוספות אצל הנאשמים 1, 2, 4, 5 וההרשעה המאוחרת לנאשם 3, יחד עם נתוני שירות המבחן, מצביעים על נסיבות המקלות בענישה.",eval
מהי הסיבה לכך שבית המשפט ראה לנכון להקל בעונש הנאשם?,"במכלול הנסיבות, לאור כברת הדרך הטיפולית המשמעותית שעבר הנאשם, אשר יש בה כדי להצביע על זניחת דרכו העבריינית ",eval
כיצד משפיע מספר המעשים וחומרתם על קביעת מתחם הענישה במקרה של אירוע אחד?,"הלכה היא כי גם כאשר כמה מעשים נחשבים כחלק מ""אירוע"" אחד הרי שבקביעת מתחם הענישה יש תמיד להביא בחשבון את מספרם וחומרתם של המעשים, כך שמתחם הענישה בגין האירוע יכול לעלות אף על עונש המקסימום בגין מעשה אחד.",eval
מהו השיקול המרכזי שהוביל את בית המשפט להחמיר בעונש הנאשמת?,"בבחינה כוללת של השיקולים לחומרה ולקולה, מוצא בית המשפט ליתן הדגש על תעוזתה של הנאשמת; העובדה כי עבירות מסוג זה אפיינו את אורחות חייה כפי העולה מגיליון הרישום הפלילי שהוגש; הזלזול הבוטה בגורמי אכיפת החוק; הפגיעה הפיזית בשוטר וסוהרת; איומים על חייו של שוטר; הטרדת שוטרים ואיום עליהם רק כיוון שעצרו את אחיה – כל אלו, מחייבים ענישה שתהיה בה אמירה משמעותית מצדו של בית המשפט במישור המעשה.",eval
מהו המשקל שנות השירות הארוכות של הנאשם בהערכת מעידתו הנקודתית?,"אל מול מעידה נקודתית זו, עומדות שנות שירות ארוכות של הנאשם, הן בצה""ל בתפקיד פיקודי; הן שירות ארוך מאוד בשירותי הכבאות וההצלה.",eval
כיצד משפיע ריבוי העבירות על קביעת מתחם הענישה במקרה של צירוף תיקים?,"העובדה, כי נקבע, כי מקבץ עבירות הן מסכת אחת – אינה מונעת קביעת מתחם ענישה שיקח בחשבון את ריבוי העבירות, בהצטברות, מלאה או חלקית, של המתחמים בגין על אחד מהאירועים.",eval
כיצד נגישות לאמצעי תקשורת אלקטרוניים משפיעה על תפקוד מערכת המשפט בהגנה על קטינים?,"לאור הנגישות לאמצעי התקשורת האלקטרוניים ולרשתות החברתיות, המאפשרות שיח עם מגוון אנשים אחרים במרחב הווירטואלי, על מערכת המשפט להרים חלקה בהגנה על הציבור, בכלל, ועל קטינים בפרט, מפני הסכנות האורבות במרחב זה, ולהרתיע עבריינים בכוח, המבקשים להשתמש במרחב הווירטואלי כדי לפתות קטינים או קטינות ולפגוע בהם מינית, תוך ניצול תמימותם וחוסר נסיונם.",eval
מהו העיקרון המשפטי שמנחה את בית המשפט בהתמודדות עם תופעות פליליות חמורות בישראל?,"החברה בישראל, ובית המשפט בכלל זה, אינה יכולה להשלים עם תופעות אלה, ומצווה לעוקרן מן השורש.",eval
מהי התגובה הנדרשת מפני פגיעות קשות בנציגי החוק בחברה מכבדת?,"חברה המכבדת את שלטון החוק ואת זכויותיו של הזולת לא תאפשר פגיעה והעלבה כה קשה של נציגי החוק, וכל פגיעה שכזו צריכה להיתקל בקיר ברזל של אפס סובלנות, על מנת לגדוע אלימות מסוג זה במהירות האפשרית.",eval
מדוע יש לקחת בחשבון את חובת ההפנמה של הנאשם לגבי חומרת מעשיו?,"מנגד, ייקח בית המשפט לחובת הנאשם, כי  בניגוד להצהרות הנאשם – אין במעשיו, כדי ללמד על הפנמת חומרת מעשיו ועל הפקת הלקחים הנדרשים.",eval
"מהו העניין הציבורי בעובדות שקשורות לראש המועצה, ומה הייתה הדרך השגויה בה נקט הנאשם?","מעבר לאמור, המדובר במקרה שהוא חריג בנסיבותיו: אין חולק, כי עצם העובדות אותן ביקש הנאשם לפרסם, קרי: כי ראש המועצה בישוב בו מתגורר, נתפס בנסיבות המלמדות על חשד להשתתפות בהימורים במכונות מזל 	6 היא עובדה, שעשוי היה להיות בה ענין לציבור; אלמלא הדרך השגויה בה נקט הנאשם  - ניתן לומר, כי יתכן שהיה מקום לפרסום כזה, כל עוד לא הופנו איומים ולא הותנה בדרישות כלשהן.",eval
מהי הסיבה לשקול החמרה בעונש עבור נישואי ביגמיה חדשים לאחר תקופת האכיפה?,"בהתחשב בפרק הזמן שעבר מאז החלה האכיפה בעבירה זו ובפרסום שניתן לאיסור ולאכיפתו, ועל מנת לגרום להרתעה אפקטיבית מפני ביצוע העבירה, שרווחיה בצדה, יש מקום לשקול החמרה של ממש בענישת נישואי ביגמיה חדשים.",eval
אילו שיקולים נוספים יש לקחת בחשבון בעת קביעת מתחם העונש ההולם?,"בית המשפט עיין בפסיקה, אליה הפנו ב""כ הצדדים, ואולם, הענישה הנוהגת היא רק שיקול אחד שעל בית המשפט לקחת, בבואו לקבוע את מתחם העונש ההולם, זאת, לצד שיקולים נוספים כמו מידת הפגיעה בערכים המוגנים; התכנון שקדם לעבירות; התחכום בהן; משך ההתנהגות העבריינית ועוד.",eval
מהו ההיבט שמצדיק החמרה במתחם הענישה במקרה זה?,"אופי ההתארגנות והתחכום, במקרה דנן – מצדיקים היו גם השתת מתחם גבוה יותר.",eval
כיצד משפיעים אופן החזקת הסמים ומגוון הסמים על כוונת הנאשם?,"הגם שמדובר בעבירה אחת של החזקת סם שלא לצריכה עצמית, הרי שאופן החזקת הסמים; כמות הסמים; המגוון הרחב של הסמים; אופן חלוקת הסמים; וכן ראיות שהובאו לפני בית המשפט, המלמדות על מעורבות עמוקה בעולם הסמים, לרבות בתחום הסחר בסמים מסוכנים 	6 מצביעים על כך, שמטרת החזקתם היתה, בין היתר, להפצה.",eval
מהו השיקול המרכזי שעל בית המשפט לקחת בחשבון בעת קביעת ענישה?,"על בית המשפט לשוות לנגד עיניו את ענינו של נפגע העבירה, וכן לקחת בחשבון הצורך להרתיע עברינים מפגיעה בחיי אדם ובשלמות גופו של אדם בכלל, על מנת לשמור על בטחון הציבור.",eval
מהו הערך שנפגע בעבירות בהן הורשעו הנאשמים מעבר לערך הקניין הפרטי?,העבירות בהן הורשעו הנאשמים פוגעות בערך הקניין הפרטי אך מעבר לכך 1 פוגעות גם בתחושת הביטחון של האזרח.,eval
כיצד משפיעה העדר הרשעות קודמות על שיקול הדעת של בית המשפט בענישה?,"בית המשפט ייקח בחשבון העובדה, כי הנאשם נעדר הרשעות קודמות, ואין אינדיקציה, כי הסתבך שוב עם החוק לאחר אירועי כתב האישום.",eval
מדוע יש לנקוט בענישה מחמירה בעבירות השחתת תשתיות חיוניות?,"בתי משפט חוזרים ופוסקים כי יש לנקוט בענישה מחמירה ומשמעותית בעבירות מסוג זה של השחתת תשתיות חיוניות, אשר תשתית החשמל היא אחת מהן.",eval
מה הם שני הגורמים המאפשרים הימנעות מהרשעה לפי ההלכה בפסיקה?,"ההלכה שהשתרשה בפסיקת ביהמ""ש היא, כי הימנעות מהרשעה אפשרית בהצטבר שני גורמים: ראשית, על ההרשעה לפגוע פגיעה חמורה בשיקום הנאשם, ושנית, סוג העבירה מאפשר לוותר בנסיבות המקרה המסוים על ההרשעה בלי לפגוע באופן מהותי בשיקולי הענישה האחרים.",eval
מהו העיקרון שהוביל לדחיית נסיבותיו האישיות של הנאשם בהליך הענישה?,"בנסיבות דנן, נסוגות נסיבותיו האישיות של הנאשם מפני עקרונות הענישה של ההלימה ושל הרתעת היחיד והרבים.",eval
"מהו העונש המינימלי שנחשב מתאים במקרה זה, לפי בית המשפט?",ענישה שאינה כוללת מאסר בפועל מאחורי סורג ובריח – לא תסכון במקרה דנן.,eval
מהו הרף שעליו היה לגזור בית המשפט את העונש לנאשם בהתאם להסדר הטיעון?,"לאור כל המפורט, היה על בית המשפט לגזור על הנאשם ענישה ברף העליון של הטווח שסוכם בהסדר הטיעון.",eval
מדוע לא קיבל בית המשפט את ההמלצה לחריגה מהעונש המומלץ על ידי שירות המבחן?,"עם זאת, לאור חומרת המעשים, והפגיעה הנלווית להם בכבודה ובשלמות גופה של המתלוננת –  אין מקום לחריגה כזו, כפי שהומלצה על ידי שירות המבחן למבוגרים, אלא, ההקלה תתבטא בקיצור משך המאסר והמרתו לריצוי בדרך של עבודות שירות.",eval
"מהו הכיוון המומלץ לענישה במקרה זה, בהתחשב בנתונים ובסוג העבירות?","שקלול הנתונים, מצביעים לכיוון ענישה, שתהיה על הצד הבינוני של המתחם, בצירוף עונש מאסר מותנה מרתיע - שיחול על עבירות של הסגת גבול וכניסה למקרקעי ציבור; עיצומים כספיים.",eval
מהו תפקידו של בית המשפט בהענשת נוקטים באלימות?,"תפקידו של בית המשפט במאבק הוא הטלת עונשים מרתיעים ומשמעותיים על הנוקטים באלימות לפתרון סכסוכים, על מנת להעביר מסר, הן לעבריין האינדיווידואלי, והן לעבריינים הפוטנציאלים ולחברה כולה, כי אין החברה טולרנטית להתנהגויות מעין אלה (ההדגשה אינה במקור).",eval
כיצד משפיעה נפיצותן של עבירות אלימות על החמרת הענישה בעניינים אלו?,"נפיצותן של עבירות אלה והצורך להגן על קורבנות האלימות שהם על פי רוב חסרי ישע, תורמים אף הם להחמרה הנדרשת בענישה בעבירות אלה.",eval
כיצד משפיעה פעילות עבריינית מאורגנת על הנסיבות האישיות של הנאשם?,"לעבירות אלה, לצד העובדה, כי מדובר בפעילות עבריינית מאורגנת ומתוכננת – נסוגות אחור הנסיבות האישיות של הנאשם מפני האינטרס הציבורי, להטיל הכורת על עבירות אלה.",eval
מדוע נדחות נסיבותיו האישיות של הנאשם במקרה זה?,"נסיבותיו האישיות של הנאשם נדחות, במקרה זה, מפני הסיכון הגבוה מאוד שעלול ליצור למשתמשי הדרך.",eval
מהי השפעת ביצוע העבירות תחת השפעת חומרים משני תודעה על הענישה?,"ביצוע העבירות תחת השפעת חמרים משני תודעה, כגון סמים ואלכוהול, גם בו יש משום נסיבה לחומרה; עוד יש לשקול עברו הפלילי של הנאשם, לרבות רצדיביזם בנוגע לעבירות דנן.",eval
מדוע יש פוטנציאל נזק לבריאות הציבור במקרה זה?,"אלמלא נתפס הנאשם, היו עושים הסמים את דרכם לציבור, ובכך יש פוטנציאל נזק לבריאות הציבור ושלומו.",eval
מהו המסר שהטלת עונשים משמעותיים על נוקטים באלימות מעבירה לחברה?,"תפקידו של בית המשפט במאבק הוא הטלת עונשים מרתיעים ומשמעותיים על הנוקטים באלימות לפתרון סכסוכים, על מנת להעביר מסר, הן לעבריין האינדיווידואלי, והן לעבריינים הפוטנציאלים ולחברה כולה, כי אין החברה טולרנטית להתנהגויות מעין אלה (ההדגשה אינה במקור).",eval
כיצד השפיע עברו הפלילי של הנאשם על עונשו במתחם הענישה?,"לאור עברו הפלילי של הנאשם ראוי היה לקבל עתירת התביעה ולמקם את עונשו במחצית מתחם הענישה, אך לאור הודאתו באשמה ויתר הנסיבות שפורטו  תינתן לו הקלה מסוימת, כך שהעונש ימוקם ברבע התחתון של מתחם הענישה.",eval
מהו הקשר בין הנאשם להעברה הראשונה של הרכב למקום הבלתי ידוע?,"אמנם, אין בכתב האישום נתונים בנוגע להעברה הראשונה של הרכב למקום הבלתי ידוע, אך לאור כך, שהנאשם והאחר הגיעו למקום זה ולקחו משם את הרכב, הרי ברי, שהיו מעורבים או קשורים, בדרך זו או אחרת, גם להעברה הראשונה.",eval
מהן התכליות שנקבעו על ידי בית המשפט העליון לפיצוי נפגעי עבירה?,"פסיקת בית המשפט העליון קבעה מספר תכליות לפיצוי נפגע עבירה, ובין היתר: ראש וראשית – הכרה חברתית כללית והכרה של מערכת המשפט בפרט בסבלו של הנפגע, תוך מתן משקל למעמדו במסגרת ההליך הפלילי; שנית - חסכון בזמן לנפגע העבירה תוך מתן סעד כספי בזמן קצר, ומניעת מפגש נוסף בינו לבין העבריין במסגרת הליך אזרחי; שלישית – מהווה תשלום הפיצוי מעין הליך ""היטהרות"" שיש בו כדי לסייע לעבריין להכיר בעבירה שביצע, לפעול לתיקון המעוות ולהשתקם.",eval
מדוע המלצת שירות המבחן אינה הולמת את חומרת הפגיעה במתלונן?,"כאשר בית המשפט שם לנגד עיניו את כלל השיקולים הצריכים לעניין, מוצא, כי המלצת שירות המבחן למבוגרים אינה הולמת, ולו במעט, את חומרת הפגיעה במתלונן.",eval
אילו שיקולים יש לקחת בחשבון לחומרה בנוגע לעברו הפלילי של הנאשם?,"בנוגע לנאשם דנן, יש לשקול, לחומרה, עברו הפלילי, הכולל הרשעות בעבירות שונות, שעיקרן שליחת יד ברכוש הזולת, ואף עבירת מרמה, מסוג הונאה בכרטיס חיוב.",eval
מהו ההסבר המשפטי לכך שפרשנויות אחרות עשויות להוביל לחוסר הלימה בין חומרת העבירה למתחם העונש?,"פרשנויות אחרות, למשל שתחתית מתחם העונש ההולם לא תהיה נמוכה מעונש המינימום או שניתן להתעלם מעונש המינימום אף מבלי טעמים מיוחדים בעת קביעת תחתית מתחם העונש ההולם, תבאנה למצב בו לא תהיה הלימה בין חומרת העבירה לבין המתחם, הן בניגוד לתיקון 113 לחוק העונשין והן בניגוד לסעיף 355 לחוק העונשין.",eval
מהי המגמה הכללית בענישה בעבירות החזקת סמים מסוכנים לפי סוגם וכמותם?,"סקירת הפסיקה מובילה למסקנה, כי ככלל, בעבירות של החזקת סמים מסוכנים, מהסוגים ומהכמויות המפורטות בכתב האישום, דינם של הנאשמים הוא מאסר בפועל בכליאה ממשית, לתקופות משמעותיות.",eval
מה מעידים מעשי הנאשם על יחסו לרכוש הזולת ולשלום הציבור?,מעשי הנאשם כעורים ומעידים על זלזול ברכוש הזולת ובשלום הציבור.,eval
מהי הסיבה לכך שבית המשפט לא יחמיר בעונש הנאשם?,"משורת הדין, לאור הרצידיביזם בעבירות אלימות, בפער קצר יחסית, ראוי היה למקם את עונשו של הנאשם ברף האמצעי של מתחם הענישה, אולם, לאור עתירת התביעה, אשר עשתה חסד של ממש עם הנאשם וחרף הרשעתו הנוספת, עתרה להעמיד עונשו ברף הנמוך של מתחם הענישה – לא יחמיר בית המשפט עמו מעבר לכך.",eval
מדוע אין דופי בקביעת בית המשפט לסכום העונש במקרה זה?,"שעה שבית משפט 	6 כבמקרה דנן 	6 מתקרב בקביעתו לסכום זה, אין בכך דופי, שהרי לא בכדי קבע המחוקק את אשר קבע.",eval
כיצד משפיעות הנסיבות הספציפיות על קביעת מתחם הענישה?,"אולם, קביעת מתחם הענישה היא בהתאם לנסיבות המקרה העומד לדיון, וסקירת מדיניות הענישה הנוהגת היא רק שיקול אחד מבין כלל השיקולים אותו עושה בית המשפט בקובעו מתחם ענישה הולם.",eval
מהי המשמעות של חתרת הנאשם למגע עם המתלונן בדיון על העונש?,"הגם שאין המדובר בטענה, העשויה לפטור אותו מאחריות, שהרי הוא שחתר למגע עם המתלונן 5 הרי יש לכך משמעות בדיון לענין העונש;",eval
מדוע יושת על הנאשם עיצום כספי במסגרת גזר הדין?,"כן יושת על הנאשם עיצوم כספי, בהינתן, כי המדובר בכלי נשק ובתחמושת בעלי שווי כספי רב.",eval
מדוע פגיעת הנאשם בריבונות המדינה נחשבת לעבירה חמורה?,"אשר לעבירות שענינן שהיה בלתי חוקית בשטחי מדינת ישראל, פגע הנאשם גם בריבונותה של המדינה להחליט מי יבוא בשעריה; לפקח ולהסדיר את שוק העבודה; ואף פוטנציאל פגיעה בביטחון המדינה ובציבור.",eval
מהו העונש המומלץ לנאשם אשר נהג ברכב גנוב ללא מורא ובצורה חוזרת?,"נהיגה באופן זה, פעם אחר פעם, ללא מורא כלשהו, מחייבת הרחקת הנאשם מהדרך לתקופה משמעותית ביותר.",eval
כיצד ישפיע הימנעות הנאשם מהסתבכות נוספת על מתחם הענישה?,"לעובדה, כי מאז המקרה חלפו מספר שנים בהם נמנע הנאשם מלהסתבך בשנית – ינתן משקל לקולא במסגרת מתחם הענישה.",eval
מהן השיקולים שבית המשפט רשאי לקחת בחשבון בעת קביעת מתחם ענישה לפי סעיף 40ט' לחוק העונשין?,"בהתאם להוראות סעיף 40ט' לחוק העונשין, תשל""ז  1977, בבואו של בית המשפט לקבוע מתחם ענישה, רשאי לקחת בחשבון מכלול שיקולים, בין היתר, נסיבות ביצוע העבירה; משך ההתנהגות העבריינית; מידת הפגיעה בערכים המוגנים; מדיניות הענישה הנוהגת; וכן, שיקולים נוספים.",eval
מהו העיקרון המשפטי שמצדיק הטלת ענישה מחמירה בעבירות אלימות כלפי גורמי אכיפת החוק?,"כבר נפסק, לא אחת, כי הסיכון הנשקף לביטחון הציבור מאירועי אלימות קשים, ובכלל זה יידוי אבנים וחפצים לעבר גורמי אכיפת החוק, מחייב הטלת ענישה מחמירה.",eval
כיצד משפיעה כוונת הנאשם להימלט על החמרת הענישה בעבירותיו?,"משנה חומרה לעבירות, כאשר נעברו בכוונה להימלט מאימת הדין, תוך התעלמות מכוונת מקריאות המשטרה לעצור בצד, כאשר הוא יודע, כי הדבר יסתיים במעצרו.",eval
מהו השיקול המרכזי שעל בית המשפט לשקול כדי להרתיע את הציבור מעשיית כסף קל בעבירות סמים?,"על בית המשפט לפעול להרתעת היחיד והרבים, אשר סבורים, כי מדובר בעשיית כסף קל, ומתוך בצע כסף, פוגעים פגיעה של ממש בציבור  שלומו; בריאותו; בטחונו; ורכושו.",eval
מהו המינימום של העונש שנראה לבית המשפט במקרה זה?,"לאחר שבית המשפט שקל טענות הצדדים ועיין בתסקירים, מוצא, במקרה מסוים זה, כי עתירתה הענשית של התביעה היא העונש המינימלי, שספק אם יהיה גם בו כדי לשקף חומרת המעשים המיוחסים לנאשם.",eval
מהו השיקול שייקח בית המשפט בחשבון לזכות הנאשם?,"בית המשפט ייקח בחשבון, לזכות הנאשם, הודאתו באשמה.",eval
מדוע לא התקבלה עתירת התביעה במקרה שבו הנאשם אינו עובד למחייתו?,"בנסיבות העניין, כאשר אין המדובר בעבירה שמטרתה הפקת רווח כלכלי כלשהו, ולאור הנתונים שעלו בנוגע למצבה של המשפחה, לרבות העובדה, כי הנאשם אינו עובד למחייתו -  לא תתקבל עתירתה זו של התביעה.",eval
מהי המשמעות של הודאת הנאשם באשמה בהקשר של שיקול הענישה?,"עוד לזכות הנאשם, תילקח הודאתו באשמה, תוך הבעת חרטה, שלא במסגרת הסדר טיעון.",eval
מהי הסיבה לחריגה לקולה ממתחם הענישה במקרה זה?,"לאור מכלול הנסיבות, ועל מנת להושיט לנאשם יד בהליכי השיקום המשמעותיים שעבר  רואה בית המשפט מקום, במקרה דנן, לחרוג לקולה ממתחם הענישה.",eval
מהו העיקרון המשפטי המגביל את השפעת השיקום על מתחם הענישה?,"""שיקום"" אינו בגדר מילת קסם, אשר תצדיק חריגה ממתחם הענישה בכל עת.",eval
מהו המצב המשפטי של בעלי חיים בהקשר לפגיעות בהם לפי החוק?,"בעלי החיים הם חסרי ישע כלעומת בני האדם, אינם מסוגלים להלין על פגיעה בהם; אינם מסוגלים להגן על עצמם; אם לא תקבענה נורמות האוסרות על פגיעה בהם, ולא תיאכפנה בקפדנות על ידי רשויות החוק - לא יהיה להם מגן אחר.",eval
מדוע קביעה שיפוטית שתשפיע על העסקתו של הנאשם לאחר תקופה כה ארוכה נחשבת לבלתי מידתית?,"קביעה שיפוטית שיהיה בה, בהסתברות גבוהה, להטיל הכורת על המשך העסקתו בחלוף תקופה כה ארוכה – תהיה בלתי מידתית ויהיה בה אלמנט של שרירות והכבדה שאינה במקומה.",eval
כיצד משפיעה אחזקת שני כלי נשק על מתחם הענישה שנקבע על ידי בית המשפט?,"כאשר המדובר בשתי עבירות – היינו אחזקת שני כלי נשק מסוג תת מקלע מאולתר – לנוכח כך, שהוחזקו יחדיו, יורה בית המשפט על חפיפה מסוימת בין המתחמים, כשהמתחם הכולל ינוע בין שנתיים ועד ארבע שנות מאסר.",eval
מהו המסר שחשוב שבתי המשפט יעבירו בנוגע לנורמות התנהגות ראויות?,"חשוב שבתי המשפט יעבירו מסר ברור, נחרץ וחד משמעי, שיש בו התוויה של נורמות התנהגות ראויות והצבת גדר שמעבר לה אותן התנהגויות הן פסולות ואסורות.",eval
מדוע הנאשם אינו זכאי להקלה בעונש?,"אינו זכאי להקלה, לה זכה מי שהודה ונטל אחריות על מעשיו.",eval
אילו שיקולים יש לקחת בחשבון בעת קביעת הענישה לנאשם?,"אשר לקביעת הענישה, על בית המשפט לשקול עברו של הנאשם, נסיבותיו האישיות, פרוגנוזת הגורמים המקצועיים בענינו, זאת לצד שיקולים נוספים.",eval
כיצד השפיעה העבירה של החזקת נשק על אזור הדרום על קביעת העונש למערער?,"בית משפט קמה הדגיש את העובדה כי העבירה של החזקת נשק הפכה למכה של  אזור הדרום, ואף צדק, כאשר קבע שלא ניתן להתעלם מנסיבה זו בעת קביעת העונש הראוי למערער.",eval
מהו הסיכון הציבורי הנובע מאחזקת נשק ותחמושת על ידי מי שלא נבדק או הוכשר לכך?,"אחזקת נשק ותחמושת על ידי מי שלא נבדק, לא נמצא מתאים ולא הוכשר לכך, בתנאים שאינם מבטיחים בידודו של הנשק מהסביבה (כיום מי שמחזיק נשק ברשיון נדרש לאפסנו בכספת מאובטחת, מאחורי שני מנעולים), עלולה להביא לסיכון שלום הציבור, גם אם אין ראיות שהוחזק לצורך פעילות שלילית, כמפורט לעיל.",eval
מהי המשמעות של העדר מורא מהחוק במקרה של הנאשם?,"יש ממש בטענת התביעה, כי הנאשם נעדר מורא מהחוק, ואף עונשי מאסר לא הרתיעו אותו מלעבור על החוק פעמים נוספות.",eval
מהו המידע המצביע על יחסו של הנאשם לרכוש הזולת?,"בכך יש ללמד על יחסו של הנאשם לזולת ולרכושו, וכי אין זו הפעם הראשונה בה שולח הנאשם ידו ברכושו של האחר.",eval
מהו מתחם העונש שנקבע על ידי המותב במקרה זה?,"מותב זה קבע, כי מתחם העונש ההולם הינו 20 עד 40 חודשי מאסר, אך קבע, כי יש להגדיל את מתחם הענישה במשורה, ולכן העמיד את המתחם בין 18 ל-36 חודשי מאסר בפועל.",eval
מהו השיקול שעל בית המשפט לקחת בחשבון כאשר הוא מתמודד עם נפגעי עבירה?,על בית המשפט לשים לנגד עיניו כי כל נפגע ונפגע מהעבירות שנעברו הוא אדם – או משפחה – בפני עצמו.,eval
כיצד ההבדל בין המקרים משפיע על החומרה של העבירה במקרה הנוכחי?,"מוצא בית המשפט, כי מבחינה מהותית, המדובר במקרים דומים בפן העובדתי, וכי ללא ספק, ענינו של הנאשם דנן חמור יותר, שכן, באותו המקרה, המדובר היה במי שהגיע למלון מבחוץ והתפרץ לחדרי האורחים, ואילו במקרה דנן, כאמור, המדובר בקצין הבטחון, החב חובת אמון מוגברת  הן להנהלת המלון והן לאורחים, ואשר ניצל את תפקידו לצורך העבירות.",eval
כיצד פוגעת עבירה של נהיגה ללא רישיון בערכים המוגנים של בטחון ציבור משתמשי הדרך?,"עבירה של נהיגה ללא רישיון נהיגה פוגעת בערכים המוגנים של בטחון ציבור משתמשי הדרך; שלמות גופם; ואף יש בכך אלמנט של פגיעה כלכלית, כיוון שעלויות הנזקים העלולים להיגרם ממעשי הנאשם, בסופו של דבר, יגיעו לפתחו של הציבור, בהתייקרות פרמיות הביטוח.",eval
מהן הענישות שהוטלו על הנאשם בגין העבירות שביצע?,"בנוסף, יושתו על הנאשם ענשי מאסר מותנה, הן בגין אחזקת נשק חם והן בגין אחזקת תחמושת או נשק שאינו נשק חם; וכן עיצום כספי מרתיע בדמות קנס, בין היתר לנוכח כך, שהנשק המדובר הוא נשק תקני, אוטומטי בעל שווי כספי לא מבוטל.",eval
מהו השיקול המרכזי שהוביל להחמרת הענישה במקרה זה?,בשקלול הכולל גוברים שיקולי החומרה וההרתעה ונוטה הכף לכיוון החמרה במסגרת מתחם הענישה.,eval
מהו הממצא של בית המשפט בנוגע לנימוקים המיוחדים שהציגה ההגנה?,"אין בית המשפט מוצא, כי עלה בידי ההגנה להצביע על נימוקים מיוחדים המצדיקים חריגה לקולה ממתחם הענישה במקרה דנן.",eval
מהו ההבדל בין פריצה אקראית לפריצה לרכב שמטרתה גניבת הרכב?,"נוגע לעבירות שענינן פריצה לרכב, יש להבחין בין פריצה אקראית, כגון לצורך גניבת מטלטלין שהוצבו באופן בולט בתוך הרכב בלבד; לבין פריצה לרכב שמטרתה גניבת הרכב, והיא בעלת מאפיני חומרה שאינם נופלים מעבירת גניבת הרכב ממש, כאשר אף המחוקק ראה להעמיד בצדה עונש מירבי זהה לזה שנקבע לעבירת הגניבה (ראה סעיף 413ו סיפא לחוק העונשין, תשל""ז  1977, והשווה עם סעיף 413ב(א) לאותו חוק).",eval
מהו השיקול המרכזי שעל בית המשפט לשקול בעת קביעת העונש החלופי לנאשם?,"היות שבגזר הדין המקורי הוטלו על הנאשם גם ענשים נוספים לעונש השל""צ , בדמות מאסר מותנה וקנס בן 5,000 ₪ - הרי בהתאם להוראות סעיף 71ד(3) לחוק העונשין, תשל""ז – 1977, על בית המשפט לקבוע העונש החלופי בהתחשב ביתר רכיבי הענישה שהוטלו על הנאשם במסגרת גזר הדין המקורי.",eval
מדוע יש להטיל פיצוי על הנזק שנגרם לשוטר ממעשי הנאשם?,"הנזק שנגרם לשוטר ממעשה כגון זה, ראוי לפיצוי, אשר יבטא החומרה אותה רואה מערכת אכיפת החוק במעשיו של הנאשם, שאט הנפש והסלידה ממעשים אלה, ואף יהיה בו כדי להרתיע הנאשם דנן, וגם אחרים - מלשוב ולעבור עבירות כגון אלו.",eval
מהן הסיבות לקביעת מתחם הענישה בין 16 ל-30 חודשי מאסר במקרה זה?,לאור כמות העסקאות; טיב הסם; משקל הסם (בייחוד בעסקה נושא האישום השלישי); וכמות הסם שהחזיק הנאשם שלא לצריכתו העצמית  מוצא בית המשפט להעמיד את מתחם הענישה כך שינוע בין 16 ועד 30 חודשי מאסר.,eval
מהי הסיבה להמלצה על הרחקת הנאשם מהמתלוננת ומהחברה?,"הימשכותה של התנהגותו האלימה, לצד הנזק שנגרם למתלוננת ואף לילדיהם הקטינים, מחייבת, אם כן, הרחקת הנאשם מהם, ומהחברה כולה, לפרק זמן ממושך ביותר – פרק זמן כזה, בו יהיה בידיה לעבור התהליכים הטיפוליים הנדרשים; לפתוח פרק חדש בחייה ואף יהיה בידי הילדים לגדול ולהתפתח שלא תחת צילו הפוגעני והמאיים של הנאשם.",eval
כיצד משפיעים השיקולים המוזכרים על הקלה במתחם הענישה?,כל אלה מטים הכף – לכיוון הקלה במסגרת מתחם הענישה.,eval
מדוע מעשי תקיפה ואיומים כלפי שוטרים מערערים את המוסכמות הבסיסיות של החברה הדמוקרטית?,"מעשי תקיפה ואיומים כלפי שוטרי משטרת ישראל, רק מפני שהם ממלאים את תפקידם כחוק, מערערים את המוסכמות הבסיסיות ביותר של החברה הדמוקרטית בה אנו חיים.",eval
מהי המשמעות של העבירה שנעברה לאחר שחרור הנאשם ממאסר בגין עבירות דומות?,"עבירת האיומים דנן נעברה כשלושה שבועות לאחר שחרור הנאשם ממאסר, בגין עבירות דומות כלפי המתלוננת, שעה שתלוי ועומד נגדו מאסר מותנה בר הפעלה וכן התחייבות, אשר לא היה בהם להרתיעו מלשוב לסורו ולאיים על רעייתו ואם ילדיו, ולנקוט כלפיה באלימות מילולית קשה, ומלמדים על תעוזה של ממש ועל היעדר מורא מהחוק ומערכאות שיפוטיות.",eval
מה מלמדות הסתבכויות הנאשם על בחירותיו בעבר?,"הסתבכויות אלו מלמדות על כך, שהנאשם בחר בעברינות כדרך חיים ובניגוד למצג שניסה ליצור – לא זנח כלל דרך זו, אלא המשיך בה ואף הסלים אותה.",eval
מהי מטרת ההחמרה בענישה בגין עבירות סמים?,"ההחמרה בענישה בגין עבירות סמים משרתת את מטרות הגמול וההרתעה, שהן היעדים העיקריים של הענישה בתחום הסמים.",eval
מהו המהלך שהציע בית המשפט לפני קביעת מתחם ענישה מחמיר בעבירות ריבוי נישואין?,"בגזר הדין בפרשת אבו סקיק, התייחס בית המשפט לחומרת התופעה ולהשלכותיה, אך מצא לקבוע, כי בטרם קביעת מתחם ענישה מחמיר, שייתן מענה לשיקולי הענישה 	6 כפי שפורטו 	6 ראוי לקבוע מתחם ביניים, למשך תקופה, לא ארוכה, במהלכה יינקטו אמצעים חינוכיים ופרסומיים, כך שיהיה בידי הציבור להפנים שינוי המדיניות של גורמי האכיפה.",eval
מהו הרף המומלץ לעונשו של הנאשם בהתבסס על מכלול הנתונים?,"בבחינת מכלול הנתונים, ראוי היה למקם את עונשו של הנאשם ברף הנמוך של המתחם, אם גם לא ברף הנמוך ממש.",eval
מהו השיקול שיכול להתקבל אם יובאו ראיות על שיפור מצב כלכלי בעקבות העבירה?,"לו היו מובאות ראיות, במקרה ספציפי, כי נאשם כלשהו, או בני משפחתו, זכו לאתנן בסכומים גבוהים, שהיה בהם כדי לשפר מצבם הכלכלי בעקבות העבירה שביצע – כי אז לא היתה מניעה ליקח שיקול זה בחשבון במסגרת בחינת עתירה להשתת עיצום כספי.",eval
כיצד תיאר בית המשפט את האירוע שהחל כהפגנה ברישיון והפך להתפרעות אלימה?,"בית המשפט המחוזי קבע, כאמור, בנוגע לאותו אירוע ממש: מדובר באירוע חמור שתחילתו בהפגנה ברישיון תוך מימוש זכות המחאה השמורה לכל אזרח במדינה דמוקרטית וסופו בחריגה קשה מזכות המחאה הלגיטימית עד כדי התפרעות אלימה והפרת הסדר ציבורי למשך זמן ממושך.",eval
מהו המידע שמצביע על כוונת הנאשם לפגוע באנשי אכיפת החוק?,"מעשים אלו, מלמדים על עזות מצח מצדו של הנאשם, מעידים על קור רוח ותכנון מראש של המעשה ועל כוונת הנאשם לפגוע פגיעה של ממש באנשי אכיפת החוק.",eval
מדוע לא התקבלה טענת המערער לגבי חלוף הזמן מאז ביצוע העבירה?,"לענין זה יפים דברי בית המשפט המחוזי בעפ""ג 56305-02-20 אבו אלקיעאן נ' מדינת ישראל: אף הטענה לעניין חלוף הזמן מאז בוצעה העבירה לא מצדיקה את קבלת טענות המערער, זאת נוכח העובדה שההליך שהתנהל לפני הערכאה הדיונית התעכב לא מעט בשל התנהלות ההגנה.",eval
אילו שיקולים יש לקחת בחשבון לזכות הנאשם בהקשר להסתבכויות קודמות?,"לזכות הנאשם יש לקחת בחשבון היעדר הסתבכויות קודמות וכן הודאתו באשמה, שהיה בה גם כדי לחסוך מהקטין הנפגע הצורך להתעמת עמו פעם נוספת.",eval
מהו מתחם הענישה שנקבע על ידי בית המשפט במקרה זה?,"במקרה דנן, מוצא בית המשפט, כי לאור פרק הזמן וזהות המעורבים, יש לקבוע מתחם ענישה אחד, הנע בין 16 ועד 36 חודשי מאסר בפועל.",eval
כיצד השפיעה סמכות בית המשפט על קביעת הענישה במקרה זה?,"אשר לקביעת הענישה במסגרת המתחם – במקרה דנן, מתוקף סמכותו של בית המשפט בהתאם להוראות סעיף 40 ד' לחוק העונשין, תשל""ז-1977, מוצא לחרוג לקולה מהמתחם, מטעמי שיקום.",eval
כיצד משפיעה הודאת הנאשם באשמה על גובה הענישה ביחס למתחם הענישה?,"שקלול הגורמים דלעיל, מצביע על ענישה שתהיה במרכז מתחם הענישה, אך לאור הודאת הנאשם באשמה, תינתן הקלה מסוימת והענישה לא תהיה במרכז המתחם ממש.",eval
מדוע נתפסים מעשי אלימות בתוך המשפחה כבעלי חומרה מיוחדת במערכת האיסורים הפליליים?,מעשי אלימות בתוך המשפחה נתפסים כבעלי חומרה מיוחדת במערכת האיסורים הפליליים העוסקים בעבירות אלימות.,eval
מהו העיקרון המשפטי המאפשר קביעת פיצוי גבוה גם כאשר היכולת הכלכלית של הנאשם אינה גבוהה?,"אין פסול בקביעת פיצוי גבוה יחסית (ובענייננו לא הגיע לא למירב שבחוק ולא קרב לסכומי הגזילה), אף מקום שהיכולת הכלכלית אינה גבוהה.",eval
"מדוע יש צורך בתגובה ענישתית לנזקים שנגרמו, גם אם אינם מיוחסים במלואם לנאשמים?","נזקים אלה, הגם שאינם מיוחסים במלואם לנאשמים – מחיבים תגובה ענשית מתאימה.",eval
מהן הדרישות להוכחת מצוקה מיוחדת של הנאשם בתהליך השיקום?,"יש להצביע על מצוקה מיוחדת ממנה סובל הנאשם, וכן על תכנית שיקומית – טיפולית מקיפה, העשויה לשפר מצבו.",eval
מהו ההבדל בין חובות מוסריות ואתיות לבין חובות המוטלות על עורך דין מכח הדין?,"אלה אינן רק מידות טובות שיבור לו עורך הדין, ולא רק חובות מוסריות ואתיות שהוא חייב בהן, אלא גם חובות המוטלות עליו מכח הדין.",eval
כיצד נדרש בית המשפט להתייחס לסכנה הממשית לשלומה של המתלוננת?,"תפקידו של בית המשפט הוא להסתכל על התמונה כמכלול וליתן המענה המתאים לבטחונה של המתלוננת, כאשר קשה לחמוק מן המסקנה, כי שלומה ואף חייה יהיו נתונים לסכנה ממשית, מצדו של הנאשם, ואין המדובר בחשש בעלמא, שהרי האירוע האחרון במסכת אותו חוותה – נושא האישום הראשון – כמעט שהגיע עד כדי נטילת חייה.",eval
מהו הגורם לרוחב המתחם בענישה בעבירות התעללות בבעלי חיים?,רוחב המתחם נובע מהמגוון הגדול של הנסיבות בהן יכול שתתבצענה עבירות מסוג זה.,eval
מהו העונש ההולם הנדרש כדי להרתיע עבריינים בעבירות תקיפה?,על בתי המשפט להשית בגינם עונש הולם ומרתיע שיהיה בו כדי להרתיע את העבריין הספציפי כמו גם עבריינים פוטנציאליים.,eval
אילו נסיבות יוצאות דופן הצביעה ההגנה כדי להצדיק את אימוץ המלצת שירות המבחן?,"לאחר בחינת טיעוני הצדדים מוצא בית המשפט, כי עלה בידי ההגנה להצביע על נסיבות יוצאות דופן, המצדיקות אימוץ המלצת שירות המבחן, תוך נקיטה בדרך שיקומית – טיפולית עם הנאשם.",eval
כיצד יש לראות ניסיונות לעשיית רווח כספי באמצעות סחר בסמים קלים לפי בית המשפט?,"בית משפט זה שב והדגיש כי על מדיניות הענישה בגין סחר והפצה של סמים מסוכנים, ובכללן סמים הנחשבים כ""סמים קלים"", להיות מרתיעה ומשמעותית, וכי יש לראות בחומרה ניסיונות לעשיית רווח כספי באמצעות סחר בסמים אלה.",eval
מהי ההשפעה של אי הבהרת מניעי הנאשם על ההחלטה להטיל עליו מאסר מותנה?,אי הבהרת מניעי הנאשם להחזקת כלי הנשק והתחמושת מובילה להטלת מאסר מותנה מרתיע.,eval
מהו האיזון בין השיקולים שהוביל לענישה ברף העליון במקרה זה?,"האיזון הכולל בין השיקולים במקרה זה, ובעיקר  עצמתו של הכשל הערכי והפגיעה המשמעותית שנגרמה לחמות הנאשם, מצדיקים היו ענישה ברף העליון של הטווח המוסכם, אשר, ממילא, מצוי מתחת לרף התחתון של מתחם הענישה הראוי.",eval
מדוע יש להתייחס לפגיעה בתחושת הביטחון של האזרח שומר החוק במסגרת הענישה?,"קיים גם פן משמעותי של פגיעה בתחושת הביטחון של האזרח שומר החוק, ופן זה מחייב גם הוא התייחסות במסגרת הענישה.",eval
מה הם המבחנים העיקריים להתגבשות חריג להימנעות מהרשעה?,"המבחנים העיקרים להתגבשות חריג שכזה הינם בראש ובראשונה אופי העבירה וטיבה, ובנוסף לכך נסיבותיו של עושה המעשה וההשלכות העשויות להיות על עתידו אם יורשע בדין.",eval
מהו הכלל שנקבע לגבי ענישה בעבירות החזקת נשק?,"אשר על כן משכבר נקבע הכלל לפיו ככלל יש לאסור את המבצעים עבירה זו, גם אם מדובר בעבירה ראשונה, מאחורי סורג ובריח, ואילו אורך התקופה כלול בנסיבות הספציפיות של העושה והמעשה.",eval
מהי מטרת המבחן שהוטל על הנאשם בהליך זה?,"על מנת לאפשר לנאשם לסיים את ההליך הטיפולי בשירות המבחן, מוצא בית המשפט להעמידו תחת מבחן, אשר יהווה בפני עצמו גורם מרתיע, שכן הפרת תנאי המבחן עלולה להביא לדיון מחדש בשאלת העונש בתיק זה.",eval
אילו אינדיקציות מצביעות על מסוכנות בעבירות גניבה והתפרצות חקלאית?,"מי שמגיע בלילה רעול פנים, מי שמגיע בלילה עם אחר או אחרים, מי שאינו חושש להימלט מהמשטרה – כל אלה הם אינדיקציות למסוכנות הטבועה בעבירה של גניבה והתפרצות בכלל, ועבירה של גניבה והתפרצות למטרת גניבה חקלאית בפרט.",eval
"מדוע לא ניתן לראות במילה ""שיקום"" כגורם המאפשר חריגה ממתחם הענישה?","המילה ""שיקום"", איננה בבחינת לחש קסמים, אשר יאפשר, בכל עת, חריגה ממתחם הענישה.",eval
כיצד מתארת ההחלטה את התנהגות המערערים כלפי שוטרים הממלאים תפקיד ציבורי?,"מעשיהם של המערערים, שכללו איומים ותקיפה של שוטרים הממלאים תפקיד ציבורי על פי דין, הינם בבחינת התנהגות פלילית חמורה ושלוחת כל רסן אשר קוראת תיגר על אושיות שלטון החוק תוך התעלמות מופגנת מנורמות ההתנהגות הראויות שיש להקפיד עליהן.",eval
כיצד משפיעים העונשים שנקבעו בפרשות דומות על קביעת מתחם הענישה?,העונשים שנקבעו בפרשות דומות במקרים דומים מהווים בסיס להשוואה וקביעת מתחם ענישה הולם.,eval
אילו שיקולים נלקחים בחשבון לקביעת הענישה במסגרת המתחם?,"אשר לקביעת הענישה במסגרת המתחם האמור, על בית המשפט לשקול, את עברו של הנאשם; נסיבותיו האישיות והפרוגנוזה של גורמי ההערכה לגביו.",eval
מהי הסיבה לכך שאין הצדקה להמיר את העונש למאסר בעבודות שירות במקרה זה?,"בדין גזר בית משפט השלום על המבקש עונש מאסר לריצוי מאחורי סורג ובריח, ואין כל הצדקה, בנסיבות דנן, להמיר את העונש למאסר שירוצה על דרך של עבודות שירות.",eval
מהי החשיבות של מועד העבירה ביחס להנחיות היועץ המשפטי לממשלה?,"עוד לזכות הנאשם, העובדה כי העבירה נעברה בסמוך לאחר פרסום הנחיית היועץ המשפטי לממשלה.",eval
מהי הזכות המיוחסת לנאשם בעקבות נטילת האחריות והודאתו באשמה?,"עוד לזכותו של הנאשם, נטילת האחריות מצידו והודאתו באשמה, אף מבלי שהוצע לו הסדר טיעון.",eval
מהי ההחלטה של בית המשפט לגבי רישיון הנהיגה של הנאשם לאור הנסיבות?,"לאור הנסיבות, ובין היתר הטענות בדבר שימוש הנאשם בסם מסוכן מסוג קנאביס - מוצא בית המשפט לעשות שימוש בסמכותו ולהורות על פסילת רישיון נהיגה בפועל ועל תנאי.",eval
מהו השיקול הכלכלי שיש לקחת בחשבון בעת שומת הקנס של הנאשם?,"יש לקחת בחשבון, בעת שומת הקנס, מצבו הכלכלי של הנאשם, כפי שעולה מתסקיר שירות המבחן וכן העובדה, כי חלקו בתמורה, ששולמה בגין הסמים המסוכנים – לא היה החלק העיקרי.",eval
מהו תפקידם של בתי המשפט במאבק בעבירות אלימות נגד בנות זוג?,"עבירות האלימות ככלל, וכנגד בנות זוג בפרט, הפכו זה מכבר לרעה חולה, אשר בתי המשפט מצווים להיאבק בה.",eval
כיצד משפיעה כמות ואופן חלוקת הסמים על ההבנה לגבי מטרת החזקתם?,"הגם שמדובר בעבירה של החזקת סם שלא לצריכה עצמית, הרי שכמות הסמים ואופן חלוקתם - 800 גרם של סם מסוכן מסוג קנביס, מחולקים ל-80 שקיות; 300 גרם חשיש, מחולקים ל-3 פלטות, עטופות בניילון נצמד; כמו גם החזקתם בתא המטען של רכבו של הנאשם - מצביעים על כך, שמטרת החזקתם, לא היתה לצריכה עצמית, אלא למטרת הפצה.",eval
מהן שני הדרישות להימנעות מהרשעה לפי ההלכה הפסוקה?,"ההלכה שהשתרשה בפסיקת ביהמ""ש היא, כי הימנעות מהרשעה אפשרית בהצטבר שני גורמים: ראשית, על ההרשעה לפגוע פגיעה חמורה בשיקום הנאשם, ושנית, סוג העבירה מאפשר לוותר בנסיבות המקרה המסוים על ההרשעה בלי לפגוע באופן מהותי בשיקולי הענישה האחרים.",eval
מהי עמדת בית המשפט לגבי מתחמי הענישה שהציעה התביעה?,"בית המשפט סבור, כי מתחמי הענישה אליהם עתרה התביעה – מקלים ואינם משקפים את עגמת הנפש המיוחדת ואת הפשיון שחל בעבירות אלה בתקופה האחרונה.",eval
מהו הכשל הערכי שמצביעים עליו מעשיו של הנאשם כלפי קרבן העבירה?,מעשיו של הנאשם מעידים על כשל ערכי ותפיסה מעוותת כלפי בנות המין השני בכלל וקרבן העבירה בפרט.,eval
מהו העיקרון המנחה לגבי שיקום בהקשר של גזירת עונש?,"כבר נפסק, לא פעם, כי ""שיקום"" איננו מילת קסם, המצדיקה חריגה מהמתחם בכל מקרה שהוא, ומכל מקום, יש באפשרותו של הנאשם להמשיך בהליך טיפולי במסגרת מאסרו.",eval
מהי הסיבה לכך שהנאשם אינו זכאי להקלה בעונש בנסיבות אלו?,"כמובן, זוהי זכותו, אך בנסיבות אלה, אינו זכאי להקלה, לה זכאי מי שהודה ונטל אחריות על מעשיו.",eval
מהי עמדת ההגנה ביחס לרוח הפסיקה בעבירות בהן הורשע הנאשם?,"עמדת ההגנה אף מנוגדת לרוח הפסיקה, בפרט בעבירות מאותה מטריה בהן הורשע הנאשם.",eval
מהי רמת הסיכון שהתרשם שירות המבחן לגבי התנהגות הנאשם בעתיד?,"המדובר במי שהתנהלותו מלמדת על אכזריות הטבועה בו ושירות המבחן אף התרשם מרמת סיכון גבוהה (הדבר אף הודגש בתסקיר) להישנות התנהגות אלימה, ככל שלא יטופל.",eval
מהו הפגיעה בזכויות המתלוננת שנגרמה כתוצאה ממעשי הנאשם?,"מעשיו של הנאשם פגעו בזכותה של המתלוננת לשלמות גופה; כבודה; ובטחונה; בפרט כשהתקיפה נעשתה בחצר ביתה – מבצרה, המקום בו צריכה להרגיש מוגנת ובטוחה.",eval
כיצד משפיעה חוסר האחריות של הנאשם על הערכת מעשיו בעיני בית המשפט?,"הנאשם אינו נוטל אחריות של ממש על מעשיו; הנאשם בעל דפוסי מרמה מושרשים – ולא בחל אף בנסיונות מרמה כלפי שירות המבחן, המשמש כידו הארוכה של בית המשפט.",eval
מהו המניע להטלת מאסר מותנה על הנאשם?,"כמובן, מוצא בית המשפט להטיל מאסר מותנה, לבל יהין הנאשם שוב לעבור עבירות דומות.",eval
מהי החומרה הנלווית לעבירה כאשר מדובר במי שנמצא תחת מרות השירות הצבאי?,"אין חולק, כי שרירה וקיימת החומרה הנלווית לעבירה מסוג זה ככל שמדובר במי שנתון תחת מרות השירות הצבאי, וזאת בשכבו, בקומו ובלכתו בדרך, היינו - הן בהיותו בחופשה משירות, בביתו וכמובן בהיותו בפעילות ביחידתו.",eval
מהו תפקיד הפסיקה בהחמרת רף הענישה בעבירות אלימות במשפחה?,הפסיקה החמירה את רף הענישה כחלק מהצורך במלחמה בתופעה זו.,eval
מהו השיקול המרכזי לשמר את תחושת הציבור לגבי משרתיו?,"יש ליתן משקל נכבד לשיקולים הבאים לקיים, לשמר ולפתח את תחושת הציבור, כי משרתיו אינם אדוניו וכי הם עושים את מלאכתם למען הציבור, מתוך יושר וניקיון כפיים.",eval
מדוע עבירות הסמים נחשבות לפוגעות באינטרס הציבורי?,"עבירות הסמים פוגעות פגיעה קשה באינטרס הציבורי, החל מפגיעה בבריאות הציבור, המתמכרים לסם וכלה בפגיעה ברכוש ולעתים בגוף, מתוך ניסיון של צרכן הסמים לממן את המנה הבאה.",eval
כיצד מתבטאת תעוזתו של הנאשם בהתנהגותו במהלך הבחינה?,"התנהגותו של הנאשם בכל הנוגע להתחזות בבחינה, לרבות העובדה, כי לא נרתע מלהתייצב לבחינה החוזרת; נסיונותיו למסור פרטים כוזבים בנוגע לפרטים שונים, לרבות למכשיר הטלפון בו השתמש 	7 כל אלה מצביעים על תעוזה של ממש ועל העדר מורא מן הדין.",eval
מהו הפיצוי שיינתן לנפגע העבירה לאור הנזק שנגרם?,"לנוכח אופיו הקשה של הנזק, שנגרם לנפגע העבירה, וכן תוך איזון כלל רכיבי הענישה בתיק זה, יושת פיצוי משמעותי, שגם אם לא יהיה בו כדי להיטיב את מלוא הנזק שנגרם, יהיה בו כדי לגלם, ולו במעט, את מכאוביו הנפשיים והפיזיים בעקבות מעשי הנאשם ואף לאפשר לנאשם להפנים את התוצאות החמורות של מעשיו.",eval
מה עשוי להוביל להחמרה נוספת במתחם הענישה?,"אם תימשך העליה במספר כתבי האישום המוגשים בגין עבירה זו, יתכן שנכון יהיה לדון גם בהחמרה נוספת של המתחם, כפי המבוקש על ידי התביעה.",eval
מהי הסיבה לכך שצריך לנקוט יד קשה עם העבריינים בעבירות רכוש?,בית משפט זה עמד 1 לא פעם 1 על כך שחומרתן של העבירות 1 לצד נפוצותה של התופעה 1 מצריכות נקיטת יד קשה עם העבריינים.,eval
"מהו הפער בין ענישה נמוכה לענישה שיקומית במקרה זה, בהקשר לאינטרס הציבורי?","כך שהפער בין ענישה על הצד הנמוך של מתחם הענישה לבין ענישה שיקומית שתגזר – אינו משמעותי, במקרה זה, ככל שמדובר באינטרס הציבורי.",eval
מהו ההיבט הנוסף של חומרה שיש לתת עליו תשומת לב בהקשר לעבירות המין נגד קטינות?,"בנוסף לחומרה עליה הצביע חברי בהקשר זה, אשר ציין כי בחדרים אלה רב הנסתר על הנגלה ומציאות החיים מלמדת שמתבצעות במרחב האינטרנטי עבירות, חשוב ליתן תשומת לב להיבט נוסף של חומרה, שגם אותו ציין חברי, הנובע מהעובדה שהקורבנות-הקטינות בענייננו שהו בביתן, בחדרן, במקום שאמור להיות מבצרן ומקום מבטחן, לשם הצליח המערער לחדור בתחבולות, לבצע את זממו, עבירות מין ועבירות סחיטה באיומים.",eval
מהו ההיבט החמור בעבירות הנאשמים בהקשר לפגיעה בארכיאולוגיה של הארץ?,"העבירות שביצעו המערערים – חפירה לשם גילוי עתיקות שלא כדין ופגיעה והשחתת אתר עתיקות – הן לדעתנו חמורות במספר מישורים, כלהלן: הפגיעה בארכיאולוגיה של הארץ, מהווה פגיעה בשכיות חמדה של חבל ארץ זה בו עברו במהלך אלפי שנות היסטוריה עמים רבים והותירו את רישומם, גם אם זה נותר חבוי בתוך הקרקע, ואך ממתין לגילוי.",eval
מדוע לא התבקש תסקיר שירות המבחן בעניינו של הנאשם?,"בענינו של הנאשם, לא התבקש תסקיר שירות המבחן למבוגרים, ולכן, אין לעיני בית המשפט נסיבות כלשהן המצדיקות חריגה ממתחם הענישה מטעמי שיקום הנאשם.",eval
מדוע קבע המחוקק עונש חמור יותר לגניבת צאן בהשוואה לגניבה רגילה?,"לא בכדי, מצא המחוקק, לייחד עבירה זו מעבירת גניבה ""רגילה"", ולקבוע בצדה עונש בן ארבע שנות מאסר, כך שגם עבירה זו, בדומה לעבירות כלפי רכבים, מוגדרת כעבירה מסוג פשע.",eval
מדוע יש להטיל עונשים משמעותיים על עבירות ממניעים אידיאולוגיים?,"דרך כלל עבירות מתוך מניעים אידיאולוגיים מבוצעות על ידי אנשים בעלי עבר נקי ולעיתים קרובות בעלי תכונות אישיות חיוביות והחברה לא תוכל להגן על עצמה מפני הסכנות לשלום הציבור הטמונות בעבירות המבוצעות ממניעים כאלה, אם לא יוטלו עונשים משמעותיים.",eval
מדוע נחשבות עבירות האלימות כנגד בנות זוג לרעה חולה שיש להיאבק בה?,"עבירות האלימות ככלל, וכנגד בנות זוג בפרט, הפכו זה מכבר לרעה חולה, אשר בתי המשפט מצווים להיאבק בה.",eval
מהי הסיבה לחומרת העונש שהוטל על הנאשם במקרה זה?,"חומרת המעשים, מצדיקה היה השתת עונש במסגרתו יצטברו העונשים שפורטו לעיל וכן, יצטבר אליהם המאסר המותנה שהפועל.",eval
מדוע לא יכול בית המשפט לכפות הליך טיפולי על הנאשם במקרה זה?,"סופו של יום, בית המשפט אינו יכול לכפות הליך טיפולי על מי שהמציאות מוכיחה, שאינו מסוגל לעמוד בו.",eval
מהי הפגיעה המרכזית שנגרמה לנפגעות העבירה בעקבות מעשיו של הנאשם?,"ראש וראשית, כמובן, הפגיעה בכבודן של נפגעות העבירה ובתחושת האוטונומיה שלהן, מעצם ההתיחסות אל כל אחת מהן כאוביקט לסיפוק תאוותיו של הנאשם.",eval
כיצד משפיעה סקירת מדיניות הענישה הנוהגת על קביעת מתחם הענישה?,"קביעת מתחם הענישה היא בהתאם לנסיבות המקרה העומד לדיון, וסקירת מדיניות הענישה הנוהגת היא רק שיקול אחד מבין כלל השיקולים אותו עושה בית המשפט בקובעו מתחם ענישה הולם.",eval
באילו נסיבות יוצאות דופן ינקוט בית המשפט בחלופה של הטלת ענישה ללא הרשעה?,"רק בנסיבות יוצאות דופן, בהן אין יחס סביר בין הנזק הצפוי מן ההרשעה בדין לבין חומרתה של העבירה, ינקוט בית המשפט, לפעמים, בחלופה של הטלת ענישה ללא הרשעה.",eval
מהו ההשפעה של מעשי תקיפה ואיומים על המוסכמות הבסיסיות של החברה הדמוקרטית?,"מעשי תקיפה ואיומים כלפי שוטרי משטרת ישראל, רק מפני שהם ממלאים את תפקידם כחוק, מערערים את המוסכמות הבסיסיות ביותר של החברה הדמוקרטית בה אנו חיים.",eval
מדוע יש חשיבות יתרה להטלת עונש קנס בעבירות כלכליות?,"כאמור, בעבירות כלכליות נודעת חשיבות יתרה לשימוש בעונש הקנס, וכך גם בעבירות שכתוצאה מהן נגרם נזק כלכלי לאדם או לציבור בכללותו.",eval
כיצד משפיעה גיל הנאשם על ההחלטות המשפטיות בעניינו?,"הנאשם עבר העבירות מספר ימים לאחר הגיעו לגיל 18, וגם לכך, יש לתת את הדעת.",eval
מהו הפוטנציאל הנזק לציבור בעבירות המיוחסות לנאשמות וכיצד זה משפיע על הענישה?,"במקרה דנן, המדובר, אמנם, בעבירות שפוטנציאל הנזק שלהן לציבור הינו גבוה, ושיקול זה מטה הכף לכיוון החמרה עם הנאשמות.",eval
כיצד משפיע פער הגיל בין הנאשם לקטינים על הערכת חומרת ההדחה?,"פער הגיל בין הנאשם לקטינים הינו קטן יחסית, ולכן יש לשקול זאת בהערכת חומרת ההדחה.",eval
מדוע יש להטיל קנס על הנאשם בגין העבירות שביצע?,"ההכבדה על כלל הציבור כתוצאה מעבירות אלה, כפי שפורטה לעיל, מצדיקה השתת עיצום כספי מסוג קנס.",eval
מהו הממצא לגבי רמת הענישה המתאימה לנאשם בהתבסס על שקלול הגורמים?,"שקלול הגורמים לעיל, מצביע על ענישה ברף התחתון של המתחם.",eval
מהן הקריטריונים לקביעת הענישה הספציפית במסגרת המתחם?,"הקביעת הענישה הספציפית, במסגרת המתחם, נעוצה בהיקף מעשי הזיוף והמרמה שבוצעו; במשכם של המעשים ובסדרתיותם; במידת הנזק שנגרם; במידת התחכום בביצוען של העבירות; בעברו של הנאשם ובנסיבותיו האישיות.",eval
מדוע יש להעניש בחומרה את העבריינים הפונים לדרכי אלימות?,"לא אחת, הדגיש בית המשפט העליון את חובתו ליטול חלק במאבק נגד האלימות הפושה בחברה ועל החשיבות להעניש בחומרה את אלו הפונים לדרכי אלימות.",eval
מהי הסיבה להשית מאסר מותנה מרתיע במקרה של חוסר בהירות במניעי הנאשמים?,משלא הובררו עד תום מניעי הנאשמים להחזקת כלי הנשק – מוצא בית המשפט גם להשית מאסר מותנה מרתיע.,eval
כיצד משפיעה מעמדו של הנאשם כראש פלג במשפחתו על הענישה?,"העובדה, כי הנאשם מוכר כראש פלג במשפחתו, המונה לא פחות מ-300 חברי השבט, בעל עסקים, המעסיק עובדים וכאדם מכובד, העוסק, בין היתר, בפתרון סכסוכים ובפעילות ציבורית – אינה בגדר נסיבה לקולה במקרה זה.",eval
מדוע יש למקם את עונשו של הנאשם ברף העליון של מתחם הענישה?,"משורת הדין, לאור עברו הפלילי המכביד, אשר רוב הרשעותיו נסובות סביב עבירות רכוש בכלל ועבירות כלפי כלי רכב בפרט, ראוי היה למקם את עונשו של הנאשם ברף העליון של מתחם הענישה ולהפעיל את המאסרים המותנים במצטבר זה לזה.",eval
מהי הסיבה לדרישה לענישה משמעותית במישור המעשה במקרה זה?,"עצימותה של האלימות שהופעלה (תמונות הפציעה וכן המסמכים הרפואיים ת/6 – ת/10 מדברים בעד עצמם) – ביחד עם הקווים האנטי חברתיים, בלשון המעטה, העולים מאופן התנהגותו של הנאשם באירוע זה – מחייבים ענישה משמעותית במישור המעשה.",eval
מדוע עבירת סחר בסם מסוכן נחשבת לעבירה המחייבת עונש מאסר משמעותי?,"בשל הנזק החברתי רב העוצמה, שגורמת עבירה של סחר בסם מסוכן שלא לצריכה עצמית, זוהי עבירה שככלל ראוי שכל המבצע אותה יישא בעונש מאסר בפועל משמעותי וממושך מאחורי סורג ובריח.",eval
מהו הממצא של בית המשפט לגבי ההליך הטיפולי של הנאשם והשפעתו על מתחם הענישה?,"אין בית המשפט מוצא, כי יש בהליך הטיפולי בו החל הנאשם כדי להטות את הכף לחריגה ממתחם הענישה מטעמי שיקום.",eval
מהי הסיבה לכך שאין עילה לחרוג ממתחם הענישה במקרה זה?,"בנסיבות אלה, אין בנמצא כל עילה לחרוג ממתחם הענישה.",eval
כיצד משפיעים תנאי המעצר של הנאשמים על רמת הענישה המומלצת?,"זכות השירות במשמר הגבול והעובדה כי הנאשמים שהו במעצר בתנאים מגבילים, מטות את הכף לעבר ענישה ברף התחתון של המתחם.",eval
כיצד משפיעה התקופה הארוכה של מעצר הנאשם על שיקול בית המשפט בענישה?,"זכות הנאשם, ייקח בית המשפט בחשבון, את התקופה הארוכה בה שוהה במעצר בבית האסורים, תקופה שהוארכה מספר פעמים בהחלטות בית המשפט העליון ואף בית משפט זה, וכן את העובדה, כי לא נמסר על התנהגות חריגה במשך תקופת מעצרו.",eval
מהו הקריטריון הנדרש לקביעת שינוי משמעותי בתפישותיו ובארחות חייו של הנאשם?,"זמן כזה, שהוא מספיק על מנת לקבוע, כי אין המדובר בהשתתפות כדי לצאת ידי חובתו וכי פניו לשינוי משמעותי בתפישותיו ובארחות חייו.",eval
מהו סעיף 40ט' לחוק העונשין ואילו שיקולים הוא מתיר לבית המשפט?,"בהתאם לסעיף 40ט' לחוק העונשין, תשל""ז – 1977, בבואו של בית המשפט לקבוע מתחם ענישה, רשאי לקחת בחשבון מכלול שיקולים, בין היתר, נסיבות ביצוע העבירה; משך ההתנהגות העבריינית; מידת הפגיעה בערכים המוגנים; וכן, שיקולים נוספים.",eval
כיצד משפיעה הפרת הציפייה על השימוש באלימות במשפחה ביחס לחוש הצדק האנושי?,הפרתה של ציפייה זו הופכת את השימוש באלימות במשפחה לתופעה העומדת בניגוד עמוק לחוש הצדק האנושי.,eval
מדוע אין בחלוף הזמן כדי להקהות את שיקולי הענישה במקרה זה?,"בנסיבות אלה, אין בחלוף הזמן, כאמור, כדי להקהות את שיקולי הענישה.",eval
מהו הצורך בנקיטת יד קשה כלפי העבריינים בתחום האלימות?,"נראה כי הגיעה העת שלא להסתפק במלות גינוי ובמסרים חינוכיים צופים פני עתיד, אלא לנקוט ביד קשה כלפי העבריינים בתחום זה, ואם בדרך זו תימנע ולו פגיעה אחת בחיי אדם, דיינו.",eval
כיצד יש לבחון את הפרשה בהקשר של האירועים הקשים והחמורים?,"על בית המשפט לבחון הפרשה כמכלול, ובבחינה כזו  המדובר באירועים קשים וחמורים.",eval
מהו השיקול שיילקח בחשבון לזכות הנאשם במהלך גזר הדין?,"לזכות הנאשם, יילקחו הודאתו באשמה; נטילת האחריות והחיסכון בזמן שיפוטי.",eval
מהי ההקלה האפשרית בעונש הנאשם בהתחשב בהתקדמותו?,"לאור ההתקדמות שהציג הנאשם, ונסיונו לשקם עצמו תינתן לו הקלה מסוימת ועונשו יהיה בחלקו התחתון של מתחם הענישה, אולם, לא בתחתית המתחם.",eval
מדוע לא מצא בית המשפט עילה לחרוג מההסדר שנערך עם הנאשם?,"בית המשפט סבור, כי ההסדר שנערך עם הנאשם מקל מאוד, אך לאור הודאת הנאשם באשמה וכן לאחר שנמסר, כי ההסדר גובש על דעת המתלונן - אינו מוצא עילה לחרוג ממנו.",eval
מהי משמעות הפרשנות לפיה תחתית מתחם העונש ההולם לא תהיה נמוכה מעונש המינימום?,"כך, משמעות הפרשנות לפיה תחתית מתחם העונש ההולם לא תהיה נמוכה מעונש המינימום, היא שניתן יהיה להשית עונש נמוך מעונש המינימום דרך שיקולי שיקום, שכן רק בגינם מתיר החוק חריגה ממתחם העונש ההולם לקולה (מכוח סעיף 40ד' לחוק העונשין) ואילו הפרשנות לפיה ניתן להתעלם מעונש המינימום אף מבלי טעמים מיוחדים בעת קביעת תחתית מתחם העונש ההולם, עלולה להביא לכך שיושתו עונשים נמוכים מהעונש המינימאלי ללא הנמקה, כפי שנעשה לטעמי בענייננו.",eval
כיצד משפיעה התנהגות עבריינית מתמשכת על הטענה בדבר חלוף הזמן?,"במצב בו הנאשם ממשיך ואף מסלים את התנהגותו העברינית, מוגבל עוד יותר משקלה של הטענה בדבר חלוף הזמן.",eval
מהו המידע המצביע על יחסו של הנאשם לחוק?,"בכל אלו – יש ללמד על יחסו של הנאשם לחוק ועל כך, שעודנו ממשיך בהתנהגות עוברת חוק ופורצת גבולות.",eval
מהי הסיבה שהובילה את בית המשפט לקבל את עתירת התביעה לפסול את הנאשם מלנהוג?,"בנוסף, לאור טיב העבירה ואף לאור העובדה, שנערך שימוש ברכב מנועי לצורך החזקת הסמים המסוכנים  יקבל בית המשפט עתירת התביעה לפסול הנאשם מלנהוג ברכב מנועי.",eval
כיצד משפיעה אי הודאת הנאשם באשמה על זכאותו להקלות בעונש?,"הנאשם לא הודה באשמה ומכאן, שאינו זכאי להקלה לה זכאי מי שנטל אחריות והכה על חטא.",eval
"מהו המאפיין הנוסף של עבירת ריבוי נישואין, מעבר להיותה עבירה על החוק?","אם לא היה די בכך, כוללת עבירה זו בחובה גם מאפיינים של החפצת האשה, עד כדי סחר בנשים.",eval
אילו היבטים יש לפגיעה בשוטרים בהקשר של חברה דמוקרטית?,"לפגיעה זו היבטים הקשורים באופן מובהק במוסכמות הבסיסיות של היותנו חברה דמוקרטית המכבדת את שלטון החוק וזכויות הזולת, במערכת אכיפת החוק ובצורך להגן על אנשי חוק העושים מלאכתם, לעיתים בתנאים קשים ומורכבים, תוך סיכון שלומם וביטחונם.",eval
מהו האיזון הנכון שנמצא על ידי בית המשפט לגבי העונש המוטל על הנאשם?,"עם זאת, לנוכח השיקולים שפורטו לחובת הנאשם 	6 לא תהיה החריגה בדרך של קבלת המלצת שירות המבחן במלואה ובית המשפט מוצא, כי האיזון הנכון הוא הטלת עונש מאסר קצר בפועל, אך במקרה מסוים זה 	6 יהיה ניתן לריצוי בדרך של עבודות שירות, בתוספת עונש צופה פני עתיד.",eval
מהן המטרות העיקריות של הענישה בעבירות סמים לפי הפסיקה?,"הענישה בעבירות מסוג זה נועדה, קודם לכל, לשרת את מטרת הגמול לעבריין על עיסוק בסם העלול לסכן חיי אדם ולפגוע בבריאות המשתמשים בו; שנית, על העונש להעביר מסר חד-משמעי של הרתעה ביחס לעבריינים פוטנציאליים, ולשמש אות אזהרה אפקטיבי לכל מי שמתכוון לקחת חלק במערכת ההעברות והסחר בסמים, תהא אשר תהא הפונקציה אותה הוא ממלא בשרשרת זו של העברת הסם מיד ליד.",eval
מהי המסקנה לגבי מניעי הנאשם בהדחת הקטין שלא למסור תלונה?,"קשה להמלט מהמסקנה, כי העבירה נעברה ממניעים ציניים, על מנת למנוע סגירת המועדון או פגיעה בתפקודו, והדבר עולה בבירור מנסיונו של הנאשם לשכנע את נפגע העבירה שיאמר, כי הדקירות לא אירעו בשטח המועדון אלא מחוצה לו.",eval
כיצד משפיע הטיפול על מסוכנותו של הנאשם לעתיד?,"שירות המבחן מוצא, כי יש בטיפול זה כדי לצמצם את מסוכנותו לעתיד, וכי הדבר יועיל הן לנאשם והן לחברה.",eval
מהו תפקיד מדיניות הענישה בקביעת מתחם הענישה בנסיבות המקרה?,"עם זאת, מדיניות הענישה הנוהגת היא שיקול אחד מבין השיקולים אותם שוקל בית המשפט בבואו לקבוע את מתחם הענישה ההולם בנסיבות המקרה.",eval
מדוע יש לראות את כל הנוכחים בהמון המתפרע כשותפים למעשים האלימים?,"כאשר המדובר בהמון מתפרע, אין ליחס חשיבות רק למעשיו הפרטניים של משתתף זה או אחר, אלא, כל אחד מהנוכחים בהמון המשולהב שותף למעשיהם של האחרים.",eval
מהו העונש המומלץ כאשר העבירה בוצעה תמורת אתנן כספי?,"במקרים בהם בוצעה העבירה תמורת אתנן כספי, או הבטחה לאתנן כספי  ראוי להטיל על הנאשם גם עיצום כספי משמעותי.",eval
מהי הסכנה במתן לגיטימציה לפעילות הנאשמים מבחינת אכיפת החוק?,"מתן לגיטימציה לפעילות הנאשמים עלול להביא לאנרכיה ועל גורמי אכיפת החוק, ובכללם – בית המשפט – להציב גבול ברור וחד משמעי אל מול תופעות מסוג זה.",eval
כיצד משפיעה העובדה שהנאשם התפרץ לבתי עסק ולא לבתי מגורים על חומרת העבירה?,"בתי המשפט אף קבעו, לא אחת, כי התפרצות לבתי עסק ולא לבתי מגורים, אין בה כדי להפחית מחומרת המעשים.",eval
מהי הסיבה לכך שטענת ההגנה בנוגע לרכיב הענישה אינה מתיישבת עם הדין?,"טענת ההגנה, לפיה התביעה אינה רשאית לעתור לרכיב ענישה זה, שגויה ואינה מתיישבת עם הדין.",eval
"מהו העיקרון הכללי לגבי הענישה בעבירות החזקת נשק, גם כאשר מדובר בעבירה ראשונה?","ככלל יש לאסור את המבצעים עבירה זו, גם אם מדובר בעבירה ראשונה, מאחורי סורג ובריח, ואילו אורך התקופה כלול בנסיבות הספציפיות של העושה והמעשה.",eval
כיצד משפיעות הגרסאות השונות של הנאשם על הצורך בשיקום?,"שתי הגרסאות שמסר לשירות המבחן – האחת, כי פעל למען בצע כסף, והשניה – כי פעל מתוך רצון להיות משויך חברתית – אינן מצביעות על מצוקה כלשהי, הטעונה שיקום.",eval
מהן הסמכויות המאפשרות לבית המשפט להורות על פסילת רישיון הנהיגה של הנאשם?,"אשר לרכיב פסילת רישיון הנהיגה, מתוקף סמכותו של בית המשפט, בהתאם להוראות סעיף 37א(א) לפקודת הסמים המסוכנים [נוסח חדש], תשל""ג 2 1973 וכן סעיף 43 לפקודת התעבורה [נוסח חדש], תשכ""א 2 1961, מוצא בית המשפט להורות על פסילת רישיון הנהיגה של הנאשם, בפועל ועל תנאי, שהרי נהג הנאשם ברכבו על מנת להוביל את הסמים המסוכנים בעסקאות הסחר שביצע, ואף החזיק סמים ברכבו (הגם שלא יוחסה לו עבירה של הסתייעות ברכב לעבור עבירה, הרי שמדובר בעובדות בהן הודה הנאשם).",eval
מהו השיקול שהוביל להטלת עיצומים כספיים על הנאשם בעבירת גידול הסם?,"הרווח הצפוי מהעבירה מחייב השתת עיצומים כספיים שיפגעו בכדאיות העיסוק בתחום מכניס זה, בו ניתן להפיק רווחים עצומים וקלים.",eval
מהו העונש המומלץ על ידי בית המשפט בהתחשב במתחם הענישה ובטיפול הנאשם?,"בשיקול כולל, רואה בית המשפט להשית על הנאשם עונש שיהיה על הצד הבינוני של המתחם, ואשר יאפשר שילובו במסגרת טיפולית, כפי המלצת שירות המבחן.",eval
מהי הנסיבה להחמרה בענישה במקרה של פגיעה בגור צעיר?,"האכזריות הנלווית לפגיעה בגור כה צעיר, אשר יעורר רגש של רחמים ואמפתיה אצל כל מי שיתקל בו – מהווה נסיבה להחמרה במסגרת המתחם.",eval
מה עולה מתסקיר שירות המבחן לגבי נטילת האחריות של הנאשם על מעשיו?,"מתסקיר שירות המבחן עולה, כי הנאשם מצמצם נטילת האחריות על מעשיו ונותן הסבר שאינו מניח את הדעת ואינו תואם את ניסיון החיים, בנוגע להסתבכותו בעבירה.",eval
מהי ההחלטה של בית המשפט לגבי הטלת קנס על הנאשם בנסיבותיו?,"בנסיבותיו של הנאשם דנן, לאור הנתונים על השתכרותו, לא מוצא בית המשפט להטיל קנס, אלא – להסתפק בהפעלת ההתחייבות ת/5, בהתאם להוראות הדין.",eval
מהו ההבדל בין התחשבות במצב הכלכלי של הנאשם ברכיב הקנס לעומת רכיב הפיצוי?,"בעוד שבנוגע לרכיב הקנס ראה המחוקק לקבוע, כי על בית המשפט להתחשב במצבו הכלכלי של הנאשם (ראו סעיף 40ח' לחוק העונשין, תשל""ז  1977), הרי בנוגע לרכיב הפיצוי נקבע בפסיקה, פעם אחר פעם, כי אל לבית המשפט לשקול כלל את מצבו הכלכלי של העברין, וזאת היות שרכיב ענישה זה הינו בבחינת סעד בעל מאפינים אזרחיים במסגרת ההליך הפלילי.",eval
מהו מתחם הענישה שנמצא מתאים לפי עקרון ההלימה לפגיעה בערכים המוגנים?,"בית המשפט מצא כי עקרון ההלימה, בשים לב לפגיעה בערכים המוגנים, מצדיק מתחם ענישה שבין מספר חדשי מאסר בפועל (יכול שירוצו בעבודות שירות במקרים המתאימים) לבין שנים עשר חדשי מאסר בפועל.",eval
כיצד השפיע מצבו הרפואי של הנאשם על גזר הדין?,"בית המשפט לקח בחשבון את נסיבותיו האישיות של הנאשם וכן את מצבו הרפואי, כפי שפורט בתסקיר שירות המבחן למבוגרים ובטיעוני ההגנה במסגרת פרשת העונש.",eval
מהו המצב המשפטי של הנאשם תחת צו הפיקוח מאז 2008?,"הנאשם נתון תחת צו פיקוח משנת 2008, כאשר הצו מוארך שוב ושוב מעבר לתקופה הקבועה בחוק, בהתאם לחריג בחוק, לנוכח מסוכנותו הגבוהה של הנאשם, אשר עמדה בעינה.",eval
מדוע עורך דין שאינו כשיר לעסוק במקצועו דומה למנתח עם ליקוי גופני?,"בלעדי אלה לא רק שאינו רשאי לעסוק במקצועו, אלא שאינו כשיר לכך; כמוהו כמנתח שבשל ליקוי גופני כלשהו אינו יכול להחזיק בידיו בכלי הניתוח (ההדגשה אינה במקור).",eval
מהו המאפיין המיוחד של מעשי אלימות בתוך המשפחה במערכת האיסורים הפליליים?,מעשי אלימות בתוך המשפחה נתפסים כבעלי חומרה מיוחדת במערכת האיסורים הפליליים העוסקים בעבירות אלימות.,eval
מהן ההשלכות של התמכרות הנאשם לסמים על פסילת רישיון הנהיגה שלו?,"לנוכח הנתונים שהוצגו באשר להתמכרותו העמוקה לשימוש בסמים מסוכנים והעובדה שעודנו צורך סמים מסוכנים – ישית בית המשפט על הנאשם גם פסילה מלנהוג, בפועל ועל תנאי, לתקופה ממושכת, אשר תבטיח הרחקתו מהכביש, למען שלום הציבור המשתמש בדרך.",eval
מהו העונש המומלץ לבית המשפט במקרה של נסיבות יוצאות דופן?,"בנסיבות מיוחדות ויוצאות דופן אלה, מוצא בית המשפט, מבלי לחרוג מהמתחם שנקבע – כי ראוי להמיר ענשו של הנאשם, לעונש מאסר בפועל, שירוצה בדרך של עבודות שירות.",eval
מהי ההנחיה שניתנה לתביעה הכללית בנוגע לענישה בעבירות החזקת נשק?,"במסגרתה הונחתה התביעה הכללית לפעול לכיוון החמרת הענישה בעבירות אלה, לנוכח הסיכון הרב הנשקף מהן והאינטרס הציבורי במיגורן.",eval
כיצד משפיעה המחויבות המשפחתית של הנאשמת 1 על ההמלצות בענישה?,"התרשמות שירות המבחן, כי הנאשמת 1 פעלה מתוך המחויבות המשפחתית אשר יצרה מצב של תלות באחיה וביתר בני המשפחה, מטה את הכף לכיוון הקלה מסוימת במסגרת מתחם הענישה.",eval
מדוע נחשב הערך הענישתי בעבירות סמים לכלי חשוב במאבק נגד נגע הסמים?,"מזה זמן רב, מדגישים בתי המשפט בפסיקתם את חשיבות הערך הענישתי בעבירות סמים כאחד הכלים החשובים בפעילות לביעורו של נגע הסמים.",eval
מה עולה מכתבי האישום הקודמים לגבי הנאשם והאלימות כלפי המתלוננת?,"על אף שנסיבות העבירה כאן אינן ברף חומרה גבוה, הרי עולה מכתבי האישום הקודמים שהוגשו מטעם התביעה (ת/3  ת/5), כי אין זו הפעם הראשונה בה נוקט הנאשם באלימות כלפי אותה מתלוננת.",eval
מהו תפקיד הראיות בהוכחת המצב הכלכלי של הנאשם בעת הטלת קנס?,"על בית המשפט להתחשב במצבו הכלכלי של הנאשם בעת הטלת עיצום כספי מסוג קנס, אך הטענה הזאת חייבת להיות מבוססת בראיות שהוגשו על ידי ההגנה.",eval
מהו מתחם הענישה שנקבע בעקבות הפגיעה בערכים המוגנים?,"הפגיעה בערכים המוגנים הינה משמעותית, ובית המשפט מוצא לקבוע מתחם ענישה הנע בין 15 ועד 30 חודשי מאסר בפועל.",eval
מדוע החברה בישראל ובית המשפט רואים צורך לעקור תופעות מסוימות מן השורש?,"החברה בישראל, ובית המשפט בכלל זה, אינה יכולה להשלים עם תופעות אלה, ומצווה לעוקרן מן השורש.",eval
כיצד השפיעה הודאת הנאשם באשמה על עונשו במכלול השיקולים של בית המשפט?,"במכלול השיקולים, מוצא בית המשפט למקם את עונשו של הנאשם בחלקו האמצעי של הענישה, אך לאור הודאת הנאשם באשמה, תינתן לו הקלה מסוימת, כך שעונש המאסר על תנאי בן 6 חודשים מגזר הדין ת/4 יופעל חופף, במחציתו, לעונש המאסר שיוטל.",eval
מדוע נחשב סיווג האסירים הביטחוניים כסוג בפני עצמו?,הסיווג של אסירים ביטחוניים כסוג בפני עצמו נובע מן הסכנה המיוחדת הטמונה באסירים אלה.,eval
מהי ההשפעה של מעשי אלימות על התא המשפחתי והאם יש בכך ניצול פערי כוח?,יש בה משום פגיעה באשיות התא המשפחתי; יש בה ניצול של פערי כֹּח בין הצדדים.,eval
מהו תפקיד חלוף הזמן בשיקולי הענישה בעבירות פליליות?,"חלוף הזמן עשוי להוות שיקול המצדיק התחשבות בעינוי הדין שנגרם בעטיו ועלול להקהות, במידה ניכרת, את משקלם של שיקולי הענישה.",eval
מדוע הסכנה בעבירת החזקת נשק מצדיקה עונשי מאסר גם על עבירה ראשונה?,הסכנה הטמונה בעבירה החמורה של החזקת נשק מצדיקה הטלת עונשי מאסר לריצוי בפועל גם על מי שזו עבירתו הראשונה.,eval
כיצד משפיע פרק הזמן שחלף מאז ההוראה על עונש הנאשם במקרה זה?,"נציין בעניין זה, כי הגם שפרק הזמן שחלף מאז ההוראה של האכיפה עד לביצוע העבירה כאן אינו ארוך, הרי עדיין אין בכך כדי להוות נימוק עיקרי לעונש ואף במקרים בהם העבירה בוצעה במועד סמוך יותר, לא ראה בית משפט זה לנכון להתערב לענישה נמוכה יותר והמערער שם נדון לתשעה חודשי מאסר בפועל (ראה עפ""ג 15166-01-21 כתנאני נ' מ""י מיום 28.04.21).",eval
כיצד השפיעה הודאת הנאשם באשמה על קביעת העונש בעניינו?,"לבחינת מכלול הנתונים, בית המשפט מוצא למקם עונשו של הנאשם ברף האמצעי, ולהפעיל המאסר המותנה, כשלאור הודאת הנאשם באשמה, יופעל, בחלקו, בחופף לעונש שיוטל.",eval
כיצד משפיעה הובלת בעלי חיים בתנאים לא מתאימים על רווחת בעלי החיים?,הובלת בעלי חיים ברכב פרטי בתנאים לא מתאימים גורמת לסבל ועולה כדי התעללות ממש.,eval
מהו הצורך בהשאת פיצוי שישקף את הנזקים שנגרמו לנפגעי העבירה?,"מובן, כי כאשר נמנעו מלשתף פעולה וההסדר אינו חל עוד בעניינם, קם הצורך להשית פיצוי שישקף את הנזקים ואת עגמת הנפש שנגרמו לנפגעי העבירה השונים וברור, כי לא יפחת מהפיצוי, שסוכם בהסדר.",eval
מהי החשיבות הנוספת לפיצוי במקרה זה מעבר לאיזון התמונה הענישתית?,"במקרה זה, קיימת חשיבות נוספת לפיצוי, הן לצורך איזון התמונה הענישתית והן כהכרה בפגיעה, שחווה המתלונן.",eval
כיצד השפיעו התפישות שהפגין הנאשם על הכף בענישה?,"לאחר שבית המשפט בוחן השיקולים לקולא אל מול השיקולים לחומרא, לאור התפישות שהפגין הנאשם, נוטה הכף לכיוון ענישה על הצד הגבוה של המתחם.",eval
"מהו היקף העבירות וחומרתן שהצדיקו את הטלת צו של""צ על הנאשם?","מוצא בית המשפט, כי היקף העבירות וחומרתם מצדיק הטלת צו של""צ בהתאם להמלצתו הראשונית של שירות המבחן, בהיקף של 380 שעות.",eval
מהו ההסבר לסיווג אסירים ביטחוניים כסוג נפרד במערכת הכליאה?,הסיווג של אסירים ביטחוניים כסוג בפני עצמו נובע מן הסכנה המיוחדת הטמונה באסירים אלה.,eval
מהו הגורם שהוביל לדרישה לענישה משמעותית במקרה זה?,כמות העבירות; איסוף המודיעין; השימוש באמצעים טכנולוגיים מתקדמים  מחייבות ענישה משמעותית.,eval
מדוע יש להחמיר בענישה כאשר מדובר בנאשם עם עבר פלילי דומה?,"קיים שיקול נוסף להחמרה ממשית, שכן המדובר במי ששב ונתפס בעבירה דומה תוך זמן קצר, ולא נרתע מלעבור העבירה גם כאשר תלוי ועומד כנגדו מאסר מותנה בר הפעלה.",eval
כיצד משפיעים התבחינים המצוינים על האפשרות להימנע מהרשעה במקרה של נאשם?,"התבחינים האמורים הם מצטברים, כלומר – אם אחד מהם אינו מתקיים – אין מקום לנקוט בחריג של הימנעות מהרשעה.",eval
מהי הסיבה להטלת מאסר מותנה מרתיע במקרה של החזקת כלי הנשק?,משלא הובררו עד תום מניעי הנאשם להחזקת כלי הנשק – מוצא בית המשפט גם להשית מאסר מותנה מרתיע.,eval
מהו הנימוק להחמרת הענישה במקרה של הנאשם בהחזקת נשק שלא כדין?,"הצורך בהחמרת הענישה נומק במספר הרב של העבירות, אם פליליות ואם כאלה נגד בטחון המדינה, שנעברו לאחרונה, באמצעות כלי נשק, ואף הביאו, לעיתים מזומנות, לפגיעה באזרחים בלתי מעורבים.",eval
כיצד משפיעה חומרת העבירה על ההימנעות מהרשעה?,"ממילא, ההימנעות מן ההרשעה הופכת לקשה יותר, ככל שהעבירה חמורה יותר וכאשר הנאשם ביצע יותר מעבירה אחת, ולאורך זמן.",eval
מהו השיקול המרכזי שהצביע על כשל ערכי עמוק אצל הנאשם במהלך העבירות?,"כאן, ראוי ליקח בחשבון מספר שיקולים: לחומרה - סדרתיות המעשים, אשר נמשכו לאורך תקופה, מצביעים על כשל ערכי עמוק אצל הנאשם, מבחינת דפוסי התנהגותו כאדם, כשוטר וכמפקד.",eval
מהו תפקיד האיום במערכת המשפט וכיצד הוא משפיע על חופש הביטוי?,"האיום הוא אפוא ביטוי שהמשפט מטיל עליו מגבלות תוך פגיעה בחופש הביטוי, וזאת כדי להגן על ערכים אחרים ובהם שלוות נפשו, ביטחונו וחירות פעולתו של הפרט.",eval
מהי עמדת בית המשפט לגבי הצורך בעונשים משמעותיים כדי להרתיע את הציבור?,"לדעת בית המשפט, על בית המשפט להרים את תרומתו לביעור הסיכון של הקטל בכבישים, אשר נגרם על ידי מי שאינו משווה לנגד עיניו את החובה לציית לחוק, ובעיקר את קדושת חייהם של המשתמשים בדרך, באמצעות עונשים משמעותיים שיהיה בהם כדי להרתיע את היחיד ואת הרבים.",eval
מהו הגיבוי שראוי להעניק לשוטרים כאשר הם מותקפים בעת מילוי תפקידם?,"שלום חייהם של השוטרים אינו הפקר, ועל בית המשפט ליתן להם הגיבוי המתאים כאשר מותקפים בעת שממלאים את תפקידם.",eval
מדוע אין לקבוע מתחמי ענישה שונים כאשר הנאשמים הואשמו בהחזקה בצוותא חדא?,"מקרה דנן, כאשר הנאשמים הואשמו בהחזקה בצוותא חדא, הרי ברי שאין לקבוע מתחמי ענישה שונים, ונסיבות הקשורות למי מהנאשמים יילקחו בחשבון בעת קביעת הענישה בגדרי המתחם.",eval
כיצד השפיעו מעשיה של הנאשמת על מערכת אכיפת החוק ועל שיתוף פעולה עם גורמים אלו?,"הנאשמת, במעשיה, הפגינה זילות במערכת אכיפת החוק, גרמה לנזק פיזי לשוטר ולסוהרת אותם תקפה, מעשיה עלולים היו לגרום לנזקים במבצעים עתידיים ושיתוף פעולה עם גורמי אכיפת החוק.",eval
כיצד תורם בית המשפט למלחמה באלימות בחברה?,"חברתנו הפכה להיות חברה אלימה, ותרומתו של בית-המשפט למלחמה באלימות היא בהטלת עונשים ראויים, שישקפו ערכים של תגמול והרתעה.",eval
מהו העיקרון המשפטי המנחה את בית המשפט במטרה להרתיע מפני עבירות רכוש?,"לא אחת נקבע, כי על בית המשפט להרתיע היחיד והרבים, כך שעבירות אלו יהפכו לבלתי כדאיות, ובכך למגר התופעה.",eval
כיצד מדגישים בתי המשפט את הערך הענישתי בעבירות סמים?,"מזה זמן רב, מדגישים בתי המשפט בפסיקתם את חשיבות הערך הענישתי בעבירות סמים כאחד הכלים החשובים בפעילות לביעורו של נגע הסמים.",eval
מהו הרף הנמוך של מתחם הענישה שנקבע לנאשם 2?,"בנוגע לנאשם 2 – לחובתו אין הרשעות קודמות, ועונשו יועמד על הרף הנמוך של מתחם הענישה.",eval
כיצד משפיעה התכנון המוקדם של העבירה על חובת הנאשם?,"לחובת הנאשם, יש לזקוף את העובדה, כי המדובר בעבירה, אשר נעברה לאחר מחשבה ותכנון מוקדם, תוך פניה לאשה הנוספת ועריכת הנישואין עמה.",eval
מהו המשמעות של עבירות אלו בהקשר לזלזול בערך שלום האדם?,"עבירות אלו מצביעות, הן על זלזול בערך של שלום האדם ושלמות גופו והן, על היעדר מורא מהחוק ומנציגיו – אנשי המרות – שוטרי משטרת ישראל.",eval
מהי הסיבה להטלת עונש מאסר משמעותי על הנאשם?,"עם כל ההבנה לנסיבותיו האישיות של הנאשם, בסופו של דבר, לאור הרצדיביזם בעיקר בעבירות רכוש, וכן בהעדר התגייסות מטעמו של הנאשם להליך טיפולי משמעותי – אין מנוס מהשתת עונש מאסר משמעותי, שיהיה בו כדי להגן על הציבור מפני פגיעתו הרעה.",eval
מהו המשקל של נסיבות המקרה בהקשר לעונש המוטל על הנאשם?,נסיבות אלה הן בעלות משקל לקולא כלפי הנאשם.,eval
מהו העיקרון המשפטי המנחה את פסיקת הפיצוי לנפגע העבירה ביחס ליכולת הכלכלית של הנאשם?,"כפי שנפסק לא פעם, פיצוי לנפגע העבירה, בהיותו סעד בעל מאפיינים אזרחים במסגרת המשפט הפלילי – אינו תלוי ביכולתו הכלכלית של הנאשם, ואף אין ליתן כלל משקל ליכולתו הכלכלית.",eval
מה המליץ שירות המבחן לגבי המשך שילובו של הנאשם במסגרת טיפולית?,"שירות המבחן אף המליץ, על המשך שילובו במסגרת טיפולית, שיהיה בה כדי לסייע בהפחתת הסיכון להישנות התנהגות עוברת חוק.",eval
מדוע הכספים שנגזלו מהקרבנות עשויים להיות משמעותיים עבורם?,"אף שסך הכספים שנגזלו מכל אחד מהקרבנות אינו גבוה, באופן יחסי – המדובר בכספים העשויים להיות משמעותיים לקשישים אלה, והיה בהם כדי להוות מזור כלשהו בשנות חייהם האחרונות.",eval
כיצד משפיע האינטרס השיקומי על שיקולי הענישה בעבירות רכוש?,האינטרס השיקומי הינו חלק ממכלול השיקולים אשר נלקחים בחשבון במסגרת שיקוליה ענישה.,eval
מדוע יש צורך במלחמה חורמה בתופעת הסמים ובחומרת הענישה כלפי המעורבים?,"על הצורך להילחם מלחמת חורמה בתופעה הזו, וחומרת הענישה שיש לנקוט כלפי המעורבים במערך הפצת הסמים, דובר רבות בפסיקה.",eval
מהו השיקול שייקח בית המשפט בחשבון לזכות הנאשם 2 בהקשר להודאתו באשמה?,"לזכות הנאשם 2 יקח בית המשפט בחשבון את הודאתו באשמה, הגם שבאה במסגרת הסדר טיעון.",eval
מהו המקום שבו ממקם בית המשפט את עונשו של הנאשם במתחם הענישה?,"במכלול השיקולים, מוצא בית המשפט למקם עונשו של הנאשם ברף התחתון של מתחם הענישה.",eval
מהו תפקיד העונש המינימלי במקרה של הרשעה בעבירה נגזרת של ניסיון?,"הגם שבמקרה דנן, בשל כך שהורשע הנאשם בעבירה נגזרת של נסיון – אין תחולה לעונש המינימלי – הרי מהווה הוא תמרור לקביעת מתחם הענישה.",eval
מהי הנסיבה שיכולה להילקח לזכות הנאשם במסגרת גזר הדין?,"אם תילקח נסיבה כלשהי לזכות הנאשם  תהיה זו הודאתו באשמה, שיש בה בבחינת נטילת אחריות מסוים על מעשיו.",eval
מהו תפקידו של בית המשפט בהרתעת הציבור מפני עבירת החזקת נשק שלא כדין?,"בשל פוטנציאל ההרס הטמון בכלי נשק, הכולל גם אפשרות לפגיעה עיוורת באנשים מן הישוב, מתפקידו של בית המשפט להרתיע אף מפני עבירת החזקת נשק שלא כדין.",eval
מהו העיקרון המנחה בענישה של נאשמים לפי מהות העבירה?,"אכן, ענישתו של נאשם היא אינדיבידואלית ועל ביהמ""ש לבחון ענינו של כל נאשם ונאשם בלי לקבוע את עונשו אך ורק על סמך מהות העבירה.",eval
"מהו המשקל שיש ליתן לאינטרס הציבורי בעבירות ריבוי נישואין, לפי בית המשפט?","בית משפט זה כבר קבע, כי בעבירות ריבוי הנישואין, יש ליתן משקל רב לאינטרס הציבורי ולהרתעת עבריינים בכוח.",eval
מהי הפגיעה הציבורית הנגרמת מעבירות סמים לפי בית המשפט?,"עבירות הסמים פוגעות פגיעה קשה באינטרס הציבורי, החל מפגיעה בבריאות הציבור, המתמכרים לסם וכלה בפגיעה ברכוש ולעתים בגוף, מתוך ניסיון של צרכן הסמים לממן את המנה הבאה.",eval
מהו תפקיד האיסור הפלילי במניעת ריבוי נישואין בעדות בהן הדבר מקובל?,"האיסור הפלילי נחוץ בעיקר למניעת ריבוי נישואין בעדות ובחברות בהן הדבר מקובל כלגיטימי, שבהן גם מעמד האשה נמוך וקיים חוסר שוויון בולט בין המינים.",eval
מהי עמדת בית המשפט לגבי הארכת המאסר המותנה במקרה זה?,"בית המשפט אינו סבור כי במקרה דנן, תהיה תוחלת להארכת המאסר המותנה, מה גם שלא הונחה לפני בית המשפט המלצה מתאימה מאת גורמי ההערכה המקצועיים.",eval
מדוע יש להטיל עונשי מאסר בפועל על עבירות החזקת נשק גם כאשר מדובר בעבירה ראשונה?,"בחומרת הסיכון הנשקף מעבירות אלה, מחייבות השתת עונשי מאסר בפועל בגין עבירות אלה וזאת גם כאשר המדובר, לכאורה, במי שמנהל אורח חיים נורמטיבי ואין לחובתו הרשעות קודמות.",eval
מהו הנימוק להחמרת הענישה במקרה של החזקת נשק חם?,"הצורך בהחמרת הענישה נומק במספר הרב של העבירות, אם פליליות ואם כאלה נגד בטחון המדינה, שנעברו לאחרונה, באמצעות כלי נשק, ואף הביאו, לעיתים מזומנות, לפגיעה באזרחים בלתי מעורבים.",eval
כיצד יש לבחון את המעשים המתקיימים במקרים של אלימות במשפחה?,"במטריה של אלימות במשפחה, טיבם של המעשים הנקודתיים אינו חזות הכל, אלא על בית המשפט לבחון אותם בהקשר רחב יותר.",eval
מדוע לא מצא בית המשפט לחרוג מהטווח שנקבע בהסדר הטיעון?,"דא עקא, במקרה דנן הגיעו הצדדים לידי הסדר טיעון הכולל טווח ענישה מוסכם, ולנוכח השיקולים שפורטו בטיעוני הצדדים לעונש, אין בית המשפט מוצא לחרוג מהטווח שנקבע במסגרת ההסדר.",eval
מדוע יש הצדקה להטיל עונשי מאסר בפועל גם על עבירת החזקת נשק ראשונה?,יוער כי הסכנה הטמונה בעבירה החמורה של החזקת נשק מצדיקה הטלת עונשי מאסר לריצוי בפועל גם על מי שזו עבירתו הראשונה.,eval
מהו מתחם הענישה הראוי שנקבע בגין עבירה של ריבוי נישואין?,"בשמים לב להתרחבות התופעה של נישואין פוליגמיים, ובשים לב לכך, שבמקרים מסוימים, התופעה אף מהווה, כאמור, בבחינת סמל סטטוס, ומאפיינת בעלי ממון - מוצא בית המשפט, כי מתחם הענישה הראוי בגין עבירה זו – מן הדין שינוע בין 9 חודשי מאסר בפועל לבין 24 חודשי מאסר בפועל, בצירוף עונש מאסר מותנה ועיצומים כספיים משמעותיים, הן במישור המעשה והן עיצומים צופים פני עתיד.",eval
מדוע יש לראות בניסיון פריצה פגיעה בפרטיותו של אדם?,"על כן, גם כשמדובר בניסיון פריצה מסוג זו, ישנה הפרה בוטה של פרטיותו של אדם.",eval
כיצד משפיעה החזקת נשק לצורך הוכחת גבריות על החמרת הענישה?,"החזקת נשק לצורך הוכחת גבריות ודימוי עצמי בדרך כלל הייתה מוצגת לראווה ולא מוסלקת וחבויה, ולכן יש בכך כדי להצביע לכיוון החמרה בענישה.",eval
כיצד פועלים שוטרי משטרת ישראל למען ביטחון הציבור ומהי חובתנו כלפיהם?,"שוטרי משטרת ישראל, כמו אנשי שאר זרועות הביטחון, עושים לילות כימים למען שמירה על ביטחון הציבור, ועל כן מחויבים אנו לעשות ככל שניתן על מנת להגן עליהם מפני מי שמנסים להלך עליהם אימים ולפגוע בעבודתם החשובה, אשר נעשית למען כלל הציבור ולהבטחת ביטחונו האישי.",eval
מדוע לא ניתן להקל בעונש על הנאשם במקרה זה?,"לאור כך – לא ניתן להקל עמו באופן בו יקל בית המשפט ויושיט את ידו, במקרים המתאימים, בהם עברו נאשמים הליך טיפולי משמעותי שהביא להפחתת הפוטנציאל הסיכון מהם כלפי החברה וכלפי נפגעים פוטנציאליים נוספים.",eval
מהו השיקול המרכזי שהוביל את בית המשפט לגזור את עונשם של הנאשמים בתחתית מתחם הענישה?,"במכלול השיקולים, ולאור כך שמדובר בנאשמים צעירים, אשר עברו העבירות בגילאים 18 – 20, ואין לחובת מי מהם הרשעות קודמות, מוצא בית המשפט לגזור את עונשם בתחתית מתחם הענישה.",eval
כיצד משפיעה ההיכרות בין הנאשמת לקורבנות על חומרת העבירה?,"משנה חומרה לכך, כאשר המדובר בכניסה לביתם של מי שהיו מוכרים לנאשמת דנן – שכניה ממש – אנשים מבוגרים (בני זוג מבוגרים, שעמם התגוררה גם סבתא קשישה).",eval
מהן הנסיבות שיכול בית המשפט לשקול בעת קביעת מתחם הענישה לפי סעיף 40 לחוק העונשין?,"בהתאם להוראות סעיף 40 לחוק העונשין, תשל""ז – 1977, בבואו של בית המשפט לקבוע מתחם ענישה, רשאי לקחת בחשבון מכלול שיקולים, בין היתר, נסיבות ביצוע העבירה; משך ההתנהגות העבריינית; מידת הפגיעה בערכים המוגנים; וכן, שיקולים נוספים.",eval
מהי המטרה המרכזית במאבק נגד סחר בסמים מסוכנים?,"המטרה היא להילחם בנגע הסמים ובייחוד במי שמפיצים סם מסוכן, שכן לסחר בסמים מסוכנים השלכות רבות ומגוונות.",eval
מדוע לא היה מקום להחמרה בלתי פרופורציונאלית בענישה במקרה זה?,"על כן, אין מקום להחמרה בלתי פרופורציונאלית בענישה, בבת אחת, מבלי שהיה בידי הציבור להפנים מגמה זו.",eval
מהו הצורך באכיפה רחבה וענישה מרתיעה בעבירות ריבוי נישואין?,"במצב דברים זה, האיסור הפורמאלי נחוץ ודרושה אכיפה רחבה וענישה מרתיעה.",eval
מהו תפקיד המלצת תסקיר שירות המבחן בהליך הענישה של הנאשם?,"ראוי לשוב ולהזכיר, כי המלצתו של תסקיר שירות המבחן הינה בגדר המלצה, כשגזירת הדין שמורה לשופט, שאינו רשאי להתנצל מחובתו להעניש.",eval
מהו היבט נוסף שעל בית המשפט לשקול מעבר לעניינו של הנאשם?,"לא רק עניינו של  המשיב עומד בפני בית המשפט, אלא גם עניינו של הקורבן ועניינו של הצבור כי מערכת אכיפת החוק תנקוט בצעדים ממשיים למיגור תופעת האלימות, עמה אין חברה מתוקנת יכולה להשלים.",eval
"כיצד השפיעה התנהגות הנאשם, כולל הסטירה לשוטר, על ההחלטה של בית המשפט?","זאת, מאחר שהמדובר במעשה מתוכנן, במסגרתו חתר הנאשם למגע ובאופן התנהגותו, לרבות הסטירה לשוטר בפרצופו 	6 היה משום השפלה מכוונת כלפי השוטר.",eval
מהי הסיבה לכך שמעשיהם של הנאשמים מחייבים פיצוי לשוטרים הנפגעים?,"מעשיהם של הנאשמים מחייבים גם פיצוי הולם, שיהיה בו משום הכרה בנזקים שגרמו לשוטרים, נפגעי העבירה.",eval
מהי ההשפעה של עבירות נגד הרכוש על סדר הציבורי ותחושת הבטחון?,עבירות נגד הרכוש מביאות לפגיעה של ממש בסדר הציבורי ובתחושת הבטחון.,eval
מהי עמדת בית המשפט המחוזי לגבי החומרה של הברחת ציוד תקשורת לכלא?,"בית המשפט המחוזי, בשבתו כבית משפט לערעורים פליליים, הרכב כב' אב""ד הנשיא י' אלון, ציין, כי מקובלת עליו דעתו של בית המשפט קמא בדבר החומרה היתרה הנודעת להברחת ציוד תקשורת לתוך הכלא ולאגף בטחוני בכלא בפרט ומצא את העונש שנגזר ""הולם את חומרת המעשה"".",eval
מהו המצב שבו ניתן להפעיל הגנה מן הצדק בעצימות נמוכה יותר בבית המשפט?,"כאשר עולות לפני בית המשפט עובדות, אשר אינן מקימות הגנה ""קלאסית"" מן הצדק, אך מצביעות על התנהלות בעייתית של הרשות – קמה הגנה מן הצדק בעצימות נמוכה יותר, המצדיקה הקלה בעונש.",eval
מהי המשמעות של ההמלצה במקרה זה ביחס למתחם הענישה המקובל?,בהמלצה זו יש כדי לחרוג ממתחם הענישה המקובל.,eval
מהי הפגיעה שנגרמת מהעבירות החמורות שביצע המבקש?,"העבירות שביצע המבקש הינן עבירות חמורות, אשר, כפי שציין בית-משפט השלום, פוגעות פגיעה קשה הן בזכויות המתלוננים והן בכלל הציבור.",eval
מהו הנטל המוטל על הנאשם להוכחת פגיעה עתידית בעקבות הרשעתו?,"שנית – על הנאשם להוכיח פגיעה קונקרטית העלולה להיגרם לעתידו המקצועי, שהיא בלא יחס לתועלת החברתית שתצמח מהרשעתו בדין.",eval
מה מלמדות הרשעותיו הרבות של הנאשם על התנהגותו בכביש?,"הרשעותיו הרבות בעבירות התעבורה השונות מלמדות, כי הנאשם הלך והסלים התנהגותו הפרועה עד לכדי נהיגה פוחזת בלב העיר באר שבע, כאשר בידו לקפח חיי אדם.",eval
אילו שיקולים השפיעו על בית המשפט להחמיר בעונש הנאשם?,"בבחינה כוללת של השיקולים לחומרא ולקולא, מוצא בית המשפט ליתן הדגש על אופן התנהלותו של הנאשם לרבות מאפיני אישיותו כפי שהוערכו על ידי הגורם המקצועי, אי נטילת אחריות והשלכת האשם על הקרבן.",eval
"כיצד משפיע מצבו האישי של הנאשם על גזר הדין, לפי תסקיר שירות המבחן?","עוד יקח בית המשפט בחשבון, מצבו האישי של הנאשם, לרבות היותו מטופל בבן הסובל ממגבלה, כפי שפורט בתסקיר שירות המבחן, ובדברי ההגנה והנאשם במסגרת פרשת העונש.",eval
מהן הסכנות החדשות שמחייבות את המשפט להתאים את עצמו לתרבות העבריינית של הרשת?,"אלו הסכנות החדשות, והמשפט צריך אפוא להתאים עצמו להתמודד עם תת-התרבות העבריינית של הרשת.",eval
"מהי הגישה המומלצת בענישה על עבירות רכוש, ובפרט על עבירות התפרצות לבתים?","בית משפט זה חזר והזהיר והתריע פעמים רבות, כי תינקט גישה מחמירה בענישה על עבירות רכוש בכלל ועל עבירות ההתפרצות לבתים בפרט, גישה אשר תציב הגנה משמעותית ויעילה יותר לביטחונם של אזרחים תמימים, ואשר תעניק את המשקל הראוי גם למחיר הנפשי והצער שמוסבים להם בשל החדירה לפרטיותם.",eval
מדוע מדיניות של ענישה מכבידה בגין עבירות אלימות נגד שוטרים נחשבת לראויה?,מדיניות של ענישה מכבידה ומרתיעה בגין עבירות אלימות נגד שוטרים משרתת אינטרס זה ועל כן היא ראויה.,test
מהי המשמעות של הרשעות קודמות בעבירות כלפי אנשי מרות לגבי תפיסת הנאשם את שלטון החוק?,"לחובת הנאשם, הרשעות בעבירות קודמות כלפי אנשי מרות, אשר יש בהן כדי ללמד עוד על תפישותיו כלפי שלטון החוק וגורמי האכיפה.",test
מדוע לא ניתן לקבוע שהמקרה קל יותר ממקרים אחרים של עבירות אלימות?,"אין בידי בית המשפט לקבל הטענה, כי המקרה דנן קל יותר מאשר מקרים בהם הופעל כח או הופעלו איומים על מתלוננים בגין עבירות אלימות או עבירות אחרות.",test
מהי הקביעה של המחוקק בנוגע לביטוי הענישה בפועל?,קביעה זו של המחוקק - מן הדין שתבוא ידי ביטויה גם בקביעת הענישה בפועל.,test
מהי הסיבה לכך שהימנעות מהרשעה במקרה זה נוגדת את הכללים שנקבעו בפסיקה?,"מוצאים אנו, עם כל הצער שבדבר, כי הימנעות בית משפט השלום מהרשעת המשיבה במעשי העבירה שבוצעו על ידה, כמפורט בשני האישומים בהם הודתה, הימנעות זו נוגדת את הכללים והמבחנים שנקבעו בפסיקה לענין אותם החריגים, שבהם ורק בהם, יש מקום להימנע מהרשעה.",test
מהו השיקול שהוביל את בית המשפט לחרוג לקולה ממתחמי הענישה שנקבעו?,"במצב דברים זה, מוצא בית המשפט, כי ניתן לחרוג לקולה ממתחמי הענישה שנקבעו, מטעמי שיקום.",test
מהו השיקול להטלת עיצומים כספיים על הנאשם בעקבות עבירות הסמים?,על הנאשם יוטלו עיצומים כספיים  לאור שווים הגדול של הסמים שנתפסו וכן לנוכח המניע הכלכלי שמאחורי עבירות הסמים.,test
מהו הצורך המשפטי שהדגיש בית המשפט במאבק נגד האלימות בישראל?,"בית המשפט עמד, לא פעם, על הצורך להילחם בנגע האלימות הפושה בארצנו באמצעות ענישה מרתיעה, בדרך של נקיטה ביד קשה, במישור המעשה, ולא במישור הרטורי בלבד.",test
אילו נסיבות לחומרה יש לקחת בחשבון במקרה של נהיגה פסולה?,"בנסיבות המפורטות בכתב האישום, כאשר הנאשם לא רק נהג בהיותו פסול לנהיגה על ידי בית משפט, אלא, קיימות מספר נסיבות לחומרה: הוא מעולם לא הוציא רישיון נהיגה; הנהיגה היתה ברכב משא ולא ברכב פרטי, על פוטנציאל הסיכון הגבוה הנובע מכך; הנהיגה היתה בכביש בין עירוני; הנהיגה היתה בשעת לילה מאוחרת –  מוצא בית המשפט לקבוע מתחם ענישה הנע בין 6 ועד 24 חודשי מאסר בפועל.",test
אילו תקופות יש לקחת בחשבון בעת קביעת הענישה של הנאשם?,"עוד יקח בית המשפט בחשבון, את התקופה בה שהה הנאשם במעצר בין כתלי בית האסורים וכן התקופה הארוכה, בה שוהה במעצר בפיקוח אלקטרוני.",test
מדוע קבע המחוקק את העבירה כעבירה מסוג פשע עם עונש של עד חמש שנות מאסר?,"מתוך החשיבות שמייחסת החברה למוסד זה, מצא המחוקק להגדיר העבירה דנן כעבירה מסוג פשע ולקבוע בצדה עונש עד חמש שנות מאסר.",test
מהי עמדת בית המשפט לגבי קביעת סכום פיצוי לנפגע עבירה?,"שעה שבית משפט – כבמקרה דנן – מתקרב בקביעתו לסכום זה, אין בכך דופי, שהרי לא בכדי קבע המחוקק את אשר קבע, וכדברי השופט ד' חשין בע""פ 10213/05 פלוני נ' מדינת ישראל [פורסם בנבו] ""נזק כללי, וסבל בכלל זה, אין מוכיחים שיעורו, והוא עניין להערכתו של בית המשפט"".",test
כיצד פורטו נזקיה של המתלוננת בתסקיר ומה השפעתם על החלטת בית המשפט?,נזקיה של המתלוננת פורטו באריכות בתסקיר ובית המשפט אינו יכול להישאר אדיש למכאוביה הפיזיים והנפשיים.,test
מהי הסיבה להטלת מאסרים מותנים מרתיעים על הנאשם?,"כמובן, מוצא בית המשפט להטיל מאסרים מותנים מרתיעים, לבל יהין הנאשם לעבור שוב עבירות דומות.",test
מדוע החזקת נשק עלולה לפגוע בשלטון החוק?,"בנוסף, החזקת נשק כאמור עלולה להביא לפגיעה בשלטון החוק ובנושאי שלטון החוק, המבצעים את תפקידם.",test
מהי הסיבה להטלת פיצוי משמעותי לנפגע העבירה?,עצימותם של הנזקים מצדיקה השתת פיצוי משמעותי.,test
מהו הסיכון הציבורי הנובע מהחזקת נשק ותחמושת על ידי מי שאינו מוסמך לכך?,"החזקת נשק ותחמושת על ידי מי שלא נבדק, לא נמצא מתאים ולא הוכשר לכך, בתנאים שאינם מבטיחים בידודו של הנשק מהסביבה (כיום מי שמחזיק נשק ברשיון נדרש לאפסנו בכספת מאובטחת, מאחורי שני מנעולים), עלולה להביא לסיכון שלום הציבור, גם אם אין ראיות שהוחזק לצורך פעילות שלילית, כמפורט לעיל.",test
מהו העיקרון המנחה לגבי הענישה של הפותרים סכסוכים באמצעות סכינים?,על העונש לבטא את מגמת הפסיקה לפיה יש להחמיר בעונשם של אלה הפותרים סכסוכים באמצעות סכינים.,test
מדוע עדר תגובה נחרצת של מערכת אכיפת החוק עלול להוביל לאנרכיה?,עדר תגובה נחרצת של מערכת אכיפת החוק בנוגע אליהן עלולה להביא לאנרכיה וגם לתופעות של נטילת החוק לידי האזרחים.,test
מהו הנימוק לכך שאין מקום לחריגה לקולא בעבירות חמורות אלו?,"לפיכך, לא היה מקום לחריגה לקולא ממתחם הענישה, משיקולי שיקום.",test
"מהו פוטנציאל הסיכון בהעברת ציוד רט""ן לעברין עם תפישות אידיאולוגיות קיצוניות?","פוטנציאל הסיכון הנובע מהעברת ציוד רט""ן לעברין מסוג זה, אשר בעבר הוכיח כי אינו נרתע מלממש את תפישותיו האידיאולוגיות הקיצוניות במישור המעשה ולפגוע בחפים מפשע, מחיב הטלת ענישה על הצד הגבוה של המתחם.",test
כיצד השפיעה העובדה שהסם הוחזק בתוך כתלי הכלא על קביעת מתחם הענישה?,"בית המשפט עיין בפסיקה שהוגשה מטעם ההגנה, אולם, זו לא מתייחסת להחזקת הסם בתוך כתלי הכלא, נסיבה אשר מהווה משנה חומרה בעת קביעת מתחם הענישה.",test
מהו ההיבט המחריף של הכשל הערכי במקרה של הנאשם באישום השביעי?,"עצימותו של הכשל הערכי מתגברת לנוכח מעשיו של הנאשם כפי המתואר באישום השביעי, תוך ניצול מעמדו כלפי המתלוננת נפגעת העבירה, וניצול מצב הדחק בו היתה מצויה.",test
מהי הסיבה לכך שבית המשפט החליט למקם את עונשו של הנאשם ברף התחתון של מתחם הענישה?,"הגם שראוי היה למקם את עונשו של הנאשם בחלקו האמצעי של המתחם, כי לאור נטילת האחריות; הירתמותו להליך הטיפולי; והשינוי הנטען שערך הנאשם באורחות חייו, מוצא בית המשפט למקם את עונשו ברף התחתון של מתחם הענישה, ולהפעיל את המאסרים המותנים.",test
מהו העיקרון המנחה לגבי העונש המוטל על נאשם זה בהשוואה לעונש האב?,"לו היו מיוחסות לשני הנאשמים אותן עבירות – הרי ראוי היה להשית על נאשם זה עונש שאינו גבוה מהעונש שהוטל על האב, אם לא נמוך ממנו.",test
מדוע יש להחמיר את הענישה על מחזיקים סמים שלא לצריכה עצמית?,"אין מנוס מהכבדת היד על המחזיקים סמים שלא לצריכה עצמית, שכל בר דעת מבין כי נועדו לצריכת הזולת, קרי, להוספת שמן על מדורת הסמים אשר להבותיה אופפות רבים וטובים, או רבים שהיו טובים.",test
מהו הנימוק להחמרת הענישה במקרה זה?,"הצורך בהחמרת הענישה נומק במספר הרב של העבירות, אם פליליות ואם כאלה נגד בטחון המדינה, שנעברו לאחרונה, באמצעות כלי נשק, ואף הביאו, לעיתים מזומנות, לפגיעה באזרחים בלתי מעורבים.",test
כיצד משפיעה זמינות הנשק בידי בלתי מורשים על ביצוע עבירות חמורות נוספות?,"לנוכח היקפן המתרחב של עבירות המבוצעות בנשק, הזמינות הבלתי נסבלת של נשק בידי מי שאינו מורשה לכך, מהווה כאמור סיכון של ממש ומגבירה את הסיכון לביצוע עבירות חמורות נוספות כמו גם לאסונות נוראיים.",test
מדוע אין משקל ליכולת הכלכלית של העבריין בעת קביעת הפיצוי לנפגע העבירה?,"בניגוד לרכיב הקנס, בעת קביעת הפיצוי, אין משקל ליכולת הכלכלית של העבריין, וזאת מהנימוקים הבאים: פיצוי נפגע העבירה מהווה סעד בעל אופי אזרחי במסגרת ההליך הפלילי.",test
מהי הסיבה לכך שהמלצת שירות המבחן אינה מתאימה למעשים בהם הורשע הנאשם?,"המלצת שירות המבחן חורגת משמעותית ממתחם הענישה ואין בה בבחינת תגובה הולמת למעשים בהן הורשע הנאשם, שאינם בגדר מעידה חד פעמית וכאשר המדובר בעבירות שנעברו בחבורה, בשום שכל ולאחר תכנון.",test
מהו המצב שהוביל לכך שהנאשם לא נרתע מלעבור עבירות דומות או חמורות יותר?,אף באלו לא היה כדי להרתיע הנאשם מלעבור עבירות דומות ואף חמורות יותר.,test
כיצד משפיעה חמורה העבירה על ההימנעות מהרשעה במקרה של עבירות מרובות?,"ההימנעות מן ההרשעה הופכת לקשה יותר, ככל שהעבירה חמורה יותר וכאשר הנאשם ביצע יותר מעבירה אחת, ולאורך זמן.",test
כיצד עבירות הסמים פוגעות באינטרס הציבורי לפי פסיקות קודמות?,"עבירות הסמים פוגעות פגיעה קשה באינטרס הציבורי, החל מפגיעה בבריאות הציבור, המתמכרים לסם וכלה בפגיעה ברכוש ולעתים בגוף, מתוך ניסיון של צרכן הסמים לממן את המנה הבאה.",test
מדוע ישנה חשיבות מיוחדת למניעת אלימות מצד נציגי החוק ושיבוש הליכי משפט?,"הדבר נכון הן בהתיחס להפעלת אלימות קשה ופוגענית כלפי אזרחים, על ידי מי שמשמשים כנציגי החוק; על אחת כמה וכמה בנוגע לשיבוש הליכי משפט, באופן שיטתי ומתוחכם, או בשימוש לרעה בכח המשרה.",test
מהו תפקידו של בית המשפט במאבק בתופעת הסחר בסמים והשפעתה על החברה?,"בית המשפט נדרש לתרום חלקו למאבק בתופעה זו, המטה אנשים לכיוון חיים שוליים, שאינם עמלניים ואינם יצרניים.",test
מהי הסכנה החדשה שהמשפט צריך להתמודד עמה בעקבות תת-התרבות העבריינית של הרשת?,"אלו הסכנות החדשות, והמשפט צריך אפוא להתאים עצמו להתמודד עם תת-התרבות העבריינית של הרשת.",test
מדוע נחשבת הענישה הגופנית כלפי ילדים כפסולה לחלוטין?,"ענישה גופנית כלפי ילדים, או השפלתם וביזוי כבודם כשיטת חינוך מצד הוריהם, פסולה היא מכול וכול, והיא שריד לתפיסה חברתית-חינוכית שאבד עליה כלח.",test
כיצד משפיע אופי העבירה על האפשרות להימנע מהרשעה במקרה זה?,"צירוף העובדות יחדיו מוביל לדעתנו למסקנה כי כבר בשלב זה של בחינת הדברים אין המדובר בסוג של מעשים ועבירות, המבוצעים על ידי אדם בוגר החב אמון למעבידו, שניתן להחריגם מהכלל ולהוציאם לתחומי החריג הנדיר של הימנעות מהרשעה.",test
מהו הנימוק העקרוני לחומרה בעבירה שביצע הנאשם כלפי איש ציבור נבחר?,"אין ספק, כי מן הפן העקרוני, קיים נופך של חומרה לסוג העבירה שעבר הנאשם, וזאת היות שהאיומים כוונו כלפי איש ציבור נבחר, על רקע תפקידו.",test
כיצד משפיעות נסיבותיו האישיות של הנאשם על האינטרס הציבורי במקרה זה?,"בכל מקרה – לנוכח טיב העבירות, כאמור לעיל, במסגרת פעילות עבריינית מאורגנת, מתוכננת ומתוחכמת – נסוגות אחור נסיבותיו האישיות של הנאשם מפני האינטרס הציבורי.",test
"מהי החומרה הרבה שיש לראות בעבירות הקשורות בנשק, כפי שנציין על ידי בית המשפט?","בית המשפט המחוזי, בשבתו כבית משפט לערעורים פליליים, הרכב בראשות הנשיאה כב' השופטת ר' יפה-כץ, ציין: בית המשפט קמה ציין ובצדק, את החומרה הרבה שיש לראות בעבירות הקשורות בנשק, ואף בצדק ציין, כי בית המשפט מצווה להחמיר את הענישה בעבירות כגון אלה, כדי להגן על הציבור.",test
מדוע חשוב שהשוטרים יוכלו למלא את תפקידם ללא מורא ופחד?,אינטרס הציבור מחייב אפוא ששוטרים יוכלו למלא את תפקידם ללא מורא ופחד.,test
מה על בית המשפט לקחת בחשבון בעת קביעת מתחם הענישה?,"בעת קביעת מתחם הענישה, על בית המשפט לקחת בחשבון את הערכים שנפגעו; מידת הפגיעה בהם; הנסיבות הקשורות בביצוע העבירה; הנזקים שנגרמו בעקבות העבירה; מדיניות הענישה הנוהגת, תוך שינויים מתאימים למקרה דנן; ושיקולים נוספים.",test
מהי ההקלות שניתנות לנאשם בעקבות הודאתו באשמה?,"בית המשפט מוצא להפעיל את המאסרים המותנים בחופף זה לזה, כשלנוכח הודאת הנאשם באשמה, תינתן לו הקלה, במסגרתה יופעלו כך שחודשיים מתוכם בלבד יצטברו לעונש שהוטל על הנאשם.",test
מהו הממצא לגבי עונשי המאסר שהוטלו על הנאשם והשפעתם עליו?,"ניכר, כי עונשי המאסר שהוטלו על הנאשם, לא היוו עבורו גורם מרתיע ומציב גבול.",test
מהו ההסבר לכך שבית המשפט לא יחרוג לחומרה מהמתחם שהציעה התביעה במקרה זה?,"משעתרה התביעה למתחם שהרף העליון שלו נמוך יותר  במקרה דנן, לא ישים בית המשפט עצמו קטיגור ולא יחרוג לחומרה מהמתחם אליו עתרה התביעה.",test
מהו העונש המומלץ לעוברי עבירה של ריבוי נישואין לפי בית המשפט המחוזי?,"כמו כן, כפי שקבע בית המשפט המחוזי – ראוי להשית על עוברי עבירה זו עונש מאסר בכליאה ממשית.",test
מהי הגישה המשותפת לפסקי הדין בנוגע לשימוש בנשק לפתרון מחלוקות?,"הגישה המשותפת לפסקי הדין שדנו בשימוש בנשק קר או חם לפתרון מחלוקות, היתה אחידה: יש להלחם בתופעה של אלימות מסוכנת זאת, על כל השלכותיה על החברה הישראלית.",test
מהי הסיבה להקל בעונש המאסר במקרה זה?,"למרות שראוי היה להשית עונש מאסר בפועל בכליאה ממשית – לפנים משורת הדין, יתיר בית המשפט לנאשם זה ריצוי המאסר בדרך של עבודות שירות.",test
מהי הסיבה לחומרה המיוחדת שבמעשה העבירה של גניבה בידי מורשה?,"הפגיעה בשני ערכים אלה במשולב היא היוצרת את החומרה המיוחדת שבמעשה העבירה, המצדיקה ענישה מחמירה.",test
כיצד נדרש להכביד את הענישה על עבריינים הפונים לדרכי אלימות?,במסגרת מלחמה זו שומה על בתי המשפט להכביד את הענישה על עבריינים אלו.,test
מדוע הנאשם אינו כשיר לעסוק במקצוע עריכת הדין?,"בלעדי אלה לא רק שאינו רשאי לעסוק במקצועו, אלא שאינו כשיר לכך; כמוהו כמנתח שבשל ליקוי גופני כלשהו אינו יכול להחזיק בידיו בכלי הניתוח (ההדגשה אינה במקור).",test
מהו ההסבר המשפטי לכך שהכניסה לישראל שלא כדין פוגעת בביטחון המדינה?,"ניתן להקיש כי הכניסה לישראל שלא כדין ומבלי היתר פרטני פוגעת בבטחון המדינה, בזכותה לקבוע את הבאים בשעריה ועלולה להגדיל את הסיכון לפשיעה מצד אלו ששוהים בה לא כדין.",test
מהן ההשלכות הציבוריות של המעשים שביצע הנאשם על כלל האוכלוסייה?,"המדובר במעשים הפוגעים בכלל הציבור, הן לאור הכבדת הנטל הכלכלי, הרובץ על כלל האוכלוסיה במדינה, בכך שמביאים לעליית פרמיות הביטוח; הן לאור בזבוז המשאבים והזמן של גורמי השיטור והחקירה, אשר נדרשים להקצות משאבים לבירור תלונת שווא, משאבים אשר, מטבע הדברים, באים על חשבון חקירות אחרות, שנפתחו בגין תלונות אמת.",test
מהו הכיוון הכללי של הענישה שניתן להצביע עליו לאור נסיבות המקרה?,נסיבות אלה מצביעות לכיוון הקלה מסוימת במסגרת מתחם הענישה.,test
מהי דעת השופט מ' קרשן לגבי העונשים שנגזרו על עבירות לפי סעיף 400 לחוק?,"לדעת כב' השופט מ' קרשן בגזר הדין אבו זמירו שלעיל (עמ' 7 פסקה 16): דעתי היא כי העונשים שנגזרו עד כה על אלה שחטאו בביצוע עבירות לפי סעיף 400 לחוק, גם באותם מקרים בהם מדובר היה במעשים של אזרחים מן השורה, היו עד כה קלים מדי, וזאת לפחות באותם מקרים בהם הוכחה שיטתיות.",test
מדוע ישנה חשיבות להגן על הקטינים בהקשר לעבירות פליליות?,"זאת, לאור חולשתם של הקטינים והאפשרות המזומנת לעבריינים לנצל חולשה זו.",test
מהו מתחם הענישה שנקבע על ידי בית המשפט בעבירות החזקת סמים?,"בנסיבות אלה, מוצא בית המשפט לקבוע מתחם ענישה, הנע בין 20 ועד 50 חודשי מאסר בפועל, בגין החזקת סמים מהסוגים שנתפסו, בכמויות שנתפסו, הן לצריכה עצמית והן שלא לצריכה עצמית, לצד כלים להכנת סמים.",test
מהו המאפיין המרכזי של העבירה שעבר הנאשם ביחס לשלטון החוק ואנשי אכיפת החוק?,העבירה שעבר הנאשם מצביעה על זלזול בשלטון החוק ועל עזות מצח כלפי אנשי אכיפת החוק.,test
מהי הדרישה לגבי הענישה על עבריינים המשתמשים באלימות?,במסגרת מלחמה זו שומה על בתי המשפט להכביד את הענישה על עבריינים אלו.,test
כיצד השפיעו תסקירי שירות המבחן על החלטת בית המשפט לחרוג לקולא מהמתחם?,"במקרה דנן, לנוכח הנסיבות המפורטות בתסקירים מטעם שירות המבחן; לנוכח הערכת שירות המבחן בדבר סיכוי ממשי לשיקומו של הנאשם ולנוכח כך שהוצגה תכנית טיפולית מסודרת והנאשם אף החל השתלבותו בה למשך תקופה ממשית – הרי חרף עברו הפלילי של הנאשם, מוצא בית המשפט לחרוג לקולא מהמתחם, וזאת על מנת לאפשר לנאשם להשלים ההליך הטיפולי, מה שבסופו של דבר עשוי לבוא לתועלת החברה כולה ולא רק לטובת הנאשם עצמו.",test
מדוע לא ניתן להשיג את מטרת ההרתעה בעונש שאינו מאסר בפועל?,לא ניתן להשיג מטרה זו בעונש שאינו מאסר בפועל.,test
מהו העונש שהוטל על הנאשם לאחר שקלול מכלול השיקולים?,"לאחר שבית המשפט לקח בחשבון מכלול השיקולים, מוצא בית המשפט לאמץ את חוות דעתו של גורם ההערכה המקצועי – שירות המבחן - ולהעמיד את ענשו של הנאשם על הצד הנמוך של מתחם הענישה, קרי: עונש מאסר צופה פני עתיד, בתוספת רכיב ענשי משמעותי, בעולם המעשה, בדמות צו שירות לתועלת הציבור וכן פיצוי לנפגעות העבירה.",test
מדוע אינטרס הציבור מחייב ששוטרים יוכלו למלא את תפקידם ללא מורא?,אינטרס הציבור מחייב אפוא ששוטרים יוכלו למלא את תפקידם ללא מורא ופחד.,test
כיצד תינתן הקלה לנאשם בעקבות הודאתו באשמה?,"ולנוכח הודאת הנאשם באשמה, על אף השלב הדיוני בו נמסרה, תינתן אף הקלה מסוימת מהרף העליון הנ""ל.",test
כיצד משפיעה סמיכות הזמנים והאופי של הכניסות על קביעת מתחם הענישה?,"בנסיבותיו של המקרה דנן, כאשר המדובר בשתי כניסות לאותה הדירה, בסמיכות זמנים יחסית, בפעם אחת – תוך התפרצות לדירה ובפעם הקודמת לה בדרך של הסגת גבול בלבד – יקבל בית המשפט את עתירת ההגנה לראות במעשים בבחינת פרשה אחת, ויעמיד את מתחם הענישה הכולל בין 6 חדשי מאסר בפועל לריצוי בדרך של עבודות שירות ועד ל – 15 חודשים.",test
מהו השיקול המרכזי שצריך לקחת בחשבון מעבר לעצימות הנזק הפיסי במקרה של פציעה?,"אכן, במקרים רבים שענינם פציעה באמצעות סכין – נגרמו נזקים פיסיים קשים יותר מאשר במקרה דנן, ואולם, עצימותו של הנזק הפיסי איננה הנתון היחיד שעל בית המשפט ליקח בחשבון, שכן, כפי שפורט לעיל, אין מחלוקת, שנגרם במקרה דנן, נזק נפשי משמעותי ביותר.",test
כיצד משפיעה הודאת הנאשם על תהליך העדות של נפגע העבירה בתסקיר שהוגש?,"לזכות הנאשם, תילקח הודאתו באשמה, אשר, במקרה דנן, היה בה כדי לחסוך מנפגע העבירה את העמדתו על דוכן העדים, על כל המשתמע מכך, בשים לב להתרשמות המפקחת על נפגעי העבירה בתסקיר שהוגש.",test
מדוע בעבירת התפרצות קיים פוטנציאל להתפתחות לעבירות חמורות יותר?,"ובכלל, בעבירת התפרצות טמון פוטנציאל להתפתחות אלימה, והיא יכולה להתגלגל בנקל לעבירת שוד ואלימות...",test
מהו העונש המומלץ לעבירות של מסירת הודעה כוזבת וקבלת דבר במרמה?,"אשר לעבירות, שעניינן מסירת הודעה כוזבת בנוגע לגניבת רכב או לתאונת דרכים או לזהות הנוהג ברכב, ביחד עם העבירה של קבלת דבר במרמה – נקבע, לא פעם, כי המדובר בעבירות המחייבות מאסר בפועל, בכליאה ממשית, וזאת על מנת להציב רף ענישה ברור וחד משמעי, אשר הולם את העבירות, ואף להרתיע עבריינים בכוח.",test
"מדוע יש להחמיר את הענישה בעבירות שהפכו ""מכת מדינה""?","על בית המשפט להגיב להתפתחויות בשטח, כאשר עבירות ההופכות ""מכת מדינה"" מצדיקות החמרה בהתייחסות אליהן, אשר יהיה בה כדי להעביר מסר ברור לעבריינים, כי בית המשפט ינקוט ביד קשה ואפס סובלנות לעבירות אלו.",test
מדוע לא ניתן לראות בנימוקי הנאשם הצדקה לאחזקת כלי נשק בלתי חוקיים?,"הרי לא יכולה להיות מחלוקת, כי אין בכך בבחינת הצדקה לאחזקה של כלי נשק בלתי חוקיים, ואין צורך להכביר מילים, על סכנת הפגיעה באזרחים חפים מפשע כתוצאה מירי בלתי מבוקר, גם אם הירי היה באירוע משמח.",test
מהי ההמלצה לגבי הענישה על עבריינים המפנים לאלימות?,במסגרת מלחמה זו שומה על בתי המשפט להכביד את הענישה על עבריינים אלו.,test
מהו תפקיד הפיצוי שניתן לנפגעי העבירה במקרה זה?,"אין המדובר בפיצוי הממצה את כלל הנזקים שנגרמו להם, אך יהיה בו בבחינת הכרה בעגמת הנפש שנגרמה ואף העמדת הנאשם אל מול תוצאות מעשיו.",test
מהו המשמעות של נהיגת הנאשם בזמן פסילה ביחס לשלטון החוק?,"הוסף לאמור, במקרה דנן, נהג הנאשם גם בזמן פסילה, שהוטלה עליו בבית משפט, גם בכך יש כדי להצביע על היחס שמגלה כלפי שלטון החוק.",test
"מהו השיקול שהשפיע על בית המשפט בקביעת העונש, בהתחשב במצבו הנפשי של הנאשם?","בית המשפט רואה לקחת בחשבון את המצב הנפשי בו היה שרוי, כפי שעולה מחוות הדעת הפסיכיאטריות, וכפי שאף בא לידי ביטוי באולם בית המשפט, וזאת גם אם המדובר במצב שנגרם על רקע שימוש בחומרים משני תודעה.",test
מהו העיקרון המשפטי המוביל להקל בעונש על הנאשם במקרה זה?,"ברי, כי העונש שיוטל על הנאשם דנן, אשר הורשע במעורבות בפרשה אחת בלבד מבין שלל הפרשות בהן היה מעורב הנאשם הנוסף, ובעבירה נגזרת מסוג סיוע בלבד, שאיננה העבירה המוגמרת - מן הדין שיהיה קל יותר באופן משמעותי.",test
מהו המצב המשפטי לגבי השיקול של שיקום בעבירות סמים?,"כבר נאמר, לא פעם, כי ""שיקום"" אינו בגדר מילת קסם, המצדיקה, בכל עת, חריגה ממתחם העונש הסביר.",test
מהי ההשפעה של נסיבות מקלות על הענישה במקרה זה?,"נסיבה חשובה זו מטה הכף, במקרה דנן, לכיוון הקלה משמעותית, אשר תבוא ידי ביטויה בענישה על הצד הנמוך של מתחם הענישה, חלף על הצד הבינוני, וכן תאפשר לשקול המרת המאסר בכזה שירוצה בדרך של עבודות שירות.",test
מדוע קבלת עמדת ההגנה לגבי העונש הצופה פני עתיד עלולה לשדר מסר שגוי לציבור ולעבריינים פוטנציאליים?,"קבלת עמדת ההגנה, לפיה יש להסתפק בעונש צופה פני עתיד – עלולה לשדר מסר שגוי ומקל לציבור בכלל ולעבריינים פוטנציאלים – בפרט.",test
מהי המשמעות של חלוף הזמן כנסיבה מקלה בעבירות אלימות במשפחה?,"חלוף הזמן הוא נסיבה מקלה כאשר המדובר במי שזנח את דרכו הנלוזה, אך לא זה המצב במקרה דנן.",test
מהו ההשפעה של מעשים פליליים על ההשקעה של מדינת ישראל באוכלוסייה בערי הפריפריה?,"מדינת ישראל משקיעה כספים רבים בקידום האוכלוסייה בערי הפריפריה, כשמעשים מסוג זה שמים מאיינים את ההשקעה.",test
"מהו המתחם המומלץ לענישה במקרה של ריבוי נישואין, כפי שנקבע בפרשת אבו סקיק?","בגזר הדין בפרשת אבו סקיק, התייחס בית המשפט לחומרת התופעה ולהשלכותיה, אך מצא לקבוע, כי בטרם קביעת מתחם ענישה מחמיר, שייתן מענה לשיקולי הענישה, כפי שפורטו 	6 ראוי לקבוע מתחם ביניים, למשך תקופה, לא ארוכה, במהלכה יינקטו אמצעים חינוכיים ופרסומיים, כך שיהיה בידי הציבור להפנים שינוי המדיניות של גורמי האכיפה.",test
כיצד משפיעות הנסיבות האישיות של המערער על האינטרס הציבורי במיגור עבירות החזקת נשק?,"חרף העדר אינדיקציה על שימוש פלילי או אחר המתוכן בנשק, ועל אף נסיבותיו האישיות של המערער שם (צעיר ללא עבר פלילי) – הרי הנסיבות האישיות ואינטרס השיקום, נדחים מפני האינטרס הציבורי של מיגור עבירות מסוג זה.",test
כיצד משפיע עמדת בית המשפט על המתחם בענישה במקרה זה?,"משאין בית המשפט שם עצמו קטיגור, לא יחמיר במקרה מסוים זה בית המשפט מעבר לעתירת התביעה ובשל כך – יועמד המתחם בין עונש מאסר צופה פני עתיד ועד עונש מאסר בפועל בן מספר חודשים, אשר יכול שירוצה בדרך של עבודות שירות.",test
מהו הטיעון שהעלתה ההגנה בנוגע למתחם הענישה של הנאשם?,ההגנה עותרת לחרוג ממתחם הענישה לצרכי שיקומו של הנאשם.,test
מדוע יש להטיל עיצומים כספיים על הנאשמים במקרה זה?,"מעשים מסוג זה, על מידת הפגיעה שנגרמת בגינם – מחיבים גם השתת עיצומים כספיים מתאימים, שכן כוונו למען בצע כסף, והרווח הפוטנציאלי מהם עשוי להיות, כפי שעלה מעדותו של ד""ר איתן קליין, עצום, עד כדי מיליונים רבים.",test
מהן ההשלכות של נטישת האישה והילדים על תפקיד המפרנס במצב זה?,"במצב זה הוא נוטש את האישה האחרת ואת ילדיה, וכול התפקידים אותם הוא ממלא בעבור האישה והילדים שנטש נותרים ללא מענה ובראשם תפקיד המפרנס - שכן הפרידה נעשית ללא מסגרת פורמלית של גירושין, חלוקת רכוש ותשלום מזונות.",test
מהי ההבחנה בין זכות המחאה לבין אלימות או חריגה מהחוק?,"כבר נפסק על ידי בית המשפט המחוזי, כי זכות המחאה, אין בה כדי להצדיק אלימות או חריגה מהחוק.",test
כיצד משפיעים חלוף הזמן והשוואת הענישה על הכף במתחם הענישה?,"נסיבות אלה, ביחד עם השיקול של חלוף הזמן, וכן השוואת ענינו לעונש שנגזר על הנאשם 4, אשר נדון לעיל –מטות הכף, בסופו של דבר, לכיוון ענישה ברף התחתון של המתחם.",test
כיצד משפיע האינטרס השיקומי על שיקולי הענישה בעבירות אלו?,האינטרס השיקומי הינו חלק ממכלול השיקולים אשר נלקחים בחשבון במסגרת שיקוליה ענישה.,test
"מהו המאפיין המרכזי של העבירות שעברו הנאשמים, כפי שניתן ללמוד מהן?","העבירות שעברו הנאשמים מלמדות על כשל ערכי עמוק, ולהן מספר פנים של חומרה.",test
מהי הסיבה לכך שכמות הסמים בה החזיק הנאשם מצדיקה עיצום כספי משמעותי?,כמות הסמים בה החזיק הנאשם גדולה ומצדיקה השתת עיצום כספי משמעותי.,test
כיצד קובע בית המשפט את מתחם הענישה במקרה של עבירות סמים?,"קביעת מתחם הענישה היא בהתאם לנסיבות המקרה העומד לדיון, וסקירת מדיניות הענישה הנוהגת היא רק שיקול אחד מבין כלל השיקולים אותו עושה בית המשפט בקובעו מתחם ענישה הולם.",test
מהו המסר שהטלת עונשים מרתיעים על נוקטים באלימות מעבירה לחברה?,"תפקידו של בית המשפט במאבק הוא הטלת עונשים מרתיעים ומשמעותיים על הנוקטים באלימות לפתרון סכסוכים, על מנת להעביר מסר, הן לעבריין האינדיווידואלי, והן לעבריינים הפוטנציאלים ולחברה כולה, כי אין החברה טולרנטית להתנהגויות מעין אלה (ההדגשה אינה במקור).",test
מהי תרומת בית המשפט לביעור הסיכון של הקטל בכבישים במקרה זה?,"על בית המשפט להרים את תרומתו לביעור הסיכון של הקטל בכבישים, אשר נגרם על ידי מי שאינו משווה לנגד עיניו את החובה לציית לחוק, ובעיקר את קדושת חייהם של המשתמשים בדרך, באמצעות עונשי פסילה משמעותיים שיהיה בהם כדי להרתיע את היחיד ואת הרבים.",test
מהי ההמלצה לגבי הענישה בעבירות ריבוי נישואין כאשר קיימות נסיבות חריגות?,"נקבע, כי עבירות מסוג זה אינן סובלות ענישה, שלא תהיה מאחורי סורג ובריח, וכך נפסק גם במקרים, בהם הוכחו לפני בית המשפט נסיבות חריגות ביותר.",test
מהו הסיכון הכרוך בהחזקת נשק בעל פוטנציאל קטילה ללא פיקוח מוסדר?,"עצם החזקת נשק בעל פוטנציאל קטילה מבלי שיש עליו ועל בעליו פיקוח מוסדר של הרשויות טומן בחובו סיכון, באשר המחזיק בו נתון תמיד לחשש שיתפתה לעשות בו שימוש, ולו ברגעי לחץ ופחד.",test
מהי עמדת בית המשפט לגבי האפשרות לבטל את ההרשעה במקרה זה?,"בית המשפט מקבל עמדת התביעה, כי אופי העבירה, במקרה דנן, אינו מאפשר דיון בשאלת ביטול ההרשעה, אלא בנסיבות יוצאות דופן במיוחד, שאינן מתקיימות במקרה דנן.",test
מהן הנסיבות שיכול בית המשפט לקחת בחשבון בעת קביעת מתחם הענישה לפי סעיף 40 לחוק העונשין?,"בהתאם להוראות סעיף 40 לחוק העונשין, תשל""ז – 1977, בבואו של בית המשפט לקבוע מתחם ענישה, רשאי לקחת בחשבון מכלול שיקולים, בין היתר, נסיבות ביצוע העבירה; משך ההתנהגות העבריינית; מידת הפגיעה בערכים המוגנים; וכן, שיקולים נוספים.",test
מהו מעמד המלצת תסקיר שירות המבחן בהליך הענישה?,"ראוי לשוב ולהזכיר, כי המלצתו של תסקיר שירות המבחן הינה בגדר המלצה, כשגזירת הדין שמורה לשופט, שאינו רשאי להתנצל מחובתו להעניש.",test
מדוע יש לדרוש פגיעה מוכחת במישור המעשה כדי להימנע מהרשעה?,"על כן, הפגיעה המדוברת - מן הדין שתהיה פגיעה מוכחת, במישור המעשה, וכזו שהיא קשה וחמורה.",test
מהו העונש ההולם שנדרש במקרה של שיבוש מהלך החיים של הציבור?,"שיבוש מהלך החיים של הציבור, כפי שנעשה במקרה שבפנינו, מחייב עונש הולם הכולל בין היתר גם מאסר בפועל, ובמיוחד כאשר הדברים לוו בפגיעה גופנית בשוטרים שביצעו עבודתם.",test
מהו השיקול שצוין לזכות הנאשם בהקשר להודאתו באשמה?,"לזכות הנאשם, תילקחנה הודאתו באשמה, הגם שלא בהזדמנות הראשונה, היעדר אינדיקציה להרשעות קודמות או להסתבכות נוספת לאחר אירועי כתב האישום.",test
מהו האמון הציבורי שנפגע בעקבות העבירות שביצעו הנאשמים?,"העבירות שעברו הנאשמים בעלי מאפיינים של פגיעה באמון הציבור, במערכת השלטון ובנסיבותיה, והנאשם 1 אף פגע פגיעה חמורה באמון הציבור במשטרה, תדמית המשטרה ואף בטחון הציבור, עת פגע בעבודה של יחידת אתג""ר, הנאבקת, בין היתר, בתופעת גניבת רכבים.",test
מהו העונש המומלץ לנאשם זה בהתאם להסדר שנקבע?,"בנוגע לנאשם זה, ראוי היה להשית עליו עונש מאסר בפועל באמצע מתחם הענישה  ואולם, לנוכח טווח הענישה שסוכם במסגרת ההסדר – יושת עליו עונש על הצד הנמוך של מתחם הענישה, שהוא הצד הגבוה של טווח הענישה שסוכם, אם כי, לנוכח ההודאה אשמה שהביאה לחיסכון שיפוטי, תינתן לנאשם, לפנים משורת הדין, הקלה מסוימת, ולא ייגזר ענשו ברף המירבי של טווח הענישה במסגרת ההסדר.",test
מהי הסיבה לכך שבית המשפט מוצא לחרוג לקולה ממתחם הענישה במקרה זה?,"בשל נסיבות אלה 	6 מוצא בית המשפט לחרוג, חריגה מסוימת, לקולה, ממתחם הענישה ובכך 	6 להושיט יד לנאשם, בדרך החדשה בה בחר.",test
כיצד הברחת טלפון סלולרי לאסיר בטחוני תורמת לקידום מטרות ארגון הטרור?,"הברחת טלפון סלולרי לאסיר בטחוני מאפשרת לאסיר קשר ישיר עם חברי ארגון הטרור אליו הוא משתיך, לצורך קידום יעדי הארגון לרבות הכוונה לבצע פיגועים והוצאתם לפועל, ומכאן מלחמת החורמה בתופעה זו.",test
כיצד יכולה מהות העבירה והצורך בהרתעת הרבים להשפיע על שיקול הענישה?,"אולם, מהות העבירה והצורך בהרתעת הרבים יכולים להטות את הכף ולגבור אף על שיקומו של נאשם.",test
מהי עמדת בית המשפט לגבי שיקום כבסיס להקלה בעונש?,"כבר נאמר, לא פעם, כי שיקום איננו בגדר מילת קסם, אשר תצדיק סטיה לקולה ממתחם הענישה, בכל מקרה.",test
מהו טיב האירוע שהתרחש בין הנאשם למתלוננת וכיצד הוא משפיע על רף העבירות המיוחסות לו?,"אירוע חמור זה, מצוי ברף העליון של עבירות האלימות והיה עלול להביא לקיפוד פתיל חייה של המתלוננת.",test
מהו המסר המרכזי שעל בית המשפט להעביר בנוגע לפתרון סכסוכים?,המסר שצריך לצאת מבית משפט זה הוא כי פתרון סכסוכים ראוי שייעשה על ידי פניה לרשויות החוק ולא על ידי נטילת החוק לידיים.,test
מהו השיקול המוביל כאשר מדובר בעבירות חמורות לעומת האינטרס השיקומי של העברין?,"ככלל, יסוג האינטרס האישי השיקומי של העברין מפני האינטרס הציבורי, ככל שמדובר בעבירות אלה.",test
מהו ההבדל בין מעשה הנאשם 2 למעשי הנאשם 1 מבחינת ההשפעה על הפגם המוסרי?,"להבדיל מענינו של אביו – הנאשם 1 – הסתבך הנאשם 2 במעשה המווה כשל נקודתי וחד פעמי, שאינו מעיד על פגם מוסרי או ערכי.",test
כיצד האיום משפיע על חירות פעולתו של הפרט ומהי ההתנהגות שהמאיים מצפה להשיג?,האיום מסכן את חירות פעולתו של הפרט שכן פעמים רבות האיום כרוך גם בצפייה להתנהגות מסוימת מצד המאוים שהמאיים מבקש להשיג באמצעות השמעת האיום.,test
מהי החובה של בתי המשפט בהגנה על הציבור בעבירות מעין אלה?,"בעבירות מעין אלה, שומה על בתי המשפט להגן על הציבור מפני פגיעתו הרעה של המערער ושכמותו.",test
מהי הסיבה לכך שבית המשפט החליט להמיר חלק מתקופת הפסילה לפסילה על תנאי?,"עם זאת, על מנת שלא לפגוע, מעבר לנדרש, באפשרות שיקומו של הנאשם וכהושטת יד לנאשם במאמציו לשוב למוטב - ימיר בית המשפט מחצית תקופת הפסילה, שהיה ראוי להשית על הנאשם - לפסילת רישיון נהיגה על תנאי.",test
מהו המכלול של השיקולים שיכול בית המשפט לשקול לקביעת מתחם ענישה?,"בהתאם לסעיף 40ט' לחוק העונשין, תשל""ז – 1977, בבואו של בית המשפט לקבוע מתחם ענישה, רשאי לקחת בחשבון מכלול שיקולים, בין היתר, נסיבות ביצוע העבירה; משך ההתנהגות העבריינית; מידת הפגיעה בערכים המוגנים; וכן, שיקולים נוספים.",test
מהו הכלל שנקבע לגבי ענישת מבצעי עבירות החזקת נשק?,"אשר על כן משכבר נקבע הכלל לפיו ככלל יש לאסור את המבצעים עבירה זו, גם אם מדובר בעבירה ראשונה, מאחורי סורג ובריח, ואילו אורך התקופה כלול בנסיבות הספציפיות של העושה והמעשה.",test
כיצד משפיעה כמות השתילים ומשקל הסם על החמרת הענישה בעבירות גידול סם?,"בהקשר לעבירות של גידול סם, סבורני כי החומרה נלמדת משילוב מספר השתילים יחד עם משקל הסם.",test
מהו העיקרון שעל בית המשפט להעדיף בעת גזירת עונש לעברייני מס?,עוד נקבע בפסיקה כי על בית המשפט הגוזר את עונשם של עבריינים המבצעים עבירות מס להעדיף את האינטרס הציבורי שבהחמרת הענישה על פני נסיבותיו האישיות של הנאשם.,test
מהי הסיבה לכך שהחמרת הענישה בעבירת החזקת נשק נדרשת גם על עבירה ראשונה?,הסכנה הטמונה בעבירה החמורה של החזקת נשק מצדיקה הטלת עונשי מאסר לריצוי בפועל גם על מי שזו עבירתו הראשונה.,test
מדוע יש לראות בהתנהלות במועדון כמשנה חומרה לאירוע המתואר?,"משנה חומרה לאירוע המתואר, כאשר זו ההתנהלות שהיתה במועדון המאכלס קטינים ובערב הסגור לקטינים עד גיל  18, שהוריהם סומכים על הנהלת המועדון בו הם שוהים, שהנאשם היה חלק מהותי ממנה, כי תדאג לבטחונם.",test
מהו הצורך בהוקעת תופעת הגניבות החקלאיות לאור הנזקים והתחכום המעורב בהן?,"נזקים משמעותיים אלו, לצד התחכום והתכנון המקדים לביצוע הגניבות, אשר לעיתים דורש איסוף מודיעין מקדים על ידי העבריינים ואפיון של שגרת פעילותם של מגדלי המרעה דורשים את הוקעתה של תופעה זו מהיסוד.",test
מהו השיקול שהנחה את בית המשפט בהחלטתו להעדיף את שיקולי שיקום הנאשם על פני שיקולי גמול והרתעה?,"תחילה, השתלב הנאשם בהליך טיפולי אינטנסיבי, אשר הוביל את באי כוח הצדדים ואת בית המשפט להעדיף את שיקולי שיקומו של הנאשם על פני שיקולי גמול והרתעה.",test
מהי הסיבה לכך שאין מקום לענישה ברף התחתון במקרה זה?,"לנוכח מידת האכזריות שגילה באירוע, ולנוכח תפישותיו של הנאשם, כפי שבאו ידי ביטוין באירוע, כששירות המבחן התרשם, שהנאשם היה מונע, בהתנהגותו, ממה שנתפס על ידו כ""פגיעה בכבודו"" – אין מקום לענישה ברף התחתון ממש.",test
מדוע נחשבים הקטינים לחסרי ישע בהקשר של עבירות מיניות?,"זאת, לאור חולשתם של הקטינים והאפשרות המזומנת לעבריינים לנצל חולשה זו.",test
מה על בית המשפט לשקול בעת קביעת העונש לנאשמים?,"על בית המשפט לשקול, את עברם של הנאשמים; נסיבותיהם האישיות והפרוגנוזה של גורמי ההערכה לגביהם.",test
מהן השאלות המרכזיות שיש לשקול לפני קבלת החלטה על הרשעה?,"האחד - האם המדובר בעבירה, שמבחינת האינטרס הציבורי, או המסר לציבור – ניתן לסיים הדיון בה תוך הימנעות מהרשעה בדין; השני – האם עלה בידי ההגנה להצביע על חשש קונקרטי לפגיעה משמעותית בסיכויי השיקום של הנאשם, מעבר לפגיעה הנלווית לכל רישום פלילי.",test
"מהו העיקרון המנחה לגבי הענישה בעבירות סמים, כפי שנקבע בפסקי דין קודמים?","לא אחת נכתב בנוגע לעבירות אלו כי האינטרס הציבורי מחייב תגובה עונשית קשה ובלתי מתפשרת בגינן, כחלק מהתרומה שעל בתי המשפט לשאת למלחמה בנגע הסמים 	6 ובעיקר באלו המצויים במעגל הראשון של הפצת ומכירת הסם לצרכנים.",test
מה התרשמות שירות המבחן לגבי שליטת הנאשם על מעשיו?,"עוד יש ליקח בחשבון התרשמות שירות המבחן בדבר היעדר שליטה עצמית מספקת אצל הנאשם, אשר, עקב הימנעותו מליטול אחריות על מעשיו והימנעותו מלשתף את שירות המבחן באופן פתוח אודות נסיבות העבירה – לא הומלץ לגביו הליך טיפולי כלשהו.",test
מהן השיקולים לקביעת הענישה הספציפית במסגרת המתחם?,"קביעת הענישה הספציפית במסגרת המתחם נעוצה, ראש וראשית, באופי התקיפה, במידת התעוזה והיעדר המורא שמבטאת; עוד יש לקחת בחשבון מידת הפגיעה בעבודת המשטרה וסיכול משימות השוטרים; עוד יש לקחת בחשבון נסיבותיו האישיות של הנאשם, עברו הפלילי ומידת נטילת האחריות והפנמת חומרת המעשים.",test
כיצד משפיעה תקופת הזמן שחלפה על המשקל שניתן לעבר הפלילי של הנאשם?,"עם זאת, מאז שחרורו ממאסר חלפה תקופה בת כעשור עד להסתבכותו בעבירה הנוכחית, במהלכה לא הורשע בעבירות נוספות ומכאן – שהמשקל שיינתן לעבר הפלילי – יהיה מופחת.",test
מהו המצב הכלכלי של הנאשם וכיצד הוא משפיע על סוג הענישה המוטלת עליו?,"לענין זה – לא הוצגו נסיבות מיוחדות בנוגע למצב הכלכלי וההיפך הוא הנכון – מטענות ההגנה ומדברי הנאשם בשירות המבחן ובבית המשפט עולה, כי מנהל עסק בקנה מידה גדול; מעסיק עובדים לא מעטים ועל כן – אין מניעה להשית עליו ענישה כלכלית משמעותית.",test
כיצד השפיעו נסיבות הנאשמים על פסיקות בתי המשפט בענייני ביגמיה?,"כאשר הובאו המשפטים הראשונים לפני בתי-המשפט בענין ביגמיה, התחשבו בתי-המשפט בנסיבות השונות של הנאשמים ובעיקר בארצות מהן באו ובמה שהיה נהוג בעבר בסביבותיהם.",test
אילו שיקולים נוספים נדרשים בבית המשפט לקביעת מתחם העונש ההולם?,"בבואו של בית המשפט לקבוע את מתחם העונש ההולם, עליו לשקול, בין היתר, את מדיניות הענישה הנוהגת, אך שיקול זה – כמובן אינו היחיד.",test
"כיצד תורם בית המשפט למלחמה באלימות בחברה, לפי גזר הדין?","חברתנו הפכה להיות חברה אלימה, ותרומתו של בית-המשפט למלחמה באלימות היא בהטלת עונשים ראויים (ע""פ 5753/04 מדינת ישראל נ' רייכמן ([פורסם בנבו], 7.2.2005)), שישקפו ערכים של תגמול והרתעה. (ההדגשה אינה במקור).",test
מהי הגישה של בית המשפט המחוזי בנוגע לעונש בעבירות מסוג זה?,"בית המשפט המחוזי מצא להקל בעונש, תוך שציין, כי בכל מקרה, יש לנקוט בענישה מידתית.",test
כיצד משפיעה כמות הסמים ואופן החזקתם על פרשנות העבירה של החזקת סם שלא לצריכה עצמית?,"הגם שמדובר בעבירה אחת של החזקת סם שלא לצריכה עצמית, הרי שכמות הסמים, כקילוגרם של סם מסוכן מסוג קנביס; אופן החזקתם ברכב, מצביעים על כך, שמטרת החזקתם היתה, בין היתר, להפצה ומרביתם לא היו מיועדים לצריכה עצמית.",test
מהי הפגיעה בערכים המוגנים הנובעת מהפרעה לשוטר במילוי תפקידו?,"עבירה של הפרעה לשוטר במילוי תפקידו, יש בה פגיעה בערכים המוגנים של שמירה על החוק והסדר, ופגיעה בסדרי השלטון של המדינה.",test
כיצד העונש בעבירות סמים משמש כאות אזהרה לעבריינים פוטנציאליים?,"שנית, על העונש להעביר מסר חד-משמעי של הרתעה ביחס לעבריינים פוטנציאליים, ולשמש אות אזהרה אפקטיבי לכל מי שמתכוון לקחת חלק במערכת ההעברות והסחר בסמים, תהא אשר תהא הפונקציה אותה הוא ממלא בשרשרת זו של העברת הסם מיד ליד.",test
מהו מתחם הענישה שנקבע על ידי המותב במקרה זה?,"מותב זה אימץ את מתחם הענישה אליו עתרה התביעה, והעמידו בין 11 ועד 22 חודשי מאסר, תוך שציין, כי היה מקום לקבוע מתחם ענישה גבוה יותר.",test
אילו שיקולים רשאי בית המשפט לקחת בחשבון בקביעת מתחם ענישה?,"בהתאם להוראות סעיף 40 לחוק העונשין, תשל""ז – 1977, בבואו של בית המשפט לקבוע מתחם ענישה, רשאי לקחת בחשבון מכלול שיקולים, בין היתר, נסיבות ביצוע העבירה; משך ההתנהגות העבריינית; מידת הפגיעה בערכים המוגנים; וכן, שיקולים נוספים.",test
כיצד יש לקחת בחשבון את הסיכון לשלום הציבור בהחזקת נשק שלא כדין?,"ודוק: הסיכון שנשקף לשלום הציבור צריך להילקח בחשבון על ידי כל מי שמחזיק בידו נשק שלא כדין, גם אם אינו מחזיק בו למטרת ביצוען של עבירות אחרות.",test
מה השפעת ההשתלבות התעסוקתית של הנאשם על ההחלטה בעניינו?,"בית המשפט שקל להשית על הנאשם עונש מאסר בפועל, ולו קצר, שירוצה בדרך של עבודות שירות, ואולם שוכנע, במקרה דנן, לנוכח השתלבותו של הנאשם, לפני זמן לא ארוך, במסגרת תעסוקתית יציבה  יהיה בכך כדי להסיג מצבו אחור ולפגוע בהליך השיקומי.",test
מהי השאלה המרכזית שיש לשקול בנסיבות המיוחדות של העניין בנוגע להימנעות מהרשעה?,"בסופו של יום, ניצבת השאלה בכל עוצמתה – האם, בנסיבות המיוחדות של העניין, השיקול האינדיבידואלי, על היבטיו השונים, גובר על השיקול הציבורי-מערכתי הכללי, באופן שהגם שהנאשם ביצע את העבירה בה הואשם, סובלת הנורמה החברתית הכללית את אי הרשעתו בדין.",test
"מהו המצב המשפטי הנוגע לעבירות אלימות כנגד בנות זוג, כפי שנקבע בפסיקה?","עבירות האלימות ככלל, וכנגד בנות זוג בפרט, הפכו זה מכבר לרעה חולה, אשר בתי המשפט מצווים להיאבק בה.",test
מהי ההחלטה שנעשתה לגבי עונש המאסר של הנאשם לאחר שנמצא לא מתאים לעבודות שירות?,"משמצא בית המשפט, כי ראוי להשית על הנאשם עונש ממשי, ומאידך – לא נמצא הנאשם מתאים לריצוי מאסר בדרך של עבודות שירות – אין מנוס מהטלת מאסר בפועל בין כתלי בית האסורים.",test
מהו מתחם הענישה שנקבע בגין איומים על איש ציבור נבחר?,"לאור האמור, חרף כך שהמדובר בסעיף עבירה שאינו מן החמורים 	6 מוצא בית המשפט לקבוע מתחם ענישה, אשר ינוע, החל מעונש מאסר מותנה ועד לשנת מאסר בפועל, בגין איומים על איש ציבור נבחר, שמטרתם להדיחו מתפקידו.",test
מהו העיקרון המשפטי המנחה את הענישה בעבירות החזקת סמים שלא לצריכה עצמית?,"עבירה של החזקת סמים שלא לצריכה עצמית אינה שונה, לענין זה, מיתר עבירות הפשע על בניגוד לפקודת הסמים המסוכנים וראו, לענין זה, דברי בית המשפט העליון במסגרת ע""פ 1345/08 איסטחרוב נ' מדינת ישראל (פורסם במאגרים): אין מנוס מהכבדת היד על המחזיקים סמים שלא לצריכה עצמית, שכל בר דעת מבין כי נועדו לצריכת הזולת, קרי, להוספת שמן על מדורת הסמים אשר להבותיה אופפות רבים וטובים, או רבים שהיו טובים.",test
מהי הסיבה להחמרת הענישה בעבירות תקיפת בת זוג?,"עבירות אלה, נפיצותן, וכן הקושי של קרבנות העבירה להתלונן, הביאו את המחוקק להחמיר בענישה שנקבעה, כאשר מדובר בתקיפת בת זוג.",test
מהי ההשפעה של הוראת האב על אחריותו של הנאשם למעשיו?,"אין חולק, כי גם אם אבי הנאשם הורה לו לפעול כפי שפעל – אין בכך כדי לפטרו מאחריות.",test
אילו גורמים יש לשקול על ידי בית המשפט בעת גזר הדין של הנאשם?,"על בית המשפט לשקול, את עברו של הנאשם; נסיבותיו האישיות והפרוגנוזה של גורמי ההערכה לגביו.",test
מהן החובות המיוחדות המוטלות על המייצג בהליך הפלילי?,"המייצג אדם בהליך הפלילי – כקונה אדון לעצמו, ומשנתמנה לטעון בשם פלוני ולהגן עליו במסגרת ההליך הפלילי, שומה עליו לדעת כי מצוות הייצוג וההגנה חלה בו יותר מבשולחו, עד כי במצבים מסויימים ובנסיבות המתאימות, נכון יהיה להחיל עליו חובות עשה הנובעות, כאמור, מחובות שבהגינות ובשמירת אמונים ללקוח.",test
כיצד השפיעה השבת כספי הגזילה על ההחלטה לגבי העיצום הכספי?,"בהשתת העיצום הכספי ייקח בית המשפט בחשבון, כי הנאשמת הגיעה להסדר להשבת כספי הגזילה.",test
מהו הפוטנציאל לפגיעה בחיי אדם בנהיגה מסוכנת בעיר?,"נהיגה בכביש עירוני על באופן כה מסוכן, תוך ניסיון להתנגש בניידת משטרה; נסיעה בצורה שאילצה רכבים לסטות מנתיב הנסיעה; נסיעה במהירות של 120 קמ""ש בתוך העיר  – כל אלה יוצרים פוטנציאל לפגיעה קשה ואנושה בחייהם של משתמשים תמימים בדרך, עד כדי קטילתם וקיפוח חייהם.",test
"מה מעיד על מעורבות הנאשם בעולם העברייני לפי סוג, מגוון וכמות האמל""ח שהחזיק?","החזקת אמל""ח מהסוג, המגוון והכמות בהם החזיק הנאשם, מעידים על מעורבות עומק בעולם העברייני.",test
מדוע עבירה של נהיגה ללא רישיון נחשבת לפוגעת בערכים מוגנים?,"עבירה של נהיגה ללא רישיון נהיגה פוגעת בערכים המוגנים של בטחון ציבור משתמשי הדרך; שלמות גופם; ואף יש בכך אלמנט של פגיעה כלכלית, כיוון שעלויות הנזקים העלולים להיגרם ממעשי הנאשם, בסופו של דבר, יגיעו לפתחו של הציבור, בהתייקרות פרמיות הביטוח.",test
מהו הכיוון שאליו מצביע איזון השיקולים השונים בנוגע לענישה?,איזון השיקולים השונים - מצביע לכיוון ענישה על הצד הנמוך של מתחם הענישה.,test
מהי ההשפעה של חומרת הסיכון בעבירות החזקת נשק על הענישה?,"שורה של פסקי דין נקבע, כי חומרת הסיכון הנשקף מעבירות אלה, מחייבת השתת עונשי מאסר בפועל בגין עבירות אלה וזאת גם כאשר המדובר, לכאורה, במי שמנהל אורח חיים נורמטיבי ואין לחובתו הרשעות קודמות.",test
מהי ההשפעה של העבירות המיוחסות לנאשם על הערכים המוגנים והנזקים הכלכליים לנפגעי העבירה?,"לעבירות אלה יש פגיעה משמעותית בערכים המוגנים ונזקים כלכליים משמעותיים לנפגעי העבירה, ויש להתחשב במדיניות הענישה הנוהגת.",test
מהי מטרת הענישה בעבירות סמים מבחינת הגמול לעבריין?,"הענישה בעבירות מסוג זה נועדה, קודם לכל, לשרת את מטרת הגמול לעבריין על עיסוק בסם העלול לסכן חיי אדם ולפגוע בבריאות המשתמשים בו;",test
מהי תרומת בית המשפט למלחמה באלימות בחברה?,"חברתנו הפכה להיות חברה אלימה, ותרומתו של בית-המשפט למלחמה באלימות היא בהטלת עונשים ראויים, שישקפו ערכים של תגמול והרתעה.",test
מהו השיקול המרכזי המונע מבית המשפט להטיל עונש שאינו כולל כליאה?,"באיזון הכולל, אין בית המשפט מוצא, כי לנוכח מאפיני העבירה מחד ומאפיני הנאשם מאידך, יוכל לסכון, במקרה דנן, עונש שאינו כולל כליאה ממשית.",test
כיצד משפיעה הענישה הקודמת על המסר בנוגע לחומרת העבירות?,"כבר הושתה על הנאשם ענישה משמעותית, בגין סדרת עבירות, שנעברו באותה התקופה, ועל כן יש לצפות כי המסר בנוגע לחומרה שרואה בית המשפט בעבירות אלה הועבר.",test
אילו שיקולים עשויים להטות את הכף להקל בעונש?,"מנגד, אין עדות על התארגנות מיוחדת או על תחכום מיוחד בדרך בה נעברו העבירות; הנאשם נעדר עבר פלילי (אם כי יש לזכור, כי מדובר בתושב זר) ובית המשפט התרשם, כי עורך מאמצים לנהל אורח חיים עמלני; הנאשם הודה באשמה בהזדמנות הראשונה; שיקולים אלה מטים הכף לכיוון הקלה במסגרת המתחם.",test
מהו תפקיד הפסיקה הנוהגת בקביעת מתחם העונש ההולם?,הפסיקה הנוהגת מהווה אך פרמטר אחד שעל בית המשפט לקחתו בחשבון כחלק ממכלול שיקולים עובר לקביעת מתחם העונש ההולם.,test
מהו הרף התחתון של מתחם הענישה הראוי במקרה זה?,"הגבלה זו מהווה, למעשה, הרף התחתון של מתחם הענישה הראוי, כפי שנקבע לעיל.",test
מהי המשמעות של נטילת ייצוג בהליכים פליליים עבור שמם הטוב של המתלוננים?,"משנה חומרה למעשי הנאשם, העובדה, כי מדובר בנטילת ייצוג המתלוננים בהליכים פליליים, בחלקם עמדו על הכף שמם הטוב, חירותם ועתידם האישי והמקצועי.",test
מה השפעת הרשעותיו הקודמות של הנאשם על קביעת עונשו בחלקו הבינוני-גבוה של המתחם?,"בשקלול הגורמים, לנוכח הרשעותיו הקודמות של הנאשם וכן העמדה שמגלה בנוגע לעבירה שעבר, עד לדברו האחרון ממש 	- מוצא בית המשפט למקם עונשו של הנאשם בחלקו הבינוני 	- גבוה של המתחם.",test
מהי עמדת בית המשפט לגבי ביטול הרשעת הנאשם במקרה זה?,"בית המשפט אינו מוצא, כי מבחינת המסר הציבורי והאינטרס הציבורי, ניתן להורות על ביטול הרשעת הנאשם, ודאי וודאי לא במקרה דנן.",test
מהי החשיבות של קביעת הענישה בפועל בהתאם לקביעת המחוקק?,קביעה זו של המחוקק - מן הדין שתבוא ידי ביטויה גם בקביעת הענישה בפועל.,test
מדוע ראוי להטיל ענישה מחמירה על מי שמעוניין להפיק תועלת מעמל הזולת?,"הרוצה ליהנות בזדון מעמל הזולת ולשלוח יד ברכוש שלא הוא צבר, ראוי לענישה מחמירה...",test
מהי הסיבה לכך שלא הושתו על הנאשם עיצומים כספיים נוספים?,"בית המשפט אינו מוצא להשית על הנאשם עיצומים כספיים בנוסף לאלו שהושתו במסגרת גזר הדין המקורי, וזאת לאור עונש המאסר שנגזר עליו וכן בשים לב לכך, שהרכוש המשמעותי – האופניים – הושב לבעליהם.",test
"מהו תפקידו של בית המשפט בהרתעת הציבור מעבירות החזקת נשק, כפי שנאמר בפסק הדין ע.פ. 3288/14?","בפסק הדין ע.פ. 3288/14 מדינת ישראל נ' קריספל (פורסם במאגרים), נאמר:  בשל פוטנציאל ההרס הטמון בכלי נשק, הכולל גם אפשרות לפגיעה עיוורת באנשים מן הישוב, מתפקידו של בית המשפט להרתיע אף מפני עבירת החזקת נשק שלא כדין.",test
כיצד יש לבחון את המעשה הנקודתי בהקשר של אלימות במשפחה?,"עוד יש להדגיש, כי במטריה של אלימות במשפחה, המעשה הנקודתי אינו בגדר חזות הכל, אלא יש לבחון אותו בהקשר רחב יותר.",test
מהו הצורך בהרתעת הציבור בעונשי מאסר בעבירות פוליגמיה?,"אשר לערך המרתיע של עונשי מאסר, כפי שהוטלו ואושרו בעבר, הרי לא רק בנאשם העומד לדין מדובר, אלא בעיקר בצורך להרתיע אחרים, שלא יעשו כמוהו, פן תיווצר אנדרלמוסיה בכל הנוגע למוסד הנישואין במדינה.",test
מהי ההשפעה של העבירות החמורות על זכויות המתלוננים והציבור?,"העבירות שביצע המבקש הינן עבירות חמורות, אשר,  כפי שציין בית-משפט השלום,  פוגעות פגיעה קשה הן בזכויות המתלוננים והן בכלל הציבור.",test
מהו הכשל הערכי המיוחס לנאשם בעקבות מעשה התקיפה שביצע?,"המעשה מצביע על כשל ערכי חמור ביחסו של הנאשם לזולת, לכבודו, לחייו ולשלמות גופו.",test
מה מצביע מכלול השיקולים על ענישה במקרה דנן?,"מכלול השיקולים מצביע, במקרה דנן, על ענישה שהיא במרכזו של מתחם הענישה, וברף הגבוה שנקבע במסגרת ההסדר.",test
"מהו הכלל שנקבע לגבי ענישה בעבירות החזקת נשק, גם כאשר מדובר בעבירה ראשונה?","אשר על כן משכבר נקבע הכלל לפיו ככלל יש לאסור את המבצעים עבירה זו, גם אם מדובר בעבירה ראשונה, מאחורי סורג ובריח, ואילו אורך התקופה כלול בנסיבות הספציפיות של העושה והמעשה.",test
מדוע אין רלוונטיות ליכולתו הכלכלית של הנאשם בקביעת הענישה בהליך הפלילי?,"כשם שבהליך אזרחי, אין רלוונטיות ליכולתו הכלכלית של הנתבע לצורך קביעת פיצוי על הנזק שגרם – כך גם בהליך הפלילי.",test
מהי הפגיעה בערכים המוגנים הנגרמת מהסגת גבול פלילית?,"כמו כן, הסגת גבול פלילית פוגעת בערכים המוגנים של הגנה על הקניין, פוגעת בתחושת הביטחון ובפרטיות.",test
מה מצביעים הנתונים על החמרה במסגרת מתחם הענישה?,נתונים אלה מצביעים לכיוון החמרה במסגרת מתחם הענישה.,test
מהו המצב המשפטי כאשר הנאשם בחר להימנע מהשתלבות בהליך טיפולי למרות הצורך שנמצא על ידי גורמי ההערכה?,"אין חובה על מאן דהוא להשתלב בהליך טיפולי, אך משנמצא הנאשם, ע""י גורמי ההערכה המקצועיים כמי שזקוק להליך טיפולי אינטנסיבי לצורך רכישת כלים מתאימים שיביאו להפגת מסוכנותו, ושמבחר הנאשם להימנע מלעשות כן – אין לפני בית המשפט אינדיקציה כלשהי, כי הפיק הלקחים המתאימים ממעשיו וכי יורתע לעתיד.",test
מדוע סיווגו הערכאות הקודמות את העבירות ככאלה בעלות חומרה יתרה?,"לטעמי, צדקו הערכאות הקודמות כאשר סיווגו את העבירות שביצע המבקש כעבירות בעלות חומרה יתרה, הן בשל הסכנה הגלומה בהן לשלום הציבור, והן בשל העובדה כי גניבת רכב הפכה להיות 'מכת מדינה'.",test
"מהי ההשפעה של העבירות שביצע הנאשם על העוברים והשבים, למרות שלא היה מגע פיסי?","אמנם, המדובר בעבירות שבוצעו בלא מגע פיסי עם נפגעי העבירה, ברם, אין בכך להביא למסקנה כי לא נגרמה פגיעה של ממש, כאשר העוברים והשבים נאלצו לצפות בנאשם מבצע מעשים מגונים.",test
מהי מידת הפגיעה באמון שנגרמה בעקבות מעשיו של הנאשם במלון?,"מידת הפגיעה באמון, במקרה זה, היא יוצאת דופן בחומרתה, ומשתרעת הן תדמית המלון, או רשת המלונות, שהרי, נקל לשער, מהי ההשפעה על הכנסותיו העתידיות של מלון כאשר נודע, שקצין הבטחון המועסק בו הסיג גבול למספר חדרים, פרץ וגנב מחדרו של אורח במקום; הן כלפי הממונים על הנאשם בעבודה; והן כלפי האורחים במלון ובני משפחותיהם  אשר סומכים על אנשי האבטחה במקום, כי ישגיחו על רכושם.",test
מהו תפקידו של בית המשפט במניעת פגיעות ברכוש הציבור?,"בית המשפט אינו רשאי להיוותר אדיש לתופעה זו, רק בשל העובדה שמדובר בפגיעה ברכוש, אלא יש לגזור עונשים מרתיעים, שיהיה בהם כדי לצמצם, ואף למנוע, הפגיעה ברכושו של אחר או ברכוש הציבור.",test
מהו השיקול המשפטי שהוביל את בית המשפט למסקנה כי היבטי השיקום אינם מצדיקים אי הרשעה במקרה זה?,"גם ""היבטי השיקום"" שפורטו בתסקיר ואומצו על ידי ביהמ""ש קמא בגמר הדין – אינם בנסיבות הענין, כאלה המצדיקים את מסקנת אי ההרשעה.",test
"מהו העיקרון המשפטי הנוגע לפגיעות בחסרי ישע, כגון ילדים וזקנים?",על פגיעה בחסרי ישע  - ילדים וזקנים – אין ולא צריכה להיות מחילה.,test
כיצד משפיעה מצבה של המתלוננת על סיכוייה להשתקם לאחר העבירות?,"בעוד שכפי שהוצג במסגרת פרשת העונש, עלה בידי הנאשם לפתוח פרק חדש בחייו והוא ממתין להולדת בן נוסף עם בת זוג חדשה – שרויה המתלוננת נפגעת העבירה בין ארבע אמות דירתה, תוך שסובלת מתסמינים פוסט-טראומטיים ועורכת תסקיר קרבן העבירה התרשמה מפגיעה ממשית בסיכוייה להשתקם ולהקים תא משפחתי חדש ואף מפגיעה בסמכותה ההורית וביכולותיה לגדל את ילדיה באופן תקין.",test
מהו מתחם הענישה שנקבע לנאשם בהתחשב בהודעות הכוזבות שנמסרו למשטרה?,"מבחינת הנאשם, לא הבחין במי אחר העוצר כדי לסייע לנפגעת; ותוך שבית המשפט לוקח בחשבון, כי במקרה דנן, נמסרה פעמיים הודעה כוזבת למשטרה, כפי שמפורט בכתב האישום, בנסיבותיו של המקרה דנן, יועמד מתחם הענישה, בגין כלל העבירות שעבר הנאשם, בין שנת מאסר בפועל לבין 30 חדשי מאסר בפועל.",test
"מהו השיקול שניתן להעניק לו משקל במקרה זה, על אף שלא מעבר לכך?","דעתי הינה שבמקרה זה, על נסיבותיו, יש מקום להעניק משקל מסויים להמשכות ההליכים, אך לא מעבר לכך.",test
מהו הגורם שהשפיע על ההחלטה שלא להיענות לבקשה להימנע מהרשעת הנאשם?,"כפי שציינתי לאחרונה 	6 מעבר לאמור, במהלך שמיעת ההליך, הורשע הנאשם בעבירה נוספת של הפרת הוראה חוקית, כך שלחובתו כעת הרשעה רשומה, ודי בכך כדי שלא להיעתר לבקשה להימנע מהרשעתו.",test
כיצד משפיעים הדמיון בין האישומים והזמן הקצר ביניהם על קביעת מתחם הענישה?,"במקרה דנן, מדובר בשני אישומים שבכתב האישום המתוקן דומים במהותם; מדובר בשני אירועי אלימות בהם תקף הנאשם את רעייתו; בפרק זמן קצר יחסית; ולכן, מוצא בית המשפט, כי יש מקום להיעתר לעמדת ההגנה, ולקבוע מתחם אחד בגין שני האירועים.",test
כיצד נחשב גידול סמים מבחינת החומרה בהשוואה לסחר והפצת סמים?,"גידול סמים לשיטתנו כמוהו, מבחינת החומרה, כסחר והפצת סמים.",test
"מהי הסיבה להמרת עונש המאסר של הנאשם לעבודה שירות, לפי המלצת שירות המבחן?","לנוכח המלצת שירות המבחן בענינו של נאשם זה, לאור חלקו בפרשה ועל מנת למנוע סיכון לנסיגה בתפקוד המשפחתי והתעסוקתי התקין בשנים האחרונות, תינתן לנאשם הזדמנות ועונש המאסר שיושת עליו – לרבות הפעלת המאסר המותנה - יומר לריצוי בדרך של עבודות שירות.",test
מהו הקשר ההדוק שיש לבחון בטרם קביעת מתחם הענישה?,"בטרם ייקבע מתחם הענישה, יש לבחון, האם מתקיים הקשר ההדוק בין העבירות השונות, ולבחון האם הן עולות לכדי מסכת עבריינית אחת (ע""פ 4910/13 ג'אבר נ' מדינת ישראל (פורסם במאגרים)).",test
מהי ההשפעה של הודאת הנאשם והשבת חלק מהכספים על העונש שייגזר עליו?,"לאור הודאת באשמה, והעובדה שהשיב ולו חלק מסוים מהסכום שגזל מלקוחותיו, תיערך חפיפה חלקית בין העונשים, שתבוא לידי ביטוי בעונש אחד, שיוטל על הנאשם.",test
כיצד האיום משפיע על חירות פעולתו של הפרט במקרים של איום?,האיום מסכן את חירות פעולתו של הפרט שכן פעמים רבות האיום כרוך גם בצפייה להתנהגות מסוימת מצד המאוים שהמאיים מבקש להשיג באמצעות השמעת האיום.,test
מהו המסר שצריך לצאת מבית המשפט לגבי פתרון סכסוכים?,המסר שצריך לצאת מבית משפט זה הוא כי פתרון סכסוכים ראוי שייעשה על ידי פניה לרשויות החוק ולא על ידי נטילת החוק לידיים.,test
מדוע יש להחמיר את הענישה כלפי מחזיקים בסמים שלא לצריכה עצמית?,"אין מנוס מהכבדת היד על המחזיקים סמים שלא לצריכה עצמית, שכל בר דעת מבין כי נועדו לצריכת הזולת, קרי, להוספת שמן על מדורת הסמים אשר להבותיה אופפות רבים וטובים, או רבים שהיו טובים.",test
כיצד מתבטאת התנהגות פלילית חמורה של המערערים כלפי שוטרים הממלאים תפקיד ציבורי?,"מעשיהם של המערערים, שכללו איומים ותקיפה של שוטרים הממלאים תפקיד ציבורי על פי דין, הינם בבחינת התנהגות פלילית חמורה ושלוחת כל רסן אשר קוראת תיגר על אושיות שלטון החוק תוך התעלמות מופגנת מנורמות ההתנהגות הראויות שיש להקפיד עליהן.",test
כיצד השפיע העבר הפלילי של הנאשם על קביעת עונשו?,"אשר לקביעת עונשו של הנאשם במסגרת המתחם 	6 אמנם, לחובת הנאשם עבר פלילי שאיננו קל, אך כאמור לעיל, מזה כ-12 שנה לא נרשמו לחובתו עוד הרשעות כלשהן.",test
מדוע לא ניתן לנקוט בענישה שיקומית במקרה זה?,"אין בידי בית המשפט לקבל עתירת ההגנה לנקוט כלפי הנאשם בענישה שיקומית, תוך חריגה לקולא ממתחם הענישה וזאת הן בהיעדר אינדיקציה על מצוקות או התמכרויות מיוחדות מהן סובל הנאשם, המצדיקות נקיטה בהליך טיפולי, והן בשל סירובו העקבי של הנאשם לעבור אפילו הערכה ואבחון של שירות המבחן.",test
כיצד משפיע חלוף הזמן על העונש המוטל בגין מעשים שנעשו בעבר?,"כאשר התקופה שחלפה הוכיחה, כי הנאשם נטש דרכו העברינית, קהה העוקץ של הטלת ענישה בגין מעשים שנעשו בעבר.",test
כיצד משפיעה הודאת הנאשם על גזר הדין בעניינו?,"לטובת הנאשם, תילקח הודאתו באשמה ונטילת האחריות מצדו.",test
מהן ההשלכות החברתיות והכלכליות של עבירות סחר בסמים מסוכנים?,"לעבירות אלה השלכות – הן מבחינת שלום הציבור ובריאותו, והן השלכות כלכליות, תוך גלגול כספים לא מדווחים, בהיקף גדול, אשר, בסופו של דבר, מגיעים למימון פשיעה, הימורים ושאר תופעות שליליות הפוגעות בכלכלת המדינה ובחברה.",test
מהו הסיכון הכרוך בהחזקת נשק ללא פיקוח מוסדר של הרשויות?,"עצם החזקת נשק בעל פוטנציאל קטילה מבלי שיש עליו ועל בעליו פיקוח מוסדר של הרשויות טומן בחובו סיכון, באשר המחזיק בו נתון תמיד לחשש שיתפתה לעשות בו שימוש, ולו ברגעי לחץ ופחד.",test
מהי דעתו של בית המשפט המחוזי לגבי החומרה של הברחת ציוד תקשורת לאגף בטחוני?,"בית המשפט המחוזי, בשבתו כבית משפט לערעורים פליליים, הרכב בראשות אב""ד הנשיא (דאז) כב' השופט י' אלון, ציין, כי מקובלת עליו דעתו של בית המשפט קמא בדבר החומרה היתרה הנודעת להברחת ציוד תקשורת לתוך הכלא ולאגף בטחוני בכלא בפרט ומצא את העונש שנגזר ""הולם את חומרת המעשה"".",test
מהו הפוטנציאל של העבירות המיוחסות לנאשם לפגיעה באמון הציבור ובחיי הכלכלה?,המדובר בעבירות אשר להן פוטנציאל לפגיעה בקנינו של הפרט; באמון הציבור כלפי נותני שירות; בחיי הכלכלה והמסחר התקינים.,test
כיצד משפיע עברו הפלילי של הנאשם 2 על התנהלותו בעבירות הנוכחיות?,"עברו הפלילי של הנאשם 2, הכולל הסתבכות במגוון רחב של עבירות (סמים; אלימות, לרבות אלימות חמורה; איומים; אחזקת סכין למטרה לא כשרה; רכוש; עבירות ברכב) 	6 אמנם אינו כולל הרשעות קודמות בעבירות מס, אך מצביע על התנהלות עבריינית שיטתית ונרחבת תוך זלזול של ממש בחוק וכן על ערכים אנטי חברתיים בבסיס אפיו של הנאשם 2.",test
מהו הנימוק לכך שלא יושת רכיב פיצוי נפרד לשוטר שהותקף?,"בנוגע לשוטר שהותקף, בהעדר חבלות של ממש ולנוכח ההלכות בנוגע לפסיקת פיצוי לאנשי מרות – לא יושת רכיב פיצוי נפרד.",test
כיצד יש לבטא את הענישה בעבירות אלו במישור המעשה?,"עליה לבוא ידי ביטויה גם במישור המעשה, תוך גזירת ענשי מאסר ממשיים.",test
מהו המסר שעל בית המשפט להעביר בנוגע לעבירות כלפי שוטרים?,"שומה על בית המשפט להתייחס בחומרה לעבירות כאלו המבוצעות כלפי שוטרים ואף להעביר מסר חד משמעי למי שנמצא אשם בהפרות חוק אלו, כי גופם של משמשי הציבור איננו הפקר-מרמס לפורעי חוק.",test
מדוע סבור בית המשפט שהמלצת שירות המבחן אינה הולמת את חומרת המעשים?,"בית המשפט סבור, שהמלצת שירות המבחן למבוגרים לענין העונש, כשלעצמה, אינה הולמת כלל את חומרת המעשים, בפרט, שהנאשמים לא עברו הליך טיפולי והגדילו לנתק כל קשר עם קציני המבחן.",test
מהו העונש הראוי שהשופט סבור להשית על הנאשם לאור עברו הפלילי?,"משורת הדין, ראוי היה להשית על הנאשם עונש מאסר בפועל במסגרת המתחם ולאור עברו הפלילי המכביד – אף על הצד הגבוה של המתחם.",test
מהי ההשפעה של אי השתלבות הנאשם בטיפול על הסיכון לעבירות עתידיות?,"אי השתלבות הנאשם בטיפול הביאה לכך, שלא ניתנו לו הכלים הנדרשים המאפשרים צמצום הסיכון, כי יעבור עבירות בעתיד.",test
מה מבדל את עניינו של הנאשם מעונשו של המעורב הנוסף במקרה?,"החריגה מהמתחם מטעמי שיקום היא גם הנסיבה המבדילה בין ענינו של נאשם זה לבין המעורב הנוסף, שלחובתו היו הרשעות קודמות מהעת האחרונה ואף הופעל בענינו מאסר מותנה ולגביו – לא היתה בנמצא המלצה שיקומית כלשהי.",test
מהו ההסבר המשפטי לכך שאין לקבל את העתירה להסתפק בעונש צופה פני עתיד בלבד עבור הנאשמים 2 ו-3?,"אסור לקבל העתירה להסתפק בעונש צופה פני עתיד בלבד, כלפי הנאשמים 2 ו-3, ואולם – לטענות ההגנה ינתן משקל בנוגע לאורך המאסר שיושת.",test
כיצד השפיע חלוף הזמן של כ-5 שנים על טענות ההגנה בנוגע לחרטה של הנאשם?,"ההגנה עמדה על חלוף הזמן, כ-5 שנים, מאז נעברה העבירה, אלא, שבמהלך שנים אלו, הסתבך הנאשם עם החוק, כאשר הורשע בשנת 2017 וריצה עונש מאסר (גם אם אין המדובר בעבירות מאותה המאטריה).",test
מהו הגורם המרכזי לקביעת הענישה הספציפית במקרה זה?,"קביעת הענישה הספציפית במסגרת המתחם, נעוצה בטיב התחמושת שסופקה; כמות התחמושת; קיומם של נתונים בנוגע למטרת רכישת התחמושת והחזקתה; מידת המעורבות של המחזיק בתחמושת בעולם העבריני או בפעילות שלילית אחרת; נסיבותיו האישיות של הנאשם ועברו הפלילי.",test
מהו הכיוון שהצביעו השיקולים להחמרה במתחם הענישה במקרה זה?,כל אלה מצביעים לכיוון החמרה במסגרת מתחם הענישה.,test
מהן ההשלכות של הפגיעה בתחושת הביטחון של הציבור על הענישה במקרה זה?,"כמובן, לאור הפגיעה הקשה בתחושת הביטחון של הציבור, ולאור הנזקים הממוניים והנפשיים שגרם לנפגעי העבירה, יחויב הנאשם בעיצום כספי מסוג קנס ופיצוי לנפגעי העבירות שהותיר אחריו.",test
מהו תפקידו של בית משפט זה בהגברת הענישה בעבירות גניבת רכב?,המעט שבידי בית משפט זה לעשות הוא לחזק את ידיהם של בתי המשפט הדיוניים בראייה מחמירה של העבירות הכרוכות בכך.,test
מהי הפגיעה המיוחסת למעשי הנאשם בהקשר לריבונות המדינה וביטחונה?,במעשי הנאשם יש פגיעה בריבונותה של המדינה להחליט מי רשאי להיכנס בשעריה ואף פוטנציאל לפגיעה בביטחון המדינה ובציבור.,test
מהו המצב שנקבע בפסיקות בית המשפט העליון לגבי הענישה בעבירות התפרצות וגניבת רכבים?,"בפסיקת בית המשפט העליון נקבעה בדיוק ענישה מחמירה כלפי העבירות של התפרצות וגניבת רכבים שהפכו ל'מכת מדינה',  עבירות אלו פוגעות בקניינם ובביטחונם של אזרחים תמימים.",test
מהו הצורך הציבורי בריסון תופעת החזקת נשק?,"נפש הציבור נקעה מהמצב, והצורך בריסון התופעה ברור מאליו.",test
"מדוע עבירות מסוג זה מחייבות ענישה משמעותית, במיוחד כאשר מבוצעות על ידי עובדי ציבור?","מאחר שנקבע לא פעם בפסיקת בית המשפט העליון, כי עבירות מסוג זה, ביחוד כאשר מבוצעות על ידי עובדי ציבור, מחייבות ענישה משמעותית, בדמות מאסר בפועל במישור המעשה.",test
מהי מטרת הטלת מאסרים מותנים על נאשמים בעבירות פליליות?,"באופן כללי, מוצא בית המשפט להטיל מאסרים מותנים מרתיעים, לבל יהין הנאשם לעבור שוב עבירות דומות.",test
מהן השיקולים לקביעת הענישה הספציפית במסגרת מתחם הענישה?,"קביעת הענישה הספציפית במסגרת המתחם נעוצה, ראש וראשית, בקיום אינדיקציה על פעילות שלילית, פלילית או בטחונית, מצדו של הנאשם; מידת התחכום בביצוע העבירה, לרבות הלוגיסטיקה שנדרשה, חבירה עם אחרים, פרנסת מערכת הברחות הגבול; עבר קודם; מידת ההכבדה על כוחות הבטחון; נסיבותיו האישיות של הנאשם.",test
מדוע נודעת חומרה יתירה לעבירות מין המתבצעות באמצעים אלקטרוניים?,חומרה יתירה לעבירות מין המתבצעות באמצעים אלקטרוניים נודעת בשל החדירה לביתם של נפגעי העבירה ולפרטיותם.,test
"כיצד משפיעה היציאה שלא כדין על הענישה, לפי עקרונות בית המשפט?","הענישה, בהתאם, אינה תלויה בתוצאות היציאה, כאשר החומרה היא בעצם היציאה שלא כדין; בעצם העמדת המדינה בסיכון בטחוני.",test
כיצד ניתן להוכיח שהנאשם היה אמור להפיק רווח מהחזקת סמים?,"כאשר לא מדובר בעבירה של סחר בסמים, אלא בעבירה של החזקת סמים, וכאשר לא הוכח שבמהלך ביצוע העבירה הועברו כספים מיד ליד, כמו במקרה שלפנינו, הכיצד ניתן להוכיח שהנאשם היה אמור להפיק רווח מהעבירה? התשובה היא, שנוכח כמות הסמים הגדולה שנתפסה, קמה ועולה חזקה שבעובדה, שמקורה בשכל הישר ובנסיון החיים, כי החזקת הסם, לא נעשתה לידי שמיים ולא לצרכי צדקה, אלא לצורך הפקת רווח, ומכאן, שיש לראות את הנידון, כמי שהיה אמור להפיק רווח מביצוע העבירה.",test
כיצד השפיעה נפיצות עבירות האלימות על החמרת הענישה במקרה של תקיפת בת זוג?,"עבירות אלה, נפיצותן, וכן הקושי של קרבנות העבירה להתלונן, הביאו את המחוקק להחמיר בענישה שנקבעה, כאשר מדובר בתקיפת בת זוג.",test
מהו המסר שחשוב להעביר למערער בעקבות ביצוע העבירה החמורה?,"מצד אחד, עומד לפנינו המערער שביצע עבירה חמורה וראוי כי יורשע בגינה על מנת להעביר מסר ראוי למערער עצמו ולחברה, לפיו אין להקל עם מי שעובר עבירה כה חמורה...",test
מהי המדיניות המומלצת בענישה בגין עבירות אלימות נגד שוטרים?,מדיניות של ענישה מכבידה ומרתיעה בגין עבירות אלימות נגד שוטרים משרתת אינטרס זה ועל כן היא ראויה.,test
מדוע שיקולי השיקום של נאשם בוגר אינם מספיקים להחריגו מהרשעה?,"שיקולי השיקום של נאשם בוגר אשר יהיה בכוחם להחריגו מהרשעה בדין שמורים למקרים חריגים ביותר שאינם מתמצים בעצם ה""הכתמה"" או ה""דימוי העצמי"", שהינם כאמור התוצאות הבלתי נמנעות של הרשעה באשר היא, ובמידה לא מבוטלת אף אחת התכליות של הדין הפלילי.",test
מהי הסיבה לכך שרגעי האימה של המתלונן מצדיקים פיצוי משמעותי לנאשמים?,רגעי האימה שאחזו במתלונן מצדיקים חיוב הנאשמים בפיצוי משמעותי.,test
מהו המאפיין המרכזי של העבירות שביצע הנאשם המונע ביטול הרשעתו?,"העבירות, כשלעצמן, בהיותן מתוכננות; מתוחכמות; כשהנאשם אינו זונח מצג השווא פעם אחר פעם – בשים לב לזדון ולכיעור הנלווה להן – אינן מאפשרות ביטול ההרשעה, מבחינת המסר שיועבר לציבור.",test
מהו השיקול לקביעת מאסר מותנה ממושך במקרה של חזרתיות על המעשים?,"בנוסף, לאור החזרתיות על המעשים, מוצא בית המשפט לקבוע מאסר מותנה ממושך, אשר ירתיע הנאשם לבל יהין לחזור על מעשיו החמורים.",test
מהו מתחם הענישה שנקבע עבור אחזקת נשק חם קצר?,"לאור כל האמור, מוצא בית המשפט לקבוע מתחם ענישה, בכל הנוגע לאחזקת נשק חם קצר, מסוג אקדח – חצי אוטומטי, שהוא מוחזק בלווית תחמושת מתאימה, במחסנית, מוכן לשימוש, בתוך כלי רכב – כך שינוע בין 15 עד 30 חודשי מאסר בפועל.",test
אילו נסיבות הובילו את בית המשפט לקבוע את מתחם הענישה במקרה זה?,"במקרה דנן, לנוכח הצטרפותן של הנסיבות לחומרה, ובין היתר, סיכון שלום הציבור; סיכון רכושו; סיכון שלומו של הקטין, שנשלח על ידי הנאשם; פגיעה בחירותם ובפרטיותם של אחרים, על לא עוול בכפם; בזבוז המשאבים הרחב של היחידה החוקרת ואף על ידי רשות הכבאות וההצלה - תוך השוואה למקרים שפורטו לעיל, אשר, כאמור, לא היו בהם מאפייני חומרה דומים – יעמיד בית המשפט את מתחם הענישה, במקרה דנן, בין עונש מאסר בן שנה, ועד לשנתיים מאסר בפועל.",test
מהי המטרה של העבירות שביצע הנאשם כלפי השוטרים והפקחים?,"מטרתן היתה הטלת אימה על שוטרים ופקחים המבצעים תפקידם כדין, ומשכך יש בהן כדי לפגוע בסדרי השלטון והמשפט.",test
כיצד השפיעה הודאת הנאשם באשמה על ההליך השיפוטי?,"עוד תובא בחשבון, לזכות הנאשם,  הודאתו באשמה, שהיה בה כדי לחסוך זמן שיפוטי.",test
מדוע לעיתים בתי המשפט נוטים להקל בעונש על עבירות שיש להן נזק משמעותי לכלל ולמשק?,"לעתים דווקא מעשי עבירה כאלה זוכים בבתי המשפט ליחס מקל ופשרני אף שנזקם לכלל, למשק ולכלכה, ולאימון שהציבור רוכש למערכות המשק והשלטון הוא רב ביותר.",test
מהו המידע שמעיד על תכנון מדוקדק של העבירה על ידי הנאשם?,"קיימים נתונים על תכנון לפרטי פרטים של העבירה, תוך הסתייעות בלוגיסטיקה מתאימה, יצירת מצג שווא, פעולה ביחד עם אחר, שנשלח על ידי הנאשם; מסירת תלונה כוזבת לשני גורמים שונים - הן משטרת ישראל והן חברת הביטוח; היעדר כל מורא מפני הסיכון המשמעותי שיצר לחייהם ולשלומם של אחרים – כל אלה מעידים על הפנמה משמעותית של ערכים אנטי חברתיים ועל היותם נטועים היטב אצל הנאשם.",test
מהו ההשפעה של העדר נטילת אחריות על מתחם הענישה?,"העדר נטילת אחריות מלאה ותפישותיהם המקלות של הנאשמים בייחס לעבירות, מהווים נתון המצביע לכיוון החמרה מסוימת במסגרת מתחם הענישה.",test
מהן הנסיבות המיוחדות שצוינו בהקשר למשפחת הנאשם?,"לנוכח קיומן של נסיבות מיוחדות, שעניינן – העובדה, כי משפחת הנאשם קשרה גורלה עם מדינת ישראל, כשבהתאם לנתונים שהוצגו במסגרת פרשת העונש, לא מעטים מבניה שירתו, או משרתים, בכוחות הבטחון; והיא אף שכלה אחד מבניה – אחי הנאשם – ביום פקודה, מוצא בית המשפט, ליתן משקל לנסיבה זו, ביחד עם נכונות הנאשם להשתלב בהליך טיפולי, בדרך של הקלה נוספת, מעבר לרף התחתון של המתחם.",test
מדוע לא מצא בית המשפט אינדיקציה לכך שהנאשם הפיק לקחים מהמקרה?,"ברם, במצב דברים שכזה 	6 אין בפני בית המשפט אינדיקציה כלשהי, לפיה הפיק הנאשם הלקחים הנדרשים מהמקרה וצומצמה מסוכנותו לעתיד.",test
מדוע יש להורות על חפיפה במתחמי הענישה בעבירות השוחד והסרסרות?,"ראוי להורות על חפיפה מסוימת במתחמי הענישה מכיוון שהאישומים שעניינם עבירות השוחד והטיית המשפט מסכת אחת הנובעת ומשלימה את עבירות הסרסרות, שכן נעברו עבירות אלה במטרה לאפשר הפעילות הפלילית בעבירות הסרסרות.",test
מדוע גוזר בית המשפט מאסרים מותנים ממושכים על הנאשם?,"לאור כך שמאסרים מותנים קודמים לא הרתיעו את הנאשם, מוצא בית המשפט לגזור מאסרים מותנים ממושכים, לבל יהין הנאשם לשוב על התנהגותו העבריינית.",test
מהו הצורך בהטלת מאסרים מותנים על הנאשמים?,"מוצא בית המשפט להטיל מאסרים מותנים מרתיעים, לבל יהינו הנאשמים לעבור שוב עבירות דומות.",test
מהי ההשפעה של הגשת תלונת שווא על אמון הציבור ברשויות החוק?,"חריגה כה בוטה מהוראות החוק, ואף מהמוסר הבסיסי, המתבטאת בהגשת תלונת שווא – יש בה כדי לפגוע קשות באמון הציבור ברשויות החוק, ובסדרי המשטר והשלטון.",test
כיצד משפיעים התבחינים על האפשרות להימנע מהרשעת הנאשם?,"התבחינים האמורים הם מצטברים, כלומר – אם אחד מהם אינו מתקיים – אין מקום לנקוט בחריג של הימנעות מהרשעה.",test
"מהו הכלל שנקבע לגבי הענישה בעבירות החזקת נשק, גם כאשר מדובר בעבירה ראשונה?","אשר על כן משכבר נקבע הכלל לפיו ככלל יש לאסור את המבצעים עבירה זו, גם אם מדובר בעבירה ראשונה, מאחורי סורג ובריח, ואילו אורך התקופה כלול בנסיבות הספציפיות של העושה והמעשה.",test
מהי המגמה הכללית שנובעת מהשיקולים לגבי אי-החמרה במסגרת המתחם?,כל אלה מטים הכף לכיוון אי-החמרה במסגרת המתחם.,test
מדוע נחשב הערך הענישתי בעבירות סמים ככלי חשוב בביעור נגע הסמים?,"מזה זמן רב, מדגישים בתי המשפט בפסיקתם את חשיבות הערך הענישתי בעבירות סמים כאחד הכלים החשובים בפעילות לביעורו של נגע הסמים.",test
מהו העיקרון המשפטי שמצדיק את ההפחתה בעונש הנאשם למרות הבקשה להחמרה מצד המאשימה?,"אך לאור עיקרון השוויון, שממנו נגזר גם הצורך באחידות הענישה, בוודאי כאשר המדובר באותה פרשה ממש – לא יושת עליו עונש למלוא התקופה המבוקשת על ידי המאשימה, אלא לתקופה קצרה יותר.",test
מהו הפוטנציאל הנזקי של אופן החזקת אמצעי הלחימה בחדר השינה של הנאשם?,"אופן החזקת אמצעי הלחימה – בתוך חדר השינה של הנאשם, בו ישנים גם אחיו הקטנים, יש בה פוטנציאל נזק ממשי לשלומם ובטחונם.",test
מהו המשקל של הכשרתו וניסיונו של הנאשם בהערכת מעשיו?,"שיקולים אלה מקבל משנה תוקף - כאשר המדובר בקצין ותיק ומנוסה, בעל תפקיד פיקודי, אשר שירת תקופה ארוכה, במגוון תפקידים והיו בידיו הכלים וההכשרה המתאימה להתמודד עם מנעד רחב של מצבים.",test
מדוע לא ניתן להסתמך על שיקום כבסיס לסטיה ממתחם הענישה?,"כבר נאמר לא פעם, כי ""שיקום"" אינו בגדר מילת קסם, אשר תצדיק סטיה ממתחם הענישה בכל עת.",test
כיצד יש לבחון את הפרשה על מנת להבין את החומרה של האירועים?,"על בית המשפט לבחון הפרשה כמכלול, ובבחינה כזו – המדובר באירועים קשים וחמורים.",test
מהו הפן החמור הנוסף המתקיים במקרה של הנאשם 1?,"בכל הנוגע לנאשם 1, מתווסף פן חומרה משמעותי: נאשם זה שירת, בתקופה הרלוונטית, כקצין בכיר במשטרת ישראל.",test
כיצד משפיעה הודאת הנאשם על מיקום עונשו במתחמי הענישה?,"במכלול השיקולים, מוצא בית המשפט למקם את עונשו של הנאשם בתחתית של כל אחד ממתחמי הענישה, אך לאור הודאת הנאשם באשמה, תינתן לו הקלה מסוימת, כך שהעונשים שיוטלו בגין כל אחד מהאישומים, יהיו בחופף זה לזה.",test
"מהו הסימן הנפרד שהוקדש לעבירות כלפי רכבים בחוק העונשין, תשל""ז – 1977?","בנוגע לעבירות כלפי רכבים, לא בכדי, ראה המחוקק לייחד לעבירות אלה סימן נפרד – סימן ה1 – במסגרת הפרק העוסק בעבירות הרכוש (פרק י""א) בחוק העונשין, תשל""ז – 1977.",test
מהי המשמעות של עבירות רבות שנמשכו מספר שנים מבחינת חומרתן?,"זאת ועוד, המערער לא כשל באופן חד-פעמי וחריג, אלא בשורה ארוכה מאד של עבירות אשר נמשכו מספר שנים, וקדמה להן מחשבה ותכנון.",test
מדוע אחזקת נשק עלולה לפגוע בשלטון החוק ובנושאי שלטון החוק?,"בנוסף, אחזקת נשק כאמור עלולה להביא לפגיעה בשלטון החוק ובנושאי שלטון החוק, המבצעים את תפקידם.",test
מהו האינטרס הציבורי שמחייב תגובה עונשית קשה בעבירות סמים?,"לא פעם נכתב בנוגע לעבירות אלו כי האינטרס הציבורי מחייב תגובה עונשית קשה ובלתי מתפשרת בגינן, כחלק מהתרומה שעל בתי המשפט לשאת למלחמה בנגע הסמים; ובעיקר באלו המצויים במעגל הראשון של הפצת ומכירת הסם לצרכנים.",test
מהי החומרה המיוחסת לעבירות איומים ונסיון לגרום היזק לרכוש במשרד התובע העירוני?,"אשר לעבירות האיומים ונסיון לגרום היזק לרכוש במשרדו של התובע העירוני – חרף כך, שבאותו מקרה לא הופעלה אלימות פיסית כלפי הגוף, אלא  אלימות מילולית וכן אלימות כלפי חפצים, יש לראות מקרה זה בחומרה רבה וזאת לנוכח מטרת הפעלת האלימות, שהיתה, כפי העולה מהראיות שנשמעו, הטלת אימה על התביעה העירונית בנסיון להניאה מלמלא תפקידה בהתאם לדין, ובכך גם נסיון לפגוע בהליך משפטי ולשבשו.",test
כיצד משפיעה נפיצותן של עבירות אלימות על החמרת הענישה?,"נפיצותן של עבירות אלה והצורך להגן על קורבנות האלימות שהם על פי רוב חסרי ישע, תורמים אף הם להחמרה הנדרשת בענישה בעבירות אלה.",test
כיצד משפיעים הגורמים השונים על מיקום עונשו של הנאשם במתחם הענישה?,"בשקלול הגורמים, מוצא בית המשפט למקם עונשו של הנאשם ברף התחתון של מתחם הענישה, אך לא בתחתית ממש.",test
מדוע אין לקחת בחשבון את מצבו הכלכלי של הנאשם בעת קביעת פיצוי לנפגעי העבירה?,"כפי שנקבע לא פעם, בנוגע להשתת פיצוי לנפגעי העבירות, אין לקחת בחשבון מצבו הכלכלי של הנאשם, שכן המדובר בסעד אזרחי במהותו במסגרת המשפט הפלילי, וכשם שאם היה נפגע העבירה תובע העברין בתביעה אזרחית לא היה נלקח שקול זה בחשבון, כך אין לקחתו בחשבון במסגרת ההליך דנן.",test
מהו הצעד המינימלי שעל בית המשפט לנקוט כדי לתמוך בבתי המשפט הדיוניים?,המעט שבידי בית משפט זה לעשות הוא לחזק את ידיהם של בתי המשפט הדיוניים בראייה מחמירה של העבירות הכרוכות בכך.,test
כיצד משפיעה מידת המעורבות הפלילית של הנאשם על גובה הענישה?,"שקלול הנתונים, לרבות מידת מעורבותו הפלילית של הנאשם, מצביעים לכיוון ענישה שתהיה לפחות על הצד הבינוני של המתחם.",test
מהו ההסבר המשפטי לכך ששימוש באלימות במשפחה נחשב לניגוד לחוש הצדק האנושי?,הפרתה של ציפייה זו הופכת את השימוש באלימות במשפחה לתופעה העומדת בניגוד עמוק לחוש הצדק האנושי.,test
כיצד מתייחס בית המשפט להמלצות שירות המבחן בנוגע לשיקול השיקומי?,"בית המשפט איננו כבוּל להמלצותיו של שירות המבחן; ובכל הנוגע לאינטרס השיקומי, הרי שמדובר מדובר בשיקול נוסף, אחד מיני רבים, אותו על בית המשפט לשקול, לצד יתר שיקולי הענישה.",test
מדוע יש לראות בהחזקת סם מסוכן פוטנציאל פגיעה משמעותי?,"אין צורך להכביר מילים בדבר פוטנציאל הפגיעה העלולה להיגרם מסם מסוכן זה לקורבנות השימוש בו, ועצם התעוזה להחזיק סם זה – היא כשלעצמה נסיבה משמעותית לחומרה.",test
מהו המאפיין המרכזי של המעשים המיוחסים לנאשם בעבירה זו?,המדובר במעשים הדורשים תכנון מדוקדק מראש וגלומה בהם אי הגינות כלפי הציבור ואנטי חברתיות.,test
מהו העיקרון המשפטי הנוגע לפיצוי שנקבע על ידי בית המשפט?,"כפי שכבר נפסק, אין הפיצוי תלוי ביכולתו הכלכלית של הנאשם.",test
מהו הממצא לגבי הצורך המיוחד בשיקומו של הנאשם והשפעתו על הענישה?,העדר בסיס לטענות בדבר הצורך המיוחד בשיקומו של הנאשם דנן – אין בית המשפט מוצא לחרוג מן הכלל המחייב ענישה במסגרת המתחם.,test
מהו תפקיד האיסור על נישואים פוליגמיים בהגנה על זכויות האישה הראשונה?,"האיסור על נישואים פוליגמיים נועד, בין היתר, להגן על זכויותיה של האישה הראשונה מפני קיפוח, פגיעה במעמדה וזניחתה, וכן להגן מפני השפעותיהם השליליות של נישואין כאלה על כלל הציבור.",test
אילו שיקולים נוספים יש לקחת בחשבון בקביעת מתחם העונש ההולם?,"בבואו של בית המשפט לקבוע את מתחם העונש ההולם, עליו לשקול, בין היתר, את מדיניות הענישה הנוהגת, אך שיקול זה – כמובן אינו היחיד.",test
מהו שיקול הענישה המרכזי הנוגע להרתעת הנאשם והגנה על רעייתו?,"ברם, הצורך להרתיע הנאשם ולהגן על חייה ועל שלומה של המתלוננת – רעייתו, מצוי בגדר שיקולי הענישה – ועל משקלו של שוקול זה - ניתן ללמוד מתוך עצימותה של המסוכנות.",test
מהו מתחם הענישה שנקבע בגין עבירת ההדחה בחקירה?,"בנסיבות אלה, מוצא בית המשפט להעמיד את מתחם הענישה בגין עבירה זו, החל מעונש מאסר צופה פני עתיד ועד למאסר בפועל בן מספר חודשים.",test
כיצד משפיעה יכולתו הכלכלית של הנאשם על פיצוי לנפגע העבירה?,"בהיות הפיצוי סעד בעל אופי אזרחי בהליך הפלילי, אינו קשור ביכולתו הכלכלית של הנאשם, ממש כשם שבתביעה אזרחית אין מקום לשקול ענין זה.",test
כיצד משפיע שיקול זה על גזירת העונש של הנאשם?,"בית המשפט אינו מוצא, כי לשיקול זה השפעה בשאלת ההרשעה, אך ינתן לו משקל בעת גזירת העונש.",test
מדוע קשה להניח שהנאשם פעל מתוך לחץ ולא היה מודע למשמעות מעשיו?,"בנתוניו של הנאשם, על חוות הדעת המעידות על כישוריו הרבים והמעולים, קשה להניח, כי פעל אך מתוך לחץ וכי לא היה מודע באופן מלא למשמעות מעשיו, לפחות בכל הנוגע לרישום הדיווח הכוזב והמפליל.",test
מה מצא שירות המבחן בנוגע לסיכוי שיקומו של הנאשם?,"שירות המבחן מוצא סיכוי ממשי לשיקומו של נאשם זה, והדגיש, את הנזקים שעלולים להיגרם לו אם ישלח  למאסר בין כתלי בית האסורים.",test
באילו נסיבות יוצאות דופן יוכל בית המשפט להטיל ענישה ללא הרשעה?,"רק בנסיבות יוצאות דופן, בהן אין יחס סביר בין הנזק הצפוי מן ההרשעה בדין לבין חומרתה של העבירה, ינקוט בית המשפט, לפעמים, בחלופה של הטלת ענישה ללא הרשעה.",test
מהן השיקולים שעל בית המשפט לקחת בחשבון בקביעת הענישה הספציפית?,"אשר לקביעת הענישה הספציפית במסגרת המתחם: על בית המשפט לקחת בחשבון, בין היתר, את היקף הכספים שהועלם; את משך הזמן בו בוצעו העבירות; מידת התחכום, הערמה והשיטתיות בביצוען והאופן בו מעידות אלה על תפישותיו של הנאשם; נסיבותיו האישיות של הנאשם; עברו הפלילי.",test
מהי המטרה המרכזית של האיסור על החזקת חומרי תועבה לפי החוק?,האיסור על החזקת חומרי תועבה נחקק במטרה למגר תופעה מטרידה זו.,test
מהי הסיבה לסיווג העבירות שביצע המבקש כעבירות בעלות חומרה יתרה?,"לטעמי, צדקו הערכאות הקודמות כאשר סיווגו את העבירות שביצע המבקש כעבירות בעלות חומרה יתרה, הן בשל הסכנה הגלומה בהן לשלום הציבור, והן בשל העובדה כי גניבת רכב הפכה להיות 'מכת מדינה'.",test
מדוע הרחקת עבריינים חזרנים משימוש ברכב מנועי נחשבת לצעד משמעותי במאבק בגניבות חקלאיות?,"גניבות חקלאיות מתבצעות, כמעט תמיד, תוך שימוש ברכב מנועי, וכאשר המדובר בעבריינים חזרנים – הרחקתם משימוש ברכב מנועי לתקופה משמעותית היא צעד שיהיה בו לפגוע קשות בהתארגנות העבריינית ולצמצם הסיכון הנובע מהם לעתיד.",test
"מהי הסיבה להחמרת המתחם בענישה בעבירות סמים, כפי שנקבע במספר גזרי דין אחרונים?","לנוכח הגידול הממשי בתפוצתן של עבירות אלה, המתבטא בהגשת כתבי אישום דומים בתדירות גבוהה, מצא בית המשפט לקבוע, במספר גזרי דין אחרונים, החמרה מסוימת במסגרת המתחם, כך שיעמוד בין 20 – 40 חדשי מאסר בפועל.",test
מהי הסיבה לכך שבית המשפט לא קיבל את עתירת ההגנה לחריגה מהענישה?,"לנוכח הפרוגנוזה כאמור 	6 אין בית המשפט מוצא נימוק המצדיק קבלת עתירת ההגנה, שיש בה משום חריגה משמעותית לקולה ממתחם הענישה.",test
מהו תפקידו של בית המשפט בהרתעת הציבור מעבירות החזקת נשק?,"בשל פוטנציאל ההרס הטמון בכלי נשק, הכולל גם אפשרות לפגיעה עיוורת באנשים מן הישוב, מתפקידו של בית המשפט להרתיע אף מפני עבירת החזקת נשק שלא כדין.",test
מהי מטרת מדיניות הענישה בתחום הסמים?,מדיניות הענישה בתחום הסמים נועדה לשרת את מטרות הגמול וההרתעה ולמנוע הפצה ושימוש בסמים המסוכנים.,test
מהו מתחם הענישה שנקבע לאור טיב המעשים ומידת הפגיעה בערכים המוגנים?,"לאור טיב המעשים, ומידת הפגיעה בערכים המוגנים, מוצא בית המשפט להעמיד מתחם הענישה, כך שינוע בין 8 ועד 18 חודשי מאסר בפועל.",test
מהו הסיכון הציבורי בהיציאה למדינה ללא פיקוח ובקרה?,"כך שגם היציאה למדינה זו, ללא פיקוח ובקרה – עלולה לסכן באופן ממשי האינטרס הציבורי.",test
מהו האינטרס שצריך לעלות על האינטרס השיקומי של העבריין בעבירות חמורות?,"ככלל, ייסוג האינטרס האישי השיקומי של העבריין מפני האינטרס הציבורי, ככל שמדובר בעבירות אלה.",test
מהו האיזון שנעשה בין משך הזמן שחלף לבין החומרה של העבירות שביצעו הנאשמים?,"אכן, מצד אחד תקופה של עשור הינה ארוכה מאוד, אך מהצד האחר, העבירות אשר בוצעו הינן חמורות מאוד.",test
מדוע מעשים של תקיפה בצוותא באישון לילה מחייבים ענישה קשה ומשמעותית?,"רגעי האימה האוחזים באדם, עובר אורח, אשר מותקף לפתע, באישון לילה, ובפרט שהתקיפה נעשית בצוותא, כאשר המותקף אינו יכול להתגונן, שעה שהתוקפים מחזיקים בו ונוטלים את רכושו, עלולים להותיר טראומה קשה ביותר ומעשים מסוג זה, מחייבים ענישה קשה ומשמעותית.",test
"מהו הכלל שנקבע לגבי ענישת מבצעי עבירות החזקת נשק, גם אם מדובר בעבירה ראשונה?","אשר על כן משכבר נקבע הכלל לפיו ככלל יש לאסור את המבצעים עבירה זו, גם אם מדובר בעבירה ראשונה, מאחורי סורג ובריח, ואילו אורך התקופה כלול בנסיבות הספציפיות של העושה והמעשה.",test
מהו הפער המוכר בין הענישה בעבירות פגיעה בגוף וברכוש לבין הענישה בעבירות כלכליות של צווארון לבן?,"בית-משפט זה עמד לא אחת על הפער הקיים בין ההכרה הברורה כי מעשים של פגיעה בגוף וברכוש הינם עבירות שמתחייבת בגינם ענישה חמורה כדי להרתיע מפני סיכון שלום הציבור וביטחונו, לבין מידת הסלחנות הננקטת לא אחת ביחס לעבירות כלכליות של צווארון לבן, שנזקן לפרט ולציבור הרחב הינו רב ביותר.",test
כיצד משפיע האינטרס השיקומי על שיקולי הענישה בעבירות חמורות?,האינטרס השיקומי הינו חלק ממכלול השיקולים אשר נלקחים בחשבון במסגרת שיקוליה ענישה.,test
מהו עקרון מרכזי המנחה את מערכת הענישה בישראל?,עקרון אחידות הענישה הוא בעל חשיבות רבה במשפטנו.,test
מהי המצוקה המיוחדת הנדרשת לצורך חריגה ממתחם הענישה?,"לצורך חריגה ממתחם הענישה יש להצביע על מצוקה מיוחדת, ממנה סובל הנאשם, כגון התמכרות; בעיות רפואיות או נפשיות וכדומה.",test
מדוע האיסור הפלילי על ריבוי נישואין נחשב לנחוץ בחברות בהן הדבר מקובל?,"האיסור הפלילי נחוץ בעיקר למניעת ריבוי נישואין בעדות ובחברות בהן הדבר מקובל כלגיטימי, שבהן גם מעמד האשה נמוך וקיים חוסר שוויון בולט בין המינים.",test
מהן הנסיבות שמצביעות לכיוון הקלה בענישה במקרה זה?,"הודאת הנאשם בעבירות בהזדמנות הראשונה, היעדר ראיות לכוונות שימוש שלילי, והיעדר הסתבכויות קודמות מצביעים לכיוון הקלה בענישה.",test
מהו תפקיד בית המשפט בהרתעת הציבור מפני עבירות סמים?,"על בית המשפט להרתיע היחיד והרבים מפני עבירות הסמים, ולהילחם בתופעה הקשה של נגע הסמים, הצוברת תאוצה בשנים האחרונות.",test
מהו האופי של האירוע שבו הנאשמים היו מעורבים כלפי אוכפי החוק?,"המדובר באירוע התרסה של ממש כלפי אנשי המרות – אוכפי החוק ומעבר לכך – באירוע שהיה בו כדי לסכן, באופן משמעותי, את שלומם הפיסי והנפשי.",test
מהו השיקול המרכזי להחמרה בענישת הנאשמת 1 בהיותה עובדת ציבור בכירה?,"משנה חומרה נודעת למעשיה של הנאשמת 1, אשר בהיותה עובדת ציבור בכירה, ולמעשה  נציגתה של המדינה בחוץ לארץ  ניתנת בה רמת אמון גבוהה.",test
"מהו הרקע לעבירה של הנאשם, כפי שנמסר בשירות המבחן?",כפי שמסר בשירות המבחן למבוגרים 	6 עבר העבירה על רקע מצבה הפיזי והנפשי הרעוע של אשתו הראשונה ובשל הרצון להרחיב התא המשפחתי ולוודא שיש מי שיטפל במשפחה.,test
מהו השיקול המרכזי לקביעת מתחם הענישה בעבירות סמים?,"שיקול לקביעת מתחם הענישה כולל התייחסות לנסיבות ביצוע העבירה, משך ההתנהגות העבריינית, והיקף הפגיעה בערכים המוגנים.",test
מדוע שלומם של השוטרים אינו הפקר וכיצד בית המשפט יכול להעניק להם גיבוי?,"שלומם הגופני והאישי ושלום חייהם של השוטרים אינו הפקר, ועל בית המשפט ליתן להם הגיבוי המתאים כאשר מותקפים בעת ביצוע תפקידם.",test
מהו מתחם הענישה שנקבע לנאשם במקרה של נהיגה ברכב גנוב?,"בנסיבות האמורות, משנתפס הנאשם נוהג ברכב גנוב, אשר נגנב יום קודם לכן, בניסיון להעבירו לשטחי האוטונומיה ביהודה ושומרון, כאשר הוא נוהג ללא רישיון נהיגה (מעולם לא הוציא); ולאור חלקו המשמעותי בהשלמת העבירה; מוצא בית המשפט לקבוע מתחם ענישה הנע בין 9 ועד 20 חודשי מאסר בפועל.",test
כיצד משפיעות הנסיבות הייחודיות של הנאשם על המלצת שירות המבחן?,"בית המשפט מוצא, בנסיבות הייחודיות של הנאשם דנן, ומבלי שיהיה בכך השלכות על מקרים עתידיים, לאמץ המלצת שירות המבחן למבוגרים.",test
מהי ההחלטה שהתקבלה לגבי העונש המוטל על הנאשם לאחר שקלול השיקולים?,"לאחר שבית המשפט עיין בפסיקה ושקל את מכלול השיקולים והטענות של הצדדים, מוצא כי דינו של הנאשם להיענש במאסר בפועל ממש, על הצד הבינוני של מתחם הענישה.",test
מהי הסיבה להחמרת הענישה במקרה של תקיפת בת זוג?,"עבירות אלה, נפיצותן, וכן הקושי של קרבנות העבירה להתלונן, הביאו את המחוקק להחמיר בענישה שנקבעה, כאשר מדובר בתקיפת בת זוג.",test
מהו הצורך בענישה משמעותית בעבירות המוזכרות בפסק הדין?,"עבירות אלה  מחייבות ענישה משמעותית, בעולם המעשה, על מנת להרתיע את עובריהן ולהפוך אותן ללא כדאיות.",test
מהו השיקול המרכזי המנחה את בית המשפט במקרים של עבירות נגד קטינים?,במקרים כאלה – השיקול המרכזי הינו הגנה על הקטינים.,test
מדוע ראוי להטיל ענישה מחמירה על מי שמעוניין ליהנות בזדון מעמל הזולת?,"הרוצה ליהנות בזדון מעמל הזולת ולשלוח יד ברכוש שלא הוא צבר, ראוי לענישה מחמירה...",test
מהי המגמה הכללית של בית המשפט העליון בנוגע לרמת הענישה בעבירות אלימות?,"מגמת בית המשפט העליון וכן בתי המשפט המבררים היא להכביד את רמת הענישה, תוך שהשיקולים האישים של העברין נסוגים בפני הנזק שנגרם לנפגעי העבירה.",test
מהי הסיבה המאפשרת לבית המשפט לחרוג ממתחם הענישה לפי החוק?,"בהתאם להוראות סעיף 40ד' לחוק העונשין תשל""ז – 1977, רשאי בית המשפט לחרוג ממתחם הענישה, כאשר מוצא סיכוי ממשי לשיקומו של הנאשם.",test
"מהו העונש הכללי המוטל על נאשמים בעבירות החזקת סמים מסוכנים, בעיקר קוקאין?","עם זאת, סקירת הפסיקה מובילה למסקנה, כי ככלל, בעבירות של החזקת סמים מסוכנים, בעיקר מסוג קוקאין, דינם של הנאשמים הוא מאסר בפועל בכליאה ממשית.",test
כיצד העבירות שביצע הנאשם משפיעות על כלל הציבור ועל חברות הביטוח?,"המדובר במעשים הפוגעים בכלל הציבור, הן לאור הכבדת הנטל הכלכלי, הרובץ על כלל האוכלוסיה בארץ, בכך שמביאים לעליית פרמיות הביטוח, שכן, חברות הביטוח נאלצות לקחת בחשבון, כי חלק מהתביעות המוגשות להן – הן כוזבות, ובשל כך, נדרשות להקצות משאבים לחקירת התביעות; הן לאור בזבוז המשאבים והזמן של גורמי השיטור והחקירה, אשר גם הם נדרשים להקצות משאבים לבירור תלונת השווא, משאבים אשר, מטבע הדברים, באים על חשבון חקירות אחרות, שנפתחו בגין תלונות אמת.",test
מהו העיקרון שנקבע בפסיקה לגבי הנסיבות האישיות של העבריין בעבירות סמים?,"בעבירות סמים בכלל, ובסמים מהסוג אותו החזיק הנאשם בפרט, נקבע בפסיקה, לא פעם, כי נדחות הנסיבות האישיות של העבריין וצרכי השיקום, ויש להשית ענישה מוחשית ומרתיעה.",test
מדוע מחויב בית המשפט להטיל ענישה מרתיעה בעבירות מסוג זה?,"בנסיבות אלה, מחויב בית המשפט להעביר מסר תקיף וחד משמעי, בדמות ענישה מרתיעה, במישור המעשה, כלפי כל מי שיהין לעבור עבירות מסוג זה.",test
מהו האינטרס שנסוג מפני האינטרס הציבורי בעבירות אלה?,"ככלל, ייסוג האינטרס האישי השיקומי של העבריין מפני האינטרס הציבורי, ככל שמדובר בעבירות אלה.",test
מהו השיקול המרכזי שעל בית המשפט לשקול כדי להרתיע את הציבור מעבירות סמים?,"על בית המשפט לפעול להרתעת היחיד והרבים, אשר סבורים, כי מדובר בעשיית כסף קל, ומתוך בצע כסף, פוגעים פגיעה של ממש בציבור 	6 שלומו; בריאותו; בטחונו; ורכושו.",test
כיצד משתנה מדרג החומרה בין הנאשם לבין המעורבים האחרים בפרשה?,"מבחינת מדרג החומרה, ברי, כי מצבו של הנאשם דנן, חמור משל שלושת המעורבים הראשונים שנזכרו, שכן, המעורבים רמזי אבו סריחאן וחמיד קרינאוי, הורשעו בגין עבירה של קשירת קשר לעוון בלבד, שלא באה לידי ביטויה בעולם המעשה, ואילו המעורב אחמד אבו בחירי, רכש כדור תחמושת בודד.",test
מדוע ההכבדה על כלל הציבור כתוצאה מעבירות הנאשם מצדיקה את ההטלה של קנס?,"ההכבדה על כלל הציבור כתוצאה מעבירות אלה, כפי שפורטה לעיל, מצדיקה השתת עיצום כספי מסוג קנס.",test
היכן ממקם בית המשפט את עונשו של הנאשם במתחמי הענישה?,"במכלול השיקולים, מוצא בית המשפט למקם עונשו של הנאשם בחלקו האמצעי של כל אחד ממתחמי הענישה, כשלאור הודאתו, יושת עונש ברף נמוך יותר מהאמצע.",test
מדוע עיקרון אחידות הענישה נחשב למשקל חשוב בשיטת המשפט במקרה של מעורבים שונים?,"ככלל, עיקרון אחידות הענישה הוא בעל משקל חשוב בשיטתנו המשפטית, ודאי כאשר המדובר במעורבים שונים במסגרת אותה פרשה.",test
מהי הסיבה הנדרשת לענישה משמעותית במקרה זה?,"מכאן גם, שנדרשת ענישה משמעותית, במישור המעשה, שיהיה בה כדי להרתיע בעלי תפקידים מסוג זה מלנצל לרעה הסמכויות והאמון הנתונים בידיהם.",test
מהי עצמת הפגיעה בחמותו של הנאשם בהקשר לעבירה המיוחסת לו?,"במקרה דנן, בהתאם לעובדות האישום השני, היתה הפגיעה בחמותו של הנאשם בעצימות גבוהה, על רקע רצונה הלגיטימי לדווח על מעשה העבירה שנעבר, לכאורה, כלפיה.",test
מדוע שיקומו של נאשם אינו השיקול היחיד בענישה?,"אכן יש ליתן חשיבות לשיקומו של מי שנאשם בפלילים, אך שיקול זה אינו עומד לבדו, ועל בתי המשפט להידרש לצדו לשיקולים אחרים (רע""ב 1730/10 תורג'מן נ' היועץ המשפטי לממשלה).",test
מהו המיקום שבו בית המשפט ראה לנכון לקבוע את עונשו של הנאשם במכלול השיקולים?,"במכלול השיקולים, מוצא בית המשפט למקם את עונשו של הנאשם בחלק הנמוך המתחם.",test
מהו יחסו של הנאשם לחוק וכיצד השפיע המאסר עליו בנוגע לעבירות נוספות?,באלו יש ללמד על יחסו של הנאשם לחוק ועל כך שלא היה במאסר שהוטל עליו כדי להניא אותו מלעבור שוב על החוק ולגרום לו לנהל אורח חיים נורמטיבי.,test
מהי הפגיעה בערכים המוגנים שנגרמה ממעשיו של הנאשם?,"במעשיו של הנאשם היה משום פגיעה בערכים מוגנים של שלום הציבור, בטחונו האישי, שלוות נפשו וכבודו של נפגע העבירה.",test
מהו הגיבוי שעל בית המשפט להעניק לשוטרים המותקפים בעת ביצוע תפקידם?,"שלומם הגופני והאישי ושלום חייהם של השוטרים אינו הפקר, ועל בית המשפט ליתן להם הגיבוי המתאים כאשר מותקפים בעת ביצוע תפקידם.",test
מהו השיקול המרכזי שעל בית המשפט לשקול בעת קביעת הענישה לנאשם?,"אשר לקביעת הענישה, על בית המשפט לשקול עברו של הנאשם, נסיבותיו האישיות, פרוגנוזת הגורמים המקצועיים בענינו, זאת לצד שיקולים נוספים.",test
מהו תפקיד סקירת מדיניות הענישה הנוהגת בקביעת מתחם הענישה על ידי בית המשפט?,סקירת מדיניות הענישה הנוהגת היא רק שיקול אחד מבין כלל השיקולים אותו עושה בית המשפט בקובעו מתחם ענישה הולם.,test
כיצד משפיעה העדר נטילת אחריות מלאה של הנאשם על מתחם הענישה?,"העדר נטילת אחריות מלאה ותפישותיו המקלות של הנאשם בייחס לעבירות, מהווים נתון המצביע לכיוון החמרה מסוימת במסגרת מתחם הענישה.",test
מהו האינטרס הציבורי המוביל לנסיגה של האינטרס השיקומי בעבירות חמורות?,"ככלל, ייסוג האינטרס האישי השיקומי של העבריין מפני האינטרס הציבורי, ככל שמדובר בעבירות אלה.",test
כיצד משפיעה מדיניות הענישה על העונש בעבירות אלימות?,"בחינת מדיניות הענישה הנהוגה מגלה מנעד רחב של ענישה בעבירות מסוג זה, בהתאם לנסיבות ביצוע העבירה ונסיבותיו של העושה, כפי שהדברים משתקפים גם מהפסיקה שהציגו הצדדים.",test
מהו תפקיד הנזקים שנגרמו לנפגעת העבירה בהטלת הענישה?,"בפרק הדן בתסקירים לעיל פורטו באופן נרחב הנזקים הקשים שנגרמו לנפגעת העבירה, ואלו - מן הדין שיבואו ידי ביטוים בענישה שתוטל.",test
מהו העונש המומלץ בדרך כלל בעבירות של התפרצות וגניבה?,"עוד נקבע, כי  ככלל, מן הראוי להטיל במקרים אלה, עונשי מאסר משמעותיים.",test
כיצד פגעו מעשי הנאשם בערכים המוגנים של שלום הציבור וביטחונו?,מעשי הנאשם פגעו בערכים המוגנים של שמירה על שלום הציבור ובטחונו; פגיעה בשלטון החוק והסדר הציבורי; פגיעה באמון הציבור ברשויות המדינה; וטוהר הבחינות להוצאת רישיון נהיגה.,test
מדוע יש לבחון את המעשה בהקשר של הנסיבות האופפות אותו במקרים של אלימות במשפחה?,"במאטריה שעניינה אלימות במשפחה – לא תמיד ניתן משקל בלעדי לעצם המעשה המדובר, אלא יש לבחון אותו בהקשר של הנסיבות האופפות אותו.",test
מהן הסנקציות שהטיל בית המשפט על הנאשם כדי למנוע חזרה על התנהגותו העבריינית?,"בית המשפט מוצא להטיל מאסרים מותנים מרתיעים, לבל יהין הנאשם לחזור על התנהגותו העבריינית; קנס משמעותי; פיצוי לנפגעי העבירה, שישקף את הנזקים הממוניים והלא ממוניים שנגרמו להם.",test
מדוע יושתו עיצומים כספיים ממשיים על העבריינים בעבירות שמטרתן בצע כסף?,"כמובן, לנוכח כך שמדובר בעבירות שמטרתן בצע כסף – יושתו עיצומים כספיים ממשיים.",test
אילו שיקולים עשויים להצדיק קביעת מתחמי ענישה גבוהים יותר בעבירות סמים?,לאור סוגי הסמים בהם סחר הנאשם; כמות הסמים; מגוון הסמים אותם החזיק שלא לצריכתו העצמית; אופן חלוקת הסמים; הראיות שהוצגו בנוגע למעורבות העומק בעולם הסמים המסוכנים; מידת הפגיעה המשמעותית בערכים המוגנים; והנזק הפוטנציאלי הטמון במעשי הנאשם אלמלא היה נתפס;  היה מקום אף לקבוע מתחמי ענישה גבוהים יותר מעתירת התביעה.,test
מדוע חופש הביטוי אינו מצדיק התנהגות פורעת חוק?,חופש הביטוי אינו  נותן הצדק לשימוש בהתנהגות פורעת חוק.,test
כיצד פוגעות עבירות גרימת נזק לרכב בתחושת הביטחון האישי של האזרח?,"אשר לעבירות של גרימת נזק לרכב, בין אם על ידי פירוק חלקים ובין אם בדרך אחרת, אלו פוגעות בתחושת הביטחון האישי של האזרח ובקניינו.",test
מהו הפתרון המוצע לנאשם כדי לאפשר לו להשתלב בעבודה לאחר שחרורו?,"пפנים משורת הדין, תסווג הפסילה כך שיתאפשר לנאשם לנהוג ברכב מסוג ""מלגזה"" וזאת על מנת לאפשר לו לשוב ולהשתלב במעגל התעסוקתי לאחר שחרורו ממאסר.",test
כיצד פוגעות העבירות בכבודה ובאוטונומיה של נפגעת העבירה?,"יש בהן משום פגיעה בכבודה של נפגעת העבירה, באוטונומיה שלה ובזכותהּ על גופה.",test
מהו הקשר בין תיווך לסמים לסחר בסמים לפי עמדת בית המשפט?,"לטעמי, אין זה מעלה או מוריד, זאת מאחר ואין לומר כי   תיווך  בעסקת סמים הינה פחותת ערך מאשר סחר בסמים, אדרבא: תיווך משמש חוליה בשלשלת, ושבירת חולייה אחת עשוייה לשבור את השלשלת כולה.",test
מהו הסיכון הביטחוני הנובע מכניסה שלא כדין לישראל?,"אין חולק כי עצם תופעת הכניסה שלא כדין מגדילה את הפוטנציאל לסיכון בטחוני, בין היתר בכך שהיא פותחת פתח לזליגת פעילות חבלנית עוינת (פח""ע) לתחומי מדינת ישראל ובכך מסכנת את בטחון תושביה.",test
כיצד עבירות הסמים פוגעות באינטרס הציבורי?,"עבירות הסמים פוגעות פגיעה קשה באינטרס הציבורי, החל מפגיעה בבריאות הציבור, המתמכרים לסם וכלה בפגיעה ברכוש ולעתים בגוף, מתוך ניסיון של צרכן הסמים לממן את המנה הבאה.",test
אילו שיקולים נוספים יש לקחת בחשבון בעת קביעת מתחם העונש בעבירות גניבת רכב?,"בית המשפט עיין בפסיקה, אליה הפנו ב""כ הצדדים, ואולם, רמת הענישה הנוהגת היא רק שיקול אחד שעל בית המשפט לקחת, בבואו לקבוע את מתחם העונש ההולם, זאת, לצד שיקולים נוספים כמו מידת הפגיעה בערכים המוגנים; התכנון שקדם לעבירות; התחכום בהן; משך ההתנהגות העבריינית ועוד.",test
מהי חשיבות חיוב הנאשם בפיצוי לנפגע העבירה לפי בית המשפט?,"לאור האמור, רואה בית המשפט חשיבות לחייב הנאשם, בהתאם להצהרתו בפני שירות המבחן, בפיצוי לנפגע העבירה, וזאת הן תוך ראית מצבו וצרכיו של נפגע העבירה והן כחלק מתמהיל הענישה שיוטל על הנאשם, אשר זוכה להקלה מפליגה לאור הארכת המאסר המותנה, שכן גם רכיב ענישה זה עשוי להוות בעל מאפיינים הרתעתיים.",test
מה מעידה התנהגות הנאשם על יחסו לחוק ולשלום הציבור?,"התנהגות זו של הנאשם מעידה, במישור המעשה, כי לא הפיק לקחים מתיק זה; נעדר מורא מהחוק; וממשיך להפגין אדישות לחייהם ולשלומם של ציבור המשתמשים הדרך.",test
כיצד משפיעה הודאת הנאשם באשמה על גזר הדין בהקשר למתחם הענישה?,"הפרוגנוזה בתסקיר והעובדה, כי הנאשם לא הודה בהזדמנות הראשונה, מצדיקים היו עונש שאינו ברף התחתון של המתחם ממש, אך לנוכח הודאת הנאשם באשמה ויתר הנסיבות לקולא, לרבות התקופה בה שהה בפיקוח אלקטרוני וכן בתנאים מגבילים – תינתן לו הקלה, במסגרתה ייגזר עונשו על הרף הנמוך של המתחם.",test
מהו השיקול שיש לקחת בחשבון לקביעת מתחם הענישה בעבירות של תקיפת קטינים ותקיפת בת זוג?,"לצורך קביעת מתחם הענישה הנוהג בעבירות של תקיפת קטינים הנתונים למרותתו של הנאשם, ביחד עם תקיפת בת זוג, יש לבחון רמת הענישה שנקבעה בפסיקת בתי המשפט.",test
מהו מתחם הענישה שנקבע על ידי בית המשפט במקרה של תקיפת שוטרים על ידי המון משולהב?,"כאשר המדובר בתקיפת שוטרים, בנסיבות מחמירות, על ידי המון משולהב, תוך שימוש בנשק קר בדמות אבנים, תוך גרימת חבלות ואף נזק ממשי לרכוש ולבעלי חיים תמימים – כל זאת על רקע אידיאולוגי – מוצא בית המשפט לקבוע מתחם ענישה שינוע בין שלוש ועד שש שנות מאסר בפועל.",test
מדוע נחשב הערך הענישתי בעבירות סמים לכלי חשוב בביעור נגע הסמים?,"מזה זמן רב, מדגישים בתי המשפט בפסיקתם את חשיבות הערך הענישתי בעבירות סמים כאחד הכלים החשובים בפעילות לביעורו של נגע הסמים.",test
"מהו תפקידו של בית המשפט במאבק נגד האלימות בחברה, כפי שהדגיש בית המשפט העליון?","לא אחת, הדגיש בית המשפט העליון את תפקידו של בית המשפט במאבק נגד האלימות הפושה בחברה ועל החשיבות להעניש בחומרה את אלו הפונים לדרכי אלימות.",test
מהו המצב החברתי שאינו יכול להשלים עם פגיעות בקניין הציבור ובתחושת הביטחון?,"חברה מתוקנת אינה יכולה להשלים עם מצב בו פורעי חוק יהפכו את קניין הציבור להפקר ויפגעו בתחושת הביטחון של הציבור, ובוודאי לא יכולה להשלים עם מצב בו אותם פורעי חוק נוקטים באלימות כלפי גורמי אכיפת החוק.",test
מה על בית המשפט לשקול בעת גזירת העונש לנאשם בעבירת ריבוי נישואין?,"על בית המשפט לשקול, את עברו של הנאשם; נסיבותיו האישיות והפרוגנוזה של גורמי ההערכה לגביו.",test
מהו הכלל שנקבע בפסיקה בנוגע להרשעת נאשמים בעבירות?,"בנוגע להרשעת הנאשם בדין, נקבע בפסיקה, לא פעם, כי הכלל הינו, שמי שעבר עבירה יורשע בגינה, וסטיה מהכלל תתאפשר במצב שהוא בבחינת ""החריג שבחריג"", בהינתן שני תבחינים עיקריים: האחד – האם מעשה העבירה מאפשר, מבחינת המסר הערכי שיועבר לציבור, ביטול הרשעת הנאשם בדין.",test
מהי הסיבה לכך שהשתת קנס על הנאשמים במקרה זה?,"אופן התנהגותם של הנאשמים, אשר גרמה להכבדה על מערכת אכיפת החוק, תוך שהשוטרים נאלצו לעשות שימוש בנשק חם ואף הוזמנה תגבורת למקום – מצדיקים השתת עיצום כספי מסוג קנס.",test
כיצד השפיעה הודאת הנאשם על קביעת הענישה בעניינו?,"לזכות הנאשם, ייקח בית המשפט את הודאתו באשמה ואף את העובדה, כי ממילא מרצה מאסר.",test
מה על בית המשפט לשקול בנוגע לעברו של הנאשם?,"על בית המשפט לשקול עברו של הנאשם, נסיבותיו האישיות, פרוגנוזת הגורמים המקצועיים בענינו, זאת לצד שיקולים נוספים.",test
