text,split
"וזאת כאשר תלוי מעל ראשו מאסר על תנאי של שנתיים. מאידך ולקולא, הנאשם כבר אינו אדם צעיר מאד והוא בעל משפחה אשר תושפע לרעה במידה וירצה תקופת מאסר ארוכה. כמו כן, הוא בכל זאת נטל אחריות על מעשיו, גם אם בשלב מאוחר מאד. אכן ניתן טכנית להפעיל את הסעיף במקרה דנן כאשר מתקיים התנאי כי \יש חשש ממשי שהנאשם יחזור ויבצע עבירות וכי החמרה בעונשו והרחקתו מהציבור נדרשות כדי להגן על שלום הציבור\"", וכן כי ל\""נאשם עבר פלילי משמעותי\"" שהינו אחד מהתנאים החלופיים להפעלת הסעיף. ברם, מדובר בסעיף אשר אין מפעילים אותו אלא במקרים חריגים ונדירים. בבד\""מ 2081/18 שרת המשפטית נ' השופטת רונית פוזננסקי- כץ [פורסם בנבו] (18.7.2018) נקבע כי \""... החוק והמציאות הפסיקתית מלמדים כי סעיף 40ה לחוק העונשין הוא יוצא מן הכלל, שבתי המשפט אינם מרבים להשתמש בו ושעיקר פועלו הוא דווקא עדות על הכלל\"" (עמ' 41). הדעה נותנת כי יש מקום לחרוג לחומרה ממתחם הענישה ההולם רק כאשר השיקולים המנויים בסעיפים 40ט ו-40י\""א לחוק אינם מניבים תוצאה המעניקה את ההגנה הנדרשת על הערך של הגנת שלום הציבור. המקרה דנן על אף שהינו חמור, נעדר המאפיין המיוחד הדרוש כדי להצדיק חריגה מהגבול העליון של מתחם הענישה. הנאשם הוא אמנם רצידיוויסט סדרתי בכל הנוגע לעבירות נשק ועל אף זאת, אין הוא נכנס בגדר הקטגוריה הייחודית השמורה למעטים שמעשיהם כה חמורים ומזעזעים שגם הרף הגבוה ביותר של מתחם הענישה אינו מהווה תשובה הולמת לשקלול ענישתם (לעניין זה השוו עם: ת\""פ (שלום תל אביב) 76/12 מדינת ישראל נ' צרפתי [פורסם בנבו] (16.12.2012)). בעניין זה יוער כי איני מקבל את טענת הסניגור שעמדת המדינה פסולה כיוון שהיא סותרת""",train
"הערכים החברתיים שנפגעו הם: הגנה על שלום הציבור ובריאותו. כאשר מדובר בעסקאות סמים ברור שהפגיעה היא קשה (ע\פ 7070/03 אליאן זניד נ' מדינת ישראל; ע\""פ 6029/03 מדינת ישראל נ' גולן שמאי). המדיניות העונשית ביחס לעסקאות סמים מחמירה כפי שעלה מהפסיקה שאוזכרה על ידי המדינה. במקרה דנן, בשני המקרים קדם תכנון משמעותי לביצוע העבירות. במקרה הראשון חלקו היחסי של הנאשם היה דומיננטי וגם במקרה השני היה משמעותי. אין צריך להכביר מלים על הנזק שהיה צפוי אילו העסקאות היו מתבצעות. במקרה דנן המתחם ההולם יכול לנוע בין 4 – 9 שנות מאסר בפועל בכתב האישום הראשון ובין 2 שנים עד 4 שנות מאסר בכתב האישום השני. המתחם אותו תחמו הצדדים הינו סביר בנסיבות העניין. לקולא, יש לציין את הודאתו של הנאשם בביצוע העבירות והזמן הרב שנחסך כתוצאה מההודאה בשני כתבי אישום שונים. כמו כן, פורטו נסיבותיו האישיות של הנאשם על אף שיאמר שנתונים אלו אינם יכולים לעמוד מול הצורך בענישה מרתיעה. יתר על כן, לא ניתן להתעלם מטענות הסניגור באשר לקשיים ראיתיים שעמדו בפני המדינה כאשר כתב האישום הראשון נפתח עוד בסוף 2014 ולא התנהל מאותו מועד כתוצאה מדחיות מוסכמות בין הצדדים. בית משפט זה לא נחשף לראיות שבידי המדינה כיוון שלא התנהלו הוכחות כלל בעקבות הדחיות שהתבקשו. ואכן, קשה להעלות על הדעת סיבה אחרת שהיתה מצדיקה את הסכמת המדינה לדחיות כה רבות, שהגיעו לכדי שנה וחצי, כאשר מדובר באדם הנמצא במעצר. בפראפרזה מהנאמר בסרט \""הטוב, הרע והמכוער\"" – 'אם ברצונך לירות. .. מכל האמור הגעתי למסקנה שיש להטיל על הנאשם עונשים כדלקמן: 5 שנים ו- 10 חודשי מאסר בפועל בניכוי ימי מעצרו מיום 15.12.14. מאסר על תנאי""",train
"מבודד בטענה שהוא רוצה לשוחח עמו ורק אז תקף אותו מיד בהגעה למקום. 54678313 באשר למדיניות הענישה הנוהגת, יש לציין כי רבים מפסקי הדין שהובאו על ידי הסנגור לא מתאימים לנסיבות תיק זה – בין היתר בשל מאפייני התקיפה, וסוג העבירה בה הורשעו הנאשמים. כמו כן, יש לציין כי גם מתחמי הענישה שנקבעו ברבים מפסקי דין אינם תואמים את המתחם שמבקשת ההגנה. בהתאם לערכים החברתיים שנפגעו, עוצמת הפגיעה בהם, נסיבות הקשורות בביצוע העבירה ומדיניות הפסיקה הנוהגת כעולה, בין היתר, מפסקי הדין שהציגו הצדדים (ואף פסקי הדין שהציגה ההגנה עצמה) אני קובע שמתחם הענישה במקרה זה נע בין 4-7 שנות מאסר בפועל. בכל הנוגע לקביעת עונשו של הנאשם בתוך מתחם העונש ההולם נתתי משקל לעובדה כי עברו הפלילי נקי וכי נראה כי עד לאירוע נשוא האישום ניהל אורח חיים נורמטיבי. עוד נתתי משקל לתקופת התנאים המגבילים בהם שהה במהלך ההליך, ולפגיעה הצפויה של העונש בבני משפחתו הגרעינית, אולם שיקול זה אינו שיקול בלעדי. בנוסף על האמור, מצאתי להתייחס ולתת משקל להימנעות שירות המבחן מליתן המלצה שיקומית ביחס לנאשם ומההתרשמות שגם כיום הנאשם אינו לוקח אחריות על מעשיו ועסוק במחירים האישיים שהוא ומשפחתו משלמים בגין האירוע, מבלי להכיר בנזקים הכבדים שנגרמו למתלונן ומבלי להביע אמפתיה כלפיו. בהקשר זה יוער כי לא מצאתי לאמץ את טיעוני ההגנה על כך שניתן ללמוד שהנאשם השתקם או שיש בעניינו אפיק שיקומי, רק מעצם העובדה כי בשנתיים שחלפו מאז ביצוע העבירה הנאשם לא ביצע עבירות נוספות. עוד יוער למעלה מן הצורך כי הטענות שהועלו על ידי ההגנה ביחס לתסקיר שירות המבחן נדחו בהחלטה שניתנה במעמד דיון הטיעונים לעונש, לאחר שלא מצאתי שנפל בתסקיר",train
"אין להכחיש כי מדובר בעבירות חמורות, ברף הבינוני הגבוה, וזאת מכיוון שבמקרה אחד נשדדה קשישה ובמקרה אחר - קטין. הערכים החברתיים שנפגעו הם השמירה על רכוש הפרט ובטחון הפרט בעת המצאותו באיזור ציבורי. דרך הפעולה של הנאשם היתה דומה בכל האישומים, דבר המעיד על תכנון מוקדם כאשר בכל המקרים נשדדו שרשראות זהב שהקרבנות ענדו על צווארם ונמכרו לאחר מכן על מנת לממן את צריכת הסמים של הנאשם. המתחם העולה בהתאם למדיניות הענישה שהובאה לעיל נמצא בין 18 חודשי מאסר בפועל עד 38 חודשי מאסר בפועל בגין כל אחד מן האישומים שהיו כאמור אירועים נפרדים. מזה מספר חודשים עובר הנאשם הליך שיקומי מוצלח כאשר יש לציין שהנאשם עשה צעדים ראשוניים לקראתו עוד טרם מעצרו. עוד התברר כי העדר ההמלצה בחלק מתסקירי הביניים נבע מהעדר מסירת מידע נכון ועדכני מהשב\ס לשירות המבחן (כאשר הסניגור דאג להביא את הממצאים הנכונים בפני בית המשפט). התסקיר המשלים האחרון שניתן ביום 5.10.16 מצביע על התקדמות משמעותית בשלבי השיקום המחולק לשלושה שלבים ואמור להמשך כ-12 חודשים: \""כאמור בתסקירינו האחרון, עם קבלתו למסגרת חאלד החל בשלב א' של התכנית הטיפולית. .. חאלד סיים שלב זה ועלה לשלב ב' שהינו השלב המרכזי של התכנית הטיפולית... והחל להתחבר להשלכות השימוש בסמים. .. חאלד תפקד בצורה משביעת רצון. עולה רושם כי חאלד מנסה להעזר בהליך הטיפולי בו נמצא ומגלה מוטיבציה גבוהה לשינוי ולטיפול. .. במצב זה, ולאור הדיווח החיובי מאוד בתסקיר האחרון, יש מקום במקרה דנן להעדיף שיקולי שיקום על פני שיקולי ענישה. נכון הוא ששיקולי שיקום מהווים שיקול אחד מני רבים ואולם ברור לכל כי שיקום מוצלח של נאשם המכור לסמים מהווה גם הוא אינטרס ציבורי""",train
"הנאשם הוא כבן 23, לחובתו הרשעה בעבירה של תקיפה בנסיבות מחמירות בגינה הוטל עליו מאסר למשך 21 ימים ומאסר על תנאי ל-4 חודשים בגין ביצוע עבירת אלימות פיזית. בנוסף לחובתו שני רישומי תעבורה- הרשעה בעבירת נהיגת נהג חדש ללא מלווה ואי הרשעה בעבירת נהיגה ללא רישיון בתוקף. הנאשם שהה במעצר מיום 10.6.19 ועד ליום 8.8.19, אז ביהמ\ש הורה על המשך מעצר באיזוק, וביום 24.11.19 לאחר שמשפחתו לא יכלה לעמוד במשימת הפיקוח, הוא נעצר עד תום ההליכים. הערכים החברתיים שנפגעו היו שמירה על שלומם של המשתמשים בדרכים, על הסדר הציבורי ועל הקניין. מידת הפגיעה בערכים הייתה חמורה יחסית בהתחשב במרדף שקורותיו תוארו לעיל. עם זאת נראה שלא מדובר בעבירה מתוכננת. הנאשם נושא באופן בלעדי באחריות והיה מסוגל להבין את הפסול במעשיו ולהפסיק בכל שלב משלבי העבירה. מכל האמור ובהתחשב במדיניות הענישה נראה לי שיש מקום לקבוע מתחם ענישה הולם שבין 2.5-5 שנות מאסר. במקרה דנן, מדובר בנאשם ללא עבר פלילי מכביד שעל פי ממצאי שירות המבחן הינו בשל לשיקום. מדובר באדם צעיר עם אישיות בלתי בשלה, שייתכן ויכול להפיק תועלת ממהלכי שיקום. במקרה דנן התלבטתי אם לא להטיל בנוסף תקופת מאסר לריצוי בעבודות שירות ואולם בסופו של דבר בהתחשב באורך התקופה הכוללת בה שוהה הנאשם במעצר ניתן להסתפק בתקופה זו בלבד. לכך יש להוסיף שהתקבלה חוות דעת שלילית מהממונה אשר תיארה סיכון לנאשם במידה ויבצע עבודות שירות בתקופה הנוכחית. אשר על כן אני מטיל על הנאשם את העונשים כדלקמן: תקופת מאסר באורך תקופות המעצר שתסתיים היום. צו מבחן למשך שנה וחצי בהתאם להמלצת שירות המבחן שבמהלכו ישולב בתכנית שיקום. מאסר על תנאי של 12 חודשים למשך 3""",train
"הערכים החברתיים המוגנים שנפגעו הם בעיקר שמירה על שלמות הגוף ומניעת אלימות. מבחינת שאלת התכנון, לא ברור אם מדובר בסכין שהוחבאה במקום מבעוד מועד לצורך שימוש באירוע או האם הסכין נמצאה שם על דרך המקרה והנאשם רשאי ליהנות מהספק בעניין זה. בכל זאת, חלקו היחסי של הנאשם באירוע היה מהותי; הנאשם היה זה ששלף ראשון נשק וכן לא מתקיימת פרופורציה בין השימוש בסכין לבין הריסוס בגז פלפל. כמו כן הנאשם נקט באלימות חמורה כלפי רוני שנפגע בצורה יחסית קשה וכן כלפי עלי שגם נפגע אם כי ברמה פחות חמורה (יוזכר שאיני מתעלם מכך שגם הנאשם נפגע בצורה לא קלה בידו במהלך המאבק בין הצדדים). עוד יצוין כי היה צפוי להיגרם נזק משמעותי מהשימוש בסכין ואכן נגרם. הנאשם היה צריך להבין את הפסול במעשיו מבעוד מועד ולהימנע מהם. מכל האמור הגעתי למסקנה שמתחם הענישה ההולם נע בין 2.5– 5 שנות מאסר בפועל. באשר לעונש בתוך המתחם, לחובת הנאשם אומנם עבר פלילי, אולם אין מדובר בעבירות כה חמורות כמו במקרה דנן. לצד זה יש להוסיף עוד שהנאשם בחר ליטול אחריות על מעשיו בשלב מוקדם של ההליך לאחר תיקון כתב האישום ולהודות בו. כמו כן נסיבותיו האישיות של הנאשם הן מורכבות והוא נמצא במעצר מזו תקופה יחסית ארוכה בתנאים שקשים מהתנאים במאסר. אשר על כן יוטלו העונשים כדלקמן: 5 שנות מאסר בפועל בניכוי ימי מעצרו מיום 13.11.19. מאסר על תנאי לתקופה של 12 חודשים, למשך 3 שנים ממועד שחרורו שיופעל במידה והנאשם יבצע עבירות אלימות מסוג פשע. פיצוי בסך 5,000 ₪ למתלונן רוני, לתשלום עד ליום 31.3.21. פיצוי בסך של 1,000 ₪ למתלונן עלי, לתשלום עד ליום 31.3.21.",train
"הנאשם יליד שנת 2000 ועצור מיום 31.10.2021. אין צורך להכביר במילים על חומרתן של עבירות הנשק שהפכו למכת מדינה ולא חולף יום אחד ללא נפגעים, בייחוד במגזר הערבי. בעניין דנן הערכים החברתיים שנפגעו היו שלום ובטחון הפרט והציבור. כמו כן, מידת הפגיעה בערכים הייתה ברף הבינוני, לאור סוג הנשק שנתפס. באשר לתכנון, הנאשם נסע ברכב השייך לגיסתו כמתואר בכתב האישום, אך לא היה ברור מידת התכנון שקשורה בעבירות. יחד עם זאת, הנאשם היה צריך להבין את הפסול במעשיו ולהימנע מהם. לחומרה יש לציין כי מדובר בנשק התקפי שהוא תת מקלע מאולתר וכי לחובת הנאשם עבירה אחת בעברו הפלילי. בהתבסס על הפסיקה שהוגשה לעיל, והמגמה להחמרה בעונש בעבירות של הנשק יש לקבוע מתחם ענישה שנע בין 10 – 36 חודשי מאסר בפועל. יצוין כי התיקון לחוק בענייו עונש מזערי אינו חל במקרה דנן אך יש לקחת אותו בחשבון בעת גזירת העונש כרכיב במדיניות הענישה. בתוך המתחם יש לקחת בחשבון את הודאתו של הנאשם ולקיחת האחריות שההודאה מסמלת. אשר על כן, אני מטיל על הנאשם את העונשים כדלקמן: 15 חודשי מאסר בפועל בניכוי ימי מעצרו מיום 31.10.2021. מאסר על תנאי לתקופה של 18 חודשים למשך 3 שנים, כאשר התנאי יופעל במידה והנאשם יבצע כל עבירה של נשק.",train
"של נאשם 1 בתוך מתחם העונש ההולם, נתתי משקל לעובדה כי מדובר בנאשם צעיר, שזוהי הסתבכותו הראשונה עם החוק, ושעד למקרה זה ניהל אורח חיים נורמטיבי. עוד נתתי משקל להודאתו בכתב האישום המתוקן, לקיחת האחריות מצידו והחיסכון בזמן השיפוטי. בהתאם לכך מצאתי שיש למקם את עונשו של נאשם 1 ברף התחתון של מתחם העונש ההולם. אשר על כן, הנני מטיל על הנאשם עונשים כדלקמן: - 14 חודשי מאסר בפועל בניכוי ימי מעצרו מיום 27.11.21. - 12 חודשי מאסר על תנאי למשך 3 שנים כאשר התנאי יופעל במידה ויעבור עבירות נשק מסוג פשע.",train
"הערכים החברתיים המוגנים שנפגעו ביחס לאישום הראשון הם שלמות הגוף, שמירה על חיי אדם, קניינו של אדם ופרטיותו. בנוגע לאישום השני נפגעו הערכים החברתיים המוגנים של שמירה על שלטון החוק והיכולת לאכוף את החוק ולנהל הליכי משפט תקינים. האירוע הראשון, המתואר באישום הראשון היה ביום 7.12.18, בעוד שהאירוע באישום השני, התרחש למעלה משלושה חודשים מאוחר יותר, ביום 11.3.19. יוער, כי מדובר באירועים קשורים (עיכובו של הנאשם נבע כתוצאה מהאירוע הראשון) אך אין סמיכות זמנים בין האירועים ואין לראותם כאירוע מתמשך אחד ויש לקבוע מתחם עונש הולם ביחס לכל אישום בנפרד. באשר לנסיבות הקשורות בביצוע העבירה באישום הראשון, הרי שקדם תכנון לביצוע העבירה- הנאשם והאחרים הגיעו למקום שעה קודם לכן, עזבו וחזרו בשנית למקום עבודתו של המתלונן במועד שככל הנראה התאים להם יותר מסיבותיהם. בנוסף, אחד מהאחרים הגיע למקום כשהוא מצוייד באלה; חלקו של הנאשם משמעותי והוא היוזם של ביצוע העבירה מלכתחילה. גם אם אקבל את הטענה כי הנאשם לא היה דומיננטי באירוע ואף הרחיק את אחד מהאחרים בשלב מסוים, הרי שעדיין הוא האחראי לאירוע במסגרתו בצוותא חדא עם אחרים הכה את המתלונן והמשיך להכותו בכל חלקי גופו בעודו שרוע על הרצפה; באשר לנזק, הרי שהנזק שנגרם כתוצאה מביצוע העבירה הוא שבר וחבלות כפי שעולה מהתיעוד הרפואי והתמונות שהוגשו אך מסכים אני עם ב\כ המאשימה בטענתו לפיה יש לתת דגש לפוטנציאל הנזק שעלול היה להיגרם כתוצאה מביצוע העבירה ובהקשר זה לציין את השימוש באלה וכן בחפצים מארגז הכלים; באשר לסיבות שהביאו את הנאשם לבצע את העבירה, הרי שלגרושתו מותר לנהל קשר עם המתלונן וגם אם הנאשם רואה במתלונן האחראי לפירוק ביתו, הוא אינו רשאי לעשות דין לעצמו""",train
"הנאשמת נעצרה עד תום ההליכים ביום 16.2.21. הערכים המוגנים שנפגעו היו שמירה על שלום הציבור ורכושו. מידת הפגיעה היתה בינונית לכל הפחות לאור השימוש שנעשה בנשק קר לצורך ביצוע העבירה. מדובר במעשה שתוכנן מראש כפי שמעיד השימוש באביזרים כגון מסכה וכפפות, כמו גם סיור השטח המקדים שבוצע על ידי האחר. פוטנציאל הנזק היה גבוה לאור השימוש בנשק קר. הנאשמת היתה צריכה לדעת על הפסול במעשיה ולהימנע מהם. על רקע האמור הגעתי למסקנה כי מתחם הענישה ההולם נמצא בין 2.5 – 5 שנות מאסר בפועל. באשר לקביעת העונש בתוך המתחם, יש לקחת בחשבון לחומרא את עברה הפלילי המכביד של הנאשמת. לקולא יש לקחת בחשבון את נסיבות חייה הקשים ורצונה להיגמל מהשימוש בסמים בתקופת המאסר, וכמו כן את ההודאה המוקדמת שמשקפת לקיחת אחריות על מעשיה. אשר על כן הנני מטיל עונשים כדלקמן: 40 חודשי מאסר בפועל מהם תנוכה תקופת המעצר מיום מעצרה. 9 חודשי מאסר על תנאי למשך 3 שנים כאשר התנאי יופעל במידה והנאשמת תעבור עבירת אלימות מסוג פשע.",train
"במקרה דנן נפגעו הערכים החברתיים המוגנים של שמירת הרכוש וביטחון הפרט. הפגיעה הייתה ברמה בינונית ואף יותר מכך. התבצע תכנון מוקדם כפי שנטען על ידי המדינה. חלקו היחסי של הנאשם 1 היה דומיננטי, הוא זה שנמצא בסכסוך עם גרושתו והוא גם ביצע את מרבית הפעולות לצורך ביצוע העבירה. הנזק שהיה צפוי להיגרם מביצוע העבירה היה כידוע משמעותי לאור כך שמדובר בהצתה. בפועל נגרם נזק משמעותי כאשר הרכב נשרף כליל. בעניין זה יצוין שהנאשם הביע נכונות לספק רכב חדש במקום הרכב הישן, אך המתלוננת מסרה שאינה מעוניינת. מקרה זה נופל לתוך אותם מקרים שהובאו בפסיקה שהוזכרה על ידי הצדדים כאשר הפסיקה שהובאה על ידי המדינה מתאימה יותר בנסיבות מאשר הפסיקה שהובאה על ידי הנאשם שעניינה בעיקר מקרים שהועדפו שיקולי שיקום או שבהם לא נגרם כל נזק. אשר על כן אני קובע מתחם ענישה שבין 2-4 שנות מאסר. מבחינת העונש בתוך המתחם יש לציין לטובת הנאשם שהוא הודה בשלב מוקדם יחסית של ההליך, וקיבל אחריות על מעשיו. כמו כן יש לציין את המוכנות מצדו לפצות את גרושתו בגין הנזקים שנגרמו ויש עוד לציין את ילדיו ובעיקר בתו אשר סובלים מכך שהוא לא נמצא לידם כעת. שנתיים מאסר בפועל, כאשר מתקופה זו תנוכה תקופת מעצרו מיום 17.7.19 ועד היום.",train
"ניכר של האישומים. הקשר היחיד בין האירועים השונים הינו אירועי ההתפרעות של אותם ימים ואין בכך כדי להוביל למסקנה כי מדובר באירוע אחד. על בסיס תיאור נסיבותיו כל אחד מהאישומים השונים שפורט לעיל, ובהתחשב באישומים שכללו עבירות של כפל עונש המרבי מחמת ביצוע מתוך מניע של גזענות או כאלה המהווים מעשי טרור ועל סמך מדיניות הענישה המשתקפת מן הפסיקה, נקבעים מתחמי ענישה כדלקמן: האישום הראשון (שני הנאשמים) 8 – 20 חודשי מאסר בפועל. האישום השני (נאשם 4 בלבד) 10 – 40 חודשי מאסר בפועל. האישום השלישי – ביחס לנאשם 4: 15 – 50 חודשי מאסר בפועל; ביחס לנאשם 5: 30 – 60 חודשי מאסר בפועל. באשר לקביעת העונשים בתוך המתחם, יצוין שלנאשם 4 שתי הרשעות קודמות, אם כי בעבירות לא חמורות ולנאשם 5 עבירה קודמת משנת 2008 של רכישת והחזקת נשק שלא כדין וביצוע עסקה אחרת עם נשק, יצוא ויבוא נשק בלי רשות, שבגינה הוטל עליו מאסר בפועל ל-6 חודשים. לשני הנאשמים משפחות והם אנשים צעירים. כמו כן, שני הנאשמים הודו בביצוע העבירות שיוחסו להם, אם כי לא בשלב ההתחלתי של המשפט. כל אחד מהנאשמים הביע חרטה על מעשיו וטען שהמעשים אינם אופייניים לו. לכך יש להוסיף עוד שביחס לאישום השני, נאשם 4 ניגש לדלת המטבח במסעדה שם התחבאו מספר עובדים וסייע להם לצאת מהמקום. בהתחשב בכל האמור לעיל, הנני מטיל עונשים בתוך המתחמים כדלקמן: באישום הראשון – 9 חודשי מאסר בפועל; באישום השני – 26 חודשי מאסר בפועל; באישום השלישי – 30 חודשי מאסר בפועל. באישום הראשון – 9 חודשי מאסר בפועל; באישום השני – 30 חודשי מאסר בפועל; באישום השלישי – 45 חודשי מאסר",train
"מבלי להקל ראש בעבירות, מדובר בספיח לפרשה חמורה שבמרכזה פציעה קשה של אדם אחר. כפי שפורט לעיל, הנאשם זוכה מהעבירה המרכזית. בגין עבירת הניסיון כפי שעולה מתיאורה בכתב האישום, יש לקבוע מתחם ענישה הנע בין מאסר על תנאי לבין מספר חודשים של מאסר בפועל. במקרה דנן מדובר בנאשם שעצור מיום 1.1.21, תקופה של כחצי שנה. ועל כן, יש מקום לקבוע שתקופת המאסר תחפוף לתקופת המעצר והנאשם ישוחרר היום.",train
"שיקום על פני שיקולי ענישה, הכל כאמור בתסקירי שירות המבחן שהוגשו. אשר על כן, אני מטיל על הנאשמים עונשים כדלקמן: מאסר לתקופה של 6 חודשים שירוצו בעבודות שירות כאמור בחוות דעתו של הממונה על עבודות השירות. המאסר על תנאי מת\פ 55838-06-13 מיום 9.6.14 ירוצה בחופף למאסר כאן. תקופת מבחן למשך שנתיים בהתאם להוראות שירות המבחן. מאסר על תנאי של 9 חודשים למשך 3 שנים כאשר התנאי יופעל במידה והנאשם יבצע עבירות אלימות מסוג פשע. קנס בסך 5,000 ₪ לתשלום עד ליום 31.12.16. מאסר לתקופה של 4 חודשים שירוצו בעבודות שירות כאמור בחוות דעתו של הממונה על עבודות השירות. תקופת מבחן למשך 18 חודשים בהתאם להוראות שירות המבחן. מאסר על תנאי של 9 חודשים למשך 3 שנים כאשר התנאי יופעל במידה והנאשם יבצע עבירות אלימות מסוג פשע. קנס בסך 5,000 ₪ לתשלום עד ליום 31.12.16. מאסר לתקופה של 4 חודשים שירוצו בעבודות שירות כאמור בחוות דעתו של הממונה על עבודות השירות. תקופת מבחן למשך 18 חודשים בהתאם להוראות שירות המבחן. מאסר על תנאי של 9 חודשים למשך 3 שנים כאשר התנאי יופעל במידה והנאשם יבצע עבירות אלימות מסוג פשע.""",train
"הערכים המוגנים שנפגעו כתוצאה מהעבירה היו שמירה על הקניין, ובטחון הציבור ושלומו. הצטיידות הנאשם בכלי הנחזה להיות נשק ועטיית כיסוי על הפנים מצביעות על תכנון מוקדם. חלקו היחסי של הנאשם 1 היה דומיננטי לעומת הנאשם 2, כאשר הוא זה שנכנס לחנות וביצע את השוד בעוד הנאשם השני שמר מבחוץ. עם זאת לא נגרם נזק במהלך ביצוע העבירה ואולם הסיבות שהביאו את הנאשם לבצע את העבירה היו פסולות והנאשם היה מסוגל להבין את הפסול במעשיו ולהימנע מהם. לא הופעלה אלימות בפועל כלפי הנוכחים בחנות. מדובר על כן בשוד ברף נמוך-בינוני, מבחינת חומרה אפשרית, וזאת בעיקר מפאת זה שלא הופעלה אלימות בפועל. בהתחשב בכל הנתונים שפורטו לעיל, מתחם הענישה ההולם נמצא בין 18 – 40 חודשי מאסר בפועל. ואולם השאלה העיקרית שעולה מהמקרה הינה – אם יש ללכת בדרך המומלצת על ידי שירות המבחן ולהעדיף שיקולי שיקום על פני שיקולי ענישה. יוזכר שמדובר בנאשם צעיר בן 21 שנים בלבד, ללא עבר פלילי קודם שבמהלך ההליך השתתף בהצלחה בקבוצת עצורי בית, ובין היתר, קיבל אחריות על העבירה, מודע לפסול בהתנהגותו והביע רצון להמשיך להשתלב בהמשך תהליכי שיקום. שירות המבחן התרשם שאין מדובר באדם שמציג דפוסי מחשבה והתנהגות אנטי סוציאליים מושרשים שיכול להפיק תועלת ממהלכי שיקום נוספים, ומגלה מוטיבציה ומסוגלות לכך. נראה שמדובר בתסקיר מבוסס שלא מצאתי סיבה ולא לקבל את ממצאיו. המדינה אומנם טענה שאימוץ המלצות התסקיר יהווה העדפת האינטרס הצר של הנאשם בלבד, ואולם לדעתי, קיים אינטרס ציבורי גם בשיקום עבריינים. אשר על כן, אני מטיל עונשים כדלקמן: מאסר בפועל למשך 9 חודשים שירוצה במסגרת עבודות שירות, בהתאם להמלצת הממונה על עבודות השירות. צו מבחן למשך 18 חודשים,",train
עבירת סמים שלא לצריכה עצמית.,train
"העבירות שלחובתו נעברו עד לשנת 2001 ורק עבירה אחת נוספת, שלא בענייני סמים, נעברה בשנת 2007. כל עבירות הסמים היו החזקה או שימוש לצריכה עצמית. על פי האמור לא ניתן לומר כי הפשע הינו דרך חיים עבורו. בהתחשב בכלל הנסיבות הנני מטיל עליו עונש מאסר לתקופה של 24 חודשים, מתוכם 16 חודשים בפועל ו- 8 חודשים על תנאי למשך 3 שנים כאשר התנאי יופעל אם יעבור עבירות סמים מסוג פשע. לא מצאתי יסוד להטיל עליו קנס או לשלול ממנו את רשיון הנהיגה מעבר לתקופה שישהה ממילא במאסר. ביחס לנאשם 3, אין נסיבות מקילות באותה מידה כפי שקיימות לגבי הנאשמים האחרים. הוא היה זה שביצע את העסקה בפועל, מכר את הסמים והיה אמור להינות מהרווח בגין העסקה. לנאשם 3 עבר פלילי משמעותי בעבירות סמים שלא לצריכה עצמית, 4 עבירות מאז שנת 2000 כאשר מאסרו האחרון לתקופה של 16 חודשים הסתיים רק ב- 2010. בנוסף, תוך כדי ביצוע עבירת הסמים נעברה גם עבירת תעבורה של נהיגה בעת פסילה אשר מוסיפה על עברו התעבורתי המכביד ממילא. העבירות במקרה דנן בוצעו עוד בתקופה בה תלוי כנגד הנאשם 3 מאסר על תנאי של 14 חודשים בגין עבירות סמים. יחד עם זאת, יש בהודאתו המוקדמת כדי להצדיק הקלה בעונש שיוטל. בהתחשב באמור לעיל, הנני מטיל על הנאשם 3 עונשים כדלקמן: מאסר בפועל לתקופה של 30 חודשים. מאסר על תנאי לתקופה של 18 חודשים למשך 3 שנים מיום שחרורו פן יעבור עבירות סמים מסוג פשע. בנוסף המאסר על תנאי שהוטל במסגרת ת.פ (עכו) 16488-03-09 (14 חודשים) יופעל מחציתו במצטבר (7 חודשים כולל) ומחציתו בחופף לתקופת המאסר שלעיל.",train
"חודשי מאסר על תנאי ועד ל-9 חודשי מאסר בפועל. גם הנאשם 2 חסר עבר פלילי. הודאתם המוקדמת של שני הנאשמים חסכה זמן למערכת המשפט ויש להחשיב זאת לטובתם. כמו כן כל אחד מהם הביע חרטה וצער על מעשיו. מכל האמור הגעתי למסקנה שיש להשית על הנאשמים את העונשים כדלקמן: 6 חודשי מאסר בפועל לריצוי בעבודות שירות, בהתאם להמלצת שירות המבחן מיום 15.4.19. מאסר על תנאי לתקופה של 6 חודשים למשך 3 שנים כאשר התנאי יופעל במידה והנאשם יעבור עבירות נשק או אלימות מסוג פשע. קנס בסך 2500 ₪ לתשלום עד ליום 30.6.19. מאסר על תנאי לתקופה של 5 חודשים למשך 3 שנים, כאשר התנאי יופעל במידה והנאשם יעבור עבירה בניגוד לסימן ג' סעיפים 273-א275 לחוק העונשין. קנס בסך 1000 ₪ לתשלום עד ליום 30.6.19. הנני מורה על חילוט הנשק ואביזריו.",train
"ההליך, לאחר שנשמעו מרבית עדי התביעה. בנסיבות, אין מקום לזקוף לנאשם חסכון במשאבי שיפוט. מכל האמור הגעתי למסקנה כי יש להטיל על הנאשם עונשים כדלקמן: 42 חודשי מאסר בפועל בניכוי ימי מעצר מיום 29.3.16 עד 15.6.16. הנאשם יתייצב למאסרו בבית מעצר קישון עד ליום 20.9.17 בשעה 10:00, או על פי החלט שב\ס, כשברשותו תעודת זהות או דרכון. על הנידון לתאם את הכניסה למאסר, כולל אפשרות למיון מוקדם, עם ענף אבחון ומיון של שב\""ס, טלפון 08-9787377, 08-9787336. התנאים המגבילים החלים על הנאשם ימשיכו לחול עד למועד זה. 9 חודשי מאסר על תנאי למשך שלוש שנים מיום שחרורו כאשר התנאי יופעל במידה והנאשם עובר עבירת סמים מסוג פשע. קנס בסך 10,000 ₪ לתשלום עד ליום 31.12.17 הסכום בסך 22,600 ש\""ח יחולט.""",train
"הענישה בשנים האחרונות בגין עבירות של השלכת פסולת על אף השוני בין הנתונים של המקרים הספציפיים (ע\פ (ת\""א) 13950-01-11 כהן נ' מדינת ישראל (נבו, 30.3.2011)); ע\""פ (חי') 18987-06-09 מדינת ישראל המשרד להגנת הסביבה נ' מוחמד בשיר בן תופיק (22.11.2009); ת\""פ (נצ') 52463-08-10 מדינת ישראל נ' אעיד כילאני (5.1.2001). במקרה הנוכחי, כפי שנקבע בהכרעת הדין הנאשם הינו הבעלים של המשאית ולא נהגה בלבד. העונש חייב לשקלל ממצא זה. בנוסף, לא בכדי נכללו בחוק שמירת הניקיון עונשים של מאסר ושלילת רשיונות. הענישה הכלכלית לא נועדה להוות ענישה בלעדית בתגובה לעבירות סביבתיות ושאלה היא האם נועדה להוות הענישה המרכזית. במקרה דנן לחובת הנאשם עבירות סביבתיות קודמות שבוצעו על ידו תוך כדי שימוש ברכב והוא כאמור נהג במקצועו. במצב זה כאשר קיים קשר הדוק בין מקצועו של הנאשם לבין ביצוע העבירות, יש מקום להטיל עונש נוסף של שלילת רשיון על תנאי כדי להרתיע את הנאשם מביצוע עבירות נוספות (ע\""פ (חי') 736/05 צוקרמן יניב נ' מ\""י – המשרד לאיכות הסביבה (6.4.2006); ולעניין חופש העיסוק מול אינטרסים של שמירת הסביבה ראו: ע\""א 1805/00 מחצבות כנרת (שותפות מוגבלת) נ' משרד התשתיות ואח', פ\""ד נו(2) 63, 76 (6.12.2001)). לאור האמור לעיל ולאחר ששקלתי את טענות הצדדים לרבות טענות הנאשם להקלה בעונש, אני מטיל על הנאשם עונשים כדלקמן: הנני מטיל על הנאשם קנס כספי בסך 80,000 ₪, או 4 חודשי מאסר תמורתם. הקנס ישולם ב-10 תשלומים שווים ורצופים החל מיום 1.8.11. יובהר כי אי עמידה בתשלום אחד תגרור פירעון הקנס המלא באופן מיידי.""",train
מיום 25.2.21 עד ליום 13.6.21 ומיום 29.3.22 ואילך. 12 חודשי מאסר על תנאי למשך 3 שנים כאשר התנאי יופעל במידה ויעבור עבירות נשק מסוג פשע.,train
"נאשם 1 יליד שנת 1985 ללא עבר פלילי. הנאשם היה עצור מיום 4.10.22 עד ליום 28.12.22, אז נעצר בפיקוח אלקטרוני. אין ספק כפי שטענה המדינה שעבירות הנשק הם מכה רעה בחברה. יש לפעול למיגורה של התופעה ועל בתי המשפט לתרום לסיכולה על ידי ענישה מתאימה ומחמירה (ע\פ 4406/19 מדינת ישראל נ' סובח (5.11.19)). במקרה דנן הערכים החברתיים המוגנים שנפגעו במעשיו של נאשם 1 היו שמירה על שלום הציבור, שלמות הגוף והגנה על החיים. העבירות כאן תוכננו מבעוד מועד ונאשם 1, ביתר שאת בהיותו איש מילואים ונוכח הרקע האישי שלו, היה צריך לדעת ולהבין את הפסול במעשיו ולהימנע מביצועם. בנוסף, העבירות בוצעו תוך ניצול מעמדו המיוחד כחייל תוך ניצול האמון שניתן בו על ידי המדינה. עוד לחומרא אוסיף שמדובר בכמות משמעותית של תחמושת, תואמת לנשק התקפי. מכל האמור ועל בסיס הפסיקה שהוגשה, הנני קובע מתחם ענישה הולם שבין 24 – 55 חודשי מאסר בפועל. ואולם במקרה זה לאור האמור בתסקירים, מצאתי לקבוע כי יש סיכויים של ממש לשיקום ועל כן יש מקום לסטות ממתחם הענישה ולהטיל בשלב זה ענישה כמומלץ בתסקיר. אשר על כן אני מטיל ענישה כדלקמן: 9 חודשי מאסר לריצוי בעבודות שירות, בהתאם לחוות דעתו של הממונה על עבודות שירות. מאסר על תנאי לתקופה של 12 חודשים למשך 3 שנים, שיופעל במידה והנאשם יבצע עבירות נשק או אלימות מסוג פשע. תקופת מבחן של 18 חודשים.""",train
"נוספת, כשהפעם ביקש ממנה, ביום שלמחרת, לבלוע גלולה כדי לוודא שלא תיכנס להריון פעם נוספת. גם בהמשך, במהלך השנים 2011-2012, ניסה הנאשם בהזדמנויות שונות, לבצע מעשים מיניים במתלוננת וליטף אותה בכל גופה מעל לבגדיה ובאיבר מינה מתחת לבגדיה. רק לאחר שהמתלוננת דרשה שיפסיק, חדל הנאשם ממעשיו. אם לא די בכך הרי שלעבירות המין נוספו עבירות נוספות, עת במהלך כל התקופה המתוארת לעיל, איים הנאשם על המתלוננת לבל תספר לאיש על המעשים המיניים שביצע בה ללא הסכמתה, וזאת תוך שימוש באיומים כי יפגע בגופה וישפוך עליה חומצה וכן איים עליה באמצעות סכין. הנאשם נהג במתלוננת לא רק כשותפתו המינית, הוא אף קינא לה כאילו היתה בת זוגו ונהג להגביל את לבושה ואת יציאותיה מהבית. מדובר במעשים שפלים של אב שאמור היה לשמש למתלוננת משענת ומגן, אך בגד במלוא מובן המילה בחובתו הבסיסית כאדם וכהורה לגונן עליה ולשמור עליה מכל רע, ניצל את אמונה ומבטחה ולדאבון הלב הפך אותה \כלי שרת\"" לסיפוק צרכיו ותאוותו המינית. כדי לבצע את מעשיו הנלוזים, ניצל הנאשם את העובדה שאשתו שהתה שעות רבות מחוץ לבית ואת ידיעתו כי אין בידה הכוחות להתעמת עמו. אין צורך להכביר מילים בדבר הפגיעה שפגע הנאשם במתלוננת. הנאשם רמס את נפשה, חילל את גופה, פגע בה פגיעה חמורה והרס במידה רבה מאוד את עתידה. מקריאת תסקיר נפגעת העבירה בעניינה של המתלוננת עולה כי היא פגועה ומצולקת כתוצאה מההתעללות המינית שחוותה במשך שנים, וברור כי אף אם המתלוננת תמצא בעצמה כוחות נפש לחזור לטיפול אותו הפסיקה, הרי שאת הנעשה אין להשיב ויש רק לקוות שניתן יהיה להציל בעתיד, ולו באופן חלקי, את הפגיעות שבנפשה. (סעיפים 40ט.(3)(4) לחוק העונשין). עוד""",train
"הערכים החברתיים שנפגעו כתוצאה מביצוע העבירה במקרה דנן הם בריאות הציבור, שלום הציבור והצורך להגן עליו מפני ביצוע עבירות. לנאשם עבר פלילי בעבירות של איומים (מספר הרשעות), החזקה/שימוש בסמים שלא לצריכה עצמית (מספר הרשעות), תקיפה סתם- בן זוג, תיווך בעסקי סמים מסוכנים, חבלה שהעבריין מזויין, נשיאת סכין למטרה לא כשרה, תקיפת שוטר כשהתוקף מזוין בנשק חם/קר, הפרעת שוטר במילוי תפקידו, תקיפה הגורמת חבלה של ממש, משחקים אסורים, העלבת עובד ציבור ותקיפת שוטר במילוי תפקידו. בגין עבירות אלו ריצה הנאשם מספר תקופות של מאסר בפועל. עוד הוגש רישום פלילי תעבורתי של הנאשם, ממנו עולה כי בעברו כעשר הרשעות תעבורה. יוער, כי עונשי המאסר שריצה הנאשם בעברו, לא מנעו ממנו לשוב ולבצע עבירות. במקרה דנן, קדם תכנון לביצוע העבירה- הנאשם הצטייד בכמות גדולה של סמים אותם רכש, וכן במספר משקלים וחומרי אריזה; הנאשם היה האחראי הבלעדי לביצוע העבירה ויכול היה להפסיקה בכל שלב; הנזק שצפוי היה להיגרם כתוצאה ממכירת הסמים רב והשפעתו חלה על הציבור הרחב; הנאשם יכול היה להימנע מביצוע העבירה ולהבין את הפסול במעשיו. יש לראות את העבירות כאירוע אחד מתמשך בגינו יש לקבוע מתחם אחד ולגזור על הנאשם עונש כולל. מתחם הענישה במקרה דנן הוא בין 3-5 שנות מאסר בפועל. מידת הפגיעה במקרה דנן היתה בינונית כאשר לא הוכח שבוצע סחר בפועל, אם כי נמצאה בבית הנאשם כמות גדולה של סם מסוכן ואביזרים נלווים. באשר לנסיבות שאינן קשורות לביצוע העבירה הרי שלנאשם עבר פלילי משמעותי שלא הרתיע אותו להמשיך להסתבך בפלילים; הנאשם לא נטל אחריות אמיתית על מעשיו ולא הביע חרטה אלא רק ציין שהוא מבקש הזדמנות נוספת על מנת לסייע להוריו החולים. עוד יצוין",train
"כלליים של טובת הציבור - להמשיך ללכת בדרך של שיקום. אשר על כן, הנני משית על הנאשם עונשים כדלקמן: מאסר בפועל ל – 9 חודשים לריצוי בדרך של עבודות שירות. צו מבחן למשך 18 חודשים בהתאם להוראת שירות המבחן. מאסר על תנאי של 12 חודשים משך 3 שנים אשר יופעל במידה והנאשם יבצע עבירות סמים מסוג פשע. בנסיבות המקרה לא מצאתי מקום להטיל קנס או לפסול את רישיון הנהיגה של הנאשם.",train
"הערכים המוגנים שנפגעו במעשיו של הנאשם היו הגנה על שלמות הגוף והנפש, שמירה על האוטונומיה הגופנית והנפשית של הפרט, כבוד האדם, הזכות לפרטיות וביטחון והזכות לקניין. בנסיבות העניין נוכח מאפייני הסחיטה מידת הפגיעה בערכים הייתה בינונית. מדובר בסחיטה אשר בוצעה במשך תקופה לא מאוד ארוכה בת כשבועיים, כאשר הסחיטה בוצעה על רקע חוב כספי של המתלונן. הנאשם תכנן את מעשיו, הבין את הפסול שבמעשיו ויכל להימנע מעשייתם. תחילה בוצעה הסחיטה באמצעות הטלפון ובהמשך הנאשם איתר את המתלונן ואף איים ופגע בו פיזית במסגרת הסחיטה, אם כי לא דובר בהפעלת אלימות ברף הגבוה. עוד יש לקחת בחשבון את סכום הכסף שהנאשם סחט מהמתלונן - 10,000 ₪, כאשר חובו של המתלונן כלפי הנאשם עמד על 7,000 ₪. במקרה דנן, בהתחשב בנסיבות המקרה הקונקרטיות ומדיניות הענישה הנוהגת כעולה מפסיקה רלוונטית, מתחם העונש ההולם נע בין 9 ל-32 חודשי מאסר בפועל. באשר לגזרת העונש בתוך המתחם, יש לזקוף לזכותו של הנאשם לקיחת האחריות מצדו במסגרת הודאתו וכן החיסכון בזמן השיפוטי. כמו כן, נתתי דעתי להסכם הסולחה שנערך בין הצדדים ולהשבת הכספים שנסחטו לידי המתלונן. מנגד, יש לתת משקל לעובדה שלנאשם עבר פלילי ובכלל זה בעבירות מתחום האלימות והאיומים, וכן לתת משקל לעבודה שהעבירות בוצעו בזמן שהיה תלוי ועומד נגד הנאשם עונש מאסר על תנאי. באיזון בין השיקולים, מצאתי למקם את עונשו של הנאשם בחלקו האמצעי-תחתון של המתחם. בכל הנוגע לעונש המאסר על תנאי, מצאתי לאמץ את ההסכמה שבין הצדדים, ולהורות על הפעלת המאסר המותנה בהתאם להסכמה זו. אשר על כן, הנני מטיל על הנאשם עונשים כדלקמן: 12 חודשי מאסר בפועל, בניכוי ימי מעצרו של הנאשם מיום 15.06.22; הפעלת עונש מאסר",train
"הודאתו המשקפת לקיחת אחריות מצידו. לחומרה יש לציין את עברו הפלילי, ובעיקר בתחום הנשק והאלימות, כשהעבירה בוצעה זמן לא רב מאז שחרור של הנאשם מריצוי עונש מאסר קודם. מצטייר שמדובר בנאשם שהופך את השימוש בנשק חם ובאלימות קשה כאמצעי לפתרון סכסוכים ועולה שקיים צורך הממשי בהרתעתו האישית. באשר למאסר על תנאי שהוטל בת\פ 48143-09-17, בהתאם לכלל שנקבע בפסיקה, יש לדחות את טיעוני ההגנה שאין מקום להפעילו. סעיף 52(ג) לחוק העונשין הקובע כי: \""תקופת התנאי תתחיל ביום מתן גזר הדין ואם הנידון נושא אותו זמן עונש מאסר - ביום שחרורו מן המאסר; ... והכל כשבית המשפט לא הורה אחרת\"" [ההדגשה אינה במקור]. בשורה ארוכה של פסקי דין נקבע כי יש לפרש את הוראת הסעיף קובעת כי: \""גם אם נאשם לא שהה במאסר בעת מתן גזר-הדין, אולם גזר-דינו כלל עונש מאסר על-תנאי לצד עונש של מאסר בפועל, הרי שעניינו ייכלל בגדר החריג, ותקופת התנאי השיפוטית תחל רק עם שחרורו ממאסרו. בהתאם לכך, נידון \""הנושא אותו זמן עונש מאסר\"" הוא גם נאשם שהוטל עליו עונש מאסר.\"" (ע\""פ 7510/00 אליהו במנוקלר נ' מדינת ישראל (9.5.2002); ע\""פ 4180/92 מדינת ישראל נ' אליהו בן מרדכי נעים (21.03.1994)‏‏; רע\""פ 785/22 חאלד דירבאס נ' מדינת ישראל (9.3.22); רע\""פ 58943-09-19 אליאס אשקר נ' מדינת ישראל (08.02.2022)‏‏). פרשנות זו נועדה להגשים את תחילת הסעיף הנוגעת לשמירת האפקטיביות ההרתעתית של עונש המאסר על תנאי. בהתאם לאמור אני קובע כי עונש המאסר על תנאי הוא בר הפעלה. מכל האמור הנני מטיל ענישה כדלקמן: 40 חודשי מאסר בפועל כאשר מתקופה זו תנוכה תקופת מעצרו, מיום 21.6.22. עונש המאסר על תנאי בן 12 החודשים שהוטל בת\""פ 48143-09-17 יופעל מחציתו בחופף""",train
"שנערכה. לחומרה יצויין אופי המעשים והקלות בה נעשה שימוש בנשק במספר מקרים והעובדה כי מדובר בנשקים שלא נמסרו, לפחות לגבי חלק מהעבירות. במקרה זה לא אוכל להעדיף שיקולי שיקום ללא מאסר. הנאשם עשה לכל היותר צעדים ראשונים לקראת שיקום אפשרי מאז ביצוע העבירות – שהיו רבות יחסית ובכולן היה מעורב נשק בלתי חוקי. מתסקיר שירות המבחן לא עלה באופן מובהק כי סיכויי השיקום טובים, אלא מוכנות ראשונית בלבד מצד הנאשם. כך, לא ניתן להימנע ממאסר. יחד עם זאת יוער כי אלולא ההודאה ולקיחת האחריות היה מקום להטיל על הנאשם ענישה ברף הגבוה של המתחמים. לאור כל האמור לעיל הגעתי למסקנה שיש להשית על הנאשם עונשים כדלקמן: 36 חודשי מאסר בפועל בניכוי ימי מעצרו מיום 27.3.16 עד ליום 1.6.16 ומיום 22.10.16 עד ליום 2.11.16. הנאשם הנדון יתייצב למאסרו בבית מעצר קישון עד ליום 16.4.17 בשעה 10:00, או על פי החלטת שב\ס, כשברשותו תעודת זהות או דרכון. על הנדון לתאם את הכניסה למאסר, כולל האפשרות למיון מוקדם, עם ענף אבחון ומיון של שב\""ס, טל': 08-9787377, 08-9787336. התנאים המגבילים החלים על הנאשם ימשיכו לחול עד למועד זה. 12 חודשי מאסר על תנאי למשך 3 שנים מיום שחרורו שיופעל במידה ויעבור עבירת אלימות מסוג פשע. פיצוי לכל אחד מן המתלוננים בסך 2,500 ₪ לתשלום עד ליום 30.12.17.""",train
"העיד המתלונן, אבי החתן, שתאר את הסולחה (נ/1) שנערכה בין הצדדים. כמו כן העידה אשתו של הנאשם 2 ותארה כי הוא אדם טוב שעשה טעות וסיפרה על הקשיים שהיא חווה בגידול חמשת ילדיהם בהיעדרותו. העידה בת זוגו של הנאשם 1 שסיפרה על מערכת יחסים יציבה ב-6 - 7 שנים האחרונות ותארה שנכחה שחל שינוי לטובה בהתנהגותו ועוד תארה כי שבועיים טרם נעצר נולד ילדם הראשון והיא מתקשה להסתדר לבד. כל אחד מן הנאשמים הביע חרטה על המעשה וביקש סליחה מן המתלוננים. הערכים החברתיים שנפגעו הם שלום הציבור ובטחון הפרט בביתו ושלמות הגוף (אם כי בסייג שמי שנפגע היה אחד מן השודדים). מידת הפגיעה בערכים האמורים היתה בינונית. מדיניות הענישה עלתה בעיקר מפסקי הדין שהגישה המדינה, אם כי בעניין זה יצויין שיש ממש בטיעוני הסניגורים: ביחס לנאשם 2 העובדה שלא הוא זה שהשתמש בנשק ואף היה קרבן לשימושו. ביחס לנאשם 1 – שהוא לא ניסה לעשות שימוש בנשק למרות המאבק האלים שהתפתח במהלך נסיון השוד. עוד יצויין לחומרה: שהתבצע תכנון מוקדם טרם ביצוע העבירה, חלקם היחסי של הנאשמים היה מוחלט, לאור המצאות נשק חם באמתחתם היה צפוי נזק משמעותי. מובן כי הסיבות שהביאו את הנאשמים לביצוע העבירה היו פסולות והנאשמים יכלו להבין שמעשיהם פסולים. לאור כל האמור לעיל, הגעתי למסקנה כי מתחם הענישה ההולם נמצא בין 3 עד 7 שנות מאסר. מבחינת שיקולי ענישה ספציפיים בתוך המתחם יש לציין לקולא את העובדה ששני הנאשמים הודו בשלב מקדמי מאוד של ההליך וחסכו זמן רב למערכת המשפט. בנוסף יש לראות בהודאתם קבלת אחריות אמיתית על מעשיהם. שני הנאשמים באים מרקע דל. לחומרה בנוסף יצויין עברם הפלילי המכביד של כל",train
"במקרה זה נפגעו הערכים המוגנים של שלמות הגוף ושמירה על ביטחון הפרט, בייחוד ביטחון הפרט בשטח הציבורי. הפגיעה בערכים הייתה חמורה יחסית, כאשר נגרמו למתלונן פגיעות קשות. הנאשם תכנן את ביצוע העבירות והמתין במקום בו ידע שהמתלונן עתיד לעבור. חלקו היחסי של הנאשם בביצוע העבירה היה מוחלט ומתחים שהיו בין המתלונן לבין הנאשם לא יכולים להצדיק מעשים כאמור או להפחית בחומרתם. נגרמו נזקים קשים והיו צפויים להיגרם נזקים קשים עוד יותר. הנאשם הוא אדם בוגר והיה צריך להבין את הפסול במעשיו ולהימנע מהם. מתחם הענישה ההולם נמצא בין 4-8 שנות מאסר בפועל. לקולא יצוין שהנאשם אכן הביע חרטה וצער על מעשיו והודה עוד בתחילת ההליך. כמו כן לטובתו יצוין שהוא אדם מבוגר ללא כל עבר פלילי קודם. נראה שהוא הפנים את הפסול במעשיו וכי חרטתו אמיתית. במקרה דנן עולה השאלה לאפשרות החלתו של סעיף 40(ד) לחוק העונשין כאשר נאשם מתחרט על מעשיו ומקבל עליהם אחריות וקיימת הערכה מצד גורמי המקצוע שישנו סיכוי נמוך עד מאוד לחזרה על התנהגות מפרה חוק, ברם, אין הוא זקוק לשיקום ואין הוא משתתף בתהליך שיקום. לדעתי, אי החלת הסעיף במקרים כגון אלה יביא לעיוות שאליו לא התכוון המחוקק ויפלה לרעה נאשמים הנופלים בקטגוריה זו. במקרה דנן היות שלא מתקיימים השיקולים המנויים בסעיף 40ד(א) היות שהנאשם אינו זקוק כלל לשיקום, יש לפנות לסעיף 40ד(ב). אמנם מדובר במעשה בעל חומרה יתרה אך יש לראות את הנאשם באותו אופן שיש לראות אדם שהשתקם ושיקולים אלה גוברים על הצורך לקבוע את העונש בתוך המתחם שפורט לעיל. עם זאת, לא ניתן שלא להטיל עליו עונש מאסר בפועל כלל. אשר על כן אני משית על הנאשם עונשים",train
"שלמרות שפנה לטיפול ביוזמתו טרם מעצרו, הנאשם לא הצליח לשלוט בכעסים ובדחפים האלימים שהצטברו. ביחס לעבירה נשוא כתב האישום, צוין כי הנאשם קיבל בפני שירות המבחן אחריות מלאה לביצוע המעשים האלימים בהם הורשע. הנאשם תיאר תחושות כעס וזעם שחש טרם האירוע וכי המתלונן טיפל בעבר בהליך גישור בינו ובין גרושתו. צוין כי הנאשם ביקש מספר ימים טרם האירוע להתאשפז במסגרת סגורה לבריאות הנפש, עקב מחשבות לפגוע בעצמו, בילדיו, באשתו ובאחרים. הנאשם הביע צער על התנהגותו האלימה והבין שטעה כאשר פגע במתלונן. מתסקיר שירות המבחן עולה שללא מעקב פסיכיאטרי מתאים המשלב טיפול תרופתי נכון, לצד טיפול פסיכותרפי אינטנסיבי, קיים סיכון גבוה להישנות התנהגות אלימה בעתיד. צוין כי הנאשם מודע כיום למצבו הנפשי ומבין כיצד הדבר משפיע על התנהלותו והתנהגותו, תוך שמדווח על כך שהטיפול התרופתי מסייע לו. באשר להמלצות ודרכי שיקום הוערך כי ענישה של מאסר מאחורי סורג ובריח עלולה להרע את מצבו הנפשי וניכר כי הוא חווה הרתעה מההליך הפלילי עד כה, מביע נזקקות טיפולית ומקבל אחריות מלאה על המעשים בהם הורשע. שירות המבחן העריך שקיים צורך בשיקום מערכי חייו השונים, שיש בו כדי להפחית באופן משמעותי את רמת הסיכון להישנות ביצוע עבירות אלימות בעתיד. כפי שעולה מהתסקיר ומהמסמכים הרפואיים שצורפו בדיון ביום 11.10.18 (נ/2 ו-נ/3) עולה כי הנאשם ביקש לטפל במצבו עוד בטרם ביצוע העבירה, כאשר חש שבכוונתו לבצעה. כפי שעלה מאותם מסמכים, הנאשם כיומיים לפני מועד ביצוע העבירה ביקש לאשפזו אשפוז פסיכיאטרי סגור נוכח תחושתו כי הופך תוקפני ועלול לפגוע באחרים. למצער, הוחלט שלא קיים סיכון מיידי והנאשם נשלח לביתו. גם כאשר הובהר לנאשם בבית החולים רמב\ם שאין אפשרות לאשפזו שם, ביקש הנאשם הפניה""",train
"את עיקרון של אחידות הענישה וכי על ענישתו של הנאשם להתכתב עם רמות הענישה של המורשעים האחרים במסגרת מבצע הסוכן הנוכחי. עקרון אחידות הענישה הוא עקרון רלוונטי, ברם מהווה אך נתון אחד מתוך הנתונים שיש לקחתם בחשבון (עוד יוער כי ספק אם הוא חל במלוא התוקף כאשר אין מדובר באותה פרשה אלא בפרשות מקבילות שהמכנה המשותף ביניהם הינו דמות הסוכן המשטרתי שהופעל – לעניין זה ראו המקרה שאוזכר על ידי הסנגור, ע\פ 4597/13 פיצ'ו נ' מדינת ישראל [פורסם בנבו] (22.9.2014). מכל מקום, הנתון החמור והקובע לגבי הנאשם דנן הינו החזרתיות על ביצוע עבירות נשק מצידו בתדירות גבוהה והטענה כי הענישה שהוטלה עליו עד היום לא הספיקה כדי להניא אותו מחזרה לעולם הפשע וביצוע עבירות נשק נוספות. מכל האמור הגעתי למסקנה כי יש להעניש את הנאשם בחומרה בגבול העליון של המתחם. אשר על כן, הנני מטיל עונשים כדלקמן: 6 שנות מאסר בפועל, כאשר תנוכה תקופת המאסר החל מיום 26.12.18. 12 חודשים מאסר על תנאי למשך שלוש שנים ממועד שחרורו שיופעלו במידה והנאשם יעבור עבירות נשק או אלימות מסוג פשע. המאסר על תנאי מת\""פ 54526-06-15 [פורסם בנבו] של 24 חודשים יופעל מחציתו במצטבר ומחציתו בחופף – דהיינו 12 חודשים במצטבר.""",train
"שנים שיופעל במידה והנאשם יבצע עבירה מן העבירות בהן הורשע. הנאשם יחתום על התחייבות להימנע מעבירה על סך 10,000 ₪. פסילה מלהחזיק או לקבל רישיון נהיגה למשך שנתיים. פסילה על תנאי בת 24 חודשים למשך 5 שנים מלהחזיק או לקבל רישיון נהיגה, באם יורשע בעבירת תעבורה מן העבירות בהן הורשע.",train
"הנאשם 1 יליד 1989, בן 26 בעת ביצוע העבירות ללא הרשעות קודמות. הנאשם 2 יליד 1990, בן 25 בעת ביצוע העבירות. לחובתו 2 הרשעות קודמות, הראשונה משנת 2013 בגין העסקת והסעת שב\ח והשניה משנת 2015 בגין שבל\""ר ונטישה במקום אחר. הנאשם 1 נעצר ביום 15.5.16 עד ליום 23.6.16, אז שוחרר למעצר בית מלא. בסך הכל – 39 ימים. הנאשם 2 נעצר ביום 23.5.16 עד ליום 27.6.16. בסך הכל – 35 ימים. ממועד זה הועבר למעצר בפיקוח אלקטרוני בבית דודו. צויין כי הנאשם 1 בן 27, סיים 12 שנות לימוד, השתלב בשוק העבודה בתחום השיפוצים ועובד מאז 2010, נשוי טרי, אין לחובתו עבירות קודמות. הוא טען שביצע את העבירות על רקע האירועים האלימים בין ערבים ויהודים והאוירה המתוחה ששררה ובעקבות הסרטון שראה באינטרנט שחווה כפוגעני. שירות המבחן התרשם שטרם מעצרו הפגין תפקוד יציב. לא היתה התרשמות מאמפטיה אלא חרטה הנובעת מהשפעת האירוע על חייו והוערך סיכון לפריצת גבולות ברף בינוני. צויין שהוא חווה את ההליך המשפטי כמרתיע ומציב גבולות. לא היתה התרשמות מבשלות לכניסה להליך טיפולי אך הוערך שמאסר בפועל יקשה על השתלבותו בהמשך בחיים נורמטיביים ויפגע בו ולכן הומלץ שלא למצות את הדין ולהסתפק בעבודות שירות. צויין שהנאשם 2 הינו בן 26 שנים, עסק בעבודות שיפוצים, התגורר עם משפחתו בסכנין ונמצא במעצר בית בכאוכב, אובחן כחולה סכרת, סיים 10 שנות לימוד, בהמשך השלים ל- 12 שנות לימוד. לחובתו הרשעות שתוארו לעיל. הוא קיבל אחריות בנוגע לביצוע העבירות במקרה דנן ותאר את הרקע לביצוען בעיקר על רקע קשרים חברתיים עם הנאשם 1. צויין שהנאשם 2 לא חווה תחושת רתיעה מההליכים המשפטיים שהתנהלו נגדו סמוך למעצרו והתקשה לראות""",train
כן החלטתי שיש מקום לאמץ את המלצות שירות המבחן בנוגע לשני הנאשמים. לאור כל האמור לעיל הנני משית על כל אחד מהנאשמים 1 ו- 2 עונשים כדלקמן: 6 חודשי מאסר בפועל שירוצו בעבודות שירות בתנאי שתינתן חוות דעת מתאימה על ידי הממונה על עבודות השירות. 9 חודשי מאסר על תנאי למשך 3 שנים שיופעלו בתנאי שכל אחד מן הנאשמים יבצע עבירות אלימות.,train
"על חומרתן של עבירות הסמים – ובייחוד סוגי הסמים בהם עסק הנאשם – אין צורך להכביר מילים. הסמים פוגעים פגיעה נרחבת במעגלים רחבים של החברה ובמרקם החברתי. כידוע, בתי המשפט מתייחסים בחומרה רבה לעבירות הסמים (ע\פ 9979/08 רפי בודרם נ' מדינת ישראל (21.4.2009); ע\""פ 8215/08 חסן יוסף נ' מדינת ישראל (15.12.2008)). יוער כי לפי סוג הסמים ועל פי כמויות הסמים הגדולות אשר נתפסו אצל הנאשם, אין ספק כי מדובר במקרה חמור (לעניין סיכוני סם האקזסטזי ראו: ת\""פ (ב\""ש) 8113/08 מדינת ישראל נ' רפי בודרם (19.11.2008)). באשר לעונש שיש להטיל, הצדדים הציגו עמדות הפוכות בתכלית: לגישת המדינה, האינטרס בהטלת עונשים משמעותיים בגין עבירות סמים, כדרך היעילה והנכונה ביותר להילחם בתופעה של סחר בסמים והפצתם בקרב הציבור, גובר על נתוניו האישיים של הנאשם ומצוקותיו. כמו כן, המדינה טענה כי לא הונח בסיס איתן לטענות הנאשם שהעבירות בוצעו על רקע תסמונת פוסט-טראומטית. מאידך, טענה הסניגוריה כי יש לקבל את גרסתה כי מדובר באדם שהגיע להסתבכות בעבירות סמים כתוצאה מפגיעה נפשית ממנה הוא סובל בעקבות שירותו הצבאי וכי על בסיס נתוניו ונסיבותיו אשר הוצגו בתסקיר, יש להעדיף באופן מובהק את אפשרות שיקומו על פני ענישתו. טרם דיון בטענות המשפטיות באשר לענישה או שיקום, יש צורך להכריע בטענות שהועלו על ידי הנאשם לעניין קיום תסמונת פוסט-טראומטית אשר מקורה בשרותו הצבאי וטענתו כי התנהגותו ומעשיו, והידרדרותו לסמים ומעשים פליליים מקורם בתסמונת האמורה. במישור הראשון מדובר בסוגייה עובדתית-מקצועית. שירות המבחן, אשר כידוע הינו גורם מקצועי, בחן את טענותיו של הנאשם ומצא כי יש בהן ממש. במסגרת גיבוש דעתו בחן שירות המבחן נתונים שונים, לרבות גרסת הנאשם באשר לחוויותיו, התרשמותה של פסיכותרפיסטית מטעם עמותת""",train
"שנות מאסר בפועל מיום מעצרו ביום 24.12.12. מאסר על תנאי לתקופה של 12 חודשים למשך 3 שנים מיום שחרורו שיופעל באם יעבור עבירות השוד מפרק יא', סימן ג' לחוק העונשין. כמו כן, המאסר על תנאי שהוטל בת\פ 2947-07-10 (בית משפט השלום לנוער בקריות) יופעל מחציתו במצטבר ומחציתו בחופף, 4 חודשים במצטבר ו- 4 חודשים בחופף. הנני מחייב את הנאשם 1 לפצות כל אחת מן המתלוננות בסך 1,000 ₪ תוך 90 יום מיום שחרורו.""",train
"הנאשם עצור מיום 15.1.23. הערכים המוגנים שנפגעו כתוצאה ממעשי הנאשם היו שמירה על שלום הציבור ושמירה על שלמות הגוף. כיוון שמדובר בעבירות עם נשק התקפי, נגרמה פגיעה יחסית משמעותית לערכים המוגנים. מבחינת נסיבות שקשורות בביצוע העבירה, ברור שהתקיים תכנון מסוים ביחס למהלכיו של הנאשם. על אף גילו הוא נושא באחריות בלעדית לביצוע העבירה ולא נמצא שהוא קרוב לסייג לאחריות פלילית. אשר על כן, הנני קובע מתחם ענישה שבין 24-55 חודשי מאסר בפועל. באשר לנסיבות שאינן קשורות לביצוע העבירה, לטובת הנאשם עומדת הודאתו המוקדמת וקבלת האחריות הגלומה בה. אומנם לא ניתנה המלצה חיובית בתסקיר לאפיק שיקומי, אך בתסקיר צוינו רכיבים חיוביים בנוגע לנאשם והתנהלותו בחייו עד לביצוע העבירה. לצד זאת, הוערך כי קיים סיכון משמעותי להישנות עבירות דומות בעתיד, על רקע העדר מודעות מספקת מצד הנאשם לפסול במעשיו. כמו כן, יש להתחשב ברקע המשפחתי המורכב של הנאשם, כפי שתואר בתסקיר. מכל האמור הגעתי למסקנה שיש להטיל ענישה כדלקמן: 30 חודשי מאסר בפועל, שמהם תנוכה תקופת מעצרו מיום 15.1.23; 12 חודשי מאסר על תנאי, למשך 3 שנים מיום שחרורו, כאשר התנאי יופעל במידה והנאשם יבצע עבירות אלימות או רכוש מסוג פשע;",train
"על כן אני מטיל עונשים כדלקמן: 30 חודשי מאסר בפועל בניכוי ימי מעצרה של הנאשמת. מאסר על תנאי לתקופה של 12 חודשים, משך 3 שנים מיום שחרורה, כאשר התנאי יופעל במידה והנאשמת תבצע עבירות אלימות מסוג פשע.",train
"עד לאירועי האלימות היתה בינונית כאשר אמנם מדובר בבריחה משוטרים ונסיעה מהירה, אם כי יש לציין שלא התנהל מרדף ארוך מאוד ולא היו פגיעות בנפש או ברכוש כתוצאה ממנו. הפגיעה בערכים המוגנים כתוצאה מאירועי האלימות וניסיון השוד מורכבת יותר ואפרט בהמשך. איני מקל ראש בחומרת אירוע ניסיון השוד ויחד עם זאת יש לציין כי על אף שהנאשמים יצרו סיטואציה אלימה ומסוכנת הנסיבות של המקרה חריגות ומוזרות לעומת נסיבות \סטנדרטיות\"" של עבירת שוד. הנאשמים פרצו באופן מקרי לתוך אתר בניה מזדמן ואין זה מובן מדוע חשבו לדרוש מהשומר שנמצא במקום סכום של 100,000 ₪. נראה שמדובר בפרי דמיונם שהושפע מצריכת הסמים ו/או אלכוהול קודם לכן. מהתנהגותם כלפי המתלונן אכן עולה תמונה מפחידה מאוד מנקודת מבטו כאשר הוא הופתע בשעת בוקר מוקדמת כשהשנים פרצו באלימות לתוך הקרוואן והתנהגו כלפיו באלימות שהיתה גם משפילה. הנאשמים הודו בביצוע האירועים שתוארו בכתב האישום. אולם, אציין שאיני מקבל את התיאור שסופק על ידי המתלונן ביחס לחומרת הפגיעות בו והשלכותיהן כפי שתואר בתסקיר הקרבן. המתלונן העיד ארוכות בבית המשפט והתרשמתי שהוא מעצים בצורה ניכרת את השלכות האירוע עליו. בין היתר, החסר בתיעוד רפואי ופסיכולוגי מכל סוג תורם להעדר האפשרות לקבל את גירסתו באשר לנזקים. יוער כי הדברים נאמרים מבלי להקל ראש בסיטואציה המבהילה בה הוא מצא את עצמו. מבחינת נסיבות הקשורות בביצוע, לא נראה שקדם תכנון לאף חלק של אירועי כתב האישום. חלקו היחסי של הנאשם 1 בביצוע העבירות הנהיגה היה מוחלט. הנזק שהיה צפוי מביצוע הן עבירות הנהיגה והן עבירת ניסיון השוד, היה משמעותי. הנזק שנגרם בפועל היה פחות – כאשר מעבירות התנועה ואי הציות לשוטרים לא נגרם נזק ומניסיון השוד –""",train
"הנאשם נעדר הרשעות קודמות למעט הרשעה בתעבורה בגין תאונת דרכים כשהוא מעולם לא הוציא רישיון נהיגה. הנאשם נעצר ביום 4.11.21 וביום 25.1.22 הורה בית המשפט על מעצרו באיזוק אלקטרוני. משפחת מוצאו נורמטיבית למרות שצויין בתסקיר יחס נוקשה ואלים מצד האב כלפי הנאשם. אין צורך להכביר מלים על ההשפעות השליליות של השימוש בסמים קשים בעקבות הסחר בהם. במקרה זה הנאשם היווה חוליה, אומנם לא דומיננטית אך חיונית, בשרשרת הפצת הסם. הערכים המוגנים שנפגעו הם שמירת שלום הציבור ובטחונו. ברור שהתקיים תכנון מוקדם לפי תיאור העובדות בכתב האישום המתוקן. כמו כן, הנאשם נושא באופן בלעדי בחלקו בביצוע העבירה. בהסתמך על הפסיקה שצוינה לעיל, מתחם הענישה צריך להימצא בין 1-3 שנות מאסר. ואולם במקרה זה שוכנעתי שיש לחרוג ממתחם הענישה, וזאת לאור ההליך השיקומי בו עובר ועבר הנאשם עד כה. למרות שקיימת שאלה באשר להתאמת תהליך השיקום לעומת אופי העבירה שבוצעה שלא היתה לה בהכרח קשר הדוק לשימוש בסמים לא מצאתי סיבה לדחות את המלצת שירות המבחן שהדגיש שהשיקום עד כה של הנאשם מוצלח. מהתסקירים אכן עולה תמונה של שיקום ושינוי גישה אצל הנאשם ביחס לעבירות. אשר על כן, אני מטיל ענישה כדלקמן: 9 חודשי מאסר שירוצו בעבודות שירות, בהתאם לחוות דעתו של הממונה; צו מבחן למשך 12 חודשים; מאסר על תנאי ל-6 חודשים משך 3 שנים, כאשר התנאי יופעל במידה והנאשם עובר עבירת החזקת סמים שלא לשימוש עצמי ו/או סחר בסם; פסילה מלנהוג לתקופה של 3 שנים; מאסר על תנאי של 3 חודשים משך 3 שנים, כאשר התנאי יופעל במידה והנאשם נוהג בזמן פסילה;",train
"בהתאם לכתב האישום המתוקן. 12. הנאשם נמצא במעצר מזה תקופה של כ- 4 חודשים שהינה תקופה משמעותית עבור אדם צעיר ללא עבר פלילי כלשהו. בנוסף, לאור תיאור אישיותו של הנאשם, כי הוא נמצא עדיין בשלב ההתבגרות, נראה לי כי יש ליתן עדיפות לשיקולים השיקומיים על פני שיקולים עונשיים, אשר ממילא באו לידי ביטוי במסגרת שלב המעצר מתוקף הנסיבות בהן לא הצליח הנאשם לעמוד בהפקדת הערובה שהוטלה. 13. אשר על כן הנני מטיל על הנאשם עונשים כדלקמן: היות והנאשם עצור מיום 30.11.11 אין אני רואה צורך להטיל מאסר בפועל בנוסף על כך. מאסר על תנאי של 9 חודשים למשך שלוש שנים מיום מתן גזר הדין כאשר התנאי יופעל במידה והוא יעבור עבירת אלימות. חתימה על התחייבות כספית בסך 25,000 ₪ אשר תוקפה שלוש שנים להימנע מעבירות אלימות. צו מבחן למשך שנה בהתאם לאמור בתסקיר המבחן. בנוסף, על הנאשם לפצות את המתלונן בסך של 7,500 ₪, כאשר סכום זה יחולק ל- 3 תשלומים שווים ורצופים שהראשון בהם ישולם עד ליום 1.5.12 בסך 2,500 ₪, השני בסך 2,500 ₪ עד ליום 1.6.12 והשלישי בסך 2,500 ₪ עד ליום 1.7.12. אי עמידה בכל אחד מן המועדים לעיל יביא לפרעון הסכום כולו מיידית. גזר הדין תוקן בנוגע לשני הסכומים הראשונים שבפיצוי כאמור לעיל.",train
"לחוק). יחד עם זאת, שיקולי הענישה הקבועים בחוק אינם מונעים שקילת שוני מגדרי במקרים שהוא רלוונטי. בכל הקשור לענישת נשים שביצעו עבירות אלימות זוהו בספרות האקדמית ובמחקרים סיכונים פוטנציאליים לשפיטה בלתי צודקת כלפי נשים מסיבות שונות: מחד, קיימת לעתים נטיה להקל עם נשים על בסיס מגדרי משיקולים שאינם בהכרח רלוונטיים כאשר הן נתפסות כ\חלשות\"" או כאובייקטים לרחמים (Jenny E. Carroll, Images of Women and Capital Sentencing Among Female Offenders: Exploring the Outer Limits of the Eighth Amendment and Articulated Theories of Justice, 75 TEX. LAW. REV. (1997); Mathew Zingraff & Randall Thompson, Differential Sentencing of Women and Men in the , 12 INT'L J. SOC L. 401, 403 (1984)). מאידך, במקרים אחרים, נשים נענשות באופן מחמיר לעומת גברים שביצעו עבירות דומות ונעשית להן דה-הומניזציה ודמוניזציה (שם). מכל מקום, לאור הסיכונים עליהם הצביעו חוקרים, עולה כי בכל הקשור לענישת נשים אשר ביצעו עבירות אלימות יש מקום לבדוק שלוש שאלות: ראשית, האם קיימת רלוונטיות בין העבירה לבין העובדה שהמבצעת היא אישה, דהיינו האם זהותו המגדרית של המבצע היא רלוונטית כאשר יהיו מקרים בהם עניין זה מהווה נסיבה לקולא (ראו רימלט לעיל); שנית, האם העונש המוצע מקל עם האישה מסיבות שאינן רלוונטיות להיותה אישה; ושלישית, האם העונש מחמיר עם אישה מסיבות שאינן רלוונטיות. בשתי השאלות האחרונות ברור כי העובדה שמבצע העבירה היא אישה, אינה נתון רלוונטי ובמקרים אלו מצווים בתי המשפט להעניש גברים ונשים באופן שווה (ראו: Margeret Etienne, Sentencing Women: Reassessing the Claims of Disparity, 14 J. Gender Race & Just. 73 (2010)). במקרה דנן, לא מצאתי כי קיימת רלוונטיות לעובדה כי מבצעת העבירות היא אישה. העבירות לא""",train
"הנאשם עצור מיום 1.11.23. לנאשם אין עבר פלילי מלבד ההליך האחר שעדיין מתנהל ובו הוא הורשע. עם זאת, לחובתו עבר תעבורתי. בגין עבירות הנשק המושלמות במקרה זה היה מקום לקבוע מתחם שבין 30 – 45 חודשי מאסר בפועל. בהתחשב בכך שהנאשם לא נטל חלק דומיננטי בסיוע וגם בהתחשב שמדובר בעבירת סיוע, יש מקום לקבוע מתחם ענישה שבין 12 – 28 חודשי מאסר בגין העבירות כולן. באשר לקביעת העונש בתוך המתחם, יש מקום להתחשב בנסיבות המשפחתיות של הנאשם ובמאמצי השיקום שהוא עושה במסגרת כליאתו. על כן, אני מטיל עונשים כדלקמן: 14 חודשי מאסר בפועל שמתקופה זו תנוכה תקופת מעצרו מיום 1.11.23; מאסר על תנאי של 12 חודשים למשך 3 שנים מיום שחרורו, כאשר התנאי יופעל במידה והנאשם יבצע עבירות אלימות או נשק מסוג פשע; מאסר על תנאי של 6 חודשים למשך 3 שנים מיום שחרורו, כאשר התנאי יופעל במידה והנאשם יבצע עבירות שבל\ר או הפרת הוראה חוקית;""",train
"הנאשם יליד 1981, כבן 35, עצור מיום 22.11.15 ונעדר עבר פלילי. הערכים החברתיים המוגנים שנפגעו הם שמירה על בטחון הציבור ובאופן עקיף שמירה על הסדר הציבורי. מידת הפגיעה בערכים אלה היתה משמעותית לאור ההיקף הנרחב של החזקת הנשקים ונשיאתם באישומים השונים. ברור שנדרש תכנון מוקדם לביצוע העבירות, וביתר שאת באישומים בהם הועברו הנשקים לידי אחרים והוחבאו על ידם בניצוחו של הנאשם. חלקו היחסי של הנאשם היה דומיננטי, אם לא בלעדי, בכל העבירות. היות שמדובר בנשק חם ובחלק מן המקרים בנשקים התקפיים מסוכנים כגון רובים, רובה סער, רובה בריחי, ותתי מקלעים, היה פוטנציאל לגרימת נזק משמעותי. הסיבות שהביאו את הנאשם לביצוע העבירה לא היו מוצדקות (אם כי אחזור לעניין זה בהמשך) וברור כי הנאשם הבין את הפסול במעשיו. במקרה זה התשובה לשאלה אם מדובר במספר אירועים או באירוע אחד מתמשך, אינה חדה. מחד, מדובר במספר נשקים שרכישתם והסתרתם נעשו במקומות שונים ובזמנים שונים ובשיתוף עם אנשים שונים. בהסתמך על בסיס זה טענה המדינה שמדובר בששה אירועים נפרדים שבגין כל אחד מהם יש מקום לקבוע מתחם שונה: אירוע החזקת תת המקלע המאולתר; מחסניות כדורים ואמצעים נוספים; אירוע החזקה ונשיאה של רובה בריחי; אירוע החזקת רובה סע 16 -M, ארבע מחסניות ורצועה לנשק; אירוע החזקה ונשיאת אקדח ברטה, מחסנית וכדורים; אירוע החזקת רובה MP5 ומחסנית ואירוע החזקת תת מקלע מאולתר, כדורים ומחסנית. מאידך, פורט בסעיף 8 לכתב האישום המתוקן שבין השנים 2011 עד 2015 בהזדמנויות שונות, ירה הנאשם בכלי הנשק השונים. ממצא זה מצביע יותר מלכאורה, על קשר הדוק בהחזקת כל הנשקים והשימוש בהם - כך שמצטיירת תמונה של מעין 'תכנית' כוללת להחזיק אוסף נשקים בבחינת אדם המוצא סיפוקו",train
"נאשם 1 עצור מיום 3.7.23, ונאשם 3 עצור מיום 18.7.23. חלקו היחסי של הנאשם 1 היה משמעותי וכפי שעולה מכתב האישום המתוקן הוא ואייל היו המבצעים הדומיננטיים של העבירות. נאשם 3 אמנם הורשע רק בסיוע לאחר מעשה אולם גם הוא נקט חלק פעיל בביצוע העבירות. בנסיבות המקרה התקיים תכנון מוקדם דקדקני ובוצעו פעולות הכנה משך זמן משמעותי. נגרם נזק משמעותי לרכוש ועל אף שאייל וידא שלא היו אנשים בסביבה בסמוך למטען בעת הפיצוץ, המטען שהה בשטח משך שעות רבות ונכחו גם אנשים בבתים מסביב. משכך, היה פוטנציאל לגרימת נזק אף גדול יותר מזה שאירע בפועל. הסיבות שהביאו את הנאשמים לביצוע העבירות אינן ידועות אך בכל מקרה הנאשמים היו צריכים להבין את הפסול במעשיהם ולהימנע מהם. לא נטען לקרבה לסייג לאחריות. מכל האמור ומתוך מדיניות הענישה במקרים דומים (אם כי צדקו הסנגורים כאשר טענו כי במקרה זה לעומת מרבית הפסיקה שהוצגה על ידי המדינה לא הייתה כוונה לפגוע באנשים אלא ברכוש בלבד ואכן נפגע רכוש בלבד בפועל) הנני קובע מתחם ענישה הולם ביחס לנאשם 1 שנע בין 20-36 חודשי מאסר בפועל. ביחס לנאשם 3 הנני קובע מתחם ענישה הולם בין 6 – 14 חודשי מאסר בפועל. באשר לקביעת העונש בתוך המתחם, שקלתי לקולא את הודאתם של כל אחד מהנאשמים וקבלת האחריות שיש בכך. יש לזקוף לטובת נאשם 3 את העובדה שאין לחובתו הרשעות קודמות. בנוגע לנאשם 1, החזרה על מעשים פליליים רציניים מהווה שיקול לחומרה, אך לקולא שקלתי את עברו הצבאי. כמו כן, שיקול לקולא נוסף בעניינם של שני הנאשמים הינו מצבם המשפחתי בהיותם הורים לילדים צעירים. מכל האמור מוטלים עונשים כדלקמן: 30 חודשי מאסר בפועל כאשר",train
"במקרה דנן מדובר בעבירות חמורות. הנאשם ושותפו בחרו לשדוד את המתלונן- שומר שנמצא לבדו, במקום עבודתו, בשעת לילה מאוחרת ואף איימו עליו, תוך שימוש בסכין ואקדח והשפילו אותו, תוך עריכת חיפוש גופני על גופו ונטילת רכושו. בע\פ 3907/10 אמיר נעאמנה נ' מדינת ישראל, (23.3.11) נאמרו הדברים הבאים: הערכים החברתיים שנפגעו הינם פגיעה בביטחון הציבור ורכושו וכן הבטחת שלום הציבור והגנה על חיי אדם שעה בה מדובר בעבירות בנשק. באשר לחומרת העבירות יש לקחת בחשבון את התכנון שקדם לביצוע העבירה והגעת הנאשם למקום כשהוא מצויד באקדח, חלקו הנכבד של הנאשם בביצוע המעשים, הנזק שנגרם ושהיה צפוי להיגרם מביצוע העבירה, התעללות הנאשם במתלונן והשפלתו- כיוון סכין לעברו, איום על חייו, ערך חיפוש על גופו תוך כיוון אקדח לעברו ונטל רכושו ללא הסכמתו. בנוסף, הנאשם יכול היה להבין את הפסול במעשהו, להימנע ממנו או להפסיקו בכל רגע נתון. לטובת הנאשם עומד גילו הצעיר, העדר עבר פלילי, נסיבות חייו, הודאתו בביצוע העבירות וחסכון בזמן שיפוטי (אם כי באופן חלקי בלבד נוכח העובדה שההודאה ניתנה בתום פרשת התביעה ולא חסכה זמן רב). מעיון בתסקיר עולה כי אומנם התסקיר ברובו חיובי, אם כי מציין כי הנאשם לרוב ניהל אורח חיים עברייני וכי הכחיש בפני שירות המבחן את העובדה שדובר באקדח אמיתי, באמצעותו בוצע השוד. בנוסף, לא הוכח שהנאשם היה מכור לסמים ולאלכוהול אלא כי נהג להשתמש בתדירות של כארבע פעמים בשבוע. להתרשמותי, המלצות שירות המבחן מקלות נוכח חומרת העבירות. אין גם להתעלם מכך שהעובדות שהובאו בפני שירות המבחן, דוגמת אקדח הדמה הנטען, לא הציגו תמונה אמיתית ושלמה באשר לנסיבות ביצוע העבירות. במקרה שבפניי עומדים שיקולי טיפול ושיקום אל מול שיקולי גמול והרתעה.""",train
"באירוע של ו' דומים כאמור לאלה שצוינו לעיל בעניינה של ג', וכך גם מדיניות הענישה הנוהגת, בנסיבות בהן בשני האירועים מדובר בעבירות של מעשה מגונה אחד ומספר עבירות אלימות כלפי בנות המשפחה, קטינות, מצד אביהן. גם הנסיבות הקשורות בביצוע העבירות דומות לנסיבות שמנינו לעיל בעניינה של ג', ועל כן, לא נחזור על דברינו לעיל אלא נפנה אליהם. יחד עם זאת, נדגיש את המעשה המגונה בכוח והפעלת אמצעי לחץ או איום שבוצע כלפי ו' ובעניין זה נוסיף את הדברים הבאים; אמנם ו' בוגרת יותר מג', כשבעת ביצוע עבירת המין בה ע\י הנאשם היתה בת 16.5 (בשונה מאחותה הצעירה ג' שהיתה בעת ביצוע המעשה המגונה כבת 15). יחד עם זאת, להבדיל מהמעשה המגונה שבוצע בג', ומבלי להפחית מחומרתו, המעשה המגונה שבוצע בו', כמפורט בהכרעת הדין, אינו ברף הנמוך של עבירות המין. הנאשם כפה עצמו על ו', נגע באיבריה המוצנעים, ניסה לנשקה בפיה ומשהתנגדה השיג את לחיה, הסיט את בגדיה והכל בשעת לילה כשבני הבית ישנים. המעשה המגונה שבוצע כלפי ו' חמור יותר עת הנאשם מתעלם פעם אחר פעם מהתנגדותה ומודיע לה כי חרף סירובה, יעשה בה כרצונו. לכך יש להוסיף את הניצול הציני הקיים בהתנהגות הנאשם, כשברקע הוא מפנק את ו' במתנות, ובכך ביקש ליצור תשתית של חולשה מצדה כלפיו. מעבר לאמור, יש לציין את הנזק הרב שנגרם לו' בעקבות המעשה ואת מצוקתה אשר באה לידי ביטוי במהלך עדותה בבית המשפט, עדות שלוותה בבכי כשהיא נתונה בסערת רגשות, עד כדי איבוד העשתונות. גם אצל ו', בדומה לאחותה ג', ניכרו סימני מצוקה רגשית, כפי שהעידה מורתה אודות התפרצויות הבכי והאמירות כי לא טוב לה בביתה, תוצאה של מעשים שביצע""",train
"הנאשם פגע במעשיו בערכים החברתיים המוגנים של שמירה על שלום הציבור ובטחונו, שמירה על שלמות גופם וביטחונם של אנשי מערכת החוק, וכן של כלל משתמשי הדרך. בנוסף, פגע הנאשם בערכים החברתיים של שמירה על הרכוש והקניין ושמירה על הסדר הציבורי. לנוכח טיב המרדף, מיקומו ומשכו בנסיבות המקרה מידת הפגיעה בערכים המוגנים היא במידה בינונית. באשר לנסיבות ביצוע העבירה, אין מדובר באירוע מתוכנן, אולם מדובר באירוע מתמשך כאשר הנאשם בחר שלא לחדול ולהפסיק את מעשיו, אלא המשיך להימלט ברכבו תוך הסלמת המצב. בכל הנוגע לנזק שנגרם, שקלתי כי לשוטר נבואני נגרמה פגיעה ברגלו וכן כלי רכב נזוק וספג פגיעות צבע ופח. זאת ועוד, פוטנציאל הנזק במעשים היה גדול בהרבה מזה שנגרם בפועל כשמדובר באירוע שבקלות היה יכול להסתיים בפגיעות גוף חמורות בהרבה ואף פגיעות בנפש, כך שפוטנציאל הנזק היה רב ביותר. חלקו של הנאשם בביצוע העבירה הוא מלא ובלעדי והוא יכל להבין את הפסול במעשיו ולהימנע מעשייתם. בכל הנוגע למדיניות הענישה הנוהגת, מדובר בעבירות שמתחם העונש ביחס אליהן הוא רחב ותלוי במכלול הנסיבות הייחודיות של כל מקרה ומקרה. בנסיבות העניין, בשים לב למשך המרדף, מיקומו, טיב הפגיעות שנגרמו והרקע לאירוע, מתחם העונש ההולם עומד על 18 - 48 חודשי מאסר בפועל. באשר לנסיבות שאינן קשורות בביצוע העבירה יש לתת משקל להודאתו של הנאשם ולחיסכון בזמן השיפוטי. עוד נתתי משקל לעברו הפלילי של הנאשם, אם כי לא משקל מכריע בשים לב שמדובר בעבר ישן (למעט הרשעה בעבירת סמים שניתנה תוך כדי ניהול תיק זה) ושאינו מאוד מכביד. עוד שקלתי את העבר התעבורתי של הנאשם. בנוסף, יש לקחת בחשבון כי מזה תקופה הנאשם סובל ממצב בריאותי ירוד וכרגע מרותק",train
"להוות נסיבה מחמירה הרי שדינה להידחות. הירי שבוצע בתוך הבנק מהווה חלק בלתי נפרד מהאלימות שהופעלה במסגרת השוד ושעה בה הוסכם בין הצדדים להותיר את עובדה זו כחלק מעובדות כתב האישום, הרי שהדבר מהווה נסיבה לחומרה. אין הדבר נכון בנוגע לקשירת הקשר ואף באת כח המאשימה הודתה שלא התבקש לייחס לכך חומרה מיוחדת יחד עם זאת, הסרת סעיף העבירה מכתב האישום תילקח בחשבון. לזכות הנאשמים יש לקחת בחשבון את העובדה כי האירוע נגרם ללא נפגעים וחבלות חמורות; חסכון למערכת המשפט כתוצאה מהודאתם; נטילת האחריות והבעת החרטה בפני בית המשפט. במקרה שבפניי יש לקבוע מתחם ענישה אחד היות ומדובר בעבירות שבוצעו בסמיכות ובאותו מקום, המהוות אירוע אחד. מתחם הענישה ההולם במקרה דנן הוא 3 - 7 שנות מאסר בפועל. לאור כל האמור אני מטיל על הנאשמים 1 ו- 2 עונשים כדלקמן: עונש מאסר של 4 שנות מאסר בפועל על כל אחד מהנאשמים. 18 חודשי מאסר על תנאי על כל אחד מן הנאשמים, בתנאי שהנאשמים לא יעברו משך 3 שנים לאחר שחרורם על אחת העבירות בהן הורשעו או עבירת אלימות או רכוש אחרת מסוג פשע. קנס כספי בסך 12,500 ₪ לכל אחד מן הנאשמים, נוכח הסכום שנגנב והנזקים שנגרמו. סכום זה ישולם על ידי כל אחד מן הנאשמים בחלקים שווים וישולם עד ליום 1.5.16.",train
"הנאשם היה עצור בין 15.8.20 (כתב האישום הוגש ביום 1.9.20) וביום 4.10.20 הועבר למעצר בפיקוח אלקטרוני. נפגעו הערכים המוגנים של שמירה על חיי אדם ושלמות הגוף. במקרה זה הפגיעה הייתה קשה במיוחד כאשר התינוקת ג'וליה נהרגה במקום ואחותה הגדולה ג'ואן בת ה-5 נפגעה בצורה קשה ביותר ולא השתקמה. עלה שלא קדם תכנון לביצוע העבירה. ואולם, חלקו היחסי של הנאשם היה מוחלט ונגרם נזק קשה ביותר. בהתחשב במדיניות הענישה, שפורטה בפסקי הדין שאוזכרו בעיקר על ידי המדינה, מתחם הענישה ההולם נמצא בין 5 – 8.5 שנות מאסר בפועל. באשר לקביעת העונש בתוך המתחם, יש להביא בחשבון את הודאתו המהירה של הנאשם, את עברו הנורמטיבי וכן העובדה שאין לחובתו עבר תעבורתי משמעותי. בעניין התסקיר, אודה שלא מצאתי כיצד קבע שירות המבחן שהנאשם אינו נוטל אחריות ואף לא היה גלוי באשר לשימוש בסמים. יוזכר שבדיקות הפתע שנערכו לו יצאו שליליות ולא מצאתי יסוד לכך שהוערך שהוא עושה שימוש תדיר בסמים מסוג קנאביס. עם זאת, אין להכחיש שנמצאו שרידי קנאביס בדמו מיד לאחר התאונה. מכל האמור הנני מטיל עונשים כדלקמן: 5 שנות מאסר בפועל כאשר מתקופה זו תנוכה תקופת המעצר מיום 15.8.20-4.10.20. הנאשם יתייצב לתחילת ריצוי עונשו ביום 21.6.21 בבית המעצר קישון בשעה 10:00. מאסר על תנאי של 12 חודשים למשך 3 שנים לאחר שחרורו כאשר התנאי יופעל במידה ויעבור כל אחת מהעבירות בהן הורשע כעת. פסילה מלהחזיק רישיון נהיגה למשך 12 שנים.",train
"למתלונן תקינים, אם כי אין מדובר בנתון שלו משקל מכריע. הדברים מקבלים משנה תוקף לנוכח הדברים שמסר הנאשם בפני שירות המבחן, מהם עלה כי הוא אינו מביע אמפטיה כלפי הקורבן, ולמעשה אינו מצליח להכיר בצורה עמוקה בפגם במעשיו. בהקשר זה הנאשם אף הגדיל לעשות כאשר הצהיר בפני שירות המבחן שבעתיד יפעל באותה הדרך במידה ויפגעו בכבוד משפחתו. דברים אלו מובאים על רקע העדר מוטיבציה של הנאשם לעבור טיפול שיכול ויוביל להטבה בעמדותיו ובהתנהלותו העתידית. מכל האמור עולה שיש למקם את עונשו של הנאשם ברף הבינוני של המתחם, כאשר בהסכם הסולחה מצאתי להתחשב בעיקר לעניין רכיב הפיצוי הכספי למתלונן. על כן, אני מטיל עונשים כדלקמן: 4 שנות מאסר בפועל בניכוי ימי מעצרו של הנאשם החל מיום 18.11.2021. מאסר על תנאי לתקופה של 12 חודשים, משך 3 שנים מיום שחרורו, כאשר התנאי יופעל במידה והנאשם יבצע עבירות אלימות מסוג פשע.",train
"הנאשם היה עצור מיום 15.11.20 ועד ליום 23.2.21. הערכים החברתיים המוגנים שנפגעו כתוצאה ממעשי הנאשם היו שמירה על הרכוש ושמירה על שלום הציבור. כיוון שמדובר בעבירת הצתה הפגיעה בערכים בינונית לכל הפחות. אין מדובר באירוע שתוכנן מראש בצורה מדוקדקת. עם זאת, הוא כן כלל הצטיידות בחומר דליק והאחריות הבלעדית בגין המעשים מוטלת על הנאשם, אשר היה צריך להבין את הפסול במעשיו ולהימנע מהם. מידת הנזק המדויקת שנגרמה לרכב לא הובהרה במהלך המשפט. מכל האמור ובהתחשב במדיניות הענישה הנוהגת בעבירות הצתה, מתחם הענישה ההולם נמצא בין 2-4 שנות מאסר. במקרה זה לאור הנתונים, העונש צריך להיות ברף הנמוך של המתחם. אולם במקרה זה ניתן תסקיר חיובי ומבוסס שהמליץ על העדפת נתיב שיקומי ומצאתי שבנתוני תיק זה יש מקום לאמץ את המלצת שירות המבחן ולסטות ממתחם העונש ההולם מטעמי שיקום כאמור בסעיף 40ד לחוק. הנני גוזר עונש כדלקמן: 9 חודשי מאסר שירוצו בעבודות שירות בהתאם להמלצת הממונה. 12 חודשי מאסר על תנאי משך שלוש שנים כאשר התנאי יופעל במידה והנאשם יבצע עבירות אלימות או רכוש מסוג פשע. צו תקופת מבחן למשך 12 חודשים. הוסבר לנאשם שאם לא יעמוד במבחן הוא עלול לחזור ולהישפט.",train
"הנאשמים ילידי 1998 כיום בני 23. נאשם 1 היה עצור מיום 10.11.2020 ושוחרר בתנאים 29.1.2021. נאשם 2 עצור מיום 13.1.2021. הערכים החברתיים המוגנים שנפגעו כתוצאה ממעשיהם של הנאשמים הם שלמות הגוף ושמירה על הסדר הציבורי. הפגיעה בערכים אלה הייתה מהותית כאשר המתלונן נדקר מספר רב יחסית של פעמים. שקלתי לחומרא את נסיבות האירוע בהן הנאשמים המתינו למתלונן כשהם מצוידים בסכינים במשך זמן מה, וזאת על רקע ויכוח סתמי בין נאשם 1 למתלונן במהלך משחק כדורגל. לא מדובר באירוע מתוכנן בצורה קפדנית, אלא בויכוח סתמי שהידרדר לאלימות קשה. עוד לקחתי בחשבון ששני הנאשמים תקפו ודקרו את המתלונן. נאשם 1 הוא אשר הסתכסך עם המתלונן והזעיק למקום את נאשם 2 ודקר את המתלונן מספר רב של פעמים; בעוד נאשם 2 השתתף בתקיפה, רדף אחרי המתלונן ובסופו של דבר הוא זה שתפס אותו, הכה אותו ודקר אותו באמצעות סכין. כמו כן, נתתי משקל לכך שכתוצאה מהשימוש בנשק קר היה צפוי להיגרם נזק משמעותי ואכן נגרם למתלונן נזק ברמה שאינה מבוטלת (עם כי יצוין למען הסדר כי חלק מהדקירות היו שטחיות). כאמור, הסיבות שהביאו את הנאשמים לבצע את העבירה אינן מוצדקות והנאשמים היו צריכים להבין את הפסול במעשיהם ולהימנע מהם. מתוך נסיבות המקרה ומדיניות הענישה, הגעתי למסקנה שמתחם הענישה ההולם נמצא בין 3 – 6 שנות מאסר בפועל. באשר לקביעת העונש בתוך המתחם, יצוין שנאשם 1 הודה מיד בפתח ההליך, ואילו נאשם 2 הודה לאחר שנשמעו מספר עדים בהם המתלונן. הנאשמים לקחו אחריות על מעשיהם. יצויין עוד כי לנאשמים אין עבר פלילי קודם שיצביע על דפוס התנהגות אלימה מושרש. עוד לקחתי בחשבון את מצבם המשפחתי של הנאשמים ונתתי דעתי להסכם",train
"ספק כי עונש מאסר ממושך יפגע בנאשם ובמשפחתו (סעיפים 40יא.(1) ו-(2) לחוק העונשין), אשר סובלת ממועד מעצרו, במיוחד כששניים מילדיו נעצרו, בין לבין, בגין עבירות פליליות, בן נוסף הועבר למעון נעול על רקע פלילי, ובנו הנכה הוצא מהבית ע\י שירותי הרווחה. חרף האמור, אין להתעלם מכך שהנאשם הוא האחראי היחיד לסבל שגרם למשפחתו, כשבחר באופן בוטה לספק את יצריו המיניים ודחפיו האלימים, באמצעות ביצוע עבירות מין ואלימות בבנותיו הצעירות, הנתונות תחת חסותו, ועל כן אין לנאשם להלין אלא על עצמו. ראוי גם להתחשב, בתוך המתחם, בשיקולי הרתעת היחיד והרבים. דומה, כי יש לגזור על נאשם שהורשע בעבירות של מעשים מגונים ואלימות, שבוצעו בתוך המשפחה, עונש שיהווה מסר של הרתעה לו ולאחרים כמותו, לבל יבצעו עבירות מעין אלו, כפי המדיניות הנקבעת בבית המשפט העליון. בתי-המשפט חזרו והביעו את דעתם בדבר הגישה המחמירה שיש לנקוט כלפי אלה המורשעים בעבירות מין בקטינים למען תושג הרתעה, וכך קבע בית המשפט העליון, כהאי לישנא; על בית המשפט לשמש מגן לקטינים למול אלה שפוגעים בגופם, נפשם, כבודם ורווחתם, במיוחד אלה הנמנים על התא המשפחתי, והמקרה דנן יכל לשמש דוגמה למקרים בהם חובה על בית המשפט להגן על המתלוננות הצעירות בגילן, שהופקרו לגורלן בידי אביהן. כמו כן, נשקול במסגרת כלל שיקולי הענישה את עיקרון ההרתעה כפי שהוא עולה מפסיקת בית המשפט העליון, לצורך קביעת העונש המתאים בתוך מתחם הענישה ההולם. יחד עם זאת השיקול של הרתעת היחיד והרבים מוגבל כיום על פי החוק לכך שיוכח \""סיכוי של ממש\"", כי ענישה מחמירה של הנאשם תביא להרתעה אישית שלו או של הרבים (סעיפים 40ו.-40 ז. לחוק העונשין). המחוקק לא הגדיר מהו אותו \""סיכוי של ממש\""""",train
"הערכים החברתיים שנפגעו בעבירות הנשק היו כמובן ביטחון הציבור ושמירה על שלומו, כמו גם השמירה על טוהר המידות, המשמעת והאמון במסגרת הצבאית. הפגיעה בערכים אלה למעט האחרונים הייתה ברמה בינונית-נמוכה כיוון שמדובר בנשק מסוג שאינו קטלני ואולם הפגיעה ככלל הייתה יותר משמעותית לאור העובדה שהגניבה בוצעה מתוך מערך מבצעי במסגרת ביצוע תפקיד. עבירת הסחר גם היא ברמה נמוכה כאשר לא היה שווי רב בעסקה שבוצעה. באשר לאישום השלישי מדובר על גידול 5 שתילי קנאביס בלבד אך צריכת הסם בזמן ששהה בבסיס מהווה נסיבה מחמירה. יש להוסיף את צריכת הקנאביס בעת החופשה. בעניין זה נפגעו הערכים של שמירה על שלום הציבור. ביחס לאישום הרביעי, הירי מתוך הנשק האישי בתוך הכפר והשלכת רימון גז לבאר, מדובר בעבירות ברמת חומרה נמוכה יחסית לפי נסיבותיהן וזאת מבלי להקל ראש בסכנות שבשימוש לא חוקי בנשק. באשר לכל העבירות הנאשם היה אחראי בלעדי לביצוען. כמו כן הוא יכל להימנע מביצוע כל העבירות כאחת. באשר למתחמי הענישה, בעבירות הנשק קיים מנעד רחב ביחס למתחם הענישה, שיכול לנוע בין מאסר לריצוי בעבודות שירות לבין מספר שנות מאסר בפועל כפי שטענה המדינה. ביחס לעבירות הסמים מדובר בסמים קלים וזאת מבלי להקל ראש ובכמויות קטנות עד קטנות מאוד. ישנה כמובן חומרה יתרה בכך שהשימוש בחלק מהסמים נעשה בעת ששהה בבסיס. מתחם הענישה נע בין של\צ לבין מאסר על תנאי. ביחס לעבירות הירי מתחם הענישה נע בין של\""צ לבין חודשי מאסר ספורים. המקרה דנן מתאים לקביעת מתחם כולל לכל העבירות והוא נע בין 9 חודשי מאסר בפועל לבין 3 שנות מאסר בפועל. באשר לקביעת העונש בתוך המתחם יש לקחת בחשבון שהנאשם הודה במרבית העבירות ולא הודה בעסקת""",train
"הנאשם 1 עצור מיום 11.5.16. הנאשם 2 עצור מיום 1.5.16. הנאשם 1 יליד 1996 והוא כבן 20.5. הנאשם 2 יליד 1995 והוא בן 21. לחובת הנאשם 1 יש שתי הרשעות בגזרי דין מתאריכים 4.11.14 ו- 10.6.13 , אז הורשע בעבירות של גניבה, תקיפה וחבלה ממשית על ידי שניים או יותר וחבלה כשהעבריין מזויין. בנוסף, לחובתו 7 הרשעות תעבורה. בנוסף צורף כתב אישום וגזר דין מת\פ 45595-03-14 (בית משפט השלום בעכו) בו נגזר על הנאשם 1 עונש מאסר בפועל למשך 10 חודשים ביום 4.11.14 והוטל עליו עונש מאסר על תנאי בן 12 חודשים בר הפעלה בתיק הנוכחי. המדינה הסכימה שעונש המאסר על תנאי האמור יופעל חציו במצטבר וחציו בחופף. לחובת הנאשם 2 הרשעה אחת בתחום התעבורה וגזר דין מיום 15.7.13. הערכים החברתיים שנפגעו במקרה זה הם שלמות הגוף ושמירה על בטחון הציבור. הנאשמים לא תכננו את ביצוע העבירה, למעט הצטיידות הנאשם 1 בסכין. חלקו היחסי של הנאשם 1 באירוע היה דומיננטי. היה צפוי להגרם נזק משמעותי אף יותר מזה שנגרם בפועל לאור השימוש בנשק קר. הסיבות שהביאו את הנאשמים לביצוע העבירה היו פסולות והם יכלו להבין את הפסול במעשיהם. בהתחשב בכל האמור לעיל, מתחם הענישה ההולם ביחס לנאשם 1 נמצא בין שנה עד 4 שנות מאסר בפועל. לגבי הנאשם 2 - מחצית מתקופה זו. באשר לקביעת העונש בתוך המתחם - לקולא, יצויינו גילאיהם הצעירים של שני הנאשמים והעובדה שהודו בשלב מוקדם מאוד של ההליך לאחר תיקון כתב האישום. ביחס לנאשם 1 - לחומרה תצויין העובדה שמאסרו בעבר לא הרתיע אותו מהסלמה באשר למעשים פליליים. שני הנאשמים לקחו אחריות, אם כי בעניין זה יש לקחת בחשבון את ההסתייגות""",train
"ומחציתו במצטבר, כך שסך הכל הנאשם ירצה עונש מאסר בפועל של 46 חודשי מאסר בפועל. 18 חודשי מאסר על תנאי משך 3 שנים מיום שחרורו כאשר התנאי יופעל במידה והנאשם יבצע עבירות אלימות או עבירות נשק מסוג פשע.",train
"כתוצאה מכל האמור לעיל, הנני מטיל על הנאשם את העונשים הבאים: מאסר בפועל בן 22 חודשים בניכוי תקופת מעצרו בין התאריכים 27.11.11 – 19.1.12, כאשר מועד תחילת המאסר יקבע לאחר שמיעת טיעונים על ידי הצדדים. מאסר על תנאי למשך 12 חודשים למשך 3 שנים מיום שחרורו כאשר התנאי יופעל במידה ויעבור עבירת סמים שלא לצריכה עצמית. המאסר על תנאי שהוטל במסגרת ת\פ (ב\""ש 5496/05) שהוארך בת\""פ 20713-10-09 ירוצה בחופף עם המאסר שהוטל לעיל. זאת, בהתחשב בכך שלעבירה זו קשר הדוק עם מצבו הנפשי של הנאשם. כמו כן, הנני פונה לרשויות השב\""ס על מנת שישקלו צירוף הנאשם לתכנית שיקום המתאימה עבורו במהלך תקופת מאסרו. ניתנה והודעה היום ז' חשון תשע\""ג, 23/10/2012 במעמד הנוכחים. אבקש לעכב ביצוע העונש על מנת לשקול הגשת ערעור. מאחר והנאשם היה מצוי תקופה לאקצרה במעצר בית ולא הפר אתהתנאים, אבקש את התקופה הניתנת לנו בחוק של 45 יום. אנו מתנגדים לעכוב ביצוע. הכלל הוא שתקופת המאסר הוא מיום מתן גזר הדין. תקופת המאסר שהוטלה היום אינה קצרה כך שחברי יוכל להגיש ערעור ואין מניעה שיחל להתחיל לרצות עונשו כבר כעת.""",train
"באשר לסיבה אשר הובילה אותו לבצע את השוד. לשני הנאשמים משפחות וילדים שבוודאי יגרם להם קושי כתוצאה מתקופות מאסר שיפסקו. סיכומו של ענין הנני מטיל עונשים כדלקמן: ארבע שנות מאסר בפועל, אשר מהן תנוכה תקופת מעצרו מיום 5/8/20 ועד ליום 12/11/20. מאסר על תנאי לתקופה של 12 חודשים למשך שלוש שנים לאחר שחרורו, כאשר התנאי יופעל במידה והנאשם יבצע עבירות אלימות או רכוש מסוג פשע. פיצוי בסך 20,000 ₪ למתלונן, לתשלום עד ליום 31/12/21. שלוש שנות מאסר בפועל, אשר מהן תנוכה תקופת מעצרו מיום 10/8/20 ועד ליום 31/12/20. מאסר על תנאי לתקופה של 12 חודשים למשך שלוש שנים לאחר שחרורו, כאשר התנאי יופעל במידה והנאשם יבצע עבירות אלימות או רכוש מסוג פשע. פיצוי בסך 20,000 ₪ למתלונן, לתשלום עד ליום 31/12/21.",train
"במקרה דינן, נפגעו הערכים המוגנים של שמירה על שלום הציבור וביטחונו ובטחון הפרט במקום מגוריו. על פי סעיפי האישום, תפקידו של הנאשם 1 היה המרכזי ותפקידם של הנאשמים 2 ו-3 היו בבחינת סיוע. ברור שמבחינת הנאשם 1 התקיים תכנון מוקפד, כאשר המטען הוכן מראש, והשלושה נסעו בשעת לילה מאוחרת בקרבת ביתו של המתלונן. עם זאת, יש לציין שמדובר בחפץ נפיץ שאמנם מסוכן אך אין מדובר במטען בעל רמת סיכון גבוהה ביותר. הנאשמים היו צריכים לדעת את הפסול במעשיהם ולהימנע מהם. בנסיבות, המתחם ההולם ביחס לנאשם 1 עומד על בין 6 חודשי מאסר לבין 18 חודשי מאסר. וביחס לנאשמים האחרים, בין 3-9 חודשי מאסר. בכל הקשור לענישה בתוך המתחם, נראה שאכן מדובר במעידה חד פעמית וכי ההליך היווה גורם מרתיע משמעותי עבור הנאשמים. בכל הקשור לענישה בתוך המתחם, ותסקירי המבחן שנערכו, נראה שאכן ייתכן שחל אי הבנה בין הנאשמים לבין שירות המבחן בשיחות האחרונות. אולם, עם זאת אין עדיין לומר כי מדובר בתסקירים חיוביים מאד וזאת על אף שבתסקירים לא נמצאה עדות לדפוסים עברייניים מושרשים אצל מי מהנאשמים. בסופו של עניין בשקלול הכולל של הנסיבות, הגעתי למסקנה שיש להטיל ענישה כלדקמן: 9 חודשי מאסר בפועל שירוצו בעבודות שירות, בתנאי שתינתן חוות דעת חיובית מהממונה על עבודות השירות. 6 חודשי מאסר על תנאי למשך 3 שנים כאשר התנאי יופעל במידה והנאשם יעבור עבירות נשק או אלימות. פיצוי בסך 2,500 ₪ למתלונן לתשלום עד ליום 30.7.20. 5 חודשי מאסר בפועל שירוצו בעבודות שירות, בתנאי שתינתן חוות דעת חיובית מהממונה על עבודות השירות. 3 חודשי מאסר על תנאי למשך 3 שנים כאשר התנאי יופעל במידה והנאשמים יעברו עבירות נשק או",train
"כי במקרה זה אין קשר בין המצב הנפשי לבין ביצוע העבירות. אולם, מאחר שאנו סבורים שאדם הסובל מהפרעה כגון זו שסובל ממנה הנאשם,עלול לסבול יותר מאדם אחר בעת מאסרו, הרי שיש להתחשב בכך לקולא (זאת בהתאם לסעיף 40יא(1) לחוק העונשין העוסק ב\פגיעה של העונש בנאשם. ..\""). כן נתחשב, בהיעדר עבר פלילי לחובתו של הנאשם (סעיף 40יא.(11) לחוק העונשין), אם כי במידה מועטה בלבד שכן הנאשם ביצע עבירות רבות ומגוונות לאורך מספר שנים ומכאן שנתקשה לומר כי מדובר באדם נורמטיבי. ראוי לזכור, כי במקרים רבים עבירות מין במשפחה מבוצעות על ידי אנשים אשר אינם בעלי דפוסי עבריינות בתחומים אחרים. (ראו ע\""פ 6577/10 פלוני נ' מדינת ישראל [פורסם בנבו] (28.11.13). אין ספק כי עונש מאסר ממושך יפגע בנאשם כפי שיפגע בכל אדם ואף הרשעתו בעבירות הבזויות אותן ביצע תגרום לו נזק במגזר בו הוא חי. אולם, לא נתחשב כלל בנזק זה כיוון שהנאשם הביא אותו על עצמו כשבחר באופן מתוכנן לספק את יצריו ותאוותיו החולניות באמצעות ביצוע עבירות מין חמורות בבתו, דם מדמו, בשר מבשרו, ועל כן אין לו להלין אלא על עצמו. (סעיפים 40יא.(1)(3) לחוק העונשין). נראה כי משפחתו הקרובה של הנאשם ולפחות מרבית מרכיביה, לא תיפגע מהיותו נתון במאסר. ראוי גם להתחשב, כאמור, בגדרי המתחם, בשיקולי הרתעת היחיד והרבים. (סעיפים 40ו. ו- ז. לחוק העונשין). בענישה בעבירות מהסוג שביצע הנאשם יש לשדר בנוסף למסר של תגמול גם מסר של הרתעה, הן כלפי הנאשם והן כלפי אחרים כמותו לבל יעברו עבירות מעין אלה. לא אחת עמד בית המשפט העליון על כך שהענישה בעבירות מין בתוך המשפחה בכלל, ובקטינים בפרט, על הכיעור הרב שבהן, אמורה לבטא שיקולי גמול,""",train
"כי הנאשם מכור לסמים מזה שנים רבות. לאור כל האמור לעיל אני מכריז על הנאשם סוחר סמים ומטיל עליו את העונשים הבאים כדלקמן: 4 שנות מאסר בפועל, בניכוי ימי מעצרו מיום 23.5.18 ועד היום. 12 חודשי מאסר על תנאי למשך 3 שנים ממועד שחרורו והתנאי יופעל במידה והנאשם יורשע בעבירה על פי פקודת הסמים המסוכנים שאינה שימוש בסם מסוכן או החזקתו לצורך צריכה עצמית. סכום הכסף שנתפס בבית הנאשם בסך 15,120 ₪ יחולט לטובת אוצר המדינה בהתאם לסעיף 36א לפקודת הסמים המסוכנים [נוסח חדש], התשל\ג-1973. לאור חילוט סכום הכסף שנתפס, לא מצאתי לנכון להטיל קנס נוסף על הנאשם. הסמים שנתפסו בבית הנאשם יושמדו.""",train
"תואר כי בעקבות סכסוך בין אחיו של הנאשם ואדם אחר שהתפתח למספר מעורבים, הנאשם ואחרים דקרו את המתלוננים. בית המשפט העליון העמיד את העונש על 15 חודשי מאסר בפועל. הערך החברתי שנפגע במקרה דנן הוא הזכות לשלמות הגוף ובטחונו של המתלונן. מבחינת נסיבות האירוע הפגיעה היתה פגיעה בינונית, כאשר מדיניות הענישה עולה מתוך הפסיקה שאוזכרה לעיל. באשר לנסיבות הקשורות בביצוע העבירה לא התקיים תכנון מוקדם או לפחות לא תכנון מוקדם משמעותי. באשר לנזק הצפוי מביצוע העבירה, אין לי אלא לחזור על הגישה הידועה של הפסיקה לעבירות בנשק קר ותופעת הסכינאות (אם כי לקולא לא הוכח כי נעשה שימוש בסכין ממש אלא חפץ חד כלשהו). אין ספק שהנאשם היה צריך להבין את הפסול שבמעשיו. עם זאת, ההדדיות המסויימת בייזום האירוע מהווה שיקול לקולא ובנוסף, מידת הנזק בינונית בהתחשב בשימוש בנשק קר. מתוך כל האמור הגעתי למסקנה שהמתחם ההולם ביחס לעבירה המושלמת נע בין 6 חודשי מאסר לבין 4 שנות מאסר, בנסיבות העניין. באשר לגזירת העונש הראוי לנאשם, אני לוקח בחשבון לחומרה את עברו הפלילי בעבירות דומות במהלך השנים ולקולא את העובדה כי בשנים האחרונות הוא ניהל חיים נורמטיביים ולא הסתבך בפלילים. כמו כן, יש להתחשב בהודאה ובחסכון בזמן שיפוטי. על רקע כל האמור לעיל, הגעתי למסקנה כי על רקע עברו אין מקום להמנע מהטלת מאסר בפועל. יוער למען הסדר כי הנאשם עצור מיום 19.5.14. אשר על כן, הנני מטיל על הנאשם את העונשים כלדקמן: 1. מאסר בפועל של 18 חודשים, בניכוי תקופת מעצרו מיום 19.5.14. עונש מאסר על תנאי למשך 12 חודשים למשך שלוש שנים מיום שחרורו אשר יחול במידה ויבצע עבירות שהן פשע המפורטות בפרק י',",train
התנאי יופעל אם יעבור על חוק שמירת הניקיון בתוך שנתיים מיום מתן גזר הדין.,train
"על פני ענישה כאשר הוא לא ניצל הזדמנות קודמת שניתנה לו ולא שוכנעתי כי אין מדובר בניסיון מצידו להמנע מתקופת מאסר. מכל מקום אין מניעה שלא ישתלב בהליך גמילה במסגרת תקופת מאסרו. הערכים החברתיים המוגנים שנפגעו הם שלום הציבור ובטחונו ושמירה על רכושו. הפסיקה שהובאה לעיל הדגישה את הסיכון הרב שיש בעבירות מן הסוג שבוצעו על ידי הנאשם. במקרה זה הנאשם נושא לאחריות בלעדית לעבירות. לא היתה מניעה שיחדל ממעשיו בכל זמן ביצוע שרשרת העבירות. תחת זאת, התנהגותו הלכה והסלימה. מתחם הענישה ההולם נמצא בין 8-24 חודשים בהתחשב במכלול העבירות. לטובת הנאשם עומדים גילו הצעיר והעובדה כי הודה בהזדמנות הראשונה ולקח אחריות על מעשיו. מכל האמור הנני מטיל על הנאשם עונשים כדלקמן: 12 חודשי מאסר בפועל בניכוי תקופת מעצרו מיום 15.2.15 ועד ליום מתן גזר הדין. עם זאת יובהר שאין לנכות את התקופה בה היה אסיר בתיק פל\א 8515-10-12 מיום 6.5.15 עד ליום 6.8.15 6 חודשי מאסר על תנאי למשך שלוש שנים מיום שחרורו כאשר התנאי יופעל במידה והנאשם עובר עבירות אלימות מסוג פשע.""",train
"2, נערך תסקיר שהוגש ביום 20.9.12. היא סרבה לחתום על ויתור סודיות או לתת פרטים לצורך יצירת קשר עם משפחתה ולפיכך לא עלה בידי שירות המבחן לפנות לגורמים שונים בתחום החינוך והרווחה או לשוחח עם בני משפחתה. תואר כי מדובר בילידת אתיופיה כבת 21, רווקה ואם לתינוקת בת שנה וחצי שנותרה במשמורת אמה של באיש. הנאשמת עלתה לארץ בגיל 7 יחד עם אמה ואחיה. הנאשמת 2 סרבה לתת פרטים על מצבה המשפחתי ותנאי גדילתה וצמצמה מאוד במענה לשאלות שנשאלה ולא היתה מעוניינת לחשוף את עברה ובטאה רצון לשאת בעונשה ולאחר שחרורה לפרנס את עצמה ואת בתה. ביחס לעברה צויין שהיא נשלחה בגיל 10 למסגרת פנימיה אך היא התקשתה להסתגל ונפלטה ומשך תקופה משמעותית בחייה נשארה ללא מסגרת חינוכית וללא מעש. היא נשלחה בגיל 13 למוסד חסות הנוער ל-3 שנים על פי צו בית משפט ובגיל 16 חזרה לגור בבית אמה אך לא נקלטה במסגרת. היא שוטטה ויצרה קשרים שוליים תוך שימוש לרעה באלכוהול. היא הרתה בגיל 19 ולאחר מכן הקשר עם אבי התינוקת נותק. ביחס לעבירה תואר כי היא מבינה כי פגעה במתלוננת והביעה צער על כך תוך כדי כך שהיא תארה שהיתה בגלופין. שירות המבחן סיכם כי מדובר בבחורה צעירה שמצבה מאופיין בעזובה, קשיי הסתגלות ובעיות התנהגות. בשל המצוקות היא סיגלה לעצמה התנהגויות ודפוסים תוקפנים שהחריפו תחת השפעת אלכוהול. למרות נזקקותה למסגרת סמכותית ותומכת העריך שירות המבחן כי בעיתוי הנוכחי היא אינה יכולה להפיק תועלת מקשר טיפולי ולא ניתנה המלצה טיפולית. ביחס לנאשמת 2 ניתנה המלצת הממונה על עבודות שירות לפיה ניתן להציבה לעבודות שירות ביד עזר לחבר. ביחס לנאשמת 1, אדוניה, ניתן תסקיר ביום",train
"(3) פסילת רישיון הנהיגה של הנאשם לתקופה של 4 שנים ממועד מתן גזר הדין. (4) פיצוי בסך 2,500 ₪ למתלונן המפורט באישום הראשון, שישולם לא יאוחר מיום 1.6.16. המאשימה תעביר למזכירות את פרטי המתלונן.",train
"נערכו מספר תסקירים בעניינו של הנאשם; בתסקיר ראשון מיום 26.1.21 תואר שמדובר בנאשם בן 28, רווק שטרם מעצרו עבד בתחום הגינון. הוא סיים 11 שנות לימוד בלבד והחל מגיל מוקדם להתרועע עם חברה שולית ונחשף לשימוש בסמים. תוארו יחסיו עם המתלוננת, ותוארה גם הרשעה קודמת משנת 2015 בתחום הסמים בגינה נידון לעבודות שירות. תואר בנוסף שבחודש נובמבר 2020 שוחרר הנאשם לקהילת \מלכישוע\"" עד לאוקטובר 2021 לצרכי גמילה מסמים. המשך הדיון נדחה מעת לעת והוגשו תסקירים נוספים עד לתסקיר מיום 20.12.21, שם פורטו השינויים שחלו באורחות חייו, שלאחר השהות ב\""מלכישוע\"" הועבר להוסטל בעפולה והשתלב בו בהצלחה, ובהמשך השתתף בקבוצה לטיפול בהתמכרויות בשיטת NA. כמו כן תואר שהנאשם החל לעבוד בצורה מסודרת כרתך, ולאחר השהות בהוסטל עבר לגור באופן עצמאי בדירה בעפולה והמשיך בעבודתו. שירות המבחן המליץ במקרה זה לאמץ את הפן השיקומי ולהטיל צו מבחן לשנה במהלכו ימשיך הנאשם להיות בפיקוח שירות המבחן וישתלב בטיפול בתחום ההתמכרויות ושתוטל עליו ענישה שיקומית-חינוכית של ביצוע עבודות של\""צ, וזאת על מנת לאפשר לו להמשיך לבנות את חייו מחדש לצד הטיפול. במקרה זה אכן מתחם הענישה ההולם לכלל העבירות נמצא בין 2 עד 4 שנות מאסר, וזאת בהתחשב באופי העבירות ובייחוד עבירת ההצתה (ת\""פ 57618-05-17 מדינת ישראל נ' פיראס בדואן (1.2.18); ת\""פ 57249-02-17 מדינת ישראל נ' מוחמד סעדי; וע\""פ 907/14 דניאל רחמים נ' מדינת ישראל). יחד עם זאת, לאור הליך השיקום שהתנהל בהצלחה במהלך ההליך, עולה שהנאשם הצליח לשקם את עצמו ואף הגיע לשלב שהוא שוכר דירה באופן עצמאי, רכש מקצוע ועובד בו (מכתבו של המעסיק שהוגש מיום 27.2.22). באופן רגיל היה מקום להטיל יחד עם צו המבחן מאסר לריצוי בעבודות""",train
"הערכים החברתיים המוגנים שנפגעו היו: בטחון הציבור ושמירה על הקניין הפרטי. באשר לתכנון מוקדם נראה כי מדובר בביצוע עבירה מזדמנת וללא תכנון מיוחד. חלקו היחסי של הנאשם היה מוחלט. לא נגרם נזק פיסי למתלוננת ואולם, הסיבות שהביאו את הנאשם לביצוע העבירה היו פסולות והוא ידע את הפסול במעשיו. לחומרה בנוסף, גילה של קרבן העבירה. בהתחשב במדיניות הענישה שפורטה לעיל ובשיקולים הנוספים, נראה לי שבמקרה דנן מתחם הענישה ההולם נמצא בין 9 חודשים עד 3 שנות מאסר בפועל. באשר לעונש בתוך המתחם יצויין שמדובר ברצידיוויסט שביצע את העבירה, כפי הנראה, כיוון שהוא מכור לסמים. לקולא, יצויינו ההודאה המוקדמת וגם גילו הצעיר של הנאשם שהוא כבן 26. מכל האמור הגעתי למסקנה שיש להטיל על הנאשם עונשים כדלקמן: 18 חודשי מאסר בפועל בניכוי תקופת מעצרו החל מיום 20.7.16 ועד היום. 9 חודשי מאסר על תנאי למשך 3 שנים מיום שחרורו שיופעל במידה ויעבור עבירת אלימות מסוג פשע. המאסר על תנאי בן 12 חודשים שנפסק בת\פ 51010-02-14 יופעל במצטבר לעונש שלעיל. המאסר על תנאי בן 7 חודשים שנפסק בת\""פ 15817-05-12 יופעל בחופף לעונש שלעיל. כך שבסך הכל ירצה הנאשם עונש מאסר בפועל בן 30 חודשים. פיצוי למתלוננת בסך 1,500 ₪ לתשלום עד ליום 1.4.17.""",train
"עבירות חמורות. עיינתי בכתב האישום המתוקן וגזר הדין ואומנם דובר בעבירות בנשק, יריות באזור מגורים ושיבוש מהלכי משפט אך בפועל הנאשם ירה בחצר ביתו ללא סיבה מספר כדורים ולאחר מכן השליך את הנשק מרכבו ונמלט מהמקום. האירוע הסתיים ללא נפגעים או נזק לרכוש כתוצאה מהירי באוויר. בחוות דעת מיום 17.12.15 מצא הממונה על עבודות השירות את הנאשם מתאים לריצוי מאסר בדרך של עבודות שירות. במקרה דנן מתחם הענישה ההולם הוא בין 6 חודשי מאסר ל-36 חודשי מאסר. להתרשמותי, במקרה דנן יש להעדיף ענישה אשר לא תחייב חיכוך עם חברה עבריינית. מדובר בבחור צעיר שאינו בעל דפוסים עבריינים ותרומתו לחברה עד כה חיובית. יש לקוות שהנאשם ישכיל לנצל את ההזדמנות הניתנת לו כעת לו ולא יסתבך בעתיד בפלילים. לאור כל האמור אני מטיל על הנאשם עונש כדלקמן: (1). מאסר של 6 חודשים אשר ירוצה בעבודות שירות. הנאשם יתייצב ביום 5.5.16 בשעה 8:00 לצורך קליטה והצבה במשרדי הממונה על עבודות השירות ביחידת עבודות השירות, מפקדת מחוז צפון, רח' הציונות 14, טבריה. (2) 12 חודשי מאסר על תנאי למשך 3 שנים שיופעל אם הנאשם יעבור עבירה בה הורשע או עבירה אחרת מסוג פשע.",train
"הנאשם עצור מיום 12.9.20. הערכים החברתיים שנפגעו היו שמירה על שלום הציבור וביטחונו. היות שמדובר בעבירות נשק ועוד ירי באזור מגורים, מדובר בפגיעה משמעותית בערכים המוגנים. בנסיבות בהן נתפס הנאשם \על חם\"" עם הנשק והתחמושת, ובנוסף בהתחשב בלבוש \""המבצעי\"" שלבש, עולה שהתקיים מרכיב של תכנון מוקדם, למרות שהמטרה לא הובררה במסגרת כתב האישום. הנאשם שהיה מבצע יחיד ונושא באחריות בלעדית למעשיו. בהתחשב באמור לעיל ובמדיניות הענישה, יש לציין כי הפסיקה שהביאה המדינה מתאימה יותר למקרה מאשר הפסיקה שהובאה ע\""י הסנגור, כאשר לא קיימים שיקולים שיצדיקו חריגה מפאת שיקולי שיקום, מתחם הענישה נמצא בין 18-40 חודשי מאסר. זאת, כיוון שאומנם היה שימוש בנשק, אך הנשק לא כוון כלפי איש. מבחינת הענישה בתוך המתחם יצוין, שלא מצאתי פגם בתסקירים, בניגוד לנטען על ידי הסנגור, כאשר עולה שאכן הנאשם היה גלוי באופן חלקי בלבד ביחס לרקע לביצוע העבירה. עם זאת, אני מקבל שהייתה קבלת אחריות מלאה מצד הנאשם, כפי שביטא זאת בדבריו באולם בית המשפט. לזכותו בנוסף, הודאתו המוקדמת ללא צורך בניהול ההליך וקבלת האחריות שההודאה מסמלת. כמו כן, לטובתו העובדה שאין לחובתו עבר פלילי. מפאת כל האמור, יוטלו העונשים כדלקמן: 32 חודשי מאסר בפועל שמתקופה זו תנוכה תקופת המעצר (מיום 12.9.20); 12 חודשי מאסר על תנאי למשך 3 שנים, כאשר התנאי יחול במידה והנאשם יבצע עבירות אלימות מסוג פשע; קנס בסך 5,000 ₪ לתשלום עד ליום 1.9.21.""",train
"הערכים המוגנים שנפגעו באישום הראשון היו השמירה על שלטון החוק ובטחון הציבור והפרט. באישום השני נפגעו אותם ערכים ובנוסף השמירה על הגוף והקניין. מידת הפגיעה בערכים בכל אחד מהמקרים - בהינתן הרקע למעשים שבוצעו כאמור בתקופת מבצע צבאי ובעת ששרר מתיחות רבה באוכלוסייה האזרחית והתקיימו הפרות סדר נרחבות – היתה גבוהה יחסית. עם זאת, יש לזכור כי למרות התיאור הכללי של עובדות הרקע, הנאשמים כאן היוו דמויות משנה בעבירות באישום הראשון והואשמו בעבירת הסיוע בלבד באישום השני. ביחס לאירוע הראשון לא ברורה מידת התכנון. לעומת זאת, נראה כי באירוע השני הנאשמים הסתובבו וחיפשו אחר קורבן מזדמן, אזי קיים רכיב תכנון משמעותי יותר. חלקם היחסי של הנאשמים בשני האירועים היה קטן משמעותית מאשר חלקם של האחרים שנכללו בתיאור העובדות בכתב האישום. לאור אופי העבירות בשילוב עם התקופה בה בוצעו, היה צפוי נזק משמעותי והנאשמים היו חייבים לדעת את הפסול במעשיהם ולהימנע מהם. כפי שנקבע בע\פ 901/22 מדינת ישראל נ' אסווד [פורסם בנבו] (24.2.22), \""יש מקום ליתן משקל מתאים גם לפרק הזמן שבו נעברו העבירות, במהלכו היתה האוכלסיה האזרחית נתונה למתקפה של אלפי רקטות, כפי שמתואר בכתב האישום המתוקן, ובמקביל התעורר גל של הפרות סדר והתפרעויות אלימות, שכלל תקיפת כוחות הביטחון, כמו גם אזרחים יהודים וערבים.\"" עם זאת, בשונה מעניין אסווד ופסיקה נוספת שאוזכרה על ידי הצדדים, בעניין דנן לא הואשמו הנאשמים בעבירות שבוצעו ממניע גזעני. עוד יוער כי לא מצאתי לקבוע כי מדובר באירוע אחד מתמשך. ראשית, אין קשר הכרחי בין שני האישומים ואין בהכרח מדובר בתכנית עבריינית אחת כוללת. לגבי האישום הראשון מתחם הענישה נע בין מאסר על תנאי לבין 12 חודשי מאסר – בגין חלקם""",train
"הנאשם עצור מיום 6.6.23. אין צורך להכביר מלים על חומרת עבירות הסמים והנזקים שנגרמים לחברה כתוצאה מהפצתם והשימוש בהם. נפגעו הערכים המוגנים של שמירה על שלום הציבור והסדר החברתי. העבירות דנן מגלות רכיב של תכנון משמעותי והנאשם נושא באחריות בלעדית לביצוען, כאשר הוא היווה חלק משרשרת השגת הסם ואספקתו. בהתחשב באמור ובהתחשב בפסיקה המנחה, מתחם העונש ההולם נמצא בין 18 – 40 חודשי מאסר. במקרה דנן יש להתחשב בגילו הצעיר של הנאשם, בקבלת האחריות מצדו ובמהלכים שהוא נוקט לשיקום. אני פוסק עונשים כדלקמן: 24 חודשי מאסר בפועל, שמהם תנוכה תקופת מעצרו מיום 6.6.23; מאסר על תנאי של 10 חודשים למשך 3 שנים מיום שחרורו, כאשר התנאי יחול במידה והנאשם יבצע עבירות סמים שלא לצריכה עצמית מסוג פשע; קנס בסך 2,500 ₪, לתשלום עד ליום 31.12.24. פסילת רישיון הנהיגה למשך 12 חודשים מיום שחרורו. כמו כן הנני מורה על השמדת הסם.",train
"עברו הפלילי של הנאשם כולל הרשעה בגין עבירה בגין פציעה לפי סעיף 334 לחוק העונשין משנת 2006 (גזר הדין ניתן בשנת 2008) כאשר אז הוטלו עליו 6 חודשי מאסר בפועל; הרשעה משנת 1996 בגין חבלה או פציעה כשהעבריין מזויין לפי סעיף 335(1) לחוק העונשין- אז הושת עליו מאסר על תנאי; הרשעה בגין סעיף 380 לחוק העונשין משנת 1993; שתי הרשעות מהשנים 1991 ו- 1987 מבית המשפט לנוער בגין עבירות אלימות, אשר כללו בשני המקרים חבלה ופציעה כאשר העבריין מזויין לפי סעיף 335 לחוק העונשין. הוגש סיכום אשפוז של המתלונן (נ/2) לפיו תוארו דקירות בבית החזה, בראש, בצוואר וביד שמאל. לא תוארה סכנת חיים. הוגש מכתב מראש המועצה (נ/1) המתאר את אישיותו של הנאשם כחיובית וכאדם נעים הליכות. תצהיר שהוגש מטעם המתלונן תיאר את נזקיו הגופניים וקשיים כלכליים בעקבות הפגיעה בו וציין שלא נערכה סולחה. מבחינת פסיקה איזכרה המדינה ת\פ (ת\""א) 40331/07 מדינת ישראל נ' מגארי מוחמד (13.4.2008) שם הוטל עונש של 4.5 שנות מאסר בגין עבירה לפי סעיף 335(א)(1) וסעיף 333 לחוק העונשין. המקרה התייחס להשלכת אבן כבדה במשקל 2 ק\""ג שפגעה בראשו של המתלונן. נוהל הליך הוכחות. צויין שהעבירה בוצעה זמן קצר לאחר שחרור הנאשם ממאסר קודם. בע\""פ 6260/05 מאלק חדרה נ' מדינת ישראל (23.2.2006) בערכאה הדיונית הוטלו 3 שנות מאסר כאשר במהלך ויכוח דקר הנאשם בחפץ את המתלונן. היה מדובר בתיגרה במהלכה שלף המערער חפץ חד ודקר את המתלונן בבטנו והוא נאלץ לעבור ניתוח. צויין שמדובר בנאשם בן 18 ללא עבר פלילי. בית המשפט העליון לא התערב בעונש. בע\""פ 8711/09 פייסל יאסין נ' מדינת ישראל (28.6.2010) הוטלו 33 חודשי מאסר בפועל על נאשם כאשר""",train
"בין מאסר עולם (העונש לעבירת רצח) ובין מאסר עולם ועוד שלוש שנות מאסר. נסיבות הקשורות בביצוע העבירות משעמדנו על מדיניות הענישה הנהוגה הצריכה לענייננו, על בית המשפט לבחון את הנסיבות הקשורות בביצוע העבירה, זאת \ככל שסבר שהן משפיעות על חומרת מעשה העבירה ועל אשמו של הנאשם\"" (סעיף 40ט לחוק העונשין). על התכנון המוקדם לרצח המנוח ניתן ללמוד מהצטיידות ברובה 16M, בתכנון המוקדם להגיע למפעל מבודד המצוי באזור התעשייה בקיסריה, הביקור המקדים בזירה מספר ימים לפני ביצוע הרצח, תכנון חלוקת העבודה בין השלושה, קביעת דרכי גישה והגעה למקום, אופן יצירת קשר לאחר ביצוע הרצח ודרכי מילוט. הנאשם לדבריו לא הכיר את המנוח והנסיבות שהביאו אותו לבצע את העבירות לא התבררו עד תום במהלך החקירה וניהול המשפט. בהתאם לסעיף 40יב לחוק העונשין, מלבד הנסיבות שפורטו לעיל – אלו הקשורות בביצוע העבירה, ואלו הקשורות במדיניות הענישה, דן בית המשפט בערך החברתי שנפגע ובעוצמת הפגיעה. מתחם העונש ההולם בנסיבות העניין מכיוון שבגין עבירת הרצח העונש הינו על פי דין מאסר עולם – ראוי לקבוע לגבי עבירות הנשק וקשירת הקשר לפשע, כי מתחם העונש ההולם נע בין 2 ל- 4 שנות מאסר בפועל, לצד מאסר עולם. מתחם הענישה הנ\""ל נקבע תוך שקלול הערכים החברתיים שנפגעו מביצוע העבירות ומידת הפגיעה בהם, בהתחשב במדיניות הענישה הנהוגה ומידת אשמו של הנאשם, כפי שדנו לעיל. גזירת העונש המתאים לנאשם – מתוך מתחם הענישה שנקבע כאמור לעיל, בגזירת העונש המתאים לנאשם – בתוך מתחם הענישה שנקבע – רשאי בית המשפט להתחשב בהתקיימות נסיבות שאינן קשורות בביצוע העבירה \""ככל שסבר כי ראוי לתת להן משקל בנסיבות המקרה\"", ו\""בלבד שהעונש לא יחרוג ממתחם העונש ההולם\"" (סעיף 40יא לחוק""",train
"שהוא האמין או ידע שתעשה בנשק עבירה קטלנית. עובדה זו מהווה שיקול משמעותי לקולא. גם בשלב השני ועל אף שסחר בנשק כאשר מכר אותו לטאהא, על פי העובדות המוסכמות הוא עשה זאת במטרה להיפטר מהנשק. העובדה שגבה תמורה ואף תמורה משמעותית עבור הנשק, מצביעה על מעשה מכוון ומחושב במידה מסויימת, אך עדיין הסיטואציה בכללותה אינה דומה לזו של עסקת סחר קלאסית. בנוסף, לקולא פועלים השיקולים שצויינו בתסקיר המבחן ושצויינו על ידי עדי האופי של הנאשם, ובין היתר כי מדובר בנאשם אשר לא הסתבך בעבירות כה חמורות לפני כן, שעד למעצרו הוא ניהל אורח חיים נורמטיבי, כי הוא הודה בהזדמנות הראשונה ולקח אחריות מלאה על מעשיו והפנים את הפסול שבהתנהגותו. לחומרא יש כמובן את העובדה כי מדובר בסופו של דבר בסחר בנשק קטלני, כאשר הפסיקה המתהווה בתחום מצדדת בענישה מחמירה. בנסיבות העניין טווח הענישה ההולם נמצא בין 12 חודשי מאסר לבין 42 חודשי מאסר, כאשר יש לדעתי בנסיבותיו של הנאשם ליתן את הדגש לשיקולים לקולא שפורטו. על בסיס האמור לעיל, הנני מטיל על הנאשם 2 עונשים כדלקמן: מאסר בפועל לתקופה של 18 חודשים מיום מעצרו ביום 30.3.12. מאסר על תנאי לתקופה של 12 חודשים לתקופה של שלוש שנים לאחר שחרורו, כאשר התנאי יחול במידה ויעבור עבירת נשק מסוג פשע או עבירות אלימות מסוג פשע.",train
"חייהן. מצבן האישי של שתים מהן, הנאשמות 1 ו-2 הינו כזה שהלכה למעשה אין הן מסוגלות לשתף פעולה עם שירות המבחן ועל כן אינן מועמדות לשיקום. הן אף לא הצליחו לעמוד בתנאי השחרור שנקבעו להן במהלך המשפט והוחזרו למעצר. הנאשמת 3 שיתפה פעולה עם שירות המבחן בצורה טובה יותר, אם כי מינימלית, וקיימה את תנאי שחרורה כך שלא היה צורך להחזיר אותה לתנאים של מעצר במהלך המשפט, אך גם לגביה נותרה שאלה רצינית אם היא מסוגלת לקיים הליך שיקומי. מכל מקום, כאמור בסעיפים 40ג ו- 40ד לחוק העונשין לא הונח בסיס איתן לקביעה כי קיימים סיכויים של ממש לעניין שיקומה של הנאשמת 3 אלא סיכוי מינימלי בלבד, ואין זה מספיק כדי להעדיף שיקולי שיקום על פני שיקולי ענישה. הנאשמות הביעו חרטה על ביצוע העבירה, ונראה לי כי מדובר בחרטה אמיתית, אם כי לפי האמור בתסקירים עולה הרושם כי החרטה נוגעת בעיקר להשפעת האירוע על חייהן ונוגעת פחות לנזק וסבל שנגרמו לקורבנן. ביחס לכל אחת מהנאשמות, ובייחוד הנאשמת 1, יש מקום להתחשב גם באמור בסעיף 40ט(6) לחוק העונשין הקובע כי יכולת הנאשם להבין את הפסול במעשיו מהווה גורם רלוונטי בקביעת העונש. אל מול סעיף זה יש גם מקום להתחשב במיוחד בסעיף 40ט(10) לחוק המפרט כי האכזריות והאלימות של נאשם כלפי הנפגע מהוות גם הן שיקולים רלוונטיים בעת הטלת העונש. ביחס למתחם הענישה ההולם, בהתחשב באופי הקיצוני והאכזרי של העבירה, טווח הענישה ההולם נמצא בין 12- 48 חודשי מאסר. במקרה דנן, בהתחשב באופי העבירה העונש הראוי נמצא קרוב יותר למדרג העליון מאשר לתחתון. יצויין כי אלולא הודאתן המיידית של הנאשמות היה מקום להטיל עליהן עונש כבד יותר מזה",train
"-4 שנות מאסר בפועל שמתקופה זו תנוכה תקופת המעצר מיום 11.7.20. -מאסר על תנאי של 12 חודשים למשך שלוש שנים כאשר התנאי יופעל במידה והנאשם יבצע עבירות אלימות או עבירות תנועה מסוג פשע. -המאסר על תנאי בתיק ת\פ 66907-09-14 (שאוחד עם ת\""פ 18286-11-14 אליו צורף ת\""פ 12015-04-16) ירוצה בחופף וזאת על מנת שלא להטיל תקופת מאסר ארוכה מדי מכדי לאפשר שיקום. -פסילה מלהחזיק רשיון נהיגה משך 24 חודשים מיום שחרורו. -הפסילה על תנאי מת\""פ 66907-09-14 תופעל מחציתה במצטבר ומחציתה בחופף לרכיב זה של העונש. -בנסיבות כאשר אשתו של הנאשם נותרת לבדה עם ילדם, לפנים משורת הדין לא יחולט הרכב.""",train
"הנאשם עצור מיום 21.6.22. במקרה זה במעשיו של הנאשם נפגעו הערכים המוגנים של שמירה על שלום הציבור וביטחונו. היות שמדובר בעבירות נשק, ולנוכח נסיבות המקרה, מדובר בפגיעה יחסית חמורה. כמצוין בפסיקה שהוזכרה על ידי המאשימה לעיל, אכן יש להחמיר בעבירות הנשק שהפכו למכת מדינה, וביתר שאת במגזר הערבי. באשר לטענות אודות הנסיבות לכריתת ההסדר והשינוי בכתב האישום, יש לראות בנאשם כמי שהודה בהזדמנות הראשונה וזאת לאור השינוי בכתב האישום. לעומת זאת, שינוי סוגי העבירות משקף את מלוא ההסכמה בין הצדדים ויש לקבוע מתחם ענישה הולם ביחס לעבירות שנמצאות כעת בכתב האישום בלבד. מבחינת הנסיבות הקשורות לביצוע העבירה, מדובר בנשק שהוחזק באופן לא חוקי משך תקופה ארוכה יחסית, והאירועים בוצעו על רקע סכסוך. עוד יש לתת משקל שדובר בירי שבוצע לעבר בית משפחת שכניו של הנאשם, בשעת לילה מאוחרת, בשעה בה ישנו בבית בני המשפחה ובניהם קטינים. עוד יש לתת את הדעת לכך שאחד מהקליעים אותו בתוך חדר השינה. בנסיבות אלה פוטנציאל הנזק במעשי הנאשם היה רב ומשמעותי. לגבי החלק השני של האירוע, נראה שמדובר באירוע ספונטני, אך גם במהלכו פוטנציאל הנזק היה גדול והוא אירע בשל התפתחות האירוע בו החל הנאשם עצמו. הנאשם נושא באחריות בלעדית לביצוע העבירות והיה צריך לדעת – בייחוד לאור עברו – על הפסול במעשיו. יש להעיר כי רבים מפסקי הדין שהציגה ההגנה הם ישנים יחסית, ואינם משקפים את המדיניות העדכנית הרווחת בפסיקה של החמרה בענישה בעבירות מתחום הנשק על רקע שכיחותן הרבה וההשלכות ההרסניות שלהן. בהתאם לאמור, ולמדיניות הענישה הנוהגת כיום הנני קובע מתחם ענישה בין 30-50 חודשי מאסר בפועל. בבחינת הנסיבות שאינן קשורות בביצוע העבירה לטובת הנאשם יש לזקוף את",train
"תמונת מצבו הרהורים על העתיד לבוא\, הפרקליט נב תשע\""ג, עמ' 413, בעמ' 454; וכן במאמרו של שופט בית המשפט העליון דב לוין \""גוזרים את הדין\"", המשפטא, 185 (1993), בעמ' 199)). נכון אמנם, כי הודאת הנאשם לא היתה מיידית ובאה לאחר שנשמעה עדות העובדת הסוציאלית ששכנעה את המתלוננת להתלונן, וחקירתה הראשית של אשתו, אמה של המתלוננת אולם, הודאתו היתה בשלב מוקדם יחסית של המשפט ובעקבות תיקון משמעותי של כתב האישום ועל כן ראוי להתחשב בה לקולא. (סעיף 40יא.(6) לחוק העונשין). יחד עם זאת, אין לשלול את האפשרות כי הודאתו של הנאשם היא במידה רבה הודאה שאין בה חרטה וראיה לכך ניתן למצוא בהתנהגותו המניפולטיבית של הנאשם, אשר סמוך לאחר שמיעת הטיעונים לעונש ביקש לחזור בו מהודייתו, בטענה מניפולטיבית שבנו הוא האחראי לביצוע העבירות (טענה ממנה חזר מיד לאחר מכן). עד כמה נלוזה טענה זו ניתן להסיק מכך שבעת שהחלו מעשי האונס במתלוננת בשנת 2007, היה הבן בגיל 12 שנים בלבד, שכן נולד בשנת 1995. אולם, אף אם הודאה זו באה מטעמים טקטיים או אחרים, אין להתעלם מכך שבעצם הודאתו של הנאשם בעובדות כתב האישום יש משום לקיחת אחריות מסוימת. פרט להודאתו, לא עשה הנאשם כל מאמץ לתקן את תוצאות העבירה ולפצות את המתלוננת. (סעיף 40יא.(5) לחוק העונשין). נתחשב במידה מצומצמת לקולא בהפרעה הנפשית ממנה סובל הנאשם, ואולם נבהיר כי התחשבותנו במחלתו לצורך קביעת העונש המתאים בתוך המתחם אינה בשל \""נסיבות חיים קשות של הנאשם שהיתה להם השפעה על העבירה\"" (לפי סעיף 40יא(8) לחוק העונשין), שכן בניגוד למקרים אחרים בהם נסיבות חיים טראומטיות עיצבו קווים אישיותיים מסוימים ומכאן שהשפיעו, אף אם באופן עקיף, על ביצוע העבירות, אנו סבורים""",train
"תש\ע-2009) 765). הוגש תסקיר נפגע עבירה ביום 30.10.12. במסגרת התסקיר צויינו הנזקים הפיזיים הישירים שנגרמו למתלוננת בעת התקיפה: שבר בארובת העין הימנית והמטומה בפנים. היא נזקקה ל-5 ימי אשפוז. לאחר השחרור המשיכה להזדקק לטפולים רפואיים בתחומי הנוירולוגיה, עיניים, פסיכיאטריה וטיפולי שיניים. כתוצאה מתביעה שהוגשה למוסד לביטוח לאומי נקבעו לה 35% נכות זמנית למשך שנה כאשר חלק מהנכויות הפכו לנכות צמיתה. המפקחת ציינה שבמהלך השיחה עימה כ- 8 חודשים לאחר האירוע ניכרים אצל המתלוננת עדיין השלכות האירוע ומצוקתה כתוצאה ממנו. מדובר באשה בת 45, ילידת רומניה, שהגיעה לפני כ- 6 שנים לישראל כעובדת זרה על מנת לטפל בקשישים סיעודיים ונישאה לאזרח ישראלי לפני כשנתיים וחצי. היא עבדה כמטפלת בקשישים באופן חלקי לאחר נישואיה וכחדרנית בבית מלון ובמקביל למדה בקורס חשבי שכר. צויינה הפרעה פוסט טראומטית ממנה היא סובלת ומצבה הרגשי הרגרסיבי הגורם לה להפרעות בשינה, דריכות ומתח. צויין שהיא לא שבה למקום עבודתה הקודם ומנסה למצוא עבודה בסמוך לביתה. היא נוטה להסתגר ולהתבודד כיום לעומת העבר וחווה עצמה כמוחלשת וחסרת אמון ובטחון בתחומי חייה. צויין שהיא שואפת להחזיר לעצמה את חייה הקודמים אולם תואר שהיא מתקשה לעשות זאת בעיקר במישור הרגשי. היא הביעה אמונה שההחמרה בענישה עשויה לתת הכרה לחומרת המעשים הן בהיבט האישי והן כגורם מרתיע בהיבט הציבורי. היא הביעה נכונות לקבל פיצוי כספי שעשוי לסייע לה לשפר ולהקל על מצבה. יצוין למען הסדר שהיא העידה בבית המשפט והוגשו גם תמונות שלה ושל השוטר (מ/6 1-4). עדותה הותירה רושם מהימן. מתוך שלל הפסיקה שהוגשה על ידי הצדדים מצאתי כי פסקי הדין הבאים רלוונטיים במיוחד לענייננו לאור הדמיון בנסיבות ביצוע העבירות המתוארות בהם לבין המקרה דנן: בע\""פ""",train
"428 רישא + 29 לחוק, ו-7 עבירות סחיטה באיומים לפי סעיף 428 סיפא ועבירות של קשירת קשר לפשע. דובר על פרשיית סחיטה שכללה 10 אישומים ש-8 מהם יוחסו לנאשם 1, ו-2 לנאשם 2 כמסייע. הנאשמים גבו כסף באמצעות איומים על חייהם וחיי בני משפחתם של הנסחטים, ובשני מקרים אף הושלכו חזיזים ביתם. ביחס לנאשם 1 (שהיה הדומיננטי בביצוע העבירות) נקבע מתחם ענישה הולם לכל אחד מאישומי הסחיטה באיומים הנע בין 18-48 חודשי מאסר, מלבד האישום הראשון בו האיומים בוצעו על ידי אחר, לגביו נקבע מתחם ענישה שבין 12-36 חודשי מאסר. בית המשפט העליון לא התערב במתחמים שנקבעו. מדובר במקרה חמור מזה שלפנינו. ת\פ 13913-08-12 מדינת ישראל נ' שריקר ואח' (09.09.13), דובר בפרשה במסגרתה הורשעו שני נאשמים על פי הודאתם במסגרת הסדר בעבירת סחיטה באיומים וכן בעבירות קשירת קשר לפשע, שימוש במרמה, עורמה ותחבולה. דובר במקרה בו סחטו סכומי כסף גדולים מהמתלונן, לאורך תקופה של כשנתיים, על רקע חוב כספי אשר המתלונן הסדיר שנים לפני הסחיטה. נקבע מתחם עונש הולם הנע בין 24 ועד 48 חודשי מאסר בפועל, ועל הנאשמים, הושת עונש של 36 חודשי מאסר. לאחד מהשותפים, שעברו הפלילי היה נקי, הופחת העונש במסגרת הערעור לבית המשפט העליון ל-32 חודשים. דובר במקרה חמור מזה שלפנינו. ע\""פ 18/20 ראסם זועבי נ' מדינת ישראל (20.08.20), נאשם אשר הורשע בעבירה של סחיטה באיומים לפי סעיף 428 רישא, לאחר שסחט את המתלונן על רקע חוב שלו בסכום של 120,000 ₪ לאדם אחר. בעקבות האיומים, המתלונן העביר לידי הנאשם סך שכ-60,000 ₪. על הנאשם הוטל מאסר בפועל לתקופה של 12 חודשים. כפי שעולה מהפסיקה שהוגשה על ידי הצדדים והפסיקה הנוספת שאוזכרה,""",train
"נאשם 1 היה עצור בהליך זה מיום 5/8/20 ועד ליום 12/11/20, אז החל לרצות עונש מאסר של 36 חודשים בתיק אחר, ת\פ 68392-03-18. נאשם 2 היה עצור בתיק זה מיום 10/8/20 ועד ליום 31/12/20, אז החל לרצות עונש מאסר של 27 חודשים בת\""פ 44247-07-18. לשני הנאשמים עבר פלילי מכביד: נאשם 1 הורשע 10 פעמים בעבר, בעבירות שוד, ניסיון שוד, אלימות ועבירות סמים ונשק ורכוש. ריצה 8 תקופות מאסר; נאשם 2 הורשע 14 פעמים בעבירות שונות ונדון ל- 7 תקופות מאסר וגם לחובתו עבר תעבורתי הכולל נהיגה ללא רישיון. הערכים המוגנים שנפגעו היו בעיקר שמירה על רכוש הזולת ושמירה על בטחון המסחר. בהתחשב בסכומים שנשדדו ובתעוזה שהייתה כרוכה בביצוע העבירה, מדובר בפגיעה יחסית קשה בערכים. עם זאת, יש לציין שלא הופעלה אלימות פיזית כלפי המתלונן ובנו. מדובר באירוע שתוכנן היטב מבעוד מועד והנאשמים התכוננו לקראתו, כאשר הכינו בין היתר בגדי הסוואה וכלי הנחזה לאקדח. מבחינת חלוקת התפקידים עולה שנאשם 1 היה הגורם הדומיננטי בביצוע השוד, חלקו משמעותי יותר מאשר חלקם של האחרים ובייחוד חלקו של נאשם 2 שתפקד כנהג בלבד ואף לא נכח בזמן אירוע השוד בחנות. בפועל אירע נזק משמעותי בדמות הסכומים שנשדדו, שיש לציין שלא הוחזרו והנאשמים היו צריכים לדעת את הפסול במעשיהם ולהימנע מהם. מכל האמור הגעתי למסקנה שמתחם הענישה ההולם נמצא 2.5 – 5 שנות מאסר בפועל. באשר לענישה בתוך המתחם, לקולא יש להתחשב בהודאת הנאשמים (במידה פחותה בהודאתו של נאשם 1 שלגביו ניתנה הכרעת דין מרשיעה), אם כי לא ביקש להשמיע עדים. כמו כן, לחומרה עברם הפלילי המכביד של שני הנאשמים, כאשר בעניין זה יש לקחת בחשבון את דבריו של נאשם 1""",train
"וביטחון הציבור והסדר הציבורי. במעשי הנאשם, כפי שהם מקבלים את ביטויים בעובדות כתב האישום, הרי שמדובר בפגיעה משמעותית וממשית בערכים החברתיים המוגנים, כפי שפורטו לעיל. הדעת אינה סובלת מצב דברים שכזה, ועל בית המשפט להביע את שאט נפשו וסלידתו מעבריינים שגדעו את פתיל חייהם של קרבנם במחי יד ולנקוט כלפיהם ביד נוקשה ובאפס סובלנות. על מבצע העבירה יש להשית ענישה מחמירה וכבדה, שתבטא את החומרה היתרה הגלומה במעשיהם מעוררי התיעוב. בעניינינו, לא התבררה כאמור הסיבה מדוע נרצח המנוח, אדם מן הישוב, יישר דרך אשר יצא למצוא את פת לחמו בעבודה כשומר לילה במפעל. את עוצמת הכאב על הירצחו של המנוח בנסיבות אלה ביטא בנו בתצהירו, ואין לנו אלא לשוב ולהפנות למצוטט מהתצהיר. באשר לעבירת הרצח, על פי דין, משנגזר דינו של נאשם בגין עבירת רצח, ייגזר דינו לעונש מאסר עולם (סעיף 300(א) לחוק העונשין). משכך, נותר לבחון את מדיניות הענישה הנוהגת באשר לעבירת הנשק, שהעונש המירבי הקבוע בצדה של עבירה זו הוא שבע ועשר שנות מאסר (סעיפים 144(א) ו- 144(ב) לחוק העונשין בהתאמה), וכן עבירת קשירת הקשר. בית המשפט העליון עמד, לא אחת, על חומרת עבירת הנשק, על הצורך להטיל בגינה ענישה מחמירה ומרתיעה ואכן בפסיקת בית המשפט העליון בשנים האחרונות ניכרת מגמת החמרה בענישה בעבירות הנשק (ראו, למשל, ע\פ 2251/11 נפאע נ' מדינת ישראל [פורסם בנבו] (4.12.11); ע\""פ 4450/11 עספור נ' מדינת ישראל [פורסם בנבו] (8.2.12)). מגמה מחמירה זו הולכת ומתחזקת נוכח היקפן המתרחב של עבירות המבוצעות בנשק וזמינותו המדאיגה של הנשק העלול, כמו במקרה שלפנינו, להביא לתוצאות הרסניות. בהתאמה גם נתנו דעתנו כאמור לעבירת קשירת קשר לביצוע פשע. באלה הנתונים, מתחם העונש ההולם נע""",train
"הערכים החברתיים המוגנים שנפגעו היו שמירה על ביטחון הציבור ושמירה על הקניין והביטחון האישי. הפגיעה בערכים אלה על ידי הנאשם במסגרת ביצוע העבירה הייתה ברמה בינונית, כיוון שלא הופעלה אלימות קשה בסופו של עניין כלפי המתלונן. האירוע אכן היה אירוע ספונטאני ללא תכנון מוקדם, אך אין להתעלם מחומרת העבירה כשהיא מופנית דווקא למתלונן קשיש. בעניינו של הנאשם הוגשה חוות דעת רפואית מיום 07.12.21 ובסיכום נקבע כי הנאשם הינו בר עונשין ובעת שביצע את מעשיו המיוחסים לו הוא לא היה שרוי במצב פסיכוטי או אפקטיבי מאג'ורי. צויין בגוף חוות הדעת כי הנאשם נמצא בהכרה צלולה ומתמצא בכל המובנים וכי בולטת התנהגות מניפולטיבית ומגמתית למטרה מכוונת ומתוכננת לצורך השגת רווח משני בשל סיטואציה משפטית. מכל האמור, הגעתי למסקנה שמתחם הענישה ההולם נע בין 2 שנות מאסר בפועל – 4 שנות מאסר בפועל. לחומרה יש לציין את העבר הפלילי המכביד של הנאשם והעובדה שאין באופק כל הליך שיקומי עבורו. לקולא יש לציין את גילו המבוגר, ההודאה המוקדמת שמסר הנאשם ואת מצבו הבריאותי בשל בעיית ההתמכרות שלו לסמים. מכל האמור הגעתי למסקנה שיש להטיל ענישה כדלקמן: 26 חודשי מאסר בפועל בניכוי ימי מעצרו ביום 15.11.21. מאסר על תנאי לתקופה של 12 חודשים למשך 3 שנים ממועד שחרורו שיופעל במידה והנאשם יבצע עבירות אלימות או רכוש מסוג פשע.",train
"הערכים המוגנים שנפגעו כתוצאה ממעשי הנאשם הם שמירה והגנה על שלמות הגוף ובטחונו של אדם וכן חירות וחופש התנועה של אדם. באשר לנסיבות הקשורות לביצוע העבירה הרי שאומנם קדם תכנון לביצוע העבירה כאשר הנאשם הגיע לביתה של חברתה של המתלוננת, שם שהתה, אך גם לעמדת המאשימה, האירוע התגלגל והסלים ולא ברור שמטרתו הראשונית של הנאשם הייתה לפגוע במתלוננת, כאשר הנאשם לא נשא או השתמש בנשק קר או חם וכן עצר את רכבו לאחר זמן קצר ונתן למתלוננת להתקשר לחברתה על מנת שתבוא לאסוף אותה; הנאשם הוא האחראי הבלעדי לביצוע העבירה ויכול היה להימנע מביצועה בכל שלב; באשר לנזק שנגרם למתלוננת הרי שהמתלוננת נחבטה בחלק השמאלי של ראשה ובכתפה השמאלית כתוצאה ממעשי הנאשם, יצוין כי אומנם לא מדובר בנזק משמעותי, אך יכול היה להיגרם נזק רב יותר, שעה בה הנאשם נסע ברכב, כשגופה של המתלוננת נגרר מחוץ לרכב; הנאשם בגיר ויכול היה להבין את מעשיו והפסול בהם. במקרה שבפניי מתחם הענישה ההולם הוא 6-24 חודשי מאסר בפועל. באשר לנסיבות שאינן קשורות בביצוע העבירה הרי שהנאשם נטל אחריות והודה בהזדמנות הראשונה ובכך חסך זמן שיפוטי; לנאשם 3 הרשעות קודמות בעבירות סמים ואיומים. לאור כל האמור לעיל אני משית על הנאשם עונשים כדלקמן: 6 חודשי מאסר בפועל שירוצו בעבודות שירות בכפוף לחוות דעת הממונה על עבודות שירות.",train
"הערכים החברתיים המוגנים שנפגעו במקרה דנן הם שלום הציבור וביטחונו וכן הגנה על חיי אדם. באשר לנסיבות הקשורות בביצוע העבירה הרי שקדם לעבירה תכנון: הנאשם הצטייד בנשק ובתחמושת ונסע לביתה של הנאשמת, שם סבר שלא ימצא הנשק. יצוין כי מדובר בנשק טעון ובעבירות חמורות וכי הנשק הבלתי חוקי יכול היה לשמש לביצוע עבירות. זאת ועוד, הנאשם ביצע את עבירת נשיאת הנשק לבדו והביא את הנשק לידי הנאשמת לצורך אחסונו. לא ברור האם הנאשמת היתה מבצעת את העבירה לו הנשק לא היה מובא לידיה וכפי שצוין על ידי כב' השופט ליפשיץ לא ברור האם הסכמתה היתה חופשית ומרצון. על כן, הנאשם היה ה\רוח החיה\"" מאחורי ביצוע העבירות. הנאשם יכול היה להבין את מעשיו ולהימנע מהם בכל שלב ושלט בהם. בנוסף, לו הנשק לא היה נתפס הוא היה יכול להיגרם נזק רב כתוצאה משימוש בו, שעה בה מדובר בנשק קטלני (האקדח). באשר לנסיבות שאינן קשורות לביצוע העבירה אציין כי לנאשם עבר מכביד, כאשר העובדה שנדון בעבר למאסרים בפועל לא מנעה ממנו לשוב ולבצע עבירות ואף חמורות יותר, זמן קצר מאוד ממועד שחרורו האחרון. בנוסף, העובדה שהנאשם בחר להחביא את הנשק בביתה של הנאשמת, שם סבר שלא ימצא, הינה נסיבה מחמירה לעניין החזקתו. לזכות הנאשם אציין את הודאתו, נטילת האחריות ונסיבות חייו כפי שעלו מטיעוני הסניגור. באשר לטיעונים בנוגע לגזירת עונשה של הנאשמת אציין כי אין מקום לטעמי בהשוואה בגזירת העונש. מכאן, טענת הסניגור בנוגע לתחולת עקרון אחידות הענישה דינה להידחות. הנאשמת לא הואשמה בהובלת הנשק (ואין כל משמעות לעניות דעתי למרחק בין ביתו של הנאשם לביתה של הנאשמת אלא לכוונה שעמדה מאחורי הבאת הנשק לביתה במטרה להסתירו לצורך""",train
"אכן כפי שצוין בת\פ 36456-12-13 שאוזכר לעיל (ראו סע' 11 לגזר הדין והפסיקה המאוזכרת שם), בפסיקת בתי המשפט ביחס לעבירה של סיכון חיי אדם בנתיב תחבורה נקבעה מזה מספר שנים רמת ענישה בסביבות 4 שנות מאסר בפועל (ע\""פ 2410/04 מדינת ישראל נ' סלמאן אבו אלקיעאן (11.11.10)). בהתאם לשיקולים המנחים המנויים בסעיף 40ג לחוק העונשין, מתחם הענישה ההולם במקרה דנן נמצא בין 3.5. – 7 שנות מאסר. במקרה זה, על פי נתוניו ובהתחשב בעברו של הנאשם, היה מקום להחמיר בענישה בתוך המתחם ולפסוק רמת ענישה מחמירה יחסית. ואולם, המקרה מציב קושי: מצד אחד נאשם שביצע עבירות חמורות – שבמקרה זה כללו בריחה משוטרים ומרדף ארוך שסיכן מאד את המשתמשים בדרך ואף יושבי הרכב באופן חמור; עולה שאין ספק שהנאשם מהווה סיכון לציבור ואף סיכון למשפחתו הקרובה המחייבים להרחיק אותו לתקופה ניכרת. מאידך, מדובר באדם ששוכנעתי כי הוא עושה מאמצים כנים לשיקום ואף התקדם בכך טרם האירוע, כפי שמעידים המסמכים שהוגשו במהלך ההליך. כמו כן, מקובל עלי כי העבירות בוצעו כאשר הנאשם נקלע לסיטואציה קשה בה דאג לבריאותה של אשתו והריונה. עם זאת, אין ספק שהוא בחר בחלופת ההתנהגות הגרועה והמסוכנת ביותר שניתן לעלות על הדעת. העבירה הנוכחית לא כוללת תכנון – אלא חוסר תכנון. עם זאת, הנאשם נושא באחריות בלעדית בגינה והיא מדגימה את הסיכון שהוא מהווה לציבור המשתמשים בדרכים. לאור הערכת הסיכון, כפי שבא לידי ביטוי גם בתסקיר - אין מנוס להטלת תקופת מאסר משמעותית כדי להרחיק את הנאשם מהחברה. עם זאת נראה שמדובר באדם שהוא עדיין בר שיקום ויש מקום לפסוק עונש שלא ימנע אפשרות של המשך שיקומו. אשר על כן הנני מטיל עונשים כדלקמן:""",train
"הערכים המוגנים שנפגעו כתוצאה ממעשי נאשם 3 היו שמירה על שלום הציבור ומניעת שימוש בסמים אסורים. לצד האמור, הואיל ומעורבותו של נאשם 3 בביצוע העבירות הייתה מוגבלת לפעולות שתוארו בכתב האישום המתוקן, הפגיעה בערכים החברתיים מצדו לא הייתה חמורה יחסית. כך גם השתקף מהרשעתו כמסייע בלבד. עם זאת, אין להקל ראש בעבירות הסמים לרבות עבירות גידול מסחרי של קנאביס, ומתחם הענישה ההולם שהוצע על ידי המדינה משתקף מהפסיקה. אשר על כן, הנני קובע מתחם ענישה הולם שבין 6 – 12 חודשי מאסר. באשר להטלת העונש בתוך המתחם, יש להתחשב בעברו הפלילי של נאשם 3, אך גם בהודאתו, לקיחת האחריות והחיסכון בזמן השיפוטי ובאמור בתסקיר שירות המבחן שהוגש, כשלא מצאתי סיבה שלא לאמץ את מסקנותיו. יצוין כי בשים לב כי מדובר בסוג עבירות המבוצעות מתוך רצון להשגת רווח כלכלי קל, ובשים לב למניע הכלכלי המובהק מצד נאשם 3, העונש חייב לכלול רכיב של ענישה כספית אולם באופן שיישקף את מידת אשמו של נאשם 3. אשר על כן יוטל עונש כדלקמן: 8 חודשי מאסר בפועל לריצוי בעבודות שירות בהתאם לחוות דעת הממונה. 5 חודשי מאסר על תנאי משך 3 שנים, כאשר התנאי יופעל במידה והנאשם יבצע עבירות סמים מסוג פשע. קנס בסך 3,000 ₪, לתשלום עד ליום 1.5.24.",train
"הנאשם עצור מיום 27.10.19. למען הסדר יצוין שכראיות לעונש הוגשו מסמכים רפואיים המגבים את הממצאים שצוינו לעיל. הערכים החברתיים שנפגעו היו שמירה על ביטחון הציבור ושמירה על הקניין. על פי האמור בכתב האישום התקיים תכנון מראש, אם כי בסופו של עניין נעשה שימוש בחפצים שנמצאו בשטח. חלקו של הנאשם היה משמעותי ומרכזי על אף שלא היה חלק מהסכסוך. נגרם נזק משמעותי לבניין. הנאשם היה מסוגל להבין את הפסול במעשיו ולהימנע מהם, על אף מצבו הרפואי. מתחם הענישה ההולם במקרה נמצא על פי הפסיקה בין 24 חודשי מאסר ל-48 חודשי מאסר. באשר לנסיבות שאינן קשורות בביצוע העבירה מדובר בנאשם ללא עבר פלילי שהודה בהזדמנות הראשונה וחסך זמן שיפוטי. במקרה זה הפגיעה של העונש בנאשם ובמשפחתו (אמו) תהיה קשה במיוחד, בהתחשב במצבו הרפואי. כמו כן נסיבותיו האישיות של הנאשם כפי שתוארו בתסקיר הן קשות במיוחד ואכן מדובר באדם מוכה גורל. אמנם לא ניתן תסקיר שהמליץ על נתיב שיקומי, ואולם מאידך צוין שהנאשם חסר מאפיינים פליליים מושרשים וכי העבירה הינה החריג בנוף חייו. התרשמתי שתקופת המעצר היוותה תקופה מרתיעה עבור הנאשם ואין ספק שהוא נמצא בסיכון מוגבר כפי שמעידה שהותו בבית החולים בתקופה האחרונה. במכלול הנסיבות נראה שיש מקום לסטות ממתחם הענישה, וזאת מטעמי צדק (ע\פ 4456/14 קלנר נ' מ\""י (ע\""פ 5669/14 בעמ' 618). תקופת מאסר החופפת את תקופת המעצר מיום 27.10.19.""",train
"הערכים המוגנים שנפגעו ביחס לעבירת הנהיגה הפוחזת הם שמירה על שלום הציבור ושלומם של המשתמשים בדרכים. הערכים שנפגעו במסגרת עבירת הכניסה לישראל שלא כדין היו פגיעה בריבונותה של המדינה. בכל הקשור לעבירה הראשונה, מדובר באירוע בלתי מתוכנן, וביחס לכניסה לישראל כפי הנראה התקיים תכנון כלשהו. חלקו של הנאשם 2 בעבירה הראשונה לא היה דומיננטי, כאשר לא הוא נהג ברכב וגם העידוד שנתן לנהג הסתכם במשפט אחד על פי כתב האישום. עם זאת, הוא נושא באחריות בגין מעשיו. בגין העבירה הראשונה הנני קובע מתחם ענישה שבין 6 – 14 חודשי מאסר ובגין העבירה השניה מאסר על תנאי עד ל-6 חודשי מאסר. בנסיבות המקרה, יש לקחת בחשבון את הודאת הנאשם וכן כי עברו הפלילי מוגבל (עבירה אחת של כניסה לא חוקית לישראל). במקרה זה תוטל תקופת מאסר הזהה לתקופת מעצרו של הנאשם בגין שתי העבירות (מיום 24.4.22 ועד ליום 3.11.22). כמו כן אני מטיל מאסר על תנאי של 3 חודשים משך 3 שנים למקרה שיעבור כל אחת מהעבירות בהן הורשע. היות שהנאשם 2 אינו שוהה בישראל כדין הוא ייעצר ויובא לנקודת גבול ליד רמאללה (מחסום קלנדיה) שם ישוחרר.",train
"הנאשם עצור מיום 26.8.21. הערכים החברתיים שנפגעו כתוצאה ממעשיו של הנאשם הם שמירה על שלום הציבור ורכושו. בהינתן שמדובר בעבירת הצתה, נוכח טיב העבירה, הפגיעה בערכים המוגנים ברמה בינונית, לכל הפחות. באשר לתכנון, הנאשם יחד עם אחרים, תכנן את המעשים והתכונן לקראתם, והמבצעים אף התעקשו ומצאו דרך לרכוש בנזין למרות שסורבו בפעם הראשונה שניסו לעשות כן. העבירה גרמה נזק לרכב שהוצת, אך לא פורט חומרתו. העדר ממצאים בקשר למידת הנזק שנגרם פועל לטובתו של הנאשם מבחינת הספק. כמו כן, לקחתי בחשבון את פוטנציאל הנזק במקרה זה, נוכח העובדה שעלה שמדובר בהצתה שבוצעה באזור מגורים. מכל האמור הגעתי למסקנה שמתחם הענישה ההולם נמצא בין 2 - 4 שנות מאסר. באשר לענישה בתוך המתחם, מדובר בנאשם שהודה במיוחס לו בהזדמנות הראשונה ובכך חסך זמן שיפוטי ולקח אחריות על מעשיו. לחומרא שקלתי את העובדה שלחובת הנאשם עבר פלילי קודם וכן את העובדה כי עונשי מאסר שריצה בעבר, ואף עונש מאסר על תנאי, לא מנעו ממנו לעבור את העבירה הנוכחית. בנוסף, לקחתי בחשבון שהתסקיר שהוגש היה במהותו שלילי ולא הובאה בו כל המלצה טיפולית. כן לקחתי בחשבון את נסיבות חייו הלא פשוטות של הנאשם וכן נתתי דעתי לכך שאין ספק שתקופת מאסר תפגע במשפחתו של הנאשם. מכל האמור הנני מטיל על הנאשם את העונשים הבאים: 30 חודשי מאסר בפועל, בניכוי ימי מעצרו (מיום 26.8.21). 9 חודשי מאסר על תנאי למשך 3 שנים כאשר התנאי יופעל במידה והנאשם יבצע עבירות אלימות או רכוש מסוג פשע. פיצוי למתלונן בסך 2,500 ₪, לתשלום עד ליום 31.12.21.",train
"הערכים המוגנים שנפגעו הם ההגנה על הציבור מפני נגע הסמים ובעקיפין ההגנה על בריאות הציבור והרכוש. מדובר בעבירות חמורות שמתחם הענישה בגינם עומד על תקופה של 3-5 שנות מאסר בפועל, כפי שעולה ממדיניות הענישה בפסקי הדין שאוזכרו לעיל. כזכור מבין העבירות, החמורה ביותר הינה החזקת כמות של מעל 200 גרם קוקאין ואליה מצטרפת החזקת כמות גדולה של סם (צמחים) מסוג קנבוס. אמנם מדובר בעבירת ההחזקה בלבד ברם אין ספק שמעשי הנאשם היוו חלק ממערך הנחוץ לצורך סחר בלתי חוקי בסמים. בנסיבות אין ספק כי מדובר בעבירות המהוות אירוע מאוחד. למעשה, הסניגור לא חלק על מתחם הענישה, אלא טען כי יש להעדיף שיקולי שיקום על פני שיקולי ענישה במקרה הקונקרטי. על פי סעיף 40ד. לחוק העונשין, במידה שנמצא שנאשם השתקם, או שיש סיכוי של ממש שישתקם, ניתן לחרוג ממתחם הענישה ההולם ולהעדיף את שיקומו. במקרה דנן ניתנה לנאשם הזדמנות לנקוט הליך שיקומי במהלך ניהול ההליך כאשר בעקבות החלטה שניתנה ביום 9.6.16 במסגרת הליכי המעצר הוחלט להעבירו לטיפול אינטנסיבי בבעיית התמכרותו להימורים במסגרת קהילת 'הדרך'. הנאשם שהה בקהילה משך מספר חודשים ואולם, ביום 18.12.16 הוחלט על הפסקת הטיפול בו בקהילה לאלתר על רקע קשייו להתגייס לטיפול, התנהלות רגרסיבית והפרת כללי המסגרת על ידו. בהמשך נמצא טיפול חלופי והוא השתלב בו. הטיפול החלופי הינו במרכז יום ומתקיים רק משך 3 ימים בשבוע והינו פחות אינטנסיבי בהרבה מאשר החלופה הראשונית. מהתיאור שסופק על ידי שירות המבחן, ההסברים שניתנו על ידי הסניגור והסברים נוספים שניתנו על ידי הנאשם עצמו לא שוכנעתי שהנאשם מגויס באופן מלא לטיפול. נראה שהוא לא הצליח לגייס את הכוחות הדרושים כדי לעמוד בתנאים של קהילת הדרך ואין",train
"בענייננו הנאשם הורשע, כאמור, בארבע עבירות של ניסיון לרצח ובעבירה של החזקת סכין ממניע גזעני. אין חולק כי מדובר ב\אירוע אחד\"", בין היתר, לאור \""הקשר ההדוק\"" בין המעשים השונים ורצף התרחשותם בפרק זמן מוגבל [ראו: ע\""פ 4910/13 ג'אבר נ' מדינת ישראל [פורסם בנבו] (29.10.2014); ע\""פ 5643/14 עיסא נ' מדינת ישראל [פורסם בנבו] (24.6.2015)]. האמור במסכת העובדתית לעיל מלמד על נחישותו של הנאשם לפגוע ללא רחם בחיילים ובאזרחים תמימים, ובכך, פגע למעשה בערכים החברתיים המוגנים של קדושת החיים, שלמות הגוף והסדר הציבורי. יפים לעניינינו דברים שנאמרו בע\""פ 1456/07: המדובר בעבירות להן חומרה קיצונית, במהותן ובנסיבות ביצוען. הנאשם, שהינו אזרח המדינה, החליט לבצע פיגוע טרור של רצח יהודים, רק בשל היותם יהודים – על ידי דריסתם למוות של עוברי אורח באמצעות מכוניתו. הוא החל להוציא לפועל את תכניתו הנפשעת, בדריסתם של שני חיילים שעמדו בתחנת האוטובוס, ובהמשך רץ חמוש בסכין לעבר קטינה שישבה בתחנה והחל דוקר אותה בכל חלקי גופה. הנאשם לא חדל ממעשיו ודקר גם עובר אורח נוסף שהיה במקום כשניסה לנטרלו. כתוצאה מתושייתם של עוברי אורח שהיו במקום, סוכלה תכניתו של הנאשם ולמרבה המזל האירוע לא הסתיים בפגיעות בנפש, אלא בפגיעות גוף, חלקן קשות ביותר. העבירות בהן הורשע הנאשם, מחייבות ענישה מחמירה שיש בה להעביר מסר עונשי חד משמעי, נוקב ומרתיע, לפיו כל מי שנוטל חלק בעבירות אלה ימצא עצמו מאחורי סורג ובריח לתקופה ארוכה. הלכה היא כי בעבירות המבוצעות על רקע אידיאולוגי-לאומני נדחים שיקולי הענישה האחרים מפני שיקולי ההרתעה [ראו: ע\""פ 3057/13 מדינת ישראל נ' פלוני [פורסם בנבו] (2.7.2013); ע\""פ 9349/07 איסמעיל חאמד נ' מדינת ישראל [פורסם בנבו] (23.6.2008)]. מבחינת הענישה הנוהגת, וכעולה מאסופת הפסיקה""",train
"במהותם. מחד גיסא, עניין לנו בבחור צעיר, חיובי בבסיסו, המגיע ממשפחה חיובית תורמת ותומכת, אשר סבל מפציעה קשה במסגרת תאונת דרכים. מדובר במי שבתקופת מעצרו הוכיח עצמו כאדם מועיל ותורם; במי שנטל אחריות מלאה על מעשיו, הודה והתחרט, מעוניין להשתקם ונהנה מרשת משפחתית המתכוונת לעשות כל מאמץ לשקמו. מאידך גיסא, מעל ראשו של הנאשם מרחפת עננה כבדה בדמות הרשעתו הקודמת, בעבירה חמורה של החזקת אקדח ונשיאתו, כאשר את מעשי העבירה נשוא תיק זה הוא ביצע תוך הפרת העונש המותנה. גם בשלב גזירת הדין אין ניתן להתעלם מגזר הדין שניתן בעניינו של סאאר. אמנם, הוטל שם עונש מאוחד בגין שתי פרשות נפרדות וקיים, אפוא, קושי להפריד בין הדבקים בהקשר זה. מאחר שבגין מעורבותו של סאאר בפרשה בה עסקינן נקבע מתחם שתחתיתו ב 24 חודשי מאסר ואילו ביחס לעבירות האחרות נקבע מתחם שתחתיתו עומד על 9 חודשי מאסר, יש להניח שעיקר העונש הוטל בגין מעורבותו בפרשה דכאן ולא בפרשה האחרת. לטובת הנאשם שלפניי אניח שבגין מעורבות של סאאר בפרשה הנדונה כאן היה מוטל על סאאר עונש בן 24 חודשי מאסר אילו עמדה לבדה. עמדנו כבר על כך, שעניינו של הנאשם שלפנינו ראוי להידון פחות בחומרה מעניינו של סאאר. לפיכך, קבעתי בעניינו מתחם ענישה נמוך יותר בכללותו; גם הנסיבות אשר אינן קשורות בביצוע העבירה מחייבות הקלת מה בעניינו של הנאשם אל מול עניינו של סאאר. הנאשם הודה בשלב מוקדם יותר; סאאר סוחב על גבו קופת שרצים של ממש והורשע בעבירה נוספת וחמורה כעת. לאחר שקלול הנתונים הללו כולם, מצאתי לנכון ליתן משקל ממשי לשיקולי אחידות הענישה ולנהוג בנאשם מנהג \בית הלל\"" מתוך תקווה שהוא יידע ליטול את ההזדמנות הניתנת""",train
"אותה הגישה באת כח המאשימה, נראה כי במקרים דומים הושתו על נאשמים עונשים שהם במתחם העונש המוצע במסגרת ההסדר שבפנינו (תפ\ח 42482-03-15 מדינת ישראל נ' סלאימה; תפ\""ח 45702-02-15 מדינת ישראל נ' מחרוך]. באשר לנסיבות ביצוע העבירות במקרה דנן, נציין את השימוש ברכב וההצטיידות בסכין אשר דרשו מחשבה ותכנון מוקדם. כך גם, בחירת המקום המתאים ביותר לבצע את הפיגוע ולהביא לפגיעה במספר קורבנות רב ככל האפשר. לאור האמור לעיל, בשים לב לערכים המוגנים ולעוצמת הפגיעה בהם, תוך מתן משקל למכלול נסיבות האירוע, ולאחר בחינת מדיניות הענישה הנוהגת, אנו קובעים כי מתחם הענישה בענייננו נע בין 22 ל- 28 שנות מאסר בפועל. מטבע הדברים ועל פי ההלכה הפסוקה כאמור, בעבירות מסוג זה מתגמד משקל נסיבותיו האישיות של הנאשם, ובכללן, עברו הנקי, גילו הצעיר, הודאתו בראשית ההליך והעובדה כי פעל על דעתו ולא במסגרת ארגון בלתי חוקי. נציין כי לא ניתן להתעלם מהעובדה שלמרות שניתנה לו ההזדמנות במעמד הדיון, בחר הנאשם שלא להביע חרטה על מעשיו ובכך ניכר גם היעדר אמפתיה כלפי הנפגעים ומשפחותיהם. היעדר הבנתו של הנאשם להשלכות מעשיו ולנזקים שנגרמו, עולה גם מתסקיר שירות המבחן בעניינו. לאחרונה אזרחים רבים נאלצים להתמודד עם פיגועי טרור על-רקע לאומני, אשר חלקם אף מבוצעים על-ידי מפגע בודד, ובין השאר פיגועי דריסה, שמטרתם להביא להרג של רבים. על רקע האמור, ולנוכח חומרת העבירות ונסיבות ביצוען, יש ליתן דגש ובכורה בענישתו של הנאשם לשיקולי הגמול, ההגנה על ביטחון הציבור והרתעת עבריינים פוטנציאליים. לאחר ששקלנו את טיעוני ב\""כ הצדדים ומכלול נסיבות העניין, החלטנו בנסיבותיו של תיק זה, שלא לסטות מהסדר הטיעון, בדבר הטלת 25 שנות מאסר על הנאשם, לאור ההלכה הפסוקה לפיה ככלל על""",train
"בשאלה אם מדובר באירוע אחד או שניים, הנני מקבל את עמדת המדינה כי מדובר בשני אירועים נפרדים כיוון שהאירועים בוצעו במועדים שונים, תואמו בנפרד, בוצעו במקומות שונים ומדובר בעסקאות עצמאיות ללא רצף ונמכרו סוגי נשק שונים. על פי מבחן עובדתי צורני פשוט לא נמצא חוט מקשר משמעותי בין שני האישומים. אין ראיה לכך שהנאשם היה שרוי באותו מצב נפשי רצוף במשך כל אותה תקופה וגם אם כך, אין בכך כדי להיטיב עם מצבו שהרי מדובר בעבריינות מושרשת. הערכים החברתיים שנפגעו הם שמירה על שלום הציבור וחייו כאשר הפצת נשק מהווה סיכון משמעותי לשמירה על הסדר החברתי ואפשרות להורדת רף האלימות בחברה. המצאות נשק מגבירה את הסיכון של שימוש בנשק מעצימה אירועים אלימים למימדים קטלניים, בין אם מדובר באירועים פליליים או אירועים חבלניים. מבחינת הנסיבות הקשורות בביצוע העבירות, בשני האישומים היה מדובר בתכנון מוקדם, כאשר חלקו של הנאשם הוא מהותי: באירוע הראשון הוא אכן מילא תפקיד של מתווך וגם לקח חלק בביצוע העבירות למרות שלא נכח פיסית במקום מתוך מעין תקלה מקרית. באישום השני, הוא נטל את התפקיד המרכזי. הנזק שהיה צפוי להגרם מביצוע העבירות פורט לעיל. הסיבות שהביאו את הנאשם לבצע את העבירות פסולות ויתר על כן, רצף האישומים והתנהגות הנאשם כפי שתואר בכתב האישום מעלים יותר מחשד כי מדובר באדם שהסחר בנשק אינו זר לו. מובן כי הוא יכל להבין את הפסול במעשיו ולהמנע מביצוע העבירות. בהתאם למדיניות הענישה הנהוגה, אין מקום לקבוע מתחם שונה לגבי כל אחד מן האישומים כאשר הדמיון ביניהם גדול יותר מאשר השוני ובעניין זה איני מקבל את טענת הסניגור באשר לכך שרובה הציד היווה סיכון פחות מהאקדח. מתחם הענישה ההולם",train
"במקרה דנן הערכים החברתיים שנפגעו כתוצאה מביצוע העבירה הם השמירה על שלמות הגוף וכן הגנה על שלום הציבור ובטחונו. מסכים אני עם טענת הסניגור לפיה הסכם הסולחה מקל על הפגיעה בערכים החברתיים של פגיעה עתידית בשלום הציבור ובטחונו וכן פגיעה בפרט. להתרשמותי, הנאשם הגיע למקום, שם פגש במקרה במתלונן איתו רב מספר שעות קודם לכן (כפי שעלה מטיעוני הסניגור בדיון מיום 31.12.15) ויוער כי ב\כ המאשימה לא התנגדה להעלאת הטענה. ונטל את הכבל שהיה ברכבו במסגרת עבודתו כמתקין מזגנים. הנאשם, שכעס על התנהלות המתלונן מספר שעות קודם לכן החליט באותו הרגע לפגוע בו באמצעות הכבל ולא ניתן לומר שהתכוון לפגוע בו בעינו או לגרום לו לנזק משמעותי. אציין כי דובר במכה בודדת שלאחריה עזב את המקום (ער אני לכך שזריקת הפטיש על ידי אחמד בדראן יתכן וגרמה לו לעזיבת המקום). לזכות הנאשם יש לקחת בחשבון את העובדה כי הנאשם אדם צעיר; נטל אחריות על מעשיו; הודה וחסך זמן למערכת המשפט; פעל לעריכת הסכם סולחה; והביע חרטה כנה. זאת ועוד, אין להתעלם מהמסמכים שהוגשו ומהם ניתן ללמוד על רצון הנאשם להשתלבות בחברה, תוך ניהול אורח חיים נורמטיבי. הנאשם הינו ממשפחה נורמטיבית (ראה מכתב מראש המועצה בענה נ/3 ומכתב ממחלקת הרווחה נ/2), התנדב לשירות צבאי מלא (נ/6), מתנדב במשמר האזרחי (נ/5) ועובד לפרנסתו בכבוד ולשביעות רצון מעסיקיו, שאף הביעו רצון לקלוט אותו לעבודה בסיום ההליך כשיתאפשר (נ/4). לחובת הנאשם אציין שדובר באירוע שלווה באלימות; את העובדה כי נגרם נזק למתלונן; הנאשם יכול היה להבין את הפסול במעשהו ולהימנע מהם בכל שלב; ואת עברו הפלילי. לעניין זה יאמר כי לנאשם הרשעה בעבירה בגינה ריצה 10 חודשי מאסר בפועל בגין""",train
"בפגיעה שתהיה למאסר על משפחתו של הנאשם בהיותו בן יחיד (סעיפים 40יא(1) ו-(2) לחוק העונשין). לחומרא נציין את העובדה כי הנאשם, מחזיק דרכון אוקראיני – שהה בארץ כאורח, אך חרף הכנסת האורחים לה זכה, מצא לפגוע באופן חמור וקשה במתלוננת ולהסיט חייה שהיו שבירים עוד קודם לאירוע, לעבר תהום עמוקה, ממנה טרם מצאה את הכוחות לקום ולהשתקם. אשר להערכת המסוכנות נציין כי אמנם בהערכת המסוכנות נקבעה מסוכנותו של הנאשם כגבוהה אך מאידך נביא בחשבון את גילו הצעיר של הנאשם וטענתו כי קיים חיים נורמטיביים בחו\ל במסגרתם גם התנדב בעזרה לזולת (סעיף 40יא(7) לחוק) וכן נתחשב בסיכוי הטמון בשיקום הנאשם במהלך המאסר, ככל שיתרצה וימצא כוחות לעבור הליך שיקום. לאחר ששקלנו את מכלול הנסיבות כמפורט לעיל, ונתנו דעתנו מחד גיסא לחומרת העבירות שנעברו באירוע אחד מר וקשה, שהשאיר חותמו בגופה של המתלוננת ונצרב עמוק בנפשה; אך מאידך גיסא את העובדה כי הנאשם נעדר עבר פלילי וכי זהו מאסרו הראשון – מצאנו לגזור על הנאשם את העונשים המפורטים להלן: 13 שנות מאסר בפועל, שיימנו מיום מעצרו של הנאשם ביום 5.9.15. מאסר על תנאי של שנתיים לבל יעבור הנאשם תוך 3 שנים עבירת מין או אלימות מסוג פשע או עבירת כליאת שווא וחטיפה לשם ביצוע עבירת מין. מאסר על תנאי של שנה לבל יעבור הנאשם תוך 3 שנים עבירת מין או אלימות מסוג עוון. פיצוי למתלוננת בסך 90,000 ₪. הפיצוי ישולם למתלוננת בדרך של הפקדת סכום הפיצוי בקופת בית המשפט עד ליום 02/04/17. ב\""כ המאשימה תמסור פרטי חשבון הבנק של המתלוננת לצורך העברת התשלום לידיה. נוכח הפיצוי שנפסק והמאסר שהושת על הנאשם, איננו רואים להטיל קנס כספי, שגם לא""",train
"רמת הענישה המחמירה בעבירות מין ניתן ללמוד מע\פ 9286/06 פלוני נ' מ\""י [פורסם בנבו] (29.11.2007) שבו נגזרו 9 שנות מאסר לריצוי בפועל על נאשם שהורשע בביצוע מעשים מגונים באחייניתו הקטינה. בגזר דין שניתן אמנם בטרם תיקון 113 לחוק העונשין, בדחותו את הערעור על חומרת העונש, קבע בית המשפט העליון, כדלקמן: אמנם נסיבותיו של המקרה שם חמורות מנסיבות המקרה שבפנינו, הואיל והמעשים המגונים שנעשו בקטינה ע\""י הנאשם, הנמנה על בני משפחתה, בוצעו במשך שנתיים, בעת שהמתלוננת היתה כבת 8-9, במספר רב של הזדמנויות שכללו בין היתר נגיעות באיבר מינה החשוף ובאיברים מוצנעים אחרים בגופה, חיכוך איבר מינו באיבר מינה עד לפורקן, וכן ניסיון להחדיר אצבעותיו לאיבר מינה. יחד עם זאת מצאנו לנכון לציין את פסק הדין מאחר ויש בו כדי להעיד על מגמת ההחמרה הכללית בפסיקת בית משפט העליון, הגם שכאמור, ניתן למצוא פסקי דין מקלים יותר, כפי שהפנתה אליהם ב\""כ הנאשם, ומכאן שכל מקרה יש לבחון לפי נסיבותיו. עוד ראוי להזכיר כי בגין הרשעת הנאשם בעבירות המין חל סעיף 355 לחוק העונשין הקובע \""עונש מזערי\"", כך שבעניינה של ג' יש לדבר על עונש מזערי של רבע מתוך 15 שנה ובעניינה של ו' יש לדבר על עונש מזערי של רבע מתוך 10 שנים. בהקשר זה יצוין, כי ביהמ\""ש העליון קבע לאחרונה כי הרף התחתון של מתחם העונש ההולם אינו יכול להיות נמוך יותר מן \""העונש המזערי\"", אלא אם ישנם \""טעמים מיוחדים\"" המצדיקים סטייה מן העונש המזערי, טעמים שאנו סבורים שאינם קיימים במקרה שבפנינו, כפי שיפורט להלן. כך פסק כב' השופט ס' ג'ובראן בע\""פ 1605/13 פלוני נ' מ\""י [פורסם בנבו] (27.8.14): יחד עם זאת יש ליתן את הדעת""",train
"ומשכך, אנו גוזרים על הנאשמים 18 חודשי מאסר, מתוכם 6 חודשי מאסר בפועל והיתרה על תנאי למשך 3 שנים לבל יעברו עבירת אלימות מסוג פשע. לצורך מניין תקופת המאסר, תימנה תקופת שהייתם של הנאשמים במעצר מיום 18/08/13 עד ליום 02/12/13. כל אחד מהנאשמים 2 ו- 3 יפצה את המתלונן בסך של 15,000 ₪ עד לא יאוחר מיום 01/06/15. על הנאשמים 2 ו- 3 להתייצב בבית מעצר \קישון\"" ביום 03/05/15 לא יאוחר מהשעה 10:00. הפיצוי שהושת על הנאשמים יופקד בקופת בית המשפט עד ליום 01/06/15 ויועבר למתלונן על פי פרטי חשבון של המתלונן, שימסרו על ידי באת כח המאשימה. זכות ערעור לבית המשפט העליון תוך 45 יום מהיום. ניתן היום, ו' ניסן תשע\""ה, 26 מרץ 2015, במעמד באי כח הצדדים והנאשמים.""",train
"23.9.12. הנאשמת 1 סרבה לשתף פעולה באופן כלשהו. צויין שמדובר בבחורה צעירה ילידת אתיופיה בת 21 (22 כיום), רווקה ואם לשני ילדים שהוצאו ממשמורתה כאשר אחד הוצא לאימוץ והשני שוהה במשפחה אומנת. היא עלתה לארץ בהיותה תינוקת וגדלה במציאות קשה ומורכבת. בגיל 12 החלה לגלות בעיות התנהגות ובגיל 16 עזבה את מסגרת הלימודים ושוטטה תוך התחברות לחברה שולית, שתיית אלכוהול וניהול קשרים זוגיים והריונות. לאחר לידתה השניה מצבה הנפשי התערער והיא התקשתה לטפל בבנה. היא אובחנה כסובלת מדכאון וניתן לה טיפול תרופתי. שירות המבחן התרשם מבחורה שגדלה בעזובה קשה ללא מערכת תמיכה או יציבות. השירות סבר שיש צורך במסגרת שיקומית אך בשל חוסר כוחותיה ומודעותה הוערך שהיא לא תעמוד בתנאי טיפול ושיקום ועל כן נמנע ממתן המלצה טיפולית. גם בענינה ניתנה חוות דעת הממונה על עבודות שירות והיות שלא היתה מוכנה לרצות מאסר בעבודות שירות נכתב כי לא ניתן להשימה. בעניינה של הנאשמת 1 העידה גב' רננה דנון המכירה אותה דרך עבודתה עם צעירים בסיכון בעמותת על\מ. היא מלווה את הנאשמת 1 באופן אישי מזה כשנתיים. היא תארה את חיי הנאשמת בשולי החברה, את קשייה, ובין היתר את התרשמותה כי הנאשמת 1 סובלת ממוגבלויות קשות שהן שילוב בין מוגבלות נפשית וייתכן מוגבלות מנטלית ופיגור סביבתי. בין היתר היא העידה: \""היא לא ברמה של בחורה בת 20. אחותה הקטנה בת 12 הרבה יותר מבינה ממנה\"" (עמ' 26 לפרוטוקול). עדותה היתה מהימנה עלי והשלימה דברים רבים ביחס לנסיבות חייה של הנאשמת 1. יש מקום להתחשב בדבריה ביחס לנאשמת, כולל באשר לתחום הנפשי והשכלי, ולהתייחס אליה כסוג של מומחה על רקע נסיונה המעשי (י' קדמי,על הראיות, חלק שני (מהד'""",train
"הנאשם היה עצור מיום 29.1.23 עד ליום 13.3.23 ושוב מיום 15.11.23 עד היום. הערכים החברתיים המוגנים שנפגעו היו שמירה על שלום הציבור ובטחונו. היות שמדובר בעבירות נשק, מדובר בפגיעה יחסית חמורה בערכים המוגנים. באשר לנסיבות הקשורות לביצוע העבירה, אומנם תחילה לא התקיים תכנון מוקדם ומדובר במקרה של ניצול הזדמנות שנקרתה לפתחו של הנאשם, אך בהמשך נקט הנאשם בצעדים שמראים על כוונה פלילית לרבות לקיחת האקדח מתחנת המשטרה והסתרתו במקום סמוי. בנוסף, נטילת הנשק מתחנת המשטרה מלמדת על תעוזה בלתי רגילה. חלקו היחסי של הנאשם בביצוע העבירה מלא. היות שמדובר בעבירת נשק צפוי היה להיגרם נזק משמעותי. הסיבות שהביאו את הנאשם לבצע את העבירה היו פסולות והנאשם יכל להבין את הפסול במעשיו. בנסיבות המקרה ועל בסיס הפסיקה העדכנית, מתחם הענישה צריך לנוע בין 30 – 42 חודשים. באשר לפסיקת העונש בתוך המתחם, לטובת הנאשם יש לזקוף העדר עבר פלילי והעובדה שניהל אורח חיים נורמטיבי עד לביצוע העבירה. כמו כן, יש להתחשב בהודאתו. בסיכומו של עניין הנני מטיל על הנאשם ענישה כדלקמן: 33 חודשי מאסר בפועל, מהם ינוכו תקופות מעצרו מיום 29.1.23 עד ליום 13.3.23 ומיום 15.11.23 עד היום. מאסר על תנאי לתקופה של 12 חודשים משך 3 שנים, שיופעל במידה והנאשם יבצע עבירות נשק או אלימות מסוג פשע.",train
"עצמי ולא השתתף באופן רציף בתכנית שהוצעה לו על ידי שירות המבחן. כמו כן, במקרה דנן כאשר ההודאה באה לאחר ישיבות בית משפט רבות אין מקום לקבוע כי נחסך זמן למערכת המשפט. עוד אוסיף כי אני מסכים עם עמדת המדינה כי ממצאי התסקיר אינם עולם בקנה אחד עם ההמלצה הסופית או עם חומרת העבירות. עוד יוסף כי אני מקבל את עמדת המדינה ביחס להצדקה לפסוק פיצוי למתלונן. בסופו של עניין הנני מטיל על הנאשם עונשים כדלקמן: 40 חודשי מאסר בפועל מהם תנוכה התקופה בה שהה במעצר מיום 20.9.16 ל-7.11.16. הנאשם יתייצב לתחילת ריצוי עונשו ביום 25.2.18.",train
"לנאשם עבר פלילי הכולל עבירת גניבה (ת/1) וכ-15 עבירות תעבורה שונות (ת/1א). בתיק התעבורה האחרון בו הורשע, הוא נידון לחודשיים מאסר בפועל אשר רוצו בחופף לתקופת המעצר בהליך הנוכחי. בתסקיר פורט כי מדובר בנאשם בן 21, רווק, המתגורר בבית משפחתו בכפר מזרעה ועובד יחד עם אביו בגיזום עצים. הוא נעצר ב- 15.2.15 ומאז שוהה בבית המעצר. הוא סיים 11 שנות לימוד בבית ספר המקצועי ונשר בעקבות התחברות לחברה שולית שאז החל לעבוד עם אביו בחטיבת עצים. בעקבות עבירה קודמת הוא הופנה לשירות המבחן בשנת 2014 אז דיווח על צריכת אלכוהול ובעיית התמכרות לאלכוהול. הוא הופנה על ידי שירות המבחן לעמותת \אפשר\"" אך לא התמיד בתהליך האבחון ובהמשך אותו הליך, הנאשם הופנה לממונה על עבודות השירות אך המעצר הנוכחי קטע את התהליך. באירוע הנוכחי טען הנאשם בפני שירות המבחן שלא הבין את ההסברים שניתנו לו קודם לכן בנוגע לטיפול בקהילה ולכן לא גילה נכונות לטיפול מסוג זה. כיום, לאחר שאסף מידע מעצורים אחרים ו\""עשה חושבים\"" הוא הביע עניין בשילוב במסגרת טיפולית בתנאי פנימיה. שירות המבחן דיווח שהנאשם לקח אחריות מלאה והביע תחושות חרטה על מעשיו וטען שהיה תחת השפעת אלכוהול שהשפיע על שיקול דעתו. שירות המבחן התרשם כי מדובר באדם צעיר ובלתי בוגר. הנאשם הודה שטעה במעשיו וביקש הזדמנות לתקן את דרכיו. באותו מקרה נקבע בערכאה הדיונית מתחם ענישה הולם בין 8 עד 24 חודשי מאסר והוטלו 16 חודשי מאסר בפועל. ראו גם ע\""פ 9896/09 פארס משאהרה נ' מדינת ישראל (3.5.2010) כאשר בגין הטלת אבן גדולה על מכונית אחרת הושתו 24 חודשי מאסר לריצוי בפועל. בע\""פ 4235/14 ראאד חטיב נ' מדינת ישראל (3.2.2015) הורשע המערער, בין היתר,""",train
"שהנאשם עזב את הקהילה הטיפולית על רקע התפרצות תסמין פוסט טראומתי בעקבות פטירת חבר מהקהילה לה היה עד. שירות המבחן התרשם שהנאשם הביע חרטה על מעשיו. בתסקיר המשך מיום 28.10.15 שהיווה מעין דו\ח ביניים, תואר הטיפול עד לעזיבתו ונשקלה אפשרות של החזרתו לקהילה. בתסקיר נוסף מיום 1.12.15 התרשם שירות המבחן שהנאשם ערוך להשתלב מחדש בתהליך הטיפולי והומלץ על דחיית מועד המשך הדיון ב- 3 חודשים על מנת לבחון תוצאת השתלבותו חזרה בתכנית. בתסקיר משלים מיום 22.2.16 תוארה התקדמות הטיפול והומלץ על דחיית הדיון בעוד 3 חודשים נוספים. בתסקיר האחרון מיום 16.5.16 תואר שהחל ממרץ 2016 חל שינוי משמעותי בהתנהגות הנאשם במסגרת הטיפול וכי לאחרונה הוא מפגין יכולת טובה להתבוננות וביקורתיות בדפוסי התנהגותו הבעיתיים \""ושליטה על דחפיו ותוקפנותו במסגרת יחסיו עם סביבתו האנושית, לוקח אחריות על מעשיו ותוצאותיהם ואינו נוטה להשליך את האחריות להם על אחרים. תואר שהנאשם צפוי לסיים את הטיפול במסגרת קהילת \""הדרך\"" בספטמבר 2016 ולאחר מן אמור להשתלב בהוסטל למכורים במשך 5 חודשים כחלק מטיפול המשך. לאור ההתקדמות המליץ שירות המבחן על העמדת הנאשם במבחן למשך 24 חודשים במהלכם ימשיך את האפיק השיקומי, תחילה בקהילה טיפולית \""הדרך\"" ובהמשך בהוסטל ובחלק השני של תקופת המבחן הוא ישולב ביחידה לטיפול בהתמכרויות. צויין כי במידה ותחול נסיגה, תהא פניה לבית המשפט. כמו כן הומלץ על הטלת עונש מותנה לתקופה משמעותית. שירות המבחן חזר על העדר ההמלצה על הטלת עונש מאסר לרבות בדרך של עבודות שירות על מנת שלא לקטוע את הרצף הטיפולי. למען הסדר יצויין שהוגש מסמך מהמוסד לביטוח לאומי לפיו לנאשם נכות צמיתה בשיעור של 33% לצמיתות החל משנת 2008. עוד יצויין שבעניינו של השותף ניתן""",train
"נאשם 1 יליד 1992, בן כ-27, שהה במעצר מ-27.2.19 – 11.4.19. אין לחובתו עבר פלילי למעט עבר תעבורתי שכולל 3 הרשעות בעבירות מהירות ונהיגה באור אדום. נאשם 2 יליד שנת 1996, כבן 23, שהה במעצר מ-27.2.19 – 11.4.19. לחובת נאשם 2 אין עבר פלילי למעט עבר תעבורתי הכולל 4 הרשעות קודמות בגין עבירות נהיגה ללא מלווה, נהיגה בכיוון ההפוך בכביש חד-סטרי, אי ציות לתמרור וקיפוח זכות השימוש. במקרה זה נפגעו הערכים המוגנים של שמירה על בטחון הציבור והפרט באזור שהוא נחלת הכלל, ושמירה על שלמות הגוף. כעולה מתיאור המקרה בכתב האישום, מדובר בפגיעה קשה יחסית בערכים המוגנים כאשר התקיפה בוצעה על ידי שני תוקפים בצוותא, בעקבות מפגש אקראי בכביש שהוביל למרדף והסתיים בהפעלת פרץ אלימות קשה כלפי המתלונן בעוד אשתו ובנותיו נמצאות אתו ברכב. שאלת התכנון אינה מעיקרי התיק אך יוער כי מדובר במעקב או מרדף שהתנהל ביוזמת הנאשמים לאורך זמן לאחר המפגש הראשוני בין הצדדים וכאשר יכלו בכל עת להתעשת ולהפסיק את התנהגותם מטילת האימה אך בחרו שלא לעשות כן. לנאשמים היה צריך להיות ברור מלכתחילה שהתנהגותם פסולה אך בחרו למרות זאת להמשיך ולהסלים את האירוע שיזמו עד שהסתיים בתקיפה חמורה של הנאשם. מקרה זה מציג אלימות בוטה, קשה ובלתי מוסברת המופנית כלפי אדם על לא כלום – וזו בתופעה שחברה מסודרת אינה יכולה להשלים עמה. במקרים כגון דא, של אלימות אקראית וקשה הפוגעת בעוברי אורח תמימים הנמצאים במקומות ציבוריים, קיים אינטרס ציבורי מוגבר בהענשת העבריינים. בהתבסס על העבירות, נסיבות המקרה, והפסיקה, מתחם הענישה ההולם נמצא בין 20-50 חודשי מאסר בפועל. עיון בפרטי התסקירים אינו מעלה כי מדובר בנאשמים שהשתקמו, למרות שחלפו חודשים רבים מאז",train
"שול הדרך; הנאשם בגיר כבן 27 שנים במועד ביצוע העבירות; הנאשם נטל אחריות והביע חרטה; הנאשם הודה במיוחס לו וחסך זמן שיפוטי יקר. אציין כי מהתסקיר שצורף עולה כי הנאשם מגיל 20 החל לצרוך סמים ואלכוהול מסוג חשיש ואקסטזי ופיתח דפוסי תלות בהם. תוארו נסיבות חייו ויחסיו עם משפחתו, בין היתר התפרקות אירוסיו ואובדן חבר טוב שנהרג מול עיניו בתאונת דרכים. עוד עלה מהתסקיר שהנאשם נטל אחריות פורמאלית בלבד וטען שהוא מתקשה לזכור את פרטי האירוע, אם כי רואה את הפסול בהתנהגותו. לסיכום, צוין כי מדובר בצעיר הפועל מתוך רמת תפקוד ומסוגלות נמוכה ומתקשה לשמור על יציבות במסגרות שונות בחייו. עוד נטען לקושי בוויסות דחפיו ורגשותיו. עוד עלה כי הוא שלל נזקקות טיפולית וצוין שלנוכח מאפייני אישיותו, קשייו בוויסות דחפים ורגשות שליליים, קשייו לעמוד בפיתויים ונטייתו למרדנות, קיים סיכון גבוהה להישנות התנהגות מפרת חוק בעתיד. לאור האמור, בהעדר נזקקות טיפולית, העדר הכרה בצורך בעריכת שינוי, הפרוגנוזה שלילית ושירות המבחן נמנע מהמלצה כלשהי בעניינו. לאור כל האמור לעיל אני משית על הנאשם את העונשים הבאים כדלקמן: עונש מאסר של 36 חודשי מאסר בפועל בניכוי ימי מעצרו החל מיום 29.9.17. מאסר על תנאי של 12 חודשי מאסר והתנאי הוא שהנאשם לא יעבור משך 3 שנים עבירת אלימות או פשע. פסילת הנאשם מלקבל או להחזיק רישיון נהיגה למשך 3 שנים ממועד שחרורו. 10 חודשי פסילה על תנאי למשך 3 שנים, כאשר התנאי יופעל במידה והנאשם לא יעבור אותה עבירה שבגינה הורשע או אחת העבירות המפורטות בתוספת הראשונה או בתוספת השנייה לפקודת התעבורה ויורשע בגינה, תוך התקופה האמורה. תשלום קנס בסך 35,000 ₪ שישולם על ידי הנאשם עד ליום 1.7.18",train
"מדובר בשורת עבירות שנראה שבוצעו ללא תכנון משמעותי. בהסתמך על נסיבות המקרה והפסיקה, מתחם הענישה ההולם בגין עבירת נסיון ההצתה נמצא בין 8 – 20 חודשי מאסר בפועל. בגין עבירת ההתפרצות המתחם ההולם נמצא בין מאסר על תנאי ל-8 חודשי מאסר, ובגין עבירת הסמים מאסר על תנאי ועד לעבודות שירות. מדובר באירועים שונים אך המקרה מתאים לפסיקת עונש כולל. בנסיבות העניין, אני דן את הנאשם לעונשים כדלקמן: 10 חודשי מאסר בפועל שמהם תנוכה תקופת מעצרו מיום 1.4.21. 6 חודשי מאסר על תנאי משך 3 שנים מיום שחרורו כאשר התנאי יופעל במידה והנאשם יעבור עבירת הצתה או עבירת אלימות – כולל ניסיון – מסוג פשע.",train
"נזק זה. הנאשם ביצע את שביצע כתוצאה מהיגררותו אחר אחרים ולנוכח מצבו הנפשי והכלכלי. הנאשם הבין היטב את שהוא עושה חרף גילו הצעיר, זאת בין היתר בהתחשב בכך שהורשע זה מקרוב בעבירה של החזקת נשק שלא כדין, ואף ריצה עונש מאסר ממשי בגין כך. הנאשם יכול וצריך היה להימנע מלבצע מעשה שכזה. לא אוכל להתקדם בשלבי גזירת הדין המותווים בעקרונות הבניית הענישה טרם אתייחס לגזר הדין שניתן בעניינו של סאאר. כידוע, כלל אחידות הענישה הוא כלל חשוב ומרכזי בדיני העונשין. אינני רשאי להניח הנחות אלה לרעת הנאשם שלפניי. המצב המשפטי המונח לפניי הוא זה: ניתן גזר דין בידי ערכאה מוסמכת. על גזר דין זה טרם הוגש ערעור. אין כל וודאות שיוגש כזה. על כל פנים, אין כל וודאות שבית המשפט העליון יקבל ערעור שכזה. עליי אפוא, לתת משקל לאותו גזר דין במסגרת כלל אחידות הענישה ולפסוק לנאשם עונש שיעלה בקנה אחד עם אותו גזר דין. אם ימצא בית המשפט העליון להתערב באותו גזר דין ולהחמירו, ייתכן שזו תהיה התוצאה גם ביחס לגזר דינו של הנאשם שלפניי. כל עוד דבר זה לא אירע יופעל הכלל בדבר אחידות הענישה ככתבו וכלשונו. יפים לעניין זה הדברים שנכתבו בע\פ 9792/06 חמוד נ' מדינת ישראל (ניתן ביום 1.4.07), לפיהם: לאחר שבחנתי את הערכים החברתיים שבהם פגע הנאשם ומידת פגיעתו בהם, התעכבתי על מדיניות הענישה בכגון דא וציינתי את הנסיבות הקשורות בביצוע העבירה, הגיעה השעה לשרטט את מתחם העונש ההולם. כזכור, קבע בית המשפט אשר גזר את דינו של סאאר שמתחם הענישה ההולם בעניינו בגין מעורבותו בפרשה זו נע בין שתי שנות מאסר לבין חמש שנים (הוא חרג בכך מתקרת המתחם שהוצעה""",train
"במקרה דנן נפגעו הערכים המוגנים של שמירה על ביטחון הציבור, וכמו כן שמירה על שלום הציבור (העבירה השנייה). היות שמדובר בעבירות נשק, מידת הפגיעה בערכים המוגנים הייתה לכל הפחות בינונית. מתוך פרטי כתב האישום לא ברור אם התקיים תכנון מוקדם, על אף שפיזור הממצאים בתוך הרכב מעלה תהייה. חלקו היחסי של הנאשם היה מוחלט, ומובן כי אחזקה והובלת נשק באופן לא חוקי טומנת בחובה פוטנציאל נזק משמעותי. הנאשם היה צריך לדעת את הפסול במעשיו. כמו כן, כפי שציין שירות המבחן, רב הנסתר על הגלוי בכל הקשור לשאלה כיצד הגיע הנשק לידיו של הנאשם, ובאיזו נסיבות. מכל האמור הגעתי למסקנה שמתחם הענישה ההולם נמצא בין 16 עד 48 חודשי מאסר בפועל. הנאשם הוא אדם צעיר יחסית, ללא עבר פלילי, שעל פי כל הסממנים ניהל אורח חיים נורמטיבי טרם ביצוע העבירות. כמו כן, אין ספק שמעצרו ותוצאותיו היוו עבורו קושי. יחד עם זאת, יצוין שלא ניתנה שום המלצה שיקומית. מכל האמור לעיל הגעתי למסקנה שיש להטיל על הנאשם עונשים כדלקמן: 18 חודשי מאסר בפועל כאשר תנוכה תקופת מעצרו כאמור לעיל. תחילת המאסר יהיה מיום 16.9.2018 שביום זה על הנאשם להתייצב לתחילת ריצוי עונשו.",train
"(14 חודשים) יופעל מחציתו במצטבר (7 חודשים כולל) ומחציתו בחופף לתקופת המאסר שלעיל. מוטל בזה קנס בגובה העסקה, בסך 6,000 ₪.",train
"באשר להפעלת התנאי לנאשם 1, לא מצאתי שיש ממש בטענות הסניגור. בעברו הנאשם 1 ביצע עבירות אלימות אחרות ובמקרים דומים הפעילו בתי המשפט את המאסרים המותנים (ת\פ 16446-12-09 מדינת ישראל נ' טט (ׁ24.2.2011); ע\""פ 5916-05-09 אגבריה מוסטפא עבדאללה נ' מדינת ישראל (29.10.2009)). הערכים החברתיים שנפגעו הם השמירה על הקניין ולאור העובדה כי מדובר בעבירת הצתה - פגיעה בשלום הציבור. אין להכחיש שהמעשים תוכננו מראש וחלקו היחסי של הנאשם 1 היה גדול יותר באופן משמעותי מחלקו של הנאשם 2. לאור אופייה של העבירה היה צפוי להגרם נזק משמעותי אף יותר מזה שנגרם. הנזק שנגרם בפועל היה בינוני כאשר הרכב בלבד ניזוק נזק לא חמור במיוחד שתוקן. הנאשמים יכלו להמנע ממעשיהם ללא כל קושי. בהתאם למדיניות הענישה שפורטה על ידי הצדדים, הגעתי למסקנה כי מתחם הענישה ההולם בגין העבירה המוגמרת נמצא בין 9 חודשי מאסר בפועל ל-40 חודשי מאסר בפועל ביחס לנאשם 1 ומחצית מזה –ביחס לנאשם 2. באשר לנסיבות לצורך קביעת העונש הראוי בתוך המתחם – ביחס לנאשם 1, יצויין שלחובתו עבר פלילי שהינו משמעותי, כאשר ענישתו בעבר לא הרתיעה אותו מחזרה על ביצוע עבירות. יחד עם זאת יש לקחת בחשבון לטובתו את הודאתו המוקדמת, קבלת האחריות שההודאה מבטאת ונסיבותיו האישיות הקשות ביחסיו עם אמו. באשר לנאשם 2, אין מדובר באדם שעבר קודם לכן על החוק. כמו כן הוא הודה בהזדמנות הראשונה. יש מקום לטעמי לאמץ את המלצת שירות המבחן בענינו. לאור כל האמור לעיל הנני משית על הנאשמים עונשים כדלקמן: 18 חודשי מאסר בפועל כאשר מתקופה זו תנוכה תקופת מעצרו החל מיום 4.1.16. 12 חודשי מאסר על תנאי למשך 3 שנים מיום שחרורו שיופעל במידה ויעבור""",train
"הדין הבאים: ת\פ 59893-06-14 מדינת ישראל נ' ג'מאל עלי שם הוטלו 4 חודשי עבודות שירות. בת\""פ 6979-08-08 מדינת ישראל נ' שרון בניזרי הוטל עונש של 4 חודשי מאסר בפועל כאשר נעברו גם עבירות נוספות של החזקת סכין. בע\""פ 47944-05-12 אבו חוסיין נ' מדינת ישראל הוטלו 7 חודשי מאסר בפועל והערעור נדחה. הסניגור איזכר פסיקה כדלקמן: בע\""פ 772/13 איברהים יחיא נ' מדינת ישראל (29.6.2014) הוגש ערעור על גזר דין של הערכאה הדיונית שם בגין עבירות של שוד ושהיה בלתי חוקית נגזרו 4 שנות מאסר בפועל. בית המשפט העליון הקל בעונש והעמידו על 24 חודשי מאסר בפועל. באותו מקרה המערער שהה באופן בלתי חוקי בישראל ושדד תיק מהמתלוננת בגן ציבורי כאשר הוא גם תקף אותה. בע\""פ 4297/13 פלח חי נ' מדינת ישראל (17.3.2014) נגזר על המערער 26 חודשי מאסר בפועל בגין שוד טלפונים ניידים, החזקת סמים לשימוש עצמי והפרת הוראה חוקית. בית המשפט העליון דחה את ערערו וציין שאין מדובר בעונש מחמיר מדי. בת\""פ 26937-07-12 מדינת ישראל נ' אורון נזרי (15.10.2013) בגין ניסיון שוד של 2 קטינות ברחוב באמצעות אקדח אויר הוטל מאסר בפועל למשך שנתיים ו- 8 חודשים (למען הסדר יצויין שהסניגור טען שמדובר במקרה שוד של קשישה באמצעות אקדח). בת\""פ 35274-02-15 מדינת ישראל נ' בן ציון גורשומוב (28.7.2015) הורשע הנאשם בעבירת שוד כאשר הוא שדד מתלוננת ברחוב בלילה באופן שהוא תפס את תיקה, דחף אותה וגרם לנפילתה. בית המשפט הטיל עונש של 30 חודשי מאסר בפועל. אין מדובר בעבירה שבוצעה לאחר תכנון מוקדם משמעותי ולעומת זאת חלקו היחסי של הנאשם היה מוחלט. היות שמדובר בשוד קשישה היה קיים פוטנציאל נזק משמעותי ואולם, הנזק בסופו של עניין""",train
"בפועל שמתקופה זו תנוכה תקופת מעצרו מיום 23.5.21 עד ליום 17.5.23; 12 חודשי מאסר על תנאי למשך 3 שנים מיום שחרורו, כאשר התנאי יופעל במידה והנאשם יבצע עבירות אלימות או רכוש מסוג פשע; קנס בסך של 3,000 ₪ לתשלום עד ליום 31.12.25. נאשם 3 יתייצב ביום 1.9.24 עד השעה 10:00 בבית מעצר קישון לתחילת ריצוי עונשו.",train
"איים עליה מספר פעמים והזהירה שלא תלחץ על לחצן המצוקה, אם כי חשוב לציין כי לא נעשה שימוש או איום בנשק במהלך האירוע ואף לא ננקטה אלימות כלשהי. באשר לנסיבות שאינן קשורות בביצוע העבירה יש לציין את עברו הפלילי של הנאשם- לנאשם הרשעות בעבירות של סמים- לרבות סחר בסמים מסוכנים, הסגת גבול, גניבה, פריצה לבניין, עבירות רכוש, אלימות- תקיפה, אי קיום צווי בית משפט, איומים, אלימות במשפחה, הפרת הוראה חוקית, הצתה, העלבת עובד ציבור והשתתפות בהתפרעות. בגין עבירות אלו נגזרו על הנאשם תקופות מאסר כשהאחרונה ביניהן הסתיימה ביום 29.11.18, חודשים ספורים בטרם ביצוע העבירה הנוכחית. לקולא אציין את הודאתו של הנאשם שחסכה את ניהול ההליך ואת קבלת האחריות מטעמו על האירוע, תוך הבעת חרטה. העבירות נעברו בסמיכות זמן ובאותו הקשר ובנסיבות יש לראות אותן כמהוות אירוע אחד, המצדיק קביעת מתחם אחד והטלת עונש כולל. מתחם הענישה במקרה דנן הוא 12-36 חודשי מאסר בפועל. בהתאם לטיעונים שהוספו ולאחר עיון במסמכים הרפואיים, עולה שאכן הנאשם עבר אירועים מוחיים (שבץ חמור) שהותירו אותו במצב כפי שהוא נראה בדיון בבית המשפט- מרותק לכיסא גלגלים עם העדר יכולת לדבר בצורה ברורה ומשותק באופן חלקי. בחומר הרפואי לא נכללה פרוגנוזה לשיפור אלא למעקב רפואי וטיפול. מצבו הרפואי אכן מצדיק התחשבות כחלק מנסיבותיו האישיות, אם כי לדעתי לא ניתן להסתפק בתקופת המעצר כתקופת המאסר בלבד, כאשר אני יוצא מתוך נקודת הנחה ששב\ס מסוגל לספק לנאשם טיפול רפואי ההולם את מצבו ויאפשר לו ביקורים סדירים בבית החולים להמשך המעקב והטיפול בו. עם זאת, יש מקום לקיצור תקופת המאסר כאשר עולה בצורה ברורה שהסיכון שהוא מהווה על הציבור – ועל כן הסיכון לרצידיבזם -ירד באופן""",train
"דין הטענות המקדמיות של הנאשם להידחות. לא הוכח בשום שלב בהליך ואף לא במסגרת הבקשה דנן כי התקיימה אכיפה סלקטיבית בקשר לנאשם לעומת מקרים דומים (בג\צ 6396/96 זקין נ' ראש עיריית באר שבע (נבו, 8.6.1999). כפי שפורט בהרחבה בהכרעת הדין, הנאשם הורשע על בסיס ראיות המאשימה אשר הובילו למסקנה חד משמעית לפיה הנאשם השליך פסולת ברשות הרבים. השלכת הפסולת כאמור מהווה מטרד ועלולה לפגוע באיכות חיי הציבור בנוסף על הפגיעה בסביבה הפיזית. יתרה מכך, השלכת הפסולת במקרה דנן למדרון הנחל, עלולה להוות מטרד לציבור העובר באזור. כפי שציינתי במסגרת הכרעת הדין, על פי התמונות שהוגשו על ידי המאשימה עלה באופן ברור שהפסולת הושלכה אל הוואדי בניסיון ליצור משטח מישורי נוסף, כאשר שינוי פני השטח הטבעי על ידי פסולת טומן בחובו היבט נוסף לחומרה בביצוע העבירה. במקרה דנן, הנאשם שפך כמויות משמעותיות של פסולת במקום מספר פעמים. באשר לטענות הנאשם לפיהן אין המדובר ברכב שבבעלותו, הרי שטענות אלו נדחו במסגרת הכרעת הדין (סעיף 15 להכרעת הדין). עוד אציין כי אין ספק שמדובר, בין היתר, בעבירה כלכלית שמטרתה לחסוך בעלויות על חשבון פגיעה בסביבה. בית המשפט העליון קבע כבר לפני מספר שנים כי יש מקום להעלות את רף הענישה בענייני סביבה לרמה כזו שתשלול את הכדאיות הכלכלית מביצוע עבירות סביבתיות ושיהיה בו כדי להרתיע עברייני סביבה והדברים ידועים (רע\""פ 244/96 כימניר בע\""מ נ' מ\""י, פ\""ד נ(3) 529; רע\""פ 1223/07 סח עלי מורשאד נ' מ\""י – המשרד לאיכות הסביבה (נבו, 12.2.07) בעמ' 3; ע\""פ (חי') 2633/02 מדינת ישראל נ' חתאם עראף (22.1.2003); רע\""פ 6990/10 דדון חזי וציון 1990 בע\""מ נ' מדינת ישראל (24.11.2000)). יצויין שחלה מגמה של החמרה ברמת""",train
"מובהר שמדובר במעשים המהווים אירוע אחד. הערכים המוגנים שנפגעו היו שמירה על שלום הציבור והסדר הציבורי כמו גם שמירה על הרכוש. באשר למתחם הענישה, בהסתמך על טענות הצדדים ומדיניות הענישה ובנוסף בעובדה שהתקיים תכנון מוקדם על פי נסיבות המקרה, שחלקו של הנאשם היה דומיננטי, שנגרם נזק מביצוע הירי והתקיים פוטנציאל נזק גדול אף יותר וכי הנאשם היה צריך להבין את הפסול במעשיו- מכל אלה הנני קובע את המתחם בין 18-40 חודשי מאסר בפועל. הנאשם הודה בהזדמנות הראשונה, הוא אדם צעיר בתחילת דרכו ובא מרקע משפחתי מורכב וללא הרשעות קודמות. כל אלה מהווים שיקולים לקולא. לחומרא יש לציין שוב שלא ניתנה המלצה טיפולית. אשר על כן אני מטיל על הנאשם את העונשים הבאים: 26 חודשי מאסר בפועל מהם תנוכה תקופת מעצרו של הנאשם מיום 28.1.18.",train
"וגם בית המשפט העליון עדיין לא קבע מסמרות בעניין זה. כפי שציינו לעיל, על פי סעיף 40יג.(ב) לחוק העונשין, לאחר קביעת מתחם עונש הולם נפרד לכל אירוע, רשאי בית המשפט לגזור עונש נפרד לכל אחד מהאירועים ולקבוע את מידת הצטברותם או חפיפתם, וכן רשאי הוא לגזור עונש כולל אחד לכל האירועים. הנה כי כן, לאחר ששקלנו את מכלול הנסיבות כמפורט לעיל, ונתנו דעתנו לחומרת העבירות ולחובתנו לפי סעיף 355 לחוק העונשין להשית עונש מזערי בגין עבירות המין שביצע הנאשם (אם כי אין חובה שכל העונש יהיה במאסר בפועל) מחד גיסא, ולהעדר עבר פלילי לחובת הנאשם ולעובדה כי זהו מאסרו הראשון מאידך גיסא, מצאנו לנכון לגזור על הנאשם את העונשים המפורטים להלן: מאסר בפועל לתקופה של ½3 שנים בגין האירוע הקשור בג' ומאסר בפועל של ½3 שנים בגין האירוע הקשור בו'. שנה אחת מתקופת המאסר שהוטלה על הנאשם בגין העבירות שביצע בו' תרוצה במצטבר למאסר של ½3 שנים בגין העבירות שביצע בג' ושנתיים וחצי בחופף, כך שהנאשם ירצה בסך-הכל ½4 שנות מאסר בפועל, שיימנו מיום מעצרו, 8.7.13. עונש המאסר שברובו חופף ובחלקו מצטבר נקבע על ידינו נוכח האמור לעיל ולאור העובדה כי שני האירועים אירעו באותה תקופה. אנו גוזרים על הנאשם מאסר על תנאי כעונש כולל לשני האירועים, הואיל ואין זה מוצדק להשית מאסר מותנה \כפול\"", בגין כל אירוע, תוך התייחסות לאמור בסעיף 355 לחוק העונשין בדבר עונש מזערי, וכהשלמה לעונש המאסר בפועל שהושת לעיל, כדלקמן; (1) מאסר על תנאי של 3 שנים, והתנאי שלא יעבור כל עבירת מין או אלימות מסוג פשע במשך 3 שנים. (2) מאסר על תנאי של 8 חודשים, והתנאי שלא יעבור עבירות""",train
"לכיסא גלגלים (כתוצאה מפציעה שספג ברגלו ללא קשר לאירועים נשוא האישום) וכן את נסיבותיו המשפחתיות. במקרה זה אני סבור שיש הצדקה לסטות ממתחם העונש ההולם בהתאם לסעיף 40ד(א) לחוק העונשין, שכן מצאתי שקיים סיכוי של ממש לשיקומו של הנאשם. כעולה מתסקירי שירות המבחן אשר הוגשו, מדובר במי שסבל משך תקופה ארוכה מהתמכרות לחומרים משני תודעה, כאשר נראה שהדבר אף עמד ברקע לביצוע העבירות נשוא כתב האישום. שותף אני למסקנת שירות המבחן כי מדובר בנאשם שככל שיתמיד בטיפול בו החל ויערוך שינוי משמעותי באורחות חייו, יהיה בכך כדי להפחית משמעותית את המסוכנות הנשקפת ממנו ואת החשש שישוב לבצע עבירות נוספות. אומנם, אין לראות בנאשם כמי שהשתקם וישנה עוד דרך ארוכה לפניו, אולם התרשמותי היא שאכן מדובר בנאשם שמגויס לטיפול ומעוניין לחולל שינוי של ממש בחייו, ושקיים סיכוי ממשי לשקמו ולכן יש הצדקה במכלול הנסיבות להעדיף את האינטרס השיקומי על פני יתר שיקולי הענישה. יש לציין כי על מנת לתת ביטוי הולם לחומרת המקרה, דרך המלך הייתה להטיל ענישה של 9 חודשי מאסר לריצוי בדרך של עבודות שירות לצד צו מבחן, אולם לנוכח מצבו הרפואי של הנאשם, נוצרו נסיבות חריגות ביותר בהן יש הצדקה להסתפק בעונש של של\צ, על מנת שלא לסכל את ההליך השיקומי בו החל הנאשם. בהתאם לכל האמור אני מטיל ענישה כדלקמן: אני מטיל על הנאשם צו מבחן למשך שנה, במסגרתו ימשיך בטיפול ביחידה לטיפול בהתמכרויות בסח'נין, ימסור בדיקות שתן וישתתף בטיפול פרטני וקבוצתי, וכן בכל תכנית אחרת שיתווה שירות המבחן. הנאשם יבצע של\""צ בהיקף של 300 שעות, בהתאם לתוכנית אשר תוגש על ידי שירות המבחן. עונש מאסר על תנאי בן 12 חודשים למשך 3""",train
"אישום \כפול\"", כיוון שתכלית תעלת הניקוז היתה להוביל נקז לים. אציין כי בעקרון טענה זו שייכת לשלב הקודם של הדיון, אולם לא הועלתה אז. מעבר לצורך, יוסף כי אין זה נדיר שעובדות כתב אישום יניבו יותר מעבירה אחת על פי חוקים שונים ובמקרה האמור מספיק לעיין בהגדרת \""מקור מים\"" שבסעיף 2 לחוק המים, התשי\""ט-1959 על מנת להיווכח כי כוונת החוק היתה לפרוס הגנה מקיפה ביותר, ללא יוצאים מן הכלל, על כל מקורות המים במדינה באשר הם, לרבות מקורות מים מזוהמים ומי ניקוז. חוק מניעת זיהום הים ממקורות יבשתיים, התשמ\""ח-1988 אינו חופף לחוק המים כאשר תכליתו שונה בכך שהוא נועד למנוע זיהום הים. מבחינת חוק מניעת זיהום הים ממקורות יבשתיים, אופן גרימת זיהום הים אינו מעלה או מוריד ומכאן המינוח בסעיף 2 לחוק האוסר על סילוק פסולת או שפכים לים \""בין במישרין ובין בעקיפין.\"" כך, ששני החוקים, על העבירות הכלולות בהם אינם חופפים או יוצרים אבסורד בדמות אישום כפול בלתי מוצדק. הטלת עונש הינה אינדיבידואלית, לפי המקרה וחובה לשקול את נתוניו האינדיבידואליים של הנאשם. המדינה טענה כי יש להטיל עונש כבד על הנאשמים, לרבות עונש מאסר על הנאשם 3 והפנתה למקרים אחרים בהם הוטלו עונשי קנס כבדים לכאורה (בהתאם לתפיסה הרווחת כיום אצל גורמי האכיפה) ועונשי מאסר. ברם, לא הובאו נתונים כלשהם ביחס לנאשמות 1 ו-2 שהינן חברות, לרבות נתונים כספיים. מאידך, טענו הנאשמים כי מדובר במפעל קטן יחסית, אם כי ותיק. אמנם גודלו של עסק והיקף פעילותו הכלכלית הינו אך שיקול אחד מתוך השיקולים שיש לקחת בחשבון, אולם במקרה הנוכחי גם נתון זה לא נמצא. יתר על כן בפסיקה שהובאה, מעבר לרמת הענישה שהוטלה לא הובררו""",train
"זה לא יהיה, בהעדר טעמים מיוחדים, כולו על-תנאי.\ [ההדגשה אינה במקור]. מנוסח הסעיף עולה כי התיקון אינו שולל כי חלק מהעונש המזערי לצד העבירה ירוצה בדרך של מאסר על תנאי, וכן כי רק במידה והעונש כולו ירוצה כעונש מותנה, יש צורך בטעמים מיוחדים. יפים לעניין זה הדברים שנאמרו בע\""פ 8500/22 אליהו אביטבול נ' מדינת ישראל (10.07.2023), כי \""... מכלל לאו שומעים אנו הן – חלק מן העונש, יכול שיינתן בדרך של מאסר על-תנאי...\"" אשר נאמרו ביחס לעונש המזערי הקבוע בסעיף 355(ב) לחוק העונשין, אולם יפים גם בענייננו. בהתאם לאמור אני מטיל ענישה כדלקמן: מאסר בפועל למשך 22 חודשים, בניכוי ימי מעצרו מיום 15.2.2023. מאסר על תנאי בן 23 חודשים למשך 3 שנים מיום שחרורו, שיופעל במידה ונאשם 2 יבצע עבירה מהעבירות בהן הורשע או עבירת אלימות מסוג פשע.""",train
"הערכים המוגנים שנפגעו במעשיו של הנאשם היו שמירה על הרכוש, שמירה על שלום הציבור ובטחונו, שמירה על שלמות הגוף והחיים ושמירה על הסדר הציבורי. היות שמדובר בעבירת הצתה בבניין רב קומות תוך שימוש בחומר דליק, עם כי ביום שבת בו ניתן להניח שהבניין לא היה מאוכלוס ברובו, מדובר בפגיעה יחסית חמורה בערכים המוגנים. מבחינת נסיבות ביצוע העבירה, שקלתי כי פוטנציאל הנזק במעשיו של הנאשם היה רב, הן לנוכח סוג הבניין שהוצת ובשל השימוש בחומר מאיץ, אולם לצד האמור בסופו של דבר במקרה דנן נגרמו נזקים קלים בלבד. בנוסף, נתתי דעתי לכך כי ברור שלמעשה קדם תכנון והנאשם נושא באחריות בלעדית בגין מעשיו אשר בוצעו על רקע כעסו כלפי המתלונן על השירות המשפטי שניתן לו. יובהר שתסכולו כלפי עורך דין שייצג אותו, אינו יכול להוות בסיס או הצדקה לביצוע מעשים פליליים כה חמורים מצדו, כאשר בחר לפנות לדרך עבריינית ואלימה, במקום לאמצעים לגיטימיים ליישוב המחלוקת. מדובר בעבירה שמנעד הענישה ביחס אליה הוא רחב, כאשר מתוך הפסיקה ובנסיבות העניין, הנני קובע מתחם ענישה שנע בין 2 – 5 שנות מאסר בפועל. באשר לנסיבות שאינן קשורות בביצוע העבירה, יש לקחת בחשבון לקולא את הודאתו המהירה של הנאשם והחיסכון בזמן שיפוטי וכן את העובדה שהוא נעדר עבר פלילי. לחומרא יש להתחשב בכך שהעבירה בוצעה כתוצאה מאי שביעות רצון הנאשם משירות משפטי מקצועי שניתן לו ע\י המתלונן וכי נראה שגם כיום הנאשם משליך אחריות על האירוע על המתלונן. מכל האמור הנני מטיל עונשים כדלקמן: 28 חודשי מאסר בפועל, מהם תנוכה תקופת מעצרו של הנאשם מיום 11.1.23 ועד היום. 12 חודשי מאסר על תנאי משך 3 שנים כאשר התנאי יופעל במידה והנאשם""",train
"באשר לשאלה אם מדובר באירוע אחד או מספר אירועים נקבע בע\פ 4910/13 ג'אבר נ' מדינת ישראל, (29.10.14) (להלן-עניין ג'אבר) בדעת הרוב, כי עבירות שיש ביניהן \""קשר ענייני הדוק\"" ואשר ניתן לראות בהן כ\""מסכת עבריינית אחת\"" ייחשבו ל\""אירוע אחד\"" יישום המבחנים שנקבעו בעניין ג'אבר על ענייננו מביא אותי למסקנה כי העבירות המנויות באישומים הראשון והשני מהוות \""אירוע אחד\"", ואילו העבירות המנויות באישום השלישי, בהן הורשע הנאשם 1 בלבד, מהוות \""אירוע אחד נוסף\""; מעשי השוד והגניבה המתוארים באישומים הראשון והשני בוצעו בסמיכות ניכרת של זמן ומקום, שכן הנאשמים ביצעו את העבירות המנויות באישום השני מיד לאחר המתואר באישום הראשון ובמרחק של מספר מטרים. העבירות המנויות באישום השלישי אמנם בוצעו בסמיכות זמנים יחסית (כשעתיים לאחר המתואר באישומים הראשון והשני) ובקרבת מקום (אותו רחוב), ואולם לטעמי, העובדה כי הנאשמים הגיעו לביתו של סעיד לאחר שזה האחרון הזמין אותם לשוב לביתו על מנת לברר את עניין חשדו כי גנבו לו קודם לכן את הארנק כשהתארחו אצלו קודם לכן, ולא מיוזמתם, מנתקת את הקשר או את הרצף העובדתי ולא ניתן לראות בעובדות האישום השלישי כחלק מאותה תכנית עבריינית שכללה את עובדות האישומים הראשון והשני. לכן יקבעו שני מתחמי ענישה: האחד, לעניין האישומים הראשון והשני, לעניין האישום השלישי. האישומים הראשון והשני: מביצוע העבירות נשוא האישומים הראשון והשני נפגעו הערכים החברתיים של הגנה על בטחונו של הציבור ובטחון הפרט וכן הגנה על שלמות רכושו וגופו. מידת הפגיעה בערכים אלו במקרה זה משמעותית ואני מפנה בהקשר זה לדברים שנאמרו בפסיקה בקשר לחומרת מעשי שוד ובמיוחד אלו המבוצעים ברחובות כלפי עוברי אורח ועל הצורך בענישה מרתיעה (ראו: ע\""פ 364/07 עאלם עטאטרה נ' מדינת ישראל (22.3.07). לחובת""",train
"הערכים החברתיים שנפגעו במקרה זה היו שלמות הגוף והרכוש ושמירה על הסדר הציבורי ובטיחות הנסיעה בדרכים. היות שמדובר בעבירת ניסיון, קרי, כאשר העבירה המושלמת לא בוצעה, הפגיעה בערכים לא הייתה גבוהה במיוחד, זאת על אף שהפסקת האירוע נבעה ממעצרו של הנאשם ולא מתוך יוזמתו. הנאשם אומנם בגיר-צעיר אבל הוא היה צריך לדעת את הפסול במעשיו ולהימנע מהם כליל. על פי נסיבות המקרה ומדיניות הענישה המשתקפת מן הפסיקה שהוגשה על ידי הצדדים עולה כי קיים מנעד ענישה רחב ביחס לעבירה זו. במקרה דנן מתחם העונש ההולם נמצא בין 10 – 36 חודשים. זאת בין היתר כיוון שאומנם פוטנציאל הנזק היה חמור בהתחשב בזמן ובמקום (ליד כביש מהיר), אך עם זאת יש לזכור שמדובר בעבירת ניסיון שלא הושלמה. במקרה דנן, הנאשם נטל אחריות על מעשיו וניתן לגביו תסקיר חיובי שהמליץ על שיקומו חלף הטלת ענישה נוספת. לא מצאתי כי מדובר בתסקיר שאינו מבוסס ואכן נראה כי מדובר באדם בר שיקום. כמו כן, במקרה זה יש מקום להתחשב בכך שתקופת המעצר מחמירה יותר וקשה יותר מאשר תקופת המאסר. אשר על כן, אני מטיל על הנאשם עונשים כדלקמן: מאסר לתקופה שחופפת את תקופת מעצרו החל מיום 15.5.21 ועד היום. צו מבחן למשך שנה, בהתאם להמלצת שירות המבחן. הנאשם מוזהר שאם לא יעמוד הצו המבחן הוא צפוי לחזור ולהישפט. מאסר על תנאי לתקופה של 9 חודשים משך 3 שנים כאשר התנאי יופעל במידה והנאשם יבצע עבירת אלימות או רכוש מסוג פשע. חתימה על התחייבות כספית בסך 40,000 ₪ שלא לעבור עבירה מסוג פשע במהלך 3 השנים הקרובות.",train
"ב-10 תשלומים שווים ורצופים בסך 1,000 ₪ כל אחד, כשהראשון לא יאוחר מיום 1.8.11 ובכל ראשון לחודש שלאחר מכן עד התשלום המלא. היה והקנס או שיעור משיעוריו לא ישולם במועד, תעמוד יתרת הקנס לתשלום מיידי.",train
"לכתב האישום הראשון - חלקו של הנאשם היה משמעותי והוא היווה חלק פעיל מתוך החבורה שביצעה את העבירות. כידוע, עבירות הנשק טומנות בחובן פוטנציאל נזק גדול והסיבות לביצוען היו פסולות. הנאשם יכל להמנע מביצוע העבירה והיה צריך לדעת את הפסול בה. ביחס לכתב האישום השני - חלקו פחות כאשר לא הוא נהג ברכב אך הוא השתתף באופן משמעותי במהלך ביצוע העבירה. גם באשר לכך, יכל הנאשם להמנע מביצוע העבירה והיה עליו לדעת את הפסול במעשיו. מכל האמור הגעתי למסקנה שמתחם הענישה ההולם בגין העבירות הכלולות בכתב האישום הראשון נע בין 2 עד 5 שנות מאסר בפועל ובכתב האישום שני נע בין 9 חודשי מאסר בפועל עד 30 חודשי מאסר בפועל. (למדיניות הענישה בנוגע לעבירה המושלמת לפי סעיף 332(2) לחוק העונשין בנוסף על המקרים אשר אוזכרו על ידי הצדדים, ראו גם: ע\פ 5626/14 מרק לנקין נ' מ\""י (2.8.2015) – שם הושתו 50 חודשי מאסר בפועל במקרה שלווה במרדף משטרתי בלב עיר ונהיגה על ידי אדם בפסילה; ע\""פ 1925/14 סמיח עלוש נ' מ\""י (8.2.2015) – שם הושתו 5 שנות מאסר בפועל לאחר מרדף משטרתי על אדם שנהג בפסילה. יוער כי הנתונים של העבירה המושלמת בענייננו אינם נופלים בחומרתם מהמקרים האמורים). באשר לקביעת העונש בתוך המתחם - לחובת הנאשם העובדה שאין זו הסתבכותו הראשונה עם החוק והעובדה שמאסרים קודמים לא הרתיעו מלבצע עבירות רציניות נוספות. כמו כן, העבירות האחרונות מצביעות על החמרה בהתנהגותו העבריינית. לזכותו - ההודאה בשני כתבי האישום, אשר מבטאת קבלת אחריות בפני בית המשפט. מאידך, התסקיר הצביע על מסוכנות משמעותית ולא ניתנה המלצה טיפולית. עם זאת, יש בהודאת הנאשם בכדי להוות ביטוי ראשון לרצונו לעזוב את""",train
"הדיון בתיק זה התעכב מסיבות שונות, חלקן באשמת הנאשם וחלקן מסיבות אחרות. כעת ישנן שתי חלופות: או הטלת עונש נוסף על הנאשם במקום צו המבחן (שכבר פקע) או ניסיון שיקומי נוסף במסגרת הארכתו של צו המבחן. על בסיס האמור בתסקירים ובדיון שוכנעתי כי למרות הבעיות שחלו, הנאשם עושה כעת מאמצים להשתקם ולאחר הדיון הוצגה תכנית טיפולית במסגרת בית חם.",train
"למיון של בית החולים \מעלה הכרמל\"", על מנת להתאשפז שם ואף כעבור שעתיים התייצב במקום וביקש להתאשפז. בתעודת חדר המיון נקבע כי אין התוויה לאשפוז פסיכיאטרי. אציין כי הרקע שקדם לביצוע העבירה, מלמד על הלך רוחו של הנאשם עובר לאירוע ומעיד על בשלות הנאשם לקבלת טיפול לצורך הליך שיקומו. העובדה כי הנאשם פנה מיוזמתו וביקש לקבל טיפול עוד טרם ביצוע העבירה, מלמדת על בשלותו להליך השיקום. כידוע, להמלצות שירות המבחן משקל משמעותי בשלב גזירת העונש ובמקרה זה נראה לי כי המלצת שירות המבחן מבוססת כדבעי מנתוני המקרה ונתוני הנאשם. יוער כי אין בגזר הדין הבעת קלות ראש במעשיו החמורים של הנאשם ואין לראות בכך שינוי במדיניות הענישה הראויה בעבירות מסוג זה- מאסר מרתיע מאחורי סורג ובריח. ער אני לכך שבענישה שיקומית, אין ממצים את הדין עם הנאשם בנוגע לעבירת האלימות החמורה שביצע ועל הפגיעה החמורה שפגע במתלונן, אולם במקרים מסוימים- כמו המקרה שבפניי- יש להעדיפה. לאור כל האמור לעיל, החלטתי לאמץ את המלצת שירות המבחן ולהטיל על הנאשם את העונשים הבאים: 6 חודשי מאסר בפועל, שירוצו בדרך של עבודות שירות, בכפוף לקבלת חוות דעת חיובית מהממונה על עבודות השירות; 12 חודשי מאסר על תנאי, למשך שלוש שנים, שיופעל במידה והנאשם יורשע בעבירת אלימות שהינה פשע;""",train
"בעבירות שיוחסו להם, מצב אשר הקשה עליהם עוד יותר. גם נתונים אלו יש לקחת בחשבון בפסיקת העונש. ביחס לנאשם 2 הסכימו הצדדים לגבי העונש המתאים בגין אי-מניעת פשע. אשר על כן, הנני מטיל עליו עונש מאסר בפועל החופף את התקופה בה הוא נמצא במעצר, מיום 7.12.11 ועד ליום 1.7.12. כמו כן, הנני מטיל עליו עונש מאסר על תנאי של 3 חודשים למשך 3 שנים מיום שחרורו, פן יעבור עבירה של אי-מניעת פשע בתקופה זו. ביחס לנאשם 1 יש מקום לקחת בחשבון את האופן בו נעשתה העסקה וחלקו בה. על אף שהעסקה נערכה לבסוף בין \קונה מרצון למוכר מרצון\"", בתיווך הנאשם 1, הוא לא יזם אותה, ולא היה להוט לבצעה, אלא נענה לחיזוריו והפצרותיו של הטבח. אין מקום לקבל את הטענה שכביכול הוא ביצע את התיווך מתוך תחושת איום, שהרי הדבר לא הוכח ובודאי שלא הוכח כי מדובר בסיטואציה של שידול (ע\""פ 6097/98 ויקטור דיין נ' מדינת ישראל (24.6.99)). מאידך, אין מחלוקת שלא קיבל תמורה ואין מחלוקת שנדרשו כמה וכמה שיחות מקדימות כדי לגרום לו לקדם את העסקה. הנתון המהותי הינו כי בסופו של עניין התקיימה עסקה בתיווכו, ואולם צדק הסניגור כאשר טען כי מדובר בתיווך במדרג נמוך יחסית. תיווך אינו נסיבה מקילה (עפ\""ג 37624-04-11 גטה מלסה נ' מדינת ישראל (5.7.2011); ע\""פ 3820/09 מדינת ישראל נ' חיים אוחיון (6.9.09)). ואולם, בנסיבות הספציפיות של המקרה מדובר בתיווך ברמה לא גבוהה ומכתב האישום המתוקן מצטיירת תמונה לפיה היוזמה והלהיטות לבצע את העסקה באו מצד הטבח אשר חזר והפציר בפני הנאשם 1 להשיג עבורו סם. 28. פורט כי לחובתו עבר פלילי משמעותי, לרבות בעבירות סמים. העיון ברישום הפלילי מעלה כי""",train
"מעשי הנאשם פגעו בערכים החברתיים המוגנים של שמירה על שלום הציבור ובטחונו, וכן שמירה על הרכוש והקניין. בנסיבות העניין בו דובר בהצתה של בניין עירייה במהלך יום עבודה, תוך שימוש בחומר דליק, ובשים לב לנזקים הכבדים שנגרמו לרכוש הציבורי, מדובר בפגיעה במידה בינונית לכל הפחות (יוער כי לאחר סיום הדיון הוגש על ידי ההגנה מסמך לפיו תיקון הנזקים עלה עשרות אלפי שקלים בלבד). בבחינת נסיבות ביצוע העבירה, מדובר במעשים שבוצעו על רקעו כעסו של הנאשם על מעסיקו בשל מחלוקת בנושאי שכר, כאשר לבסוף הנאשם החליט לקחת את העניינים לידיו ולפרוק את כעסו בדרך של הצתת מקום עבודתו. נוסף על האמור, הנאשם השתמש בחומר מאיץ לצורך הצתת הדלקה ולכן מדובר במעשים מתוכננים. באשר לנזק שנגרם, על פי כתב האישום דובר בנזקים כספיים כבדים לרכוש ציבורי, כאשר מטבע הדברים עלויות תיקון הנזקים היו על חשבון כספי ציבורי ומשכך הציבור הרחב במועצה המקומית נפגע כתוצאה מהמעשים. יש להעיר שלא מצאתי לקבל את דבריו של מר סעיד ח'טיב (מנהל משאבי אנוש בעירייה), כאילו המעשים בהם הורשע הנאשם גרמו לנזקים מזעריים בלבד, כאשר הדבר אינו עולה בקנה אחד עם עובדות כתב האישום בהן הודה הנאשם. על האמור יש להוסיף, כי פוטנציאל הנזק במעשי הנאשם היה רב מזה שנגרם בפועל כשלנוכח היקף הדלקה והשעה בו בוצעה ההצתה רק בנס לא היו נפגעים בגוף או בנפש. לצד האמור, נתתי משקל מסוים לקולא לכך שהנאשם הזהיר אנשים בדבר הדליקה בצאתו מהמקום. עוד שקלתי כי חלקו של הנאשם בביצוע העבירה היה מלא ובלעדי וכי הוא יכל להימנע מעשייתה ולהבין את הפסול שבה. מסקירת מדיניות הענישה הנוהגת עולה כי מדובר בעבירה שמנעד הענישה שלצידה הוא רחב",train
"הערכים המוגנים שנפגעו כתוצאה ממעשיו של הנאשם הם שלמות הגוף, הביטחון, שלוות הנפש וגופו של האדם. נוכח טיב האירוע בו הנאשם הצטייד מבעוד מועד בסכין בעלת להב של כ-10 ס\מ וחזר למקום בו ראה את המתלונן על מנת לפגוע בו, זאת ללא כל התגרות קודמת מצד המתלונן אשר נעשתה בסמוך לכך, כעולה מעובדות כתב האישום בהם הודה והורשע הנאשם; כמו כן, לנוכח סוג החבלה הקשה שנגרמה למתלונן – דקירה עמוקה בחזה - שאף הייתה בעלת פוטנציאל לעלות לו בחייו, מדובר בפגיעות ברמה משמעותית. רבות נכתב בפסיקה על הצורך להוקיע את תת-תרבות הסכין, ואת השימוש התדיר בנשק קר, דבר הנעשה, בין היתר, באמצעות ענישה מחמירה שיש בה כדי ליצור הרתעה. באשר לנסיבות האירוע, כפי שצוין לעיל מדובר בעבירת אלימות קשה אשר בוצעה בנשק קר והובילה לפציעה קשה שנגרמה למתלונן בגינה נזקק לאשפוז וטיפול רפואי מציל חיים. מדובר באירוע אלימות שבוצע בקור רוח ולאחר תכנון מצד הנאשם. עוד יש לתת משקל לחומרא לעובדה שלמעשה התקיפה לא נפסקה ביוזמת הנאשם, אלא לאחר שג.ג הרחיקו ולקח מידו את הסכין. כמו כן, יש חומרא נוספת בכך שהעבירה בוצעה לנגד עיניו של קטין שהוא קרוב משפחה של הנאשם והמתלונן. בהתאם לאמור, וכעולה ממדיניות הענישה הנוהגת בפסיקה, מצאתי שבנסיבות המקרה מתחם העונש ההולם מצוי בין 3-5 שנות מאסר בפועל. באשר לגזרת עונשו של הנאשם בתוך המתחם, נתתי משקל להודאתו ולקיחת האחריות מצדו וכן לחיסכון בזמן השיפוטי. כמו כן, נתתי משקל לכך שזוהי הסתבכותו הראשונה עם החוק וכי מדובר בנאשם יחסית צעיר שככל הנראה עד לאירוע נשוא כתב האישום ניהל אורח חיים נורמטיבי. בנוסף, נתתי דעתי להסכם הסולחה שנערך ולעובדה שכיום היחסים בין הנאשם""",train
"ולנהוג באלימות כלפיו; הנאשם בגיר והבין את מעשיו והפסול בהם; הנאשם יכול היה להימנע ממעשיו בכל שלב ולמעשה לא קדמה התגרות מצד המתלונן. ביחס לאישום השני הרי שחלקו של הנאשם היה בלעדי וכי הטלפונים כללו תכתובות עם המתלונן ואיומים כלפיו ומשם נבעה כוונתו של הנאשם להעלים את המכשירים הניידים. בנוגע לאישום הראשון, מתחם העונש ההולם הוא 12-36 חודשי מאסר בפועל. בנוגע לאישום השני, מתחם העונש ההולם הוא ממאסר על תנאי ועד ל-12 חודשי מאסר בפועל. באשר לנסיבות שאינן קשורות בביצוע העבירה הרי שהנאשם בגיר- כבן 47, נורמטיבי, עובד לפרנסתו, ללא עבר פלילי, הודה בעבירות המיוחסות לו ונטל אחריות וחסך זמן שיפוטי ואת הצורך של המתלונן להעיד. הנאשם הביע חרטה וציין כי נעשו מאמצים לסולחה עם המתלונן שסירב. בבית המשפט נטל אחריות ואישר שהמתלונן אינו אחראי למעשיו. עוד עלה כי יגרם נזק לילדיו כתוצאה ממאסר ממושך הן במישור הכלכלי והן בפן האישי. מתסקיר שירות המבחן עלה כי לנאשם תפיסות חברתיות תקינות והוא אינו בעל התנהגות רצידיוויסטית בעבריינות וכי אין קווים עבריינים בצורת מחשבתו ובדרך ניהול חייו. יחד עם זאת, שירות המבחן לא בא בהמלצה לגבי חלופת מעצר או שיקום מהטעמים שפורטו לעיל. לאור כל האמור לעיל אני משית על הנאשם את העונשים הבאים כדלקמן: 13 חודשי מאסר בפועל, בניכוי ימי מעצרו מיום 11.3.19. 9 חודשי מאסר על תנאי למשך 3 שנים ממועד שחרורו במידה והנאשם יעבור עבירות אלימות מסוג פשע. פיצוי למתלונן בסך 5,000 ₪ שישולם עד ליום 1.6.20. בגין האישום השני- 4 חודשי מאסר בפועל. 2 חודשי מאסר על תנאי למשך שלוש שנים שיופעלו במקרה שהנאשם מבצע כל אחת מהעבירות בהן הורשע.",train
הנוסף.,train
"הנאשם בשלו ללא שמץ של רחמים (סעיף 40ט(א)(6) לחוק). ברי כי לנאשם היתה שליטה מלאה על מעשיו ובחירה חופשית שלא לבצעם או למצער לחדול ממעשיו נוכח התנגדות נחרצת של המתלוננת ותחנוניה(סעיף 40ט(א)(7) לחוק). באלה הנתונים, ולאחר ששקלנו את הפגיעה של העבירות בערכים החברתיים המוגנים, את מדיניות הענישה הנהוגה ואת הנסיבות הקשורות בביצוע העבירות, הגענו למסקנה כי מתחם העונש ההולם לאירוע נע בין 11-17 שנות מאסר בפועל, בצד מאסר מותנה ופיצוי כספי למתלוננת. בנסיבות המקרה לא מצאנו הצדקה לחריגה ממתחם העונש ההולם לקולא בשל פוטנציאל שיקומי, משלא הונחה תשתית לגביו (סעיף 40ד לחוק העונשין) ונוכח הערכת המסוכנות, שם צוין כי הנאשם לא הביע נכונות ליטול חלק במסגרת טיפולית. מנגד איננו סבורים כי יש מקום לחצות את רף מתחם העונש ההולם לחומרא משיקולי הגנה על שלום הציבור (סעיף 40ה לחוק העונשין). כמו כן, נשקול במסגרת מתחם העונש ההולם את שיקולי הרתעת היחיד והרבים מביצוע עבירות דומות (סעיף 40ו ו-40ז לחוק העונשין), שיובאו בחשבון בתוך המתחם. בבואנו לשקול את הנסיבות שאינן קשורות בביצוע העבירות לצורך קביעת העונש המתאים לנאשם בתוך המתחם, נציין לקולא את גילו הצעיר של הנאשם והעדר רישום פלילי קודם (סעיף 40יא (1)+(11) לחוק). הנאשם לא הודה בעבירות בהן הורשע וניהל משפטו עד תום, וזו זכותו. ברי כי אין להחמיר עם נאשם שמנהל משפט, אך מאידך יש לומר כי נאשם המנהל משפט אינו נהנה מהקלה בעונש השמורה למי שמודה, מביע חרטה על מעשיו ובעיקר חוסך את הצורך בשמיעת עדות קורבן העבירה, שבעדותו נאלץ לשוב ולהיזכר בטראומה שחווה (סעיף 40יא(6) לחוק). עוד נתחשב לקולא גם בעובדה כי מדובר במאסרו הראשון של הנאשם (סעיף 40יא(11) לחוק העונשין) וכן נתחשב",train
"המתלוננת הגישה מכתב שתיאר את מצבה והפגיעות בה (ת/2). מעבר לפגיעות הפיסיות תוארה גם חרדה ממנה היא סובלת בעקבות התקיפה. מטעם הנאשם הוגשו מסמכים מהביטוח הלאומי ומשרד הבריאות (נ/1, נ/2,נ/3) המצביעים על נכותו הנפשית והבעיות הנפשיות מהן הוא סובל. בדיון הנאשם הביע חרטה בגין המעשה ואני מאמין שהיה כן בעניין זה. הפסיקה הדגישה את הצורך להגיב בחומרה על עבירות כלפי קשישים: מיותר לומר כי תפקידו של בית המשפט להגן על בני החברה, ובמיוחד כך כאשר מדובר באנשים חלשים וחסרי ישע. במקרים דוגמת זה שבפנינו חייב בית המשפט ליתן משקל יתר לעקרונות הגמול וההרתעה על פני שיקולי הענישה האחרים. הערכים המוגנים שנפגעו היו הערכים החברתיים של השמירה על הבטחון האישי, שלמות הגוף וכבוד האדם, הכל ביחס למתלוננת וכן פגיעה בסדר החברתי. כאמור לעיל, לבית המשפט חובה מיוחדת להגן על אוכלוסיית הקשישים. יש לציין לקולא שלא נערך תכנון מוקדם לביצוע העבירה. לעומת זאת, לחומרה, חלקו היחסי של הנאשם בביצוע העבירה היה מוחלט והיה פוטנציאל נזק משמעותי לאור גילה המתקדם של המתלוננת ושברירותה. עוד לקולא, בפועל לא נגרם נזק כבד (אם כי אין להקל ראש בחרדה שממשיכה ללוות את המתלוננת). לקולא בנוסף, העובדה כי לנאשם אין עבר פלילי קודם. לחומרה אציין כי הנאשם יכל להבין את הפסול במעשיו וזאת למרות מצבו הנפשי. כמו כן, עבירה המבוצעת כלפי קשיש או קשישה נחשבת לאכזרית יותר מאשר אותה עבירה המבוצעת כלפי אדם אחר. מכל האמור הגעתי למסקנה שמתחם הענישה ההולם נמצא בין 2 עד 4 שנות מאסר. בכל הקשור לנסיבות שאינן קשורות בביצוע העבירה, מדובר באדם צעיר, ללא עבר פלילי, הסובל מבעיות נפשיות. הנאשם נטל אחריות על מעשיו, הביע חרטה כנה וחסך",train
"הערכים המוגנים שנפגעו בעבירת הנשק היו שמירה על שלום הציבור והסדר הציבורי. אין צורך להכביר מילים בחומרתן של עבירות הנשק אשר טומנות פוטנציאל הרסני ליחיד ולחברה. מידת הפגיעה בערכים הייתה ברמה בינונית- נמוכה, כאשר לא נעשה כל שימוש באקדח ועל פי הידוע הוא לא הוחזק על מנת שיעשה בו שימוש. במקרה זה הנאשם 1 היה צריך לדעת את הפסול במעשיו ולהימנע מהם. הוא נמצא אחראי בלעדי להחזקה. לא נמצא שיש רכיב של תכנון בביצוע העבירה מעבר לרכישת האקדח עם המחסנית והתחמושת. פוטנציאל הנזק צוין לעיל. מדיניות הענישה בפסיקה צוינה לעיל על ידי שני הצדדים, כאשר במקרה זה המקרה קרוב יותר למקרים שהובאו ע\י הסנגור. מכל האמור הנני קובע מתחם עונש שנע בין 6-30 חודשי מאסר בפועל. בעניינו של הנאשם 1 יש לציין את חייו הנורמטיביים עד להסתבכות בעבירה וההערכה שהוא נמצא עדיין בשלבי גיבוש אישיותו. לאחר שעיינתי בתסקיר אני מסכים עם עמדת שירות המבחן שעל אף אי התאמתו של הנאשם לתהליך שיקומי פורמלי, לא יהיה זה נכון להטיל עליו מאסר בפועל מאחורי סורג ובריח ומוטב להסתפק בענישה מתונה יותר כאשר נראה כי הורתע על ידי תקופת המעצר ותגובות סביבתו. יוזכר שהנאשם לא הביע התנגדות להשתתף בהליך טיפולי, אך מפאת אישיותו וחוסר בגרותו נמצא לא מתאים בשלב זה. אין בכך לדעתי כדי להצביע על מסוכנות מוגברת. הערכים המוגנים שנפגעו בעבירה שבוצעה ע\""י הנאשם 2 היו שמירה על שלטון החוק וכיבוד החוק ואוכפיו. הפגיעה הייתה ברמה בינונית- נמוכה כאשר לא הופעלה אלימות ממושכת או קיצונית על ידו. לא נראה שהתקיים תכנון מוקדם, ויחד עם זאת הנאשם 2 נושא באחריות בלעדית למעשיו. בעניינו מתחם הענישה ההולם נמצא בין 3""",train
"הערכים המוגנים שנפגעו היו שמירה על הביטחון האישי ושמירה על הקניין. עבירת ההצתה מטבעה הינה עבירה חמורה, אולם כפי שנאמר בע\פ 607/16 פלונית נ' מדינת ישראל (12.4.16) בעבירת ההצתה ישנם דרגי חומרה שונים וקיים מנעד רחב של בחומרת בענישה. במקרה זה מדובר במעשה שלא תוכנן מראש ונבע ממתחים וכעסים בתוך המשפחה שלא גרם נזק לגוף או אף נזק רכוש משמעותי. נכון הוא שמעצם טבעה הצתה יכולה להביא לתוצאות קשות ואף קשות ביותר, אולם אלה לא אירעו במקרה הנוכחי. חלקו של הנאשם בביצוע העבירה מוחלט והסיבות שהביאו אותו לביצוע העבירה פסולות והוא היה צריך להימנע מביצוען. יוער כי איני מקל ראש בעבירה של היזק לרכוש אך לעומת ההצתה מדובר באירוע מינורי. מכל מקום יש לקבוע עונש אחד בגין שתי העבירות. בהתחשב בפסיקה שהובאה ע\""י שני הצדדים שהוזכרה לעיל, מתחם הענישה נע בין 8-24 חודשי מאסר בפועל. במקרה זה לדעתי יש עוד לקחת בחשבון את העובדה שהנאשם נמצא במעצר מזו תקופה ארוכה, מיום 3.4.19 (כמעט 8 חודשים). מעבר לכך שתנאי מעצר קשים יותר מתנאי מאסר, במקרה דנן נגרם לנאשם קושי נוסף בכך שלא זכה לטיפול רפואי מתאים למצבו (חולה צליאק). יוער עוד כי לא מצאתי בסיס לטענות הנאשם ומשפחתו לטיפול חסר פרופורציה ביחס למקרה. בני המשפחה היו אלה שיזמו את התלונה ומסרו מספר רב יחסית של הודעות לרשויות החקירה ללא שטענו כי לדעתם מדובר במקרה שאינו ראוי ליחס מחמיר וקפדני. הניסיונות לבטל את התלונה נעשו כפי הנראה רק לאחר הגשת כתב אישום. תקופת המעצר תהווה את תקופת המאסר והנאשם ישוחרר היום.""",train
"במקרה דנן הערכים החברתיים שנפגעו כתוצאה מביצוע העבירות הם שלום הציבור ובטחונו, שלמות הגוף והסדר הציבורי וכמו כן האינטרס בפתרון סכסוכים בדרכי שלום ללא אלימות. אכן הפסיקה מתייחסת לרימון הלם ככלי נשק שסכנתו פחותה אך עדיין מדובר בנשק שבכוחו לגרום לפציעתו של אדם (ע\פ 7386/13 עווד נ' מ\""י (23.3.13)). בנסיבות העניין, בהתחשב בחומרת העבירה, בערכים החברתיים שנפגעו, במידת הפגיעה בהם, בנזק שהיה צפוי להיגרם, במדיניות הענישה ובנסיבות הקשורות בביצוע העבירות, אני מוצא לנכון להעמיד את מתחם הענישה ביחס לעבירות בהן הורשע הנאשם על 6-24 חודשי מאסר בפועל. באשר לנסיבותיו האישיות של הנאשם אני מוצא לנכון לזקוף לזכותו את גילו הצעיר, הסכם הסולחה שנערך בין המשפחות, נסיבות חייו הנורמטיביות- לרבות בני משפחתו התלויים בו כלכלית, עברו הפלילי שאינו מכביד, הודאתו, חסכון זמן שיפוטי וחרטתו הכנה. זאת ועוד, אציין כי הנאשם עצור מזה כמספר חודשים והעובדה כי לא נגרם נזק בפועל כעולה מהעדויות שפורטו לעיל. לחומרה, אביא בחשבון את העובדה שלעבירה קדם תכנון, נעשה שימוש ברימון בסביבה של חפים מפשע, הנאשם יכול היה להבין את הפסול במעשיו ולחדול בכל עת מביצועם. לאור האמור, אני מטיל על הנאשם את העונשים הבאים: 10 חודשי מאסר לריצוי בפועל בניכוי ימי מעצרו מיום 12.9.15. 12 חודשי מאסר על תנאי למשך 3 שנים מיום שחרורו והתנאי שהנאשם לא יעבור בפרק הזמן הזה על אחת העבירות בהן הורשע או כל עבירת אלימות מסוג פשע. ג.""",train
"שירות המבחן הגיש תסקיר ביום 3.2.20, שם תואר הרקע האישי של הנאשם, שהוא כבן 19, רווק, שמתגורר עם הוריו, סיים 12 שנות לימוד ועבד למחייתו תוך כדי לימודים. משפחתו נורמטיבית. אין לחובתו עבר פלילי, והוא הביע חרטה ביחס למעשיו. למרות שגילה עמדה קורבנית ומצמצמת, קבע שירות המבחן כי כיום הוא מבין ששגה ולמד לקח מכשלונו. צוין שהנאשם נמצא בפיקוח של שירות המבחן במסגרת תיק המעצר והשתתף בקבוצה טיפולית לעצורי בית. הוערך סיכון לחזרה על עבירות, סיכון נמוך להישנות התנהגות דומה בעתיד. בסופו של דבר המליץ שירות המבחן לשקול אפשרות שלא למצות את הדין ולהעדיף את הפן השיקומי ולהטיל צו מבחן לתקופה של 18 חודשים ומאסר מותנה. הוערך שמאסר בפועל עלול לחשוף את הנאשם בגילו הצעיר לנורמות התנהגות וחשיבה עבריינית לאור אישיותו, ולפי כך הומלץ שבמידה ויוטל עונש מאסר בפועל תישקל אפשרות לבצעו בעבודות שירות. הערכים החברתיים שנפגעו היו שמירה על ביטחון הציבור ושלומו, וכמו כן שמירה על הרכוש. אין להכחיש כי נערך תכנון מוקדם כפי שתואר במהלכי כתב האישום ואין להכחיש גם שתפקידו של הנאשם היה משמעותי, אם כי לא בלעדי. מקרה זה כמו מקרים רבים של הצתה מצדיק קביעת מתחם ענישה הולם שבין שנתיים עד ארבע שנות מאסר בפועל. יחד עם זאת, במקרה זה קיימת הצדקה לסטות ממתחם הענישה ההולם ולהעדיף שיקולי שיקום. בראש ובראשונה אציין שממצאי התסקיר והמלצתו מקובלים עליי – מדובר בנאשם צעיר שקיבל אחריות על מעשיו, שנכנס בגדר בגיר צעיר לאור מאפייני אישיותו, שנעדר עבר פלילי ונמצא ללא קווי התנהגות עברייניים. נראה בנוסף לאור קווי אישיותו שפורטו בתסקיר שאכן קיים סיכון במידה וייחשף לעבריינים לתקופה משמעותית במסגרת כליאה, לעומת זאת עלה שיפיק",train
"מרבית העבירות המיוחסות לנאשם נעברו כלפי בני משפחתו, בתוך ביתם. למרבה הצער, אין המדובר בפעם הראשונה בה הנאשם מהלך אימים על בני משפחתו ובעיקר על אמו. אציין כי למרות העבירות הרבות שביצע הנאשם כלפי בני משפחתו, אביו של הנאשם העיד בפניי והציג עמדה לפיה בני המשפחה מוחלים לו ומבקשים לטפל בהתמכרותו ולא להענישו. הערכים שנפגעו במקרה דנן הם שמירה על בטחון היחיד, כבוד האדם, שלמות הגוף ושלום הציבור ובטחונו. לחובת הנאשם יש להביא את חומרת העבירות בהן הורשע, ריבוי העבירות וכן את עברו הפלילי, לרבות העובדה כי עונש המאסר המותנה לא הרתיע אותו מלשוב ולבצע עבירות, זמן קצר בלבד לאחר מועד שחרורו. בנוסף, יש לקחת בחשבון את העובדה כי העבירות בוצעו כלפי בני משפחתו של הנאשם ורופא המשפחה. לנאשם עבר פלילי בעבירות של סחיטה באיומים, קבלת דבר במירמה, קבלת דבר במרמה בנסיבות מחמירות, זיוף בנסיבות מחמירות, איומים, תקיפה סתם, חבלה במזיד לרכב, הפרעת שוטר במילוי תפקידו, היזק לרכוש במזיד, החזקת אגרופן או סכין שלא למטרה כשרה, תקיפה הגורמת חבלה של ממש ותקיפה סתם. הנאשם ריצה בין השנים 2005-2012 כחמש תקופות מאסר של בין כחצי שנה ועד למעלה משנתיים, כאשר השתחרר מתקופת מאסר של 760 ימים רק ביום 24.8.2014. במסגרת גזר הדין בתיק 33143-9-2012 מיום 14.4.13 נגזר על הנאשם בין היתר מע\ת בן 10 חודשים למשך 3 שנים ובתנאי שלא יעבור עבירות של סחיטה באיומים לפי סעיפים- 428,418,420 ו-415 לחוק העונשין. לזכות הנאשם יש להביא בחשבון את הודאתו בשלב מוקדם של ההליך וחסכון זמן שיפוטי ואת חרטתו הכנה. באשר להליך השיקומי, בהעדר תסקיר לא ניתן להעריך את יכולתו של הנאשם לעבור הליך שיקומי או טיפולי ובכל מקרה""",train
"על חומרתן של עבירות הסמים אין צורך להכביר מילים והדברים נכונים ביתר שאת ביחס לסוג הסמים בו סחר הנאשם (ת\פ (חי') 4150/05 מדינת ישראל נ' שלווה שימשילשוילי, השופט דר, (4.5.2006). באשר לדרגת מעורבותו של הנאשם בביצוע העבירה, אין מדובר בבלדרות בלבד, אלא שהנאשם היה מבצע דומיננטי. על פי עובדות כתב האישום בהן הודה הנאשם, אמנם היתה מעורבות של אדם אחר ביצירת הקשר הראשוני וסיכום פרטי העסקה ואולם הנאשם סיכם עם הסוכן באופן עצמאי את פרטי העסקה לאחר מכן. יתר על כן, הנאשם ביצע את כל מהלכי העסקה מול הסוכן, החל מסיכום הפרטים, קיום שיחות תיאום בהמשך לקביעת מקום ביצוע העסקה, ביצוע העסקה בפועל וקבלת התמורה. יתר על כן, יצויין כי הנאשם אף גבה בסופו של דבר תמורה גבוהה יותר מהסיכום הראשוני. באשר לעברו של הנאשם, אין לו עבר פלילי מכביד ובודאי שלא בתחום עבירות הסמים. בתסקיר לא נמצאו שיקולים אינדיווידואליים לקולא וממצאי התסקיר מובילים למסקנה כי דרושה ענישה משמעותית ומרתיעה. מתוך המקרים שאוזכרו על ידי הצדדים יש מקום לציין את ע\""פ (ת\""א) 70259/99 מדינת ישראל נ' כחלון, 867/07 אלקיים נ' מדינת ישראל ות\""פ (נצ') 1098/05 מדינת ישראל נ' שאדי קב בהם נגזרו עונשים בין 18- 48 חודשים. מתוך המקרים אשר אוזכרו על ידי ההגנה יש מקום לציין את ת\""פ (חי') 17605-06-09 מדינת ישראל נ' חואלד ואח', ת\""פ (י-ם) 2011/06 מדינת ישראל נ' פרעון חוסאם ,ת\""פ (י-ם) 983/05 מדינת ישראל נ' משה דוידוב, (ת\""פ ת\""א) 40089/05 מדינת ישראל נ' מכלוף (בבר) אלקובי, ת\""פ (י-ם) 982/05 מדינת ישראל נ' צפני אלון, ת\""פ (ת\""א) 12198-12-09 מדינת ישראל נ' סרגיי ריאסנוב, ת\""פ (ת\""א) 12048-12-09 מדינת ישראל נ' סטניסלב אשורוב, ת\""פ""",train
"העונשין). נציין, כי בקובענו את העונש ההולם שיש לגזור על הנאשם, התחשבנו, בין השאר, בנסיבות הבאות – שאינן קשורות בביצוע העבירה – אשר לדעתנו יש ליתן להן משקל בנסיבות העניין: פגיעת העונש בנאשם בשים לב לגילו הצעיר; והיעדר עבר פלילי. משעמדנו על נסיבותיו של הנאשם – אלו שאינן קשורות בביצוע העבירה – נציין כי נסיבות אלו הובאו במכלול שיקולינו, לקולא ולחומרא, בקובענו את העונש המתאים שיש לגזור על הנאשם. זאת ועוד התחשבנו גם בשיקולי הרתעתו האישית של הנאשם וכן הרתעת הרבים, ואנו סבורים כי שיקולים אלו, אף הם מחייבים הטלת ענישה מחמירה. על העונש המושת להתחשב בין השאר, במספר העבירות, בתדירותן ובזיקה ביניהן, ולבטא יחס הולם בין חומרת מעשיו ומידת אשמתו של הנאשם לבין תקופות המאסר שיוטלו עליו. במצב דברים זה, ומבלי להקל ראש בחומרת המעשים בהם הורשע הנאשם, הרי שלאור דברי ב\כ המאשימה אנו מחליטים כי עונש המאסר בפועל יהיה מאסר עולם בהתאם לעונש בעבירת הרצח. הטלת פיצוי לנפגעי העבירה בנוסף על האמור, אנו קובעים כי במקרה שלפנינו ראוי להטיל על הנאשם פיצוי לנפגעי העבירה וזאת מכוח סעיף 77 לחוק העונשין הקובע, כדלקמן: (ב) קביעת הפיצויים לפי סעיף זה תהא לפי ערך הנזק או הסבל שנגרמו, ביום ביצוע העבירה או ביום מתן ההחלטה על הפיצויים, הכל לפי הגדול יותר. הלכה היא, כי סעיף 77 לחוק העונשין אינו מצמצם עצמו לקורבן העבירה הישיר בלבד, כי אם מאפשר פסיקת פיצוי גם למי שאינו נפגע העבירה הישיר (ע\""פ 3116/13 ויאם קבלאן נ' מדינת ישראל [פורסם בנבו], 15/10/13), בעמ' 10 (להלן: \""עניין קבלאן\"")). בפסיקה הוטעם, כי ההצדקה להטיל פיצוי לפי סעיף 77 לחוק העונשין, מקבלת משנה תוקף, כאשר עסקינן""",train
"הנאשם הינו בן 19 וללא עבר פלילי קודם. הוא היה עצור מיום 14.11.20 ועד ליום 31.1.21 ואז הועבר לתנאי מעצר בפיקוח אלקטרוני. בטיעונים לעונש העיד אחד מחברי ועדת הסולחה ותיאר שהסולחה הביאה לסיום הסכסוך בין שתי המשפחות ושמאז חלפו מספר חודשים היחסים ביניהן תקינים וטובים. כמו כן הוגש הסכם הסולחה בין המשפחות ומכתב בחתימת המתלונן בו צוין שהסכסוך בין הצדדים יושב. הערכים החברתיים שנפגעו הם שמירה על שלום הציבור ורכושו ואף שמירה על שלמות הגוף. רמת הפגיעה בערכים הראשונים הייתה בינונית ויותר, כאשר יוזכר שאומנם לא נפגע איש אך בוצע ירי במקום מגורים בקרבה רבה לאנשים. כמו כן, בוצע ירי בהיקף גדול יחסית. מדובר בעבירה שתוכננה מראש אך לא דרשה תכנון רב. כמו כן, נראה שחלקו של הנאשם היה משני ביחס לחלקו של האחר ולמעשה נגרר אחריו. מתוך מדיניות הענישה והצורך להחמיר בעבירות נשק הגעתי למסקנה שמתחם הענישה ההולם במקרה זה נבע בין 3 – 5 שנות מאסר בפועל. באשר לעונש בתוך המתחם, לחומרא יש לשקול את הסיכון להישנות ביצוע עבירות דומות בעתיד ולקולא את העובדה שהנאשם הודה בביצוע העבירות בשלב מוקדם של ההליך וקיבל אחריות על מעשיו. כמו כן, נתתי משקל לגילו הצעיר של הנאשם ולעובדה שאין לחובתו הרשעות קודמות. נוכח כל האמור הגעתי מצאתי להטיל ענישה כדלקמן: 5 שנות מאסר בפועל, שמתקופה זו תנוכה תקופת מעצרו מיום 14.11.20 ועד ליום 31.1.21; מאסר על תנאי בן 12 חודשים למשך 3 שנים שהתנאי יופעל במידה והנאשם יבצע עבירות אלימות או נשק מסוג פשע; פיצוי למתלונן בסך 3,000 ₪ לתשלום עד ליום 1.10.21.",train
"הנאשמים פגעו במעשים בערכים המוגנים של שמירה על שלום הציבור וביטחונו, כבוד האדם, שלמות הגוף והחיים ותחושת הביטחון, וכן שמירה על האוטונומיה והקניין. בנסיבות המקרה בסופו של דבר הנאשמים עזבו את המקום מיוזמתם, מבלי שנטלו דבר, וכן בנסיבות בהן לא הופעלה אלימות כלפי הנוכחים בסניף הדואר, מידת הפגיעה בערכים המוגנים היא במידה בינונית-נמוכה. בכל הנוגע לנסיבות הקשורות בביצוע העבירה לחומרא שקלתי את העובדה כי מדובר במעשים מתוכננים, כאשר נאשם 1 הצטייד באקדח אייר סופט ושני הנאשמים עשו מאמצעים מסוימים להסוואת זהותם. לצד זאת, אין מדובר בשוד מתוחכם כפי שטענה המאשימה, במהלך ניסיון השוד לא הופעלה אלימות כלפי הנוכחים וכן לעובדה כי נאשם 1 נמלך בדעתו בקלות יחסית לאחר שלא הצליח לפתוח את דלת המעבר לאזור העובדים, ונמלט מהמקום מבלי שנטל דבר. בכל הנוגע לנאשם 2 יש לציין כי מדובר בסיוע ברמה יחסית נמוכה כאשר תפקידו הסתכם בתצפית על אזור רחבת הכניסה ונוכחות במקום. עוד שקלתי לחומרא שמדובר בעבירה שמטבע הדברים בוצעה ממניע של בצע כסף לצורך השגת רווח כלכלי קל, אולם יש גם לתת משקל לכך שבסופו של יום, למעט הבהלה הרבה שבוודאי אחזה בנוכחים במקום בזמן האירוע, לא נגרמו נזקים משמעותיים כתוצאה מהמעשים. בהתאם לאמור, באיזון בין השיקולים השונים ולנוכח מדיניות הענישה הנוהגת כעולה מן הפסיקה, אני קובע שמתחם העונש ההולם ביחס לנאשם 1 עומד על 12-36 חודשי מאסר בפועל ומתחם העונש ההולם ביחס לנאשם 2 עומד על 6-18 חודשי מאסר בפועל. לעניין מיקום עונשם של הנאשמים בתוך מתחמי העונש ההולמים, יש לזקוף לזכותם את הודאתם, את לקיחת האחריות מצידם והחיסכון בזמן השיפוטי. עוד שקלתי כי מדובר בהסתבכותם הראשונה עם החוק ואין לחובתם הרשעות קודמות.",train
"מדובר באירוע אחד שלא הופעלה בו אלימות חמורה כלפי המתלוננת. מתחם הענישה ההולם לעניין העבירה שבוצעה, לאור הנתונים והנסיבות דלעיל, ובהתחשב במדיניות הענישה הנהוגה, נע בין 2 ל- 4 שנות מאסר בפועל. בהתייחס מדיניות הענישה הנהוגה, חשוב לציין כי בעניין אדריס, עליו כאמור סומך ב\כ הנאשם את טיעוניו לעונש, דובר בשוד, שבשונה מהשוד שבוצע בענייננו, לא הופנה כלפי קשיש ואשר בוצע באופן ספונטאני על ידי מערער נעדר עבר פלילי (ראו לעניין זה עניין קרקי בפסקה 20). אי לכך, מתחם הענישה שפורט שם מקל לעומת המתחם הראוי במקרה דנן. לעניין הנסיבות שאינן קשורות לביצוע העבירה, אציין כי לנאשם אמנם קיים עבר פלילי, אך מדובר ברישומים ישנים יחסית שכן מהמרשם הפלילי (ת/2) עולה כי לנאשם נרשמו מספר הרשעות בעבירות של סמים (החזקה לצריכה עצמית) ואלימות, כאשר ההרשעה האחרונה היתה בשנת 2001, דהיינו לפני כ- 15 שנים. יש לזקוף לטובת הנאשם את העובדה כי הודה בכתב האישום הודאה כנה ומלאה, הביע חרטה והביע את רצונו לעבור תהליך גמילה מסמים בין כותלי בית המאסר. לאור כל האמור לעיל אני משית על הנאשם את העונשים הבאים: 30 חודשי מאסר בפועל, בניכוי תקופת מעצרו מיום 8.3.16. 9 חודשי מאסר על תנאי במידה והנאשם יעבור תוך 3 שנים ממועד שחרורו אחת העבירות בהן הורשע או עבירה אחרת מסוג פשע. פיצוי בסך 2,500 ₪ למתלוננת שישולם לא יאוחר מיום 1.9.16. הגורמים בשב\""ס יבחנו את התאמתו של הנאשם להליך גמילה מסמים וישקלו לשלבו בהתאם.""",train
"הנאשם עצור מיום 9.1.20. במקרה זה נפגעו הערכים המוגנים של שלימות הגוף ושמירה על שלום הציבור וביטחונו. בהינתן נסיבות המקרה, שכללו שימוש בנשק וביצוע ירי רב במרכז הכפר, והפגיעה במתלונן ובצהייב, הפגיעה בערכים הייתה קשה יחסית. העבירה כללה תכנון לעניין ההצטיידות בנשק וביצוע המארב והמתנה להגעת המתלונן למקום. חלקו היחסי של הנאשם 2 בעבירות היה מלא. גם אם אקח בחשבון שיתכן והאחר גם ירה, כל הפגיעות במתלונן ובצהייב שתוארו בכתב האישום בוצעו ע\י הנאשם 2. נגרמו נזקים משמעותיים למתלונן ואף לצהייב והיה צפוי להיגרם אף נזק גדול יותר בהרבה. הנאשם יכל להבין את הפסול במעשיו והיה צריך להימנע מהם. אני מסכים עם עמדת המדינה שבמקרה זה יש להתחשב בסעיף 40ט(א)(10) לחוק, כאשר אופן ביצוע הירי - במספר שלבים, חלקו מטווח אפס - ממלא אחר קיום התנאים של אכזריות ואלימות כלפי נפגע העבירה. מכל האמור הגעתי למסקנה שמתחם העונש ההולם נמצא בין 7-11 שנות מאסר בפועל. באשר לעונש בתוך המתחם, יש להתחשב בכך שניתנה לבסוף הודאה מטעם הנאשם 2, אם כי לאחר קיום חלק משמעותי של ההליך. כמו כן, לנאשם עבר פלילי אך אין לו עבר בעבירות דומות עם אלימות כה משמעותית. באשר לתחולת עקרון אחידות הענישה, אין בידי כדי להסכים עם גישת הסנגור. אין ספק שעונש כבד יפגע פגיעה במשפחתו של הנאשם, וכן יש להתחשב בעובדה שהצדדים הישירים לסכסוך ערכו ביניהם סולחה. כמו כן, הנאשם נטל אחריות על ידי הודאתו. הודאתו ונטילת האחריות שיש בכך מצדיקות הפחתה בעונש לפחות מ- 10 שנות מאסר. מכל האמור הגעתי למסקנה שיש להטיל עונשים כדלקמן: 9 שנות מאסר בפועל, שמתקופה זו תנוכה תקופת המעצר מיום 9.1.20; 24 חודשי מאסר על""",train
"תת\ע 6444-12-21 בן 7 חודשים ירוצה מחציתו בחופף ומחציתו במצטבר לעונש שלעיל.""",train
"מין או אלימות מסוג עוון במשך 3 שנים. ב\כ המאשימה עתרה בעת הדיון בעל פה כי נשית על הנאשם תשלום פיצויים למתלוננות, על אף שלא עתרה לכך במסגרת טיעוניה בכתב. יצוין כי העתירה לפיצוי הגם שנשמעה במהלך הדיון בעל פה לא באה מפי המתלוננות, בנסיבות בהן לא נעשה כל בירור איתן, עת חזרו הן לחיק משפחתן לאחר שחזרו בהן מגרסתן המפלילה את הנאשם וכיום מבקשות לעזור לאיחוי השבר במשפחה. נוכח משך המאסר שנגזר על הנאשם והקושי הכלכלי אליו נקלעה משפחתו, שכיום קיבלה לתוכה, כאמור, את שתי המתלוננות ששבו אליה לאחר שהוצאו קודם לכן בצו ממשמורת ההורים בסמוך למעצרו של הנאשם – אנו סבורים כי אין להשית על הנאשם תשלום פיצוי כספי למתלוננות. יחד עם זאת, שמורה להן הזכות לעתור לפיצוי במסגרת הליך אזרחי, ככל שתחפוצנה בכך. ב\""כ המאשימה לא ביקשה – ובדין כך – להשית על הנאשם קנס ואף אנו לא נגזור עליו קנס, בנסיבות בהן כאמור, לקחנו בחשבון את תקופת מאסרו של הנאשם והחשש מהנטל הכספי הכבד שיוטל על משפחתו אשר לאחר מעצרו עברה טלטלה גדולה. דומה כי הקנס ירבוץ על משפחת הנאשם המצויה במצוקה רבה ועל כן, לטובת המשפחה ובעיקר לטובת המתלוננות, שאל חיק המשפחה חזרו, נימנע מהטלת קנס.""",train
"לחומרה, והוא נעדר עבר פלילי. קביעת העונש המתאים לנאשם בתוך המתחם – הנסיבות שאינן קשורות בביצוע העבירה: לעניין הנסיבות שאינן קשורות בביצוע העבירה נציין כי הנאשם לא הודה במיוחס לו וניהל את המשפט עד תומו וזו זכותו. אמנם ברי כי אין להחמיר עם נאשם שמנהל משפט, אך מאידך נאמר כי אין נאשם המנהל משפט נהנה מהקלה בעונש, השמורה למי שמודה בעבירות שביצע, מביע חרטה על מעשיו, ובעיקר חוסך את הצורך בעדות קורבנות העבירה (סעיף 40יא(6) לחוק העונשין). לכך יש להוסיף, את חוסר האמפתיה או החמלה של הנאשם כלפי בנותיו, בעודו ממשיך \להאשים\"" אותן בהגשת תלונות שווא שהובילו למעצרו, ובהתנהלות קלוקלת של ו' עם בחורים (שכלל לא הוכחה) כאשר ג' נגררת אחריה. כל זאת למרות העובדה לפיה היתה זו ג' שחשפה את \""הסוד\"" המשפחתי, בגילוי העבירות שביצע הנאשם בה ובאחותה משום שחששה שאם לא תגלה, המעשים שנעשו כלפיה וכלפי ו', יעלו במדרג החומרה. לקולה נתחשב בגילו של הנאשם (סעיף 40יא.(1) לחוק העונשין), העדר עבר פלילי לחובתו (סעיף 40יא.(11) לחוק העונשין), ולא נתעלם מאסופת המכתבים שצירפה ב\""כ הנאשם מהם עולה כי פירנס את משפחתו ודאג להם, עבד קשה כדי לספק את צרכיהם והיווה דמות סמכותית ומסבירת פנים עבור חלק מבני ביתו והסובבים אותו (סעיף 40יא.(7) לחוק העונשין), אך לא כלפי שתי המתלוננות, כעולה מהכרעת הדין. יחד עם זאת, על אף שהנאשם דאג לפרנסת המשפחה והיה הדמות המרכזית בביתו, אין ליתן לשיקול זה משקל מכריע, בנסיבות בהן לא רק שאין בתמיכה הכלכלית של הנאשם במשפחתו כדי להצדיק, כלל ועיקר, את האלימות והמעשים המגונים שכפה על בנותיו, אלא שדווקא משום מעמדו היה מצופה שיימנע מביצוע המעשים, הראויים לגינוי ולהוקעה. אין""",train
"הרתעה וכן את הסלידה הרבה של החברה ממעשים מעין אלו (ראו: ע\פ 2439/10 פלוני נ' מדינת ישראל [פורסם בנבו] (6.6.12). בית המשפט העליון הוסיף ופסק בהקשר זה כי: בע\""פ 6092/10 פלוני נ' מדינת ישראל [פורסם בנבו] (ניתן ביום 18.7.12), נקבע: כך היא העמדה לגבי עבירות מין במשפחה אך גם באשר לעבירות מין בכלל, נפסק בע\""פ 5167/09 דרביקין נ' מדינת ישראל [פורסם בנבו] (1.2.12), כי: ולבסוף נזכיר כי לפי סעיף 355 לחוק העונשין אף נקבע בצד העבירה עונש מזערי העומד על רבע העונש המרבי, אלא אם כן החליט בית המשפט, \""מטעמים מיוחדים שיירשמו\"", להקל בעונשו של נאשם ובענייננו ישנם דווקא \""טעמים מיוחדים\"" להחמיר ולא להקל. בסופו של יום למול השיקולים הרבים והמשמעותיים לחומרא, עומדים לנאשם לקולא, השיקולים הנובעים מהודייתו שמנעה העדת המתלוננת, העדר עבר פלילי, במידה מוגבלת ומצומצמת ההפרעה הנפשית ממנה הוא סובל כמובהר לעיל, והיות זה מאסרו הראשון. במקרה זה הפיצויים מיועדים לסייע בשיקומה של המתלוננת. הנאשם פגע בגופה והרס את נפשה וכעת עליו לא רק לשאת בעונש מאסר חמור, אלא לסייע בנסיון לשקמה, כשהסיכויים לכך אינם נראים מבטיחים, בשלב זה. עורכת תסקיר הקורבן התייחסה בתסקיר לטיפול השיקומי שעל המתלוננת לעבור באומרה: לית מאן דפליג ששעות טיפול רבות דורשות השקעה כספית שתסייע למתלוננת להשתקם, ולו באופן חלקי, ועל כן, מן הראוי לחייב את הנאשם בתשלום פיצויים למתלוננת בסכום משמעותי לפי סעיף 77 לחוק העונשין. ב\""כ המאשימה לא ביקשה להשית על הנאשם קנס ובדין כך. אנו סבורים שכל סנקציה כספית שתושת בתיק זה צריכה להגיע למתלוננת, למען שיקומה, ומשנוסיף לכך את תקופת המאסר הארוכה שנגזור על הנאשם, סברנו כי אין לגזור עליו קנס. בסופו של יום החלטנו""",train
"להתעלם במשך פרק זמן ניכר מהרשויות והמשיכו במעשיהם תוך העדפת הפן הכלכלי על הפגיעה בסביבה, בשלום הציבור ובבריאותו. על המגמה להחמיר בעונשים של מזהמי מים ראו: רע\פ 244/96 כים ניר ניהול שירותי תעופה ונתיבי אויר (1991) בע\""מ נ' מדינת ישראל, פ\""ד נ(3), 529 , 531-532 (1996); רע\""פ 3590/04 דני (אדוארד) נטף נ' מדינת ישראל, (2004); ע\""פ (מחוזי נצ') 1038/07 מועצה אזורית מרום הגליל נ' המשרד לאיכות הסביבה - צפת, (2007). לאור כל האמור אני משית על הנאשמים את העונשים הבאים: הנאשמת 1 תשלם קנס בסך של 200,000 ₪ ב-10 תשלומים שווים ורצופים החל מיום 1/11/11 ובכל 1 לחודש לאחריו. אי תשלום אחד מן התשלומים יגרור אחריו פרעון מיידי של הקנס כולו. הנאשמת 1 תחתום על התחייבות בסך 200,000 ₪ לפיה יחתום אדם מוסמך מטעמה על התחייבות להימנע מלעבור על אחת העבירות בכתב האישום למשך 3 שנים מהיום. הנאשמים 2 ו-3 ישלמו קנס בסך של 50,000 ₪ כל אחד או 5 חודשי מאסר תמורתם. הקנס ישולם ב-5 תשלומים שווים ורצופים החל מיום 1/1/11 ובכל 1 לחודש אחריו. אי תשלום אחד מן התשלומים יגרור אחריו פרעון מיידי של הקנס כולו. הנאשמים 2 ו-3 יחתמו, עד ליום 23.10.11 שעה 12:00, כל אחד, על התחייבות בסך 100,000 ₪ להימנע מלעבור על אחת העבירות בהן הורשעו במסגרת כתב האישום למשך 3 שנים מהיום. במידה ומי מהנאשמים לא יחתום על ההתחייבות ייאסר למשך 3 ימים.""",train
"ע\פ 9479/11 ו- ע\""פ 1590/12 קאזם היבי נ' מדינת ישראל ומוחמד היבי נגד מדינת ישראל (31.5.12) הוטלו על נאשם 1 – 50 חודשי מאסר בגין עסקאות נשק ותחמושת ועל נאשם אחר, צעיר יחסית שחלקו לא היה דומיננטי באחת העסקאות – 10 חודשי מאסר בלבד. בית המשפט העליון ציין שניתן היה להטיל עונש מאסר בפועל לתקופה העולה על 10 חודשים, אך בכל זאת לא התערב ונקבע כי לכל היותר מדובר בסטייה קלה מן העונש הראוי. מן הכלל אל הפרט - התסקיר ציין כי מדובר בנאשם בן 26, נשוי ואב לילד בן 3 חודשים ועצור מזה כ- 8 חודשים. צויין שמשפחת מוצאו נורמטיבית ומאוכזבת וכעוסה ממעשיו, אך בכל זאת מגוייסת כדי לסייע לו בהתמודדותו עם ההשלכות של המעורבות הפלילית והמעצר הממושך. בתסקיר פורטו עניינים שונים הקשורים למטרת השגת הנשק כאשר נטען שמדובר בהגנה עצמית (כיוון שהדברים חורגים מהעובדות עליהן הוסכם על ידי הצדדים אין מקום להתחשב בהן, אך יצויין כי ממילא לא הואשם הנאשם בעבירה של החזקה). צויין כי היה ניכר שהנאשם ערך עם עצמו חשבון נפש נוקב וניכר שהמפגש עם השלכות מעשיו והאוכלוסיה העבריינית היוותה גורם מרתיע ומעמת עבורו. בסופו של עניין שירות המבחן התרשם כי קיימת חשיבות לאפשר לנאשם להשתלב בהליך טיפולי מתאים שיעסוק בדפוסי התנהגותו המכשילים ויהווה לו מסגרת לסייע לו להתמודד רגשית עם השלכות מעשיו. על כן, שירות המבחן המליץ שאם תוטל ענישה של מאסר, ירוצה המאסר בכלא טיפולי כגון כלא חרמון. במקרה דנן, לא היתה מחלוקת כי הנאשם סחר באופן בלתי חוקי בנשק. יחד עם זאת, על פי העובדות המוסכמות בכתב האישום המתוקן, הוא התכוון תחילה להשאיל את הנשק ואין מקום להסיק מכך""",train
"את המתלוננת להצטרף אליו על מנת לסייע לה במציאת עבודה, ותחת זאת הוביל אותה למקום מבודד שם תקף אותה באכזריות. על כן, נקבע כי אין מדובר בענישה חריגה וכי העונש שנגזר על המערער, אף שאינו מן הקלים, הולם את המעשים הקשים בהם הורשע. המקרה שבפנינו חמור מהמתואר בפסק הדין המצוטט לעיל, ולא משום שהנאשם אינו מודה וביקש לממש את זכותו לנהל משפט, אלא בשל החומרה היתרה שנלוותה לעבירת האינוס בביצוע עבירות חמורות של חטיפה וכליאה, בנסיבות בהן הנאשם מגדיל לעשות כשמשתמש בעת ביצוע האינוס בנשק קר ודוקר את המתלוננת – קטינה כבת 17 בחלקי גופה השונים, ללא רחם בתגובה לכל הבעת התנגדות ומחאה מטעמה. כך גם לא חסך הנאשם מן המתלוננת פגיעות מכוונות בפניה ובצווארה שתוצאתן מום וצלקות במקומות גלויים ומהווים תזכורת מתמדת עבורה לאירוע ומקור לשאלות מציקות מהסביבה. בעבירת האינוס בנסיבות מחמירות נקבע עונש מרבי של 20 שנות מאסר אשר לגביה קובע המחוקק בסעיף 355 לחוק העונשין גם רף מינימלי שלא יפחת מרבע העונש המרבי. אלא שכאמור, הנאשם גם ביצע עבירות אלימות חמורות נוספות מעבר לעבירת האינוס, של חטיפה למטרת ביצוע עבירת מין, כליאת שווא, חבלה חמורה בנסיבות מחמירות ופריצה, שגם הן נתנו אותותיהן בהטלת אימה על נערה צעירה שנתקלה באקראי, ושלא בטובתה, בנאשם שרוע ואלימות מניעים אותו בסיפוק מאווייו הסוטים. באשר לנסיבות הקשורות בביצוע העבירות, בהתאם לסעיף 40ט לחוק העונשין, נציין את הנסיבות החמורות בהן בוצעו העבירות, להן קדם תכנון, מארב, הצטיידות בנשק קר ופניה באמתלת שווא בבקשת עזרה עד כדי הסחת הדעת. הנאשם מזהה את חולשתה של המתלוננת, עייפותה ורצונה למהר הביתה, ומבצע בה מעשה אלימות חמור, לא רק באיומים בפגיעה בנשק קר",train
"ומחסנית ריקה ומסרם לסוכן שהחזירם לנאשם 2 לאחר בדיקה ואז נאשם 1 לקח ממנו האקדח. נאשם 1 הבהיר לסוכן שאין אקדח נוסף. נאשם 1 דרש 20,000 ₪ עבור האקדח ובשלב זה הוזעקו שוטרים וכאשר הופיעו, הורה נאשם 1 לנאשם 2 לזרוק האקדח מהחלון וכך עשה. נסיבות הקשורות בביצוע העבירה (סעיף 40ט') השלב השלישי בקביעת מתחם העונש ההולם הוא השלב, שבו מובאות בחשבון הנסיבות הקשורות במעשה העבירה שהן רלבנטיות לאופי העונש, הראוי להיות מוטל על מבצעו. מעשה העבירה בו הורשע הנאשם שלפניי היה מתוכנן. אכן, לא בכדי הורשע הנאשם גם בקשירת הקשר לבצעו. בכל הנוגע לחלקו היחסי של הנאשם בביצוע העבירה, הרי שכעולה מכתב-האישום, מובן הוא כי הנאשם היה בסוד תכנון העסקה, הוא הסיע את הנאשם 2 ואת סאאר, כשברשות האחרון כלי-הנשק, למקום המפגש עם הנאשמים 3 ו-4. הוא אף עמד בקשר טלפוני עם השניים, אשר נפגשו עם הנאשמים 3 ו-4 וביצעו את החלפת האקדח בכסף. לבסוף, הוא נסע מהמקום כשלצדו סאאר, שהחזיק ברשותו את התמורה בעד האקדח. מהמכלול, ניתן ללמוד על מעורבות ממשית של נאשם זה בעסקה, אך אין ניתן לומר בשום אופן שהוא היה גורם מרכזי בה. לא הוא החזיק בנשק מלכתחילה, לא הוא הביאו עימו; הוא לא קיבל לידיו את תמורת הנשק ואף לא נאמר שקיבל שכר כלשהו על עמלו. לפיכך, יש להניח לטובתו, כמצוות המשפט הפלילי שחלקו באירוע זה היה משמעותי אך לא מרכזי, וכי לא הוא היה הרוח החיה שמאחורי העסקה. כתוצאה מהעסקה עשוי היה האקדח ליפול לידיהם של אנשים בלתי-מוסמכים, וברבות הימים אף למצוא דרכו לידיים עברייניות או אף חבלניות על כל המשמעויות הנלוות לכך. בפועל, בשל התערבות גורמי האכיפה נמנע",train
"אין להתעלם מהשתלבות הנאשם באפיק הטיפולי אליו הופנה, אך יחד עם זאת אין מקום במקרה דנן להימנע מהטלת מאסר בפועל, לצד מאסר על תנאי ותשלום פיצוי למתלונן. כביטוי למאמצי השיקום תוטל תקופת מאסר קצרה יותר לעומת התקופה שהיתה מוטלת אלולא כך. במקרה דנן מתחם הענישה ההולם הוא בין 12 חודשי מאסר בפועל ועד 4.5 שנות מאסר בפועל. מכאן, אני מטיל על הנאשם את העונשים הבאים כדלקמן: 18 חודשי מאסר בפועל מהם ינוכו ימי מעצרו מיום 16.8.14 ועד ליום 12.11.14. הנאשם הנדון יתייצב למאסרו בבית מעצר קישון עד ליום 1.9.15 בשעה 10:00, או על פי החלטת שב\ס, כשברשותו תעודת זהות או דרכון. על הנדון לתאם את הכניסה למאסר, כולל האפשרות למיון מוקדם, עם ענף אבחון ומיון של שב\""ס, טלפונים: 08-9787377, 08-9787336. 2. 12 חודשי מאסר על תנאי, בתנאי שלא יעבור תוך 3 שנים מיום שחרורו על אחת מהעבירות בהן הורשע. פיצוי כספי בסך 5,000 ₪ למתלונן אשר ישולם עד ליום 1.12.15.""",train
תנאי למשך 3 שנים שהתנאי יחול במידה והנאשם יבצע עבירות אלימות או נשק מסוג פשע;,train
"אין מחלוקת כי עבירת השוד היא עבירה חמורה, הפוגעת גם בקניין וגם בבטחון האישי של קורבן העבירה ובאפשרות של שמירה על הסדר הציבורי. נקבע לא אחת, כי גם מקום בו לא הופעלה אלימות פיזית בפועל, תחושת האימה וחוסר האונים בו מצוי הקורבן מצדיקים הטלת עונשים מרתיעים. בע\פ 6752/10 יהודה טטרואשוילי נ' מדינת ישראל (נבו, 5.4.2011) נאמרו הדברים הבאים כדלקמן: \""עבירות השוד על סוגיהן מגיעות לפתחם של בתי המשפט חדשות לבקרים, והן לובשות צורות שונות. מהן קשות ואכזריות ומהן ברמה נמוכה יותר; הצד השווה שבהן הוא הרצון להשיג כסף קל. בענייננו מדובר באדם בעל רקע נורמטיבי, אשר ניגש לסניף הבנק ובידיו פתק המורה לפקיד להעביר לו כסף; והנה, זממו עלה בידו, מבלי שיצטרך \""ללכלך את ידיו\"" בנשיאת נשק או באיומים קולניים. ואולם, כמובן תיאור זה אינו מלא; שכן נקל לשער את האימה האופפת את הקרבן, במקרה זה פקידת הבנק, אל מול השודד - שהרי אין היא יודעת אם יש בידיו נשק ומה כוונותיו האלימות. במקרה דנן הערכים המוגנים שנפגעו מביצוע עבירת השוד הם שמירה על שלום הציבור ותחושת הביטחון והן השמירה על הקניין. הערכים המוגנים שנפגעו כתוצאה מביצוע עבירת ההפרעה לשוטר במילוי תפקידו הם השמירה על שלטון החוק ושמירת הסדר הציבורי. באשר לנסיבות הקשורות בביצוע העבירה הרי שקדם תכנון מראש לביצוע העבירה- הנאשם תצפת משך 40 דקות על הסניף, רכש מסכה והגיע מצויד ולבוש בכובע קפוצ'ון, הנאשם פעל לבדו ואחראי באופן מוחלט לביצוע העבירה; הנאשם בגיר ויכול היה להימנע מביצוע העבירה בכל שלב; באשר לנזק שהגרם מביצוע העבירה, אומנם לא נגרם נזק פיזי לפקידה אך לא ניתן לשלול כי האירוע הותיר בה נזק נפש שעה בה הנאשם""",train
"כפי שכתב השופט עמית בע\פ 4311/12 סורי נ' מדינת ישראל: \""רבות נכתב ונאמר אודות חומרתה היתרה של עבירות ההצתה, שתחילתה ידועה \""ואחריתה מי ישורנה\"", שכן מנהגה של האש להתפשט מבלי יכולת שליטה תוך גרימת נזקים ואף סיכון חיי אדם ... הערכים החברתיים שנפגעו במקרה דנן היו פגיעה בביטחון הציבור ושמירת שלום הציבור. בסופו של דבר לא נגרם נזק לרכוש ואולם בעקבות תנאיי מזג האוויר הקיצוניים, היבשים עם רוחות עזים ששררו באותו יום נוצר סיכון פוטנציאלי רב. הנאשם עשה הכנות לקראת ביצוע העבירה במוקד הראשון, והמשיך לעבר המוקד השני והשלישי למרות שהיה צריך להיות ברור לו כי הוא חושף את הציבור בשכונתו לסיכון משמעותי. באשר למדיניות הענישה, לא מצאתי מקרה דומה למקרה דנן – שריפה בתוך יישוב כאשר המניע הוא בין היתר הבעת מחאה על אי פנוי פסולת על ידי הרשות המקומית. ואולם, בעניין זה יש להעיר כי אילו הייתי מקבל לחלוטין את טענת הנאשם כי רצה לשלוח מסר לרשויות על ידי הבערת השטח היה בכך רק כדי להחמיר את מצבו ולא להקל עמו. שהרי, מדובר בהבעת מחאה פסולה ומסוכנת מאד שעלולה לצאת חיש מהר משליטה ולגרום לתוצאות הרסניות ואפילו קטלניות. יש עוד לקחת בחשבון את הסיכון המוגבר ששריפות מהוות לאור מגמת שינויי האקלים המביאה לתקופות יובש ארוכות מן העבר בישראל (ראו דוח של הארגון הבינ\""ל ippc – intergovernmental panel on climate change http://www.ipcc.ch/ipccreports/tar/wg2/index.php?idp=246; Flanagan M.D., Amiro B.D., Logan K.A. et al, FOREST FIRES AND CLIMATE CHANGE IN THE 21st CENTURY, Mitigation and Adaptation Strategies for Global Change (2006) 847; Westerling Leroy, INCREASING WESTERN U.S. FOREST WILDFIRE ACTIVITY; SENSITIVITY TO CHANGES IN THE TIMING OF SPRING, Phil.""",train
"מחמירות, כליאת שווא, וחלקם בחטיפה בנוסף, ותקיפה בצוותא כדי לבצע פשע. העבירות בוצעו במתלוננת ואדם נוסף על רקע העדר שביעות רצון מהתנהגות המתלוננת. על הנאשמים העיקריים נגזרו 12 חודשי מאסר לריצוי בפועל. ערעורם נדחה. בע\פ 6272/12 עוז ויסמן נ' מדינת ישראל (1.5.2013), הורשע המערער בחטיפה, כליאת שווא ואיומים והושתו עליו 15 חודשי מאסר בפועל. הערעור נדחה. בת\""פ 11700-10-09 מדינת ישראל נ' נביל חיר (2.11.2011), הנאשמים קשרו קשר על מנת שאחרים שהם חשדו שגנבו מהם תכשיטי זהב מבית אחותה של אחד הנאשמים, יודו במעשה. באותה פרשה, ביצעו עבירות של קשר לפשע, סחיטה באיומים, ותקיפה בנסיבות מחמירות ואישום השני בחטיפה וסחיטה באיומים, ובאישום שלישי על סחיטה באיומים ותקיפה בנסיבות מחמירות. על הנאשמים נגזרו עונשים של מאסר לריצוי בעבודות שירות. במקרה בפני מדובר בסדרת עבירות אשר מהוות אירוע אחד ומצדיקים קביעת מתחם אחד בגין כל העבירות. הערכים המוגנים שנפגעו היו שלמות הגוף, אוטונומיית הפרט, ההגנה על שלום הציבור ובאופן עקיף אוטונומיית האשה. הפגיעה בערכים אלה היתה ברמה בינונית-גבוהה. שוכנעתי כי חלקו של הנאשם היה משמעותי ותפקידו דומיננטי גם אם הוא לא החזיק בנשק באף שלב של האירוע. כמו כן, יש לציין את הבדלי הגיל בינו לבין אחיו הצעיר ממנו. הסיבות אשר הביאו את הנאשם לבצע את העבירות היו פסולות ויש להוקיען בחברה המודרנית. לא מצאתי סיבה להניח כי הנאשם לא יכל לדעת אודות הפסול במעשיו. מכל האמור הגעתי למסקנה כי מתחם הענישה ההולם נמצא בין 30- 55 חודשי מאסר. באשר לקביעת העונש בתוך המתחם לקולא יש לקחת בחשבון העדר עבר פלילי קודם אצל הנאשם ואת גילו הצעיר. לחומרה יש לציין כי לא ניצל את התקופה מאז ביצוע העבירות לשיקום""",train
"הגשת התסקירים ולא להמתין לשלב הטיעונים לעונש. מעיון בהם לא מצאתי פגם מהותי בתסקירים ועל פניו נראה ששירות המבחן שקל את הנתונים הרלוונטיים השונים. עוד יצוין שבאישום הראשון נאשם 2 לא היה זה שירה בפועל בכלי הנשק. אשר על כן, אני מטיל על הנאשמים עונשים כדלקמן: 5 שנות מאסר בגין האישום הראשון, ו- 38 חודשי מאסר בגין האישום השני. בעיקר לאור גילו של נאשם 1 העונשים יחפפו כך שירצה בסה\כ 6 שנות מאסר בפועל, בניכוי ימי מעצרו מיום 10.11.21. מאסר על תנאי של 12 חודשים למשך 3 שנים כאשר התנאי יופעל במידה והנאשם יעבור עבירות נשק. קנס בסך 5,000 ₪. 4 שנות מאסר בפועל בגין האישום הראשון ו- 4 שנות מאסר בפועל בגין האישום השלישי. לאור גילו והעדר עבר פלילי של הנאשם העונשים יחפפו כך שירצה בסה\""כ 6 שנות מאסר בניכוי ימי מעצרו מיום 6.11.21. מאסר על תנאי של 12 חודשים למשך 3 שנים כאשר התנאי יופעל במידה והנאשם יעבור עבירות נשק. קנס בסך 5,000 ₪. 4 שנות מאסר בניכוי ימי מעצרו מיום 6.11.21. מאסר על תנאי של 9 חודשים למשך 3 שנים כאשר התנאי יופעל במידה והנאשם יעבור עבירות נשק. קנס בסך 5,000 ₪.""",train
"חלקי. תואר עברו הפלילי של הנאשם 2 וביחס לעבירה הנוכחית הוא טען שהיה תחת השפעת אלכוהול שפגעה ביכולתו להפעיל שיקול דעת. הוא התקשה להסביר את המניעים שעמדו ברקע ביצוע עבירת האלימות והדגיש את הפגיעה בשיקול דעתו כתוצאה מהשימוש באלכוהול. שירות המבחן העריך כי מדבריו עולה שהנאשם 2 מכיר בהשלכות מעשיו וחומרתם על אף שהוא נוקט עמדה הגנתית. באשר להערכת הסיכון הוערך שקיימת רמת סיכון ברמת חומרה בינונית להישנות עבירות. לא הובאה המלצה טיפולית. תסקיר הקרבן שנערך למתלונן תאר שהוא בן 68, שימש כמאבטח באתר בניה בעת שעבר את החווה הטראומטית שתוארה בכתב האישום. נכתב שלעובדה שנפגע בגילו משמעות ייחודית עם השלכות עמוקות של נזקי הפגיעה על חייו כיוון שהוא בגיר יותר מבחינה פיסית ובעל יכולת מצומצמת להגן על עצמו. תואר שנסיבות חייו מנעו ממנו את האפשרות שלא לעבוד למרות גילו כאשר פגיעות הנאשמים בו גדעו את יכולת העבודה שלו. תואר שלדבריו מעשה האלימות גרם לו לפציעות וחבלות קשות מהן הוא סובל עד היום אך מפאת בושה ופחד לא פנה לקבלת טיפול רפואי לרבות ביום התקיפה. צויין עוד שהוא מסתיר דבר הפגיעה בפני מרבית ילדיו ומשפחתו המורחבת. בתסקיר תוארה פגיעה במישור הפיסי כפגיעה קשה וכי הוא ממשיך לסבול כאבים חזקים בחלקי גוף שונים עד כדי כך שהוא מתקשה בהליכה והוא גם סובל מכאבי ראש ומצב פיסי מדורדר. תוארה גם פגיעה קשה במישור הנפשי. עורכת התסקיר התרשמה שהמתלונן סובל מתסמיני פוסט טראומה רבים וחמורים. תוארה גם פגיעה במישור התפקודי כלכלי ומשפחתי והומלץ על פיצוי משמעותי למתלונן כתוצאה מכך. הערכים החברתיים המוגנים שנפגעו הם השמירה על שלטון החוק והבטיחות בדרכים, שמירה על שלמות הגוף, הכבוד והקניין. הפגיעה בערכים המוגנים",train
"ואב לילדים צעירים. בהתאם לכל האמור ובאיזון בין השיקולים השונים יש למקם את עונשו של הנאשם בחלק האמצעי של המתחם, ולהטיל עליו עונשים כדלקמן: 30 חודשי מאסר בפועל בניכוי ימי מעצרו של הנאשם מיום 18.8.2021 ועד ליום 4.10.2021. מאסר על תנאי בן 12 חודשים שיופעל במידה והנאשם יעבור עבירת נשק מסוג פשע בתוך 3 שנים מיום שחרורו; מאסר על תנאי בן 6 חודשים שיופעל במידה והנאשם יבצע עבירת נשק מסוג עוון בתוך 3 שנים מיום שחרורו; קנס כספי בסך 7,000 ₪ שישולם בחמישה תשלומים החל מיום 1.6.2023 ובכל 1 לחודש עוקב.",train
"הדרדרות בתפקודו בשנים האחרונות. תואר חוסר יציבות בדפוסים התנהגותיים פורצי גבולות. תוארה התרשמות מקושי לתפקד באופן יציב בחייו דבר המוביל להתנהלות פורצת גבולות. הוערך סיכון לפריצת גבולות עתידית ברמה בינונית –גבוהה. לא היתה התרשמות ממודעות טיפולית או בשלות לעריכת שינוי באורחות חייו ונראה כי ההסכמה לטיפול נובעת מחשש לעונש ועל כן לא הובאה כל המלצה בענינו. הערכים החברתים שנפגעו הם שלום הציבור, בטחונו והשמירה על הקניין הפרטי. רמת הפגיעה בהם - למרות שנעשה שימוש בבקבוקי תבערה היתה נמוכה כפי שעלה מעדותו של מנהל המקום. התקיים תכנון מוקדם על ידי הנאשמים שהחלו לפעול לאחר שנחשפו לאירוע בתחנת האוטובוסים. הנאשמים היו צריכים לדעת את הפסול במעשיהם. על חומרת עבירות הנשק ובין היתר החומר שבהכנת בקבוקי תבערה וזריקתם, אין צורך לחזור שהרי הדברים מפורטים בפסיקה המאוזכרת לעיל. עם זאת, במקרה דנן, עולה גם שהנאשמים לא חיפשו או היו מעונינים בפגיעה באדם ובכוונה זרקו את הבקבוקים במקום מרוחק ונטוש ואף הנזק התגלה רק מספר ימים לאחר האירוע לכן יש לשים את המעשים בפרופורציה המתאימה. בכך שונות הנסיבות תכלית השינוי מהמקרים שאוזכרו על ידי המדינה לרבות ע\פ 3063/12 לעיל, שם הוכנו בקבוקי תבערה לשימוש נגד כוחות הביטחון לצורך ביצוע פיגוע שתוכנן להתבצע בשלבים. על רקע זה, הגעתי למסקנה שבנסיבות המקרה, מתחם הענישה ההולם נמצא בין 6 חודשי מאסר בפועל לבין שנה וחצי מאסר בפועל. מבחינת גזירת העונש בתוך המתחם על כל אחד מהנאשמים כאמור בתסקירים מדובר באנשים צעירים, כאשר לנאשם 1 אין כלל עבר פלילי ולנאשם 2 עבר פלילי לא מכביד. בהתחשב ביתר הדברים האמורים בתסקיר, הגעתי למסקנה שרצוי להימנע להטיל עונש שיביא לכך שהנאשמים ישהו בחברת עבריינים תקופה ארוכה. על""",train
"הענישה כאשר יש לציין שכידוע השהייה במעצר קשה יותר מאשר השהייה במאסר. לכן אורה על שחרורו כיום בסיום ההליך. מאסר על תנאי לתקופה של 6 חודשים משך 3 שנים כאשר התנאי יופעל במידה והנאשם יעבור על כל אחת מהעבירות בהן הוא הורשע על פי חוק העונשין. קנס כספי על סך 10,000 ₪ לתשלום עד ליום 1.9.2018.",train
"במקרה דנן נפגעו הערכים החברתיים של הגנה על שמירה על הקניין, בטחון הפרט, וכן שמירה על שלום הציבור ובטיחותו. לשני הנאשמים עבר פלילי, כאשר לחובת הנאשם 1 10 הרשעות בעבירות שונות של סמים, היזק לרכוש, תקיפה, איומים, גניבה וכן שוד מזוין והחזקת נשק שלא כדין בגינן ריצה עונש מאסר בפועל של כ-3 שנים. לחובת הנאשם 2 הרשעה אחת משנת 2008 של עבירות סמים והחזקת נשק שלא כדין בגינן ריצה עונש מאסר של כ-18 חודשים. יאמר שאין בידי לקבל את טענות הסניגור לפיהן עבירת השוד בגינה הורשע הנאשם 1 בוצעה בשנת 1982 וכי מאז הורשע בעבירות שאינן מכבידות ואינן מעידות על אופי עברייני. לנאשם 1 כ-10 הרשעות בעבירות שונות אותן צבר במהלך השנים 1978-2009 ולא ניתן להתעלם מהן ולהסיק כי אינן מעידות על אופי עברייני, גם אם הוטלו עונשים שאינם מכבידים בגינן. מעיון בתסקיר הנאשם 1 עולה כי הוא בן 55. מהתסקיר עלה כי לחובתו 10 הרשעות קודמות, כאשר לטענתו לא ביצע את מרבית העבירות בגינן הועמד לדין. גם ביחס לעבירה הנוכחית טען שאינו זוכר דבר מהאירוע ולהתרשמות שירות המבחן הוא אינו לוקח אחריות על מעשיו ומתקשה לבטא אמפטיה כלפי נפגעי העבירה במקום האירוע. עוד קבע שירות המבחן כי הנאשם מתקשה להפנים את גבולות החוק ומגלה התנהגות פורצת גבולות. מכאן, נקבע כי רמת הסיכון להישנות העבירות הינה גבוהה לאור העדר המודעות לחומרת מצבו ונטייתו לטשטש גבולות בין המותר לאסור. שירות המבחן לא נקט בהמלצה טיפולית היות והנאשם אינו לוקח אחריות על מעשיו ואינו רואה קושי בהתנהלותו. באשר לנאשם 2 שהוא בן 37, עלה מתסקירו כי היה נתון להשפעת אלכוהול בזמן ביצוע העבירה ואינו זוכר את הפרטים הנוגעים",train
"נפגעו ערכים מוגנים בשני מעגלים: במעגל ראשון הקרוב של ביטחון הפרט ושלמות גופו ופגיעה בקניין. במעגל הרחב נפגע ביטחון הציבור וביטחונו. חומרת הפגיעה הייתה לכל הפחות בינונית, כאשר יש להדגיש את החומרה של השימוש בנשק במסגרת המעשים. נערך תכנון מוקדם כפי שטענה המדינה היות שהנאשמים התכוננו בכל הקשור ללבושם והסתרת פניהם והצטיידו בנשק מבעוד מועד ובחרו את קורבנם. באשר לחלקו של כל אחד, הצטיירה תמונה שאכן לפי אופיו הנאשם, למרות שהוא הבגיר מבין השניים, הוא נגרר אחרי שותפו, ולא היה הדומיננטי בביצוע העבירות. בעניין זה יצוין שהנאשם לא היה זה שהחזיק בנשק על אף שמדובר בעבירה שבוצעה בצוותא. מכל האמור הגעתי למסקנה שמתחם הענישה ההולם נמצא בין 2-4 שנות מאסר בפועל. באשר לקביעת העונש בתוך המתחם לחומרא יש לציין את ההסלמה לעומת העבירות הקודמות שביצע הנאשם בעבר ולקולא החרטה שהביע והעובדה שבסופו של עניין ראה לנכון להודות בכתב האישום כפי שהוא. עונש מאסר של 24 חודשי מאסר בפועל, כאשר במקרה זה אין מקום לנכות את ימי המעצר או את המעצר באיזוק האלקטרוני. הנאשם יתייצב לתחילת ריצוי עונשו ביום 3.2.19.",train
"הנאשם הוא בן 20 ואין לחובתו הרשעות קודמות. הוא נעצר לראשונה בתאריך 2.3.23 ובתאריך 23.4.23 נעצר עד תום ההליכים. אין צורך להכביר מלים לעניין חומרת עבירת ההצתה שפוטנציאל הנזק שלה עצום. במקרה זה התקיים תכנון מוקדם והנאשם על אף שהינו בגיר-צעיר היה צריך לדעת את הפסול במעשיו ולהימנע מהם. הערכים החברתיים שנפגעו היו שמירה על שלום הציבור ורכושו ואף שמירה על החיים. היות שמדובר בעבירת הצתה, הפגיעה בערכים הייתה משמעותית. על בסיס זה ועל בסיס הפסיקה הנני קובע מתחם עונש הולם שבין 2 – 4 שנות מאסר. מבחינת נסיבות שאינן קשורות בביצוע העבירה, יש לקחת בחשבון את ההודאה המוקדמת של הנאשם וקבלת האחריות שהיא מסמלת. מאידך, ניתן תסקיר שלילי שלא מצביע על סיכויי שיקום ואף מצביע על סיכון משמעותי להישנות מקרים דומים בעתיד. מכל האמור הגעתי למסקנה שיש להטיל על הנאשם ענישה כדלקמן: 24 חודשי מאסר, מהם תנוכה תקופת מעצרו מיום 2.3.23. מאסר על תנאי של 12 חודשים למשך 3 שנים, כאשר התנאי יופעל במידה והנאשם יבצע עבירות אלימות או רכוש מסוג פשע.",train
"של 24 חודשים למשך שנתיים, והתנאי הוא שהנאשם לא יעבור עבירת אלימות מסוג פשע או קשירת קשר לביצוע פשע או עבירות נשק מסוג פשע, ויורשע בגינן. פיצוי כספי לנפגעי העבירה (אשתו ובנו של המנוח) בסכום כולל של 200,000 ₪, אשר יחולק בין שניהם בחלקים שווים. הפיצוי ישולם עד לא יאוחר מתאריך 01/05/17 ויופקד בגזברות בית המשפט המחוזי בחיפה, ויועבר בהתאם לפרטי חשבון שימסרו על ידי באת כח המאשימה. תקופת המאסר שהוטלה על הנאשם תימנה מיום מעצרו, קרי, מיום 01/06/2014 ועד היום.",train
שנים שיופעל במידה ויעבור עבירת אלימות מסוג פשע. קנס בסך 5000 ₪ לתשלום עד ליום 1.9.20. המאסר על תנאי שהוטל בת.פ 44867-09-18 של 4 חודשים ייחשב בחופף לעונש שלעיל.,train
"דרוכה ובפחד מתמיד בבית, שאמור להיות מקום מוגן, ולספוג התנהלות מצד הנאשם שאין בה כל הגיון, וממנה לא יכלה להימלט (סעיף 40ט(א)(4)). לכך יש להוסיף את הקושי של המתלוננת, אשר מצד אחד כואבת, סובלת וחוששת מהסלמה במעשים הנעשים כלפיה (כפי שראתה שמבוצעים באחותה ו' ועל כן ביקשה לדווח עליהם) ומצד שני, נדרשת לחשוב על משפחתה לבל תתפרק. כך הפכה, לפי תיאור מוריה, לעצובה, שידרה לחץ והגיבה באגרסיביות, התנהגות שלא אפיינה אותה קודם לכן. מעבר לאמור, יש להתחשב בעובדה שאיש לא השפיע על הנאשם לעשות את המעשים, שאת משמעותם הבין ואת הפסול שבהם ידע (סעיף 40ט(א)(6) לחוק העונשין), בנסיבות בהן לנאשם שליטה מלאה על מעשיו ובחירה חופשית שלא לבצעם כלפי אלה הנתונות למרותו (סעיף 40ט(א)(7) לחוק העונשין). עוד יצוין, כי הנאשם יכול היה לצפות את המחיר הקשה שתשלם משפחתו בעקבות ביצוע מעשיו, ואת השפעתם הקשה של מעשיו על המשפחה כולה ובעיקר על המתלוננת, אשר צריכה להמשיך לגור בבית המתפרק לנגד עיניה, בשל מעשיו של הנאשם (סעיף 40ט(א)(3) לחוק העונשין). באלה הנתונים, ולאחר ששקלנו את הפגיעה בערכים החברתיים המוגנים, את מדיניות הענישה הנהוגה והנסיבות הקשורות בביצוע העבירה, הגענו למסקנה כי מתחם העונש ההולם לגבי המעשים שביצע הנאשם באירוע כנגד ג' נע בין 3 שנות מאסר בפועל ל-5 שנות מאסר בפועל (בעניין הרף הנמוך של מתחם העונש ההולם, נזכיר שוב ונפנה גם לעונש המאסר המותנה שיושת, כמפורט להלן, בראי העונש המזערי הקבוע בעבירות המין. דהיינו, שלא התעלמנו מכך שרבע העונש המירבי בגין עבירות המין צריך להיות 3 שנים ו- 9 חודשים מאסר, אולם, במסגרת הרף התחתון דלעיל ציינו רק רף תחתון של מאסר בפועל). הערכים המוגנים שנפגעו ממעשי הנאשם",train
"הנאשם שהה במעצר מתאריך 27.3.16 עד ליום 1.6.16 ופעם נוספת מיום 22.10.16 עד ליום 2.11.16 ושהה במעצר עם איזוק אלקטרוני בין הימים 1.6.16 עד לתאריך המעצר השני ביום 22.10.16 ולאחר מכן עד דצמבר 2016. התנהלו שש ישיבות הוכחות. באשר לשאלה אם מדובר בארוע אחד או במספר אירועים, נראה לי שבמקרה זה יש לקבוע כי מדובר במספר אירועים נפרדים. אמנם האירועים כולם קשורים לסכסוך שהיה לנאשם עם המתלונן. אולם, מדובר באירועים שהתרחשו במקומות שונים, בתנאים שונים ומול קרבנות שונים כך שאיני מוצא שקיים קשר הדוק דיו בין כולם על מנת לקבוע שמדובר באירוע אחד מתמשך או תכנית עבריינית אחת. הערכים החברתיים שנפגעו היו: שמירה על שלום הציבור, שלטון החוק ושלמות הגוף כאשר הפגיעה בהם היתה ברמה בינונית לכל הפחות. באשר לנסיבות הקשורות בביצוע העבירות, ביחס לאישומים 1 ו- 2, ברור שקדם להם תכנון מוקדם שחלקו של הנאשם בהם היה בלעדי והיה צפוי נזק משמעותי מביצועם אם כי בסופו של עניין לא היו נפגעים בגוף או בנפש למרות שמדובר בעבירות נשק. הסיבות שהביאו את הנאשם לביצוע העבירות היו פסולות ואף פעוטות והנאשם היה צריך להבין למרות גילו את משמעות מעשיו ולהימנע מהם. מכל האמור הגעתי למסקנה שבגין האישום הראשון מתחם הענישה ההולם נמצא בין 18 – 45 חודשי מאסר בפועל; בגין האישום השני – 12 חודשי מאסר בפועל עד 36 חודשי מאסר בפועל ובגין האישום השלישי – 9 חודשי מאסר בפועל עד 24 חודשי מאסר בפועל. ואולם, המקרה מתאים לקביעת עונש על פי סעיף 40יג(ב) רישא לחוק. לעניין קביעת העונש בתוך המתחם יש להתחשב, בין היתר, בהודאת הנאשם ולקיחת האחריות על אף שבאו בשלב מאוחר יחסית והן בסולחה",train
"הנאשם יליד 1993, הוא שוהה במעצר מיום 4.9.22. לנאשם עבר פלילי שכולל עבירות של הפרת הוראה חוקית, איומים והפקרה לאחר פגיעה בגינן הוטלו עליו מאסר מותנה ומאסר בפועל לתקופה של 9 חודשים. כמו כן הוגש רישום העבר התעבורתי של הנאשם. נפגעו הערכים המוגנים של שמירה על שלמות הגוף ושלום הציבור. בהינתן אופי התקיפה והעובדה שמדובר בעבירה של חבלה בכוונה מחמירה ומספר הדקירות שבוצעו, יש לקבוע שמדובר בפגיעה ברף הבינוני-גבוה של הערכים המוגנים. לא נראה שהיה תכנון לקראת ביצוע העבירה, שבוצעה לאחר מפגש אקראי בין הנאשם והמתלונן. יחד עם זאת, הנאשם היה צריך לדעת את הפסול במעשיו ולהימנע מהם ועל אף המסמכים הרפואיים שהוגשו, לא מצאתי שהוא קרוב לסייג לאחריות. מתחם הענישה ההולם על בסיס הנסיבות שפורטו נמצא בין 5-9 שנות מאסר בפועל. באשר לקביעת העונש בתוך המתחם, יש מקום להתחשב בהשפעת המאסר על הנאשם ומשפחתו לקולא. מאידך, לא הייתה קבלת אחריות אמתית, וכאמור טענות הנאשם ביחס לפגיעות המתלונן בו בעבר, לא בוססו. על כן, אני מטיל ענישה כדלקמן: - 7 שנות מאסר בפועל, מהם תנוכה תקופת מעצרו של הנאשם מיום 4.9.22. - 18 חודשי מאסר על תנאי משך 3 שנים מיום שחרורו, כאשר התנאי יופעל במידה והנאשם יבצע עבירות אלימות מסוג פשע.",train
"הערכים החברתיים המוגנים שנפגעו הם שמירה על שלום הציבור ובטחונו. הפגיעה בערכים האמורים הייתה מהותית כאשר מדובר בנשק טעון במחסנית. עבירות הנשק לסוגיהן היו זה מכבר למכת מדינה שיש להחמיר את הענישה לגביהן (ע\פ 5993/21 חוסיין אבו סאלח נ' מדינת ישראל (29.11.2021). לעניין האישום השני של עבירות האלימות במשפחה נפגעו הערכים החברתיים של שמירה על שלומו של אדם ובטחונו במסגרת המשפחתית. באשר לסיבות שהביאו את הנאשם לביצוע העבירות הנשק, הרי שגם כשלטענת הנאשם הוא חש פחד ואיום על חייו ועל כן הצטייד בנשק כאמור, אין הצדקה להצטייד בנשק שלא כדין בטענה של הגנה עצמית. הנאשם נושא באחריות בלעדית הן לעבירת הנשק והן לעבירות האלמ\""ב. לאור האמור לעיל ובהתחשב במדיניות הענישה שהובאה בפסיקה – כאשר לדעתי הפסיקה שהובאה על ידי המדינה רלוונטית יותר למקרה מאשר הפסיקה שאוזכרה על ידי הסנגור, אני קובע מתחם עונש לעבירות הנשק שנע בין 16 – 45 חודשי מאסר בפועל. באשר לעבירות אלימות במשפחה אני קובע מתחם של חודשים בודדים – 12 חודשי מאסר בפועל. היות שמדובר בכתבי אישום שונים יש מקום לפסוק את העונש במצטבר. באשר לנסיבות שאינן קשורות בביצוע העבירות יצוין כי הנאשם נטל אחריות למעשיו בשני כתבי האישום וחסך זמן שיפוטי. להודאתו חשיבות לעניין קבלת אחריות מצידו, למרות האמור בתסקיר. לצד זאת, מדובר בנאשם בעל עבר פלילי מכביד עם אופק שיקומי מוגבל בהתאם להערכה שניתנה בתסקיר. לאור האמור, אני מטיל על הנאשם את העונשים הבאים: 28 חודשי מאסר לריצוי בפועל בניכוי ימי מעצרו מיום 20.07.2021. 12 חודשי מאסר על תנאי למשך 3 שנים כאשר התנאי יופעל במידה ויעבור עבירות נשק מסוג פשע. קנס של 5,000 ₪ לתשלום חודש מיום שחרורו.""",train
"הנאשם בן 36 ללא עבר פלילי והודה בכתב האישום. הוא היה נתון במעצר כחודש וחצי ובתאריך 5.11.20 שוחרר עד ליום 14.12.20 בפיקוח אלקטרוני. במועד זה הוא נעצר שוב לאחר שהפר את תנאיי שחרורו. הערכים החברתיים שנפגעו היו שלום הציבור ושמירה על הקניין. הפגיעה בערכים הייתה בינונית ולמעלה מכך, כאשר נעשה שימוש בכלי שנחזה כאקדח. מבחינת נסיבות הקשורות בביצוע העבירה, הכנותיו של הנאשם לקראת ביצוע העבירה מצביעות על רכיב של תכנון. הנאשם הוא האחראי הבלעדי למעשים והיה צריך להימנע מהם מבעוד מועד. אשר על כן, אני קובע מתחם ענישה שבין 20 – 45 חודשי מאסר בפועל. באשר לעונש בתוך המתחם, התרשמתי שאכן הנאשם עבר סוג של משבר, וזאת על פי הטיעונים והמסמכים הרפואיים שהוגשו. לכך עוד אוסיף שמדובר באדם לא צעיר, עם עבר נקי קודם לביצוע העבירה הנוכחית, כך שיש מקום לפסוק עונש בתחתית המתחם. אשר על כן, אני מטיל העונשים כדלקמן: 22 חודשי מאסר בפועל, שמתקופה זו ינוכו תקופות המעצר מיום 16.8.20 עד ליום 5.11.20 והחל מיום 14.12.20 ועד היום; מאסר על תנאי של 9 חודשים למשך 3 שנים שיופעל במידה והנאשם יבצע עבירות רכוש או אלימות מסוג פשע; פיצוי לשלושת המתלוננים בסך 1,000 ₪ כל אחד, שישולם עד ל-31.12.21.",train
"הערכים החברתיים המוגנים שנפגעו היו שמירה על הרכוש ושמירה על שלמות הגוף. היות שמדובר בשוד באמצעות נשק קר בו נעשה שימוש, מדובר בפגיעה משמעותית בערכים המוגנים. הנאשם תכנן את צעדיו מבעוד מועד והכין עזרים לצורך ביצוע השוד. נראה שהוא היה הגורם הדומיננטי באירוע. למרות גילו הצעיר יחסית, הוא היה צריך להכיר בפסול שבמעשיו ולהימנע מהם. יוער, כי עולה שמצבה הכלכלי הקשה של משפחתו היווה אחד המניעים המרכזיים לביצוע השוד, ועניין זה מהווה שיקול מקל. מכל האמור, מתחם הענישה ההולם נע בין 20 – 48 חודשי מאסר בפועל. באשר לקביעת העונש בתוך המתחם, יוער כי מדובר באדם צעיר, בגיר-צעיר שבא מרקע סוציו-אקונומי קשה. הוא ללא עבר פלילי מכביד קודם. כמו כן, הוא הודה ולקח אחריות בגין מעשיו. עוד יוער שבתסקיר משלים צוין שבהמשך לתסקיר הראשון התקבל עדכון מבית הסהר צלמון ממנו עלה שהנאשם משולב בתכנית \צומת דרכים\"" מאז אוקטובר 2020 ועד היום והוא משתתף בקבוצה באופן פעיל ונפתח להליך במהלך הזמן. צוין שניכר שהנאשם משקיע מאמצים בהליך טיפולי, יחד עם זאת צוין שמדובר בשלב ראשוני. שירות המבחן הכיר בחשיבות השתלבותו בהליך ראשוני בתוך כותלי הכלא, אך חזר על עמדתו שאין בהליך זה בשלב הנוכחי כדי להצביע על יכולת ארוכת טווח לעבור הליך טיפולי, ועל כן שירות המבחן נמנע מהמלצה טיפולית. לטעמי, יש מקום להתחשב כשיקול מקל בהשתתפות הפעילה של הנאשם בתהליך טיפולי במהלך מעצרו בקביעת עונשו. אשר על כן, אני מטיל ענישה כדלקמן: 30 חודשי מאסר בפועל, כאשר מתקופה זו תנוכה תקופת המעצר מיום 20.6.20 ועד היום; מאסר על תנאי בן 9 חודשים למשך 3 שנים מיום שחרורו, כאשר התנאי יופעל במידה והנאשם יבצע עבירות אלימות או""",train
"של הנאשמים כאן. לגבי האישום השני מתחם הענישה נע בין 9 – 30 חודשי מאסר, שוב בגין חלקם של הנאשמים כאן. בתוך המתחמים יש לקחת בחשבון לקולא ההודאות וקבלת האחריות על המעשים. לטובת הנאשם 3 העדר עבר פלילי. לא הובאו ראיות לגבי מצבם האישי של הנאשמים. עברו הפלילי של הנאשם 1 הינו שיקול לחומרה ובמידה פחותה גם עברו הפלילי (המוגבל) של נאשם 2. מכל האמור, מוטלים עונשים כדלקמן: 8 חודשי מאסר בפועל לכל אחד מהנאשמים. 3 חודשי מאסר על תנאי למשך 3 שנים כאשר התנאי יופעל במידה והנאשמים יעברו את העבירה בה הורשעו. קנס בסך 1,500 ₪ לכל אחד לתשלום עד ליום 1.6.23. 20 חודשי מאסר כל אחד. 6 חודשי מאסר על תנאי למשך 3 שנים כאשר התנאי יופעל במידה ויעברו עבירות אלימות או רכוש מסוג פשע. קנס בסך 3,500 ₪ לתשלום עד ליום 1.6.23. לנאשם 3 16 חודשי מאסר בפועל. 6 חודשי מאסר על תנאי למשך 3 שנים כאשר התנאי יופעל במידה ויעבור עבירות אלימות או רכוש מסוג פשע. קנס בסך 3,500 ₪ לתשלום עד ליום 1.6.23.",train
"הנאשם היה נתון במעצר בין 13.7.20 עד 25.8.20. כחלק מהראיות לעונש הוגשה תמונה של המתלונן לאחר הפגיעה בו (ת/1) ודיסק מהאירוע (ת/3). הערכים המוגנים שנפגעו היו שלמות הגוף וביטחון הציבור. היות ומדובר בנשק קר, מדובר בפגיעה ברמה בינונית לכל הפחות בערכים המוגנים. מדובר באירוע לא מתוכנן, ועם זאת, מדובר באירוע שעבר כמה שלבים והנאשם היה מסוגל והיה צריך לעצור את עצמו בכל אחד מהם טרם הגיע לכך שפגע במתלונן פגיעה גופנית. נגרמו למתלונן פגיעות משמעותיות אך יש לציין שכפי הנראה לא כולן מזריקת האבן. מתחם הענישה ההולם נמצא בין 12 חודשי מאסר ל-40 חודשי מאסר בפועל. באשר לפסיקת העונש בתוך המתחם, יש להתחשב בכך שמדובר באדם צעיר ללא עבר פלילי כלל. התסקיר בעניינו היה חיובי בעיקרו, ונראה שלא הומלץ על חלופה טיפולית כיוון שהנאשם לא הביע נזקקות לטיפול. עם זאת, אין יסוד לקבוע שמדובר באדם שהשתקם. בנוסף, על פי האמור בתסקיר אומנם מדובר במעידה ראשונה, אך בעקבות הקביעות באשר לאישיותו של הנאשם ונטייתו לפעול באימפולסיביות, לא ניתן לקבוע שמדובר באירוע שכדוגמתו לא יחזור בעתיד. אין מנוס מענישה מוחשית, אם כי בנסיבות המקרה, יש מקום לענישה מתונה. אשר על כן, אני מטיל על הנאשם ענישה כדלקמן: 12 חודשי מאסר בפועל, בניכוי ימי מעצרו מיום 13.7.20 עד 25.8.20. הנאשם יחל לרצות את עונשו ביום 7.6.21 שעה 10:00 בבוקר בבית מעצר בקישון, אלא אם כן יעשה מיון מוקדם. מאסר על תנאי לתקופה של 9 חודשים, משך 3 שנים מיום שחרורו, כאשר התנאי יופעל במידה והנאשם יבצע עבירות אלימות מסוג פשע. קנס בסך 3,000 ₪ לתשלום עד ליום 30.6.21.",train
"שירות בשעה 08:00 במפקדת מחוז צפון יחידת עבודות שירות ברחוב הציונות 14 טבריה. 12 חודשי מאסר על תנאי למשך 3 שנים מיום שחרורו שיופעל במידה והנאשם יעבור עבירות רכוש, אלימות או נשק מסוג פשע. 6 חודשי מאסר על תנאי למשך 3 שנים מיום שחרורו שיופעל במידה והנאשם יעבור עבירות רכוש, אלימות או נשק מסוג עוון. הנאשם ישלם קנס בסך 5,000 ₪ עד ליום 31.12.16.",train
"אין צורך להכביר במילים על החומרה הרבה הטמונה בביצוע עבירות נשק, כאשר בתי המשפט חזרו שוב ושוב על כך שמדובר ברעה חולה שהפכה למכת מדינה של ממש, וכי כמענה לתופעה קשה זו יש לנקוט במדיניות ענישה הולמת שתפעל לצמצום תופעת החזקת הנשק הבלתי חוקי. במעשיו הנאשם פגע בערכים החברתיים של שמירה על שלום הציבור ובטחונו וכן שמירה על חיי האדם ושלמות הגוף. הנאשם החזיק נשק התקפי מסוג קלצ'ניקוב, וכן מחסנית תואמת ואף מחסניות נוספות של כלי נשק מסוגים נוספים – מחסנית תואמת לנשק מסוג גליל ומחסנית תואמת לאקדח. בנוסף, הנאשם החזיק בכמות בלתי מבוטלת של תחמושת תואמת. עוד נתתי דעתי לכך שאמצעי הלחימה הוסלקו בשני מקומות שונים במגרש. בהתאם לאמור בנסיבות העניין מידת הפגיעה בערכים המוגנים היא בינונית. בכל הנוגע לנסיבות ביצוע העבירה, יש לתת את הדעת לכך שהסלקת אמצעי הלחימה שנתפסו בתוך הרמקול הצריכה תכנון מוקדם והשקעת מאמץ בפירוק הרמקול, הכנסת אמצעי הלחימה לתוכו והרכבתו מחדש. כמו כן, לקחתי בחשבון את פוטנציאל הנזק שיש בהחזקת נשק התקפי מסוג רובה סער. בנוסף, הואיל ואמצעי הלחימה הוחזקו במגרש בבעלות הנאשם חלקו הוא דומיננטי, הוא יכל להימנע מהמעשה ולהבין את הפסול במעשיו. לנוכח האמור, ובהינתן מדיניות הענישה הנוהגת בעבירות מסוג זה בשנים האחרונות כעולה מהפסיקה אני קובע שמתחם העונש ההולם במקרה זה נע בין 20-40 חודשי מאסר בפועל. בכל הנוגע לגזרת עונשו של הנאשם בתוך מתחם העונש ההולם נתתי משקל לכך שהנאשם נעדר עבר פלילי, אם כי יש לזכור כי מגמת ההחמרה בענישה באה לידי ביטוי, בין היתר, בעונשים משמעותיים המוטלים על נאשמים המבצעים עבירות בנשק שאין לחובתם עבר פלילי. עוד לקחתי בחשבון לקולא שהנאשם הוא בעל משפחה",train
"כמי שמונע על פי דחפים התמכרותיים ובכך הוא דומה לכל \מכור\"" אחר. כאמור בכתב האישום, משך כל השנים לא נעשה על ידו כל שימוש אחר בנשקים או אף הכנה לשימוש כאמור. לשיקולי הענישה יש עוד להוסיף את תאונת הדרכים הטרגית שגרמה למותן של אמו ודודתו בדרכן לבקרו במעצרו כאשר אירוע זה מהווה נסיבה שניתן להתחשב בה בפסיקת העונש כאמור בסעיף 40יא(2) לחוק. אמנם, מדובר בפגיעה שקשורה אך בעקיפין באירועים, אך כפי שצויין בתסקיר, מותן בנסיבות שתוארו, הגביר אצל הנאשם את \""הבנתו לחומרת מעשיו והאיסור בהתנהגותו\"" (שם). יוער שהנאשם גם הביע חרטה אמיתית וכנה ובנוסף דאג באופן אקטיבי לאיסוף ולמסירת כל כלי הנשק שנכללו באישומים. לצד זה יש עוד לציין את העובדה שהנאשם שהה במעצר תקופה ארוכה למדי, חלקה באופן לא חוקי, לתקופה שכבר הצטברה ליותר משנה, כך שגם אם לא יענש במאסר נוסף, הוא חווה כבר עונש משמעותי כאשר יש לציין שהוא שהה בתנאים מחמירים במיוחד לאור סיווגו כעציר בטחוני. נוסף על האמור לעיל, יש להתחשב בסיכויי השיקום שתוארו במסגרת התסקיר והתאמתו של הנאשם לתכנית הייחודית המקודמת על ידי שירות המבחן למניעת הפצת נשק במגזר הערבי. אמנם, שיקולי שיקום אינם חזות הכל ולצידם ניצבים שיקולים רבים נוספים (ע\""פ 5719/12 יהודה נ' מדינת ישראל (14.3.2013); ע\""פ 8232/11 מדינת ישראל נ' פלוני (23.4.2012)). ואולם, במקרה זה החזקת הנשקים, המחייבת בדרך כלל תגובה מחמירה בענישה, נעשתה במקרה זה, על רקע יוצא דופן לעומת המקרים הרגילים בתחום עבירות הנשק - המסתמן כדחף התמכרותי ולא כחלק מפעילות עבריינית אחרת או נוספת. מכל האמור הגעתי למסקנה שיש להשית על הנאשם את העונשים הבאים: תקופת מבחן למשך שנתיים במהלכה ישתתף בתכנית השיקום שתוארה""",train
חודשים למשך 3 שנים מיום שחרורו כאשר התנאי יופעל במידה והנאשם יעבור עבירות נשק או אלימות מסוג פשע.,train
"בוצעו על רקע מגדרי או מעמד חברתי. בהינתן מסקנה זו, לא מצאתי כיצד ניתן להסביר את המלצות שירות המבחן אלא על ידי כך שהתסקיר מגלה גישה מקילה יתר על המידה כלפי הנאשמת, לאור זהותה המגדרית, ללא שנתון זה רלוונטי למקרה. ממצאי התסקיר אשר פורטו לעיל אינם מובילים באופן סביר להמלצה כי יש מקום להעדיף דרך שיקומית על פני ענישה קונקרטית. זאת, מכיוון שאין הם מצביעים שהנאשמת השתקמה או שקיים סיכוי של ממש שתשתקם – וזאת ביחוד לאור התקופה הארוכה יחסית בה היא נמצאת בתכנית שיקומית - כפי שמתחייב על פי סעיף 40ד לחוק העונשין. מכל האמור הגעתי למסקנה כי יש להשית על הנאשמת עונשים כדלקמן: 12 חודשי מאסר בפועל כאשר יש לנכות מתקופה זו את התקופה בה היא שהתה במעצר מיום 13.8.14 עד ליום 3.11.14. 6 חודשי מאסר על תנאי למשך 3 שנים כאשר התנאי יופעל במידה והנאשמת תבצע עבירת אלימות מסוג פשע.",train
"הערכים החברתיים שנפגעו היו: שמירה על שלום הציבור, שמירה על הקניין ובמקרה זה שמירה על בטחון האדם בביתו, בייחוד מתן סביבה בטוחה לקשישים. מידת הפגיעה בערכים אלו היתה מחד ברף הנמוך כאשר לא הופעלה אלימות רבה כלפי קרבן העבירה ומאידך, קיימת חומרה מיוחדת בכך שעבירת השוד בוצעה כלפי אשה קשישה בביתה. בעבירות האיומים נפגעו הערכים החברתיים של שמירה על הסדר הציבורי ואי ציות לאנשי רשות. בעניין מדיניות הענישה איזכרה המדינה את המקרים הבאים: ע\פ 7939/13 מדינת ישראל נ' טרקין (20.5.2014) – מקרה של שוד קשישה במהלכו התנהל מאבק על תיק שגרם לנפילתה. הוטל על הנאשם עונש של 36 חודשי מאסר בפועל במסגרת ערעור. בע\""פ 1044/13 זידאן נ' מדינת ישראל (29.10.20130) נקבע מתחם ענישה של 1.5 – 6 שנות מאסר והוטלו לבסוף 4 שנות מאסר בפועל בגין שוד תיק מקשישה כאשר העבירה בוצעה בעת שהעורר היה אמור להמצא במעצר בית. גזר הדין לא שונה בבית המשפט העליון. בע\""פ 2257/13 ולדימיר חייביץ נ' מדינת ישראל (24.4.2014) – הורשע המערער בגין עבירת שוד קשישה כאשר הוא תקף אותה מחוץ לדירתה, דחף אותה פנימה ותלש מצווארה שתי שרשרות. ברקע עמד שימוש בסמים וטיפולים שלא צלחו. הוטלו 5 שנות מאסר בפועל בערכאה הדיונית חרף נקיטה בצעדי שיקום ושיתוף פעולה עם הרשויות. הערעור נדחה. בע\""פ 5467/12 מדינת ישראל נ' טארק חוסיין (23.10.2012) הנאשם הודה בביצוע שוד ועבירה נוספת של שהייה בלתי חוקית. השוד בוצע כלפי אשה קשישה (בת 80) וחולנית, באישון לילה בביתה תוך כדי איומים, ולנאשם עבר פלילי משמעותי. הערכאה הדיונית הטילה 30 חודשי מאסר בפועל ובערעור הוחמר העונש ל- 48 חודשי מאסר בפועל. לגבי עבירת האיומים כלפי השוטרים אוזכרו פסקי""",train
"הנאשם 1 היה עצור מיום 6.1.20 ועד ל-11.3.20 והנאשמת הייתה עצורה מיום 6.1.20 עד ל-26.2.20. הערכים המוגנים שנפגעו היו ההגנה מפני נזקי השימוש בסמים ושמירה על המרקם החברתי ושלטון החוק. במקרה זה מדובר – בכל הקשור לנאשמת ופחות מכך בהתאמה לנאשם – בהתארגנות משמעותית וגידול שהינו בבחינה היקף \תעשייתי\"" אם כי כפי שהסנגורים טענו, לא ניתן לקבוע את אורך הזמן בו בוצעו העבירות. מכל מקום, לאור היקף הגידול וכמויות הסמים, הפגיעה בערכים המוגנים יכלה להיות משמעותית כאשר במקרה זה לא הוכח כי הסמים הופצו בפועל (אך עניין זה הינו בזכות גורמי האכיפה). הנאשמים היו צריכים להיות ערים לפסול במעשיהם ולהימנע מהם. מדיניות הענישה בעניין גידול קנאביס כוללת מנעד רחב, החל למאסר לריצוי בעבודות שירות וכלה בתקופות מאסר של עד ל- 36 חודשים, כפי שעולה מהפסיקה שהוגשה. הנסיבות בעניינה של הנאשמת אכן מזכירות את המערכת העובדתית ומצבה של הנאשמת שתוארו בע\""פ 4285/17 (ת\""פ 47627-07-15) [פורסם בנבו] שגם שם היה מדובר בנאשמת שגידלה כמויות נכבדות של קנאביס במשק חקלאי והיתה ללא עבר פלילי קודם. באשר לנאשמת, השיקולים לחומרה הינם כמובן היקף העבירות וכמויות הסם. לקולא, ההודאה המוקדמת וקבלת האחריות על המעשים וחייה הנורמטיביים טרם ביצוע העבירות. לכך יש להוסיף את המלצת שירות המבחן שבחנה לעומק את מצבה של הנאשמת. בעניינו של הנאשם אותם שיקולים חלים, בהתחשב בכך שכמויות הסמים והיקף העבירות שונים כמו גם העובדה כי לחובתו עבר פלילי קודם, אם כי ישן יחסית. בנוסף, הנאשם רשאי להינות מכלל אחדות הענישה ביחס לעונש שיוטל על הנאשמת, שותפתו. מכל האמור הגעתי למסקנה שיש להטיל עונשים כדלקמן: 6 חודשי מאסר לריצוי בעבודות שירות בהתאם לחוות הדעת של הממונה. מאסר על""",train
"קיים מנעד רחב ביחס לענישה בנוגע לעבירה בה הורשע הנאשם, אשר מושפעת במידה רבה מהנסיבות הייחודיות והפרטניות של כל מקרה ומקרה ומאופי הסחיטה, משכה, סכומי הכסף שבנדון, מיהות הסוחט, הרקע לסחיטה וכן נתונים נוספים. כאמור לעיל, במקרה זה הנסיבות היו יחסית חמורות כאשר הלוואת המקור עמדה על סכום של עשרות אלפי ₪ בעוד שסכומי הגביה עמדו על למעלה מ-200,000 ₪. כמו כן, דובר בתקופה ארוכה אשר חלפה מאז ההלוואה, לאורכה נהג הנאשם לאיים בפגיעה במתלונן ופגיעה בבני משפחתו, ובכך גרם לו להעביר לו את כספי הגבייה באופן חודשי. כתוצאה מהפחד והמורא שהטיל על המתלונן, והנאשם אף גרם לו לעזוב את ביתו ולישון ברכבו ובבתים שונים, וכן גם בני משפחתו של המתלונן העתיקו את מגוריהם לבית אחר. נתון זה יש בו כדי ללמד על מידת האימה שהטיל הנאשם על מהתלונן ומשפחתו, ומשיבוש שגרת חייהם כתוצאה ממעשי הנאשם. כמו כן, הנאשם אף עבר מאיומים למעשים כאשר נקט פעולות להחליף את המנעול בביתו של המתלונן. מתוך כל האמור נראה לי שיש לקבוע מתחם ענישה שבין 10-30 חודשי מאסר בפועל. באשר לעונש בתוך המתחם, לזכות הנאשם עומדת הודאתו, והעובדה שבחר שלא לנהל הליך והעדר עבר פלילי מכביד וכן נסיבותיו האישיות בקשר לבריאות הלקויה של אמו. מכל האמור אני מטיל ענישה כדלקמן: 16 חודשי מאסר בפועל, שמתקופה זו תנוכה תקופת המעצר מיום 13.2.22 ועד היום. מאסר על תנאי לתקופה של 9 חודשים משך 3 שנים, שהתנאי יופעל במידה והנאשם עובר את העבירה בה הורשע או עבירת אלימות אחרת מסוג פשע. פיצוי המתלונן בסך של 5,000 ₪. קנס בסך 5,000 ₪ .",train
"מאסר בפועל. המתחם ההולם ביחס לנאשם 4 נמצא בין 1.5 – 3 שנות מאסר. באשר לפסיקת העונש בתוך המתחם, לקולא יש להתחשב בהודאה המוקדמת ונטילת האחריות שיש בכך מצד הנאשמים, כמו כן נראה שמדובר באנשים שאינם בעלי קווי התנהגות פליליים מושרשים במהותם ועברם הינו בעיקר נקי. כפי שעלה בטיעונים, העונש שייפסק יפגע במשפחותיהם של הנאשמים ללא ספק. בעניין הנשקים יצוין שהיה טוב יותר אילו נמסרו הנשקים, כאשר תחת זאת נטען על ידי הסנגורים שהנשק הושמד אך לא הובאו לעניין זה הוכחות או פירוט. בסיום הדברים, איני מתעלם מהסולחה שהושגה. מתוך המסמכים שהוגשו נראה שהוקדשו מאמצים רבים להשגת הסולחה והיא כוללנית ויש לקוות שיש בה כדי לסיים את הסכסוך בין שתי המשפחות. מכל האמור הגעתי למסקנה שיש להטיל עונשים כדלקמן: על נאשמים 1, 2 ו-5: 4 שנות מאסר בפועל, כאשר מתקופה זו תנוכה תקופת המעצר לכל אחד מהנאשמים. נאשם 1 עצור מיום 30.11.20 עד היום. נאשמים 2 ו-5 עצורים מאז יום 22.11.20 ועד היום. מאסר על תנאי של 12 חודשים למשך 3 שנים כאשר התנאי יופעל במידה והנאשמים יבצעו עבירת חבלה בכוונה מחמירה או עבירות נשק שהן פשע. קנס בסך 5,000 ₪ כל אחד לתשלום עד ליום 1.9.21. ביחס לנאשם 1 אני מורה על הפעלת המאסר על תנאי שהוטל עליו בתתע\א 7911-08-16 במצטבר. 4 שנות מאסר בפועל, כאשר מתקופה זו תנוכה תקופת המעצר. נאשם 3 עצור מיום 30.11.20 ועד היום. מאסר על תנאי של 12 חודשים למשך 3 שנים כאשר התנאי יופעל במידה והנאשם יבצע עבירת חבלה בכוונה מחמירה או עבירות נשק שהן פשע. קנס בסך 5,000 ₪ כל אחד לתשלום עד ליום 1.9.21. 24 חודשי מאסר""",train
"המשיב נשא עמו את האקדח והמחסנית וכן את הרובה ובמהלך חתונה, בה השתתף, ירה באמצעותם כ-50 כדורים בליבה של שכונת מגורים ביחד עם אחרים. בפרשה נוספת שנדונה במסגרת ע\פ 319/11 מדינת ישראל נ' מוחמד יאסין (ניתן ביום 5.2.11) הגישה המדינה ערעור על קולת העונשים אשר גזר בית המשפט המחוזי בחיפה על המשיבים - מוחמד יאסין (40 חודשי מאסר לריצוי בפועל) וג'מאל יאסין ( 32חודשים לריצוי בפועל) בגין ) - בגין ביצוען של עבירות נשיאת והובלת נשק שלא כדין (שני אירועים) וסחר בנשק שלא כדין (מוחמד בשלושה אירועים וג'אמל באירוע אחד). כמו כן, במסגרת זו נדון הערעור שהגיש מוחמד על חומרת העונש שנגזר עליו (ע\""פ 906/11). במקרה זה סיכם מוחמד (בשלושה מקרים שונים ) עם סוכן משטרתי סמוי שימכור לו אקדחים מסוגים שונים, כאשר באחת מהעסקאות אף נמסר לסוכן תת מקלע מאולתר. בית המשפט העליון דחה את ערעורו של מוחמד וקיבל את ערעור המדינה באופן שהעמיד את עונשו מוחמד על 48 חודשי מאסר לריצוי בפועל, בעוד על ג'מאל הוטלו 38 חודשי מאסר לריצוי בפועל. במסגרת תיק פלילי 15316-10-12 מדינת ישראל נ' אחמד אבו חאדר (ניתן ביום 30.5.13) גזר בית המשפט המחוזי בירושלים על הנאשם (נאשם 2) 15 חודשי מאסר לריצוי בפועל בגין ביצועה של עבירת הניסיון לסחר בנשק לפי סעיף144 (ב2) לחוק העונשין ו-סעיף 25 לחוק העונשין. על נאשם נוסף בפרשה זו (נאשם 1) הוטלו 18 חודשי מאסר לריצוי בפועל, במסגרת הסדר טיעון סגור בעניינו. במקרה זה סוכן משטרה יצר קשר עם נאשם 1 וקשר עמו קשר לרכישת 2 אקדחים. הסוכן ושני הנאשמים נפגשו בירושלים ברכב נהוג על-ידי נאשם 1. בהוראות נאשם 1 הוציא נאשם 2 אקדח""",train
"הערכים המוגנים שנפגעו במקרה דנן הם: שמירה על שלום הציבור, שלמות הגוף והקניין וכן שמירה על הסדר הציבורי ואכיפת החוק. באשר לנסיבות הקשורות בביצוע העבירה, הרי שחלקו של הנאשם בביצוע העבירות היה מוחלט; הנזק שצפוי היה להיגרם מביצוע העבירה היה גדול נוכח העובדה כי דובר ביום הכיפורים וכי היו בני אדם רבים בכבישים, הן הולכי רגל והן רוכבי אופניים שנאלצו לסטות לצד הדרך כדי להימנע מפגיעה על ידי רכב הנאשם בהם. אציין כי אותם אזרחים ושוטרים עלולים היו להיפגע פגיעה גופנית ואף היו בסכנת חיים כתוצאה ממעשי הנאשם. כן יכול היה להגרם נזק רב לשוטרים שנטלו חלק במרדף אחר הנאשם; הנזק שנגרם בפועל לניידת המשטרה הוערך בסך של 35,065 ₪; הסיבות שהביאו את הנאשם לביצוע העבירה אינן מקלות עימו; הנאשם הבין את מעשיו ואת הפסול בהם ויכול היה להימנע מהם או מהמשכם בכל שלב. יודגש בהקשר זה כי דובר בנסיעה פרועה ומסכנת חיים של למעלה מ-7 ק\מ; הנאשם כבן 28 שנים. יצוין לקולא כי לביצוע העבירה לא קדם תכנון. במקרה שבפניי מתחם הענישה הראוי נע בין 2-5 שנות מאסר בפועל, כאשר מחד מדובר במעשים שיצרו סיכון רב אך לא הביאו בפועל לפגיעה בגוף או נפש. אציין בהקשר זה כי מרבית הפסיקה שהובאה מטעם הסניגור לא התאימה לנתוני המקרה דנן. באשר לנסיבות שאינן קשורות בביצוע העבירה אציין לקולא כי לנאשם אין עבר פלילי, אם כי לחובתו עבר תעבורתי הכולל 7 הרשעות בעבירות הבאות: נהיגה ללא חגורת בטיחות; רכב לא תקין ללא מתן הודעת אי שימוש; נהיגת רכב בהיות הנהג שיכור (אויר ינשוף); נהיגה במהירות מופרזת (26-40 קמ\""ש) בכביש לא עירוני; נהיגה תחת השפעת משקאות משכרים; עצירה על""",train
"הנאשם שלפניי הורשע בעבירות של קשר לעשות פשע, החזקת נשק ותחמושת, הובלתם ומסחר בנשק שלא כדין. אין מחלוקת בין הצדדים על כך, שמדובר 'באירוע אחד', כמשמעו של מונח זה בסעיף 40יג(א) לחוק העונשין, המחייב הטלת עונש כולל יחיד בגינו. מכאן, ראוי לפנות לקביעת מתחם העונש ההולם למעשי העבירה שבביצועם הורשע. הערך החברתי שנפגע (סעיף 40ג לחוק) בקביעת מתחם הענישה ההולם מבקש בית-המשפט ליישם את העקרון המנחה בענישה -קיומו של יחס הולם בין חומרת מעשה העבירה בנסיבותיו ומידת אשמו של הנאשם לבין מידת העונש המוטל עליו. לשם קביעת חומרת המעשה ראוי להתחשב בערך החברתי שנפגע כתוצאה מביצוע העבירה ובמידת הפגיעה בו. עבירות של החזקת נשק שלא כחוק, הובלתו שלא כחוק ומכירתו שלא כחוק, פוגעות בשורה של אינטרסים חברתיים חשובים. כידוע, כלי-נשק משמשים הן גורמים חבלניים הן גורמים פליליים בפעולותיהם הפוגעות בשלום הציבור ובביטחונו. להשגת כלי-נשק, משתמשים אותם גורמים ב'סוחרי הנשק' כספקיהם. לפיכך, יש בעבירות הנשק השונות כדי לסכן אינטרסים ציבוריים חיוניים כגון הצורך להגן על בטחון המדינה, על בטחון הציבור ועל שלומו מפני פעילויות אלימות, הנעשות תוך איום או אף שימוש בכלי-נשק חמים. הדבר נכון לגבי כלי-נשק אוטומטיים ולגבי רימונים אך גם לגבי אקדחים. אלו כמו אלו מסוכנים לציבור ועלולים להביא למוות או לפציעה. הנאשם, ביחד עם חבריו, החזיק ברשותו אקדח, מחסנית וכדורים; החבורה הובילה אותם עימה; הם רקמו עסקה למכירתו; לבסוף, הוציאו, את עסקת-המכירה לפועל. בכך פגעו הנאשם וחבריו פגיעה ממשית באינטרסים החברתיים שנמנו לעיל. מדיניות הענישה הנוהגת (סעיף 40ג') בתי המשפט ובראשם בית-המשפט העליון קבעו פעם אחר פעם, כי לנוכח הנזקים החמורים, הנובעים מהתגלגלותם של כלי-נשק לידיים בלתי-מוסמכות, עויינות או פליליות, ראוי להחמיר מאוד בענישה",train
"במקרה דנן נפגעו הערכים של שמירה על שלום ציבור ומניעת הפצת נשק בלתי חוקי שהפצתו מגבירה את הפשיעה האלימה בחברה. תפקידו של נאשם 2 היה פחות מזה באופן משמעותי של נאשם 1, והדברים עולים אף מהאישום המוגבל שהוטח כלפיו לעומת שותפו. לגבי נאשם 1 נקבע מתחם ענישה שבין 2 – 4 שנות מאסר והוטלו לבסוף 3 שנות מאסר. לגבי נאשם 2 על אף שלא היה דומיננטי בפרשה, היה עליו לדעת את הפסול במעשיו ולהימנע מהם. בגין עבירת הסיוע בה הורשע, המתחם ההולם נמצא בין 9– 24 חודשים. ביחס לנאשם 2 יש להתחשב בעובדה שמדובר באדם שחיי חיים נורמטיביים בלא מעורבות במעשים פליליים עד לפרשה הנוכחית, ובטענות המדינה בנוגע לפסיקת עונש בתחתית המתחם, ובנוסף יש להתחשב בעובדה שהנאשם הודה ולא התעקש לנהל את ההליך. למרות העדר יכולתו לקבל אחריות מלאה על מעשיו בפני שירות המבחן, המעשה הקובע הינו הודאתו בפני בית המשפט. היה מקום להטיל על הנאשם מאסר לתקופה של 12 חודשים לריצוי בפועל. ואולם, לא מצאתי סיבה שלא להתחשב בתקופות המעצר בעונש הכולל שייקבע, ומהלך זה מביא לכך שמדובר לכל היותר בתקופת מאסר של 9 חודשים. איני מתעלם מהמסקנה הסופית שבתסקיר, אך נראה לי שבנסיבות הנזק הפוטנציאלי בשליחתו למאסר של ממש גדול יותר מהתועלת וניתן להסתפק בעבודות שירות. אשר על כן, אני מטיל על הנאשם את העונשים הבאים: 9 חודשי מאסר שירוצו בעבודות שירות בהתאם לחוות דעת הממונה. 9 חודשי מאסר על תנאי למשך 3 שנים כאשר התנאי יופעל במידה והנאשם יבצע עבירות נשק או אלימות מסוג פשע.",train
"מעורבים שניים נוספים. האחד, טרם נתפס (נכון למועד פסק הדין) על ידי רשויות החוק. השני, נאשם נוסף בפרשה, הורשע גם הוא בעבירת סחר בנשק לפי סעיף 144(ב2) לחוק העונשין בגינה נגזרו עליו 20 חודשי מאסר לריצוי בפועל (במסגרת הסדר טיעון לעניין טווח הענישה המוצע ). נקבע כי, מאחר שהמערער באותה פרשה היה זה אשר הביא את הרובה וקיבל את מלוא התמורה עבורו, אזי חלקו בעסקה פעיל יותר מזה של הנאשם הנוסף, שנטל אמנם חלק פעיל בעסקה, אבל שימש למעשה כמתווך בה. בפרשה שנדונה במסגרת ע\פ 4460/11 מדינת ישראל נ' אחמד פאיד (ניתן ביום 28.11.11) הגישה המדינה ערעור על קולת העונש (16 חודשי מאסר לריצוי בפועל) שהשית בית המשפט המחוזי בנצרת על המשיב, בגין ביצוען של מספר עבירות מסוג נשיאת נשק ותחמושת שלא כדין לפי סעיף 144(א) לחוק העונשין, התשל\""ז-1977 (להלן: חוק העונשין), מספר עבירות של החזקת נשק ותחמושת שלא כדין לפי סעיף 144(ב) רישא + סיפא לחוק העונשין ועבירת יריות באזור מגורים לפי סעיף 340א לחוק העונשין. בית המשפט העליון קיבל את ערעור המדינה והעמיד את עונשו של המשיב על 24 חודשי מאסר לריצוי בפועל. במקרה זה רכש המשיב אקדח מסוג F.N ושלוש מחסניות התואמות לאקדח ובהן כדורים תואמים. המשיב באותו מקרה נשא עימו והטמין בחדרו את האקדח והתחמושת. עוד פורט כי המשיב שם החזיק בכלי נשק נוספים, ובהם: רובה אוטומטי מאולתר מסוג \""קרל גוסטב\"" ומחסנית תקינה תואמת, אקדח דמוי עט, 9 קופסאות של כדורים מסוג ו-2 קופסאות כדורים מסוג , מטען חבלה מאולתר ומחסנית ריקה. המשיב הטמין את כלי הנשק במקומות שונים בחדרו: במזוודה ליד מיטתו, מתחת למושב הכורסא בחדרו ובתוך ארון בחדרו. ביום 12.6.2010""",train
"נ' מדינת ישראל (7.3.2011)). בשקילת סוגיית העונש לעומת שיקולי שיקום יוזכר כי ניתנו הנחיות במסגרת תיקון 113 לחוק העונשין בדמות סעיפים 40ג. ו- 40ד. לחוק: (א) בית המשפט יקבע מתחם עונש הולם למעשה העבירה שביצע הנאשם בהתאם לעיקרון המנחה, ולשם כך יתחשב בערך החברתי שנפגע מביצוע העבירה, במידת הפגיעה בו, במדיניות הענישה הנהוגה ובנסיבות הקשורות בביצוע העבירה כאמור בסעיף 40ט. (ב) בתוך מתחם העונש ההולם יגזור בית המשפט את העונש המתאים לנאשם, בהתחשב בנסיבות שאינן קשורות בביצוע העבירה כאמור בסעיף 40יא, ואולם בית המשפט רשאי לחרוג ממתחם העונש ההולם בשל שיקולי שיקום או הגנה על שלום הציבור לפי הוראות סעיפים 40ד ו-40ה. (א) קבע בית המשפט את מתחם העונש ההולם בהתאם לעיקרון המנחה ומצא כי הנאשם השתקם או כי יש סיכוי של ממש שישתקם, רשאי הוא לחרוג ממתחם העונש ההולם ולקבוע את עונשו של הנאשם לפי שיקולי שיקומו, וכן להורות על נקיטת אמצעי שיקומי כלפי הנאשם, לרבות העמדתו במבחן לפי סעיפים 82 או 86 או לפי פקודת המבחן [נוסח חדש], התשכ\ט-1969. (ב) היו מעשה העבירה ומידת אשמו של הנאשם בעלי חומרה יתרה, לא יחרוג בית המשפט ממתחם העונש ההולם, כאמור בסעיף קטן (א), אף אם הנאשם השתקם או אם יש סיכוי של ממש שישתקם, אלא בנסיבות מיוחדות ויוצאות דופן, לאחר שבית המשפט שוכנע שהן גוברות על הצורך לקבוע את העונש במתחם העונש ההולם בהתאם לעיקרון המנחה, ופירט זאת בגזר הדין. הגישה המחמירה שננקטה בפסיקה וההנחיות הכלולות במסגרת התיקון האחרון של החוק, הביאו אותי למסקנה כי גם במקרה זה יש להעדיף את אינטרס הציבור באכיפה מחמירה כלפי עברייני סמים על פני האינטרס האישי של הנאשם בשיקום. באשר""",train
"לעיל אני מטיל על הנאשמים עונשים כדלקמן: 3 שנים ו- 9 חודשי מאסר בפועל בניכוי ימי מעצרו מיום 14.12.15. 12 חודשי מאסר על תנאי למשך 3 שנים מיום שחרורו שיופעלו במידה והנאשם 1 יעבור אחת העבירות בהן הורשע או עבירה אחרת מסוג פשע. פיצוי בסך 1,500 ₪ לכל קרבן באישומים 1 ו- 2 שישולם עד ליום 1.9.16. 2 שנים ושלושה חודשי מאסר בפועל בניכוי ימי מעצרו מיום 14.12.15 עד ליום 12.2.16. הנאשם הנדון יתייצב לתחילת מאסרו בבית מעצר קישון עד ליום 30.6.16 בשעה 10:00, או על פי החלטת שב\ס, כשברשותו תעודת זהות או דרכון. על הנדון לתאם את הכניסה למאסר, כולל האפשרות למיון מוקדם, עם ענף אבחון ומיון של שב\""ס, טלפונים: 08-9787377, 08-9787336. 12 חודשי מאסר על תנאי למשך 3 שנים מיום שחרורו שיופעלו במידה והנאשם 2 יעבור אחת העבירות בהן הושע או עבירה אחרת מסוג פשע.""",train
"יש לשקול לחומרא את התכנון שקדם לביצוע העבירות (סעיף 40ט.(א)(1) לחוק העונשין); במקרה זה, נהג הנאשם להתנות את יציאותיה של המתלוננת מהבית בכך שתאפשר לו לבצע בה מעשים מיניים, נהג לקחת ממנה את תיק בית הספר, כדי שלא תוכל ללכת לבית הספר ותישאר עמו בבית ונהג להביאה לבית הספר בשעה מאוחרת ולהוציאה מוקדם מהנהוג. כל אלה מלמדים כי מעשיו תוכננו כך שיוכל לבצע את זממו באין מפריע, כשהוא והמתלוננת נמצאים לבד בבית. לא ניתן להתעלם גם מן הפגיעה שפגע הנאשם באשתו, אמה של המתלוננת, אשר הינה חלשה ותלותית,שחשדה במעשיו טרם ההפלה אך ידעה עליהם לאחריה. הפגיעה הנפשית נובעת מכך שהיא יודעת מה מעולל בעלה לבתם והיא לא מסוגלת להגן עליה בשל אישיותה החלשה, אלימות וכלפיה ואיומיו. נשקול גם את חלקו הבלעדי של הנאשם בביצוע העבירות, ללא כל השפעה של אחר. (סעיף 40ט.(א)(2) לחוק העונשין). בניגוד לעמדת הסנגור, אנו סבורים כי הנאשם יכול היה להבין את אשר הוא עושה, את הפסול במעשיו ואת משמעותם, והיתה לו שליטה מלאה עליהם. אין בידינו לקבל את טענת הסנגור כי מידת אשמו של הנאשם הושפעה ממצבו הנפשי בעקבות ההפרעה הנפשית ממנה הוא סובל, הקרויהPTSD ,הפרעה בגין טראומה לאחר חבלה שנחבל בעבודתו. (סעיף 40ט.(א)(6) לחוק העונשין). לא הוצגה בפנינו כל הוכחה כי קיים קשר סיבתי בין ההפרעה ממנה סובל הנאשם לבין מעשיו באירועים מושא כתב האישום, ואף הסנגור אישר כי בנסיבות המקרה לא ניתן להוכיח קשר בין הדברים (אם כי לטענתו– אותה אין אנו מקבלים - עמדה זו נובעת מחלוף הזמן והיעדר טיפול רציף בנאשם לאורך השנים). בהיעדר כל אינדיקציה כאמור, אנו סבורים כי מצבו הנפשי אינו מהווה צידוק לקביעת מתחם ענישה",train
"הנאשם עצור מיום 6.6.21. הוא ללא עבר פלילי קודם. הערכים החברתיים שנפגעו כתוצאה ממעשי הנאשם באישום הראשון היו שמירה על כבוד האדם, שמירה על החיים ושלמות הגוף, ושמירה על שלטון החוק והסדר הציבורי. לאור אופי הפגיעות ומהות העבירות - שכללו עבירת טרור - מדובר בפגיעה קשה בערכים מוגנים. ברור לכל כי חברה מתוקנת אינה יכולה לסבול תופעות של אלימות ומעשי לינץ' כלפי אזרחים תמימים אך בשל השתייכותם הלאומית, וזאת ביתר שאת בעת תקופה של מתיחות ביטחונית. באשר לאישום השני, נפגעו הערכים החברתיים המוגנים של שמירה על הרכוש וסמלי שלטון, כאשר גם כאן הייתה פגיעה משמעותית בערכים המוגנים. באישום השלישי נפגעו הערכים של שמירה על הרכוש והביטחון. לאישום הראשון לא קדם תכנון מוקדם משמעותי ואולם מדובר באירוע כולל שנמשך מספר שעות וביחס ללינץ' - מהרגע שההמון סגר על רכבם של המתלוננים, הנאשם נטל חלק פעיל ואף פעיל ביותר במעשים. במעשיו נגרמו נזקים גופניים למתלוננת ולהוריה, וכן נזקים נפשיים כעולה מתסקיר הנפגעת שהוגש. כמו כן, נגרם נזק לרכבה של המתלוננת. יש להדגיש שלאירוע המתואר באישום הראשון היה פוטנציאל נזק גדול מעבר לנזקים שאירעו בפועל, ואף פוטנציאל לגרימת מותם של הקורבנות, כשעדותה של המתלוננת הבהירה כי אילולא הצליחה בסופו של דבר להיחלץ מידי ההמון, האירוע יכול היה בנקל להסתיים במותם של המתלוננת והוריה. לא חל סייג לאחריות והנאשם נושא באופן בלעדי באחריות למעשיו. בעניין האישומים השני והשלישי קיים רכיב גדול יותר של תכנון מוקדם כאשר אלה מהווים אירועים חמורים פחות מהאישום הראשון, במסגרתם נגרמו נזקים לרכוש בלבד (מבלי להמעיט בחומרת הדבר). לנוכח טיב האירועים ומאפייני התקיפה שבוצעה כלפי המתלוננים, בכל הקשור לאישום הראשון, אף מתקיימת הנסיבה המחמירה המנויה בסעיף",train
"נערך תסקיר על ידי שירות המבחן לפיו תואר שהנאשם בן 21, רווק, בעל השכלה של 12 שנות לימוד שטרם מעצרו עבד בתחום הבניין עם בני משפחתו. תואר שהוא הבן החמישי בין 6 ילדים. הוריו נורמטיביים, כמו שאר בני משפחתו. במסגרת מעצרו שולב בקבוצה טיפולית לעצורי בית. ביחס אליה התקבל דיווח שהוא לא שיתף פעולה באופן מתמיד, הרבה להעדר ללא סיבה מוצדקת ולא התייחס ברצינות לתהליך הקבוצתי. כמו כן התקשה לשתף מעולמו הפנימי ולהביע את עצמו והיה מופנם. צוין שאין לחובתו עבר פלילי. ביחס לעבירה צוין שהוא לא לקח אחריות ומסר שאינו חבר של השותפים ושלא הייתה לו כל מעורבות בעבירה (עמדה שחזר ממנה במהלך הדיון בבית המשפט). שירות המבחן התרשם שמדובר באדם צעיר בשלהי גיל ההתבגרות שנמצא עדיין בתהליך גיבוש זהות בעל עורף משפחתי תומך וללא רקע פלילי. נרשמה התרשמות שהנאשם עסוק ברגשות אשמה מול משפחתו ותחושה כי אכזב אותם לאור המחירים שהינם משלמים בעקבות מעצרו, מה שמקשה עליו עוד יותר להכיר בכשליו ההתנהגותיים. לאור העדר שיתוף פעולה עם השירות, לא הובאה המלצה טיפולית ונרשם שענישה הרתעתית עשויה לחדד עבורו את גבולות החוק ואחריות המעשה. הערכים החברתיים המוגנים שנפגעו היו ביטחון הציבור ושמירה על הקניין והביטחון האישי. הפגיעה בערכים אלה על ידי הנאשם במסגרת ביצוע העבירה הייתה ברמה בינונית, כיוון שלא הופעלה אלימות בסופו של עניין כלפי המתלונן. ברור שבמקרה דנן התקיים תכנון מוקדם וזאת תוך כדי תיאום בין כל המשתתפים לרבות התיאום הטלפוני השוטף. חלקו של הנאשם בביצוע העבירות לא היה דומיננטי, לעומת חלקיהם של האחרים. מתוך הפסיקה שאוזכרה, המקרים שהובאו על ידי המדינה משקפים ברובם מקרים חמורים יותר באופן כללי, בעוד שהמקרים שהובאו על",train
"ידה למרות שחלפו כחמישה חודשים מאז תחילת הטיפול. ממצאי התסקיר אינם מובילים למסקנה כי הנאשמת השתקמה או כי קיים סיכוי של ממש לשיקום. למרות חלוף הזמן, אין הנאשמת מכירה באחריותה למעשים ובחומרתם והיא מביעה עמדה קרבנית; היא מגלה יחס אמביוולנטי לטיפול ומונעת משיקולי רווח והפסד ולא מתוך הכרה בצורך לטפל בבעיית התמכרותה; קיימת עדיין רמת סיכון בינונית להישנות עבירות דומות בעתיד. העניין דנן – בייחוד לאור הפער בין ממצאי התסקיר לבין ההמלצות המקלות - מחייב אותי להעיר מספר הערות באשר ליחסה של מערכת המשפט לענישת נשים שביצעו עבירות אלימות. המשפט, ובודאי המשפט הפלילי, אמור להתייחס באופן שוויוני לגברים ונשים, הן בשלב בירור אשמתם והן בכל הנוגע לשלב הטלת העונש. ואולם, יחס שוויוני אינו אמור להיות עיוורון לשוני מגדרי אשר הינו רלוונטי לאישום או לענישה. באשר למידת האשם כבר נאמר כי \... לעתים היותה של הנאשמת אישה עשויה להיות נסיבה רלוונטית, למשל כאשר הרקע לביצוע העבירה מוסבר על רקע מגדרי ומעמד חברתי.\"" (בש\""פ 5456/08 קרן נחמני נ' מדינת ישראל (10.7.2008); ראו גם הגישה הביקורתית שהובעה בנוגע למקרים בהם נטען כי בתי המשפט בישראל נמנעו מלקחת בחשבון שיקולים מגדריים רלוונטיים בעת ענישתן של נשים: נויה רימלט, \""כאשר נשים נעשות אלימות\"", פלילים י 277 (2001)). על פניו, תיקון 113 לחוק העונשין הוא נייטרלי בענייני מגדר, הן ביחס לקביעת מתחם העונש ההולם כעולה מתוך השיקולים לקביעת המתחם המפורטים בסעיף 40ט לחוק, והן ביחס לשיקולים שיש לקחת בחשבון בגזירת העונש המתאים לפי סעיף 40יא לחוק. זאת, בעוד שמאפיינים מתחומים אחרים, כגון גיל או מצב משפחתי, מוכרים כשיקולים לגיטימיים אפשריים אשר יכולים לשמש כבסיס לאבחנה בין נאשמים (ראו סעיף 40יא(1) או (2)""",train
"הנאשם נמצא במעצר מיום 3.8.18, כאשר בין הימים 20.2.19 ולמשך חודשיים, נמצא במאסר כתוצאה מגזר דין בת\פ 69952-03-17. הערכים החברתיים שנפגעו היו שמירה על שלום הציבור וביטחונו, שלמות הגוף ושמירה על הרכוש, וכמו כן גם על הסדר הציבורי. מידת הפגיעה בערכים הייתה בינונית. חלקו היחסי של הנאשם היה משמעותי ולמעשה שווה ערך לתפקידו של הנאשם 2, וגם הוא הפעיל אלימות כלפי המתלונן כאשר אין אני מקבל את טענת הסנגור שעיקר האלימות הופעלה על ידי הנאשם 2. נגרם נזק מביצוע העבירה, ובעיקר בהלה מצד המתלונן, שהותקף באופן בלתי צפוי וללא כל התגרות מצידו ע\""י שני זרים שחלפו על פניו בשכונת מגוריו. הנאשם יכל להבין את הפסול במעשיו ולהימנע מביצוע העבירה בכל שלב. מבחינת מדיניות הענישה נראה לי שנסיבות המקרה קרובות יותר לאלה שתוארו במקרים שהובאו ע\""י הסנגור ועל כן יש לקבוע מתחם ענישה שנע בין 9-30 חודשי מאסר בפועל. מבחינת נסיבות אישיות עלה שלנאשם עבר מכביד ואולם נסיבות חייו קשות והוא אכן סובל ממחלת נפש. לקולא יש לציין את קבלת האחריות שמשתקפת בהודאת הנאשם. כמו כן יש לציין שהטיפול התרופתי אותו מקבל הנאשם נראה שמשפיע על התנהגותו והדבר ניכר גם בעת הופעותיו בבית המשפט. מכל האמור הגעתי למסקנה שיש להטיל על הנאשם עונשים כדלקמן: 18 חודשי מאסר בפועל, מהם תנוכה תקופת מעצרו החל מיום 3.8.18 ולמעט חודשיים ימים בהם היה נתון במאסר בתיק אחר. מאסר על תנאי לתקופה של 9 חודשים למשך 3 שנים, כאשר התנאי יופעל במידה והנאשם יעבור עבירת אלימות או רכוש מסוג פשע. פיצוי למתלונן בסך 2,500 ₪ שישולם עד ליום 31.12.19.""",train
"הנאשם עצור מיום 30.6.23. לנאשם עבר פלילי, כולל הרשעה משנת 2022 בגין גניבת רכב שבגינה הוטל עליו מאסר על תנאי לתקופה של 4 חודשים. אין ספק שהתקיים תכנון מוקדם משמעותי לקראת ביצוע העבירה, שכלל הכנות לביצועה וניסיון להסתיר את מבצעה. כמו כן, הנאשם נושא באחריות בלעדיות למעשיו ולא חל עליו סייג לאחריות. יש עוד לקחת בחשבון שמדובר בעבירת נשק - במקרה זה הנחת מטען חבלה, שאומנם כוון כלפי רכוש, אך כלל בחובו סיכון לפגיעה בבני אדם, כאשר הוא הונח בפתח דירת מגורים. מכל האמור הגעתי למסקנה שמתחם הענישה ההולם נע בין 30-60 חודשי מאסר. באשר לפסיקת העונש בתוך המתחם, יש לקחת בחשבון לקולא את הודאתו המהירה של הנאשם ולחומרא העובדה שאין זו הסתבכותו הראשונה עם החוק וכי קיימת מגמת החמרה בסוג העבירות המבוצעות על ידו. אשר על כן, אני מטיל על הנאשם ענישה כדלקמן: - 40 חודשי מאסר בפועל, מהם תנוכה תקופת מעצרו מיום 30.6.23; - 12 חודשי מאסר על תנאי משך 3 שנים מיום שחרורו, כאשר התנאי יופעל במידה והנאשם יבצע עבירות אלימות או נשק מסוג פשע;",train
"אלא גם שימוש בו (סעיף 40ט(א)(1) לחוק). עוד נציין כי הנאשם ביצע את עבירת האינוס תוך שימוש באלימות כל אימת שגילתה המתלוננת נימה של התנגדות והתחננה על נפשה, וזאת תוך ניצול לרעה של כוחו העודף – כל אלה הם בבחינת שיקול לחומרה בקביעת מתחם העונש ההולם (סעיף 40ט(א)(10)+(11)לחוק). כמו כן נתייחס לנזק הפיזי והנפשי שנגרם למתלוננת, שהשאיר גם את חותמו על גופה של המתלוננת וצילק את נפשה, כמתואר בתסקיר שנערך בעניינה (סעיף 40ט(א)(4) לחוק). אין אנו פוקדים על הנאשם את קשייה של המתלוננת טרם האירוע בשל מותה הטרגי של אמה לעיניה, ולא את העיבוד החלקי של האבל והסטתה מדרך הגידול שהיה צפוי לה כיתר בני גילה. אלא שאין חולק כי מעשיו הנפשעים של הנאשם לא רק שהם קשים לכל נערה בת 17, בגיל בה מעצבת היא את דרכה בחיים, אלא קשים הם שבעתיים ומועצמים על רקע עברה השביר, כך שהנזק בעניינה הוא לאין שיעור כבד ומשמעותי, כפי שתואר בתסקיר. הנאשם תקף נערה צעירה שחזרה מבילוי שהיתה בבחינת \טרף קל\"" והלב נחמץ ודואב למקרא תוצאות מעשיו הקשים גם על רקע חולשותיה החריגות, בנסיבות בהן גם עד לאירוע, החיים לא האירו לה פנים. בנוסף, יש לקחת בחשבון את העובדה כי יכול היה להיגרם למתלוננת נזק חמור יותר בשל השימוש הבלתי מבוקר של הנאשם בנשק קר, ומשום הפגיעות באזורים רגישים של הגוף בצוואר ובפנים, שרק בדרך נס לא גרמו לנזק חמור יותר של פגיעה באיבר חיוני (סעיף 40ט(א)(3) לחוק). זו אף זו, דומה כי איש לא השפיע על הנאשם לעשות את המעשים שאת משמעותם הבין ואת הפסול שבהם ידע ומשנה תוקף יש לתת לעובדה כי גם במהלך האירוע נותר""",train
"במקרה זה נפגעו הערכים החברתיים המוגנים של שמירה על שלום ציבור ומניעת הפצת נשק בלתי חוקי, תופעה אשר מגבירה את הפשיעה האלימה בחברה על כל המשתמע מכך. נתתי את דעתי לכך שמדובר בנשק התקפי ארוך מסוג M-16 ובאביזרים ותחמושת תואמת. חלקו של נאשם 1 בביצוע העבירות היה משמעותי משל נאשם 2, הוא אשר נשא והוביל את הנשק, המחסניות והתחמושת, ובנוסף נשא עימו גם אגרופן. כמו כן, עטה לידיו כפפות והיה רעול פנים. יצוין שההפרעה לשוטר כמתואר בכתב האישום אינה ברף הגבוה. מצאתי שיש מקום לקבוע מתחם אחד כולל בגין האירוע כולו. בשים לב למדיניות הענישה הנוהגת, לחלקו של נאשם 1 ולעבירות שיוחסו לו ולמידת הפגיעה בערכים החברתיים המוגנים אני קובע שמתחם העונש ההולם בעניינו של נאשם 1 נע בין 18-36 חודשי מאסר בפועל. לאור גילו הצעיר של נאשם 1, העובדה שמדובר בהסתבכותו הראשונה בפלילים, ההודאה והחיסכון בזמן השיפוטי מצאתי שיש למקם את עונשו בחלק התחתון של המתחם. אשר על כן, אני מטיל על נאשם 1 את העונשים הבאים: 18 חודשי מאסר בפועל, בניכוי ימי מעצרו מיום 1.2.2021. 9 חודשי מאסר על תנאי למשך 3 שנים כאשר התנאי יופעל במידה והנאשם יבצע עבירות נשק או אלימות מסוג פשע.",train
"הערכים המוגנים שנפגעו במעשיו של הנאשם הם שמירה על שלטון החוק וביטחון הציבור ושלומו; לאור העובדה שמדובר בעבירות נשק רמת הפגיעה בערכים המוגנים משמעותית. עם זאת, יצוין שלא היה שימוש בנשק ונראה שמטרת החזקתו הייתה הגנתית בנסיבות המקרה. מבחינת תכנון, ברור שהתקיים תכנון מסוים שהצריך את השגת הנשק ונשיאתו, לרבות כמות נכבדת של תחמושת. האחריות הבלעדית לביצוע העבירה נמצאת אצל הנאשם שהיה צריך להיות מודע לפסול במעשיו והיה צריך להימנע מהם. זאת, בייחוד על רקע ההרשעה הקודמת בעבירות נשק בגינה נשא בעונש מאסר לתקופה משמעותית. בהתחשב בצורך להחמיר את מדיניות הענישה בעבירות הנשק ונוכח הפסיקה החדשה והעדכנית בעבירות מסוג זה, ובנסיבות המקרה, הנני קובע מתחם ענישה שבין 30 – 45 חודשי מאסר בפועל. באשר לפסיקת העונש בתוך המתחם, יש מקום להתחשב לקולא בהודאת הנאשם ולקיחת אחריות מצדו ובעובדה שבשנים אחרונות לא ביצע עבירות. לכך יש להוסיף את הקושי שייגרם למשפחתו כתוצאה מהטלת תקופת מאסר עליו. לחומרא יש לקחת בחשבון את העובדה שמדובר בעבירת נשק נוספת שבוצעה לאורך חייו, וזאת למרות שנשא בעונש משמעותי בגין אותה עבירה. כמו כן, יש לקחת בחשבון את המלצת התסקיר שהמליץ על ענישה מוחשית והצורך להחמיר בענישת עבירות הנשק. מכל האמור, הנני מטיל על הנאשם עונשים כדלקמן: 36 חודשי מאסר בפועל, שמתקופה זו תנוכה תקופת מעצרו (מיום 9.3.22 ועד ליום 9.5.22); מאסר על תנאי לתקופה של 18 חודשים למשך 3 שנים, כאשר התנאי יופעל במידה ויעבור עבירות נשק או אלימות מסוג פשע; קנס בסך 5,000 ₪ לתשלום עד ליום 1.4.23. הנאשם יתייצב לתחילת ריצוי עונשו ביום 7.2.23.",train
"הערכים המוגנים שנפגעו היו הזכות לשלמות הגוף ושמירה על הסדר הציבורי ובטחון הפרט. הפגיעה בערכים הייתה ברמה בינונית לכל הפחות לאור השימוש בנשק קר. עלה שהתקיים תכנון מוקדם – לפחות לגבי הכוונה להתעמת – כאשר הנאשמים חיפשו באופן אקטיבי אחר המתלונן. חלקיהם היחסיים של כל אחד מהנאשמים משתקפים בעבירות בהן הם הורשעו. נגרם למתלונן נזק משמעותי כתוצאה מהתקיפה. הסיבות שהביאו את הנאשמים לביצוע העבירה – מעגלי אלימות מתמשכים בין המשפחות – אינם מהווים הצדקה אלא היפוכו של דבר; כל חוליה וחוליה בתוך מעגלי האלימות פסולה. הנאשמים היו צריכים להבין – למרות גילם הצעיר- שאין לבצע את העבירות ויכלו להבין זאת בעוד מועד. בנסיבות המקרה, שאין לראות אותו כמנותק משאר האירועים אשר תוארו בכתב האישום, בהתחשב בתיקונים שנערכו בכתב האישום בו הורשעו הנאשמים בסופו של עניין, מתחם הענישה ההולם נמצא בין 18-36 חודשי מאסר בפועל בקשר לנאשם 2 ובין 6-12 חודשי מאסר בפועל בעבור הנאשמים 1 ו – 3. לחומרא יש לציין את האלימות שבאירוע והנזק שנגרם למתלונן. לקולא, את ההודאה המהירה של הנאשמים אשר מבטאת קבלת אחריות מעשית על המעשים. עוד יוער כי מקובל עליי טענת הסניגור כי אין להחמיר עם הנאשמים 1 ו-3 ביחס להעדר המלצות טיפוליות בתסקירים כיוון שדבר זה הושפע מעובדת קיום הסכסוך הרחב אשר הנאשמים אינם שולטים בו או באפשרות להביאו לסיום. איני מסכים עם שירות המבחן שלא ניתן היה לתת המלצה טיפולית וניתן דגש רב מדי לפקטורים שלא קשורים לנאשמים עצמם. כמו כן, יש להתחשב לקולא בהעדר עבר פלילי אצל שני הנאשמים והעבר הפלילי המוגבל אצל נאשם 3. לא עלה כי למי מהנאשמים התנהגות עבריינית מושרשת. 8 חודשי מאסר בפועל שירוצה",train
"טיפולית מצד שירות המבחן ולהתרשמות שירות המבחן מטיב לקיחת האחריות מצד הנאשם, הממחישים לטעמי, לצד ריבוי האישומים בהם הורשע, שקיים צורך ממשי בהרתעתו האישית. באיזון בין השיקולים יש למקם את העונש בשליש התחתון של המתחם, אולם לא בחלקו הנמוך ביותר. בהתאם לכל האמור אני מטיל על הנאשם עונשים כדלקמן: 24 חודשי מאסר בפועל בניכוי ימי מעצרו מיום 23.2.2022 ועד ליום 2.5.2022, ומיום מעצרו המחודש ביום 10.4.23 ועד למועד מתן גזר הדין; מאסר על תנאי בן 12 חודשים שיופעל במידה ויעבור בתוך 3 שנים ממועד שחרורו עבירת אלימות מסוג פשע; מאסר על תנאי בן 6 חודשים שיופעל במידה ויעבור בתוך 3 שנים ממועד שחרורו עבירת אלימות מסוג עוון;",train
"אחת מהעבירות שפורטו בכתב האישום ביחס לעבירות של מעשה פזיזות ורשלנות והפרעה לשוטר בשעת מילוי תפקידו. פיצוי בסך 5,000 ₪ למתלונן שישולם עד ליום 1.9.17. פסילה בפועל מהחזקת רשיון הנהיגה מיום שחרורו למשך שנה וכן פסילה על תנאי לתקופה של שנה במשך שנתיים לאחר מכן. מאסר בפועל של 1 שנה ו- 6 חודשים ממנו תנוכה תקופת מעצרו החל מיום 25.9.16. מאסר על תנאי לתקופה של 1 שנה למשך 3 שנים מיום שחרורו שיופעל במידה והנאשם יעבור עבירת אלימות.",train
"כך תצא החברה נשכרת משיקומו של הנאשם. אשר על כן, הנני מטיל על הנאשם עונשים כדלקמן: ניתן בזה צו מבחן למשך 18 חודשים לפי סעיף 82 לחוק העונשין כאשר בתקופת המבחן ישלים הנאשם את שלבי הטיפול בקהילה. המאסר המותנה שהוטל בת\פ 25693-01-12 של 4 חודשים יוארך ל-3 שנים נוספות ויופעל במידה והנאשם יעבור כל אחת מן העבירות בהן הורשע באותו הליך. בנוסף יוטל מאסר מותנה של 9 חודשים למשך 3 שנים שיופעל במידה והנאשם יעבור עבירות אלימות או רכוש מסוג פשע. אני מטיל על הנאשם קנס בסך של 2,500 ₪ לתשלום עד ליום 1.3.17.""",train
"על הנאשם 3 מוטל קנס בסך 35,000 ₪. בנוסף, יחתמו הנאשמות על התחייבות בסך 200,000 ₪ כל אחת להמנע מביצוע כל אחת מהעבירות בהן הורשעו למשך שלוש שנים מיום מתן גזר הדין.",train
"גזר דין בת\פ 60738-07-14 כאשר השותף הורשע על פי הודייתו בשתי עבירות של קשירת קשר לפשע וסיוע לשוד והוטל עליו עונש של 14 חודשי מאסר בפועל למרות המלצה חיובית משירות המבחן להעמידו במבחן ולהטיל עליו עונש של עבודות שירות בלבד. בית המשפט ציין בין היתר שבתסקירים לא לקח השותף אחריות מלאה על מעשיו וממצא זה היווה, כפי הנראה, אחת הסיבות לדחיית ההמלצה. בנוסף, צויין שלא התקיים הליך טיפולי- שיקומי משמעותי בעניינו ואין מצבו דומה למי שכבר צעד כברת דרך ארוכה בהליך שיקומי. במקרה דנן אין מדובר בתכנית עבריינית אחת שיצאה לפועל במשך זמן (השוו עם: ע\""פ 5643/14 אחמד עיסא נ' מדינת ישראל (24.6.2015)). על פי המבחן שהותווה בע\""פ 4910/13 ג'אבר נ' מדינת ישראל (29.10.2014) מדובר באירועים שאין ביניהם קשר הדוק ועוצמת הקשר בין האירועים חלשה, אם הוא קיים בכלל. במקרה דנן נפגעו הערכים החברתיים של בטחון הציבור ושמירה על קניין. בכל אחד מן האירועים שביצע הנאשם מידת הפגיעה היתה משמעותית. קדם להם תכנון מוקדם משמעותי וחלקו של הנאשם היה דומיננטי בכולם. נגרם נזק כספי משמעותי. הסיבות שהביאו את הנאשם לבצע את העבירות היו כמובן פסולות כאשר התמכרותו להימורים ברקע, אינה מהווה נסיבה מקלה כאמור בפסיקה שאוזכרה על ידי המאשימה. הנאשם יכל להבחין בפסול במעשיו ולהפסיקם בכל שלב. מכל האמור הנני מגיע למסקנה שמתחם הענישה ההולם נמצא בין 2 עד 5 שנות מאסר לכל אחד מהאישומים. ואולם בנסיבות, השאלה המרכזית המצריכה הכרעה הינה האם יש מקום לסטות ממתחם הענישה בעקבות האמור בסעיף 40ד לחוק העונשין. במקרה דנן, לאחר שבחנתי את רצף התסקירים נראה לי שהנאשם השתקם כבר באופן חלקי ובנוסף קיים סיכוי של ממש שישתקם באופן מלא.""",train
"מדינת ישראל נ' מוחמד בדראן ואח' (5.8.2012) ת\פ 33745-12-11 מדינת ישראל נ' בדרי מודזגרישווילי ואח' (6.9.2012) ת\""פ 34031-12-11 מדינת ישראל נ' עודה (19.9.2012) ת\""פ 33820-12-11 מדינת ישראל נ' אבו עלי (11.10.12); ת\""פ 41237-01-12 מדינת ישראל נ' ג'אבר ביאטרה (14.10.12)). כמו כן, מרבית פסקי הדין אשר אוזכרו על ידי המאשימה, ובודאי אלו מהשנים האחרונות, כללו כמויות סמים גדולות בהרבה ונסיבות חמורות יותר. באשר לעברו של הנאשם, עבירתו האחרונה בתחום הסמים בוצעה בשנת 2006, בגינה הוטל עליו מאסר בפועל לתקופה של 8 חודשים. כמו כן, קודם לעבירה זאת הוא הורשע בשלושה מקרים אחרים משך השנים בעבירות סמים, כאשר רק במקרה אחד הוטל עליו עונש מאסר משמעותי. מכאן ומביצוע שתי העבירות בהן הוא הורשע, הנני מסיק כי מדובר בעבריין סמים אך לא עבריין שניתן להגדירו כלוויתן או אף כריש בתחום הסמים. הוא מצטייר כאדם הנמצא בשולי החברה אשר עוסק בסמים ונמצא אי-שם באיזור תחתית הסולם הפלילי. העבירות בהן הוא הודה נמצאות גם הן בתחום זה. לא מצאתי בתיאור נסיבות חייו סיבות מיוחדות לקולא. אולם, על פי המסמכים שהוגשו אין ספק כי הנאשם חווה תקופה קשה, פיזית ונפשית, בתקופת המעצר. כמו כן, הוא הודה ולכן לא היה צורך בניהול משפט ונחסכו על ידי כך משאבים רבים. בהתחשב בכל האמור לעיל בהתאם לסעיף 40ג לחוק העונשין, מתחם הענישה ההולם נמצא בטווח שבין 6 חודשי מאסר לבין 18 חודשי מאסר. בנסיבות המקרה הנני מטיל על הנאשם עונשים כדלקמן: עונש מאסר בפועל החופף לתקופה בה הוא נמצא במעצר, החל מיום מעצרו ביום 1.4.12 אשר מסתיימת היום, 22.10.12. מאסר על תנאי של 12 חודשים למשך שלוש שנים מיום שחרורו כאשר התנאי יופעל במידה ויעבור""",train
"של הנאשם \הערכת מסוכנות\"" ואין לחובתו עבר פלילי. בסופו של יום, סבורנו כי השיקולים השונים, ינחונו בקביעת העונש המתאים בתוך גדרי מתחם הענישה ההולם לצד שיקולי הרתעת הנאשם והרתעת הרבים מפני ביצוע עבירות נוספות (ר' סעיף 40ו. לחוק העונשין), שגם הם יובאו בחשבון בתוך מתחם העונש ההולם. (5) \""העונש המתאים\"" בתוך מתחם העונש ההולם בבואנו לשקול את הנסיבות שאינן קשורות בביצוע העבירה לצורך קביעת העונש המתאים לנאשם בתוך מתחם העונש ההולם, ניתן למנות לקולא את הודיית הנאשם שחסכה את הצורך בהעדת המתלוננת, אשר מטבע הדברים לא היה אמור להיות קל עבורה. למעשה, נימוק זה של מניעת עדות המתלוננים היה השיקול המרכזי שגרם לבית המשפט העליון בפרשת בני ג'אבר, להפחית 5 שנות מאסר מן העונש של 30 שנות מאסר בפועל שנגזר על המערער, על-ידי בית המשפט המחוזי, שביצע עבירות מין מזעזעות ומחרידות כלפי שני מתלוננים, עד כדי כך שכב' השופטת דפנה ברק ארז קבעה כי: \""... המערער נהג במתלוננים כחיית טרף ולמעשה אף גרוע מכך\"" (שם, בעמ' 40). כמו כן, הודאתו של הנאשם חסכה בזמן שיפוטי (בהקשר זה ממש לאחרונה נפסק,כי הודאה שבצידה חיסכון בזמן שיפוטי מהווה שיקול משמעותי לקולא, וככל שההודאה באה בשלב מוקדם יותר כך גדל משקלה לקולא. ע\""פ 4597/13 אנטוניו פיצו נ' מדינת ישראל [פורסם בנבו] (22.9.14); ע\""פ 8288/11 איינאו וודאג נ' מדינת ישראל [פורסם בנבו] (27.11.12, פיסקה 8); ע\""פ 122/14 דניס שוורצפל ואלכסיי קובלסקי נ' מדינת ישראל [פורסם בנבו] (7.7.14, פיסקה 19). יצוין, כי ניתן למצוא גם דעה שונה לפיה אין מקום להתחשב בשיקול של \""חיסכון בזמן שיפוטי\"" כשיקול לקולא, כך למשל במאמרם של יריבו אקיו יורם רבין \""הבניית שיקול הדעת השיפוטי בענישה;""",train
"ביטוי למעשים הפסולים שאירעו בחקירה, יתוקן העונש בהתאם ויוטלו על הנאשם העונשים כדלקמן: 2.2 שנות מאסר בפועל, בניכוי ימי מעצרו החל מיום 25.6.2018. 7 חודשי מאסר על תנאי למשך 3 שנים, שיופעלו במידה והנאשם יעבור כל אחת מהעבירות בהן הורשע או עבירת אלימות או סיכון חיים מסוג פשע.",train
"תסקיר שנערך ביום 2.9.20 תיאר את קורותיו של הנאשם שהוא בן 21 ורווק ומתגורר עם משפחתו בדיר אל אסד, ושוהה בתנאים מגבילים. משפחת מוצאו נורמטיבית, גינו ביצוע העבירה ואף הסגירו אותו למשטרה. הנאשם הביע צער על מעשיו. הוזכר ששולם פיצוי של 50,000 ₪ במסגרת סולחה. בסיכומו של עניין, עלה שהוערך סיכון להישנות עבירות ברמת סיכון נמוכה והומלץ להטיל מאסר בפועל שירוצה בעבודות שירות, שיחדד את הפסול בהתנהגותו. הוגשה בנוסף חוות דעת לעניין עבודות השירות. הנאשם עצמו הביע צער על מעשיו. כל הצתה הינה אירוע חמור ויתר על כן הצתה שמבוצעת באזור מגורים. במקרה דנן על אף פוטנציאל הנזק הגדול, ארע רק נזק מוגבל. מבחינת ערכים חברתיים, נפגעה הזכות לקניין ושמירה על שלום הציבור. אין להכחיש כי הנאשם תכנן את מעשיו והכין מבעוד מועד את חומרי הבעירה הדרושים וכן אמצעי בריחה. מכל האמור, מתחם הענישה ההולם נמצא בין שנתיים ל-4 שנות מאסר. במקרה דנן הנאשם לקח אחריות מלאה על מעשיו וממצאי התסקיר חיוביים ומצדיקים סטייה ממתחם הענישה ההולם מפאת שיקולי שיקום. אשר על כן, אני מטיל העונשים כדלקמן: 6 חודשי מאסר שירוצה בעבודות שירות, כאמור בחוות הדעת, החל מיום 7.1.21. 12 חודשי מאסר על תנאי למשך 3 שנים, כאשר התנאי יופעל במידה והנאשם יבצע עבירות רכוש או אלימות מסוג פשע. בהתאם לבקשת המדינה התנאים המגבילים יחולו עד להחלטה בנוגע להגשת ערעור ועד ל-45 ימים.",train
"הנאשם 1 העובדה, כפי שגם הצהיר ב\כ המאשימה, כי עיסא לא מעוניין וממילא לא ביקש להעיד על הנזקים שנגרמו לו במסגרת הטיעונים לעונש ולא הומצאו מסמכים רפואיים באשר למצבו הרפואי בעקבות הדקירה. לטובת הנאשם 1 יש לזקוף גם את העובדה כי העבירות נשוא האישום השלישי, כפי שתואר, בוצעו ללא תכנון מוקדם, על אף העובדה שהנאשם 1 החזיק סכין, שכן הוא חזר יחד אם הנאשם 2 לביתו של סעיד לאחר שזה האחרון התקשר אליהם והזמין אותם לשוב לביתו על מנת לברר את חשדו כי קודם לכן גנבו את ארנקו כשהתארחו אצלו ובעקבות כך התפתח עימות בין הנוכחים. מתחם הענישה ההולם לעניין העבירות שבוצעו באישום השלישי לאור הנתונים דלעיל ובהתחשב במדיניות הענישה הנהוגה נע בין 2 ל- 5 שנות מאסר בפועל. באשר לנסיבות שאינן קשורות לביצוע העבירה: לחומרה אציין את עברם הפלילי של הנאשמים ובמיוחד את עברו הפלילי המכביד של הנאשם 1. מהמרשם הפלילי בעניינו של הנאשם 1 עולה כי החל משנת 2005 לחובתו 8 הרשעות קודמות בעבירות סמים (החזקה לצריכה עצמית), אלימות, רכוש, שוד מזויין ואיומים שבגין חלקן ריצה הנאשם 1 עונשי מאסר בפועל. לחובת הנאשם 2 הרשעה אחת משנת 2006 בגין עבירות סמים (מסחר ושימוש עצמי) בגינן נידון למאסר בפועל לתקופה של שנה. כפי שתיארתי לעיל, שירות המבחן לא מצא לנכון לבוא בהמלצה לגבי הנאשמים. לא מצאתי בטיעוני ב\""כ הנאשמים הצדקה לחרוג ממסקנות שירות המבחן. לזכות הנאשמים יש לקחת בחשבון את החסכון למערכת המשפט מהודאתם והבעת החרטה ונטילת אחריות בפני בית המשפט. עוד יוסף כי הגעתי למסקנה בעניינו של נאשם 1 יש מקום להטיל עונש אחד כולל לשני האירועים כאמור בסעיף 40יג(ב) לחוק. לאור כל האמור""",train
"לקולא יצויין כי בסופו של דבר פורקו שני קרוואנים שהוצבו בשטח. ביחס ליתר הפיתוח שנעשה בקרקע, שהינה קרקע חקלאית, אודה כי קיימות עדיין מחלוקות בין הצדדים - כל אחד לפי גישתו. ב\כ המאשימה איתן בעמדתו כי היה על הנאשם להחזיר את המצב לקדמותו מעבר להריסת הקראוונים, כלל הדבר פירוק טרסות ופינוי חול מחצבה שהובא למקום. ב\""כ הנאשם טען כי את שהיה טעון פירוק, פירק (אמנם במהלך ההליך הנוכחי) וכי יתר הבניה מהווה שימוש חקלאי בשטח. שני הצדדים הסתמכו על תמונות שהוגשו. איני מקבל את גישת הנאשם בעניין זה (תמונות מ/4, מ/5, נ/1, נ/9). אמנם מן התמונות עולה כי ניתן לעשות שימוש חקלאי כלשהו בשטח, אך היקף הבניה חורג בהרבה מן המקובל לצרכים חקלאיים ונראה כי בסופו של דבר הוסרו רק האלמנטים הבנויים הבולטים והבוטים ביותר, קרי הקראוונים. שאר השטח נותר כפי שהיה ועד כה הוראות גזר הדין באישום הראשון לא מולאו במלואן. לא זו היתה כוונת בית המשפט והצווים שניתנו באשר להחזרת המצב לקדמותו. יחד עם זאת, לאור העובדה שהנאשם הודה בעבירות המיוחסות לו, יפעל דבר זה לטובתו בשיקולי הענישה. אשר על כן, הנני גוזר על הנאשם את העונשים הבאים: קנס כספי בסך 30,000 ₪ (כפל הקנס שהוטל באישום הראשון) או 90 ימי מאסר תמורתו. הקנס ישולם ב- 60 תשלומים של 500 ₪ לחודש החל מחודש אוגוסט 2005 ולאחר מכן בכל 5 לחודש עד לתשלום המלא בפועל. אי ביצוע תשלום במועד יעמיד את הקנס כולו לפירעון מידי. בהתחשב בהודאה לא יתווסף קנס יומי בגין ביצוע עבירה נמשכת. הנאשם יחתום על התחייבות כספית על סך 20,000 ש\""ח, לבל יעבור עבירות על פרק י' לחוק התכנון והבניה ב-""",train
"הערכים המוגנים שנפגעו היו ההגנה על שלום הציבור, שלימות גופו של האדם ופגיעה בשלטון החוק. מידת הפגיעה הייתה יחסית משמעותית, כיוון שמדובר בעבירות נשק. אין זה ברור שהנאשם היה שותף לתכנון מוקדם של העבירה בין היתר כיוון שהנשק לא היה ברשותו, ונראה כי תפקידו היה פחות מזה של מוחמד, כפי שהדברים גם עולים מכתב האישום המתוקן. עם זאת הנאשם היה צריך לדעת מבעוד מועד את הפסול במעשיו ולהימנע מהם. במקרה דנן, בהתחשב בנסיבות המקרה, מדיניות הענישה, והצורך להחמיר את הענישה בעבירות הנשק יש מקום לקבוע מתחם ענישה שבין 24 חודשים עד 50 חודשי מאסר בפועל. באשר לעונש בתוך המתחם, יצוין לזכותו של הנאשם שהוא הודה בביצוע העבירות לאחר תיקון כתב האישום והוא ללא עבר פלילי קודם. כמו כן, יש לציין לטובתו כי הוא בבחינת בגיר צעיר. אך מאידך יש לזקוף לחובתו את התסקיר השלילי שהתקבל בעניינו אשר מעיד על רמת מסוכנות בינונית ועל העדר מהלכי שיקום. אשר על כן, אני מטיל ענישה כדלקמן: 36 חודשי מאסר בפועל, כאשר תנוכה תקופת מעצרו מיום 7.12.21. 9 חודשי מאסר על תנאי למשך 3 שנים ממועד שחרורו שיופעלו במידה והנאשם יבצע עבירות אלימות מסוג פשע.",train
"במקרה זה נפגעו הערכים המוגנים של שמירה על הגוף והחיים. בעקבות השימוש בנשק חם והפציעה שנגרמה למתלונן ברגלו מדובר בפגיעה יחסית חמורה בערכים. התקיים תכנון מוקדם שכלל הצטיידות בנשק והמתנה לקורבן. כמו כן, נורו מספר רב של יריות. הרקע של הסכסוך בין שתי המשפחות, מהווה נסיבה לחומרה כאשר הירי בוצע על רקע זה ובוודאי רק החמיר את הסכסוך. הנאשם היה צריך להימנע מביצוע העבירה. לאור התפשטות מקרי האלימות בחברה בתקופה האחרונה, בדגש על אירועי אלימות בהם נעשה שימוש בנשק חם, קיים גם אינטרס ציבורי בהחמרת הענישה. בהתחשב בכל האמור ובמדיניות הענישה, מתחם הענישה ההולם נמצא בין 4 עד 9 שנות מאסר בפועל. באשר לעונש שיש לפסוק בתוך המתחם, יש מקום להתחשב בהודאה המוקדמת וקבלת האחריות וכן בגילו הצעיר של הנאשם שהיה מעט מעבר לסף הבגרות בעת ביצוע העבירה. מאידך, הוגש תסקיר שלילי אשר לא המליץ על שום דרך טיפולית והעריך סיכוי גבוה להישנות מקרים דומים ולא מדובר בהסתבכותו הראשונה של הנאשם עם החוק. אשר על כן, אני מטיל עונשים כדלקמן: 6 שנות מאסר בפועל, בניכוי תקופת מעצרו של הנאשם, החל מיום 18/4/20;",train
"בהתאם לכל האמור אני מטיל על הנאשם ענישה כדלקמן: מאסר בפועל למשך 20 חודשים, בניכוי ימי מעצרו מיום 12.11.2022. מאסר על תנאי בן 12 חודשים למשך 3 שנים מיום שחרורו, שיופעל במידה ויבצע עבירת אלימות או רכוש מסוג פשע.",train
"בעניין זה התסקירים מתארים נאמנה את הדרך אותה עבר הנאשם עד כה. אמנם, אין מדובר בהליך שיקום \חלק\"" אלא בדרך רצופת קשיים כאשר בחינת ההליך לאורך החודשים במהלכם הוא מתנהל, מצביעה על מגמה חיובית. יתר על כן, יצויין שמדובר בתקופה ארוכה למדי שהחלה עוד לפני למעלה משנה בינואר 2015. בנסיבות, נראה לי שיש מקום לאמץ את עמדת שירות המבחן כאשר נציגיו הספיקו כבר להכיר היטב את הנאשם. אשר על כן, הנני מטיל על הנאשם עונשים כדלקמן: צו מבחן למשך 24 חודשים בהתאם לתכנית והוראות שירות המבחן. 24 חודשי מאסר על תנאי למשך 3 שנים שיופעל במידה ויעבור עבירות רכוש או אלימות מסוג פשע. פיצוי לבנקים במלוא הסכומים שנלקחו כמפורט בכתב האישום ופיצוי לכל אחת מפקידות הבנק שפורטו באישומים בסך 1,500 ש\""ח. בהתחשב בגובה הסכום שיש להחזיר כפיצוי, על הנאשם להגיש לוח תשלומים מוצע עד ליום 30.6.16.""",train
"האירוע ועולה כי הם עדיין נמצאים בראשיתה של דרך שיקומית. גם אם אקח בחשבון תקלות ועיכובים מפאת מגפת הקורונה, תיאור מצבם אינו מוביל למסקנה כי ברור מאליו כי ניתן לקבוע כי קיימים סיכויים טובים לשיקום. בנוסף, לטעמי, תוכן התסקירים אינו מבסס כדבעי את המסקנות וההמלצות. לטובת הנאשמים עברם הנקי. כמו כן לטובתם פועלת קבלת האחריות שבהודאה ללא ניהול ההליך והבעת החרטה שנשמעה בדבריהם בדיון. אילולא דברים אלה וההמלצות החיוביות בתסקירים היה מקום לקבוע ענישה כבדה יותר מזו שתוטל מתוך המתחם שנקבע. אשר על כן, הנני מטיל על כל אחד מהנאשמים עונשים כדלקמן: 24 חודשי מאסר בניכוי ימי מעצרם. 12 חודשי מאסר על תנאי למשך 3 שנים ממועד שחרורם כאשר התנאי יופעל במידה ויבצעו עבירות אלימות מסוג פשע. פיצוי למתלונן בסך 20,000 ₪ מכל אחד מהנאשמים לתשלום עד ליום 1.7.21.",train
"הנאשם עצור מיום 5.11.19. הערכים המוגנים שנפגעו היו שמירה על הקניין ושמירה על בטחון הציבור. רמת הפגיעה הייתה משמעותית, כאשר מדובר בשוד המבוצע במהלך יום עסקים בסניף דואר, בו נכח ציבור. התבצע תכנון מוקדם וזאת בדמות הכנת הסכין והאביזרים הנוספים. לקולא יצוין שלא נעשה שימוש בסכין בפועל. הנאשם אדם בוגר והיה צריך לדעת את הפסול במעשיו והוא נושא באחריות לביצוע העבירות באופן מלא. מכל אמור, הגעתי למסקנה שמתחם הענישה ההולם נמצא בין 2 שנים ל – 4 שנות מאסר. לחומרה יש לציין את העבר הפלילי המכביד והתסקיר השלילי. לקולא יש לציין את ההודאה המהירה והמוקדמת ואת המצוקה האישית והכלכלית של הנאשם. מכל האמור הגעתי למסקנה שיש להטיל ענישה כדלקמן: 3 שנות מאסר בפועל שמתקופה זו תנוכה תקופת המעצר החל מיום 5.11.19. מאסר על תנאי לתקופה של 12 חודשים למשך 3 שנים ממועד שחרורו שיופעל במידה והנאשם יבצע עבירות אלימות או רכוש מסוג פשע.",train
"24 חודשים הבאים. ההתחייבות תיחתם עד ליום 14/7/05. בהתחשב בהודאה, לא יוטל מאסר או מאסר על תנאי. 54678313בהתחשב בעבודה שהוטל קנס משמעותי, שיש בו להרתיע את הנאשם מלבצע עבירות נוספות ואף לגרום לו לפרק את יתר האלמנטים הבנויים בשטח, מבלי שיוגש כתב אישום נוסף, החלטתי שיש מקום להפעיל את סעיף 56 לחוק העונשין, ולהאריך את התנאי שניתן בת.פ. 3868/02 לתקופה של 18 חודשים נוספים.",train
"הנאשם יליד שנת 1990, ונעצר ביום 8.9.19. לחובתו שתי הרשעות קודמות, אחת משנת 2015 בגין החזקת סכין, והשנייה משנת 2009 בגין עבירות שוד בנסיבות מחמירות, קשירת קשר, החזקת נשק ותקיפה סתם, בגינן ריצה עונש מאסר של 5 שנים. הערכים החברתיים שנפגעו היו שמירה על שלום הציבור והסדר הציבורי, כמו גם השמירה על הרכוש. מדובר בעבירה שתוכננה ברמה בסיסית, כאשר הסכין הוכנה והוחבאה מבעוד מועד בבגדיו של הנאשם והוא עוד ניגש עמה לתחנת משטרה קודם לביצוע העבירה. הסיבות שהביאו את הנאשם לביצוע העבירה היו כפי הנראה מצוקה אישית ואולם אין בכך כדי להצדיק את התנהגותו והוא היה צריך להבין את הפסול במעשיו. למען הסדר אציין, שאני מאמין לנאשם שביצע את העבירה כי היה מעוניין להיעצר ועובדה היא שלא הצליח לבצע את השוד. עם זאת, אין בכך כדי להצדיק את המעשה. בנסיבות נראה לי שמתחם הענישה ההולם נמצא בין 12 – 36 חודשי מאסר בפועל. הנאשם אכן הביע חרטה והודה בשלב מקדמי של ההליך. עם זאת, אין זו הפעם הראשונה שהוא מבצע עבירה מסוג זה. בסיכומו של דבר, הנני מטיל על הנאשם העונשים כדלקמן: 24 חודשי מאסר בפועל, שמתקופה זאת תנוכה תקופת המעצר החל מיום 8.9.2019 עד היום; 12 חודשי מאסר על תנאי למשך 3 שנים כאשר התנאי יופעל במידה והנאשם יבצע עבירות רכוש או אלימות מסוג פשע;",train
"הנאשמת הייתה נתונה במעצר בין התאריכים 26.06.21-03.10.21. מיום 03.10.21 ועד ליום 19.03.22 הנאשמת שהתה בתנאי קהילה סגורה אולם נפלטה מהטיפול בעקבות שימוש בסם, לאחריו הסגירה את עצמה למשטרה. החל מיום 19.06.22 ועד היום הנאשמת שוהה במעצר. הערכים המוגנים שנפגעו כתוצאה ממעשיה של הנאשמת הם שלמות הגוף, הביטחון, שלוות נפש וגופו של האדם. נוכח טיב האירוע וסוג הפגיעות שנגרמו למתלוננת, מדובר בפגיעה משמעותית. באשר לנסיבות הקשורות בביצוע העבירה, נתתי משקל לעובדה שמדובר בתקיפה שבוצעה באמצעות נשק קר, למספר הבלתי מבוטל של הדקירות שספגה המתלוננת מידי הנאשמת ולמיקומן. יש לשים לב כי פוטנציאל הנזק במקרה זה היה רב בשים לב למיקום של אחת הדקירות בצווארה של המתלוננת. מדובר בתקיפה אשר אירעה על רקע ויכוח שפרץ בין הנאשמת למתלוננת לאחר ששתיהן צרכו יחד סמים. חלקה של הנאשמת בביצועה העבירה הוא בלעדי. לקולא נתתי משקל לכך שהנאשמת הזעיקה עזרה רפואית לאחר האירוע. נוכח האמור, ובהתאם למדיניות הענישה הנוהגת כעולה מהפסיקה שהגישו הצדדים, אני קובע כי מתחם הענישה ההולם נע בין 2-4 שנות מאסר בפועל. בכל הנוגע לגזירת עונשה של הנאשמת בתוך מתחם העונש ההולם, מדובר בנאשמת שלחובתה הרשעה קודמת אחת בעבירת אלימות. כמו כן, למרבה הצער הנאשמת לא הצליחה לשמור על ניקיון מסמים ולדבוק בתוכנית הטיפולית אליה הופנתה במסגרת הקהילה הטיפולית אליה שוחררה במסגרת הליך המעצר, כך שלא ניתן להגיד שמדובר בנאשמת שעברה הליך שיקומי או שיש צפי ברור לשיקומה ושמירת ניקיונה מסמים. לקולא, נתתי משקל להודאתה של הנאשמת, לקיחת האחריות מצידה והחיסכון בזמן שיפוטי. כמו כן, שקלתי את נסיבות חייה של הנאשמת וכן את מצבה הבריאותי. בהתאם לאמור מצאתי למקם את עונשה של הנאשמת בחלקו האמצעי-תחתון של המתחם שנקבע.",train
"מבחינת ההבחנה בין הנאשמים, וכפי שנקבע בהכרעת הדין, לנאשם 1 (משה בזק) יש לייחס את התפקיד הדומיננטי במהלך האירועים נשוא כתב האישום. הוא זה שהיה מעורב בתחילת התקרית עם המתלונן (מבלי לקבוע מי יזם את התקרית מלכתחילה). ביוזמתו הגיעו הנאשמים הנוספים, שהם בניו (ואדם נוסף שזהותו לא התבררה), לתוך התקרית. ברור מתוך הדברים שנקבעו בהכרעת הדין כי הבנים פעלו בעקבות אביהם. אין בכך כדי לפטור אותם מאחריות בהיותם בוגרים אך יש בכל זאת מקום לאבחן בין מעשי האב לבין מעשי הבנים בשלב הענישה. במקרה דינן נפגעו הערכים החברתיים של שמירה על שלמות הגוף, בטחון הציבור ובטחון הפרט, כאשר הפגיעה היתה במידה בינונית. אין צורך לחזור על החומרה שיש בהפעלת אלימות במקומות ציבוריים או ציבוריים למחצה כגון מכוני כושר. אמנם, כפי הנראה, נפל סכסוך בין הנאשם 1 לבין המתלונן על דבר מה פעוט (במקרה זה העברת ערוץ בטלוויזיה), אך ברור שאין בכך להצדיק ולו ברמז החלטת הנאשם 1 להביא את בניו והחלטת כל הנאשמים (יחד עם האדם הנוסף) לתקוף את המתלונן. מדובר כמובן באירוע אחד המצדיק קביעת מתחם אחד לכל העבירות. על בסיס נסיבות האירוע, לגבי הנאשם 1, בשונה מהנאשמים האחרים, בוצע תכנון מוקדם ביחס לתקיפה, או לכל הפחות יותר תכנון מאשר אצל הנאשמים 2 ו-3. חלקם היחסי של הנאשמים בתקיפה עצמה אינו ניתן להפרדה בצורה חדה וכל אחד מהם נושא באחריות שווה לתוצאה הכללית. עם זאת, כפי שצויין לעיל נותר הרושם שהנאשם 1 הוביל את העניינים. נגרם נזק בפועל למתלונן שכלל שברים בפניו, כאשר בעניין זה יצויין שנכונה טענת הסניגורים שלא נגרם נזק פיזי צמית למתלונן. עם זאת נטענו טענות לנזקים נפשיים. הסיבות שהביאו את הנאשמים",train
"לחובת נאשם 1 יש 10 הרשעות קודמות בגין עבירות נשק, עבירות כלפי שוטרים, עבירות אלימות עבירות סמים ועבירת החזקת סכין. כמו כן לחובתו שתי קביעות לפיהן ביצע חבלה כאשר העבריין מזויין, שבל\ר, תקיפה הגורמת חבלה של ממש ונהיגה ללא רישיון. הנאשם 1 ריצה 3 מאסרים בעברו. לחובתו של הנאשם 2 ארבע הרשעות קודמות בגין החזקת סמים לשימוש עצמי והעדר משירות. כמו כן לחובתו קביעה לפיה ביצע עבירה של החזקת סכין. צויין שהנאשם 1 בן 31, מכור לסמים (הוא טען שהוא נקי מזה שנתיים וחצי) נשוי בשנית ואב לארבעה ילדים צעירים, חלקם מנישואין קודמים כאשר אשתו הנוכחית בהריון מתקדם. משפחת מוצאו נורמטיבית. הוא החל להשתמש בסמים מגיל צעיר והתחבר לחברה שולית. תוארה ההיסטוריה העבריינית שצויינה לעיל. באשר לעבירות הנוכחיות צויין שהוא מקבל אחריות חלקית כאשר באותו יום השתמש בסם מסוג \""נייס גיי\"" ושתה אלכוהול וייחס התנהלותו ואובדן השליטה לשימוש בחומרים. הוא הכחיש את המיוחס לו באשר לניסיון השוד. נטען שמדובר ביחס פוגעני מצד גורמי החוק כלפיו. שירות המבחן התרשם שהנאשם מתקשה לבחון דפוסי התנהגותו המאופיינים בהרס עצמי ונוטה להשליך נסיבות התנהלותו על התמכרות לסמים וחיבור לגורמים שליליים. הוא שלל נזקקות טיפולית לנושא הסמים. שירות המבחן לא נתן אמון בדיווחים בנוגע להעדר שימוש בסמים בתקופה האחרונה והעריך שללא הליך טיפולי אינטנסיבי הן באשר לשימוש בחומרים והן באשר לאלימות, כי קיים סיכון גבוה להישנות עבירות בעתיד ולא הובאה המלצה טיפולית בהתחשב בהעדר חיבור לקיום נזקקות טיפולית. הומלץ להמליץ בפני שב\""ס לבחון צרכים טיפוליים. תוארו קורות חייו של הנאשם 2 שהוא בן 27, רווק, ועבד טרם מעצרו באולם אירועים. הוא עלה לישראל בשנת 1997. משפחת מוצאו נורמטיבית. תואר שירות צבאי""",train
"בית-המשפט לאשר ולכבד הסדרי טיעון בשל הטעמים הקשורים בחשיבותם ובמעמדם של הסדרים אלו (ראו, למשל, ע\פ 1958/98 פלוני נ' מדינת ישראל, פ\""ד נז(1) 577 (2002)). באשר לפיצויים לנפגעי העבירה, לאחר ששקלנו את טיעוני באת כח המאשימה ובראי האמור בתסקירים בעניינם של נפגעי העבירה, כמפורט לעיל, אנו סבורים כי לאור הנזקים הרבים שנגרמו, ראוי לפצותם גם במסגרת ההליך הפלילי, ובסכומים משמעותיים. אשר על כן, אנו גוזרים את דינו של הנאשם כדלהלן: 25 שנות מאסר בפועל. ולצורך מניין תקופת המאסר תימנה תקופת שהייתו של הנאשם במעצר מיום 11/10/2015. מאסר על תנאי למשך שנתיים, לבל יעבור עבירת אלימות מסוג פשע במשך שלוש שנים, ויורשע בגינה. מאסר על תנאי למשך שנה, לבל יעבור במשך שלוש שנים עבירה לפי סעיף 144 ו- 186(א) לחוק העונשין, ויורשע בגינה. פיצוי נפגעי העבירה בסכומים הבאים: לחיילת א' סך של 150,000 ₪; לחייל נ' סך של 80,000 ₪; לקטינה ל' סך של 70,000 ₪ ; לאזרח ע' סך של 40,000 ₪. הסכומים הנ\""ל יופקדו בגזברות בית המשפט לטובת קרבנות נפגעי העבירה על פי פרטים שימסרו על ידי באת כח המאשימה עד לא יאוחר מיום 01/09/2016.""",train
"8. ראשית, עיינתי בגזר הדין שהוגש על ידי המדינה במסגרת הטיעונים בתמיכה לעמדתה (ת\פ 29719-04-10 מדינת ישראל נ' שהאב ואח' (20.2.11)). יוער כי אמנם קיים דמיון מסויים בין המקרים אולם מתיאור הדברים נראה כי המתלונן במקרה דנן סבל מפגיעות חמורות פחות. כמו כן, הנאשם בפניי צעיר יותר. לכך יש להוסיף גם את ההערכה השונה של שירות המבחן כאן לעומת המקרה באותו פסק דין. 9. לחומרה יצויין כי תקיפת המתלונן לא לוותה בהתגרות אמיתית מצידו וכי המעשה תוכנן מראש. בנוסף, יצויין כי מדובר בתקיפה ברוטלית אשר הופסקה תודות לאדם זר שהתערב במעשה, אחרת ייתכן ותוצאותיה היו חמורות יותר. על אף שתפקידו של הנאשם בפניי לא היה דומיננטי, הוא נטל חלק פעיל באירוע, ואף חזר לזירה לאחר שהזיז את רכבו של המתלונן מהמקום. 10. לקולא יצויינו: עברו הנקי של הנאשם, גילו הצעיר, והעובדה כי טרם הסתבכותו הוא ניהל חיים נורמטיביים, עבד למחייתו ולא נתגלו דפוסים עברייניים או אלימים בהתנהלותו. בנוסף, על פניו ברור כי חלקו בתקיפה היה משני, הן בתכנון והן בביצוע וכי עיקר הנזק למתלונן נגרם על ידי הנאשם 1. באשר להודאתו של הנאשם 2, הנני מקבלה כמלאה ונראה לי כי אכן הנאשם מצטער שהסתבך במקרה. 11. המלצתו של שירות המבחן מהווה שיקול אחד בתוך מנין השיקולים שיש לקחת בחשבון במסגרת קביעת העונש (רע\""פ 9250/08 מרקו נ' מדינת ישראל (19.11.2008). יחד עם זאת, במקרה דנן, נראה לי כי יש מקום לאמץ את עמדת שירות המבחן אשר שיקללה את הנתונים הרלוונטיים. אין אני מקבל את טענת המדינה כי גירסת הנאשם היתה שונה באופן מהותי בפני שירות המבחן לעומת הגירסה בה הודה בהליך ונראה לי כי הודאתו היתה שלימה""",train
"הערכים החברתיים המוגנים שנפגעו הם שמירה על שלום הציבור ובטחונו. הפגיעה היתה ברמה בינונית כאשר הנאשם גם לא היווה את הדמות העיקרית בפעולות שתוארו בכתב האישום. מובהר גם שמדובר באירוע אחד על פי תיאור הנסיבות בכתב האישום המתוקן. לא נראה כי הנאשם היה זה שתכנן את ביצוע העבירות המיוחסות וחלקו היחסי בהן היה פחות מחלקו של קרוב משפחתו. יחד עם זאת, היות שמדובר בעבירות נשק, היה צפוי להגרם נזק משמעותי והנאשם יכל להבין את הפסול במעשיו ולהמנע מביצוע העבירות. מכל האמור הגעתי למסקנה שמתחם העונש ההולם נמצא בין 9 חודשי מאסר בפועל עד 3 שנות מאסר בפועל במקרה דנן. באשר לעונש המתאים בתוך המתחם, לחומרה, העובדה שהסתבכויותיו הקודמות של הנאשם עם החוק לא מנעו את הסתבכותו הנוכחית. מאידך, לקולא תצויין העובדה שהוא הודה ולא ניהל את משפטו וקיבל אחריות על מעשיו. יוזכר שמדובר באדם צעיר שאין לחובתו עבר פלילי מכביד. מכל האמור לעיל אני משית על הנאשם עונש כדלקמן: 12 חודשי מאסר בפועל מהם תנוכה תקופת מעצרו מיום 24.4.16 עד 22.6.16. הנאשם הנדון יתייצב למאסרו בבית מעצר קישון עד ליום 27.11.16 בשעה 10:00, או על פי החלטת שב\ס, כשברשותו תעודת זהות או דרכון. על הנדון לתאם את הכניסה למאסר, כולל האפשרות למיון מוקדם, עם ענף אבחון ומיון של שב\""ס, טלפונים: 08-9787377, 08-9787336. 9 חודשי מאסר על תנאי למשך 3 שנים מיום שחרורו שיופעל במידה והנאשם יעבור עבירות נשק מסוג פשע.""",train
"לא היה חמור. הסיבות שהביאו את הנאשם לביצוע העבירה היו כמובן פסולות. מדובר בשני אירועים נפרדים. במקרה דנן מתחם הענישה ההולם בגין אירוע השוד נמצא בטווח שבין 2 – 5 שנות מאסר בפועל כאשר אין מנוס מלייחס חומרה מיוחדת לכך שהעבירה בוצעה כלפי קשישה בביתה. אמנם לא הופעלה אלימות קשה אך אין בכך כדי להפחית מחומרת הנסיבות האחרות. ביחס לעבירת האיומים, מתחם הענישה ההולם נמצא בין חודשיים עד 8 חודשי מאסר בפועל. במקרה דנן לא מצאתי טעם לגזור עונש נפרד בגין האירועים השונים אלא עונש כולל בגין כל הפרשה. לנאשם עבר פלילי משמעותי הפועל לחובתו במגוון רחב של עבירות. עם זאת, לקולא תצויין לקיחת האחריות והנסיבות האישיות של הנאשם לרבות העובדות שעלו במסגרת הטיעונים לעונש באשר למצוקה בה הוא נמצא בעת ביצוע העבירות. באשר למאסר על תנאי מההליכים הקודמים – אכן הוסכם ששני המאסרים המותנים בני 3 ו- 4 חודשים מת\פ 22491-09-13 ות\""פ 51626-02-14 יופעלו בחופף. המדינה ביקשה להפעיל במצטבר את המאסר על תנאי של ה- 8 חודשים והסניגור טען מנגד שאין להפעיל כלל תקופה זו במקרה דנן או לחלופין שיש להפעילו בחופף לכל עונש שיוטל. בעיניי, במקרה דנן אין ספק כי מדובר בעבירת אלימות המצדיקה הפעלת התנאי ואולם, בשקלול כלל הנסיבות נראה לי שיש להפעיל את המאסר על תנאי מחצית בחופף ומחצית במצטבר לכל עונש שיוטל כאן. כתוצאה מכל האמור לעיל הנני מטיל על הנאשם עונשים כדלקמן: 5 שנות מאסר בפועל כאשר מתקופה זו תנוכה תקופת מעצרו החל מיום 8.2.2016. 9 חודשי מאסר על תנאי למשך 3 שנים מיום שחרורו שיופעל במידה והנאשם יעבור עבירת אלימות או רכוש מסוג פשע. 3 חודשי מאסר על תנאי""",train
"נפגעו הערכים המוגנים של שמירה על שלום הציבור והגנה על הקניין. מחד, לא ניתן לומר כי עולה שהיה רכיב תכנון רציני בעבירות ואולם שני האישומים מצביעים על דפוס חזרתי של התנהגות פסולה והכנה מסויימת. הנאשם נושא באחריות בלעדית למעשיו והיה דומיננטי באירוע הראשון ולבד באירוע השני. לקולא יש לציין שלא נעשה שימוש בחפץ (כאשר עולה שאלה עד כמה מדובר בכלי תקיפה בכל מקרה). באשר לשאלה אם מדובר במקרה אחד או שניים, אומנם שני המקרים בוצעו באותה תחנת דלק, ברם, בפער זמנים של יומיים ופעם אחת עם שותף ופעם אחת בלעדיו. במאזן הכולל דומני כי מדובר בשני אירועים נפרדים שהקשר היחיד והמשמעותי ביניהם הינו גיאוגרפי ושיטת פעולה אך אין בכך כדי להכריע שמדובר באירוע אחד. מכל האמור הגעתי למסקנה שמתחם הענישה ההולם בגין כל אחד מהמקרים נע בין 20 – 45 חודשי מאסר בפועל. שני המקרים אינם שייכים לקטגוריה החמורה של עבירות השוד היות ולא הופעלה אלימות מהותית באף אחד מהם. יצוין שהנאשם הגיש מסמכים המצביעים על כך שבתקופת מעצרו המשיך בטיפול בבעיית ההתמכרות ממנה הוא סובל (ראו מכתב מקצינת אסירים בצלמות מיום 6.8.20). שוכנעתי כי במקרה זה הנאשם נוקט פעולות משמעותיות – לרבות טרם מעצרו – על מנת להתנתק מעולם הסמים ושיקול זה מהווה אחד השיקולים בגזירת העונש. מכל האמור הגעתי למסקנה שיש להטיל עונשים כדלקמן: מאסר בפועל לתקופה של 30 חודשים, ממנו תנוכה תקופת מעצרו החל מיום 13.4.20. מאסר על תנאי של 9 חודשים משך 3 שנים ממועד שחרורו כאשר התנאי יופעל במידה והנאשם יעבור עבירת אלימות או רכוש מסוג פשע; המאסרים על תנאי התלויים ועומדים כנגד הנאשם בת\פ 50227-09-17 בו נידון הנאשם ל-10 חודשים""",train
"הערכים המוגנים שנפגעו היו ההגנה על שלום הציבור ושלמות גופו. מידת הפגיעה הייתה יחסית משמעותית, כיוון שמדובר בעבירות נשק. אין זה ברור שנאשם 1 היה שותף לתכנון מוקדם, כאשר נאשם 2 היה זה שהוביל את המהלכים, כפי שצוין בגזר דינו של נאשם 2, תפקידו של נאשם 1 היה פחות באופן משמעותי מזה של נאשם 2, כפי שהדברים גם עולים מכתב האישום המתוקן. עם זאת הנאשם היה צריך לדעת מבעוד מועד את הפסול במעשיו ולהימנע מהם. כפי שנקבע בעניינו של נאשם 2 מתחם הענישה הוא בין 2- עד 5 שנות מאסר. במקרה דנן יש מקום לקבוע מתחם ענישה שבין 12 חודשים עד 36 חודשי מאסר בפועל. באשר לעונש בתוך המתחם, יצוין לזכותו של הנאשם שהוא הודה בביצוע העבירות לאחר תיקון כתב האישום והוא ללא עבר פלילי קודם. כמו כן בכל הקשור להערות השליליות בנוגע לקבלת אחריות מלאה שצוינו בתסקיר, הנני מקבל את עמדת הסנגור ונראה שהמסקנה נובעת מהנסיבות הספציפיות של פעילותו של נאשם 1 במסגרת כתב האישום ולא מתוך ניסיון להתחמק מהאחריות ואין מקום להחמיר איתו. אשר על כן, אני מטיל ענישה כדלקמן: 14 חודשי מאסר בפועל, כאשר תנוכה תקופת המעצר שבין 23.2.20 ל-4.7.20. יצוין עוד שבפסיקת העונש התחשבתי בתקופת המאסר באיזוק אלקטרוני. הנאשם יתחיל לרצות את עונשו ביום 3.12.20 עד השעה 12:00.",train
"כפי שנקבע בגזר הדין, מדובר במקרה חריג בחומרתו לאור סוג החומרים אשר זרמו לרשות הרבים, לניקוז העירוני ולים. העובדה שהחזקת החומרים האמורים מותרת רק על פי היתר רעלים הניתן בהתאם לחוק החמרים המסוכנים, התשנ\ג-1993, ובכפוף לו מצביעה על כך כי קיימת חובה מוגברת לשמור מפני הסיכון של פיזורם בסביבה. יחד עם זאת, על אף הרעילות הגבוהה של החומרים, חובה להתייחס לעובדות הספציפיות של המקרה ולא להיתפס להעדר איזון מפאת טענות שאינן מעוגנות בעובדות ביחס להטלת העונש. ראשית, האירוע הראשון היה חמור בהרבה מהאירוע השני והשלישי (אשר יוזכר כי בגין האחרון לא הורשעו הנאשמים כיוון שמדובר בזוטי דברים). באירוע הראשון חומר מסוכן הוזרם מהמפעל בכמות מספקת כדי לזרום לאורך מספר מאות מטרים של הניקוז העירוני וליצור כתם הנראה בבירור לעין בים. בנוסף, נאשם 3 סירב תחילה להגיע למקום, דבר שהקשה על חקירת האירוע ועמידה על מידת מסוכנותו. לעומת זאת, באירוע השני היה מדובר בפרץ רגעי של חומר שזוהה מיד וטופל. על כן, אין מקום לגזור דין זהה ביחס לשני האירועים. שנית, גם ביחס לאירוע הראשון, לא הובאו ראיות אודות היקף הנזק שנגרם לים או אף כמות החומר המדוייקת, או המשוערת, שהוזרמה וההשלכות הספציפיות של הזרמתו לים. היה על המדינה להביא ראיות בעניינים אלו ואי-הבאתן מפחיתה מהאפשרות ליתן התייחסות ספציפית לחלק מהחומרה הנטענת ביחס למקרה. אין מקום לאמץ את טענות הנאשמים שמדובר בתקלה גרידא, אשר עוד הסבה להם הפסדים כספיים ולא היוותה החצנת עלויות פעילותם על הציבור. הנאשמים הינם הגורם האחראי, בסופו של עניין, להבטיח כי החומרים המסוכנים הנמצאים ברשותם יישמרו בצורה בטוחה ובאופן שאינו מאיים על הסביבה. לצורך זה הוקמו על ידם אמצעי בטיחות שונים, אשר במקרים""",train
"חומרתן של עבירות הנשק רבה היא והסיכון הנשקף מהן לחברה הוא עצום. למרבה הצער, אנו חיים בתקופה בה מתרחשים אירועי ירי חדשות לבקרים, אשר לא אחת מסתיימים בפגיעות ברכוש, בגוף ואף בגדיעת חיי אדם. רבות נכתב על הצורך במדיניות ענישה מחמירה ובלתי מתפשרת בעבירות אלה, אשר צריכה לשקף את החומרה הרבה שבצידן. לצד דברים אלה, אין לשכוח כי הענישה היא אינדיבידואלית ועל בית המשפט מוטלת החובה \לתפור\"" בכל מקרה ומקרה חליפת ענישה התואמת את נסיבות העניין ואת מידותיו של הנאשם הספציפי. במקרה זה מעשיו של הנאשם פגעו הערכים החברתיים המוגנים של בטחון הפרט והציבור והשמירה על הסדר הציבורי. בנסיבות ביצוע העבירות, ובהינתן העובדה שנאשם 1 נשא והוביל נשק שנעשה בו שימוש זמן קצר לפני כן (גם אם לא בידיו וללא גרימת נזק בפועל) מידת הפגיעה בערכים האמורים הייתה בינונית. בנסיבות המקרה נראה כי נאשם 1 לא היה מעורב בתכנון מוקדם של האירוע וחלקו באירועי המתואר בכתב האישום אינו דומיננטי – כאשר האחר הוא זה אשר יצא מהרכב ופתח בירי. זאת ועוד, שקלתי את העובדה כי בסופו של דבר לא נגרם נזק כתוצאה מהירי שביצע האחר. עוד יש לתת משקל לעקרון אחידות הענישה, המחייב שמירה על יחס מידתי בין עונשים הנגזרים על נאשמים שהואשמו באותן העבירות (ע\""פ 1261/15 מדינת ישראל נ' יוסף דלאל (נבו 03.09.2015)). בשים לב כי לנאשם 2 יוחסה עבירת סיוע בלבד, ובהינתן העובדה כי לפי כתב האישום נאשם 2 פעל להפסקת הירי על ידי האחר, ובהתחשב בעונש שנגזר על נאשם 2, בין היתר נוכח עמדת המאשימה, בנסיבות המקרה הספציפי יש לקבוע מתחם ענישה הנמצא בין 14 ל- 28 חודשי מאסר בפועל. באשר לגזרת עונשו""",train
"בה הורשע (סיוע לחבלה חמורה בנסיבות מחמירות והחזקת סכין, או כל מעשה אלימות שהעונש הקבוע בצידו הוא 3 שנות מאסר ויותר). קביעה זו ברורה ואין ספק שהעבירה הכלולה בכתב האישום השני שבפניי נמנית עם העבירות שעל פיהן יופעל התנאי. לאור צירוף כתבי האישום ואיחוד הדיון בהם בפניי, ובהתחשב בכלל הנתונים במקרה זה יש מקום להורות על עונש אחד כולל לשני האירועים בהתאם לסעיף 40יג(ב) לחוק. כתוצאה מכל האמור הגעתי למסקנה שיש להטיל על הנאשם ענישה קונקרטית אשר תבהיר את הפסול במעשיו –ענישה שהינה חמורה באופן משמעותי מזה שנשא בעבר, הלוקחת בחשבון את ההחמרה בהתנהגותו – ועם זאת לא ענישה לתקופה כה ארוכה שיהיה בה כדי לקבע בו נורמות של חברה עבריינית ושתמנע אפשרות של חזרתו לחיים נורמטיביים בעתיד. לאור כל האמור לעיל אני משית על הנאשם את העונשים כדלקמן: 36 חודשי מאסר בפועל כאשר מתקופה זו ינוכו תקופות מעצרו כדלקמן: מיום 14.9.14 עד 15.12.14 ומיום 12.1.16 ועד היום. מאסר על תנאי של 9 חודשים למשך 3 שנים מיום שחרורו כאשר המאסר על תנאי יופעל במידה ויעבור עבירת אלימות מסוג פשע או העבירות בהן הורשע בהליך הנוכחי. קנס בסך 5,000 ₪ לתשלום עד ליום 1.9.16. פיצוי בסך 1,000 ₪ לכל אחד מארבעת המתלוננים בכתב האישום השני. המאסר על תנאי מת\פ 13263-05-11 יופעל כדלקמן: 9 חודשים במצטבר ו-9 חודשים בחופף.""",train
"בתסקיר תואר כי הנאשם 1 כיום בן 25 ומאורס מחודש אוקטובר 2013 ואמור להתחתן ביולי 2015, עובד כעצמאי בחנות לממכר מוצרי טבק. משפחתו נורמטיבית. שירות המבחן התרשם כי הנאשם 1 לקח אחריות על העבירה (אך שלל שימוש באגרופן). שירות המבחן העריך כי מדובר באדם שמנהל חיים נורמטיביים ללא דפוסים עבריינים וללא עבר פלילי נוסף, טרם ביצוע העבירה או אחריו. כמו כן לא התרשמו מקיום איפיונים אלימים באישיותו וכי הוא מבין את חומרת מעשיו. הוערך כי קיים סיכון ברמה נמוכה לחזרה על עבירות דומות בעתיד. באשר להמלצות, נרשם כי יש מקום לשקול הטלת מאסר מותנה, קנס ופיצוי למתלונן. מבחינת פסיקה המדינה איזכרה ע\פ 4173/07 פלוני נ' מדינת ישראל (16.8.07). באותו מקרה, במסגרת הסדר טיעון הודו שני נאשמים בעבירות אלימות שכללו דקירות וחבלות והורשעו בסעיף 333 בצירוף סעיף 335(א)(2) לחוק העונשין, סעיף 186 וסעיף 191 לחוק כאשר רק אחד מן הנאשמים ביצע את הדקירה בפועל. על הנאשם שלא דקר נגזר מאסר לריצוי בעבודות שירות בן 6 חודשים ועל הנאשם הדוקר נגזר מאסר בפועל לתקופה של 11 חודשים. שני הצדדים ערערו ובית המשפט העליון הפנה לתופעת האלימות הפושה בחברה הישראלית ותפקידו של בית המשפט בהטלת עונשים מרתיעים וציין שמדובר באירוע חמור במיוחד שהתפתח על רקע משחק כדורגל. ערעור המדינה התקבל ביחס לנאשם שעליו הוטלו עבודות השירות ונקבע שירצה מאסר בפועל בן 9 חודשים. בע\""פ 3562/05 פלוני נ' מדינת ישראל (20.7.05), כתב אישום כלל עבירות של חבלה בנסיבות מחמירות לפי סעיפים 333 יחד עם 335(א)(2) לחוק העונשין וסחיטה באיומים, סחיטה בכוח ותקיפה סתם. לחלק משלושת הנאשמים יוחסו העבירות החמורות ולחלק העבירות הקלות יותר. הוגשו תסקירים חיוביים. בית משפט קמא לא""",train
"בעבירות שיוחסו להם, מצב אשר הקשה עליהם עוד יותר. גם נתונים אלו יש לקחת בחשבון בפסיקת העונש. ביחס לנאשם 2 הסכימו הצדדים לגבי העונש המתאים בגין אי-מניעת פשע. אשר על כן, הנני מטיל עליו עונש מאסר בפועל החופף את התקופה בה הוא נמצא במעצר, מיום 7.12.11 ועד ליום 1.7.12. כמו כן, הנני מטיל עליו עונש מאסר על תנאי של 3 חודשים למשך 3 שנים מיום שחרורו, פן יעבור עבירה של אי-מניעת פשע בתקופה זו. ביחס לנאשם 1 יש מקום לקחת בחשבון את האופן בו נעשתה העסקה וחלקו בה. על אף שהעסקה נערכה לבסוף בין \קונה מרצון למוכר מרצון\"", בתיווך הנאשם 1, הוא לא יזם אותה, ולא היה להוט לבצעה, אלא נענה לחיזוריו והפצרותיו של הטבח. אין מקום לקבל את הטענה שכביכול הוא ביצע את התיווך מתוך תחושת איום, שהרי הדבר לא הוכח ובודאי שלא הוכח כי מדובר בסיטואציה של שידול (ע\""פ 6097/98 ויקטור דיין נ' מדינת ישראל (24.6.99)). מאידך, אין מחלוקת שלא קיבל תמורה ואין מחלוקת שנדרשו כמה וכמה שיחות מקדימות כדי לגרום לו לקדם את העסקה. הנתון המהותי הינו כי בסופו של עניין התקיימה עסקה בתיווכו, ואולם צדק הסניגור כאשר טען כי מדובר בתיווך במדרג נמוך יחסית. תיווך אינו נסיבה מקילה (עפ\""ג 37624-04-11 גטה מלסה נ' מדינת ישראל (5.7.2011); ע\""פ 3820/09 מדינת ישראל נ' חיים אוחיון (6.9.09)). ואולם, בנסיבות הספציפיות של המקרה מדובר בתיווך ברמה לא גבוהה ומכתב האישום המתוקן מצטיירת תמונה לפיה היוזמה והלהיטות לבצע את העסקה באו מצד הטבח אשר חזר והפציר בפני הנאשם 1 להשיג עבורו סם. פורט כי לחובתו עבר פלילי משמעותי, לרבות בעבירות סמים. העיון ברישום הפלילי מעלה כי מרבית""",train
"הנאשם כעת בן 19.5 וללא עבר פלילי קודם. הוא שהה במעצר מיום 9.1.21 עד ליום 14.3.21. הערכים החברתיים המוגנים שנפגעו היו שמירה על שלמות הגוף ושלום הציבור וכן שמירה על התא המשפחתי. על פי נסיבות המקרה, הפגיעה בערכים הייתה קשה יחסית. יצוין שהנאשם הצטייד מראש בכלי התקיפה. גם אם אקח בחשבון את האווירה המתוחה ששררה בין בני הפלגים השונים במשפחה אין בכך כדי להוות הצדקה לתקיפה הפיזית הקשה שבוצעה ולפציעתו הקשה של המתלונן שיש לציין שעמד עם גבו כלפי הנאשם בעת התקיפה. הנאשם נושא באופן בלעדי באחריות לביצוע העבירות והיה צריך לדעת את הפסול במעשיו ולהימנע מהם. כמו כן יצוין שהתקיים פוטנציאל לגרימת נזק קשה ואף קשה מאוד לאור מיקום הפציעה. בהתבסס על נסיבות המקרה והפסיקה שאוזכרה מתחם הענישה ההולם נמצא בין 4- 7 שנות מאסר בפועל. ואולם, במקרה זה לאחר עיון בתסקיר שהוגש ומהלכי השיקום המתוארים בו נראה כי יש בסיס להעדיף את הפן השיקומי על פני הפן העונשי לעניין העונש. גילו הצעיר של הנאשם והעובדה כי מדובר בהסתבכותו היחידה מוסיפים תמיכה בגישה שיקומית על פני גישה עונשית. אשר על כן הנני מטיל עונשים כדלקמן: 9 חודשי מאסר שירוצו בעבודות שירות בהתאם לחוות הדעת של הממונה. מאסר על תנאי של 18 חודשים משך 3 שנים אשר יופעל במידה והנאשם מבצע עבירות אלימות מסוג פשע.",train
"המדינה הזכירה פסקי דין כדלקמן: בע\פ 6421/11 טארק סמייה נ' מדינת ישראל (29.5.2012), המערער הורשע בחטיפה בעבירות אלימות שונות נגזרו עליו 38 חודשי מאסר בפועל. בערעור צוין שהעונש שהוטל אינו חמור כלל, בין היתר בהתחשב בגילו הצעיר של המתלונן, ולמרות החרטה שהביע הנאשם. בת\""פ 477-03-14, מדינת ישראל נ' פלוני, (9.3.2015), הורשע הנאשם יחד עם אחיו, בחטיפה ותקיפה בנסיבות מחמירות הגורמת חבלה של ממש, ותקיפה בנסיבות מחמירות של בת-זוג ופגיעה בפרטיות. הנאשם 1 חשד באשתו שאשתו מנהלת קשר רומנטי עם אחר, והחליט לעקוב אחריה. הנאשמים תקפו את המתלונן בו חשדו שמנהל יחסים עם אשתו של הנאשם 1. לאחר מכן, הכניסו אותו לתוך תא המטען של הרכב, ונסעו כאשר היה כלוא בו. המתלונן הצליח בסופו של דבר להימלט. על הנאשמים נגזרו 30 חודשי מאסר בפועל ו- 20 חודשי מאסר בפועל בהתאמה. בת\""פ 23865-09-11 מדינת ישראל נ' חסן אבו ריא (3.4.2012) שני הנאשמים הורשעו על פי הודאתם בחטיפה, ובשוד לפי סעיף 402(א) לחוק העונשין, כאשר השוד בוצע כלפי קטינים. הוטלו עליהם 32 חודשי מאסר בפועל. בע\""פ 2198/12 דוד שימשילשוילי נ' מדינת ישראל (22.7.2012) הורשע נאשם 1 בקשירת קשר וניסיון חטיפה ונדון לשלוש שנות מאסר בפועל. הנאשם 2, הורשע בעבירות ניסיון ונדון לשנת מאסר בפועל. הערעורים נדחו. בת\""פ 10678-10-14 מדינת ישראל נ' מורדי (10.5.2015) הורשע נאשם 1 בביצוע עבירות של פציעה בנסיבות מחמירות, חטיפה לשם כליאה ואיומים כאשר הוא ואחרים חטפו את המתלונן על רקע העדר שביעות רצונם מאירוסיו עם בת משפחתם. הנאשם 1 נדון ל 48 חודשי מאסר בפועל. הסניגור אזכר פסיקה אחרת. בע\""פ 5459/12 חליל אבו טיר נ' מדינת ישראל, (30.7.2013), הורשעו המערערים בתקיפה הגורמת חבלה ממשית בנסיבות""",train
"במקרה זה הערכים המוגנים שנפגעו היו שמירה על הקניין הפרטי, שמירה על בטחון הציבור ושמירה על שלטון החוק. לעבירה קדמה תכנון מוקדם, בו השתתף הנאשם אם כי הוא לא היה המבצע העיקרי (ובסופו של דבר הואשם בסיוע בלבד). הפגיעה בערכים מבחינת הנאשם הייתה ברמה בינונית לכל הפחות. הנאשם היה צריך לדעת את הפסול במעשיו ויכל להמנע מהם. במקרה דנן מתחם הענישה נע בין 12-36 חודשי מאסר בפועל. ואולם בהתחשב באמור בתסקיר נראה לי שהנאשם דנן נכנס בגדר אלה שיש להעדיף ביחס אליהם שיקולי שיקום על פני שיקולי ענישה. במקרה דנן מדובר במספר תסקירים אשר עקבו אחר התקדמות הנאשם במהלך ההליך והובאה לבסוף המלצה מסכמת עם העדפה ברורה לשיקומו על פני ענישה אחרת. אשר על כן יש מקום לחרוג משיקולי ענישה ולהעדיף שיקולי שיקום. הנני משית על הנאשם עונשים כדלקמן: צו מבחן למשך שנה וחצי במהלכו ישתתף הנאשם בתכנית שיותווה על ידי שירות המבחן. מאסר למשך 6 חודשים שירוצו שעבודות שירות בהתאם להמלצת הממונה על עבודות השירות.",train
"הנאשמים שוהים במעצר מיום 22.7.19 כאשר נאשם 1 שהה בחלופה מוסדית בין 11.11.20 ל-19.1.20 ואז נעצר מחדש. עברו הפלילי של נאשם 1: לחובת הנאשם 1 שלוש עבירות של גניבה, בריחה ממשמרת חוקית, החזקת אגרופן או סכין שלא כדין ואיומים וחבלה של עבריין מזוין, פציעה, 3 עבירות של רכוש ואלימות שהראשונה מהן בוצעה כשהיה קטין והתיישנה. רמת הפגיעה בערכים החברתיים המוגנים הייתה קשה, וזאת לאור הנזקים שנגרמו למתלוננים. יצוין שמדובר באירוע ספונטני, שלא כלל רכיב של תכנון. חלקו היחסי של כל נאשם היה שווה ובעניין זה שניהם אחראים לכל הנזקים. הנזק שנגרם בפועל מביצוע העבירה היה קשה, כפי שתואר בתסקיר נפגע העבירה ובכתב האישום המתוקן. הסיבות שהביאו את הנאשמים לביצוע העבירה היו זניחות, אם בכלל אפשר לטעון שהיו סיבות לכך. יכולתם של הנאשמים להבין את אשר עשו והפסול במעשיהם נפגעה כפי הנראה על ידי השתייה שהם צרכו ואולם הובהר שאין בכך כדי להוות גורם לקולא או סייג לאחריות. באשר למדיניות הענישה יצוינו גם המקרים הבאים: ע\פ 6484/14 תלחמי נ' מדינת ישראל (6.12.15); שם הורשע המערער בעבירה של חבלה חמורה בנסיבות מחמירות בגין כך שהטיח לעבר ראשו של מתלונן מוט מתכת עם קצוות מושחזים. המתלונן נחבל בידו ונזקק לניתוח. נגזרו עליו 21 חודשי מאסר ונקבע מתחם שבין 15 ל-48 חודשי מאסר. הערעור נדחה. ת\""פ 33758-11-17 מדינת ישראל נ' מוחמד אג'באריה (28.6.18); נאשם דקר מתלונן ללא היכרות מוקדמת כאשר המתלונן פונה במצב קשה עם פצעים, דקירה בחזה גב עליון. נקבע מתחם שבין 24-48 חודשי מאסר בפועל. ת\""פ 25342-07-15 מדינת ישראל נ' פלוני (21.12.16); נאשם דקר את המתלונן בחזהו ובידו לאחר שניסה להרגיע ויכוח של הנאשם עם אחר. למתלונן נגרם""",train
"חתך עמוק מהכתף לזרוע וחתך של 10 ס\מ בבית החזה. נקבע מתחם ענישה שבין 20-40 חודשי מאסר. עוד יצוין שהנזקים שנגרמו למתלונן במקרה זה חמורים יותר מהמקרים שלעיל ויש לקבוע שמתחם הענישה ההולם נמצא בין 30 – 60 חודשי מאסר. באשר לענישה בתוך המתחם, מדובר בשני נאשמים ללא עבר פלילי משמעותי או לפחות ללא עבר פלילי שמעיד על קפיצת מדרגה כפי שאירע במקרה זה. כל אחד מהנאשמים גדל בתנאים מורכבים ונאשם 1 סובל מתחלואה כפולה. כמו כן יש לציין לחיוב את העובדה שנאשם 2 עשה צעדים משמעותיים לגמילה מהתמכרותו מאלכוהול במסגרת תקופת המעצר. שני הנאשמים קיבלו אחריות מלאה על מעשיהם וביטאו אמפתיה וצער כלפי המתלוננים. כמו כן, יש להתחשב בתקופת המעצר הארוכה כאשר אני מקבל את עמדת הסנגור שהמדינה התעכבה בהעברת חומרי החקירה במשך חודשים ארוכים. מכל האמור הנני מטיל על הנאשמים עונשים כדלקמן: 48 חודשי מאסר בפועל שמתקופה זו תנוכה תקופת מעצרם שצוינה לעיל; 12 חודשי מאסר על תנאי למשך 3 שנים לאחר שחרורם, כאשר התנאי יופעל במידה והנאשמים יבצעו עבירות אלימות מסוג פשע;""",train
"כדלקמן: 24 חודשי מאסר בפועל. הנאשם יתייצב לתחילת ריצוי עונשו ביום 7.10.18 בבית המעצר קישון אלא אם כן ייעשה מיון מוקדם. מאסר על תנאי לתקופה של 12 חודשי מאסר למשך שלוש שנים מיום שחרורו, כאשר התנאי יחול במידה ויעבור עבירת אלימות מסוג פשע. פסילת רישיון נהיגה לתקופה של 7 שנים.",train
"הנאשם עצור מיום 30.8.17. בכל הקשור להסדר – אכן מוסכם עליי כי טווח הענישה מבטא את האיזון הראוי בין הסוגיות הרלבנטיות, קרי, במקרה הזה חומרת המעשים אל מול הקשיים הראייתיים המהותיים שאכן התגלו במהלך שמיעת הראיות. תיקון העבירה בכתב האישום משקף גם הוא את האיזון האמור. הערכים המוגנים שנפגעו היו שלמות הגוף והשמירה על הסדר הציבורי, כאשר הפגיעה הייתה חמורה יחסית היות שמדובר בירי בשטח ציבורי שהביא לפגיעה במתלונן. ברור שהתקיים תכנון מוקדם כיוון שהייתה הצטיידות באקדח והנאשם היה חייב לדעת את הפסול במעשיו. אילולא אותם קשיים ראייתיים היה מקום לקבוע טווח ענישה גבוה יותר באופן ניכר, כאמור בפסיקה שאוזכרה ע\י המדינה. במקרה זה הודאתו של הנאשם היא משמעותית ויש לראות בה קבלת אחריות אמיתית וזאת על אף האמור בתסקיר. אכן יש לצער על כך שהנשק לא נמסר. מכל האמור מצאתי לנכון להטיל על הנאשם את העונשים כדלקמן: 38 חודשי מאסר בפועל בניכוי תקופת מעצרו של הנאשם מיום 30.8.2017. 12 חודשי מאסר על תנאי למשך 3 שנים שיופעלו במידה והנאשם יעבור עבירות אלימות מסוג פשע או עבירות נשק מסוג פשע. פיצוי למתלונן בסך 12,000 ₪ שישולמו ב-6 תשלומים שווים ורצופים בסך 2000 ₪ כל אחד החל מהראשון לחודש הראשון שלאחר שחרורו של הנאשם ועד למלוא התשלום.""",train
"40ט(א)(10) לחוק העונשין , לאור האכזריות, האלימות וההתעללות כלפי הקורבנות שהיה במקרה. עוד יש לקחת בחשבון את העובדה שמדובר במעשה טרור לפי החוק וכן העובדה שהעבירה כלפי הרכב נעברה ממניע של גזענות, זאת בכל הקשור לאישום הראשון. עוד יצוין כי קיימת חומרה נוספת בכך שהנאשם נטל חלק באירוע אלימות המוני (ע\פ 901/22 מדינת ישראל נ' מוחמד אסווד (24.2.22); ע\""פ 10423/07 מדינת ישראל נ' סיטרין (11.6.08)). ביחס לאישום השלישי יש לקחת בחשבון שחלק מהעבירות הינן עבירות בנשק. בהתאם לכל האמור לעיל, ולמדיניות הענישה שהותוותה בפסיקה במקרים דומים אני קובע מתחמים כדלקמן: בגין האישום הראשון יש מקום לקבוע מתחם ענישה הולם הנע בין 6-10 שנים; בגין האישום השני מתחם הענישה ההולם נע בין 9-24 חודשי מאסר; ובגין האישום השלישי מתחם הענישה ההולם נע בין 2.5 – 4 שנות מאסר. באשר לקביעת העונשים בתוך המתחמים, לקולא יש להתחשב בגילו הצעיר יחסית של הנאשם, בעובדה כי אין לחובתו עבר פלילי קודם וכי עד לאירועים המתוארים בכתב האישום ניהל אורח חיים נורמטיבי. לחומרה יש להתחשב בתסקיר השלילי והעדר אופק שיקומי. הנאשם אמנם הודה לבסוף בביצוע העבירות, ויש בכך משום לקיחת אחריות על מעשיו, אולם הוא בחר לעשות זאת בשלב מאוחר יחסית של ההליך. ככלל, בהתאם לפסיקה, במקרים כגון אלה נסיבותיו האישיות של הנאשם נסוגות בפני אינטרסים כלליים של החברה בהרתעת הרבים והיחיד. אשר על כן, אני מטיל על הנאשם את העונשים הבאים: בגין האישום הראשון יוטל על הנאשם 8 שנות מאסר בפועל; בגין האישום השני 20 חודשי מאסר; בגין האישום השלישי 3 שנות מאסר בפועל. העונשים יהיו צבורים בחלקם כך שהנאשם ירצה בסך הכל 9.5 שנות מאסר בפועל כאשר מתקופה זו""",train
"בוצעו על ידי הנאשם 2 נמצא בין 6 חודשי מאסר לבין 4 שנות מאסר. במקרה דנן השיקולים לחומרה הינם אופי העבירה והעובדה כי לנאשם עבר פלילי וכי הוא לא גילה ענין בטיפול או שיקום. השיקולים לקולא הינם עקרון אחדות הענישה (על הנאשמת 1 הוטל שירות לתועלת הציבור ללא הרשעה והקטין כלל לא הועמד לדין), והמלצת שירות המבחן כי הטלת מאסר של ממש עלולה להביא להידרדרות נוספת במצבו של הנאשם. אשר על כן, הנני מטיל על הנאשם 2 עונשים כדלקמן: - מאסר בפועל לתקופה של 6 חודשים כאשר בעקבות המלצת שירות המבחן אהיה מוכן לשקול ריצוי המאסר בעבודות שירות לאחר קבלת חוות דעת מהממונה על עבודות שירות. - מאסר על תנאי לתקופה של 6 חודשים למשך שלוש שנים מיום סיום ריצוי העונש כאשר התנאי יופעל במידה והנאשם יעבור כל אחת מן העבירות בהן הוא הורשע. - קנס בסך 10,000 ₪ או 60 ימי מאסר תמורתם. הקנס ישולם לאוצר המדינה ב- 10 תשלומים חודשיים של 1,000 ₪ כל אחד החל מיום 1.7.13 ולאחר מכן בראשון לכל חודש עד לתשלומו המלא. אי תשלום אחד מן התשלומים יביא לפרעון מיידי של מלוא הקנס. הנני מורה לממונה על עבודות השירות לערוך חוות דעת בענינו של הנאשם 2. נקבע לדיון ליום 18.6.13 שעה 11:30 לאחר קבלת חוות דעת מן הממונה.",train
"בענייננו, מדובר בעבירות הפוגעות בכבודו הבסיסי של כל אדם, באשר הוא, בביטחונם של קטינים,בגופם ובנפשם ובערכי המוסר בכללותם. כשמדובר כבעניינו ב\גילוי עריות\"" של אב כלפי בתו, לאורך תקופה של שנים, הרי שמידת הפגיעה בערכים החברתיים היא רבה ועוצמתית. בתי המשפט התייחסו פעמים רבות לחומרה המיוחדת שבעבירות מין בכלל, ועבירות מין במשפחה כלפי קטינים, בפרט: לעניין זה קבע בית המשפט העליון בע\""פ 2477/91 מדינת ישראל נ' פלוני [פורסם בנבו] (11.3.1993): כן נאמר בהקשר זה: (ע\""פ 6352/10 מדינת ישראל נ' פלוני, [פורסם בנבו] מיום 15.10.12). נסיבות תיק זה מצויות ברף חומרה גבוה מאוד; מדובר במעשים מכוערים ובזויים שנמשכו למעלה מ-5 שנים, מאז היתה המתלוננת כבת עשר בלבד, במספר רב של הזדמנויות. הנאשם נהג לגעת בגופה של המתלוננת ללא הסכמתה, ללטפה באיבר מינה ובחזה וללקק את איבר מינה, כמו כן נהג לאנוס אותה על ידי החדרת איבר מינו לאיבר מינה וכן על-ידי החדרת אצבעותיו לאיבר מינה. אם לא די בכך, אזי כתוצאה ממעשיו של הנאשם הרתה המתלוננת כשהיתה כבת 14 ו-4 חודשים בלבד ונאלצה לעבור הפלה, כשהיא בשבוע ה-23 להריונה, כשאין מילים לתאר את הטראומה של ארוע זה לנערה שגילה כ- 15 שנים בלבד, ובמיוחד במגזר שמרני ומסורתי אליו היא משתייכת. במגזר זה, בנסיבות אלה של מתלוננת צעירה בגילה והעובדה שאינה נשואה ולא הרתה לבעלה, החומרה רבה במיוחד ועולה היא אלף מונים כשנכנסה להריון מאביה מולידה, בשל אונס וכפייה, ולספר מי האב אינה יכולה. כחודשיים בלבד לאחר האירוע הטראומטי של הפלת העובר שברחמה – אירוע אשר לפי עמדת עורכת תסקיר נפגעת העבירה היה \""שיא\"" ההתעללות שחוותה ממעשי אביה– לא רק שאביה לא הפסיק את מעשיו אלא אונס אותה פעם""",train
"בתיקון 113 לחוק העונשין קבע המחוקק מנגנון תלת שלבי לגזירת העונש. בשלב הראשון נדרש בית המשפט לבדוק האם הנאשם הורשע בכמה עבירות, להבדיל מהרשעה בעבירה אחת, ובמידה ומדובר במספר עבירות על בית המשפט לקבוע האם הן מהוות אירוע אחד או כמה אירועים נפרדים. המונח \אירוע\"" שבסעיף 40יג לחוק העונשין נדון לאחרונה ע\""י בית המשפט העליון במסגרת ע\""פ 4910/13 אחמד בני ג'אבר נ' מדינת ישראל [פורסם בנבו] (29.10.14). בפסק הדין האמור נקבע כי המונח \""אירוע\"" רחב מהמונח \""מעשה\"" וכי אירוע אחד יכול לכלול מספר מעשים. לדעת כב' השופטת ד' ברק ארז שנמנתה על דעת הרוב, את המושג \""אירוע\"" יש לקבוע בהתאם למבחן \""הקשר ההדוק\"" לפיו, עבירות אשר יש ביניהן \""קשר הדוק\"" ייחשבו לאירוע אחד. כב' השופט ע' פוגלמן הצטרף לדעת כב' השופטת ד' ברק ארז והוסיף כי להשקפתו \""התיבה \""אירוע אחד\"" רחבה דיה כדי לכלול גם פעולות עבריניות שבוצעו על פני רצף זמן; כללו מעשים שונים; ביחס לקורבנות שונים; ובמקומות שונים. יצוין, כי מבחן \""הקשר ההדוק\"" יושם לאחרונה ע\""י כב' השופטת ד' ברק ארז בע\""פ 5910/13, 5834/13 פלוני נ' מ\""י [פורסם בנבו] (20.11.14), מקרה הדומה, בהתאמה, לענייננו. הנאשם דכאן הורשע במספר עבירות מין ועבירות אלימות כלפי בנותיו הקטינות. אנו סבורים כי בנסיבות המקרה דנן ובזיקה לאמור לעיל, יש לבסס את הליך גזירת העונש על שני אירועים, דהיינו אירוע אחד יכלול את העבירות שבוצעו כלפי ג' ואירוע אחר יכלול את העבירות שבוצעו כלפי ו'. דברים אלה אמורים בנסיבות בהן, בין העבירות שביצע הנאשם בשתי בנותיו לא היה \""קשר הדוק\"" עת ראה הנאשם בכל אחת מהן אובייקט נפרד וביצע את עבירות המין כלפי כל אחת ואחת מהמתלוננות בנפרד ובדומה,""",train
"הערכים המוגנים שנפגעו בעבירת השוד הם שלמות הגוף, הגנה על הקניין, תחושת הביטחון האישי ושמירה על הסדר הציבורי. בנסיבות העניין, במעשיו הנאשם פגע בערכים החברתיים המוגנים במידה בינונית-נמוכה, כאשר אין לשכוח מדובר במי שהורשע בעבירת ניסיון לביצוע שוד בלבד, כשבנסיבות העניין לא הופעלה אלימות פיזית במהלך השוד ואיש לא נפגע גופנית. אומנם, מעשיו של הנאשם כללו תכנון מסוים כאשר הנאשם נקט בפעולות לטשטוש זהותו וביצע את השוד כשהוא מצויד בסכין, אולם אין מדובר באירוע שכלל תחכום מיוחד. יוער שאין בידי לקבל את טיעוני ההגנה בהקשר זה, שהואיל והנאשם נהג לשאת על גופו – באופן בלתי חוקי – סכין, כדבר שבשגרה, מדובר בנתון המאיין את התכנון שבמעשים. עוד שקלתי כי בפועל, למרות השימוש שעשה הנאשם בסכין על מנת לאיים על המתלוננת, לא ננקטה אלימות במהלך האירוע, ולאחר שהמתלוננת הציגה לנאשם קופה ריקה הוא עזב מיוזמתו את המקום. בנוסף, יש לקחת בחשבון שבפועל הנאשם לא נטל דבר (אם כי הדבר נבע מכך שלא היה כסף בקופה). נסיבות נוספות שיש לשקול הן חלקו של הנאשם בביצוע העבירה, שהיה מלא ובלעדי, וכן את יכולתו של הנאשם להבין את מעשיו ולהימנע מעשייתם, כשמחוות הדעת הפסיכיאטרית שהוגשה עלה כי מחלתו הנפשית לא פגע ביכולת זו. נסיבה נוספת נוגעת לנזק ולפוטנציאל הנזק במעשי הנאשם כשאין ספק שפוטנציאל הנזק במעשיו של הנאשם היה רב. מטבע הדברים מדובר באירוע שבקלות יכל להידרדר, להסלים ולהגיע לכדי הפעלת אלימות מצד הנאשם, ואף אלימות משמעותית אילו היה נעשה שימוש בסכין. לצד האמור, בנסיבות המקרה חשש זה לא התממש והנזק שנגרם הסתכם בחשש ובאימה שיש להניח שחשה המתלוננת בזמן המקרה. באשר למדיניות הענישה הנוהגת, מדובר בעבירה שמנעד הענישה ביחס",train
"הנאשם עצור מיום 11.3.2021. מבחינת ערכים מוגנים, נפגעו הערכים של שמירה על שלום הציבור וקניינו. הפגיעה בערכים הייתה ברמה בינונית. בהתחשב בנסיבות המקרה, מעובדות המקרה עולה כי התקיים תכנון מוקדם כאשר הנאשם ושותפו הכינו את עצמם לקראת ביצוע השוד באמצעות הצטיידות באביזרים שונים. פוטנציאל הנזק היה משמעותי לאור השימוש בסכין (אם כי על ידי האחר). על הנאשם היה לדעת את הפסול במעשיו. מכל האמור ועל בסיס מדיניות הענישה שמשתקפת מהפסיקה, נראה שמתחם הענישה ההולם נמצא בין 18-45 חודשי מאסר בפועל. במקרה זה הנאשם הודה ולקח אחריות על מעשיו וכמו כן, יש להתחשב במידה מסוימת בסיפור חייו המורכב. מכל האמור אני מטיל עונשים כדלקמן: 28 חודשי מאסר בפועל מהם תנוכה תקופת מעצרו של הנאשם; 12 חודשי מאסר על תנאי למשך 3 שנים, כאשר התנאי יופעל במידה והנאשם יבצע עבירת אלימות מסוג פשע;",train
"לטובת המדינה. באשר לחילוט הרכב, הרי שמהודעת אביו של הנאשם, מאג'ד עודה, במשטרה עולה כי הרכב, מסוג דייהטסו מ.ר 5335767, בבעלותו. לדבריו, בבעלותו מגרש מכוניות וילדיו העובדים עימו משתמשים ברכבים לעיתים. מעדותו עלה, שבמועד האירוע, חזר הביתה בשעה 19:00 לאחר שסגר את המגרש הסמוך לביתו ואשתו מסרה לו שיתקשר לבנו אמיר (הנאשם) שיצא עם רכב, כאשר לטענתה לא ידוע לה באיזה רכב מדובר. אביו של הנאשם אישר שמפתחות הרכב היו במשרד וכי לילדיו יש גישה למשרד. עוד עלה כי הנאשם אמר לאימו שהוא לוקח את הרכב על מנת לרכוש סיגריות. יוער, כי אימו של הנאשם, אחלאס עודה, הכחישה בעדותה שידוע לה שבנה לקח את הרכב וטענה שאינו נוהג ושאין לו רישיון נהיגה. היא שללה גם שאמרה לבעלה שהנאשם לקח את המפתחות כדי לקנות סיגריות. בחקירה נוספת אישרה שאמרה לבעלה שהנאשם נטל את המפתחות והלך למגרש ולרכוש סיגריות. כאמור, הרכב שימש את הנאשם בביצוע העבירות. השליטה על הרכב היתה בידי אביו שידע שבנו היה האחרון שהלך למגרש הרכבים שברשותו מפתחות וכן ידע שבנו נעדר רישיון נהיגה במועד הרלוונטי.",train
"עבירת אלימות או רכוש מסוג פשע. 8 חודשי המאסר על תנאי מת\פ 57605-09-11 – מחציתו יופעל בחופף ומחציתו יופעל במצטבר. פיצוי בסך של 12,000 ₪ לתשלום עד ליום 1.4.17. 5 חודשי מאסר בפועל שירוצו בעבודות שירות בהתאם לחוות הדעת שהתקבלה ביום 4.4.16 מהממונה על עבודות השירות אשר קבעה כי יתבצעו במועצה הדתית כרמיאל ובהתאם להוראות הממונה במקום. 6 חודשי מאסר על תנאי למשך 3 שנים שיופעל במידה ויעבור עבירת אלימות או רכוש מסוג פשע. תקופת מבחן של 12 חודשים שתבוצע בהתאם להנחיות שירות המבחן.""",train
"אבי בליך, תגובת הקרב החריפה: היבטים פאטוגנטיים, אבחונים וטיפולים\, בטאון חיל הרפואה, גיליון 32; ספטמבר-1990, שם מתוארת התופעה, אם כי בהקשר לחשיפה לתנאים קיצוניים בשדה הקרב). טרם סיום פרק זה יש מקום לשתי הערות ביחס לטענות הנאשם לעניין קיום תסמונת פוסט-טראומטית על רקע שירותו הצבאי והקשר בינה לבין תלותו בסמים והעבירות שבוצעו על ידו: ראשית, ועל אף שמובהר כי ככלל קיבלתי את טענותיו שהוא סובל מפוסט-טראומה יוער כי חלק ניכר מתסקיר המבחן מסתמך על שיקוף דבריו של הנאשם ולא ממצאים אחרים. כמו כן, בחוות הדעת הפסיכיאטרית רשום במסקנות: \""רושם שמדובר ב- PTSD\"" ולא מסקנה חד-משמעית. שנית, גם בהתחשב בקיום קשר כאמור, התסמונת ממנה סובל הנאשם יכולה בהחלט להוביל לשימוש בסמים על ידו – והוא אכן הודה בשימוש בחשיש – אך אין הכרח כי תוביל לעיסוק בסמים ובייחוד לא בסמים אחרים כגון אלו שהוחזקו על ידו בכמויות גדולות. ההסבר שנתן להחזקת הסמים, נסיון כושל להתמודד עם מצב כלכלי קשה, קשור קשר עקיף בלבד לבעיות הנפשיות מהן הוא סובל. שאלה אחרת ונוספת קשורה לשיקולי ענישה אל מול שיקולי שיקום. בעניין זה בסוגייה זו עמדת שירות המבחן מרכזית פחות ואינה אלא שיקול אחד מיני מספר שיקולים אשר פועלים במקביל (ע\""פ 1399/91 רוני לייבוביץ' נ' מדינת ישראל (24.1.1993)). ככלל, בעבירות הליבה של סחר בסמים, עבירות ההחזקה, ההפצה והסחר – אשר נחשבות לעבירות חמורות במיוחד (ע\""פ 656/79 אפללו נ' מדינת ישראל; ע\""פ 4998/95 מדינת ישראל נ' אוקטביו; ע\""פ 7657/10 יוסף הייב נ' מדינת ישראל (29.3.12)), שיקולי שיקום הם שוליים לעומת שיקולי ענישה: לעניין העדפת שיקולי ענישה גם כאשר מדובר באדם שמצבו הנפשי התערער בעקבות שירותו הצבאי ראו: רע\""פ 1720/11 מיכאל גליק""",train
"אבחן בין הנאשמים וגזר על כל אחד מהנאשמים 15 חודשי מאסר בפועל. ברוב דעות, בית המשפט העליון לא התערב בתוצאה כאשר דעת המיעוט צידדה בהקלה בעונשים. מטעם הנאשם הוגשה פסיקה מקילה יותר. בע\פ 5794/13 מדינת ישראל נ' חליל שיכה (2.4.14) הורשע הנאשם על פי הודאתו במסגרת הסדר טיעון בפציעה בנסיבות מחמירות כשהעבריין נושא נשק קר לפי סעיף 334 וסעיף 335(א)(1) לחוק העונשין. המערער דקר מחוץ למספרה את חברו עם מספריים ותקף אותו. בערכאה הדיונית הוטלו 6 חודשי מאסר לריצוי בעבודות שירות. המדינה ערערה על קולת העונש. בית המשפט העליון, על אף שהגיע למסקנה שמדובר בעונש מקל, החמיר רק ברכיב של המאסר על תנאי. בע\""פ 1053/13 חסן היכל נ' מדינת ישראל (23.6.13) בגין עבירות של גרימת חבלה חמורה בנסיבות מחמירות לפי סעיפים 333 בצירוף סעיף 335 (1)(2) לחוק העונשין הושת על המערער עונש של 6 חודשי מאסר על תנאי ו- 350 שעות של\""צ ופיצוי. המערער ו- 4 אחרים תקפו את המתלונן, חבטו בו ובעטו בו והמערער היכה אותו במוט ברזל. בין היתר התחשבה הערכאה הדיונית בעובדה כי המערער היה קטין בעת ביצוע העבירה ונעדר עבר פלילי וכי חלפו מספר שנים עד שנגזר דינו. בית המשפט העליון לא התערב בתוצאה. האינטרס הציבורי שנפגע במקרה דנן הוא שלמות גופו של האדם ושמירה על שלום הציבור כאשר מידת הפגיעה בערכים אלו היתה משמעותית. מדיניות הענישה בעניינים הקשורים למעשה אלימות תוך שימוש בנשק קר פורטה לעיל. מכל האמור, מתחם הענישה במקרים כגון דא, נע בין 6 חודשי מאסר עד ל-4 שנות מאסר בפועל כאשר באופן רגיל אין מקום להמנע מהטלת מאסר בפועל. במקרה דנן, קיימים שני שיקולים עיקריים לטובת הנאשם: הראשון""",train
"העונשין. בהתאם לכך נעבור עתה לקביעת מתחמי העונש ההולם למעשי הנאשם בכל אירוע. יצוין, כי הערכים המוגנים, מדיניות הענישה הנהוגה, וחלק נכבד מהנסיבות הקשורות בביצוע העבירות זהים בשני האירועים. לפיכך, נושאים אלה ייסקרו בהרחבה לגבי מתחם העונש באירוע בעניינה של ג', ואילו באירוע בעניינה של ו', לא נחזור על הדברים אלא רק נדגיש את הנסיבות הייחודיות לו. מתחם העונש ההולם - האירוע בעניינה של ג': בית המשפט קובע את מתחם העונש ההולם, בהתחשב בעבירה ובנסיבות הקשורות בביצועה. לפי סעיף 40ג.(א) לחוק העונשין מתחם העונש ההולם ייקבע בהתאם לעיקרון ההלימה, שביישומו על בית המשפט להתחשב בערך החברתי שנפגע מביצוע העבירה, במדיניות הענישה הנהוגה ובנסיבות הקשורות בביצוע העבירה (ע\פ 8641/12 מוחמד סעד נ' מ\""י [פורסם בנבו] (5.8.13)). במקרה שבפנינו הערך החברתי המוגן בו פגע הנאשם לגבי ג' ואף לגבי ו', עניינו בפגיעה בביטחונם, גופם ונפשם של המתלוננות (קטינות) וכן בערכי מוסר אוניברסאליים מובהקים. בתי המשפט נדרשו לא פעם, להתייחס לחומרה המיוחדת בעבירות מין המבוצעות כלפי קטין, כאשר חומרה נוספת יש לראות בעבירות אלו כשהן מבוצעות במסגרת התא המשפחתי ע\""י הורה המופקד על הגנתו, בו הקטין שם את מבטחו ונותן בו את אמונו והוא בוגד בו ברגל גסה, כבמקרה דנן. בית המשפט העליון ביטא את הערכים שנפגעו על ידי ביצוע עבירה של מעשה מגונה, בע\""פ 6269/99 פלוני נ' מדינת ישראל, פ\""ד נה(2) 496, 507: במעשיו אלו פגע הנאשם בזכותה של ג' לאוטונומיה על גופה ועל נפשה, עת ניצל את מעמדו כהורה על מנת להתגבר על התנגדותה, לשם גירוי מיני. במקום למלא אחר חובותיו ולהעניק לבתו אהבת אב, השגחה וביטחון, ראה הנאשם בבתו אמצעי לסיפוק מאווייו המיניים ודחפיו הסוטים, והפקיר""",train
"נאשם 1 הינו כמעט בן 22 והיה עצור מיום 7.3.16 עד ליום 5.5.16 אז שוחרר למעצר בית. לחובתו הרשעה מיום 9.6.14 בת\פ 55838-06-13 בגין עבירה של תגרה במקום ציבורי ולחובתו עונש מאסר על תנאי בן 3 חודשים בגין כל עבירת אלימות. נאשם 2 הינו בן 21.5, נעדר עבר פלילי. הוא היה עצור מיום 7.3.16 עד ליום 20.4.16 אז שוחרר למעצר בית. נאשם 3 הינו בן 23, נעדר עבר פלילי והיה עצור מיום 10.3.16 עד ליום 20.4.16 אז שוחרר למעצר בית. במקרה זה מדובר באירוע אחד המערב מספר מעשים כאשר קיים קשר הדוק בין כל המעשים. הערכים החברתיים שנפגעו הם שמירה על שלום הציבור והסדר הציבורי, שמירה על הקניין וציות לרשויות החוק. הפגיעה בערכים היתה בינונית לאור נסיבות ביצוע העבירה כאשר יצויין כי למזלם של הנאשמים לא אירעה פגיעה ברכוש או בנפש. באשר לנסיבות הקשורות, אין ספק שקדם לביצוע העבירות תכנון. חלקם היחסי של כל אחד מן הנאשמים היה שווה. אין להכחיש כי היה פוטנציאל נזק משמעותי בעבירות. אולם, יחד עם זאת, יש לציין כי הבקבוקים נזרקו הרחק מכוחות הבטחון. הסיבות שהביאו את הנאשמים לביצוע העבירות היו כמובן פסולות, יחד עם זאת, אין להתעלם מכך שמדובר באנשים צעירים שטרם גיבשו את אישיותם והושפעו, כפי הנראה, כפי שטען הסניגור, מרוחות שליליות ששררו בחלק מן המגזר הערבי באותה עת. מכל האמור לעיל הגעתי למסקנה שמתחם הענישה ההולם נמצא בין 12 עד 40 חודשי מאסר. ברם, במקרה זה, יש מקום לסטות ממתחם העונש ההולם מהסיבות המפורטות בסעיף 40ד בחוק העונשין, כאשר כל שלושת הנאשמים נמצאים בתהליכי שיקום ובהתחשב בגילם, עברם (לרבות עברו של הנאשם 1) ונסיבותיהם, נראה שיש להעדיף שיקולי""",train
"הערכים החברתיים שנפגעו הם שמירה על שלום הציבור ובטחונו ושמירה על הרכוש. הנאשם לא נטל חלק בתכנון ביצוע העבירה וחלקו היחסי היה כמסייע בלבד ואף זה ברף בינוני ופחות מכך כאשר הוא מילא תפקיד המסיע בלבד. הסיבות שהביאו אותו לבצע את העבירה היו כמובן פסולות ולמרות גילו הוא היה צריך להבין את הפסול במעשיו ולהמנע מביצוע העבירה. כאמור בפסקי הדין אשר אוזכרו לעיל על ידי הצדדים, מדיניות הענישה בגין עבירות הסיוע במקרה הנוכחי נעות בין 6 חודשי מאסר לבין שנתיים מאסר. לעניין קביעת העונש בתוך המתחם, יש לציין את הודאתו המיידית של הנאשם ושיתוף הפעולה עם רשויות החקירה לכשנעצר. אין לזקוף לחובתו במקרה זה את העובדה כי הנשק לא נתפס כי לא הוא שלט על מקום המצאו. בנוסף, יצויין לקולא גילו הצעיר וכי כפי שצויין בתסקיר כי הוא עדיין מגבש את אישיותו. כמו כן, אין לחובתו עבר פלילי הקודם. לא מצאתי כי יש לדחות את ההמלצות בתסקיר באופן אוטומטי לאור חומרת העבירות. הענישה הינה כידוע אינדיווידואלית ויתכן ומכיוון שמדובר באדם שטרם סיים לגבש את אורחות חייו, כי השהות בקרב עבריינים – במידה ויוטל עונש מאסר בפועל – תשפיע עליו לרעה. במקרה זה, לאחר קבלת חוות דעת הממונה על עבודות שירות, ובעקבות כך שמדובר באדם ללא עבר פלילי שניתן לגביו תסקיר חיובי, החלטתי שיש להטיל עליו עונש מקל בקצה הנמוך של מתחם הענישה ובצד זאת להטיל מאסר על תנאי משמעותי צופה פני עתיד. אשר על כן הנני מטיל על הנאשם עונש כדלקמן: 6 חודשי מאסר שירוצו בדרך של עבודות שרות בהתאם לחוות הדעת מיום 26.9.16. על הנאשם להתייצב לצורך קליטה ומיון ביום 10.1.07 במשרדי הממונה על עבודות",train
"לכך שמדובר בהסתבכותו הראשונה בפלילים ולכך שעד למעצרו ניהל הנאשם אורח חיים נורמטיבי והתרשמתי שהוא נעדר דפוסים עברייניים מושרשים. עוד נתתי משקל להודאתו ולקיחת האחריות מצידו וכן לחיסכון בזמן השיפוטי, אם כי יש לתת משקל לכך שההודאה ניתנה לאחר שהתקיימה ישיבת הוכחות אחת במהלכה אף העידו חלק מהמתלוננים. בסיכומו של דבר, באיזון בין השיקולים השונים יש הצדקה למקם את עונשו של הנאשם בחלק התחתון של מתחם העונש ההולם. בהתאם לכל האמור אני מטיל על הנאשם עונשים כדלקמן: 33 חודשי מאסר בפועל בניכוי ימי מעצרו מיום 15.2.2022. מאסר על תנאי בן 12 חודשים שיופעל במידה והנאשם יבצע עבירת אלימות מסוג פשע בתוך 3 שנים ממועד שחרורו. מאסר על תנאי בן 6 חודשים שיופעל במידה והנאשם יבצע עבירת אלימות מסוג עוון בתוך 3 שנים ממועד שחרורו.",train
"החמורות יותר שפורטו בכתב האישום. כל אחד מהנאשמים נושא באחריות בלעדית למעשיו והיה צריך לדעת את הפסול בהם להימנע מביצוע העבירות. באשר לסיכון הגלום בביצוע העבירות, יצוין שלא ניתן להפריז בסיכון הפוטנציאלי הכרוך בשימוש בנשק חם (ובייחוד בהתחשב בעבירות בהן הורשעו הנאשמים) במהלך התפרעויות המוניות. כמו כן, ביצוע מעשי ההצתה במלון ובחנויות היה כרוך ביצירת סיכונים אדירים. שני רכיבים אלה מהווים \מכפילי סיכון\"" משמעותיים ביותר המחייבים התייחסות מחמירה בענישה. על בסיס האמור, טענות הצדדים, ומדיניות הענישה הנוהגת, הנני קובע מתחמי ענישה כדלקמן: בגין האישום הראשון: 4 – 8 שנות מאסר. בגין האישום השני: 5 – 9 שנות מאסר. בגין האישום השלישי: 4 - 7 שנות מאסר. בגין האישום החמישי: 20 – 40 חודשי מאסר. בגין האישום השישי: 18 – 36 חודשי מאסר. בגין האישום השביעי : נאשם 1 שביצע אקט אחד של ירי - 6 – 10 שנות מאסר. נאשם 2 שביצע שני אקטים של ירי - 7 - 11 שנות מאסר. נאשם 3 – 3.5 – 6 שנות מאסר. בגין האישום השמיני: 10 – 24 חודשי מאסר. בכל הקשור לנסיבות שאינן קשורות לביצוע העבירה, כל שלושת הנאשמים הינם אנשים צעירים כאשר בעת ביצוע העבירות נאשם 3 היה רק בן 18.5. לנאשם 1 אין עבר פלילי ולנאשם 2 עבר פלילי בעבירות רכוש ואלימות בגינו ריצה שני עונשי מאסר קצרים לפני כעשור והרשעה בגין עבירות קלות בשנת 2020. לנאשם 3 שתי הרשעות קודמות בעבירות סמים ובעבירת הפקרה בעת פגיעה בגינן הוטלו עליו עונשי מאסר על תנאי. עוד יצוין שבמהלך חקירת התיק, הנאשמים שיתפו פעולה והודו, אך לאחר מכן חזרו בהם וניהלו את משפטם. אין זו נסיבה לחומרה""",train
"ותלוי במידה רבה בנסיבות הייחודיות של כל מקרה ומקרה, תוך מתן משקל לפרמטרים שונים כמו מיקום ההצתה, האמצעים ששימשו להדלקת האש, מידת הנזק שנגרם וכיוצ\ב. בנסיבות הייחודיות של מקרה זה מתחם העונש ההולם נע בין 2-5 שנות מאסר בפועל. באשר לנסיבות שאינן קשורות בביצוע העבירה, שקלתי לקולא את הודאתו של הנאשם והחיסכון בזמן שיפוטי. כמו כן, נתתי משקל לכך שמדובר באדם נורמטיבי שזוהי הסתבכותו הראשונה עם החוק. בנוסף, שקלתי את נסיבותיו המשפחתיות של הנאשם. באשר לתסקירי שירות המבחן, מצאתי שישנה חוסר הלימה בין האמור בהם לבין ההמלצה העונשית הסופית, כאשר מצד אחד שירות המבחן עמד על כך שקיים צורך להרתיע את הנאשם, ומצד שני המליץ על ענישה מתונה מאוד ביחס לעבירה שביצע הנאשם ומכלול נסיבות העניין. אומנם, מדובר בנאשם שהביע חרטה על מעשיו והביע רצון לשקם את חייו, אולם מנגד, הטיפול בו השתלב היה מצומצם וניכר כי הוא ממוקד במחירים האישיים אותם הוא משלם כתוצאה מהאירוע, וכן מצאתי טעם לפגם של ממש בכך שמדובר במי שמשתמש בסמים תוך כדי שההליך המשפטי נגדו מתנהל. בנסיבות אלה, נראה כי עדיין קיים סיכון שהנאשם ישוב לבצע עבירות בנסיבות בהן יחוש לחץ וכעס, ובנקודה זו, למרות שניהל חיים נורמטיביים עד לאירוע נשוא האישום, לא מצאתי שמדובר במי שיש סיכוי של ממש לשיקומו. בהתאם לאמור איני סבור שמדובר במקרה בו יש הצדקה לסטות ממתחם העונש ההולם משיקולי שיקום, אולם יש הצדקה למקם את העונש ברף התחתון של המתחם שנקבע. בהתאם לכל האמור אני מטיל ענישה כדלקמן: 24 חודשי מאסר בפועל, בניכוי ימי מעצרו של הנאשם מיום 9.9.2021 ועד ליום 1.11.2021. מאסר על תנאי בן 12 חודשים למשך 3 שנים ממועד שחרורו,""",train
"לגזור עונש כולל בגין שני האירועים השונים בהם הורשע הנאשם, וזאת משום שהעונש הראוי והמתאים לנאשם בגין העבירות שבוצעו כלפי בת זוגו – על אף חומרתן – הוא קטן יותר ביחס לעונש הראוי והמתאיםבשל העבירות החמורות שביצע לאורך שנים רבות בבתו הקטינה. בקביעת העונש הכולל נתנו כמובן דעתנו לריבוי העבירות, תדירותן, הזיקה ביניהן, וכן שמירה על יחס הולם בין חומרת מכלול המעשים ואשמו של הנאשם לבין עונשו. (סעיף 40יג.(ג) לחוק העונשין). בנוסף, התחשבנו לצורך קביעת העונש המתאים בכך שהנאשם ביצע בבתו הקטינה עבירות אינוס רבות שהעונש המירבי בגין כל אחת מהן 20 שנות מאסר, וחובתנו לפי סעיף 355 לחוק העונשין להשית – בהעדר טעמים מיוחדים – רבע מן העונש המירבי. אם כי, לא כל התקופה צריכה להיות במאסר בפועל. נוכח האמור, ולאחר ששקלנו את מכלול נסיבות העניין לקולא ולחומרא, והתחשבנו לקולא בעיקר בהודאת הנאשם, בשלב מוקדם יחסית של המשפט שחסכה העדת המתלוננת, אנו גוזרים על הנאשם את העונשים הבאים: מאסר בפועל למשך17 שנים, בניכוי ימי מעצרו מיום 30.8.13. מאסר על תנאי של 3 שנים לבל יבצע במשך 3 שנים כל עבירת מין או אלימות מסוג פשע. מאסר על תנאי של שנה לבל יבצע במשך 3 שנים כל עבירת מין או אלימות מסוג עוון או עבירת איומים. אנו מחייבים את הנאשם לשלם למתלוננת פיצויים בסך 150,000 ₪, באמצעות הפקדת סכום זה בקופת בית המשפט, עד ליום 19.5.15. ב\כ המאשימה תמסור למזכירות את פרטי חשבונה של המתלוננת לצורך העברת התשלום. על שלטונות שב\""ס לעשות מאמץ למצוא לנאשם מסגרת טיפולית מתאימה, בהתאם לנוהלי שב\""ס, אם יחפוץ הנאשם בכך.""",train
"זמן יקר למערכת המשפט. מכל האמור הגעתי למסקנה שיש להטיל על הנאשם את העונשים הבאים: (1) 30 חודשי מאסר בפועל כאשר מתקופה זו תנוכה תקופת מעצרו מיום 12.10.15. (2) 12 חודשי מאסר על תנאי למשך 2 שנים כאשר התנאי יופעל במידה והנאשם יבצע עבירת אלימות מסוג פשע. (3) פיצוי בסך 2,500 ₪ למתלוננת לתשלום עד ליום 30.4.16.",train
"הנאשם עצור מיום 26.5.23. הערכים החברתיים המוגנים שנפגעו היו שמירה על שלום הציבור וביטחונו ושמירה על חיי אדם. היות שמדובר בעבירות נשק הפגיעה בערכים המוגנים הייתה משמעותית יחסית. הנאשם היה צריך לדעת אודות הפסול במעשיו ולהימנע מהם והוא נושא באחריות בלעדית לעבירה. במקרה דנן מתחם הענישה אכן צריך להיות בהתאם למתחם שנתבקש ע\י המדינה במקרה זה לכל הפחות בין 24 – 48 חודשי מאסר. מבחינת נסיבות שאינן קשורות לביצוע העבירה, אכן לנאשם עבר פלילי אם כי לא מכביד ביותר. עם זאת הוא שוחרר זמן קצר יחסית לפני ביצוע העבירה הנוכחית. עוד יש להתחשב בכך כי מדובר באדם צעיר שבתחילת דרכו בחיים. כמו כן הוא הודה בשלב מוקדם של ההליך וקיבל אחריות על מעשיו. אשר על כן אני מטיל עונשים כדלקמן: 30 חודשי מאסר בפועל, מהם תנוכה תקופת מעצרו מיום 26.5.23; 12 חודשי מאסר על תנאי משך 3 שנים מיום שחרורו, כאשר התנאי יופעל במידה והנאשם יעבור עבירות אלימות או נשק מסוג פשע; קנס בסך 2,500 ₪ לתשלום עד ליום 31.12.24. לעניין חילוט האופנוע, לטעמי מתקיים מבחן הזיקה המהותי כאשר מדובר בעבירה של נשיאה והובלה של נשק ממקום למקום שבוצע באמצעות האופנוע.""",train
"תסקיר שירות המבחן שהוגש ביום 18.12.12, תיאר את קורותיו של הנאשם: בן 20, רווק אשר התגורר עד למעצרו בישוב ג'סר א-זרקא עם הוריו ועבד למחייתו במפעל \עוף טוב\"" בבית שאן משך שלוש שנים. הוא בן יחיד להוריו אשר לא עובדים וסובלים ממחלות. המשפחה סובלת ממצוקה כלכלית קשה, כאשר רק בשנים האחרונות ביתם חובר לחשמל. המשפחה מטופלת לאורך השנים על ידי רשויות הרווחה (שירות המבחן פנה למחלקת הרווחה בישוב אך לא קיבל מידע עד לכתיבת התסקיר). הנאשם השלים 6 שנות לימוד בלבד, ולדבריו אינו יודע לקרוא ולכתוב. הוא החל לעבוד בעבודות שונות לאחר עזיבת הלימודים. הנאשם שלל שימוש בסמים אך ציין שהוא נוהג לצרוך אלכוהול (אביו סבל מהתמכרות לחומרים פסיכו-אקטיביים). שירות המבחן התרשם כי קיימת בעייתיות בצריכת אלכוהול אצל הנאשם וייתכן קיום תהליך המעיד על התדרדרות בתחום הזה. צויין שאין לחובתו הרשעות קודמות. בפני שירות המבחן הודה הנאשם בביצוע העבירה, אך טען שהוא ובני דודיו חזרו מאירוע משפחתי ושהיו תחת השפעת אלכוהול ושהמתלונן שהיה גם שתוי, תקף ראשון ושבן דודו נדקר, דבר שהביא אותו לדקור את המתלונן מתוך תחושת איום וסכנה. יותאם כי גרסה זו לא הופיעה לפני כן. כמו כן הנאשם טען שנשא את הסכין למטרה כשרה קודם לכן. שירות המבחן התרשם שהנאשם מתקשה לייחס לעצמו התנהגות אלימה ותוקפנית, והוא מצמצם במידת מה את חלקו בעבירה. יחד עם זאת, העריך שירות המבחן שהחרטה אמיתית וכי המעצר הממושך מהווה גורם מרתיע משמעותי עבורו. הנאשם הביע תחושות אשם על מעורבותו באירוע כה חמור ועל כך שאכזב את הוריו ושאינו יכול לסייע להם בשל מעצרו. שירות המבחן העריך שהעבירה אינה משקפת קיום של דפוס חשיבה והתנהלות עברייניים אלא קשיים""",train
"פריט אישום שני המערער השוהה בישראל פגש את המתלוננת, אישה נשואה תושבת אריתריאה גם כן, באזור התחנה המרכזית בתל אביב והציע לה עבודה. המתלוננת במצוקתה הכלכלית נענתה להצעתו והתלוותה אליו לפארק הירקון, שם בפינה חשוכה, התנפל עליה, חבט בראשה, הפילה ארצה, הוציא סכין ואיים כי אם לא תקיים עמו יחסי מין ירצח אותה. המערער הפשיט את המתלוננת ממכנסיה ותחתוניה והצמיד סכין לצווארה, כשכל העת המתלוננת צועקת לעזרה ומבקשת מהמערער כי יחדל ממעשיו, אך הוא בתגובה הצמיד ז'קט לפיה בניסיון לחנוק אותה ולהשתיקה. בהמשך, פישק המערער את רגליה של המתלוננת אשר ניסתה להתנגד והחדיר בכוח את איבר מינו לאיבר מינה. בגין מעשיו הורשע המערער בעבירה של אינוס בנסיבות מחמירות לפי סעיף 345(ב)(2) לחוק העונשין. בית המשפט המחוזי בתל אביב-יפו קבע כי מתחם העונש ההולם לאישום זה בלבד נע בין 9-14 שנות מאסר בציינו כי יש לקחת בחשבון את השיקול של הרתעת הרבים ולהעביר מסר עונשי מרתיע, בעידן בו יותר ויותר עבירות מבוצעות על ידי זרים בנסיבות דומות. לבסוף, גזר בית המשפט על המערער, באישום זה בלבד, עונש של 11 שנות מאסר בפועל, לאחר שהתחשב בעובדה כי המערער ללא עבר פלילי, הודה וחסך את עדות המתלוננת. עוד צוין כי אלמלא ההודאה ונטילת האחריות העונש של המערער היה חמור יותר. בסופו של יום הוטלו על המערער 19 שנות מאסר לריצוי בפועל בגין עוד שני אישומים בהם הורשע. בית המשפט העליון שדן בערעור שהגיש המערער דחה אותו וקבע כי העבירות בהן הורשע המערער הן מהחמורות בעבירות המין וחומרה מתווספת להן נוכח האלימות הברוטאלית בה נקט המערער, תוך שהוא מסתייג ממסר ההרתעה שהופנה רק כלפי קהילת הזרים. נאמר כי המערער פיתה",train
"שימוש עתידי). כפי שצוין לעיל, הנאשם היה ללא ספק ה\רוח החיה\"" מאחורי ביצוע העבירות שכלל לא ברור כפי שציינתי האם הנאשמת שיתפה עימו פעולה בשל חשש או חוסר נעימות נוכח קירבתם המשפחתית. בנוסף, ניתן בעניינה תסקיר חיובי. עוד אציין כי בנסיבות בהן אדם מחזיק בנשק ובתחמושת ללא היתר, מתעורר החשש שאותה החזקה נועדה למטרה בלתי כשרה ועל הנאשם ליתן הסבר מניח את הדעת בנוגע להחזקת הנשק כאמור. הסבר כאמור לא ניתן ועברו הפלילי המכביד של הנאשם מחזק את החשד שמטרת החזקת הנשק היתה למטרה בלתי חוקית. זאת ועוד, הנשק יכול היה להגיע לידיים עוינות או לשמש למטרות פליליות ואף לפגיעה בחפים מפשע. מתחם הענישה הראוי במקרה דנן הינו 12 -36 חודשי מאסר בפועל. לאור כל האמור אני מטיל על הנאשם את העונשים הבאים כדלקמן: 18 חודשי מאסר לריצוי בפועל בניכוי ימי מעצרו של הנאשם החל מיום 8.12.15. מאסר על תנאי למשך 12 חודשים בתנאי שהנאשם לא יעבור כל עבירת נשק תוך 3 שנים ממועד שחרורו.""",train
רכוש מסוג פשע;,train
"במהלכן הושלכו בקבוקי תבערה על בית עסק הצמוד למועדון בה שהו המעורבים. בעקבות תסקיר חיובי ועל מנת לאפשר לנאשם להתגייס, בית המשפט הותירו ללא הרשעה מכיוון שבין היתר הוא נגרר אחר אחרים ולא נטל חלק ממשי בביצוע העבירות עצמן ועל מנת שלא לפגוע בסיכוי גיוסו לצבא. בת\פ (ב\""ש) 8244/06 מדינת ישראל נ' אבו זעילה מוכתר (30.10.2007) – נאשמים שהודו בעבירות של קשירת קשר לפשע וניסיון להצתה כאשר בעקבות קטטה קשרו קשר להצית את ביתו של המתלונן והצטיידו בבקבוקים שמילאו בחומר דליק אליהם הוחדרו סמרטוטים שהם יידו לעבר הבית (כפי הנראה ניסיון ההצתה לא צלח). על הנאשמים שנטלו חלק לא מהותי בביצוע העבירות הוטלו עבודות שירות לתועלת הציבור ללא הרשעה בהיקף של 400 שעות, על הנאשם שנטל חלק מרכזי בביצוע העבירות הוטלו 4 חודשי מאסר בפועל שירוצו בעבודות שירות. בת\""פ (י-ם) 973/05 מדינת ישראל נ' אילן בן דוד עזרא (7.3.2006) – על נאשם בן 19 שהורשע על פי הודאתו בעבירת הצתה במסגרת סכסוך על רקע תחרות עסקית - הוא הצית עסק מתחרה תמורת כסף – החליט בית המשפט שלא להרשיעו ותחת זאת הטיל עליו 400 שעות של\""צ כיוון שהרשעה היתה עלולה לפגוע קשות בשיקומו בעתיד ולמנוע גיוסו לצבא. עוד יוער כי למרות חומרת העניין היו מקרים בהם פסקו בתי המשפט עונשים מתונים בגין הצתת מצלמות מהירות: ת\""פ (חי') 6183/07 מדינת ישראל נ' קאסם דיאב (1.8.2005) – באותו מקרה הוטלו עבודות שירות; עפ\""ג 2763-08-09 אל סייד נ' מדינת ישראל (27.10.2009) – הוטלו עבודות שירות של 6 חודשים; ת\""פ (ת\""א) 40354/07 מדינת ישראל נ' ארמני דן (15.5.2008) – הוטלו עבודות שירות. בנסיבות המקרה מתחם הענישה ההולם בגין העבירות אשר""",train
"הליך זה עוסק בעבירות בתחום התכנון והבניה בקשר לבניה ושימוש שלא כדין בקרקע חקלאית ועיקרו ניסיון לאכוף צווים קודמים שהופרו מאז שניתנו בשנים 2002 ו- 2003. יצויין כי במהלך הזמן ניתנו לנאשמים ארכות על פי סעיף 207 לחוק אולם לא הסתייע בידם להשיג את האישורים הדרושים לבניה ולשימוש. כאשר מדובר בעבירות תכנון ובניה דומני שהשחקן הראשי הינו משאב הקרקע. חוק התכנון והבניה נועד, בין היתר, כדי לשמור על סוגי הקרקע השונים, למנוע בניה בלתי חוקית אשר תפגע בקרקע או שימוש בקרקע בניגוד ליעוד שנקבע לה. הגשמת מטרות החוק מחייבת בראש וראשונה שצעדי האכיפה והענישה יתייחסו לקרקע עצמה ורק לאחר מכן ובמידת הצורך, לבעליה ומשתמשיה. המקרה שבנדון מהווה דוגמא טובה לכך; לא ברור לי מדוע לאחר כמעט 10 שנים של הליכי אכיפה ומתן צווים, הבניה המפרה עודנה נמצאת במקום ולא בוצעו צווי ההריסה. אשר על כן, ניתנים בזה צווי הריסה ביחס למבנה כמפורט בכתב האישום בת.פ. 1768/01 במקרקעין הידועים כגוש 10113 חלקה 23 בפרדס חנה וכמפורט בצו ההריסה שניתן ביום 23.2.03, דהיינו הריסת גג רעפים שהחליף את הגג הקודם בשטח של כ- 300 מ\ר והחזיתות ששונו על ידי ציפוי המבנה באבן. ההריסה תבוצע על ידי הנאשמים תוך 45 ימים מהיום ובמידה והם אינם מבצעים זאת, יותר לוועדה המחוזית, המאשימה, לבצע את ההריסה במקומם ועל חשבונם ללא שהיא מוגבלת בזמן לכך. כמו כן ניתן בזה צו להפסקת השימוש החורג במבנה ומובהר שהשימושים יוגבלו לשימושים חקלאיים בלבד. בנוסף, אני מטיל על כל אחד מן הנאשמים תשלום קנס בסך של 10,000 ₪ או 60 ימי מאסר שישאו בנוסף לכל עונש מאסר אחר שהוטלו עליהם. הקנס ישולם על ידי כל נאשם""",train
"בפועל, כאשר מתקופה זו תנוכה תקופת המעצר. נאשם 4 עצור מיום 30.11.20 עד היום. מאסר על תנאי של 12 חודשים למשך 3 שנים כאשר התנאי יופעל במידה והנאשם יבצע עבירת חבלה בכוונה מחמירה או עבירות נשק שהן פשע. קנס בסך 5,000 ₪ כל אחד לתשלום עד ליום 1.9.21.",train
"תנאי של 6 חודשים למשך שלוש שנים שיופעל במידה והנאשם יעבור עבירות סמים מסוג פשע. בקשר לקנס ו/או פיצוי לא מצאתי מקום להטילם מהשיקולים שפורטו בעניינה של הנאשמת, מוטטיס מוטנדיס. מאסר למשך 9 חודשים לריצוי בעבודות שירות, בהתאם להמלצת הממונה על עבודות השירות. מאסר על תנאי של 6 חודשים למשך שלוש שנים שיופעל במידה והנאשמת תעבור עבירות סמים מסוג פשע. באשר לקנס ופיצוי חברת החשמל, לאור מצבה הכלכלי של הנאשמת וחילוט הכספים שנעשה במסגרת ההסדר והסדר התשלומים מול חברת החשמל והעובדה שעבודות השירות יימנעו ממנה לעבוד לפרנסתה משך תקופה ניכרת, לא מצאתי מקום להוסיף קנס או פיצוי נוספים.",train
"אין צריך להכביר במילים על חומרתן של עבירות הנשק, בייחוד בתקופה הנוכחית בה כמעט ולא חולף יום ללא נפגעים בגוף ובנפש, בייחוד במגזר הערבי. בעניין דנן הערכים החברתיים שנפגעו הינם בטחון הפרט והציבור והשמירה על הסדר הציבורי. ובנסיבות ענייננו מידת הפגיעה בהם הינה משמעותית. בנסיבות המקרה קדם תכנון מהותי לביצוע העבירות ויש לומר כי התקיים סיכון לגרימת נזק משמעותי לאור העובדה שמדובר בנשק חם ואולם, לא נגרם נזק בסופו של יום ועובדה זו פועלת לקולא. הסיבות שהביאו את הנאשם לביצוע העבירות היו פסולות והוא היה צריך לדעת את הפסול במעשיו ולהימנע מהם מלכתחילה. על בסיס מדיניות הענישה שפורטה ונסיבות המקרה, מתחם הענישה ההולם נמצא בין 18 חודשי מאסר בפועל ל- 36 חודשי מאסר בפועל. יצוין עוד כי התיקון לחוק בעניין עונש מזערי אינו חל אך יש מקום לקחת אותו בחשבון כרכיב במדיניות הענישה. במקרה דנן אין מקום לסטות ממתחם הענישה ההולם מפאת שיקולי שיקום. ואולם מדובר בנאשם שהינו נעדר עבר פלילי שהודה וקיבל אחריות בפני בית המשפט וחסך זמן שיפוטי. באשר לניכוי ימי מאסרו של הנאשם עת שריצה עונש מאסר בפועל בתיק המע\מ כשהיה עצור, מצאתי לנכון בהסתמך על הפסיקה שהגישה ההגנה להורות על ניכוי של ארבעה חודשים מתקופת המעצר. אשר על כן, הנני מטיל על הנאשם עונשים כדלקמן: 20 חודשי מאסר בפועל בניכוי ימי מעצרו מיום 1.3.21 עד ליום 3.5.21 ומיום 3.2.22 ואילך וארבעה חודשים נוספים לתקופת מאסרו כפי שפורט לעיל. 12 חודשי מאסר על תנאי למשך 3 שנים כאשר התנאי יופעל במידה ויעבור עבירות נשק מסוג פשע. קנס של 2,500 ₪ לתשלום עד ליום 01.09.2022.""",train
"במקרה דנן נפגעו הערכים המוגנים של ביטחון הציבור ושלומו, שלמות הגוף ושמירה על ערך חיי אדם. מידת הפגיעה הייתה ברמה בינונית- גבוהה. קדם תכנון לביצוע העבירה לכל הפחות כאשר הנאשם הצטייד בנשק טעון לקראת בואו של המתלונן. חלקו היחסי של הנאשם בביצוע העבירה היה דומיננטי כאשר המתיחות הקודמת ששררה בין הצדדים אינה מהווה הצדקה כלשהי למעבר לשימוש בנשק חם. היה צפוי להיגרם נזק משמעותי מביצוע העבירה, ובפועל נגרמו למתלונן נזקים קשים לרגלו שהוא טרם החלים מהם. לכל הפחות תידרש תקופת החלמה ארוכה ואין זה ברור שלא תישאר נכות משמעותית למתלונן, גם לצמיתות. הסיבות שהביאו את הנאשם לביצוע העבירה פורטו בראשית גזר הדין אך אינן מהוות הצדקה כאמור. הנאשם היה צריך להבין את אשר הוא עשה, ולהימנע מכך, כאשר בעניין זה יצוין שהעובדה שהיה תחת השפעת אלכוהול אינה מהווה נסיבה מקלה. מתוך העיון בפסיקה ויישומה על נסיבות המקרה, הגעתי למסקנה שמתחם הענישה ההולם נמצא בין 4-7 שנות מאסר. מבחינת הנסיבות שאינן קשורות בביצוע העבירה אין ספק שענישה משמעותית תפגע בנאשם והתפתחותו כאשר הוא עדיין אדם צעיר יחסית. יש להתחשב לקולא בעובדה שהודה ונטל אחריות על מעשיו וכמו כן שהוא עושה מאמצים להשתקם- אם כי בשלב זה לא בהצלחה מרובה. אין מקום להחשיב את עברו הפלילי כנגדו אף שלא ניתן לומר שמדובר באדם נטול עבר. 5 שנות מאסר בפועל, כאשר מתקופה זו תנוכה תקופת מעצרו מיום 12.9.17 ועד ליום 10.1.18 ובהמשך מיום 8.3.18 ועד היום. 18 חודשי מאסר על תנאי למשך 3 שנים כאשר התנאי יופעל במידה והנאשם עובר עבירות אלימות או נשק מסוג פשע.",train
"בגין הצתת משאית על רקע סכסוך עסקי וגרימת נזק כבד לרכב, הוטלו על נאשם ללא עבר פלילי 6 חודשי מאסר שירוצו בעבודות שירות. הערכים המוגנים שנפגעו הם השמירה על הקניין וכן הנאשם העמיד את הציבור בסיכון למרות שסיכון זה לא התממש במקרה הנדון. באשר לנסיבות הקשורות לביצוע העבירה אכן התקיים תכנון מוקדם וחלקו של הנאשם בביצוע העבירה היה משמעותי. נגרם נזק לרכוש והסיבות שהביאו את הנאשם לבצע את העבירה היו פסולות והוא יכל להבין את הפסול במעשיו. מכל האמור הגעתי למסקנה שמתחם הענישה ההולם נמצא בין 1 שנה עד 4.5 שנות מאסר. לחובת הנאשם עברו הפלילי והעובדה שביצע את העבירה הנוכחית בסמוך לשחרורו ממאסרו האחרון. מאידך, לזכותו הודאתו המהירה והמוקדמת וקבלת האחריות שיש בצידה ובנוסף, נסיבות חייו הקשות. מכל האמור הגעתי למסקנה שיש להטיל על הנאשם עונשים כדלקמן: 15 חודשי מאסר בפועל בניכוי ימי מעצר החל מיום 10.4.16. מאסר על תנאי לתקופה של 12 חודשים למשך 3 שנים מיום שחרורו שיופעל במידה ויעבור עבירות אלימות, רכוש או הצתה מסוג פשע.",train
"ת\ז xxxxxxxxx, לתשלום עד ליום 1.7.23.""",train
"מביצוע העבירה נשוא כתב האישום נפגעו הערכים החברתיים של הגנה על בטחונו, כבודו, רכושו ושלמות גופו של הפרט והגנה על בטחונו של הציבור. מידת הפגיעה בערכים אלו במקרה זה משמעותית ואני מפנה בהקשר זה לדברים שנאמרו בפסיקה בקשר לחומרת מעשי שוד ובמיוחד אלו המבוצעים ברחובות כלפי עוברי אורח תמימים ועל הצורך בענישה מרתיעה (ראו: ע\פ 364/07 עאלם עטאטרה נ' מדינת ישראל (פורסם בנבו, 22.3.07). חומרה זו מקבלת משנה תוקף בענייננו לאור מאפיין נוסף והוא גילה של המתלוננת. עסקינן במתלוננת קשישה בת כ- 78 שנים בעת האירוע. מורת רוחו של בית המשפט העליון מביצוע עבירות רכוש ואלימות כלפי חסרי ישע בכלל, וקשישים בפרט, כבר הובעה בשורה של פסקי דין, תוך שהודגש הצורך בענישה ממשית ומרתיעה הכוללת רכיב משמעותי של מאסר בפועל (ראו את הפסיקה אליה הפנתה ב\""כ המאשימה בטיעוניה -ע\""פ 1864/11 דוידוב נ' מ\""י (7.11.12) ו-עניין מזערו מאג'ד וכן ע\""פ 1041/14 קרקי נ' מ\""י (5.10.14) (להלן-עניין קרקי) ו-ע\""פ 5066/09 אוחיון נ' מ\""י (22.4.10)). לחובת הנאשם יש גם לקחת בחשבון את אחריותו הבלעדית לביצועה העבירה; את הנזק שגרם למתלוננת, הן מבחינה פיזית עקב נפילתה והן מבחינה נפשית עקב הפחדים אותם תיארה בעדותה והפגיעה בתחושת הביטחון שלה. עסקינן בשוד שבוצע כלפי עוברת אורח קשישה, ברחוב באור יום, דבר שיכול ללמד על מסוכנותו של הנאשם כפי שטענה ב\""כ המאשימה. לחובת הנאשם יש גם לזקוף את פוטנציאל הנזק שהיה יכול להיגרם למתלוננת כתוצאה מהתנגדותה למעשה השוד. לחובת הנאשם יש לקחת בחשבון גם את הנזק הרכושי שנגרם למתלוננת מביצוע העבירה; הנאשם גנב מתיקה של המתלוננת כסף מזומן בסך של 400 ₪, 100 דולר ושרשת זהב. לטובת הנאשם יש לזקוף את העובדה כי""",train
"כל האמור אני מטיל על הנאשם עונשים כדלקמן: (1) 30 חודשי מאסר בפועל בגין העבירות שבוצעו כלפי בני משפחתו. בנוסף, 4 חודשי מאסר בפועל בגין העבירה שבוצעה כלפי רופא המשפחה ובסך הכל 34 חודשי מאסר בפועל. (2) 12 חודשי מאסר על תנאי, בתנאי שהנאשם לא יעבור משך 3 שנים על אחת העבירות בהן הורשע או עבירה אחרת מסוג פשע. (3) אני מפעיל את המאסר על תנאי שהוטל על הנאשם במסגרת ת\פ 33143-09-12 ביום 14.4.13 בבית המשפט המחוזי בחיפה. היות ולא מצאתי נסיבות מיוחדות המצדיקות את הפעלת המאסר באופן חופף, עונש המאסר יוטל מחציתו במצטבר ומחציתו בחופף לעונש שהוטל במסגרת גזר הדין.""",train
"בכל הקשור לשאלה אם מדובר בשרשרת עבירות המהווה אירוע אחד או מספר אירועים, לאור שינוי עמדת המדינה, יקבע שמדובר באירוע אחד כולל. ביחס לאירועי הירי נפגעו הערכים המוגנים של שמירה על חיי אדם ושלומם ושמירה על הסדר הציבורי. היות שמעורב ירי מנשק חם יש לסווג את האירוע ברמת חומרה גבוהה יחסית וזאת על אף שלא נפגע מאן דהוא. כפי שתואר, מדובר בביצוע בצוותא אם כי אין כל ספק שחלקו של הנאשם היה פחות בהרבה מזה של האחר. כפי שטען הסנגור לא הוא היה בסכסוך ולא הוא ירה בנשק. יחד עם זאת מדובר באירוע מתמשך שהלך והסלים והגיע לכדי שני סבבי ירי. התקיים פוטנציאל נזק משמעותי כתוצאה מביצוע העבירות והנאשם יכל לדעת את הפסול במעשיו ולהימנע מהם. ביחס למעשה השוד, ניסיון השוד והעבירות הנוספות נפגעו הערכים של שמירה על חיי אדם ושמירה על הסדר הציבורי. מדובר ברמת פגיעה גבוהה יחסית. גם ביחס לעבירות אלה חלקו של הנאשם לא היה דומיננטי אך הוא היה שותף פעיל לנעשה, אם כי בכל הקשור לנסיעה ברכב לאחר מכן, חלקו פחות היות שלא נהג. מתחם הענישה בגין כל האירועים צריך לנוע בין 1.5 – 4 שנות מאסר בפועל. מבחינת נסיבות אישיות לחומרא יש לציין את עברו הפלילי הקודם של הנאשם והעובדה שמעשיו במקרה דנן הלכו והסלימו לעומת הרשעתו הקודמת. לקולא יש לציין את ההודאה המהירה ואת קבלת האחריות שזה מסמל. כמו כן לחומרא יש לציין את המלצות התסקיר. לקולא בנוסף יש לציין את גילו הצעיר יחסית של הנאשם. טרם תיקון כתב האישום הוכן גזר דין שבמסגרתו נכלל עונש של 4.5 שנות מאסר בפועל. בעקבות ההתפתחות שחלה בדמות תיקון כתב האישום והצורך ליתן",train
"הערכים החברתיים שנפגעו היו שמירה על שלום הציבור והקניין הציבורי. מידת הפגיעה בערכים הייתה בפועל קלה, בין היתר היות וההצתות לא גרמו לנזק. עם זאת אין להכחיש שמדובר בעבירה חמורה עם פוטנציאל סיכון משמעותי. באופן רגיל מתחם הענישה ההולם בגין עבירות מעין אלה צריך לנוע בין 3-5 שנות מאסר. ואולם במקרה דנן מדובר באדם שעל פי הדיווחים משירות המבחן, ביצע את העבירות על רקע תסכול שנבע ממצבו האישי כאשר בעיותיו הוחמרו מחמת התמכרות לאלכוהול והימורים. הטיפול בבעיות אלה מצליח והנאשם נכנס בגדר התנאים הקבועים בסעיף 40ד לחוק העונשין, המאפשר חריגה ממתחם הענישה ההולם מפאת שיקולי שיקום. לאחר ששמעתי את טענות הצדדים ועיינתי בתסקירים נראה לי שיש להטיל על הנאשם עונש שיאפשר את המשך שיקומו ויתחשב במצב הכלכלי של משפחתו ובעובדה שהוא נמצא כבר תקופה ארוכה מאוד בתנאים מגבילים. כמו כן כפי שצוין בתסקיר, ההליך המשפטי לרבות תקופת המעצר מהווים גורמים מרתיעים עבורו. 4 חודשי מאסר בפועל שירוצו בעבודות שירות בהתאם לחוות דעת הממונה. מאסר על תנאי של 6 חודשים למשך שלוש שנים, אשר יופעל במידה והנאשם יעבור עבירות הצתה. תקופת מבחן של 12 חודשים.",train
"כמו כן, יש מקום להתחשב באופן מהותי בהודאתו המוקדמת אשר חסכה זמן למערכת המשפט וגם מבטאת קבלת אחריות בגין העבירה. מכל האמור הגעתי למסקנה כי יש להשית על הנאשם עונשים כדלקמן: 30 חודשי מאסר בפועל כאשר מתקופה זו תנוכה תקופת מעצרו מיום 14.10.2015 עד היום. 12 חודשי מאסר על תנאי למשך שלוש שנים מיום שחרורו כאשר התנאי יופעל במידת והנאשם יבצע עבירת סמים מסוג פשע שלא לצריכה עצמית. מוטל קנס בסך 5,000 ₪ לתשלום עד ליום 31.7.16. הנאשם מוכרז כסוחר סמים.",train
"הערכים החברתיים שנפגעו הם שמירה על שלום הציבור, ביטחונו ורכושו. לאור המקום בו בוצעה העבירה שהיה אמור להיות מקום מוגן, הפגיעה בערכים הייתה משמעותית יחסית. חלקו של נאשם 2 על פי כתב האישום היה מלא, אם כי לא דומיננטי, ונראה שהאירוע הובל על ידי הנאשם 1. נאשם 2 היה צריך לדעת את הפסול במעשיו ולהימנע מהם. בסופו של עניין לא נגרם נזק כבד, אם כי היה קיים פוטנציאל לכך. מתחם הענישה נמצא בין 12 – 40 חודשי מאסר בפועל. בתוך המתחם יש להתחשב בהודאתו המוקדמת של הנאשם 2 ולקיחת האחריות שיש בכך. לחובתו עבר פלילי קודם וחזרתיות על דפוס התנהגות פסולה. כמו כן יש להתחשב ברקע המשפחתי הבעייתי שתואר בתסקיר. מכל האמור הנני מטיל על נאשם 2 ענישה כדלקמן: 24 חודשי מאסר בפועל שמתקופה זו תנוכה תקופת המאסר מיום 24.7.20. מאסר על תנאי לתקופה של 9 חודשים למשך 3 שנים מיום שחרורו, שיופעל במידה והנאשם יבצע את העבירה בה הוא הורשע או עבירת אלימות אחרת מסוג פשע;",train
"השימוש בסמים מסוכנים – ובייחוד סמים קשים כגון הרואין - פוגע ביחידים בחברה ופוגע במרקם החברתי. העבירות אשר באמצעותן מופצים ונסחרים סמים מהוות את המנוע שמניע את מעגל הסמים. המחוקק רואה בעבירות אלו עבירות חמורות ולא בכדי מוטלים בגינן עונשים כבדים על ידי בתי המשפט (ע\פ 3759/03 יצחק תמיר נ' מדינת ישראל (19.2.2004)). יחד עם זאת, וכפי שעולה מהפסיקה שהובאה על ידי הצדדים, קיים מגוון רחב בין תקופות המאסר המוטלות בקשר לעבירות הסמים, בהתאם לנסיבות המקרה ונסיבותיהם של המעורבים בו. במקרה דנן מצאתי כי הנסיבות הבאות הן רלוונטיות במיוחד לעניין העונשים שיש להטיל על כל הנאשמים (כאשר השיקולים האינדיוודואליים לכל נאשם יפורטו בהמשך): כמות הסם- הצדדים חלוקים ביחס לדרך בה יש לשקול, תרתי-משמע, את כמות הסם. מבחינה פורמלית על פי לשון החוק, מדובר בכמות סם מסוכן של , כמות נכבדה, כאמור בטענות המדינה. מאידך, לאור העובדה כי הנאשם 3 הציע למכור לטבח הרואין והציע עוד כי הכמות תוגדל על ידי ערבובו עם חומר הערבוב – הכל בידיעת הטבח ושיתופו בנעשה אשר עוד נעשה לעיניו, והעובדה כי כתב האישום תוקן כדי לשקף מהלך זה, יש מקום להתיחס אל משקל הנטו הפורמלי של הסם בערבון מוגבל במידה מסויימת. מועד ההודאה בעובדות כתב האישום - יש מקום לקחת בחשבון את העובדה כי כל שלושת הנאשמים ראו לנכון להודות בכתב האישום המתוקן ללא שהיה צורך לשמוע עדים או לנהל את המשפט. יתר על כן הם הודו במסגרת הסדר חלקי אשר לא כלל הסכמה בעניין העונש, מהלך שאינו פשוט עבור נאשמים. הנאשמים כאן הם בין הראשונים מתוך נאשמים רבים נגדם הוגשו כתבי אישום במסגרת מבצע הסוכן הנוכחי שהואשמו בעבירות סמים שהודו""",train
"משך 3 שנים מיום שחרורו שיופעל במידה והנאשם יעבור עבירת אלימות מסוג עוון. פיצוי בסך 1,500 ₪ למתלוננת כאשר מסכום זה יש להפחית את הסך של 920 ₪ שיועברו למתלוננת ע\י משטרת ישראל אשר מחזיקה בהם. בהתחשב במצבו הכלכלי של הנאשם, לא אטיל בנוסף קנס. המאסרים על תנאי בת\""פ 22491-09-13 ות\""פ 51626-02-14 יופעלו בחופף כאשר התנאי הנוסף של 8 חודשים יופעל מחציתו בחופף ומחציתו במצטבר כך שבסופו של דבר ירצה עונש של 4 חודשים במצטבר לעונש כאן. למען הסדר יצויין כי בסופו של דבר ירצה הנאשם עונש של שנתיים ועשרה חודשים מאסר בפועל. כמו כן אבקש משירות בתי הסוהר לשקול אפשרות קליטת הנאשם במסגרת תכנית לגמילה מסמים, בהתאם לבקשתו.""",train
"הנאשם 1 יליד 1989 והוא כבן 34. לחובתו הרשעה מתאריך 12.12.22 בעבירות תכנון ובנייה ולחובתו עבר תעבורתי הכולל 3 הרשעות. הנאשם 1 נעצר ביום 24.4.22 ושהה במעצר עד ליום 3.7.22, אז הורה בית המשפט על מעצרו בפיקוח אלקטרוני. בסך הכל הוא שהה במעצר כ-70 ימים. נפגעו הערכים החברתיים המוגנים של שמירה על שלום הציבור ושמירה על שלומם של המשתמשים בדרכים. על פי התיאור שעולה מכתב האישום המתוקן, מדובר בפגיעה משמעותית יחסית בערכים המוגנים. אין מדובר במעשה מתוכנן אלא תגובה ספונטנית; עם זאת, הנאשם היה צריך להיות מודע לפסול במעשיו ואין ספק שיכל להיגרם נזק משמעותי ביותר כתוצאה מהם. הנאשם לא קרוב לשום סייג לאחריות פלילית. מתוך האמור ומתוך מדיניות הענישה הנני קובע שמתחם הענישה ההולם נמצא בין 30 ל-60 חודשי מאסר בפועל. באשר לנסיבות שאינן קשורות לביצוע העבירה, לטובת הנאשם יצוינו הודאתו שמסמלת קבלת אחריות, וכן קבלת האחריות שביטא בפני שירות המבחן. כמו כן אין ספק שהשמתו במאסר תשפיע לרעה על משפחתו. באשר לשאלה אם להעדיף נתיב שיקומי על פני נתיב עונשי הגעתי למסקנה שיש לקבל את המלצת שירות המבחן כאשר עולה מהתסקיר כי קיים סיכוי ממשי שהנאשם ישתקם. הנאשם אמנם נמצא בשלב ראשוני אך יהיה ניתן לעמוד על התקדמותו במהלך תקופת המבחן שתיקבע. אשר על כן, הנני מטיל עונשים כדלקמן: 9 חודשי מאסר שירוצו בעבודות שירות בהתאם להמלצת הממונה. 12 חודשי מאסר על תנאי משך 3 שנים מיום שחרורו, כאשר התנאי יופעל במידה והנאשם 1 יבצע עבירה בה הורשע, או עבירות אלימות מסוג פשע . קנס בסך 5,000 ₪ לתשלום עד יום 31.12.2024.",train
"הנאשם 2 עצור מיום 21.2.20, בן 24 ללא עבר פלילי. הערכים המוגנים שנפגעו הם שמירה על שלום הציבור ובטחונו, כאשר עבירות הנשק פוגעות בצורה משמעותית בערכים אלה. במקרה דנן, היה מדובר בעבירה שתוכננה, כאשר הנאשם נשא עמו את הנשק והתחמושת. יחד עם זאת, כפי שפורט בכתב האישום המתוקן, הירי שבוצע לא פגע באדם וגם לא יוחס אליו ספציפית. הנאשם 2 היה הגורם הדומיננטי בביצוע העבירות, לעומת הנאשם 1, שחלקו פחות בהרבה. בנסיבות ובהסתמך על הפסיקה שהוגשה, נראה לי שמתחם הענישה ההולם נמצא בין 2-5 שנות מאסר בפועל, כאשר יצוין שבשנים האחרונות חלה החמרה בענישה. שוכנעתי שהנאשם באמת מהווה גורם מסייע לאביו, בעקבות מצב בריאותו, ואביו תלוי בו במידה רבה, לצורך ביצוע פעולות יומיומיות. מכך יוצא שכליאתו תפגע במשפחתו מעבר למידה הרגילה, ויש לצער על כך. כמו כן, הנאשם הודה בשלב מוקדם מאוד של ההליך ונערך הסכם סולחה בין הצדדים. מכל האמור, הנני מטיל עונשים כדלקמן: 34 חודשי מאסר בפועל, שמהם תנוכה תקופת המעצר מיום 21.2.20. מאסר על תנאי לתקופה של 9 חודשים למשך 3 שנים שיופעל במידה והנאשם יעבור עבירות נשק מסוג פשע.",train
"מיום 14.5.20; מאסר על תנאי לתקופה של 12 חודשים למשך 3 שנים לאחר שחרורו, כאשר התנאי יופעל במידה והנאשם יבצע עבירת הצתה ו/או אלימות מסוג פשע; פיצוי לכל אחד משני המתלוננים בסך 5,000 ₪, לתשלום עד ליום 1.6.22. ביחס למעצר על תנאי בתיק ת\פ 52540-11-15, נראה לי שבעקבות הניסוח המיוחד בו נקט בית המשפט, אין מקום להפעילו, וזאת למרות שככלל, עבירת הצתה מוגדרת כעבירת אלימות.""",train
"בעבירת הנשק הערכים החברתיים המוגנים שנפגעו היו שמירה על שלום הציבור ומניעת הפצת נשק בלתי חוקי אשר הפצתו מגבירה את הפשיעה האלימה בחברה. הפגיעה בערכים האמורים היתה מהותית, כאשר מדובר בנשק עם תחמושת רבה. הנאשם 1 היה המבצע הדומיננטי. לגבי עבירת הסמים נפגעו הערכים של שמירת על שלום הציבור ובריאותו. הנאשם 1 אחראי בלעדי בעבירה זו. בשתי העבירות מדובר בפגיעה בינונית ומעלה בערכים בייחוד לאור כמות התחמושת וכמות הסם. העבירות כללו תכנון, שהרי האמל\ח והסמים הושמו ברכב במטרה להובילם ליעד כלשהו. לאור אופיין של העבירות (נשק וסמים) היה צפוי להגרם נזק כתוצאה מביצוען. הנאשם היה צריך לדעת את הפסול במעשיו ולהמנע מהם. היות שמדובר באירוע אחד המקרה מתאים לפסיקת עונש כולל. בהתחשב באמור לעיל ובמדיניות הענישה שהובאה בפסיקה – כאשר לדעתי הפסיקה שהובאה על ידי המדינה רלוונטית יותר למקרה מאשר הפסיקה שאוזכרה על ידי הסנגור – הנני קובע מתחם ענישה הולם בין 2-4 שנות מאסר. באשר לקביעת העונש בתוך המתחם, לקולא יש לציין את הודאתו המוקדמת של הנאשם בביצוע העבירות ולקיחת האחריות בגינן על ידו. כמו כן, נסיבותיו האישיות ובייחוד מצבו הנפשי מהוות עוד שיקול לקולא. לחומרא, אין זו הפעם הראשונה שהנאשם מסתבך עם החוק כאשר הוא כבר הסתבך בעבר עם עבירת נשק (אמנם פחות חמורה), ואולם יש לציין כי אין לחובתו עבר פלילי מכביד נוסף. יוער עוד כי לא מצאתי כי הונח יסוד מספיק לטענות הסנגור למעין אכיפה בררנית כאשר הטענה מתבססת על ממצא בודד ואין תמונה ראייתית רחבה יותר באשר למעורבותו של אדם אחר שנגדו לא הוגש כתב אישום. אשר על כן הנני מטיל על הנאשם עונשים כדלקמן: 3 שנות מאסר בפועל כאשר מתקופה""",train
"על ידי התביעה ואשר הועמדה על 4 שנים). סבורני שלנוכח בחינה יחסית של מעורבות השניים במזימה העבריינית (עד כמה שזו עולה מעובדות כתב האישום כפי שזה הונח לפניי אל מול העובדות שצויינו בגזר הדין בעניינו של סאאר) ראוי לקבוע בעניינו של הנאשם שלפניי מתחם עונשי נמוך יותר מזה שנקבע בעניינו של סאאר. לפיכך ובשקלול הנתונים כולם, ובפרט העובדה שמדובר כאן באקדח (ולא בנשק אוטומטי) ובעובדה שקבעתי שחלקו של הנאשם בעסקה לא היה מרכזי (אל מול חלקו של סאאר), הגעתי לכלל דעה שמתחם הענישה נע בין 20 חודשי מאסר לבין 42 חודשי מאסר לריצוי בפועל לצד עונשים נלווים. גזירת העונש המתאים לנאשם (סעיף 40יא) משנקבע מתחם העונש ההולם, נותר לי רק לקבוע את העונש הספציפי, אותו ראוי שהנאשם יישא לנוכח מעורבותו בעסקה הנ\ל בהתחשב בעיקר בנסיבותיו האישיות אשר אינן קשורות בביצוע העבירה. אמנה, להלן, את השיקולים העיקריים שראוי להתייחס אליהם בהקשר זה: עונש מאסר חמור יפגע פגיעה קשה בנאשם לנוכח גילו הצעיר, לנוכח מצבו הרפואי ולנוכח רצונו להשתקם ולהתחיל חייו כאזרח מועיל ותורם. מעשיו של הנאשם כבר פגעו בבני-משפחתוׂ, משפחה מכובדת, כאשר אבי-המשפחה מועסק בבתי-הזיקוק, אחיו שירת בצה\""ל בתפקיד לחימה וגישוש ואח נוסף מנהל עסק לממכר חומרי בניין. מעשיו המיטו קלון על המשפחה והדברים ניכרו מדבריו של האב, אשר העיד לפניי. התרשמתי שהמשפחה נחושה \""ליטול את הנאשם בידיים\"" ולפעול לשיקומו לבל ייגרר שוב למעגל הפשיעה. כתוצאה מביצוע העבירה נעצר הנאשם וחייו עצרו מלכת. הוא טרם נישא; טרם החלה השתלבותו במעגל העבודה והוא טרם עבר להתגורר בבית, אשר בני-משפחתוׂ הכינו בעבורו. הנאשם נטל אחריות מלאה על מעשיו ועושה מאמצים לחזור למוטב. מתעודת ההוקרה שקיבל במהלך כליאתו אני למד""",train
"נאשם 2 הוא יליד 19.1.2001, ללא עבר פלילי. הוא היה עצור בפועל מיום 6.10.22 ועד ליום 21.12.22, ואז נעצר בפיקוח אלקטרוני. אין ספק, כפי שטענה המדינה, שעבירות הנשק מהוות מכה רעה בחברה ושיש לפעול למיגור התופעה ועל בתי המשפט לתרום לסיכולה על ידי ענישה מרתיעה ומחמירה (ע\פ 4406/19 מדינת ישראל נ' סובח (5.11.19)). במקרה דנן הערכים החברתיים שנפגעו על ידי מעשי הנאשם 2 היו שמירה על שלום הציבור, שלמות הגוף והגנה על החיים. הייתה גם פגיעה בקניין הציבורי. העבירות תוכננו מבעוד מועד והנאשם 2, על אף גילו הצעיר, היה צריך לדעת ולהבין את הפסול הברור ממעשיו ולהימנע מביצועם. ישנה חומרה נוספת בכך שהעבירות בוצעו ע\""י הנאשם בהיותו חייל בסדיר וכן בכך שמדובר בכמות משמעותית של תחמושת תואמת נשק התקפי. מכל האמור ועל בסיס הפסיקה שהוגשה, הנני קובע את מתחם הענישה ההולם שבין 24 – 55 חודשי מאסר בפועל, אולם במקרה זה ולמרות עונש המינימום שחל, יש מקום להעדיף את הפן השיקומי, כאשר עולה מהתסקירים שישנם סיכויים ממשיים לכך שהנאשם ישתקם ועל כן יש מקום לסטות ממתחם הענישה ולהטיל בשלב זה ענישה כמומלץ בתסקיר. אשר על כן אני מטיל ענישה כדלקמן: - 9 חודשי מאסר לריצוי בעבודות שירות, בהתאם לחוות דעתו של הממונה על עבודות השירות. - 12 חודשי מאסר על תנאי משך 3 שנים כאשר התנאי יופעל במידה והנאשם יבצע עבירות נשק או אלימות מסוג פשע. - תקופת מבחן של 12 חודשים.""",train
6 חודשי מאסר בפועל לריצוי בעבודות שירות בתנאי שתתקבל חוות דעת חיובית מהממונה על עבודות השירות. 12 חודשי מאסר על תנאי למשך 3 שנים כאשר התנאי יופעל במידה ויעבור עבירת נשק מסוג פשע.,train
"ומעקב אצל שירות המבחן מאז וחלה התקדמות ושיפור בהתנהגותם. נראה ביחס אליהם כי מדובר במעידה חד פעמית (לעת-עתה) ושיש להעדיף את דרך השיקום על פני ענישה באמצעות כליאתם. ביחס לנאשם 3 המצב מורכב יותר, בעיקר מפאת העובדה שלחובתו עבר פלילי משמעותי, ואולם בעניינו יצוין שהוא עשה מאמצים כדי להיפרד ממסלול חיים מפר חוק, פתח עסק והסתדר לקראת נישואים, עד המקרה הנוכחי שניתן לראות בו מעידה. לגביו יצוין שבעבר הוא לא הסתבך בעבירות נשק והמקרה הנוכחי נראה כחריג ולא הדרדרות נוספת בהתנהגות. לגביו יש גם לציין את עיקרון אחדות הענישה כאשר הוא כבר ריצה תקופה משמעותית מאחורי סורג ובריח. אשר על כן הגעתי למסקנה שיש להטיל עונשים כדלקמן על הנאשמים 1-2: צו מבחן לתקופה של 18 חודשים לצורך נקיטת הליך טיפולי במסגרת שירות המבחן ובהתאם לתכנית שתוגש על ידו. מאסר לתקופה של 6 חודשים שירוצו בעבודות שירות בתנאי שיתקבל אישור הממונה על עבודות השירות. מאסר על תנאי לתקופה של 6 חודשים במשך 3 שנים כאשר התנאי יופעל במידה והנאשמים יעברו כל אחת מהעבירות בהן הם הורשעו על פי חוק העונשין. קנס כספי בסך 10,000 ₪ (כל אחד מהנאשמים) לתשלום עד ליום 1.9.2018. ביחס לנאשם 1 הוא ייפסל מלהחזיק רישיון נהיגה למשך שנה מיום גזר הדין ופסילה על תנאי לתקופה נוספת זהה למשך 3 שנים במידה ויעבור עבירות תעבורה שאינן ברירת קנס. לא מצאתי שיש מקום להורות על חילוט הרכב כאשר לטעמי יהא בכך הכבדה כלכלית מעבר למידה בנסיבות המקרה ויש להסתפק בקנס והעונשים האחרים שהוטלו. עונש של מאסר בפועל הזהה לתקופת המעצר עד היום. עונש זה מגיע לכדי 8 חודשים, תקופה המגיעה כמעט לרף התחתון של מתחם",train
"במקרה דנן הערך החברתי שנפגע הוא הזכות לשלמות הגוף, השמירה על שלום הציבור ושמירה על שלטון החוק. אין צריך לומר שכאשר מדובר בביצוע ירי - ועוד מטווח קרוב - בכוונה לפגוע באחר, תוך כדי גרימת נזקים גופניים רציניים, מידת הפגיעה בערכים האמורים גבוהה. מדיניות הענישה המשתקפת מן הפסיקה במקרים דומים מחמירה. באשר לנסיבות הקשורות בביצוע העבירה, אין ספק שהעבירה דרשה תכנון מוקדם משמעותי. כפי שעולה מהכרעת הדין, הנאשם הצטייד בנשק ובכפפות ועשה את דרכו לביתו של המתלונן תוך כדי הפרת תנאים מגבילים שחלו עליו. חלקו של הנאשם בביצוע העבירה הוא בלעדי ולא נראה שאדם אחר השפיע עליו או דחף אותו לביצועה. הנזק שהיה צפוי להיגרם מביצוע העבירה היה משמעותי ורק פסע הפריד בין פגיעה חמורה יותר ואולי אף פגיעה קטלנית במתלונן. הסיבות אשר הביאו את הנאשם לביצוע העבירה היו פסולות וקשורות לעדות שהמתלונן עמד לתת נגדו. הנאשם יכל להימנע בכל שלב מביצוע העבירה. באשר לגילו, אמנם מדובר באדם צעיר, אבל לא הייתה כל מניעה שיבין את הפסול במעשיו, שהרי הוא אדם אינטליגנטי ונבון. מכל מקום הפסיקה אינה אחידה ביחסה לבגירים צעירים (ראו האסמכתאות לעיל). מכל האמור הגעתי למסקנה, שמתחם הענישה הסביר נמצא בין 9 עד 13 שנות מאסר. בשולי הדברים יוער כי יש לראות בעבירות השונות אירוע אחד. באשר לשיקולים הספציפיים לעונש שייגזר, הנאשם כאמור אינו נוטל אחריות היות והוא מכחיש את ביצוע המעשה. בנוסף, לחומרה העובדה כי המעשה בוצע על רקע כעס בנוגע למעשה פלילי אחר של הנאשם (השוד) ועדותו של המתלונן נגדו. הנאשם בא מרקע נורמטיבי ולא מצאתי כי קיימות נסיבות משפחתיות מקלות. הלכה למעשה השיקול המרכזי לטובתו הינו כי הוא אדם צעיר, ואולם",train
"5576/10 פלוני נ' מדינת ישראל (14.4.2011) שלושהנאשמים צעירים (אחד מהם קטין) ללא עבר פלילי תקפו צעירים אחרים על רקע שתיית אלכוהול ללא התגרות. לנפגעים נגרמו פציעות משמעותיות. הוטל על שני הנאשמים הבוגרים 4 שנות מאסר בפועל בערכאה הדיונית אשר הומתקו ל- 3 שנות מאסר בפועל בערעור לאור עקרון אחדות הענישה. בת\פ (ת\""א) 40070/01מדינת ישראל נ' קפוסטין בוריס (11.11.01) (וגזר דין נוסף באותו מקרה מיום 25.2.02) הוטלו על שני הנאשמים 5 שנות מאסר בפועל ו-7 שנות מאסר בפועל בהתאמה. היה מדובר בתקיפה אכזרית על ידי חבורת צעירים של אדם מבוגר שנקרה על דרכם בעת שהיו שתויים. יוער כי לנאשמים היה עבר פלילי מקיף בהרבה מאשר הנאשמות בפניי ולקרבן נגרמו נזקים קשים יותר; בת\""פ (חי') 7152/08 מדינת ישראל נ' אור חושן כהן אילני (16.7.09) תקפה הנאשמת בצורה אכזרית את חברותיה בסכין ללא התגרות מצידן ובית המשפט הטיל עונש של 6 חודשי מאסר שירוצה בעבודות שירות לאור סיכויי השיקום שמצא ועל מנת שלא לפגוע בבנה הפעוט של הנאשמת; בת\""פ (חי') 7040-08 מדינת ישראל נ' רכארדו עטאללה (28.6.2008) וע\""פ 900/11 רכארדו עטאללה נ' מדינת ישראל (7.12.2011) - הנאשמים תקפו אחרים באכזריות תוך כדי שימוש באלה על רקע של מה בכך. שם הוטלו עונשים של 6 חודשי מאסר לריצוי בעבודות שירות כאשר היה מדובר בנאשם אחד עם בעיות נפשיות אך נורמטיבי וחיובי ללא עבר פלילי ולגבי הנאשם השני במסגרת הערעור שונה עונש של מאסר בפועל שהוטל לעונש של עבודות שירות לאור עקרון אחדות הענישה; בת\""פ 15816-06-09 מדינת ישראל נ' זידאני (20.5.2010) אירע מקרה בו הותקף המתלונן בחוף הים על רקע של מה בכך. בית המשפט העדיף שיקולי שיקום לאור העדר עבר""",train
"לו, לאחוז בה בשתי ידיו ולנצלה על-מנת להתחיל חייו כאזרח מועיל תורם ושומר-חוק. לפיכך, מוטלות על הנאשם 4 שנות מאסר, שמהן יהיו 22 חודשים לריצוי בפועל מיום מעצרו; היתרה תהא על-תנאי שלא יעבור עבירה על סעיפים 143 או 144 לחוק העונשין. עונש המאסר המותנה בן 12 חודשים אשר הוטל על הנאשם במסגרת תיק מחוזי חיפה 62756-1-2014 מופעל בזאת כשחציו מצטבר לעונש המוטל כאן וחציו חופף לו. על הנאשם יהא אפוא, לרצות 28 חודשי מאסר מיום מעצרו. כן מוטל על הנאשם קנס בסך של 3,000 ₪ שישולם עד יום 1.1.17. לא ישולם הקנס במועדו, יהא על הנאשם לרצות 30 ימי מאסר תמורתו. מוטלת על הנאשם פסילת רישיון נהיגה למשך 12 חודשים שתרוצה מיום שחרורו מן המאסר. התבקשתי להורות על חילוטו של כלי הרכב אשר שימש את הנאשם בביצוע מעשי העבירה שבהם הורשע. מכוח הוראת סעיף 39(ב) לפקודת סדר הדין הפלילי, ולנוכח הצהרה אשר נמסרה לבית המשפט בחתימת אחותו של הנאשם (אשר כלי הרכב רשום על שמה) שלפיה היא מסכימה לחילוטו, ניתן בזאת צו לחילוט רכב מסוג מאזדה ל.ז.",train
"במקרה דנן נפגעו הערכים המוגנים של שמירה על שלום הציבור ושמירה על שלמות הגוף, כיוון שמדובר בעבירות נשק אין מנוס ממסקנה שמדובר בפגיעה משמעותית בערכים המוגנים האמורים. יצוין שאך לאחרונה חזרה הפסיקה והדגישה שיש להחמיר בכל הקשור לעבירות הנשק המסכנות את החברה וליחידיה (ע\פ 5993/21 חוסין אבו סאלח נ' מדינת ישראל (29.11.21)). במקרה זה קדם תכנון לביצוע העבירה בכך שהנשק הוסתר בפאוץ'. חלקו היחסי של הנאשם היה מלא והיות שמדובר בעבירות נשק, צפוי היה להיגרם נזק משמעותי והנאשם היה צריך להבין את הפסול שבמעשיו. על בסיס הפסיקה שהוגשה על ידי הצדדים, ובעיקר הפסיקה מטעם המדינה, יש מקום לקבוע מתחם ענישה שבין 20 – 48 חודשי מאסר בפועל. בכל הקשור לפסיקת העונש בתוך המתחם, אומנם לנאשם נסיבות חיים קשות והוא גדל בתנאים של חסכים משמעותיים; עם זאת לחובתו עבר פלילי משמעותי למרות גילו הצעיר, הוא נידון בעבר למאסרים בגין עבירות שונות לרבות עבירות אלימות לתקופות מאסר משמעותיות שלא הניאו אותה מלחזור ולהפר את החוק. כמו כן הוא השתחרר ממאסרו האחרון רק במרץ 2019. מאידך, נלקחו בחשבון תהליכי שיקום שהוא עובר כעת במהלך מעצרו כפי שדווח על ידי רשויות שב\""ס. הנני מטיל על הנאשם עונשים כדלקמן: - 30 חודשי מאסר בפועל, מהם תנוכה תקופת מעצרו החל מיום 17.10.21; - מאסר על תנאי של 9 חודשים לתקופה של 3 שנים מיום שחרורו, כאשר התנאי יופעל במידה והנאשם יבצע עבירת אלימות או עבירת נשק מסוג פשע; בהתחשב בנסיבותיו האישיות של הנאשם לא מצאתי מקום להטיל קנס.""",train
"הערכים החברתיים המוגנים שנפגעו היו שמירה על שלמות הגוף, הסדר הציבורי ושמירה על הקניין. רמת הפגיעה הייתה בינונית- נמוכה כאשר מתוך הסרט אמנם עולה שנעשה שימוש בסכין (לא נמצא תימוכין לטענת הנאשם שמדובר היה מסכין מפלסטיק) אך השימוש היה חובבני ומהוסס. עלה שהנאשם התכונן בעוד מועד ותכנן את ביצוע העבירה, לפחות ברמה בסיסית. הוא היה צריך לדעת את הפסול במעשיו ויש עוד להעיר שלאור השימוש בנשק קר צפוי היה להיגרם נזק גדול יותר מזה שאשר נגרם. בנסיבות העניין טווח הענישה ההולם נמצא בין 18-36 חודשי מאסר בפועל. מבחינת קביעת העונש בתוך המתחם, אמנם הנאשם נמצא בלחץ כלכלי אישי רציני, שכפי הנראה שיבש לו את החשיבה, ואולם מדובר באדם בוגר, וזה אינו יכול להוות שיקול מהותי לקולא. לקולא יש לציין את עברו הנקי של הנאשם ואת החרטה שהוא מביע בקשר למעשיו. 18 חודשי מאסר בפועל מהם תנוכה תקופת מעצרו מיום 29.8.18. 6 חודשי מאסר על תנאי למשך 3 שנים מיום שחרורו, כאשר התנאי יופעל במידה והנאשם יעבור עבירת אלימות מסוג פשע. פיצוי למתלוננת (עובדת תחנת הדלק) בסך 5,000 ₪ לתשלום החל מהראשון לחודש שיחול בראשון לחודש לאחר שחרורו.",train
"לקולא, יצויין גילו הצעיר של הנאשם, העדר עבר פלילי לחובתו והעובדה שכיום הוא עובד למחייתו וחי חיים נורמטיביים. בנוסף, יצויין שאין מקום להכביד על הנאשם בגין ניהול ההליך, אולם אין הוא זכאי להקלה לה זכאים נאשמים אשר מודים באשמתם. במקרה זה התסקיר לא היה שלילי ואולם לא הצביע על אפשרויות שיקום. אשר על כן, אני מטיל על הנאשם עונשים כדלקמן: מאסר בפועל לתקופה של שלוש וחצי שנים. בניכוי תקופת מעצרו החל מ- 17/5/12 עד 2/7/12. מאסר על תנאי לתקופה של 12 חודשים למשך 3 שנים מיום שחרורו, שיופעל במידה ויעבור עבירה של שוד או עבירת אלימות אחרת מסוג פשע.",train
"ניתן בזה צו לחילוט הנשק. 6 חודשי מאסר בפועל. 6 חודשי מאסר על תנאי למשך 3 שנים כאשר התנאי יופעל במידה ויעבור עבירות אלימות במשפחה. פיצוי למתלוננת בסך 2,500 ₪ לתשלום חודש לאחר שחרורו.",train
"הנאשם יליד 1980 כבן 41 כיום ועצור מיום 13.4.21. הערכים החברתיים המוגנים שנפגעו היו שמירה על שלום הציבור וביטחונו. לאור העובדה שמדובר בעבירות נשק יש לקבוע כי מדובר בפגיעה לכל הפחות ברף הבינוני של הערכים. באשר לתכנון, אומנם הנאשם יצא מביתו כאשר הנשק ארוז בתוך תיק אך לא התבררה תכלית היציאה ועל כן אין זה ברור מידת התכנון שקשורה בעבירות. עם זאת הנאשם הוא אדם בגיר כבן 41 והיה צריך לדעת את הפסול שבמעשיו ולהימנע מהם. לנאשם אין עבר פלילי מכביד ונראה שהוא עושה מהלכים ראשוניים במסגרת מעצרו לצרכי שיקום. בהתבסס על הפסיקה שאוזכרה לעיל והצורך בהחמרת הענישה יש לקבוע מתחם ענישה שבין 18 חודשים ל-45 חודשי מאסר בפועל. בתוך המתחם יש להתחשב בעובדה שלנאשם אין עבר פלילי מכביד ובנוסף בהודאתו שנראית על פניה ככנה, ובנוסף על כך נטילת האחריות וההודאה בשלב מוקדם של ההליך. אשר על כן אני מטיל על הנאשם את העונשים כדלקמן: 24 חודשי מאסר בפועל מהם תנוכה תקופה מעצרו החל מיום 13.4.21;",train
"אינוס קטינה בת משפחה – היא העבירה החמורה יותר מבין העבירות בהן הורשע הנאשם – הוא עונש של 20 שנות מאסר. לא בכדי הוּשוותה לעיתים עבירת האונס – קל וחומר אינוס של קטינה בידי אביה –\להריגת\"" הקורבן, שהעונש בגין עבירה זאת אף הוא 20 שנות מאסר. אף שקבענו כי מדובר ב\""אירוע\"" אחד, ראוי להבהיר כי המונח \""אירוע\"" רחב יותר מ\""מעשה\"", ומכאן שהעונש המירבי בגין \""אירוע\"" יכול להיות חמור יותר מאשר העונש המרבי הנקוב בצידו של המעשה החמור ביותר מבין כל המעשים ובעצם, העונש המירבי שניתן לגזור בגין \""אירוע\"" הכולל מספר \""מעשים\"" הוא העונש המצטבר מסיכום העונשים המירביים בגין כל המעשים. יחד עם זאת, אין לפרש את האמור לעיל כקובע שהעונש המירבי המצטבר הנ\""ל מהווה את הרף העליון של מתחם העונש ההולם של ה\""אירוע\"", ובדרך כלל אף יהיה נמוך בהרבה ממנו (פרשת בני ג'אבר – עמ' 32, 37). הואיל ומתחם העונש ההולם מושפע גם ממדיניות הענישה הנהוגה, ראוי להפנות לפסק דינו של בית המשפט העליון, שניתן לאחרונה, בע\""פ 2911/11 פלוני נ' מדינת ישראל [פורסם בנבו] (2.10.14), שם קיבל בית המשפט העליון את ערעורו של נאשם, אשר במשך יותר מחצי שנה אנס את בתו, ביצע בה מעשי סדום ומעשים מגונים ואף נקט באיומים ואלימות חמורה כלפיה. בית המשפט העליון העמיד את תקופת המאסר בפועל על 14 שנים, במקום 17 שנות מאסר בפועל שגזר בית המשפט המחוזי. מצד אחד התקופה במהלכה בוצעו העבירות באותו מקרה היתה הרבה יותר קצרה, ומכאן יש להניח שמספר העבירות מצומצם יותר מאשר במקרה שבפנינו. מצד שני, המערער שם ניהל משפט והמתלוננת העידה במשך מספר ישיבות, ובענייננו הנאשם הודה וחסך את עדות בתו. עוד נציין""",train
"הערכים המוגנים שנפגעו כתוצאה מביצוע העבירה היו שלמות הגוף ושמירה על שלום הציבור. לאור אופיין והיקפן של הפגיעות מדובר בפגיעה משמעותית בערכים האמורים, אף אם חלה טעות בזהות הקרבן וכי נפגע בסופו של דבר קרוב משפחתו של הנאשם. מתיאור העובדות בכתב האישום המתוקן עולה כי אין מדובר באירוע מתוכנן אלא פרץ של אלימות פתאומית, בעיקר על רקע הדקירה בה נדקר הנאשם. אף על פי כן, הנאשם נושא באחריות מלאה בגין הסלמת האירוע לממדים אליו הגיעו. עם זאת, יש לקחת בחשבון במסגרת הנסיבות, התקיפה שבוצעה כלפי הנאשם (כאשר התוקף לא הועמד לדין). בנסיבות המקרה מתחם הענישה ההולם נמצא בין 12-40 חודשי מאסר בפועל. במקרה זה ניתנו, בעקבות בקשות לארכות, הזדמנויות להראות כי יש סיכוי ממשי לשיקום. על אף זאת, ועל אף שנראה כי קיימת התקדמות מסוימת בגישתו, לא ניתן לקבוע כי קיימים סיכויים ממשיים לשיקום, או שהשתקם, כאשר נראה כי מה שמניע את הנאשם הינו בעיקר החשש מהמחירים שהוא עלול לשלם בגין התנהגותו האלימה. באשר לקביעת העונש בתוך המתחם, יש לקחת בחשבון את בחירתו שלא לנהל את ההליך, החיסכון בזמן שיפוטי, וההתקדמות שכן תוארה במסגרת התסקירים. כמו כן, אין לחובתו עבר פלילי מכביד יתר על המידה. בסופו של דבר הנני מטיל על הנאשם עונש כדלקמן: 18 חודשי מאסר בפועל כאשר מתקופה זו תנוכה תקופת מעצרו מיום 8.9.21 ועד ל-12.11.21. 9 חודשי מאסר על תנאי למשך שלוש שנים כאשר התנאי יופעל במידה והנאשם יבצע עבירת אלימות מסוג פשע. קנס בסך 5,000 ₪ לתשלום עד ליום 1.7.23. הנאשם יתייצב לתחילת ריצוי עונשו ביום 1.5.23 בשעה 10:00 בבית המעצר קישון.",train
"בזמן השיפוטי. עוד שקלתי את עברו הפלילי של הנאשם, אשר כולל הרשעות קודמות בתחום הסמים ואת העובדה שעונשי מאסר בפועל, ואף העובדה שעונש מאסר על תנאי ריחף מעל ראשו במועד ביצוע העבירות, לא הרתיעו אותו מביצוען. נוכח האמור מצאתי למקם את העונש בחלק האמצעי של מתחמי העונש שקבעתי. אשר על כן, אני מטיל עונשים כדלקמן: 8 חודשי מאסר בפועל בגין האישומים הראשון והשני; ובנוסף, שלוש שנות מאסר בפועל בגין האישום השלישי. אני מורה על הפעלת עונש מאסר על תנאי בן 7 חודשים אשר הוטל במסגרת ת\פ 64274-07-18, 4 חודשים במצטבר ו-3 חודשים בחופף, כך שסך הכל ירצה הנאשם עונש של 4 שנים, בניכוי ימי מעצרו מיום 8.11.21. 12 חודשי מאסר על תנאי למשך 3 שנים מיום שחרורו כאשר התנאי יופעל במידה והנאשם יורשע בעבירות סמים מסוג פשע. פסילת רישיון נהיגה של הנאשם למשך 5 שנים. אני מטיל על הנאשם קנס כספי בסך 5,000 ₪ אשר ישולם עד ליום 1.4.2023.""",train
"שנרשמה במסגרת התסקירים. לטובת הנאשם 1 יש לציין את מילוי תפקיד התומך של הנאשם 1 במסגרת מעצרו. לגבי הנאשם 2 יש לקחת בחשבון שאין לו עבר פלילי. מכל האמור לעיל הגעתי למסקנה שיש להטיל על הנאשמים עונשים כדלקמן: 24 חודשי מאסר בפועל תוך ניכוי תקופת מעצרו מיום 11.5.16. 9 חודשי מאסר על תנאי למשך 3 שנים מיום שחרורו כאשר התנאי יופעל במידה והנאשם 1 מבצע עבירת אלימות מסוג פשע. פיצוי בסך של 5,000 ₪ למתלונן לתשלום עד ליום 31.1.17. המאסר על תנאי מת\פ 45595-03-14 (בית משפט השלום בעכו) בן 12 חודשים, יופעל חציו בחופף וחציו במצטבר. כך שבסך הכל ירצה הנאשם 1 עונש מאסר בפועל של 30 חודשים בניכוי תקופת מעצרו כאמור לעיל. 9 חודשי מאסר בפועל תוך ניכוי תקופת מעצרו מיום 1.5.16. 6 חודשי מאסר על תנאי למשך 3 שנים מיום שחרורו כאשר התנאי יופעל במידה והנאשם 2 מבצע עבירת אלימות מסוג פשע.""",train
"הנאשם נמצא במעצר מאז 31.1.23. במקרה זה נפגעו הערכים המוגנים של שמירה על הרכוש, שלום הציבור ובטחונו. היות שמדובר בעבירת הצתה, מדובר בפגיעה משמעותית באותם ערכים, כאשר יצוין שההצתה אירעה באזור מגורים והביאה לשריפת הרכב כליל. הסיבות שהביאו את הנאשם לביצוע העבירה תוארו בכתב האישום המתוקן היו פסולות והנאשם היה צריך לדעת אודות הפסול במעשיו ולהימנע מהם. מתחם הענישה ההולם בגין עבירות הצתה נע בין 24 – 48 חודשי מאסר בפועל. באשר לנסיבותיו האישיות של הנאשם, מדובר באדם ללא עבר פלילי קודם אשר הודה בביצוע המעשה. יצוין שהוגש הסכם סולחה לאחר סיום הדיון שעל פיו שולמו 20,000 ₪ כפיצוי. במקרה זה יש מקום לקבוע ענישה בתחתית המתחם, זאת בהתחשב בנסיבותיו האישיות של הנאשם, העדר עבר פלילי והודאתו המהירה. אשר על כן אני מטיל עונשים כדלקמן: 24 חודשי מאסר בפועל, מהם תנוכה תקופת מעצרו החל מיום 31.1.23 ועד היום. מאסר על תנאי של 9 חודשים למשך 3 שנים כאשר התנאי יופעל במידה והנאשם יבצע עבירת אלימות או רכוש מסוג פשע.",train
"הערכים החברתיים המוגנים שנפגעו הם ההגנה על חיי אדם ושלמות הגוף, הגנה על שלום הציבור ובטחונו, שמירה על הסדר הציבורי, הגנה על עובדי ציבור בכלל ושוטרים בפרט. בנסיבות המקרה הפגיעה בערכים היתה משמעותית. לעבירה קדם תכנון – לפחות בכל הקשור לשימוש בלתי חוקי ברכב ומהלך ביצוע העבירה לווה בתכנון מתגלגל; חלקו היחסי של הנאשם בביצוע העבירות בלעדי; באשר לנזק שהיה צפוי להיגרם מביצוע העבירות מעשיו של הנאשם מעידים על התנהלות עבריינית, על מסוכנות, זלזול בחיי אדם ובמערכת אכיפת החוק. אומנם כתוצאה ממעשיו של הנאשם לא נגרמו נזקים ואולם זאת בשל תגובותיהם של נהגים אחרים ולא בשל מעשי הנאשם. פוטנציאל הנזק בנסיבות אלו גבוה; לא היתה מניעה שהנאשם יבין את הפסול במעשיו. מתחם הענישה ההולם נע בין 20 – 48 חודשי מאסר בפועל. בהתחשב באמור בתסקיר אין מקום לסטות ממתחם הענישה מחמת שיקולי שיקום ואולם בענישה שתוטל יש לקחת בחשבון את קבלת האחריות מצידו של הנאשם אודות המעשים, הודאתו המוקדמת והמוטיבציה (הראשונית) מצד הנאשם לערוך שינוי, כמו גם גילו הצעיר ואישיותו הבלתי מגובשת. אודה גם שהתרשמתי מדברי הנאשם ואמו ונראה כי הוא בשל לערוך שינוי בחייו. יחד עם זאת, לא ניתן להמנע מהטלת ענישה משמעותית בהתחשב בעבירות שבוצעו. אשר על כן, הנני מטיל עליו עונשים כדלקמן: 28 חודשי מאסר בפועל אשר תנוכה מהם תקופת מעצרו מיום 8.7.19. 9 חודשי מאסר על תנאי למשך 3 שנים לאחר שחרורו אשר יופעלו במידה והנאשם יחזור ויבצע כל אחת מהעבירות המנויות בחוק העונשין עליהן עבר. פסילה מלהחזיק רישיון נהיגה משך שלוש שנים. בנסיבות איני רואה טעם להוסיף קנס כספי.",train
"אין צריך להכביר במילים על חומרתן של עבירות הנשק, בייחוד בתקופה הנוכחית בה כמעט ולא חולף יום ללא נפגעים בגוף ובנפש, בייחוד במגזר הערבי. יחד עם זאת, לא כל עבירות הנשק זהות בחומרתן ויש לזכור כי הענישה היא לעולם אינדיבידואלית. בעניין דנן הערכים החברתיים שנפגעו הינם בטחון הפרט והציבור והשמירה על הסדר הציבורי. בנסיבות ביצוע העבירות מידת הפגיעה בערכים האמורים הייתה בינונית עד נמוכה. בנסיבות המקרה לא ניתן לקבוע שקדם תכנון מהותי לביצוע העבירות. עם זאת, התקיים סיכון לגרימת נזק משמעותי לאור העובדה שמדובר בנשק חם ואולם, לא נגרם נזק בסופו של יום ועובדה זו פועלת לקולא. הסיבות שהביאו את נאשם 2 לביצוע העבירות היו פסולות והוא היה צריך לדעת את הפסול במעשיו ולהימנע מהם מלכתחילה. על בסיס מדיניות הענישה שפורטה ונסיבות המקרה ושמירה על אחדות הענישה בין שני הנאשמים, מתחם הענישה ההולם נמצא בין 9 חודשי מאסר בפועל ל- 36 חודשי מאסר בפועל. יצוין עוד כי התיקון לחוק בעניין עונש מזערי אינו חל אך יש מקום לקחת אותו בחשבון כרכיב במדיניות הענישה. במקרה דנן אין מקום לסטות ממתחם הענישה ההולם מפאת שיקולי שיקום, וזאת בעקבות התסקיר המשלים שהוגש בעניינו של הנאשם המצביע כי לדאבונו הנאשם לא סיים את ההליך הטיפולי שהחל בו וזאת בשל מעצרו בגין תיק אחר. לנאשם יש עבר פלילי הכולל עבירה אחת משנת 2009. יחד עם זאת, מדובר בנאשם עם נסיבות חיים קשות, שהודה וקיבל אחריות בפני בית המשפט וחסך זמן שיפוטי. עוד יוער כי יש מקום להתחשב בעקרון אחדות הענישה בקביעת עונשו של הנאשם כאן. אשר על כן, הנני מטיל על הנאשם עונשים כדלקמן: 14 חודשי מאסר בפועל בניכוי ימי מעצרו",train
"לבצע את העבירה היו פסולות והנאשמים יכלו להבין את הפסול במעשיהם ועניין זה חל ביתר שאת על הנאשם 1, שהוא המבוגר בבני המשפחה. באשר למתחם הענישה, קיים מנעד רחב בעניין זה. בהתחשב בנסיבות האירוע והשיקולים שפורטו לעיל, נראה לי שמתחם הענישה נע בין שישה חודשי מאסר בפועל ועד לשלוש שנות מאסר בפועל. ביחס לנאשם 1, ניתן תסקיר שלילי. בנוסף הוא בעל עבר פלילי, גם אם מדובר בעבר רחוק. לא ניתן לקבוע ביחס אליו שמדובר במעידה חד-פעמית. ביחס לנאשמים 2 ו-3 יש לציין לזכותם את עברם הנורמטיבי והחיובי כפי שבא לידי ביטוי בעדויות ובמסמכים שהוגשו מטעמם. בעניינם, ניתן לקבוע שמדובר במעידה חד-פעמית. אני ער להיעדר ההמלצה החיובית בתסקירים של הנאשמים 2 ו-3, ואולם נראה לי שבמכלול הדברים, יש לאזן את האמור בתסקירים אל מול קורות חייהם החיוביים וקווי האופי העולים מהם. אשר על כן, אני מטיל עונשים כדלקמן: 12 חודשי מאסר בפועל בניכוי הימים בהם שהה במעצר (19 ימים - מיום 20.5.16 ועד יום 7.6.16). הנאשם יתייצב לתחילת מאסרו ביום 28.1.18 בבית מעצר קישון כשברשותו תעודת זהות או דרכון. על הנדון לתאם את הכניסה למאסר, כולל אפשרות של מיון מוקדם עם ענף אבחון ומיון של השב\ס, טל: 08-978377, 08-9787336. 9 חודשי מאסר על תנאי למשך שלוש שנים ממועד שחרורו כאשר התנאי יופעל במידה והנאשם יבצע עבירות אלימות. 6 חודשי מאסר שירוצו בעבודות שירות בהתאם להמלצה שהתקבלה מאת הממונה על עבודות שירות. 6 חודשי מאסר על תנאי למשך שלוש שנים ממועד סיום ריצוי העונש כאשר התנאי יופעל במידה והנאשם יבצע עבירות אלימות. 6 חודשי מאסר שירוצו בעבודות שירות בהתאם להמלצה שהתקבלה מאת הממונה על עבודות שירות.""",train
"עבר פלילי נידונו ל-28 חודשי מאסר בפועל ונאשם ללא עבר נידון ל-24 חודשי מאסר בפועל. ע\פ 6001/13 אלמו קסה נ' מדינת ישראל (29.1.14), המערער הורשע לפי הודאתו בביצוע עבירת ניסיון שוד בנסיבות מחמירות. באותו מקרה המערער שהיה בגילופין הגיע לחנות נוחות ולאחר שמוכר בחנות סירב למכור לו בקבוק בירה נוכח השעה, המערער נכנס ויצא מהחנות מספר פעמים, ובסופו של דבר נכנס לחנות ושלף סכין מתקפלת שנשא על גופו, הניפה מול המתלונן כשהוא מאיים עליו בתנועת דקירה ודרש ממנו בצעקות וקללות שייתן לו כסף. המתלונן לא הצליח לפתוח את הקופה והמערער המשיך לאיים עליו עם הסכין, תפס בכוח בידו ועיקם את אצבעותיו, ובהמשך גם השליך עליו מוצרים שונים מהדלפק שפגעו בו וניסה לפתוח את הקופה בעצמו. בסופו של דבר נמלט מבלי לקחת דבר. בערכאה הדיונית נקבע מתחם ענישה הנע בין 2-5 שנות מאסר ועל הנאשם הוטלו 33 חודשי מאסר. בית המשפט העליון דחה את הערעור (למעט דחיית מועד תשלום פיצוי כספי שנפסק). בנסיבות תיק זה בהן מצד אחד העבירה בוצעה באמצעות סכין ומצד שני בסופו של דבר לא הופעלה כל אלימות והנאשם עזב את המקום מבלי שנטל דבר, מדובר באירוע נסיון שוד בנסיבות מחמירות המצוי ברף יחסית נמוך (ועבירות נלוות), ומתחם הענישה ההולם נע בין 20-40 חודשי מאסר בפועל. באשר לגזרת עונשו של הנאשם בתוך מתחם העונש ההולם שקלתי את הודאתו, לקיחת האחריות המגולמת בה והחיסכון בזמן שיפוטי יקר. עוד שקלתי כי מדובר בנאשם שזוהי הרשעתו הראשונה ושעברו הפלילי נקי, וכי מדובר במי שנסיבות חייו אינן פשוטות ושסובל ממחלת נפש כרונית ומהתמכרות לסמים. בנתונים אלה יש למקם את עונשו של הנאשם ברף התחתון של מתחם העונש ההולם.""",train
"בהתאם לסעיף 40יג לחוק העונשין במקרה של ריבוי עבירות, על בית המשפט לקבוע האם הן מהוות אירוע אחד או כמה אירועים נפרדים. על פי סעיף זה, אם קבע בית המשפט כי מספר העבירות מהוות אירוע אחד, אזי יכול לקבוע את מתחם העונש ההולם לאירוע כולו ולגזור עונש כולל לכל העבירות שבאותו אירוע (סעיף 40יג(א) לחוק העונשין). המונח \אירוע\"" שבסעיף 40יג לחוק העונשין נדון בבית המשפט העליון במסגרת ע\""פ 4910/13 אחמד בני ג'אבר נ' מדינת ישראל (29.10.14). בפסק הדין האמור נקבע ע\""י כב' השופטת ד' ברק ארז, שנמנתה על דעת הרוב, כי את המושג \""אירוע\"" יש לקבוע בהתאם למבחן \""הקשר ההדוק\"" לפיו, עבירות אשר יש ביניהן \""קשר הדוק\"" ייחשבו לאירוע אחד. עוד נקבע על ידה כי \""קשר הדוק\"" יימצא בד\""כ - כב' השופט ע' פוגלמן הצטרף לדעת כב' השופטת ד' ברק ארז והוסיף כי להשקפתו – בענייננו, מדובר באירוע אחד שהחל עת פנה הנאשם למתלוננת ברחוב באמתלת שווא שתעזור לו למצוא את בית הוריו. כשדעתה הוסחה, כפה הנאשם עליה בכוח ובאלימות ללכת לאזור המחסנים של בניין סמוך, שם התפרץ לאחד המחסנים ללא רשות הבעלים והכניס לתוכו את המתלוננת בכוח מבלי לאפשר לה לצאת, חרף תחנוניה. במחסן החשוך והסגור, לאחר שלקח מהמתלוננת את הטלפון הנייד, הטיח הנאשם את ראשה בקיר, הפשיט ובעל אותה בכוח, כאשר כל העת המתלוננת מביעה התנגדות. הנאשם במהלך האונס האלים בתגובה לכל הבעת התנגדות מצד המתלוננת, הוסיף והיכה אותה באגרופיו ודקר אותה בפניה, בצווארה ובידיה וזאת באמצעות נשק קר עימו הצטייד מראש. האלימות שהפעיל הנאשם נגד המתלוננת היתה חמורה, משמעותית, ובעוצמה רבה גם שהיתה כלואה במחסן חשוך, כשהיא מוחלשת, עייפה לאחר לילה בו בילתה""",train
"את הדקירות, אולם הרקע לאירוע הוא העימות הקודם בין המתלונן לבין נאשם 2, כשנאשם 2 הוא שפנה לנאשם 1 וביקש עזרתו כך שעל אף שהוא הורשע רק בעבירת סיוע, חלקו באירוע היה מהותי כשהוא הניע את ההתרחשות שהובילה לדקירת המתלונן. עוד שקלתי את העובדה שלאירוע קדם עימות בין המתלונן לבין נאשם 2 במהלכו המתלונן היכה את נאשם 2 בפניו, אולם אין בכך כדי להפחית מחומרת המעשים של הנאשמים, כשהאירוע המקדים תם ונשלם, ונאשם 2 הוא אשר המשיך את האירוע ביוזמתו המלאה. עוד שקלתי את מדיניות הענישה העולה מהפסיקה שהגישו הצדדים, כאשר מדובר בעבירות בהן מנעד ענישה רחב יחסית, כל מקרה ונסיבותיו הייחודיות. בסופו של דבר על רקע האמור לעיל, מתחם הענישה בגין העבירה המושלמת נמצא בין 30 – 60 חודשי מאסר בפועל ומחצית מכך בגין עבירת הסיוע. באשר לגזרת העונש בתוך המתחם, בנוגע לנאשם 1 יש לתת משקל לעובדה שלחובתו עבר פלילי מכביד והוא זה שביצע את הדקירה בפועל. לקולא יש להתחשב בהודאתו המוקדמת וקבלת האחריות שיש בכך, וכן החיסכון בזמן השיפוטי. באשר לנאשם 2, שקלתי את הרשעתו הקודמת לחומרא, ולקולא שקלתי את נסיבות חייו המורכבות וכן את הודאתו המוקדמת ואת קבלת האחריות והחיסכון בזמן השיפוטי. מכל האמור אני מטיל עונשים כדלקמן: 40 חודשי מאסר שמהם תנוכה תקופת מעצרו מיום 30.8.22; 12 חודשי מאסר על תנאי משך 3 שנים מיום שחרורו כאשר התנאי יופעל במידה והנאשם יבצע עבירת אלימות מסוג פשע; 6 חודשי מאסר על תנאי משך 3 שנים מיום שחרורו כאשר התנאי יופעל במידה והנאשם יבצע עבירת אלימות מסוג עוון. 20 חודשי מאסר שמהם תנוכה תקופת מעצרו מיום 28.8.22; 6 חודשי מאסר על תנאי משך",train
"בתסקיר מיום 22.6.15 תוארו קורותיו של הנאשם, שהוא בן 33.5 (אז), רווק עם ילד אחד בן 3 שנים שנמצא בחזקת האם. תואר שהוא בעל השכלה של 10 שנות לימוד, קיבל פטור משירות בצה\ל על רקע בעיה רפואית והשתלב לסירוגין במעגל התעסוקה בעבודות מזדמנות. במהלך עבודה בחברת קייטרינג סבל מאירוע של קריסת ריאה שעבורו היה אירוע בריאותי טראומתי שבעקבותיו התפתחה תסמונת פוסט טראומתית כרונית כאשר האירוע חזר על עצמו מספר פעמים לאחר מכן. צויין מסמך מפסיכיאטר מומחה פרטי שממנו עולה כי הנאשם סובל ממחלת ריאות נדירה ומסוכנת, וצויין עבר של אשפוזים, טיפולים ו-4 ניתוחים. צויינה גם תסמונת פוסט טראומתית טיפוסית עם מרכיב דכאוני חזק שהביאה לנכות נפשית שהוכרה על ידי המל\""ל בשיעור של 33%. בעיות ההימורים של הנאשם החלו בגיל 24 והתפתחו במהרה לדפוסים התמכרותיים. צויינה צבירת חובות כספיים כבדים והסתבכות עם גורמים בשוק האפור. שירות המבחן תאר כיצד הגיע להמלצה לנקוט בהליך שיקומי במהלך הליך המעצר. צויין שהדבר ארע על רקע השתתפות הנאשם במפגשי מעקב בשירות במהלך המעצר ושיתוף פעולה ומוטיבציה עקבית מצידו שלא שקפו לדעת שירות המבחן שיקולים של רווח ותועלתיות בלבד. תוארה השתלבותו בקהילה הטיפולית \""הדרך\"" לתכנית שיקום של 6 חודשים ואחריה בהוסטל למשך 6 חודשים נוספים. באותו שלב תואר שיתוף פעולה טוב מצד הנאשם עם גילויי קשיים מסויימים. צויין עוד שאין לחובתו עבר פלילי קודם. באותו שלב הוערכה נזקקות טיפולית גבוהה ורמת סיכון בינונית להישנות עבירות. שירות המבחן המליץ על המשך הטיפול, הטלת מבחן משך 12 חודשים והטלת עונש מאסר על תנאי הצופה פני עתיד. שירות המבחן המליץ להמנע מהטלת עונש מאסר במקרה עקב פגיעה בלתי נמנעת בהליכי השיקום. בתסקיר מיום 17.8.15 תואר""",train
"מהלך ביצוע העבירה תואר בהודעה שסומנה \11\"" בתיק החקירה שם העיד עד לאירוע שמסר שראה את הנאשם פורק לוחות מהרכב וכי כאשר ראה שצופים עליו, ברח מן המקום. את הלוחות ניתן לראות בתמונה עליונה במסמך 5. יצויין כי מדובר בכמות לא גדולה אשר הושלכה בצד דרך כורכר. אמנם מדובר בכמות לא גדולה. יחד עם זאת, מדובר בעבירה שכיחה למדי. בדרכים הצדדיות ברחבי המדינה מונחות ערמות ערמות של פסולת המושלכות באופן פיראטי אשר הפכו מזה זמן את נופי ישראל לחצר אחורית מכוערת ומצולקת. בנוסף, במקרה זה מדובר בעבירה החמורה מבין העבירות של השלכת פסולת: סעיף 13(א)(1) עניינו השלכת פסולת סתם; סעיף 13(ב)(1) עניינו השלכת פסולת מהותית יותר כגון פסולת גושית ופסולת בניין. עניינו של סעיף 13(ג)(1) הינו השלכת פסולת המכילה חומר מסוכן. כתוצאה, על אף שמדובר בכמות לא גדולה של פסולת, אי אפשר שלא להתייחס בחומרה למעשה. לקולא יצויין כי הנאשם ניקה את השטח לאחר מכן ואולם יש להניח שלא היה עושה כן אלולא נצפה בעת ביצוע העבירה. כמו כן לקולא יצויין כי הנאשם נעדר עבר פלילי אחר. אשר על כן, הנני מטיל על הנאשם קנס בסך של 30,000 ₪ או 60 ימי מאסר תמורתם. הקנס ישולם ב-5 תשלומים שווים ורצופים החל מיום 1.8.11. אי תשלום אחד מן התשלומים יגרור פרעון מיידי של הקנס כולו. בהתאם להוראות החוק, ישולם הקנס לקרן לשמירת הניקיון. על הנאשם לחתום על התחייבות להמנע מעבירות על חוק שמירת הניקיון בסך של 50,000 ₪ למשך שנתיים מיום מתן גזר הדין וזאת בתוך 7 ימים מהיום, אחרת ייעצר. בנוסף, היות ומדובר בהשלכת פסולת מסוכנת ישלל רשיון הנהיגה של הנאשם על תנאי ל-3 חודשים, כאשר""",train
"התגובה האלימה. לקולא, גילו הצעיר של הנאשם (ראו: ע\פ 7228/11 פלוני נ' מדינת ישראל 4.4.2012), העובדה שלא הסתבך קודם לכן בפלילים למרות שגדל בתנאים של מצוקה ובסביבה לא פשוטה, העובדה שהוא הביע חרטה אמיתית על המעשה, הודאתו המוקדמת, ההרתעה שהייתה בתקופת המעצר עד כה, ובנוסף - הערכת שירות המבחן שייטב לנאשם וייטב לחברה באם הנאשם לא יישלח לתקופה נוספת מאחורי סורג ובריח. בנסיבות הספציפיות של המקרה לאחר איזון בין שיקולי ענישה ושיקום הנני פוסק עונשים כדלקמן: עונש מאסר בפועל של 6 חודשים ו-14 ימים החל מיום מעצרו 18.6.12 ועד היום, דהיינו שיש להסתפק בתקופת המעצר כתקופת המאסר. למען הסר ספק, הנאשם ישוחרר עוד היום. מאסר על תנאי לתקופה של 12 חודשים למשך 3 שנים מהיום, כאשר התנאי יופעל במידה והנאשם יעבור עבירת אלימות מסוג פשע. הנני מורה כי הנאשם יועמד בצו מבחן לתקופה של 18 חודשים מהיום בהתאם לאמור בתסקיר המבחן ועל פי הנחיות שירות המבחן.""",train
"הנאשמת הייתה נתונה במעצר בין התאריכים 26.06.21-03.10.21. מיום 03.10.21 ועד ליום 19.03.22 הנאשמת שהתה בתנאי קהילה סגורה אולם נפלטה מהטיפול בעקבות שימוש בסם, לאחריו הסגירה את עצמה למשטרה. החל מיום 19.03.22 ועד היום הנאשמת שוהה במעצר. הערכים המוגנים שנפגעו כתוצאה ממעשיה של הנאשמת הם שלמות הגוף, הביטחון, שלוות נפש וגופו של האדם. נוכח טיב האירוע וסוג הפגיעות שנגרמו למתלוננת, מדובר בפגיעה משמעותית. באשר לנסיבות הקשורות בביצוע העבירה, נתתי משקל לעובדה שמדובר בתקיפה שבוצעה באמצעות נשק קר, למספר הבלתי מבוטל של הדקירות שספגה המתלוננת מידי הנאשמת ולמיקומן. יש לשים לב כי פוטנציאל הנזק במקרה זה היה רב בשים לב למיקום של אחת הדקירות בצווארה של המתלוננת. מדובר בתקיפה אשר אירעה על רקע ויכוח שפרץ בין הנאשמת למתלוננת לאחר ששתיהן צרכו יחד סמים. חלקה של הנאשמת בביצועה העבירה הוא בלעדי. לקולא נתתי משקל לכך שהנאשמת הזעיקה עזרה רפואית לאחר האירוע. נוכח האמור, ובהתאם למדיניות הענישה הנוהגת כעולה מהפסיקה שהגישו הצדדים, אני קובע כי מתחם הענישה ההולם נע בין 2-4 שנות מאסר בפועל. בכל הנוגע לגזירת עונשה של הנאשמת בתוך מתחם העונש ההולם, מדובר בנאשמת שלחובתה הרשעה קודמת אחת בעבירת אלימות. כמו כן, למרבה הצער הנאשמת לא הצליחה לשמור על ניקיון מסמים ולדבוק בתוכנית הטיפולית אליה הופנתה במסגרת הקהילה הטיפולית אליה שוחררה במסגרת הליך המעצר, כך שלא ניתן להגיד שמדובר בנאשמת שעברה הליך שיקומי או שיש צפי ברור לשיקומה ושמירת ניקיונה מסמים. לקולא, נתתי משקל להודאתה של הנאשמת, לקיחת האחריות מצידה והחיסכון בזמן שיפוטי. כמו כן, שקלתי את נסיבות חייה של הנאשמת וכן את מצבה הבריאותי. בהתאם לאמור מצאתי למקם את עונשה של הנאשמת בחלקו האמצעי-תחתון של המתחם שנקבע.",train
"הערכים החברתיים שנפגעו כתוצאה מביצוע העבירות הינם שמירה על בריאותו ושלומו הפיזי והנפשי של הציבור, הביטחון האישי ורכוש הציבור. בנסיבות העניין מידת הפגיעה בערכים החברתיים היא בינונית. מצאתי לאמץ את עמדת הצדדים ולקבוע מתחם אחד ביחס לאישום הראשון והשני ומתחם נפרד ביחס לאישום השלישי; זאת לנוכח טיב העבירות המיוחסות, סוג הסמים, טיב האירועים והמועדים בהם התרחשו האירועים המתוארים. באשר לנסיבות ביצוע העבירה מדובר באירועים אשר בוצעו לאחר תכנון מצד הנאשם, כאשר הנאשם הבין את הפסול במעשיו והיה מסוגל להימנע מעשייתם. בנוגע למכירת החשיש – אין מדובר באירוע בודד או חד פעמי, אם כי לא דובר בכמויות משמעותיות של סם. בנוגע לאישומים אלה חלקו של הנאשם בלעדי. ביחס לאישום השלישי – גם מדובר בעליית מדרגה משמעותית, בשין לב לכך שמדובר בסם מסוג הרואין בכמויות משמעותיות. הנאשם רקם עסקה לרכישת הסם, והוא אשר יזם את הפניה לנאשם 2 לצורך הבאת הסמים מהמוכר, ואף סיפק לו את רכבו לצורך השלמת העסקה. חלקו באירוע משמעותי. כמתואר באישומים הראשון והשני – עסקאות הסמים הושלמו, ובכך התממש הנזק כתוצאה מביצוע עבירת הסחר בסמים; האירוע המתואר בכתב האישום הסתיים בכך שנאשם 2 נעצר כשברשותו הסם, אולם אין ספק כי אילו הסם היה מגיע לרחובות, לנוכח סוג הסם והכמויות הניכרות, היו נגרמים נזקים כבדים, ומשכך מצאתי שפוטנציאל הנזק היה משמעותי. בהתאם לאמור לעיל ולמדיניות הפסיקה הנוהגת, בין היתר הפסיקה שהוצגה על ידי הצדדים, מתחם עונש ההולם ביחס לאישום הראשון והשני עומד על 6-12 חודשי מאסר בפועל; וביחס לאישום השלישי מתחם העונש ההולם עומד על 2-4 שנות מאסר בפועל. באשר לגזרת העונש בתוך המתחמים, נתתי משקל להודאתו של הנאשם בכתב האישום המתוקן, ללקיחת האחריות ולחיסכון",train
"שיש להתחשב בכך שהאלימות במקרה זה היתה ברף הנמוך. ב\כ הצדדים לא הפנו לפסיקה כדי להצביע על מדיניות הענישה הנהוגה בעבירות האיומים ותקיפה שביצע הנאשם כלפי אשתו. יש להניח כי נהגו כך כיוון שעל אף חומרתן של עבירות אלה,הן \""מחווירות\"" לעומת חומרתן העצומה של עבירות המין שבוצעו במתלוננת. מעיון בפסיקה מצאנו כי קשת הענישה רחבה, אולם בנסיבות דומות לענייננו – אם כי פעמים רבות לפני תיקון 113, כשאז נתערבבו נסיבות שהיום קובעות את מתחם העונש ההולם, בנסיבות אישיות שהיום קובעות את העונש המתאים בתוך המתחם – הושתו עונשים בטווח שבין מאסר של מספר חודשים ולעיתים מאסר שרוצה בעבודות שרות ועד שנת מאסר בפועל, ופעמים מאסר מותנה בלבד. יחד עם זאת בענייננו, בהתחשב בערכים החברתיים שנפגעו מביצוע העבירות, במידת הפגיעה בהם, במדיניות הענישה הנהוגה, בנסיבות הקשורות בביצוע העבירה דנן, תוצאותיהן והיחס ההולם בין חומרת מעשי העבירות בנסיבותיהם ומידת אשמו של הנאשם ובין סוג ומידת העונש שיש להטיל עליו, סבורנו כי מתחם העונש ההולם נע בין מספר חודשי מאסר, לבין 12 חודשי מאסר בפועל. על בית המשפט לבחון האם ראוי לחרוג מן המתחם בשל שיקולי שיקום המהווים שיקול לקולא (סעיף 40ד. לחוק העונשין) או מאידך בשל הצורך להגנה על שלום הציבור, המהווה שיקול לחומרא (סעיף 40ה. לחוק העונשין). בנסיבות המקרה שלפנינו לא מצאנו הצדקה לחריגה ממתחמי הענישה לקולא בשל פוטנציאל שיקומי, שכן הנאשם לא החל הליך שיקומי ואין כל המלצה טיפולית בעניינו. נטילת האחריות שלו לעת הזאת היא מהפה אל החוץ בלבד, ואמפטיה לקורבן ממנו והלאה. מנגד, לא שוכנענו כי יש מקום לחצות את רף מתחם הענישה ההולם לחומרא משיקולי הגנה על שלום הציבור. במקרה זהלא נערכה בעניינו""",train
"הנאשם שוהה במעצר מאז 4.2.20. הערכים החברתיים המוגנים שנפגעו היו ההגנה על הגוף ובטחון האדם בביתו והגנה על הקניין. לאור הנסיבות ובייחוד גילם של המתלוננים, הפגיעה בערכים אלה היתה יחסית חמורה. לעומת זאת, תיאור העבירה כפי שעולה מכתב האישום המתוקן אינו מצביע על תכנון מוקדם ממשי. עם זאת, הנאשם נושא באחריות בלעדית לביצוע העבירה והיה צריך לדעת את הפסול בה ולהימנע ממנה. לקולא, יצויין כי לא נגרמו למתלוננים פגיעות פיזיות משמעותיות. עוד יצויין כי הכספים שנשדדו הוחזרו למתלוננים כאשר הנאשם נתפס בעוד שהכסף עליו. בהתחשב במדיניות הענישה העולה מהפסיקה שהובאה, מתחם הענישה ההולם נמצא בין 3.5-6 שנות מאסר. האירועים בתיק שצורף מהווים שני אירועים נפרדים. לא נראה כי העבירות בכל אחד משני האירועים כללו תכנון מוקדם מהותי ואולם הנאשם נושא באחריות בלעדית בגינם והיה צריך להימנע מהם. ביחס לאירוע הראשון מתחם הענישה נע בין מאסר על תנאי ועד ל- 18 חודשי מאסר ובגין האירוע השני בין מאסר על תנאי לבין מאסר בפועל של עד ל-6 חודשים. לנאשם עבר פלילי קודם והעבירות בוצעו זמן לא ארוך לאחר שחרורו ב-2018. לקולא יש לציין את תיקון כתב האישום המרכזי והורדת עבירה אחת ואת הודאתו של הנאשם אשר מבטאת קבלת אחריות בכל התיקים. המקרה מתאים להטלת עונש אחד בגין כל העבירות. הנני מטיל עונשים כדלקמן: מאסר בפועל לתקופה של 4 שנים שתנוכה ממנה תקופת המעצר מיום 4.2.20. מאסר על תנאי ל- 12 חודשים משך 3 שנים ממועד שחרורו אשר יופעל במידה והנאשם מבצע עבירות אלימות או עבירת רכוש מוסג פשע. מאסר על תנאי ל-6 חודשים משך 3 שנים ממועד שחרורו שיופעל במידה ויעבור כל אחת מהעבירות בהן הורשע בכתב האישום",train
לתקופה של 18 חודשים במשך 3 שנים מיום שחרורו פן יעבור עבירות סמים שלא לצריכה עצמית.,train
"22. השימוש בסמים מסוכנים – ובייחוד סמים קשים כגון הרואין - פוגע ביחידים בחברה ופוגע במרקם החברתי. העבירות אשר באמצעותן מופצים ונסחרים סמים מהוות את המנוע שמניע את מעגל הסמים. המחוקק רואה בעבירות אלו עבירות חמורות ולא בכדי מוטלים בגינן עונשים כבדים על ידי בתי המשפט (ע\פ 3759/03 יצחק תמיר נ' מדינת ישראל (19.2.2004)). יחד עם זאת, וכפי שעולה מהפסיקה שהובאה על ידי הצדדים, קיים מגוון רחב בין תקופות המאסר המוטלות בקשר לעבירות הסמים, בהתאם לנסיבות המקרה ונסיבותיהם של המעורבים בו. במקרה דנן מצאתי כי הנסיבות הבאות הן רלוונטיות במיוחד לעניין העונשים שיש להטיל על כל הנאשמים (כאשר השיקולים האינדיוודואליים לכל נאשם יפורטו בהמשך): הצדדים חלוקים ביחס לדרך בה יש לשקול, תרתי-משמע, את כמות הסם. מבחינה פורמלית על פי לשון החוק, מדובר בכמות סם מסוכן של , כמות נכבדה, כאמור בטענות המדינה. מאידך, לאור העובדה כי הנאשם 3 הציע למכור לטבח הרואין והציע עוד כי הכמות תוגדל על ידי ערבובו עם חומר הערבוב – הכל בידיעת הטבח ושיתופו בנעשה אשר עוד נעשה לעיניו, והעובדה כי כתב האישום תוקן כדי לשקף מהלך זה, יש מקום להתיחס אל משקל הנטו הפורמלי של הסם בערבון מוגבל במידה מסויימת. 25. מועד ההודאה בעובדות כתב האישום - יש מקום לקחת בחשבון את העובדה כי כל שלושת הנאשמים ראו לנכון להודות בכתב האישום המתוקן ללא שהיה צורך לשמוע עדים או לנהל את המשפט. יתר על כן הם הודו במסגרת הסדר חלקי אשר לא כלל הסכמה בעניין העונש, מהלך שאינו פשוט עבור נאשמים. הנאשמים כאן הם בין הראשונים מתוך נאשמים רבים נגדם הוגשו כתבי אישום במסגרת מבצע הסוכן הנוכחי שהואשמו בעבירות סמים שהודו""",train
"בתסקיר שירות המבחן. 12 חודשי מאסר על תנאי למשך 3 שנים מהיום שיחולו במידה ויעבור עבירות נשק מסוג פשע. קנס בסך 10,000 ₪ לתשלום עד ליום 30.1.17.",train
"בעבירה החמורה ביותר בספר החוקים של נטילת חיי אדם. לעניין זה יפים דברי בית המשפט העליון בע\פ 7033/04: הלכה היא, כי קביעת שיעור הפיצויים לפי סעיף 77 לחוק העונשין נתונה להערכתו של בית המשפט (ע\""פ 420/09 פלוני נ' מדינת ישראל [פורסם בנבו], 23/11/09), בעמ' 43), כמו גם, וכפי שטענה בפנינו ב\""כ המאשימה, כי \""יכולותיו הכלכליות של העבריין אינן מהוות שיקול בקביעת שיעור הפיצוי לטובת משפחת המנוח\"" (ע\""פ 329/13 סגונדו לוי ורגס נ' מדינת ישראל [פורסם בנבו], 09/03/14), בעמ' 8). עוד יצויין, כי האפשרות להגשת תביעה אזרחית כנגד הנאשם אין בה כדי לחסום את חיובו בתשלום פיצויים לפי סעיף 77 לחוק העונשין. יפים לעניין זה דברים שנאמרו בעניין \""קבלאן\"" הנ\""ל: במקרה דנן שהוא חמור, קשה ובוטה של קטילת חיי אדם והותרת משפחתו יתומה ואבלה, יש מקום לפיצוי הנוטה לרף המקסימאלי. טרם סיום נציין כי בהתאם לפסיקתו העדכנית של בית המשפט העליון במקרה בו יש נפגעי עבירה אחדים, תקרת הפיצוי שקובע סעיף 77 לחוק העונשין אינה חלה על הפיצוי הניתן לכל אחד מהם, אלא היא חלה על התשלום הכולל לכולם (ראו: ע\""פ 1076/15 אבנר טווק נ' מדינת ישראל [פורסם בנבו] (7/6/2016)) . היינו, בהתאם להלכה הפסוקה סכום הפיצוי הכולל והמקסימאלי בו ניתן לחייב את הנאשם הוא 258,000 ₪. סיכומו של דבר, לאחר ששקלנו את העבירות, נסיבותיהן, הערכים החברתיים שנפגעו ומדיניות הענישה הנהוגה, כמו גם את מכלול נסיבותיו האישיות של הנאשם והשיקולים הרלוונטיים הן לחומרא והן לקולא, אנו גוזרים על הנאשם את העונשים הבאים: בגין עבירת הרצח - מאסר עולם. 3 שנות מאסר בגין עבירות הנשק וקשירת הקשר לפשע אשר ירוצו בחופף לעונש מאסר העולם. עונש מאסר על תנאי""",train
"נשוא כתב האישום התבררו כבלתי מספיקים, או בלתי מפוקחים בצורה מספקת. ההחלטה ביחס להקמת האמצעים למניעת זיהום והשקעת משאבים למניעת תקלות הינה החלטה עסקית-כספית. בניית מערכת למניעת זיהום, או השגחה עליה בצורה המאפשרת במקרה של תקלה הזרמת שפכים, במקרה זה חומרים מסוכנים, לרשות הרבים מהווה סוג של החצנת עלויות ( ע\פ (ת\""א) 1409/95 מדינת ישראל נ' עיריית בת ים (לא פורסם, 18.3.97). במקרה זה, אמנם היו קיימים אמצעי בטיחות שנועדו למנוע את הזרמת החומרים מחוץ למפעל, אולם הם תוכננו או הופעלו בצורה לקויה, או שלא פעלו ובשני המקרים התוצאה היתה יציאת חומרים מסוכנים מתחום המפעל. יחד עם זאת, כפי שציין הסניגור, גם לאחר המקרה חודשו פעמיים היתרי הרעלים שבידי הנאשם 3 ותוקף ההיתר הנוכחי הינו עד לשנת 2012. המדינה לא טענה כי הוספו תנאים נוספים ומחמירים יותר להיתרים החדשים, או כי ראתה לנכון שלא לחדש את ההיתרים, אף לתקופה מסויימת, בעקבות המקרים נשוא כתב האישום. מכך אני מסיק כי למדינה אין דרישות נוספות כלפי הנאשמים בתחום זה, או דעה כי המערכת שהוקמה על ידם למנוע אפשרות של בריחת החומרים המסוכנים מתחום המפעל והאמצעים הננקטים לצורך וידוא שליטה ופיקוח על נושא זה אינם מספיקים. הנאשמים טענו כי מאז האירועים נשוא כתב האישום לא היו אירועים נוספים והמדינה לא חלקה על כך. אשר על כן, על אף שקיים יסוד של סיכון להחצנת עלויות על הציבור כתוצאה מפעילותם של הנאשמים (ראו: ע\""פ(חי') 2633/02 מדינת ישראל-המשרד לאיכות הסביבה נ' חתאם עראף (22.1.03)) אין מקום לסווג את המקרה כמקרה חמור של ביצוע עבירה סביבתית מטעמים כלכליים. הסנגוריה טענה כי במקרה הנדון השימוש בחוק המים וחוק מניעת זיהום הים יוצר סוג של""",train
"למען הסדר יצוין שרצף האירועים מתחבר לכדי אירוע אחד. יצוין גם שהמדינה לא טענה אחרת. כל הנאשמים היו אחראים לעבירות חמורות: נאשם 3 - היה זה ששידל את הנאשמים האחרים לפגוע בבני המשפחה השנייה ולבצע את כלל העבירות, למעט עבירות השיבוש וניסיון להיזק לרכב והוא זה שהיה הרוח החיה מאחורי האירועים. נאשם 4 – אחראי על עבירות של סיוע לחבלה חמורה בכוונה מחמירה וסיוע לשידול לחבלה בכוונה מחמירה ואחראי בלעדי באישום הראשון לשינוי זהות הרכב. נאשמים 1, 2 ו-5 – אחראים לעיקר העבירות בעצמם, כפי שפורטו בכתב האישום המתוקן. באשר לירי עצמו מדובר בלא פחות משני אירועי ירי שכמעט ופגעו בקורבנות וגם כן בעוברי אורח שאינם קשורים כלל לסכסוך. מדובר במעשים אשר קדם להם תכנון משמעותי והצטיידות במספר אקדחים. חלקו היחסי של כל אחד מהנאשמים פורט כאשר חלקם של נאשם 3 ונאשמים 1 ,2 ו-5 הוא הגדול ביותר כאשר נאשם 3 מניע את התהליך כולו ונאשמים 1, 2 ו-5 ביצעו את עיקר העבירות. הואיל ומדובר בשימוש בנשק חם היה צפוי להיגרם נזק משמעותי ואף קטלני מביצוע העבירות ורק יד המקרה הביאה לכך שנגרם נזק לרכוש בלבד. הסיבות שהביאו את הנאשמים לביצוע העבירות, הסכסוך שתואר במסמכי הסולחה, לא הצדיקו את נקיטת האלימות והנאשמים היו יכולים להבין את הפסול במעשיהם. יחד עם זאת, בסופו של דבר בפועל לא נגרם נזק לגוף אלא לרכוש בלבד ואף אם מדובר במזל יש לנסיבה זאת השפעה על חומרת העונש, וזאת בהתאם לסעיף 40ט(4) לחוק העונשין. בנסיבות, ובהתחשב במדיניות הענישה שפורטה על ידי הצדדים, ובעיקר על ידי המדינה בפסיקה, הגעתי למסקנה שהמתחם ההולם לגבי נאשמים 1, 2, 3 ו-5 נמצא בין 3-6 שנות",train
"הנאשם יליד שנת 2001, כבן 19, נעצר ביום 6.10.19 ושוחרר למעצר בית בפיקוח איזוק אלקטרוני ביום 6.11.19. אין לחובתו רישום פלילי קודם. על פי התסקיר מדובר באדם צעיר שטרם סיים לגבש את אישיותו, כמו כן מבלי להקל ראש מדובר בעבירת נשק מהרף הנמוך, כאשר העבירה לא לוותה בתכנון, נעשה שימוש בנשק שהיה אמנם פסול, אך לא במטרה פלילית נוספת. לא מצאתי סיבה שלא לקבל את המלצת שירות המבחן אשר העריך כי מדובר באדם הזקוק ובשל לשיקום, בין היתר בהסתמך על נתוניו האישיים, גילו, העובדה שמשפחתו תומכת ומגבה אותו במהלכים הראשוניים שנעשו לעניין השיקום. בכך מתמלאים התנאים להעדפת שיקום על פני ענישה כאמור בסעיף 40ד לחוק העונשין. אין המקרה דומה כלל לאסמכתא שהוזכרה שנתוניו של הנאשם שם היו שונים לחלוטין. צו מבחן לתקופה של 18 חודשים. מאסר בפועל למשך 3 חודשים לריצוי בעבודות שירות בהתאם לחוות דעת שהתקבלה מהממונה. מאסר על תנאי לתקופה של 12 חודשים למשך 3 שנים כאשר התנאי יופעל במידה והנאשם יעבור עבירות אלימות או נשק מסוג פשע.",train
"תועלת מהמשך הליך שיקומי בעניינו. כך שמתקיימות הדרישות הקבועות בסעיף 40 ד לחוק העונשין. 6 חודשי מאסר לריצוי בעבודות שירות בהתאם להמלצת הממונה על עבודות השירות. תקופת מבחן של 18 חודשים בהתאם לתוכנית שתוגש על ידי שירות המבחן. מאסר על תנאי לתקופה של 9 חודשים משך 3 שנים, אשר יופעל במידה והנאשם יבצע עבירת אלימות מסוג פשע, או עבירת הצתה. מכיוון שהצדדים ביקשו שלא יוטל פיצוי או קנס כספי, אין קביעה בנושא זה. ביחס לשלילת הרישיון, הנאשם ביקש בדבריו שלא יישלל רישיונו, כיוון שהוא תלוי בו לצורך מחייתו ופירט שעובד בעבודות שליחויות.",train
"נמצא בין 2 עד 5 שנות מאסר בגין כל אחד מן האישומים. לזכותו של הנאשם הודאתו המוקדמת והחסכון בזמן ונראה שאכן כל מאסר יפגע גם במשפחתו. כמו כן עברו הפלילי אינו מכביד ונמצא שהוא גם התיישן. יוער כי לולא ההודאה המוקדמת וקבלת האחריות שהיא מבטאת, היה מקום להחמיר עוד יותר בענישה. בהתאם לסעיף 40יג(ב) סיפא לחוק נראה לי שיש מקום לקבוע עונש כולל לכל האירועים. מכל האמור הנני מטיל על הנאשם עונשים כדלקמן: 45 חודשי מאסר בפועל בניכוי תקופת מעצרו החל מיום 2.11.15. 12 חודשי מאסר על תנאי למשך 3 שנים מיום שחרורו שיופעל במידה והנאשם יעבור עבירת נשק מסוג פשע.",train
"כפי שציינתי בהכרעת הדין מיום 6/8/12 אין ספק כי הנאשמת 1 היתה בקשיים כלכליים אך היא לא היתה חדלת פרעון ולא מונתה לה ועדה קרואה. כמו כן, במקרה דנן מדובר בתקופה ארוכה שבה במסגרת ניהול הקופה הציבורית על ידי הנאשמים העדיפו לדחות את הטיפול בבעיה. עוד יצוין, כי מדובר בביצוע עבירות רבות, גם לאחר הפחתת העבירות שהתיישנו. לקולא אציין כי הנאשמת הציגה עלונים המעידים על נסיונותיה כיום להטמיע בציבור את נושא איכות הסביבה וכן את העובדה כי לא בוצעה עבירה דומה ממועד האירועים בגינם הורשעה. באשר לנאשמים 2 ו-3 כפי שצוין מדובר בנציגי שלטון אשר הופקדו בידיהם הן הסמכות והן החובה לטפל במניעת המפגעים והם אינם יכולים לפטור עצמם מאחריות. אומנם מדובר באנשים נורמטיבים ללא עבר פלילי והם אף פנו לגורמים שונים, אך הם יכלו לנקוט פעולות נמרצות יותר ואפקטיביות על מנת למנוע את הזיהומים. בנסיבות, אינני מוצא לנכון לבטל את הרשעתם. לאחר ששקלתי את טענות הצדדים ועיינתי בפסיקה שהוצגה מטעם הצדדים, אני מורה כדלקמן: הנאשמת 1 תשא בקנס כספי בסך 150,000 ש\ח אשר ישולם בחמישה תשלומים שווים, החל מיום 1/1/13 ובכל הראשון לחודש לאחר מכן. הנאשמים 2 ו-3 ישאו בקנס כספי בסך 5,0000 ש\""ח כל אחד או עשרה ימי מאסר תמורתו, אשר ישולמו בחמישה תשלומים שווים החל מיום 1/1/13 ובכל הראשון לחודש לאחר מכן. 5129371הנאשמת 1 תחתום על התחייבות בסך 50,000 ש\""ח להמנע מביצוע עבירה דומה למשך 3 שנים החל ממועד גזר הדין.""",train
"בויסות עצמי והעדר יכולת לפעול מתוך שיקול דעת. על כן הומלץ על טיפול בשילוב הליך שיקומי. צויין גם שהנאשם סובל משימוש לרעה באלכוהול ומתקשה לזהות מצבי סיכון בעת השימוש בו. צויין שבזמנו הומלץ על שחרור במהלך ההליך, אך הנאשם לא הצליח למלא את התנאים ונותר במעצר. שירות המבחן העריך כי קיים סיכוי נמוך להישנות התנהגות אלימה והמליץ להימנע ממיצוי הדין על מנת שהנאשם לא ייחשף ביתר שאת לסביבה עבריינית ויפתח התנהגויות א-סוציאליות. בסופו של עניין שירות המבחן המליץ על העמדת הנאשם בצו מבחן למשך 18 חודשים במהלכם ישתלב בטיפול. קיים מנעד רחב יחסית בנוגע לעונשים המוטלים בגין העבירות בהן הורשע הנאשם. בחלק מן המקרים מוטלים עונשים שבין 36 עד 60 חודשי מאסר (ע\פ 1929/12 מדינת ישראל נ' סעיד מחאמיד; ע\""פ 6260/05 חדרה נ' מדינת ישראל; ע\""פ 108/10 דיאב נ' מדינת ישראל; ע\""פ 9630/09 רותם זוהר נ' מדינת ישראל). מאידך, ישנם מקרים בהם הוטלו עונשים קלים יותר, של 6 חודשי מאסר ועבודות שירות ועד ל-12 חודשי מאסר בגין עבירות מסוג זה (ת\""פ 44575-10-11 (2.12.12); ע\""פ 4418/06 מדינת ישראל נ' עומר גריפאת (20.11.06); ע\""פ 10676/07 בועז אביטאן נ' מדינת ישראל (18.9.08); ע\""פ 36881-11-09 טאהא מואמן נ' מדינת ישראל (9.2.10); ע\""פ 5641/09 מדינת ישראל נ' דניס ברזינסקי (22.3.10). במקרה דנן, על סמך הנסיבות והפסיקה, המתחם ההולם בנוגע לתקופת המאסר, עומד על תקופה שבין 6 חודשי מאסר עד ל-40 חודשי מאסר. בבואי לגזור את עונשו של הנאשם אני מביא בחשבון בעיקר את הדברים הבאים: לחומרה, הפציעה – שהינה פציעת דקירה - שנגרמה למתלונן על רקע בלתי ברור שמכל מקום על פי עובדות כתב האישום בהן הודה הנאשם לא הצדיקו את""",train
"אך זכרה שהכתה את המתלוננת. לדבריה, המתלוננת גם הכתה אותה. שירות המבחן התרשם שמדובר בצעירה מופנמת המתקשה ביצירת אמון שגדלה בסביבה כאוטית עויינת ואלימה וחוותה במהלך שנות התבגרותה נטישה, אלימות ונידוי כך שהיא גדלה בהעדר אהבה, חוסר מענה לצרכיה הנפשיים הרגשיים והחומריים. שירות המבחן העריך כי בהיותה קרבן לאלימות קשה כקטינה היא סובלת מקושי בויסות דחפים, קושי בהסתגלות וקושי בקבלת סמכות. באבחון עלה שהיא סובלת מהפרעת אישיות גבולית ותלות באלכוהול. צויין שהיא גילתה אחריות ומחוייבות לתהליך והגיעה לשיחות הפרטניות והקבוצתיות. ניתנה המלצה להליך טיפולי אינטנסיבי על מנת למנוע התפתחות חמורה של אלכוהוליזם. בסופו של עניין המליץ שירות המבחן לדחיית הדיון ב- 4 חודשים על מנת למצוא מסגרת מתאימה לנאשמת. בתסקיר משלים מיום 30.10.12 צויין כי בניגוד לבקשת שירות המבחן לא פתחה קטרין תיק בלשכת הרווחה בקרית מוצקין ולא יצרה קשר עם מחלקת הרווחה עד לשבוע ימים לפני עריכת התסקיר המשלים. שירות המבחן העריך כי ישנה מוכנות לקבלת טיפול על אף שהיא מתקשה למלא אחר ההנחיות. לאור זאת שירות המבחן לא קבע עמדה וביקש לדחות את הדיון לתקופה נוספת כדי לברר את מידת ההתגייסות להליך הטיפולי. למקרה שלא ינתנו ארכות נוספות לסיים את ההליך המשפטי, המליץ שירות המבחן לשקול להטיל על קטרין צו מבחן לתקופה של שנתיים וצו מעצר שירוצה בעבודות שירות ופיצוי המתלוננת כאשר בתקופת המבחן היא תשולב במסגרת טיפולית מתאימה ובמידה שלא תעמוד בתנאי צו המבחן שירות המבחן יפנה לבית המשפט בבקשה לדיון מחודש בעניינה. ביחס לקטרין ניתנה חוות דעת על ידי הממונה על עבודות שירות לפיה נמצאה מתאימה לבצע עבודות שירות במעון לנכים איל\ן \""בית קסלר\"" משך 8.5 שעות ביום. בעניינה של באיש, הנאשמת""",train
"תסקיר שירות המבחן תיאר את קורותיו של הנאשם: הוא בן 22.5, נשוי, אב לשלוש בנות קטנות ואשתו נמצאת בהריון מתקדם. טרם מעצרו התקיים מקצבת הבטחת הכנסה וסיוע משפחתו. בעבר עבד במפעל פלסטיק. הוא התקשה להתמודד עם הצורך לנהל אורח חיים עצמאי והתדרדר לחברה שולית. הוא נשר מלימודים לאחר 6 שנות לימוד בלבד ואינו יודע קרוא וכתוב. מרבית משפחתו הקרובה מנהלת חיים נורמטיביים. לטענתו התחיל לעסוק בסחר בסמים בעקבות לחץ כלכלי (יוער כי פרטים אלו לרבות נושא הסחר אינם כלולים בכתב האישום) והוא התפתה לאפשרות להרוויח כסף קל. אין לחובתו עבירות קודמות. שירות המבחן העריך כי הנאשם מקבל אחריות פורמלית בלבד בגין ביצוע העבירה ומתקשה לקחת אחריות בגינה. הוערך כי קיים סיכון גבוה לחזרה על פעילות עוברת חוק וכי הנאשם הינו בעל דפוסי התנהגות וחשיבה עברייניים. לא הובאה המלצה טיפולית או עונשית בסופו של דבר. הערכים המוגנים שנפגעו הם בטחון הציבור ושלומו. אין צורך להרחיב על הסיכון החברתי שבנגע הסמים שפוגעים בכל רבדי החברה וביתר שאת בשכבות החלשות (ע\פ 7070/03 עליאן זניד נ' מדינת ישראל (3.4.2006)). מידת הפגיעה במקרה דנן היתה בינונית כאשר לא בוצע סחר בפועל, אם כי נמצאה כמות מכובדת של סם מסוכן. מבחינת נסיבות הקשורות לביצוע העבירה, חלקו היחסי של הנאשם היה מוחלט, הנזק שצפוי מעבירות סמים גדול והנאשם יכל להבין את הפסול במעשיו. מדיניות הענישה משתקפת היטב מהפסיקה שאוזכרה על ידי הצדדים. מכל האמור הגעתי למסקנה כי מתחם הענישה ההולם נמצא בין 20 – 40 חודשי מאסר בפועל. לקולא, יש מקום להתחשב בגילו הצעיר של הנאשם וכי הוא לא הורשע קודם למקרה דנן. כמו כן יש מקום להתחשב במצבו האישי ומשפחתו, ילדותיו ואשתו.""",train
"הנאשם כבן 26, ולחובתו 8 הרשעות קודמות בעבירות תעבורה, האחרונה מהן מיום 20.3.23. כנגדו עומד ותלוי מאסר על תנאי בר הפעלה בן 7 חודשים אשר הוטל עליו בגזר דין מיום 20.3.23 בתת\ע 6444-12-21. הנאשם עצור מתאריך 17.8.23. הצפייה בסרטון מהאירוע אכן מעלה שמדובר במקרה חמור בו הנאשם פשוט דרס את השוטר שבא לקראתו ורק בנס לא נגרמה פגיעה קשה יותר לשוטר. עם זאת אין מדובר באירוע מתוכנן. הנאשם נושא באחריות הבלעדית למעשיו וכאמור היתה אפשרות לגרימת נזק חמור יותר בהרבה ממה שנגרם בפועל. על פי סעיף 40יג(א) אין ספק שהעבירות בהן הורשע הנאשם מהוות אירוע אחד שיש לקבוע לגביו מתחם עונש אחד. על בסיס הנסיבות שקשורות לביצוע העבירה ומדיניות הענישה הנוהגת, נראה לי שיש לקבוע את המתחם בין 24 – 50 חודשי מאסר בפועל. באשר לנסיבות שאינן קשורות לביצוע העבירה, יש להתחשב בהודאתו של הנאשם ולנסיבות המשפחתיות הרחבות שהוצגו בדיון. מכל האמור, יש מקום לפסוק עונש במחצית המתחם. אשר על כן, אני מטיל עונש כדלקמן: - 38 חודשי מאסר בפועל, מהם תנוכה תקופת מעצרו של הנאשם מיום 17.8.23; - 12 חודשי מאסר על תנאי משך 3 שנים מיום שחרורו, כאשר התנאי יופעל במידה והנאשם יעבור אחת מהעבירות שבחוק העונשין בהן הורשע; - 6 חודשי מאסר על תנאי משך 3 שנים מיום שחרורו, כאשר התנאי יופעל במידה והנאשם יעבור כל אחת מהעבירות בפקודת התעבורה בהן הורשע; - פסילה מלנהוג או מלהחזיק רישיון נהיגה משך 5 שנים מיום שחרורו; - פיצוי בסך 30,000 ₪ למתלונן אריה שח, לתשלום עד ליום 1.7.25; רכב השטח מספר 01171431, יחולט כאשר הוא היה חלק מהותי בביצוע העבירה. המאסר על תנאי שהוטל במסגרת""",train
"בין 2-4 שנות מאסר בפועל. לטובת הנאשמים עומדת הודאתם המוקדמת, שגם אם לא כולם קיבלו אחריות מלאה במסגרת התסקיר, מסמלת קבלת אחריות. כמו כן מדובר באנשים צעירים, כאשר הנאשמים 1 ו-2 נעדרי עבר פלילי כלשהו ולנאשם 3 עבר פלילי מוגבל. יצוין עוד שלמרות ההערות שנכתבו ביחס לסולחה, יש לקחת אותה בחשבון באופן חלקי לכל הפחות, וזאת לטובת הנאשמים. לחומרא תצוין רמת המסוכנות שנותרה על פי התסקירים. לאור כל האמור, הנני מטיל עונשים כדלקמן: על הנאשם 1 – 6.5 שנות מאסר בפועל שמתקופה זו תנוכה תקופת מעצרו. -12 חודשי מאסר על תנאי למשך 3 שנים מיום שחרורו כאשר התנאי יופעל במידה והנאשם מבצע עבירות אלימות או נשק מסוג פשע. -קנס בסך 5,000 ₪ לתשלום עד ליום 1.6.21 על הנאשם 2 - 5 שנות מאסר בפועל שמתקופה זו תנוכה תקופת מעצרו. -12 חודשי מאסר על תנאי למשך 3 שנים מיום שחרורו כאשר התנאי יופעל במידה והנאשם מבצע עבירות אלימות או נשק מסוג פשע. -קנס בסך 5,000 ₪ לתשלום עד ליום 1.6.21 על הנאשם 3 - 3 שנות מאסר בפועל שמתקופה זו תנוכה תקופת מעצרו.",train
"בעת ביצוע העבירות הנאשמים היו בגילאים הבאים: נאשם 1 בן 22, נאשם 2 בן 26 ונאשם 3 בן 18.5. לנאשם 1 אין עבר פלילי. לנאשם 2 עבר פלילי בעבירות רכוש ואלימות בגינן ריצה שני מאסרים קצרים לפני כעשור והרשעה בעבירות קלות משנת 2020. לנאשם 3 שתי הרשעות קודמות בעבירות סמים והפקרה לאחר פגיעה, בגינן הוטלו עליו עונשי מאסר מותנים. הערכים המוגנים שנפגעו כתוצאה ממעשיהם של הנאשמים היו שמירה על שלטון החוק והסדר הציבורי, פגיעה ברכוש ובגוף, בזכות הקניין, בשלום הציבור, ובשלומם וביטחונם של אנשי כוחות הביטחון. בכל הקשור לעבירות על חוק המאבק בטרור, מדובר בפגיעה קשה בערכים המוגנים, וכן גם ביחס לעבירות שבוצעו ממניע גזעני (ע\פ 1466/20 מדינת ישראל נ' פלוני (22.7.20)). נסיבה מחמירה נוספת הינה העבודה שהעבירות כולן בוצעו על רקע המבצע הצבאי שומר החומות שבמהלכו שררה מתיחות ביטחונית רבה ומצב בטחון רגיש במדינה (ע\""פ 6106/23 שחאדה עמרני נ' מדינת ישראל (15.5.24)). באשר לשאלה אם מדובר באירוע אחד או מספר אירועים שונים, עולה שכל אחד מהאישומים שבכתב האישום עומד בפני עצמו, כאשר לא מתקיים קשר הכרחי בין כל אישום ואישום. לא עולה מכתב האישום או מהראיות שהוגשו כי היה מדובר בתכנית עבריינית אחת על אף סמיכות הזמנים בין האישומים השונים. אומנם הקשר בין כל האירועים הינו שמדובר באירועים שהתרחשו בימים סמוכים וכולם קשורים לשומר החומות, אך אין בכך כדי להוביל למסקנה כי מדובר באירוע אחד כולל. כך המעשים אינם עומדים במבחן הקשר ההדוק שנקבע בפסיקה (ע\""פ 4910/13 ג'אבר נ' מדינת ישראל (29.10.14). בכל הקשור לרכיב של תכנון ביחס לעבירות – ההצטיידות בנשק חם והשימוש בבקבוקי תבערה ו/או בקבוקי בנזין מצביעות על הכנה ותכנון לגבי העבירות""",train
"להתנהלותו התוקפנית. הנאשם הביע חרטה על מעורבותו והכיר בכך שפעל באופן החורג מגבולות החוק. עוד עלה כי הוא הביע חרטה ואמפטיה ביחס לנפגעי העבירה. שירות המבחן קבע כי אופן גדילתו ותפיסותיו מהווים גורם סיכון להישנות עבירות, במיוחד לאור אי הפקת לקחים מהסתבכות קודמת בפלילים והישנות מעורבות בעבירות על אף סנקציות עונשיות אשר הוטלו עליו בעבר. להתרשמותם, ביצוע עבירות, תוך סיכון אזרחים על מנת להשיג רווח כספי מהיר, מעיד על קושי בויסות דחפים ומסוכנות גבוהה להישנות מעורבות בפלילים. גם בנוגע לנאשם 2 לא הובאה כל המלצה טיפולית. לחובת הנאשמים יש לקחת בחשבון את העובדה כי דובר בעבירות שבוצעו בצוותא, כאשר חלקם של הנאשמים היה כמעט זהה; תוך תכנון מקדים והצטיידות לקראתו בכלי נשק, מסכות וכפפות; השימוש האקטיבי בנשק במהלך השוד; שימוש באלימות כלפי חלק מעובדי הבנק וירי בתוך הבנק; הנזק שנגרם- הפחדת הלקוחות ששהו בבנק באותה עת, ביניהם ילדים ואנשי צוות העובדים בבנק, הכסף שנגנב והנזק שנגרם תוך שבירת החפצים במקום וכן לרכב שעמד בחוץ וכן הנזק שהיה צפוי להגרם כתוצאה מביצוע העבירה- פגיעה של מי מהלקוחות או צוות העובדים כתוצאה מהירי וגניבת סכום משמעותי יותר; עברם הפלילי כפי שתואר לעיל והעובדה כי הנאשם 1 הורשע בעבירה זהה ואף הנאשם 2 הורשע בעבירת החזקת נשק בעבר, דבר שלא הרתיע אותם לשוב ולבצע את אותן עבירות בשנית; העובדה כי הנאשמים לא השיבו את הכסף שנגנב ואף לא מסרו את הנשקים בהם בוצעה העבירה, על מנת שלא ישמשו לביצוע עבירות נוספות ולסיכון חיי אדם והעובדה כי הנאשמים יכלו להבין את הפסול במעשיהם ולהימנע מהם בכל שלב. באשר לטענות הסניגור בנוגע לעבירת הירי שנמחקה מכתב האישום ועל כן אינה צריכה",train
"התסקיר שהוגש סקר את קורותיו, הנאשם בן 24 ומאורס. משפחתו נורמטיבית ושוללת מעורבות בפלילים. הנאשם סיים 10 שנות לימוד ומאז עובד ומתפרנס וטרם מעצרו עבד בנגריה שם הוא עובד עד היום (בפיקוח אחיו) (הוגש מכתב מהנגריה במהלך הטיעונים לעונש – נ/1). בנוסף צויין שהוא כיום מאורס וגם ארוסתו עובדת. שירות המבחן העריך כי אין לנאשם דפוסים עבריינים מושרשים והוא יציב באורח חייו. עלתה התרשמות מפער בין תפקודו הכללי לבין העבירה בה הוא הורשע. בנוסף עלו תהיות בנוגע לפער בין עמדותיו אשר לכאורה שוללות מעורבות בפלילים לבין העבירה שלא ניתן להן מענה. על אף זאת, העריך שירות המבחן קיום סיכון נמוך להישנות התנהגות עוברת חוק. למרות חומרת העבירה, נמצא הנאשם מתאים להשתלבות בטיפול בקבוצה יעודית של עברייני נשק והומלץ על שילובו בה. כך הומלץ על הטלת צו מבחן והשתלבות בהליך טיפולי. נפגעו הערכים החברתיים של בטחון הפרט והציבור והשמירה על הסדר הציבורי. מידת הפגיעה לא היתה חמורה (ראו: ע\פ 2251/11 נפאע נ' מדינת ישראל (4.12.2011)). מכתב האישום לא ניתן להסיק אודות תכנון שקדם לביצוע העבירה אך עולה שחלקו היחסי של הנאשם היה בלעדי ואין צריך להרחיב על הנזק שהיה צפוי מביצוע העבירה. בפועל, לא נגרם נזק היות שלא נעשה שימוש באקדח. אין צורך להרחיב על חומרת עבירות הנשק. המתחם הראוי נמצא בין 9 עד 36 חודשי מאסר בפועל. ואולם בהתאם לסעיף 40ד לחוק העונשין, נראה לי על בסיס האמור בתסקיר כי קיים סיכוי של ממש שהנאשם ישתקם ועניין זה מהווה הצדקה לחרוג מן המתחם שנקבע. תצויין בנוסף העובדה שהוא הודה בביצוע העבירה ונטל אחריות בגינה ללא ניסיון להתחמק. אשר על כן, הנני מטיל על הנאשם עונשים כדלקמן:""",train
"(חי') 18383-05-09 מדינת ישראל נ' לירון סקורי , ת\פ(י-ם) 2355/05 מדינת ישראל נ' בסאם בדר , ת\""פ (י-ם) 1058/03 מדינת ישראל נ' אבולבן מחמד. יצויין כי חלק מהמקרים שאוזכרו על ידי הסניגור עסקו בכמויות קטנות בהרבה של הסם או בעבירות אשר בוצעו בנסיבות שונות באופן מהותי מהמקרה דנן, או על ידי נאשמים שנסיבותיהם האישיות היו שונות מאד מאלו של הנאשם (ת\""פ (י-ם) 5054/04 מדינת ישראל נ' איהב חרובי, ת\""פ (י-ם) 5726/02 מדינת ישראל נ' מוחמד גלאג'ל, ת\""פ (י-ם) 7738/09 מדינת ישראל נ' יוסף אבו חמיד). כאשר אני שוקל את השיקולים העיקריים הרלוונטיים במקרה: לחומרא- הכמות הנכבדת של הסם, תפקידו המהותי של הנאשם בביצוע העבירה והתסקיר השלילי, ומאידך לקולא העדר עבר פלילי משמעותי, מצבו המשפחתי של הנאשם, והעובדה כי מדובר באדם שאין זה ברור כי הפשע הינו דרך חייו - הגעתי למסקנה כי בהתבסס על כל האמור לעיל, מתחם הענישה ההולם נמצא בטווח שבין 12 חודשים ועד ל- 48 חודשים. אשר על כן, בהתבסס על האמור לעיל, הנני מטיל על הנאשם עונשים כדלקמן: 30 חודשי מאסר בפועל החל מיום מעצרו של הנאשם ביום 7.12.11. 12 חודשי מאסר על תנאי החל מיום שחרורו למשך 3 שנים כאשר התנאי יופעל במידה והוא עובר עבירת סמים מסוג פשע.""",train
"במקרה זה נפגעו הערכים החברתיים של שמירה על הקניין ופגיעה בסדר החברתי. לאור אופי השוד שבוצע מדובר בפגיעה שאינה ברף הגבוה של עבירות מסוג זה. לא ברור עד כמה התקיים תכנון מוקדם מעבר לרישום פתק והצגתו בסניף. לעומת זאת הנאשם הוא אחראי בלעדי לביצוע העבירה. מתחם העונש ההולם נמצא בין 12-36 חודשי מאסר בפועל. מבחינת נסיבות אישיות, אמנם לנאשם נסיבות אישיות ובריאותיות קשות, ואולם לא שוכנעתי שאין אפשרות להחזיקו או לשמור עליו במסגרת הכלא – אך יש מקום להתחשב במצבו הבריאותי בתוך מתחם הענישה. לקולא יצוין הודאתו המהירה וקבלת האחריות שזה מבטא. אשר על כן אני מטיל על הנאשם את העונשים כדלקמן: 15 חודשי מאסר בניכוי תקופת מעצרו מיום 14.5.19. מאסר על תנאי לתקופה של 9 חודשים למשך שלוש שנים שיופעלו במידה ויבצע עבירת שוד או אלימות מסוג פשע. באשר למאסר על תנאי של 18 חודשי מאסר שנקבע בת\פ 23408-05-15, הוא יופעל מחציתו בחופף ומחציתו במצטבר לעונש שלעיל.""",train
"לעניין חומרת עבירות השוד ראו: ת\פ 37473-01-10 מדינת ישראל נ' קנה היילי; ע\""פ 6378/11 מוחמד בסול נ' מדינת ישראל (25.7.2012); ות\""פ 26657-03-12 מדינת ישראל נ' יוסף בשיר (19.6.2012). אכן, על פי הפסיקה שהוגשה על ידי המדינה, הענישה בגין עבירת השוד עומדת על תקופה של כ- 4 שנות מאסר בפועל. הסניגור הציג פסיקה אחרת, על פיה נקבע מתחם מקל יותר של בין 6 חודשי מאסר לבין 24 חודשי מאסר בגין עבירת השוד (כאשר צויין שמדובר בעבירות שוד ללא תכנון מוקדם, וללא שימוש בנשק ותוך כדי שלנפגע לא נגרמו נזקים קשים (ע\""פ 7655/12 אדריס פייסל נ' מדינת ישראל (4.4.2013)). במקרה דנן, בהתחשב בכלל הנתונים, לרבות הפסיקה שהוגשה במסגרת הסיכומים של שני הנאשמים, מתחם הענישה ההולם נמצא בין 2-5 שנות מאסר בפועל. נסיבה לחומרה הינה כי במקרה של הנאשם דכאן, מדובר באדם שחזר וביצע עבירות פליליות חמורות זמן קצר לאחר שהוא השתחרר מתקופת מאסר משמעותית שהוטלה עליו בגין שוד מזויין ועבירות נוספות. בכך שונה מצבו של הנאשם 1 באופן משמעותי מזה של הנאשם 2. בנוסף, הנאשם 1 היה הגורם הדומיננטי בביצוע העבירה גם אם הוא לא תכנן אותה לבדו. מאידך, לזכותו העובדה כי מדובר במקרה של שוד \""רגיל\"" ועל אף שהשוד בוצע כלפי קטינות לא הופעלה אלימות חמורה. כמו כן, לקולא הנני מתחשב בעובדה שהנאשם הודה ללא צורך בניהול ההליך. לצערי לא מצאתי שבתסקיר פורטו שיקולים היכולים להקל עם הנאשם. עוד יוער כי אמנם דובר על כך שחל שינוי בחייו האישיים אך לא מצאתי כי יש בכך שיקול היכול להתגבר על האינטרסים הציבוריים העומדים מנגד. מכל האמור לעיל, הגעתי למסקנה שיש להשית על הנאשם 1 עונשים כדלקמן: א. 3""",train
"המוטלת על מי שמעז ואוחז בנשק שלא כדין, ועל אחת כמה וכמה בדינו של מי שסוחר בנשק שלא כדין. כפי שמציינת התביעה, ובצדק, נשק המוחזק באורח לא-חוקי בידי יחידים מן הציבור, הפך להיות 'מכת-מדינה' של ממש ובוודאי שהוא בגדר 'מכת-המחוז' בו ממוקם בית-משפט זה. לא פעם, נשמעים דיווחים על \חיסולי חשבונות\"", \""הסדרת סכסוכים\"" וטיפול בסכסוכי שכנים או סכסוכים משפחתיים תוך היעזרות בנשק חם, בין כאמצעי לאיום בלבד בין כאמצעי לפגיעה. הדבר מחייב הטלת ענישה חמורה ושימוש בכלי העונשי על-מנת להרתיע את היחיד כמו גם את הרבים מפני היזקקות לכך. ראו לעניין זה הדברים שנכתבו מפי כב' השופטת ארבל בע\""פ 4945/13 מדינת ישראל נ' עבד אלכרים סלימאן (ניתן ביום 19.01.14), לפיהם: מתאימים לעניינו בנוסף, דבריה של כב' השופטת חיות שנכתבו במסגרתו של ע\""פ 2251/11 ג'מאל נפאע נ' מדינת ישראל (ניתן ביום 4.12.11) לפיהם: על מנת לשרטט כדבעי את מתחם העונש ההולם, בעניינו של הנאשם, עיינתי בפסקי דין רבים, בהם נדונו עבירות בנשק הזהות לאלו הנדונות כאן. אומר מיד, מדיניות הענישה הנהוגה בעבירות בנשק הינה מגוונת. ברי, כי תלויה היא בנסיבותיו של כל מקרה ומקרה. למשל, בפרשה שנדונה במסגרת ע\""פ 2422/14 עלי חד'ר נ' מדינת ישראל (ניתן ביום 21.12.14) דחה בית המשפט העליון ערעור על גזר דינו של בית המשפט המחוזי בירושלים, במסגרתו הושת על המערער עונש מאסר בן 36 חודשים לריצוי בפועל , בגין ביצועה של עבירת סחר בנשק לפי סעיף 144(ב2) לחוק העונשין. במקרה זה המערער מכר, תמורת 9,000 ₪, לסוכן משטרתי, רובה מסוג \""קרל גוסטב\"" - סוג כלי נשק התקפי שבמהותו משקף סיכון רב יותר מאשר זה הנשקף מאקדח. כאן המקום לציין, בפרשה זו היו""",train
"במעשיו, פגע הנאשם בערכים החברתיים המוגנים של שלמות הגוף ושמירה על חיי אדם, כאשר נוכח טיב הפגיעות שנגרמו למתלוננים, ובעיקר למועתז, ובשים לב שתקיפת המתלוננים בוצעה באמצעות נשק קר, מידת הפגיעה בערכים החברתיים שנפגעו היא במידה בינונית – גבוהה. בכל הנוגע לנסיבות ביצוע העבירה נתתי דעתי לכך שהנאשם לא יזם את האירוע הראשוני, כאשר שכנתו מויסר תקפה אותו תחילה באמצעות מקל של מטאטא. לצד זאת, בהמשך לאחר שהגיעו נפגעי העבירה למקום והתפתח בינם לבין הנאשם עימות, הנאשם בחר שלא לעזוב את מקום האירוע ובכך להוביל לסיומו, וחלף זאת הלך לביתו, הצטייד במוט ברזל חד וארוך, וחזר למקום האירוע אז פתח מיד בתקיפת שלושת המתלוננים האחד אחר השני. כך שהגם שהמתלונן נקלע תחילה לסיטואציה באופן בלתי מתוכנן, בשלב בו הנאשם הלך לביתו והצטייד בנשק קר לצורך תקיפת המתלוננים, כבר דובר במעשים מתוכננים ולא באירוע ספונטני, כך שלמעשי הנאשם קדם תכנון מסוים. עוד נתתי משקל לעובדה שכתוצאה ממעשי הנאשם למתלוננים נגרמו פגיעות גופניות שונות, כאשר הפגיעה החמורה ביותר נגרמה למועתז, כשבנקל הנזק שנגרם לו היה יכול להיות אף חמור יותר נוכח מיקום הדקירה ועומקה. נוכח טיב האירוע המתואר ומכלול הנסיבות – זהות המתלוננים, הרקע לריב שהתגלע בין הנאשם למתלוננים, סמיכות הזמנים, ואופן ביצוע התקיפה – יש מקום לקבוע מתחם עונש אחד בגין כל העבירות בהן הורשע הנאשם. בהתאם לכל האמור ולנוכח מדיניות הענישה הנוהגת כעולה מהפסיקה במקרים דומים, ובשים לב שמדובר בתקיפה שבוצעה באלימות כלפי שלושה מתלוננים שונים אחד אחרי השני, אני קובע שבנסיבות העניין מתחם העונש ההולם נע בין 2.5-4.5 שנות מאסר בפועל. בכל הנוגע לגזרת עונשו של הנאשם בתוך מתחם העונש ההולם, נתתי משקל לגילו הצעיר,",train
"פגם המצדיק את ביטולו או ההתעלמות ממנו, ומדובר בנתון נוסף שיש לקחת בחשבון בעיקר כאשר הנאשם חזר בפני המתורגמן על עיקרי הדברים שמספר במסגרת התסקיר הראשון. בהתאם לכל האמור, מצאתי למקם את עונשו של הנאשם בחלקו האמצעי-תחתון של המתחם אותו קבעתי. על כן אני מטיל עונשים כדלקמן: חמש שנות מאסר בפועל. הנאשם יתייצב לתחילת ריצוי עונשו ביום 30.1.2023 בשעה 10:00. מאסר על תנאי לתקופה של 12 חודשים, משך 3 שנים מיום שחרורו, כאשר התנאי יופעל במידה והנאשם יבצע עבירות אלימות מסוג פשע.",train
"יוער שהנאשמים נעצרו ביום 22.8.17 וביום 2.10.17 שוחררו נאשמים 1-2 לאחר 41 ימי מעצר. הנאשם 3 המשיך לשהות במעצר. הערכים החברתיים שנפגעו היו שלום הציבור ושמירה על בטחונו. מידת הפגיעה בערכים האמורים הייתה בינונית עד נמוכה, בהתייחס לעובדות המקרה על פי המתואר בכתב האישום המתוקן. אמנם, מדובר בעיקר בעבירות נשק שהינן עבירות חמורות, ברם, יש לקחת בחשבון שבמקרה דנן מדובר בעבירה של החזקה בלבד וביתר שאת החזקה לפרק זמן קצר. בעניין זה יצוין שקיימת לכאורה לפחות, מלאכותיות מסוימת בכל הקשור בתיאור ושילוב העובדות בכתב האישום עם סעיפי העבירה, אך מצב זה היה תוצאה של ההסדר אליו הגיעו הצדדים. לא ניתן לקבוע שקדם תכנון, לפחות תכנון משמעותי לביצוע העבירות וזאת על רקע אופי ההסדר שנערך. חלקם של כל אחד מהנאשמים אינו זהה אך כל אחד השתתף בחלק משמעותי מביצוע העבירות. היה סיכון לגרימת נזק משמעותי לאור העובדה שמדובר בעיסוק בנשק חם. ואולם, לא נגרם נזק בסופו של יום ועובדה זו פועלת לקולא. הסיבות שהביאו את הנאשמים לביצוע העבירות היו פסולות והם היו צריכים לדעת את הפסול במעשיהם ולהימנע מהם מלכתחילה. עולה מתיאור כתב האישום שאין ספק שמדובר באירוע אחד. בהתחשב במדיניות הענישה נראה לי שמתחם הענישה ההולם נע בין 9 חודשי מאסר בפועל ל-36 חודשי מאסר בפועל. במקרה דנן יש מקום לסטות ממתחם הענישה ההולם מפאת שיקולי שיקום כאמור בסעיף 40 ד' לחוק העונשין כאשר יש רגליים לסברה שקיים סיכוי של ממש שהנאשמים ישתקמו. בעניין זה נראה לי שביחס לנאשמים 1-2 יש לקבל את המלצת שירות המבחן והערכותיו לגבי סיכויי השיקום, כאשר מדובר בנאשמים צעירים ללא עבר פלילי שחוו את תקופת המעצר כחוויה מרתיעה והם נמצאים בפיקוח",train
"הנאשם יליד 1989 ונעדר הרשעות פליליות קודמות. הוא נעצר ביום 29.12.22 ושוחרר למעצר בפיקוח אלקטרוני ב-19.1.23 וביום 8.8.23 הוסר האיזוק האלקטרוני והתאפשר לו לצאת לעבודה מדי יום. הערכים החברתיים שנפגעו היו שמירה על שלום הציבור, ובייחוד ציבור החוסים, ושמירה על שלמות גופם ונפשם. בהתחשב באופי העבירה, מדובר בפגיעה יחסית חמורה בערכים אלה. עם זאת מדובר בעבירה שבוצעה ללא תכנון, אך הנאשם נושא באחריות בלעדית בגינה ויכל להפסיק את ביצועה בכל שלב. מתוך הפסיקה ומתוך נסיבות המקרה, הנני קובע שמתחם הענישה ההולם נע בין 16 – 45 חודשי מאסר. עם זאת, במקרה זה יש הצדקה לסטות מהמתחם לאור מהלכי השיקום בהם נוקט הנאשם והערכת שירות המבחן לגבי סיכויי שיקומו. לא מצאתי סיבה שלא לקבל המלצת שירות המבחן אשר מהווה גוף מקצועי המסייע לבית המשפט. אשר על כן אני מטיל עונשים כדלקמן: 9 חודשי מאסר שירוצו בעבודות שירות, בהתאם לחוות דעתו של הממונה על עבודות השירות; מאסר על תנאי של 12 חודשים משך 3 שנים מהיום בו מסיים הנאשם את עבודות השירות, כאשר התנאי יופעל במידה והנאשם יבצע עבירות בהן הוא הורשע;",train
"הסחר כיוון שלא ראה את הנסיבות ככאלה שהצביעו על תשלום. לטעמי הנאשם הביע חרטה אמיתית על מעשיו וגם שילם מחיר זה מכבר בדמות הדחתו מהצבא ומניעת המשך השירות בקבע. אודה שלא ירדתי לסוף דעת שירות המבחן כאשר נראה היה כי הממצאים ובייחוד ההשתתפות המוצלחת של הנאשם בקבוצת עצורי הבית מצביעים על אדם שהוא בר שיקום מחוץ לכותלי בית הסוהר. יחד עם זאת אקח בחשבון ששירות המבחן לא הביא המלצה שיקומית בסופו של עניין. בהתאם לטיעוני הסנגור, אין להתעלם מהעונש שהוטל על השותף באשר לאחת העבירות המרכזיות שביצע הנאשם. לסיכומו של דבר החלטתי להטיל על הנאשם עונשים כדלקמן: א 12 חודשי מאסר בפועל. הנאשם יתייצב לתחילת ריצוי עונשו ביום 27.10.19 בבית מעצר קישון.",train
"בת\פ (חי') 7077/08 מדינת ישראל נ' זיני- בגין ביצוע הצתת רכב וקשירת קשר לביצוע העבירה נגזרו על נאשם 30 חודשי מאסר בפועל; בע\""פ 1995/06 אלכסנדר לברושקו נ' מדינת ישראל – הוטל על צעיר בן 22 ללא עבר פלילי שהתסקיר לא כלל המלצות אודותיו, מאסר בפועל לתקופה של 32 חודשים בגין עבירה של הצתת רכב גרר על ידי הטלת בקבוק תבערה ושריפת אמבולנס; בת\""פ (חי') 6045/07 מדינת ישראל נ' כמאל בן פואז חסין – נאשם ללא עבר פלילי שהורשע בשתי עבירות של קשירת קשר ועבירת הצתה בה הוצת רכבו של ראש המועצה על רקע סכסוך עבודה, נדון לשנתיים מאסר בפועל; בע\""פ 4482/06 ישראל כלפה נ' מדינת ישראל - הורשע צעיר בן 21 בהצתת רכב בעקבות סכסוך כספי עם אחר ונדון ל- 24 חודשי מאסר; בת\""פ (ת\""א) 40323/05 מדינת ישראל נ' מאיר קרליץ – בעקבות סכסוך כספי בין נאשמת נוספת לבין המתלונן, הצית המערער רכב שסבר ששייך למתלונן והוטלו עליו 30 חודשי מאסר בפועל; בע\""פ 6850/10 אבו שהין נ' מדינת ישראל – הוטלו על שני מערערים צעירים עונשי מאסר של 24 חודשים כל אחד בגין הנחת צמיגים תחת רכבו של המתלונן והצתתם. בע\""פ 2951/12 חוסני ביאדסה נ' מדינת ישראל – נדחה ערעור על גזר דין של בית המשפט המחוזי אשר הטיל על מערער שהצית רכב בו חיבלו אחרים קודם לכן, עונש של 36 חודשי מאסר בפועל. מאידך, הוצגו פסקי דין בהם הוטלו עונשים קלים יותר בגין עבירת ההצתה: ת\""פ (נצ') 1036/03 מדינת ישראל נ' גיא אזרזר (11.8.2005) –במקרה של נאשם נעדר עבר פלילי, שהודה במסגרת הסדר טיעון בעבירות של סיוע להצתה, קשירת קשר, שיבוש מהלכי משפט ועבירות נוספות""",train
"בענייננו, ולמרות דברי ב\כ המאשימה בטיעוניה לעונש כאמור לעיל, כי הגם שיש להטיל בגין עבירת הנשק עונש נפרד, הרי ש\""לפנים משורת הדין לא נבקש שיוטל במצטבר אלא בחופף\"" עדיין שומה עלינו לקבוע את מתחם העונש ההולם על פי נסיבותיה המיוחדות של עבירת הנשק וכן עבירת הקשר, וכן את העונש המתאים בתוך המתחם. הערכים החברתיים שנפגעו מביצוע העבירות הערכים החברתיים שנפגעו מביצוע העבירות – מצויים ברף העליון של הערכים המוגנים בגרימה למותו של אדם באמצעות שימוש בנשק חם. הערך המוגן בו פגע הנאשם – חיי אדם – הוא ערך עליון. במעשיו מעוררי התיעוב, חילל הנאשם את עקרון קדושת החיים. את הפגיעה בערך חברתי נעלה זה מגלם עונש החובה בגין עבירת הרצח – מאסר עולם. באשר לערך החברתי שנפגע מביצוע עבירות הנשק ומידת הפגיעה בו, הרי שבית המשפט העליון עמד לא אחת על חומרתן של עבירות הנשק, המקימות סיכון ממשי וחמור לציבור ויוצרות פוטנציאל להסלמה עבריינית, תוך שהוא חוזר ומבהיר, כי חומרה זו מחייבת ליתן ביטוי עונשי הולם באמצעות הרחקת מבצעי העבירות לתקופת מאסר ממשית לריצוי בפועל. בית המשפט העליון הבהיר לא אחת כי הגיעה העת להחמיר בעבירות הנשק. בהקשר זה ראה ע\""פ 5604/11 נאסר נ' מדינת ישראל [פורסם בנבו] שם נקבע, בין היתר, כדלקמן: כן, ראה ע\""פ 49/11 סלאימה נ' מדינת ישראל [פורסם בנבו] שם נקבע, בין היתר, כדלקמן: למרבה הדאבה, תופעה זו היא נפוצה, ואת מחירה שילמו לא אחת בחייהם אנשים תמימים שלרוע מזלם נקלעו לזירה אלימה. בהתאמה גם נתנו דעתנו לעבירה של קשירת קשר לביצוע פשע. בנסיבות אלו, הרי שהערכים החברתיים המוגנים שנפגעו מביצוע העבירות שביצע הנאשם הם חיי אדם, קדושת החיים, ביטחון הציבור, שלום""",train
"הנאשם 4 בן 29, עצור מיום 7.6.21. נאשם 5 בן 24, עצור מיום 7.6.21. הערכים המוגנים שנפגעו כתוצאה ממעשיהם של הנאשמים הם שמירה על שלטון החוק והסדר הציבורי, פגיעה ברכוש ובגוף, בזכות הקניין, ובשלום הציבור. לאור המניע הגזעני באישום השני ביחס לנאשם 4 ונוכח העובדה שהנאשם 5 הורשע בעבירות שסווגו כמעשי טרור, וכן בשל העובדה שהעבירות כולן בוצעו על רקע המבצע הצבאי \שומר החומות\"", מתווסף רכיב משמעותי של חומרה לעבירות ולפגיעה בערכים המוגנים (ע\""פ 8469/99 אסקין נ' מדינת ישראל (1.1.01)). הפסיקה הדגישה את החומרה הנוספת בכל הקשור למעשים שבוצעו על רקע לאומני: \""בית משפט זה עמד לא אחת על החומרה שיש לייחס לעבירות הצתה בכלל ולעבירות הצתה על רקע אידיאולוגי בפרט. .. מה שהרקע להצתה אידיאולוגי, יש בכך כדי לכפות את עמדותיהם הקיצוניות של מבצעי העבירה על הציבור הרחב בדרכים אלימות באופן המערער את סדרי המשטר הדמוקרטי...) ע\""פ 1214/18 מוחמד נאשף נ' מדינת ישראל (11.11.18); ראו גם רע\""א 5024/14 אברהם אלמקיס נ' מדינת ישראל (28.7.15); וע\""פ 1466/20 מדינת ישראל נ' פלוני (22.7.20). כמו כן, בפסיקה הובהר שכאשר מדובר בעבירות טרור, בשל החומרה היתרה הטמונה בעבירות אלה, ונוכח הפגיעה הרחבה של מעשי הטרור בציבור בכללותו, יש להתאים את מדיניות הענישה הנוהגת לרף שנקבע בחוק המאבק בטרור (ע\""פ 8114/22 מדינת ישראל נ' מחמד ראזם ואח' (30.1.2023)). באשר לשאלה אם מדובר באירוע אחד או אירועים שונים, אני חוזר על האמור בגזרי הדין הקודמים שניתנו בפרשה זאת: כל אחד מהאישומים מגולל סיפור נפרד בפני עצמו כאשר לא מתקיים קשר הכרחי בין כל אישום ואישום. לא עולה מתוך כתב האישום כי מדובר בתכנית עבריינית אחת על אף סמיכות הזמנים בין חלק""",train
"למתחם הענישה הראוי בגין העבירות שבוצעו על ידי הנאשם, כל אחד מן הצדדים איזכר פסיקה רלוונטית באשר לעונשים אשר הוטלו בגין עבירות סמים. כידוע, בעבירות הסמים מנעד העונשים רחב. המדינה טענה שמתחם הענישה ההולם נע בין 3-5 שנים (אוזכרו ע\פ 10498/05 מרדכי אלמקייס נ' מדינת ישראל (22.5.2006); ת\""פ (נצ') 1252/02 מדינת ישראל נ' בן יעקב בן סוסן (10.9.2003); ע\""פ 9979/08 רפי בודרם נ' מדינת ישראל (21.4.2009); ת\""פ(ב\""ש) 8113/08 מדינת ישראל נ' בודרם רפי (19.8.2008); ת\""פ 3967-09-11 מדינת ישראל נ' הדיאלפקיר (19.12.2011)). מאידך, טענה הסניגוריה למתחם ענישה מקל בהרבה, בהסתמך על מקרים אחרים כאשר בחלקם הגדול הועדפו שיקולי שיקום על פני שיקולי ענישה עקב כך שהנאשמים סבלו מהלם קרב (יוער כי במרבית המקרים שעסקו בסמים היה מדובר בעיסוק בסמים פחות קשים מאלו שבהם עסק הנאשם (ע\""פ 1073-07-09 קומפלר נ' מדינת ישראל (3.2.2010); ת\""פ 5374-05 מדינת ישראל נ' ברששת שלמה ואח' (19.6.2007); עפ\""ג (ב\""ש) 6463/09 אילן לרנר נ' מדינת ישראל (4.12.2011) – עבירות נהיגה; ת\""פ 4017/05 (חי') מדינת ישראל נ' עמי הוכמן (12.2.2006) – עבירות שוד ונשק; עפ\""ג 6550-07-09 אזולאי נ' מדינת ישראל (1.7.2010) – עבירות גניבה וקשירת קשר לעוון; ת\""פ 34398-02-10 מדינת ישראל נ' אלון גל שמחי (13.6.2011) – עבירות רכב; למקרים של העדפת שיקולי שיקום בנסיבות אחרות (ראו רע\""פ 6374/08 אלון גנני נ' מדינת ישראל (6.2.2012); ע\""פ 4158/05 מדינת ישראל נ' יחזקאל פראג' (27.10.05); ע\""פ 8092/04 ישראל חביב נ' מדינת ישראל (10.9.2006)). בהתחשב בפסיקה שאוזכרה לעיל, נסיבותיו האישיות של הנאשם כפי שבאו לידי ביטוי בתסקיר ובראיות האחרות אשר הוגשו מטעמו, הגעתי למסקנה כי מתחם הענישה ההולם נמצא בטווח שבין 12 חודשי מאסר לבין 36 חודשי מאסר.""",train
"שירות, אולם במקרה זה שוכנעתי שמבחינה שיקומית עדיף לאפשר לנאשם להמשיך בעבודה שהשיג – שהינו מקום עבודה בו הוא רוכש מקצוע - ולבצע בד בבד שירות לתועלת הציבור, בהתאם לתכנית שתוגש על ידי שירות המבחן. אשר על כן, אני מטיל על הנאשם את הענישה כדלקמן: צו מבחן למשך שנה. הנאשם יפצה את משפחת המתלוננת בסך 5,000 ₪ לתשלום עד ליום 1.9.22.",train
"פלילי וסיכויי שיקום טובים והטיל על הנאשמים 6 חודשי מאסר בעבודות שירות. מתוך הפסיקה בנושא, והמקרים אשר הובאו לעיל מדגימים זאת היטב, ניתן להיווכח כי בכל המקרים חוזרים ומדגישים בתי המשפט כי תקיפות חמורות מצד צעירים על רקע סתמי ללא התגרות מיוחדת, ובייחוד תקיפות של עוברי אורח, מהוות עבירות חמורות ביותר המחייבות ענישה משמעותית, כאשר בחלק מן המקרים שיקולי שיקום מביאים להקלה משמעותית בענישה המוטלת בפועל. במקרה דנן, לחומרה עומדות נסיבות ביצוע העבירה ותוצאותיה. אדם המתהלך לתומו בשעת בוקר במרכזה של עיר מודרנית בדרכו ליום עבודה רגיל, אינו מצפה להפוך בין רגע לטרף אקראי וסתמי בידי חבורה של צעירים או צעירות פראיים, חסרי מורא ואנושיות. סיטואציות מזוויעות כאמור מהוות ארכי-טיפוס של סיוט עירוני בדמיונו של כל אזרח שומר חוק (ראו: FEAR OF CRIME, Vol. 2 Criminology Research Council, Australia (1998),www.crimeprevention.gov.au/Publications/PublicSafety/Documents/Fear_of_Crime_Volume%202.pdf). המתלוננת נפגעה בצורה משמעותית כתוצאה מהתקיפה. נותרו בה צלקות פיזיות ונפשיות וחייה הוסטו ממסלולם ולא חזרו אליו עד היום. וכל זאת למה? כי היתה במקום הלא נכון ברגע הלא נכון? החיים בארץ רצופים סיכונים שנכפו על תושביה מן החוץ, סיכונים לפגיעה על ידי מעשי איבה או לחימה שלא קיימים במדינות מערביות אחרות. אין תושביה צריכים לסבול הפיכתם לקורבנות של פשיעה סתמית ברחובות הערים וכאשר עבירות כאלו מבוצעות הן מחייבות ענישה משמעותית ומרתיעה שתמגר את התופעה. לקולא, מדובר בשלוש נאשמות צעירות מאד, ללא עבר פלילי, או עם עבר מוגבל, אשר הודו במיוחס להן ללא צורך בניהול ההליך. נסיבות חייהן של כל אחת ואחת מן השלוש קשות עד קשות מאד והן חיות בשולי השוליים של החברה כתוצאה מחסכים בגידולן שאינם באשמתן ובמידה גדולה הן בעצמן קורבן של נסיבות",train
"נאשם 1 הוא יליד 1980, הוא כבן 39 כיום. הוא שהה במעצר בין 7.3.18- 6.8.18. נאשם 2 יליד 1992, הוא כבן 27 כיום. הוא שהה במעצר בין 6.3.18-16.4.18. לחובת הנאשם 1 עבר פלילי הכולל שתי הרשעות קודמות משנים 2005 ו-2008 בגין עבירות של הסעת שב\ח ותקיפת שוטר בעת מילוי תפקידו. לחובת נאשם 2 עבר פלילי הכולל הרשעה מתאריך 24.1.19 בגין עבירות משנת 2015, בגין חבלה חמורה בנסיבות מחמירות, תקיפה הגורמת חבלה ממשית ותקיפת סתם, בגינן נגזרו עליו 15 חודשי מאסר בפועל. צוין עוד שביום 10.3.19 נגזרו על נאשם 2 4 חודשי מאסר בפועל בגין הרשעה בעבירות נהיגה ללא רישיון ונהיגה בזמן פסילה. יוער כבר כעת שאמנם מבחינת נאשם 1 מדובר בשתי עבירות נפרדות, אך המקרה מתאים לפסיקת עונש כולל לגביהן. הערכים המוגנים שנפגעו הינם שמירה על שלום הציבור וביטחונו, כאשר הפגיעה בערכים מקבלת משנה תוקף כיוון שמדובר בעבירות נשק, וכפי שטענה המדינה, הימצאות נשק בלתי חוקי מעצימה את הסיכון ביחס לכלל עבירות האלימות. מידת הפגיעה בערכים הייתה בינונית-גבוהה ביחס לשני הנאשמים, כאשר מדובר בנשקים שהם דמויי תתי מקלע (ומאידך לא נעשה בהם שימוש). מבחינת הנסיבות הקשורות בביצוע העבירות, ביחס לנאשם 1, ברור שהתקיים תכנון מוקדם משמעותי בשני המקרים. חלקו היחסי היה, בניגוד לתיאור הסנגור, מרכזי. ייתכן שהוא פעל אך בתפקיד בלדרות, אך מהלכיו היוו חוליה חיונית בשרשרת של הפצת נשק בלתי חוקי שדרושה לביצוע עבירות ונראה על פי התיאור בכתב האישום שהוא זה שניצח על ביצוע שתי העבירות. הוער כבר, לגבי הנזק הרב שיש בעבירות הנשק לחברה, ואין ספק שהנאשם על אף שהיה במצוקה לטענתו יכל להבין את הפסול במעשיו ויכל להימנע מביצועם. לנאשם 2 תפקיד""",train
"הערכים החברתיים המוגנים שנפגעו היו שמירה על זכות הקניין, שמירה על שלום הציבור והן שמירה על המשתמשים בדרכים (ביחס לעבירות התעבורה). בהתחשב במכלול המעשים, ובכך שמדובר בשוד מרובה משתתפים אשר השתמשו במהלכו בנשק חם ושדדו לאור יום סופרמרקט פעיל, מדובר בפגיעה קשה יחסית בערכים האמורים. סיועו של הנאשם תרם לפגיעה בערכים אלה. על פי המתואר בכתב האישום לא יכולה להיות מחלוקת כי מדובר במעשים אשר תוכננו במדוקדק ומבעוד מועד. אומנם חלקו של הנאשם היה של מסייע, אך הוא היווה חוליה חשובה שאפשרה את ביצוע העבירה. הנאשם היה צריך להבין את הפסול במעשיו ולהימנע מהם. הנני מסכים עם עמדת המדינה שחלקו דומה לחלקו של הנאשם האחר בת\פ 60438-08-19 שלגביו נקבע מתחם שבין 18 – 36 חודשי מאסר. במקרה דנן לנוכח הדימיון בין מידת המעורבות והמעשים יש לקבוע מתחם זהה. באשר למהלכי השיקום שתוארו, עיינתי היטב בתסקירים כאשר מהם עולה תמונה בעייתית, שכן למרות שחלפה תקופה ארוכה יחסית מאז תחילת מהלכי השיקום (פברואר 2022), הנאשם הראה סימנים ראשונים בלבד המצביעים על כך שהוא מתקדם לעבר שיקומו בפועל. גם בתסקיר האחרון שהוגש מדובר במהלכים ראשונים בלבד כאשר ההתרשמות היא שעיקר המניע להשתתפות הנאשם בהליכי השיקום הינו חששו מאימת הדין. למקרא התסקירים לא מצאתי שבמקרה זה ישנה הצדקה לסטייה מחמת שיקום או סיכויים ממשיים לשיקום. אשר על כן, אני מטיל עונשים כדלקמן: 20 חודשי מאסר בפועל. הנאשם יתייצב לתחילת ריצוי עונשו ביום 1.5.23 בשעה 10:00 בבית המעצר קישון. מאסר על תנאי של 6 חודשים משך 3 שנים, כאשר התנאי יופעל במידה והנאשם יבצע עבירות אלימות או רכוש מסוג פשע. פיצוי בסך 2,500 ₪ לבעל סופרמרקט \""דוחא\"" בטמרה מר סעיד סלאח,""",train
"במקרה זה קיים קשר הדוק בין העבירות ומדובר הלכה למעשה ברצף מעשים אחד מתמשך ועל כן יש להגדירו כאירוע אחד. הערכים החברתיים שנפגעו היו: שמירה על שלום הציבור ובטחונו ושמירה על הקניין. מבחינת נסיבות הקשורות בביצוע העבירה, מעבר לתכנון הכרוך ברכישת מכונית והשגת נשק, אין מדובר בעבירות שביחס אליהן בוצע תכנון מוקדם משמעותי. לעומת זאת, חלקו היחסי של הנאשם היה מוחלט. כתוצאה מעבירות התעבורה נגרמו נזקים לרכבים אחרים. הסיבות שהביאו את הנאשם לביצוע העבירות היו כמובן פסולות. הנאשם אף היה צריך להבין את הפסול במעשיו. על בסיס כל האמור לעיל והפסיקה שהובאה על ידי הצדדים הנני קובע שמתחם הענישה נמצא בין 10 חודשי מאסר בפועל עד שלוש שנות מאסר בנסיבות המקרה. במקרה זה יושם לב כי כפי שטען הסניגור, עבירת נשיאת הנשק התרחשה כתוצאה מבריחה ולא במה שהיה ניתן לכנות נשיאה רגילה ובפועל המצב היה דומה לעבירת החזקה בלבד. עם זאת, אין להתעלם מהעובדה כי הנאשם היה מוכן לשאת את הנשק על מנת להבריח אותו מגילוי בחיפוש. באשר לשיקולים לקביעת העונש בתוך המתחם, לחומרה, יצויין שעבירות התעבורה הקודמות לא מנעו מן הנאשם מלחזור ולבצע עבירות בתחום זה. לקולא, תצויין העובדה שהנאשם הודה ולא ניהל את ההליך ובכך קיבל אחריות על מעשיו. בנוסף, יש לקחת בחשבון במידה מסויימת שמדובר באדם צעיר שטרם גיבש את אישיותו הבוגרת. כמו כן, הישיבה במעצר פוגעת במשפחתו של הנאשם שהוא מסייע בפרנסתה ולכך יש עוד להוסיף שהנאשם נמצא מזה חודשים ארוכים בתנאים של מעצר שכידוע קשים יותר מאשר תנאי מאסר. מכל האמור, הגעתי למסקנה שיש להטיל על הנאשם עונשים כדלקמן: 12 חודשי מאסר בפועל שמהם תנוכה תקופת מעצרו החל מיום 27.4.16 ועד",train
"היום. 12 חודשי מאסר על תנאי למשך 3 שנים מיום שחרורו. התנאי יחול במידה והנאשם יעבור עבירות נשק. פיצוי בסך 4,416 ₪ לבעל רכב השברולט ובנוסף פיצוי בסך 1,500 ₪ לבעל רכב הניסאן, שניהם לתשלום עד ליום 31.12.16.",train
"לקולא יש לציין את גילו של הנאשם שהוא אינו אדם צעיר וכיום הינו בן 63 וסובל ממחלה כאשר ברור שהטלת ענישה מחמירה תעמידו במצב שהוא עלול לעבור חלק משמעותי מפרק חייו האחרון שהוא כלוא. אין ספק שמשפחתו תסבול מהעדרו. כמו כן יש לקחת בחשבון את האחריות המוגבלת מאוד שהנאשם נטל על עצמו. כזכור, נוהל הליך שלם כאשר המדינה נאלצה להביא ראיות ביחס לנושאים רבים, החל ממצב הדרך ומצב הרמזור, אופן הנסיעה של המשאית ומהירותה, וכלה בראיות רבות בנושא הימצאות סמים בדמו של הנאשם בעת התאונה. מובן כי אין להעניש את הנאשם עבור ניהול ההליך, ברם מאידך אין הוא זכאי להקלה בגין כך. לסיכומו של דבר, הגעתי למסקנה שיש להטיל על הנאשם עונשים כדלקמן: - 15 שנות מאסר בפועל מהן תנוכה התקופה בה הוא שוהה במעצר החל מיום 3.8.16. - מאסר על תנאי של 24 חודשי מאסר למשך 3 שנים מיום שחרורו, כאשר התנאי יופעל במידה והנאשם עובר עבירות מסוג של הריגה או עבירת תנועה מסוג פשע. - הנאשם נפסל מלהחזיק רישיון נהיגה לצמיתות.",train
"הוא התסקיר החיובי והעדר עבר פלילי קודם, והשני הוא עינוי הדין לנאשם שנגרם בכך שמשך מספר שנים לא הוגש נגדו כתב אישום מסיבות שאינן תלויות בנאשם ויש להתחשב בכך במסגרת גזר הדין (ע\פ 8421/12 ינון בן חיים נ' מדינת ישראל (29.9.13); ת\""פ 14611-05-12 מדינת ישראל נ' עיסא (24.11.13)). כמו כן יש לקחת בחשבון שיקולים של אחדות הענישה ובמקרה זה העונשים שהוטלו על הנאשמים 2 ו- 3. בנושא זה יוזכר שרק הנאשם 1 עשה שימוש באגרופן על פי כתב האישום המתוקן. מכל האמור הגעתי למסקנה שיש להסתפק בהטלת עונש מאסר למשך 6 חודשים שירוצה בעבודות שירות. בהתאם לחוות הדעת שניתנה על ידי הממונה על עבודות השירות מיום 12.2.15 לפיה יבצע עבודות שירות ב\""בית הקשיש\"" בקרית אתא בהתאם לאמור בחוות הדעת החל מיום 7.6.15. לעונש זה יתווסף מאסר על תנאי של 9 חודשים למשך 3 מיום מתן גזר הדין אשר יופעל במידה והנאשם יעבור עבירת אלימות מסוג פשע. על הנאשם לפצות את המתלונן בסך של 20,000 ₪ עד ליום 1.9.15.""",train
"הערכים החברתיים שנפגעו היו שמירה על שלימות הגוף, על שלום הציבור וביטחונו. לאור כך שמדובר בעבירות נשק מדובר בפגיעה יחסית משמעותית בערכים המוגנים. ביצוע העבירות באישום הראשון היה כרוך בתכנון משמעותי, כך גם האישום השני והשלישי, כאשר לקראת ביצוע כל אחת מן העבירות נעשו הכנות משמעותיות כפי שמתואר בפרק סיכום העובדות שלעיל. לאישום הראשון נוספת חומרה לאור כך שבוצע ירי בפועל ובאישום השלישי נוספת חומרה לאור כך שהיה מדובר בשני נשקים. פוטנציאל הנזק בכל העבירות היה רב לאור כך שמדובר בעבירות נשק – ובייחוד באישום הראשון והשלישי. הנאשמים היו צריכים לדעת את הפסול במעשיהם ולהימנע מהם. כמו כן יש להדגיש את ההחמרה שחלה ביחס לעבירות נשק לאחרונה לאור ניסיון בתי המשפט לתרום להתמודדות עם התופעה החמורה והמזיקה של שימוש בלתי חוקי בנשק חם. ברור שמדובר בשלושה אירועים שונים שיש לקבוע בגינם מתחמים נפרדים כאמור בסעיף 40יג (ב) לחוק העונשין. ביחס לאישום הראשון מתחם הענישה ההולם צריך לנוע בין 3 - 6 שנות מאסר (ולנאשם 2 – 3-5.5 שנים); בגין האישום השני בין 3 – 4.5 שנות מאסר; ובגין האישום השלישי בין 2.5 – 5.5 שנות מאסר. אני רואה את האישום הראשון כחמור יותר מהאחרים כי בוצע ירי בפועל. באשר לקביעת העונש בתוך המתחמים יצוין שגילם הצעיר יחסית של הנאשמים פועל לטובתם וכך גם העובדה כי נאשם 1 בעל עבר פלילי לא מכביד ונאשמים 2 ו-3 ללא עבר פלילי כלל (לנאשם 2 עבר תעבורתי). מאידך, ניתנו תסקירים שליליים לגבי כל אחד מהנאשמים. בעניין זה יוער כי אילו סברו הסנגורים שהתסקירים לא נערכו כראוי או ששירות המבחן לא יצר קשר מספק עם הנאשמים, היה צריך לטעון זאת לפני",train
"באשר לעבירת השוד הערכים המוגנים שנפגעו היו שמירה על שלום הציבור ובטחון המסחר. בהתייחס לנסיבות המקרה רמת הפגיעה בערכים המוגנים הייתה בינונית לכל הפחות. יוזכר כי הופעלה אלימות פיזית אם כי לא ברמה גבוהה. התקיים רכיב תכנון על אף שאין מדובר בתכנון מתוחכם. הנאשם היה צריך לדעת את הפסול במעשיו ולהימנע מהם. אין מדובר במצב של סייג לאחריות פלילית. בכל האמור בקשר לעבירת השוד הגעתי למסקנה כי מתחם הענישה ההולם נמצא בין 2.5 – 5 שנות מאסר בפועל. באשר לעבירת ההצתה, אין צורך להכביר מילים אודות הסיכון בעבירות מסוג זה. עם זאת עלה שהעבירה בוצע על רקע מצוקה נפשית בה היה שרוי הנאשם בעת מעצרו כפי שתואר בתסקיר. מתחם הענישה ההולם ביחס לעבירת ההצתה במקרה דנן נמצא בין 10-20 חודשי מאסר בפועל. מדובר בשני אירועים נפרדים אשר מתאימים לפסיקת עונש אחד כולל. לנאשם סיפור חיים מורכב והוא סובל מהתמכרות לסמים כאשר ניסיונות גמילה לא צלחו עד כה. אמנם לא ניתן תסקיר חיובי אולם אקח בחשבון הטענות שהועלו בקשר לתקשורת לקויה עם שירות המבחן. אשר על כן הנני פוסק עונשים כדלקמן: 4 שנות מאסר בפועל (בגין שתי העבירות) מהם תנוכה תקופת המעצר מיום 4.10.20. 12 חודשי מאסר על תנאי משך שלוש שנים אשר יופעל במידה והנאשם יבצע עבירות אלימות מסוג פשע.",train
"במעשיו הנאשם פגע בערכים החברתיים המוגנים של שמירה על שלום הציבור ובטחונו. בנסיבות בהן דובר בשלוש עסקאות נשק נפרדות, בשים לב כי דובר בכמות משמעותית של תחמושת המשמשת נשק התקפי, מדובר בפגיעה במידה בינונית לכל הפחות. בבחינת נסיבות ביצוע העבירה שקלתי את העובדה כי מדובר במעשים מתוכננים, כאשר נאשם 2 הוא שיזם את הפנייה לנאשם 1 לצורך רכישת התחמושת. עוד שקלתי את סוג התחמושת וכמותה, ואת העובדה כי לא דובר במקרה בודד או נקודתי, אלא בשלוש עיסקאות שונות. בנוסף, מדובר בכמות משמעותית של תחמושת שהועברה לשטחי הרשות כאשר התחמושת לא נתפסה ועל כן מדובר במעשים שהנזק ופוטנציאל הנזק בצידם הוא רב. הנאשם יכל להבין את הפסול במעשיו ולהימנע מעשייתם. יש לציין כי למרות שמדובר בשלוש עסקאות שונות, לנוכח סמיכות הזמנים, זהות המעורבים, הדמיון בין העסקאות והזהות בערכים החברתיים שנפגעו כתוצאה מהמעשים, יש הצדקה לקבוע מתחם עונש כולל אחד. בהתאם לאמור ולמדיניות הענישה הנוהגת כעולה מהפסיקה, מתחם העונש ההולם במקרה זה נע בין 20-50 חודשי מאסר. לצורך קביעת עונשו של נאשם 2 בתוך מתחם העונש ההולם, שקלתי את הודאתו והחיסכון בזמן שיפוטי, את מצבו המשפחתי ואת עברו הפלילי הנקי (אם כי יש לזכור כי מדובר בשלושה מקרים שונים). במכלול הנתונים יש הצדקה למקם את העונש בחלק הנמוך של המתחם. בכל הנוגע לעונש המזערי בהתאם לתיקון (תיקון מס' 140 – הוראת שעה) תשפ\ב-2021, סעיף 144(ז) לחוק העונשין קבוע כך: \""הורשע אדם בעבירה לפי סעיף קטן (א) רישה, (ב) רישה, (ב2) או (ב3) רישה, לא יפחת עונשו מרבע העונש המרבי שנקבע לאותה עבירה, אלא אם כן החליט בית המשפט, מטעמים מיוחדים שיירשמו, להקל בעונשו; עונש מאסר לפי סעיף קטן""",train
"הסולחה. בכל הקשור לסיכוי השיקום, נראה שהנאשמים החלו בצעדים ראשוניים לקראת שיקומם, אולם בשלב זה אין בהם כדי להצדיק סטייה ממתחם העונש ההולם. יצוין, שאילולא ההודאות המוקדמות היה מקום לענישה כבדה יותר באופן משמעותי. אשר על כן אני מטיל את העונשים כדלקמן: 4 שנות מאסר בפועל שמהם תנוכה תקופת מעצרו מיום 10.11.2020 ועד ליום 29.1.2021. 12 חודשי מאסר על תנאי למשך 3 שנים ממועד שחרורו, כאשר התנאי יופעל במידה והנאשם יעבור עבירת אלימות מסוג פשע. נאשם 1 יתייצב לריצוי עונשו ביום 4.11.21 בשעה 10:00. 4 שנות מאסר בפועל שמהם תנוכה תקופת מעצרו מיום 13.1.2021. 12 חודשי מאסר על תנאי למשך 3 שנים ממועד שחרורו, כאשר התנאי יופעל במידה והנאשם יעבור עבירת אלימות מסוג פשע.",train
"יצויין שמבדיקה במערכת נט המשפט עלה כי הנאשם 2 אכן נעצר ביום 15.8.12 ושוחרר ביום 23.9.12. ניסיון ראשון לערוך תסקיר לנאשם לא צלח עקב העדר שיתוף פעולה מצידו. ביום 14.3.13 ניתן תסקיר נוסף בו נסקרו קורות חייו ובין היתר צויין שהוא בן 20 ועלה לישראל בשנת 1996. בעברו עבירה של חבלה כשהעבריין מזויין וחבלה חמורה בהליך אחד משנת 2009 נשפט לתקופה של 3 חודשים בהיותו קטין. הוא גוייס לצבא במסגרת מיוחדת אך עזב את השירות הצבאי לאחר מספר חודשים. שירות המבחן התרשם שמדובר באדם שלמרות גילו הצעיר, סיגל לעצמו דפוסים עבריינים הנוגעים לסביבת מגוריו ואי הבנת גבולות המותר והאסור. צויין שההליך הטיפולי במסגרת שירות המבחן לנוער לא תרם לשינוי דפוסים אלו. שירות המבחן ציין שלא התגלתה מצוקה או אי נוחות מאורח החיים שהוא מנהל ועלה כי קיימת רמת סיכון בינונית להישנות התנהגות אלימה מצידו בעתיד. שירות המבחן העריך כי קיים צורך לשלבו בהליך טיפולי, אולם הנאשם שלל בעייתיות בתיפקודו והתנגד לטיפול ועל כן לא הובאה המלצה טיפולית. שירות המבחן ציין כי יחד עם זאת, ריצוי מאסר עלול להחריף את מידת מעורבותו בעבריינות באמצעות חבירה לגורמים שליליים וטיפוח נורמות א-סוציאליות ועל כן המליץ על ענישה בעבודות שירות. בהיבט הפסיקה, אין ספק שעבירת ההצתה הינה עבירה שלצידה סיכון פוטנציאלי רב וכפי שנקבע \עבירת ההצתה הינה מן החמורות שבעבירות שיודע אתה את תחילתה ואין אתה יודע את סופה\"" (בש\""פ 6764/99 תייסיר מחמיד נ' מדינת ישראל; ת\""פ 19011-0-10 מדינת ישראל נ' עדרי). בחלק מן המקרים הטילו בתי המשפט עונשים כבדים ומרתיעים בגין העבירה: בע\""פ 3210/06 פארס עמארה נ' מדינת ישראל – הוטל על נאשם עונש של 54 חודשי מאסר בפועל.""",train
יבצע עבירת אלימות או רכוש מסוג פשע.,train
"הערכים החברתיים המוגנים שנפגעו היו שמירה על שלום הציבור וביטחונו ושמירה על חיי אדם. היות שמדובר בעבירות נשק – החזקה ונשיאה – מדובר בפגיעה משמעותית בערכים המוגנים. באשר לתכנון, קשה לעמוד על רכיב זה אולם עובדה שהנאשם החזיק בנשק תקופה ארוכה יחסית. הנאשם נושא באחריות בלעדית בביצוע העבירה ולא חל בעניינו סייג לאחריות פלילית. למען הסדר יצוין שעל אף שמדובר באקדח הזנקה שהוסב, בכתב האישום המתוקן נרשם שמדובר בכלי שמסוגל לירות כדור שבכוחו להמית אדם. עוד יצוין שמהחומר שבתיק עולה שהנאשם אכן החזיק את הנשק ונשא אותו לשם הגנה עצמית. אומנם דבר זה לא צוין בכתב האישום המתוקן אך עולה מהחומר שהוגש בעניינו. מכל האמור ומהפסיקה שהוגשה נראה שמתחם הענישה ההולם נמצא בין 24 – 50 חודשי מאסר. באשר לפסיקת העונש בתוך המתחם יצוין לחומרה עברו הפלילי של הנאשם הכולל כמות בלתי מבוטלת של הרשעות קודמות במגוון עבירות פליליות ובהן גם עבירות אלימות, ולקולא הודאתו המהירה ונסיבותיו האישיות. כמו כן, יצוין שבסופו של עניין לא נעשה שימוש באקדח. באיזון בין השיקולים השונים יש למקם את העונש בחלק האמצעי של המתחם. מכל האמור הנני מטיל על הנאשם העונשים כדלקמן: 35 חודשי מאסר בפועל, שמהם תנוכה תקופת מעצרו מיום 3.10.22; 9 חודשי מאסר על תנאי למשך 3 שנים, שיופעלו במידה והנאשם יבצע עבירות נשק ו/או אלימות מסוג פשע;",train
"הנאשם היה נתון במעצר בין 21.1.21 עד 11.4.21. כחלק מהראיות לעונש הוגשו תמונות הכידון ותמונות המתלונן לאחר הפגיעה בו, מהן ניתן להתרשם ממידת הפגיעה שנגרמה לו וכן מסמכים רפואיים ממרכז רפואי העמק. הערכים המוגנים שנפגעו כתוצאה ממעשיו של הנאשם הם שלמות הגוף, הביטחון, שלוות הנפש וגופו של האדם ופגיעה בתא המשפחתי. נוכח טיב האירוע וסוג הפגיעות שנגרמו למתלונן מדובר בפגיעה ברמה משמעותית. באשר לנסיבות ביצוע העבירה יש לתת משקל לאווירה שהייתה בין הצדדים בעת האירוע ולמצב המסובך במערכת היחסים בין הנאשם לאחים שלו. בנוסף, למתלונן נגרמו פגיעות גופניות משמעותיות כתוצאה מתקיפתו על ידי הנאשם שהשתמש בנשק קר. מתחם העונש ההולם נמצא בין 3-5 שנות מאסר בפועל. אין להתעלם מהתסקיר שהוגש בעניינו של הנאשם אשר לא בא בהמלצה שיקומית טיפולית גם מהסיבה שהנאשם לא מפנים את חומרת העבירה ואינו מגלה אמפתיה כלפי המתלונן. באשר לפסיקת העונש בתוך המתחם, לזכותו של הנאשם גילו המבוגר והעובדה שאין לחובתו עבר פלילי קודם. כמו כן יש מקום להתחשב במצבו הרפואי כפי שעולה מהתיעוד הרפואי שהוגש בעניינו. עם זאת, המדינה הציגה כי שב\ס ערוך לקלוט את הנאשם גם במצבו הרפואי הבעייתי. על כן אני מטיל עונשים כדלקמן: 36 חודשי מאסר בפועל בניכוי ימי מעצרו של הנאשם. הנאשם יתייצב לתחילת מאסרו ביום 16.8.22 בשעה 10:00. מאסר על תנאי לתקופה של 12 חודשים, משך 3 שנים מיום שחרורו, כאשר התנאי יופעל במידה והנאשם יבצע עבירות אלימות מסוג פשע.""",train
"הנאשמים יש לקחת בחשבון את העובדה כי דובר בעבירות שבוצעו בצוותא כלפי שני עוברי אורח תמימים, כאשר חלקם של הנאשמים היה כמעט זהה, את רמת האלימות בה נקטו בתקיפתם את שני הקורבנות (קברום ושניר) ואת הנזק הגופני שהיה צפוי להיגרם לקורבנות כתוצאה מהאלימות בה נקטו הנאשמים. אני דוחה את טענת ב\כ הנאשמים לפיה יש לזקוף לטובת הנאשם 1 את העובדה (המוסכמת על הצדדים כפי שהצהיר כאמור ב\""כ המאשימה) כי בעת המעשים היה נתון להשפעת אלכוהול שצרך קודם, בהתאם לסעיף 40ט(9) לחוק העונשין (הקרבה לסייג לאחריות פלילית). בע\""פ 7701/14 אל טייב נ' מדינת ישראל (16.5.16) נקבע כי, ברגיל, עובדת היותו של אדם תחת השפעה של אלכוהול בעת ביצוע העבירה, שעה שנכנס במודעות למצב השכרות, אינה מהווה \""קרבה לסייג לאחריות פלילית\"" וגם לא נסיבה מקלה לצורך גזר הדין אלא במקרים חריגים. אין איפוא לראות בעובדת היותו של הנאשם 1 תחת השפעת אלכוהול בעת ביצוע העבירות, שעה שנכנס באופן מודע למצב השכרות (ולא נטען אחרת בענייננו), כנסיבה מקלה לעניין העונש. מתחם הענישה ההולם לעניין העבירות שבוצעו באישומים הראשון והשני (האירוע הראשון) לאור הנתונים והנסיבות דלעיל, ובהתחשב במדיניות הענישה הנהוגה, נע בין 1.5 ל- 3.5 שנות מאסר בפועל. האישום השלישי: הערך החברתי שנפגע מביצוע העבירות המנויות באישום השלישי הינו ההגנה על שלמות גופו של הזולת ושלום הציבור. יש מקום להדגיש את חומרתן היתרה של עבירות האלימות המבוצעות תוך שימוש בכלי נשק קרים שמחייבות תגובה עונשית הולמת ומחמירה (ראו: עניין זוארץ, בפסקה 10). לחובת הנאשם 1 יש לזקוף את חומרת הפציעה שנגרמה לעיסא בפניו מהדקירה, מיקומו והפגיעה שגרם בפניו כפי שתואר בכתב האישום המתוקן. יחד עם זאת, יש לזקוף לטובתו של""",train
"ככל הנראה מדובר בהליך ארוך שיבוצע במסגרת מאסרו. כפי שעלה, הנאשם עבר הליך גמילה בעבר, אך שב להשתמש בסמים עם שחרורו. גם אם אקבל את טענות הסניגור באשר לנסיבות חייו הקשות של הנאשם, הרי שלא ניתן להתעלם מכך שההליך הנוכחי מהווה חוליה נוספת בשרשרת עבירותיו. הנאשם הורשע כאמור לעיל בעבירות רבות בפרקי זמן צפופים וריצה תקופות מאסר ממושכות בגינן. סמוך למועד שחרורו, חזר לסורו וביצע עבירות נוספות, דבר המעיד על מסוכנותו. גם הליך גמילה בו השתתף, לא מנע ממנו לשוב לסורו עם מועד שחרורו. סעיף 40 ט לחוק עניינו נסיבות הקשורות בביצוע העבירה. כאמור לעיל, מעשי הנאשם חמורים, הנאשם יכול היה להבין את הפסול במעשיו ולהימנע מהם. יוזכר, כי מדובר במעשיו חוזרים ונשנים ואין המדובר על מעידה חד פעמית. בנוסף, העבירות בוצעו כלפי בני משפחתו והרופא המטפל בו ואין ספק כי הנאשם ניצל לרעה את יחסיו עימם ובעיקר את אימו כקורבן נגיש וניתן להשפעה בקלות נוכח קירבתם. בנוסף, הנזק שנגרם לבני המשפחה כנפגעי עבירה הינו חמור הן לנוכח הפגיעה המתמשכת והן לנוכח הקירבה לנאשם. במקרה דנן מדובר במספר אירועים אשר בוצעו בזמנים שונים וכלפי גורמים שונים. לאור הדמיון בין האירועים כלפי בני המשפחה יש להחשיבם כאירוע אחד והאירוע כלפי הרופא כאירוע נפרד. המקרה מצדיק הטלת עונש אחד כאמור בסעיף 40 יג(ב) לחוק. לאור האמור, במקרה שבפניי המתחם בגין העבירות שבוצעו כלפי בני משפחתו הוא 18-36 חודשי מאסר ומתחם הענישה ביחס לעבירה שבוצעה כלפי רופא המשפחה הוא בין 3 ל- 7 חודשי מאסר. בנוסף, יש להשית על הנאשם את עונש המאסר על תנאי בן 10 חודשים שניתן במסגרת ת\פ 33143-09-12 ביום 14.4.13 בבית המשפט המחוזי בחיפה. לאור""",train
"אך מאידך אין בכך כדי להקל בעונש שיוטל. בתסקיר המבחן שנערך לנאשם 3 צוין העדר קבלת האחריות, שלילת נזקקות טיפולית, העדר הכרה בצרכיו הטיפוליים והובאה הערכה כי הסיכון להישנות עבירות עדיין מתקיים. בהתחשב בכל האמור לעיל הנני קובע עונשים לכל אחד מהנאשמים בתוך המתחמים שנקבעו כלהלן: בגין האישום הראשון – 6 שנות מאסר; בגין האישום השני – 7 שנות מאסר; בגין האישום השלישי – 5 שנות מאסר; בגין האישום השביעי – 8 שנות מאסר; בגין האישום החמישי – 30 חודשי מאסר; בגין האישום השישי – 24 חודשי מאסר; בגין האישום השביעי – 9 שנות מאסר. בגין האישום השביעי – 4.5 שנות מאסר; בגין האישום השמיני – 14 חודשי מאסר. מידת החפיפה בין העונשים שיוטלו על כל נאשם, תיקבע בהתאם להוראות סעיף 40יג(ב) סיפא ו-(ג) לחוק העונשין. אשר על כן הנני גוזר עונשים כדלקמן: על נאשם 1 - 12 שנות מאסר בפועל שמתקופה זו תנוכה תקופת מעצרו מיום 17.5.21; 24 חודשי מאסר על תנאי למשך 3 שנים מיום שחרורו, כאשר התנאי יופעל במידה והנאשם יבצע עבירות אלימות או רכוש מסוג פשע; פיצוי לכל אחד מבעלי הנכסים שניזוק כמתואר באישום השלישי, בסך 10,000 ₪ כל אחד (יצחק מסיקה, תמר דוידסון, עומרי שחר) לתשלום עד ליום 31.12.25. קנס בסך של 10,000 ₪ לתשלום עד ליום 31.12.25. על נאשם 2 – 11 שנות מאסר בפועל שמתקופה זו תנוכה תקופת מעצרו מיום 13.5.21; 24 חודשי מאסר על תנאי למשך 3 שנים מיום שחרורו, כאשר התנאי יופעל במידה והנאשם יבצע עבירות אלימות או רכוש מסוג פשע; קנס בסך של 10,000 ₪ לתשלום עד ליום 31.12.25. על נאשם 3 – 5 שנות מאסר",train
"עם חברים וללא שינה. הפציעות שפצע הנאשם את המתלוננת, שהיתה מבחינתו \טרף קל\"", היו בעוצמה רבה עד שנדרש לאשפז את המתלוננת בבית חולים לאחר המקרה לצורך ניתוח ותפירת החתכים. הנאשם הוסיף חטא על פשע כשבחר לפצוע את המתלוננת פציעות עמוקות בפניה ובצווארה, ולהשאיר בגופה סימנים גלויים לעין, כל זאת בלהט יצריו ותוך כדי ביצוע מעשה האונס. הגם שמדובר במסכת אחת ואירוע אחד, לא למותר לציין כי בנסיבות אלה יש לראות כל עבירה ועבירה שבאותו האירוע על פי מידת חומרתה, ולתת לה משקל כגודל השפעתה על המתלוננת. מדובר אמנם במסכת עבירות כלפי קורבן אחד, שבוצעו בפרק זמן קצר ובזירה אחת, כאשר בין העבירות מתקיים \""קשר הדוק\"" המהווה אירוע אחד, אלא שהאירוע האחד כולל בחובו עבירת מין ומספר עבירות אלימות שבוצעו כחלק מתוכנית עבריינית אחת, והכל תוך כדי רמיסה גסה וברוטלית של ערכים מוגנים בסיסיים ופגיעה בוטה בציפור נפשה של נערה צעירה כבת 17. משקבענו כי בפנינו אירוע אחד נעבור עתה לקבוע את מתחם העונש ההולם לאירוע כולו ולאחר מכן נגזור עונש כולל לכל העבירות שבאירוע, בהתאם לסעיף 40יג(א) לחוק העונשין. לפי סעיף 40ג(א) לחוק העונשין מתחם העונש ההולם ייקבע בהתאם לעיקרון ההלימה, שביישומו על בית המשפט להתחשב בערך החברתי שנפגע מביצוע העבירה, במדיניות הענישה הנהוגה ובנסיבות הקשורות בביצוע העבירה (ע\""פ 8641/12 מוחמד סעד נ' מ\""י [פורסם בנבו] (5.8.13)). הערך החברתי המוגן שנפגע ממעשי הנאשם הוא הזכות של אדם להגנה על שלמות הגוף והנפש והזכות כי כבודו יישמר, כך גם ביטחונו האישי וחירותו. רבות דובר בפסיקה על הערך החברתי של שמירה על שלמות הגוף והנפש, והחובה לשגר מסר עונשי ברור ותקיף כנגד מי שפוגע בערך חברתי זה. כך""",train
"בטיעונים לעונש העידו המתלונן יזן ואביו ושניהם הדגישו שברצונם לסיים את העיסוק במקרה וכי נערכה סולחה באמצעות המשפחות. העיד גם השייח מאמון מטאווע בנוגע לסולחה ומאמצים שהיה חלק מהם כדי להשיגה. העיד גם אביהם של הנאשמים 1 ו-2. הוגשו תעודות וצילומים של הנאשם 2 שהעידו על הישגיו בכדורגל. הוגש גם הסכם סולחה שיש לציין לגביו שהוא הדדי במידה ניכרת, כאשר במסגרתו הביע המתלונן חרטה והתנצלות כלפי הנאשמים על \התנהגותו הפוגענית\"" כלפי אחותם של הנאשמים בעוד שתואר רק באופן כללי ביותר האירוע נשוא כתב האישום מצד הנאשמים. אין בכך פסול אולם עולה הרושם שבמסגרת הסולחה הוקדש יותר מקום לפגיעה המילולית הנטענת של המתלונן כלפי בת משפחתם של הנאשמים מאשר הפגיעה הגופנית הקשה במתלונן על ידי הנאשמים. מהעדויות שנשמעו בנוגע לסולחה נותר אצלי רושם לא נוח. התרשמתי כי העדויות של המתלונן ואביו נמסרו בצורה מאולצת. כך אני נוטה לקבל את עמדת המאשימה שטענה שבמקרה זה הסולחה אינה רלוונטית ושאין לתת לה משקל, כאשר לא ברור מה עמד בבסיסה ונטען עוד במרומז שהופעל לחץ על המתלונן ומשפחתו כדי שיסכימו לסולחה (ראו ע\""פ 5432/20 מהדי ג'האד כבהה נ' מדינת ישראל (20.12.20)). במקרה זה מדובר באירוע של ירי מסיבי יחסית, במסגרתו נורו שני אנשים ואחד מהם נפצע פציעות יחסית קשות. מדובר באירוע שתוכנן מבעוד מועד והוכן לקראתו נשק חם וקר. הנאשמים היו צריכים לדעת את הפסול במעשיהם ופוטנציאל הנזק היה רב ואף התממש באופן חלקי. ביחס לנאשם 1, בהתחשב במספר הקורבנות ואופי הפגיעה והירי הרב שבוצע במהלך האירוע, מתחם הענישה ההולם נע בין 5-8 שנות מאסר בפועל, ולגבי הנאשם 2 מתחם שבין 4-6 שנות מאסר בפועל. לגבי נאשם 3 המתחם נע""",train
"ידי ב\כ הנאשם אינם מציגים תשתית עובדתית דומה ולכן אינם רלבנטיים למדיניות הענישה במקרה כגון זה. עוד יש לציין שהתסקיר היה שלילי. גם אם הייתה תקשורת לקויה בין עורכת התסקיר לבין הנאשם אין בכך כדי להוות הסבר לאי השתתפותו המלאה של הנאשם בקבוצה הטיפולית ודבר זה חייב להיחשב לחובתו. יחד עם זאת אציין את ההתרשמות הישירה שלי כי מדובר באדם פשוט וייתכן בעל אופי נגרר, עד כמה שניתן היה להתרשם ממנו בדיונים שהתנהלו. מתחם הענישה ההולם נע בין 12-30 חודשי מאסר בפועל. יש בנוסף להתחשב בהעדר עבר פלילי קודם, בכך שהנאשם נמצא עדיין בשלבי גיבוש אישיות, בהודאה המידית שניתנה וקבלת האחריות שזה מבטא. לחובתו כמובן התסקיר השלילי. מתוך כל האמור הגעתי למסקנה שיש להשית על הנאשם את העונשים כדלקמן: 12 חודשי מאסר בפועל. על הנאשם להתייצב לתחילת ריצוי עונשו ביום 2.1.2019.""",train
"בהתאם להמלצת שירות המבחן. מאסר על תנאי של 6 חודשים למשך 3 שנים כאשר התנאי יופעל במידה והנאשם עובר עבירת אלימות או רכוש מסוג פשע. פיצוי לקופאית בסך של 2,500 ₪ לתשלום עד ליום 1.1.21.",eval
"במקרה דנן הערכים החברתיים שנפגעו כתוצאה מביצוע העבירות שבוצעו הינם הגנה על שלום הציבור ובטחונו, שמירה על הסדר החברתי וההגנה על הקניין. לחובת הנאשם 12 הרשעות קודמות בגין עבירות של רכוש, אלימות, סמים ובריחה ממשמורת חוקית, בגינן ריצה כ-6 תקופות מאסר. הרשעתו האחרונה היתה בשנת 2003 (ראו: ת/2). כמו כן לנאשם כ-14 הרשעות תעבורה, מרביתן בגין נהיגה ללא רישיון וכן עבירות של נהיגה בזמן פסילה, אי ציות לשוטר, נהיגה בחוסר זהירות, מתן רשות לאחר להשתמש ברכב ללא ביטוח וללא רישיון נהיגה ואי מתן זכות קדימה, כאשר האחרונה בוצעה בשנת 2001 (ראו: ת/3). כל העבירות בכתבי האישום הנוכחיים שבוצעו על ידי הנאשם בוצעו בפרק זמן של כשבועיים. אכן לא מדובר באירוע אחד אלא ברצף של מעשים תכופים אשר נבעו כאמור מהתדרדרות הנאשם, לאחר שהתבקש לעזוב את מסגרתו המשפחתית והפך לדר רחוב. הנאשם לא השכיל להתמודד עם מצוקתו האישית והכלכלית ובחר בדרך אותה הכיר בעבר של הפרת החוק. אציין כי על אף שמדובר בפעולות עברייניות שבוצעו על פי רצף של זמן וכללו מעשים שונים ביחס לקורבנות שונים ובמקומות שונים, הם עדיין מהווים מסכת עבריינית אחת (ראו: ע\פ 4910/13 אחמד בני ג'אבר נ' מדינת ישראל (29.10.14)). לאור זאת, החלטתי שאין מקום להגדיר כל אחד ממעשי העבירה כאירוע נפרד ועצמאי ויש לקבוע מתחם ענישה אחד בגין כל העבירות שבוצעו, לרבות כתב האישום שצורף. במקרה דנן, לא נגרם נזק ממשי או פגיעה פיזית במי מהמתלוננים, המעשים לא לוו באלימות ובמרבית המקרים גם לא באיומים. בנוסף, הנאשם במרבית האישומים לא היה חמוש וגם באישום החמישי, אומנם היתה ברשותו סכין אך הוא לא עשה בה שימוש והמתלוננת לא היתה מודעת לכך כלל. הנאשם""",eval
"ות\פ 2494-07-18 שם נידון הנאשם לחודשיים מאסר על תנאי - יופעלו מחצית במצטבר ומחצית בחופף (6 חודשים בסה\""כ). על הנאשם לפצות כל אחד מהמתלוננים בכל אחד מהתיקים בסך של 1,000 ₪.""",eval
"בה הנאשם, ולכך יש להוסיף כי בעת עדותה בפנינו, ברגעי קושי ומשבר, הוסיפה ואמרה \אני אתאבד ויהיה הכי נוח\"" (עמ' 15 לפרוטוקול, שורה 29). אם לא די בכך, יש להוסיף מספר עבירות אלימות שביצע הנאשם בבתו ו', בדומה לעבירות שבוצעו כלפי אחותה, ללא ריסון עצמי, תוך פגיעה בגופה ובנפשה, כאשר פעם אחת אף מדובר באלימות שהופנתה כלפיה כשסירבה לצאת לבלות עם הנאשם (אירוע מיום 17.6.13). כמו כן, נציין לחומרה את התנהלות הנאשם כשביקש להסיט את הבירור בעבירות שביצע כלפי בנותיו לעבר ו', אותה \""האשים\"" תחילה כי היא \""שוכבת\"" עם בחורים, ולאחר מכן תיקן את דבריו כי היא רק \""מתראה\"" עמם, בניגוד לאורחות חיי המשפחה, דבר שלא רק שלא הוכח, אלא שלא היה יכול, כלל ועיקר, להוות הגנה בפני המעשים החמורים שביצע. באלה הנתונים, ולאחר ששקלנו את הפגיעה בערכים החברתיים המוגנים, את מדיניות הענישה הנהוגה ואת הנסיבות הקשורות בביצוע העבירה, הגענו למסקנה כי מתחם העונש ההולם לגבי המעשים שביצע הנאשם באירוע עם ו' נע בין 3 ל-5 שנות מאסר בפועל (בצד מאסר על תנאי שנקבע להלן, בראי העונש המזערי הקבוע בדין לעבירות המין. דהיינו, ½2 שנות מאסר, הכוללות גם מאסר מותנה). בקביעת \""העונש המתאים\"" לנאשם בתוך מתחם העונש ההולם, יש להתייחס גם לסעיפים 40ד ו40ה לחוק העונשין, המאפשרים לבית המשפט לחרוג ממתחם העונש ההולם לקולה משיקולי שיקום, או לחרוג ממנו לחומרה משיקולי הגנה על שלום הציבור. בענייננו, לא מצאנו לחרוג לקולה, עת הנאשם – הכופר באשמתו – כלל אינו נמצא בהליך שיקומי ולא מבקש שילובו בהליך כזה. כמו כן, לא מצאנו לחרוג לחומרה, שעה שלא הובאו ראיות המצביעות על כך שהנאשם מהווה סכנה לשלום הציבור שמצדיקה חריגה""",eval
"כי בערעור הנ\ל החלו העבירות כשהמתלוננת היתה כבת 15 שנים ובענייננו היתה המתלוננת כבת 10, ובעיקר נציין כי המתלוננת שם לא נכנסה להריון ולא נאלצה לעבור הפלה. כללו של דבר, בהתחשב בערכים החברתיים שנפגעו מביצוע העבירה, במידת הפגיעה בהם, במדיניות הענישה הנהוגה ובנסיבות המיוחדות הקשורות בביצוע העבירות,אנו קובעים כי מתחם העונש ההולם בגין \""הארוע\"" הכולל את כל עבירות המין שבוצעו במתלוננת נע בין 15 ל- 20 שנות מאסר. (3) מתחם העונש ההולם לאירוע נשוא האישום השני באישום השני מואשם הנאשם, כאמור, בתקיפה ואיומים כלפי אשתו. הערך החברתי אשר נפגע מעבירות האלימות הוא בטחון הציבור וזכותו של כל אדם לשמירה על בטחונו האישי ועל גופו. כל אדם זכאי להגנה על גופו מפני פגיעה אלימה בו. דברים אלה נכונים ביתר שאת לגבי זכותה של אישה להגנה מפני אלימות בן זוגה. כמוכן, הערכים החברתיים אשר נפגעו מעבירת האיומים הם ערכים חברתיים של בטחון החברה בכלל והקורבן בפרט, שלוות נפשו של הקורבן וחופש הפעולה והבחירה שלו. יפים לענין זה דברי כב' השופטת ע' ארבל בע\""פ 11917/04 נורדיצקי נ' מדינת ישראל [פורסם בנבו] (19.5.05): יש לשקול לחומרא במקרה זה את האיום שהפך להיות כלי הפחדה בידי הנאשם וכי מדובר בדברי איום חמורים לפגיעה בגופה של אשתו וכן איום באמצעות סכין. ויתירה מכך, לאיומים אלה חלק נכבד בכך כי בשל פחדה מהם, נמנעה האֵם להתלונן על מנת להציל את בתה. אין לאפשר מצב בו איום הופך להיות כלי בידי אב המשמש להכנעת בני משפחתו ובפרט כאשר קיים חשש ממשי שדברי איום יובילו לכדי פגיעה פיסית של ממש. באשר לעבירת התקיפה כלפי אשתו בה הורשע הנאשם הרי שמדובר במקרה יחיד של \""דחיפה\"", ומכאן""",eval
"הערכים המוגנים שנפגעו במסגרת עבירות הנשק היו שמירה על שלום הציבור וביטחונו ובמסגרת הסמים שמירה על שלום הציבור. הפגיעה בערכים הייתה בינונית בקשר לעבירת הנשק ובקשר לעבירת הסמים ברמה נמוכה לאור הכמות הקטנה של הסמים שנתפסה. לא התבררה מטרת החזקת הנשק על ידי הנאשם. לא ברור עד כמה העבירה כללה תכנון. מכל מקום, הנאשם היה צריך לדעת את הפסול במעשיו ולהימנע מהם. בגין עבירת הנשק המתחם ההולם נמצא בין 12 – 40 חודשי מאסר בפועל. בגין עבירת הסמים המתחם ההולם נע בין עבודות שירות לבין שנת מאסר בפועל. במקרה דנן, אומנם מדובר באדם בעל רקע פלילי מכביד, אך נראה שבשנים אחרונות נעשה על ידו ניסיון להימנע מביצוע עבירות, כאשר ההרשעה האחרונה הינה משנת 2014. לחובתו הרשעה בעבירת נשק קודמת אחת בשנת 2003 (מאז חלפה תקופה של קרוב ל-20 שנים). באשר לפסיקת העונש בתוך המתחם, יש להתחשב בנוסף בהודאה המוקדמת שניתנה. אשר על כן אני פוסק עונשים כדלקמן: 28 חודשי מאסר בפועל, מהם תנוכה תקופת מעצרו מיום 27.1.21; 9 חודשי מאסר על תנאי למשך 3 שנים כאשר התנאי יופעל במידה והנאשם יעבור עבירת נשק או סמים מסוג פשע;",eval
"הערכים החברתיים המוגנים שנפגעו על ידי ביצוע העבירה היו השמירה על שלום הציבור ובטחונו. בהתחשב בהיקף הסמים וסוגם מדובר על פגיעה ברמה בינונית לכל הפחות. ביחס לנסיבות הקשורות לביצוע העבירה, אין כל ספק כי התקיים תכנון מוקדם וכי הנאשם 4 נטל חלק בתכנון האמור; חלקו היחסי לא היה דומיננטי ואולם השתתפותו הייתה חיונית בהפצת שרשרת הסם; בכל הקשור לסמים מסוכנים מסוג קוקאין אין צורך להכביר מילים אודות מסוכנותם לחברה ולפרט ולמרקם החברתי והנזקים הצפויים מהם; אין גם ספק כי הנאשם יכול היה לדעת את הפסול במעשיו. מכל האמור לעיל ובייחוד בחלקו של הנאשם 4 בביצוע העבירות, ובהתחשב במדיניות הענישה הנוהגת אשר פורטה כהלכה בפסיקה שהוגשה מטעם המדינה כמוזכר לעיל, והעונשים אשר הוטלו על אחרים בפרשה, מתחם הענישה ההולם נמצא בין 12-36 חודשי מאסר בפועל. בכל הקשור לתסקיר אין בידי כדי להסכים עם המלצות שירות המבחן. הנאשם מסיבות לא ברורות בחר לשטוח בפני שירות המבחן גרסה שלא עולה בקנה אחד עם הודאתו (שלאחר מכן שב ואישר בדיון, והיה בכך לכל הפחות סימן להעדר קבלת אחריות מלאה על מעשיו). אמנם לנאשם נסיבות אישיות מורכבות בכל הקשור למשפחתו ואין לחובתו עבר פלילי, אך אין בכך בלבד כדי להצדיק סטייה ממתחם הענישה המקובל. על רקע עמדתו בפני שירות המבחן אין זה ברור כלל עד כמה מדובר באדם הבשל למהלכי שיקום. מכל מקום, הנאשם לא עומד בכל הדרישות של סעיף 40ד לחוק העונשין. בסופו של דבר, לאחר שקלול התקופה בה שהה במעצר ותקופת מעצר הבית הארוכה, הנני מטיל על הנאשם 4 עונשים כדלקמן: 14 חודשי מאסר בפועל, כאשר מתקופה זו תנוכה תקופת מעצרו מיום 26.2.18 ועד ליום 26.4.18 שאז שוחרר בתנאים",eval
"בפועל. מידת החפיפה בין העונשים שיוטלו על כל נאשם תיקבע בהתאם להוראות סעיף 40ג(ב) סיפא ו-(ג) לחוק העונשין כדלקמן: על נאשם 4 : 45 חודשי מאסר בפועל, מהם תנוכה תקופת מעצרו מיום 7.6.21. מאסר על תנאי לתקופה של 20 חודשים למשך 3 שנים, שהתנאי יופעל במידה והנאשם יעבור עבירות אלימות או רכוש מסוג פשע או עבירות לפי סעיף 144ו לחוק העונשין. פיצוי לנפגע ירמיאס באישומים השני והשלישי בסך 20,000 ₪ לתשלום עד ליום 31.12.23. 60 חודשי מאסר בפועל, מהם תנוכה תקופת מעצרו מיום 7.6.21. מאסר על תנאי לתקופה של 20 חודשים למשך 3 שנים, שהתנאי יופעל במידה והנאשם יעבור עבירות אלימות או רכוש מסוג פשע או עבירות לפי חוק המאבק בטרור.",eval
"הנאשם יליד 1974 ובן 45. הוא עצור בתיק זה מאז יום 26.2.18. הערכים החברתיים שנפגעו הם – שמירה על החיים, בטחון הציבור ושלומו. כיוון שמדובר בעבירות של סחר בנשק, ועבירות של החזקה ונשיאה מדובר בפגיעה יחסית חמורה בערכים המוגנים. לעניין העבירות האחרות נפגעו הערכים של שמירה על הסדר הציבורי ובטיחות בדרכים. באשר לנסיבות ביצוע עבירות הנשק, התקיים תכנון מוקדם – קיום הקשר עם הסוכן, הנעת העסקה והתיאומים סביב לה, שמירת האמל\ח בביתו טרם העסקה, ההצעות לגבי אמל\""ח נוסף. לנאשם היה חלק דומיננטי עד בלעדי בביצוע העבירות שבא לידי ביטוי בין היתר בייזום הקשר על פי כתב האישום. הנאשם יכול היה להפסיק את ביצוע העבירות בכל שלב. כמו כן, נסיבה לחומרה הינה העובדה כי מדובר בתת מקלע שהינו נשק תקני. הנאשם היה חייב להבין את הפסול במעשיו בייחוד לאור עברו. הסיבות שהביאו את הנאשם לבצע את העבירה היו בצע וכסף והנאשם הינו רצידיוויסט סדרתי בעניין סחר בלתי חוקי בנשק. מתחם העונש ההולם נע בין 3-6 שנות מאסר בפועל בנסיבות. באשר לנסיבות שהינן קשורות לגזירת העונש בתוך המתחם יצויין כי הנאשם אמנם נטל אחריות למעשיו ואולם הודאתו ניתנה לאחר סיום מרבית שלבי המשפט, בשלב מאוחר מאד. כאמור לעיל, הנאשם הינו רצידיוויסט סדרתי בכל הקשור לעבירות נשק ועבירות נוספות כאשר לחובתו 9 הרשעות קודמות בעבירות נשק, אלימות, סמים, קשר לפשע איומים ורכוש. הוא ריצה כבר מאסרים, ובין היתר: 30 חודשים בגין עבירות נשק, תוך הפעלת תנאי; 5 שנים בגין עבירות נשק; 4 שנים בגין עבירות נשק. בין השנים 1998 -2018 שהה כמעט 16 שנים בכלא (מתוך 20 השנים האחרונות). את העבירות הנוכחיות ביצע רק כחודשיים וחצי לאחר שחרורו האחרון""",eval
"תנוכה מתקופה זו תקופת מעצרו. 12 חודשי מאסר על תנאי משך 3 שנים מיום שחרורו, כאשר התנאי יופעל במידה והנאשם 1 יעבור עבירות רכוש, נשק או אלימות מסוג פשע. המאסר על תנאי שהוטל בת\פ 13966-07-19 של 10 חודשים יופעל חציו בחופף וחציו במצטבר (כך שסך הכל נאשם 1 יירצה עונש של 35 חודשי מאסר בפועל בניכוי ימי מעצרו). פיצוי למתלונן בסך 20,000 ₪ לתשלום עד ליום 1.9.24. מאסר בפועל של 9 חודשים בניכוי ימי מעצרו. 6 חודשי מאסר על תנאי משך 3 שנים מיום שחרורו כאשר התנאי יופעל במידה והנאשם יבצע עבירות אלימות או רכוש, נשק או אלימות מסוג פשע.""",eval
"ברף נמוך יותר, ולכל היותר יש להתחשב בכך, באופן מוגבל ומצומצם במסגרת השיקולים הנוגעים לנסיבות האישיות של הנאשם לצורך קביעת העונש המתאים בתוך המתחם. לא התעלמנו מכך שהנאשם אושפז בבית חולים לחולי נפש פעמיים בשנת 2010, בכל פעם לימים ספורים (ס/1) אולם, בכל פעם יצא הנאשם מן האישפוז במצב טוב ובעיקר נקבע כי שרוי בדיכאון. העובדה כי ביום 25.1.10 במסגרת \בדיקת הערכה\"" לקראת אשפוז קבע ד\""ר עמי טל (כמצויין בסיכום האשפוז מבית החולים טירת הכרמל מאפריל 2010), שהנאשם שרוי במצב פסיכוטי אינה מעלה או מורידה. ראשית, לא הוצגה חוות הדעת של ד\""ר עמי טל והוא לא העיד בפנינו. שנית, באשפוז שבא לאחר בדיקה זו לא נמצא שהנאשם פסיכוטי חרף ההערכה הראשונית. שלישית, לא מצאנו כל סיבה לדחות את חוות הדעת הברורה והמפורטת של ד\""ר ברגמן (ס/1-א) - שהוגשה לנו בהסכמה וללא חקירה נגדית - ולפיה אין קשר סיבתי כלשהו בין ההפרעה ממנה סובל הנאשם לבין מעשיו, להם הוא אחראי ואף כשיר לעמוד לדין. ולבסוף, מעשיו המתוכננים של הנאשם מעידים עליו שפעל במלוא חושיו למען סיפוק יצריו ותאוותיו. דהיינו, שפל מוסרי נתגלה אצל הנאשם ולא בעיה נפשית. כן נתחשב במידת האכזריות וההתעללות של הנאשם במתלוננת;חרף הציפייה האנושית הטבעית כי בתוך משפחה ישררו יחסי אהבה, הרמוניה כבוד הדדי ובטחון. במקרה זה אם לא די בכך שהנאשם הפך את בתו \""לחפץ\"" לסיפוק מאוויו המיניים, הוא גם נהג להגבילה בלבושה וביציאותיה מהבית ולאיים עליה איומים קשים, ומכאן שהתאכזר אליה, איים בפגיעה חמורה בגופה, התעלל בה וניצל אותה, הן בפועל בהתנהגותו כלפיה והן מכוח מעמדו ויחסיו עם בתו (סעיפים 40ט.(א)(10),(11) לחוק העונשין). נזכיר כי בענייננו, העונש המירבי הנקוב בצידה של עבירת""",eval
"הנאשם עצור מיום 29.12.19. אין לחובתו עבר פלילי מכביד. הערכים החברתיים המוגנים שנפגעו היו שמירה על שלום הציבור וביטחון הפרט. הפגיעה בערכים הייתה ברמה בינונית ופחות מכך, כאשר מדובר בעבירת ניסיון בלבד לאור העובדה שמדובר בנשק תקול. הנאשם נושא באחריות מלאה לביצוע העבירות והיה צריך לדעת להימנע מהן. על פי מדיניות הענישה שהוצגה ונסיבות ביצוע העבירה, הגעתי למסקנה שמתחם הענישה ההולם נע בין 10 חודשי מאסר ועד 3 שנות מאסר. באשר לפסיקת העונש בתוך המתחם, יש להתחשב הן בנסיבותיו האישיות של הנאשם שאינן כפי הנראה קלות, והן בעובדה שהוא הודה בהזדמנות הראשונה וקיבל אחריות על מעשיו. אשר על כן הגעתי למסקנה שיש להטיל ענישה כדלקמן: 12 חודשי מאסר בפועל, כאשר מתקופה זו תנוכה תקופת המעצר החל מיום 29.12.19; מאסר על תנאי של 9 חודשים למשך 3 שנים, שיופעל במידה והנאשם יבצע עבירות נשק או אלימות מסוג פשע;",eval
"העולם העברייני. בנוסף, במקרה זה יש להתחשב בכך כפי שעולה מן התסקיר, כי מדובר באדם צעיר שלא מצא עדיין את דרכו בחיים ושאישיותו נמצאת בשלבי גיבוש. נתוני הנאשם הם כאלו המצביעים על אדם הנמצא בפרשת דרכים- לחובתו היסטוריה עבריינית אשר הולכת ומחמירה. מאידך, מדובר באדם צעיר שלא קבע סופית את מתווה חייו. במצב זה יש מקום לקחת בחשבון ההמלצות שניתנו על ידי הועדה הציבורית לבחינת מדיניות הענישה והטיפול בעבריינים- דין וחשבון (נובמבר 2015), דהיינו להטיל ענישה מוחשית, אך לא לתקופה אשר עלולה לקבע את הנאשם בעולם העברייני. ההשלכות השליליות של תקופות כליאה ארוכות במקרים שאינם בהכרח מחייבים הטלתן פורטו בהרחבה בדו\ח האמור, ובין היתר: עבריינות חוזרת, בכך שהוא מלמד את העבריינים כי הפשע אינו משתלם. מחקרים שבדקו את החוויה הפסיכולוגית והסוציולוגית של האסירים בכלא הראו אחרת. נמצא כי גורמים שונים כמו חשיפה לאלימות, הצורך לאמץ דפוסי התנהגות עברייניים כדי לשרוד בתקופת המאסר והתפתחות רשת חברתית עבריינית לצד התיוג החברתי השלילי של אסירים משוחררים מביאים לכך שהכלא בסך הכולל מעודד נטיות עברייניות יותר מאשר מדכא אותן. בנוסף, בזמן השהות בכלא מאבד העבריין חלק גדול מהכישורים הנדרשים להתקיים בחברה ולהתפרנס באופן חוקי, כך שאורח חיים עברייני הופך לעיתים להיות האופציה היחידה עבורו עם שחרורו. במקביל, הכלואים מלמדים אחד את השני כיצד לבצע עבירות חדשות ואיך לשפר טכניקות של פשיעה. מכאן שלכליאה השפעה ארוכת טווח על גישתם של האסירים לפשע ולאלימות, על הקשרים החברתיים שלהם ואף על באשר לעונש המותנה, המדינה טענה כי יש להפעילו. ואין אני מאמץ את עמדת הסניגור לפיה אין להפעילו. גזר הדין של בית המשפט קבע כי העונש המותנה יופעל במידה והנאשם יעבור אותה עבירה""",eval
"ביחס לעברו של הנאשם יצויין שאכן לחובתו עבר פלילי משמעותי למרות גילו הצעיר. עם זאת, יצויין שהעבירות הקודמות בהן הורשע חמורות פחות מאשר העבירה הנוכחית. כן יצויין האמור בחוות הדעת הפסיכיאטרית שהוגשה במהלך הליך המעצר הקובעת שהנאשם אכן סובל מבעיות נפשיות שונות. במקרה דנן נפגעו הערכים החברתיים של שמירה על בטחון הפרט ושמירה על הקניין. יצוין שהפגיעה לא היתה ברף הגבוה לאור אופן ביצוע העבירה. כפי שטען הסניגור, לא הופעלה אלימות פיסית כלפי המתלוננים ומדובר היה במעשה חובבני בעל תכנון מועט והנאשם גילה העדר נחישות להשלימו (למען הסדר יצויין כי אין מעשיו נכנסים בגדר סעיף 28 לחוק העונשין או אף קרוב לכך). חלקו היחסי של הנאשם היה בלעדי והסיבות שהביאו אותו לבצע את העבירה היו פסולות כאשר הוא היה צריך להבין את הפסול במעשיו. בהתאם למדיניות הענישה הנהוגה, מתחם הענישה ההולם נמצא בין 9 – 22 חודשי מאסר. כפי שצויין לעיל, נסיבות מקרה זה הינן חריגות כאשר רק לאחר סיום פרשת התביעה ופרשת ההגנה איתר הסניגור עד מפתח וכתוצאה מעדותו ויתרה המדינה על חלק ניכר מהאישומים המקוריים. בנסיבות, יש לקחת בחשבון התארכות ההליך והעובדה כי התנאים במעצר קשים מן התנאים של מאסר. אשר על כן, הנני מטיל על הנאשם עונשים כדלקמן: תקופת מאסר החופפת את תקופת מעצרו עד היום (החל מיום 15.2.2015 – תקופה של כ- 13.5 חודשים). מאסר מותנה של 9 חודשים במשך 3 שנים שיופעל במידה והנאשם יבצע עבירת אלימות או רכוש מסוג פשע. פיצוי למתלוננת בסך 2,500 ₪ לתשלום עד ליום 30.7.16. בהתחשב במצבו הכלכלי של הנאשם לא יוטל בנוסף קנס.",eval
"ההיבט הבולט ביותר בהליך הינו השינויים אשר חלו בכתב האישום מנוסחו המקורי ועד לנוסחו הסופי, בו הודה הנאשם. על פי כתב האישום המקורי, במפגש בכפר יאסיף מסר הנאשם לסאלח כמות של כ- 1/2 קילוגרם הירואין. כמו כן, בכתב האישום המקורי תואר כי סאלח ואחרים החליטו שלא למכור את הכמות האמורה לסוכן ותחת זאת ביצעו עסקה אחרת עם אדם בשם יאסין במסגרתה נמכר לסוכן, באמצעות סאלח, הרואין בכמות של 64.28 גר' נטו ובוצעה עוד עסקה עם סאלח ואדם אחר עם 30.605 גר' הירואין. בכתב האישום המתוקן לעומת זאת, וכפי שפורט לעיל, הוסר התיאור של עסקאות הסמים אשר דובר עליהן בכתב האישום המקורי (עם 64.28 גר' ו-30.605 גר') וקשר אפשרי בינן לבין העסקה הראשונה. כמו כן, תיאור העסקה הראשונה הפך לכך שהנאשם זרק אל עבר סאלח חבילה ובה חומר \שהנאשם סבר שהינו סם מסוכן מסוג הרואין, זאת בכמות מדוייקת שאינה ידועה למאשימה אך שאינה כמות לשימוש עצמי.\"" דהיינו, לא בודאות סם, אלא חומר שהנאשם סבר שהינו סם, ולא כמות ידועה אלא כמות כלשהי מעל לכמות לשימוש עצמי. האישום השני נותר כפי שהיה בשני הנוסחים. אמנם עבירות הסמים הן מן החמורות שבעבירות, ואולם כל עבירה ונסיבותיה (ע\""פ 3759/03 יצחק תמיר נ' מדינת ישראל (19.2.2004); רע\""פ 2557/12 תמאם פרדי נ' מדינת ישראל (5.4.2012); ע\""פ 212/79 פלוני נ' מדינת ישראל, פ\""ד, ל\""ד(2) 421, 434 (1979)). נסיבותיהן של שתי העבירות בהן הורשע הנאשם על פי כתב האישום המתוקן לא נמצאות במדרג החמור של עבירות הסמים, בלשון המעטה. גם בהשוואה לעבריינים אחרים אשר נתפסו במסגרת המבצע הנוכחי, עבירותיו של הנאשם כאן אינן מן החמורות (ת\""פ 27305-01-12 מדינת ישראל נ' זיו אבורמד(8.7.2012); ת\""פ 33610-12-11""",eval
"הנאשם יליד 1996, בן 24 במועד ביצוע העבירות, עצור מיום 14.05.20. לנאשם מאסר מותנה בת\פ 52540-11-15. הוגשה חוות דעת מיום 15.7.20 שקבעה שמדובר באדם בן 24, מוכר למערכת הפסיכיאטרית, בטיפול מרפאתי שסובל ממצבי חרדה על רקע שימוש מופרז באלכוהול. נקבע שהוא כשיר לעמוד לדין. באשר לשאלה אם מדובר באירוע אחד או מספר אירועים, נראה שבנסיבות, מדובר באירועים נפרדים. אומנם מדובר במניע משותף, אך העבירות בוצעו בתאריכים שונים, וכל עבירה עומדת בפני עצמה כעבירה מושלמת. כמו כן, הקורבנות השתנו מפעם לפעם. כל המקרים העמידו בסכנה את דיירי הבתים ובנוסף נראה, שהתקיים תכנון מוקדם והנאשם אסף חומר דליק לקראת ביצוע כל אחת מן העבירות שבוצעו כאמור באישון לילה. הנאשם, למרות מצבו הנפשי, היה יכול להבחין בין טוב ורע והיה עליו להימנע מהמעשים מבעוד מועד. אשר על כן, אני קובע מתחם ענישה הולם בין 2- 4 שנות מאסר בפועל לכל אחד מהאישומים. עם זאת, המקרה מתאים לקביעת עונש כולל. באשר לקביעת העונש בתוך המתחם, יש לקחת בחשבון לקולא את ההודאה המוקדמת, והן את נסיבות חייו הקשות של הנאשם, לרבות הנסיבות הקשורות במכירת הנכס המשפחתי לידי המתלונן על ידי אביו של הנאשם. כמו כן, לנאשם עבר פלילי אך אין המדובר בעבר פלילי מכביד. יש לראות בהודאתו קבלת אחריות בגין המעשים, למרות האמור בתסקיר. יוצא כי, אחד השיקולים העיקריים ביחס לענישה הינו הצורך להרחיק את הנאשם מהציבור לתקופה ניכרת בה יש לקוות כי יעבור טיפול במהלך כליאתו. לקולא, על אף הסיכון שבסוג העבירה, בסופו של עניין לא היו פגיעות בגוף או בנפש. אשר על כן, אני מטיל על הנאשם העונשים כדלקמן: 50 חודשי מאסר בפועל, שמתקופה זו תנוכה תקופת המעצר החל""",eval
"אותה הגישה באת כח המאשימה, נראה כי במקרים דומים הושתו על נאשמים עונשים שהם במתחם העונש המוצע במסגרת ההסדר שבפנינו (תפ\ח 42482-03-15 מדינת ישראל נ' סלאימה; תפ\""ח 45702-02-15 מדינת ישראל נ' מחרוך [פורסם בנבו]. באשר לנסיבות ביצוע העבירות במקרה דנן, נציין את השימוש ברכב וההצטיידות בסכין אשר דרשו מחשבה ותכנון מוקדם. כך גם, בחירת המקום המתאים ביותר לבצע את הפיגוע ולהביא לפגיעה במספר קורבנות רב ככל האפשר. לאור האמור לעיל, בשים לב לערכים המוגנים ולעוצמת הפגיעה בהם, תוך מתן משקל למכלול נסיבות האירוע, ולאחר בחינת מדיניות הענישה הנוהגת, אנו קובעים כי מתחם הענישה בענייננו נע בין 22 ל- 28 שנות מאסר בפועל. מטבע הדברים ועל פי ההלכה הפסוקה כאמור, בעבירות מסוג זה מתגמד משקל נסיבותיו האישיות של הנאשם, ובכללן, עברו הנקי, גילו הצעיר, הודאתו בראשית ההליך והעובדה כי פעל על דעתו ולא במסגרת ארגון בלתי חוקי. נציין כי לא ניתן להתעלם מהעובדה שלמרות שניתנה לו ההזדמנות במעמד הדיון, בחר הנאשם שלא להביע חרטה על מעשיו ובכך ניכר גם היעדר אמפתיה כלפי הנפגעים ומשפחותיהם. היעדר הבנתו של הנאשם להשלכות מעשיו ולנזקים שנגרמו, עולה גם מתסקיר שירות המבחן בעניינו. לאחרונה אזרחים רבים נאלצים להתמודד עם פיגועי טרור על-רקע לאומני, אשר חלקם אף מבוצעים על-ידי מפגע בודד, ובין השאר פיגועי דריסה, שמטרתם להביא להרג של רבים. על רקע האמור, ולנוכח חומרת העבירות ונסיבות ביצוען, יש ליתן דגש ובכורה בענישתו של הנאשם לשיקולי הגמול, ההגנה על ביטחון הציבור והרתעת עבריינים פוטנציאליים. לאחר ששקלנו את טיעוני ב\""כ הצדדים ומכלול נסיבות העניין, החלטנו בנסיבותיו של תיק זה, שלא לסטות מהסדר הטיעון, בדבר הטלת 25 שנות מאסר על הנאשם, לאור ההלכה הפסוקה לפיה""",eval
"אליה הוא רחב ותלוי בנסיבותיו הספציפיות של כל מקרה ומקרה. בהקשר זה יצוין שהפסיקה אליה הפנתה המאשימה מתייחסת בעיקרה למקרים חמורים ממקרה זה בהם בוצעה עבירה מושלמת או שהופעלה אלימות פיזית (משמעותית) כלפי המתלוננים. לצד זאת, גם הפסיקה שהגישה ההגנה אינה תואמת את נסיבות המקרה הנדון, כשדובר בעבירות קלות יותר (שוד לפי סעיף 402(א) לחוק העונשין) וכן פסק דין ישן יחסית שהענישה שבו אינה משקפת את מדיניות הענישה הנוהגת כיום. מעבר לפסקי הדין שהובאו על ידי הצדדים יש לקחת בחשבון את המקרים הבאים: ת\פ 50416-09-19 מדינת ישראל נ' רוחי חסן (13.07.2020), שם דובר בנאשם שהורשע על פי הודאתו במסגרת הסדר בעבירות של ניסיון שוד בנסיבות מחמירות; החזקת סכין ושיבוש מהלכי משפט. דובר באירוע בו לאחר שהנאשם זומן לחקירה במשטרה, הוא החליט לבצע שוד בחנות. הנאשם הגיע לחנות מצויד בסכין, נכנס לחנות ניגש לעובד המקום, הוציא את הסכין ואיים עליו באמצעותה תוך שניסה לאחוז בידו. המתלונן השליך חפצים שהיו על הדלפק לעבר הנאשם על מנת להגן על עצמו ובסופו של דבר הצליח להניסו. נקבע שמתחם הענישה ההולם נמצא בין 12 – 36 חודשי מאסר בפועל, ועל הנאשם הוטלו 24 חודשי מאסר. ת\""פ 26238-11-18 מדינת ישראל נ' אבו אלקיעאן (2.9.19), מקרה בו הורשעו שלושה נאשמים על פי הודאתם בעבירות של ניסיון שוד בנסיבות מחמירות, שינוי סימני זיהוי של רכב והפרת הוראה חוקית. הנאשמים הגיעו בשעת לילה לתחנת הדלק, תפסו את המתדלק בצווארו והצמידו אליו חפץ שנחזה להיות מספריים וניסו לשדוד את המקום, אך נעצרו על ידי ניידות משטרה שהגיעו למקום. מדובר במקרה חמור ממקרה זה, ושם נקבע מתחם ענישה שבין 24 – 48 חודשי מאסר, והנאשמים שהיו בעלי""",eval
"במעשיו פגע הנאשם בערכים החברתיים המוגנים של שמירה על אוטונומיית הפרט והרצון החופשי, בתחושת הביטחון האישית ובזכות לקניין. לנוכח מאפייני האיומים והסחיטה – הרקע לביצוע העבירות כמתואר באישומים השונים, משכך כל אחד מהאירועים, טיב האיומים שהושמעו, והעדר הפעלת אלימות בפועל, מידת הפגיעה בערכים המוגנים היא במידה בינונית. בנסיבות העניין, אומנם לנאשם מיוחסים ארבעה אישומים שונים, כשכל אירוע נעשה כלפי נפגע עבירה אחר שאין קשר בניהם. אולם, נוכח סמיכות הזמנים, אופי השמעת עיקר האיומים באמצעות שיחות טלפוניות, טיב האיומים שנועדו לגבות כספים בעבור מכרים ומקורבים של הנאשם, מלמדים על מידה מסוימת של שיטתיות בביצוע העבירות, ואף סמיכות הזמנים בהם בוצעו עבירות מובילה למסקנה שיש מקום לקבוע מתחם ענישה אחד כולל בגין כל האישומים (ראו המבחנים שנקבעו בעניין בע\פ 1261/15 מדינת ישראל נ' יוסף דלאל (03.09.2015)). באשר לנסיבות ביצוע העבירות נתתי דעתי לכך שחלקו של הנאשם בביצוע הוא בלעדי, וכי מדובר במי שבאופן שיטתי פעל עבור מקורביו לגביית כספים ולהסדרת מחלוקות כספיות בדרכים תוקפניות ומאיימות, כשאין אין מדובר במעידה חד-פעמית, אלא בהתנהלות חוזרת מצד הנאשם. עוד נתתי משקל לטיב האיומים שהושמעו ולנסיבות שהובילו להשמעתם, כל אישום ונסיבותיו. בכל הנוגע למדיניות הענישה הנוהגת, מדובר בעבירות בהן מנעד הענישה הוא רחב במיוחד, כל תיק ונסיבותיו הייחודיות. במכלול הנתונים תוך ששקלתי גם את מספר האישומים ואת העבירות המיוחסות לנאשם בכל אישום, אני קובע בגין ארבעת האישומים מתחם עונש הולם אחד הנע בין 18-36 חודשי מאסר. לעניין גזירת עונשו של הנאשם בתוך המתחם, שקלתי לקולא את הודאתו של הנאשם והחיסכון בזמן השיפוטי, ואת נסיבותיו האישיות של הנאשם. כמו כן, נתתי משקל לכך שאין לחובת הנאשם עבר פלילי. עוד מצאתי להתייחס להעדר המלצה""",eval
"קבע בית המשפט העליון בע\פ 9994/07 פלוני נ' מדינת ישראל, מיום 11.8.08: מידת הפגיעה בערכים אלו בענייננו היא גדולה, בנסיבות בהן הנאשם ניצל את תמימותה של המתלוננת, עוברת אורח אקראית, כשבאמתלת שווא ובהסחת דעת נגררה נגד רצונה עד למחסן אליו התפרץ הנאשם, ושם מבוצעת עבירת אינוס תוך שימוש בכוח ובאלימות, כשהנאשם אינו שועה לתחנוניה לחדול. עבירת המין בה הורשע הנאשם היא חמורה שבעבירות המין, וחומרה יתרה מתווספת בשל האלימות הקשה ושלוחת הרסן בה נקט הנאשם תוך שימוש בנשק קר, שהסב כאב גופני ונפשי וגרם למום קבוע והשחתת הפנים והצוואר של נערה צעירה, שכל בוקר וערב וכל אימת שתסתכל על עצמה בראי, תיזכר במה שאירע לה. מדובר במעשים שפלים ומכוערים המעוררים שאט נפש שהביאו לפגיעות גופניות ונפשיות קשות במתלוננת, חילול גופה ורמיסת כבודה, כמתואר בתסקיר שירות המבחן. הדברים אמורים ביתר שאת, בנסיבות בהן נוספו גם עבירות של כליאה במחסן חשוך וצדדי, מבלי שיש למתלוננת יכולת לקרוא לעזרה ולהימלט – שם גם ביצע הנאשם את העבירות ללא הפרעה ולא חדל מהן חרף התנגדותה ותחנוניה קורעי הלב, כשלנגד עיניו אך סיפוק דחפיו המיניים האפלים. באשר למדיניות הענישה הנהוגה עולה כי מתחם הענישה בעבירת האינוס בנסיבות מחמירות נוטה להחמרה. לדידנו, מדיניות הענישה במקרה שבפנינו צריכה לשקף את שנקבע לא אחת בפסיקת בית המשפט העליון בעבירות מסוג זה – על רמת הענישה המחמירה בעבירות מין ניתן ללמוד גם בע\""פ 8874/12 איסו (דניאל) אברהה נ' מדינת ישראל, (פורסם בנבו) מיום 6.3.14, שנסיבותיו קרובות למקרה שבפנינו, בהתאמה. שם דובר בתושב אריתריאה שהודה בשלושה אישומים שונים, במסגרת הסדר טיעון, כאשר האישום השני הוא הרלוונטי לענייננו ורק לגביו תיעשה האבחנה למקרה דנן. על פי אותו""",eval
"הערך החברתי שנפגע במקרה דנן הוא הזכות לשלמות הגוף וביטחונם של המתלוננים ופגיעה בתא המשפחתי. מבחינת נסיבות האירוע, על אף שהפגיעה במתלונן לא הייתה חמורה מהבחינה של המשך טיפול לאחר שנתפר החתך בפניו והעובדה שלמרבה המזל, החתך לא העמיק יותר לגופו, אין בה כדי משום הקלה מחומרת המעשה. מעשי הנאשם חמורים ומקוממים במיוחד שמדובר במתלוננים שהם אביו וסבתו של הנאשם. לאור כל האמור לעיל, בהתחשב בנסיבות ביצוע העבירה כפי שפורטו, בפסיקה שאוזכרה, ובערכים המוגנים שנפגעו אני קובע מתחם ענישה הולם שינוע בין 4 ל – 7 שנות מאסר. במסגרת שיקולי קביעת עונשו של הנאשם בתוך המתחם, יילקחו בחשבון לקולא נסיבותיו האישיות כפי שפורטו בטיעוני סנגורו, הודאתו בהזדמנות הראשונה וחסכון בזמן השיפוטי. מאידך, עברו הפלילי המכביד של הנאשם נזקף לחובתו. מדובר בנאשם בעל עבר פלילי מכביד כפי שעולה מהרישום הפלילי, כאשר מאסרו האחרון היה רק בשנת 2019. לאחר ששקלתי את השיקולים הן לקולא והן לחומרא, כמפורט לעיל, החלטתי להטיל על הנאשם את העונשים הבאים: 54 חודשי מאסר לריצוי בפועל, בניכוי ימי מעצרו מיום 29.10.21. 18 חודשי מאסר על תנאי למשך 3 שנים, כאשר התנאי יופעל במידה והנאשם יעבור עבירת אלימות מסוג פשע. פיצויי כספי למתלונן בסך 3,000 ₪ אשר ישולם עד ליום 01.04.2023.",eval
"מעשי הנאשמת פגעו בערכים החברתיים של שלמות הגוף, שלום הציבור בכלל ובפרט בתוך המשפחה וכן ההגנה על חלשים וחסרי ישע מפני ביצוע מעשי אלימות בהם על ידי האחראים עליהם. מידת הפגיעה היתה בינונית לכל הפחות כאשר נעשה שימוש בנשק קר על ידי הנאשמת ורק במזל לא נגרמו למתלוננים נזקים פיזיים קשים. לחומרה יצויין כי הנאשמת פגעה בנשק קר הן בבתה והן בבעלה. לקולא יצויין כי לא קדם לביצוע העבירה תכנון. הסיבות שהביאו את הנאשמת לביצוע העבירה, לרבות בעיית השתיה אינן מהוות שיקולים לקולא. בעניין זה יצויין כי אין מקום לקבל את טענת הסניגור לעניין הקרבה לתחולת סייג לאחריות פלילית כשיקול לקולא בקביעת המתחם, שהרי אין הנאשמת עומדת בתנאים שפורטו בחוק לשם כך: ראו: רע\פ 6382/11 נאיף קאדריה נ' מדינת ישראל (9.6.2013)). כאמור לעיל, שיקול נוסף לחומרה הינה מצבה הפגיע של המתלוננת ותלותה בנאשמת. מתחם הענישה ההולם בהתחשב בנתונים שלעיל ובמדיניות הענישה הנהוגה נע בין 9 חודשי מאסר בפועל לבין שלוש שנות מאסר בפועל. באשר לנסיבות שאינן קשורות לביצוע העבירה, גילה של הנאשמת אמנם מבוגר יחסית, ויש לשקול לטובתה העובדה כי לא הסתבכה קודם לאירוע הנוכחי בפלילים. הפגיעה האפשרית במשפחה כתוצאה מעונש שיוטל אינה ברורה לכאן או לכאן לאור כך שבתסקיר דווח כי הבעל-המתלונן חושש ממנה, לעומת עמדת סניגורו של הבעל שהובעה בעת הדיון כאמור לעיל. כאמור בתסקיר, הנאשמת לא נטלה אחריות מלאה על האירוע ונוטה להשליך אחריות בגינה על גורמים אחרים והמאמצים לשקמה הניבו תוצאות חלקיות ביותר, לכל היותר, בהתחשב בזמן שחלף זה מכבר. בשולחה לתכנית טיפולית עוד בשלב המעצר ניתנה בידה הזדמנות אמיתית שלמרבה הצער על פי ממצאי התסקיר לא נראה שנוצלה עד תום על""",eval
"גם את עבירות האלימות. לצד האמור לעיל, נדגיש כי בין העבירות שבוצעו כלפי כל אחת מהמתלוננות, קיים \קשר הדוק\"" המהווה אירוע אחד בעניינה של ו' ואירוע נפרד בעניינה של ג', כאשר כל אירוע כולל בחובו מספר עבירות אלימות שהתבצעו כלפי כל אחת מהמתלוננות בצורה שיטתית, תוך שימוש בחפצים שונים, בפרק זמן מוגדר של כשנה, כאשר בנוסף לעבירות האלימות נעברה כאמור עבירת מין אחת כלפי כל אחת מהמתלוננות. הנה כי כן, אנו סבורים כי בפנינו שני אירועים נפרדים ועתה נותר לבחון האם מדובר ב\""מעשה אחד\"" או ב\""מעשים שונים\"", בגדר כל אחד מן האירועים. אנו סבורים כי בגדרו של כל אירוע ניתן להפריד בין העבירות השונות שבוצעו כלפי כל אחת מהמתלוננות הן מבחינה צורנית טכנית (מאחר ובוצעו בנפרד) והן לפי המבחן המהותי-מוסרי, שכן מדובר בפגיעות נפרדות בכל אחת מהמתלוננות, וכפועל יוצא פגיעה חוזרת ונשנית בערך המוגן. באלה הנסיבות, יש לקבוע, כי כלפי ג' עסקינן באירוע אחד ובו 4 \""מעשים\"" שבוצעו בין התאריכים יוני 2012 – יוני 2013, הכוללים מעשה מגונה במשפחה בקטינה ושלושה \""מעשים\"" שעניינם עבירות אלימות שהותירו במתלוננת חבלות של ממש. באשר לו' יש לקבוע כי עסקינן באירוע אחד בו בוצעו שלושה \""מעשים\"" בין התאריכים ינואר 2013 – יוני 2013, הכוללים מעשה מגונה בכוח ובהפעלת אמצעי לחץ או איום, ושני \""מעשים\"" שעניינם שתי עבירות אלימות (האחת שהותירה חבלה של ממש והשנייה שלא הותירה חבלה של ממש). במצב דברים זה, כשלפנינו שני \""אירועים\"" יש לקבוע מתחם עונש נפרד לכל אירוע ולאחר מכן, עלינו להחליט אם לגזור עונש נפרד לכל אירוע (תוך חפיפה או צבירה של העונשים) או להטיל עונש כולל אחד בגין שני האירועים בהתאם לסעיף 40יג לחוק""",eval
"אני מטיל את העונשים כדלקמן: 28 חודשי מאסר בפועל שמהם תנוכה תקופת מעצרו מיום 13.8.19 ועד 23.9.19 (בפסיקת תקופת המאסר התחשבתי, בין היתר, בתקופת המעצר באיזוק). הנאשם יתיצב לתחילת מאסרו 14.1.21 בשעה 10:00. 12 חודשי מאסר על תנאי למשך 3 שנים ממועד שחרורו, כאשר התנאי יופעל במידה והנאשם יעבור עבירת אלימות מסוג פשע. פיצוי למתלונן בסך 10,000 ₪, לתשלום עד ליום 1.6.21.",eval
"לקולא יצויין עוד שאין ספק שהנאשם 1 – שנפגע קודם על ידי המשפחה היריבה – סבל ממצוקה נפשית בעקבות הפגיעה בו. כמו כן נדגיש את העובדה שהנאשם הודה בסופו של יום בביצוע העבירה בכתב האישום המתוקן, ובכך לקח אחריות (סעיף 40יא(4) לחוק העונשין), אף אם לא נחסך זמן שיפוטי במלוא מובן המילה. לחומרה יש לציין את עברו הפלילי שאינו מן הקלים (סעיף 40יא(11) לחוק העונשין). נתנו דעתנו גם להסדר הטיעון הכולל, שעניינו הסדר גם לגבי יתר הנאשמים והעונשים שיושתו עליהם, והכל בראי עקרון האחידות בענישה בין כל הנאשמים, כל אחד על פי חלקו. באי כח הצדדים הגישו לבית המשפט אסופת פסיקה, כאשר באת כח המאשימה מפנה לפסיקה מחמירה וב\כ הנאשם 1 לפסיקה מקלה. אנו סבורים כי כל מקרה ומקרה יש לדון לגופו, וכך ננהג גם במקרה דנן. על כל אלה נוסיף כי לקחנו בחשבון את פרק הזמן הארוך יחסית בו שוהה הנאשם 1 בתנאים של מעצר. אשר על כן, לאחר ששקלנו את מכלול השיקולים, הן לקולא והן לחומרה, ובנסיבות העניין כפי שפורטו לעיל, אנו גוזרים על הנאשמים את העונשים הבאים: 7 שנות מאסר, מתוכן חמש וחצי שנות מאסר בפועל והיתרה על תנאי למשך 3 שנים לבל יעבור עבירת אלימות מסוג פשע או עבירות נשק מסוג פשע. לצורך מניין תקופת המאסר, תימנה תקופת שהייתו במעצר מיום 16/08/13. כמו כן, על הנאשם 1 לפצות את המתלונן בסך של 35,000 ₪ עד לא יאוחר מיום 01/06/15. בעניינם של הנאשמים 2 ו- 3 אנו מאמצים את הסדר הטיעון אליו הגיעו באי כח הצדדים, וזאת, כפי שנקבע בעניין פלוני (ע\""פ 1958/98 פלוני נ' מדינת ישראל, פ\""ד, נז(1)577), והלכת האיזון שנקבעה בו,""",eval
"מעשיו החמורים של הנאשם עולים מכתב האישום ובמזל, תוצאות מעשיו לא היו חמורות יותר. הערך החברתי שנפגע במקרה דנן הוא זכותו של אדם לשמירה על גופו והגנה על חייו וכן הגנה על שלום הציבור ובטחונו. באשר לנסיבות הקשורות לביצוע העבירה הרי שלביצוע העבירה קדם מרכיב של תכנון מקדים; חלקו של הנאשם בביצוע העבירה היה בלעדי; הנאשם הכה את המתלונן באמצעות מוט ברזל ורק בנס לא נגרם נזק חמור יותר למתלונן; הנזק שנגרם למתלונן- שבר ביד שמאל, חתך בקרקפת והמטומה בגב מצטרף לנזקו הנפשי- כפי שתואר בתסקיר נפגע עבירה שהוגש בעניינו; הנאשם יכול היה להבין את הפסול במעשיו ולהימנע מהם בכל שלב, זאת בהסתייגות מסוימת לאור ניסיונותיו של הנאשם לקבל טיפול בטרם ביצע את העבירות. בהתחשב בערכים החברתיים שנפגעו, במידת הפגיעה בהם, במדיניות הענישה ובנסיבות הקשורות בביצוע העבירה, מתחם הענישה ההולם במקרה דנן הוא 2-4 שנות מאסר בפועל. מטרת סעיף זה הינה ליתן מעמד ראוי לשיקול השיקומי על פני העיקרון המנחה בענישה- עקרון ההלימה. כאמור להלן, המקרה שבפניי מהווה אחד המקרים בהם יש להעדיף שיקולי שיקום, על פני שיקולים אחרים העומדים בבסיס הענישה ולסטות ממתחם הענישה לקולא. מעיון בתסקיר עולה כי עולה כי הנאשם לא פנה לטיפול עד לפני כשנה, אז בת זוגו הנוכחית האיצה בו לעשות כן, בעקבות תאונת דרכים שעבר. מסיכום האשפוז עולה כי הוא סובל מ-PTSD כרוני על רקע ריבוי חוויות טראומטיות משירותו הצבאי. הוא אובחן גם כסובל מ-canabinoide abuse והפרעת אישיות עם קווים אימפולסיביים. צויין שבשנה האחרונה התווספו גורמי לחץ כגון תאונת דרכים, הפסקת עבודה, המשך הליך משפטי עם גרושתו ומחלה קשה של אביו. צויין שחלה החמרה בסימפטומים הפוסט טראומטיים עקב כך. נטען",eval
"על תנאי בן 12 חודשים מת\פ 58670-11-18 מיום 14.05.19 אשר ירוצה מחציתו בחופף ומחציתו במצטבר (הנאשם ירצה סך הכל 18 חודשים מאסר בפועל, בניכוי ימי מעצרו). 18 חודשי מאסר על תנאי למשך 3 שנים מיום שחרורו כאשר התנאי יופעל במידה והנאשם יורשע בעבירות אלימות מסוג פשע;""",eval
"נגרמו נזקים בהסתייגות שצויינה לעיל. הסיבות שהביאו את הנאשמים לבצע את העבירות היו פסולות והנאשמים היו צריכים להבין את הפסול במעשיהם ולהימנע מהם. בנוסף, יצויין שמדובר בריבוי עבירות אשר בוצעו ברצף אך לא ברור אם קיים כלל קשר ביניהם ועל כן הגעתי למסקנה שמדובר בשני אירועים שונים ככל שמדובר בנאשם 1. מתחם הענישה לגבי עבירות מעשה פזיזות ורשלנות, הפרעה לשוטרים, אי ציות לרמזור, אי ציות לשוטר ואי מתן זכות קדימה נמצא בין 9 חודשי מאסר בפועל לבין שנתיים מאסר בפועל במקרה דנן ובגין ניסיון השוד בין שנתיים עד ארבע שנות מאסר. עם זאת, המקרה מתאים לפסיקת עונש כולל עבור הנאשם 1. באשר לניסיון השוד, לא נראה שיש מקום לקבוע שמי מהנאשמים היה דומיננטי יותר מחברו. מדיניות הענישה פורטה בפסקי הדין שהובאו על ידי הצדדים. באשר לנסיבות שאינן קשורות בביצוע העבירה, אפנה לדברים שנאמרו בתסקירים של כל אחד מן הנאשמים כאשר זה ברור שעונשי מאסר ישפיעו בצורה שלילית על התנהלותם האישית והמשפחתית. התרשמתי ששני הנאשמים נטלו אחריות מלאה בגין העבירות שביצעו וכי שניהם עושים מאמצים במסגרת מעצרם לחזור למוטב על ידי מילוי תפקידים שונים במסגרת השב\ס. עברו הפלילי של הנאשם 1 מהווה שיקול לחומרה בעניינו כאשר הוא לא השכיל להמנע משימוש בחומרים פסיכואקטיביים ומחזרה על מעשים פליליים. מכל האמור הגעתי למסקנה שיש להטיל על הנאשמים עונשים כדלקמן: מאסר בפועל של 2 שנים ו- 10 חודשי מאסר בפועל ממנו תנוכה תקופת מעצרו החל מיום 25.9.16. מאסר על תנאי לתקופה של 1 שנה למשך 3 שנים מיום שחרורו שיופעל במידה והנאשם יעבור עבירת אלימות. מאסר על תנאי לתקופה של 3 חודשים למשך 3 שנים מיום שחרורו במידה ויעבור כל""",eval
"בעבודת שירות בתנאי שתתקבל חוות דעת חיובית מאת הממונה על עבודות השירות. מאסר על תנאי ל- 6 חודשים משך שלוש שנים אשר יופעל במידה והנאשם עובר עבירות אלימות מסוג פשע או עוון. פיצוי בסך 2,500 ₪ למתלונן לתשלום עד ליום 31.12.19. לנאשם 2- (ואליד) מאסר בפועל בן 24 חודשים כאשר על הנאשם להתייצב לתחילת ריצוי מאסרו ביום 23.1.20. מאסר על תנאי של 9 חודשים למשך 3 שנים מיום שחרורו כאשר התנאי יחול במידה והנאשם יבצע עבירות אלימות מסוג פשע או עוון. פיצוי בסך 5,000 ₪ למתלונן לתשלום עד ליום 31.12.19. 6 חודשי מאסר בפועל בעבודת שירות בתנאי שתתקבל חוות דעת חיובית מאת הממונה על עבודות השירות. מאסר על תנאי ל- 6 חודשים משך שלוש שנים אשר יופעלו במידה והנאשם עובר עבירות אלימות מסוג פשע או עוון.",eval
"אין ספק שעבירות הסמים חמורות ומחייבות קביעת מתחם ענישה הולם. במקרה זה מתחם הענישה נע בין 4-6 שנות מאסר בהתאם לפסיקה שהובאה על ידי המדינה. ואולם במקרה זה מתקיים האמור בסעיף 40ד לחוק העונשין: (א) קבע בית המשפט את מתחם העונש ההולם בהתאם לעיקרון המנחה ומצא כי הנאשם השתקם או כי יש סיכוי של ממש שישתקם, רשאי הוא לחרוג ממתחם העונש ההולם ולקבוע את עונשו של הנאשם לפי שיקולי שיקומו, וכן להורות על נקיטת אמצעי שיקומי כלפי הנאשם, לרבות העמדתו במבחן לפי סעיפים 82 או 86 או לפי פקודת המבחן [נוסח חדש], התשכ\ט-1969. הנאשם, שהיה מכור לסמים (ובא ממשפחה עם רקע בעייתי בסמים) וביצע את העבירות על רקע זה, הצליח לעמוד במהלך שיקומי ארוך ואינטנסיבי שמתועד היטב בתסקירים הרבים שנעשו ואשר תואר לעיל. ההמלצות של שירות המבחן מבוססות בעמידה של הנאשם בכל שלבי התכנית בה נטל חלק עד כה. כעת נאשם בדרך לחזרה למעגל חיים נורמטיבי. המקרה הנוכחי מהווה לדעתי אחד מהמקרים החריגים בהם מוצדק, לאור פוטנציאל גבוה לשיקום, להעדיף שיקולי שיקום על פני שיקולי ענישה (ראו ע\""פ 7555/14 לעיל). לצד האינטרס הציבורי בענישת עבריינים קיים גם אינטרס ציבורי מקביל בשיקומם. דא עקא, כי לא תמיד ניתן לשלב בין האינטרסים בו-זמנית ובמקרה זה שליחת הנאשם למאסר, גם לתקופה קצרה יותר בהתחשב בשיקומו, תחשוף אותו ללחצים וסיטואציות שעלולים לדרדר אותו חזרה לעולם הסמים ועבירות הסמים למרות הדרך שעבר. המלצת שירות המבחן להטיל תקופת מבחן תשמור על האינטרס הציבורי בהיבט הענישתי כאשר במקרה שהנאשם לא יתמיד בשיקום ניתן יהיה לחזור לפסוק לחובתו עונש הולם. ואולם בשלב זה יש לדעתי להעדיף – הן משיקולים אישיים של הנאשם והן משיקולים""",eval
"שיוטל. אשר על כן, הנני מטיל עונשים כדלקמן על הנאשמות2 ו-3: 30 חודשי מאסר בפועל כאשר מתקופה זו ינוכו התקופות בהן הן שהו במעצר: לגבי נאשמת 2 - ימים 25.2.12-12.3.12 ומיום 14.5.12 ועד היום. ולגבי נאשמת 3 - ימים 25.2.12- 12.3.12. 12 חודשי מאסר על תנאי למשך 3 שנים מיום שחרורן כאשר התנאי יופעל במידה והן יבצעו עבירת אלימות מסוג פשע בתקופה זו. פיצוי למתלוננת בסך 20,000 ₪ כל אחת. עליהן להגיש בקשה לתשלום הפיצוי בשלבים החל ממועד שחרורן. על הבקשה להיות מוגשת תוך 30 יום מהיום. הנאשמת 3 תתייצב לריצוי עונשה ביום 15.12.12, אלא אם תוגש בקשה לעיכוב אשר תענה בחיוב. על הנאשמת 1, שהתרשמתי שהינה מוגבלת יותר באופן משמעותי, קוגניטיבית ושכלית, מאשר הנאשמות האחרות, אני מטיל את העונשים כדלקמן: 24 חודשי מאסר בפועל כאשר מתקופה זו תנוכה התקופה בה היא נמצאה במעצר מיום 25.2.12- 12.3.12 ומיום ומיום 14.5.12 ועד היום. 12 חודשי מאסר על תנאי למשך 3 שנים מיום שחרורה כאשר התנאי יופעל במידה והיא תבצע עבירת אלימות מסוג פשע בתקופה זו. פיצוי למתלוננת בסך 20,000 ₪. עליה להגיש בקשה לתשלום הפיצוי בשלבים החל ממועד שחרורה תוך 30 יום מהיום. באשר להטלת קנס על כל הנאשמות וגביית ההתחייבות שהוטלה על הנאשמת 3 בהליך קודם, לאור מצבן הכלכלי הירוד קיימת עדיפות מובהקת לכך שכספים יופנו קודם לנפגעת העבירה ובהינתן מצבן ספק רב בעיני אם תהיה תועלת בהטלת קנס נוסף או מתן הוראה על גביית ההתחייבות אשר הוטלה על הנאשמת 3 ואשר על כן לא תינתן הוראה באשר לכך.",eval
"שיופעל במידה והנאשם יבצע עבירת אלימות או רכוש נוספת מסוג פשע. קנס כספי בסך 7,500 ₪ לתשלום עד ליום 31.12.23",eval
"שהנאשם אכן מעוניין להשתקם ולתרום לחברה. גם מכך, שהוא בחר לסיים משפטו בהודאה חרף האפשרות, שעמדה לו לנהל משפט הוכחות אני מסיק, שהוא מבקש לקבל אחריות ולהביע חרטה. אכן, גם בדבריו האחרונים לפניי הביע הנאשם צער וחרטה מעומק הלב והבטיח למשפחתוׂ ולבית-המשפט שלא לשוב עוד לדרך הנלוזה בה הלך. התרשמותי הבלתי-אמצעית ממנו היא כי הבטחותיו אלו הן כנות. הנאשם שיתף פעולה באופן מלא עם רשויות אכיפת החוק. התנהגותו החיובית באה לידי ביטוי בפעולותיו בבית-המעצר אשר צוינו לשבח על-ידי הנהלת המתקן. האמור במעשים התורמים לחברה כאשר הוטלה עליו המשימה הקשה של מתן סיוע לעצורים במצוקה ובחשש לפגיעה עצמית, והוא עמד בה במסירות. הנאשם נפצע פציעה קשה בתאונת-דרכים כהולך-רגל. אין ספק שפציעה זו השפיעה קשות על התפתחות מהלך חייו. הוא ביקש להתגייס לשורות הצבא, אך הדבר נבצר ממנו לנוכח פציעתו. אין ספק שקיים קשר בין פציעה זו והשלכותיה לבין הסתבכותו החוזרת והנשנית של הנאשם בעבירות פליליות. עברו הפלילי של הנאשם מחמיר את מצבו. הוא הורשע, זמן קצר לפני ביצוע העבירה דכאן במעורבות בעבירה של החזקת אקדח והסעתו. הוטל עליו מאסר בפועל בגין כך. הוטל עליו גם עונש מאסר על תנאי. חרף כל אלה, חזר הנאשם והסתבך בשנית בעבירות של החזקת אקדח, הסעתו וביצוע עסקה בו. הדבר מלמד כי יש צורך להרתיע את הנאשם מפני ביצוע עבירה דומה, ויש בכך כדי להעיב על סיכויי השיקום שלו. על-פי הסכמת הצדדים, עונש המאסר המותנה אשר היה תלוי ועומד נגדו בגין אותה עבירה, יופעל כאשר חלקו יצטבר לעונש שראוי להיות מוטל עליו בגין העבירה הנוכחית וחציו יצטבר לו. אכן, בעת גזירת דינו של הנאשם משמשים בערבוביה שיקולים שונים, נוגדים ואולי אף הפוכים",eval
"מרבית העבירות שלחובתו נעברו עד לשנת 2001 ורק עבירה אחת נוספת, שלא בענייני סמים, נעברה בשנת 2007. כל עבירות הסמים היו החזקה או שימוש לצריכה עצמית. על פי האמור לא ניתן לומר כי הפשע הינו דרך חיים עבורו. בהתחשב בכלל הנסיבות הנני מטיל עליו עונש מאסר לתקופה של 24 חודשים, מתוכם 16 חודשים בפועל ו- 8 חודשים על תנאי למשך 3 שנים כאשר התנאי יופעל אם יעבור עבירות סמים מסוג פשע. יש לנכות מתקופת מאסרו את ימי מעצרו מיום 7.12.11. לא מצאתי יסוד להטיל עליו קנס או לשלול ממנו את רשיון הנהיגה מעבר לתקופה שישהה ממילא במאסר. ביחס לנאשם 3, אין נסיבות מקילות באותה מידה כפי שקיימות לגבי הנאשמים האחרים. הוא היה זה שביצע את העסקה בפועל, מכר את הסמים והיה אמור להינות מהרווח בגין העסקה. לנאשם 3 עבר פלילי משמעותי בעבירות סמים שלא לצריכה עצמית, 4 עבירות מאז שנת 2000 כאשר מאסרו האחרון לתקופה של 16 חודשים הסתיים רק ב- 2010. בנוסף, תוך כדי ביצוע עבירת הסמים נעברה גם עבירת תעבורה של נהיגה בעת פסילה אשר מוסיפה על עברו התעבורתי המכביד ממילא. העבירות במקרה דנן בוצעו עוד בתקופה בה תלוי כנגד הנאשם 3 מאסר על תנאי של 14 חודשים בגין עבירות סמים. יחד עם זאת, יש בהודאתו המוקדמת כדי להצדיק הקלה בעונש שיוטל. בהתחשב באמור לעיל, הנני מטיל על הנאשם 3 עונשים כדלקמן: מאסר בפועל לתקופה של 30 חודשים. יש לנכות מתקופת מאסרו את ימי מעצרו מיום 2.1.12. מאסר על תנאי לתקופה של 18 חודשים למשך 3 שנים מיום שחרורו פן יעבור עבירות סמים מסוג פשע. בנוסף המאסר על תנאי שהוטל במסגרת ת.פ (עכו) 16488-03-09",eval
"הערכים המוגנים שנפגעו היו שלמות הגוף ושמירה על שלום הציבור. מידת הפגיעה בהם הייתה יחסית חמורה בהתחשב בכך שבוצע ירי לאור יום מרכב חולף בשכונת מגורים לתוך חצרם של המתלונן ואחיו וגרם לפגיעה בגופו של המתלונן. ברור שהתקיים תכנון מוקדם, הן בכל הקשור להצטיידות בנשק והן בגיוס רכב ונהג לצורך ביצוע הירי. חלקו של הנאשם היה דומיננטי כאשר הוא זה שהיה בסכסוך עם המתלוננים והוא עצמו ביצע את הירי. היה צפוי להיגרם נזק משמעותי היות שמדובר בשימוש בנשק חם ונורו מספר כדורים שפגעו בקרבתם של המתלונן ואחיו. הסיבות שהביאו את הנאשם לביצוע העבירה היו פסולות, כאשר אין הצדקה לנטילת החוק לידיים גם אם הנאשם היה מסוכסך ואף מאוים (טענות שלא התקבלו). הנאשם היה צריך לדעת אודות הפסול במעשיו ולהימנע מהם. מתוך כל האמור לעיל הגעתי למסקנה שמתחם הענישה ההולם נע בין 6-10 שנות מאסר בפועל. בהטלת העונש בתוך המתחם יש להתחשב בכך שהנאשם הוא נעדר עבר פלילי בעוד שהענישה תפגע בו ובמשפחתו. לעומת זאת, אין הוא נוטל אחריות גם לאחר שהוא הורשע. 7 שנות מאסר בפועל כאשר יש לנכות את התקופה בה הנאשם שוהה במעצר החל מיום 18.9.16.",eval
זו תנוכה תקופת המעצר מיום 21.3.20. 9 חודשים מאסר על תנאי למשך 3 שנים ממועד שחרורו כאשר התנאי יופעל במידה והנאשם יבצע עבירות סמים או נשק מסוג פשע.,eval
"שלושת הנאשמות נעצרו ביום 25.2.12 ושוחררו ביום 14.3.12. ביום 14.5.12 נאשמות 1 ו- 2 נעצרו שוב ולא שוחררו מאז. תסקיר מבחן בעניינה של הנאשמת 3 הוגש ביום 10.9.12. תואר שהיא בת 21, מוסלמית, רווקה המתגוררת עם בן זוג כשהיא מפרנסת את שניהם. לקטרין היתה ילדות קשה והיא עברה בין בני משפחה שונים. בגיל 8 היתה עדה לרצח דודה שגידל אותה. לאחר מכן עברה לגור עם אביה שנקט כלפיה אלימות רבה והיא הוצאה לבסוף מהבית על ידי שירות הרווחה למקלט לנשים מוכות בגיל 13. היא חוששת עדיין מאביה שמא ימצא אותה. היא גדלה בפנימיה מגיל 13 עד 18 ומאחר שברחה פעמים רבות מהפנימיה על רקע קשיי הסתגלות היא הועברה לפי החלטת בית משפט למוסד בג'וליס שם חשה טוב יותר, יחד עם זאת היא אושפזה 7 פעמים במרכז לבריאות נפש באותה תקופה על רקע חוסר שקט וסימני אלימות. בגיל 18 היא עזבה את המעון בג'וליס ועברה להתגורר בהוסטל בירושלים אולם זמן קצר לאחר מכן עזבה ועברה להתגורר ברמלה אצל סבתה ולאחר מכן עברה להתגורר בהוסטל בחיפה אך גם שם עזבה על רקע קשיי הסתגלות. בהמשך התגוררה ברחוב, היתה מחוסרת בית משך מספר חודשים, ואז חזרה לגור בבית סבתה. לאחר מכן עברה להתגורר בגפה בדירה שכורה. היא מסרה שהחלה לשתות אלכוהול לפני כשלוש שנים וטרם מעצרה הנוכחי נהגה לשתות כמויות גדולות בתדירות יום-יומית ולבלות בלילות בגנים ציבוריים ובים כדרך לחוות שייכות. ביחס לאירוע התרשם שירות המבחן כי קטרין לוקחת אחריות. היא תארה שהיא בילתה באותו לילה עם שתי הנאשמות האחרות בחוף הים ובבוקר היו עדיין תחת השפעת אלכוהול ולקחו מונית כדי לנסוע לאכול. לדבריה, התקשתה לזכור את פרטי האירוע",eval
"האירוע החל עת עבר המתלונן במקום, המערער קילל אותו ובתגובה התקרב אליו המתלונן ואז דקר אותו המערער בגב התחתון. למתלונן נגרם קרע בכליה והוא אושפז משך 8 ימים. המערער טען להגנה עצמית, טענה שנדחתה הן בערכאה הדיונית והן בערעור. הערעור על הכרעת הדין ועל העונש נדחה ועל אף תסקיר חיובי לא התערב בית המשפט העליון בעונש שהוטל. הסניגור הגיש פסיקה מקלה יותר: בת\פ 42432-11-11 מדינת ישראל נ' צבי בן ימין (8.7.2012) הורשע הנאשם בעבירות לפי סעיפים 333 + 335 (א)(1) לחוק העונשין בגין מספר דקירות בפלג גוף עליון של המתלונן אשר חייבו את אשפוזו וזאת על רקע עימות אלים בעקבות קשר רומנטי שהסתיים בין הנאשם לאחותו של המתלונן כאשר המתלונן המשיך להטריד את האחות. מפגש בין הנאשם למתלונן התפתח לאלימות. בית המשפט ייחס משקל לנסיבות שברקע העבירה ועבר פלילי לא מכביד של הנאשם והטיל עליו 6 חודשי מאסר בפועל. בע\""פ 5794/13 מדינת ישראל נ' חליל שיכה (2.4.2014) בגין עבירות של פציעה בנסיבות מחמירות כשהעבריין נושא נשק קר בית המשפט המחוזי גזר עונש של בעבודות שירות. היה מדובר בויכוח שהדרדר לאלימות מחוץ למספרה והנאשם נגח בפניו של המתלונן ולאחר מכן דקר אותו באמצעות מספריים בצלעות ובגבו. בית המשפט קבע שבנסיבות המיוחדות של היותו של הנאשם בן 31, נורמטיבי ובעל משפחה ללא עבר פלילי, אין מקום למיצוי הדין ובית המשפט העליון לא התערב אולם לא בלי לבטים. בע\""פ 5956/13 מדינת ישראל נ' אחמד אבו נג'מה (28.11.2013) הורשע נאשם בביצוע שתי עבירות של חבלה בכוונה מחמירה לפי סעיף 329(א)(1) לחוק העונשין כאשר בית המשפט המחוזי גזר על הנאשם מאסר בפועל לתקופה של 82 ימים ומאסר על תנאי. באותו מקרה""",test
"הנאשם נמצא במעצר מיום 8.8.23. הערכים המוגנים שנפגעו היו שמירה על שלטון החוק ושמירה על ביטחון הציבור ושלומו. היות שמדובר בהחזקת נשק, נפגעו הערכים המוגנים ברמה בינונית לכל הפחות. באשר לתכנון, ברור שהשגת הנשק לצורך החזקתו היה כרוך בתכנון. הנאשם נושא באופן בלעדי באחריות והוא אינו קרוב לסייג כלשהו. הנאשם היה צריך לדעת אודות הפסול במעשיו ולהימנע מהם. על בסיס האמור ובהתחשב במדיניות הענישה, יש לקבוע מתחם ענישה הולם שבין 12-36 חודשי מאסר. באשר לנסיבות שאינן קשורות לביצוע העבירה, יש לציין את הודאתו המהירה של הנאשם לאחר תיקון כתב האישום, העדר עבר פלילי וקבלת האחריות על העבירה. מכל האמור הנני גוזר על הנאשם עונשים כדלקמן: - 18 חודשי מאסר בפועל בניכוי ימי מעצרו החל מיום 8.8.23; - 10 חודשי מאסר על תנאי משך 3 שנים מיום שחרורו כאשר התנאי יופעל במידה והנאשם יבצע עבירות אלימות או נשק מסוג פשע;",test
"במעשי פזיזות ורשלנות לפי סעיף 338(א)(1) לחוק בגין עבירות שביצע עת שהיה שיכור והוטלו עליו 36 חודשי מאסר בפועל. באותו מקרה פגע הנאשם במכונית אחרת ולאחר מכן ברח בנהיגה משוטרים. בע\פ 9792/06 סומוד עאוני חמוד נ' מדינת ישראל (1.4.2007) נדונו 3 מערערים בערכאה הדיונית לעונשים של 20 ו- 18 חודשי מאסר בפועל בגין ביצוע עבירות של סיכון חיי אדם בנתיב תחבורה ותקיפה הגורמת חבלה של ממש בגין אירוע שכלל תקיפה ולאחר מכן זריקת אבן על רכב. בע\""פ 1777/11 פלוני נ' מדינת ישראל (2.6.2011) בגין זריקת אבנים על ג'יפ צבאי על ידי בגיר וקטין, נדון הקטין ל- 6 חודשי מאסר בפועל והבגיר ל- 9 חודשי מאסר בפועל. בע\""פ 6973/06 אסעד הייב נ' מדינת ישראל (12.11.2007) הושלכה אבן לעבר רכב בשעת לילה מאוחרת. לאחר ניהול הוכחות נדון המערער ל- 9 חודשי מאסר. בע\""פ 3828/02 מדינת ישראל נ' עדאל בן סלימאן אבו עייש (18.11.2002) המערער הורשע בשורת עבירות, ביניהן לפי סעיף 332 לחוק העונשין, ונדון ל- 7 חודשי מאסר בפועל. היה מדובר על זריקת אבנים על כלי רכב חולפים והקמת מחסום בכביש מסלעים. ראשית, יצויין כי לא מצאתי בעובדות כתב האישום איזכור או רמז לכך כי העבירות בוצעו על רקע צריכת אלכוהול. מכאן, אין מקום על פני הדברים להוסיף עניין זה לשיקולים שיש לשקול במסגרת הטלת העונש. כאשר צדדים מגיעים להסדר טיעון אין פסול בהוספת עובדות נוספות להסדר על גבי אלו שפורטו בכתב האישום ואולם הדבר חייב להעשות במשותף ובאופן מוסכם. אחרת, נוצר פתח בלתי רצוי להעלאת טענות עובדתיות נוספות, תופעה שלא תתרום לסיום מסודר ונכון של ההליכים. עוד אוסיף, כי בעניינו של הנאשם כאן אין מקום להעדיף גמילה""",test
"הנאשם כבן 35 עצור מיום 13.2.22. לנאשם הרשעה קודמת משנת 2011 שהתיישנה בגין החזקת סמים לצריכה עצמית. מכתב האישום עולה שמדובר במסכת עבריינית אחת לכל העבירות. הערכים החברתיים המוגנים שנפגעו היו שמירה על שלום הציבור וביטחונו ושמירה על אוטונומית הפרט. מבחינת נסיבות הקשורות בביצוע העבירות, יצוין שברור שהתקיים תכנון מוקדם (וביצוע) במהלך תקופה ארוכה, וביתר שאת, בכל הקשור לשליחת המנעולן. לא נטען לסיוע או ביצוע על ידי אחר בקשר לעבירות (בשונה מנטילת ההלוואה), ולכן חלקו היחסי של הנאשם בביצוע העבירה היה מלא. הסיבות שהביאו את הנאשם לבצע את העבירה היו פסולות והיה ביכולתו להבין את הפסול במעשיו ולהימנע מהם. באשר למדיניות הענישה, יש לציין בנוסף את המקרים הבאים: רע\פ 1729/07 עאייד עטאמנה נ' מדינת ישראל (7.6.07); נאשם אשר הורשע על פי הודאתו במסגרת הסדר טיעון בעבירה של סחיטה באיומים לפי סעיף 428 רישא, לאחר שהתקשר למתלונן, תוך שהזדהה כעובד בחברה לגביית שיקים הפועלת בעבור חברה עימה המתלונן היה שרוי בסכסוך כספי, ואיים על המתלונן במספר הזדמנויות, בין היתר בפגיעה באמצעות יריות ורימון. בית משפט השלום הטיל 9 חודשי מאסר בפועל. בערעור לבית המשפט המחוזי העונש הוחמר ל- 3 שנות מאסר, אף שלא דובר בנאשם עם עבר פלילי מכביד. בית המשפט העליון דחה את בקשת רשות הערעור על חומרת העונש וקבע שהעונש אינו חורג ממתחם הענישה המקובל ואף הזכיר את הקלות הרבה בה מבוצעות עבירות מעיין אלה, ואת האימה שהן מטילות והשפעתן השלילית על התנהלות המסחר באופן המצדיק ענישה מחמירה. ע\""פ 2580/14 אבו ליל חסן נ' מדינת ישראל (23.9.14); נאשמים שהורשעו על יסוד הודאתם במסגרת הסדר בעבירות שונות, כאשר נאשם 1 הורשע בעבירות סחיטה באיומים לפי סעיף""",test
"אין צורך להכביר במילים לגבי מסוכנותה של עבירת ההצתה. אדם המצית אש אינו יכול לשלוט בתוצאות מעשיו ואין בידו לדעת את היקף הפגיעה שיכולה להיגרם בעקבות השריפה. הערכים החברתיים שנפגעו כתוצאה ממעשיו של הנאשם הם שמירה על שלום הציבור, בטחונו, ורכושו. אין מדובר באירוע ספונטני, אלא במי שתכנן הצתה עת הצטייד מראש בחומר דליק כמתואר בכתב האישום. לחובתו של הנאשם יש לזקוף את הנזקים שנגרמו לרכבים והנזקים האישיים שנגרמו לנפגעי העבירה. כמו כן, לקחתי בחשבון את פוטנציאל הנזק הנובע מאופי העבירה. בהתחשב במכלול הנסיבות לעיל, ולאחר שעיינתי בפסיקה הרלוונטית, אני קובע מתחם ענישה שנע בין 2 – 4 שנות מאסר בפועל. באשר לענישה בתוך המתחם ולנסיבות שאינן קשורות לביצוע העבירה, מדובר בנאשם שהודה במיוחס לו בהזדמנות הראשונה בכתב אישום שתוקן לטובתו ולקח אחריות מלאה על מעשיו. אין להתעלם מהעבודה כי לנאשם עבר פלילי שכלל עונשי מאסר, ואף לחובתו תלוי עונש מאסר על תנאי. ברם לצד האמור לעיל, לקחתי בחשבון את נסיבות חייו הלא פשוטות של הנאשם במיוחד בעת האחרונה בעקבות מות אחיו וכן נתתי דעתי לכך שאין ספק שתקופת מאסרו עלולה לפגוע במשפחתו של הנאשם. מכל האמור הנני מטיל על הנאשם את העונשים הבאים: 26 חודשי מאסר בפועל, בניכוי ימי מעצרו מיום 11.11.21. 9 חודשי מאסר על תנאי למשך 3 שנים כאשר התנאי יופעל במידה והנאשם יבצע עבירות אלימות או רכוש מסוג פשע. פיצוי לכל מתלונן בסך 2,500 ₪, לתשלום עד 01.9.2022.",test
"הנאשם הוא כבן 20, ללא עבר פלילי קודם ושוהה במעצר החל מיום 2.10.19. מבחינת ערכים חברתיים מוגנים, נפגעו הערכים של שמירה על שלום הציבור ובטחונו ושמירה על הקניין. אין ספק שהתקיים תכנון מוקדם ומשמעותי למקרה כפי שמעידות ההכנות שאף כללו תצפיות והכנת ציוד. כמו כן חלקו של הנאשם בביצוע העבירה היה מלא. לאור השימוש בנשק קר התקיים פוטנציאל נזק משמעותי. הנאשם יכול היה לדעת אודות הפסול במעשיו ולהימנע מהם. בנסיבות המקרה, מתחם הענישה נע בין 2-5 שנות מאסר. באשר לעונש בתוך המתחם, אציין את קבלת האחריות, הבעת החרטה והמהלכים שנאשם עושה לקראת שיקום על אף שהוא נמצא במעצר. נראה לי שבמקרה דנן התסקיר מבוסס ויש לתת דגש לפן השיקומי תוך כדי הטלת ענישה שבכל זאת תשקף את חומרת העבירות. אשר על כן, אני מטיל על הנאשם את העונשים כדלקמן: 20 חודשי מאסר בפועל שתקופת מעצרו מיום 2.10.19 תנוכה מהם. 12 חודשי מאסר על תנאי למשך 3 שנים ממועד שחרורו שיופעלו במידה והנאשם יעבור עבירות שוד או אלימות מסוג פשע. פיצוי בסך 2,500 ₪ לכל אחת מנפגעות העבירה (2) לתשלום עד ליום 1.9.20.",test
"כי החובה הקבועה בסעיף 355 לחוק העונשין להשית עונש מאסר מזערי בגין עבירות מין, אין משמעותה כי כל העונש יהיה מאסר בפועל, וניתן לקבוע כי חלקו יהיה במאסר מותנה. מעבר לכך יש לזכור כי לעבירת המין שבוצעה כלפי ג' מצטרפות עבירות אלימות, שגם בהן יש להתחשב בקביעת המתחם. באשר לנסיבות הקשורות בביצוע העבירה כמפורט בסעיף 40ט לחוק העונשין נציין כי נסיבותיו של תיק זה בעייתיות בעיקר נוכח העובדה כי העבירות כולן (עבירת המין ועבירות האלימות) בוצעו במתלוננת, ע\י אביה, בהיותה צעירה מאוד, כאשר הנאשם אשר היה אמור להיות אב אוהב האחראי לשלומה של המתלוננת, ניצל לרעה את מעמדו לצורך סיפוק צרכיו המיניים ויצריו האלימים (סעיף 40ט(א)(11) לחוק העונשין). על אף שעבירת המין שבוצעה בג' אינה מצויה ברף חומרה גבוה של עבירות מין, הרי שהיא כללה, בין היתר, נגיעה בחזה מעל בגדיה, ויש לזכור כי היא בוצעה לאחר תכנון, משהוסרה דלת הכניסה מחדר הבנות כדי להקל על ביצוע העבירה, בעת שג' בת ה-15 ישנה במיטתה, כאשר הנאשם בוחר שלא לחדול ממעשיו על אף התנגדותה, כשהוא מורה לה לא לספר את שאירע (סעיף 40ט(א)(1) לחוק העונשין). אם לא די בכך, הנאשם הוסיף חומרה להתנהלותו כאשר במספר הזדמנויות היכה את ג' בחלקי גופה השונים, פעם באמצעות כָּבֵּל של ממיר, פעם באמצעות שרשרת ברזל ופעם באמצעות חגורה, כשהוא גורם לה שטפי דם. מעשי הנאשם מלמדים על אווירה קשה בבית, במעשי אלימות משפילים ושלוחי רסן במועדים בלתי צפויים, בשימוש בחפצים, מכל הבא ליד, המעידים על אופיו האלים של הנאשם, ועל חוסר יכולתו לשלוט במעשיו בשעת כעס. אין ספק שמדובר במעשים שהשאירו את חותמם על נפשה של המתלוננת (ג') אשר נדרשה להיות""",test
"הנאשם יליד 1989 כיום בן 31, הוא היה עצור מאז 13.8.19 ועד 23.9.19 ועצור בפיקוח אלקטרוני מ-23.9.19 ועד 12.3.20. הערכים המוגנים שנפגעו היו שלמות הגוף ושמירה על הסדר הציבורי. הפגיעה בערכים אלה הייתה מהותית כאשר המתלונן נדקר מספר רב יחסית של פעמים והאירוע התרחש במקום ציבורי, למעשה באמצע הכביש בכפר. עם זאת, לא מדובר באירוע מתוכנן אלא בהיתקלות רגעית שהידרדרה לאלימות קשה. גם אם אניח שהנאשם נפגע בידיו בעודו ברכבו, אין הצדקה לרמת האלימות שהפעיל בהמשך, כך שחלקו היחסי של הנאשם בביצוע העבירות היה מוחלט. כמו כן, כתוצאה מהשימוש בנשק קר היה צפוי להיגרם נזק משמעותי ואכן נגרם נזק ברמה שאינה מבוטלת (יצוין למען הסדר כי חלק מהדקירות היו שטחיות). כאמור, הסיבות שהביאו את הנאשם לבצע את העבירה אינן מוצדקות והנאשם היה צריך להבין את הפסול במעשיו ולהימנע מהם. מתוך נסיבות המקרה ומדיניות הענישה, הגעתי למסקנה שמתחם הענישה ההולם נמצא בין 20 – 48 חודשי מאסר. באשר לקביעת העונש בתוך המתחם, יצוין שהנאשם הודה בשלב מוקדם של ההליך וקיבל אחריות מלאה על מעשיו. יצויין עוד כי לנאשם אין עבר פלילי קודם מכביד שיצביע על דפוס התנהגות אלימה מושרש. בכל הקשור לניסיונות השיקום, נראה שבתחילת הדרך טרם התפשטות נגיף הקורונה, הנאשם השתתף בהצלחה בצעדי שיקום כאשר המשכם נבלם מפאת מצב החירום במשק. עם זאת יצוין ששירות המבחן סיפק תסקיר (ראשון) מעמיק ומבוסס ממנו עולה שבנתוניו האישיים של הנאשם אין זה ברור שהיה מצליח לדבוק במהלכי השיקום או להפיק מהם תועלת מירבית. בנוסף, יצוין מצבו האישי ואין ספק שהטלת מאסר ארוך תשפיע לרעה על מצב משפחתו ויכולתו לדאוג לילדיו, הן בהיבט ההורי והן בהיבט הכלכלי. אשר על כן",test
"נתונים נוספים מאותם מקרים ולדמיון, אם קיים, בינם לבין המקרה הנוכחי. עניין זה, עד כמה שהינו רלוונטי, וספק אם הוא רלוונטי כאשר מדובר בביצוע עבירות סביבתיות, טעון הוכחה עובדתית, שלא סופקה. הנאשמים הם ללא עבר פלילי, לרבות עבר פלילי בעבירות סביבתיות ומדובר על פי טענת הסניגור בעסק הקיים מזה 50 שנה. הנאשם 3 הינו אדם נורמטיבי ללא כל עבר פלילי אשר תורם לקהילה בתחומים אשר צויינו על ידי הסנגוריה. יחד עם זאת, במקרה הספציפי סירובו להגיע למפעל כאשר הוזעק פועל לחובתו. איני מקבל את טענת הסניגור כי הסירוב נבע מאמונתו כי לא יתכן אירוע זיהום כאשר המפעל סגור והדברים פורטו במסגרת הכרעת הדין. לעומת זאת, אין מקום להחמיר עם הנאשמים כיוון שבחרו לנהל הליך מלא והתעמתו עם ראיות התביעה המסגרת ההגנה. בסופו של עניין הגעתי למסקנה כי יש לאזן בין ההיבטים החמורים של המקרה- ובעיקר העובדה כי מדובר בחומרים מסוכנים אשר נפלטו לסביבה והעדר שיתוף פעולה על ידי הנאשם 3 בחלק הראשון של האירוע הראשון אשר הקשה על בירור מהות האירוע ומידת מסוכנותו עם עברם הנקי של הנאשמים, בייחוד בתחום הסביבתי, והעובדה כי מאז ראתה המאשימה לנכון לחדש פעמיים את היתרי הרעלים ללא תנאים נוספים והעובדה כי מדובר באירועים בודדים שלגביהם לא הובאו ראיות על היקף החומר ששוחרר לסביבה. יצויין, כי לאור העובדה כי הנאשם 3 נעדר כל עבר פלילי, בייחוד ביחס לעבירות סביבתיות, ובהתחשב בכל האמור לעיל, הגעתי למסקנה כי אין מקום להטלת עונש מאסר, או אף מאסר מותנה. על סמך כל האמור לעיל, הנני מטיל על הנאשמים העונשים הבאים: על הנאשמות 1 – 2 מוטל קנס כולל בסך 200,000 ₪ (100,000 ₪ כל אחת).",test
"אין צורך להכביר במילים לגבי מסוכנותה של עבירת ההצתה. אדם המצית אש אינו יכול לשלוט בתוצאות מעשיו ואין בידו לדעת היקף הפגיעה והנזק שעלולים להיגרם בעקבות השריפה. הערכים החברתיים שנפגעו כתוצאה ממעשיו של הנאשם הם שמירה על שלום הציבור ורכושו. אין מדובר באירוע ספונטני, כאשר הנאשם תכנן את ההצתה עת שבר את החלון ברכבו של המתלונן וחזר אחרי 11 דקות על מנת לבצע את מעשיו. לחובתו של הנאשם יש לזקוף את הנזקים שנגרמו לרכבים והנזקים האישיים שנגרמו לנפגעי העבירה במיוחד שמדובר בבן משפחה מדרגה ראשונה, שהוא אחיו. כמו כן, לקחתי בחשבון את פוטנציאל הנזק במקרה זה נוכח העובדה כי השריפה יכלה להתפשט לעבר רכבים אחרים ולגרום חלילה לפגיעת אדם. בהתחשב במכלול הנסיבות ולאחר שעיינתי בפסיקה הרלוונטית, אני קובע מתחם ענישה שנע בין 2-4 שנות מאסר בפועל. באשר לענישה בתוך המתחם ולנסיבות שאינן קשורות לביצוע העבירה, מדובר בנאשם שהודה במיוחס לו בהזדמנות הראשונה בכתב אישום מתוקן הפועל לטובתו ולקח אחריות מלאה על מעשיו. נוכח מצבו הרפואי של הנאשם ונסיבות חייו כפי שפורטו בטיעוני בא כוחו, אני סבור כי יש למקם את עונשו של הנאשם ברף התחתון של המתחם שנקבע. מכל האמור לעיל, אני מטיל על הנאשם את העונשים הבאים: 24 חודשי מאסר בפועל, בניכוי ימי מעצרו מיום 9.1.22. 9 חודשי מאסר על תנאי למשך 3 שנים כאשר התנאי יופעל במידה והנאשם יבצע עבירות אלימות או רכוש מסוג פשע. פיצוי למתלונן בסך 30,000 ₪, בשלומים של 1,000 ₪ לחודש החל מ-1.8.24 ולאחר מכן בכל ראשון לחודש עד לתשלום מלוא הסכום הכולל. אי תשלום כל אחד מהתשלומים יביא לפירעון מידי של הסכום כולו.",test
"הנאשם מצוי במעצר מיום 8.1.21. הערכים המוגנים שנפגעו היו שמירה על שלום הציבור ושמירה על שלטון החוק. בהתחשב בנסיבות האירוע, הפגיעה בערכים הייתה יחסית קשה. מתיאור המקרה עולה שלא היה כלל תכנון לגבי האירוע ומדובר באירוע מתגלגל בו אכן הנאשם קיבל החלטות שגויות פעם אחר פעם. לא חל סייג לאחריות פלילית והנאשם היה צריך להימנע ממעשיו ולדעת את הפסול שבהם. בנסיבות המקרה, מתחם הענישה ההולם נמצא בין שנתיים וחצי עד חמש שנות מאסר. באשר לענישה בתוך המתחם, הנאשם אינו בעל עבר פלילי מכביד, אולם השתחרר אך זמן קצר טרם ביצוע העבירה הנוכחית, זאת לחומרא, כאשר לקולא ישנה הודאתו המהירה והמוקדמת של הנאשם שמסמלת קבלת אחריות וחיסכון בזמן שיפוטי. מתוך האמור, אני מטיל עונשים כדלקמן: 40 חודשי מאסר בפועל, מהם תנוכה תקופת המעצר החל מיום 8.1.21; מאסר על תנאי ל-9 חודשים משך 3 שנים שהתנאי יופעל במידה והנאשם יבצע עבירות אלימות מסוג פשע; קנס בסך 5,000 ₪ לתשלום עד ליום 31.12.21.",test
"בעצם החזקת האוסף והשימוש בו שלא כלל יש להדגיש שימוש לצורך ביצוע עבירות או אף ירי בקרבת בני אדם. יש עוד לציין שכתב האישום חולק לשני אישומים שונים כאשר חלק מהעבירות בוצעו יחד עם אדם אחר. במקרה דנן במישור השאלה אם מדובר באירוע אחד או אירועים נפרדים ולמען הזהירות, אקבע שמדובר באירוע נפרד ועצמאי לגבי כל אחד מששת הנשקים השונים, זאת כיוון שעל אף הקשר הקושר בין ביצוע העבירות, לכל אירוע קיום עצמאי על כל חלקיו מבחינת זמן ונסיבות (השוו: ע\פ 4910/13 ג'אבר נ' מדינת ישראל (29.10.14); ע\""פ 4760/14 קיסלמן נ' מדינת ישראל (7.5.15); ע\""פ 5669/14 לופליאנסקי נ' מדינת ישראל (29.12.15); ע\""פ 1261/15 מדינת ישראל נ' יוסף דלאל (3.9.15)). ביחס לנשקים הכבדים יותר, יש לקבוע לטעמי מתחם הולם שבין 1.5 עד 4 שנות מאסר בפועל ובגין החזקת האקדח בין 1 עד 3 שנות מאסר בפועל. אולם, יובהר שנסיבות המקרה מצדדות בהפעלת סעיף 40יג(ב) באופן שייגזר עונש כולל לכל האירועים. על רקע האמור בתסקיר ונסיבות המקרה כפי שמצטיירות בכתב האישום המתוקן, שוכנעתי שיש מקום להעדיף שיקולי שיקום על פני שיקולי ענישה ואפרט: ראשית, יצויין למען הסדר שכתב האישום השתנה באופן מהותי כשתוקן, כאשר תחילה, הואשם הנאשם בשלושה אישומים כאשר האישום השני והאישום השלישי כללו סחר בנשק וניסיון לסחור בנשק, עבירות שנעלמו מכתב האישום המתוקן. שנית, יצויין שבמבט ראשון עולה תמונה מדאיגה ביותר בקשר להחזקת כל כך הרבה נשקים לאורך תקופה ארוכה ואכן הנאשם סווג בתחילת ההליך כעצור בטחוני. ברם, הובהר על ידי המדינה בהגינותה כי העבירות בהן הואשם והורשע בסופו של דבר לא נשאו כל אופי בטחוני. בחינת התסקיר מעלה כי הנאשם אסף את הנשקים והחזיק בהם""",test
נטען להשתתו על ידי המאשימה.,test
"נאשם 1 בן 43 ולחובתו עבר פלילי מכביד ובכלל זה: הרשעה משנת 2013 בעבירות קשירת קשר לביצוע פשע ושוד מזוין במסגרתה נידון ל-6 שנות מאסר; הרשעה משנת 2007 בעבירות נשק, שוד מזוין בשני תיקים שונים במסגרתה נידון למאסר של 3 שנים; הרשעה משנת 2003 בגין עבירות נשק, אלימות ורכוש במסגרתה נידון למאסר של שנתיים; ועבירות נוספות משנת 2002 ועד לשנת 1997. נאשם 2 בן 44 ולחובתו הרשעה מיום 31.5.21 בעבירות של תקיפת בת זוג ואיומים, בגינה הוטל עליו עונש מאסר על תנאי בר הפעלה בן 3 חודשים למשך שנתיים, כאשר התנאי היה שלא יעבור עבירת אלימות נגד הגוף לרבות איומים. נאשם 1 עצור מיום 30.8.22 ונאשם 2 עצור מיום 28.8.22. במעשיהם פגעו הנאשמים בערכים המוגנים של שמירה על החיים, הביטחון האישי ושלמות הגוף. נוכח העובדה שמדובר בתקיפה שבוצעה באמצעות נשק קר, ריבוי הדקירות והעובדה שהתקיפה הובילה לפגיעות פיזיות משמעותיות במתלונן מידת הפגיעה בערכים המוגנים היא ברמה בינונית-גבוהה. באשר לנסיבות הקשורות לביצוע העבירה נתתי משקל לעבודה שהתקיים תכנון מוקדם, נוכח החיפוש אחר המתלונן על רקע האירוע המקדים ובכוונה לפגוע בו. כמו כן, השימוש בנשק קר מהווה נסיבה נוספת לחומרא כאשר אין צורך לחזור ולהדגיש את החומרה של תת-תרבות הסכין בחברה. בנוסף, דובר בארבע דקירות שבוצעו, ובכלל זה שתי דקירות לאזור רגיש – בית החזה, וכן גם דקירה נוספת במותן, כאשר כתוצאה מהפגיעה למתלונן נגרם נזק גופני משמעותי אשר הצריך אשפוז בטיפול נמרץ, כשהנזק שהיה יכול להיגרם לנוכח מיקום הדקירות אף היה יכול להיות חמור מהנזק שנגרם בפועל. הנאשמים היו צריכים לדעת אודות הפסול במעשיהם ולהימנע מהם. בכל הנוגע לחלקם של הנאשמים, נאשם 1 הוא זה שביצע בפועל",test
"Trans. R. Soc. 13 (2016) 371; M. Turco, N. Levin, N. Tessler, H. Saaroni, RECENT CHANGES AND REALTIONS AMONG DROUGHT VEGETATION AND WILDFIRES IN THE EASTERN MEDITERRANEAN: THE CASE OF ISRAEL, Global and Planetary Change, Vol 151 (2017) 28-35 ). הנאשם, כאדם בעל אינטליגנציה רגילה, היה צריך לדעת את הפסול במעשיו בייחוד כאשר הודה שידע אודות השריפות שהשתוללו ברחבי המדינה באותה עת. בהתחשב בכל האמור לעיל, מתחם הענישה ההולם במקרה דנן נמצא בין 2-5 שנות מאסר וייתכן כי הגיע העת בעקבות הסיכון המוגבר שהשריפות מהוות להחמיר עוד בעתיד. מבחינת קביעת העונש בתוך המתחם לקולא יש לקחת בחשבון את החרטה שהביע הנאשם בסוף ההליך, את העובדה כי אין לחובתו עבירות קודמות, את ההרתעה שהייתה בתקופה בה ישב במעצר, ואת ההערכה שהובאה על ידי שירות המבחן כי קיים סיכון נמוך להישנות עבירות כאמור בעתיד. עם זאת, המלצת שירות המבחן אינה משקללת את מלוא מרכיבי ביצוע העבירות והצורך לשלוח מסר ברור כי הצתת שריפות במכוון בייחוד בתנאי יובש קיצוניים אינה פעולה שהחברה יכולה לסבול. אשר על כן, בסופו של דבר הנני משית עונשים כדלקמן: 24 חודשי מאסר בפועל מהם תנוכה התקופה בה שהה הנאשם במעצר מיום 24.11.16 ועד 18.1.17. הנאשם יתייצב לתחילת ריצוי עונשו ביום 3.6.18 בבית מעצר קישון כשברשותו ת\ז או דרכון. על הנדון לתאם את הכניסה למאסר כולל האפשרות למיון מוקדם עם ענף אבחון ומיון בשב\""ס, טלפון 08-9787336. 9 חודשי מאסר על תנאי למשך 3 שנים מיום שחרורו, כאשר התנאי יופעל במידה והנאשם יבצע עבירת הצתה. קנס בסך 20,000 ₪ לתשלום עד ליום 1.9.18.""",test
"אחד מן הנאשמים. יש עוד מקום לאבחן, במידת מה, בין שני הנאשמים כאשר הנאשם 1 היה זה שבפועל החזיק את הנשק, דרך אותו ומעשיו הביאו לשימוש בו. יוער עוד כי לא מצאתי מקום להקל יתר על המידה עם הנאשם 2 עקב העובדה שהוא נפצע מהירי כיוון שהוא נושא באחריות ליצירת המצב ממנו נפגע. הגעתי למסקנה שיש להשית על הנאשמים 1 ו- 2 עונשים כדלקמן: 5 שנות מאסר בפועל מהם תנוכה תקופת מעצרו מיום 24.11.15. 12 חודשי מאסר על תנאי למשך 3 שנים שיופעל במידה ויעבור עבירת רכוש או אלימות מסוג פשע. פיצוי בסך כולל של 5,000 ₪ ישולם למתלוננים יחד (באמצעות המתלונן בשארה גנדור) עד ליום 30.12.16. 4 שנות מאסר בפועל מהם תנוכה תקופת מעצרו מיום 27.9.15. יופעל המאסר על תנאי בן 6 חודשים מת\פ 13649-03-14 – מחציתו בחופף ומחציתו במצטבר. 12 חודשי מאסר על תנאי למשך 3 שנים שיופעל במידה ויעבור עבירת רכוש או אלימות מסוג פשע.""",test
"ביחס לנאשם 1 שקלתי גם את מצבו הנפשי ונסיבות חייו הלא פשוטות, וביחס לנאשם 2 את היותו אב יחידני המגדל לבדו ילד צעיר וכן את העובדה כי ניהל אורח חיים נורמטיבי עד למקרה זה. בשל שיקולים אלה מצאתי שיש למקם את עונשם של הנאשמים בתחתית מתחמי העונש ההולם שנקבעו ביחס לכל אחד מהם. בהתאם לכל האמור לעיל אני מטיל עונשים כדלקמן: מאסר בפועל למשך 12 חודשים בניכוי ימי מעצרו מיום 24.11.2022; מאסר על תנאי בן 9 חודשים למשך 3 שנים מיום שחרורו שיופעל במידה ויבצע עבירת אלימות מסוג פשע; קנס כספי בסך 2,000 ₪ לתשלום עד ליום 1.7.2023. תקופת מאסרו תהיה כימי מעצרו מיום 24.11.2022; מאסר על תנאי בן 4 חודשים למשך 3 שנים מיום שחרורו שיופעל במידה ויבצע עבירת אלימות מסוג פשע;",test
"עברו הפלילי של הנאשם פורט ברישום הפלילי (ת/1). לחובתו עבירות שונות כאשר ההליך האחרון בו היה מעורב הסתיים בשנת 2015 בהטלת מאסר בפועל בן 4 חודשים. בסך הכל בעברו שני כתבי אישום הכוללים ארבע עבירות יחד. בגין העבירה המוקדמת יותר שהיא החמורה מבין העבירות הוטלו עליו 20 חודשי מאסר בפועל. לחובתו גם עבירות תעבורה. בתסקיר שירות המבחן פורט שהנאשם בן 24, רווק המתגורר בבית הוריו בשעב המתעתד להתארס ועסוק בבניית ביתו. הוא למד 12 שנה ללא תעודת בגרות ולאחר סיום הלימודים השתלב בשוק העבודה בעבודות מזדמנות בענף הבניה תוך שמירה על רצף תעסוקתי חלקי. משפחתו נורמטיבית והוא היחיד מהמשפחה שהסתבך בפלילים. באשר להערכת הסיכון התרשם שירות המבחן שהנאשם עדיין מגבש זהותו ונוטה לבדוק גבולות סביבתו ויש לו נטיה להגרר אחרי דמויות כוחניות. שירות המבחן לא היה מסוגל לשלול הזדהות עם נורמות עברייניות ונקבעה רמת סיכון גבוהה להישנות עבירות דומות לצד נזקקות טיפולית. במסגרת התסקיר הנאשם הביע נכונות להשתלב בהליך טיפולי אך התקשה לאתר מטרות לכך. צויין שהוא ביטא תחושת חרטה מסויימת ביחס לעבירות אך ככלל שירות המבחן התרשם כי הוא מונע בעיקר על ידי נסיון להטיב את מצבו בהליך המשפטי הנוכחי. בסופו של עניין נמנע שירות המבחן מהמלצה טיפולית והתקשה גם לספק המלצה עונשית שתפחית את רמת הסיכון לאור העובדה שריצוי עונשי מאסר בעבר לא הרתיעו את הנאשם מביצוע עבירה נוספת. במקרה זה הערכים החברתיים שנפגעו בכתב האישום הראשון היו בטחון הציבור ושלומו ובכתב האישום השני ערכים אלו ובנוסף הערך של שלמות הגוף והנפש, שמירה על הסדר הציבורי והמשתמשים בדרכים. מידת הפגיעה בכתב האישום הראשון היתה משמעותית ובכתב האישום השני ברמה נמוכה יותר ביחס לנאשם. באשר",test
"הערכים החברתיים שנפגעו היו שמירה על שלום הציבור ורכושו. כידוע, עבירת ההצתה הינה עבירה חמורה ומסוכנת במיוחד כאשר מעשי הצתה נקודתיים יכולים בנקל לצאת משליטה ולגרום לנזקים מקיפים. במקרה זה הרקע לעבירה היה תקיפת אחיו של הנאשם על ידי המתלונן, אולם אין בכך להצדיק לקיחת החוק לידיים או הצדקה לביצוע מעשה נקם. העבירה מגלה תכנון מסוים והאחריות הבלעדית בגינה נמצאת אצל הנאשם. פוטנציאל הנזק היה כאמור גבוה. מכל האמור ועל בסיס מדיניות הענישה בגין עבירות הצתה, מתחם הענישה ההולם נמצא בין 2-4- שנות מאסר. באשר לפסיקת העונש בתוך המתחם, יש לקחת בחשבון לקולא ההודאה המהירה בכתב האישום ללא שינויו, את גילו הצעיר של הנאשם והעדר עבר פלילי נוסף. לחומרא יש לקחת בחשבון את העדר הכרתו בנזקקות טיפולית. מכל האמור הנני מטיל עונשים כדלקמן: 26 חודשי מאסר בפועל, כאשר מתקופה זו יש לנכות תקופת מעצרו החל מיום 21.7.2022;",test
"הנאשם יליד שנת 1994 ועצור מיום 24.7.21. אין צריך להכביר במילים על חומרתן של עבירות הנשק, בייחוד בתקופה הנוכחית בה כמעט ולא חולף יום ללא נפגעים, בייחוד במגזר הערבי. בעניין דנן הערכים החברתיים שנפגעו היו שלום ובטחון הפרט והציבור, ומידת הפגיעה בערכים האמורים הייתה ברף הבינוני. באשר לתכנון, הנאשם יצא מביתו ונסע ברכבו משך תקופה עם הנשק והתחמושת כמתואר בכתב האישום אך לא היה ברור מידת התכנון שקשורה בעבירות. יחד עם זאת, הנאשם היה צריך לדעת את הפסול שבמעשיו ולהימנע מהם. לחומרה עוד יש לציין כי מדובר בנשק ארוך, תקני, והתקפי וכמות תחמושת גדולה, יחד עם נשק נוסף. הנאשם נעדר עבר פלילי, כאשר לחובתו מספר עבירות תעבורה קלות בלבד. בהתבסס על הפסיקה שהוגשה לעיל והמגמה להחמיר בעבירות הנשק יש לקבוע מתחם ענישה שבין 20 חודשים – 50 חודשי מאסר בפועל. יצויין עוד כי התיקון לחוק בעניין עונש מזערי אינו חל אך יש מקום לקחת אותו בחשבון כרכיב במדיניות הענישה. בתוך המתחם יש להתחשב שזוהי מעידתו הראשונה של נאשם שהודה בהזדמנות הראשונה ונטל אחריות בשלב מוקדם של ההליך, והודאתו נראית על פניה ככנה. כמו כן, בעת קביעת עונשו של הנאשם לקחתי בחשבון את תרומתו עת שהתנדב במשטרת ישראל ואת העדויות שדיברו על אופיו הטוב (יוער כי ניתן גם לראות את שירותו במשטרה כנסיבה לחומרה כיוון שהיה צריך להיות מודע ביתר שאת לחומרת העבירות). אשר על כן אני מטיל על הנאשם את העונשים כדלקמן: 30 חודשי מאסר בפועל בניכוי ימי מעצרו החל מיום 24.07.21. מאסר על תנאי לתקופה של 18 חודשים למשך 3 שנים, כאשר התנאי יופעל במידה והנאשם יבצע עבירות נשק או אלימות מסוג פשע.",test
"מהותי באישום השני, אם כי לא כה מרכזי כמו תפקידו של הנאשם 1. גם ביחס אליו חל מרכיב מסוים של תכנון וגם הוא היה צריך לדעת את הפסול במעשיו ולהימנע מהם. יצוין למען הסדר, שלא מצאתי שיש דמיון רב בין חלקם של הנאשמים האחרים (3 ו-4) בעבירות, לעומת חלקם של הנאשמים כאן, כאשר הנאשמים האחרים גם לא היוו גורם משמעותי בביצוע העבירות וגם היו למעשה סוג של \טרמפיסטים\"" בנסיעה. ככלל, כפי שצוין רבות בפסיקה- הפצת נשק בלתי חוקי הינה תופעה מסוכנת ביותר לחברה, ועל מתחם הענישה לשקף זאת. מכל האמור, ובהתחשב בפסיקה שהובאה ובעיקר בפסיקה שהובאה ע\""י המדינה, נראה לי שמתחם הענישה ההולם ביחס לעבירות בכל אחד מהאישומים נמצא בין 3-6 שנות מאסר. ביחס לקביעת העונש לנאשמים בתוך המתחם, אין ספק שהטלת עונש משמעותי יפגע בנאשמים ובמשפחותיהם. למרות זאת, יש להתחשב בכך שנטילת האחריות הייתה בשלב מאוחר מאוד לאחר שכבר הורשעו בעקבות ניהול ההליך. עיקר השיקולים לקולא נובעים מכך שלנאשם 1 אין עבר פלילי מכביד, והוא סובל מבעיות נפשיות, כפי הנראה בעקבות שימוש ארוך טווח בסמים. לנאשם 2 יש אמנם עבר פלילי אך מדובר בעבירה אחת בגינה הוא כעת מרצה מאסר בפועל. בעברם ניהלו שני הנאשמים חיים נורמטיביים. 5 שנות מאסר בפועל בניכוי ימי מעצרו מתאריך 7.3.18-6.8.18. הנאשם 1 יתייצב לתחילת ריצוי עונשו ביום 20.11.19. 12 חודשי מאסר על תנאי למשך 3 שנים מיום שחרורו, כאשר התנאי יופעל במידה והנאשם יעבור עבירות נשק או אלימות מסוג פשע. קנס בסך 5,000 ₪ לתשלום עד ליום 31.12.20. חילוט רכב הסובארו שמספרו 78-686-64 לטובת המדינה. 3 שנות מאסר בפועל בניכוי ימי מעצרו בין 6.3.18-16.4.18. מאסר על תנאי בן 9""",test
"אני נותן אמון בכך שיצליח בחלופה הנוספת ולא מצאתי נימוקים בתסקיר המשלים המובילים למסקנה אחרת. לדעתי עיקר המוטיבציה של הנאשם להמשיך בטיפול נובע לא משינוי פנימי אלא מרצון להמנע מתקופת מאסר משמעותית. יוער כי גם בעבר, לפני מספר שנים, ניסה הנאשם לטפל בהתמכרותו אך הניסיון לא הצליח. עוד יוער כי בדבריו בפני בית המשפט ראה הנאשם, משום מה, לנכון להטיח מיוזמתו דברי ביקורת בנוגע לאיכות כתב האישום, למרות שהוא כבר הודה. מצטיירת בפניי תמונה של אדם שלמרות התגייסות משפחתו - כל אחיו ואחיותיו תומכים בו וחלק ניכר מהם הופיעו בדיון האחרון שהתקיים בבית המשפט - ולמרות ההזדמנות החריגה שניתנה על ידי בית המשפט שדן בהליכי המעצר, אין הוא מצליח לגייס את הכוחות הדרושים כדי להתמודד עם התמכרותו. התרשמתי כי הוא רואה את עצמו כקרבן של התמכרותו ואינו מקבל אחריות אמיתית על מעשיו. מסקנתי מהדברים שנאמרו בדיון, בתסקיר ובתסקיר המשלים, הינה כי אין הנאשם נכנס בגדר תנאי הסף שבסעיף 40ד' לחוק העונשין. כך, אין מקום במקרה זה להעדיף שיקולי שיקום על פני שיקולי ענישה. באשר לעבירות עצמן, ברור שקדם תכנון לביצוע העבירות. חלקו של הנאשם לא היה בלעדי וצוין בכתב האישום שאדם אחר עמד מאחורי המעשים שבוצעו. עם זאת, הנאשם מילא תפקיד חיוני בהחזקת הסמים וספק אם ניתן היה לבצע את העבירה בלעדיו. כך הוא היווה חוליה חיונית בביצוע העבירות. כידוע, עבירות סמים מביאות נזק גדול לחברה. הסיבות שהביאו את הנאשם לבצע את העבירות היו פסולות, גם אם נבעו באופן עקיף מהתמכרותו להימורים. הנאשם ידע את שעשה והיה ער גם לפסול במעשיו. הנאשם אמנם הודה בעבירות שבכתב האישום המתוקן ואולם דבר זה אירע בשלב מאוחר מאד של",test
"משמעותי לכל הפחות. לאור כל האמור לעיל אני משית על הנאשם את העונשים הבאים כדלקמן: עמדתי לפסוק תקופה מאסר בפועל של 24 חודשים בניכוי תקופת מעצרו מיום 22.4.19 ועד היום. בהתחשב במצבו הרפואי תקופה זו תקוצר ל-12 חודשי מאסר בפועל בניכוי תקופת מעצרו. הפעלת מאסר על תנאי של 4 חודשי מאסר בפועל (ת\פ 17700-11-18) שירוצה מחציתו במצטבר ומחציתו בחופף, כך שהנאשם ירצה בסך הכול 14 חודשי מאסר בפועל, בניכוי ימי מעצרו. מאסר על תנאי של 12 חודשים למשך 3 שנים ממועד שחרורו של הנאשם ובתנאי שלא יעבור עבירת אלימות או פשע. קנס בסך 2,500 ₪ לתשלום עד ליום 1.1.20.""",test
"על החומרה שבעבירות הנשק והמדיניות השיפוטית לפיה יש להחמיר את רף הענישה אין צורך להכביר מלים (ע\פ 6371/11 מדינת ישראל נ' אינס היבי ואח' (23.11.11) וע\""פ 2251/11 נפאע נ' מדינת ישראל (4.12.11) וע\""פ 5913/11 טאהא היבי נ' מדינת ישראל (12.9.12). המדיניות האמורה נובעת מן העובדה כי הפצת נשק בלתי חוקי חושפת את הציבור לסיכונים בעלי פוטנציאל קטלני ותאפשר עליה ברף האלימות בחברה וכי חיוני למנוע זאת. המדינה הפנתה לפסקי דין שניתנו בסוגייה וביניהם ת\""פ 1543-02-12 מדינת ישראל נ' פיראס פחמאווי (15.11.12), שם הורשע נאשם בשתי עסקאות נשק והוטלו עליו 45 חודשי מאסר בפועל. שם נקבע שלא מדובר במעידה חד פעמית אלא ביצוע עבירה מתוכננת לשם בצע כסף. בת\""פ 115-07-12 מדינת ישראל נ' חמודי גהגאה (14.11.12) בגין עבירה של נשיאת נשק ושיבוש הליכי משפט, הוטלו 24 חודשי מאסר בפועל, כאשר היה מדובר בנאשם בעל עבר פלילי במגוון רחב של עבירות והושם דגש על ניסיון לשיבוש. בת\""פ 38261-12-11 מדינת ישראל נ' ואסים פלאח (14.11.12) בגין סחר בנשק, הוטל על הנאשם 22 חודשי מאסר בפועל, כאשר הושם דגש על שיקולי שיקום ביחס לנאשם אשר נקט פעולות מהותיות בעת מעצרו וליווה עצירים אחרים. הסניגור הפנה לגזרי דין בהם הוטלו עונשים קלים יותר, ת\""פ (נצ') 167/09 מדינת ישראל נ' חאטם בן מוחמד עבאס (4.1.10), שם בגין בעבירה של סיוע לסחר ועשיית עסקה בנשק, בנוגע למכירת 11 אקדחים דמוי עט וכדורי תחמושת, הטיל בית המשפט המחוזי בנצרת 8 חודשי מאסר בפועל. בע\""פ 1069/12 מוסא עלאן ברי נ' מדינת ישראל (26.7.12) בגין עסקה באקדח וכדורים, הוטלו 9 חודשי מאסר בפועל כאשר העונש הוטל במקור במסגרת הסדר טיעון והיה מדובר באדם נורמטיבי ללא עבר.""",test
"על פי המפורט בכתב האישום, הנאשמים הפעילו את המשחטה, עיבדו ופירקו עופות או חלקיהם מבלי שהיה להם במהלך חלק מן התקופות רישיון או היתר זמני על פי דין לעשות כן. בנוסף, מניתוח תוצאות דגימות שניטלו בתאריכים שונים בין השנים 2005-2007 במשחטה ובשוחת ביוב הסמוכה לה והמהווה חלק ממערכת הביוב העירונית ואשר אליה מוזרמים שפכי המשחטה, נמצאו חריגות משמעותיות באיכות השפכים המותרת על פי דין להזרמה ונתגלו חריגות בריכוז כלל המוצקים, המוליכות החשמלית, כלורידים, צריכת חמצן כימית ושמנים כלליים. בסיור שנערך במשחטה ביום 4/4/06 נתגלה כי לתוך מיכלים שנועדו לשמש לניקוז דם ואיסוף נוצות הוזרמו מים בזרם חזק, והדם כשהוא מהול במים זרם החוצה דרך פתחים בחלק התחתון ומשם לתעלה המובילה לביוב העירוני. בשוחת הביוב העירוני היו השפכים בצבע אדום ונלקחה דגימה בהתאם. עוד נטען בכתב האישום כי חרף התראה מיום 23/4/06 ושימוע שנערך ביום 7/5/06 בהשתתפות הנאשם 3 המשיכו הנאשמים להזרים למערכת הביוב העירונית שפכים באיכות ירודה ובניגוד להוראות הדין וזאת בהתאם לדגימה מיום 10/1/07. זאת ועוד, בסיור שנערך במשחטה ביום 14/1/10 נמצא כי המשחטה עדיין פעילה על אף שטרם ניתן לה רישיון עסק כדין. לזכות הנאשמים עומד מצב המשחטה כיום והעובדה כי מרבית המחדלים הוסרו. כיום הנאשמים עומדים בתקנים ואף קיבלו אישור מהמשרד להגנת הסביבה לפינוי תמלחות מזון למסוף הזרמה לים (נ/3). אציין כי גם מעשי הנאשמים, לרבות התקנת מכשיר שתפקידו לטפל בשפכים בעלות של 100,000 ₪ וכן השקעה של כחצי מליון ₪ בהתקנת מכשיר נוסף לצורך טיפול בתמלחת עומדים לזכותם. יחד עם זאת, מדובר במחדלים שנמשכו פרק זמן ארוך של מספר שנים, במסגרתם נשלחו התרעות לנאשמים ואף נערך שימוע בנוכחות הנאשם 3. הנאשמים בחרו",test
"הנאשם עצור מיום 13.6.21. במקרה זה נפגעו הערכים המוגנים של שמירה על שלום הציבור ושלמות הגוף וביטחון הפרט. אקדים ואומר שעל אף שאין מחלוקת בין הצדדים באשר לכשירותו של הנאשם לעמוד לדין, קשה להבין את ביצוע העבירה אלא על רקע מחלת הנפש ממנה סובל הנאשם. מדובר באירוע בלתי מוסבר שלא היה לו רקע כלשהו היכול להיות מובן למסתכל מן הצד וכפי הנראה לא החל בעקבות מחלוקת כל שהיא בין הנאשם למתלונן. עם זאת, ברור שהיה תכנון קודם כלשהו כיוון שהנאשם הלך מן המקום בלי נשק קר וחזר עם סכין מטבח בידיו. חלקו היחסי של הנאשם היה מלא וכיוון שמדובר בשימוש בנשק קר היה צפוי להיגרם נזק גדול בהרבה מהנזק שנגרם בפועל, אם כי יש לציין שלא נגרמו נזקים פיזיים קשים. מכל האמור, לרבות הפסיקה וסעיפי האישום כפי שנוסחו בכתב האישום המתוקן, הגעתי למסקנה שמתחם הענישה בנסיבות העניין נמצא בין 9 -24 חודשי מאסר בפועל. באשר לפסיקת העונש בתוך המתחם, יש להתחשב בכך שהנאשם הודה ולקח אחריות על מעשיו. כמו כן, לחובתו עבר פלילי אך מדובר בעבר לא חמור לעומת העבירה הנוכחית. בנוסף, כפי שהוער לעיל, לא ניתן להתעלם מההקשר הנפשי האפשרי לביצוע המעשים. מכל האמור הגעתי למסקנה שיש להטיל על הנאשם ענישה כדלקמן: 10 חודשי מאסר בפועל, שמתקופה זו תנוכה תקופת מעצרו שצוינה לעיל. מאסר על תנאי בן 6 חודשים למשך 3 שנים שיחול במידה והנאשם יבצע עבירת אלימות.",test
"מדובר במספר עבירות המהוות אירוע אחד. במקרה זה נפגעו הערכים המוגנים של השמירה על הרכוש, שלמות הגוף, ושלטון החוק. האספקט של עשיית דין עצמי מהווה נסיבה לחומרה כאשר חברה מסודרת מונעת מיחידים ליטול את החוק לידיים. השגת הרימון וההגעה לבית מצביעים על תכנון מוקדם ברמה מסויימת; חלקו היחסי של הנאשם היה מוחלט; היה צפוי להיגרם נזק משמעותי מביצוע העבירה לאור השימוש בחומר נפץ תקני-צבאי; הסיבות שהביאו את הנאשם לבצע את העבירות לא היו מוצדקות, כאמור לעיל ביחס לעשיית דין עצמי; הנאשם יכל להבין את הפסול במעשיו ולהמנע מביצוע המעשה. כל אלה, יחד עם הפסיקה שאוזכרה על ידי הצדדים מביאים אותי לקבוע שמתחם הענישה ההולם נמצא בין 2 - 5 שנות מאסר בפועל. התסקיר אמנם חיובי ומזכיר בין היתר את עברו הנקי של הנאשם והעובדה שעד לביצוע העבירה ניהל אורח חיים נורמטיבי. כמו כן אין להתעלם מההמלצה או מההרתעה שהיתה כרוכה בחוויית המעצר עבור הנאשם ואולם, כידוע, המלצות של תסקיר מהוות אך שיקול אחד מני מספר שיקולים בעת גזירת העונש. באשר לנסיבות שאינן קשורות לביצוע העבירה, אין ספק שעונש של מאסר יפגע בנאשם ובמשפחתו ואקח בחשבון לקולא את העובדה שהנאשם הודה לבסוף בביצוע העבירות וקיבל אחריות בגינן וניהל קודם לכן חיים נורמטיביים. מכל האמור, הגעתי למסקנה שיש להטיל עונש כדלקמן: 24 חודשי מאסר בפועל מהם תנוכה תקופת המעצר שבין 21.12.16 עד היום. 9 חודשי מאסר על תנאי למשך 3 שנים שיופעלו במידה והנאשם יבצע עבירות נשק או עבירות אלימות, מסוג פשע. בנסיבות, איני רואה מקום להטיל קנס או פיצוי.",test
"את שלמות גופה ונפשה. עוד יצוין, כי הנאשם ביצע את עבירת המין במסגרת התא המשפחתי, שאמור להיות המקום המוגן והבטוח לילדיו הקטינים, כשהוא מנצל באופן בוטה את מרותו וסמכותו כהורה וכן את גילה הרך של בתו – קטינה חסרת ישע. מעבר למעשה המגונה שביצע הנאשם בג', ביצע הנאשם מספר עבירות אלימות כלפיה, כשהוא משתמש בחפצים שנקרו בדרכו, דבר המעיד על פגם בשליטה וליקוי חמור בחובתו כאב, המחויב בכבודה של בתו ובהגנה עליה, ובוודאי מחויב הוא שלא לנצל את פערי הכוחות בינו לבין בתו. בית המשפט העליון עמד פעמים רבות על חומרת עבירות אלימות במשפחה ויפים לענייו זה דבריה של כב' השופטת א' פרוקצ'יה בע\פ 6758/07 פלוני נ' מ\""י [פורסם בנבו] (11.10.07): במקרה דנן עסקינן במספר מעשים חמורים שביצע אב שהיה אמור לשמש כמשענת ומגן לבתו, אך במקום לגונן עליה ולשמור עליה מכל פגע, נהג בה באלימות וברוע, בצד ניצול של תמימותה לסיפוק דחפיו המיניים. משכך, מידת הפגיעה בערך החברתי היא רבה והשלכותיה משפיעות לא רק על המתלוננת ג' אלא על המשפחה כולה. במסגרת מדיניות הענישה הנהוגה עולה כי מתחם הענישה בעבירה של מעשה מגונה בקטינה במשפחה הוא רחב. כך ניתן למצוא פסקי דין הקובעים מתחם חמור ופסקי דין הקובעים מתחם מקל יותר, כפי טיעוני הצדדים שהובאו לעיל. כמו כן, יש להתחשב בכך שהצדדים הפנו למספר פסקי דין אשר ניתנו לפני תיקון 113 לחוק העונשין, אשר משלבים בתוכם גם נסיבות אישיות – \""נסיבות שאינן קשורות לביצוע העבירה\"" – שכיום יש לשקול אותן בתוך מתחם העונש ההולם ולא לצורך קביעתו של המתחם. לדידנו, מדיניות הענישה במקרה שבפנינו צריכה לשקף את שנקבע לא אחת כי בעבירות מסוג זה על""",test
"אין צורך להכביר מילים על חומרת עבירת ההצתה והפסיקה שאוזכרה על ידי המדינה בעניין זה מדגימה זאת היטב. הערכים המוגנים שנפגעו היו שמירה על הרכוש ושמירה על הגוף. מבחינת נסיבות הקשורות לאירוע, יש לציין לחומרה את היקף הנזק והניסיונות החוזרות שעשתה הנאשמת להביא להצתת המקום. יש בכך כדי להראות מידה מסוימת של תכנון. האחריות הבלעדית בגין ביצוע העבירה נמצאת אצל הנאשמת. יחד עם זאת היא קרובה לסייג לאחריות פלילית. מכל האמור ובהתאם להסכמת הצדדים הנני קובע מתחם שבין 12 – 36 חודשים. מבחינת נסיבותיה האישיות, אלה צוינו בחוות הדעת הפסיכיאטרית, כמו גם העבר הפלילי שהוגש שיש לציין לגביו שהוא מוגבל. ניתן לתמצת ולומר שהחיים לא האירו פנים לנאשמת. על כן, הנני גוזר את העונשים כדלקמן: 16 חודשי מאסר בפועל, כאשר מתקופה זו תנוכה תקופת מעצרה מיום 18.3.23; 12 חודשי מאסר על תנאי משך 3 שנים מיום שחרורה, כשהתנאי יופעל במידה והנאשמת תבצע עבירת אלימות או רכוש מסוג פשע; 6 חודשי מאסר על תנאי למשך 3 שנים מיום שחרורה, כשהתנאי יופעל במידה והנאשמת תבצע עבירות מסוג עוון;",test
3 שנים מיום שחרורו כאשר התנאי יופעל במידה והנאשם יבצע עבירת אלימות מסוג פשע; 3 חודשי מאסר על תנאי משך 3 שנים מיום שחרורו כאשר התנאי יופעל במידה והנאשם יבצע עבירת אלימות מסוג עוון. המאסר על תנאי בת.פ. 11456-03-19 ירוצה בחופף לעונש שהוטל בתיק זה.,test
"אמנם המדינה אזכרה פסיקה כמפורט לעיל ואולם, היו גם מקרים בהם נגזר עונש פחות חמור בגין עבירת הצתה: בת\פ (נצ') 1036/05 מדינת ישראל נ' גיא אזרזר (11.8.2005) –נאשם נעדר עבר פלילי הודה במסגרת הסדר טיעון בעבירות סיוע להצתה ועבירות נוספות כאשר באותו מקרה הושלכו בקבוקי תבערה על בית עסק צמוד למועדון. בעקבות תסקיר חיובי בית המשפט הותירו ללא הרשעה כיוון שנגרר אחרי אחרים ולא נטל חלק ממשי בביצוע העבירות עצמן. בת\""פ (ב\""ש) 8244/06 מדינת ישראל נ' אבו זעילה מוכתר (30.10.2007) – לגבי נאשמים שהודו בעבירות של קשירת קשר לפשע וניסיון להצתה, כאשר בעקבות קטטה קשרו קשר להצית ביתו של המתלונן הצטיידו בבקבוקים שמולאו בחומר דליק שידו לעבר הבית, הוטלו עבודות שירות לתועלת הציבור ללא הרשעה על נאשם שנטל חלק לא מרכזי באירוע ו- 4 חודשים מאסר בפועל שירוצו בעבודות שירות לנאשם אחר. בע\""פ 2122/03 משה כהן נ' מדינת ישראל 21.7.2003) בגין הצתה רכב בקרבת מקום מגורים תוך כדי גרימת נזק כבד, נגזרו 10 חודשי מאסר בפועל על ידי הערכאה הדיונית. בית המשפט העליון לא התערב, לאחר לבטים. בע\""פ 4311/12 מילאד סורי נ' מדינת ישראל ( 8.11.2012) בגין הצתת רכב של קרובת משפחה, נגזרו 9 חודשי מאסר בפועל בערכאה הדיונית ובית המשפט העליון הקל בעונש והעמידו על 6 חודשי מאסר לריצוי בעבודות שירות מפאת נסיבות מיוחדות. בת\""פ 30010-01-13 מדינת ישראל נ' ריצ'רד דקטל פלייפול (14.7.2013) בגין הצתה וגניבת רכב והחזקת סכין, על רקע החלטת הנאשם לגנוב רכבו של מעסיקו לשעבר ולשרפו, נקבע מתחם ענישה הולם בין 10 חודשי מאסר ל- 3 שנות מאסר ונגזרו 15 חודשי מאסר בפועל על הנאשם. בת\""פ 9773-03-10 מדינת ישראל נ' אזולאי (16.9.2013)""",test
מגבילים. הנאשם יתייצב לתחילת ריצוי מאסרו ביום 20.3.19 במתקן קישון. 9 חודשי מאסר על תנאי למשך 3 שנים מיום שחרורו כאשר התנאי יופעל במידה והנאשם יבצע עבירות סמים מסוג פשע.,test
"נט\ל (אליה פנה הנאשם במהלך תקופת משפטו) ופסיכיאטרית אשר ביצעה אבחון ביום 2.8.12. בסופו של עניין, שירות המבחן קבע כי לדעתו סובל הנאשם מתסמונת פוסט-טראומטית אשר מקורה בשרות הצבאי וכי מצבו הנפשי הביא לצריכת סמים והידרדרותו למעשים פליליים. תמיכה בעמדה זו נמצאת ב\""חוות הדעת הפסיכיאטרית\"" מיום 2.8.12 (אשר יש לציין לגביה כי לא נערכה כמסמך לצורך הגשתו לבית המשפט אלא כמסמך רפואי-טיפולי בלבד), ובנוסף בפרטי עדויותיהם של עדי האופי אשר העידו לטובת הנאשם: מפקדו לשעבר אשר העיד ביחס לשינויים השליליים שחלו בהתנהגותו ועו\""ד סיסו אשר העיד ביחס לפעילותו הציבורית החיובית של הנאשם בנערותו, פעילות אשר עומדת בסתירה ישירה למעשיו הפליליים מהשנים האחרונות. מבלי להכביר מילים, קיימים סממנים נוספים היכולים להצביע על קיום פוסט-טראומה אצל הנאשם: העובדה כי לא הקים משפחה, הקשיים שתיאר במגע עם אנשים אשר הביאו אותו לעבוד בסופו של דבר עם בעלי חיים, אופיין של העבירות הפליליות הקודמות שלחובתו וקשייו האחרים. המדינה, על אף שהיא חולקת על טענת הנאשם בנושא הפוסט-טראומה, נמנעה מהבאת ראיות משלה ולא מצאתי כי עדויות האופי הפכו לבלתי רלוונטיות בעקבות החקירה הנגדית. כמו כן, אני נותן משקל משמעותי לעמדת שירות המבחן אשר הינו גורם בלתי תלוי המשמש כלי עזר מקצועי לבית המשפט בשאלות כגון דא (י' קדמי, סדר הדין בפלילים, חלק שני (תשס\""ט-2009) 1638). כתוצאה מכל האמור לעיל, אני מקבל את עמדת הנאשם כפי שזו משתקפת בתסקיר שירות המבחן באשר למצבו הנפשי וכי לעניין זה קשר עם שימושו בסמים (לעניין הבאת ראיות בשלב הטיעונים לעונש ראו: ת\""פ(ת\""א) 256/97 מדינת ישראל נ' יובל בן שלמה אבני ואח' (דינים, מחוזי, 2002 (9)376 (28.2.2008)). (לתיאור מאפייניה של תסמונת פוסט-טראומה בשירות הצבאי ראו: ד\""ר""",test
"הנאשם עצור מיום 22.1.22. הערכים החברתיים המוגנים שנפגעו הנם שמירה על ביטחון הציבור ושלומו. היות שעסקינן בעבירות נשק, מדובר בפגיעה חמורה יחסית בערכים. נראה שמדובר באירוע בלתי מתוכנן, אולם אין בו כדי להפחית מחומרת נשיאה והחזקת נשק בלתי חוקי. הנאשם נושא באופן בלעדי באחריות בגין העבירות והיה יכול להימנע מהן. מתוך הנסיבות ועל בסיס מדיניות הענישה הנוהגת יש מקום לקבוע מתחם ענישה שבין 30 – 48 חודשים מאסר בפועל. בהתחשב בנתוניו האישיים ותהליכי השיקום אותם עובר הנאשם והודאתו המוקדמת יש מקום לפסוק ענישה ברף התחתון של המתחם. אשר על כן, אני מטיל עונשים כדלקמן: 33 חודשי מאסר בפועל, שמתקופה זו תנוכה תקופת מעצרו; 12 חודשי מאסר על תנאי למשך 3 שנים, כאשר התנאי יופעל במידה והנאשם יבצע עבירות נשק או אלימות מסוג פשע;",test
"ככלל על בית-המשפט לאשר ולכבד הסדרי טיעון בשל הטעמים הקשורים בחשיבותם ובמעמדם של הסדרים אלו (ראו, למשל, ע\פ 1958/98 פלוני נ' מדינת ישראל, פ\""ד נז(1) 577 (2002)). באשר לפיצויים לנפגעי העבירה, לאחר ששקלנו את טיעוני באת כח המאשימה ובראי האמור בתסקירים בעניינם של נפגעי העבירה, כמפורט לעיל, אנו סבורים כי לאור הנזקים הרבים שנגרמו, ראוי לפצותם גם במסגרת ההליך הפלילי, ובסכומים משמעותיים. אשר על כן, אנו גוזרים את דינו של הנאשם כדלהלן: 25 שנות מאסר בפועל. ולצורך מניין תקופת המאסר תימנה תקופת שהייתו של הנאשם במעצר מיום 11/10/2015. מאסר על תנאי למשך שנתיים, לבל יעבור עבירת אלימות מסוג פשע במשך שלוש שנים, ויורשע בגינה. מאסר על תנאי למשך שנה, לבל יעבור במשך שלוש שנים עבירה לפי סעיף 144 ו- 186(א) לחוק העונשין, ויורשע בגינה. פיצוי נפגעי העבירה בסכומים הבאים: לחיילת א' סך של 150,000 ₪; לחייל נ' סך של 80,000 ₪; לקטינה ל' סך של 70,000 ₪ ; לאזרח ע' סך של 40,000 ₪. הסכומים הנ\""ל יופקדו בגזברות בית המשפט לטובת קרבנות נפגעי העבירה על פי פרטים שימסרו על ידי באת כח המאשימה עד לא יאוחר מיום 01/09/2016.""",test
"סימן ד', לחוק העונשין, תשל\ז-1977. 3.""",test
אלימות.,test
"הערכים המוגנים שנפגעו כתוצאה ממעשיו של הנאשם הם שלמות הגוף, הביטחון, ושלוות הנפש של המתלונן. מדובר באירוע מכוער, של אלימות מתפרצת ומשולחת רסן. נוכח טיב האירוע וסוג הפגיעות שנגרמו למתלונן מדובר בפגיעה ברמה משמעותית. באשר לנסיבות ביצוע העבירה, מתקיימות נסיבות לחומרא ויש לראות בתקיפה שחווה המתלונן בידי הנאשם, כחמורה ואכזרית – דובר במתקפת בזק, שביצע הנאשם במתלונן, כאשר תקף אותו תחילה מאחור, וזאת לאחר שהנאשם הוביל אותו למקום מבודד בו איש לא יוכל לבוא לעזרתו. התקיפה בוצעה באמצעות סכין ודובר במספר דקירות שונות – חלקן כוונו לאזורים \רגישים\"" בהם ראשו של המתלונן ולאזור הבטן שלו. דקירות נוספות כוונו לגפיים. בעקבות התקיפה למתלונן נגרמו חבלות משמעותיות, ובכלל זה בפצע דקירה בבטן במעבר חזה בעומק של כ-9 ס\""מ עם פגיעה במעי (כעולה מהמוצגים הרלוונטיים אליהם הפנתה המאשימה בטיעוניה). כתוצאה מהתקיפה חייו של המתלונן היו נתונים בסכנה ממשית כעולה מעדות הרופאה שהעידה בפניה. בהקשר זה מצאתי שיש לתת משקל ממשי לנזקים שנגרמו למתלונן כתוצאה מביצוע העבירה, נזקים להם השפעה על מישורי חייו השונים, כעולה מתסקיר נפגע העבירה. על האמור, יש להוסיף נסיבה מחמירה נוספת והיא שלאחר התקיפה הנאשם הותיר את המתלונן מתבוסס בדמו, שכוב לבדו בחשיכה בשביל מבודד, ובהחלט ניתן לשער כיצד המקרה היה יכול להסתיים אילולא היה בכוחו של המתלונן לצלצל לעזרה. עוד יש לציין כי המעשים בוצעו על רקע ויכוח סתמי על עניין של מה בכך, וכי חלקו של הנאשם בביצוע העבירה הוא מלא והוא יכול להבין את הפסול שבמעשיו ולהימנע מעשייתם. בנוסף, התקיפה כלפי המתלונן לא נעשתה על רקע התלהטות רגעית בלבד, ולמעשי הנאשם קדם תכנון מסוים, כאשר לאחר הוויכוח הראשוני, החליט לקחת את המתלונן לאזור""",test
"לא צריך להכביר במילים על חומרתן של עבירות הנשק, בייחוד בתקופה הנוכחית בה כמעט ולא חולף יום ולא נפגעים בגוף ובנפש, בייחוד במגזר הערבי. יחד עם זאת, לא כל עבירות הנשק זהות בחומרתן. בעניין דנן, הערך החברתי שנפגע היה שמירה על שלום הציבור ובטחונו. היות שמדובר בעבירת נשק של נשיאה והובלה, מדובר בפגיעה יחסית חמורה בערכים המוגנים. מבחינת הנסיבות הקשורות לביצוע העבירה ברור שהתקיים אלמנט של תכנון, כאשר הנשק גם הוסתר בעת הובלתו וחלקו של הנאשם בלעדי. הנאשם היה צריך לדעת את הפסול במעשיו ולהימנע מהם. על בסיס מדיניות הענישה שפורטה ונסיבות המקרה, מתחם הענישה ההולם נמצא בין 18-40 חודשי מאסר. יחד עם זאת, במקרה זה לא מצאתי סיבה שלא להעדיף את הפן השיקומי: ראשית, מדובר באדם ללא קווים עבריינים, שהודה וקיבל אחריות הן בפני בית המשפט והן בפני שירות המבחן. הערכות שירות המבחן במקרה זה, לגבי הנאשם, אופיו, השפעת התנאים המגבילים עליו וסיכויי השיקום בעניינו נראים סבירים ולא מצאתי סיבה שלא לקבלן. הענישה היא בסופו של דבר אינדיבידואלית ושיקום הינו גם אינטרס ציבורי. אשר על כן, אני מטיל על הנאשם עונשים כדלקמן: 9 חודשי מאסר בפועל וריצוי בעבודות שירות בהתאם לחוות דעתו של הממונה על עבודות השירות; מבחן לתקופה של 18 חודשים בהתאם להוראות שירות המבחן;",test
"הנאשם שוהה במעצר מאז יום 5.7.22. לחובתו שתי הרשעות קודמות מ-2013 ו-2014 בגין עבירות אלימות ורכוש. כפי שעולה מהפסיקה שהובאה על ידי המדינה, מתחם הענישה ההולם לגבי עבירות הצתה \רגילות\"" ללא נסיבות מיוחדות, נמצא בין 2 – 4 שנות מאסר. מקרה זה אינו שונה מהכלל, ועל כן אני מאמץ את המתחם האמור. ביחס לקביעת הענישה בתוך המתחם, לקולא יש לציין את הודאתו המהירה של הנאשם וקבלת האחריות בגין חלקו במעשה, ולחומרא את עברו הפלילי ואת העובדה שקיבל תמורה עבור ביצוע העבירה, כך שבסופו של עניין הנני מטיל עונשים כדלקמן: 30 חודשי מאסר בפועל, שמהם תנוכה התקופה בה שהה הנאשם במעצר מיום 5.7.22; מאסר על תנאי של 9 חודשים למשך 3 שנים, שהתנאי יופעל במידה והנאשם יעבור עבירת אלימות מסוג פשע; פיצוי בסך 2,956 ₪ לבעלים של המשאית – חב' ההר בע\""מ; ופיצוי בסך 5,383 ₪ לבעלים של הנגרר, חסן עואלי. סכומי הפיצוי ישולמו עד ליום 30.6.23.""",test
"גם לא השתמש בכיסוי על פניו. נסיבות חייו הקשות הביאו את הנאשם לבצע את העבירות. יחד עם זאת, הנאשם יכל היה להבין כאדם בוגר את הפסול במעשיו ולהמנע מהם בכל שלב. מתחם הענישה במקרה דנן הוא בין 2 עד 6 שנות מאסר בפועל. אציין כי מסכים אני עם טענת הסניגור לפיה מדובר בעבירות שהינן ברף הנמוך של עבירות השוד. יחד עם זאת, אין לקבל את הטענה כי העבירות בוצעו על רקע מצבו הכלכלי כטענה העשויה לסייע לנאשם (ראו: ע\פ 4521/12 חיים סואמי נ' מדינת ישראל (30.6.14)). לקולא אציין כי הנאשם הודה; נטל אחריות כנה ואמיתית (ראו את האמור בתסקיר). עוד אציין את נסיבות חייו הקשות ואת העובדה שבמשך תקופה משמעותית הצליח לחזור לדרך הישר ולנהל אורח חיים נורמטיבי. לחומרה אציין את עברו הפלילי המכביד (אם כי יש לציין את ההפוגה בביצוע עבירות משך שנים רבות). כפי שצוין לעיל, שירות המבחן, הגוף האמון על שקילת הפן השיקומי, לא מצא לנכון לבוא בהמלצה לגבי הנאשם. היות ולטענתם מדובר באדם מכור לסמים, ללא מקורות תמיכה משמעותיים, נקבע כי אין לו את הכוחות הנדרשים להתמודד עם תהליך גמילה במסגרת קהילה טיפולית מחוץ לכלא ולא ניתן להמליץ על חלופת ענישה במסגרת הקהילה, העשויה להפחית את הסיכון לביצוע העבירות. מכאן, אין מקום להעדפת שיקולי שיקום במקרה דנן ויש לאפשר לנאשם להשתלב בהליך גמילה במסגרת הכלא בתקופת ריצוי מאסרו. לאור כל האמור לעיל אני משית על הנאשם את העונשים הבאים: (1) 3 שנות מאסר בפועל, בניכוי תקופת מעצרו מיום 2.9.15. (2) 12 חודשי מאסר על תנאי במידה והנאשם יעבור תוך 3 שנים ממועד שחרורו אחת העבירות בהן הורשע או עבירה אחרת מסוג פשע.""",test
"כפי שצויין לעיל גיל צעיר אינו מהווה חסינות. במקרה דנן התרשמתי כי מדובר באדם אשר אימץ התנהגות עבריינית. בנסיבות המקרה לא עלה כי קיים הליך שיקומי כזה או אחר. כתוצאה מכל האמור לעיל, הנני מטיל על הנאשם עונשים כדלקמן: מאסר בפועל לתקופה של 11 שנים. מתקופה זו יש לנכות רק את התקופה שבין 22.3.13 עד ליום 30.1.14. 2. המאסר ירוצה במצטבר לעונש שנקבע בת\פ 12175-10-12 [פורסם בנבו]. מאסר על תנאי לתקופה של 18 חודשים למשך 3 שנים מיום שחרורו כאשר התנאי יופעל במידה והנאשם יעבור עבירת אלימות מסוג פשע. 4. קנס בסך 5,000 ₪ לתשלום עד ליום 31.3.15. 5.""",test
תנוכה תקופת מעצרו החל מיום 6.6.21. מוטל מאסר על תנאי של 18 חודשים למשך שלוש שנים מיום שחרורו כאשר התנאי יחול במידה והנאשם יורשע בעבירת אלימות מסוג פשע. מוטל מאסר על תנאי של 6 חודשים למשך שלוש שנים מיום שחרורו כאשר התנאי יחול במידה והנאשם יורשע בעבירת אלימות מסוג עוון.,test
