text,split
"שלא יעבור משך 3 שנים מיום שחרורו על כל עבירה לפי סימן ג' וסימן ד' לפרק יא' לחוק העונשין התשל\ז – 1977. מאסר למשך 6 חדשים אותו לא ירצה הנאשם, אלא אם יעבור בתוך 3 שנים מיום שחרורו, עבירה לפי סימן ה' לפרק יא' לחוק העונשין התשל\""ז – 1977 ו/או עבירה לפי ס' 7 לפקודת הסמים המסוכנים (נח) תשל\""ג – 1973 הפעלת המאסר המותנה בן 12 החדשים מת.פ. 40344/07 (מח' ת\""א) – 28.5.2008), מתוכם 8 חדשים יהיו לריצוי מצטבר לעונש המאסר בפועל שהוטל עליו בסעיף א' לעיל ו - 4 חדשים בחופף לו. למען הסר ספק מובהר כי הנאשם ירצה בסך הכל 48 חודשי מאסר בפועל, שימנו מיום מאסרו ( 3 .10.09). פיצוי כספי למתלונן בסך של 5,000 ₪, אשר ישול ם עד מועד שחרורו ממאסר. הואיל והמדובר בעבירה ש עניינה בין היתר כלכלי - קנס בסך של 2,500 ₪ או חדשיים מאסר תמורתו, אשר ישולם גם הוא עד המועד הקבוע בסעיף ה' לעיל. 54678313תשומת לב הנאשם להוראות סעיף 77(ג) לחוק העונשין תשל\""ז 1977 ולפיו לעניין גבייה, דין פיצויים לפי סעיף זה כדין קנס, וסכום ששולם או נגבה על חשבון הקנס יזקף תחילה על חשבון הפיצויים.""",train
"עובדה זו להחשב לזכותו, כנאשם שמודה באשמתו, מביע חרטה ומקבל על עצמו לתקן דרכיו, תוך שמונע את עגמת הנפש הנוספת מהמתלוננת, הנאלצת לבוא ולהעיד כנגדו ולחשוף עצמה מחדש למעשי האלימות שחוותה (בעניין זה יוער כי המתלוננת אף בכתה במהלך עדותה- ר' עמ' 4 לפרוטוקול מיום 5.7.05). יחד עם זאת אתחשב בטענה בדבר מצבו הרפואי של הנאשם (על אף שלא גובתה בכל מסמך) ובעובדה כי אכן מרצה הוא תקופת מעצר ממושכת של קרוב לשנה. לאור כל האמור, הנני דן את הנאשם כדלקמן:",train
"רכש ולוגיסטיקה, סיים 12 שנות לימוד וכן השלים לימודי תואר ראשון בארכיאולוגיה והיסטוריה לצד עבודה כמאבטח, גויס לצבא ושירת שירות צבאי מלא ושירת אח\כ משך שנים במילואים, לצד עבודה כפקח ברשות העתיקות. כמו כן המדובר היה בנאשם ללא כל הרשעות פליליות או מעורבות קודמת בפלילים. תסקירו היה חיובי, שירות המבחן התרשם כי מדובר באדם נורמטיבי משך כל שנות חייו, נגרר לביצוע העבירה שלא מרצונו, מבין הוא היטב את חומרת מעשיו, ביטא חרטה ונכונות לשאת בעונש ועל כן המליצו להסתפק בתקופת מעצרו, תוך העמדתו במבחן. תשומת לב רבה ניתנה בעניינו לשיתוף הפעולה שלו עם המשטרה באופן מלא, הן בחיזוק הראיות כנגד המבצע העיקרי והן באיסוף הראיות כנגד עצמו, עניין שזכה להקלה משמעותית בדינו. כל האמור אינו חל בענייננו כלל ועיקר. המדובר בנאשם בעל עבר פלילי מכביד, שבעברו 21 רישומים פליליים בעבירות מגוונות בעיקר בתחום הסמים והרכוש, במסגרתן ריצה אף תקופות מאסר בפועל שאינן מבוטלות. (אם כי לא נעלמה מעיני העובדה שהרשעתו האחרונה של הנאשם היא משנת 2005). גם בזמן שירותו הצבאי ריצה עונשי מאסר בפועל בגין עבירות סמים ורכוש. תסקירו של הנאשם אינו יכול להיות מוגדר כחיובי, והוא נעדר המלצה טיפולית. ביצוע העבירות על ידי הנאשם נעשה במודע, ובניגוד למסייע האחר, נמנע הנאשם דנן מכל שיתוף פעולה עם המשטרה. בנסיבות אלה ודאי לא ניתן להשוות עניינו של גיל, לעניינו של הנאשם דנן שמצבו ללא ספק חמור יותר. בד בבד עם כל האמור, לא ניתן להתעלם מהודייתו של הנאשם וחסכון ניכר הנובע מכך בזמן שיפוטי הן של בית המשפט, הן של התביעה והן של העדים הרבים שברשימת עדי התביעה. כמו כן לא אוכל להתעלם מחלוף הזמן בנוגע לעבירת""",train
"להשלמת ראיותיה. הבקשה עצמה נדחתה בהחלטה נפרדת, ואולם במסגרתה הצהירה המדינה שוב \ברחל בתך הקטנה\"", כי עמדתה הייתה ונותרה עקבית, שהחילוט המתבקש יהיה בעניינו של הנאשם מס' 1 ולא בעניינן של הנאשמות 2 ו – 3. בנסיבות אלה ונוכח העמדה האמורה, ולאור העובדה כי לא הוכחו היסודות הנדרשים לצורך חילוט כספים אלה, לא ניתן להיעתר לבקשת החילוט. אדגיש כי ער אני לתחושה הלא נוחה העולה מהתוצאה האמורה, לפיה הסכימה המדינה להימנע מעתירה להשתת קנס כספי על הנאשם 1, זאת בשל ההנחה, כך נראה, כי הכספים שתפסה יחולטו. כמו כן קשורה תחושה זו גם לתוצאה הנובעת מניצול לכאורה של הפתעת המדינה מטיעוני הסנגור, לפיהם הכספים האמורים אינם שייכים כלל לנאשם 1 ולא ניתן לחלטם. אי הנוחות נובעת אף מהעובדה כי בעבירות כלכליות \""טהורות\"" מסוג זה, לא מושת קנס כספי המתבקש בנסיבות העניין, ואכן שקלתי בשל כך, סטייה מהסדר הטיעון והשתת קנס כספי גם על הנאשם 1. למרות האמור ולא בלב קל, החלטתי בסופו של דבר שלא לסטות מהכללים הרגילים המחייבים כיבוד הסדרי טיעון, שכן בשקלול כולל של העניין, לא מצאתי שיש בהסדר הטיעון חריגה עד כדי כך, שיש בה כדי להצדיק סטייה כאמור. בהינתן כל המפורט לעיל ובשקלול האיזונים שבין חומרת העבירות מחד לנסיבות האישיות מאידך, ובהביאי בחשבון את הודיית הנאשמים, חלוף הזמן הנוגע לעבירת הסמים, השינוי אותו ערך הנאשם 1 בחייו הפרטיים והנסיבות הכרוכות במשפחתו, פעולותיו למען הקהילה והבעת חרטתו בפני, הנני דן את הנאשמים כדלקמן: 40 חדשי מאסר מתוכם יהיו 25 חדשים לריצוי בפועל ומנינם מיום מעצרו (25.7.10), והיתרה תהא על תנאי והתנאי הוא שלא יעבור עבירה מסוג פשע לפי פקודת הסמים המסוכנים התשל\""ג –""",train
"בתי המשפט הביעו לא אחת את דעתם בדבר חומרתן של עבירות החטיפה לשם סחיטה והסחיטה באיומים, המגיעות לפתחם של בתי המשפט חדשות לבקרים, והלובשות צורות שונות, חלקן קשות וחלקן ברמה נמוכה יותר. הצד השווה שבהן הוא הרצון להשיג רווחים קלים תוך הטלת אימה ופחד על הקרבנות. לא קשה לתאר את תחושות האימה, החדלות והביזוי שהיו מנת חלקו של המתלונן בענייננו – אדם מבוגר בן 78, אל מול הנאשמת ובן זוגה במוצאו את עצמו עירום, כלוא וחסר אונים אל מול הנאשמת ובן זוגה, אשר עשו בו כברצונם ואף סחטו את כספו. זאת ועוד, בענייננו, עובדות המקרה אכן מלמדות על מעשה המצוי במידרג לא נמוך בספקטרום עבירות הסחיטה, והחמור ממעשי הסחיטה \השגרתיים יותר\"" הבאים בד\""כ בפני בית המשפט, זאת נוכח העובדה, כי לא היה מדובר רק באיומי סחיטה, אלא אף במעבר למימוש והשלמת רצינות הסחיטה בפועל, דרך הפיתוי, הכליאה, הסחיטה והאיום, ועד לקיחת הכסף לכיסם של הנאשמת ובן זוגה, וכשהנאשמת בפנינו, לא זו בלבד שלא עוצרת את ביצועה, אלא משתפת פעולה באופן מלא עם בן זוגה, היא המפתה את הקרבן והיא זו שיוצאת בעצמה לבנק להוציא את הכספים מחשבונו ולשלשלם לכיסה. משנֶה תוקף יש לאמור, נוכח ניצול האמון שנתן בה המתלונן, אמון שאיפשר להגיע למצב המביך אליו הגיע, לכליאתו ולסחיטתו. יצויין עוד, כי חומרה יתרה לענייננו נוגעת לעובדה, שאין המדובר ב\""מעידה\"" אלא באירוע מתוכנן היטב, על כל פרטיו, החל מתכנון, דרך הפיתוי וכלה בביצוע הסופי, לאחר שנלכד המתלונן ברשתה של הנאשמת. אין צורך להזכיר כי תכלית הענישה בעבירות מסוג זה, הינה הגנה על המתלוננים אשר חולשתם מנוצלת על ידי העבריין, להשגת מטרתו, תוך איום על בטחונם, שלומם והטלת""",train
"ב\כ הנאשם התנגד לעדותו של בנו של מנהל המתלוננת, כנפגע עבירה, זאת בשל העובדה כי אביו הוא שחתום על ההצהרה. עפ\""י המסמכים שהוגשו עומד הנזק הישיר של השריפה בסך של כ – 67,000 ₪, אליו מצטרפים נזקים עקיפים (משכורות עובדים מושבתים, ימי בטלה של מכונת קידוח וסולר) בסך נוסף של כ- 131,000 ₪. הנ\""ל נחקר על ידי הסניגור חקירה נגדית והסביר את חישובי הנזק לו טוענת המתלוננת. אף אם אתעלם מתוכן העדות, אין ספק בדבר הנזק שנגרם למשאית המתלוננת ומשמעותו הכלכלית, וזאת אך מהתבוננות בצילומים שצולמו על ידי שירותי הכבאות אשר הגיעו למקום, ושהיו חלק מחומר הראיות המקורי. נדמה שאין אף צורך להכביר מילים בדבר פוטנציאל הסיכון והנזק שנגרם בגין מעשי הנאשם ובראשן עבירת ההצתה. בענייננו חומרה יתרה לעבירה הן בשל שווי ומהות הרכוש שהוצת – משאית עבודה השייכת למתלוננת, והן בשל נסיבות ההצתה שלא היו תוצאת אירוע ספוני אלא מפרי תכנון מוקדם הנובע מקשר שקשר הנאשם עם אחרים, ובמסגרתו הצטייד הנאשם מראש בחומר דליק ובכפפות, נכנס למתחם החניה כשהוא מכסה את ראשו למניעת זיהויו במצלמות האבטחה, והצית את המשאית בשעה שחנו במקום משאיות נוספות. פוטנציאל הסיכון והנזק, לרכוש ולנפש, בא לידי ביטוי גם באופן התפשטותן המהירה של הלהבות והפיצוץ שאירע עקב כך, ואשר גרם להדף בעטיו הושלך הנאשם לאחור. נסיבות ההצתה מלמדות אכן על כוונה לגרום נזק חמור, והעונש הקבוע לצידה של העבירה – 15 שנות מאסר, מבטא לכשעצמו את חומרתה היתרה. לעבירת ההצתה מתווספות כאמור עבירות נוספות, חמורות כל אחת לכשעצמה – עבירות נשק וסיוע להתפרצות כפולה. המסוכנות הציבורית הרבה שעניינה עבירות נשק אינה צריכה הסבר, בין אם עניינה בטחוני ובין אם פלילי. בענייננו,""",train
"חומרת העבירות אינה צריכה הסבר ואין צורך לחזור ולהזכיר, את ריבוי תאונות הדרכים ותאונות העבודה הקטלניות והצורך להלחם בתופעה לצורך צמצומה ומיגורה, תוך הרתעה, הן של הנאשמים עצמם והן של אחרים, בפועל ובכח. אין לי ספק בדבר אישיותו הנורמטיבית החיובית של הנאשם ואני אף מעריך את האחריות שנטל על עצמו, בהודייתו המיידית ובעיקר נוכח האחריות שלקח על חיי משפחת אחיו המנוח ודאגה לכל צרכיה. יחד עם זאת, אישיותו הנורמטיבית החיובית של הנאשם, אינה מהווה משקל מכריע בשיקולי, שכן \מרבית המורשעים בעבירות הללו הם אנשים מן היישוב, מה שקרוי נורמטיביים\"" (ר' למשל רע\""פ 548/05 מאירה לוין נ' מדינת ישראל). כידוע, בעבירות מסוג זה של רשלנות, הנעדרות מחשבה פלילית קלאסית, המשקל המוענק לנורמטיביות של הנאשם בגדר מכלול שיקולי הענישה, הינו מופחת יחסית. בד בבד עם האמור, אינני משוכנע גם לחלוטין, בדבר התועלת החד משמעית שבהחמרה בענישה בסוג זה של עבירות, ביחוד על רקע נסיבות ענייננו, וככלל, יש כידוע בנושא זה דעות לכאן ולכאן (ר' פירוט לעניין זה בע\""פ (מח' ת\""א) 071933/06 קלגסבלד נ' מדינת ישראל (מיום 8.2.07 - טרם פורסם). התוצאה של האירוע קשה וטראגית ללא כל ספק: שני בני אדם קיפחו את חייהם, בצורה שאינה מחוייבת המציאות כלל ועיקר. גם עניין זה - התוצאה הקשה, הוכרה כידוע בפסיקה כנסיבה מחמירה. (ר' ע\""פ 8382/03 איאד חילף נ' מדינת ישראל, פ\""ד נח(2) 139). גזירת דינו של נאשם שהורשע בגרימת מוות ברשלנות נעשית תוך בחינה של שלושה מרכיבים: מידת הרשלנות, התוצאה שנגרמה והנסיבות האישיות. למען הסר ספק אציין, כי בהתייחסותי לעבירת גרם המוות ברשלנות, איני בא להקל ראש ביתר העבירות בהן הורשעו הנאשמים, אלא שאני רואה בהן חלק אינטגרלי נלווה""",train
"יחד, בקשר, תכנון וכוונה משותפים, כשהנאשם ואחיו אוספים את המעורב השלישי – בן דודם מביתו, לצורך נסיעה לבית המתלוננת, פניהם של שלושתם היו מכוסים, ושלושתם תקפו אותה יחד, כשהם מזויינים בנשק קר, מי במוטות ברזל ומי בדוקרן, ובלא חלוקת \סידור עבודה\"" ביניהם. כפי שהסכים בהגינותו אף ב\""כ הנאשם, הרי שמבחינת דיני השותפות, אין כל הבדל ביניהם והנאשם אחראי כמבצע בצוותא, הן לעבירות והן לנזק הכולל שנגרם. כפי שציינה בצדק ב\""כ המאשימה, חזרו בתי המשפט והדגישו את הצורך בענישה מחמירה בעבירות האלימות, המדגישה את אלמנט ההרתעה ואת אינטרס הציבור להגנה על גופו ורכושו מעבריינים אלימים ומתופעת הבריונות, תוך זהירות מהעברת מסר סלחני שלילי לעבריינים בפועל ובכח. ר' למשל ע\""פ 3863/09 מדינת ישראל נ' נאסר חסן (10.11.09, לא פורסם): וכן, ר' ע\""פ 327/05 נביל ג'אבר נ' מדינת ישראל (1.12.05, לא פורסם): וכן ר' גם ע\""פ 7734/05 היטם עאטף נ' מדינת ישראל (15.5.06, לא פורסם). עיינתי גם בשני גזרי הדין אשר הוצגו על ידי הנאשם (פ' 8047/03 ופ' 8182/05 שניהם מביהמ\""ש המחוזי בב\""ש). לא מצאתי בהם תרומה של ממש לענייננו. בשניהם נסיבות אישיות מיוחדות מאד לקולא, המצטרפות לחלוף זמן ניכר מאז ביצוע העבירות, במהלכו עברו הנאשמים בתיקים אלה תהליכי שינוי ושיקום משמעותיים ולקיחת אחריות, כשהאירועים עצמם, על אף חומרתם, היו ספונטאניים וללא תכנון מוקדם. כל האמור אינו חל בענייננו. כנגד שיקולי החומרה שפורטו לעיל, לא ניתן להתעלם מנסיבותיו האישיות של הנאשם, שירותו המלא כלוחם בצה\""ל (על אף שעניין זה אינו מובן מאליו בסביבה בה הוא מתגורר), ענייניו הרפואיים והאילוצים הנובעים מהם כפי שהוצגו בפני, ואף ויתורו על חקירת עדים תעמוד לזכותו לקולא. עם זאת, לא ניתן לומר כי הנאשם""",train
"לפסיקה שהוצגה לעיוני על ידי ב\כ הנאשמים, שברובה נגזר דינם של הנאשמים לעבודות שירות: בע\""פ 1964/91 בן דוד נ' מדינת ישראל, מו (3) 70, המדובר היה בערעור על ההרשעה בלבד שהתבססה על החזקה קונסטרוקטיבית בלבד וזו היתה ליבת פסק הדין. בענייננו נשאו הנאשמים את כלי הנשק טעונים על גופם. בפ' (ב\""ש) 8090/02 מדינת ישראל נ' עמוס ארז (12.4.05 – לא פורסם), המדובר היה במציאת 10 מוקשי נעל ישנים במכונית. הנאשם שם נקלע לעניין באקראי, כששותפו אכן נדון ל – 5 שנות מאסר. עוד הוברר שהנאשם שולב בהליך גמילה מוצלח ביתר ותסקירו היה חיובי ביותר. למותר לציין כי עובדות אלה אינן דומות לענייננו. בפ' (ב\""ש) 8158/02 מדינת ישראל נ' איליאייב אנטולי (1.6.04 – לא פורסם), המדובר היה בפעולת הגנה עצמית מובהקת, עת חטף דווקא הנאשם מידי המתלונן אקדח, עימו בא לאיים עליו, ולאחר מכן חזר המתלונן ביחד עם עוד 4 חמושים אשר ירו על הנאשם, שנפצע קשה ונותר נכה. באותו עניין אכן הורשעו המתלוננים. בענייננו כאמור, לא הובאה כל אסמכתא דומה לכך. בפ' (חי) 31970-02-10 מדינת ישראל נ' שי כלידיאן (16.6.10 – לא פורסם), המדובר היה בזיקוקים ונפצים שהיו ברכב ואקדח שלא נמצא על הנאשם אלא נמצא בבית. כאמור, הנאשמים נשוא ענייננו נתפסו כשהם נושאים אקדחים טעונים על גופם. בפ' (ב\""ש) 8192/04 מדינת ישראל נ' יוסי בוחבוט (26.12.07 – לא פורסם), המדובר היה בנשק שאין ביכולתו להרוג (רימון הלם). בפ' (ב\""ש) 8226/02 מדינת ישראל נ' מתעב אבולקעין (6.1.05 – לא פורסם), היה מדובר בנסיבות מיוחדות, בהן קיבל הנאשם שהיה אדם בעל תפקוד נורמטיבי ללא רבב את האקדח תוך כדי מריבה שהתלהטה, נערכה סולחה, תסקיר שירות המבחן היה""",train
"ואח' נ' הועדה לבניה ומגורים במחוז מרכז ואח', פ\ד מ\""ח (1) 535 בעמ' 542 חזר ביהמ\""ש על עמדה זו כדלקמן: במקורם נועדו דיני התכנון והבניה לאפשר ניצול מירבי של הקרקע, תוך פגיעה מינימלית בזכות הקניין, למטרות של מניעת מטרדים ומתן אפשרות לשימוש שקט על-ידי כל בעלי הקרקע. ואולם, עם השנים התפתחה המודעות לצרכים נוספים לשימוש בקרקע - לאיזורי נופש, \""ריאות ירוקות\"", אתרי תיירות וכיוצא באלה. הובן כי בתכנון ארוך טווח אין להתחשב רק בצרכים המיידיים ולהועיד את הקרקע אך לשימוש שיניב החזר כספי מירבי, אלא מן הראוי להקציב קרקע גם לצרכים הנוספים, כדי להפיק ממנה את מירב התועלת החברתית. דיני התכנון המודרניים - למען שמירת אינטרסים ארוכי טווח של החברה - מציבים סייג לניצול מיידי של הקרקע. עמד על כך פרופ' MCAUSLAN: (ר' גם בג\""צ 2920/94 אדם טבע ודין – אגודה ישראלית להגנת הסביבה ע\""ר ואח' נ' המועצה הארצית לתכנון ולבניה ואח', פ\""ד נ (3), 441, בס' 21 לפסה\""ד). מהאמור לעיל, ברורה איפוא השאלה העומדת על הפרק והיא הפגיעה באינטרס החברתי המוגן – האיזון החברתי הכולל שנפגע כתוצאה מפעילות הנאשמת, ולאו דווקא הפגיעה המיידית בערכי הטבע במפרץ לכשעצמה. בהערת אגב אעיר, כי אין בידי לקבל את טענות ב\""כ הנאשמת הנוגעות להמתנה שהמתינה היא למתן ההחלטות וכי לא יכולה היתה להפסיק פעילותה, על מנת לחזור אליה. ראשית, אינני מוצא בנסיבות שפירט ב\""כ הנאשמת משום הכשר לעבור על החוק. הנאשמת לא היתה רשאית לבצע את פעילויותיה ללא היתר כדין, וכל עוד לא קיבלה היא היתר כאמור, לא היתה רשאית להמשיך בפעילותה נשוא כתב האישום, תהא הסיבה לכך אשר תהא. אינני רואה בענין זה אף כל \""כורח\"" כנרמז על""",train
"רב הנסתר על הנגלה בעניינו של הנאשם נשוא ענייננו. אני מתקשה להבין מה עובר על אדם מן הישוב, לכאורה נורמטיבי, אינטליגנטי, נשוי ואב לתינוק, העובד בעבודה מסודרת אחראית וקבועה, המחליט לפתע, ללא כל סיבה נראית לעין לשדוד בנק ולסחוט את עובדיו באיומים. לצערי, לא הצלחתי לזהות ולו ברמז, סיבה כלשהיא למהפך הדרמטי הזה אותו עבר הנאשם, ונראה שכשל אף הוא ברצון להשיג רווחים קלים ומהירים. יתרה מכך, לא מדובר בענייננו במעשה פזיז שלא עוּבָּד לכדי מחשבה ממש, אלא כפי שציינה בצדק ב\כ המאשימה, בסדרת אירועים, שבוצעו בזמנים נפרדים ובמרחק זה מזה, אירועים שהצריכו מחשבה ותכנון מצד אחד ושאיפשרו הפנמת הפסול והימנעות מהמשך המעשים מצד שני, כשבמקביל לכל אותו זמן, ממשיך הנאשם במהלך חייו הרגיל. זאת ועוד, מטרידה עד מאד גם הקלות הבלתי נסבלת שבה יכולות להתבצע עבירות חמורות מסוג זה, לאור היום ובלא מורא, ע\""י אדם נורמטיבי מן הישוב. בתי המשפט הביעו לא אחת את דעתם בדבר חומרתן של עבירות הסחיטה באיומים המתבטאת, בתוצאות העבירה – השגת רווחים קלים תוך הטלת אימה ופחד, לעיתים עד כדי חשש לחיי הנסחטים ומשפחותיהם. אני מסכים איפוא עם ב\""כ המאשימה בדבריה, לפיהן תכלית הענישה בעבירות מסוג זה, הינה הגנה על המתלוננים אשר חולשתם מנוצלת על ידי העבריין, להשגת מטרתו, תוך איום על ביטחונם, שלומם והטלת אימה עליהם, דברים שבאו לידי ביטוי לא אחת גם בפסיקת ביהמ\""ש העליון (ר' למשל: ע\""פ 602/02 אוחנינה נ' מדינת ישראל (22.4.02, לא פורסם) וע\""פ 3330/06 אבאדייב נ' מדינת ישראל (28.1.07, לא פורסם). רק בשבוע שעבר, נזדמן לבית המשפט העליון לדון בנושא זה (ע\""פ 6752/10 יהודה טטרואשוילי נ' מדינת ישראל (מיום 5.4.2011, לא פורסם), בו יוחסה""",train
"מדינת ישראל אינו יכול להיות סגור באופן \הרמטי\"" ועל כן יש להחמיר בענישה התומכת במשאבים הרבים המושקעים על ידי המדינה בצמצום ההברחות ממנו, הן של עובדים זרים והן של אמצעי לחימה, נשים וסמים. לפיכך, מטרת הענישה בתיק זה הינה הרתעתית על מנת למנוע מעבריינים בכח לבצע עבירות מהסוג הנדון. יתרה מכך, תכלית העבירה היתה כלכלית, לשם בצע כסף ועל כן גם הענישה בעטיה צריכה לבטא מרכיב זה, וזאת על אף שב\""כ המאשימה נמנע מסיבות שלא הובררו לי מלבקש זאת בעתירתו. מצד שני לא ניתן להתעלם מהעובדה כי הנאשם הודה וחסך מזמנו של בית המשפט וכי אין לו כל הרשעות קודמות. כמו כן ראוי לציין, כי עד לביצוע עבירה זו, ניהל הנאשם אורח חיים נורמטיבי בארץ ואך עבד למחייתו. בנוסף יוער כי בענייננו, להבדיל מת.פ. 1009/05, העוסק בעובדות דומות, לא נתווספו עבירות נוספות של התחזות והפרעה לשוטר, שהינן חמורות בזכות עצמן. לא למיותר יהיה להעיר השקפתי, כי העמדתו של אדם לדין לראשונה, אף בעבירות בהן מצא המחוקק לנכון לקבוע לצידן עונשים כבדים יחסית, לרבות כאלה שפגיעתן החברתית והכלכלית קשה ביותר כגון עבירות סמים, רכוש ואלימות, מסתיימת בדרך כלל בענישה מופחתת. לפיכך, על אף חומרת העבירות, ובהיותו של תיק זה, ראשון בעניינו של הנאשם שבפני, יש להחיל לדעתי גם עליו את עקרונות מדיניות הענישה המקובלים והרגילים ולא למצות עימו את הדין.""",train
"באמת ובתמים בכך, יוכל לשטוח בקשתו זו בפני רשויות השב\ס, אשר ישקלו מן הסתם את האפשרות להעתר לה. לאור האמור ולאחר בחינת האיזונים שבין חומרת העבירה ונסיבותיה אל מול נסיבותיו האישיות של הנאשם, החלטתי שלא למצות עימו את הדין והנני דן אותו איפוא כדלקמן: מאסר למשך 36 חדשים מתוכם 26 חדשים יהיו לריצוי בפועל (ומניינם מיום מעצרו (1.10.09) ויתרתם תהא על תנאי והתנאי הוא שלא יעבור משך 3 שנים מיום שחרורו עבירה מסוג פשע. מפעיל את המאסר המותנה בן 8 החדשים התלוי ועומד כנגד הנאשם מפ' (שלום ראשל\""צ) 1591/06 , אשר ירוצה, מחציתו במצטבר למאסר שהוטל בסעיף א' לעיל ומחציתו בחופף. סה\""כ ירצה הנאשם איפוא 30 חדשי מאסר בפועל לריצוי מיום מעצרו.""",train
"כאמור ברישא גזר הדין לעיל, באה הודיית הנאשם בשלהי שנת 2007, בגין עבירה שבוצעה כאמור בשנת 2004. קודם הודייתו ואף לאחריה, נדחה הטיפול בתיק, דחיות רבות רובן ככולן בעטיו של הנאשם אשר לא התייצב לדיוניו, ואף צוי הבאה בעניינו, למרבה הצער לא בוצעו ברובם. בנסיבות אלה נמחק אף אחד מכתבי האישום (פ' 5647/05) באין איתור לאחר שאותר הנאשם, שוב חודש הטיפול בעניינו ושוב נדחו התיקים בשל סיבות שונות. מצאתי לנכון לציין עובדות אלו, על מנת להדגיש, כי לא אוכל להסכים עם דרך התנהלות כאמור של נאשמים, אשר מצפים עם חלוף הזמן להקלה בדינם, כשחלוף הזמן כאמור הינו \אופטי\"" בלבד ונובע רובו ככולו, ממחדליהם הם, תוך שמצליחים הם, לשטות במערכת המשפט והאכיפה, פעם אחר פעם. בית המשפט אינו יכול לתת ידו להתנהלות כאמור, ואם אכן יעשה כן, יכרות הוא במו ידיו את הענף עליו הוא יושב. לא אוכל איפוא, ליחס משמעות רבה מדי, לחלוף הזמן, בעניינו של הנאשם שבפני. למרות כל האמור, על רקע הסכמת הצדדים ומתוך נסיון לבוא לקראת הנאשם, מצאתי לנכון לשלוח את הנאשם לשירות המבחן, על מנת לקבל חוות דעת בעניינו. עניינה של חוות הדעת פורט לעיל ועניינה אכן חיובי ומועיל לנאשם. פירטתי לעיל בהרחבה את טיעוני הצדדים לעונש, ונדמה לי כי אין צורך לשוב ולפרט את מכלול הטיעונים לחומרא ולקולא, וב\""כ הצדדים אכן מיצו את כל הניתן בעניינו של הנאשם. חומרתן של העבירות אינה צריכה הסבר וכך גם מגוון העבירות שצורפו יחד לתיק שבפני. תקיפת שוטרים ראויה ללא ספק לענישה מחמירה, שכן לא יעלה על הדעת כי אוכפי החוק, המצויים במסגרת תפקידם בסיכונים לא מבוטלים ובעבודה אינטנסיבית, לא יזכו להגנת בתי המשפט בענישה""",train
"לא בכדי הובאה על ידי הסקירה המפורטת של טיעוני הצדדים לעיל, ונדמה לי כי ממצה היא את כלל הנושאים שהועלו והעומדים על הפרק לדיון והכרעה. בנסיבות אלה ועל מנת שלא להכביד, לא אחזור על הנימוקים השונים שנית, ואך אבקש להעיר את ההערות הבאות קודם קביעת גזר דיני: עיינתי באופן מעמיק במסמכים הרבים שהומצאו לי על ידי ב\כ הצדדים. מבלי שאקבע עמדה שיפוטית באשר להתנהלות הגופים השלטוניים השונים בעניין זה ומבלי שיתפרש הדבר כהצדק לפעילות הנאשמת, נדמה לי, כי אכן לא ניתן לשלול את הטענות שהושמעו על ידי הנאשמת, בדבר התנהלות הגורמים השונים כלפיה וחוסר התיאום לעיתים בינהם, בטיפול בעניין הנדון. לא ניתן גם להשתחרר מהרושם, שאף מקבלי ההחלטות השונים, לא היו עקביים בגישתם באשר לאופי הטיפול הראוי בעניין זה, תוך העמדת הנאשמת במצבים משתנים ובלתי ברורים, כשלעיתים זכתה אפילו הנאשמת לעידוד ותמיכה, מצד גורמים ממשלתיים שונים, בעיקר מטעם משרד החקלאות. באשר לשאלת זיהום המפרץ: אין בדעתי להכניס את ראשי בין \""ההרים\"" המדעיים הגבוהים אשר בחנו עניין זה, ויש להביא בחשבון, כי במהלך הדיון שבפני, לא הובאה בפני עמדת הגופים המכונים \""ירוקים\"", הסבורים, כך הובן מעמדת ב\""כ המדינה, כי יש בחקלאות הימית פגיעה קשה ובלתי הפיכה באקולוגית המפרץ ובערכי הטבע שבו. למעשה ועל אף שהצדדים הרחיבו לעניין זה, זו גם אינה השאלה המרכזית העומדת לדיון בפני, אלא שאלת העבירה על החוק שבוצעה. עם זאת ועל מנת שלא להותיר את \""הדף חלק\"" ראוי להעיר, כי הדו\""ח המדעי היחידי שהובא בפני, הינו דו\""ח ועדת המומחים הבינלאומית שמונתה על ידי מנכ\""לי משרדי התשתיות, איכות הסביבה והחקלאות, מיום 20.9.04, אשר עיון בו אינו מלמד לעניות דעתי, על מסקנה חד ערכית, לפיה""",train
"של הנאשם 1, אינו רלוונטי לעניננו והוא אף ישן והואיל ועניינם של שני הנאשמים נובע מאותה מסכת נסיבות ואף הובא באותו כתב אישום, מצאתי לנכון שלא לשנות בענינו של נאשם 1 מהאמור לעיל לגבי נאשם 2, תוך התאמת והשוואת גזר הדין בבחינת אחידות הענישה, לשניהם. נ לכל האמור לעיל, יש לצרף גם את העובדה, כי הנאשמים הודו בהזדמנות הראשונה וחסכו זמן שיפוטי יקר, והתרשמתי משניהם, כי חרטתם היתה כנה תוך שהפנימו את חומרת מעשיהם. לאור כל האמור לעיל, ולאחר ששקלתי את האיזונים הנדרשים בין חומרת העבירה ורמת הענישה המחייבת כמפורט לעיל, מחד, אל מול נסיבותיהם האישיות של הנאשמים, החלטתי שלא להחמיר עימם מעבר לרף המחייב אותו הנחונו הערכאות שמעלינו, תוך הדגשה בקביעת העונש כצופה פני עתיד, וזאת על ידי מתן אפשרות לביצוע המאסר על דרך עבודות השירות, בכפוף לחוות דעת הממונה. כמובן שאין להתעלם מהאלמנט הכלכלי שבעבירה ועל כן, אף זה יובא בחשבון במנין שיקולי. בנסיבות הכוללות איפוא של תיק זה, הנני גוזר על הנאשמים איפוא את העונשים הבאים: מאסר למשך 10 חודשים, מתוכם יהיו 4 חודשים לריצוי בפועל והיתרה תהא על תנאי, והתנאי הוא שלא יעברו על הוראות חוק הכניסה לישראל, תשי\ב-1952, במשך שלש שנים מהיום. ארבעת חודשי המאסר בפועל ירוצו בעבודות שירות בכפוף לחוות דעת הממונה על עבודות שירות כמפורט להלן. הנאשם 1 ישלם קנס בסך 5,000 ₪, או 50 ימי מאסר תמורתו. הקנס יקוזז מסכום ההפקדה אותה הפקיד הנאשם בקופת ביהמ\""ש (הודעת זיכוי מס' 141807650) מיום 19.9.04. ב הנאשם 2 ישלם קנס בסך 15,000 ₪, או 150 ימי מאסר תמורתו. הקנס ישולם ב-5 תשלומים שווים ורצופים, החל מיום 1.2.05 ואילך . ו אי""",train
"אכן משני יחסית לנאשם 3. הם אינם בעלי העניין בו, אינם בעלי היוזמה ואף חלקם בביצוע עצמו פחוּת מזה של הנאשם 3. בנסיבות אלה נראה, כי התרשמות שירות המבחן בדבר נטייתם של הנאשמים 2 ו – 4 להיגרר, אינה תלושה מן המציאות. עיינתי בפסקי הדין שהומצאו לי על ידי ב\כ הצדדים. כפי שניתן למצוא בעבירות מסוג זה, גם בענייננו ישנם גזרי דין חמורים יותר וחמורים פחות. אין מקרה דומה לרעהו ולעיתים כשנגזר עונש חמור, כפי שנגזר בפסקי הדין אליהם הפנתה ב\""כ המאשימה, ניתן למצוא נסיבות לחומרה שאינן תואמות לענייננו ובאלה אליהם הפנה ב\""כ הנאשם, ניתן לראות שהעונש המקל באופן יחסי, נגזר לעיתים אף הוא מנסיבות שאינן תואמות לעניינו. נוכח כל המפורט, ולאחר שהבאתי בחשבון בין היתר את המפורט בהמלצות שירות המבחן, מצאתי לנכון לזמן חוו\""ד הממונה לצורך שקילת עניינם. חוות דעת הממונה הונחו על שולחני והנאשמים אכן נמצאו מתאימים לביצוע מאסר מומר בעבודות שירות. במכלול כל המפורט, ובין היתר על רקע הפער שבין עניינם של הנאשמים מושא גזר דין זה ליתר הנאשמים בפרשה, הנני דן את הנאשמים 2 ו – 4 לעונשים הבאים: 12 חדשי מאסר, מתוכם 6 חדשים יהיו לריצוי בפועל והם ירוצו בעבודות שירות, ויתרתם תהא על תנאי והתנאי הוא שלא יעברו משך 3 שנים מהיום אחת העבירות בהן הורשעו. ביצוע עבודות השירות יהיה בהתאם למפורט בחוות דעת הממונה על עבודות שירות מיום 29.7.12, כדלקמן: הנאשם 2 – מאור אטיאס בעיריית דימונה, החל מיום 12.9.12 משך 5 ימי עבודה בשבוע, 8.5 שעות עבודה ביום. הנאשם 4 – אביאל מלכה - במעון טללים בדימונה, החל מיום 21.11.12 משך 5 ימי עבודה בשבוע, 8.5 שעות עבודה""",train
"המספקת את צרכיה הבסיסיים של הנאשמת, כמו גם מונעת ככל הניתן את הגעתה של הנאשמת לסמים. נ ואולם, אין בכך כדי ללמדני כי הנאשמת כעת איננה מכורה לסמים, וכי אין כל עניין או צורך להמשיך במגמת הטיפול בה. תסקיר שירות המבחן, כפי שתיארתי לעיל, נקט בהמלצה חד משמעית, לפיו הנאשמת תוכל להשיג את המירב והמיטב מתוכנית גמילה שתיערך במסגרת סגורה לחלוטין- במסגרת השב\ס. כל מסגרת אחרת נפסלה ע\""י השירות, ללמדך, כי הנאשמת רחוקה עד מאוד, מהגעה לנקיון מלא מנגע הסמים. ב נראה בעיניי, כי האינטרס החברתי נוטה הוא להרחיק את הנאשמת לפרק זמן, אשר יאפשר הן את השתלבותה בתוכנית מקיפה לגמילה מסמים, תוך עריכת חשבון נפש ממצה ורכישת אמצעים חברתיים ואישיותיים, שיסייעו לה להשתלב בחיק החברה הנורמטיבית, בצורה האופטימלית, ואולי ביום מן הימים אף לשקם את חיי משפחתה ולהתחבר, בקונסטלציה מצומצמת לפחות, מחדש, עם בנותיה. ו לאור כל האמור לעיל, ולאחר ששקלתי את שיקולי הענישה מחד, תוך מתן דגש להיקף העבירות המפורטות, אל מול נסיבותיה האישיות של הנאשמת מאידך, ובכללן את המפורט בתסקירי שירות המבחן, ובהביאי בחשבון את העובדה כי הנאשמת הודתה בפני והביעה תקוה ורצון לפעול בהליך טיפולי, ומתוך התחשבות בעובדה כי בכל זאת המדובר במשפטה הראשון של הנאשמת, החלטתי שלא להחמיר עימה ולא למצות עימה את הדין, כעתירת ב\""כ המאשימה.""",train
"בבואי לגזור את הדין. מכל מקום ועל רקע כל המפורט- שיקולי הענישה וההרתעה הנדרשת מחד ונסיבותיו האישיות של הנאשם מאידך, אני דן את הנאשם כדלקמן:",train
"למשל: ע\פ 10036/06 פהימה נ' מדינת ישראל (מיום 26.4.07 – לא פורסם), ע\""פ 5160/06 יובל טל נ' מדינת ישראל (מיום 17.6.07 – לא פורסם) ע\""פ 6774/01 מדינת ישראל נ' אלעלווין (מיום 1.11.01 – לא פורסם)). כנגד שיקולים אלה, אכן עומדת מערכת נסיבות אישיות לא פשוטה וסיפור חיים קשה, שבאים לידי ביטוי בתסקיר שירות המבחן, כמפורט בסעיף 4 לעיל ובדברי בא כוחה. שירות המבחן גם מציע אפיק טיפולי רלווי בעניינה. יתכן אף שיש מקום לטענה לפיה ביצוע העבירה נעשה למעשה ביוזמתו של בן זוגה - הנאשם האחר בפרשה (העומד כאמור לדין בנפרד בפני מותב אחר), ושגם ממנו סבלה הנאשמת מאלימות, כעולה מגליון רישומו הפלילי שהוגש לעיוני. אזקוף זאת לזכותה אם כי באופן מופחת, שכן בין אם נעשה הדבר ביוזמת הנאשם האחר- בן זוגה של הנאשמת, ובין אם נעשה הוא מצדה שלה על כלל חולשותיה הענות, גרם הוא ללא ספק לפגיעה משמעותית במתלונן ולהשפלתו באופן שלא ניתן להתעלם ממנו. כן תיזקף לזכותה הודייתה והבעת החרטה המשתמעת ממנה וכן עברה הנקי לרבות היחלצותה מעולם הסמים, כנטען על ידי בא כוחה. לאחר ששקלתי את כל המפורט, מצאתי כי לא אוכל לקבל את המלצת שירות המבחן ולהסתפק בעבודות שירות (בנוסף למע\""ת ולפיצוי). המסר הציבורי העלול להתקבל מתוצאה כאמור הינו, שעבירות החטיפה לשם סחיטה, הסחיטה באיומים וכליאת השווא בנסיבות נשוא ענייננו אינן חמורות וניתן להתייחס כלפיהן בסלחנות. לא אוכל לתת ידי לכך. עם זאת ונוכח נסיבותיה האישיות של הנאשמת ועל מנת שלא להכשיל הליכים שיקומיים עתידיים המוצעים על ידי שירות המבחן, לא אמצה עימה את מלוא חומרת הדין, והנני דן אותה איפוא כדלקמן: 18 חדשי מאסר, מתוכם 9 חדשים יהיו לריצוי בפועל""",train
לו בכפוף להתייצבותו למאסר ולאחר ניכוי סכום הפיצוי אשר יועבר בהסכמתו ישירות למתלונן ועד המושב נווה ימין.,train
"אין צורך להכביר מילים באשר לחוּמרת העבירות שבהן הורשע הנאשם והשלכותיהן החברתיות. מאות ואולי אלפי פסקי הדין שדנו בנושא זה, הפכו להיות מן המפורסמות, שאינן צריכות ראיה. עבירה של הדחת קטין לסם מסוכן נמנית, ללא ספק, עם הפשעים היותר חמורים ומבצעי עבירות כאלה ראויים, ככלל, לעונשים כואבים ומרתיעים. אין צורך להאריך דיבור על מלחמת החורמה שיש להילחם בתופעת הסמים, קל וחומר בהדחת קטינים לשימוש בסם, עבירה שהעונש הקבוע בצידה הוא 25 שנות מאסר. לא למיותר יהיה להזכיר, כי עונש מאסר עולם שאינו עונש חובה הינו מאסר בן 20 שנה (סעיף 41 לחוק העונשין תשל\ז - 1977), והנה בענייננו מצא המחוקק לנכון לקבוע עונש שהוא ארוך מעונש של מאסר עולם תוך שקבע כי לא ניתן להטיל מאסר על תנאי בלבד או צו מבחן. חומרה זו, נראה כי מחייבת היא אותי שלא להקל ראש עם הנאשם העומד מולי, בהתייחס לסוג העבירות שביצע. יתכן, ואיני קובע כל עמדה, שנכונה טענת ב\""כ הנאשם לפיה לפחות אחת הקטינות בעניננו צרכה סמים גם קודם לכן (אם כי לא הובאו בפני ראיות לכאן או לכאן בעניין זה), ואולם אין בכך כדי להמעיט מחומרת מעשהו של הנאשם אשר הוסיף במעשיו וניסה לדרדרן - בנות בנות 14 בעבירות אלה. עברו הפלילי של הנאשם מכביד ביותר. המדובר בנאשם יליד 1985 שלחובתו רשומים 10 רישומים קודמים בגין תקיפות שונות (לרבות כאלה הגורמות חבלה ממשית, תקיפה לביצוע פשע ותקיפה בתנאים מחמירים), שוד מזוין, 3 עבירות איומים וסחיטה באיומים, 3 עבירות הפרת הוראה חוקית, 3 עבירות בריחה ממשמורת חוקית, 3 עבירות החזקת סכין, 2 עבירות גניבה, הדחה בחקירה, היזק לרכוש, פריצה לרכב, ועוד. יש גם לזכור שזולת עבירות נסיון""",train
"לפי ס' 14 לחוק צער בעלי חיים (הגנה על בעלי חיים) התשנ\ד – 1994, ותמציא עותק הקבלה על התשלום לידי ב\""כ המאשימה. הנאשמת תענה לכל דרישות מתן המידע כאמור במכתב מנכל\""י משרד החקלאות ופתוח הכפר והמשרד להגנת הסביבה מיום 24.11.05 למנהל הנאשמת שצורף כנספח ג' להסדר שבין הצדדים.""",train
"א' לחוק העונשין תשל\ז – 1977 וסעיף 1 לפקודת המבחן [נ\""ח] תשכ\""ט 1969 המאפשרים להטיל של\""צ ו/או מבחן ללא הרשעה. לענין זה מציינת כב' השופטת דורנר כי : אכן, ענישתו של נאשם היא אינדווידואלית, ובית-המשפט בוחן עניינו של כל נאשם ונאשם ואינו קובע את עונשו אך על-פי מהות העבירה. ומסכמת כב' השופטת דורנר עמדתה כי לצורך המנעות מהרשעה, נדרשים שני גורמים מצטברים והם: גם המשנה לנשיא, כב' השופט שלמה לוין, מנתח בהמשך פסק הדין הנ\""ל את הגורמים השונים ומגיע אף הוא למסקנה האמורה. על עמדה זו, חזר בית המשפט העליון במקרים נוספים (ר' למשל דברי כב' השופטים מצא וזמיר בפרשת שמש (ע\""פ 2513/96 מדינת ישראל נגד ויקטור שמש ואח', פ\""ד נ' (3) 682 בעמ' 684 – 685: שורת הדין מחייבת כי מי שהובא לדין ונמצא אשם יורשע בעבירות שיוחסו לו. זהו הכלל. הסמכות הנתונה לבית-המשפט להסתפק בהעמדת נאשם במבחן בלי להרשיעו בדין, יפה למקרים מיוחדים ויוצאי דופן. שימוש בסמכות הזאת כאשר אין צידוק ממשי להימנע מהרשעה מפרה את הכלל. בכך נפגעת גם שורת השוויון בפני החוק. האם התקיימו הגורמים הנ\""ל המחייבים הימנעות מהרשעה בעניינו של הנאשם 3? חוששני שלא. אדרבא, נדמה לי שמנסיבות העניין עולה, כי קיימים שיקולים כבדי משקל שבאינטרס הציבור, שלא להימנע מהרשעה, ובמסגרת זו – אף העמדת נושאי המשרה עצמם לדין, על מנת שיקפידו הקפד היטב במניעת פגיעה סביבתית ממפעלים ותעשיות שהם אחראים להם. שנית ואולי זה העיקר, לא זו בלבד שלא שוכנעתי בנזק אפשרי שיגרם לנאשם מחמת הרשעתו, כשהטיעונים לעניין זה, לא לֻוו בכל אסמכתא שהיא, אלא שאף הנאשם עצמו העיד בפני, כי מעמדו בעבודתו לא נפגע ואף לא צפוי להפגע (עמ'""",train
"על אף חוות דעתו של שרות המבחן ונטייתי לקבל בדרך כלל, באין מניעה מהותית, את המלצותיו, לא אוכל לצערי לעשות כן בתיק זה. אין לי ספק כי אכן המדובר במחלה הדורשת טיפול רפואי ונפשי ואולם בד בבד דעתי היא, כי במצב הדברים המתואר, לו אכן רוצה הנאשם למצוא באמת ובתמים מזור לבעייתו, עליו לעשות זאת בין כתלי בית הסוהר, באופן שלא יווצר סיכון כלשהוא נוסף, קל שבקלים, כלפי ילדות תמימות, מפניו. בית משפט זה ציין לא פעם, כי מעבר להיבט השיקומי החשוב לכשעצמו, חייב בית המשפט להגן על קטינים בחברתנו, מפני עבריינים אשר אינם יכולים לשלוט ביצריהם ולהציב גבול להתנהגותם הסוטה. בשל כך חייבת לבוא ענישה ברורה וחד משמעית, המבטאת את חומרת המעשים ואשר יהיה בה כדי להרתיע עבריינים בכח ובפועל, מביצוע עבירות מהסוג הנדון. האלימות המינית מצד הנאשם כלפי קטינים תמימים שאינם יכולים להתגונן מפניו, מחייבת לא רק ענישה חמורה בשל הגמול הנדרש בגין מעשהו, אלא ואולי אף בעיקר, מחייבת את הרחקתו מהחברה והגנה עליה מפניו, ואשר יהיה בה להביאו להבנה, כי החברה לא תסבול כל מעשה מסוג זה, תהיה הסיבה לו אשר תהיה. משנה חומרה קיים בענייננו, אם נביא בחשבון שהנאשם ביצע את המעשה עליו הורשע, כחודשיים בלבד מאז שוחרר ממאסר קודם בגין עבירה דומה, וכשתלויים ועומדים כנגדו שני מאסרים מותנים ברי הפעלה, שלמרבה הצער לא הרתיעוהו. גם מסכת הטיעונים שנשמעה מפיו היום, כמו גם השיקולים שהובאו בפני בית המשפט, חופפים, כך נראה, את טיעוניו והשיקולים ששימשו בדיונים קודמים שנערכו בעניינו (ר' למשל בע\פ (ב\""ש) 7478/02). זאת ועוד, לא רק עניינו של הנאשם הוא העומד בפני, אלא ניתן לומר כי למרבה הצער, הפכו עבירות""",train
"אין צורך להכביר מילים בדבר פוטנציאל הסיכון והנזק העלול להיגרם בגין מעשה הצתה, שאינם ניתנים לחיזוי מראש, ולא בכדי נקבע העונש לצידה של עבירה זו, החלופה החמורה של הסעיף בנסיבות ענייננו, ל – 20 שנות מאסר, המבטא לכשעצמו את חומרתה היתרה. בענייננו, משנֶה חומרה למעשי הנאשם, משאין בהם מעידה חד פעמית שנבעה מכעס רגעי ובלתי נשלט, אלא חזרו אלה פעמיים, בהפרש של מספר ימים זה מזה, ולאחר שהיה בידי הנאשם זמן מספק לשקול מעשיו. בנסיבות אלה מחייבות עקרונית העבירות בהן הורשע הנאשם עונש מאסר לריצוי בפועל, שיש בו כדי להרתיעו כמו גם הרתעת עבריינים בכוח ובפועל, ממעשי הצתה, בלא קשר למניע שעמד ביסודה. ברור איפוא שאין מקום לביצוע עבודות של\צ, שאינם הולמים כלל את הצורך בהרתעה. עם זאת, מבלי שתשתמע חלילה הקלת ראש בחומרתן של העבירות או הנזק שנגרם בעטיין, נחה דעתי כי פוטנציאל הנזק והסיכון ממעשי הנאשם היה במדרג נמוך יחסית, כי בוצעו בהעדר כל נפש חיה בסביבה, לא נשקפה סכנה ממשית להתפשטות האש באופן שתפגע ברכוש אחר או בני אדם, ואף הנזק עצמו שנגרם בפועל היה מועט ובא לידי ביטויו לדלת, חלון ווילון בלבד. זאת ועוד, בענייננו נראה שהמדובר בנאשם בעל נסיבות אישיות קונקרטיות חריגות, כמו גם נסיבות ביצוע העבירות על ידו שאינן רגילות. המדובר בנאשם צעיר יחסית, חסר כל עבירות קודמות, המתפקד עד כה, ואף מאז המקרה ואילך, באופן נורמטיבי. נסיבות חייו לא היו קלות כלל ועיקר, והרושם העולה הוא של אדם שקשייו האובייקטיביים והסובייקטיבים מורכבים ורב מערכתיים, המשתרעים למרבה הצער על פני מרבית שנות חייו והנובעים מגורמים חיצוניים שלא היו, כך נראה, בשליטתו, ואשר היה להם ולחסכים המשמעותיים שחווה, חלק ניכר בעיצוב""",train
"העבירות בהן הורשע הנאשם מלמדות על מסכת נועזת ומתוחכמת של רמאות, זיוף והתחזות, המאופיינת בתכנון ובירידה לשפל מוסרי, שבמסגרתה רימה הנאשם ומעל באמונם של שורת אנשים תמימים - בעלי נכסים, רוכשים פוטנציאליים ועורכי דין, הכל במטרה להפקת רווח קל ובלא כל התחשבות בתוצאות הצפויות של מעשיו. במעשיו ניצל הנאשם את אמון הבאים במגע עימו, תוך גזילת רכושם בעזות מצח. אינני רואה עין בעין עם הנאשם את טענתו, כי המדובר כביכול בסטייה חד פעמית. אמנם שיטת הביצוע במעשי הנאשם אחת, ואולם המדובר בשני אירועים נפרדים, בזמנים שונים, כלפי צדדים שונים, שלא ניתן בשום אופן לראות בהם מעידה חד פעמית מצידו. יש לזכור שלא זו בלבד שהמדובר בעבירות שקיים קושי להתגונן מפניהן, אלא שיש בהן משום פגיעה בהתנהלות עסקאות הנדל\ן וחיי המסחר השוטפים, ועל כן יש בהן דרגת חומרה מיוחדת המצדיקה עונש שיהיה בו כדי לשגר מסר הרתעה חד משמעי, לעבריינים בפועל ובכוח בתחום זה. באשר להחזר הכספים: אכן כפי שציינו ב\""כ הצדדים, נתפס חלק ניכר מהכסף ועל כן ניתן היה להחזיר למעורבים השונים חלק מרכושם הגזול. עובדה זו תיזקף כמובן לקולא, אם כי לא באופן מהותי, וזאת משלושה טעמים: ראשית, לא הנאשם הוא שהחזיר את הכספים אלא אלה נתפסו, בלא שהיה מעורב בכך. שנית, ברור הוא שגם אם הוחזרו הכספים, לא בא, הנזק כולו, ובכלל זה עגמת הנפש הרבה שהייתה מנת חלקם של המעורבים, על תיקונו. ושלישית, אמנם הוחזר רובו של הסכום ואולם על אף האמור לא אוכל להתעלם מפוטנציאל הנזק שהיה צפוי ממעשיו של הנאשם, נזק שנמנע ברובו, שלא בשל פעולותיו הוא, אלא בניגוד להן. עיון בפסיקה שהונחה בפני על ידי ב\""כ הצדדים מלמדת על קשת""",train
"או מי מטעמו. אני מצווה על הנאשמת להרוס, בעצמה ועל חשבונה, את כל המבנים, המתקנים והציוד המשמשים אותה על חוף הים והחזרת החוף למצבו עובר לתחילת פעילותה במקום, להנחת דעתו של צוות הפיקוח מטעם המנכלי\ם של המשרד להגנת הסביבה (באמצעות אגף ים וחופים במשרד להגנת הסביבה) ומשרד החקלאות ופתוח הכפר (להלן: צוות הפיקוח). אני מצווה על הנאשמת להרוס, בעצמה ועל חשבונה, את כל המבנים, המתקנים והציוד שהקימה ו/או המשמשים אותה, בשטח הימי של מפרץ אילת ופינויים מהמקום, להנחת דעתו של צוות הפיקוח. אני מצווה על הנאשמת לפנות, בעצמה ועל חשבונה, את כל חלקי המבנה והציוד ששקעו לקרקעית הים (ובכלל זה רשתות, סינקרים, חבלים, צינורות וכיוצ\""ב), לאתר פסולת מוסדר, וכן תפנה מקרקעית הים שמתחת לכלובים את השכבה האנאירובית, הכל בהתאם להנחיות צוות הפיקוח. ביצוע האמור בסעיפים ו', ז' ו- ח' לעיל יעשה על הנאשמת לא יאוחר מיום 30.9.08. למען הסר ספק מובהר, כי לאחר השלמת הפינוי לא יוותרו בשטח הים או היבשה, כל ציוד או מבנה או מתקן ששימש את הנאשמת במועד כלשהוא, והמצב יחזור לקדמותו ערב תחילת פעילותה במקום. לא יוכנס שינוי במתווה האמור בסעיפים ו', ז', ח', ט' ו-י' לעיל, אלא בהסכמת היועץ המשפטי לממשלה או מי מטעמו. בלא לפגוע בחובת הנאשמת לבצוע הצויים הנ\""ל, ככל שלא תקיים הנאשמת את הצווים, במלואם ו/או במועדם, תהיה הועדה המחוזית לתכנון ובניה מחוז דרום, ו/או הועדה המקומית לתכנון ובניה אילת, רשאיות לבצע את ההריסה והפינוי בעצמן ולחייב את הנאשמת בכל הוצאותיהן. הערבות שתוטל בסעיף ט\""ו להלן, תחול גם על התחייבות זו. הנאשמת תתרום בהתאם להתחייבותה סך של 100,000 ₪, לא יאוחר מיום 29.10.06 לקרן למען בעלי חיים, שהוקמה""",train
"תנאי מעצר הבית, יש להם ערבים, אין שום אינדיקציה לטענת המאשימה. מצב הדברים שקדם להקראת גזר הדין לאחריו שונה באשר הנאשמים יודעים בבירור כי צפויה להם תקופת מאסר. מצד שני, לא הייתי רוצה לחסום את דרכם של הנאשמים לבדיקת שיקול דעתי על ידי ערכאת הערעור. בנסיבות אלה, אעתר לבקשה בכפוף לתנאים הבאים: הפקדת סך מזומן של 5,000 ₪, מצד כל אחד מהנאשמים בקופת ביהמ\ש. ו חתימת ערבות צד ג' מצד שני ערבים, עבור כל אחד מהנאשמים, בסך15,000 ₪ כל אחת.""",train
"הסמים - למעלה מ – 3.5 שנים, וכן את העובדה שאמנם הרושם המתקבל הוא כי הנאשם פעל לשינוי אורחות חייו, התחתן והקים משפחה, ולא אתעלם גם מהתלאות הלא מבוטלות שעבר במהלך שנים אלה, הן במישור האישי משפחתי והן במישור הכלכלי. באשר לנאשמות 2 +3 , אלה היוו הפלטפורמה במסגרתה ביצע הנאשם 1 את העבירות נשוא האישום השני – עבירות הלבנת ההון, ואכן ראויה עתירת הצדדים להשתת קנס כספי בעניינן, אם כי לא ניתן להתעלם שהמדובר בעבירות אי דיווח. מחלוקת ניטשה בין הצדדים באשר לשאלת חילוט הכספים שנתפסו. בעניין זה טוען ב\כ הנאשמים, כי בקשת החילוט אינה חלק מהעובדות עליהן הודו מרשיו ובעניין זה מקובלת עלי עמדתו. לא זו בלבד שבקשת החילוט נפרדת מהעובדות המפורטות באישומים, הרי שלמען הסר ספק הודיע גם ב\""כ הנאשמים מפורשות כי קיימת מחלוקת בעניין זה (עמ' 31 לפרוטוקול ש' 1). במסגרת הטיעונים לעונש, הציג ב\""כ הנאשמים מסמכים המלמדים כי הכסף שנתפס שייך לנאשמת 3. טענה זו נתמכת גם בבקשת המדינה לצו עיקול כספים אלה שהוגשה לפני כב' הנשיא ביום 7.9.10 (תל\""א 11699-09-10). במצב דברים זה, מסכים בהגינותו גם ב\""כ המדינה, כי לא ניתן לחלט את הכספים בשל העבירות המיוחסות לנאשם 1. במסגרת כתב האישום מתבקש חילוט הכספים לא רק מכח פקודת הסמים (המיוחסת כאמור רק לנאשם 1), אלא גם מכח סעיף 21 לחוק איסור הלבנת הון (המיוחסת לכל שלושת הנאשמים ובכלל זה לנאשמת 3 שהכספים שייכים עפ\""י הען לה ואשר הורשעה אף היא בעבירה לפי סעיף 3 לחוק איסור הלבנת הון. שני הצדדים נמנעו מפירוט טענותיהם לעניין זה. עם זאת, בין טיעוני הצדדים לעונש ובין מתן גזר דין זה, הגישה המדינה בקשה""",train
"אימה עליהם, דברים שבאו לידי ביטוי לא אחת גם בפסיקת ביהמ\ש העליון (ר' למשל: ע\""פ 602/02 אוחנינה נ' מדינת ישראל (22.4.02, לא פורסם), ע\""פ 3330/06 אבאדייב נ' מדינת ישראל (28.1.07, לא פורסם). לאחרונה חזר בית המשפט העליון והדגיש את חומרתה הרבה של העבירה (ע\""פ 1106/11 מדינת ישראל נ' תום ואקנין (29.6.11, לא פורסם)). בהתאם מתחייב רף ענישה מרתיע, וככלל, מדיניות הענישה הנוהגת, ביחוד במקרים בהם הושלמה הסחיטה לכדי ביצוע בפועל, היא מאסר בפועל. בנסיבות אלה, אין ספק שיש לראות בחומרה את המקרה, ויש להכביד את היד על מורשעים בעבירה מסוג זה, הפוגעת ללא ספק באיכות החיים החברתית. אין חולק, כי נסיבותיה האישיות של הנאשמת מצערות, ויתכן כי לא ניתן לנתק את המניע לעבירות מן הנסיבות הללו, כפי שאף נרמז מחוו\""ד שירות המבחן. לא ניתן גם לשלול באופן קטגורי את טענת הנאשמת לפיה היה למתלונן עניין איימי בה. מעבר לדבריה שלה בעניין, לא מצאתי אכן \""קשר נדרש\"" בין מתן ההלוואה שהיא זו שהיתה תכליתו הרשמית של המפגש, לכניסתו של המתלונן למקלחת עם הגעתו לבית, לבקשת הנאשמת ובלא כפיה מצידה בעניין זה. עם זאת, אף אם אקבל זאת כעובדה, אין בכך כדי להקהות מחומרת המעשה לכשעצמו, ומטווית המלכודת למתלונן מצידה של הנאשמת. זאת ועוד, התחשבות יתרה בנסיבות אלה, תחטא לדעתי למטרות אחרות של הענישה, ובהן כאמור גמול והרתעה. יפים לענייננו הדברים הבאים: \""מבחינת האירס הציבורי, אין זה מספיק להטמיע בחוק סטנדרטים של התנהגות. הציבור חייב לראותם מיושמים בכל עת ולראות בהם חלק בלתי נפרד מנהגים חברתיים מקובלים המגנים על גופו, על רכושו ועל כבודו של כל אחד מתוכו. ענישה סלחנית במקרים של התנהגות עבריינית חמורה עלולה להביא להתמוטטות""",train
"העובדה כי הנאשם כעת נקי, אך מתנגד להליך הטיפולי, מלמדת אותי כי אין כל ביטחון בטענתו, שאין לו כל צורך בטיפול גמילה. העובדה כי הנאשם פנה לסמים הקשים בעקבות זמנים קשים אותם עבר, אין בהם כדי להוריד מחומרת מעשיו. ההפך הוא הנכון, שכן אין כל ערובה כי זמנים קשים אלה לא יחזרו. שהייתו של הנאשם במסגרת טיפולית הייתה יכולה לסייע לו ברכישת מיומנויות נפשיות שונות, שיהא בהם כדי לרכוש את אמון החברה כי הנאשם אכן עבר כברת דרך, וכי עזב את דרך הפשע ומצוי הוא במסלול נורמטיבי. ב לו היה הנאשם משתף פעולה ופונה לאפיק הטיפולי של קהילה סגורה כמומלץ על ידי הגורמים המקצועיים, לא הייתי מהסס ומאשר נסיון לדרך זו, התואמת להשקפתי את האינטרס הציבורי הגלום בגמילה מסמים. הסברי בא כוחו של הנאשם, שעשה מצידו כל מאמץ עבורו, לא הפיסו את דעתי בענין זה. לצערי, המלצת השירות, כפי שמופיעה בתסקירים השונים, נתונה היא בשפה רפה, מתוך כורח ולא מתוך אמון בנאשם. המלצת השירות כפי שמופיעה בתסקיר האחרון בפסקה האחרונה בו, מדברת בעד עצמה, ולפיה יש לשלוח את הנאשם לעונש מאסר ממושך בפועל, והכל על מנת להציב גבולות לנאשם, גבולות אותם הוא חסר עתה. נדמה לי כי אם אכן נקי הנאשם משימוש בסם עתה, יוכל להקפיד על כך גם במסגרת מאסרו, תוך ששלטונות השב\ס יביאו בחשבון את הליך הגמילה שעבר וישקלו שילובו בהמשך הליך כזה, וכן עזרה בבידודו ממשתמשים אחרים. לאור כל אלה, תוך איזון בין חומרת העבירות, מחד, אל מול נסיבותיו האישיות של הנאשם, מאידך, ובעיקר על רקע המאמץ שעשה להגמל מסם, לא אמצה עימו את הדין, והריני משית עליו מאסר למשך 24 חודשים, ממנו""",train
"האמורים אינו מתקיים בענייננו: המדובר בנאשם בן 29, נשוי ואב לשתי בנות. לא הובאו בפני כל נתונים על מחלה כלשהיא ממנה סובל חלילה הנאשם ועל כן ברור כי המדובר באדם בריא. עפ\י תסקיר השירות, לא לקח הנאשם ולו אחריות מינימלית למעשיו. גם הזמן שחלף מאז ביצוע העבירה אינו רב. בנסיבות אלה ברור איפוא, כי לא ניתן ללמוד מגזר הדין שהוצג לעיוני באשר לעניינו של הנאשם כאן. אדרבא, עיון ברע\""פ 7114/07 האני עיסה נ' מדינת ישראל (9.12.07), מלמד, כי בית המשפט העליון מצא לנכון לדחות בר\""ע על פסק דינו של אותו מותב בבית המשפט בכפר סבא, לפיו נדון נאשם בהסדר טיעון ולאחר הודייה בשלש עבירות הסעה שלא כדין ועבירת הפרת הוראה חוקית, ל – 11 חדשי מאסר בפועל, וכן הורה על חילוט רכבו. כאמור וכמפורט בין היתר בסעיף 6 לעיל, כל פסקי הדין שעסקו בנושא זה, הדגישו את חומרת העבירה והסיכון הרב שבצידה, על רקע המציאות הביטחונית הרגישה בישראל והמחייבת החמרה בענישה מרתיעה. עם כל האמור לעיל, איני יכול להתעלם מנסיבותיו האישיות של הנאשם, מוגבלותו הרגשית המתוארת בתסקיר ומיתר הפרטים הנוגעים לעניינו והמצויינים בתסקיר, וכן לא אתעלם מהודייתו, תוך שאניח לזכותו כי ביצוע העבירה אכן נבע ממצוקה כלכלית. לאור כל האמור לעיל, ולאחר ששקלתי את האיזונים הנדרשים בין חומרת העבירה ורמת הענישה המקובלת, ובהביאי בחשבון כי אין המדובר בהסתבכות ראשונה עם החוק בעניין זה מחד, ואולם אל מול נסיבותיו האישיות כמפורט לעיל מאידך, החלטתי שלא להחמיר עם הנאשם ובנסיבות הכוללות, הנני דן איפוא את הנאשם למאסר למשך 12 חודשים, מתוכם יהיו 8 חודשים לריצוי בפועל והיתרה תהא על תנאי, והתנאי הוא שלא יעבור על הוראות חוק הכניסה""",train
"אין צורך לציין, כי אין כמעט פיגוע שיכול לצאת אל הפועל, בלא שתתקבל לו עזרה מצד שותפים חלקם \תמימים\"" לחלוטין. הכבדת היד על שותפים תמימים אלו, סייענים למינהם וכיוצ\""ב, יש בה כדי לסכל את פעילותם של המפגעים עצמם ושולחיהם. בענין זה, אם לא ירתע המפגע כטענת ב\""כ הנאשמים, גם הרתעת אותם שותפים, מהווה שיקול חשוב בזכות עצמו. יתרה מכך, ענישה מחמירה שתרתיע את אותם עבריינים \""תמימים\"", תהווה הקלה על שלטונות הבטחון, אשר יוכלו למקד מאמציהם כנגד המפגעים עצמם. הדברים ברורים ונראה כי אין צורך להרחיב בענין זה. ולטענה השלישית בדבר המצב הבטחוני החדש באיזור: יתכן, ואינני קובע כמובן כל עמדה, שאכן יניבו המגעים שבין הצדדים הקלה במצב הבטחוני, הקלה שכולנו מייחלים ומתפללים לה. יחד עם זאת, נראית לי טענה זו, בכל הכבוד הראוי מוקדמת מדי, ונדרשת לה לטעמי הוכחה משמעותית יותר מאשר מספר ימי שקט, אף זאת בהסתייגויות. עם זאת, והואיל ודיון זה התקיים שלשום, ערב מפגש הפסגה שבין ראש ממשלת ישראל לבין ראש הרשות הפלסטינית, וגזר הדין ניתן היום, לאחר ששמענו אמש את הצהרות הצדדים בדבר סיום פעולות האיבה בינהם והתקוה לעתיד חדש באזורינו, החלטתי לתרום אף אני את חלקי, ולגזור על הנאשמים, בשים לב לעובדה כי חסרי עבר פלילי הם וכי אכן נכנסו לתחומי המדינה רק על מנת לשבור שבר למשפחתם, את הרף התחתון שנקבע לעבירה מהסוג הנדון, ולא למצות עימם את הדין. ב הנני דן איפוא כל אחד מהנאשמים ל- 7 חדשי מאסר, מתוכם 3 חדשים יהיו לריצוי בפועל ומנינם מיום מעצרם, והיתרה תהא על תנאי והתנאי הוא שלא יעברו משך שלש שנים משחרורם, עבירה לפי חוק הכניסה לישראל תשי\""ב – 1952. זכות""",train
"בעובדה כי המברג לא הובא על ידי הנאשם, והאירוע לא החל בעטיו שלו דווקא. על אף שלא הונחה לפני חוות דעתו של הגורם הטיפולי, אניח כי המדובר בנאשם נורמטיבי לכשעצמו, זאת על רקע היותו חסר עבר פלילי מכל סוג שהוא, ואזקוף זאת לזכותו. ולבסוף, גם הודייתו על המשמעויות הנובעות ממנה, על אף שבאה באיחור ניכר לאחר שמיעת כל עדי התביעה, תזקף לזכותו. נוכח כל האמור, בנסיבות עניינו אכן יש טעם בקביעת מתחם הענישה ההולם אותו קבעו הצדדים, בין 6 חדשי מאסר המומרים בעבודות שירות, ל- 24 חדשי מאסר בפועל. לאחר ששקלתי איפוא את כלל נסיבותיו של תיק זה וכן את שיקולי החומרא והקולא, לרבות שיקולי הענישה – ובכלל זה ההלימה וההרתעה, מסקנתי היא כי לא ניתן להסתפק בעבודות שירות ויש מקום להשית על הנאשם עונש מאסר בפועל ממשי, אם כי לתקופה מתונה משמעותית מהרף העליון שהומלץ על ידי המאשימה. בנסיבות כל האמור הנני דן את הנאשם כדלקמן: מאסר למשך 20 חדשים, מתוכם 12 חדשים יהיו לריצוי בפועל והיתרה תהא על תנאי, והתנאי הוא שלא יעבור משך 3 שנים משחרורו, עבירת אלימות מסוג פשע. פיצוי למתלונן בסך 2,500 ₪, אשר ישולם ב – 5 תשלומים חודשיים רצופים החל מ – 30 יום משחרורו. זכות ערעור לבית המשפט העליון בתוך 45 יום מהיום. ניתן והודע היום כ\ח תשרי תשע\""ג, 14/10/2012 במעמד הנוכחים. יעקב שפסר, שופט עיכוב ביצוע גזר הדין למשך 45 יום, שמניינם מהיום. ככל שלא יוגש ערעור, יתייצב הנאשם לריצוי עונשו ביום 02.12.12, לא יאוחר מהשעה 08:00, במתחם כלא דקל או, ככל שיערך הליך קליטה מוקדמת – במקום שייקבע לעניין זה. יוצא צו עיכוב יציאה מן הארץ""",train
"אז לא יפקע תוקף הצו בעקבות כך, אך יושעה במהלך התקופה שבהיתר או באישור שכאמור. ו",train
"עבר פלילי – רלוונטיות גזר דין מבי\ד הדין צבאי בעבירות של היעדרות מהשירות סעיף 187 לחוק סדר הדין הפלילי [נוסח משולב], התשמ\""ב-1982, המדבר על ראיות לקביעת העונש, מונה את הרשעותיו הקודמות של הנאשם כראיה לגיטימית לשיקולי הענישה. ס' 188 לחסד\""פ, מציין כי לעניין ראיה לעונש, מהווה הרישום הפלילי ראיה קבילה, וזו לשונו - (א) מותר לקבל כראיה לענין סעיף 187, בנוסף לכל דרך אחרת של הוכחה כדין, העותק מהמרשם הפלילי המתנהל בידי המשטרה על החלטות של בית משפט או בית דין הדן בפלילים הנוגעות לנאשם, על פי סעיף 2(1) לחוק המרשם הפלילי ותקנת השבים, התשמ\""א- 1981, בין פרטי הרישום המופיעים במרשם הפלילי, יופיעו גם - הרשעות וענשים של בית משפט או בית דין בפלילים (להלן -בית משפט) בשל פשעים ועוונות (להלן - עבירות) ; אין חולק כי עבירת העדר מהשירות שלא הרשות, סעיף 94 לחוק השיפוט הצבאי, תשט\""ו-1955, הינה בגדר העבירות המופיעות במסגרת הרישום הפלילי והנופלות להגדרת עוון, לפי סעיף 24 לחוק העונשין, תשל\""ז-1977. ו מסקנה זו מקבלת תימוכין בין היתר מפסיקה בית המשפט. למשל, במסגרת בש\""פ 1326/04 אבי בן אלי לוי נ' מדינת ישראל, [פדאור (לא פורסם) 04 (4) 262], הביא כב' השופט ג'ובראן בחשבון לעניין שאלת מעצרו של הנאשם שם, את עברו הפלילי של העצור שכלל גם עבירת העדר מהשירות.נ פ. (מחוזי-נצרת) 1099/01 מדינת ישראל נ' בונדר אדוארד, [פדאור (לא פורסם) 02 (9) 753], שעה שמנה כב' השופט אמינוף את עברו הפלילי של הנאשם, הגדיר את עבירת העדר מהשירות כאחת מהעבירות החמורות המופיעות בו, יחד עם – \""סחר בסמים מסוכנים, התפרצות לבית דירות (4 פעמים), החזקת סמים לצריכה עצמית (פעמיים), שבל\""ר, נסיון לתקיפה, החזקת""",train
"השיקולים לרבות נסיבות אישיות ושיקולי שיקום נסוגים בדרך כלל מפניהם (ר' לעניין זה למשל ע\פ 3820/09 מדינת ישראל נ' חיים אוחיון (מיום 6.9.09, לא פורסם [פורסם בנבו]) והפסיקה הענפה שצוטטה במסגרתו). גם הטענה בדבר היותם של הנאשמים בלדרים בלבד, אינה יכולה להקל עם הנאשמים שכן לולא בלדרים אלה, לא הייתה יכולה להתקיים המערכת הענפה הנוגעת להובלת הסם והפצתו. ראויים לעיון גם בעניין זה דברי בית המשפט העליון בע\""פ 226/89 דרגליו זפה נ' מדינת ישראל (15.3.90, לא פורסם [פורסם בנבו]), אשר התייחס לטענה מסוג זה: כן ר' ע\""פ 3820/09 מדינת ישראל נ' חיים אוחיון הנ\""ל: ... כבר נקבע על ידי בית משפט זה כי ככל שיוחמרו העונשים על בלדרים אלו, כך יש סיכוי שתפחת להיטותם להיענות לאותן הצעות. . . בית משפט זה חזר והדגיש כי על מנת לשבור את שרשרת הפצתו של הסם יש לטפל ביד נוקשה גם בבלדרי הסמים שמאפשרים את העברתו של הסם מבעליו לציבור ובכך מסבים נזק רב לחברה. .. עיינתי בפסיקה שהומצאה לי על ידי הצדדים. אכן קיימת קשת ענישה בעבירות מסוג זה, אם כי ברור לחלוטין שנטיית הפסיקה היא להחמיר משמעותית בענישה על דרך מאסר בפועל ממושך בעבירות אלה. כך למשל בע\""פ 3570/09 (אבו עמרה) נדון הנאשם בגין יבוא של כ – הרואין ל – 7.5 שנות מאסר. בענייננו מדובר בכמות העולה פי 10 על הכמות שנתפסה באותו עניין. בע\""פ 6375/10 נדון קטין שהורשע ביבוא של הרואין ל – 7 שנות מאסר, תוך שביהמ\""ש העליון מציין כי לו היה בגיר, היה ראוי עונשו לעמוד על 10 שנות מאסר כפי שנפסק בערכאה הדיונית. בעניינו מדובר בכמות כפולה ובנאשמים בגירים. בע\""פ 2587/09 (אבו""",train
"אין צורך לחזור ולהדגיש את חומרת תופעת הסמים, המהווה מסוכנות ממשית המאיימת על שלומה ובטחונה של החברה, הן באופן ישיר מעצם טיבה ומהותה, והן כנגזרת בעלת השלכות רוחב רבות בעולם הפשע. בשל כך מדיניות הפסיקה היא, כי יש לנקוט בקו ענישה מחמיר בעבירות סמים, כהכרח על מנת להילחם באמור, תוך נקיטת תגובה משמעותית להרתעת עבריינים בפועל ובכח מביצוע עבירות סמים ובמתן שיקול שולי ביותר לנסיבותיו האישיות של העבריין. ר' למשל בעניין זה דברי בית המשפט העליון בע\פ 4381/05 אבו זקיקה נ' מדינת ישראל (מיום 12.7.06 – לא פורסם) בו נידון המערער, צעיר בעל עבר נקי, ל – 4 שנות מאסר לאחר שהורשע בהחזקת 100 ג' הרואין: \""ובנוגע לנסיבותיו האישיות של הנאשם, קשות ככל שיהיו – בעבירות סמים מסוג זה, יש לייחס להן את המשקל השולי ביותר (ראו והשוו בעניין זה ע\""פ 376/89 לובטון נ' מדינת ישראל, פ\""ד מה (4) 309, 311), שכן חובה היא על בית המשפט בימים אלו להילחם מלחמת חורמה בתופעה של החזקת סמים מסוכנים (ראו והשוו ע\""פ 3759/03 יצחק תמיר נ' מדינת ישראל (טרם פורסם)). אשר לעבירות סחר או החזקה מסחרית של סם מסוכן מסוג הרואין כבר נקבע, כי יש למצות את הדין עם עבריינים אלה ובפרט כאשר מדובר בהחזקה של כמות סם כה גדולה. ... עיינתי בפסיקה אליה היפנה ב\""כ הנאשם, אך לא מצאתי שיש כדי לתרום תרומה של ממש לענייננו. בעניינים שנדונו בפסיקה האמורה, מדובר בנסיבות השונות מנסיבות עניינו של הנאשם כאן, בין אם בשל קיומם של הישגי שיקום מיוחדים ומוכחים פרק זמן ארוך (לעיתים משך שנים רבות), בין אם בשל התרשמות חיובית ממאפיינים אישיים והתנהגותיים של הנאשמים שם הן ע\""י""",train
"כי קיים פתח של תקווה, לפיו הפנים הנאשם את מצב העניינים ואכן לא שב עוד לסורו. במצב דברים זה, שליחתו למאסר בפועל לא זו בלבד שלא תתרום היום לעניין, אלא שיש בה לדעתי סיכון לגרום להתדרדרות במצבו ולפגיעה באינטרס הציבורי. על רקע כל המפורט- שיקולי הענישה וההרתעה הנדרשת מחד, ונסיבותיו האישיות של הנאשם מאידך ולאחר שהודיע הממונה על עבודות שירות כי מצא את הנאשם כשיר לביצוע מאסר בפועל בדרך זו, הנני דן את הנאשם כדלקמן: 10 חדשי מאסר, מתוכם 6 חדשים יהיו לריצוי בפועל והם ירוצו בעבודות שירות כמפורט להלן, והיתרה תהא על תנאי, והתנאי הוא שלא יעבור בתוך שנתיים מהיום עבירת אלימות כלשהיא, כלפי מי מבני משפחתו, כהגדרת בן משפחה בחוק למניעת אלימות במשפחה תשנ\א- 1991. מפעיל את המאסר המותנה בן 6 החדשים התלוי ועומד כנגד הנאשם מת.פ. 2088/02 (בימ\""ש באר שבע), אשר ירוצה בחופף לעונש המאסר בפועל שהוטל בסעיף א' לעיל, אף הוא במסגרת אותם עבודות שירות. ששת חדשי עבודות השירות יבוצעו בבית אבות גילת בבאר שבע, בימים א'-ה' בין השעות 08:00 עד 15:00 ובערבי חג בין השעות 08:00 עד 12:00, בפיקוח הממונה על עבודת שירות ומר אלי מור יוסף. תחילת העבודות תהיה ביום 3.1.06. ככל שיהיה צורך בשינוי מקום ההשמה, יוכל הממונה על עבודות שירות לעשות כן ישירות, בלא צורך באישור מוקדם מבית המשפט, תוך העסקת הנאשם עפ\""י שעות העבודה הנהוגות במקום ההשמה החדש.""",train
"לא אחת ציינתי את דעתי, כי לא בא בחשבון בשום מצב שהוא, שאדם בכלל ובן זוג בפרט, יפתור את מחלוקותיו עם בן זוגו בדרך האלימות, מכל סוג ומין שהוא, ולא חשובה כלל הסיבה שהובילה אותו לכך. אלימות כלפי בת הזוג, בין פיזית ובין מילולית, יש בה ללא ספק משום השפלה וביזוי, הגדולים לכשעצמם, לעיתים פי כמה, מהכאב הפיזי עצמו. תפיסתי היא על כן, שאין לקבל התנהגות כאמור ויש להוקיעה מכל וכל. יתרה מכך, אלימות במשפחה, הינה חמורה במיוחד, בעיקר כשהמדובר בנשים וילדים, שכן המדובר בקורבנות, שהגנתם קשה להם יותר מחד, ומאידך- חשיפתם רחבה מהרגיל, כלפי מבצע העבירה כלפיהם. בנסיבות אלה, אין ספק כי יש להרתיע עבריינים בכח ובפועל בענישה מחמירה, ביחוד כשהנתונים מלמדים, שאין זו מעידה חריגה בלבד אצל הנאשם כבעניננו, אלא מרצה הוא כעת תקופת מאסר נוספת בגין עבירות דומות שביצע כלפי בת זוגו. זאת ועוד, לא רק ענינו של הנאשם הוא העומד בפני, אלא ניתן לומר כי למרבה הצער, הפכו עבירות האלימות בכלל ובמשפחה בפרט, לנגע כואב (תרתי משמע) בחברתנו, אותו יש לשרש מן היסוד. בהחלטות ובפסקי דין לא מעטים ציינתי, כי איכות חייה וכבודה של אשה בחברתנו, הינם לדעתי ערך עליון, ועל כן שומה על בית המשפט לתרום את חלקו למימוש ערך זה, תוך שיש לו תפקיד ראשון במעלה להבטיח שיעד זה יושג, ולא יהווה משאלת-לב בלבד. מצד שני, לא אוכל להתעלם מאסופת המסמכים שהוצגה לעיוני אשר על אף היותם ישנים יחסית, אכן עולה מהם, כי הנאשם פעל שנים רבות לטובת החברה והקהילה, תוך שתרם מזמנו וממרצו, לטובת החברה במישורים שונים. נדמה איפוא, כי אכן כשלונו של הנאשם במערכת חייו הזוגית, הינו חריג",train
"הארץ. הוא נועד לשמר את פיסות החופים להנאתם ולרווחתם של תושבי הארץ, להבטיח לכל אדם את הנגישות אליהם, ולהגן עליהם מפני השתלטות פרטים לצרכים כלכליים. חוק שמירת הסביבה החופית נועד לעגן באורח חקיקתי מפורש את זכותו הטבעית של הציבור בחופי הים, ולהניח בגדרו של חוק מפורש את העקרונות האמורים להנחות את גופי התכנון ורשויות הביצוע בבואם להסדיר את פרטי התכנון של הסביבה החופית\ (ס' 42-43 לפסק הדין). (ר' גם בג\""צ 440/80 מ' טייג ושות' בע\""מ נ' הועדה המחוזית לתכנון ובניה, מחוז חיפה ואח', פ\""ד ל\""ו (3), 85 בעמ' 91 ). מימד האחריות החברתית והערך המוגן בדיני התכנון והבניה, בא לידי ביטוי גם בדנ\""א 1333/02 הועדה המקומית לתכנון ובניה רעננה נ' יהודית הורוויץ ואח', פ\""ד נ\""ח (6) 289 בעמ' 299: ... ביסוד תפישה זו מונחת המציאות כי המקרקעין - ואני מתרכז עתה בהיבט זה של הקנין - הוא משאב לאומי. כמות המקרקעין אינה ניתנת להגדלה. חיי החברה מותנים ביכולת הציבור לעשות שימוש במקרקעין, כגון לבנות כבישים, לסלול מסילות, להסדיר אמצעי תקשורת, להבטיח בנייתם של מוסדות ציבור, לשמר עתיקות ונכסים תרבותיים, לשמר שטחים פתוחים, ולקיים שמירה על בטחון הציבור ושלומו. . . כל אלה הופכים את קנין המקרקעין לקנין שמימד האחריות החברתית בו הוא חשוב. שיקולים אלה ואחרים מחייבים מתן כח למדינה לפגוע בקנין הפרטי כדי לקיים את אינטרס הציבור. בכך מתבטאת האחריות החברתית המיוחדת של הקנין הפרטי. דיני התכנון והבניה הם אחד המכשירים החשובים, דרכם מוגשמת האחריות החברתית של הקניין... דיני התכנון והבניה משמשים כיום כלי להשגת יעדים חברתיים ראשונים במעלה כטיפול בצרכי נכים וקבוצות חלשות.. . בכל אלה, גישתם של דיני התכנון והבניה היא מאזנת. (ר'""",train
"אין ספק כי עברו הפלילי של הנאשם אינו מחמיא, וזאת בין היתר נוכח העובדה כי כבר מגיל צעיר החל בהסתבכות פלילית, שכללה מגוון עבירות תקיפה, סחיטה באיומים, חבלה ונסיון גניבה מרכב, הסגת גבול, גניבה, איומים, התנהגות פרועה, התפרצות ועוד. צודק גם ב\כ המאשימה בכך, שהעבירות הקשורות בכלי רכב- פריצה וגניבה מתוכם, הפכו למכת מדינה, שהיא למותר לציין, תופעה הגורמת לעגמת נפש רבה וחסרון כיס לצדדים המעורבים. על כן העבירות שעבר הנאשם מחייבות ענישה מחמירה, מה גם כי אין זו הפעם הראשונה בה נפגש הנאשם בנסיבות פליליות עם בית המשפט. מאידך אין להתעלם מנסיבותיו האישיות הלא קלות של הנאשם, אשר גדל ללא ספק במצוקה אישית וכלכלית, וכן מהודאתו בפני וחסכון מזמן שיפוטי. גם העובדה שהנאשם נמצא מתמיד ומשתף פעולה במפגשים עם שירות המבחן, ואף ביטא נכונות להמשיך בקשר הטיפולי בשירות המבחן עומדת לזכותו, ואף היותו במעצר בית תזקף לזכותו. יחד עם זאת, מעיון בגזר דינה של עמיתתי כב' השופטת בית אור בעניינו של הנאשם, בת.פ. 1174/02 ו-6160/02 הנ\""ל מיום 27.5.02, עולים שני נתונים רלוונטיים לענייננו: האחד, כי הנאשם הורשע אמנם בעבירת התפרצות ודינו נגזר בין היתר למאסר על תנאי תוך שהעבירות נשוא תיקנו בוצעו בתוך תקופת התנאי ואולם, עיון מדוקדק בגזר הדין עצמו מעלה, כי עונש המאסר המותנה, אינו חל על העבירות נשוא תיקנו (לפי סעיף 413ו ו-413ד לחוק), אלא על עבירות לפי סעיפים 406 ו-192 לחוק. למותר לציין כי אין הדבר מפחית מחומרת העבירות לכשעצמן כמובן, אלא שלצורך הענישה הנשקלת כאן, לא ניתן להפעיל את התנאי כמבוקש. הדבר השני העולה מעיון בגזר הדין הוא, כי הטיעונים שהועלו בפני בדבר תחילת עבודה מצד הנאשם, המהווה \""מרפא\"" לחוליו,""",train
"האלימות בכלל והאלימות המינית בפרט, לנגע בחברתנו, אותו יש לשרש מן היסוד. בהחלטות ובפסקי דין לא מעטים ציינתי, כי איכות חייהם, כבודם ושלומם של ילדים בחברתנו, הינם לדעתי ערך עליון, ועל כן שומה על בית המשפט לתרום את חלקו למימוש ערך זה, תוך שיש לו תפקיד ראשון במעלה להבטיח שיעד זה יושג, ולא יהווה משאלת-לב בלבד. יודגש, כי זוהי גם עמדתה העקבית של הפסיקה הדנה בעניין, ומדיניות הענישה בעבירות מין בקטינים היא החמרה משמעותית, אשר תבטא את התיעוב והסלידה שחשה החברה מהמעשים וממבצעיהם (ר' לעניין זה דברי כב' השופט צבן בפח (מחוזי ירושלים) 726/04 מדינת ישראל נ' משה דב (סטביש) (לא פורסם), החל מסעיף 11 לפסק הדין לרבות פירוט האסמכתאות הרב והממצה שנסקר שם). יצויין כי אף המחוקק קבע לצידה של העבירה נשוא ענייננו, עונש חמור של 7 שנות מאסר. מצד שני, לא אתעלם מכל השיקולים לקולא אותם פרשה בפני הסניגורית, גילו, מצוקת חייו הקשה של הנאשם כפי שבאה לידי ביטוי בהרחבה בתסקיר ונסיונותיו הטיפוליים בעבר, העובדה כי בכל זאת מדובר במחלה ממנה סובל הנאשם וכן מעובדת הודייתו של הנאשם וחסכון מזמן שיפוטי. לצערי, לא הובא בפני כל מידע בדבר הנזק הנפשי שנגרם לקטינה והיקפו, בדמות תסקיר קרבן וכיוצ\ב, ואין לי אלא לקוות כי אינו רב. לאור כל האמור ברורה איפוא התשובה לשאלה המרכזית שעמדה על הפרק- שיקום או ענישה ותשובתה היא ללא ספק ענישה, כזו שאינה מהווה רק גמול אלא גם ואולי בעיקר, הגנת הציבור מפניו של הנאשם. לאחר ששקלתי איפוא את כל האמור לעיל, הנני דן את הנאשם כדלקמן: 50 חודשי מאסר מהם 36 חדשים יהיו לריצוי בפועל, והיתרה תהא על תנאי, והתנאי הוא""",train
"התכנון נועד, בין היתר, לקדם תכלית זו. תכלית נוספת של דיני התכנון עניינה בקיום שלטון החוק ובאכיפת החוק. חוק התכנון והבניה חותר להגשים מטרות הנעוצות בטובת הכלל בדרך של הסדרת השימושים בקרקע וקביעת אמות מידה לבנייה, בהתחשב בשיקולים ובאינטרסים שונים. למימוש מטרות אלה, קובע החוק עקרונות של סדר ציבורי ואמות מידה להתנהגות מחייבת בתחום זה. בנייה או שימוש בקרקע בדרך בלתי חוקית הסותרת את דיני התכנון, נוגדים את אינטרס הציבור וחותרים תחת מושגי יסוד של שלטון החוק. פעולות בנייה ופיתוח המנוגדות לחוקי התכנון, פוגעות באינטרסים של פרטים ושל הציבור גם יחד. קידום טובת הציבור והפרט מחייבת כי פיתוח ובנייה ייעשו על-פי החוק ועל פי תכניות והיתרי בנייה שהוצאו על-פי דין ... ...היבט ההגנה על שלטון החוק בקיום דיני התכנון חשוב לא רק להבטחת השיטה והמנגנון הראויים לניצול יעיל של הקרקע במדינה, אלא גם כמסר חינוכי לפרט בחברה, בדבר החובה לכבד את הנורמות המחייבות על-פי הדין, הן ככלל, והן בתחום הבנייה ופיתוח שטחי הארץ בפרט. עצימת עין מהפרת שלטון החוק בתחום אחד של הפעילות האנושית, סופה שתביא לזלזול בחוק גם בתחומי חיים אחרים. כיבוד הדין, ויישומו בכל תחום, ובכלל זה בתחום התכנון והבניה, מהווים יסוד הכרחי לקיום החברתי ותנאי לתקינות פעילותו\. (סעיפים 37-41 לפסק הדין). בהמשך, ונוכח העובדה כי המדובר במתחם הגובל בחוף הים, דן בית המשפט בהיבט הקונקרטי הנוגע לניצול הים: \""מיתחם המרינה גובל בחוף הים התיכון... בתורת שכזה, אופיו ואיכויותיו כאזור תכנון מושפעים באופן הדוק מקרבתו לחוף הים ומייעודו של אזור החוף לתועלת הציבור כולו. בשל ייחודו של מיתחם המרינה כחלק מחוף הים בהרצליה, חולשים עליו מספר דינים מיוחדים העוסקים בחופי הים, אשר נועדו להבטיח""",train
"בפסקי דין רבים הבעתי דעתי, לפיה אני רואה אכן עין בעין את טענות ב\כ המאשימה, ולפיהן קיימת חומרה יתרה בימים אלו, בעבירות נשוא תיק זה, על רקע הצורך הדחוף להתמודד באופן אפקטיבי והרתעתי יותר בשיתוף הפעולה של אלו מתושבי ישראל המסייעים לתושבי האיזור הנכנסים לישראל שלא כדין ובכך פוגעים ביכולתם של גורמי הבטחון לפעול לסיכול כניסתם של גורמים עוינים לישראל (ר' דברי ההסבר להצעת החוק אשר קדמה לתיקון סעיף 12א לחוק הכניסה לישראל – הצעת חוק שהייה שלא כדין (תיקוני חקיקה) (הוראת שעה) (תיקון מס' 7) תשס\""א – 2001 בעמ' 786). שעה שמצויים אנו במלחמה מתמדת כנגד הטרור, המוצא דרכים שונות ומגוונות לחדור לשטח המדינה ואף מצליח למרבה הצער לעשות כן לעיתים, בין היתר, בעזרת פעילות כמתואר בכתב האישום נשוא עניננו, המעודדת ומסייעת לשבחי\""ם להיכנס לשטחי המדינה, ומעצימה את התופעה תוך הכבדה על המערכת הביטחונית. נאמר לא אחת כי יש להחמיר עם עבריינים העוברים על חוק הכניסה. ההכבדה העצומה הנופלת על רשויות הצבא והמשטרה, מבוטאת בכך שאין הם יכולים למקד מאמציהם לאיתור חוליות טרור, וצריכים הם להעמיד משאבים כלכליים ואנושיים רבים, אף כלפי אנשים שפניהם מועדות לחיפוש עבודה, ולא לשם ביצוע פיגועים. אין צורך לומר, כי הצלחה בכניסה לישראל, מביאה אף לידי הגברת המוטיבציה אצל מנועי כניסה נוספים, לנסות ולהכנס בשערי המדינה, שלא כדין ותוך הטלת נטל בלתי סביר על רשויות הבטחון והחברה בארץ. דברים ברוח זו, ביטאתי לא אחת בפסקי דין שונים שנתתי, (ר' לדוגמא לאחרונה ת.פ. 2996/04 לשכת תביעות מרחב נגב-באר שבע נ' אבו עפאש יוסף ואח' (לא פורסם)). לעניין זה, יפים דבריו של השופט טירקל ברע\""פ 5198/01 טלעת ח'טיב נ' מדינת ישראל, פ\""ד""",train
"את השמירה על טיבם המיוחד של אזורי טבע אלה, ולהגן על זכותו של הציבור הרחב למצות את ההנאה מהם. מעמדם של חופי הים בישראל מוסדר בראש ובראשונה בחוק המקרקעין, הקובע כי שפת הים, לרבות מקרקעין שבתחומי הנמל, הינם \מקרקעי ייעוד\"", לאמור: מקרקעי ציבור המיועדים לתועלת הציבור (סעיף 107(1) לחוק המקרקעין)... תכליתם של מקרקעי ייעוד להבטיח כי הציבור לא ינושל ממקרקעין המשמשים במישרין לתועלתו (י' ויסמן דיני קנין - חלק כללי (תשנ\""ג), 276; בג\""צ 5016/96 חורב נ' שר התחבורה, פד\""י נא(4) 1, 149-148). על-פי חוק המקרקעין, חל איסור על עריכת עסקאות במקרקעי ייעוד, ועסקאות שנערכו בהם חסרות תוקף ואינן ניתנות לאכיפה או לרישום (סעיף 111 לחוק המקרקעין). עוד אוסר חוק המקרקעין על הפיכת מקרקעי ייעוד למקרקעי ציבור שאינם מקרקעי ייעוד, אלא בהחלטת ממשלה, או על-פי תוכנית שאושרה סופית לפי חוק התכנון והבניה, או לפי חוק רישום שיכונים ציבוריים (הוראת שעה), תשכ\""ד-1964 (סעיף 110 לחוק המקרקעין). חוק נוסף וחשוב ביותר, שעניינו חופי הים, הוא חוק שמירת הסביבה החופית, תשס\""ד-2004. חוק זה נועד להגן על הסביבה החופית, לשמור עליה לתועלת ולהנאת הציבור בהווה ולדורות שיבואו, ולקבוע עקרונות והגבלות לניהול ופיתוח אזורים אלה (סעיף 1 לחוק). החוק נכנס לתוקפו ביום 15.11.2004. הוא אינו חל, אפוא, בענייננו, אך רוחו והערכים החברתיים שעיצב מקרינים על התפיסה הראויה ביחס לחשיבות המיוחדת שבהגנה על הסביבה החופית של הארץ. מעבר להוראותיו האופרטיביות, חוק השמירה על הסביבה החופית הנו בעל חשיבות מיוחדת בביטוי שהוא נותן לנורמות יסוד הקשורות בזכותו הטבעית של הציבור הרחב למשאבי הנוף והטבע שארץ זו הצמיחה לטובת כל תושביה. הוא מעגן את זכותו הבסיסית של הציבור בישראל לחופי הים התיכון שלאורך גבולה של""",train
"ראוי להשית על שולחו, ואולם לא זה הגורם העומד בפני להכרעה זו. חלוף הזמן מאז ביצוע העבירה, כשנתיים וחצי, הודייתו המיידית של הנאשם וקבלת אחריות למעשיו, עברו הנקי לרבות העובדה כי המדובר בעבירה יחידה ומאז ביצועה לא נרשמה כנגדו כל הפרת חוק נוספת, גילו הצעיר יחסית, רקעו הקשה והדרך הארוכה כך נראה, שעשה הנאשם בשיתוף הפעולה שלו עם שירות המבחן, נקיונו עתה מכל סם והשתלבותו בלימודים במסגרת פרויקט אוניברסיטת בן גוריון, כל אלה בשילוב עמדתה החד משמעית של קצינת המבחן (שמצאה לנכון כאמור לעיל, להתייצב ולשכנע את בית המשפט אף בע\פ בחריגותו של המקרה והיותו יוצא דופן), מביאים אותי לידי המסקנה כי המדובר בנאשם בעל פוטנציאל נורמטיבי מטבעו, שהעבירה הנדונה חריגה לאורח חייו בדרך כלל, ועל כן יש לאמץ, על אף חומרתה, את המלצת שירות המבחן ולהמנע משליחתו של הנאשם למאסר, אף לא כזה המומר בעבודות שירות. לא כן לעניין הרשעתו: כידוע \""ברירת המחדל\"" הינה הרשעה, ואי הרשעה הינו חריג לכלל ונקבע בנסיבות יוצאות דופן, בהן אין יחס סביר בין הנזק הצפוי מן ההרשעה בדין לבין חומרתה של העבירה. (ר\""ע 432/85 גדעון רומנו נגד מדינת ישראל תק' על' 85 (3) 737, ע\""פ 2083/96 - תמר כתב נ' מדינת ישראל פ\""ד נב' (3), 337 ע\""פ 2513/96 מדינת ישראל נגד ויקטור שמש ואח', פ\""ד נ' (3) 682 ועוד). מהות העבירה, הרתעת הרבים, מדיניות ענישה אחידה ושוויון בפני החוק ככל האפשר ובעיקר צירוף העובדה, כי לא שוכנעתי בדבר הפגיעה הקשה כל כך בעתידו של הנאשם ובשיקומו ככל שיורשע בדין, מביאים אותי לידי המסקנה, כי אינני יכול להמנע מהרשעה ועל כן החלטתי שלא לבטלה. באשר לעונש: על רקע כל המפורט""",train
"בענייננו ומעיון במסמכים שצירף ב\כ הנאשם לטיעוניו, לא ניתן להתעלם גם מהעובדה כי אכן הרושם המתקבל, מבלי שתשתמע חלילה הקלת ראש כלשהיא בחומרת המעשים, כי המדובר בהיקף נמוך יחסית ביחס להיקף הפעילות הכולל (פחות מ- 1%), וכי ככל הנראה בוצעו ע\""י הנאשמים כל שאר הפעולות הרישומיות המחוייבות. מאידך, לא אוכל לקבל את טענת הנאשם לפיה אין המדובר בדיווח כוזב אלא בהעדר דיווח, וכידוע, הכלל שנקבע הוא שאי דיווח משמעותו המעשית היא מסירת מידע כוזב כמשמעותה בסעיף 3 (ב) הנ\""ל (ר' למשל ע\""פ 3395/06 מאיר כהן נ' מדינת ישראל הנ\""ל בסעיפים 10 ואילך לפסה\""ד). באשר לעבירת הסמים: ברור כי חומרת מעשהו של הנאשם, אינה יכולה להיות מוטלת בספק כלשהו. בהתאם לכתב האישום בו הודה הנאשם, נדברו הוא והמבצע העיקרי (יורם טהל), שהנאשם יסייע ליורם טהל לייבא סם מסוכן מחו\""ל לישראל. במסגרת זו העביר הנאשם לטהל סך של 700 $ לצורך מימוש עסקת יבוא הסם, עסקה שמומשה בפועל ותוצאותיה ההרסניות סוכלו, אך בשל תפיסתו ומעצרו של טהל, עת נחת ביחד עם הסם, בישראל. על החומרה שבעבירות סמים אין צורך להרחיב את הדיבור. משנה תוקף יש לאמור, נוכח הכמות העצומה שיובאה (2,308 ג' ו של סם מסוכן מסוג קוקאין), שהיא פי 7,693 מהכמות המוגדרת שלא לצריכה עצמית (0.3 ג') וההשלכות ההרסניות שיש ליבוא הסם האמור על הציבור וההצפה הנוראית הצפויה ממנו. אמנם הנאשם נשוא הנדון היה רק המסייע ולא המבצע העיקרי ואולם, היה מודע לעבירה המבוצעת, ולא זו בלבד שלא עשה דבר למנעה, אלא אף סייע בידי המבצע העיקרי לממשה. עם זאת, אינני בטוח בנכונות הטענה לפיה ללא מימונו של הנאשם, לא יכולה הייתה העסקה לרקום עור וגידים, שכן""",train
"בית המשפט, כתנאי לשחרורם, ולעיכוב הביצוע בעניינם. בנסיבות בקשת באי כוחם והתחייבותם לפיקוח על הנאשמים בתחומי בית המשפט עד להפקדת דרכונם, אין צורך לעצרם בשלב זה וניתנת ארכה כמבוקש להפקדת הדרכון, עד השעה 12:00 היום.",train
"עבירה לפי סעיף 413 לחוק הנ\ל בגינו תעמוד תקופת התנאי על 4 חדשי מאסר למשך 3 שנים ולמעט סעיף 452 לחוק הנ\""ל שאינו נכלל במסגרת התנאי האמור. הפעלת המאסר המותנה בן 8 החדשים מת.פ. 5770/00 (בימ\""ש באר שבע), אשר ירוצה, עפ\""י הוראות סעיף 58 לחוק העונשין תשל\""ז- 1977 במצטבר לעונש המאסר בפועל שהוטל עליו בסעיף א' לעיל. למען הסר ספק מובהר, כי הנאשם ירצה בסך הכל 20 חודשי מאסר בפועל, מהם תנוכה תקופת המעצר בפועל שריצה בתיק זה, היינו מיום 4.1.04 ועד יום 10.10.04""",train
"שירות המבחן מתרשם באופן חד משמעי כי הנאשם מתקשה בעריכת שינוי, ורק לאור הבעת רצון ומוכנות מצידו להמשיך בתהליך טיפולי ובנימוק כי הליך טיפולי אורך זמן רב, מציע שירות המבחן לשקול בחיוב העמדת הנאשם בצו מבחן. שירות המבחן, לא זו בלבד שאינו מביע עמדה חיובית באשר לסיכויי שיקומו של הנאשם, אלא אולי אף להיפך, צפייתו היא לסיכון להמשך והעמקת מעורבותו העבריינית, והמלצת השירות אינה אלא בגדר מתן הזדמנות לנאשם להשתלב בהליך, במהלכו יתכן ויפְנים את חומרת מעשיו והשלכותיהם, וירכוש כלים להתנהגות נורמטיבית, טיפול שאינו מוגבל אך למסגרת שירות המבחן. נתונים אלה אינם מספקים בעיני. בנסיבות אלה, בהן מדובר בנאשם המחזיק בתפיסות עברייניות והנעדר ראשיתה של הפנמת מעשיו וחומרתם, נסוג האינטרס השיקומי מפני יתר שיקולי הענישה המתחייבים במיוחד לאור חומרת העבירה, ומטרת הענישה במקרים אלה. מאידך, לא אתעלם מהודייתו של הנאשם וחסכון הזמן השיפוטי הנובע מכך, כמו גם הבעת חרטה המשתמעת ממנה. עוד אתחשב בגילו הצעיר יחסית של הנאשם, ובעובדה כי עברו הפלילי, אף כי קיים, אינו מכביד ואינו נושא בחובו עבירת סמים קודמת. לא אתעלם אף ממשמעות כניסתו לראשונה למאסר ממש, ואף הצהרתו בפני שירות המבחן בדבר מוכנותו לשיקום, תובא לזכותו. לעניין זה אני מקווה, כי הנאשם ישכיל בתקופת המאסר שנפסקה לו כמפורט להלן, לערוך חשבון נפש מחודש ולהשתלב בהליך טיפולי בתוך כתלי בית הסוהר, שיביא להכרה כי הוא חייב, לטובתו האישית, לשנס מתניו ולעשות מאמץ כן ורציני, להתחיל בדרך חדשה ונורמטיבית בחייו, תוך התמודדות אמיתית עם מצבו. בשקלול האיזונים שבין חומרת העבירה מחד ונסיבותיו האישיות של הנאשם מאידך, הנני גוזר עליו איפוא את העונשים הבאים: מאסר למשך 50 חודשים, מתוכם 36 חדשים יהיו לריצוי בפועל",train
"שלו תק' –על כרך 93 (3) 1327, קבע כב' הנשיא שמגר: יש לזכור שהמדובר אמנם בפסק דין מהתחום האזרחי ואולם נראה לי, כי יש ללמד בו גם בעניננו. מדברים שהובאו לעיל, יש ללמוד, כי עבירת האיומים, הינה עבירת אלימות מילולית, ונכנסת היא לגדרי עבירת האלימות. אף אם נאמר כי לא נוחה הרחבה זו, הרי שמרגע בו נקב התנאי – לעבירת אלימות מכל סוג שהוא, נפתרת תחושת אי הנוחות, שכן פרשנות מצמצמת של התנאי, תעקר את כוונת בית המשפט, שם, מתוך רצון להזהיר את הנאשם שלא יעבור עבירת אלימות בכלל מופעיה. נ ער אני כי קיימת פסיקה שונה לזו שהובאה לעיל, לדוגמא ע\פ (חיפה) 2859/02 שלמה שוקרון נ' מדינת ישראל, תק-מח 2003(11), 21749, והשאלה הושארה גם בצריך עיון בע\""פ (ירושלים) 1052/99 דניאל ביטון נ' מדינת ישראל תק- מח 99 (2) 4076. גם לא נעלם מעיני פסק דינו של כב' השופט חזק מבית משפט השלום באשדוד (פ' 814/03 מדינת ישראל נ' אלמיו שלמה (לא פורסם) ואולם, מעבר לעובדה כי המדובר מפס\""ד של בית משפט שלום, הרי שכפי שציינתי לעיל וכפי שאף מופיע בפסק דין זה, אני סבור שמרגע שנקבע התנאי, בצורה רחבה של \""עבירת אלימות מכל מין וסוג שהוא\"", כמו עובדות המקרה שלפנינו, הרי שאין לי כל ספק, כי אלו היו הנחות בית המשפט שעה שקבע מלכתחילה את התנאי. אין לדעתי דרך לסבור שקיים חוסר בהירות בתנאי, כזה המאפשר שני פירושים (ואז כמובן יש לבחור על פי סעיף 34כא לחוק העונשין תשל\""ז- 1977 את הפירוש המקל עם הנאשם), ואני סבור כי כל מסקנה אחרת לפיה איומים אינה מהווה עבירת אלימות, מעקרת את תכלית הסעיף מתוכנו. סוף דבר, הנני""",train
"שם האם מתקיימים התנאים לאי הרשעה.ו אף לשיטתי, אני סבור כי עמדתה של ב\כ המאשימה, מעקרת היא כלל ועיקר את רעיון אי ההרשעה, ואינה מותירה כל מקום, לבחון שיקולי ענישה נוספים במסגרת עבירת הפרעה לשוטר, מלבד מתן משקל יתר לשיקול ההרתעתי. כל מעשה עבירה וחומרתו, וכל מקרה לגופו וכללי אי ההרשעה, לא זו בלבד שאינם מסויגים לעבירות ספציפיות, אלא שנאמרו הן בעיקר תוך התייחסות ומתן משקל יתר לנסיבותיו האישיות של העבריין, ומשקל משלים לטיב העבירה וחומרתה. לכן, הגעתי למסקנה כי אין כל מניעה טכנית או מהותית לשקול את נסיבותיו האישיות של הנאשם כאן, והכל לאור הלכת כתב. כן, ראיתי לנכון להביא מע\""פ 2669/00 מדינת ישראל נ' פלוני ו-3 אח', פ\""ד נד(3), 685 , המסכם בצורה יפה את שיקולי הימנעות מהרשעה : מושכלות ראשונים הם כי דרך כלל, בית משפט אשר קבע כי נאשם ביצע את העבירה המיוחסת לו ירשיעו בדין. ככלל, משנמצא כי אדם עבר עבירה, מתחייב כי ההליך הפלילי כנגדו ימוצה בדרך של הרשעתו וענישתו, ומציאות זו עומדת ביסוד הליך אכיפת חוק תקין ושוויוני. לכלל זה - כאשר הוא מוחל על נאשמים בגירים - נמצא חריג בדמות ההסדר שבסעיף 71א לחוק העונשין התשל\""ז-1977 לפיו רשאי בית המשפט, גם כאשר מצא שנאשם ביצע עבירה, להימנע מהרשעתו וליתן בעניינו צו שירות לתועלת הציבור, בנוסף למבחן או בלעדיו. משמתבקש בית המשפט לשקול אימתי יחיל את הכלל המדבר בחובת הרשעה ומתי יחיל את החריג בדבר הימנעות מהרשעה, נדרש איזון שיקולים המעמיד את האינטרס הציבורי אל מול נסיבותיו האינדיבידואליות של הנאשם. בראייה כוללת, נשקל מן הצד האחד הצורך במיצויו של ההליך הפלילי בדרך של הרשעת העבריין כדי להשיג בכך, בין""",train
"זה מספיק להטמיע בחוק סטנדרטים של התנהגות. הציבור חייב לראותם מיושמים בכל עת ולראות בהם חלק בלתי נפרד מנהגים חברתיים מקובלים המגנים על גופו, על רכושו ועל כבודו של כל אחד מתוכו. ענישה סלחנית במקרים של התנהגות עבריינית חמורה עלולה להביא להתמוטטות עכבות מוסריות, להתפרש כהתפשרות על ערכים ועל נורמות, לפגוע באמינות מימושו של האיום בעונש מאחורי החוק ולהעביר מסר שלילי לעבריינים פוטנציאליים המועדים לבצע עבירות מאותו סוג. באותו אופן שבו השתת עונש ממשי היא בבחינת ביטוי חברתי חריף לגינוי שלו ראויים המעשים החמורים, כך אימוץ הגישה הסלחנית תחליש הכרת האיסור שבהתנהגות\ (ע\""פ 4872/95 מדינת ישראל נ' אילון, פ\""ד נג(3) 1, 7 - השופטת שטרסברג-כהן). בענייננו יש לזכור, המדובר בעבירת ניסיון שוד, אליה מצטרפות 3 עבירות סחיטה באיומים. בנסיבות אלה ונוכח המציאות, לפיה הפכו למרבה הצער עבירות האלימות והרכוש הרבות לנגע חברתי, גם ע\""י אנשים נורמטיביים במהותם, מתחייבת כאמור החמרת הענישה באופן שיהיה בכך כדי להרתיע מפני מעשים מסוג זה. אל מול האמור ולצד הקולא, לא ניתן אכן להתעלם מעובדת הודייתו של הנאשם וחרטתו, אף אם באה במהלך שמיעת הראיות בתיק, והרושם שהתקבל הוא שאכן הובעה על ידי הנאשם בכנות תוך שאכן הפנים הוא את משמעות מעשיו ומצטער עליהם. העדר עבר פלילי ודאי עומד לזכותו, ובעניין זה אין דעתי כדעת ב\""כ המאשימה ואני סבור כי כשאדם נותן את הדין לראשונה בחייו, נחשב הוא כחסר עבר פלילי, אף אם כתב האישום נושא בחובו מספר עבירות. כמובן אביא בחשבון גם את נסיבות חייו כפי שפורטו על ידי הסנגור, ואת העובדה כי בסופו של יום ומבלי שתשתמע חלילה כל הקלת ראש בחומרת העבירות, אכן אין המדובר בעבירות שנסיבותיהן היו""",train
"להחלטה אצל ביהמ\ש המחוזי. אני מתנגד לעיכוב ביצוע כאמור. חברי לא הציג שום ראיה פוזיטיבית לכך שהנאשם נמצא כעת בהליך גמילה. בנוסף, הנאשם יכל לצפות לאור חומרת העבירות את שליחתו למאסר של ממש. מדובר בענישה קלה מסוג העבירות, המדובר בשתי עבירות של סחר בסם ולכן, אני סבור כי אין לדחות את ביצוע גזר הדין. התנהלות העניינים כפי שפורטה על ידי, הן בגזר דיני לעיל והן בהחלטותי מיום 14.10.04 ומיום 21.11.04, מצביעה לכאורה על כך כי אין מקום עוד לעכב את ביצוע העונש ואולם, אין בדעתי לחסום את דרכו של הנאשם למיצוי זכויותיו ולבחינת גזר דיני על ידי ערכאת הערעור ובנסיבות אלה, הנני נעתר לבקשת הסניגור ומעכב ביצוע גזר הדין עד יום 9.1.05 בשעה 10:00. ב ככל שיוגש ערעור יעוכב ביצוע גזר הדין בהתאם להחלטת ערכאת הערעור על פי שיקול דעתה. ו""",train
"שאין צורך לומר, שרובן אם לא כולן של העבירות הבטחוניות, תחילתן בעבירות \תמימות\"" מסוג זה. יתרה מכך, אף אם היתה הכניסה לצורכי עבודה בלבד, עצם עקיפת הדרך החוקית וכניסה לארץ בדרך בלתי ידועה, מקשה על שלטונות הבטחון לפקח כיאות על הנכנסים בשערי המדינה ומציגה פירצת כניסה ואבטחה, אשר אף בה פוטנציאל לסיכון בטחוני לאחרים, שכניסתם לארץ אינה ממניעים אלו. לכן, גם במקרים התמימים לכאורה ועל רקע הפסיקה שנסקרה לעיל, אין מקום עקרונית לטיעון האמור. השאלה המרכזית איפוא לדעתי אינה, האם יש להחמיר בענישה, או לפסוק עונשי מאסר בפועל. על כך אין מחלוקת וכך אף מנחה אותנו פסיקת הערכאות שמעלינו. השאלה המרכזית היא מה היקף הענישה בכל מקרה ומקרה, ובכך מקובלת עלי עמדת הסניגור ואותה אשקול להלן, על רקע נסיבות הענין. ב קודם שאבחן את היקף הענישה, אעיר לענין הטענה השניה אותה העלה ב\""כ הנאשמים- טענת האפליה. ו אין מחלוקת כי ביחד עם הנאשמים נעצרו עוד 8 אחרים, בנסיבות דומות. האחרים, שוחררו לביתם, בלא שנעצרו ובלא שהוגש כנגדם כתב אישום. לו אלה היו פני הדברים, לא הייתי מהסס ומורה על שחרורם של שני הנאשמים שבפני לאלתר, אלא שעפ\""י האינפורמציה שנמסרה ע\""י ב\""כ המאשימה מסתבר, שכנגד הנאשם 2 קיימות הרשעות קודמות בנושא זה כמפורט לעיל וכי אף לנאשם 3- אין זו הפגישה הראשונה עם החוק בישראל, והוא נתפס בעבר 3 פעמים בגין אותה עבירה, האחרונה כחודשיים קודם מעצרו נשוא תיק זה, ושוחרר בלא שיעצר או שיוגש כנגדו כתב אישום. בנסיבות אלה, לא עומדת לנאשמים טענת אפליה ואין להם להלין אלא על עצמם בלבד. נ מהו היקף העונש הראוי? אין ספק כי יש להפריד בין ענינם של שני הנאשמים.""",train
"ולקחתם בחשבון במסגרת שיקולי. אף אני התרשמתי שהמדובר בנאשם נורמטיבי שעבר את העבירה בה הורשע בתום לב ובלא שהתכוון לזלזל בחוק ו/או להתעלם ממנו. יתכן אף שהוטעה לסבור כי פעולותיו, על רקע בקשת האגודה, מותרות הן. בנסיבות אלה אני סבור כי יש להקל עם הנאשם ואין למצות עימו את הדין. ו לאור כל האמור, ולאחר ששקלתי את האיזונים שבין מטרות הענישה מחד ונסיבותיו האישיות של הנאשם ונסיבות המקרה מאידך, הנני דן את הנאשם כדלקמן: 1. הנאשם ישלם קנס (בשני התיקים) בסך כולל של 15,000 ₪ או 30 ימי מאסר תמורתו. הקנס ישולם ב- 15 תשלומים חודשיים שווים ורצופים החל מיום 1.2.04 ואילך. במקרה של אי תשלום אחד משיעורי הקנס במועדו ו/או במלואו תעמוד כל יתרת הקנס לתשלום מידי. נ 2. הנאשם יחתום על התחייבות להימנע מעבירה על הוראות סעיפים 145+204+210 לחוק התכנון והבניה תשכ\ה 1965. ההתחייבות תהא בסכום של 25,000 ₪ ותעמוד בתוקפה למשך שנתיים מהיום. 3. אני מצווה על הנאשם להרוס את המבנה שבנה ללא היתר נשוא כתב האישום בענין \""שדה משה\"" ו/או להתאימו לדרישות ההיתר. עם זאת, אני דוחה את כניסת הצו לתוקף למשך 6 חודשים מהיום עד ליום 1.7.04 וזאת על מנת לאפשר לנאשם להשלים את הליכי קבלת ההיתר. ב אם הנאשם לא יקבל מסיבה כלשהי את ההיתר עד למועד הנ\""ל, מסיבות שאינן תלויות בו, יהא רשאי להגיש לביהמ\""ש בקשת דחיה נוספת לכניסת הצו לתוקפו ואולם מובהר כי אין ודאות שהבקשה תתקבל והדבר תלוי במידת ההתקדמות של הליכי הוצאת ההיתר. אם וכאשר ינתן היתר לעבודות המפורטות בכתב האישום, יפקע הצו שניתן בסעיף זה לגבי הריסת המבנה. ככל שינתן אישור שתוקפו מוגבל בזמן, כי""",train
"ברגיל, ברור פוטנציאל הסיכון והנזק הנובע מעבירת ההצתה, ואף בתי המשפט שדנו בעניין זה חזרו וציינו, כי ראשיתה של עבירת ההצתה ידועה אך סופה מי ישורנו ויש בה כדי לפגוע ברכוש, בגוף ובנפש. לא בכדי נקבע איפוא העונש המירבי הקבוע לצידה של העבירה בענייננו - הצתת נכס המשמש את הציבור - ל - 20 שנות מאסר. למרות האמור נראה לי, כי במקרה דנן, אכן קיימים טעמים לא מבוטלים שפורטו בדברי ב\כ הצדדים לעיל, שיש בהם כדי לאבחן לקולא תיק זה מתיקים אחרים שעניינם בעבירה זו, וזאת מבלי שתשתמע חלילה כל הקלת ראש בו. הרושם המתקבל הוא, כי מדובר באירוע חד פעמי, הנובע מטעות חמורה בשיקול דעת שעניינה חולשה ותסכול, ואשר ככל הנראה, צודקים ב\""כ שני הצדדים, כי לא חלו בו המרכיבים הרגילים של הסיכון הפוטנציאלי הגדול הנובע בד\""כ מעבירה זו. נסיבות הביצוע, המיקום המבודד, השעה המאוחרת, וההצתה החיצונית של הדלת, כל אלה תומכים במסקנה האמורה. בד בבד עם האמור, לא ניתן להתעלם מהעובדה כי המדובר בנאשם שעברו הפלילי אינו מכביד שלחובתו רשומות 4 הרשעות – האחרונה בגין עבירה משנת 2006, והוא מעולם לא ריצה מאסר בפועל ממש. אמנם לא הונחה בפני חוות דעתו של שירות המבחן, ואולם אקבל את טיעוני בא כוחו בדבר מצבו האישי והמשפחתי הקשה, לרבות מצבו של בנו. השפעתם של מרכיבים אלה הנוגעים לנסיבותיו האישיות והמשפחתיות של הנאשם והאפקט הנובע מהם על חייו, יובאו אף הם בחשבון לזכותו. הודייתו של הנאשם בביצוע העבירה טרם שמיעת הראיות, תוך חסכון בזמן שיפוטי, תובא כמובן גם כן לזכותו, כמו גם הבעת החרטה מצדו. עיינתי בפסקי הדין שהוגשו לעיוני על ידי ב\""כ הנאשם. כפי שניתן למצוא בכל""",train
"אין צורך לומר כי עבירת יבוא הסם נחשבת מהחמורות שבעבירות הסמים ולא בכדי קבע המחוקק עונש של 20 שנות מאסר לצידה. בתי המשפט השונים פסקו לא אחת, כי עבירות הסמים, נחשבות כעבירות שחומרתן רבה ובמסגרת המלחמה בנגע הסמים והעובדה כי עבירות אלה טומנות בחובן תוצאות הרסניות תוך שפוגעות קשות בציבור, מחייבות הן מדיניות ענישה מחמירה ומרתיעה. בנסיבות אלה נקבע לא אחת, שיש לתת עדיפות לשיקולים של הגנה על האינטרס הציבורי ומשקל מועט לנסיבותיהם האישיות של הנאשמים העומדים בפני בית המשפט לדין. משנה חומרה יש למעשי הנאשמים, שמעבר לעבירת יבוא הסמים, נכנסו ארצה שלא כדין תוך גניבת הגבול לישראל, ובכך פגעו כמובן גם בזכותה של מדינת ישראל לשמירת גבולותיה ובריבונותה. אין צורך לומר, כי המצב הביטחוני הקיים במדינת ישראל אינו קל כלל ועיקר, וכי לעבירות מסוג זה, בנסיבות השוררות היום, השלכות הנושקות גם לביטחון המדינה והציבור, זאת נוכח ההכבדה העצומה הנופלת על רשויות הצבא והמשטרה, הבאה לידי ביטוי בכך שצריכות הן להעמיד משאבים כלכליים ואנושיים רבים, כלפי אנשים שפניהם מועדות הן לביצוע מעשים פליליים והן לעניינים ביטחוניים, ועל כן גם עבירות אלה מחייבות תגובה עונשית הולמת, שיהא בה כדי להרתיע ולסכל את הפעילות העבריינית מסוג זה. בענייננו, כפי שאף צוין הן על ידי הסנגור והן על ידי שירות המבחן, המניע לביצוע העבירות הינו מניע כלכלי. במסגרת שיקולי \עלות – תועלת\"" המובאים בחשבון על ידי מבצעי העבירות, נכללים כמובן גם שיקולי ההרתעה המושפעים ישירות מהענישה המוטלת בנושא זה, שעיקר מטרתה הלגיטימית היא הפנמת כלל ה\""עלויות\"" הכרוכות בהתנהגות העבריינית, מבעוד מועד. האמור לעיל נכון בעבירת הכניסה לישראל ונכון שבעתיים בעבירות הסמים, בשניהם השיקול העיקרי הוא השיקול ההרתעתי, תוך שיתר""",train
"71 א' לחוק העונשין תשל\ז – 1977 וסעיף 1 לפקודת המבחן [נ\""ח] תשכ\""ט 1969 המאפשרים להטיל של\""צ ו/או מבחן ללא הרשעה. לענין זה מציינת כב' השופטת דורנר כי : אכן, ענישתו של נאשם היא אינדווידואלית, ובית-המשפט בוחן עניינו של כל נאשם ונאשם ואינו קובע את עונשו אך על-פי מהות העבירה. ומסכמת כב' השופטת דורנר עמדתה כי לצורך המנעות מהרשעה, נדרשים שני גורמים מצטברים והם: גם המשנה לנשיא, כב' השופט שלמה לוין, מנתח בהמשך פסק הדין הנ\""ל את הגורמים השונים ומגיע אף הוא למסקנה האמורה. על עמדה זו, חזר בית המשפט העליון במקרים נוספים (ר' למשל דברי כב' השופטים מצא וזמיר בפרשת שמש (ע\""פ 2513/96 מדינת ישראל נגד ויקטור שמש ואח', פ\""ד נ' (3) 682 בעמ' 684 – 685: ו האם התקיימו הגורמים הנ\""ל המחייבים המנעות מהרשעה בעניננו? חוששני שלא. אדרבא, נדמה לי שבעניני חוק התכנון והבניה, קיימים שיקולים כבדי משקל שבאינטרס הציבור, וחשיבות רבה לאפקט הציבורי של ענישה הולמת בענין. אין צורך לומר, כי למרבה הצער הפכו עבירות בנושא התכנון והבניה נפוצות וניתן אף להגדירן כ\""מכת מדינה\"", המדגישות את התייחסותם של חוגים רחבים בחברה, חלקם הגדול נורמטיבי בכל מובן שהוא, בקלות ראש לתופעה האמורה. לעיתים נדמה אף, כי קיימים חלקים נרחבים בחברה שאינם יודעים כלל כי עוברים הם במעשיהם עבירה, ואף בעניננו נראה שזהו המקרה, כך הבנתי מטיעוני הנאשם. נ בנסיבות אלה, ועל אף הכלל המנחה אותנו כי ענישתו של אדם הינה אינדיבידואלית, אינני יכול להמנע מהרשעה ועל כן החלטתי שלא לבטלה. ב בלא לפגוע בכל האמור לעיל, אין ספק כי בבואי לגזור את דינו של הנאשם, יש להתחשב בנסיבותיו המקלות כפי שפורטו בדברי בא כוחו""",train
"תמים דעים אני עם ב\כ המדינה, כי עבירות סמים בכלל וסחר בסמים בפרט, הן מן החמורות שבעבירות, אשר הפכו לנגע חברתי בבחינת מכת מדינה ממש בחברתנו. הן טומנות בחובן תוצאות הרסניות, פוגעות קשות בציבור ועל-כן, מחייבות מדיניות ענישה מחמירה ומרתיעה. ב הפסיקה חזרה והדגישה את החומרה היתרה הטמונה בעבירות סמים, ואת הצורך במדיניות ענישה מחמירה, אשר מטרתה להלחם בנגע זה ולהקטין את ממדיו. אכן, \""החברה בישראל שמה לה למטרה להדביר את נגע הסמים, ולבתי המשפט תפקיד ראשון במעלה להבטיח שיעד זה יושג, ולא יהווה משאלת-לב בלבד\"" (ע\""פ 2649/00 בועז ישראל נ' מדינת ישראל, תק-על 460 (3)2001).ו בנסיבות אלה, ובמיוחד על רקע חומרתה של העבירה – עבירת הסחר בסם, יש לתת עדיפות לשיקולים של הגנה על האינטרס הציבורי ומשקל מועט יותר לנסיבותיו האישיות של הנאשם העומד בפני בית המשפט לדין. נ עוד יצויין, את שהודגש לא אחת בפסיקה, כי אין ליתן משקל משמעותי לעובדת היות הסמים \""קלים\"" יחסית - אם ניתן להגדירם ככאלה - ואין בכך כדי לשמש גורם משמעותי לקולא, ביחוד כשהמדובר בכמות גדולה. הקשבתי קשב רב לטיעוניה של הסניגורית באשר לעקרון \""אחידות הענישה\"" וחומרת העונש שיש לגזור ממנו. אין ספק כי עקרון שוויון הנאשמים בפני החוק, ממנו נגזר עקרון אחידות הענישה הוא, אכן, עקרון חשוב, יש לו מעמד מיוחד והוא חיוני ליצירת אמון במערכת המשפט. יחד עם זאת, אין מדובר בעיקרון על, אלא בעיקרון שצריך למצוא את ביטויו בין שאר השיקולים המכתיבים את הענישה. עקרון זה מהווה שיקול ענישה חשוב, אך לא בלעדי, בין מכלול השיקולים שיש להעריכם ולאזנם, כדי להגיע לתוצאת ענישה שקולה. ב מאידך, אין לנאשם כל הרשעות קודמות ולפי דברי סנגוריתו אף""",train
"כץ, , הסוקר באופן נרחב את מדיניות הענישה בנושא השהיה הבלתי חוקית (ע\פ (ב\""ש) 7437/04 מדינת ישראל נ' גטאס מחמד ואח' מיום 14.11.04). נראה לי איפוא, כי אכן הכלל שנקבע בפרשת חטיב, רלוונטי אף היום ולא נגרע ממנו עם השנים.נ בנסיבות אלה, יש לתת איפוא עדיפות לשיקולים של הרתעה נדרשת, ומשקל מועט יותר לנסיבותיו האישיות של הנאשם העומד בפני בית המשפט לדין. עם זאת, משטענו ב\""כ הנאשמים טיעוניהם, מן הראוי כמובן לדון בהם, ואעשה זאת לפי סידרן: מסכים אני עם הסניגורים, כי בדרך כלל בעבירה ראשונה של אדם, אף בעבירות בהן מצא המחוקק לנכון לקבוע לצידן עונשים כבדים מאלו שבחוק הכניסה לישראל, מסתיים הדיון במרבית המקרים בעונש הפחות מרבע מהעונש המקסימלי. ואולם, כל ענין ונסיבותיו, ומשנמצא כי המדובר ב\""מכת מדינה\"", ודאי כזו שיש בה סיכון בטחוני כבד, משתנה מדיניות הענישה הספציפית וזאת על מנת להגן על הציבור מפני התופעה. (ר' לענין זה ע\""פ (ב\""ש) 7437/04 הנ\""ל והאסמכתאות שפורטו שם - ע\""פ 898/79 פיצחזדה נ' מדינת ישראל פ\""ד לד (3) 829, ע\""פ 2580/93 פלוני נ' מדינת ישראל פ\""ד מז' (3) 516). על רקע המצב הבטחוני הקשה והעובדה כי תופעת הכניסה והשהיה הבלתי חוקית בארץ מצד תושבי השטחים הינה תופעה רחבה ביותר, אין מנוס אלא מלנקוט בענישה מרתיעה, אף אם אינה מקובלת בדרך כלל, בסוג אחר של עבירות. אגב זאת אזכיר, כי כידוע אינני מכהן כערכאת ערעור, לא על בית המשפט המחוזי ולא על בית המשפט העליון, ועל כן, משנקבעה על ידי הערכאות שמעלי רמת הענישה, לא בפני ישמעו טיעונים \""עקרוניים\"" כנגדה. איני מסכים גם עם הטענה, לפיה אין בהטלת ענישה מחמירה על נאשמים כדי להרתיע מפגעים פוטנציאלים.""",train
"התנהל באותו תיק תהליך טיפולי ממושך, כשבסיומו חיווה שירות המבחן דעתו, כי התהליך הטיפולי הצליח ושליחתו המחודשת של הנאשם לכלא תוריד לטמיון את השגיו. בעניננו, כפי שפורט בהרחבה לעיל, המלצת שירות המבחן איננה כזו. ברע\פ 7746/05 המדובר היה בהחזקת סם מסוג קוקאין ונגזרו עליו 32 חדשים מתוכם 20 חדשים לריצוי בפועל. בקשת רשות ערעורו של הנאשם שם התבססה על גמילתו הארוכה מסמים ונדחתה. פ. (נצרת) 1017/04 התבסס גזר הדין שהשית על הנאשם 48 חדשי מאסר לריצוי בפועל ו-36 חדשי מאסר מותנה, על הסדר טיעון בין הצדדים, ושיקוליו נקשרו לשיקולי תיק אחר שהתנהל במקביל בבית המשפט בתל אביב, ואשר בו נדון הנאשם באותה עת לחמש וחצי שנות מאסר בפועל. כן התחשב בית המשפט שם בהיות הנאשם במצב נפשי מעורער, ביצע נסיונות התאבדות ונזקק לטיפולים רפואיים, פסיכולוגיים ופסיכיאטרים. ברור הוא שאין עובדותיו דומות לענייננו. אף ת.פ. (נצרת) 1116/04, התבסס על הסדר טיעון ושם נידונו הנאשמים ל – 30-32 חדשים לריצוי בפועל וכן ל36 חדשי מאסר מותנה. מהסקירה המפורטת לעיל של פסקי הדין האמורים, עולה איפוא התמונה, כי לא תורמים הם תרומה של ממש לדיוננו, ועובדותיהם אינן יכולות לצערי לשמש מדד לתיק זה. אני מוכן להניח לזכותו של הנאשם את הנאמר על ידי באת כוחו, ולפיה יתכן ואין הנאשם מבצע את עבירותיו מתוך בחירה אלא על רקע התמכרותו המסיבית. יחד עם זאת, אין הדבר משנה ואך דורש הוא לשים דגש על הגנת הציבור מפניו של הנאשם תוך הרחקתו לתקופה אשר בה אף אולי יפנים את עומק הבעייתיות הנשקפת מפניו. מאידך, אינני יכול להתעלם מנסיבותיו המקלות של הנאשם, מצבו המשפחתי העגום כמתואר על ידי סניגוריתו, ונסיונו אף שלא צלח לבסוף,""",train
"שהיו עד כה על כנם, וכן הוצאת צו עיכוב יציאה מן הארץ כנגד הנאשם והפקדת דרכונו במזכירות בית המשפט.",train
"והיתרה תהא על תנאי, והתנאי הוא שלא תעבור משך 3 שנים משחרורה, אחת העבירות בהן הורשעה. פיצוי למתלונן בסך של 5,000 ₪. סכום זה נקבע על ידי בשים לב למצבה הכלכלי הלא קל של הנאשמת, לסכום שנלקח על ידה מהמתלונן ובשים לב כי קיים מעורב נוסף בפרשה. הסכום האמור ישתלם ב – 5 תשלומים חדשיים שווים ורצופים בסך של 1,000 ₪ כל אחד, החל מתום 30 יום משחרורה. לא ישולם סכום כלשהו במלואו ו/או במועדו, תעמוד כל יתרת הסכום שטרם שולמה לפירעון מיידי. משלא נתבקשה הטלת קנס – אמנע מהטלתו. ניתן והודע היום כ\ו תשרי תשע\""ב, 24/10/2011 במעמד הנוכחים. מעכב ביצוע גזר הדין למשך 45 יום.""",train
"אין צורך להכביר מילים בדבר פוטנציאל הסיכון והנזק בגין מעשי הנאשם ובראשן עבירת ההצתה במרפסת בית מגורים על כל המשתמע מכך, ובכלל זה ההלכה הפסוקה בעניין לפיה ידועה ראשיתה של עבירת ההצתה אך לא סופה בה יש כדי לפגוע ברכוש, בגוף ובנפש. לא בכדי נקבע איפוא העונש המירבי הקבוע לצידה של העבירה ל-15 שנות מאסר. על אף זאת נראה לי, כי החומרה המיוחדת בענייננו בסופו של דבר, אינה הנזק שנגרם בפועל, למרות שאין להקל בו ראש חלילה שכן מדובר עפ\י עדותה המתלוננת בהיקף משמעותי יחסית, אלא דווקא הפגיעה הקשה והמתמשכת במהלך תקופה ארוכה יחסית בשגרת חייהם של המתלוננת ובני משפחתה, פגיעה בביטחונה האישי ושיבוש חייה וחיי משפחתה, שהתנהלו משך תקופה לא קצרה תחת איום, בלא שידוע להם מקורו והיקפו הצפוי. חומרה יתרה לעבירות היא שאין המדובר באירוע ספונטני, ברגע של חולשה, אלא בסדרת אירועים מתמשכת שמטרתם שהייתה לפגוע במתלוננת ולהטיל עליה אימה, ושתוצאתם תוארה על ידי המתלוננת בעדותה, אכן הושגה למרבה הצער. בנסיבות אלה, שקלול פוטנציאל הסיכון בצירוף הנזק והפגיעה שנגרמו, הן לרכוש והן לשגרת חייה של המתלוננת, על רקע התמשכותם, מלמדים על הצורך בהחמרת הענישה בענייננו. אל מול האמור, לא ניתן להתעלם מהדו\""ח הפסיכו-דיאגנוסטי שהוגש על ידי ההגנה, וממנו עולה תמונה של תפקוד אינטלקטואלי נמוך מהממוצע, על אף שנרמז כי התמונה הנוכחית מושפעת במידת מה ממצבו הרגשי הנוכחי, אישיות חלשה, תלותית ובלתי מסתגלת ללחצים, אבחנה שמסבירה במידת מה את ביצוע העבירות, בין היתר על רקע עזיבתו את המסגרת הצה\""לית היציבה והמוכרת במסגרתה שהה משך 25 שנה. לעניין זה יובא בחשבון מצבו הנפשי כפי שמשתקף ממכתב השחרור של ביה\""ח \""סורוקה\"", שהוגש על ידי ההגנה. עוד אין""",train
"– שיקולי הענישה וההרתעה הנדרשת מחד ונסיבותיו האישיות של הנאשם מאידך ומתוך מגמה שלא להכשיל את תקוות השיקום בדרך בה החל הנאשם, תוך הותרת \שוט\"" עונשי במידה וימעד מדרכו, החלטתי כאמור לאמץ את המלצת שירות המבחן והנני דן אותו איפוא כדלקמן: 500 שעות שירות לתועלת הציבור, אותן יבצע בעבודות אחזקה שוטפת במתנ\""ס י\""א בבאר שבע. ככל שיהיה צורך בשינוי מקום ההשמה, יוכל השירות לעשות כן ולהודיע על כך לבית המשפט. מעמיד את הנאשם בפיקוח שירות מבחן למשך 12 חודשים שמנינם מהיום.""",train
"כפי שמפורט לעיל, ענייננו בהיקף עבירות לא מבוטל שנבע, כך נראה, מהתמכרותה העמוקה של הנאשמת לסמים. מסעה הבלתי נגמר של הנאשמת בחיפוש אחר מקורות המימון לסם, הביאו הלכה למעשה את הנאשמת לנקודה בה היא נמצאת כיום. מכאן, נראה כי טענת הסניגור לפיה כי אין לחברה כל נזק ממעשי הנאשמת, שכן הרכוש הוחזר למתלוננים, אין בו ממש. האינטרס החברתי הגלום במניעת עבירות נשוא עניינו, איננו אך שמירה על רכוש הפרט והחברה מתוך הפן הקנייני, אלא, ענינו השמירה על ביטחון הציבור, והשקט הנפשי בעיקר, תוך הפחתת ומניעת הפחד כי יפרוץ מי מהאנשים לבית בכל זמן נתון. נ וודאי כאשר אנו עוסקים בנאשמת המכורה לסמים, שמנסה בכל דרך ובכל צורה לגנוב רכוש שיממן את המנה הבאה, יש בה כדי להכביד על המצב ולהגביר את הנזק החברתי הכולל לו היא גורמת תוך ביצוע עבירות אלו. ב אמנם, זו הפעם הראשונה בה מובאת הנאשמת בפני בית המשפט על מנת שזה יגזור את עונשה, אלא שבשקלול כל העובדות הרלוונטיות, אין המשמעות היא כי אין תיקים פתוחים נוספים התלויים כנגדה, או כי זו עבירה יחידה בכתב האישום. האמת היא כי רק במסגרת כתב האישום בתיק זה, הנאשמת הודתה והורשעה בלא פחות מ-7 סעיפי חוק, בו בזמן שהיו תיקים תלויים ועומדים כנגדה, כאלה שצורפו לתיק נשוא ענייננו. ו אמנם, צודק הסניגור כי הנאשמת הודתה בהזדמנות הראשונה בכלל התיקים הנזכרים לעיל, וכי יש בעניין זה כדי להקל בעונשה. עם זאת, לא ראיתי לנכון לקבל את דברי הסניגור כאילו אין המדובר בנאשמת מכורה, וראיה לכך המראה החיצוני שלה, שכן נכון לתקופה בה נעצרה הייתה זו מחוסרת בית, עסוקה בהשגת סם, ואילו כעת, מצויה היא במסגרת כלשהיא",train
"מרבית פסקי הדין בענין, ואולם אין להקל ראש גם בהיבט הכלכלי, החברתי והדמוגרפי. ציינתי לא אחת, כי יש להחמיר עם עבריינים העוברים על חוק הכניסה, זאת בשל ההכבדה העצומה הנופלת על רשויות הצבא והמשטרה והפגיעה בזכותה של המדינה להחליט מי יבוא בשעריה. רוב רובם של פסקי הדין הדנים בנושא השוהים הבלתי חוקיים, עושים כן על רקע ההיבט הבטחוני, המהווה גם את השיקול המרכזי להחמרת הענישה בענינים אלו. פסקי הדין הנוספים שדנו בעניין ואשר הוצגו לי ע\י ב\""כ המאשימה, מתבססים על חוק ההסתננות, שאף הוא מבוסס כידוע על קונספציה בטחונית, כמפורט בהרחבה בהכרעת הדין ואשר בהם נקבעה רמת הענישה בין 8 ל-24 חודשי מאסר בפועל. בנסיבות אלה, ועל רקע רמת הענישה השונה הקבועה בחוק ההסתננות, לא תורמים פסקי הדין תרומה של ממש לדיון זה, מה גם שכולם מבתי משפט השלום, שאינם מחייבים ואף לא מנחים. מבלי שתשתמע הקלת ראש חלילה בעבירת השהיה הבלתי חוקית, החומרה אותה אני רואה בעניין שבפני, אינה בשהייה עצמה, אלא דוקא מקשירת הקשר והברחת עובדים זרים אחרים, תמורת בצע כסף. אין עניינו של נאשם השוהה בארץ כדי לשבור שבר, שקול לכזה העובר עבירות של הברחת אחרים, לשם בצע כסף. גבול מדינת ישראל אינו יכול להיות הפקר, ואינו יכול להיות סגור באופן \""הרמטי\"" ועל כן יש להחמיר בענישה התומכת במשאבים הרבים המושקעים על ידי המדינה בצמצום ההברחות ממנו, הן של עובדים זרים והן של אמצעי לחימה וסמים. לפיכך, מטרת הענישה בתיק זה הינה הרתעתית על מנת למנוע מעבריינים בכח לבצע עבירות מהסוג הנדון. יתרה מכך, תכלית העבירה היתה כלכלית, לשם בצע כסף ועל כן גם הענישה בעטיה צריכה לבטא מרכיב זה. מצד שני לא""",train
"כנגד הנאשם, אשר יפקיד את דרכונו במזכירות בית המשפט לא יאוחר ממחר.",train
"מעבר לעובדת נפיצותן של עבירות הרכוש והאלימות שפוקדות את החברה בישראל בעת האחרונה, ובכללן עבירות השוד לרבות נסיון לעבור עבירות אלה, ופגיעתן בשלוות חיי האזרחים מן השורה וברכושם, הרי שהמדובר בענייננו גם בעבירה שתכליתה רווח קל, הגורמת לתחושה קשה של חוסר בטחון אישי ונזקים כלכלים משמעותיים, כמו גם סיכון לפגיעה בגופם של קרבנות העבירה, כפי שאכן היה בענייננו. בנסיבות אלה, צודקת ב\כ המדינה בעתירתה לענישה חמורה, להרתעת עבריינים מסוג זה והגנה על הציבור מפניהם. נדמה שאין צורך לשוב ולפרט את החומרה היתרה העולה ממעשי הנאשם, והמפורט לעיל, הן בדברי הצדדים והן בחוו\""ד שירות המבחן מדבר בעד עצמו. בענייננו, הנאשם פרץ לבית המתלונן כשהוא \""מוכוון מטרה\"" לגניבת כספת הבית ולטובת תכליתו זו, לא בחל בתקיפתו האלימה שבוצעה בצוותא עם חברו כנגד המתלונן, שכל חטאו היה כי נכנס לביתו ועלה לקומה השלישית, בדיוק בזמן בו שהה בו הנאשם לצורך ביצוע עבירת הגניבה שבעטיה פרץ לבית. אינני מקבל איפוא את טענת הנאשם, לפיה \""התגלגל\"" האירוע שלא ברצונו וכי לא היתה כוונתו מלכתחילה לבצע שוד, ונראה לי, כי עבירת השוד, הינה פועל יוצא ומסתבר של העבירה המקורית אותה תכנן הנאשם, שאכן לא נמנע מביצועה בפועל. עיון בגליון הרשעותיו של הנאשם מעלה, כי המדובר אכן בנאשם שמסוכנותו הציבורית רבה וכי על אף גילו הצעיר יחסית, הצליח לצבור עבר מכביד הכולל 3 הרשעות ובהן 10 אישומים שונים בעבירות רכוש, סמים, שב\""ח, הפרת הוראה חוקית ואלימות, ובעטיין ריצה אף שתי תקופות מאסר לא מבוטלות האחת בת 24 חדשים והשניה בת 12 חדשים, ממנה שוחרר זמן לא רב יחסית קודם ביצוע העבירה נשוא ענייננו. כן תלוי ועומד כנגדו מאסר מותנה בר הפעלה בן 12""",train
"תיק תיק ונסיבותיו. לא מצאתי כי תורמים הם תרומה של ממש לענייננו. כך למשל בע\פ 5133/08 (בר ציון) הגדיר בית המשפט העליון את המקרה כ\""חריג שבחריגים שאין בכוחו ללמד על הכלל\"". בע\""פ 1057/07 (פלוני) היה מדובר בחירש אילם שהיה זה אירוע חד פעמי בחייו, תוך שהעבירה נעברה בנסיבות מיוחדות מאד וביהמ\""ש מוצא לנכון לציין: \""לא בכל יום מתנסה ביהמ\""ש באירוע שכזה, יוצא דופן בנסיבותיו\"". בע\""פ 10185/07 (רימונים), היה מדובר באדם נורמטיבי חסר עבר פלילי, כשהעבירה חריגה מאד למהלך חייו והעונש שהושת היה בין היתר בשל אי מיצוי הדין ע\""י ערכאת הערעור. מאידך, בפ' (מח' ב\""ש) 8191/09 (טויל), המדובר היה בסדרת דקירות בחזהו של המתלונן כשהנאשם ביצע את המיוחס לו שעה שתלוי היה נגדו מאסר מותנה בר הפעלה. בפ' 40256/07 (מולה) היה מדובר בנאשם מכור לאלכוהול שלא לקח אחריות על מעשיו, אשר חזר לביתו, הצטייד בסכין, חזר למקום בו היה המתלונן ודקרו בכל חלקי גופו. בע\""פ 9630/09 (זוהר) היה מדובר ב – 6 דקירות שבוצעו על ידי הנאשם בעל עבר פלילי מכביד, זמן קצר מאד לאחר שהושת עליו מאסר מותנה בן שנה. כך גם בפ' 8302/06 (שמייב) היה מדובר באלכוהוליסט שלחובתו מאסר מותנה חב הפעלה, ואשר דקר את המתלונן בחזהו סמוך לליבו. הנה כי כן, כל מקרה לגופו ונסיבותיו. כנגד חומרת האירוע כמפורט לעיל והצורך הברור בהרתעת עבריינים בפועל ובכח מביצוע עבירות מסוג זה, לא ניתן להתעלם מתרומתו של המתלונן לאירוע, הן בסמוך לו ממש והן קודם לכן בהתנכלותו לנאשם, ואניח לזכותו של האחרון איפוא, כי אכן הרגיש הוא מאוים. כן יש לזקוף לזכותו של הנאשם את הודייתו ובהתאם - חסכון בזמן שיפוטי, אף כשבאה זו רק""",train
"עבירה כזו. מתוך תקופת מאסרו ינוכו ימי מעצרו (10.10.11-18.10.11, ומיום 6.6.12 ועד מועד מתן גזר דין זה). המאשימה עתרה לחייב את הנאשם בתשלום פיצוי למתלוננת. אין ספק שראויה היא לכך ואף הנאשם הסכים לכך. עם זאת, בשים לב לאורך תקופת מאסרו של הנאשם ומצבו האישי המורכב, נראה לי כי ראוי שעיקר הפיצוי יקבע בהליך אזרחי, שם יוכל בית המשפט על יסוד הראיות שיובאו בפניו, לאמוד את הנזק שנגרם. בנסיבות אלה ובמסגרת הליך זה, הנני פוסק למתלוננת פיצוי בסך 10,000 ₪, תוך שמירת זכותה למיצוי הליך אזרחי בנושא זה, ככל שתמצא לנכון לעשות כן. זכות ערעור לבית המשפט העליון בתוך 45 יום מהיום. ניתן והודעה היום י' אלול תשע\ב, 28/08/2012 במעמד הנוכחים. יעקב שפסר, שופט""",train
"אין צורך לחזור ולהדגיש את החומרה היתרה אותה רואה בית משפט זה בעבירות בהן הורשע הנאשם והסיכון הרב הנובע מהן. מצב הקטל בכבישים אינו צריך אזכור ולא קשה לתאר מה עלול לקרות בנהיגתם הפזיזה של נהגים, קל וחומר בלתי מורשים. זאת ועוד, נהיגתו ללא רשיון ואי עצירתו של הנאשם על אף הוראות ניידות ושוטרים בדרך והמרדף שנוהל על ידו, מבטא זלזול בוטה באושיות החוק ובסדר הציבורי, ואין צורך בפרשנות נרחבת כדי לתאר, מה עלול לקרות מנהיגתו של אדם בלתי מורשה באופן בו נהג. גם הטענה כי לא קרה בסופו של דבר כל נזק, אין בה ממש ופוטנציאל הסיכון שנבע מהעבירה – הוא המחייב ענישה מרתיעה ואינו צריך הסבר. אם נוסיף לכל הנ\ל את העובדה כי בוצעו ע\""י הנאשם עבירות נוספות, שבל\""ר וחבלה במזיד, הרי שנמצא צירוף עבירות חמור, בהן פרץ הנאשם כל גבול, המחייב אף ענישה מתאימה. בנסיבות האמורות אין ספק כי יש להטיל עונש מרתיע, הן את הנאשם שבפני והן עבריינים בפועל ובכח, מביצוע עבירות מסוג זה, שהפכו כך נראה, למרבה הצער, ל\""מכת מדינה\"" באזורינו. מנגד, אין להתעלם מאורח חייו הנורמטיבי של הנאשם ובעיקר מחלוף הזמן הרב שמאז ביצוע העבירה קרוב ל - 4 שנים, שבהן לא ביצע הנאשם כל עבירה שהיא. כן יש לזקוף לזכותו את הודייתו אף אם באה בשלב מאוחר יחסית, אותו הסביר ב\""כ הנאשם בכך שכל אותה עת ניסה לשכנע את נציגי התביעה בדבר חפותו של הנאשם בעבירה נוספת שיוחסה לו. ולבסוף, גם המלצתו של שירות המבחן, יש בה כדי להוות שיקול חשוב במניין שיקולי. ב עיקר התלבטותי נובע מעובדת חלוף הזמן ואיבוד אפקטיביות הענישה המתבקשת. בנסיבות אלה, סברתי, כי לאור""",train
"טרם אדון לגופו של עניין מצאתי לנכון להעיר, כי אינני רואה עין בעין עם הסניגור את טענותיו כלפי המאשימה, בדבר המתנתה כביכול לשחרורו של הנאשם מהכלא ורק לאחר שיקום חייו ביקשה להחזירו. ודאי שלא \מתעללת\"" בו כדבריו. אדרבא, העבירה נשוא הנדון נעברה באפריל 2003. כתב האישום הוגש כבר בחודש אוגוסט אותה שנה, בעת שהנאשם היה עוד אסיר. ארבע הדחיות שהיו בתיק, נבעו כולן מבקשתו של הנאשם ובהסכמתה ההגונה של התביעה. התמשכות ההליכים בתיק, כך נראה, לא היתה באשמת התביעה בכל צורה שהיא והיא נבעה מנסיבות אוביקטיביות שאינן קשורות בתביעה כלל. בנסיבות אלה, מוטב היה לטעמי, להמנע מאמירה מעין זו. נ אין צורך לחזור ולהדגיש את החומרה היתרה שבעבירות הסמים ואף בית משפט זה פסק לא אחת, כי כנגד עבירות מהסוג הנדון ובמסגרת המלחמה בנגע הסמים, חייבת לבוא תגובה מרתיעה. אין ספק, שעבירות אלה טומנות בחובן תוצאות הרסניות, פוגעות קשות בציבור ועל כן, מחייבות מדיניות ענישה תואמת. ב משנה חומרה יש בעבירות נשוא הנדון, על רקע הכנסתו של הסם אל בין כתלי בית הסוהר, תוך הכבדה עצומה על פעילות שלטונות שב\""ס המנסים למגר את נגע הסמים בכלא. עברו המכביד של הנאשם, אף הוא משמש שיקול לחומרה במניין שיקולי. יחד עם זאת, אינני יכול להתעלם מנסיבותיו המיוחדות של הנאשם, שיקומו המוצלח, כך נראה, והמלצת שירות המבחן שהינה חד משמעית והמהווה שיקול חשוב במסגרת שיקולי. כן אין להתעלם מהודייתו של הנאשם וחסכון מזמן שיפוטי. ו ולבסוף, נדמה לי שאף הזמן שחלף מאז ביצוע העבירה, שינוי נסיבותיו האישיות של הנאשם וניתוק הקשר עם סביבתו העבריינית הקודמת תוך מעבר לתל אביב, מציאת עבודה מסודרת וגמילתו מסם, יש בהם כדי לעמוד לזכותו.""",train
"שקלול עובדות כתב האישום עם התיעוד הרפואי ותמונות פציעתו של המתלונן מלמדות על אירוע אלימות חמור, שאך בנס לא הסתיים באופן חמור יותר, נוכח תקיפת המתלונן ע\י הנאשם במוט עץ, לא פחות מאשר בפניו. זאת ועוד, לא אוכל לקבל את טענת הסנגור לפיה המדובר בריב שהתלקח. עובדות האירוע מלמדות על שני פרקי זמן הרחוקים מרחק של שעות זה מזה, הויכוח בבוקר והתקיפה אחה\""צ, הפרש זמן אשר איפשר לנאשם מרחב \""התקררות\"" מספיק (ככל שהיה דרוש לו כזה) והימנעות מביצוע התקיפה. הנאשם, לא זו בלבד שלא נמנע מהעימות, אלא בחר להסלימו באמצעות מוט העץ שהחזיק עימו. אין המדובר איפוא בהתפרצות זעם רגעית אלא בתקיפה אלימה ומתוכננת. לא אוכל לקבל התנהלות מסוג זה של ישוב סכסוכים בדרך אלימות. לצערי, התופעה האמורה, התגברה לכדי מכת מדינה של ממש והפכה שכיחה באופן המעורר דאגה ממשית לשלום הציבור, שלמות גופו, חייו ובטחונו. הקלות הבלתי נסבלת בה ננקטת אלימות כפתרון למתחים בין צדדים, והזלזול הבוטה הנובע מכך לשלום הציבור, אינם יכולים ליהנות מכל סובלנות שהיא ומחייבים ענישה מרתיעה, תוך שחברה מתוקנת אינה יכולה בשום צורה להשלים עם נורמת התנהגות כזו. יתרה מכך, העבירה המתוארת של הנאשם הייתה המשכה של עבירה אחרת אותה ביצע הנאשם, עבירת הכניסה והשהיה הבלתי חוקיים בישראל, שאף היא חמורה לכשעצמה. לא זו בלבד שהנאשם נכנס ושהה בישראל ללא היתר, הוא אף ממשיך בעבריינותו גם בתוך תחומי המדינה ומבצע עבירת אלימות קשה, והכל בשל עניין של מה בכך. ביצוען של שתי העבירות יחד, שאינן קשורות לכאורה זו לזו, מחייבות את המסקנה לפיה יש להחמיר בעניינו של הנאשם. גם העובדה שהנאשם לא נרתע מביצוע עבירות כשמאסר על תנאי תלוי ועומד כנגדו,""",train
"לא פעם הביעה הפסיקה דעתה, שיש להחמיר בענישה של מי שמחזיק בסם מסוכן שלא כדין ושלא לצריכה עצמית וזאת כדי למנוע את הפצת הסם והרתעת נאשמים בכח ובפועל, תוך הגנה על האינטרס הציבורי ועל מנת לבער את נגע הסמים שפשט במדינה ואוכל כל חלקה טובה בה. נראה שאין צורך לשוב ולפרט עניין זה אשר הוזכר בעשרות ומאות פסקי דין. בבואי לגזור את הדין, שקלתי, מחד את האינטרס הציבורי האמור, להחמיר בעונשו של הנאשם אשר החזיק כמות גדולה של סם מסוכן ומאידך, התייחסתי לנסיבותיו האישיות של הנאשם תוך שנתתי משקל לשינוי המשמעותי שערך הנאשם, על פי דיווחי שירות המבחן, באורח חייו, בהתייחסותו לצריכת הסמים, תוך כדי שיתוף פעולה מתמיד בקשר הטיפולי עם שירות המבחן ובאי פתיחת תיקים נוספים כנגדו. כמובן התחשבתי בהודייתו של הנאשם וחסכון מזמנו של ביהמ\ש, ובדבריו והבטחתו לשינוי אורח חייו. ו לאור כל האמור ולאחר ששקלתי את האיזונים האמורים, באתי לכלל דעה כי אין סיבה במקרה זה שלא לאמץ את המלצת התסקיר, אם כי לא במלואה. לאור האמור, הנני דן את הנאשם כדלקמן: מאסר למשך 12 חדשים מתוכם 5 חדשים יהיו לריצוי בפועל ואשר ירוצו במסגרת עבודות שרות, בכפוף לחוות דעת ממונה, ויתרתם תהא על תנאי והתנאי הוא שלא יעבור משך 3 שנים מהיום, עבירה לפי פקודת הסמים המסוכנים [נח] תשל\""ג – 1973, למעט עבירה של החזקת סם לשימוש עצמי, בגינה תעמוד תקופת התנאי על 3 חודשים למשך 3 שנים מהיום. קנס כספי בסך 4,500 ₪ או 45 ימי מאסר תמורתו. הקנס יחולט מהכספים שנתפסו אצל הנאשם וישולם לטובת הקרן למלחמה בסמים. יתרת הסכום תועבר לנאשם באמצעות בא כוחו, עו\""ד צור, מרח' הגדוד העברי""",train
"שעמד על דעתו כי משהקריא ביהמ\ש את גזר דינו לא יכול הוא לתקנו עוד. לצורך כך, טען ב\""כ המאשימה כי לא הובאה כל ראיה לזכותו זו של ביהמ\""ש ואף השיקולים בעניין ועדות שליש אינו מעניינו של ביהמ\""ש זה. בסיום דבריו, הפנה לרף הענישה שנקבע על ידי ביהמ\""ש המחוזי הקובע 4 חודשי מאסר ולאור כל האמור, התנגד לתיקון המבוקש. כלל ידוע בבית המשפט כי כל עוד לא קם ביהמ\""ש מכסאו, רשאי הוא לעשות תיקון בגזר דינו. דברים אלה מופיעים באופן כללי בסעיף 3 לחסד\""פ ולפיו, מוקנית סמכות טבועה לביהמ\""ש בכל עניין שאין עליו הוראת חיקוק לנהוג בדרך הנראית לו הטובה ביותר לעשיית הצדק, וכן נקבעו במפורש בפסיקת ביהמ\""ש העליון בלא מעט פסקי דין. ר' למשל ע\""פ 951/80 קניר נ. מדינת ישראל (פד\""י ל\""ה (3) 505), שם קבע ממלא מקום הנשיא, כב' הש' כהן: נ ראה גם הלכת בג\""צ 63/74 אזמירו נ. בית המשפט המחוזי (פד\""י כ\""ח (2) 37) שם ציטט כב' הש' ברנזון את ה\""מ 464/65 ניסים עוזר ואח' נ. היועץ המשפטי (פד\""י י\""ט (4) 31): ב כב' הש' ברנזון באותו פסק דין העיר כי מבחינתו ניתן היה לאפשר פתיחת הדיון בעונש לא רק ביום נתינתו, אלא, גם לאחר זמן אם הבקשה לתיקון העונש מוגשת זמן סביר בהתחשב בנסיבות. על כל פנים ולכל הדיעות, עד שביהמ\""ש לא קם מכס המשפט באותו יום, עדיין נמצא בחזקתו העניין שטיפל בו והוא רשאי לעיין בו מחדש ולשנותו. בנסיבות אלה, ברור הוא כי יש בסמכותי לעשות שינוי בגזר דיני, במיוחד בנסיבות שפורטו לעיל ולפיהן אף לא הספקתי עוד להוציא את גזר הדין המודפס, שלא לדבר על מעבר אף לתיק אחר. הערה""",train
"כי תתאפשר חזרתו לביתו בכל ההקדם לשיקומם הכלכלי. כן לא אתעלם מהעובדה כי הנאשם שוהה זה כ – 6 חדשים במעצר בית. שיקולים אלה אזקוף לזכותו של הנאשם – לקולא. נ על רקע כל המפורט – שיקולי הענישה וההרתעה הנדרשת מחד, ונסיבותיה האישיות של משפחת הנאשם מאידך, לרבות עובדת הודייתו של הנאשם וחרטתו, וכאשר אני מתחשב - ולו באופן חלקי – במצוקתה הכלכלית של משפחתו וההשפעה השלילית שתהיה בקבלת עתירת ב\כ המאשימה על הקרבן גם כן, ובהביאי בחשבון את העובדה כי הנאשם היה נתון במעצר בית משך כ – 6 חדשים, החלטתי להעדיף, את עתירת ב\""כ הנאשם ולהטיל עליו עונש מרתיע הצופה בעיקרו פני העתיד, תוך אי מיצוי הדין עימו. בנסיבות אלה הנני דן את הנאשם ל- 12 חדשי מאסר, מהם 2 חדשים יהיו לריצוי בפועל וירוצו במסגרת עבודות שירות, בכפוף לחוות דעת הממונה על עבודות שרות, והיתרה תהא על תנאי, והתנאי הוא שלא יעבור בתוך 3 שנים מהיום, עבירת אלימות פיזית או מילולית כלשהיא, לרבות עבירת איומים, כלפי מי מבני משפחתו. ב הואיל והנאשם היה נתון במעצר בית משך כ – 6 חדשים ומשמעות קנס כספי הינה פגיעה נוספת דווקא בקרבן העבירה, החלטתי להמנע מהטלת קנס כספי על הנאשם. ו הממונה על עבודות שרות מתבקש לחוות דעתו בענינו של הנאשם וככל שחוות דעתו חיובית - לקבוע המלצתו בדבר מיקום ביצוע העבודות. נ לצורך כך הנני קובע דיון נוסף ליום 08/12/04 בשעה 11:30.ב תשומת לב הממונה כי ניתן להשיג את הנאשם בכתובת בני-אור 27/2, באר-שבע, טל' 08-6439913. מומלץ לנאשם כי ככל שלא יקבל הודעה מהממונה על עבודות השירות בתוך 30 יום מהיום, יזום הוא פניה לממונה""",train
"ועוד. בענייננו לא מצאתי כי קיים אותו מצב יוצא דופן המצדיק הימנעות מהרשעה, ואף שירות המבחן לא מצא נימוקים לכך בהמלצתו. מעבר לכך שלא הובאה בפני כל אסמכתא שהיא לפגיעה עתידית בנאשם, מעבר לטענה כללית הנוגעת לגילו, עניין שאינו שונה מנאשמים אחרים, הרי שחומרת העבירה ותופעת האלימות שתוארה לעיל, אינם מאפשרים התייחסות סלחנית והעברת מסר שלילי של אי הרשעה. בנסיבות אלה, לא מצאתי לנכון לדחות את הדיון פעם נוספת \לבחינת יכולתו להשתלב בהליך טיפולי ולהיתרם ממנו.. . במידה וימצא מתאים\"", ולא מצאתי כי קיימת הצדקה להימנע מהרשעתו. לאור האמור, הנני מרשיע את הנאשם 4 בעבירה שיוחסה לו, היינו בתקיפה בנסיבות מחמירות עפ\""י סעיפים 379+ 382 (א) לחוק העונשין תשל\""ז – 1977. ניתנה והודעה היום א' טבת תשע\""ב, 27/12/2011 במעמד הנוכחים. לאור כל המפורט לעיל, לאחר ששמעתי את טיעוני הצדדים ודברו של הנאשם עצמו, בהינתן אופיו הנורמטיבי של הנאשם, השלמת 12 שנות לימוד ושירות צבאי מלא ובהעדר הרשעות קודמות, לרבות העובדה כי מעורבותו של הנאשם 4, הייתה כאמור מעורבות מופחתת והוא אף הגיע גם בשלב מאוחר יחסית לאירוע, ובהתחשב בהודאתו ובחסכון הזמן השיפוטי הנובע בעטיה וחרטתו, נראה לי כי אכן יש לאבחן מגזר דינו של הנאשם 3, ולהשית על הנאשם עונש קל יותר. אין להתעלם מכך, שלהבדיל מעניינו של הנאשם 3, שלו עבר פלילי מאותו סוג – דקירה בסכין בעטיה ריצה 13 חדשי מאסר, וכן רשומה בעניינו עבירה נוספת (מרמה בנסיבות מחמירות) שאף בעטיה ריצה עונש מאסר בעבודות שירות, הרי שהנאשם נשוא ענייננו חסר כל עבר פלילי. לאחר ששקלתי איפוא את מכלול האמור, הנני דן את הנאשם כדלקמן: מאסר למשך 6 חדשים, אותו לא ירצה הנאשם אלא""",train
"103 ש' 18-21). גם לא נראה לי, שהרשעה בעבירות אלה תהווה מבחינת הנאשם אות קלון שיפגע בעתידו. בנסיבות אלה, לא שוכנעתי כי אין יחס סביר בין הנזק הצפוי לנאשם מן ההרשעה לבין חומרתה של העבירה, וממילא לא נתקיימו התנאים המצדיקים ביטול ההרשעה. לגופו של עניין, לצורך בחינת גזר הדין עצמו, מקובלים עלי דברי ב\כ הנאשמים ולפיהם, המדובר אירוע ספונטני, אשר התרחש ללא מעורבות אקטיבית מצד הנאשמים. כן מקובלת עלי העובדה, שמרגע הגילוי הופסקה הנזילה וננקטו על ידי הנאשמים פעולות לניקוי האיזור, תוך שבסופו של דבר, לא נותר נזק ממשי כלשהו הנובע מהאירוע. עובדות אלה אימצתי גם במסגרת הכרעת דיני (ר' עמ' 84 ש' 1-3). עוד אני מוכן להניח לזכותם של הנאשמים, כי המדובר בעבירות שאינן מהמדרג הגבוה הנוגע לאיכות הסביבה, שבוצעו שלא במכוון על ידם ומתוך שיקול דעת מוטעה. לזכותם של הנאשמים אזקוף גם את העובדה, כעולה מטיעוניהם והמסמכים שהוגשו על ידם, כי בעקבות האירוע פעלו להפקת לקחים ולמניעת השנות המקרה, תוך שהושקעו כספים רבים בענייני איכות הסביבה. חוסר בעבר פלילי, מעורבות בפעילות קהילתית ותרומות לחברה ולסביבה, יש בהם ללא ספק להוות נקודות זכות בענינם של הנאשמים, אשר אין לי ספק באורח חייהם הנורמטיבי והחיובי. מאידך, אינני יכול להתעלם מהעובדה, כי הנאשמים ניהלו משפט ארוך ומיותר משך מספר שנים, תוך הגדלת הוצאות של המערכת כולה. אמנם זוהי זכותם של הנאשמים להוכחת חפותם ואינני זוקף זאת כנגדם, ואולם ודאי הוא שאינם יכולים להעמיד עניין זה בטור הזכות, ואינם יכולים איפוא ליהנות מהקלה של מי שהודה וחסך זמן שיפוטי יקר, כמו גם מהעובדה לפיה חלף זמן רב מעת האירוע. לכשעצמי, גם לא הייתי מקל ראש בעצם העבירות עצמן,""",train
"מנת ש\חסכון\"" בהם לא ישתלם (מודל הידוע בעולם הכלכלה כמודל החצנת עלויות ((Externalities). מאידך, לא ניתן להתעלם מנסיבותיו האישיות של הנאשם, שאיבד באחת את אחיו ושלקח אחריות על משפחה שלמה נוספת בת 8 נפשות. לא ניתן להתעלם מעובדות אלה ומהתוצאות הקשות מאד, המאפיינות והצפויות לאפיין, את המשך מהלך חייו של הנאשם, כמו גם מהנזק הכלכלי הכבד המלווה עניין זה. מבלי להקל ראש בחומרת המיוחס לנאשמים לרבות האחריות הישירה המוטלת עליהם, לא אתעלם גם מהעובדה, כי ככל הנראה היה בקשר ובפעולות הנוגעות למעורבים נוספים בפרשה כנגדם לא הוגש כתב אישום, כדי לגרום לנאשמים לחשוב, ולו באופן מוטעה, כי עניין הבטיחות מטופל כדבעי. ולבסוף לא אוכל להתעלם מעובדת חרטתו הכנה של הנאשם וצערו הרב, כפי שבא אף לידי ביטוי במילותיו בפני. בנסיבות הכוללות איפוא, ולאחר ששקלתי את האיזונים המתבקשים כמפורט לעיל, החלטתי לאמץ את הסדר הטיעון ולדון את הנאשמים כדלקמן: אין לי ספק, שאין סכום שיש בו כדי לפצות על אובדן חיים. בנסיבות אלה אין משמעות של ממש לגובה סכום הקנס, ועל כן אפסוק סכום סמלי בלבד של קנס כספי לביטוי אחריות הנאשמת, בסך 20,000 ₪. כמו בקנס, כך במאסר עצמו, אינני יכול לקבל כי פרק זמן הפחות מ – 6 חדשים יש בו כדי לבטא את המסר של ערך קדושת החיים ובעניין זה החלטתי להעדיף את עמדת המאשימה ולקבוע מאסר למשך 12 חדשים מתוכם 6 חדשים יהיו לריצוי בפועל והם ירוצו במסגרת עבודות שירות כמפורט בסעיף ב' להלן, והיתרה תהא על תנאי והתנאי הוא, שלא יעבור משך 3 שנים מהיום, עבירה של גרם מוות ברשלנות שנגרמה כתוצאה מהפרת תקנה מתקנות הבטיחות בעבודה (עבודות בניה) התשמ\""ח – 1988.""",train
"הנאשמים דנן, ולא נראית הצדקה לעשות שימוש באחידות ענישה בין המקרים. אדרבא, השוני במעורבות ובסוג העבירה, מצדיק דווקא הטלת עונשים שונים. באשר לאבחנה שבין עניינם של הנאשמים 1, 3 ו – 5 מעניינם של הנאשמים 2 ו – 4, אכן נראה כי קיים מדרג בחומרת המעשים המיוחסים למעורבים השונים. הנאשמים 1, 3 ו – 5 הינם המעורבים העיקריים כשהנאשם 1 הוא \מעורב המפתח\"", שבעטיו החל כל האירוע, תכליתו היא נקמה בשל פגיעה כביכול בו, והוא אף היה הרוח החיה והפעילה בו. נאשם 1 גם נטל את הסכין המגואלת בדם המנוח לידיו לאחר הדקירה שבוצעה בנוכחותו. נאשמים 3 ו- 5 ביחד עם הנאשם 1 גרמו אף הם לחבלות החמורות בתקיפה פיזית של המנוח. נאשמים 2 ו – 4 היו שותפים למעשה לגרימת החבלה בהיותם חלק מהקבוצה, כשהנאשם 2 הוא שגרם לניתוק הבלמים כמתואר לעיל, ואילו הנאשם 4 הוא שהסיע את התוקפים למקום ברכבו וידה אבן לעבר משאית המנוח. בנסיבות אלה, בצדק מבחין איפוא כתב האישום המתוקן בעבירה המיוחסת לכל אחת מהקבוצות (ס' 329 המיוחסת לנאשמים 1, 3 ו – 5, אל מול 333 + 335 (א) (1) המיוחסים לנאשמים 2 ו - 4). באשר לנאשם 5, קיימות בעניינו נסיבות אישיות שיש להביאן בחשבון הנוגעות למצבו הנפשי, כעולה מתסקיר שירות המבחן וחוות דעת פסיכיאטרית שהוגשו בעניינו. עיינתי בפסקי הדין אשר הוצגו על ידי ב\""כ הצדדים. כל מקרה ונסיבותיו ולא מצאתי כי תורמים הם תרומה ממשית לענייננו. כך למשל, בע\""פ 9052/10 (שטרית) המדובר היה בסדרת דקירות מצד הנאשמים, בעלי עבר פלילי קודם, שהצטיידו מראש בסכיני \""מאצ'טה\"" לאחר שסברו (בטעות) שאחיהם נרצח על ידי המתלונן. כן הואשמו בעבירות נוספות. ונגזרו""",train
"מהתרשמותו בדבר השפעת ההליך המשפטי והמשטרתי כאלמנט הרתעתי הולם על הנאשם. אם כי צודקת ב\כ המדינה שעברו הפלילי של הנאשם רלוונטי לארוע נשוא ענייננו, באשר החל זה כעבירת רכוש, לא נראה לי כי עבר זה מכביד הוא ולא אתחשב בו לחומרה. כן לא נראה לי נכון לערוך השוואה בבחינת אחידות ענישה מסוג זה או אחר, בין ענשם של שני השותפים האחרים, אשר בניגוד לנאשם נשוא ענייננו, לא נהגו ברכב אלא ישבו עם המנוח מאחור ואשר בעניינם הגיעו הצדדים לידי הסדר טיעון, ואולם כן אתחשב בנתון זה לקולא בעניינו של הנאשם שבפני. בנסיבות הכוללות איפוא, ולאחר ששקלתי את האיזונים המתבקשים בין חומרת העבירה ותכלית הענישה הנדרשת, לבין נסיבותיו האישיות של הנאשם, וההמלצות בעניינו, נראה לי כי אכן יש מקום להקל עם הנאשם ולא למצות את הדין עימו, אם כי לא אוכל לקבל את בקשת הסניגור והמלצת שירות המבחן בדבר השתת עונש של עבודות שירות על הנאשם. קבלת ההמלצה האמורה תהיה מרחיקת לכת יתר על המידה ובלתי מידתית, בהתחשב בנסיבות ובתוצאות תיק זה. מאסר למשך 20 חדשים מתוכם 8 חדשים בניכוי תקופת המעצר בפועל שריצה הנאשם (7.1.06-22.1.06) יהיו לריצוי בפועל, והיתרה תהא על תנאי והתנאי הוא, שלא יעבור משך 3 שנים משחרורו, עבירה של גרם מוות מכל סוג שהוא. פסילה מלקבל או מלהחזיק רשיון נהיגה לכל סוגי רכב מנועי, למשך 6 שנים שמניינם מהיום. ניתן היום י\""ד ב אדר א, תשס\""ח (20 בפברואר 2008) במעמד הצדדים. סגן נשיא אבקש עיכוב ביצוע לצורך הגשת ערעור. יש לקחת בחשבון שמזה תקופה ארוכה הנאשם משוחרר בתנאים, עומד בכל התנאים. התקופה של המאסר בפועל יחסית היא תקופה קצרה. אם הוא יתחיל לרצות""",train
"ויתרתם תהא על תנאי, והתנאי הוא שלא יעבור משך 3 שנים מיום שחרורו כל עבירה מסוג פשע לפי פקודת הסמים המסוכנים [נ\ח], תשל\""ג-1973. מתקופת המאסר בפועל ינוכו ימי מעצרו בגין העבירה נשוא תיק זה (16.3.10 – 12.5.10). הנני מורה על השמדת הסמים (פ\""א 689/10 – תחנת דימונה) בכפוף לחלוף תקופת הערעור. זכות ערעור לבית המשפט העליון בתוך 45 יום מהיום . ניתנה והודעה היום י\""ב טבת תשע\""א, 19/12/2010 במעמד הנאשם ובא כוחו בלבד. עיכוב ביצוע גזר הדין למשך 45 יום, שמניינם מהיום, וככל שיוגש ערעור לבית המשפט העליון, עד למתן פסק דין בו. בנסיבות העניין, לא מצאתי לנכון לשנות מתנאי השחרור, אשר יישארו בעינם עד לכניסה לביצוע בפועל של גזר הדין, או לחלופין מתן פסק הדין של ערכאת הערעור.""",train
"להתעלם מהעובדה כי המדובר בנאשם חסר עבר פלילי ושזהו מאסרו הראשון, ובעניין זה, לא אוכל לקבל את עמדת המאשימה לראות בו כמי שאינו חסר עבר פלילי, על רקע העובדה שמדובר בסדרת עבירות ולא בעבירה חד פעמית. לצערי, לא התקבלה חוות דעתו של שירות המבחן ואולם אניח לזכותו של הנאשם, כי היה נמצא בעניינו אפיק שיקומי כזה או אחר, עם שחרורו ממאסרו. הודייתו המיידית של הנאשם בביצוע העבירה תוך חסכון זמן שיפוטי, תובא כמובן גם כן לזכותו, כמו גם הבעת החרטה מצדו, הן זו המשתקפת מהודייתו והן נוכח הדברים שציין בפני בעת הטיעונים לגזר הדין. כפי שנראה, המדובר בנאשם אשר עומד בפני התפרקות חיי משפחתו. כפי שנמסר, מתנהלים בינו לבין רעייתו הליכי פירוד, וקיים גם נתק מכאיב בינו לבין שלושה מילדיו. השפעתם של מרכיבים אלה הנוגעים לנסיבותיו האישיות והמשפחתיות של הנאשם והאפקט הנובע מהם על חייו, יובאו אף הם בחשבון לזכותו. עיינתי בפסקי הדין שהוגשו לעיוני על ידי ב\כ הצדדים שעניינה נוגע לעבירות ההצתה בלבד. כפי שניתן למצוא בכל סוגי העבירות, גם בענייננו ישנם גזרי דין חמורים יותר וחמורים פחות. כל מקרה לגופו ואכן המדובר בקשת ענישה רחבה המושפעת מנסיבות כל עניין. עם זאת, שזורה כ\""חוט השני\"" בכל פסקי הדין, התייחסות עקרונית, עקבית וחמורה לחומרת עבירת ההצתה. בענייננו כאמור, נעברו סדרת עבירות מעבר להצתה, שגם להן ולמשמעותן יש ליתן את הדעת. לאור כל האמור ולאחר ששקלתי את מכלול השיקולים כמפורט לעיל הנני דן את הנאשם כדלקמן: מאסר למשך 40 חדשים, מתוכם 30 חדשים יהיו לריצוי בפועל, ויתרתם תהא על תנאי, והתנאי הוא שלא יעבור משך 3 שנים מיום שחרורו ממאסר, אחת העבירות בהן הורשע, או ניסיון לעבור""",train
"תלוי ועומד כנגדו, אולם, לא היה בו כדי למנוע אותו מביצוע עבירות נוספות. צירוף העבירות יחד, ריבוין, אופיין ונסיבותיהן, מלמדות על כך כי המדובר בנאשם שנראה שדבר לא מרתיעו. עונש של מאסר על תנאי ועבודות לתועלת הציבור אינו עונש מוחשי ומרתיע במקרה שבפני, ואין בו לצערי די כדי להרתיע את הנאשם. אף אם היה כזה, ספק בעיני אם הנאשם במצבו כשיר בכלל לביצוע עבודות אלו, אשר לא הומלצו על ידי שירות המבחן. מסר ההרתעה של הנאשם יהיה ברור, אך אם יוטל עליו עונש של מאסר בפועל ממש. נ לא התרשמתי גם מדבריה של בת זוגו של הנאשם בפני, שהמחישו את הדפוס הידוע הנלווה להליכים משפטיים בעבירות מסוג זה, החוזר על עצמו לעיתים קרובות, ולפיו עמדת בת הזוג, היא בקשת רחמים לבן זוגה- הנאשם. דפוס זה ניזון ממערכת תלותית ידועה אשר נראה, שלא פסחה גם על המקרה שבפנינו. בנסיבות אלה, לא אוכל לתת משקל של ממש לדבריה אלה. ב ראויים לציון לעניין זה דבריו של כב' השופט חשין בבש\פ 6648/93 מדינת ישראל נ' אלמליח, תק-על 93(4), 197: ו מצד שני, לא אוכל להתעלם מהעובדה, כי הנאשם הודה וחסך מזמן שיפוטי ואף מהצורך בהבאת המתלוננות להעיד כנגדו. אף החרטה שהביע בפני יש לה כמובן משקל. כן יש להתחשב בעובדה, כי לפחות בחלק מן העבירות מדובר בעבירות שמעת ביצוען חלף זמן רב יחסית. כמובן שלא ניתן להתעלם ממצבו הרפואי הקשה של הנאשם. כל השיקולים האלה יזקפו לזכותו של הנאשם. לאור כל האמור, ולאחר ששקלתי את נסיבות העבירות וחומרתן מחד, ואת נסיבותיו האישיות של הנאשם מאידך, הנני דן אותו כדלקמן: 15 חודשי מאסר, מתוכם יהיו 10 חדשים לריצוי בפועל ומנינם""",train
"בפתח הדברים אציין את המובן מאליו, כי מסכים אני עם ב\כ הנאשם בדבר עקרון היותה של הענישה- אינדיבידואלית, וכי כל מקרה יש לבחון לגופו. כמו כן מקובל עלי ללא צל של ספק, כי בכל ענישה, יש לנקוט בעקרון המידתיות המביא בחשבון, הן את שאלת המניעה, הגמול וההרתעה והן את נסיבותיו, הן של המקרה והן של הנאשם. תמים דעים אני עם ב\""כ המאשימה, כי אכן קיימת חומרה בעבירות על חוק הכניסה לישראל. אמנם בעיקר אמורים הדברים בדרך כלל בהיבט הבטחוני ובכך עוסקים מרבית פסקי דין בענין, ואולם אין להקל ראש גם בהיבט הכלכלי, החברתי והדמוגרפי. ציינתי לא אחת, כי יש להחמיר עם עבריינים העוברים על חוק הכניסה, זאת בשל ההכבדה העצומה הנופלת על רשויות הצבא והמשטרה. אדגיש כי הערה זו הערתי בתיקים שהגיעו בפני והעוסקים בתושבי הרשות הפלסטינית הנכנסים לארץ. לא אחזור בענין זה שוב ודברים ברוח זו, ביטאתי לא אחת בהרחבה בפסקי דין שונים שנתתי, (ר' לדוגמא לאחרונה ת.פ. 2996/04 לשכת תביעות מרחב נגב-באר שבע נ' אבו עפאש יוסף ואח' (לא פורסם),ת.פ. 3006/04 מדינת ישראל נ' שאולוב ואח' (מיום 21.12.04 - לא פורסם), ת.פ. 3946/04 (מיום 16.1.05 – לא פורסם)). קודם שאתיחס לגופו של עניין, עיינתי בפסקי הדין שהוגשו לי על ידי הצדדים. בענין שוהים בלתי חוקים תושבי הרשות הפלסטינית, הרי שאינני נזקק לכל פסקי הדין מבתי משפט השלום השונים, זאת נוכח פסקי דין המצויים בידי מערכאות גבוהות יותר, ובהן נקבעה עקרונית רמת הענישה כיום ל- 4 חודשי מאסר בפועל. לענין שני פסקי הדין הנוגעים לתושבי חוץ שאינם מהרשות הפלסטינית, הרי שנראה לי בכל הכבוד הראוי, שאינם תורמים לענייננו. גזר הדין בפ' 2701/03 (ב\""ש) מדינת ישראל""",train
"המלצת שירות המבחן ובקשת ב\כ הנאשם כי יש מקום לבדוק אפשרות ביצוע עונש המאסר על דרך עבודות השירות. לפיכך, הוריתי לממונה על עבודות השירות להגיש חוות דעתו בדבר כשירותו של הנאשם לבצע עבודות שירות, תוך שהדגשתי בהחלטתי, כי אין בכך קביעת כל עמדה שהיא. חוות דעת כאמור התקבלה ובה נאמר כי הנאשם אכן כשיר לביצוע המאסר על דרך עבודות השירות. לו לא היה מדובר בפרק זמן כה רב של כ-4 שנים מעת ביצוע העבירה, לא הייתי מהסס וגוזר על הנאשם עונש מאסר בפועל ממש. אלא שלאור הזמן הרב שחלף, והדרך הנורמטיבית בה הנאשם שהינו צעיר יחסית, מנהל את חייו בדרך כלל, איני מוצא טעם בשליחתו המחודשת למאסר בפועל, דבר העומד, כך נראה לי, בניגוד לאינטרס החברתי. על רקע האמור מצאתי לנכון לאמץ את המלצת שירות המבחן ולדון את הנאשם למאסר על דרך עבודות השירות. לכך יש להוסיף עוד, כי נאשם נוסף בתיק זה אשר נאשם בסיוע לעבירות, הגיע להסדר טיעון של מאסר מותנה וקנס בלבד. לאור כל האמור ולאחר שקילת האיזונים בין חומרתה הרבה של העבירה ומטרות הענישה מחד, לבין הנסיבות שתוארו לעיל מאידך, הנני דן את הנאשם כדלקמן: מאסר למשך 12 חודשים מתוכם 6 חדשים יהיו לריצוי בפועל והם ירוצו בדרך של עבודות שירות כמפורט להלן, והיתרה תהא על תנאי, והתנאי הוא שלא יעבור משך 3 שנים מהיום, אחת העבירות בהן הורשע. תקופת המאסר בן 6 החודשים שהוטלה עליו לעיל תרוצה במסגרת עבודות שירות אותן יבצע בבית אבות גילת, בפיקוח הממונה על עבודות השירות ומר אלי מור יוסף. תחילת העבודות תהיה ביום 19.6.05 ושעות העבודה יהיו בימים א'-ה' מהשעה 08:00 עד השעה 15:00 ובערבי חג""",train
"ואולי זה היה אחד השיקולים להחמרה בעונשו, מה שאין כן בעניננו. בנסיבות האמורות, ולאחר שקילת האיזונים בין חומרת העבירה מחד לבין נסיבותיו האישיות של הנאשם הנני דן אותו כדלקמן: מאסר למשך 12 חודשים, מתוכן 6 חדשים יהיו לריצוי בפועל והיתרה תהא על תנאי והתנאי הוא, שלא יעבור משך 3 שנים מהיום, כל עבירה לפי פקודת הסמים המסוכנים [נ\ח] תשל\""ג- 1973 למעט עבירת החזקה לשימוש עצמי, בגינן תעמוד תקופת התנאי על 3 חדשי מאסר מותנה למשך 3 שנים. פסילה מלקבל או מלהחזיק רשיון נהיגה למשך 18 חדשים מיום שחרורו ממאסר ו/או ממעצר אותו הוא מרצה כיום. ניתן בזאת צו להשמדת הסמים (מוצגים 166/03 – תחנת אופקים) בכפוף לחלוף תקופת הערעור וככל שיוגש כזה – בהתאם לתוצאותיו.""",train
"ועומד כנגדו, אולם, מסתבר שלא היה בו כדי למנוע אותו מביצוע עבירות נוספות. צירוף העבירות יחד, ריבוין, אופיין ונסיבותיהן, מלמדות על כך כי המדובר בנאשם אלים שדבר לא מרתיעו, אשר אין מנוס אלא מלהרחיקו מהחברה בכלל ומאשתו בפרט, על מנת להבטיח את שלומה, בטחונה ואיכות חייה. לעניין זה אעיר, כי לא מקובלת עלי טענת ב\כ הנאשם לפיה, לאור פסק הדין למזונות והבקשה להתרת נישואין, עומד הקשר בין בני הזוג להסתיים. ראשית, מסתבר כי פסקי דין אינם מהווים ככל הנראה כלי הרתעה לנאשם. שנית, לבני הזוג ילדים משותפים קטינים וככל הנראה צפוי להימשך הקשר ביניהם ולו בשל סיבה זו. תקופת מעצרו של הנאשם איננה עונש מוחשי במקרה שבפני, ואין בה לצערי די כדי להרתיע את הנאשם. ראויים לעיון לעניין זה דבריו של כב' השופט חשין בבש\""פ 6648/93 מדינת ישראל נ' אלמליח, תק-על 93(4), 197: ראוי אף להזכיר את דבריה של עמיתתי, כב' השופטת ד\""ר מיכל אגמון גונן בפ' 4864/01 (שלום י-ם), מדינת ישראל נ' נטשה חמאדה (לא פורסם), שם קבעה: בבואנו לקבוע את העונש אי אפשר להתעלם מן הביזוי, ההשפלה והכאב שנגרמים לקורבנות של אלימות בכלל ואלימות במשפחה בפרט. בעבירות אלימות במשפחה קיימת פגיעה חמורה בכבוד האדם. .. השיקול היחיד שמצדיק הקלה בעונשו של העבריין בעבירות אלימות במשפחה בינו האינטרס של שיקום בני הזוג... קשה למצוא נקודות לזכותו של הנאשם. עובדת היותו עולה המצוי בקשיי קליטה, אין בה כדי לבוא לזכותו, אלא באופן מוגבל בלבד. הוא גם לא ביטא כל חרטה, לרבות לא אחרי הכרעת הדין. מסכים אני עם הסניגור שאכן זכותו של כל נאשם להוכיח חפותו ואינני מחשיב עובדת ניהול המשפט כנגדו, אלא שודאי אינה יכולה""",train
"אין צורך לחזור ולפרט את פסיקתם של בתי המשפט השונים, לפיה חייבת לבוא כנגד עבירות מהסוג הנדון ובמסגרת המלחמה בנגע הסמים, תגובה ממשית ומרתיעה, במיוחד שהמדובר בסחר בסם. עבירות אלה טומנות בחובן תוצאות הרסניות, פוגעות קשות בציבור ועל-כן, מחייבות מדיניות ענישה מחמירה ומרתיעה וכל מאות ואולי אלפי פסקי הדין שנכתבו בענין זה אינם צריכים איזכור, נדמה שהפכו לידיעה שיפוטית, שכל המוסיף עליהם – גורע. בנסיבות אלה, ועל רקע חומרתה של העבירה (המרובעת) של הסחר בסם, צודק ב\כ המאשימה בדבריו כי יש לתת עדיפות לשיקולים של הגנה על האינטרס הציבורי ומשקל מועט יותר לנסיבותיו האישיות של הנאשם, העומד בפני בית המשפט לדין. ו יצויין כי בעברו של הנאשם 5 רישומים קודמים, בעבירות רכוש וסמים, ואולם המדובר בעבירות ישנות (האחרונה משנת 1988) ועל כן לא אביא זאת לחומרה במנין שיקולי. אינני יכול יחד עם זאת, להתעלם מנסיבותיו המקלות של הנאשם, נסיבות חייו, הודייתו וחסכון מזמן שיפוטי. כן לא ניתן להתעלם מהעובדה כי הנאשם מצוי כבר במעצר ממש מזה כתשעה חדשים. ביחוד לא ניתן להתעלם מהתסקיר החיובי וההמלצה החד משמעית של שירות המבחן בענינו של הנאשם. על רקע האמור החלטתי שלא למצות את הדין עם הנאשם, תוך שאני מקווה, כי הנאשם ישכיל ביתרת תקופת המאסר שנפסקה לו, לערוך חשבון נפש מחודש, שיביא להכרה כי הוא חייב, לטובתו האישית, לשנס מתניו ולעשות מאמץ כן ורציני, להתחיל בדרך חדשה ונורמטיבית בחייו, תוך התמודדות אמיתית עם מצבו ובראשה הפסקת כל מעורבות בסם. לאור כל האמור ולאחר שקילת האיזונים שבין חומרת העבירות לבין נסיבותיו של הנאשם, אני דן את הנאשם כדלקמן: מאסר למשך 30 חודשים, מתוכם 18 חדשים יהיו לריצוי בפועל ומנינם מיום""",train
"שני פנים חמורים, כל אחד לכשעצמו, חברו להם יחדיו בתיק זה: עבירות חמורות שבוצעו בשיטתיות, לאורך תקופה לא מבוטלת ותוך מעילה באמון, הן כלפי המתלונן והן כלפי המעביד מחד, ומאידך – נזק בהיקף רב שנגרם למתלונן ולחלופין לבנק, שסכומו, מעל 5 מליון ₪, מדבר בעד עצמו. אינני רואה עין בעין עם ב\כ הנאשם את טענתה, כי המדובר כביכול בכשל שנבע מרצונו של הנאשם להחזיר את ההפסדים שנצברו בהשקעות שנכשלו. ראשית, גם ההשקעות שביצע, על פי כתב האישום, חרגו מהמותר לו עוד מלכתחילה (הנאשם עשה שימוש ב – 7,780,363 ₪ מכספי המתלונן, בעוד שהותר לו לעשות כן אך ב – 200,000 ₪). שנית, לו היה המדובר במעידה חד פעמית, באירוע יחיד, יתכן והיה ניתן לשקול טענה כאמור, ואולם בענייננו המדובר בשיטתיות מובהקת, המצריכה ללא ספק תכנון, בביצוע למעלה מ – 1,000 פעולות משך כ – 10 חדשים (ממוצע של למעלה מ – 4 פעולות ליום), וגם בשל כך לא אוכל לקבל את הטענה. שלישית, סך של 228,000 ₪ שולשלו לכיסו של הנאשם, כמו גם חלק מכספי הרווחים שצברו ההשקעות, ועל כן ברור שאין המדובר ברצון להחזר כסף אלא הפקת רווחים. ורביעית גם אם אכן פעל הנאשם מתוך המניע הנטען, אין בה כדי לפטור אותו מהחלת המדיניות העונשית שנקבעה על ידי בית המשפט העליון, לפיה פקיד בנק שמעל בכספי לקוחות הבנק, יש לדון אותו לתקופת מאסר משמעותית. (ר' לעניין זה למשל ס' 8 לע\""פ 11445/05 דוד רוט נ' מדינת ישראל , (מיום 22.6.06 לא פורסם [פורסם בנבו]), ע\""פ 3291/90 רות עמר נ' מדינת ישראל (מיום 20.8.90 – לא פורסם [פורסם בנבו]). עוד מסכים אני עם ב\""כ המדינה לפיה""",train
"בעובדה כי המברג לא הובא על ידי הנאשם, והאירוע לא החל בעטיו שלו דווקא. על אף שלא הונחה לפני חוות דעתו של הגורם הטיפולי, אניח כי המדובר בנאשם נורמטיבי לכשעצמו, זאת על רקע היותו חסר עבר פלילי מכל סוג שהוא, ואזקוף זאת לזכותו. ולבסוף, גם הודייתו על המשמעויות הנובעות ממנה, על אף שבאה באיחור ניכר לאחר שמיעת כל עדי התביעה, תזקף לזכותו. נוכח כל האמור, בנסיבות עניינו אכן יש טעם בקביעת מתחם הענישה ההולם אותו קבעו הצדדים, בין 6 חדשי מאסר המומרים בעבודות שירות, ל- 24 חדשי מאסר בפועל. לאחר ששקלתי איפוא את כלל נסיבותיו של תיק זה וכן את שיקולי החומרא והקולא, לרבות שיקולי הענישה – ובכלל זה ההלימה וההרתעה, מסקנתי היא כי לא ניתן להסתפק בעבודות שירות ויש מקום להשית על הנאשם עונש מאסר בפועל ממשי, אם כי לתקופה מתונה משמעותית מהרף העליון שהומלץ על ידי המאשימה. בנסיבות כל האמור הנני דן את הנאשם כדלקמן: מאסר למשך 20 חדשים, מתוכם 12 חדשים יהיו לריצוי בפועל והיתרה תהא על תנאי, והתנאי הוא שלא יעבור משך 3 שנים משחרורו, עבירת אלימות מסוג פשע. פיצוי למתלונן בסך 2,500 ₪, אשר ישולם ב – 5 תשלומים חודשיים רצופים החל מ – 30 יום משחרורו. זכות ערעור לבית המשפט העליון בתוך 45 יום מהיום. אבקש עיכוב ביצוע לתקופה המינימאלית, של 45 יום. אינני משוכנע שלצורך ערעור דווקא, אלא גם לצורך עניין הקליטה המוקדמת, אשר היא לכשעצמה, נזקקת ל-30 יום, וזה תנאי, מבחינתם, כדי לאפשר לנאשם לעבור תהליך מסוג זה. אנו גם נבחן את עמדתנו באשר לשאלת הערעור. אציין כי הנאשם משוחרר מזה שנתיים. הנאשם עומד באותם תנאים בהם נוהגים",train
"היתר, את גורם ההרתעה והאכיפה השוויונית של החוק. שיקול ציבורי זה פועל במישנה תוקף ככל שחומרת העבירה גדולה יותר והנזקים לפרט ולציבור מביצועה גוברים. כנגד השיקול הציבורי, נשקל עניינו של הפרט הנאשם, ובמסגרת זו נבחנים נתונים שונים הנוגעים אליו וביניהם - טיב העבירה אותה עבר וחומרתה, עברו הפלילי, גילו, מצב בריאותו והנזק הצפוי לו מהרשעה. באשר לנאשמים בגירים, במאזן השיקולים האמור גובר בדרך כלל השיקול הציבורי ורק נסיבות מיוחדות, חריגות ויוצאות דופן ביותר תצדקנה סטייה מחובת מיצוי הדין בדרך הרשעת העבריין, וזאת, לרוב, כאשר עלול להיווצר יחס בלתי סביר בין הנזק הצפוי מהרשעה בדין לבין חומרתה של העבירה והנזק הצפוי לעבריין מההרשעה. מנהל תקין - האם קיימת חובת אימוץ עמדת שירות המבחן? במסגרת טיעוניו טען ב\כ הנאשם כי עמדת המאשימה לאי אימוץ המלצת שירות המבחן אינה ראויה, שכן השירות הוא הגוף המקצועי בכל עניין הענישה הרצויה. חקרתי ודרשתי, ולא מצאתי עיגון לעמדתו זו של ב\""כ הנאשם, מה עוד הודיעה התביעה מפורשות מראש, כי אינה מחויבת להמלצות התסקיר. קדמי בספרו (\""על סדר הדין בפלילים\"", חלק ג' 1193), מבהיר את תכליתו של התסקיר – העמדה דלעיל, עוגנה בפסיקה במסגרת החלטות שונות. כך למשל בר\""ע 745/86 מאיר הרוש נ' מדינת ישראל, תק-על 87(1), 522 : כבודו של התסקיר במקומו, אך אין חובה על בית המשפט לאמצו ואף אין זה רצוי ונכון שיתקבל הרושם כי הזמנת תסקיר שרות המבחן פירושה כשלעצמה כי כל שיומלץ שם גם מחייב אוטומטית את בית המשפט. לבית המשפט יש שיקול דעת ואין זה רצוי שיתקבל הרושם כי בית המשפט כפות על ידי ההמלצה, שמא יירתע בית המשפט בשל כך מהזמנת התסקיר באותם מקרים בהם אין""",train
"הסמוי, כולה או במרביתה (להבדיל מחלקה) לרצונו למלא מבוקשו של ידיד קרוב. עזרה כזאת ניתן היה להבין (אם גם לא לגמרי לסלוח), כאשר מדובר (דרך משל) בהשגת סם לחבר הזקוק לו לצריכה עצמית. אולם בענייננו מדובר בכמויות מסחריות, והמשיב \ידע\"", שהשוטר מתכוון למכור את הסמים לאחרים, עזרה כזאת, ולו גם לאחר שידולים, חורגת, כאמור, מגילויי ידידות והתחשבות בחבר הנתון בצרה. (עמ' 231-232) לדברים אלה מצטרף בהסכמה גם כב' השופט (כתוארו אז) ברק, גם כב' השופט (כתוארו אז) אלון, מסכים עם התוצאה העקרונית, ככל שנוגעים הדברים לשאלה האמורה. בפרשת אפנג'ר הנ\""ל, מדובר בסחר או תיווך לסחר, בכמויות מסחריות. גם בע\""פ 15/78 משה ביבס נ' מדינת ישראל . פ\""ד לב(3), 64 ראה לנכון כב' השופט (כתוארו אז) שמגר, להרחיב את הדיבור על המתח, בין הדחה לעבירה ובין השימוש הלגיטימי בסוכן מדיח: לבסוף אזכיר כי האבחנה המתוארת הועלתה גם ב-ע\""פ 42/66, נעמן נ' היועץ המשפטי, (4), בע' 194, בו נאמר לעניין זה על-ידי השופט לנדוי (כתארו אז): 'ב-ע\""פ 20/56, (1) הבדלתי בין פעולה יזומה על-ידי המשטרה ובין השתתפותו של סוכן משטרתי בעבירה שהיתה נעברת גם בלאו הכי. הפעם אנו דנים באדם שברשותו נמצאת כמות גדולה של דולרים מזוייפים, וזו עבירה חמורה בפני עצמה. אין ספק שהוא היה ממילא מוכן ומזומן להפיץ את הדולרים שברשותו. אינני רואה פסול בכך שבמילוי חובתה למנוע פשעים שמה המשטרה מלכודת לאיש כזה, כדי לסתום את מקור הרע. בעשותה כן היא לא יזמה ביצוע עבירה ולא שידלה אדם ישר או חלש-אופי לעבור עבירה, שאלמלא כן לא היה עובר אותה.'...\"". ובחזרה לענייננו: מהנסיבות העולות מחומר הראיות שהוצג לעיוני בשלב הטיעונים לעונש, לא נראה לי כי המדובר""",train
"ההסתננות כפי שחוקק בזמנו, צומצמה באיזה אופן שהוא, על רקע המצב השורר כיום. ראויים לעיון בנקודה זו, דבריהם של כב' הנשיא א. ברק וכב' המשנה לנשיא (בדימוס) מ. חשין בפסק דין שיצא אך לפני ימים ספורים (בג\ץ 7052/03 עדאללה המרכז המשפטי לזכויות המיעוט הערבי בישראל ואח' נ' שר הפנים ואח' (מיום 14.5.06 טרם פורסם). על אף שנוגע פסק הדין לעניין אחר- בחינת חוקיותו של חוק האזרחות והכניסה לישראל (הוראת שעה) התשס\""ג-2003, ועל אף שחלוקים הם באשר לתוצאה הסופית הנובעת ממנו, תמימי דעים הם באשר למציאות הביטחונית הקשה השוררת בישראל בשנים האחרונות, והאיום הביטחוני שנשקף לאזרחי ישראל ולתושביה. פירוט לעניין זה מצוי בהרחבה בדברי שניהם ואין צורך להרחיב במסגרת שבפני שוב. רק לצורך ההמחשה, מביא בית המשפט העליון באותו עניין, סטטיסטיקה הנוגעת לפיגועי טרור מאז פריצת אירועי ההתקוממות הידועים כאינתיפדה השניה (מספטמבר 2000 ועד ינואר 2006), ולפיה בוצעו בתחומי מדינת ישראל למעלה מאלף וחמש מאות פיגועים. למעלה מאלף ישראלים קיפחו את חייהם בתחומי מדינת ישראל. כששת אלפים וחמש מאות ישראלים נפצעו. רבים מהפצועים הפכו לנכים קשים. יתרה מכך, אין המדובר בלוחמה קונבנציונלית רגילה, אלא במצב בו קשה לאבחן בין מי נכנס לארץ בתום לב לצרכי עבודה ומי עושה כן למטרות אחרות: ומשתלבים באוכלוסיה האזרחית הפלסטינית עד-כי אין ניתן לדעת מיהו תושב פלסטיני תמים, מיהו פעיל טרור ומיהו תושב פלסטיני העלול לסייע לטרור. השתלבות זו של אירגוני הטרור באוכלוסיה האזרחית אינה מקרית. הטרוריסטים מסתתרים בתוכה של האוכלוסייה האזרחית, ולעיתים עושים הם שימוש באוכלוסיה התמימה כ\""מגן אנושי\"" מפני פעולות צה\""ל. יתר-על-כן: פעילי הטרור זוכים לתמיכה ולסיוע של חלקים באוכלוסייה האזרחית. אכן, לא זו בלבד שתושבי האזור אינם עושים להפסקת""",train
"עם הנאשם, מתוך רצון, שמיד עם שחרורו, ישתלב מחדש באורח חיים נורמטיבי ויבין אל נכון, כי אי מיצוי הדין, הינו תרומת החברה, באמצעת בית המשפט לצורך מטרה זו. ו לאור כל האמור הנני דן את הנאשם כדלקמן:",train
"שהדברים קשים במיוחד באזור הדרום, וזאת מתוך ריבוי המקרים הבאים לדין בפני בית המשפט הנ\ל ובפני ערכאות ומותבים נוספים באזור. בבואי לגזור את דיני, הונחיתי גם על ידי פסק דינו של בית המשפט המחוזי בבאר שבע (ע\""פ 7375/00) אשר אושר בבית המשפט העליון ובו קבע כב' השופט (כתוארו אז) נ' הנדל בהסכמת כב' סגן הנשיא (כתוארו אז) י. פלפל כדלקמן: פן חמור נוסף של עבירת סחיטה באיומים הוא שבכוחה לערער את אמון הציבור במערכת אכיפת החוק. זהו אחד מיעדי העבירה. העבריין חותר להשגת פחד אצל המתלונן לפנות לשלטונות ולמעשה רגש זה מהווה את התשתית לתכניתו. באותו פסק דין הטילה ערכאת הערעור 11 חדשי מאסר בפועל בגין עבירת סחיטה באיומים שנעשתה משך תקופה של 12 יום בלבד, סחיטה שלא יצאה אל הפועל, כשהמדובר היה בנאשם ששירת בצה\""ל, זו לו עבירתו היחידה וחרף המלצת שירות המבחן להטיל את עונש המאסר בפועל בעבודות שירות. בפסה\""ד נשוא ת.פ. (ב\""ש) 8083/06 הנ\""ל, השית כב' השופט י' אלון על נאשם אחד, 24 חדשי מאסר בפועל ועל נאשם שני, 6 חדשי מאסר בפועל בעבודות שרות, כשבית המשפט הדגיש את הפער וההפרש המשמעותי מאד במעשים ובעבירות בהם הורשע הנאשם 1 לעומת הנאשם 2, שמעורבותו החלה רק בשלב האיומים והסחיטה האחרון, וגם זאת רק בגדרו של \""מסייע\"". בית המשפט העליון (ע\""פ 1725/07 הנ\""ל) החמיר עם הנאשמים, ותוך שקבע שעל אף שאינו ממצה את הדין, גזר על הנאשם 1 - שלושים חדשי מאסר, ועל הנאשם 2 - שמונה חדשי מאסר בפועל (שלא כטענתו של ב\""כ הנאשם בענייננו, לפיה נגזרו על הנאשם 2 עבודות שירות בלבד). יצויין כי לשני הנאשמים בתיק הנ\""ל לא היה עבר פלילי, שניהם""",train
"נסיבותיו האישיות המורכבות, כמפורט בתסקיר ובדבריו בפני. כאמור, יתכן שהיקף הסם שנתפס מצדיק מלכתחילה מאסר בפועל ונדמה לי גם, כי הטלת כזה על הנאשם יש בה כדי להביא אולי לידי סיפוק את מדיניות הענישה המקובלת, ואולם ספק רב בעיני, אם אכן תואם הדבר לאינטרס הציבור וליתר מרכיבי ומטרות הענישה, מעבר לשאלת ההרתעה, שהיא, ללא ספק מטרת הענישה המרכזית בענייננו. אדרבא, נראה לי, בכל הכבוד הראוי, כי החזרת הגלגל חמש שנים אחורנית, לנאשם שאינו חלק מהחברה העבריינית שיכולה היתה אולי להיות מורתעת מהעונש שיוטל עליו, ואשר על שיקומו לא רק שאין חולק, אלא שקיים סיכוי רב שלו תתקבל עתירת המאשימה, יתמוטט הנאשם ובתו הקטנה ויהפכו שניהם לנטל חברתי מעיק, עומדת בניגוד לאינטרס הציבור ומעייניו. הרתעת הנאשם עצמו, אינה נדרשת עוד, הן באשר הוכיח כי לא שב על מעשיו והן בשל חלוף הזמן הרב, שהיקהה תכלית זו. בהערת אגב אעיר, אם כי הדבר אינו מהווה כמובן שיקול מרכזי, שמעיון בחומר שהוצג בפני התרשמתי, כי הנאשם עצמו הינו ככל הנראה \נגן זוטר\"" בפרשה הכוללת, שה\""מנצחים\"" העיקריים בה – לא נודעו. כאמור, לא אוכל להתעלם מהתקופה הארוכה שעברה מיום ביצוע העבירה ועד היום לפני כחמש שנים. כברת דרך זו, עיקרה לטעמי במידה לא מבוטלת את מהותו ותכליתו של ההליך הפלילי ובין היתר את האפקטיביות שבענישת הנאשם בסמוך ככל האפשר לעבירה. אמנם, חלק ניכר מבקשות הדחיה היו על ידי הנאשם ועל כן, אין לייחס משקל רב מדי לחלוף הזמן, ואולם מדברי ב\""כ הנאשם אני למד, שחלק מתקופת הדחיה נובעת אף ממו\""מ שהתנהל ביוזמת המדינה, בנוגע לעניינים \""אופרטיביים\"" שענינם לא הובא בפני. גם הודייתו של הנאשם בפני והבעת צערו וחרטתו, אשר התרשמתי""",train
"ושתבלע, כך על פי בקשתו במסגרת הענישה שניתנה בתיק השני. זהו מצב בלתי סביר תוך שבצידו תמריץ שלילי לְנאשמים, שלא לסיים עניינם, בעיקר בתיקים מסוג זה, שהיקף חומרתם רב ושאינם זניחים כלל ועיקר בהתחשב בעובדות שביסודן. עם זאת אינני יכול להתעלם מהעובדה, כי מתסקיר שירות המבחן עולים אפיונים חיוביים, הנוגעים לשינוי המהותי שערך הנאשם באורח חייו ובחשיבתו. שיקולים אלה ודאי יש להעמיד לזכותו של הנאשם ולעידודו להמשיך בדרכו. למרות האמור קודם, לא ניתן להתעלם מהעובדה, כי המדובר בכל זאת בעבירה שבוצעה לפני למעלה כארבע וחצי שנים, וכי הנאשם מצוי בעיצומו של ריצוי תקופת מאסר לא מבוטלת בת 3.5 שנים. אף דברי הנאשם בפני יובאו בחשבון לצורך הקלה בעונשו. בנסיבות הכוללות ודאי לא ניתן לקבל את עתירת הסניגור ליתרת מאסר בן כשנה שמשמעותה חפיפת העונש עם ענישת התיק האחר. עם זאת יש טעם רב שלא להחמיר עם הנאשם במיוחד ולאפשר לו הזדמנות להמשיך בתהליך החיובי אותו החל, על מנת שיוכל להשתלב בחיים נורמטיבים, עם שחרורו מהמאסר. בנסיבות אלה ולאחר ששקלתי איפוא את האיזונים המתבקשים, הנני גוזר על הנאשם את העונשים הבאים: מאסר למשך 45 חדשים, מתוכם 32 חדשים יהיו לריצוי בפועל ומניינם מהיום, והיתרה תהא על תנאי והתנאי הוא שלא יעבור משך 3 שנים מהיום כל עבירה לפי פקודת הסמים המסוכנים [נח], תשל\ג-1977.""",train
"לשלומם. לזכותם תיזקף גם חרטתם כפי שהובעה בפני. במכלול האמור לעיל ובשקלול האיזונים שבין מטרות הענישה מחד לבין נסיבות הנאשמים והעבירה שביצעו מאידך, החלטתי שלא למצות את הדין עימם, והנני דן אותם איפוא למאסר למשך 20 חדשים מתוכם 10 חדשים יהיו לריצוי בפועל (בניכוי 38 ימי מעצרם: 15.12.09 עד 20.1.10), ויתרתם תהא על תנאי והתנאי הוא שלא יעברו משך 3 שנים מיום שחרורם ממאסר, כל עבירה לפי סעיף 144 לחוק העונשין תשל\ז – 1977. נוכח האמור, החלטתי להימנע מהטלת קנס כספי. זכות ערעור לבית המשפט העליון תוך 45 יום מהיום. ניתנה והודעה היום ג' אב תש\""ע, 14/07/2010 במעמד הנוכחים. אין צורך לומר, שאין דינם של נאשמים שהורשעו בדין ונגזר דינם, כאלה שטרם נעשה כן והם בחזקת חפים. למרות האמור, נראה לי כי הוספת התנאי של עיכוב היציאה, תספק בנסיבות העניין, ובהתאם מוצא בזאת צו עיכוב יציאה מן הארץ כנגד שני הנאשמים, אשר יפקידו דרכוניהם במזכירות בית המשפט, כתנאי לשחרורם, ולעיכוב הביצוע בעניינם. בנסיבות בקשת באי כוחם והתחייבותם לפיקוח על הנאשמים בתחומי בית המשפט עד להפקדת דרכונם, אין צורך לעצרם בשלב זה וניתנת ארכה כמבוקש להפקדת הדרכון, עד השעה 12:00 היום.""",train
"10 אשקלון. פסילת רשיון נהיגתו בפועל של הנאשם, למשך 6 חדשים שמנינם מיום תחילת עבודות השירות. נ לאחר שהבהרתי לנאשם את משמעות צו המבחן והוא הסכים לו ובהמלצת שירות המבחן, הנני מעמידו בפיקוח שירות מבחן למשך 6 חודשים שמניינם מהיום. ב מורה על השמדת מוצג 543/04– תחנת באר שבע (סמים), בכפוף לחלוף תקופת הערעור. זכות ערעור תוך 45 ימים מיום קבלת חוות דעת הממונה על עבודות השירות לבית המשפט המחוזי. ו ניתנה היום ט\ו בסיון, תשס\""ה (22 ביוני 2005) במעמד הצדדים. קובע לקבלת חוות דעת הממונה על עבודות השירות ליום 13.7.05 שעה 11:30. נ הממונה על עבודות השירות מתבקש להגיש חוות דעתו בדבר כשירותו של הנאשם לבצע את עונש המאסר שהוטל עליו במסגרת עבודות השירות. תשומת לב הממונה על עבודות השירות, כי ניתן להשיג את הנאשם בכתובת: רח' יד ושם 29 באר שבע. טל': 3355567-057.ב מומלץ לנאשם כי ככל שלא יקבל הודעה מהממונה על עבודות השירות בתוך 30 יום מהיום, יזום הוא פניה לממונה על עבודות השירות בשב\""ס, מפקדת גוש דרום, ת.ד. 741 באר שבע. טל': 6290616-08. פקס: 6290636-08.ו""",train
"בענייננו מקבל המקרה משנה חומרה בכך, שלא זו בלבד שהנאשמים נכנסו לתחומי המדינה שלא כדין, אלא אף מסתבר, שלגבי הנאשם 1 אין זו הפעם הראשונה בה נתפס בביצוע עבירות כאמור, ואף ריצה 8 חודשי מאסר בפועל עקב כך, ולגבי נאשם 2, לוותה עבירתו בביצוע עבירות נוספות, שאין מחלוקת כי קיים בהן סיכון ציבורי לא מבוטל. ב קשה לי גם לקבל את הטענה בדבר תעריף הענישה, וזאת משתי סיבות: האחת, כי אמנם בלתי תלויים אנו בפסיקתנו ואולם, יחד עם זאת, מצויים אנו במערכת היררכית בה מונחית מדיניות הענישה מהערכאות הבכירות לנו. (ר' לעניין זה דבריה של כב' השופטת ר' יפה כץ בע\פ 7361/04 (מחוזי ב\""ש) מדינת ישראל נ' אסד סבר (לא פורסם - פסקה 8 לפסק הדין). האחרת היא, כי עובדתית אין הטענה נכונה, ועל עצמי אני מעיד, כי כל מקרה נבחן על ידי לגופו, לקולא ולחומרא, והדברים באים לידי ביטוי בכל גזר דין, בין אם מקל הוא ובין אם מחמיר. ה\""תעריף\"" הענישתי הנטען, הינו בגדר הנחיית מדיניות עבורנו, בו אנו מתחשבים אמנם, ואולם לא מעקר הוא, בכל צורה שהיא, את שיקול הדעת הניתן לנו לפסוק בכל תיק ותיק, את גזר הדין האינדיבידואלי הראוי להיקבע, בהתאם לשיקול דעתנו, באותו תיק. לעניין ההצעה לויתור על ההליך המשפטי ומעצר מיידי של הנתפסים, כאמצעי הרתעה אפטיבי יותר, לא זו בלבד שלא לי הדבר להחליט, אלא שנדמה לי כי לא אטעה אם אומר, שהיתה זו טענה ריטורית שלא נטענה, אלא במסגרת הכאב הנובע ממצב הדברים, הקשה לכל אחד, ובכלל זה לסניגורים, העושים מלאכתם הקשה מאד בהגנה על לקוחותיהם, בתיקים מסוג זה. לגופו של עניין, רמת הענישה שנקבעה לענינים מסוג זה עומדת""",train
"קרבנותיו ולא היא. כאמור בתסקיר, נראה שלא פגה ערלות ליבו, הוא התקשה להתייחס לחומרת מעשיו ומשמעותם הערכית והפלילית, והיה עסוק כל כולו בנסיון להציג עצמו כקורבן. אין צורך לציין, כי זכותו של כל נאשם ובכלל זה הנאשם שבפני, להוכיח כי זכאי הוא, ואין לזקוף כנגדו את העובדה כי בחר לעשות כן. יחד עם זאת, משהחליט הנאשם לנהל את ההוכחות בתיק זה, לקח הוא את הסיכון לפיו יתרשם בית המשפט באופן בלתי אמצעי מהמצוקה הנוראה בה היו שרויים המתלוננים ומהפגיעה הקשה בהם, סיכון שאכן התממש במלואו בענייננו. הפגיעה האמורה הינה כפולה: לא רק המעשים המיוחסים לנאשם בכתב האישום, אלא גם בצורך להחזרתם של המתלוננים לדוכן העדים, תוך הבאתם לשוב ולחוות מחדש את עגמת הנפש שנגרמה להם, ואשר למרבה הצער טרם הגלידה. יצויין גם, כי הנאשם לא פיצה אף אחד מהמתלוננים. על רקע כל האמור, לא אוכל לייחס משקל מכריע לעובדת חלוף הזמן שללא ספק קיימת בתיק זה, לזכותו, אם כי אביא בחשבון עובדה זו במניין שיקולי. כנגד שיקולים אלה, עומדת לזכותו מערכת נסיבות אישיות לא קלה שבאה לידי ביטוי הן בתסקיר שירות המבחן והן בדברי הנאשם ובא כוחו, ואף הודייתו, על אף שהגיעה באיחור רב, תזקף כמקובל לזכותו. גם לחלוף הזמן הרב שמאז ביצוע העבירות ועד היום תהיה כאמור משמעות, בעיקר, שלא נבע זה אך ממחדלי הנאשם. העובדה שלא נפתחו כנגד הנאשם כל תיקים חדשים אף היא תבוא במניין השיקולים לזכותו. באשר לעברו הפלילי: כנגד הנאשם 14 רישומים פליליים בעבירות רכוש ואלימות. בהרשעתו נשוא תיק זה נראה, כי לא זנח את העולם העברייני. עם זאת הרשעתו האחרונה הינה משנת 2000 בגין עבירה ישנה משנת 1992, ועל כן",train
"בית המשפט העליון בעע\מ 2273/03 אי התכלת שותפות כללית ואח' נ' החברה להגנת הטבע ואח' (מיום 7.12.06 טרם פורסם). מפאת חשיבותו והרלוונטיות שלו לענייננו, אביא ציטוט מהדברים בהרחבה: בדורות האחרונים, התגברה ההכרה כי מקרקעין הם משאב ציבורי החשוף לכלייה באם ניצולו ייעשה בלא שים לב לצרכי הדורות הבאים. את מקומה של תפיסת התכנון המסורתית, אשר התירה מיצוי מירבי של ערכה הכלכלי של הקרקע בטווח הזמן הקצר, תפסו דיני התכנון המודרניים, הקשובים במיוחד לצורך בשמירה על אינטרסים ארוכי טווח של החברה, ולצורך בנקיטת גישה זהירה בהיקף ניצולה של הקרקע, מתוך אחריות ציבורית, לאומית, וחברתית, במבט להווה ולעתיד גם יחד. לפיכך, דיני התכנון כיום נותנים ביטוי גם לצורך בשימור הקרקע, ובוחנים את השפעותיהן הכלכליות, חברתיות, חלוקתיות ואקולוגיות של תכניות, לצד ההכרה בצורך בפיתוח ובבנייה... ... היבט נוסף של דיני התכנון והבניה מתחשב במיתחמי קרקע בעלי אופי מיוחד, ובצורך לשמר את ייעודם הייחודי. נכללים בכך מקרקעין המיועדים מעצם טיבם לתועלת הציבור הרחב, ונדרש מאמץ תכנוני יוצא דופן כדי לשמר את אופיים, ולהגן עליהם מפני פגיעה העלולה לגרוע מאיכותם ומיכולת הציבור ליהנות מהם. על סוג זה של מקרקעין, נמנים גם \""מקרקעי ייעוד\"", עליהם פורש החוק הגנה מיוחדת (סעיף 107 לחוק המקרקעין, התשכ\""ט-1969. ההסדר המשפטי ביחס למקרקעין אלה בנוי על ההנחה כי משאבי הקרקע הייחודיים שנועדו לרווחת הכלל מוגבלים בהיקפם וביכולת לנצלם, ואין להשתמש בהם אלא למטרות כלל הציבור, לתועלתו ולרווחתו. שטחי המדינה שנועדו לתועלת הכלל ובהם מקרקעי ייעוד, הם בעלי חשיבות מיוחדת במדינה קטנה, שמשאביה הטבעיים מוגבלים. הדבר מטיל אחריות כבדה על רשויות התכנון והמדינה לדאוג לשמר מקרקעי ייעוד במבט צופה פני ההווה והעתיד גם יחד, לרווחת בני הציבור כולם.""",train
"עבודות השרות שנגזרה עליו קודם הערעור, מה שאין כן בעניננו. בת\פ (י-ם) 110/03 מדובר בנאשם בעל עבר נקי, אדם נורמטיבי ומשכיל כששרות המבחן הגיש תסקיר חיובי שמהותו דרך טיפולית אפשרית. כך גם ניתן לאבחן את יתר פסקי הדין, ואולם מיותר להרחיב בענין זה במסגרת זו. מאידך, אינני יכול להתעלם מנסיבותיו המקלות של הנאשם: דעתי כדעת הסניגור באשר להרשעותיו הקודמות של הנאשם והתייחסות בעלת משקל משני אליהן, וזאת על רקע הזמן הרב שחלף מאז הרשעותיו האמורות. גם הודייתו המיידית של הנאשם וחסכון בזמן שיפוטי תוך שהביע חרטה בפני, פועלים לטובתו, וכמובן אף מצוקתו הזוגית והכלכלית כפי שפורטה לעיל. ו בנסיבות הכוללות של הענין, החלטתי, לא בלי היסוס, לאמץ בסופו של דבר את המלצת שרות המבחן, ולדון את הנאשם כדלקמן: מאסר למשך 14 חודשים, מתוכם 6 חדשים יהיו לריצוי בפועל ואשר ירוצו בעבודות שרות בכפוף לחוות דעת הממונה והיתרה תהא על תנאי והתנאי הוא, שלא יעבור משך 3 שנים מהיום, כל עבירה לפי פקודת הסמים המסוכנים [נ\""ח] תשל\""ג- 1973 ו/או עבירה לפי סעיף 144 לחוק העונשין תשל\""ז 1977, למעט עבירת החזקה לשימוש עצמי (סעיף 7 (א) סיפא לפקודת הסמים הנ\""ל) ו/או עבירת החזקת רכוש החשוד כגנוב (סעיף 413 לחוק העונשין הנ\""ל) בגינן תעמוד תקופת התנאי על 3 חדשי מאסר מותנה למשך 3 שנים. נ הממונה על עבודות שירות אשר תוקף חוות דעתו חלפה, מתבקש ליתן חוות דעתו בדבר אפשרות הנאשם לביצוע עבודות השרות וכן פרטי מקום ההשמה של העבודה ותחילת הביצוע האפשרי. ב פסילה מלקבל או מלהחזיק רשיון נהיגה למשך 3 שנים מהיום. ו קנס כספי בסך 5,000 ₪ או 50 ימי מאסר תמורתו. הקנס ישולם ב-5 תשלומים""",train
"אף אם אקבל את הטענה לפיה הרגיש הנאשם מאוים, מקבלות העבירות שביצע משנֶה חומרה, זאת נוכח העובדה, כי על אף שהיה למעשה \מוגן\"" בביתו שלו, ע\""י נוכחות אמו ושותפו לדירה, מצא לנכון לדקור את המתלונן כשהוא בגבו אליו וכשלא נשקפה לו למעשה באותו שלב, כל סכנה שהיא. בעניין זה, אף שהנאשם נתבקש ע\""י המתלונן לצאת עימו מהבית, הייתה לו האפשרות שלא להיגרר אחר המתלונן, גם אם התכוון זה לפגוע בו ולסרב לכך, ותחת זאת, במקום שינקוט בדרך הנמנעת מהעימות, בחר לעשות דין לעצמו ולהסלימו בדקירה כפולה על ידו. לא אוכל לקבל התנהלות מסוג זה של ישוב סכסוכים בדרך אלימות, אף לא כאמצעי הגנה (ואינני סבור שזה המצב בענייננו). לצערי, התופעה האמורה, לרבות תופעת הסכינאות, התגברה לכדי מכת מדינה של ממש והפכה שכיחה באופן המעורר דאגה ממשית לשלום הציבור, שלמות גופו, חייו ובטחונו. הקלות הבלתי נסבלת בה נשלפת סכין כפתרון למתחים בין צדדים, והזלזול הבוטה הנובע מכך בחיי אדם ובשלמות גופו, אינם יכולים ליהנות מכל סובלנות שהיא ומחייבים ענישה מרתיעה, תוך שחברה מתוקנת אינה יכולה בשום צורה להשלים עם נורמת התנהגות כזו. בתי המשפט השונים התייחסו רבות ובחומרה לעבירות מסוג זה, תוך שהגדירוה כ\""מכת מדינה\"" ו\""תת תרבות הסכין\"" וקבעו לא אחת כי יש לנהל מלחמת חורמה בה, בין היתר על דרך ענישה מחמירה (ר' למשל: ע\""פ 1552/08 פרטוש נ' מדינת ישראל (29.10.08), ע\""פ 607/07 ראזם עבדל סאלם נ' מדינת ישראל (10.5.07), ע\""פ 7159/06 אלכריאף נ' מדינת ישראל (16.1.07),ע\""פ 10861/05 גורבאן נ' מדינת ישראל (29.3.07) ועוד. עיינתי בפסיקה שהמציאו לי הצדדים. מדובר בקשת ענישה הנעה בין 6 חדשי עבודות שירות (במקרים חריגים ומיוחדים בנסיבותיהם) ועד 4 שנות מאסר,""",train
"מעשה מגונה בכח, תקיפה הגורמת חבלה של ממש ועבירות אלימות כלפי בת זוגו ושוטרים, שבגינן אף נידון לעונשי מאסר לא מבוטלים, וכן כי הורשע בתיק שלפני בנוסף גם בתקיפת שוטר והעלבתו. בד בבד עם כל האמור, לא אוכל להתעלם ממצוקת חייו של הנאשם, מעובדת הודייתו וחסכון מזמן שיפוטי והבעת חרטה מצידו. כן לא אתעלם מהעובדה כי הנאשם שוהה זה כ- 5 חדשים במעצר. שיקולים אלה אזקוף לזכותו של הנאשם – לקולא. ו על רקע כל המפורט והאיזונים שבין מטרות ושיקולי הענישה וההרתעה הנדרשת מחד, אל מול נסיבותיו האישיות של הנאשם מאידך, הנני דן את הנאשם כדלקמן:",train
"בצדק ב\כ המאשימה, חזרו בתי המשפט והדגישו את הצורך בענישה מחמירה בעבירות האלימות, המדגישה את אלמנט ההרתעה ואת אינטרס הציבור להגנה על גופו ורכושו מעבריינים אלימים ומתופעת הבריונות, תוך זהירות מהעברת מסר סלחני שלילי לעבריינים בפועל ובכח. ר' למשל ע\""פ 3863/09 מדינת ישראל נ' נאסר חסן (10.11.09, לא פורסם): וכן, ר' ע\""פ 327/05 נביל ג'אבר נ' מדינת ישראל (1.12.05, לא פורסם): וכן ר' גם ע\""פ 7734/05 היטם עאטף נ' מדינת ישראל (15.5.06, לא פורסם) וע\""פ 6999/09 איברהים שריתח נ' מדינת ישראל (4.5.10, לא פורסם). עיינתי בפסקי הדין אשר הוצגו על ידי ב\""כ הנאשמים. לא מצאתי כי יש בהם תרומה ממשית לענייננו, כל מקרה ונסיבותיו. בע\""פ 1080/10 (חאלדי) המדובר היה בשני מערערים שהשתתפותם באירוע הוגדרה כ\""פאסיבית\"". הם לא היו מבצעי הדקירה בפועל אלא אחר שהיה עימם, ונקבע שלא הוכח כי ידעו שאותו אחר היה מצויד בסכין. למרות האמור נגזר עונשם ל – 12 ו – 18 חדשי מאסר בפועל. ברע\""פ 2806/05 (דיין), נגעה ליבת הדיון לדחיית הסדר טיעון אליו הגיעו הצדדים נוכח בעיות בחקירה, ולמרות שקיבל ביהמ\""ש (בהסכמה) את הערעור, ציין הוא כי העונש שהושת מופרז עד מאד לקולא ואכן לא היה מקום לאמץ את ההסדר. קבלת הערעור נבעה רק על רקע \""ההסתמכות\"" על ההסדר נוכח עצותיו של בית המשפט קמא. בע\""פ 6929/03 (לוי), דחה ביהמ\""ש העליון ערעור של הנאשם שנידון ל – 10 חדשי מאסר, וקבע כי לא זו בלבד שאין יסוד לערעור, אלא שלדעתו העונש שנגזר הוא קל במידה בלתי ראויה. בפ' (מח' ב\""ש) 8321/06 (אבו ג'ודה), המדובר בעבירת סיוע, בחרטה מלאה ובתסקירים חיוביים. בע\""פ (מח' מרכז) 2387/03-11 (בלאי), לא מצא ביהמ\""ש של ערעור להתערב""",train
"ערעור תוך 45 יום לבית המשפט המחוזי. ניתנה היום ל' בשבט, תשס\ה (9 בפברואר 2005) במעמד הצדדים. ו""",train
"שונים כמפורט לעיל. בצדק מבחין איפוא כתב האישום המתוקן בעבירה המיוחסת לשני מעורבים אלה (ס' 334 לנאשם 5 אל מול ס' 333 המיוחס לנאשם 1). עם זאת ניתן לראות בבירור בסרט האירוע (מצלמה 13 החל ממונה 8:09) כי לאחר שהחלה הקטטה, יצא הנאשם 5 אל מחוץ לקיוסק וחזר כשבידו שלופה סכין. שניות ספורות אח\כ יוצא הוא שוב, והוא נראה בבירור מחוץ לקיוסק כשהוא מנופף סכין בידו. כן ניתן לראותו מרים שולחן לצורך תקיפה (מצלמה 13 מונה 07:55). לא ניתן איפוא לבטל את חומרת מעשיו ותוצאותיהם הקשות, ואת בחירתו להיות שותף פעיל באירוע תחת נסיגה מהמקום והימנעות ממנו, כשעפ\""י הנצפה בדיסק הצילום, בפירוש הייתה אפשרית מבחינתו. לא ניתן לסבול התנהלות מסוג זה של ישוב סכסוכים בדרך אלימות. לצערי, התגברה התופעה האמורה לכדי מכת מדינה של ממש והפכה שכיחה באופן המעורר דאגה ממשית לשלום הציבור, שלמות גופו, חייו ובטחונו. הקלות הבלתי נסבלת בה ננקטת אלימות לרבות שליפת סכינים ושימוש בהם כפתרון לסכסוך בין צדדים, והזלזול הבוטה הנובע מכך לשלום הציבור, אינם יכולים ליהנות מכל סובלנות שהיא ומחייבים ענישה מרתיעה, וגל האלימות השוטף את החברה בישראל, מחייב ענישה בלתי מתפשרת, תוך שחברה מתוקנת אינה יכולה, ואסור לה בשום צורה, להשלים עם נורמת התנהגות כזו. בתי המשפט השונים התייחסו רבות ובחומרה לעבירות מסוג זה, תוך שהגדירוה כ\""מכת מדינה\"" ו\""תת תרבות הסכין\"" וקבעו לא אחת כי יש לנהל מלחמת חורמה בה, בין היתר על דרך ענישה מחמירה (ר' למשל: ע\""פ 1552/08 פרטוש נ' מדינת ישראל (29.10.08), ע\""פ 607/07 ראזם עבדל סאלם נ' מדינת ישראל (10.5.07), ע\""פ 7159/06 אלכריאף נ' מדינת ישראל (16.1.07),ע\""פ 10861/05 גורבאן נ' מדינת ישראל (29.3.07) ועוד. כפי שציינה""",train
"לעניין זה לא הובאו כל נתונים שהם ע\י מי מהצדדים לאותו סכסוך נטען, תוך שהטענה נותרה תלויה בחלל ללא כל אסמכתא שהיא. בנסיבות אלה, לא אוכל לייחס משקל של ממש למטרת ההחזקה כנסיבה מקלה, אם כי לא אחשיבה גם כאחת מהקטגוריות בעלות החומרה היתרה. עם זאת אעיר, כי אף אם אצא מנקודת הנחה לפיה הוחזק הנשק על ידי הנאשמים כהגנה עצמית על רקע מנהגי המסורת הבדואית, לפיה הפכו גם הם להיות מועמדים לפגיעה, כטענת סניגוריהם, הרי שדווקא היא הנותנת, ויש חובה כפולה מצד בתי המשפט לתרום תרומתם לחיסול ולפחות לצמצום תופעה פסולה זו, בה בני שבטים מסוכסכים מחסלים חשבונות ופוגעים ביריביהם במסגרת עשיית דין והתחשבנות עצמית, בבחינת לית דין ולית דיין. אף אם היה ממש בחשש האמור מצד הנאשמים, לא יכולה מדינה מתוקנת להשלים עם מצב בו יקחו אנשים את החוק לידיהם, בין בחיסול החשבונות ובין בהגנה מפניה. עיינתי בפסיקה שהוצגה לי על ידי ב\""כ הצדדים ולצערי לא תורמת היא תרומה של ממש לדיוננו: פסיקת המאשימה (ע\""פ 761/07 מדינת ישראל נ' מיכאל אדרי (22.2.07 – לא פורסם) ות.פ. (ב\""ש) 8041/07 מדינת ישראל נ' מירילאשוילי יצחק (12.7.07- לא פורסם)), מציגה רמת ענישה של 24 חדשי מאסר. עם זאת בשני המקרים מדובר בנאשמים בעלי מעורבות רבה בפלילים ועבר פלילי מכביד. למותר לציין כי הדבר אינו דומה לענייננו, שכן על אף שאין זה מפגשם הראשון של הנאשמים עם בית המשפט, רחוקים הם מלהיחשב כבעלי עבר פלילי מכביד. (נאשם 1 בעל שתי הרשעות בעבירות משנת 2002 ו-2005 שאינן ממין העניין, נאשם 2 בעל שבע הרשעות קודמות, חלקן אמנם בעבירות אלימות אם כי גם כן לא ממין ענייננו). הוא הדין באשר""",train
"את דעתי בעבירות האלמ\ב ציינתי במספר רב של פסקי דין ולפיה לא בא בחשבון בשום מצב שהוא, שאדם בכלל ובן זוג בפרט, יפתור את מחלוקותיו עם בן זוגו בדרך האלימות, מכל סוג ומין שהיא, ולא חשובה כלל הסיבה שהובילה אותו לכך. עוד ציינתי לא אחת, כי אלימות במשפחה הינה חמורה במיוחד, בעיקר כשהמדובר בנשים וילדים, שכן המדובר בקרבנות, שהגנתם קשה להם יותר מחד, ומאידך-חשיפתם רחבה מהרגיל, כלפי מבצע העבירה כלפיהם. בנסיבות אלה, אין ספק כי יש להרתיע עבריינים בכח ובפועל בענישה מחמירה. גם את עבירת הפרת ההוראה החוקית אני רואה בחומרה לא מבוטלת והיא מצביעה לדעתי על זלזול בחוק ובאושיות המשפט. גם לעניין זה ציינתי לא אחת כי אם לא יקפיד בית המשפט עם נאשמים שהפרו את האמון שבית המשפט נתן בהם ויקל ראשו בענינם, יהיה בכך, לא רק משום זילות בית המשפט והחלטותיו, אלא גם משום פיתוי לעבריינים ובעקיפין אף לעידוד העבריינות.""",train
"של הנאשם והאינטרס הציבורי מחד, לבין המלצת שירות המבחן, הרקע הקשה בעברו והשינוי החיובי אותו עבר ועובר הנאשם מאידך, החלטתי שלא למצות איתו בכל זאת את הדין, מתוך תקווה כי ההקלה שנקבעת בגזר דין זה, תשמש לנאשם מנוף להמשך פעילות חיובית בדרך בה החל. בנסיבות אלה הנני דן אותו כדלקמן: מאסר למשך 12 חדשים מתוכם 6 חדשים יהיו לריצוי בפועל והם ירוצו במסגרת עבודות שירות, בכפוף לחוות דעת הממונה על עבודות שירות, כמפורט בסעיף ד' להלן, והיתרה תהא על תנאי והתנאי הוא, שלא יעבור משך שלש שנים מהיום, עבירה לפי סימן ג' לפרק י' לחוק העונשין תשל\ז – 1977, או לפי סימן ד' לפרק יא' לחוק הנ\""ל, או עבירה לפי סעיף 411 לחוק הנ\""ל. כן הנני דן את הנאשם ל – 4 חדשי מאסר אותם לא ירצה אלא אם יעבור משך 3 שנים מהיום אחת מיתר העבירות בהן הורשע במסגרת גזר דין זה. קנס כספי בסך 3,000 ₪ או 20 ימי מאסר תמורתו. הקנס יחולט מההפקדות שהופקדו במסגרת תיקים אלה והיתרה תוחזר לנאשם. הואיל ולא נתבקשה על ידי המדינה פסילת רשיון נהיגה – אמנע מלגזור כזו. ד. הממונה על עבודות שירות מתבקש לחוות דעתו בדבר אפשרות ביצוע עונש המאסר שהוטל על הנאשם לעיל במסגרת עבודות שירות ולהגיש חוות דעתו לבית המשפט עד יום 22/2/09. הנני קובע איפוא דיון ביום 25/2/09 בשעה 08:45 לצורך קביעת החלטה משלימה בהתאם.""",train
"שני פנים חמורים, כל אחד לכשעצמו, חברו להם יחדיו בתיק זה: עבירות חמורות לכשעצמן מחד, אשר הופנו לא פחות מאשר כלפי קרבנות המצויים בשיא מצוקתם, חולשתם וכאבם, בשל פטירת יקיריהם מאידך. מסכים אני איפוא עם ב\כ המאשימה באומרה, כי המדובר בהתנהגות זדונית, ושיטתית תוך ניצול ציני של קרבנות העבירות הנמצאים במצב מצוקה חריג, באירועים המהווים למעשה \""חציית קו אדום\"", של פגיעה בנורמות ערכיות ומוסריות וזילות הערכים המקודשים בחברתנו. אינני רואה עין בעין עם הסנגור את טענתו, לפיה המדובר כביכול בכשלון מסחרי, או בסכסוך שמהותו אזרחית. לו היה המדובר במעידה חד פעמית, באירוע יחיד, יתכן והיה ניתן לשקול טענה כאמור, ואני מניח שכך היתה עושה גם המדינה קודם שהגישה את כתב האישום. ואולם, נוכח השיטתיות המובהקת שאיפיינה את מעשי הנאשם, עליהם חזר משך תקופה לא מבוטלת (עפ\""י כתב האישום משך כ- 4 שנים, משנת 2000 ועד 2004), ברור כי אין כל יסוד לטענה. יוזכר כי אין לטענה זו מקום, גם נוכח הודאתו המפורשת של הנאשם בעבירות שיוחסו לו, ולמותר לציין, גם ביסוד הנפשי הנדרש להן, תוך שחזר והדגיש בשלב הטיעונים כי אינו חוזר בו מהודאתו. כן אני סבור, בניגוד לטענת הסניגור, כי ישנם תחומי עיסוק, בהם נדרשת רמה מוסרית שונה מאחרים, וכזה הוא עיסוק הנוגע בנימים הרגישים והחשופים כל כך, בנסיבות המיוחדות של המצוקה בה שרויים אבלים שזה עתה איבדו את יקירם. תסקיר שרות המבחן שהוגש בעניינו של הנאשם, אינו מחמיא לו כאמור כלל, וזאת בלשון המעטה. הייתי מצפה, כי לפחות בשלב זה, לאחר שנשמעו עדויות לא מעטות בתיק, ולאחר שהורשע הנאשם בדין עפ\""י הודייתו, ימצא הוא לנכון לקחת אחריות כלשהי על מעשיו ולפחות להפגין אמפטיה כלפי""",train
"עוברת, יעמדו לזכותה וכן שיתוף הפעולה הכן, הפתוח והמלא עם שירות המבחן. ולבסוף, לא אתעלם גם מחוות דעתו של שירות המבחן והמלצותיו. בנסיבות הכוללות איפוא, על רקע דרגת הרשלנות והתוצאה, היה מקום להכביד בענישת הנאשמת, ואולם, לאחר ששקלתי את האיזונים המתבקשים בין האמור לעיל, לרבות חומרת העבירה ותכלית הענישה הנדרשת, לבין נסיבותיה האישיות של הנאשמת, התייתמותה מאביה בנסיבות האמורות וההמלצות הטיפוליות בעניינה, אני סבור כי אכן המדובר במקרה מיוחד וחריג, המצדיק בכל זאת הימנעות ממאסרה בפועל של הנאשמת. אדגיש, כי החלטתי שלא להביא בחשבון כף החובה כנגד הנאשמת, את ניהול ההליך ושמיעת הראיות בתיק ואני סבור, כי המדובר בזכות מוקנית של הנאשמת, אשר אינה צריכה לעמוד לה לרועץ. גם העובדה שלא שמעתי ממנה הודייה באשמתה, אף לא לאחר מתן הכרעת הדין, לא תובא על ידי בנסיבות המיוחדות של תיק זה בחשבון כנגדה, זאת מתוך התרשמותי שהמדובר באפיון הנובע ממצבה הנפשי, מאי השלמת ההליך הטיפולי והעדר עיבוד האובדן, כמפורט בהרחבה בתסקירי שירות המבחן. יחד עם זאת, לא אוכל לקבל את המלצת שירות המבחן בדבר השתת עונש של\צ על הנאשמת. קבלת ההמלצה האמורה תהיה מרחיקת לכת יתר על המידה ובלתי מידתית בעליל, בהתחשב בנסיבות תיק זה. מאסר למשך 12 חדשים מתוכם 6 חדשים יהיו לריצוי בפועל והם ירוצו במסגרת עבודות שירות כמפורט בסעיף ג' להלן, והיתרה תהא על תנאי והתנאי הוא, שלא תעבור משך 3 שנים מהיום, עבירה של נהיגה בכל סוג של רכב מנועי, ללא רשיון נהיגה. פסילת מלקבל או מלהחזיק רשיון נהיגה לכל סוגי רכב מנועי, למשך 10 שנים שמנינם מהיום. הנאשמת תרצה את תקופת המאסר בן 6 החודשים שהוטלה עליה בסעיף א' לעיל, במסגרת עבודות""",train
"גם בג\צ 2683/92 מכבים ישוב קהילתי במודיעין ואח' נ' הועדה לבניה ומגורים במחוז מרכז ואח', פ\""ד מ\""ח (1) 535 בעמ' 542 ובג\""צ 2920/94 אדם טבע ודין – אגודה ישראלית להגנת הסביבה ע\""ר ואח' נ' המועצה הארצית לתכנון ולבניה ואח', פ\""ד נ (3), 441, בס' 21 לפסה\""ד). מהאמור לעיל, ברורה איפוא השאלה העומדת על הפרק והיא, הפגיעה באינטרס החברתי המוגן – האיזון החברתי הכולל שנפגע כתוצאה מפעילות הנאשמת, ולאו דווקא הפגיעה המיידית בערכי הטבע במפרץ לכשעצמה. בבואי לשקול את הסדר הטיעון שנכרת בין הצדדים ולגזור את הדין, לא אוכל להתעלם מעשיית הדין העצמית מצידה ובחירתה להמשיך ולהפעיל את עסקה, למרות ידיעתה כי פעילותה מנוגדת לחוק, תוך פגיעה בו. עוד אביא בחשבון את המשמעות הכלכלית מפעילות הנאשמת והפקת ההכנסות בהיקפים רבים ממנו, בעבר ואף בעתיד – בהמשך פעילותה בשנים הקרובות. מאידך, אני מביא בחשבון, גם את משמעות פיתוח הענף הכלכלי החדשני והחשוב, לרבות התנהלות הרשויות והגופים השלטוניים בעניין זה ופעולותיה של הנאשמת לקבלת ההיתרים הנדרשים. עוד אני מביא בחשבון את הודיית הנאשמת, עברה הנקי ובעיקר את נכונותה עתה לשתף פעולה, הן בפיקוח על פעולותיה והן בחיסול הדרגתי של הפעילות. לא אוכל כמובן להתעלם מהסדר דומה שנערך בין המדינה לחברת \""ערדג\"", ך לפני חדשים ספורים. אף הצדדים בחרו לערוך השוואה באשר לשווה ולשונה שבין עניינה של הנאשמת כאן, לבין עניינה של \""ערדג\"", כשכל צד מנסה להראות, כי השוני הקיים, פועל לזכות עמדתו. בעניין זה פירטתי לעיל בהרחבה את מכלול טיעוניהם של הצדדים: טענות המאשימה בדבר החריגה מהמכסות, שיתוף פעולה לקוי עם רשויות המדינה ודיווחים לא מספקים, אי משיית הסינקרים והעדר הצורך בניקוי השכבה האנאירובית ועוד. מנגד, טענות ב\""כ הנאשמת""",train
"נ' מעטצם אבן סעיד (מיום 14.5.07 – לא פורסם), התריע כב' השופט ח' כהן בדבר התעצמות התופעה והצורך בהרתעה, תוך הטלת עונשים כבדים: בע\פ 1725/07 הנ\""ל, חזר בהסכמה בית המשפט העליון על האמור וציין: \""... ערים אנו לכך שהנסחטים במקרים רבים אינם נכונים להתלונן פן יבולע להם, והרי אין ניתן להעמיד שוטר ליד כל נסחט 24 שעות ביממה. לפיכך נודעת חשיבות מרובה להרתעת הסוחטים. יתר על כן, המדובר בעבירות שיש בהן שפל מדרגה מוסרי מיוחד; בע\""פ 9839/06 מ\""י נ' חבני (טרם פורסם) ציינה חברתי השופטת ברלינר, כי 'סחיטה היא עבירה שיש בה יסוד של שפלות לצד ההיבט הרכושי שבה'. שפלות זו מתבטאת בהשגת רווחים קלים על חשבון הזולת, תוך הטלת אימה ופחד עד כדי חשש לחיים ולמשפחה. לדידנו מחייבת עבירה זו מאסר מאחורי סורג ובריח; וכמובן – תוך התחשבות בנסיבות האינדיבידואליות, שאין בלעדיהן כענישה – גם מאסר שאינו קצר, במקרים המתאימים. כוונת המחוקק תתגשם על ידי כך. דברים אלה לרבות החומרה שבעבירה עצמה, חוזרים באופן עקבי בפסיקה רבה נוספת (ר' למשל: ע\""פ 10036/06 פהימה נ' מדינת ישראל (מיום 26.4.07 – לא פורסם), ע\""פ 5160/06 יובל טל נ' מדינת ישראל (מיום 17.6.07 – לא פורסם) ע\""פ 6774/01 מדינת ישראל נ' אלעלווין (מיום 1.11.01 – לא פורסם), ת.פ. (מח' ב\""ש) 8083/06 מדינת ישראל נ' מועצם סעיד (מיום 10.1.07 – לא פורסם), ע\""פ (מח' ב\""ש) 7375/00 מדינת ישראל נ' נתן אשורוב (מיום 21.3.01 – לא פורסם ועוד). פ (ב\""ש) 8083/06 הנ\""ל, ציין בית המשפט המחוזי בבאר שבע, כי לא זו בלבד שנגע הסחיטות באיומים הפך זה מכבר לאחת הרעות החולות הקשות ביותר והוא מחלחל לתחומי חיים רבים ושונים, אלא""",train
"מעיני, וכן הבאתי בחשבון שבאופן מעשי, המדובר בנאשם נורמטיבי בדרך כלל, ששתי העבירות הרשומות לחובתו, ישנות ואין בהן השפעה על ענייננו (עבירה אחת משנת 1994 והאחרת – בגין חוק התכנון והבניה משנת 2001) ושלא הסתבך מאז בתיקים נוספים. גם הודאתו של הנאשם וחרטתו, ובהתאם - חסכון בזמן שיפוטי, תעמוד לזכותו. בעיקר עומד לזכותו של הנאשם מצבו הרפואי המיוחד, אשר הביאני להקל באופן ניכר בעונש הראוי להטיל במקרה זה (ואני מניח, אם כי לא נאמר הדבר במפורש, כי היה זה אחד השיקולים בגיבוש עמדת התביעה בעניינו). עם זאת אעיר, כי מדברי הרופאים שהובאו להעיד למדתי, שלא מדובר במצב דברים חדש אלא במצב רפואי המתקיים מאז שנת 1989, ולכל המאוחר מזה 6 שנים בהם מטופל הנאשם, ולא התרשמתי כי לא ניתן לדאוג לשלומו ולבריאותו במסגרת הטיפול הרפואי המצוי בשב\ס. מכל מקום – עבירת הנאשם בוצעה כשכבר סבל מחוליו, ולא נראה לי נכון לאפשר לשיקול זה לעמוד לזכותו באופן מוחלט, בבחינת מסר שלילי לעבריינים, המבצעים עבירותיהם כשאינם מצויים בקו הבריאות. לאור כל האמור, אינני יכול לצערי לקבל את המלצת שירות המבחן באשר לשאלת המאסר. לו אעשה כן, כיצד ניתן יהיה להסביר את התוצאה לקרבן – המתלונן, שהרהיב עוז, שם נפשו בכפו ופנה להגיש, למרות המצב בו היה נתון, את תלונתו למשטרה?! מהו המסר שיצא במצב דברים זה לכלל הציבור, בדבר האמון הנדרש במערכת אכיפת החוק והסדר הציבורי? נראה כי התשובה לכך ברורה, אם כי לא אתעלם מנסיבותיו האישיות של הנאשם בבחינת האיזונים הנדרשים, ועל כן לא אמצה עימו את מלוא חומרת הדין. הואיל והעבירה היא גם בעלת אופי כלכלי מובהק, לא אוכל להתעלם מהיבט זה, שאף הוא בא לידי""",train
"אין נתונים ברורים באשר למטרת עבירת הנשק, זולת טענת הנאשם כפי שבאה לידי ביטוי בתסקיר שירות המבחן, כי שקל לרכוש את הנשק לצורך חגיגות חתונתו הצפויה. חתונתו הצפויה היא שהביאה אותו לטענתו בפני שירות המבחן, גם לביצוע עבירת ההצתה, בהיותו זקוק לסכום כסף כמוהר לאביה של ארוסתו. באשר לעבירות הסיוע להתפרצות, מעבר לעובדת נפיצותן של עבירות הרכוש מסוג זה ופגיעתן בשלוות חיי האזרחים מן השורה וברכושם, הרי שהמדובר גם בעבירה שתכליתה רווח קל, הגורמת לתחושה קשה של חוסר בטחון אישי ונזקים כלכלים. בענייננו המדובר בעבירה כפולה, בו לאחר שלא הצליח הנאשם וחבריו בהתפרצות הראשונה, לא ויתרו וחזרו לבצע את מזימתם בבית אחר, אשר גם בו הופתעו על ידי בעליו ונמלטו. עיינתי בפסקי הדין אליהם היפנוני הצדדים. כפי שניתן למצוא בכל סוגי העבירות, גם בענייננו ישנם גזרי דין חמורים יותר וחמורים פחות. אין מקרה דומה לרעהו ולעיתים כשנגזר עונש חמור, כפי שנגזר בפסקי הדין אליהם היפנתה ב\כ המאשימה, ניתן למצוא נסיבות לחומרה שאינן תואמות לענייננו, שבאו לידי ביטוי לעיתים בתוצאות קשות יותר, לעיתים באי הודיה ולקיחת אחריות וניהול ראיות ועוד, ובאלה אליהם הפנה ב\""כ הנאשם, ניתן לראות שהעונש המקל באופן יחסי, נגזר לעיתים אף הוא מנסיבות שאינן תואמות לעניינו, בין אם נוכח קיומן של נסיבות אישיות או נפשיות מיוחדות לרבות המלצה חיובית של שירות המבחן באשר לאופק שיקומי רלווי, בין אם היקף שונה של עבירות ועוד. אל מול כל האמור, אכן עומדת לזכותו של הנאשם עובדת הודייתו המהירה בביצוע המיוחס לו, תוך חסכון בזמן שיפוטי ניכר ותוך קבלת אחריות למעשיו. יש להביא גם בחשבון שהנאשם אכן צעיר יחסית וחסר עבר פלילי. לא ניתן להתעלם ממהלך חייו הלא""",train
"אתחשב בעברו הפלילי של הנאשם, אם כי לא אביאו בראש סדר השיקולים לחומרה בעניינו. במכלול האמור לעיל ובשקלול האיזונים שבין מטרות הענישה מחד לבין נסיבות הנאשם והעבירות שבוצעו מאידך, הנני דן את הנאשם כדלקמן: מאסר למשך 30 חדשים מתוכם 20 חדשים יהיו לריצוי בפועל, ויתרתם תהא על תנאי והתנאי הוא שלא יעבור משך 3 שנים מיום שחרורו ממאסר, עבירה בה הורשע. פיצוי כספי לכל אחד מהמתלוננים בכתב האישום המתוקן בסך של 5,000 ₪, אשר ישולמו בתוך 6 חדשים ממועד שחרורו ממאסר. הואיל והמדובר בעבירה שעניינה בין היתר הוא כלכלי, הנני מטיל על הנאשם קנס בסך של 10,000 ₪ או 5 חדשי מאסר תמורתו, אשר ישולם גם הוא עד המועד הקבוע בסעיף ב' לעיל. תשומת לב הנאשם להוראות סעיף 77(ג) לחוק העונשין תשל\ז 1977 ולפיו לעניין גבייה, דין פיצויים לפי סעיף זה כדין קנס, וסכום ששולם או נגבה על חשבון הקנס יזקף תחילה על חשבון הפיצויים. זכות ערעור לבית המשפט המחוזי תוך 45 יום מהיום. ניתנה והודעה היום ד' אייר תש\""ע, 18/04/2010 במעמד הנוכחים. לאחר ששמעתי את עמדות הצדדים ועל אף שיש צדק בדברי ב\""כ המדינה לפיה היה על הנאשם להערך מבעוד מועד לאפשרות כניסתו למאסר, החלטתי לפנים שורת הדין להעתר למבוקש. לטיעונו של ב\""כ הנאשם לפיו התייצב הנאשם לכל הדיונים אעיר, כי אין דין נאשם קודם מתן גזר הדין, שבו מצבו אינו ברור לנאשם שניתן בעניינו גזר דין ובו הושת עליו מאסר בפועל. בנסיבות אלה ידחה מועד ריצוי עונש המאסר בפועל, בכפוף למילוי התנאים הבאים, ליום 2.5.2010, מועד בו יתייצב הנאשם לא יאוחר מהשעה 08:00 בבוקר בכלא דקל. עיכוב הביצוע מותנה בתנאים הבאים: עיכוב יציאה מן""",train
"לאופיו הנורמטיבי ביתר מישורי חייו, ויש כמובן להתחשב בעובדה זו ולהעמידה לזכות הנאשם. כן לא אתעלם מהעובדה כי הנאשם שוהה מזה כשבעה חדשים וחצי במעצר ממש, אשר ללא ספק קשה הוא עד מאד, לאדם שאין דרכו בפלילים בדרך כלל. אף שיקול זה אזקוף לזכותו של הנאשם- לקולא.",train
"לא הסתבך מעולם עם החוק ואף לא רשום בענינו כל תיק מב\ד שהוא. זוהי עובדה משמעותית בעיני. אינו דומה דינו של מי שמצא עצמו פעם ראשונה בין כתלי בית המשפט, שאז הנטיה היא (אם כי לא \""כלל ברזל\"" מוחלט), כי אין עונשין אלא אם כן מזהירין, למי שכבר הורשע ולא למד את הלקח. מצד שני, דוקא העובדה שהמדובר באדם ללא עבר פלילי כלשהוא, מדליקה \""נורה אדומה\"" ומזהירה כי דוקא כלפי אנשים מסוג זה יש מִשְנֶה חשיבות בהרתעה. ו לענין תיקי הפרשיה הכללית שהובאו בפני, אינני יודע מהם השיקולים שהינחו את המדינה לעתירותיה בתיקים הנ\""ל, שכן כאלה לא הוצגו בפני. עם זאת אציין, כי קיים לדעתי הבדל בין תיקים אלו לתיק נשוא עניננו, בין היתר באשר שם מדובר היה בהסדרי טיעון ואילו בעניננו, לא הושג הסדר לענין העונש ואף לענין זה יש משמעות. בפרשת \""אבו עסא\"" באו הצדדים עם הסדר טיעון \""סגור\"" לענין העונש של 11 חדשי מאסר לריצוי בפועל ושם אף נקבע ע\""י כב' השופטת נצר, שככל הנראה היה מדובר ב\""סוכן מדיח\"" על המשמעויות הנובעות כמובן מכך. בפרשת \""אבו גודה\"" בוצעו שלוש העיסקות בתוך ארבעה ימים, כשהתשלום עבור העיסקה הראשונה בוצע בעיסקה השלישית, כך שניתן היה אולי לראות בהן מעידה חד פעמית. בעניננו אין ספק שאין הדבר כך: העיסקות בוצעו בהפרשי זמן של שבוע ויותר זו מזו, התשלום בוצע בכל עיסקה ועיסקה והרושם העולה הוא דוקא של ביצוע שיטתי של העבירה ע\""י הנאשם. בסופו של דבר, בפרשת \""אבו גודה\"", נידון הנאשם ל-28 חדשי מאסר בפועל. בפרשת \""אלמעברה\"", טרם ניתן גזר דין ושם עתרה התביעה ל-20 חדשי מאסר. מהחומר המצומצם שהוגש לעיוני עולה, ואינני קובע כמובן כל""",train
"אין צורך לחזור ולהדגיש את חומרתה של עבירת החזקת הנשק, והמסוכנות הציבורית הרבה שהיא מגלמת בתוכה. בע\פ 1332/04 מדינת ישראל נ' יצחק רפאל פס ואח', פ\""ד נח(5) 541, הדגיש בית המשפט, את חובת ההחמרה הנדרשת בעבירות אלה: בע\""פ 7955/06 מיסור כרכור נ' מדינת ישראל (1.1.07), קבע כב' השופט א. לוי: ברע\""פ 2718/04 פואד אבו דאחל נ' מדינת ישראל (29.3.04 – לא פורסם), נדחה ערעור ביחס לעונש, שהשית שמונה חודשי מאסר לריצוי בפועל, מאסר על תנאי וקנס כספי, וכך נכתב: הטעם להחמרה הנזכרת לעיל, הוא בין היתר על רקע העובדה, כי המציאות מוכיחה, שהמרחק בין החזקת נשק לשימוש בו הוא לעתים קצר ביותר, ובחלק מן המקרים, מדובר בשבריר שניה כשלעתים שבריר שניה זה משמעותו אבדן חיי אדם או פגיעה בגופו של אדם. יש להעדיף איפוא בעבירות מסוג זה את האינטרס הציבורי במניעת עבירות מסוג זה, תוך צמצום לכדי מינימום את התפשטות התופעה, ע\""י ענישה מרתיעה. מצד שני, אין לגזור גזירה שווה בכל עבירה של החזקת נשק, ויש, כך על פי הפסיקה הנוהגת, לבחון בין היתר את מטרת ההחזקה, בהתאם לסיווג של קטגוריות שנקבעו בב\""ש 625/82 אבו מוך נ' מדינת ישראל, פ\""ד לז(3) 671 (תוך שיש לזכור, כי פרשת אבו מוך עסקה בשאלת מעצר עד תום ההליכים ולא בשאלת העונש בתיק העיקרי, והשוני הקונספטואלי המונח בבסיס שני ההליכים). בענייננו, אין נתונים ברורים באשר למטרת ההחזקה, זולת טענת הנאשמים כי החזיקו בו לצורך הגנה עצמית על רקע סכסוך שבטי, (המקבילה לקטגוריה ה' בפרשת אבו מוך). אין צורך להזכיר, כי נסיבות בהן מחזיק אדם אקדח טעון, מבלי שיש בידיו היתר כדין, מעוררות את החשד כי ההחזקה נועדה למטרה בלתי כשרה.""",train
"אין צורך לחזור ולפרט את העובדה הידועה והמצערת, בדבר המלחמה המתמדת והיום יומית בה מצויים מדינת ישראל ואזרחיה כנגד הטרור, המוצא דרכים שונות ומגוונות לחדור לשטח המדינה ואף מצליח למרבה הצער לעשות כך לעיתים, בין היתר, באופן המתואר בכתב האישום נשוא עניננו. עבירה מסוג זה, מעודדת ומסייעת לתושבי השטחים, להיכנס לשטחי המדינה, ומעצימה את התופעה תוך הכבדה רבה על המערכת הביטחונית, הנאלצת להעמיד משאבים כלכליים ואנושיים רבים, אף כלפי אנשים שפניהם מועדות לחיפוש עבודה, ולא לשם ביצוע פיגועים. על הבטים אלה של חומרה יתרה הנוגעת לעבירה זו, עמדו בתי המשפט השונים פעמים רבות. כך לדוגמא ציין בית המשפט העליון ברע\פ 6217/05 חג'אג' ואח' נ' מדינת ישראל (4.9.06): \""תופעת כניסתם של תושבים זרים לישראל בכלל, ותושבי יהודה, שומרון ורצועת עזה בפרט, אינה חדשה עמנו, ושנים רבות זכתה לתגובה מתונה, בעיקר נוכח כך שרבים הגיעו לישראל כדי למצוא פרנסה, נוכח המצוקה הקשה השוררת במקומות מושבם. ברם, אט אט התברר כי גורמים עוינים החלו עושים שימוש לרעה באותם שוהים בלתי חוקיים, ויותר מכך, הם גם הסתייעו לעתים באזרחי ישראל ותושביה כדי לקדם את מטרותיהם הנפשעות. החמרה רבה בתחום זה חלה מאז סוף שנת תש\""ס (2000), כאשר החל מסע של פיגועים רצחניים, שגרמו לקיפוח חייהם של ישראלים רבים ולפציעתם של אלפים. כדי לנסות לבלום תופעה זו, נדרשו גם בתי המשפט, שעד אז לא נהגו במדיניות ענישה אחידה בתחום זה, לתרום את תרומתם, והביטוי המובהק ביותר לכך ניתן ברע\""פ 5198/01 טלעת ח'טיב נ. מדינת ישראל, פ\""ד נו(1) 769. באותו פסק דין נאמרו מפיו של כבוד השופט י' טירקל הדברים הבאים (ראו עמ' 774): 'סבורני כי דברו של המחוקק וקולם של הפיגועים""",train
"לא אחת פסקתי, כי קיימת חומרה יתרה בימים אלו, בעבירות נשוא תיק זה, שעה שמצויים אנו במלחמה מתמדת הן כנגד הטרור הבטחוני והן כנגד הקטל בכבישים. בהיבט הבטחוני, אין צורך לומר כי מוצא הוא דרכים שונות ומגוונות לחדור לשטח המדינה ואף מצליח למרבה הצער לעשות כך לעיתים, בין היתר, באופן המתואר בכתב האישום נשוא עניננו, המעודד ומסייע לתושבי השטחים, להיכנס לשטחי המדינה, ומעצים את התופעה תוך הכבדה על המערכת הביטחונית. נאמר לא אחת כי יש להחמיר עם עבריינים העוברים על חוק הכניסה. ההכבדה העצומה הנופלת על רשויות הצבא והמשטרה, באה לידי ביטוי בכך, שאין הם יכולים למקד מאמציהם לאיתור חוליות טרור, וצריכים הם להעמיד משאבים כלכליים ואנושיים רבים, אף כלפי אנשים שפניהם מועדות לחיפוש עבודה, ולא לשם ביצוע פיגועים. בענייננו מקבל המקרה משנה חומרה בכך שלא זו בלבד שהנאשם נכנס לתחומי המדינה שלא כדין, אלא אף נלוו לעבירה זו עבירות נוספות של הסעת אחרים ועבירות תעבורה חמורות של הסעת 15 נוסעים מעל המותר, ללא רשיון נהיגה וללא ביטוח. יתרה מכך, מסתבר עוד, שאין זו הפעם הראשונה בה נתפס הנאשם בביצוע עבירה על חוק הכניסה לישראל וכי בעברו רשומה עבירה מסוג זה שנעברה על ידו בשנת 2001 שאף ריצה תקופת מאסר בפועל בעטיה. כן רשומות לחובתו שלש עבירות נוספות ואולם הן ישנות יחסית ואינן רלוונטיות לשיקולי תיק זה. הלקח ככל הנראה לא נלמד, ולא ניתן לומר שזוהי מעידתו הראשונה של הנאשם בנושא זה. אין צורך לומר, כי הצלחה בכניסה לישראל, מביאה אף לידי הגברת המוטיבציה אצל מנועי כניסה נוספים, לנסות ולהכנס בשערי המדינה, שלא כדין, ותוך הטלת נטל בלתי סביר על רשויות הבטחון והחברה בארץ. לעניין זה,",train
"מקובלת עלי עמדת ב\כ המאשימה לפיה קיימת חומרה יתרה הנובעת ממיקומו של האירוע, במתחם תחנת משטרה, המלמדת לכאורה על העדר מורא מפני החוק, דבר המעצים את חומרת האירוע. אכן מדובר באירוע אלימות, שסופו פציעות קלות, ושבנס לא הסתיים באופן חמור הרבה יותר. כן רואה אני לצערי עין בעין עם ב\""כ המאשימה את העובדה, לפיה התגברה תופעת האלימות והפכה שכיחה באופן המעורר דאגה ממשית לשלום הציבור ובטחונו. גם אם אביא בחשבון את המידע שנמסר מפיו של ב\""כ הנאשמים 1 ו – 2 עובר למתן גזר דינם, כי שורש האירוע נשוא עניינו הוא ככל הנראה בסכסוך משפחתי (אחותם של הנאשמים 1 ו-2 נשואה למשפחת הנאשמים 3 ו-4) הנוגע לסכסוך קרקעות, עדיין, בלתי נתפסת בעיני הקלות בה ננקטת אלימות כפתרון לסכסוכים. כידוע, אי הרשעה הינו חריג לכלל לפיו מורשע אדם שנקבע כי ביצע עבירה שיוחסה לו. רק בנסיבות יוצאות דופן, בהן אין יחס סביר בין הנזק הצפוי מן ההרשעה בדין לבין חומרתה של העבירה, ניתן להימנע מהרשעה, אף זאת בהתקיים שיקולים נוספים הנוגעים לאופי העבירה, שוויון בפני החוק, ועוד. ככל שנוגעים הדברים לנאשם 4 (עומר), הרי שלא מצאתי בעניינו כל שיקול המצדיק הימנעות מהרשעה, ואף שירות המבחן לא מצא נימוקים לכך בהמלצתו. חלקו באלימות נראה אף חמור יחסית מחלקו של הנאשם 3, שכן נגח בפניו של הנאשם 1. מעבר לכך שלא הובא בפני כל טיעון שהוא לפגיעה עתידית בנאשם 4 ומעבר לטענות כלליות, לא נחה דעתי כי יש מקום לאבחן אבחנה כה משמעותית בין עניינו לעניינם של שני המעורבים האחרים מצדה השני של המשפחה, בפרשה. בנסיבות אלה לא מצאתי לנכון לבטל את הרשעתו. באשר לנאשם 3 (איוב) – עניינו""",train
"נו(1), 769 : דברים אלה מקבלים משנה תוקף, נוכח פסיקת בית המשפט העליון ברע\פ 6071/04 חאזם חוויס נ' מדינת ישראל, תק-על 2004(3), 78 , שבו נאמר - היריעה קצרה מלהכיל את מגוון פסקי הדין השונים שניתנו בגין עבירות על חוק הכניסה, וראוי לציון לענין זה אף פסק דין שניתן זה לא מכבר בבית המשפט המחוזי בבאר שבע, ע\""י כב' הנשיא פלפל, ובהסכמת חבריו להרכב, כב' השופטים הנדל ויפה - כץ, הסוקר באופן נרחב את מדיניות הענישה בנושא השהיה הבלתי חוקית (ע\""פ (ב\""ש) 7437/04 מדינת ישראל נ' גטאס מחמד ואח' מיום 14.11.04 ). נראה לי איפוא, כי אכן הכלל שנקבע בפרשת חטיב, רלוונטי אף היום ולא נגרע ממנו עם השנים. יתרה מכך, להשקפת עולמי, אם בעבירות שוהה בלתי חוקי שנכנס לתחומי המדינה לצרכי עבודה בלבד, על רקע מצוקה כלכלית קשה ובלא שנתלוותה לעניינו עבירה נוספת כלשהיא, עומדת רמת הענישה על מאסר בפועל בין שלושה לארבעה חדשים, הרי שאין זה מוסרי ואין זה צודק, להקל עם תושבי המדינה, המסיעים, המעסיקים והמלינים את אותם השב\""חים, אשר דווקא הם המודעים לגודל הסכנה ודווקא מהם מצופה יתר אחריות בנושא זה. זו גם השקפת המחוקק אשר קבע עונש כפול למספק השרות, היינו המסיע והמלין ביחס לשב\""ח עצמו. נ מעיון ברישום הפלילי של הנאשם, עולה כי על אף שאין קשר בין הרשעותיו ועברו לעבירה זו, הרי שלא ניתן להתעלם מכך שעל אף גילו הצעיר יחסית, הספיק לצבור עבירות שונות ואף לרצות תקופות מאסר בפועל ממש. מצד שני, איני יכול להתעלם משלושה שיקולים מרכזיים העומדים לזכות הנאשם: האחד, טכני במהותו והוא פרק הזמן הזניח יחסית בו הלין הנאשם את השב\""ח, בין חצי שעה לשעה""",train
"לענינו של הנאשם 2, הרי שלא מצאתי מקום להקל בדינו. המדובר בנאשם אשר הורשע בעבר פעמיים בעבירה כאמור, ואף ריצה 6 חודשי מאסר בגינה, ועתה שב וביצעה שנית. במקרה זה, נדמה כי הנאשם לא הפיק את הלקח וכי הסיכונים שהיה מוכן לקחת על עצמו, האפילו על הענישה וההרתעה אותה ניסה להעביר לו בית המשפט. בנסיבות אלה, יש להחמיר עם הנאשם ועל כן הנני דן אותו ל-12חודשי מאסר מתוכם 5 חדשים יהיו לריצוי בפועל ומנינם מיום מעצרו והיתרה תהא על תנאי והתנאי הוא שלא יעבור משך 3 שנים מיום שחרורו, עבירה על חוק הכניסה לישראל תשי\ב – 1952. ב ענינו של הנאשם 3 קל יותר והעובדה כי זהו מעצרו הראשון, מביאה ודאי לידי המסקנה כי אין למצות עימו את הדין וכי ראוי לשים את הדגש על הרתעתו העתידית, תוך הקלה בענין מאסרו בגין עבירה זו והעמדתה על הרף הנמוך שנקבע לענין זה, ותוך תקווה כי הפנים את הלקח הנובע ממעצרו עד כה. גם נסיבותיו האישיות של נאשם זה כמפורט ברישא גזר הדין, כבדות משקל ויש להתחשב בהן. על רקע האמור, הנני דן את הנאשם 3 למאסר למשך 8 חודשים מתוכם יהיו 3 חודשים לריצוי בפועל ומניינם מיום מעצרו ויתרתם תהא על תנאי והתנאי הוא שלא יעבור בתוך 3 שנים מהיום, עבירה לפי חוק הכניסה לישראל תשי\""ב – 1952. ו הואיל ולעבירה היבט כלכלי במהותו, הנני מחייב כל אחד מהנאשמים בתשלום קנס כספי בסך 1,500 ₪ או 20 ימי מאסר תמורתו. נ ניתנה היום ח' בכסלו, תשס\""ה (21 בנובמבר 2004) במעמד הצדדים. ו ביהמ\""ש טרם קם מכסאו ואנו נבקש להגדיל את התקופה שנפסקה לנאשם 3, כמקובל בבית משפט""",train
"מחד אל מול נסיבותיו האישיות של הנאשם מאידך, לרבות עובדת הודייתו של הנאשם אני דן אותו כדלקמן: מאסר למשך 30 חודשים, מתוכם יהיו 20 חודשים לריצוי בפועל ומנינם מיום מעצרו (12.2.04) והיתרה תהא על תנאי והתנאי הוא, שלא יעבור משך 3 שנים מיום שחרורו ממאסר, עבירה בה הורשע או כל עבירה לפי פקודת הסמים המסוכנים, למעט עבירת החזקת סם לשימוש עצמי.",train
"ביטוי בהמלצת שירות המבחן, ואולם בהתחשב בעובדה כי הנאשם אינו עובד מזה זמן, לא אמצה עימו את הדין, גם בעניין זה. אשר על כן, הנני דן את הנאשם כדלקמן: מאסר למשך 16 חדשים מתוכם 10 חדשים יהיו לריצוי בפועל, ויתרתם תהא על תנאי והתנאי הוא שלא יעבור משך 3 שנים מיום שחרורו ממאסר, עבירה לפי ס' 427, 428 או 499 לחוק העונשין תשל\ז – 1977. מתקופת המאסר ינוכו ימי מעצר אותם ריצה הנאשם בתיק זה. פיצוי כספי לכל אחד מהמתלוננים בסך 5,000 ₪. קנס אכיפתי בסך 500 ₪ או 50 ימי מאסר תמורתו. הקנס והפיצוי ישולמו קודם שחרורו ממאסר וכתנאי לו. תשומת לב הנאשם להוראות סעיף 77 לחוק העונשין תשל\""ז – 1977, לפיו דין גביית פיצוי כדין קנס, וסכום ששולם על חשבון קנס יזקף תחילה ע\""ח הפיצוי. זכות ערעור לבית המשפט המחוזי תוך 45 יום מהיום. ניתן היום ו' בחשון, תשס\""ט (4 בנובמבר 2008) במעמד הצדדים. אבקש עיכוב ביצועו של גזר הדין לצורך הגשת ערעור. לבקשת ב\""כ הנאשם ונוכח עמדתה ההגונה של ב\""כ המאשימה, יעוכב ביצועו של גזר הדין למשך 45 יום מהיום, וככל שיוגש ערעור, עד למתן פסק דין בערעור, זאת בכפוף לתנאים הבאים:""",train
"הדחת הקטינות הורשע הנאשם גם בעבירות נוספות של החזקת סם לצריכה עצמית, החזקת סכין, שיבוש מהלכי משפט, הדחה בחקירה והעלבת עובד ציבור. מעל לכל אין לשכוח, שלמרות כל המפורט לעיל, נכשל הנאשם בנסיון הטיפולי שאיפשרתי לו, בניגוד כאמור לעמדת המדינה, ותוך שקבעתי בהחלטתי מאותו מועד כי: ... יש לזכור כי ההליך הטיפולי בן 9 החדשים היה כושל, במובן זה שהנאשם עסוק היה בהפרות משמעת חוזרות ונשנות ובהתנהגות בעייתית ועל כן, אין מקום לומר כי הרחקתו מהחברה לפרק זמן זה, יש בה כדי להוות ענישה עבורו ויש להתחשב בה ולא לשלחו למאסר מחודש. ו מכל האמור נראה, כי הנאשם, על אף דבריו בפני, הן במועד בו נשלח להליך הטיפול והן עובר למתן גזר הדין, לא השכיל לנצל את היד שהושטה לעברו וסגר במו ידיו את חלון ההזדמנות הרחב והנדיב שפתחה החברה עבורו, ולפיכך לא נותר לי לצערי, אלא לגזור את דינו, ביחוד כשלא קיימת אופציה טיפולית קונקרטית ראויה בענינו. בנסיבות המתוארות ומתוך התחשבות בגילו של הנאשם, הודייתו וחסכון מזמן שיפוטי, במסכת חייו הקשה, בעובדה כי ריצה 8 חודשי מעצר בפועל ומתוך מתן קרדיט לנסיונו בהליך הטיפולי, וכן מתוך תקווה כי אכן נתרם באיזה אופן שהוא מההליך הטיפולי בדרך שתביאהו לערוך חשבון נפש ביתרת תקופת המאסר שאפסוק לו, כזה שיביא להכרה כי הוא חייב, לטובתו האישית, לשנס מתניו ולעשות מאמץ כן ורציני, להתחיל בדרך חדשה ונורמטיבית בחייו, תוך התמודדות אמיתית עם מצבו, החלטתי שלא למצות עימו את הדין והנני דן אותו איפוא כדלקמן: מאסר למשך 45 חדשים, מתוכם 30 חדשים יהיו לריצוי בפועל והיתרה תהא על תנאי והתנאי הוא שלא יעבור כל עבירה לפי פקודת הסמים המסוכנים [נח]",train
"כדברי בית המשפט ב\עסק להפצת חשבוניות פיקטיביות\"" בהיקפים גדולים ביותר, מה שאין כן כבענייננו. בע\""פ (ת\""א) 71191/04 ד\""ר מנחם צ'צ'קס נ' מדינת ישראל (טרם פורסם מיום 27.3.06), המדובר היה ברופא שלא הנפיק 35 חשבוניות מס, ואשר בעניינו ניתן הדגש לחומרה, על התחכום שברישום חשבונית זהות ללקוחות כפולים ובסה\""כ ב – 312 עבירות. כל הדוגמאות הנ\""ל אינן חלות בענייננו. פסה\""ד היחיד שניתן לדעתי לעשות גזירה שווה לענייננו, הינו זה שנידון בע\""פ 71133/02 (ת\""א) דאוד מוחמד נ' מדינת ישראל (לא פורסם מיום 30.12.02). באותו עניין נידון נאשם, שמצבו הבריאותי והכלכלי היה גם כן קשה, בעבירות דומות לעובדות ענייננו וממנו אכן ניתן לערוך השוואה מסויימת לבסיס העונש הראוי. באותו עניין ציין בית המשפט כי על אף מצבו הבריאותי הקשה של הנאשם (היותו כרות רגל, כשרגלו השניה בסכנה והוא עומד בפני ניתוח בעינו), לא מהווה זה תעודת חסינות כנגד העונש. באותו עניין ציין עוד בית המשפט את העובדה כי הנאשם נהג בחוצפה בהצהירו כי הוא מובטל וחי מקצבת אבטלה בעוד שבפועל עבד בהיקף רב. לאחר ששקלתי איפוא את האיזונים שבין חומרת העבירה ומטרות הענישה מחד, אל מול נסיבותיו האישיות הלא קלות של הנאשם מאידך, החלטתי להמנע ממיצוי מלוא חומרת הדין עימו והנני דן אותו איפוא כדלקמן: מאסר למשך 20 חדשים מתוכם 10 חדשים יהיו לריצוי בפועל והיתרה תהא על תנאי והתנאי הוא שלא יעבור משך שלוש שנים מיום שחרורו, אחת העבירות בהן הורשע. קנס כספי בסך של 60,000 ₪ או 180 ימי מאסר תמורתו. הקנס ישולם עד יום 1.4.07. ניתנה היום כ\""ז בכסלו, תשס\""ז (18 בדצמבר 2006) במעמד הצדדים. אין לנו התנגדות ובלבד שיוצא צו עיכוב יציאה מן הארץ והפקדה.""",train
"קליטתו והצבתו. ככל שיהיה צורך בשינוי מקום ההשמה, יוכל הממונה על עבודות שירות לעשות כן ישירות ולהודיע על כך לבית המשפט. ו מובהרת לנאשם חובתו לעדכן את משרד הממונה על עבודות שירות בכל שינוי ככל שיחול כזה בכתובת מגוריו וכן מוזהר הוא כי עליו לעמוד בתנאי הפיקוח וביקורות הפתע וכל הפרה בביצוע עבודות השירות עלולה להביא לידי הפסקה מנהלית ולריצוי העונש במאסר ממש. מאחר ונחה דעתי, על סמך האינפורמציה שהובאה בפני, כי הנאשם אינו עושה עוד כל שימוש בסם, הנני גוזר עליו 5 שנות פסילת רשיון נהיגה לכל סוגי רכב מנועי, אשר יהיו על תנאי והתנאי הוא שלא יעבור משך 3 שנים מהיום כל עבירה לפי פקודת הסמים המסוכנים [נח] תשל\ג – 1973. ניתן בזאת צו להשמדת הסמים (מוצג 397/00 – תחנת עיירות) בכפוף לחלוף תקופת הערעור וככל שיוגש כזה בכפוף לתוצאותיו. ניתנה היום י' ב אדר ב, תשס\""ה (21 במרץ 2005) במעמד הצדדים. ב אבקש עיכוב ביצוע גזר הדין.ו""",train
"רכוש החשוד כגנוב (פעמיים), גניבה (פעמיים), איומים, ונסיון לפירוק חלקים לרכב.\ לפיכך נראה, כי אין כל מניעה להגיש את הרישום הפלילי הכולל אף את עבירות העדר מהשירות. אמנם, אין קבילות הרישום הנ\""ל מקנה לו משקל אוטומטי, אלא יש לתת את הדעת לעניין טיב העבירות המופיעות במרשם הפלילי, זמן ביצוען וכיוצ\""ב, אך בעקרון, אין למנוע הגשת רישום פלילי מעין האמור לעיל. ב ב\""כ המאשימה טענה, כי מחמת היות העבירה נשוא ענייננו, עבירה שלצידה עונש מאסר חובה, הרי שעניין זה אינו מותיר לבית המשפט כל אפשרות להימנע מהרשעת הנאשם, מקום בו אין ספק בביצוע העבירה. ו שיטתה של ב\""כ המאשימה, הגם שאינה עולה בקנה אחד עם הפסיקה בעניין העבירה נשוא ענייננו, איננה נראית לי. בת.פ. (מחוזי-ב\""ש) 8024/04 מדינת ישראל נ' סבן ניסים (טרם פורסם), שניתן ע\""י כב' השופטת רחל ברקאי ביום 15.7.04, מקום בו הואשם הנאשם בין היתר אף בעבירה של הפרעה לשוטר, לא נפסלה כלל האפשרות כי הנאשם לא יורשע, ואולם מחמת עבירת שוד מזוין שהיוותה את לב כתב האישום, הורשע הנאשם.נ כמו כן, בת.פ. (שלום – תל אביב יפו) 7952/01 מדינת ישראל נ' סיידא אופיר (לא פורסם), שניתן ע\""י כב' השופטת דניאלה שריזלי, נמנעה השופטת מלהרשיעו למרות שהודה בעבירות של הפרעה לשוטר במילוי תפקידו וכן בהתנגדות למעצר.ב בת\""פ (מחוזי-ב\""ש)) 8010/02 מדינת ישראל נ' אבוסהיבאן סלאמה [פדאור (לא פורסם) 02 (10) 42], דחה כב' השופט יוסף אלון את האפשרות להימנע המרשעת הנאשם בעבירות של הפרעה לשוטר - בניגוד לסעיף 275 לחוק העונשין; נהיגה בניגוד לכיוון התנועה - עבירה לפי תקנה 37 לתקנות התעבורה; וסטייה מנתיב נסיעה - עבירה לפי תקנה 40 לתקנות התעבורה, לא לפני שבחן השופט""",train
"קודם קביעת גזר דיני אציין, כי לא ירדתי לסוף דעתו של הסניגור, לפיה לא מדובר בעבירות חמורות. לא אחת ציינתי את דעתי בפסקי דין שניתנו על ידי בתחום זה, כי לא בא בחשבון בשום מצב שהוא, שאדם בכלל ובן זוג בפרט, יפתור את מחלוקותיו עם בן זוגו בדרך האלימות, מכל סוג ומין שהוא, ולא חשובה כלל הסיבה שהובילה אותו לכך. אלימות כלפי בת הזוג ובכלל זה גם יריקה בפניה (\בלבד\""), יש בה ללא ספק משום השפלה וביזוי, הגדולים לכשעצמם, לעיתים פי כמה, מהכאב הפיזי שבתקיפה עצמה. תפיסתי היא על כן, שאין לקבל התנהגות כאמור בכל תנאי ויש להוקיעה מכל וכל. יתרה מכך, אלימות במשפחה, הינה חמורה במיוחד, בעיקר כשהמדובר בנשים וילדים, שכן המדובר בקרבנות, שהגנתם קשה להם יותר מחד, ומאידך- חשיפתם רחבה מהרגיל, כלפי מבצע העבירה כלפיהם. בנסיבות אלה, אין ספק כי יש להרתיע עבריינים בכח ובפועל בענישה מחמירה, ביחוד כשהנתונים מלמדים, שאין זו מעידה חריגה בלבד, כמו אצל הנאשם כבעניננו. זאת ועוד, לא רק ענינו של הנאשם הוא העומד בפני, אלא ניתן לומר כי למרבה הצער, הפכו עבירות האלימות בכלל ובמשפחה בפרט, לנגע כואב (תרתי משמע) בחברתנו, אותו יש לשרש מן היסוד. ציינתי לא אחת, כי איכות חייה וכבודה של אשה בחברתנו, הינם לדעתי ערך עליון, ועל כן שומא על בית המשפט לתרום את חלקו למימוש ערך זה, תוך שיש לו תפקיד ראשון במעלה להבטיח שיעד זה יושג, ולא יהווה משאלת-לב בלבד. לכל האמור יש להוסיף כי תקיפתו את אשתו לא הסתכמה ביריקה בלבד וכי לנאשם עבר פלילי מכביד, הנושא עימו אמנם 3 הרשעות קודמות בלבד, ואולם כוללות הן עבירות חמורות במיוחד של בעילה בכח,""",train
"מעצרו (19.10.04) והיתרה תהא על תנאי והתנאי הוא, שלא יעבור משך 3 שנים מיום שחרורו, כל עבירה עפ\י פקודת הסמים המסוכנים (נ\""ח) תשל\""ג- 1973, למעט החזקה לשימוש עצמי, בגינה תעמוד תקופת התנאי על 4 חדשי מאסר למשך 3 שנים. פסילה מלקבל או מלהחזיק רשיון נהיגה למשך 12 חדשים מיום שחרורו. נ בנסיבות ענינו של הנאשם, לא מצאתי לנכון להטיל עליו קנס כספי. ב מעמיד את הנאשם בפיקוח שירות מבחן למשך שנה שמניינה מיום שחרורו.""",train
"וחסכון מזמן שיפוטי ובמיוחד גילו הצעיר. כן לא ניתן להתעלם מהעובדה כי הנאשם מצוי כבר במעצר ממש מזה כשמונה חדשים. על רקע האמור החלטתי שלא למצות את הדין עם הנאשם ולאזן את עניינו, מבחינת רמת הענישה ועל רקע המסגרת העונשית שנקבעה במקרים דומים, כאילו המדובר היה בעבירת סחר אחת, תוך שאני מקווה, כי הנאשם ישכיל ביתרת תקופת המאסר שנפסקה לו, לערוך חשבון נפש מחודש, שיביא להכרה כי הוא חייב, לטובתו האישית, לשנס מתניו ולעשות מאמץ כן ורציני, להתחיל בדרך חדשה ונורמטיבית בחייו, תוך התמודדות אמיתית עם מצבו ובראשה הפסקת כל מעורבות בסם. לאור כל האמור, אני דן את הנאשם כדלקמן: מאסר למשך 27 חודשים, מתוכם 15 חדשים יהיו לריצוי בפועל ומנינם מיום מעצרו (19.10.04) והיתרה תהא על תנאי והתנאי הוא, שלא יעבור משך 3 שנים מיום שחרורו, כל עבירה עפ\י פקודת הסמים המסוכנים (נ\""ח) תשל\""ג – 1973, למעט החזקה לשימוש עצמי, בגינה תעמוד תקופת התנאי על 4 חדשי מאסר למשך 3 שנים. פסילה מלקבל או מלהחזיק רשיון נהיגה למשך 18 חדשים מיום שחרורו. נ בנסיבות ענינו של הנאשם, לא מצאתי לנכון להטיל עליו קנס כספי. ב""",train
"בת\פ (ירושלים) 129/99 - מדינת ישראל נ' מרדכי (בן אלברט) ליברטי תק-מח 99(2), 2463, לאחר שציטט בית המשפט את הדברים לעיל מפרשת מורי, מוסיף הוא ואומר: יחד עם זאת, על פי השיטה הנוהגת במשפט שלנו, גם בהינתן פעולת הדחה, אין הדבר מקהה את אחריותו הפלילית של מבצע העבירה, אלא היא עשויה להביא להקלה מסויימת בעונשו. (שם, עמ' 6). כן ראה קדמי, על הראיות, חלק ראשון, עמ' 251; וכן ע\""פ 360/80, מדינת ישראל נ' אפנג'ר, פד\""י לה (228 (1).ב בע\""פ 360/80 מדינת ישראל נ' יעקב אפנג'ר פ\""ד לה(1), 228, מתייחסת כב' השופטת בן פורת לבעייתיות במציאת הגבול והשמירה עליו, בשימוש בכלי סוכן מדיח לצורך גילוי עבירות : אין ספק שהדרך בה מילא הפעם השוטר הסמוי את תפקידו מטעם המשטרה יש בה טעם לפגם. הפעלתם של שוטרים סמויים ללכידת סוחרי סמים היא בגדר אמצעי הכרחי לעקירת הנגע שפשה בנו, אך יש להציב לה גבולות סבירים. כאשר נתקל השוטר הסמוי בסירובו של המשיב להשיג לו סמים, חרף יחסי \""החברות\"", צריך היה להימנע מלחזור ולשדלו. יש להבדיל הבדל היטב בין התנהגות סבירה לגילוי עבריינים לבין נקיטת אמצעי פיתוי והדחה, עד שקשה לעתים לדעת, אם בהיעדר אותם אמצעים פסולים הייתה העבירה מתבצעת: ע\""פ 129/61. מורת הרוח שהובעה שם (מפי השופט זילברג) ובהזדמנויות אחרות חייבת להדריך את אנשי המשטרה המופקדים על נושא זה, ומן הראוי שיגבשו נוהלים ברוח זו למען יידע כל שוטר, כיצד לנהוג ומה הגבול אותו אין לעבור. מכל מקום, ברור ששידוליו של השוטר הסמוי, שמצאו ביטוי בהכרעת הדין הם שיקול חשוב לקולת העונש: ע\""א 28/59, בעמ' 1216. אולם מצד אחר אין זה סביר לייחס את העזרה, שהגיש המשיב לשוטר""",train
"באו מרקע נורמטיבי והצליחו להגיע ללימודים גבוהים ולשניהם סיכוי טוב וסביר לשוב ולהשתלב בחיי עבודה ומעשה. הנאשם 1 עמד להינשא טרם מעצרו וסיים 4 שנות לימוד במכללה. הנאשם 2 סטודנט להוראה במכללה בדרום. שני הנאשמים הודו במיוחס להם עם תיקון כתה\א, ושניהם הביעו חרטה על מעשיהם. בענייננו, עובדות המקרה אכן מלמדות על מעשה המצוי במידרג גבוה גם בספקטרום עבירות הסחיטה, והחמור ממעשי הסחיטה \""השגרתיים יותר\"" הבאים בד\""כ בפנינו, זאת נוכח העובדה, כי לא היה מדובר רק באיומים מילוליים, אלא במעבר אף למימוש רצינותם בפועל, במהלכים מתקדמים של לא פחות מהצתת רכבו של המתלונן וזריקת רימון לחצר ביתו, וכשהנאשם בפנינו, (אשר הסחיטה הוזמנה כאמור על ידו ולטובת האינטרסים שלו), לא זו בלבד שלא עוצר את המשך ביצועה, אלא אף מדגיש בפני המתלונן את הכדאיות בהיענות לה. בנסיבות אלה, אני רואה בחומרה את המקרה, ומקבל את עמדת המאשימה באומרה, כי יש להכביד את היד על מורשעים בעבירות אלו, על מנת להרתיע עבריינים בכח ובפועל מביצוען ועל מנת לצמצם את התופעה, הפוגעת ללא ספק, בשלוות אזרחים תמימים ובאיכות החיים החברתית. כנגד שיקולים אלה, עומדת מערכת נסיבות אישיות לא פשוטה, שבאה לידי ביטוי בתסקיר שירות המבחן ובעדויות הרופאים בדבר המצב הרפואי המיוחד, וכן הזמן שחלף מאז ביצוע העבירה ועד כה, כשלוש שנים וחצי. לעניין זה אציין, כי טרם הודאתו של הנאשם, נדחה הדיון מספר רב של פעמים, משך למעלה משנתיים מעת הגשת כתב האישום המקורי, זאת מסיבות שונות להן היו שותפים למרבה הצער, שני הצדדים. בנסיבות אלה, יובא שיקול זה במסגרת שיקולי לקולא ואולם לא כמשקל מכריע. גם המלצת התסקיר בסופו של דבר, להימנע מענישה של מאסר בפועל לא נעלמה""",train
"לקבוע הלכות חדשות כביכול העומדות בסתירה להם, ומשנקבע באופן שאינו משתמע לשתי פנים, כי העונש הראוי בעבירות מסוג זה עומד על ארבעה חודשי מאסר, למעט בענינים חריגים בהם ניתן לחרוג מעונשי המינימום (רע\פ 5198/01 טלעת חטיב נ' מדינת ישראל הנ\""ל), לא אסטה מכך אף אני. בנסיבות אלה, ביקשה אותי ב\""כ של הנאשמים להסתפק בעונש שעיקרו מרתיע כהגדרתה. אני מניח שהתכוונה למאסר מותנה תחת מאסר בפועל, בקשה אותה לא אוכל לקבל לצערי, על רקע מחויבותי לקביעות הערכאות שמעלי כמפורט לעיל.ו האם קיימים בעניננו נסיבות מיוחדות כאמור? אין ספק כי לנאשם 2 זכויות רבות: המדובר באדם יליד 1957 ללא כל עבר פלילי מכל סוג שהוא, נשוי ואב לשלושה ילדים, מהם בן אחד בשרות צבאי ושני ילדים קטינים, המנהל עסק מזה 30 שנה, ומספק פרנסה כדברי באת כוחו ל-100 משפחות, בהן אף 12 אזרחים מוגבלים, שעליו העסקתם ופרנסתם. נאשם זה יוצא יחידה מובחרת בצה\""ל, איש ספינת סטיל\""ים המשרת עד היום בשרות מילואים בהתנדבות ובעל התנהגות נורמטיבית ותרומה חברתית מרשימה לכל הדעות. אי אפשר להתעלם מכל האמור, בבואי לגזור את עונשו. במיוחד יש לזכור, כי תוצאת שליחת הנאשם 2 לכלא, הינה אבדן מיידי לפרנסת 100 משפחות אחרות, לרבות 12 משפחות של מוגבלים, והפיכתם לנטל חברתי וכלכלי לא מבוטל, שיקול מרכזי שאף ממנו לא ניתן להתעלם. נראה לי, כי אכן, יש בעניננו נסיבות חריגות יוצאות מגדר הרגיל ביחס לשוהה בלתי חוקי לכשעצמו, כאלה שאינן מצדיקות אמנם לסטות מרף הענישה ואולם יש בהם הצדקה להתאימו לנסיבות המתוארות. על רקע העובדה כי ענינו של הנאשם 1 אינו חמור מזה של הנאשם 2, אולי אף ההיפך הוא הנכון, ועל רקע העובדה כי רישומו הפלילי""",train
"אין צורך לומר, כי המצב הביטחוני הקיים במדינת ישראל קשה ביותר ואינו זקוק לכל הסבר, וכי עבירת הכניסה לישראל שלא כדין ע\י תושבי שטחי הרשות הפלסטינית נחשבת, בנסיבות השוררות היום, כעבירה חמורה, שלה השלכות נרחבות על בטחון המדינה והציבור. ההכבדה העצומה הנופלת על רשויות הצבא והמשטרה, הבאה לידי ביטוי בכך שאין הם יכולים למקד את מאמציהם לאיתור חוליות טרור, וצריכים הם להעמיד משאבים כלכליים ואנושיים רבים, אף כלפי אנשים שפניהם מועדות לחיפוש עבודה ולא לשם ביצוע פיגועים, חייבת להפסק ועל בתי המשפט לתרום חלקם לצורך זה. אין צורך לומר, כי הצלחה בכניסה לישראל, מביאה אף לידי הגברת המוטיבציה אצל מנועי כניסה נוספים, לנסות ולהכנס בשערי המדינה, שלא כדין ותוך הטלת נטל בלתי סביר על רשויות הבטחון והחברה בארץ. הפסיקה חזרה והדגישה את החומרה היתרה הטמונה בעבירות מסוג זה (ר' למשל פסק הדין המנחה בענין זה, בע\""פ 5198/01 טלעת חטיב נגד מדינת ישראל פ\""ד נו (1) 769, בו קבע כב' השופט טירקל בהסכמת חבריו למותב, לאחר סקירת המצב המשפטי בענין זה, כי על התגובה העונשית להיות חמורה וקשה, וזאת על רקע הרעת המצב הבטחוני במדינת ישראל, תוך שהעונש הראוי הינו מאסר בפועל ממש ללא המרה לעבודות, למעט בנסיבות חריגות ויוצאות דופן: ו כך גם ברע\""פ 1751/04 עדנאן חוסני עזאם נגד מדינת ישראל תק על 2004 (1), 1521, שם קבע כב' השופט חשין כי: וכן ר' ע\""פ (ב\""ש) 7168/04, ע\""פ (ב\""ש) 7297/04, ע\""פ (ת\""א) 70774/02, ע\""פ נצרת 1367/03) ועוד. ראוי לציון פסק דין אליו היפנתה גם ב\""כ המאשימה בטיעוניה, שניתן לאחרונה בבית המשפט המחוזי בבאר שבע, ע\""י כב' הנשיא פלפל, ובהסכמת חבריו להרכב, כב' השופטים הנדל ויפה -""",train
"המדובר בסכום קטן יחסית, שאני מתקשה להבין כיצד יכול היה להיות מכריע בביצוע העבירה. עיון בעברו של הנאשם, כמו גם בתסקיר שירות המבחן ובמכתביו שהעביר לעיוני מלמד, שאי אפשר לסבור כי הנאשם לא היה ער להשלכות מעשיו. לא זו בלבד שלנאשם עבר משמעותי בעבירות סמים, אלא שהליך גמילתו ושינוי אורחות חייו בעניין זה, עוברים \כחוט השני\"" הן בתסקיר שירות המבחן והן בפנייתו של הנאשם בדבריו אלי, הן בע\""פ והן במסגרת המכתב שהעביר לעיוני. בנסיבות אלה, המדובר איפוא באדם שהיה מודע היטב, ולכל הפחות צריך היה להיות מודע להשלכות מעשיו, ולא ניתן לקבל את העמדה לפיה מדובר בטעות או טיפשות ללא כל מחשבה שהיא. בעניין זה עיינתי בכתבי האישום וגזרי הדין של שני המעורבים האחרים בפרשה. המבצע העיקרי נידון ל – 6 שנות מאסר ואילו המסייע האחר נדון לשנת מאסר. הואיל והמדובר בין היתר בפרשה בה עוסק ענייננו, מהווים ענייניהם של הנ\""ל אבן בוחן ומדד השוואתי מסויימים לענייננו, אם כי לא ניתן להשוות באופן מוחלט בין המקרים. אין ספק שעניינו של המבצע העיקרי חמור מעניינו של הנאשם דנן, ואף המדינה מבקשת בהגינותה להשית עליו עונש מאסר בגובה מחצית העונש שהוטל שם (היינו 3 שנות מאסר לנאשם דנן). מצד שני, לא ניתן להשוות משמעותית בין הנאשם דנן למסייע האחר (גיל טהל) וזאת בשל מספר גורמים: אכן מבחינת הוראות החיקוק, הורשעו שניהם באותה עבירה (סיוע ליבוא סם מסוכן) למרות שבעובדות כתב האישום של המסייע האחר – גיל, קיימת גם מסירת דרכונו לצורך שימוש בו על ידי המבצע העיקרי, בנוסף להעברת הכסף שמסר בידו הנאשם דנן. יחד עם זאת וזה לדעתי העיקר, המדובר היה בנאשם בן 43 רווק, שעסק בתחום""",train
"כי יש לו קשר כלשהוא לסם, תוך שהפניה אליו מצד הסוכנות, היתה באופן אקראי לחלוטין. נ מהי משמעות הדברים? האם המטרה מקדשת את כל האמצעים? מהם גבולות הביצוע? אין ספק כי הלחימה בנגע הסמים, איננה מבוססת על תלונות חיצוניות המגיעות למשטרה כבמקרי פשע אחרים, אלא סמוכה רובה ככולה, על עבודה מודיעינית קשה ומפרכת, הנשענת על אמצעי גילוי מתוחכמים, תוך יוזמות חשיפה וסיכול מטעם המשטרה ובכלל זה גם הפעלת סוכנים. בע\פ 470/83 - משה מורי נ' מדינת ישראל פ\""ד לט (1), 1 דן כב' השופט בך בשאלה האמורה: \""הפעלתם של סוכני משטרה סמויים הוכרה זה מכבר בתור כלי נשק הכרחי ולגיטימי במלחמה נגד הפשע החמור בכלל ונגד נגע הסמים בפרט, אולם עם זאת הובהר תמיד, כי יש להציב לאמצעי זה גבולות סבירים. כך נקבע, כי אסור שהפעלת הסוכן תשמש פיתוי והדחה, שיש בהם כדי להשחית אדם חף מפשע ולהביא לידי ביצוע עבירות, שאחרת לא היו כנראה מבוצעות כלל (ראה : ע\""פ 20/56 (ברנדוין נ' היועץ המשפטי לממשלה, פ\""ד י 769 ; פ\""ע כג 323.), בעמ' 770, וע\""פ 129/61 (שלום נ' היועץ המשפטי לממשלה, פ\""ד טו 2444.), בעמ' 2446), וכן נאמר, כי יש משום פגם בהפעלת לחץ ושכנוע מוגזמים על-מנת לשדל את החשוד לבצע את העבירה (ראה ע\""פ 360/80 (מדינת ישראל נ' אפנג'ר וערעור שכנגד, פ\""ד לה(228 (1.), בעמ' 232). הכלל העולה מהפסיקה הוא, כי אל לה למשטרה להצמיד סוכן מדיח (Agent Provocateur) לאדם, אלא אם בידיה מידע אמין, המחשיד אותו אדם, כמי שנוהג לבצע פשעים חמורים מהסוג העומד לחקירה, והמשטרה משוכנעת, כי רק על-ידי הפעלת הסוכן ניתן להשיג את הראיות הדרושות להעמדת החשוד לדין.\"" (עמ' 5-6 לפסה\""ד)""",train
"לא אחת ציינתי, כי אין צורך להזכיר את המצב הביטחוני הקשה הקיים במדינת ישראל, וכי עבירת הסעת שב\ח נחשבת, בנסיבות השוררות היום, כעבירה חמורה ביותר, שלה השלכות על בטחון המדינה והציבור. בנסיבות אלו, חייב בית המשפט להתייחס במלוא החומרה לעבירות מסוג זה, תוך קביעת ענישה מרתיעה של מפרי חוק בענין, על מנת למנוע סיכון לבטחון הציבור. הפסיקה חזרה והדגישה את החומרה היתרה הטמונה בעבירות מסוג זה (ר' למשל פסק הדין המנחה בענין זה, ברע\""פ 5198/01 טלעת חטיב נגד מדינת ישראל פ\""ד נו (1) 769, בו קבע בית המשפט העליון שעל התגובה העונשית להיות חמורה וקשה, וזאת על רקע הרעת המצב הבטחוני במדינת ישראל, תוך שהעונש הראוי הינו מאסר בפועל ממש: ב כך גם ברע\""פ 1751/04 עדנאן חוסני עזאם נגד מדינת ישראל תק על 2004 (1), 1521, שם קבע כב' השופט חשין כי: היריעה קצרה מלהכיל את מגוון פסקי הדין השונים שניתנו בגין עבירות על חוק הכניסה לישראל, וראוי לציון לענין זה אף פסק דין שניתן לאחרונה בבית המשפט המחוזי בבאר שבע, ע\""י כב' הנשיא פלפל, ובהסכמת חבריו להרכב, כב' השופטים הנדל ויפה-כץ, הסוקר באופן נרחב את מדיניות הענישה בנושא השהיה הבלתי חוקית (ע\""פ (ב\""ש) 7437/04 מדינת ישראל נ' גטאס מחמד ואח' מיום 14.11.04 וטרם פורסם) וכן ר' ע\""פ (ב\""ש) 7168/04, ע\""פ (ב\""ש) 7297/04, ע\""פ (ת\""א) 70774/02, ע\""פ נצרת 1367/03) ועוד. בנסיבות אלה, יש לתת איפוא עדיפות לשיקולים של הרתעה נדרשת, ומשקל מועט יותר לנסיבותיו האישיות של הנאשם העומד בפני בית המשפט לדין. אעיר, כי הטענה שהעלה הנאשם, לפיה ראה אנשים תקועים בצד הדרך ועשה להם טובה כדבריו, אינה מקובלת עלי. טענה כזו לו תתקבל, יש בה""",train
"הוא אחריות לביצועה; האם הוא מתחרט עליה; ואולם – גם המשנה לנשיא כבוד השופט ש' לוין מדגיש כי הכלל הוא הרשעה, האם התקיימו הגורמים הנ\ל המחייבים הימנעות מהרשעה בעניננו? חוששני שלא. ראש וראשון, לא זו בלבד שהנאשם אינו מתחרט על מעשהו, אלא שהוא לא מכיר בו כלל. הוא ממשיך לטעון בתוקף, גם לאחר מתן הכרעת הדין, כי לא ביצע את המיוחס לו והמדובר בעלילה מצד המתלוננת. עמדה זו של הנאשם מובאת גם בתסקיר שירות המבחן. לעניין זה אציין, כי אכן מובנת לי טרונייתו של ב\""כ הנאשם בדבר המצב הבעייתי בו מצוי נאשם שאינו מודה, בשירות המבחן, ואולם אין בידי להסכים לה: כל מהותו של שירות המבחן נועדה לצורך טיפולי. תנאי יסוד לטיפול הינו הכרת הנאשם בעבירה שעבר, ומאינו מכיר בכך, לא ניתן כלל להביאו להכיר ולהתחיל בדרך טיפולית נדרשת. בנסיבות אלה וככלל, משלא מכיר נאשם במיוחס לו, אכן אין טעם בהליך טיפולי ב שירות המבחן. חבל איפוא שמצא הסניגור טעם לבקש כי ישלח מרשו קבלת תסקיר, ולו הייתי יודע כי זו עמדתו של הנאשם גם לאחר הכרעת הדין, לא הייתי נעתר לבקשה, שאך עיכבה את המשך הטיפול בתיק בלא שתרמה תרומה של ממש לנאשם. ראוי לציין בעניין זה כי בפסקי הדין בפרשות רמון ואלון הנ\""ל, הורשעו הנאשמים על אף המלצתו של שירות המבחן להמנע מהרשעה, ועל אף שהפגיעה הקשה בנאשמים בעלי מעמד ציבורי כפי שהיו בפרשות אלה היתה ברורה ונטולת ספק, ועל אף שלכאורה בוצעו העבירות בהן הורשעו, בנסיבות מקלות לא מבוטלות. שנית, לא הובאה בפני כל ראיה שהיא, בדבר הפגיעה החמורה בשיקומו, או בעתידו ובדבר ההנזק שיגרם לנאשם בהרשעתו. זולת אמירה ערטילאית לפיה הנאשם משמש""",train
"האינטרס הציבורי שביסודו הרתעה מפני מעילה באמון שניתן על ידי מעביד, המעסיק עובדים ומניח, כי הם יפעלו ביושר ובתוך ד' אמות סמכויותיהם, כמו גם אמון הציבור בחברה מסוג זה העוסקת בהובלת כספם ורכושם, מהווה נדבך חשוב בשיקולי תיק זה לחומרא ואינו זקוק להסבר. גם סוג העבירה, הינו מהחמורים שבעבירות כנגד רכוש הציבור, אשר נראה למרבה הצער, כי הפך זה, להיות לאחרונה, הפקר. לעניין זה אינני מקבל את גרסתו של ב\כ הנאשם שהמדובר בנסיון בלבד, אף אם נכון הדבר במישור הטכני פורמלי, ולו לא היה הנאשם השני, שותפו של הנאשם שבפני מונעה, וגם זאת אך מהחשש שמא מצלמות הקניון יתעדו את הביצוע, הרי שהיה הביצוע מושלם, כפי שאף החל להעשות בפועל על ידי הנאשם שבפני. הקלות הבלתי נסבלת בה ניתן היה לבצע את העבירה, מביאה לכשעצמה לצורך להחמיר בדין, בשל ההרתעה הנדרשת למנוע ביצוע עבירות מהסוג הנדון. אינני מוצא מקום לגזור גזירה שווה גם מעונשו של הנאשם האחר, שהיה זה שמנע את השלמת הביצוע ועל פי האמור בגזר דינו, היה זה שדיווח על העבירה ולולא עדותו, לא היתה העבירה מפוענחת כלל. שיקול נוסף לחומרא הוא העובדה, כי הנאשם שבפני ביצע את העבירה, כשתלוי כנגדו מאסר מותנה, בר הפעלה, אשר כך נראה, לא הרתיעו ובמיוחד, כי רשומה בעברו עבירה דומה של קשירת קשר לביצוע פשע וגניבה בידי עובד (נשוא ת.פ. 6999/01- בימ\""ש באר שבע), אף שם כנגד רכוש השייך לאותו מעביד ממש, שהמעילה באמונו מקבלת משנה תוקף, לאחר שמצא לנכון להמשיך ולהעסיק את הנאשם, אצלו. בנסיבות אלה, יש להחמיר לדעתי בגזר דינו, על מנת להרתיע עבריינים בפועל ובכח, מביצוע עבירות מהסוג הנדון. מאידך, איני יכול להתעלם מהודייתו של""",train
"על ביצוע העבירה ומתחרט עליה. הדבר בא לידי ביטוי, הן בתסקיר, הן בדברי באת כוחו והן בדבריו הוא. בנסיבות אלה קשה לי להניח כי קיימת סבירות לחזרה על התנהגותו או שיעבור עבירות נוספות. משמעות ההרשעה תפגע קשות בנאשם, כך על פי התסקיר וכך על פי עדות מפקדו. בעניין זה לא ניתן להתעלם שאין המדובר בטענה ערטילאית אלא בראיות שהובאו כאמור, בדבר הפגיעה החמורה בעתידו ובדבר הנזק שיגרם לנאשם בהרשעתו. יש לזכור כי לא נגרם נזק מהותי למתלונן ומבלי להקל ראש בחומרת האירוע, מדובר בנזק שטחי בלבד. לבסוף, אין להתעלם אף מחלוף הזמן, למעלה מ – 9 שנים מעת ביצוע העבירה, כשחלק מהעיכובים אינם קשורים לנאשם ונבעו מהגשה מאוחרת יחסית של כתב אישום ומהעברת התיק בין בתי המשפט השונים. לעניין זה אציין, כי אינני רואה עין בעין עם התביעה את הטענה כי עובדת ניהול ההוכחות על ידי הנאשם, מעידה על אי קבלת אחריות למעשיו וזאת משתי סיבות: האחת והברורה היא, כי זכותו של נאשם היא להגן על הזכות לחפותו ואין בניהול הוכחות לכשעצמו כדי ללמד על אי קבלת האחריות, לאחר שנקבעה הכרעת הדין. הסיבה השניה היא, כי בסופו של יום זוכה הנאשם מעבירת האיומים, כך שגם בפועל לא היה ניהול ההליך מיותר מבחינתו. ד. בנסיבות הכוללות נראה לי איפוא, כי הפגיעה האפשרית הטמונה בהרשעת הנאשם לרבות הפגיעה בפרנסתו העתידית של הנאשם, נראית לי בלתי פרופורציונאלית ביחס לרווח החברתי, אם יהא כזה בכלל, מהרשעתו של הנאשם בדין. לאור האמור ניתן לדעתי בענייננו לוותר על ההרשעה, מבלי לפגוע באופן מהותי בשיקולי הענישה האחרים ולא מצאתי טעם ממשי שלא להעתר בנסיבות שפורטו לעיל להמלצת שירות המבחן ולעתירת הנאשם. ה. בנסיבות",train
"סוגי העבירות, גם בענייננו ישנם גזרי דין חמורים יותר וחמורים פחות. כל מקרה לגופו ואכן המדובר בקשת ענישה רחבה המושפעת מנסיבות כל עניין. מכל מקום ברור כי טווח הענישה לו טענו הצדדים מצוי בהחלט במסגרת המוצעת על ידם. לאור כל האמור ולאחר ששקלתי את מכלול השיקולים כמפורט לעיל הנני דן את הנאשם כדלקמן: מאסר למשך 10 חדשים, מתוכם 5 חדשים יהיו לריצוי בפועל, ויתרתם תהא על תנאי, והתנאי הוא שלא יעבור משך 3 שנים מיום שחרורו ממאסר, עבירת הצתה ו/או עבירת אלימות מסוג פשע. מתוך תקופת המאסר בפועל תנוכה תקופת מעצרו של הנאשם (22.7.12 – 31.8.12). . המאשימה עתרה לחייב את הנאשם בתשלום קנס ופיצוי בגובה סכום הנזק. אין ספק שראוי הדבר. בנסיבות אלה לא אוכל לחייב את הנאשם בתשלומה, ונראה לי כי ראוי שהפיצוי יִוותר לקביעה בהליך אזרחי, שם יוכל בית המשפט על יסוד ראיות שיובאו בפניו, לאמוד את הנזק שנגרם ממעשי הנאשם. בשים לב למאסרו של הנאשם ומצבו האישי, הכלכלי והמשפחתי המורכב ובמסגרת הליך זה, לא מצאתי לנכון להטיל קנס על הנאשם, והנני מחייבו בפיצוי בסך 2,436 ₪, תוך שמירת זכותו של ועד המושב למיצוי הליך אזרחי בנושא זה, ככל שימצא לנכון לעשות כן. ניתנה והודעה היום א' כסלו תשע\ג, 15/11/2012 במעמד הנוכחים. יעקב שפסר, שופט בהתאם להסכמה עם בא כוח המאשימה, אבקש לקבוע כי הנאשם יתייצב לריצוי עונשו ביום 25.11.12. הנאשם יתייצב לריצוי עונש המאסר בפועל ביום 25.11.12 לא יאוחר מהשעה 08:30, במקום שייקבע על ידי רשות שב\""ס, וככל שלא ייקבע כזה במתחם נציבות שב\""ס בכלא מעשיהו. עד אז ייוותרו תנאי שחרורו של הנאשם בעינם. ההפקדה שהופקדה על ידי הנאשם במ\""ת 55247-07-12 תושב""",train
"ונסיעה משותפות, ותקיפתו של המנוח בצוותא על ידם. אין להתעלם גם מהעובדה, שמעשי הנאשמים הם שיצרו את המצע, האוירה והתנאים, שאיפשרו והיוו כר נוח ביותר למעשה הדקירה הסופי שבוצע בשיאו של האירוע. כלל הנסיבות המפורטות ממקמות בעיני את המקרה דנן, במקום גבוה בקשת הענישה המקובלת בעבירות מסוג זה, וזאת בשל צֶבר הנסיבות שתוארו לעיל. הגם שבמסגרת הסדר הטיעון הומרו האישומים בעניינם של הנאשמים לאישומים קלים יותר, עדיין לא ניתן להסיר מעל האירוע את מעטה החומרה הממשית האופף אותו בעליל. קשה לתפוס את האכזריות הנדרשת למצב הדברים המתואר, וודאי שלא ניתן לסבול התנהלות מסוג זה של ישוב סכסוכים בדרך אלימות. למרבה הצער, התגברה התופעה האמורה לכדי מכת מדינה של ממש והפכה שכיחה באופן המעורר דאגה ממשית לשלום הציבור, שלמות גופו, חייו ובטחונו. הקלות הבלתי נסבלת בה ננקטת אלימות לרבות תקיפה בכלי משחית ושימוש בהם כפתרון לסכסוך בין צדדים, והזלזול הבוטה הנובע מכך לשלום הציבור, אינם יכולים ליהנות מכל סובלנות שהיא ומחייבים ענישה מרתיעה, תוך שגל האלימות השוטף את החברה בישראל בכלל, ומגזרים שונים בה בפרט, מחייב ענישה בלתי מתפשרת, שכן חברה מתוקנת אינה יכולה, ואסור לה בשום צורה, להשלים עם נורמת התנהגות כזו. בתי המשפט התייחסו רבות ובחומרה לעבירות מסוג זה, תוך שהגדירוה כ\מכת מדינה\"" וקבעו לא אחת כי יש לנהל מלחמת חורמה בה, בין היתר על דרך ענישה מחמירה (ר' למשל: ע\""פ 1552/08 פרטוש נ' מדינת ישראל (29.10.08), ע\""פ 607/07 ראזם עבדל סאלם נ' מדינת ישראל (10.5.07), ע\""פ 10861/05 גורבאן נ' מדינת ישראל (29.3.07) ועוד. בתי המשפט חזרו והדגישו את הצורך בענישה מחמירה בעבירות האלימות, המדגישה את אלמנט ההרתעה ואת אינטרס הציבור להגנה על גופו ורכושו""",train
"חסך משמעותית זמן שיפוטי, בנהלו את המשפט עד תומו. מצאתי לנכון לציין עובדה זו, על מנת להדגיש כי ער אני לזכותו של נאשם לניהול משפטו ולניסיונו הלגיטימי להביא לידי זיכויו, ועובדה זו לא יכולה ואינה עומדת לחובתו, אלא משהובאו הראיות לא ניתן להתעלם מהרושם שהתקבל מהן לרבות ביחס למצבה של המתלוננת מחד, ומאידך לא ניתן לטעון בדבר חסכון בזמן שיפוטי כשיקול לקולא, כפי שעומד זה בעניינו של נאשם שהודה ובחר לקבל אחריות על מעשיו. משנֶה תוקף יש לאמור בענייננו, משבחר הנאשם להימנע מהבעת כל חרטה על מעשיו במסגרת דבריו לעונש, אף לאחר שניתנה הכרעת הדין. גם העובדה שבסופו של יום פציעותיה של המתלוננת לא היו חמורות במיוחד, תיזקף לזכותו של הנאשם. בשקלול האיזונים שבין חומרת האירוע מחד ונסיבותיו האישיות של הנאשם מאידך, הנני דן אותו כדלקמן: מאסר למשך 54 חדשים, מתוכם יהיו 42 חדשים לריצוי בפועל והיתרה תהא על תנאי, והתנאי הוא שלא יעבור משך 3 שנים מיום שחרורו ממאסר כל עבירת לפי סעיף 329, ו/או 333 ו/או 335 לחוק העונשין התשל\ז – 1977. מתקופת המאסר בפועל תנוכה תקופת המעצר ממש אותה ריצה הנאשם במסגרת תיק זה ( 10.10.09- 3.11.09). מאסר מותנה בן 4 חדשים שלא יעבור משך 3 שנים מיום שחרורו ממאסר עבירה לפי סעיף 287 לחוק העונשין תשל\""ז – 1977. פיצוי כספי למתלוננת בסך 5,000 ₪. סכום זה ישא הפרשי הצמדה וריבית מהיום ועד למלוא תשלומו בפועל. זכות ערעור לבית המשפט העליון בתוך 45 יום מהיום. ניתנה והודעה היום ג' סיון תשע\""א, 05/06/2011 במעמד הנוכחים. אבקש עיכוב ביצוע למשך 45 יום לצורך הגשת ערעור. הנאשם משוחרר מזה כשנה וחצי, ללא הפרות, מתייצב לכל הדיונים""",train
"אכן, לא פעם הביעה הפסיקה דעתה, שיש להחמיר בענישה בעבירות סמים. נראה שאין צורך לשוב ולפרט עניין זה אשר הוזכר בעשרות ומאות פסקי דין. יחד עם זאת ומבלי שתתפרש חלילה הקלת ראש כלשהיא בחומרת העבירה, הרי שבבחינת נסיבות העניין עולה כי אין המדובר במפיץ סם אלא באדם, שגורלו לא שפר עליו, בלשון המעטה, אשר עושה בד\כ שימוש עצמי בסם ואשר נכשל בעניין שבפני, מסיבות אותן ניתן להגדיר כמקלות. גליון עברו הפלילי אכן מלמד על מספר רב של עבירות, אלא שכפי שציינה בהגינותה התובעת, הופסקו אלה בשנת 1989 ומאז שרק בשנת 2002 הורשע בעבירה אחרת שאינה ממין העניין, כשהעבירה שפני היא הראשונה בתחום זה. בבואי לגזור את הדין, שקלתי, מחד את האינטרס הציבורי ומאידך את נסיבותיו האישיות הקשות של הנאשם ונדמה לי כי לא אחטא אם אניח ששני הנ\""ל חופפים זה לזה, מבחינה המסקנה המתבקשת והיא, להמנע ולשלוח את הנאשם למאסר בפועל כלשהוא בשלב זה או להחמיר עימו בדין. גם האינטרס הציבורי אינו מחייב החמרה בנסיבות העבירה והנאשם שעובדותיהם פורטו לעיל וכמובן אינטרס הנאשם עצמו, אף הוא להמשיך בשיקום חייו. בנסיבות אלה באתי לכלל דעה כי אין סיבה שלא לאמץ את המלצת התסקיר ולאור האמור, הנני דן את הנאשם איפוא כדלקמן:""",train
"וכי אכן מצטער הוא על מעשיו. כמובן שעברו הנקי לרבות שירותו בצה\ל נזקף אף הוא לזכותו, אם כי משקלו מופחת יחסית, שכן מרבית מבצעי העבירות מסוג זה הינם אנשים נורמטיביים מטבעם. במכלול האמור לעיל ולאחר ששקלתי את האיזונים שבין העבירות שבוצעו ומטרות הענישה מחד לבין נסיבות הנאשם מאידך, הנני דן את הנאשם למאסר למשך 55 חדשים מתוכם 40 חדשים יהיו לריצוי בפועל (בניכוי ימי מעצרו מיום 27.12.2009 ועד 7.1.2010), ויתרתם תהא על תנאי והתנאי הוא שלא יעבור משך 3 שנים מיום שחרורו ממאסר, עבירה בה הורשע. במסגרת הסדר הטיעון לא נתבקש קנס או פיצוי, ובהתאם אמנע אף אני מקביעתם. זכות ערעור לבית המשפט העליון תוך 45 יום מהיום. ניתנה והודעה היום ח' תמוז תש\""ע, 20/06/2010 במעמד הנוכחים. הנאשם יתייצב לריצוי עונשו, ביום 27.6.2010 בשעה 08:00 בבוקר, בבית הסוהר \""דקל\"" שליד כלא באר שבע, או בבית סוהר אחר, אשר ייקבע על ידי שב\""ס מבעוד מועד. יוצא צו עיכוב יציאה מן הארץ כנגד הנאשם, אשר יפקיד את דרכונו כתנאי לעיכוב ביצוע. חתימת התחייבות עצמית וערבות צד ג', מצד שני ערבים, בסך של 100,000 ₪ כל אחת, להבטחת התייצבותו לריצוי עונשו, וכן הפקדת סך מזומן ו/או ערבות בנקאית, בסך 10,000 ₪ בקופת בית המשפט וכתנאי לעיכוב ביצוע.""",train
"האישיות המקלות של הנאשמים, כמו גם עקרון הענישה האינדיבידואלית, הרי שאין לשכוח את השיקולים העומדים ביסוד מצב הענינים הבטחוני היום, מה עוד שנאשמים הפועלים למעשה לשם הפקת רווח כלכלי עצמי, מסכנים בכך את יתר הציבור בלא משים לסכנה הגלומה בעבירות אלה, ומעלים את הצורך לתת ביטוי עודף לאינטרס הציבורי בענישת עבריינים בהסעה שלא כדין, כמו גם בהעסקתם. ו יתרה מכך, להשקפת עולמי, אם בעבירות שוהה בלתי חוקי שנכנס לתחומי המדינה לצורכי עבודה בלבד, על רקע מצוקה כלכלית קשה ובלא שנתלוותה לעניינו עבירה נוספת כלשהיא, עומדת רמת הענישה על מאסר בפועל בין שלושה לארבעה חודשים, הרי שאין זה מוסרי ואין זה צודק, להקל עם תושבי המדינה, המסיעים, המעסיקים והמלינים את אותם השב\חים, אשר דווקא הם צריכים להיות מודעים לגודל הסכנה ודווקא מהם הייתי מצפה ליתר אחריות בנושא זה. זו גם השקפת המחוקק אשר קבע עונש כפול למספק השרות היינו המסיע והמלין ביחס לשב\""ח עצמו. נ אכן, מעיון ברישום הפלילי של הנאשם 1, עולה כי אין קשר בין העבירה המופיעה שם לעבירה נשוא ענייננו, וכי אכן עבר זמן ניכר מהרשעתו אז ועד היום. נראה, כי הנאשם אכן שיקם עצמו וכעת הינו נשוי, אב לילדים ועובד בעבודה מסודרת. בנסיבות אלה לא אביא בחשבון את הרישום האמור בנוגע לעברו של הנאשם 1. על אף שאין, לדעתי, בעובדה שהנאשם 1 פעל להוצאת הפועלים אל מחוץ למדינה כדי לשנות מחומרת העבירה שבוצעה, הרי שמקריאת רע\""פ 4602/04 יצחק נאג'י נ' מדינת ישראל, תק-על 2004(2), 1604, נראה לי בכל הכבוד, כי הסיבה להימנעות מלהתערב בחומרת הענישה, לא היתה בשל סיבה זו, כאמור בדברי ב\""כ המאשימה בטיעוניו, וכי אין בפסק הדין האמור קביעה פוזיטיבית כלשהיא""",train
"אין צורך לציין שלא בא בחשבון בשום מצב שהוא, שאדם בכלל ובן זוג בפרט, יפתור את מחלוקותיו עם בן זוגו בדרך האלימות, מכל סוג ומין שהוא, ולא חשובה כלל הסיבה שהובילה אותו לכך. בנושא אלימות במשפחה הבעיה אף חמורה במיוחד, שכן המדובר בנשים וילדים, שהם קרבנות, שהגנתם קשה להם יותר מחד, ומאידך – חשיפתם גבוהה מהרגיל, כלפי מבצע העבירה כלפיהם. עניין זה בא לידי ביטוי גם בתיק שבפנינו, בו מועלות טענות בדבר תלות כלכלית ופגיעה ממשית במשפחת הנאשם, אשתו וילדיו, בשל מעצרו. בנסיבות אלה, אין ספק כי יש להרתיע עבריינים בכח ובפועל בענישה מחמירה, על מנת שיפנימו את חומרת מעשיהם. בענייננו קיימת חומרה מיוחדת הנובעת מהחזקת סכין בידי הנאשם בעיצומו של האירוע, נסיבה שלא קשה לתאר מה היו יכולות להיות תוצאותיה, אם לא היו משתלטים השוטרים על הנאשם. כמובן שלא ניתן להתעלם מעברו הפלילי המכביד של הנאשם בעבירות דומות לענייננו, עבר שעל אף שריצה תקופת מאסר לא מבוטלת, לא מנע הדבר מחזרה על מעשיו. מצד שני, אינני יכול להתעלם מתקופת המעצר הממושכת יחסית אותה ריצה הנאשם, הודייתו המיידית ומניעת הצורך בהעדת המתלוננת כנגדו, חרטתו, הדאגה לבני משפחתו ומצבו הכלכלי הקשה (אשר בא לידי ביטוי גם במסמכים שהוצגו על ידי הסניגור לעיוני). כן לא אתעלם מהעובדה כי אכן היו מספר שנים בהם לא הסתבך הנאשם, ואף עבד ופירנס את משפחתו תוך דאגה לה.",train
"אף שהנאשם כשל בהליך הטיפולי כולו, אנחנו טענו כי הוא הרוויח משהו ואם עכשיו אנו נחזיר אותו לכלא, אנו פוגעים בסיכוי הערעור משום שאנו פוגעים בהליך הטיפולי גם. אני חושב שאם ביהמ\ש רוצה לתת לנאשם את יומו גם בהערכאת הערעור ובביהמ\""ש, אזי צריך לקבל את הבקשה. ו אנחנו מתנגדים לבקשה של חברי. בל נשכח כי הנאשם שהה בתנאי מעצר משך 8 חודשים. העובדה שהנאשם נמצא כשבועיים, מאז 26.6.05 ב\""חלופת מעצר\"", חלופה שבשלב ראשון לא אושרה על ידי ביהמ\""ש ובשלב השני היתה טעות בתקשורת עם שירות המבחן ואנו קיבלנו זאת, כל זאת כשברקע עומדת החלטתו של כב' הש' ואגו אשר מציינת שחלופה זו, זאת אומרת שההורים ערבים, אינה חלופה מומלצת וזאת בהתאם לחוות דעתו של שירות המבחן. זאת אומרת שדחיה שכזו כדברי הש' ואגו, מטילה על הציבור סיכון ולכן, אנו מתנגדים. נ אני לא מתכחש לכך כי שירות המבחן בשעתו לא ראה בהורים חלופה מתאימה. יחד עם זאת, חברי לא יכול להחזיק בשירות המבחן היכן שזה מתאים לו ולא להחזיר בשירות המבחן היכן שזה לא מתאים לו. אם לפני 17 חודשים שירות המבחן לא מצא את ההורים כמתאימים, כי הנאשם היה במצב נתון והיום שירות המבחן סבור שמעצר הבית החלקי, ששירות המבחן נותן בו אמון לצאת למסגרת הטיפולית, בעצם שירות המבחן כי בנתונים הקיים כן ניתן לסמוך על ההורים ועל הנאשם. אבקש לציין כי אביו של הנאשם ליווה אותו לבדיקות הרפואיות, לביטוח הלאומי ולמלכישוע. אבקש מביהמ\""ש לקבל את הבקשה שלנו ולהותירו במעצר בית בבית הוריו. העובדה כי הנאשם מצוי בשלב מתן גזר הדין בחלופת מעצר, הוא מצב נתון הנובע מתקלה, שכן מצב הדברים הנכון הוא כי הנאשם""",train
"אין צורך לומר, כי המצב הביטחוני הקיים במדינת ישראל קשה ביותר ואינו זקוק לכל הסבר וכי עבירת הכניסה לישראל שלא כדין ע\י תושבי שטחי הרשות הפלסטינית נחשבת, בנסיבות השוררות היום, כעבירה חמורה, שלה השלכות נרחבות על בטחון המדינה והציבור. בנסיבות אלו, חייב בית המשפט להתייחס בחומרה לעבירות מסוג זה, תוך קביעת ענישה מרתיעה של מפרי חוק בענין, על מנת למנוע סיכון לבטחון הציבור. הפסיקה חזרה והדגישה את החומרה היתרה הטמונה בעבירות מסוג זה (ר' למשל פסק הדין המנחה בענין זה, בע\""פ 5198/01 טלעת חטיב נגד מדינת ישראל פ\""ד נו (1) 769, בו קבע כב' השופט טירקל בהסכמת חבריו למותב, לאחר סקירת המצב המשפטי בענין זה, כי על התגובה העונשית להיות חמורה וקשה, וזאת על רקע הרעת המצב הבטחוני במדינת ישראל, תוך שהעונש הראוי הינו מאסר בפועל ממש ללא המרה לעבודות שירות, למעט בנסיבות חריגות ויוצאות דופן: ו כך גם ברע\""פ 1751/04 עדנאן חוסני עזאם נגד מדינת ישראל תק על 2004 (1), 1521, שם קבע כב' השופט חשין כי: וכן ר' ע\""פ (ב\""ש) 7168/04, ע\""פ (ב\""ש) 7297/04, ע\""פ (ת\""א) 70774/02, ע\""פ 1367/03(נצרת) ועוד. בנסיבות אלה, יש לתת איפוא עדיפות לשיקולים של הרתעה נדרשת, ומשקל מועט יותר לנסיבותיו האישיות של הנאשם העומד בפני בית המשפט לדין. עם זאת, אינני יכול להתעלם מטענותיו רבות הטעם של ב\""כ הנאשמים ובמיוחד לשוני שבין ענינו של הנאשם 2 לנאשם 3. נ ראשית לענין הטענה בדבר כניסה לצורכי עבודה בלבד, אשר נראה לי כי טענת \""אחות\"" היא לטענה השלישית שהעלה הסניגור, ולפיה יש להתחשב בכל מקרה לגופו ולא לייחס לכל נאשם בעבירת שב\""ח יחוס בטחוני. אכן, צודק הסניגור עקרונית וענישה הינה אינדיבידואלית, אלא""",train
"בפתח הדברים אדגיש את המובן מאליו, כי הנאשם שבפני ידון על ידי רק על המסגרת שהותוותה בעובדות כתב האישום המתוקן בו הודה, היינו בעבירת קשירת הקשר לביצוע פשע, בהיותה העבירה המשמשת יסוד לכתב האישום נשוא ענייננו. עם זאת המדובר במישור הפורמלי ולא אוכל להתעלם מהמישור המעשי, לפיו משמשת העבירה כיסוד וכרקע לעבירה העיקרית הנוגעת לה, היא \הזמנת\"" הסחיטה באיומים על ידי הנאשם, על מנת להניא את המתלוננים לוותר על זכייתם במכרז לטובתו. עובדה זו, בה הודה הנאשם, שזורה בעובדות כתב האישום, לא ניתן להתעלם ממנה, ובדין הפנתה איפוא ב\""כ המדינה לפסיקה הנוגעת לעבירה זו. זאת ועוד, צודקת אף ב\""כ המאשימה בציינה, כי בענייננו אין המדובר בעבירת קשירת קשר שנותרה אך בחיתוליה, אלא בעבירה שהובילה באופן ישיר לביצועה של העבירה העיקרית וקידומה, מן הכח אל הפועל, בסידרת פעולות, החל מאיומים טלפוניים, דרך הצתת רכב המתלונן וכלה בזריקת רימון לחצר ביתו, שאך בנס לא התפוצץ וגרם לאסון כבד הרבה יותר. יתרה מכך, לא ניתן אף לומר שעם תום קשירת הקשר, משך ידו הנאשם מהמשך מעורבותו בנושא. אדרבא, משהתקשר עימו המתלונן, על רקע האיומים שקיבל, חיזק הנאשם בדבריו את הסיכון הנובע ו\""המליץ\"" למתלונן שלא להסתבך עם המאיימים, ולוותר על זכותו אותה קיבל כדין. לפיכך, הרשעתו הפורמלית של הנאשם בקשירת קשר בעינה עומדת, ואולם לצורך גזירת הדין, לא ניתן להתעלם מהיבטיה ההיקפים ומהעבירה המרכזית שהיתה ללא ספק תוצאה מסתברת וצפויה ממנה, בשליחותו של הנאשם ובעבורו. בתי המשפט השונים התייחסו רבות ובחומרה לעבירות מסוג זה, והתופעה למרבה הצער, לא נעלמה ברבות השנים. כבר בע\""פ 724/74 אברג'יל נ' מדינת ישראל, פ\""ד לב (1), 141, 144-145, המצוטט בין היתר בע\""פ 1725/07 מדינת ישראל""",train
"תשלום סכום כלשהוא במלואו ו/או במועדו מצד מי הנאשמים, יעמיד את כל יתרת הקנס שהושת עליו, לפרעון מיידי. הממונה על עבודות שרות מתבקש ליתן חוות דעתו בעניינם של הנאשמים והאפשרות לביצוע עבודות השירות כאמור לעיל. תשומת לב הממונה כי ניתן להשיג את הנאשמים כדלקמן: הנאשם 1: רח' צביה ויצחק 55 באר שבע, טלפון: 6235450-08. הנאשם 2: רח' חי חביב 20 באר שבע, טלפון: 6423461-08.נ מומלץ לנאשמים לפנות ישירות לממונה על עבודות השירות בשב\ס, מפקדת גוש דרום, ת.ד. 741 באר שבע. טל': 6290616-08. פקס: 6290636-08.ב מובהרת לנאשמים חשיבות שיתוף הפעולה עם הממונה על עבודות שירות. המזכירות תעביר עותק גזר הדין לממונה על עבודות שירות.ו""",train
"בן 57 שגילו היה בעת האירוע גדול פי שלושה מגילה של המתלוננת, בת 18, אשר עבדה אצלו שלושה ימים בלבד, דבר המהווה כמובן שיקול לחומרה לכשעצמו. משנֶה חומרה אני רואה בעניינו של הנאשם שבפני, אשר בהתאם להודעת שירות המבחן ולדבריו הוא, על אף הכרעת הדין, אינו מקבל עליו את האחריות וממשיך ומכחיש את המיוחס לו. בד בבד עם כל האמור לעיל, לא ניתן להתעלם מהעובדה, כי המדובר באירוע חד פעמי, שלא נמשך מעבר לאותו מועד. כמו כן ומבלי שתתפרש הקלת ראש חלילה בחומרת האירוע, הרי שהמעשה בו הורשע הנאשם, אינו מהרף העליון ביותר בתחום זה. עוד יש להתחשב בעובדה, כי המדובר בנאשם בן 57, נשוי ואב ל-4 בנות וסב לנכדים, חסר הרשעות קודמות רלוונטיות ואשר לא נטען כי אופיו, הינו של עבריין מין מועד. למען הסר ספק אדגיש, כי אינני זוקף לחובתו של הנאשם את ניהול משפטו ונסיונו להוכחת חפותו, המהווה ללא ספק זכות יסוד העומדת לו בכל עת. לאחר ששקלתי איפוא את האמור לעיל, ואת האיזונים שבין האירוע ומטרת ההליך מחד לבין נסיבותיו האישיות של הנאשם מאידך, הנני דן אותו כדלקמן: מאסר למשך 7 חדשים מתוכם 3 חדשים יהיו לריצוי בפועל והם ירוצו במסגרת עבודות שירות כמפורט בסעיף ב' להלן, והיתרה תהא על תנאי והתנאי הוא שלא יעבור משך שנתיים שנים מהיום, עבירה לפי סעיף 348 לחוק העונשין תשל\ז – 1977. ב. עבודות השירות יבוצעו במועצה הדתית באשקלון, בפיקוח הממונה על עבודות השירות ומר אלי מור יוסף. תחילת העבודות תהיה ביום 29.8.07 כששעות העבודה יהיו בימים א'-ה' מהשעה 08:00 עד השעה 15:00 . ככל שיהיה צורך בשינוי מקום ההשמה יוכל הממונה על עבודות השירות לעשות""",train
"בתי המשפט השונים פסקו לא אחת, כי עבירות הנידונות בתיקים שבפני, נחשבות כעבירות שחומרתן רבה ובמסגרת המלחמה בנגע הסמים והעובדה כי עבירות אלה טומנות בחובן תוצאות הרסניות תוך שפוגעות קשות בציבור מחייבות הן מדיניות ענישה מחמירה ומרתיעה. בנסיבות אלה, ובמיוחד על רקע חומרתה של העבירה – עבירת הסחר בסם, יש לתת עדיפות לשיקולים של הגנה על האינטרס הציבורי ומשקל מועט יותר לנסיבותיו האישיות של הנאשם העומד בפני בית המשפט לדין. הדברים מקבלים משנה משמעות גם בשל העובדה כי אין זה מפגשו הראשון של הנאשם עם בתי המשפט ואף תלויים ועומדים כנגדו שלושה מאסרים מותנים ברי הפעלה, אשר לא הצליחו, כך נראה, למנוע את הנאשם מהמשך מעורבות בפלילים. עתה, כך נראה למרבה הצער, יש להגיש שטרות אלה לפרעון. יתרה מכך, בית המשפט, על ידי עמיתי כב' סגן הנשיא השופט מגד, שקדם לטיפולי בתיק זה, נתן לנאשם הזדמנות לעלות על דרך הגמילה, בשחרורו בעבירת הסחר בסם להליך טיפולי. הנאשם לא השכיל לנצל את היד המושטת לעברו ויומיים קודם קביעת גזר דינו שצפוי היה ככל הנראה, אם היה מתמיד בדרכו, לשחררו להמשך טיפולי, עבר את העבירה החמורה הנוספת נשוא ענייננו. בנסיבות אלה, לא יכול הנאשם להלין, אלא אל עצמו בלבד. עיינתי בגזרי הדין אשר העבירה לידי ב\כ הנאשם. פ. (ב\""ש) 8128/05 המדובר היה בהחזקת סם מסוג חשיש וכדורי MDMA שלא לצריכה עצמית סם בכתב אישום אחד ובלא עבירת סחר. בתיק זה נדון הנאשם ל – 36 חדשי מאסר מתוכם 24 חדשים בפועל. בענייננו המדובר בהחזקת כמות גדולה של סם מסוג הרואין (18.7 ג'), עבירת סחר והחזקת סכין. בע\""פ 4158/05 המדובר בעבירת התפרצות והחזקת סם שלא לצריכה עצמית. עם זאת""",train
"כדי לעקר מתוכן את כל הנסיון למניעת התופעה וכל עבריין ינקוט בטענה כאמור, או בדומה לה, בלא יכולת שליטה. בימים אלו של \דם ואש\"" כדברי כב' השופט חשין, יש מקום לדרוש מאדם המסיע ברכבו או המלין בביתו זרים, כי יתהה על קנקנם קודם שיעשה כן, ושיקולי אינטרס הציבור ובטחונו, הם העומדים בראש סולם השיקולים. עם זאת, אינני יכול להתעלם מהנסיבות המיוחדות של הנאשם העומד בפני, טיפולו באמו ובאחייניו והעובדה כי המדובר בעבירה יחידה של הנאשם בתחום זה. כמו כן אזקוף לזכותו את הודייתו המיידית וחסכון מזמנו של בית המשפט ועובדת חרטתו בפני, חרטה שהתרשמתי אכן כי כנה היא. לא אתעלם גם מהעובדה כי המדובר בעבירה שבוצעה לפני למעלה משנתיים, דבר שיש לו משמעות הן על רקע העובדה שהעבירה בוצעה לפני קביעת רמת הענישה העדכנית והן לאור העובדה כי הנאשם אכן לא חזר על כך ולא נפתחו לו מאז כל תיקים שהם. ו על רקע כל המפורט- שיקולי הענישה וההרתעה הנדרשת מחד, ונסיבותיו האישיות של הנאשם מאידך, ועל רקע רמת הענישה כפי שגובשה בפסיקה, החלטתי של למצות עם הנאשם את הדין והנני דן אותו איפוא כדלקמן: מאסר למשך 9 חודשים, מתוכם יהיו 3 חדשים לריצוי בפועל והיתרה תהא על תנאי והתנאי הוא שלא יעבור בתוך 3 שנים מהיום עבירה לפי חוק הכניסה לישראל תשי\""ב - 1952 . נ קנס כספי בסך 2,000 ₪ או 20 ימי מאסר תמורתו. ניתנה היום א' ב אדר א, תשס\""ה (10 בפברואר 2005) במעמד הצדדים. אבקש עיכוב ביצוע על מנת לשקול הגשת ערעור.ו אני מתנגד לעיכוב הביצוע. ההלכה ידועה שהמדובר בעונש מאסר בפועל, שום דבר לא היה שונה בעניינו של הנאשם זה.""",train
"שלא יעבור בתוך 3 שנים מיום שחרורו, עבירה לפי סימן ה' לפרק י' לחוק העונשין תשל\ז- 1977. מפעיל את המאסר המותנה בן 12 החדשים התלוי ועומד כנגד הנאשם מת.פ.(ב\""ש) 1398/02 וכן את המאסר המותנה בן 6 חדשים התלוי ועומד כנגד הנאשם מת.פ. (י-ם) 4051/02. שני המאסרים המותנים ירוצו בחופף זה לזה ובמצטבר לעונש המאסר שהוטל בסעיף א' לעיל. למען הסר ספק, סך הכל ירצה הנאשם 48 חדשי מאסר בפועל שמנינם מיום מעצרו. תשומת לב רשויות השב\""ס להצהרתו של הנאשם בדבר רצונו לעבור הליך טיפולי בין כותלי בית הסוהר, לרבות חוות דעת הגורמים הטיפוליים בעניינו ובדיקת אפשרות להעתר לה באופן שעם שחרורו יוכל אולי לשוב לחיים נורמטיבים ולפתוח דף חדש בחייו. ניתנה היום כ' בכסלו, תשס\""ו (21 בדצמבר 2005) במעמד הצדדים.""",train
"לצערי נדמה, כי לא ניתן ללמוד יותר מהודעת שירות המבחן שפורטה לעיל, כדי לבסס את דברי ב\כ הנאשם, באשר לכשל הרב מערכתי, בטיפול בעניינו של הנאשם. חוסר התיאום שבין הגורמים השונים, חוסר המוטיבציה לעשות מאמץ משמעותי יותר, אולי אף שלא ב\""משבצות\"" הרגילות והמוכרות, הן מצד הגורמים הטיפולים והן מרשויות השב\""ס, ומעיון בתיק נדמה לי לכאורה, גם מהמחלוקת שנפלה בין הגורמים הרפואיים, מלמד, כך מסתבר לכאורה, על אוזלת ידן המצערת של כל המערכות הטיפוליות וגורמי הרווחה, במקרה שאולי חריג הוא למקרים המקובלים ובשל כך, לא מטופלת הבעיה באופן המתאים לטיפול בה. כפי שציינה אף עמיתתי כב' השופטת נצר בעת טיפולה בהליכי המעצר של הנאשם שבפני, קשה לראות נאשם אשר בא ויוצא בשערי בית המשפט מזה קרוב ל-25 שנה, בהסתבכויותיו דומות זו לזו, ושבתיקו הרפואי נצברו חוות דעת המעידות לפחות על קיומה של בעיה המצריכה טיפול שונה ונראה שלא נעשה די בעניין. מעיון בכלל תיקיו של הנאשם שהובאו בפני, וכן בהחלטות עמיתי השופטים טהר לב ונצר, בהליכים אחרים שבאו לפניהם בעניינו של הנאשם ואשר הוצגו בפני, ניכרת אי הנוחות, לה שותף גם אני, בגזירת דינו של הנאשם ושליחתו אל מאחורי סורג ובריח. הרחקת עבריין והגנה על החברה, הינה אך אחת מתכליות הענישה, ובענייננו נדמה לי בכל הכבוד הראוי ובלא שאקבע כמובן כל ממצא עובדתי שהוא, כי הדרך המשפטית, בהגשת כתב האישום כנגד הנאשם, אשר היתה צריכה, במצב הדברים המיוחד המתואר, להיות המוצא האחרון, הפכה להיות הדרך הקלה, בה נוקטות הרשויות כ\""ברירת מחדל\"" ראשונה בתיק זה. נ ער אני למצוקות התקציביות ולמוגבלויות כח האדם והאחרות שבפני הגורמים השונים, ואף אין בדעתי לנקות לחלוטין את הנאשם מאחריות למצבו, ואולם אין""",train
"חיובי ביותר ובעיקר תשומת הלב היתה לשוויון ואחידות ענישה על רקע עמדת המדינה ביחס למעורב אחר מאותו אירוע. בפ' (חי) 12181-10-09 מדינת ישראל נ' מרואן סליבא (14.4.10 – לא פורסם), המדובר היה בנאשם נורמטיבי שזו לו הסתבכות ראשונה, בעל פעילות קהילתית ענפה, ביצוע העבירה היה מתוך סערת רגשות על רקע אלימות אביו של הנאשם כלפי אמו ונסיון להרתיעו מכך, התקבל תסקיר חיובי של שירות המבחן ושהות ארוכה יחסית במעצר. בפ' (ב\ש) 8174/03 מדינת ישראל נ' אבו עג'ג' יוסף (8.10.03 – לא פורסם) המדובר היה בתחמושת בלבד (50 כדורי אקדח ושתי מחסניות ללא הנשק עצמו), בהסדר טיעון כלפי נאשם שלכשעצמו היה בעל תרומה חשובה לבטחון המדינה ובכל זאת הושת מאסר בפועל. גם בגזר הדין בתפ\""ח (ב\""ש) 1010/07 מדינת ישראל נ' דרומי שי (20.10.09 – לא פורסם) אליו הפנוני ב\""כ הנאשמים, המדובר היה בהסדר טיעון לעונש מוסכם על שני הצדדים, בנסיבות מיוחדות באותו תיק (כמצויין בגזה\""ד), ועל כן, גם ממנו לא אוכל לגזור גזירה שווה. תסקיר שרות המבחן שהוגש בעניינם של הנאשמים, לא בא כאמור בהמלצה טיפולית כלשהיא. כנגד שיקולים אלה, אכן עומדת לזכותם של הנאשמים עובדת הודאתם המהירה בביצוע המיוחס להם, תוך חסכון בזמן שיפוטי. כן התרשמתי שהמדובר בנאשמים שאינם מנהלים ככלל אורח חיים עברייני. לא אוכל להתעלם גם ממצבם המשפחתי, לפיו נשואים הם ובעלי משפחה, הנאשם 1 בן 34 אב ל- 8 ילדים (בגילאי 13 שנים – חודש וחצי) והנאשם 2 בן 31 אב ל-5 ילדים (בגילאי 1-9). גליון הרשעותיהם אינו מכביד והעבירות בו אינן מהתקופה האחרונה. באשר לרקע הסכסוך הבעתי עמדתי כבר קודם, ואולם אניח לזכותם כי אכן ביצעו את המיוחס להם מתוך מצוקה וחשש""",train
"של שירות המבחן. לכל האמור, ראוי להזכיר גם, את פסיקתם של בתי המשפט השונים, לפיה חייבת לבוא כנגד עבירות מהסוג הנדון ובמסגרת המלחמה בנגע הסמים, תגובה ממשית ומרתיעה, במיוחד שהמדובר בסחר בסם. הפצת הסם הפכה נגע ממאיר שפשט בחברתנו לממדים עצומים אשר הורס כל חלקה טובה, לרבות בקרב ילדים ובני נוער ובית המשפט חייב להוציא תחת ידו מסר ברור, לפיו יענשו כל התורמים להפצת הסם במלוא חומרת הדין. עבירות אלה טומנות בחובן תוצאות הרסניות, פוגעות קשות בציבור ועל-כן, מחייבות מדיניות ענישה מחמירה ומרתיעה. נ בנסיבות אלה, ועל רקע חומרתה של העבירה (הכפולה) של הסחר בסם, צודק ב\כ המאשימה בדבריו, כי יש לתת עדיפות לשיקולים של הגנה על האינטרס הציבורי ומשקל מועט יותר לנסיבותיו האישיות של הנאשם, העומד בפני בית המשפט לדין. ב מאידך, אינני יכול להתעלם מנסיבותיו המקלות של הנאשם, בעיקר נסיבות חייו הקשות, ואף גילו הצעיר. כן לא ניתן להתעלם מהעובדה כי הנאשם מצוי כבר במעצר ממש מזה כשמונה חדשים. על רקע האמור החלטתי שלא למצות את הדין עם הנאשם, תוך שאני מקווה, כי הנאשם ישכיל ביתרת תקופת המאסר שנפסקה לו, לערוך חשבון נפש מחודש, שיביא להכרה כי הוא חייב, לטובתו האישית, לשנס מותניו ולעשות מאמץ כן ורציני, להתחיל בדרך חדשה ונורמטיבית בחייו, תוך התמודדות אמיתית עם מצבו ובראשה הפסקת כל מעורבות בסם. מומלץ לשלטונות השב\""ס, לבדוק באמצעות הגורמים הטיפוליים אצלם, אם אכן ניתן להפנות את הנאשם למסגרת גמילה בתחומי בית הסוהר, ואם אכן כך הוא, לנסות ולשלבו בה, על מנת לאפשר לו בכל זאת יציאה לדרך חדשה, עם שחרורו. לאור כל האמור, אני דן את הנאשם כדלקמן: מאסר למשך 28 חודשים, מתוכם 18 חדשים""",train
"כפי שציינתי בגזר דינם של מעורבים אחרים בפרשה, שקלול עובדות כתב האישום עם התיעוד הרפואי, תמונות הפציעה וסרט האירוע, מלמד על אירוע אלימות חמור, שסופו פציעות קשות, ושאך בנס לא הסתיים באופן חמור הרבה יותר. יחד עם זאת, חומרתו היתרה של האירוע, אינה נוגעת ישירות לנאשם זה אלא למעורבים אחרים (בעיקר נאשם 1 ונאשם 5 שעשו שימוש בנשק קר), ואין להתעלם מכך, כי מעורבותו של הנאשם 3, מבלי להקל בה ראש, הייתה מעורבות מופחתת בו. נאשם זה, שלא אחז בידו סכין ולא מיוחסת לו כל דקירה, הגיע גם בשלב מאוחר יחסית לאירוע, משהוזעק לעזרה ולאחר שכבר נדקר אחד הנאשמים האחרים. עם זאת, לא ניתן לקבל את טענת הסנגור לפיה עניינו קרוב ביותר לעניינו של הנאשם 4. אין זה נכון שהנאשם 3 \הסתפק\"" בזריקת כסא בלבד, אלא, כמצוין בסעיף 8 לכתב האישום המתוקן, תקף את נאשם 5 והמשיך להכותו ביחד עם הנאשמים 1 ו – 4 כשהוא שוכב על הקרקע. אינני יודע מה עברו של הנאשם 4, אם בכלל, שכן טרם נשמעו הטיעונים לעונש בעניינו, ואולם אין להתעלם מהעובדה כי לנאשם שבפנינו עבר פלילי מאותו סוג – דקירה בסכין בעטיה ריצה 13 חדשי מאסר, וכן רשומה בעניינו עבירה נוספת (מירמה בנסיבות מחמירות) שאף בעטיה ריצה עונש מאסר בעבודות שירות. באשר לבחינת אי ההרשעה הנוגעת לנאשם 4 יצוין למען הסדר הטוב, כי המדינה לא הסכימה לכך ואף הודיעה מפורשות כי תעמוד על הרשעתו. לצערי, התגברה תופעת האלימות לכדי מכת מדינה של ממש והפכה שכיחה באופן המעורר דאגה ממשית לשלום הציבור, שלמות גופו, חייו ובטחונו. הקלות הבלתי נסבלת בה ננקטת אלימות ושימוש בהם כפתרון לסכסוך בין צדדים, והזלזול הבוטה""",train
"תנאי לתקופה של ששה חודשים. בית המשפט העליון הבהיר בנסיבות הדחייה, כי \לא למותר להוסיף כי המעשה שבו הורשע המבקש הוא חמור הואיל וכרוכה בו סכנה לבטחון הציבור.\"" ברע\""פ 3405/04 דוד פרץ נ' מדינת ישראל, תק-על 2004(2), 84, הורשע הנאשם בהעסקה שלא כדין של 2 פועלים, ונדון ל-3 חודשי מאסר בפועל. נסיבות דומות מאוד הופיעו ברע\""פ 2191/04 מאג'ד חביש נ' מדינת ישראל, תק-על 2004(1), 3417, במקרים אלו, לא ראה לנכון בית המשפט העליון להתערב ברמת הענישה. אף ברע\""פ 10314/03 מוחמד גאלולי נ' מדינת ישראל, תק-על 2003(4), 197 , הורשע הנאשם בעבירת הסעה שלא כדין, בבית משפט השלום, ונגזרו עליו מאסר על תנאי, קנס והתחייבות, והכל בשל נסיבות מקלות כגון העדר עבר פלילי, גילו הצעיר של הנאשם ונטל פרנסת המשפחה. גזר דין זה שונה במסגרת ערעור בבית המשפט המחוזי, והושת על הנאשם עונש מאסר בפועל למשך 4 חודשים. בית המשפט העליון, ראה לנכון לדחות את הערעור בערכאה השלישית, והוסיף – היריעה קצרה מלהכיל את מגוון פסקי הדין השונים שניתנו בגין עבירות על חוק הכניסה, וראוי לציון לענין זה אף פסק דין שניתן לאחרונה בבית המשפט המחוזי בבאר שבע, ע\""י כב' הנשיא פלפל, ובהסכמת חבריו להרכב, כב' השופטים הנדל וכץ, הסוקר באופן נרחב את מדיניות הענישה בנושא השהיה הבלתי חוקית (ע\""פ (ב\""ש) 7437/04 מדינת ישראל נ' גטאס מחמד ואח' מיום 14.11.04 וטרם פורסם). נראה לי איפוא, כי אכן הכלל שנקבע בפרשת ח'טיב, רלוונטי אף היום ולא נגרע ממנו עם השנים. לא למותר לציין, כי הפסיקה אליה הפנתה ב\""כ הנאשם, פסיקה שונה מבתי משפט שלום שונים, אינה מחייבת ואף איננה מנחה, זאת בניגוד לאזכורים לעיל.ב בצד המקום הניתן לנסיבות""",train
"מעבר לעובדת נפיצותן של עבירות הרכוש והאלימות שפוקדות את החברה בישראל בעת האחרונה, ובכללן עבירות השוד לרבות נסיון לעבור עבירות אלה, ופגיעתן בשלוות חיי האזרחים מן השורה וברכושם, הרי שהמדובר בענייננו גם בעבירה שתכליתה רווח קל, הגורמת לתחושה קשה של חוסר בטחון אישי ונזקים כלכלים משמעותיים, כמו גם סיכון לפגיעה בגופם של קרבנות העבירה, כפי שאכן היה בענייננו. בנסיבות אלה, צודקת ב\כ המדינה בעתירתה לענישה חמורה, להרתעת עבריינים מסוג זה והגנה על הציבור מפניהם. נדמה שאין צורך לשוב ולפרט את החומרה היתרה העולה ממעשי הנאשם, והמפורט לעיל, הן בדברי הצדדים והן בחוו\""ד שירות המבחן מדבר בעד עצמו. בענייננו, הנאשם פרץ לבית המתלונן כשהוא \""מוכוון מטרה\"" לגניבת כספת הבית ולטובת תכליתו זו, לא בחל בתקיפתו האלימה שבוצעה בצוותא עם חברו כנגד המתלונן , שכל חטאו היה כי נכנס לביתו ועלה לקומה השלישית, בדיוק בזמן בו שהה בו הנאשם לצורך ביצוע עבירת הגניבה שבעטיה פרץ לבית. אינני מקבל איפוא את טענת הנאשם, לפיה \""התגלגל\"" האירוע שלא ברצונו וכי לא היתה כוונתו מלכתחילה לבצע שוד , ונראה לי, כי עבירת השוד, הינה פועל יוצא ומסתבר של העבירה המקורית אותה תכנן הנאשם, שאכן לא נמנע מביצועה בפועל. עיון בגליון הרשעותיו של הנאשם מעלה, כי המדובר אכן בנאשם שמסוכנותו הציבורית רבה וכי על אף גילו הצעיר יחסית, הצליח לצבור עבר מכביד הכולל 3 הרשעות ובהן 10 אישומים שונים בעבירות רכוש, סמים, שב\""ח, הפרת הוראה חוקית ואלימות, ובעטיי ן ריצה אף שתי תקופות מאסר לא מבוטלות האחת בת 24 חדשים והשניה בת 12 חדשים, ממנה שוחרר זמן לא רב יחסית קודם ביצוע העבירה נשוא ענייננו. כן תלוי ועומד כנגדו מאסר מותנה בר""",train
"ר.נ. ו/או נהיגה בפסילה ו/או כל עבירת פשע שכרוכה בשימוש ברכב. פיצוי כספי למתלונן מר איתמר סיאני בין הנזק שנגרם לרכבו בסך 15,000 ₪. הפיצוי ישולם ב – 15 תשלומים חודשיים שווים ורצופים החל מיום 1.3.2012. אי תשלום סכום כלשהו במלואו ו/או במועדו, יעמיד את כל יתרת הסכום לפירעון מיידי. קנס כספי בסך 2,000 ₪ או 20 ימי מאסר תמורתו. תשומת לב הנאשם להוראות סעיף 77 (ג) לחוק העונשין, לפיו כל תשלום נזקף ראשית לזכות הפיצוי ורק אח\כ לזכות הקנס.""",train
"גם ספק, כי בתחילה לא היה לנאשם כל סם להציע להן. לאחר מספר מגעים ביניהם, בוצעה בסופו של דבר עסקת הסם בין הצדדים. מעיון בחומר הראיות שהוצג, לא ניתן לדעתי לגבש דעה חד משמעית, אם היתה בענין זה הדחה, אם לאו, ואולם נראה כי יש רגליים לסברה זו. כמובן שספק, פועל אף הוא לטובת הנאשם. אכן כאמור, נוצר הקשר ע\י הסוכנות שביקשו את הנאשם מספר פעמים להביא להן סם, ואולם, יחד עם זאת, הבטיח הנאשם כבר בשלב מוקדם יחסית של המגעים לעשות כן, תוך שהסוכנות המשיכו להמריצו לכך. הנאשם מצידו מסביר אמנם, כי היה לו עניין אישי להכיר את הסוכנות והבטחותיו באו על רקע זה, גירסה שלא ניתנת עקרונית לשלילה, ואולם, העובדה היא שבסופו של דבר בוצעה העיסקה ואף נתקבל כסף מזומן בגינה, מעלה לכשעצמה סימן שאלה מסויים לגבי כוונותיו האמיתיות. בהערת אגב אציין, כי אני מסופק גם בהערת התובע, בדבר רצונו של הנאשם להביא 3 קילוגרם סם, כעולה לטענתו מתמליל השיחות. מעיון בתמליל (מ/1 ב' מיום 9.6.04 עמ' 4) נראה לי, כי לעניין זה היתה ככל הנראה אי הבנה בין הצדדים, בו ביקשה הסוכנת \""שלוש\"", הנאשם שאל אותה לכוונתה: \""קילו?\"" ואז ענתה לו את שענתה. לא ניתן לדעתי להסיק מכך, שביקש לספק שלושה ק\""ג סם, או שהיתה בכלל ברשותו כמות כזו. מכל מקום, ברור כי הסוכנת חזרה והמריצה את הנאשם לספק את הסם, כשבתחילת המגעים ביניהם, מתרשם אף המפעיל המשטרתי, שהנאשם אינו מעוניין להשיג ואין לו סם, ואולי יוכל להשיג בעתיד (ר' דו\""ח פעולה מ/3 מיום 8.6.04). יוזכר כי אין מחלוקת בין הצדדים שהנאשם לא היה יעד במבצע ולא היה בידי המשטרה כל מידע לגביו""",train
"אישור שתוקפו מוגבל בזמן, כי אז לא יפקע תוקף הצוים בעקבות כך, אך אלה יושעו במהלך התקופה שבהיתר או באישור שכאמור. ה. מובהר בזאת לנאשם כי אם עד ליום 16.4.08, לא יהיה בידו היתר לבניה נשוא כתב האישום, ולא תינתן לו ארכה נוספת להשגת היתר כאמור, ו/או לא יופסק השימוש עד יום 30.11.07 ולא תנתן לו ארכה נוספת, הרי שאם לא תבוצע ההריסה ו/או לא יופסק השימוש, הוא עלול להיות מואשם בעבירה נוספת של אי קיום צו שיפוטי, כי ההתחייבות עליה נדרש לחתום כוללת עבירה זו וכי העונש שעשוי להיות מוטל עליו בגין עבירה זו, יתווסף לעונש שהוטל עליו לעיל. ו. בנסיבות העניין לא מצאתי לנכון להטיל על הנאשם עונש מאסר בפועל כעתירת המאשימה. ניתנה היום ד' בחשון, תשס\ח (16 באוקטובר 2007) במעמד הצדדים. אבקש לפצל את התשלומים למספר רב יותר. כמו כן אבקש עיכוב ביצוע, זאת לצורך שקילת הגשת ערעור. באשר לצווים שכניסתם לתוקף מאוחרת– אין מקום לעיכוב ביצוע. 54678313באשר לתשלום קנס הרי ההלכה הפסוקה קובעת שאין מקום לעיכוב תשלום קנסות ולכן יש לדחות בקשה זו.""",train
"הסביבה ע\ר ואח' נ' המועצה הארצית לתכנון ולבניה ואח', פ\""ד נ' (3), 441, בס' 21 לפסה\""ד). מסכים אני איפוא, עם ב\""כ המאשימה לעניין הצורך בענישה חמורה ומשמעותית, כזו שתביע את הגינוי החברתי כמו גם את הפן הכלכלי המובהק של עבירות מהסוג שלפנינו. בד בבד עם האמור לעיל, אין ביכולתי להתעלם ממכלול הנסיבות האישיות של הנאשם: ראשית, מאמציו להכשיר את העבירה, תוך קבלת היתרי בניה ושימוש חורג למבנים נושא תיק זה. לא ניתן להתעלם מהעובדה כי הנאשם הגיש עוד בשנת 1998 את בקשותיו ולפי האינפורמציה שנמסרה על ידי בא כוחו, לפחות מזה 5 שנים, משנת 2002, מצוי הנושא בטיפול הרשויות, שאינו קשור בהכרח בנאשם. כמובן אין בכך כדי להכשיר את זכותו של הנאשם להמשיך ולעשות שימוש שלא כדין, ואולם, יש כמובן להתנהלות הרשויות בעניין זה משום נסיבה מקילה לעניינו של הנאשם. שנית, העובדה כי נתקבל היתר בשנת 2005 לחלק מהמבנים נשוא תיק זה, אף היא עומדת לזכותו של הנאשם ושלישית, העובדה כי אכן הרס מבנים שלא נכללו בבקשתו – גם היא תעמוד לימינו. הואיל והצדדים לא מצאו לנכון להניח בפני אינפורמציה כלשהיא או ראיות בדבר נסיבות אישיות כלשהן של הנאשם, אני מניח כי בעניין זה לא היה להם מה להוסיף. לצערי לא מצאו הצדדים אף לנכון להביא מידע כלשהוא בדבר הרווח אותו הפיק הנאשם במהלך השנים מביצוע העבירה, זולת הטענה הכללית שהועלתה בעניין זה. מאידך, לא אוכל לקבל את הטענה, בדבר הצורך בפרנסה מיידית של הנאשם ו\""בגידה\"", כהגדרת הסניגור, מחוסר ברירה של הנאשם בייעודו החקלאי ומעבר לעסקים, תוך שלא היה ברצונו להרויח כספים טובים יותר. אכן טענה שנונה היא, אך אין בידי לקבלה, שאם אעשה כן, מה""",train
"רב ומיותר של משאבים ציבוריים מלמד על הצורך בענישה חמורה, כזו שתשדר את המסר, לפיו לא ניתן לזלזל בהליכי בית משפט ומכל מקום, אי הגעה לדיונים, לא תקל בנסיבות אלה בעונש. לעניין זה צודק ב\כ המאשימה בהביאו כדוגמא את ע\""פ 7826/98 דורפמן ואח' נ' מדינת ישראל ולפיו, לא נתקבלה הטענה בדבר התארכות ההליכים כגורם המצדיק הקלה בדין. ר' לעניין זה גם דברי כב' הנשיא פלפל בע\""פ (ב\""ש) 7255/05 אברמוב דניאל נ' מדינת ישראל (טרם פורסם מיום 30.11.05). ומעל לכל האמור, עצם העובדה כי עד היום לא מצא לנכון הנאשם להסדיר חובותיו ולהסיר את המכשול, ודאי עומדת לו לרועץ. בד בבד עם כל האמור, אינני יכול לאמץ את עמדת ב\""כ המדינה במלואה לענין היקף הענישה הנדרשת. אינני סבור כי ניתן להתעלם ממצבו האישי הקשה של הנאשם ושיש ליתן משקל לנסיבות אלה תוך ענישה אינדיבידואלית. מעדותו של הנאשם בפני, קל היה להתרשם, כי המדובר באדם שאכן עבר טלטלה בחייו. אופן הילוכו ודיבורו וכן הדברים שמסר, מלמדים על אדם שמצבו הבריאותי והכלכלי קשים. גם גליון הר.פ. אותו הציג לי ב\""כ המאשימה, לא יעמוד לחובתו של הנאשם באשר איננו רלוונטי לעבירות נשוא הנדון, מה עוד שגם אלה מתקופה רחוקה ולא נטען כי מאז בוצעו עבירות חדשות. גם פסקי הדין אותם הציג לי ב\""כ המדינה, לצורך בסיס השוואה לעונש הראוי, אינם תורמים לדעתי תרומה של ממש לדיוננו. בע\""פ (ת\""א) 412/91 חליל מוחמד קאסם נ' מדינת ישראל (לא פורסם מיום 23.12.91), המדובר היה בשורה ארוכה של עבירות שהתמשכו על פני שנים אחדות. באותו עניין ניתן משקל מיוחד לרכישת חשבונית פיקטיבית, בעסקאות שלא בוצעו בפועל ובסכום ניכר. בע\""פ (ב\""ש) 7255/05 הנ\""ל, המדובר היה""",train
"בתי המשפט הביעו לא אחת את דעתם בדבר חומרתן של עבירות הסחיטה בכח וסחיטה באיומים, המגיעות לפתחם של בתי המשפט חדשות לבקרים, והלובשות צורות שונות. חלקן קשות וחלקן ברמה נמוכה יותר. הצד השווה שבהן כפי שציין חברי כב' השופט (כתוארו אז) י' אלון בת.פ. (מח' ב\ש) 8083/06 מדינת ישראל נ' מועטצם סעיד (מיום 10.1.2007) הוא \""התנהלות קשה, מטרידה ומאיימת ביותר על יסודות הסדר החברתי, על עקרונות משטר החוק ועל שלוותם של בני הציבור ועצם יכולתם לנהל את חייהם מבלי מפריע ומבלי פוגע ומבלי איומים...\"" ובהתאם - \""חברה השואפת לקיום אזרחי מינימלי ולתרבות אלמנטרית של חיי חוק וסדר, לא יכולה להרשות לעצמה להשלים עם מצב דברים שכזה\"". הרצון להשיג את התוצאה המבוקשת, על דרך עשיית דין עצמית, תוך הטלת אימה על המתלונן, שלא קשה לתאר את תחושותיו והפעולות שננקטו על ידו כמפורט לעיל, מלמדות על מעשה המצוי במדרג לא נמוך גם בספקטרום עבירות הסחיטה, והחמור ממעשי הסחיטה \""השגרתיים יותר\"" הבאים בד\""כ בפני בית המשפט, זאת נוכח העובדה, כי לא היה מדובר רק באיומי סחיטה, אלא אף במעבר למימוש והשלמת רצינות הסחיטה בפועל, דרך התקיפה החבלנית, הסחיטה והאיום שהופעלו כנגד המתלונן. אציין כי בעניין זה, אינני סבור כי יש לתת משקל ממשי למניע שעמד מאחורי האירוע, אם כי מסכים אני שאין לגזור גזירה שווה בין עבירות הסחיטה הקלאסיות שעניינן בצע כסף, פרוטקשן וכדומה, לבין ענייננו שנועד להשיב את הגזילה שנגזלה אמו של הנאשם 3 לידיה. אין צורך להזכיר כי תכלית הענישה בעבירות מסוג זה, הינה הגנה על המתלוננים אשר חולשתם מנוצלת על ידי העבריינים, להשגת מטרתם, תוך איום על ביטחונם, שלומם והטלת אימה עליהם, דברים שבאו לידי ביטוי""",train
"עם הטענה כי המדובר במוות מיותר שניתן היה למנעו בקלות, לו היתה ננקטת אך מידה סבירה של זהירות והן עם הטענה כי אין המדובר במקרה שכיח של תאונת דרכים או ברשלנות רגעית שהובילה לתוצאה הקטלנית, אלא רצף אירועים עבריינים, שתחילתו בנשיאת רכוש חשוד כגנוב וסופו במותו של המנוח. באשר לתוצאה השנגרמה נראה כי אין צורך לפרט – התוצאה הקשה ביותר שניתן לצפות. סקירת הפסיקה המתייחסת לתאונה קטלנית שנגרמה כתוצאה מרשלנות, מצביעה על קשת ענישה שבין 6 חדשי מאסר מומרים בעבודות שירות, לבין מאסר ממושך של מספר שנים, לריצוי בפועל ממש. עם זאת סקירת הפסיקה הרלבנטית לתאונות דרכים מעלה, כי הרוב המספרי של המקרים מצוי דווקא בקבוצת \הקצה\"", בה נפסק העונש הקל של 6 חודשי מאסר לריצוי בעבודות שירות, תמונה שאינה משתנה באופן ממשי, גם אם מספר קורבנות התאונה עולה על אחד (גם לעניין זה ר' פירוט סקירת הפסיקה בפרשת קלגסבלד הנ\""ל). במקרה שלפנינו, יש להחשיב לחומרה את רמת הרשלנות ונסיבות התאונה וכמובן את תוצאתה הקשה והקטלנית. יש גם טעם בדברי ב\""כ המדינה לפיה אין המדובר ברשלנות רגעית של אי שימת לב בהרף עין, אלא ברשלנות נמשכת. מאידך, לא ניתן להתעלם מהטיעון הנכון שהציג הסניגור בדבר הרשלנות התורמת שיש למנוח בקרות האירוע. כן לא ניתן להתעלם מהודייתו של הנאשם וחסכון מזמן שיפוטי, ואני מוכן להחשיב זאת לזכותו גם כנטילת אחריות על האירוע. אף העובדה שהמנוח היה בן משפחתו שהיה קרוב לו, והמגע היומיומי הלא קל שיש לנאשם עם משפחתו של המנוח תחשב לזכותו. לא אתעלם גם ממשך הזמן בו שהה הנאשם במעצר בית ובתנאי שחרור מגבילים ולבסוף, לא אתעלם מהמלצת שירות המבחן בדבר העונש המומלץ, כמו גם""",train
"קל והחסכים הרבים שאפיינו את התפתחותו. באשר לעבירות עצמן אזקוף לזכות הנאשם את העובדה שיוזמת עיסקות הנשק לא רק שלא היתה מצידו, אלא שלא יצאו הן בסופו של דבר אל הפועל, כמו גם עבירות הסיוע להתפרצות, אשר לא הבשילו לכדי נזק ממשי. באשר לרקע ביצוע העבירות, אניח לזכותו כי אכן ביצע את המיוחס לו מתוך חוסר מחשבה מעמיקה שנבעה ממצוקה כלכלית, אם כי אין כמובן בעניין זה כדי להקל בחומרת העניין. לזכותו תיזקף גם חרטתו כפי שהובעה בפני, וכמובן העובדה כי זהו מאסרו הראשון. לאור כל האמור ולאחר ששקלתי את מכלול השיקולים כמפורט לעיל הנני דן את הנאשם כדלקמן: מאסר למשך 42 חדשים שמניינם מיום מעצרו (10.8.11). 12 חדשי מאסר על תנאי, שלא יעבור משך 3 שנים מיום שחרורו ממאסר, עבירה מסוג פשע.",train
"1973 ו/או עבירה לפי חוק איסור הלבנת הון התש\ס – 2000, משך 3 שנים מיום שחרורו, למעט עבירה לפי ס' 10 לחוק הנ\""ל, בגינה ו/או בגין עבירה שלא מסוג פשע עפ\""י פק' הסמים המסוכנים, תעמוד תקופת התנאי על 6 חדשים למשך 3 שנים כאמור. מתקופת המאסר בפועל שהושתה לעיל, יופחתו 8 ימים נוספים בהם שהה הנאשם במעצר 14.10.07-21.10.07). קנס כספי בסך 35,000 ₪ לכל אחת מנאשמות אלה. כמפורט לעיל, לא אוכל להורות על חילוט הסכומים שנתפסו, והמדינה רשאית כמובן, ככל שתמצא לנכון לעשות כן, לנקוט בהליכים חליפיים בעניין זה, בתחומים משיקים אזרחיים, לרבות להבטחת תשלום הקנס שהושת לעיל.""",train
"שקלול עובדות כתב האישום עם התיעוד הרפואי שהוגש במהלך הדיון (ת/6 ו- ת/7), תמונות הפציעה (ת/9) וסרט האירוע כפי שצולם על ידי מצלמות המקום (ת/12), מלמדות על אירוע אלימות חמור, שסופו פציעות לא מבוטלות, ושאך בנס לא הסתיים באופן חמור הרבה יותר, נוכח התקיפות שבהם עשו הנאשמים 1 ו – 5 שימוש בנשק קר. אכן, כפי שבא לידי ביטוי בעתירת המאשימה לעונש, שני מעורבים אלה, הינם \מעורבי המפתח\"" באירוע. עיון בהרשעתו הקודמת של הנאשם 1 אכן מלמד, כי בעברו עבירה זהה (פ' מח' ב\""ש 8043/03) לפיו דקר הוא אחר, באמצעות סכין, דקירה עמוקה בחזהו וגרם נזק לריאתו. בגין אירוע זה נדון ל – 12 חדשי מאסר, זאת בהתחשב כי המדובר היה בנאשם בן 18.5 ללא הרשעות קודמות, גז\""ד שאושר בבית המשפט העליון (ע\""פ 2321/04). לא אוכל לקבל את הטענה לפיה הפך הנאשם 1 מקורבן לאדם שמגן על עצמו, וכי הסכין בה עשה שימוש מצויה במקום כחלק מעבודתו. צפייה בסרטי האירוע מלמדת, כי הנאשם יכול היה להימנע מהאירוע וודאי להימנע מהסלמתו, עת חזר לעמדת המוכר, נטל סכין וחזר למקום בו שהו האחרים, תוך ריצה לעברם עם הסכין בידו. מצב דברים זה מלמד על כך, כי הנאשם לא זו בלבד שלא מנע את התקיפה אלא גרם בפירוש להסלמתה, והטענה בדבר היות מעשיו תגובה בלבד למעשי החבורה האחרת, אין לה יסוד בהיותה תגובה חסרת פרופורציה בעליל. כך גם באשר לנאשם 5. חומרת מעשיו אינה יכולה להיות מוטלת בספק, אם כי אכן נראה מעובדות כתב האישום, כי האירוע אכן לא החל על ידי נאשם זה דווקא והוא אכן הותקף קשות במהלך האירוע, כשבהמשך– דקר הוא את הנאשם 1 בחלקי גוף""",train
"כפי שאף ציינתי בגזר דיני בפ' 3428/04 הנ\ל, אכן צודק ב\""כ הנאשם באומרו, כי השקפתי העקרונית הינה שגמילתו של נרקומן מסמים מהווה אינטרס ציבורי בעל ערך רב. במובן זה, אני מסכים בדרך כלל לבחון אפיק טיפולי, בבחינת אינטרס הציבור לשיקום עבריינים ושילובם בחברה באופן נורמטיבי. עם זאת כל מקרה נבחן לנסיבותיו ואין באמור משום הבעת עמדה מחייבת לכל ענין באשר הוא. אין צורך גם לומר, כי הושטת יד לעבריין המגלה רצון אמיתי להגמל ולהתנתק מעולם הפשע, הוא ערך חשוב ומסר התואם לאינטרס החברה כולה. נאשם כזה ראוי לזכות ללא ספק לכל עזרה אפשרית. זו עמדתי בדרך כלל ואני נוטה לאפשר נסיון טיפולי, תוך שחרור בתנאים של נאשם לרבות דחייה מעת לעת של הדיון בעניינו, לצורך כך. גם בעניין נשוא הנדון, צר לי על נאשם זה, אשר נאלץ להתמודד בחייו הקצרים עם חוויות קשות כמפורט בתסקיר שירות המבחן, ותוך שמצא את מפלטו בין היתר בשימוש בסמים. אלא, שיחד עם זאת, איני יכול להתעלם מהצורך שבהגנה על הציבור מפני חומרת מעשיו של הנאשם, אשר בשלב זה לפחות, ספק רב עולה מיכולתו, מוכנותו ובשלותו לעבור הליך גמילה. לו הייתי מתרשם כי הנאשם בשל להליך זה, הייתי שוקל בחיוב העדפתה של דרך זו, שבסופו של דבר, יצא לא רק הוא נשכר ממנה, אלא כאמור האינטרס הציבורי בכללותו. מסתבר כאמור כי משך שנתיים ימים מאז שוחרר הנאשם ממאסרו, לא עשה כל מאמץ להשתלב בהליך גמילה כלשהוא. במסלולי טיפול ראוי לעשות שימוש במקרים בהם משתכנע ביהמ\""ש כי אכן הנאשם נמצא במסלול ליציאה מעולם העבריינות. במקרה שבפני לא שוכנעתי לצערי הרב, כי אכן זה המצב ועל כן אינני סבור שזה המקום לאמץ המלצתו""",train
"ענישה הנעה בין 17 חדשי מאסר לבין 9 שנים– תיק תיק ונסיבותיו, שחלקם אינם תואמים לנסיבות ענייננו, ואולם המשותף לכל פסקי הדין, לרבות אלה שהובאו על ידי הסנגוריה, היא החומרה שבה ראו בתי המשפט מעשים מסוג זה ובהתאם השתת מאסר בפועל ולתקופות שאינן מבוטלות. תסקיר שרות המבחן שהוגש בעניינו של הנאשם, לא בא כאמור בהמלצה טיפולית כלשהיא ואף בו אין כדי להועיל לנאשם. יתרונו הוא אך הנלמד ממנו לגבי נסיבותיו האישיות של הנאשם. כנגד שיקולים אלה, אכן עומדת לזכותו של הנאשם עובדת הודאתו המהירה בביצוע המיוחס לו, תוך חסכון בזמן שיפוטי רב. גם עובדת עברו הנקי תיזקף לזכותו, אם כי עניין זה מאפיין את רובם של מבצעי עבירות \הצווארון הלבן\"" כבענייננו. כאמור, גם תפיסת חלק נכבד מסכומי הכסף שנגזלו, תעמוד לזכות הנאשם, על אף שנתפסו אלה שלא ביוזמתו. ולבסוף, אביא בחשבון גם את חרטתו כפי שמקופלת בהודאתו וכפי שהובעה בפני פוזיטיבית על ידי הנאשם בדברו האחרון. במכלול האמור לעיל ולאחר ששקלתי את האיזונים שבין העבירות שבוצעו ומטרות הענישה מחד לבין נסיבות הנאשם מאידך, הנני דן את הנאשם למאסר למשך 70 חדשים מתוכם 50 חדשים יהיו לריצוי בפועל ומניינם מיום מעצרו (6.12.09), ויתרתם תהא על תנאי, והתנאי הוא שלא יעבור משך 3 שנים מיום שחרורו ממאסר, אחת העבירות בהן הורשע.""",train
"עבר מבחן כשירות לנהיגה אלא לא למד כלל נהיגה ולא נהג מעודו ברכב מנועי, הלוקח את ההגה לידיו, ונוהג בכביש שאינו מוכר לו, בשעת לילה, כשברכב נוסעים עימו עוד 3 נוסעים, הינו ללא כל ספק שהוא, רשלן בדרגה גבוהה, ואך חסד עשתה לדעתי פרקליטות המחוז עם הנאשמת (בצדק ויש לשבחה על כך, נוכח הנסיבות המיוחדות של האירוע), כשבחרה להאשימה אך בעבירת גרם מוות ברשלנות, ולא בעבירה חמורה יותר. סקירת הפסיקה המתייחסת לתאונת דרכים קטלנית שנגרמה כתוצאה מרשלנות, מצביעה על קשת ענישה שבין 6 חדשי מאסר מומרים בעבודות שירות, לבין מאסר ממושך של מספר שנים, לריצוי בפועל ממש. עם זאת סקירת הפסיקה הרלבנטית לתאונות דרכים מעלה, כי הרוב המספרי של המקרים מצוי דווקא בקבוצת \הקצה\"", בה נפסק העונש הקל של 6 חודשי מאסר לריצוי בעבודות שירות, תמונה שאינה משתנה באופן ממשי, גם אם מספר קורבנות התאונה עולה על אחד (גם לעניין זה ר' פירוט סקירת הפסיקה בפרשת קלגסבלד הנ\""ל). במקרה שלפנינו, יש להחשיב לחומרא את רמת הרשלנות ונסיבות התאונה ואת התוצאה הקשה והקטלנית. מאידך, לא ניתן להתעלם מנסיבותיה האישיות המיוחדות מאד של הנאשמת: אמנם לא הובאה בפני כל אסמכתא מטעם הסניגור לטענתו, לפיה מדיניות התביעה במקרי גרם מוות ברשלנות, בהם קיפח חייו בן משפחה של הנאשם בדרגה ראשונה הינה עיכוב הליכים, ואולם אף אם אין הדבר כך, לא ניתן להתעלם מעובדה זו ומהתוצאות הקשות מאד, המאפיינות והצפויות לאפיין, את המשך מהלך חייה של הנאשמת. עוד אין להתעלם מהעובדה כי בעת האירוע היתה הנאשמת צעירה מתחת לגיל 21, כמו גם מהעובדה שאביה המנוח, ישב לידה בעת ביצוע העבירה ולא מנעה מכך. גם מצבה הנפשי הקשה והטיפולים אותם היא""",train
"את עמדתי בעניין עבירות האלימות במשפחה פירטתי במספר רב של פסקי דין, תוך שהדגשתי שאני רואה בהן עבירות שחומרתן רבה וגדולה במיוחד, בעיקר כשהמדובר בבת זוג כבענייננו, שחשיפתה כלפי מבצע העבירה גדולה ואפשרות הגנתה מצומצמת. גם בע\פ 490/89 פלוני נ' מדינת ישראל, פ\""ד מה(4) 93 490 בעמ' 97, עמד כב' המשנה לנשיא אלון על ההיבט האמור וזאת על רקע העובדה כי : על כן יש לדעתי להעניש עבריינים בעבירות מסוג זה בענישה מחמירה, על מנת שיבינו אל נכון, כי החברה לא תסבול כל מעשה מסוג זה, תהיה הסיבה לו אשר תהיה. זאת ועוד, ניתן לומר כי למרבה הצער, הפכו עבירות האלימות בכלל ובמשפחה בפרט, לנגע כואב (תרתי משמע) בחברתנו, אותו יש לשרש מן היסוד. איכות חייהן וכבודן של נשים בחברתנו, הינם לדעתי ערך עליון, ועל כן יש להעביר את המסר שלא ניתן להפכו הפקר. משנה חומרה אני רואה בעניינו של הנאשם שבפני, הן על רקע מגוון העבירות וריבויין, האלימות הקשה המבוטאת במעשים, שלא ניתן לומר לגביה כי היא מהרף התחתון, לרבות גרימת חבלות ממשיות למתלוננת, (שתמונות ת/1 א+ב ותעודה רפואית-ת/2) לא הותירו מקום לספק בעניין זה), והן על רקע העובדה כי המדובר ב\""סיבוב שלישי\"" של אלימות, שבגין קודמיו ריצה תקופות מאסר בפועל שלא גרמו לו להפנים את חומרת מעשיו ולשנות דרכיו. אמנם יש לנאשם 2 הרשעות קודמות בלבד, אולם יש לזכור ששתיהן בוצעו בתוך המשפחה, בפרק זמן לא רב זמ\""ז, ובגין כל אחת מהן נידון לחדשי מאסר בפועל ומותנים (12 חדשי מאסר בעבירה הראשונה ו-10 חדשי מאסר בשניה), אשר כאמור לא גרמו לו לשנות דרכיו. בעת ביצוע העבירות נשוא התיק שבפני, היה אף מאסר מותנה תלוי""",train
"שבניגוד לְנאשם שהודה והביע חרטה – נתון המשמש לקולא בעת גזירת העונש, לא יכול הנאשם דנן ליהנות מעובדה זו. בנסיבות אלה, אכן מחוייבת החמרת ענישה כלפיו, הן לצורך הרתעתו והן על מנת להרחיקו מהחברה לשם הגנה על בטחונו ושלומו של הציבור. בד בבד עם האמור, מובן כי יישומה של מדיניות הענישה המחמירה הנדרשת, יעשה על-פי נסיבותיו של כל מקרה לגופו, תוך החלת עקרון הענישה האינדיבידואלית, וכך אעשה גם במקרה שלפני. בעניין זה לצד הקולא, אכן נראה כי יש להתחשב בעובדה שלא נגרם נזק לכלי הרכב המעורבים, למעט למכונית הגנובה בה נהג הנאשם עצמו. גם גילו הצעיר יחסית (32) ובקשתו לרחמי בית המשפט תוך השארת אופק לחזרה לחיים נורמטיביים לא תיפול על אזנים ערלות ותובא בחשבון. לאור כל האמור ולאחר ששקלתי את מכלול השיקולים כמפורט לעיל הנני דן את הנאשם כדלקמן: מאסר למשך 5 שנים, מתוכם 4 שנים תהיינה לריצוי בפועל ומניינן מיום מעצרו (6.9.11), ויתרתן תהא על תנאי והתנאי הוא שלא יעבור משך 3 שנים מיום שחרורו ממאסר, אחת העבירות בהן הורשע, למעט עבירה של הפרעה לשוטר (סעיף 275 לחוק) בגינה תעמוד תקופת התנאי על 6 חדשים למשך 3 שנים משחרורו. הנני מורה על הפעלת המאסר המותנה בן 12 החדשים שהושת על הנאשם בת\פ 8119/09 (מח' ב\""ש), אשר ירוצה במצטבר לעונש המאסר שהושת עליו לעיל. למען הסר ספק, סך כל תקופת המאסר הכוללת לריצוי הינה איפוא 5 שנות מאסר. פסילה מלקבל או מלהחזיק רישיון נהיגה למשך 7 שנים, מתוכן 5 שנים יהיו פסילה בפועל ומניינן מיום שחרורו, ויתרת השנתיים תהא על תנאי והתנאי הוא שלא יעבור משך 3 שנים מיום שחרורו ממאסר עבירה של נהיגה ללא""",train
"לא יאוחר מיום 30.9.08, בעצמה ועל חשבונה, את כל חלקי המבנה והציוד ששקעו לקרקעית הים (ובכלל זה רשתות,שרשראות, צמיגים, ברזלים, סינקרים, חבלים, צינורות וכיוצ\ב), לאתר פסולת מוסדר, הכל בהתאם להנחיות צוות הפיקוח. מובהר כי הנאשמת לא תדרש לפנות את השכבה האנאירובית ששקעה מכלוביה אל קרקעית הים. למען הסר ספק ובכפוף לאמור בסעיף ב' לעיל, מובהר, כי לאחר השלמת הפינוי לא יוותרו בשטח הים או היבשה, כל ציוד או מבנה או מתקן ששימש את הנאשמת במועד כלשהוא, והמצב יחזור לקדמותו כפי שהיה ערב תחילת פעילותה במקום ואילו בשטח הים יחזור המצב לקדמותו, למעט עניין הסינקרים ופינוי החומר האנאירובי ששקע אל קרקעית הים. בכפוף לאמור להלן בסעיף י' באשר לקנס, לא יוכנס שינוי במתווה ההדרגתי להפסקת השימוש ולהוצאת הכלובים כאמור לעיל, אלא בהסכמת היועץ המשפטי לממשלה או מי מטעמו (הסכמה שעשויה להינתן לרבות מכח פניה של ועדת המנכ\""לים שמונתה עקב החלטת הממשלה). בלא לפגוע בחובת הנאשמת לבצוע הצווים הנ\""ל, ככל שלא תקיים הנאשמת את הצווים, במלואם ו/או במועדם, תהיה הועדה המחוזית לתכנון ובניה מחוז דרום, ו/או הועדה המקומית לתכנון ובניה אילת, רשאיות לבצע את ההריסה והפינוי בעצמן ולחייב את הנאשמת בכל הוצאותיהן. הערבות שתוטל בסעיף ט' להלן, תחול גם על התחייבות זו. הנאשמת תענה לכל דרישות מתן המידע כאמור במכתב מנכל\""י משרד החקלאות ופתוח הכפר והמשרד להגנת הסביבה מיום 24.11.05 למנהל הנאשמת שצורף כנספח ג' להסדר שבין הצדדים. להבטחת כל המוטל על הנאשמת על פי גזר דין זה וכן להבטחת הימנעות מעבירה על הוראות הסעיפים בגינם הורשעה, לרבות סעיף 210 לחוק התכנון והבניה תשכ\""ה 1965, תחתום הנאשמת על התחייבות עצמית וכן ערבות צד ג' מטעם ה\""ה איתי רותם,""",train
"חודשיים שווים ורצופים החל מיום 15.12.04 ואילך. אי תשלום סכום כלשהו במלואו ו/או במועדו, יעמיד את כל יתרת הקנס לפרעון מיידי. ניתן בזאת צו להשמדת הסמים (מוצגים 130/04) וצו לחילוט האקדח, המחסנית והכדורים לטובת המדינה, בכפוף לחלוף תקופת הערעור וככל שיוגש כזה- בהתאם לתוצאותיו.נ המזכירות תעביר עותק החלטה זו לממונה על עבודות שירות לצורך קבלת חוות דעתו. קובע לדיון נוסף לקבלת חוות דעת הממונה ואישורה ליום 26.1.05 שעה 09:30. תשומת לב הממונה על עבודות השירות, כי ניתן להשיג את הנאשם בכתובת: מושב נחלה 22. ד.נ לכיש צפון. טל': 5403304-050 או באמצעות ב\כ עו\""ד בן בנימין. פקס: 5466929-03. מומלץ לנאשם כי ככל שלא יקבל הודעה מהממונה על עבודות השירות בתוך 30 יום מהיום, יזום הוא פניה לממונה על עבודות השירות בשב\""ס ת.ד 81 רמלה טל': 9776564-08 או 9776364-08.ב מובהרת לנאשם חשיבות שיתוף הפעולה עם הממונה.ו""",train
"ההתחייבות תחתם בתוך 5 ימים, אחרת ייאסר הנאשם 3 למשך 5 ימים. מאסר למשך 5 חדשים, מתוכם ימי מעצרו בתיק זה (9.4.09 – 12.5.09) יהיו בפועל והיתרה תהא על תנאי והתנאי הוא שלא יעבור משך 3 שנים מהיום עבירה בה הורשע. קנס כספי בסך 6,000 ש\ח או 20 ימי מאסר תמורתו. הקנס יקוזז מההפקדה, והיתרה תשולם בתוך 30 יום מהיום.""",train
"בעיצומה של שמיעת הראיות בתיק, ובעיקר עומדת לו הבעת החרטה אותה פרש בפני בפנייתו אשר העביר בכתב. כן הבאתי בחשבון את העובדה כי עברו הפלילי הנושא בחובו שלושה רישומים, הינו מלפני כ – 8 שנים. גם נסיבותיו המשפחתיות יובאו בחשבון וכן התקווה כי יביא לידי מיצוי את התהליך החיובי אותו מוצא הוא לנכון לעבור בין כתלי הכלא. ריצוי המעצר בגין תיק זה בן כ- 9 חדשי מעצר בפועל יובא כמובן בחשבון גם כן. לאור כל האמור, הנני דן את הנאשם כדלקמן: מאסר למשך 36 חדשים מתוכם 24 חדשים יהיו לריצוי בפועל, ויתרתם תהא על תנאי והתנאי הוא שלא יעבור משך 3 שנים מיום שחרורו ממאסר, עבירה על אחד מהסעיפים: 329, 333, 334, 335, 380 לחוק העונשין תשל\ז – 1977. מתקופת המאסר ינוכו ימי מעצר אותם ריצה הנאשם בתיק זה (מיום 9/2/10 ועד היום). פיצוי כספי למתלונן בסך 3,000 ₪. סכום זה ישא הפרשי הצמדה וריבית מהיום ועד למלוא תשלומו בפועל.""",train
"חמורה, עד כדי שיש להמנע ממנה. כמו כן לא הונחו בפני ראיות פוזיטיביות כי ישנה אפשרות אמיתית לפגיעה בתעסוקה. אדרבא, קשה לי להניח כי יש בהרשעה כדי לפגוע בחבר קיבוץ העובד כאחראי תפעול בענף בקיבוצו הוא, והעובדה כי קשה לנאשם לפנות למעסיקו ולשטוח עניינו בפניו, הינה תוצר ישיר של התנהגות הנאשם, ואין לו להלין אלא על עצמו. ו לאור האמור, החלטתי להרשיע את הנאשם בעבירה המיוחסת לו בכתב האישום. נ כפי שציינתי לא אחת, הפך נגע הסמים לרעה חולה במדינתנו, בבחינת מכת מדינה ממש. אמנם צודקת ב\כ הנאשם כי בקרב הציבור הרחב, נתפס לכאורה הקנבוס כסם \""קל\"", ואולם, בסיפור התמכרותו של הנאשם לסם, כפי שהובא בתסקיר שירות המבחן, מצויה בתמצית - האליה והקוץ שבה, שכן המצב הנפשי בו מצוי הנאשם, המצריך שימוש בסמים על בסיס יומי, הוא אשר הביאו לפתח דלתות בית המשפט. המסלול אותו עבר הנאשם עד עתה, הינו המאפיין את הטעות הרווחת, כי אין בסם זה משום סכנה ממש.ב לא זו אף זו, אלא שהמחוקק לא שינה דעתו ביחס למהות העבירה. סם הקנבוס מצוי מחוץ לחוק, והכמות אותה החזיק הנאשם, עולה על החזקה לשימוש עצמי כדי 50 פעם. הנאשם הודה בהחזקה שלא לשימוש עצמי, וכעת אינו יכול ליהנות מטענות כי למרות החזקה, עודנו עומד על הפרכתה. ו על אף חומרת העבירות, לא אוכל להתעלם מנסיבותיו המקלות של הנאשם, שהינו אב ל-4 ילדים, פעילותו החברתית המבורכת, היותו איש מוערך בקרב חבריו לעבודה והעדר הרשעות קודמות לחובתו. אף העובדה כי הנאשם לא הכביד על בית המשפט תוך ניהול משפט סרק, והודייתו בהזדמנות הראשונה, ודברי החרטה שהשמיע בפני, כמו הזמן שחלף מיום ביצוע העבירה ועד היום (כשנתיים""",train
"כפי שציינתי בגזר דינם של יתר המעורבים בפרשה, שקלול עובדות כתב האישום עם התיעוד הרפואי, תמונות הפציעה וסרט האירוע, מלמד על אירוע אלימות חמור, שסופו פציעות קשות, ושאך בנס לא הסתיים באופן חמור הרבה יותר. יחד עם זאת, חומרתו היתרה של האירוע, אינה נוגעת ישירות לנאשם זה אלא למעורבים אחרים (בעיקר נאשם 1 ונאשם 5 שעשו שימוש בנשק קר), ואין להתעלם מכך, כי מעורבותו של הנאשם 4, מבלי להקל בה ראש, הייתה מעורבות מופחתת בו, עת מיוחסת לו תקיפה ביחד עם הנאשם 1 ו – 3 את הנאשם 5 בשוכבו על הרצפה כשהוא לא אוחז בידו כל נשק קר, ואף הגיע בשלב מאוחר יחסית לאירוע, משהוזעק לעזרה. כפי שציינתי בעניינם של יתר המעורבים, התגברה לצערי תופעת האלימות לכדי מכת מדינה של ממש והפכה שכיחה באופן המעורר דאגה ממשית לשלום הציבור, שלמות גופו, חייו ובטחונו. הקלות הבלתי נסבלת בה ננקטת אלימות ושימוש בהם כפתרון לסכסוך בין צדדים, והזלזול הבוטה הנובע מכך לשלום הציבור, אינם יכולים ליהנות מכל סובלנות שהיא, תוך שגל האלימות השוטף את החברה בישראל, מחייב ענישה מרתיעה ובלתי מתפשרת. כפי שציינה בצדק ב\כ המאשימה, חזרו בתי המשפט והדגישו את הצורך בענישה מחמירה בעבירות האלימות, המדגישה את אלמנט ההרתעה ואת אינטרס הציבור להגנה על גופו ורכושו מעבריינים אלימים ומתופעת הבריונות, תוך זהירות מהעברת מסר סלחני שלילי לעבריינים בפועל ובכוח. כידוע, אי הרשעה הינו חריג לכלל לפיו מורשע אדם שנקבע כי ביצע עבירה שיוחסה לו. רק בנסיבות יוצאות דופן, בהן אין יחס סביר בין הנזק הצפוי מן ההרשעה בדין לבין חומרתה של העבירה, ניתן להימנע מהרשעה, אף זאת בהתקיים שיקולים נוספים הנוגעים לאופי העבירה, שוויון בפני החוק,""",train
"שאכן כנים הם, יזקפו לזכותו. ו ראיתי לנכון לשלוח את הנאשם לממונה על עבודות השירות על מנת לקבל חוו\ד שתבחן התאמתו של הנאשם לביצוע עונש מאסר על דרך עבודות השירות, זאת מתוך השקפה, כי בעבירה בה הורשע הנאשם, אין לפנות ולבחון רק את האינטרס הפרטי של הנאשם, אלא יש לתת עונש מרתיע, שיגלם בתוכו אף את האינטרס הציבורי למניעת נגע הסמים. מימד הגמול וההרתעה בענישה, גם הוא צריך לבוא לידי ביטוי בענייננו. נ על רקע כל המפורט – שיקולי הענישה וההרתעה הנדרשת מחד ונסיבותיו האישיות של הנאשם ונסיבות המקרה מאידך, החלטתי לפנים שורת הדין, ובלא שהדבר יחשב כתקדים כלשהוא, לאמץ בנסיבות המיוחדות של מקרה זה את המלצת התסקיר, ולדון את הנאשם כדלקמן: מאסר למשך 12 חודשים, מתוכן יהיו 6 חדשים לריצוי בפועל והם ירוצו בעבודות שירות כמפורט בסעיף ג' להלן, והיתרה תהא על תנאי והתנאי הוא, שלא יעבור משך 3 שנים מהיום, כל עבירה לפי פקודת הסמים המסוכנים (נ\""ח) תשל\""ג 1973, למעט החזקה לשימוש עצמי, בגינה תעמוד תקופת התנאי על שלושה חדשים למשך 3 שנים מהיום. קנס כספי בסך 5,000 ₪ או 50 ימי מאסר תמורתו. הקנס יקוזז מההפקדה אותה הפקיד הנאשם במסגרת הבש נשוא תיק זה, היתרה תוחזר לנאשם. הנאשם יבצע את עבודות השירות בבית אבות משען גבעתיים בפיקוח מר חנוך ברוך והממונה על עבודות שירות. תחילת העבודה תהיה ביום 1.5.05 והיא תבוצע בימים א'- ה' בין השעות 07:00 עד 15:00 ובערבי חג בין השעות 07:00 עד 12:00. ב הנאשם יתייצב ביום שנקבע לתחילת ריצוי העבודות בפני הממונה על עבודות שירות, מפקדת גוש מרכז (קו 247 מהתחנה המרכזית רמלה), לא יאוחר מהשעה 08:00 בבוקר, לצורך""",train
"חזקה עליו שיהיה ערוך להכנס לכלא. אני מתנגד לבקשת חברי. על מנת שלא לפגוע בזכותו של הנאשם למימוש זכותו לבחינת החלטתי על ידי ארכעת הערעור, אם ימצא לנכון לעשות כן, הנני נעתר לבקשה ומורה על עיכוב ביצועו של גזר הדין למשך 14 יום מהיום, זאת בכפוף לתנאים הבאים: צו עיכוב יציאה מן הארץ כנגד הנאשם אשר יפקיד את דרכונו, ככל שיש בידו כזה במזכירות ביהמ\ש. נ הפקדת סך מזומן בקופת ביהמ\""ש של 5,000 ₪.ב""",train
"עבירת שוד, שנקבע כי לא הייתה ברף גבוה של עבירות אלה, לאדם נורמטיבי שזו לו מעידה ראשונה, ושנסתיימה בתוצאות לא חמורות. וכך נקבע: \עבירות השוד על סוגיהן מגיעות לפתחם של בתי המשפט חדשות לבקרים, והן לובשות צורות שונות. מהן קשות ואכזריות ומהן ברמה נמוכה יותר; הצד השוה שבהן הוא הרצון להשיג כסף קל. בענייננו מדובר באדם בעל רקע נורמטיבי, אשר ניגש לסניף הבנק ובידיו פתק המורה לפקיד להעביר לו כסף; והנה, זממו עלה בידו, מבלי שיצטרך \""ללכלך את ידיו\"" בנשיאת נשק או באיומים קולניים. ואולם, כמובן תיאור זה אינו מלא; שכן נקל לשער את האימה האופפת את הקרבן, במקרה זה פקידת הבנק, אל מול השודד - שהרי אין היא יודעת אם יש בידיו נשק ומה כוונותיו האלימות. על כן מתחייב רף ענישה מרתיע, וככלל, מאסר בפועל (על קלות ביצועה של עבירה כשיקול לחומרה ראו, לדוגמה, רע\""פ 1689/04 אוראל נ' מדינת ישראל (לא פורסם)). בית משפט זה עמד על הצורך להטיל מאסר בפועל בעבירות של שוד וניסיון שוד. בעניין יפרח (ע\""פ 9416/02 מדינת ישראל נ' יפרח (לא פורסם)), קיבל בית המשפט את ערעורה של המדינה וקבע, כי גם ניסיון לשוד \""מחייב, דרך כלל, הטלת עונש מאסר לריצוי בפועל\"" (פסקה 3, השופט גרוניס); זאת, אף שגם באותו מקרה היה מדובר בנאשם ללא עבר פלילי ובנסיבות של מצוקה כלכלית... אין חולק, כי נסיבותיו האישיות של המערער מצערות, ויתכן כי לא ניתן לנתק את המניע לעבירה מן הנסיבות הללו. עם זאת, אלה כבר שוקללו בגזר דינו של בית המשפט המחוזי, והתחשבות נוספת בהן תחטא למטרות אחרות של הענישה, ובהן כאמור גמול והרתעה. יפים לענייננו הדברים הבאים: \""מבחינת האינטרס הציבורי, אין""",train
"קודם שאתייחס קונקרטית לענייננו, ומשמצאו לנכון הצדדים להתייחס לתכלית החקיקתית הנוגעת לחוק ההסתננות, אעיר בקצרה, מספר הערות לעניין זה: את דעתי באשר לתכלית החקיקתית של חוק ההסתננות, הבעתי בפסק דיני בעניין פ' 1009/05 + 1487/05 מדינת ישראל נ' lin Qinggjlang ואח' (מיום 23.2.05 לא פורסם) ואיני מוצא מקום לפרטה שוב. יוער רק, שעל אף שקיים שוני בין ענייננו כאן למחלוקת שהיתה קיימת בתיק הנ\ל, ניתוח תכלית החוק לכשעצמו אינו שונה, ובעקרון נועד הוא בראש ובראשונה להגן על גבולות מדינת ישראל, ועל ביטחונה. (ר' ניתוח דומה לאחרונה גם גם בתפ\""ח (ת\""א) 1140/05 מדינת ישראל נ' ג'יהאד שחאדה (מיום 11.4.06 - לא פורסם). שנית, אף אם נכונה טענת ב\""כ הנאשם בדבר העובדה, שחקיקתו של החוק היתה לפני למעלה מ-50 שנה, אין הדבר מלמד כי נס ליחו. לעיתים, אולי אף מתחזק הצורך בו, עם שינויי העיתים. לצערי, לא ירדתי לסוף דעתו של ב\""כ הנאשם, באשר לשוני כביכול בין המצב הביטחוני הקשה ששרר בעת חקיקת החוק לבין המצב היום. למרבה הצער, נתונה מדינת ישראל במלחמה מתמדת אל מול הרשות הפלסטינית ואירגוני טרור הפועלים מתוכה, ובכלל זה כניסת גורמים עוינים מגבול מצרים לאזורנו. אף כתב האישום בענייננו עצמו, על אף שאינו מייחס לנאשם פעילות חבלנית עוינת, הרי שמצביע הוא בעובדותיו, על מגע שהיה לנאשם במהלך ביצוע העבירה המיוחסת, עם אדם נוסף, חבר בארגון \""גדודי חללי אל אקצא\"", שהינו \""התאחדות בלתי מותרת\"" ומהותו אינה צריכה הסבר. תיאור המציאות הביטחונית הקשה, במסגרתה נעשה שימוש בגבולות ישראל, הן מצד הרשות הפלשתינית והן מצד גבולות המדינה עם מדינות שכנות לה, ידועה למרבה הצער לכל אחד מתושבי מדינת ישראל, ואינני בטוח כלל ועיקר, כי תכלית חוק""",train
"מהשעה 08:00 ועד השעה 12:00. ו ככל שיהיה צורך בשינוי מקום ההשמה יוכל הממונה על עבודות השירות לעשות כן ישירות ולהודיע על כך לביהמ\ש. נ מובהר לנאשם כי ככל שיחול שינוי בכתובת מגוריו, חייב הוא לעדכן את משרד הממונה על כך מיידית וכן מובהר, כי כל הפרה בעבודות השירות, תביא להפסקה מנהלית ולריצוי העונש במאסר ממש. ב""",train
"דמותו ואישיותו, באופן המונע ממנו גם עתה להירתם לטיפול. גם הרושם שקיבלתי אני מהנאשם, הוא אכן רושם של מוגבלות אישיותית, בלשון המעטה. אין לי ספק כי מעשיו, נובעים בחלקם ממוגבלותו האמורה. בנסיבות אלה, אינני יכול לראות בהעדר המלצה טיפולית בעניינו, משום שיקול מובהק לחומרה. שירות המבחן, כמו גם חוות הדעת הפסיכולוגית התייחסו בהרחבה לשיקולים אלה, לרבות הסיכון הכרוך בשליחתו למאסר. אם נוסיף לחוות הדעת גם את העובדה שהמדובר באדם חסר עבר פלילי, אשר ריצה כבר תקופת מעצר ממשית משך כ – 3 חדשים ומאז שהה בתנאים מגבילים תקופה ממושכת, ובהינתן המלצתו של שירות המבחן, נראה לי כי האיזון המתבקש יבוא לידי ביטוי בהשתת עבודות שירות על הנאשם. באופן כזה תושת על הנאשם ענישה המציבה גבולות ברורים להתנהגותו מחד ומביאה בחשבון את מצבו הייחודי מאידך. לאור כל האמור ולאחר ששקלתי את מכלול השיקולים כמפורט לעיל הנני דן את הנאשם כדלקמן: מאסר למשך 6 חדשים אותם ירצה הנאשם במסגרת עבודות שירות בהתאם לחוות דעתו של הממונה מיום 19.6.12. עבודות השירות יבוצעו במרכז יום לקשיש ובית אבות ברח' קדש 388 אופקים. תחילת העבודה תהיה ביום 4.9.12. והיא תבוצע בימים א' – ה', 8.5 שעות עבודה מידי יום. הכול כאמור וכמפורט בחוות דעת הממונה. מובהר לנאשם כי עליו להישמע לכל הוראות הממונה על עבודות השירות וכי הפרתן עלולה להביאו למאסר ממש. 6 חדשי מאסר על תנאי, שלא יעבור משך 3 שנים מהיום, עבירה מסוג פשע.",train
"מחייבת כמובן התייחסות לחומרה. כפי שציינה בצדק ב\כ המאשימה, חזרו בתי המשפט והדגישו את הצורך בענישה מחמירה בעבירות האלימות, המדגישה את אלמ ההרתעה ואת אירס הציבור להגנה על גופו ורכושו מעבריינים אלימים ומתופעת הבריונות, תוך זהירות מהעברת מסר סלחני שלילי לעבריינים בפועל ובכח. ר' למשל ע\""פ 3863/09 מדינת ישראל נ' נאסר חסן (10.11.09, לא פורסם): וכן, ר' ע\""פ 6260/05 מאלק חדרה נ' מדינת ישראל (23.2.06, לא פורסם): כנגד חומרת האירוע כמפורט לעיל והצורך בהרתעת עבריינים בפועל ובכח מביצוע עבירות מסוג זה, יש לזקוף לזכותו של הנאשם את הודייתו ובהתאם - חסכון בזמן שיפוטי, וכן עומדת לו הבעת החרטה אותה הביע בדבריו לעונש. כן הבאתי בחשבון את נסיבותיו האישיות כפי שבאו לידי ביטוי בתסקיר שירות המבחן שהוגש בעניינו, ובכלל זה היחלצותו לסייע בפרנסת משפחתו הגדולה, מאז היותו בן 8 שנים. העדר עבירות אלימות בעברו תובא גם כן לזכותו. בשקלול האיזונים שבין חומרת האירוע מחד ונסיבותיו האישיות של הנאשם מאידך, הנני דן אותו כדלקמן: מאסר למשך 30 חדשים שמניינם מיום מעצרו (28.9.10). כמו כן הנני מפעיל את המאסר המותנה בן ששת החדשים התלוי ועומד כנגד הנאשם מת.פ. 1012/10, אשר ירוצו חציים במצטבר למאסר שהושת בסעיף א' לעיל וחציים בחופף לו. סה\""כ ירצה הנאשם 33 חדשי מאסר שמניינם כאמור מיום מעצרו. מאסר מותנה בן 12 חדשים שלא יעבור משך 3 שנים מיום שחרורו ממאסרו, עבירה לפי סעיף 333 ו/או 335 לחוק העונשין התשל\""ז – 1977. מאסר מותנה בן 6 חדשים שלא יעבור משך 3 שנים מיום שחרורו ממאסרו, עבירה לפי חוק הכניסה לישראל התשי\""ב – 1952. פיצוי כספי למתלונן בסך 2,500 ₪. סכום זה ישא הפרשי הצמדה וריבית מהיום""",train
"שמחה רותם, עופר לאומי, עודד גולדן ואייל רותם. ההתחייבות תהא בסכום של 800,000 ₪ ותעמוד בתוקפה למשך שלש שנים מהיום. הנאשמת תשלם קנס בסך 450,000 ₪ לא יאוחר מיום 24.9.07. מתוך הסכום האמור יועבר סך השווה ל – 90,000 ₪ לקופת הועדה המקומית אילת, והיתרה תועבר לאוצר המדינה. לא ישולם הסכום במלואו ו/או במועדו, יופעלו מיידית ובאופן מוחלט, צוי הפסקת השימוש, ההריסה והפינוי שהוצאו במסגרת גזר דין זה. מובהר בזאת לנאשמת ולערבים, כי במידה ולא יבוצעו הצווים האמורים, במלואם ו/או במועדם והנאשמת לא תקבל את אישור היועץ המשפטי לממשלה לשינוי המתווה כאמור, הרי שעלולה היא להיות מואשמת בעבירה נוספת של אי קיום צו שיפוטי, כי ההתחייבות עליה נדרשה היא וערביה לחתום כוללת עבירה זו וכי העונש שעשוי להיות מוטל עליה בגין עבירה זו יתווסף לעונש שהוטל עליה לעיל. ניתנה היום ט' באב, תשס\ז (24 ביולי 2007) במעמד הצדדים. אנו מבקשים למחוק את כל הבקשות התלויות ועומדות במסגרת הסכסוך נשוא הנדון.""",train
"על עבודות השירות בשב\ס ת.ד 81 רמלה טל': 9776564-08 או 9776364-08.ו""",train
"לשוטר במילוי תפקידו, לא מצאתי לנכון להמנע מהרשעתו ואני קובע איפוא כדלקמן : מרשיע את הנאשם במיוחס לו בכתב האישום. מטיל על הנאשם לבצע 200 שעות שירות לתועלת הציבור, אותן יבצע במתנ\ס שדרות בתפקידי סיוע כלליים, והכל בהתאם להוראות שירות המבחן. ככל שיהיה צורך בשינוי מקום ההשמה, יוכל השירות לבצעו כאמור תוך משלוח הודעה לבית המשפט.""",train
"כפי שכבר צוין לעיל, הורשע הנאשם בעבירות של סחר בסמים ובאחזקת סמים לצריכה עצמית במספר כתבי אישום. מעיון בהודעת הנאשם (ת/1), אכן נראה כי אין המדובר באירוע חד פעמי, אלא הנאשם מעיד על עצמו כי הוא משתמש בסמים מזה 10 שנים, וכי הוא משתמש בהרואין כ-3 חודשים. הנאשם אומר שם, כי על מנת לממן את הסם, עסק במכירת סמים, וכי מכר כ-10 פעמים. למותר לציין, כי לא אביא בחשבון במסגרת שיקולי, אלא את מה שהואשם בו הנאשם בכתב האישום. מכל מקום, נראה מהודעתו, כי נכון לתקופה המדוברת סבו חייו סביב חיפוש הסם, ובשל כך היה מוכן אף למכור סמים, עבירה מהחמורות שבפקודת הסמים המסוכנים. ו לאור תסקיר שירות המבחן, כמו גם לאור התנהלות ההליך כפי שמפורט בפרוטוקול הדיונים השונים, אכן נראה כי הנאשם הפעיל את המערכות השונות סביבו, דוגמת שירות המבחן ורשויות האכיפה באופן מגמתי, והכל על מנת להשיג יתרון צופה פני עונש, בלא כוונה אמיתית לעבור שינוי מעמיק ומקיף, שיסייע לו ברכישת כלים ליציאה ממעגל ה(ק)סמים בו הוא שרוי. נ אכן, כעת הנאשם נקי מסמים, ועל כך ניתן ללמוד מתסקירי שירות המבחן כמו גם מהאישור שניתן ממרכז סלע. אולם, לאור תסקיר שירות המבחן, ניתן לייחס זאת רק לעובדה כי חרב גזר הדין עומדת מעל לראשו של הנאשם, ואין ללמוד מכך, על נכונות ומוכנות הנאשם להתמיד בזאת. ב אודה, כי התלבטתי באשר לעונש המתאים בעיניי לענייננו. מחד, העבירות החמורות אותן ביצע הנאשם, אשר רובן ככולן פועלות כנגד כל חלקה טובה בחברתנו, הן דרך מכירת הסמים, והן בשימוש בסמים, אינן יכולות להילקח כדבר של מה בכך. נגע הסמים הינו מארה, המאיימת על חברתנו, ועל בית המשפט לסייע",train
"וחצי), יש בהם כדי להביאני להעתר לבקשת סניגוריתו של הנאשם ולא למצות את הדין עימו. נ באשר לטענת ב\כ הנאשם ביחס להטלת קנס, כי יהיה בו כדי להעניש את אנשי הקיבוץ, יותר מאשר את הנאשם, אומר כי אין בידי לקבל טענה זו. הדדיות חברתית מעין זו, אינה ייחודית דווקא לקיבוץ. עניין זה מאפיין משפחות הערבות לילדיהן, בין מבוגרים ובין ילדים. אף נאשם מבוגר, המקבל קנס במסגרת עונשו, מכביד על משפחתו וילדיו, שלא לדבר על ילדים המכבידים על הוריהם, ולכאורה ניתן לטעון כי נענשים הם. לכן, לא ראיתי טעם מיוחד לקבל את טענתה זו, ולהעדיף את המסגרת הקיבוצית על פני המשפחתית. הקנס מוטל על כתפי הנאשם במסגרת עונשו, וכל מי שיסייע בידו לשלם קנס זה, עושה זאת מרצונו. ב לאור כל האמור לעיל, ולאחר ששקלתי את האיזונים שבין חומרת העבירה ומטרות הענישה מחד, אל מול נסיבותיו האישיות של הנאשם מאידך, החלטתי לקבל חלקית את המלצת שירות המבחן ובהתאם לכך הנני דן את הנאשם כדלקמן : הנאשם יבצע 280 שעות שירות לתועלת הציבור, אותן יבצע בעמותת ידיד באופקים, בפיקוח שרות המבחן למבוגרים. מובהרת לנאשם חשיבות ביצוע מלא ומדויק של עבודות השירות לתועלת הציבור ושיתוף הפעולה עם שירות המבחן. מאסר למשך 6 חודשים, אותו לא ירצה, אלא אם יעבור בתוך 3 שנים מהיום עבירה לפי פקודת הסמים המסוכנים [נח], תשל\""ג-1973, למעט עבירת שימוש עצמי בגינו תעמוד תקופת התנאי על חדשיים מאסר מותנה למשך 3 שנים. ו""",train
"חדשים, אשר אף הוא לא הרתיעו. זאת ועוד, לבקשת בא כוחו של הנאשם, נשלח עניינו לבחינת שירות המבחן, ואולם למרבה הצער, מסתבר שגם השירות התרשם באופן שלילי מהנאשם ולא מצא לנכון לבוא בכל המלצה טיפולית בעניינו. בנסיבות אלה, צודקת ב\כ המאשימה, כי המדובר בעבריין שאין מורא הדין עליו, והמסקנה המתבקשת היא איפוא, כי נסיבותיו האישיות של הנאשם, הקשות ללא ספק, דינן להדחות אל מול האינטרס הציבורי ויש לגזור עליו עונש, שלא יהיה הרתעתי בלבד, אלא אף יגן על הציבור מפניו, תוך הרחקתו ממנו לפרק זמן משמעותי. בד בבד עם כל האמור, לא אתעלם ממצוקת חייו של הנאשם ומנסיבותיו האישיות המיוחדות והלא קלות כלל ועיקר, כמפורט בהרחבה לעיל בדברי ב\""כ הנאשם ובתסקיר שירות המבחן. כן אזקוף לזכותו את עובדת הודייתו בשלב מוקדם יחסית של הדיון טרם תחילת שמיעת ההוכחות בתיק, וחסכון בזמן השיפוטי עקב כך, לא רק בענייננו, אלא בשני תיקים נוספים התלויים ועומדים כנגדו. כן אתחשב בעובדה, כי על אף האלימות המתוארת לעיל, לא הובאה בפני ראיה כלשהי לחבלות שנגרמו למתלונן כתוצאה מהתקיפה האמורה ואניח איפוא לזכותו של הנאשם, כי לא היו כאלה. ולבסוף, אתחשב אף בעובדה, כי העבירות נשוא הנדון הינן, ככל הנראה, תולדה של התמכרות לסמים בה מצוי הנאשם. בעניין זה ונוכח סיפת תסקיר שירות המבחן בדבר \""ביטויים מילוליים\"" מצד הנאשם ברצונו לעבור הליך גמילה, אביא אף עניין זה לזכותו. לאחר ששקלתי איפוא את האיזונים שבין חומרת העבירות מחד לנסיבותיו האישיות של הנאשם מאידך, לא אמצה עימו את הדין והנני דן אותו איפוא כדלקמן: מאסר למשך 55 חודשים, מתוכם 40 חודשים יהיו לריצוי בפועל, והיתרה תהא על תנאי, והתנאי הוא שלא יעבור משך 3""",train
"איזור המהווה קו גבול עם ישראל, שמעברו אין לישראל כל שליטה ואשר פוטנציאל הסיכון הביטחוני הנובע ממנו, רב הרבה יותר. נדמה לי איפוא, כי לא בִּכְדִי הותיר המחוקק את שני הסעיפים על כנם ולא איחד בינהם. נאשם זה שבפני, חצה את הגבול לאחר שעבר אליו מרצועת עזה, מקום בו אין שליטה למדינת ישראל וממנו לצערנו, פוטנציאל הסיכון הביטחוני אינו צריך כל איזכור. כאמור, קודם לחציית הגבול בא הוא במגע עם חבר \גדודי חללי אל אקצא\"", עובדה המוסיפה לכשעצמה חומרה בשיקולי ההיבט הביטחוני. כך או כך, משהודה הוא בעבירת ההסתננות, אין לי כאמור אלא לבדוק את רמת הענישה הראויה, במדרג עבירה זו, ולא בהשוואה למדרג עבירות חוק הכניסה לישראל. מצד שני, מקובלים עלי דברי הסניגור, כי אכן יש לבחון את רמת הענישה המקובלת במדרג המעשה, ולא לאפשר לחומרת העונש המופיע בצידה של העבירה לפגוע בשיקול הדעת בגזירת הדין. על עניין זה עמד גם כב' השופט נ. הנדל בע\""פ (ב\""ש) 7112/05 הנ\""ל: ממעשה שוד אחר, וזאת על אף ששני המעשים מצויים תחת ההגדרה של עבירת השוד. ..""",train
"להערך מבעוד מועד לאפשרות כניסתו למאסר, החלטתי לפנים שורת הדין להעתר למבוקש. לטיעונו של ב\כ הנאשם לפיו התייצב הנאשם לכל הדיונים אעיר, כי אין דין נאשם קודם מתן גזר הדין, שבו מצבו אינו ברור לנאשם שניתן בעניינו גזר דין ובו הושת עליו מאסר בפועל. בנסיבות אלה ידחה מועד ריצוי עונש המאסר בפועל, בכפוף למילוי התנאים הבאים, ליום 2.5.2010, מועד בו יתייצב הנאשם לא יאוחר מהשעה 08:00 בבוקר בכלא דקל. עיכוב הביצוע מותנה בתנאים הבאים: עיכוב יציאה מן הארץ, לרבות הפקדת דרכון הנאשם ככל שקיים כזה, במזכירות בית המשפט.""",train
"בית משפט זה פסק לא אחת, כי כנגד עבירות מהסוג הנדון ובמסגרת המלחמה בנגע הסמים, חייבת לבוא תגובה ממשית ומרתיעה. הפצת הסם הפכה נגע ממאיר שפשט בחברתנו לממדים עצומים אשר הורס כל חלקה טובה, לרבות בקרב ילדים ובני נוער ובית המשפט חייב להוציא תחת ידו מסר ברור, לפיו יענשו כל התורמים להפצת הסם במלוא חומרת הדין. עבירות אלה טומנות בחובן תוצאות הרסניות, פוגעות קשות בציבור ועל-כן, מחייבות מדיניות ענישה מחמירה ומרתיעה. נ הפסיקה חזרה והדגישה את החומרה היתרה הטמונה בעבירות סמים, ואת הצורך במדיניות ענישה מחמירה, אשר מטרתה להלחם בנגע זה ולהקטין את ממדיו. אכן, \החברה בישראל שמה לה למטרה להדביר את נגע הסמים, ולבתי המשפט תפקיד ראשון במעלה להבטיח שיעד זה יושג, ולא יהווה משאלת-לב בלבד\"" (ע\""פ 2649/00 בועז ישראל נ' מדינת ישראל, תק-על 460 (3)2001).ב בנסיבות אלה, ובמיוחד על רקע חומרתה של העבירה – עבירת הסחר בסם, יש לתת עדיפות לשיקולים של הגנה על האינטרס הציבורי ומשקל מועט יותר לנסיבותיו האישיות של הנאשם העומד בפני בית המשפט לדין. ו מאידך, אינני יכול להתעלם מנסיבותיו המקלות של הנאשם, בין אם הוא \""דג רקק\"" כדברי סניגורו ובין אם אכן מצוקותיו הן המביאות אותו לביצוע העבירות ואף לא אתעלם מעובדת הודייתו. אני מסכים עקרונית עם התזה של הסניגור ולפיה אין הנאשם סוחר סמים במובן הקלאסי של המילה, והוא עצמו נרקומן, דבר שבדרך כלל, אם כי לא בכל המקרים, אינו תואם זה לזה. העבירה היא אכן עבירת סחר כהגדרתה ואולם נראה לי, כי המדובר יותר בעבירת \""תיווך\"", שאינה משנה מהותית את העונש שכן בשני המקרים העונש הקבוע לצידה של העבירה זהה, ואולם יש בה כדי להשליך על השיקולים""",train
"נ' רסיינקו נטליה (לא פורסם), ניתן על רקע הסדר טיעון \סגור\"" בין הצדדים, ובפ' 3110/04 (י-ם) מדינת ישראל נ' נדיה יוטהינה (לא פורסם), הורשעה הנאשמת גם בעבירות לפי החוק למניעת הסתננות (עבירות ושיפוט) תשי\""ד – 1954, שרמת הענישה בו גבוהה פי שבע מרמת הענישה שבחוק הכניסה לישראל. נוכח טיעוני הסניגורית, נדמה לי שהשאלה העקרונית הניצבת לפני בתיק זה היא, האם יש לקבוע גזירה שווה על כל השוהים הבלתי חוקיים, מבלי לאבחן בין עניינם? ואולי דווקא להיפך, האם ניתן וראוי בכלל במדינת חוק מתוקנת, לאבחן בין סוגי עבריינים באותה עבירה? כאמור רוב רובם של פסקי הדין הדנים בנושא השוהים הבלתי חוקיים, עושים כן על רקע ההיבט הבטחוני, המהווה גם את השיקול המרכזי להחמרת הענישה בענינים אלו. נ כך למשל, רע\""פ 5198/01 טלעת ח'טיב נ' מדינת ישראל, פ\""ד נו(1), 769 מפי כב' השופט טירקל: ב כך גם ברע\""פ 6071/04 חאזם חוויס נ' מדינת ישראל, תק-על 2004(3), 78 : כך גם ברע\""פ 1751/04 עדנאן חוסני עזאם נגד מדינת ישראל תק על 2004 (1), 1521, שם קבע כב' השופט חשין כי: היריעה קצרה מלהכיל את מגוון פסקי הדין השונים שניתנו בגין עבירות על חוק הכניסה, וראוי לציון לענין זה אף פסק דין שניתן לאחרונה בבית המשפט המחוזי בבאר שבע, ע\""י כב' הנשיא פלפל, ובהסכמת חבריו להרכב, כב' השופטים הנדל ויפה-כץ, הסוקר באופן נרחב את מדיניות הענישה בנושא השהיה הבלתי חוקית אם כי אף הוא עוסק בתושבי הרשות הפלסטינית (ע\""פ (ב\""ש) 7437/04 מדינת ישראל נ' גטאס מחמד ואח' מיום 14.11.04). כאמור, כל פסקי הדין דנים בהיבט הבטחוני וכולם תמימי דעים, כי בימים אחרים ניתן היה להקל בדין, אולי אף לא להעמיד""",train
"את עמדתי בעניין עבירות האלימות במשפחה פירטתי במספר רב של פסקי דין, תוך שהדגשתי שאני רואה בהן עבירות שחומרתן רבה וגדולה במיוחד, על רקע חשיפתן של הקרבנות כלפי מבצעי העבירה גדולה ואפשרות הגנתם מצומצמת. גם בע\פ 490/89 פלוני נ' מדינת ישראל, פ\""ד מה(4) 93 490 בעמ' 97, עמד כב' המשנה לנשיא, השופט אלון, על ההיבט האמור וזאת על רקע העובדה כי : על כן יש לדעתי להעניש עבריינים בעבירות מסוג זה בענישה מחמירה, על מנת שיבינו אל נכון, כי החברה לא תסבול כל מעשה מסוג זה, תהיה הסיבה לו אשר תהיה. ב בד בבד עם האמור לעיל ומבלי להקל ראש בעבירות בהן הורשע הנאשם, ניתן לומר שלא מדובר בענייננו בעבירות מהרף העליון, וכי המדובר בשתי עבירות איומים, כשלפחות אחת מהן (ואולי באופן חלקי גם בשניה), איים הנאשם בפגיעה בגופו הוא, אם לא תשוב אליו המתלוננת. אמנם, גם איום של הנאשם לפגוע בגופו שלו, כאשר הוא מועבר למתלוננת, מהווה איום כמשמעותו בחוק ואולם נראה לי כי משקלו של איום זה, אינו שקול כנגד איום בפגיעה בגופה של המתלוננת. עם זאת יצויין כי לגבי האיום השני בסדרה, הרי שכוון גם כלפי גופה של המתלוננת ולפחות לגביו, לא יכול להיות כל ספק. שאלה נוספת שעלתה במהלך הדיון היא, האם תלויים ועומדים כנגד הנאשם שני מאסרים מותנים. לכאורה, המדובר בשאלה טכנית הניתנת לבדיקה פשוטה, ואולם עפ\""י טענת הסניגור, אחד מן המאסרים המותנים התלויים ועומדים כנגד הנאשם זה בן 6 החדשים מפ' 4598/03 אינו בר הפעלה שכן לא נרשמה בו עבירת האיומים, אלא עבירת אלימות בלבד, ורק האחר, בן 4 החדשים שמתיק פ' 4348/01 שבו נרשם מפורשות אלימות ואיומים, הוא בר""",train
"עמדה באשר לא הובא בפני כל מידע שהוא לענין זה, כי ככל הנראה קיימות בעיות בריאותיות ו/או נפשיות בתיק הנ\ל ויתכן ואף זה היה אחד השיקולים ביסוד עתירת התביעה. נ מכל מקום ועל רקע כל המפורט – שיקולי הענישה וההרתעה הנדרשת מחד ונסיבותיו האישיות של הנאשם מאידך, לרבות עובדת הודייתו של הנאשם והתרשמותי כי אף החרטה שהביע בפני כנה היא, תוך הבטחה שלא ישוב עוד על מעשיו, וכאשר אני מתחשב - ולו באופן חלקי – במצוקת חייו ובעיקר במצוקת ילדיו וכן תוך שאני שוקל לקולא את עברו הנקי ובלא שאוכל להתעלם מרמת הענישה שנתבקשה בתיקים נוספים בפרשה זו, אני דן אותו כדלקמן: מאסר למשך 27 חודשים, מתוכם יהיו 15 חדשים לריצוי בפועל ומנינם מיום מעצרו והיתרה תהא על תנאי והתנאי הוא, שלא יעבור משך 3 שנים מיום שחרורו ממאסר, כל עבירה של סחר או עיסקה בסמים או כל עבירת פשע בניגוד לפקודת הסמים המסוכנים [נ\""ח] תשל\""ג – 1973, למעט החזקה לשימוש עצמי או שימוש עצמי. מאסר למשך 6 חדשים אותו לא ירצה הנאשם, אלא אם יעבור בתוך 3 שנים מיום שחרורו עבירת עוון בניגוד לפקודת הסמים המסוכנים [נ\""ח] תשל\""ג – 1973. ב קנס כספי בסך 5,000 ₪ או 50 ימי מאסר תמורתו. הקנס יקוזז מתוך הסכום השקלי שנתפס ומצוי בידי המדינה ויתרתו תשולם ע\""י הנאשם, קודם שחרורו ממאסר וכתנאי לו. יתרת הסכום הדולרי שנתפס בידי המדינה, תוחזר לאחיו של הנאשם, המצויין בהודעתו מיום 8.7.03 וזאת באין ראיה אחרת סותרת לבעלות בסכום זה. ו על רקע העובדה כי הנאשם עצמו אינו משתמש בסם ועל כן אינו נוהג תחת השפעת סם, וכן לא הובאה בפני ראיה כי העבירה""",train
"לשתף פעולה עם שירות המבחן והגורמים הטיפוליים. על רקע האמור אני דן את הנאשם כדלקמן: מאסר למשך 45 חודשים, מתוכן יהיו 30 חדשים לריצוי בפועל ומנינם מיום מעצרו (21.5.05) והיתרה תהא על תנאי והתנאי הוא, שלא יעבור משך 3 שנים מיום שחרורו ממאסר, כל עבירה לפי פקודת הסמים המסוכנים [נח] תשל\ג - 1973, למעט החזקה לשימוש עצמי בגינה ו/או בגין עבירת החזקת סכין, תעמוד תקופת התנאי על 5 חדשי מאסר ל-3 שנים. מפעיל את המאסרים המותנים התלויים ועומדים כנגד הנאשם כדלקמן: מאסר מותנה בן 12 חדשים התלוי ועומד כנגד הנאשם מת.פ. (ב\""ש) 2079/02. מאסר מותנה בן 6 חדשים התלוי ועומד כנגד הנאשם מת.פ. (כ\""ס) 2009/03. מאסר מותנה בן 3 חדשים התלוי ועומד כנגד הנאשם מת.פ. (ב\""ש) 5274/03.""",train
"כולל הדיון האחרון. לחלופין, במידה ובית המשפט לא יעכב את הביצוע לצורך הערעור, אבקש לעכב את הביצוע למשך 10 ימים, לצורך התארגנות. אני מתנגדת לבקשה. לפי הלכת שוורץ, הבקשה לא עומדת בקריטריונים שנקבעו באותו פסק דין. מדובר בתקופת מאסר ארוכה, הערעור יכול להיות נדון באותה תקופה ראשונה, כך שגם הקיצור של התקופה יינתן, עדיין יהיה באותה תקופה שנפסקה. במידה ובית המשפט ייעתר לבקשה, נבקש להוסיף הפקדה על ההפקדה הקיימת בתיק וכן צו עיכוב יציאה מן הארץ. אבקש לציין כי אנו שוקלים להגיש ערעור גם לעניין הכרעת הדין. לאחר ששמעתי את הצדדים, הנני מורה על עיכוב ביצוע גזר הדין, למשך 10 ימים, זאת בכפוף להיוותרות תנאי השחרור שהיו עד כה על כנם, וכן הוצאת צו עיכוב יציאה מן הארץ כנגד הנאשם והפקדת דרכונו במזכירות בית המשפט.",train
"עתה נהג מונית, לא הובאה כל ראיה לכך כי הרשעה תבטל את רשיונו (שאף הוא לכשעצמו לא הוצג לי כלל), מה האפשרויות האחרות לפרנסתו, מה הרקע שלו בעבודתו כנהג מונית, תקופת העבודה, מעמדו בה וכל כיוצ\ב. טענה ערטילאית כאמור, אין בה כדי ללמד דבר על הנזק שעלול להגרם לנאשם מהרשעה ואינה מספקת לצורך ביטולה. ולבסוף, אינני בטוח שסוג העבירה מאפשר לוותר בנסיבות אלה על ההרשעה, מבלי לפגוע באופן מהותי בשיקולי הענישה האחרים, בתכלית החברתית שביסוד החקיקה בנושא זה ובמסר היוצא מבית משפט זה ביחס לסטנדרטים הנדרשים לצורך שמירה על קדושת החיים. בנסיבות אלה, לא מצאתי לנכון לבטל את ההרשעה. ולגופו של עניין: עבירות מסוג זה, ביחוד במערך היחסים שבין מעביד לעובדו מחייבת ענישה הרתעתית, של עבריינים בפועל ובכח מביצוע מעשים מסוג זה. מקומות עבודה, ביחוד עסק קטן ואינטימי מסוג זה בו בוצעה העבירה, הינם כר פורה לעבירות מהסוג הנדון ועל כן יש להוציא מסר ברור של הגנה ברורה ומוחלטת על עובדות ועובדים במקומות אלה. המדובר בקורבנות, שהגנתם לא זו בלבד שקשה להם יותר ומצומצמת יחסית, אלא שחשיפתם כלפי מבצע העבירה גדולה מהרגיל, תוך שקיימת תלות מובנית, מצד העובד כלפי מעבידו, כפי המקרה שבפנינו, שאינה מאפשרת בדרך כלל התגוננות נאותה. יתרה מכך, בעבירות מסוג זה שבפנינו, לעתים קרובות אינן מתגלות לאור העולם כלל בעטיה של התלות האמורה, המובעת בקשר שתיקה והשתקה. בנסיבות אלה, יש להרתיע עבריינים בכח ובפועל בענישה מחמירה ובמסרים ברורים, לפיהם לא תהיה סובלנות למקרים מסוג זה, וכי החברה לא תסבול כל מעשה כאמור, תהא הסיבה לו אשר תהא. כבודן של נשים בחברתנו, הינו לדעתי ערך עליון, ולא ניתן להפכו הפקר. זאת ועוד, המדובר בנאשם""",train
"את דעתי בעבירות האלמ\ב ציינתי במספר רב של פסקי דין ולפיה לא בא בחשבון בשום מצב שהוא, שאדם בכלל ובן זוג בפרט, יפתור את מחלוקותיו עם בן זוגו בדרך האלימות, מכל סוג ומין שהוא, ולא חשובה כלל הסיבה שהובילה אותו לכך. עוד ציינתי לא אחת, כי אלימות במשפחה הינה חמורה במיוחד, בעיקר כשהמדובר בנשים וילדים, שכן המדובר בקרבנות, שהגנתם קשה להם יותר מחד, ומאידך –חשיפתם רחבה מהרגיל, כלפי מבצע העבירה כלפיהם. בנסיבות אלה, אין ספק כי יש להרתיע עבריינים בכח ובפועל בענישה מחמירה. גם את עבירת הפרת ההוראה החוקית והדחה בחקירה אני רואה בחומרה והיא מצביעה לדעתי על זלזול בחוק ובאושיות המשפט. גם לעניין זה ציינתי לא אחת כי אם לא יקפיד בית המשפט עם נאשמים שהפרו את האמון שבית המשפט נתן בהם ויקל ראשו בענינם, יהיה בכך, לא רק משום זילות בית המשפט והחלטותיו, אלא גם משום פיתוי לעבריינים ובעקיפין אף לעידוד העבריינות. מצד שני ומבלי להקל חלילה ראש בחומרת העבירות, הרי שמעיון בתיקים עולה, שבאף אחת מהעבירות לא היתה אלימות פיזית של ממש וכל העבירות סובבות סביב עניינו הבלתי פתור, במועד ביצוע העבירות, עם גרושתו ועם ילדיו, ונובעות אולי, כך נראה, מחוסר יכולת הקומוניקציה הראויה, שיתכן ונובעת ממצבו הנפשי הגבולי. בנסיבות אלה נראה לי, כי אכן יש צדק בדברי הסניגור, לפיהם לא ניתן להתייחס לתיק זה בדרך סטנדרטית, וכי מאסרו של הנאשם, כיאה בדרך כלל למבצע עבירות מהסוג הנדון, הינה \""פשוטה\"" מדי בנסיבותיו המיוחדות של נאשם זה. זאת ועוד, העובדה כי המדובר בעבירות שבוצעו לפני שנתיים וחצי עד שנה וחצי, ומאז מחצית שנת 2004 לא נפתחו תיקים נוספים, לא כנגד גרושתו ולא בכלל, מלמדת""",train
"נפשיות שמצבו הרפואי הנפשי היה מורכב ואף התביעה ביקשה להביאו להליך טיפולי . בנסיבות האמורות, לא מצאתי כי פסקי הדין הנ\ל תורמים תרומה של ממש לענייננו. לאור כל האמור ולאחר ששקלתי את מכלול השיקולים כמפורט לעיל ובהינתן האמור כי המדובר ב – 4 אישומים, הנני דן את הנאשם כדלקמן: מאסר למשך 42 חדשים, מתוכם 30 חדשים יהיו לריצוי בפועל ומניינם מיום מעצרו (13.8.10), ויתרתם תהא על תנאי והתנאי הוא שלא יעבור משך 3 שנים מיום שחרורו ממאסר, עבירות שוד ו/או סחיטה באיומים ו/או ניסיון לעבור עבירות אלו. קנס כספי בסך 5,000 ₪ או 50 ימי מאסר תמורתו. הקנס ישולם בתוך 60 יום ממועד שחרורו.""",train
"בגז\ד של בית משפט השלום שהשית 12 חדשי מאסר בפועל, אף שציין שהמדובר בענישה מקלה, זאת נוכח אחידות ענישה אל מול הסדר טיעון של מעורב אחר, שכלל גם עונש מוסכם. בע\""פ (מח' נצ') 123/08 (זיאדאת), שם נגזרו 12 חדשי מאסר, הייתה ליבת הערעור בשאלה האם צדק בימ\""ש השלום בשאלת חפיפת תקופות מאסר אם לאו. בפ' (מח' חי') 15816-06-09 (זידאני) המדובר היה בתסקירים חיוביים אשר לימדו על תוצאה קשה במאסר, ובהודאה שבאה בעקבות הליך גישור שבעקבותיו שולם פיצוי משמעותי לקרבן. בפ' (מח' ת\""א) 40140/02 (בביליאן), המדובר היה בצעיר בן 19, חייל בשירות סדיר שבא ממשפחה מורכבת, ובאירוע בעל נסיבות מיוחדות בהן גונן הוא על אחיו חולה אפילפסיה ופגוע ראש ואשר תסקיר בעניינו קבע כי מאסר יהיה בעל תוצאה הרסנית לגביו. הנה כי כן, הנסיבות המפורטות בפסקי הדין שנסקרו לעיל, אינן מתקיימות בענייננו, ולפיכך, לא ניתן להסתמך עליהם בגזירת הדין כאן. עיון בתסקירי שירות המבחן מלמד, כי לא ניתן להגדירם כחיוביים. בעניינו של הנאשם 1 סבור שירות המבחן כי מתקשה הוא להתייחס לחלקים מכשילים או שאינם מחמיאים לו, כגון נסיבות מעורבותו החוזרת בפלילים, כשהרושם שהתקבל הוא מקיומם של דפוסי חשיבה והתנהלות עברייניים, וכשהוא נוטה לייחס את האחריות למעורבותו לגורמים חיצוניים. הוא מקבל על עצמו אחריות חלקית בלבד לביצוע העבירה, והשירות סבור כי קיימת רמת סיכון להישנות מעורבות בפלילים. נוכח האמור ממליץ השירות להטיל על הנאשם 1 עונש הרתעתי מוחשי. כך גם התרשמותו של השירות בעניינו של הנאשם 5, לפיה, בלט קושי בשיתוף, טשטוש, בעייתיות והסתרה, הצגת עמדה קורבנית וקושי לקבלת אחריות בביצוע העבירה. בנסיבות אלה נמנע השירות מהמלצה טיפולית גם בעניינו של הנאשם 5. כנגד השיקולים שפורטו לעיל,""",train
"כפי שתואר לעיל, הרקע לאירוע הוא סכסוך של מה בכך בין שני נהגי משאיות – הנאשם 1 והמנוח, אשר הנאשמים ונוספים מבני משפחתם החליטו ל\יישבו\"", על דרך הענשת המנוח ונקמה בו, באלימות קשה. ויודגש, אין המדובר בהתפרצות זעם רגעית, אלא בתקיפה מתוכננת היטב שנסיבותיה מעידות כי הנאשמים האמינו שהמדובר בדרך לגיטימית לפתרון סכסוכים, תוך זלזול בוטה בנורמות בסיסיות של חברה מתוקנת. בענייננו, הסתיים האירוע במותו של הקרבן. אמנם, עפ\""י עובדות כתב האישום לא זו היתה כוונתם של הנאשמים, אלא יצאו הם למסע נקמה מתוכנן בו ביקשו הם \""אך\"" לתקוף את הקרבן ו\""רק\"" לגרום לו לנכות, מום או חבלות חמורות. ער אני לכך שעפ\""י העובדות הם גם לא היו הגורם הישיר למותו, אלא היה זה מעורב אחר מבני משפחתם אשר עשה שימוש בסכין שברייה גדולה ודקר את המנוח למוות. עם זאת, לא ניתן להתעלם מנסיבותיו הכוללות של האירוע, ותרומתם של הנאשמים דנן לתוצאותיו. תרומה זו באה כמובן לידי ביטוי בהתקבצם של הנאשמים יחד לכלל חבורה גדולה של מעורבים, חסימת משאיתו של המנוח מלפנים ומאחור, ניתוק בלמי האויר שלה באופן שלא יוכל לברוח, יציאתם כאחד מכלי רכבם, תקיפתו המשולבת של המנוח בפער כוחות רב ע\""י כניסה למשאיתו משתי דלתותיה, יידוי אבנים בו ותקיפתו באלות, משיכתו החוצה והמשך תקיפתו במקלות ואבנים, ואף משהצליח להשתחרר ולברוח לשטח, לרדוף אחריו תוך המשך יידוי אבנים בו, ובסופו של דבר, למרבה הצער, דקירתו על ידי מעורב נוסף מבני המשפחה, הפקרתו כשהוא מדמם בשטח, והמלטות מהזירה. אכן, הנאשמים דנן לא הואשמו בגרם מותו של המנוח, ואולם ברור הוא שלא ניתן להתעלם מהצטברותם הכוללת זל\""ז של חלקו של כל אחד מהנאשמים בפרשה, שיסודה בהחלטה, מטרה""",train
"תמים דעים אני עם ב\כ המאשימה בדבר מסוכנותו הרבה של הנאשם, בכביש ומחוצה לו. המדובר בנאשם אשר עבר למרבה הצער עבירות אשר הפכו בעת האחרונה להיות נפוצות באופן המעורר דאגה של ממש, והפוגעות קשות בביטחון הציבור לשלומו ורכושו. לא זו בלבד שהנאשם גנב רכב וגרם לו נזק ניכר, אלא אף נהג בו באופן מסוכן ומופקר, תוך יצירת סיכון ממשי למשתמשים בדרך, בתעוזה עבריינית לא מבוטלת שבאה לידי ביטוי בזלזול בוטה בהחלטות בתי המשפט בעניינו, אשר פסלו אותו מנהיגה. אך בנס לא נסתיים האירוע בתוצאות קשות יותר, לאחר שלא נרתע ונמלט בנסיעה פרועה ומסוכנת, ולא שעה להוראת שוטר לעצור ואף נמלט מניידת משטרה שדלקה בעקבותיו ביער להב, וממסוק משטרתי שחג מעליו. אין צורך לחזור ולפרט את החומרה היתרה שבעבירות אותן ביצע הנאשם, עבירות היוצרות לא רק תחושה ציבורית קשה של חוסר בטחון אישי, אלא אף סיכון ממשי לזולת והתעלמות בוטה מהחוק ומפסקי הדין בעניינו. בשורת פסקי דין קבע בית המשפט העליון כי המדובר ב\""תופעה עבריינית קשה ומסוכנת שהפכה למכת אזור ואשר ענישתה חייבת לשקף מסר ברור של הרתעה והתראה\"" (ע\""פ 6398/07 אבולקיען נ' מדינת ישראל (מיום 20.2.08, לא פורסם). ראויים לעיון דברי בית המשפט העליון בע\""פ 6986/09 אורנשטיין נ' מדינת ישראל (מיום 15.3.10, לא פורסם): וכן ר' דברי בית המשפט העליון בע\""פ 9750/09 ליפייקו נ' מדינת ישראל (מיום 6.10.10 לא פורסם): בית משפט זה נדרש לא אחת, ולמרבה הצער לעיתים תכופות מדי, לעבירה הנמצאת בליבו של תיק זה ול\""תופעת המרדפים\"" אשר קנתה לה אחיזה במחוזותינו. תופעה חמורה זו, קוראת תיגר על שלטון החוק ושמה לאל את ביטחונם וחייהם של המשתמשים בדרך. האיסור הפלילי על סיכון חיי אנשים""",train
"יבוא של הרואין ל – 7.5 שנות מאסר. בעניינו מדובר בכמות של למעלה מפי 50! גם בע\פ 7141/07 (טראבין) נדון הנאשם בגין יבוא של הרואין ועבירות נלוות ל – 13 שנות מאסר. בפ' 70/79 (מח' נצ') (אבו ג'ומעא), נדון הנאשם ל – 8 שנות מאסר בגין יבוא הרואין וק\""ג אחד חשיש. בפ' 189/09 (מח' נצ') (הייב) נדון הנאשם ל – 9 שנות מאסר בגין יבוא של 9.9. ק\""ג הרואין. בפ' 3232-08-10 (מח' ב\""ש) (סעוד) שניתן לפני כחודש ימים, גזרתי 10 שנות מאסר על נאשמים שייבאו הרואין. מנגד, היפנה הסנגור לפ' 7158/08 (מח' חי) (אלהוואשי), שם נגזרו בהסדר טיעון בגין יבוא של סם מסוג הרואין בהיקף דומה 7 ו-12 שנות מאסר ואולם נתווספו לכך קנסות כספיים בסך 50,000 ₪, חילוט סך של 650,000 $ + 240,000 ₪ ושני כלי רכב. כן היפנה לע\""פ 4085/04 (אסרף) שם הפחית בית המשפט מעונשו של נאשם ביבוא קוקאין ל – 9 שנות מאסר, וזאת תוך שהדגיש שעושה כן רק על רקע כלל אחידות הענישה ביחס לשותפיו. ובפ' 1005/05 (מח' נצ') (זבידה) נגזרו 8 שנות מאסר בגין הרואין. יודגש כי פירוט האמור לא בא כדי לומר שחישוב הענישה הוא מתמטי גרידא ביחס להיקף כמות הסם, אלא אך כדי לתת מדד ביחס למקרים אחרים שנידונו. עם זאת אין ספק כי להיקף הסם שנתפס יש משמעות, ואחד משיקולי הענישה (אם כי לא הבלעדי) הוא נגזרת מנתון זה. ברור איפוא כי לא ניתן להתעלם מסוגו ומהיקפו העצום של הסם שנתפס למעלה מ- הרואין, והנזק והסיכון הפוטנציאלים העצומים הנובעים מכך, אשר קשה לתפוס אף את משמעותם. נראה כי לא יכולה להיות מחלוקת שכמות גדולה כל כך""",train
"עליהם 13 ו – 15 שנות מאסר בפועל. העובדות כמובן לא תואמות למיוחס לנאשמים בענייננו. בע\פ 175/10 (חנוכייב), המדובר היה שוב בסדרת דקירות שדקר הנאשם את המתלונן, בחזה, בבטן, בזרוע, בגב ובעורף והוא נפצע באורח קשה. באותו עניין לא הודה הנאשם וניהל משפטו ועל כן לא עמד לו עניין זה לקולא. נגזרו עליו 10 שנות מאסר. גם בעניין זה לא מתאימות העובדות למיוחס לנאשמים בענייננו. בת\""פ (מח' ב\""ש) 8020/08 (לייזרזון) המדובר היה בנאשם אלים מסוכן וסדיסט, בעל עבר פלילי קודם אשר ריצה ענשי מאסר קודמים גם כן בשל גילויי אלימות, שדקר את המתלונן קשות פעמיים, ניהל את הגנתו תוך אילוץ המתלונן להגיע 6 פעמים לבית המשפט, וממכלול התנהגותו עולים קוי התנהגות אנטי סוציאלית חמורה וקווי דמיון ברורים בין המעשים עליהם נידון. הנאשם שם לא הודה ולא הביע חרטה, אמפטיה או התחשבות, והתייחסותו למתלונן הייתה צינית ונטולת רחמים. בענייננו המדובר בנאשמים חסרי עבר פלילי, אשר הודו באשמה ללא ניהול המשפט, דבר שצריך לעמוד לזכותם. גם פסיקת ההגנה אינה תורמת תרומה של ממש לענייננו. כך למשל, בפ\""ח 1020/09 (אלנעאמי), המדובר היה בהסדר טיעון שנבע מקשיים ראייתיים משמעותיים. מדברי הסנגור בפרוטוקול הדיון עולה כי גם סעיפי האישום שונו ככל הנראה לעבירות קשירת קשר ולתקיפה סתם (אם כי לא הוצג לי כתב האישום המתוקן). ברור כי אין להקיש גזירה שווה. בתפ\""ח 32826-10-10 (טראבין), טרם נשמעו הטיעונים לעונש ועל כן לא ניתן לדעת מה היסוד להסדר הטיעון אליו הגיעו הצדדים. בת\""פ (מח' י-ם) 50523-12-10 (קבועה) המדובר בעבירות שונות מענייננו (קשירת קשר וניסיון תקיפה). בת\""פ (מח' י-ם) 3166/07 (אבו טיר), היה מדובר במחדלי תביעה ובתקיפה קודמת של המתלונן כלפי הנאשם ודקירתו, כשיוזמת""",train
"בענייננו, המדובר באדם בן 38 שעברו הפלילי אינו מכביד כלל ועיקר, אשר הודה, קיבל אחריות למעשיו והפנימם. ככל הנראה, אם כי אינני קובע מסמרות בדבר, לא היו הסמים שייכים לנאשם, הוא היה מובילם בלבד, וכי אכן היה הוא שרוי במצוקה בתקופה הרלוונטית, מצוקה שהובילה אותו לביצוע העבירה ואשר אינה מאפיינת את אורח חייו הרגיל. עיון בשתי ההודעות שמסר במשטרה ואשר הוצגו לעיוני כחלק מהטיעונים לעונש מלמד, כי אכן המדובר בעבריין בלתי מנוסה, שזו לו הפעם הראשונה בה מעורב הוא בעבירה מהסוג הנדון, ואשר ביצעה, לדבריו, מתוך לחץ ופחד. גם מצבו הרגשי במשטרה בא לידי ביטוי בעת חקירתו, עת מצא לנכון החוקר לציין, שהנאשם בוכה במהלך מסירת עדותו. מכל מקום, הרושם המתקבל מקריאת שתי ההודעות הוא, שאין המדובר בעבריין סמים קלאסי. ראוי גם להזכיר, כי הנאשם שהה במעצר ממש משך למעלה מחודש וחצי, אף זאת לראשונה בחייו. נ לדעתי, אינטרס ציבורי ראשון במעלה, כי נאשם שעבר דרך חיים כה מורכבת, ולמרות זאת נמנע מלהסתבך בפלילים, תוך ששיקם עצמו ולא הסתבך מאז ביצוע העבירה משך 5 שנים שוב בכל צורה שהיא, הוא לשלבו בדרך חיים נורמטיבית, אמנם תוך תשלום חובו לחברה באופן שהמשקף את מטרות הענישה ואולם מתוך זהירות שלא תפגע בשיקומו. ב ולבסוף, נדמה לי שהיה צדק רב בדברי ב\כ המאשימה לגבי רמת הענישה המתאימה, לו לא היה חולף זמן כה רב מאז ביצוע העבירה. ער אני לכך, כי חלק נכבד מהדחיות ניתנו לבקשת הנאשם, ואולם, משנעשה כן, ומשהוכיח הנאשם כי לא שב עוד לבצע כל עבירה שהיא משך קרוב לחמש שנים, אינני משוכנע לי כי קיים היום אינטרס ציבורי בשליחתו המחודשת למאסר בפועל, ביחוד על רקע""",train
"אתחשב בעברו הפלילי של הנאשם, אם כי לא אביאו בראש סדר השיקולים לחומרה בעניינו. במכלול האמור לעיל ובשקלול האיזונים שבין מטרות הענישה מחד לבין נסיבות הנאשם והעבירות שבוצעו מאידך, הנני דן את הנאשם כדלקמן: מאסר למשך 30 חדשים מתוכם 20 חדשים יהיו לריצוי בפועל, ויתרתם תהא על תנאי והתנאי הוא שלא יעבור משך 3 שנים מיום שחרורו ממאסר, עבירה בה הורשע. פיצוי כספי לכל אחד מהמתלוננים בכתב האישום המתוקן בסך של 5,000 ₪, אשר ישולמו בתוך 6 חדשים ממועד שחרורו ממאסר. הואיל והמדובר בעבירה שעניינה בין היתר הוא כלכלי, הנני מטיל על הנאשם קנס בסך של 10,000 ₪ או 5 חדשי מאסר תמורתו, אשר ישולם גם הוא עד המועד הקבוע בסעיף ב' לעיל. תשומת לב הנאשם להוראות סעיף 77(ג) לחוק העונשין תשל\ז 1977 ולפיו לעניין גבייה, דין פיצויים לפי סעיף זה כדין קנס, וסכום ששולם או נגבה על חשבון הקנס יזקף תחילה על חשבון הפיצויים. זכות ערעור לבית המשפט המחוזי תוך 45 יום מהיום. ניתנה והודעה היום ד' אייר תש\""ע, 18/04/2010 במעמד הנוכחים. נבקש כי הנאשם יחל לרצות את עונשו בתוך שבועיים, ביום 2.5.2010. אני מתנגדת לבקשה. הנאשם היה אמור להגיע ערוך לכניסה למעצר. התיק היה קבוע למתן גזר דין. כאשר התביעה עתרה מלכתחילה לעונש מאסר בפועל, כך שהעניין היה צפוי מראש. במידה ובית המשפט יעתר לבקשת הנאשם, נבקש להוסיף להפקדה הכספית המצויה בתיק, הפקדה משמעותית להבטחת התייצבותו. לגבי הערבויות, אני מבקש לציין כי הנאשם הוכיח כי התייצב לדיונים וניתן לסמוך עליו. נמצאים באולם גם שני ילדיו שיכולים לחתום ערבויות. לאחר ששמעתי את עמדות הצדדים ועל אף שיש צדק בדברי ב\""כ המדינה לפיה היה על הנאשם""",train
"מסכים אני עם ב\כ המאשימה, לפיה תופעת האלימות מתגברת ומחלחלת באופן מחריד בחברתנו, תוך שהורגלנו למרבה הצער בעת האחרונה, לראות באופן תכוף תיקים רבים מדי מסוג זה, והתופעה כולה הפכה להיות שכיחה באופן המעורר דאגה של ממש. הקלות הבלתי נסבלת בה נשלף נשק קר כפתרון למתחים בין צדדים, והזלזול הבוטה הנובע מכך בחיי אדם ובשלמות גופו, אינם יכולים ליהנות מסובלנות, ומחייבים עשיית מעשה, גם אם כואב הוא, של ענישה מרתיעה, תוך שחברה מתוקנת אינה יכולה בשום צורה להשלים עם נורמת התנהגות כזו. בתי המשפט על ערכאותיהם השונות, חוזרים שוב ושוב על הצורך למגר את \""תת תרבות הסכין\"" ופוטנציאל הנזק הכבד שהיא נושאת בחובה, על ידי הטלת ענשים מרתיעים להעברת מסר עונשי ברור וחד משמעי. בעבירות מסוג זה קיימת קשת ענישה רחבה, בהתחשב בסעיף האישום, בנסיבות המעשה (מספר דקירות, תוצאותיהן, מספר המשתתפים, הכנה וכו') וכן בנסיבותיו האישיות של העושה. עם זאת, צודקת ב\""כ הנאשם בציינה בהגינותה, כי מגמת הענישה היא להחמרה. ככלל משמעות המושגים \""החמרה\"" ו\""הרתעה\"" בנסיבות כגון אלה שבענייננו, למעט אם קיימות נסיבות חריגות שבחריגות, היא ענישה בדרך של מאסר בפועל. עיינתי בפסיקה שהמציאו לי הצדדים. מדובר בקשת ענישה הנעה בין עבודות שירות ועד מספר שנות מאסר, תיק תיק ונסיבותיו. באשר לנסיבות ענייננו, על אף חומרת המעשה והעובדה שנתלוותה לו יום למחרת עבירה נוספת של הפרעה לשוטר שעובדותיה חמורות לכשעצמן, קיימות במקרה דנן נסיבות מקלות רבות: ראשית באשר לנזק, הרי שבסופו של יום, על אף פוטנציאל הסיכון הרב, הנזק שנגרם בפועל תוצאת דקירה בודדת, לא היה מן החמורים, כך לפחות עפ\""י עדות הרופא עד התביעה ד\""ר אסף אקר (עמ' 74 לפרוטוקול ש' 11). יש להתחשב אף""",train
"עבודה. כמו כן אין מחלוקת בדבר העובדה, שלא נשקפה מהנאשם סכנה ביטחונית. אציין, כי הטענה שקודם הבאתו לדין, חי הנאשם בארץ עם אשתו תקופה ארוכה, נזקפת בעיני לחובתו דווקא ולא לזכותו, באשר מצביעה היא על זלזול בחוקי המדינה ובסמכותה לקבוע מי יכנס וישהה בתחומה. נ לאור כל האמור לעיל, ולאחר ששקלתי את האיזונים הנדרשים בין חומרת העבירה ורמת הענישה המתחייבת מחד, ובהביאי בחשבון שהמדובר ב-4 כניסות, אל מול נסיבותיו האישיות ונסיבות המקרה כמפורט לעיל, מאידך, ובהעדר הפרמטר הבטחוני או לפחות נחשב הוא כזניח בנסיבות הענין נשוא הנדון, החלטתי שלא להחמיר עם הנאשם ולא למצות עימו את הדין, כמבוקש ע\י ב\""כ המאשימה. כמובן שאין להתעלם מהאלמנט הכלכלי שבעבירה ועל כן, אף זה יובא בחשבון במנין שיקולי. בנסיבות הכוללות איפוא של תיק זה, החלטתי למקד את הענישה כצופה פני עתיד והנני גוזר על הנאשם את העונשים הבאים:""",train
"שקלול עובדות כתב האישום עם התיעוד הרפואי שהוגש במהלך הדיון (ת/17) ותמונות פציעתה של המתלוננת והנשק הקר אותו אחזו התוקפים (ת/3), מלמדות על אירוע אלימות חמור, שאך בנס לא הסתיים באופן קשה הרבה יותר, נוכח תקיפת המתלוננת ע\י הנאשם ושותפיו במוטות ברזל ובדוקרן, לא פחות מאשר בראשה, פניה ובחלקי גוף נוספים. המדובר בתקיפה אלימה, אכזרית ומתוכננת, באישון לילה, של שלושה שחברו להם יחדיו, כנגד אשת אביהם ובנוכחות בנותיה הקטינות. לא ניתן לסבול התנהלות מסוג זה של ישוב סכסוכים בדרך אלימות. לצערי, התגברה התופעה האמורה לכדי מכת מדינה של ממש והפכה שכיחה באופן המעורר דאגה ממשית לשלום הציבור, שלמות גופו, חייו ובטחונו. הקלות הבלתי נסבלת בה ננקטת אלימות כפתרון לסכסוך בין צדדים, והזלזול הבוטה הנובע מכך לשלום הציבור, אינם יכולים ליהנות מכל סובלנות שהיא ומחייבים ענישה מרתיעה, תוך שחברה מתוקנת אינה יכולה ואסור לה בשום צורה להשלים עם נורמת התנהגות כזו. עיון בהרשעתו הקודמת של הנאשם מלמד, כי העבירה נשוא הנדון בוצעה זמן לא רב יחסית, מעת שהסתיימה תקופת המאסר המותנה שהוטלה עליו בשל הרשעתו הקודמת, ושקלול עובדה זו ביחד עם העובדה כי בוצעה תוך ביצוע עבירה נוספת של הפרת הוראה חוקית והפרת תנאי מעצר בית ואיסור כניסה לעיר רהט, מלמדים שעניין לנו עם אדם שככל הנראה אין מורא החוק עליו, ועל כן יש איפוא להגן על החברה מפניו ולנסות להרתיעו, הוא וסביבתו, בדרך של הרחקתו ממנה לתקופה משמעותית. אין צורך לומר כי לא ניתן לקבל את הטענה לפיה היה חלקו של הנאשם קטן ביחס לשותפיו, הן בשל העובדה כי לא החל בתקיפה והן בשל אופי הפציעות הקונקרטיות שנגרמו בעטיה של תקיפתו. כל שלושת המעורבים חברו להם""",train
"חמורה ומרתיעה, כנגד עבריינים בכח ובפועל העומדים בדרכם, המכשילים את עבודתם והמהווים ללא ספק סיכון ציבורי. זאת ועוד, עבירות האלימות בכלל ועבירות האלימות נגד שוטרים בפרט, הפכו לתופעה מתרבה ומתגברת ועל כן מחייבות ענישה הרתעתית ממשית, של עבריינים בפועל ובכח מביצוע מעשים מסוג זה. בנסיבות אלה, יש להוציא מסר ברור של הגנה ברורה ומוחלטת שלפיו, לא תוכל החברה לסבול כל מעשה כאמור, תהא הסיבה לו אשר תהא. כך גם סדרת עבירות הרכוש שבוצעו על ידי הנאשם, כמו גם עבירות התעבורה בינהם נהיגה ללא רשיון וגרם תאונת דרכים (אם כי בתיק נפרד), אינם יכולים שלא לבוא לידי ביטוי בענישה הרתעתית, אשר לא ברור לי, כיצד 150 שעות של\צ יחשבו במצב הדברים המתואר ככזה. אף התנהלותו של הנאשם בבית המשפט, תוך בזבוז משאבים מערכתיים רבים, אינה יכולה להיחשב בשום צורה לזכותו. מאידך, ועל אף כל האמור, לא ניתן להתעלם לחלוטין מהזמן שחלף בהיבט השינוי שערך הנאשם, וממילא באינטרס הציבור לשיקום המתבקש בעניינו. על אף חוות הדעת החיוביות של שרות המבחן ונטייתי לקבל את המלצותיו בדרך כלל, באין מניעה מהותית שלא לעשות כן, לא אוכל לצערי לעשות כן בתיק זה. נראה לי, כי בענייננו, הענישה המומלצת על ידי שירות המבחן אכן אינה מידתית, אינה תואמת לאיזון המתבקש בין אינטרס הנאשם לאינטרס הציבור, ועל כן לא אוכל לאמצה. לא למיותר יהיה להזכיר, כי האמור בתסקיר שירות המבחן הינו בגדר המלצה בלבד, תוך שעל בית המשפט לאזן בין ההמלצה לבין שיקולים אחרים העומדים בבסיס מטרתה של הענישה הפלילית (ר' למשל רע\""פ 843/07 אבו גאנם נ' מדינת ישראל (מיום 25.2.07 – לא פורסם)). 14. בחינת האיזונים המתבקשים בין חומרת העבירות והיקפן, התנהלותו""",train
"המוגן בדיני התכנון והבניה, בא לידי ביטוי גם בדנ\א 1333/02 הועדה המקומית לתכנון ובניה רעננה נ' יהודית הורוויץ ואח', פ\""ד נ\""ח (6) 289 בעמ' 299: \""לקניין תפקיד חברתי. הוא צריך לשרת את טובת הכלל. \""הקניין הפרטי מהווה גם מקור לאחריות מיוחדת של הבעלים כלפי פרטים אחרים וכלפי החברה בכללותה\"" (ח' דגן, \""קניין, אחריות חברתית וצדק חלוקתי\"", צדק חלוקתי בישראל 97, 100 (בעריכת מ' מאוטנר, 2000)). \""הגשמתה של אחריות מיוחדת זו מצריכה חקיקה, כגון חוקי תכנון ובניה, חוקים לשמירה על הסביבה וחקיקה המגינה על יצירות אמנות שלציבור עניין בהן\"" (ע\""א 5546/97, פסקה 7 לפסק דיני)... ... ביסוד תפישה זו מונחת המציאות כי המקרקעין - ואני מתרכז עתה בהיבט זה של הקנין - הוא משאב לאומי. כמות המקרקעין אינה ניתנת להגדלה. חיי החברה מותנים ביכולת הציבור לעשות שימוש במקרקעין, כגון לבנות כבישים, לסלול מסילות, להסדיר אמצעי תקשורת, להבטיח בנייתם של מוסדות ציבור, לשמר עתיקות ונכסים תרבותיים, לשמר שטחים פתוחים, ולקיים שמירה על בטחון הציבור ושלומו. . . כל אלה הופכים את קנין המקרקעין לקנין שמימד האחריות החברתית בו הוא חשוב. שיקולים אלה ואחרים מחייבים מתן כח למדינה לפגוע בקנין הפרטי כדי לקיים את אינטרס הציבור. בכך מתבטאת האחריות החברתית המיוחדת של הקנין הפרטי. דיני התכנון והבניה הם אחד המכשירים החשובים, דרכם מוגשמת האחריות החברתית של הקניין...דיני התכנון והבניה משמשים כיום כלי להשגת יעדים חברתיים ראשונים במעלה כטיפול בצרכי נכים וקבוצות חלשות...בכל אלה, גישתם של דיני התכנון והבניה היא מאזנת. הם מאזנים בין פרט לכלל, בין הקנין של היחיד לבין צרכיו של הציבור (ראו ע\""א 8797/99 אנדרמן נ' ועדת הערר המחוזית (טרם פורסם))\"". ובבג\""צ 2683/92 מכבים ישוב קהילתי במודיעין""",train
"חובה לבקשו מכוח הדין. וכך אף נאמר ע\י כב' השופט שפירא בת\""פ (מחוזי-חיפה) 360/00 מדינת ישראל נ' אמיר בן מחמוד נמיראת, פדאור (לא פורסם) 00 (7) 5 : במסגרת השיקולים להקלה בעונש שקלתי גם את המלצת שירות המבחן . הלכה היא כי המלצת שירות המבחן אינה מחייבת את בית המשפט. חובה להביא אותה במסגרת השיקולים ואולם אין חובה לאמץ את ההמלצה. עמדה זו מגלמת בתוכה את תפקידי הגורמים השונים במשפט. רשויות החקירה חוקרות את מכלול הפרשה על כל היבטיה, ומעבירים את החומר שנאסף לידי רשויות התביעה על מנת שאלה יחליטו על סמך הראיות שבתיק, באם לסוגרו, להגיש כתב אישום וכיוצ\""ב. מעת שהוגש כתב אישום, התביעה מתרכזת בהוכחת האשמה והסניגוריה בהוכחת חפותו, לימוד זכות ושמירה על הליך נאות של הנאשם. מעת שהוכרע דינו של הנאשם לחיוב, יש וישלח בית המשפט את הנאשם לשירות המבחן לשם קבלת תסקיר בעניינו, שיסייע לבית המשפט להגיע למסקנה כזו או אחרת ביחס לענישה הרצויה והראויה, ויש שיגזור דינו לאור הראיות שהובאו על ידי הצדדים. ברם המלצות השירות אינן מחייבות לא את בית המשפט ואף לא את רשויות התביעה. הרשות התובעת מייצגת את האינטרס הציבורי הרחב, לאור היבטים שונים הנגלים בין היתר מנסיבות העבירה וחומרתה, ולעיתים לא מעטות, אף שוקלת את האינטרס הציבורי בשיקום הנאשם אף בדרך של הימנעות מהרשעה. כל מקרה ונסיבותיו. יפים הדברים שהובאו בע\""פ 344/81 מדינת ישראל נ' שחר סגל, לה (4), 313 : צודקת ב\""כ המאשימה בטענתה כי התסקירים שלפנינו, העלו מסקנות שונות, על אף העדר שוני אובייקטיבי מובהק בין עובדות המקרה כפי שנלמדו ע\""י אנשי השירות. כל שהשתנה הוא היענותו של הנאשם לריצוי עונש במסגרת שירות לתועלת הציבור.""",train
"כי ראוי לגזור, עונש שאינו מאסר ממש, אף אם מופחת, וזאת לאור הנסיבות החמורות שתוארו לעיל. לאור כל האמור ולאחר שקילת האיזונים בין חומרתה הרבה של העבירה ומטרות הענישה מחד, לבין הנסיבות שתוארו לעיל מאידך, הנני דן את הנאשם כדלקמן: מאסר למשך 15 חדשים מתוכם 8 חדשים יהיו לריצוי בפועל והיתרה תהא על תנאי, והתנאי הוא, שלא יעבור משך 3 שנים מהיום, עבירה בה הורשע. מהמאסר בפועל יש לנכות 6 ימי מעצר שרוצו על ידי הנאשם. קנס כספי בסך 5,000 ₪ או 50 ימי מאסר תמורתו. הקנס יקוזז מהכספים שהופקדו בתיק ב\ש 2796/03. פסילה מקבל או מהחזיק רשיון נהיגה לכל סוגי רכב מנועי, למשך 24 חדשים שמנינם מהיום. ו מורה על חילוט מוצג 465/03, תחנת ב\""ש, לטובת המדינה, זאת במסגרת הסכמת הצדדים. אני מבקש לאפשר לנאשם להתחיל את מאסרו מיום ראשון הקרוב, זאת לצורך התארגנות. אני מתנגדת לעיכוב ביצוע גזר הדין. אנו טעננו לעונש למעלה מחודש וביקשנו מאסר בפועל. הנאשם היה צריך להיות ערוך לאפשרות הזו, במיוחד כאשר הוא לא שיתף פעולה עם ממונה עבודות השירות. לאחר שבית המשפט גזר את דינו של הנאשם, עולה חשש שהנאשם ימלט מריצוי עונשו, לחילופין, ומידה ובית המשפט ישקול לקבל את ההצעה, אני מבקשת שבית המשפט יורה על ערבויות מתאימות. על פי הלכת שוורץ, אינני מבקש לעכב את העונש כפי שחברתי חושבת, למרות שניתן להעתר לה. הנאשם התייצב לכל הדיונים ויש הפקדה של 5,000 ₪ בקופת בית המשפט. אנו מבקשים בסך הכל 3 ימים. נ לבקשת ב\""כ הנאשם ועל מנת לאפשר לו הערכות מתאימה, אעתר לבקשה זאת בכפוף לתנאים הבאים: - עיכוב יציאה מן הארץ כנגד הנאשם.ב הפקדת סכום מזומן""",train
"איפוא את האמור, הנני גוזר על הנאשם את העונשים הבאים: מאסר למשך 9 חדשים, מתוכם חמישה חדשים יהיו לריצוי בפועל והם ירוצו בעבודות שירות, כמפורט בסעיף ב' להלן, והיתרה תהא על תנאי והתנאי הוא שלא יעבור משך 3 שנים מהיום כל עבירה לפי פקודת הסמים המסוכנים [נח], תשל\ג-1977. עבודות השירות יתבצעו בבית החייל בבאר שבע, בפיקוח הגב' עליזה דדון והממונה על עבודות שירות, בימים א' – ה' בין השעות 08:00 ועד השעה 16:00. תחילת העבודות תהיה ביום 26.2.08. ככל שיהיה צורך בשינוי מקום ההשמה, יוכל הממונה על עבודות שירות לעשות כן ישירות, תוך מסירת הודעה על כך לבית המשפט. הנאשם יתייצב בפני הממונה לצורך קליטה והצבה, במועד שנקבע לתחילת ביצוע העבודות, לא יאוחר מהשעה 08:00 בבוקר, במפקדת מחוז דרום, יח' עבודות השירות באר שבע (ליד כלא באר שבע – אוטובוס אגד מס' 46 מהתחנה המרכזית). מובהרת לנאשם חובתו לעדכן את משרד הממונה בכל שינוי, ככל שיחול כזה בכתובת מגוריו. כן מוזהר הוא בזה, כי כל הפרה בביצוע עבודות השירות, לרבות שימוש בסם במהלכן, עלולה להביא להפסקתם ולריצוי העונש במאסר ממש. קנס כספי בסך 2,000 ₪ או 10 ימי מאסר תמורתו. הקנס ישולם עד יום 30.1.08לטובת הקרן למלחמה בסמים. 54678313פסילה מלקבל או מהחזיק רשיון נהיגה למשך 11 חדשים שמנינם מהיום.""",train
"הפעלה בן 12 חדשים, אשר אף הוא לא הרתיעו. זאת ועוד, לבקשת בא כוחו של הנאשם, נשלח עניינו לבחינת שירות המבחן, ואולם למרבה הצער, מסתבר שגם השירות התרשם באופן שלילי מהנאשם ולא מצא לנכון לבוא בכל המלצה טיפולית בעניינו. בנסיבות אלה, צודקת ב\כ המאשימה, כי המדובר בעבריין שאין מורא הדין עליו, והמסקנה המתבקשת היא איפוא, כי נסיבותיו האישיות של הנאשם, הקשות ללא ספק, דינן להדחות אל מול האינטרס הציבורי ויש לגזור עליו עונש, שלא יהיה הרתעתי בלבד, אלא אף יגן על הציבור מפניו, תוך הרחקתו ממנו לפרק זמן משמעותי. בד בבד עם כל האמור, לא אתעלם ממצוקת חייו של הנאשם ומנסיבותיו האישיות המיוחדות והלא קלות כלל ועיקר, כמפורט בהרחבה לעיל בדברי ב\""כ הנאשם ובתסקיר שירות המבחן. כן אזקוף לזכותו את עובדת הודייתו בשלב מוקדם יחסית של הדיון טרם תחילת שמיעת ההוכחות בתיק, וחסכון בזמן השיפוטי עקב כך, לא רק בענייננו, אלא בשני תיקים נוספים התלויים ועומדים כנגדו. כן אתחשב בעובדה, כי על אף האלימות המתוארת לעיל, לא הובאה בפני ראיה כלשהי לחבלות שנגרמו למתלונן כתוצאה מהתקיפה האמורה ואניח איפוא לזכותו של הנאשם, כי לא היו כאלה. ולבסוף, אתחשב אף בעובדה, כי העבירות נשוא הנדון הינן, ככל הנראה, תולדה של התמכרות לסמים בה מצוי הנאשם. בעניין זה ונוכח סיפת תסקיר שירות המבחן בדבר \""ביטויים מילוליים\"" מצד הנאשם ברצונו לעבור הליך גמילה, אביא אף עניין זה לזכותו. לאחר ששקלתי איפוא את האיזונים שבין חומרת העבירות מחד לנסיבותיו האישיות של הנאשם מאידך, לא אמצה עימו את הדין והנני דן אותו איפוא כדלקמן: מאסר למשך 55 חודשים, מתוכם 4 0 חודשים יהיו לריצוי בפועל, והיתרה תהא על תנאי, והתנאי הוא""",train
"אין צורך להזכיר את פסיקתם של בתי המשפט השונים, לפיה חייבת לבוא כנגד עבירות מהסוג הנדון ובמסגרת המלחמה בנגע הסמים, תגובה ממשית ומרתיעה. עבירות אלה טומנות בחובן תוצאות הרסניות, פוגעות קשות בציבור ועל-כן, מחייבות מדיניות ענישה מחמירה וכל מאות ואולי אלפי פסקי הדין שנכתבו בענין זה אינם צריכים איזכור, נדמה שהפכו לידיעה שיפוטית, שכל המוסיף עליהם – גורע. גם הכמות הגדולה יחסית של הסם משמשת בעיני שיקול לחומרה. עם זאת, אינני יכול להתעלם מהעובדה, כי מתסקיר שירות המבחן עולים מספר אפיונים חיוביים, לרבות באשר לנסיונו של הנאשם להשתלב במסגרת עבודה מסודרת, בה מצליח הוא להתמיד מזה זמן לא מבוטל. עוד לא ניתן להתעלם מהעובדה, כי המדובר בעבירה שבוצעה לפני למעלה משלש שנים ומאז לא נפתח לנאשם כל תיק נוסף. גם עברו הפלילי, מבלי להקל ראש, אינו מכביד, ושתי העבירות היחידות הרשומות בו, הינן בנוגע לשימוש עצמי בסם, אותו לא מכחיש הנאשם ואשר בוצעו בשנים 1996 ו-1998. מאז לא הסתבך הנאשם שוב, למעט בתיק נשוא ענייננו. אציין, כי אינני מייחס את ניהול ההוכחות בתיק כשיקול לחומרה בתיק זה ואני רואה זאת כזכותו של הנאשם בניסיון להוכחת חפותו, בייחוד נוכח העובדה כי הגנת הנאשם התמקדה בנקודה קונקרטית, תוך שויתר על מספר עדי תביעה אשר היו רשומים בתיק זה. בנסיבות אלה ודאי לא ניתן להסתפק במאסר מותנה כהצעת הסניגור ונראה לי כי ביצוע מאסר בעבודות שירות בתוספת מאסר מותנה, יש בו כדי להוות איזון הולם, בין חומרת העבירה ונסיבותיו האישיות של הנאשם ויש בו כדי להרתיעו מהסתבכות נוספת, תוך מתן הזדמנות לעלות על דרך הישר ולא לדרדרו בשלב זה למאסר ממש, על כל המשתמע מכך. בנסיבות אלה ולאחר ששקלתי",train
"בקיום שלטון החוק ובאכיפת החוק. חוק התכנון והבניה חותר להגשים מטרות הנעוצות בטובת הכלל בדרך של הסדרת השימושים בקרקע וקביעת אמות מידה לבנייה, בהתחשב בשיקולים ובאינטרסים שונים. למימוש מטרות אלה, קובע החוק עקרונות של סדר ציבורי ואמות מידה להתנהגות מחייבת בתחום זה. בנייה או שימוש בקרקע בדרך בלתי חוקית הסותרת את דיני התכנון, נוגדים את אינטרס הציבור וחותרים תחת מושגי יסוד של שלטון החוק. פעולות בנייה ופיתוח המנוגדות לחוקי התכנון, פוגעות באינטרסים של פרטים ושל הציבור גם יחד. קידום טובת הציבור והפרט מחייבת כי פיתוח ובנייה ייעשו על-פי החוק ועל פי תכניות והיתרי בנייה שהוצאו על-פי דין ... ...היבט ההגנה על שלטון החוק בקיום דיני התכנון חשוב לא רק להבטחת השיטה והמנגנון הראויים לניצול יעיל של הקרקע במדינה, אלא גם כמסר חינוכי לפרט בחברה, בדבר החובה לכבד את הנורמות המחייבות על-פי הדין, הן ככלל, והן בתחום הבנייה ופיתוח שטחי הארץ בפרט. עצימת עין מהפרת שלטון החוק בתחום אחד של הפעילות האנושית, סופה שתביא לזלזול בחוק גם בתחומי חיים אחרים. כיבוד הדין, ויישומו בכל תחום, ובכלל זה בתחום התכנון והבניה, מהווים יסוד הכרחי לקיום החברתי ותנאי לתקינות פעילותו\. (סעיפים 37-41 לפסק הדין). מימד האחריות החברתית והערך המוגן בדיני התכנון והבניה, בא לידי ביטוי גם בבג\""צ 1161/06 - תנועת \""אנחנו על המפה\"" נ' שר הבטחון, (2007 - טרם פורסם), בדנ\""א 1333/02 הועדה המקומית לתכנון ובניה רעננה נ' יהודית הורוויץ ואח', פ\""ד נ\""ח (6) 289 בעמ' 299 וכן ר' גם בג\""צ 2683/92 מכבים ישוב קהילתי במודיעין ואח' נ' הועדה לבניה ומגורים במחוז מרכז ואח', פ\""ד מ\""ח (1) 535 בעמ' 542 ובג\""צ 2920/94 אדם טבע ודין – אגודה ישראלית להגנת""",train
"המדובר בעבירות שלא זו בלבד שקל יחסית לבצען באמצעות פעולה חשבונאית פשוטה יחסית, אלא שגם איתורן וגילויין בעייתי תוך שקיים קושי להתגונן מפניהן, ועל כן יש בהן דרגת חומרה מיוחדת המצדיקה עונש שיהיה בו כדי לשגר מסר הרתעה חד משמעי, לעבריינים בפועל ובכח בתחום זה. באשר להחזר הכספים למתלונן על ידי הבנק: כאמור, לא הובאה אסמכתא לאמור ואולם, אניח שכך הוא הדבר. הפסיקה שהובאה לעיוני על ידי ב\כ הצדדים, מלמדת על קשת ענישה הנעה בין 30 חדשי מאסר לבין 60 חדשי מאסר – תיק תיק ונסיבותיו שחלקם אינם תואמים לנסיבות ענייננו, ואולם המשותף לכל פסקי הדין, לרבות אלה שהובאו על ידי הסנגוריה, היא החומרה שבה ראו בתי המשפט מעשים מסוג זה ובהתאם השתת מאסר בפועל (שלא בעבודות שירות) ולתקופות שאינן מבוטלות (התקופה המינימלית שנפסקה בגין גניבת 1 מליון ₪ היתה 30 חדשי מאסר בפועל (ע\""פ 6941/04 מדינת ישראל נ' מזל פורטל (מיום 13.1.05 – לא פורסם [פורסם בנבו]) וע\""פ 72220/04 מדינת ישראל נ' מרדכי כהנים (מיום 26.4.06 – לא פורסם [פורסם בנבו]), בו נפסקו 30 חדשי מאסר בפועל בגין גניבת 580,000 ₪, תוך שבית המשפט הדגיש באותו עניין שבהיותו ערכאת ערעור, נמנע הוא מלמצות את הדין). תסקיר שרות המבחן שהוגש בעניינו של הנאשם, לא בא כאמור בהמלצה טיפולית כלשהיא. יתרונו הוא הנלמד ממנו לגבי נסיבותיו האישיות של הנאשם. כנגד שיקולים אלה, אכן עומדת לזכותו של הנאשם עובדת חזרתו ארצה והודאתו המהירה בביצוע המיוחס לו, תוך חסכון בזמן שיפוטי רב. גם נסיבותיו האישיות שמסכים אני שלא היו קלות ועל אף שאין בהן כמובן הצדקה לביצוע המעשים, תיזקפנה לזכותו. אעיר, כי התרשמתי גם מכנות חרטתו כפי שהובעה בפני,""",train
"מעבר לעובדת נפיצותן של עבירות הרכוש והאלימות שפוקדות את החברה בישראל בעת האחרונה, ובכללן עבירות השוד ופגיעתן בשלוות חיי האזרחים מן השורה וברכושם, הרי שהמדובר בענייננו גם בעבירה שתכליתה רווח קל, הגורמת לתחושה קשה של חוסר בטחון אישי ונזקים כלכלים משמעותיים, כמו גם סיכון לפגיעה בגופם של קרבנות העבירה. בנסיבות אלה, צודקת ב\כ המדינה בעתירתה לענישה חמורה, להרתעת עבריינים מסוג זה והגנה על הציבור מפניהם. עיינתי בפסקי הדין אליהם היפנני הסניגור, הן באשר לקביעת הליך גמילה והן באשר לגזרי דין שהוטלו במקרים דומים, ולא מצאתי כי תורמים הם תרומה של ממש לענייננו. באשר להפנייה לאפיק הטיפולי, הרי שבפ' (מח' ב\""ש) 8267/06 היה מרכז הכובד \""מקרה נדיר\"" (כהגדרת ביהמ\""ש שם) של הליך גמילה ושינוי משמעותיים ביותר שעבר הנאשם. בפ\""ח (מח' נצ') 527/07 התרשם השירות מסיכוי טוב לשיקום, כשהמדובר היה בעבירות שבמהותן אינטרס ציבורי לטיפול. בפ' (מח' ב\""ש) 8354/06 המדובר בנאשם צעיר ללא כל עבר פלילי שהוא, ממשפחה נורמטיבית, שריצה עד אותו מועד 10 חדשי מעצר ממש, כשהמתלונן עצמו הביע רצון רב לגישור, ולכך התלוותה גם המלצת שירות המבחן. בע\""פ 8092/04 הגדיר בית המשפט את עניינו של הנאשם כבעל \""הישגי שיקום מיוחדים שהושגו בהשקעה רבה מצד הנאשם ומערכת הרווחה\"". ולבסוף, בפ' (מח' ב\""ש) 8036/99, המדובר היה המלצת שירות המבחן ורשות הרווחה לגבי נאשם שעבר טיפול אינטנסיבי, ואף התביעה עצמה ביקשה מצידה לממש אופציה טיפולית. באשר להיקף הענישה במקרים דומים: בפ' (מח' ב\""ש) 8046/09 המדובר היה בהסדר טיעון מוסכם לעניין הענישה, לנאשם צעיר בגילו (24 חדשי מאסר), בפ' 8288/09 (מח' ב\""ש) הוטלו 26 חדשי מאסר על נאשם שאובחן כסובל מבעיות נפשיות קשות ושטרם מעצרו שהה במסגרת טיפולית. בע\""פ 1598/07""",train
"קובע כי שני המאסרים המותנים שהושתו על הנאשם הינם ברי הפעלה, בשל אופי העבירה, כעבירת אלימות. ב השאלה שנותרה איפוא, הינה האם אכן יש להפעיל את המאסרים המותנים באופן מצטבר כבקשת המדינה, או שיש להפעיל רק את המאסר המותנה בן 4 החדשים כבקשת ב\כ הנאשם. הנאשם הספיק לצבור בתוך 3 שנים, 6 רישומים פליליים בעבירות אלימות, רכוש, סמים והפרת הוראה חוקית. יחד עם זאת וכאמור לעיל, אופי הארועים אינו מן החמורים, בנסיבות אלה נראה לי כי הפעלה במצטבר של המאסרים המותנים אינה הולמת את נסיבות העניין. גם הודייתו של הנאשם תעמוד בעיני לזכותו. בנסיבות אלה אפעיל את המאסרים המותנים באופן חופף זה לזה וכך אגזור איפוא את עונשו: מפעיל את המאסרים המותנים התלויים ועומדים כנגד הנאשם מת.פ 4598/03 (בן 6 חדשים) ומת.פ. 4348/01 (בן 4 חדשים) שניהם של בית משפט השלום בבאר שבע, אשר ירוצו בחופף זה לזה.ו""",train
"בית משפט זה פסק לא אחת, כי כנגד עבירות מהסוג הנדון ובמסגרת המלחמה בנגע הסמים, חייבת לבוא תגובה ממשית ומרתיעה. הפצת הסם הפכה נגע ממאיר שפשט בחברתנו לממדים עצומים, אשר הורס כל חלקה טובה לרבות בקרב ילדים ובני נוער, ובית המשפט חייב להוציא תחת ידו מסר ברור, לפיו יענשו כל התורמים להפצת הסם במלוא חומרת הדין. עבירות אלה טומנות בחובן תוצאות הרסניות, פוגעות קשות בציבור ועל-כן, מחייבות מדיניות ענישה מחמירה ומרתיעה. אף הפסיקה הענפה שיצאה מבתי המשפט השונים, חזרה והדגישה את החומרה היתרה הטמונה בעבירות סמים, ואת הצורך במדיניות ענישה מחמירה, אשר מטרתה להלחם בנגע זה ולהקטין את ממדיו. בנסיבות אלה, ובמיוחד על רקע חומרתה של העבירה - עבירת הסחר בסם, יש לתת עדיפות לשיקולים של הגנה על האינטרס הציבורי ומשקל מועט יותר לנסיבותיו האישיות של הנאשם העומד בפני בית המשפט לדין. ו מאידך, לא ניתן להתייחס לכל תיק בהתאם להגדרת העבירה בו בלבד, ויש כמובן לבדוק את נסיבותיו, קודם שיפסק דינו. יתרה מכך, גם הגדרת העבירה עצמה כ\סחר בסם\"", אין משמעותה \""תעריף\"" עונשי חד ערכי, ואף בעניין זה יש לבדוק את נסיבותיו של כל ארוע. לעניין זה אזכיר, כי אף המאשימה עצמה, אינה מבקשת בכל תיק שעניינו סחר בסם עונש מאסר בפועל, ולעניין זה ניתן להביא כדוגמא, את תיק פ' 4019/02 מדינת ישראל נגד אברמוב (לא פורסם) שהתנהל בפני, לפני מספר ימים בלבד, בו הסכימה המאשימה להארכת מאסר מותנה תלוי ועומד כנגד נאשם בסחר בסם, תוך העמדתו במבחן טהור. לבקשת ב\""כ הנאשם עיינתי בחומר שהוצג בפני כראיות לעונש, זאת לצורך בחינת שאלת ההדחה הנטענת. אין מחלוקת כי הקשר בין הנאשם לסוכנות נוצר ביוזמת הסוכנות. אין""",train
"עיון בגליון הרשעותיו של הנאשם מלמד, כי המדובר אכן בנאשם שמסוכנותו הציבורית רבה וכי עברו כולל בתוכו 28 רישומים קודמים, החל משנת 1987 בבית המשפט לנוער ועד לאחרונה ובמסגרתם ריצה אף תקופות מאסר בפועל ממושכות. הרישומים מלמדים על מגוון עבירות רכוש, אלימות, סמים ועבירות רבות של בריחה ממעצר. כן תלוי ועומד כנגדו מאסר מותנה בר הפעלה בן 8 חדשים. בנסיבות אלה, אכן יש טעם בדברי ב\כ המאשימה בדבר עברו המכביד של הנאשם ומסוכנותו. זאת ועוד, לבקשת בא כוחו של הנאשם, ניתנה לו ההזדמנות להפניה לאפיק טיפולי ואולם למרבה הצער, לא שיתף הוא פעולה ולא הביע נכונות אמיתית להשתלב בכך, תוך שבשלב מאוחר יותר, אף נעצר. בנסיבות אלה, צודק ב\""כ המאשימה, כי המדובר בעבריין רצידיבסט שאף מאסר מותנה שריחף מעל ראשו, לא הרתיעו מביצוע העבירה, והמסקנה מכך ככל הנראה היא איפוא, שלא נותר אלא לגזור עליו עונש, שלא יהיה הרתעתי בלבד, אלא שתכליתו תהיה אף ואולי בעיקר, הגנת הציבור מפניו. אציין כי תמים דעים אני עם ב\""כ המאשימה, לפיה הפכה העבירה נשוא הנדון להיות מכת מדינה ובבחינת טרדה חברתית לא מבוטלת שיש לתת את הדעת עליה, וקונקרטית, ליתן ענישה כזו שתרתיע עבריינים בפועל ובכח מביצועה. בד בבד עם האמור, לא אתעלם ממצוקת חייו של הנאשם, כפי שבאה לידי ביטוי בדברי בא כוחו ובתסקיר שירות המבחן וכמובן מהודייתו ועל כן לא אמצה עימו את הדין. לאור כל האמור לעיל, הנני גוזר על הנאשם את העונשים כדלקמן: מאסר למשך 22 חודשים, מתוכם יהיו 12 חודשים לריצוי בפועל, והיתרה תהא על תנאי, והתנאי הוא שלא יעבור משך 3 שנים מיום שחרורו כל עבירה לפי פרק יא' לחוק העונשין תשל\""ז-1977, למעט""",train
"יהיו 12 חודשים לריצוי בפועל ומהם תנוכה תקופת מעצרו בפועל (מיום 18.2.04 ועד יום 22.9.04), והיתרה תהא על תנאי והתנאי הוא שלא יעבור הנאשם עבירה על פקודת הסמים המסוכנים [נח], תשל\ג – 1973, למעט עבירה של החזקת סמים לשימוש עצמי, וזאת למשך 3 שנים שמניינם מהיום. ו כמו כן, מורה על פסילה מלהחזיק או מלקבל רישיון נהיגה למשך 3 שנים שמניינם מהיום. מורה על השמדת מוצגים 38/04 ו- 39/04 של תחנת ערד, בכפוף לחלוף תקופת הערעור. ניתנה היום י\""א בטבת, תשס\""ה (23 בדצמבר 2004) במעמד הצדדים. אבקש עיכוב ביצוע. הנאשם משוחרר כבר 3 חודשים על פי החלטת ביהמ\""ש. הוא החל תהליך של גמילה ביום 22.9.04, הוא השתתף בהליך זה בהצלחה וללא שום הפרה של הוראות ביהמ\""ש. פסק דין המנחה בעניין זה, הינו, ע\""פ 111/99 שוורץ נ. מדינת ישראל, שבו נאמר שאין צורך להצביע על סיכוי ערעור בולטים על מנת שבימ\""ש יעכב ביצוע של מאסר בפועל ודי להצביע על סיכוי ערעור לכאוריים. במקרה דנן, אני מצהיר כי אגיש ערעור על חומרת העונש והנימוקים כדלקמן: מדובר בהרשעה ראשונה של הנאשם בעבירה כל כך חמורה וזו פעם ראשונה שהוא נשלח למאסר בפועל. משלוח הנאשם למאסר כעת יפסיק את הליך הגמילה בו הוא נמצא כעת ולמעשה יעמיד עובדה מוגמרת בפני ביהמ\""ש המחוזי. ברור כי הטענה העיקרית שלי בפני ביהמ\""ש המחוזי כי על הנאשם להמשיך בהליך הגמילה. ואולם, אם ביהמ\""ש לא יעתר לבקשתי לעכב את ביצוע העונש, יאבד הערעור מחוזקו וטענה עיקרית זו תאבד את חוזקה. לא למותר לציין, כי אביו של הנאשם נמצא באולם ביהמ\""ש, ליווה אותו כל פעם למרכז יום בבאר שבע וגם היום לדיון והוא יערוב לו עד""",train
"את העונש ויוגש ערעור, יעקר את תכליתו.",train
"מיום מעצרו (28.12.04), והיתרה תהא על תנאי והתנאי הוא כי לא יעבור משך 3 שנים מיום שחרורו, כל עבירת אלימות לרבות עבירת איומים כלפי מי מבני משפחתו, כהגדרת בן משפחה בחוק למניעת אלימות במשפחה תשנ\א – 1991. בתקופה זו הבאתי בחשבון אף את ימי מעצרו של הנאשם בין התאריכים 9.5.04- 23.5.04 אשר לא נעלמו מעיני. הפעלת המאסר המותנה בן החדשיים התלוי ועומד כנגד הנאשם מת.פ. 2568/01, של בית משפט השלום בבאר שבע, אשר ירוצה חציו בחופף לעונש המאסר שהוטל בסעיף א' לעיל וחציו במצטבר לו. ג. סה\""כ ירצה הנאשם 11 חדשי מאסר בפועל שימנו מיום 28.12.04.""",train
"ברורים. נזקק לעזרה בתפקודיו היומיומיים ולא יצר קשר עם הסובבים אותו. בהמשך אושפז בכפייה ומשהתייצב מצבו, הוחזר לכלא . לאחרונה חלה הטבה משמעותית במצבו, אם כי גם כיום סובל ממצוקה נפשית ומוגדר כעצור בסיכון המצוי בתנאי השגחה גבוהים. בנסיבות אלה ממליץ שירות המבחן להסב תשומת לב שב\ס לסיכון בהתדרדרות מצבו והמשך פיקוח לרבות פיקוח רפואי. כנגד חומרת האירוע כמפורט לעיל והצורך הברור בהרתעת עבריינים בפועל ובכח מביצוע עבירות מסוג זה, לא ניתן להתעלם מהודיית הנאשמים וחסכון משמעותי בזמן שיפוטי העולה מכך. אביא במניין שיקולי גם את הסדר הטיעון שנערך עם המעורב האחר בפרשה, אף כי כאמור, אין מקום להשוות בין העניינים. כמו כן לא ניתן להתעלם מהעובדה כי הנאשמים נעדרי עבר פלילי, חלקם נשואים ומפרנסי משפחה, המנהלים בדרך כלל אורח חיים נורמטיבי יש כמובן לעובדה זו משמעות בשיקולי הענישה. ולבסוף יובאו בחשבון גם נסיבותיהם האישיות: הנאשם 1 בן 34, נשוי ואב ל – 6 ילדים ובהם תינוק שנולד עת שהה במעצר, העובד שנים רבות כנהג סמיטריילר. הוריו מבוגרים וחולניים. הנאשם 2 בן 30, נשוי ואב ל – 5 ילדים, עובד מזה 4 שנים כנהג גרר. בעניינו, אין טענה כך נראה, שבא עם אבן או תקף פיזית, אלא, מבלי להפחית מחומרת המעשה, ניתק את בלמי האוויר ובכך מנע המלטות המנוח. הנאשם 3 בן 24, רווק, עבד קודם מעצרו בשני מקומות עבודה. הנאשם 4 – בן 32, לא נמסרו פרטים אישיים ואולם לטענת בא כוחו אין טענה כי תקף, שכן הוא לא יצא כלל מהרכב. בעניין זה נראה כי עניינו דומה במובן מסויים לעניינו של שתיווי שהוזכר לעיל שבתיקו (35664-02-11) הגיעו הצדדים להסדר טיעון, לפיו הושתו עליו 14""",train
"לענין זה. מה שהכריע את הכף באותה החלטה של כב' השופט חשין, על פי עניות דעתי, היה הרקע לה, ולפיו עשה הנאשם שימוש, שם, ברכב המסומן כאמבולנס לשם העברת השב\חים אל מחוץ למדינה, כמו גם העובדה כי הסיע 8 פועלים. אין בכך כדי ללמד לא על ציון העובדה של כיוון הסעת הפועלים ולא על רמת הענישה שם, ואין בכך אף דמיון לעניננו.ב בד בבד עם כל האמור ומבלי לגרוע מאום מעמדת הפסיקה שפורטה לעיל, אשר למותר לציין בכל הענווה, כי היא מקובלת עלי, עולה השאלה האם נכון יהיה לשלוח אדם נורמטיבי, שזו לו הפעם הראשונה שעובר עבירה כלשהיא ומובא לראשונה בחייו אל בין כותלי בית המשפט בנסיבות פליליות, למאסר ממש, כשהמקובל בבית משפט זה ואף בערכאות שמעליו, הוא הכלל הידוע כי \""אין עונשין אלא אם כן מזהירין\"" (סנהדרין נו' ב')? אין צורך להזכיר, כי עבירה ראשונה של אדם, אף בעבירות בהן מצא המחוקק לנכון לקבוע לצידן עונשים כבדים בהרבה מאלו שבחוק הכניסה לישראל, מסתיימת במרבית המקרים בלא מאסר בפועל ונדירים המקרים בהם מוכנס אדם למאסר ממש כבר בעבירה הראשונה שביצע. דברים אלה נכונים לעבירות רבות, לרבות כאלה שפגיעתן החברתית קשה ביותר והמוגדרות אף כ\""מכת מדינה\"", כגון עבירות סמים, אלימות רכוש וכו', ועל כן, משלא מצא המחוקק, למרות פסיקת בתי המשפט השונים, לשנות את רמת הענישה בעבירות אלו ולהתאימה למצב הנסיבות המשתנה, הרי שספק בעיני אם לי המלאכה לעשות, ועל אף חומרת העבירה, איני משוכנע כי יש מקום לסטות מהמקובל דווקא בעניינם של הנאשמים שבפני, על שלל זכויותיהם שיפורטו להלן. עם זאת, פסיקתם של בתי המשפט בערכאות שמעלי מנחה ואף מחייבת אותי ולמותר לציין, כי איני מתיימר""",train
"האינטרס הציבורי שביסודו הרתעה מפני עבירות מס בכלל, והעלמת הכנסות בפרט, מהווה נדבך חשוב בשיקולי תיק זה לחומרא, ואינו זקוק להסבר. הקלות הבלתי נסבלת והפיתוי בביצוע העבירות מחד, אל מול היקפן הרב בחלקים נרחבים מהאוכלוסיה, שהעבריינים מסוג זה הנמנים על שורותיה, נמנים לרוב על אנשים נורמטיביים לכל הדעות, אשר למרבה הצער, אינם רואים את העבירות האמורות כחמורות ולעיתים אף בכלל אינם מתייחסים להן כעבירות, אלא כמעשה מותר ואף לעיתים \רצוי\"", מגביר את הצורך באכיפה וענישה הרתעתית. סוג עבירות זה, הפך לרעה חולה במחוזותינו, בבחינת מכת מדינה ממש, ועל כן יש להכביד את היד בענישה מכבידה ומרתיעה. בע\""פ 2407/05 רונן מן ואח' נ' מדינת ישראל, תק-על 2005(3), 245 , 248, ציין בית המשפט העליון: התמודדות זו קשה היא, הואיל ועבירות המס נעשות הרחק מעינו השוזפת של החוק, ובדרך כלל הן נעשות תוך שיתוף פעולה של גורמים אחדים בעלי עניין. יתר על כן, גם מספרם של העושים במלאכת החקירה אינו רב, ועל כן כאשר נחשפת תופעה בהיקף כה חמור כמו במקרה שבפנינו, מצווה בית המשפט להרים את תרומתו לצמצום ממדיהן של עבירות המס על ידי החמרה בענישה. המסר לכלל בעניין זה הוא פשוט וברור - הכל מצווים לדווח דיווח אמת על היקף עסקיהם, ואם כך יהיה, מותר להניח שהנטל על כלל אזרחי המדינה יהיה שוויוני יותר. לעניין זה ר' עוד, דברי בית המשפט בע\""פ (ב\""ש) 7122/05 ורטניק עמנואל נ' מדינת ישראל (טרם פורסם מיום 25.1.06). על כן, צודק ב\""כ המאשימה לעניין הצורך בענישה חמורה ומשמעותית, כזו שתביע את הגינוי החברתי כמו גם את הפן הכלכלי המובהק של עבירות מהסוג שלפנינו. גם הזמן הרב שנדרש לניהול ההליך, תוך בזבוז""",train
"ב\כ הנאשם, קשה לי לראות את סיכויי הערעור כטובים, בייחוד שהעונש שאותו גזרתי היה קל, יחסית למעשים המיוחסים. יחד עם זאת, אינני מעוניין למנוע מן הנאשם את האפשרות למצות זכותו לבדיקת שיקול דעתי ועל כן, אעתר לבקשתו. ו ככל שיוגש ערעור יעוכב הביצוע בהתאם להחלטה של ערכאת הערעור. אשר על כן, הנני מורה על עיכוב ביצוע גזר הדין למשך 14 יום שמניינם מהיום, בכפוף לתנאים הבאים: צו עיכוב יציאה מן הארץ כנגד הנאשם והפקדת דרכונו, ככל שיש בידו כזה, במזכירות ביהמ\""ש. ככל שאין בידי הנאשם דרכון, יגיש תצהיר שאכן זהו המצב העובדתי.""",train
"את עמדתי בעניין עבירות האלימות במשפחה פירטתי במספר רב של פסקי דין, תוך שהדגשתי שאני רואה בהן עבירות שחומרתן רבה וגדולה במיוחד, בעיקר כשהמדובר בנשים כבענייננו, שחשיפתם כלפי מבצעי העבירה גדולה ואפשרות הגנתם מצומצמת. גם בע\פ 490/89 פלוני נ' מדינת ישראל, פ\""ד מה(4) 93 490 בעמ' 97, עמד כב' המשנה לנשיא אלון על ההיבט האמור וזאת על רקע העובדה כי: על כן יש לדעתי להעניש עבריינים בעבירות מסוג זה בענישה מחמירה, על מנת שיבינו אל נכון, כי החברה לא תסבול כל מעשה מסוג זה, תהיה הסיבה לו אשר תהיה. נ זאת ועוד, ניתן לומר כי למרבה הצער, הפכו עבירות האלימות בכלל ובמשפחה בפרט, לנגע בחברתנו, אותו יש לשרש מן היסוד. איכות חייהם וכבודם של נשים וילדים בחברתנו, הינם לדעתי ערך עליון, ועל כן יש להעביר את המסר שלא ניתן להפכו הפקר. ב משנה חומרה אני רואה בעניינו של הנאשם שבפני, הן על רקע מגוון העבירות וריבויין והן על רקע מסקנות שירות המבחן וחוסר היכולת להתערבות טיפולית בעניינו של הנאשם. ו בפנינו נאשם בן 42 שנים, שצבר במהלך חייו הרשעות קודמות לא מבוטלות. העובדה שהנאשם מכור קשה לאלכוהול, אין בה לדעתי כדי לשמש נסיבה מקלה אלא אדרבא, ההיפך הוא הנכון: נאשם זה קיבל הזדמנויות להיגמל מן האלכוהול אך נמנע מלשתף פעולה ולעזור לעצמו. אין ספק כי האינטרס הציבורי כולל בחובו גם את שיקום העבריין, אולם, זאת רק במידה ונמצא בסיס וסיכוי של ממש לדרך השיקום, דבר שאינו נראה לי במקרה שלפנינו. לנאשם הרשעות קודמות רבות הכוללות עבירות סמים, עבירות תקיפה, עבירות איומים והסגת גבול ועבירות הפרת הוראה חוקית. בעת ביצוע עבירת התקיפה הנדונה בפני, היה מאסר מותנה""",train
"הארץ, לרבות הפקדת דרכון הנאשם ככל שקיים כזה, במזכירות בית המשפט.",train
"נעברה אגב שימוש ברשיון, או שביצועה נתאפשר או הוקל עקב השימוש ברשיון, לא מצאתי לנכון להורות בנסיבות האמורות על פסילת רשיון נהיגתו. נ",train
"הנאשם וחסכון בזמן השיפוטי, כמו גם מהבעת חרטתו בפני. גם עברו האישי הלא קל של הנאשם, כפי שבא לידי ביטוי בתסקיר שירות המבחן יזקף לזכותו. אף כי אין מקום מלכתחילה להתחשב בעובדת מצבו המשפחתי של הנאשם, בכל זאת נגעו לליבי דבריה של רעייתו, בדבר הקושי והפגיעה הצפויה בילדי בני הזוג, ועל כן לא אעצום עיני גם משיקול זה. על רקע האמור ולאחר ששקלתי את האיזונים שבין חומרת העבירה והאינטרס הציבורי אל מול נסיבותיו האישיות של הנאשם, הנני דן אותו כדלקמן: מאסר למשך 22 חודשים, מתוכן יהיו 12 חדשים לריצוי בפועל והיתרה תהא על תנאי והתנאי הוא, שלא יעבור משך 3 שנים מיום שחרורו ממאסר, כל עבירה של קשירת קשר לפשע, גניבה ממעביד, כל עבירת רכוש הכרוכה באלימות וכן נסיון לעבור עבירות מהמנויים לעיל. מפעיל את המאסר המותנה בן 10 החדשים התלוי ועומד כנגד הנאשם מת.פ 6999/01 (בימ\ש ב\""ש), אשר ירוצה חציו בחופף לתקופת המאסר שהוטלה לעיל וחציו במצטבר לה. למען הסר ספק, סה\""כ ירצה הנאשם 17 חדשי מאסר בפועל, מהם ינוכו 17 ימי המעצר אותם ריצה הנאשם במסגרת תיק זה. מהות העבירה כלכלית ועל כן לא ניתן להתעלם מהיבט זה שבענישה. יחד עם זאת, על רקע המאסר שהוטל לא אחמיר עם הנאשם ולא אגזור עליו את העונש שהוטל על שותפו. מחייבו איפוא בתשלום קנס כספי בסך 5,000 ₪ או 25 ימי מאסר תמורתו. הקנס ישולם עד יום 1.12.06. ניתנה היום כ\""ב באדר, תשס\""ו (22 במרץ 2006) במעמד הצדדים. אבקש לעכב ביצוע גזר הדין, זאת על מנת להגיש ערעור ושם אבקש עיכוב נוסף. אני רוצה לציין שהנאשם התייצב לכל הדיונים, כיבד את החלטות ביהמ\""ש וההגבלות שהוטלו עליו""",train
"כן ישירות ולהודיע על כך לביהמ\ש. מובהר לנאשם כי ככל שיחול שינוי בכתובת מגוריו, חייב הוא לעדכן את משרד הממונה על כך מיידית וכן מובהר, כי כל הפרה בעבודות השירות, תביא להפסקה מנהלית ולריצוי העונש במאסר ממש. הנאשם יתייצב ביום שנקבע לתחילת ביצוע העבודות בפני המפקח על עבודות שירות, מפקדת גוש דרום (אוטובוס קו 46 מהתחנה המרכזית) לא יאוחר מהשעה 08:00 לצורך קליטתו והצבתו. ג. פיצוי כספי למתלוננת בסך של 2,500 ₪ . ד. קנס אכיפתי בסך 100 ₪ או 25 ימי מאסר תמורתו.""",train
"יפים דבריו של כב' השופט טירקל ברע\פ 5198/01 טלעת ח'טיב נ' מדינת ישראל, פ\""ד נו(1), 769 : כך גם ברע\""פ 1751/04 עדנאן חוסני עזאם נגד מדינת ישראל תק על 2004 (1), 1521, שם קבע כב' השופט חשין כי: היריעה קצרה מלהכיל את מגוון פסקי הדין השונים שניתנו בגין עבירות על חוק הכניסה לישראל, וראוי לציון לענין זה אף פסק דין שניתן לאחרונה בבית המשפט המחוזי בבאר שבע, ע\""י כב' הנשיא פלפל, ובהסכמת חבריו להרכב, כב' השופטים הנדל ויפה-כץ, הסוקר באופן נרחב את מדיניות הענישה בנושא השהיה הבלתי חוקית (ע\""פ (ב\""ש) 7437/04 מדינת ישראל נ' גטאס מחמד ואח' מיום 14.11.04 וטרם פורסם) וכן ר' ע\""פ (ב\""ש) 7168/04, ע\""פ (ב\""ש) 7297/04, ע\""פ (ת\""א) 70774/02, ע\""פ נצרת 1367/03) ועוד. נראה לי איפוא, כי אכן הכלל שנקבע בפרשת ח'טיב, רלוונטי אף היום ולא נגרע ממנו עם השנים. צודק ב\""כ המאשימה כי לא ניתן להתעלם אף מהעבירה של ההסעה הבלתי חוקית, הן בהיבטה הביטחוני והן בזה הבטיחותי, ולא צריך דמיון מפותח, על רקע תאונות הדרכים בכבישי הארץ, כדי לשער מה עלול חלילה לקרות, בהסעת 15 איש מעל המותר ברכב, על ידי אדם שאינו מורשה לכך, חסר רישיון נהיגה וחסר ביטוח. בניגוד לעמדת הסנגורית סבורני, כי עבירה זו מחייבת אף היא לכשעצמה, ובמובן מסוים אולי אף יותר מעבירת השב\""ח התמים לכאורה, עונש מרתיע בדמות מאסר בפועל ממש. ב בנסיבות אלה, יש לתת איפוא עדיפות לשיקולים של הרתעה נדרשת, ומשקל מועט יותר לנסיבותיו האישיות של הנאשם העומד בפני בית המשפט לדין. ו טענת הסניגורית בדבר האפליה, גם היא אינה מקובלת עלי בנסיבות שפורטו. לא ניתן לגזור גזירה שווה, מהחלטת רשויות הבטחון לשחרר את""",train
"יהיו 6 שנים לריצוי בפועל ומניינם מיום מעצרו (23.1.11), והיתרה תהא על תנאי, והתנאי הוא שלא יעבור משך 3 שנים מיום שחרורו ממאסר כל עבירה מסוג פשע. פיצוי למשפחת המתלונן בסך של 10,000 ₪, אשר ישולמו בתוך 30 יום מהיום. מאסר למשך 4 שנים, מתוכם יהיו 3 שנים לריצוי בפועל ומניינם מיום מעצרו (23.1.11), והיתרה תהא על תנאי, והתנאי הוא שלא יעבור משך 3 שנים מיום שחרורו ממאסר כל עבירה מסוג פשע. פיצוי למשפחת המתלונן בסך של 10,000 ₪, אשר ישולמו בתוך 30 יום מהיום. פסילת רשיון נהיגה למשך 36 חדשים, מתוכם 18 חדשים יהיו בפועל ומניינם מיום שחרורו ממאסר, והיתרה תהא על תנאי, והתנאי הוא שלא יעבור משך 3 שנים משחרורו, עבירת פשע שהיתה כרוכה בשימוש ברכב. מאסר למשך 5 שנים, מתוכם יהיו 4 שנים לריצוי בפועל ומניינם מיום מעצרו (23.1.11), והיתרה תהא על תנאי, והתנאי הוא שלא יעבור משך 3 שנים מיום שחרורו ממאסר כל עבירה מסוג פשע. פיצוי למשפחת המתלונן בסך של 10,000 ₪, אשר ישולמו בתוך 30 יום מהיום.",train
"שכמות גדולה כל כך של סם מצדיקה לכשעצמה הטלת מלוא העונש הקבוע לצידה של העבירה בחוק (20 שנות מאסר), ולא ברור איפוא, לאלו נסיבות התכוון המחוקק בקובעו את העונש בעבירה זו, אם לא למצב הנסיבתי הקיים בתיק נשוא ענייננו, שבו מדובר לא רק בכמות כה גדולה של סם אלא אף עוסקים אנו בנאשמים בגירים. אל מול האמור לעיל, בבואי לגזור את עונשם של הנאשמים, אביא כמובן בחשבון מניין שיקולי את מרכיבי הזכות העומדים להם: הודאתם המיידית וחסכון בזמן שיפוטי, הבעת צערם, העדר עבר פלילי קודם, נסיבותיהם האישיות והמשפחתיות, והקשיים הייחודיים למאסרם כפי שפורטו על ידי הסנגור. בשקלול האיזונים הנוגעים לנסיבות ענייננו, נראה לי כי עתירת המדינה בהסדר הטיעון לרף ענישה של 15 שנות מאסר בפועל בצירוף מאסר על תנאי וקנס כספי, מאוזנת, מביאה בחשבון את מכלול שיקולי הקולא, ומהווה לכשעצמה הקלה ממשית בעונשם של הנאשמים, שהיו צפויים, לולא הסדר זה, לענישה מחמירה אף יותר. בנסיבות אלה החלטתי להיעתר להצעת המדינה ולא לחרוג ממנה, ובהתאם, הנני דן כל אחד מהנאשמים ל – 16.5 שנות מאסר, מתוכם 15 יהיו לריצוי בפועל ומניינם מיום מעצרם (30.8.10) והיתרה תהא על תנאי, והתנאי הוא שלא יעברו משך 3 שנים משחרורם, עבירת פשע לפי פקודת הסמים המסוכנים [נח] תשל\ג – 1973. כמו כן הנני דן כל אחד מהנאשמים ל- 6 חדשי מאסר אותם לא ירצה, אלא אם יעבור בתוך שנתיים מיום שחרורם עבירה לפי חוק הכניסה לישראל התשי\""ב – 1952. בנסיבות, אמנע מהטלת קנס כספי.""",train
"לא יאוחר מהשעה 08:00. פיצוי למתלונן בסך של 5,000 ₪. קנס כספי בסך 1,000 ₪ או 10 ימי מאסר תמורתו. תשומת לב הנאשם להוראות החוק לפיהן, כל תשלום נזקף ראשית לזכות הפיצוי ורק אח\כ לזכות הקנס. הסכומים האמורים בסעיפים 2+3 ישולמו לקופת בית המשפט ב – 5 תשלומים חודשיים שווים ורצופים החל מיום 1.1.12 ואילך. אי תשלום סכום כלשהו במלואו ו/או במועדו, יעמיד את כל יתרת הסכום שטרם שולמה לפירעון מיידי. הנני מעמיד את הנאשם בפיקוח שירות המבחן למשך 18 חדשים שמניינם מהיום. המזכירות מתבקשת להעביר עותק מגזר הדין לשירות המבחן וכן לממונה על עבודות שירות. זכות ערעור לבית המשפט העליון בתוך 45 יום מהיום.""",train
"לא אחת הבעתי את דעתי, כי לא בא בחשבון בשום מצב שהוא, שאדם בכלל ובן זוג בפרט, יפתור את מחלוקותיו עם בן זוגו בדרך האלימות, מכל סוג ומין שהוא, ולא חשובה כלל הסיבה שהובילה אותו לכך. יתרה מכך, בפסקי דין שניתנו על ידי בתחום זה ציינתי כי אלימות במשפחה, הינה חמורה במיוחד, בעיקר כשהמדובר בנשים וילדים, שכן המדובר בקרבנות, שהגנתם לא זו בלבד שקשה להם יותר אלא שחשיפתם כלפי מבצע העבירה גדולה מהרגיל, תוך שקיימת לא פעם תלות שאינה מאפשרת התגוננות נאותה. בנסיבות אלה, אין ספק כי יש להרתיע עבריינים בכח ובפועל בענישה מחמירה. ב זאת ועוד, לא רק ענינו של הנאשם הוא העומד בפני, אלא ניתן לומר כי למרבה הצער, הפכו עבירות האלימות בכלל ובמשפחה בפרט, לנגע כואב (תרתי משמע) בחברתנו, אותו יש לשרש מן היסוד. ציינתי לא אחת, כי איכות חייה וכבודה של אשה בחברתנו, הינם לדעתי ערך עליון, ועל כן שומא על בית המשפט לתרום את חלקו למימוש ערך זה, תוך שיש לו תפקיד ראשון במעלה להבטיח שיעד זה יושג, ולא יהווה משאלת-לב בלבד. לכל האמור יש להוסיף כי לנאשם עבר פלילי מכביד הנושא 12 הרשעות קודמות, שבגינו אף נידון לעונשי מאסר לא מבוטלים וכן את אי שיתוף הפעולה מצידו עם שירות המבחן. מצד שני, לא אוכל להתעלם ממצוקת חייו של הנאשם, מעובדת הודייתו וחסכון מזמן שיפוטי והבעת חרטה מצידו ושהייתו במעצר בית, אף אם חלקי, מזה כשנה. שיקולים אלה אזקוף לזכותו של הנאשם- לקולא. כן נראה לי כי הצורך שלא לפגוע בהליך שיקומו של הנאשם, הליך שהחל על ידו לפני כ-17 חדשים עת עבר תהליך גמילה מסם ומאז, כך על פי המדווח-נקי",train
"ניתן להתעלם מהעובדה כי הנאשם הודה וחסך מזמנו של בית המשפט וכי אין לו כל הרשעות קודמות. כמו כן ראוי לציין, כי עד לביצוע עבירה זו, ניהל הנאשם אורח חיים נורמטיבי בארץ ואך עבד למחייתו. לענין זה אעיר השקפתי, כי העמדתו של אדם לדין לראשונה, אף בעבירות בהן מצא המחוקק לנכון לקבוע לצידן עונשים כבדים יחסית, לרבות כאלה שפגיעתן החברתית והכלכלית קשה ביותר כגון עבירות סמים, רכוש ואלימות, מסתיימת בדרך כלל בענישה מופחתת. לפיכך, על אף חומרת העבירות, ובהיותו של תיק זה, ראשון בעניינו של הנאשם שבפני, יש להחיל לדעתי גם עליו את עקרונות מדיניות הענישה המקובלים והרגילים ולא למצות עימו את הדין. לאור כל האמור לעיל, ולאחר ששקלתי את האיזונים הנדרשים בין מטרת הענישה ההרתעתית המתחייבת מחד ומגוון העבירות בהן הורשע לרבות עבירות נלוות של התחזות והפרעה לשוטר, אל מול נסיבותיו האישיות כמפורט לעיל, הנני דן את הנאשם איפוא כדלקמן:",train
"מהרף הגבוה בתחום זה (כגון עבירות דמי החסות המכונות \פרוטקשן\"", או כאלה שבוצעו באלימות קשה), כשיש לזכור אף ששתיים מתוך העבירות היו טלפוניות. באשר למצבה הקשה של משפחתו - אמו, רעייתו ותינוקו, הרי שבעניין זה היה על הנאשם לכלכל מעשיו מראש, ואולם, מצאתי לנכון להתחשב גם בכך במסגרת שיקולי. ולבסוף, אני מביא בחשבון נוכח כל האמור, כי על רקע עברו הנקי מחד של הנאשם ומשפחתו התומכת מאידך, יש סיכוי שלא ישוב עוד על מעשיו, אלא ישתלב בתום ריצוי עונשו בחיים נורמטיביים. עיינתי בפסקי הדין אליהם היפנוני הצדדים. קשת הענישה אליה הופניתי נעה בין 12-53 חדשי מאסר בפועל, ואולם בכולם המדובר היה בנסיבות שונות מענייננו. כך למשל בע\""פ 1725/07 (30 חדשי מאסר), המדובר היה בתופעה חמורה של סחיטת דמי חסות. גם בע\""פ (ב\""ש) 7454/06 (36 חדשי מאסר), המדובר היה בתופעה כאמור, ושם התווסף גם עבר פלילי קודם. בת\""פ (מרכז) 15772-11-08 (53 חדשי מאסר), המדובר בניסיון שוד בנסיבות מחמירות, כשהנאשם היה מצויד באקדח, נוהל מאבק אלים ואף נפלטה ירייה מהנשק. באותו עניין נשא הנאשם גם עבר פלילי עשיר, לרבות עבירות קודמות של שוד ושוד מזוין. גם בת.פ (מרכז) 7488-11-09 (45 חדשי מאסר) היה מדובר בניסיון שוד בנסיבות מחמירות שבו בוצע ניסיון שוד אלים במיוחד, חמור ואכזרי כנגד אישה מבוגרת שנפגעה אף פיזית ממנו. ניסיון השוד סוכל עקב חוסר יכולתם של השודדים להשלים את פריצת הכספת. בת.פ. (חיפה) 8458-01-10 (36 חדשי מאסר) היו הנסיבות דומות יחסית לענייננו, ואולם הנאשם שם בעל עבר פלילי עשיר - 23 הרשעות קודמות, בעבירות סמים ואלימות והוא יצא ובא בשערי הכלא. מאידך, בפ' (תל אביב) 40056/06 (12 ח' מאסר), היה מדובר בנאשם בעל בעיות""",train
"לא אחת ציינתי כי על פי השקפת עולמי, אני רואה בגמילתו של צרכן סמים, אינטרס ציבורי בעל ערך רב. עם זאת, כל מקרה נבחן לנסיבותיו ואין בכך הבעת עמדה מחייבת לכל ענין באשר הוא. לו היה הנאשם בוחר להכנס למסגרת טיפולית מיד בתחילת ההליך, לא הייתי מהסס ומורה כך, תוך דחיית הטיפול בתיק לפרק הזמן הדרוש. גם אם היה מבקש היום, קודם גזר הדין להתקבל למסגרת האמורה הייתי נעתר לבקשתו. ואולם, הנאשם, לא זו בלבד שבחר לנהל את ההליך, עד שלב מתקדם יחסית, אלא כאמור בתסקיר, שולל הוא בעיה של התמכרות לסם המצריכה התערבות טיפולית במסגרת המוצעת, זאת על אף שנראה לי, כי העבירות המיוחסות לו בכתב האישום כאן, אכן מקורן בבעיה זו. ו על רקע עברו הפלילי המכביד של הנאשם, היה צריך הוא ל\חטוף\"" בשתי ידיו את האופציה הטיפולית, ואולם הנאשם גורס כי אינו זקוק למסגרת זו ובנסיבות אלה, ובלא המלצה טיפולית מתאימה, אין בידי לצערי לקבל את עתירת הסניגור להעברתו למסגרת אחרת, שאינה מגובה בהמלצה הנדרשת. נ יחד עם זאת, \""מודה ועוזב ירוחם\"", ומשבחר הנאשם בסופו של יום, אף באיחור, להודות במיוחס לו, ראוי להתחשב בעניין זה ולא למצות עימו את הדין. מהעדויות שנשמעו בפני מצד הורי הנאשם נראה, כי העבירות אינן מאפיינות את יחסיו עם הוריו, וכי בוצעו ככל הנראה על רקע המצוקה בה היה נתון- אתחשב גם בכך לקולא. ולבסוף אתחשב בנתונים החיוביים העולים מהתסקיר כמפורט לעיל, תפקודו התקין והתקופה החיובית שבחייו משך שלש השנים האחרונות, הקמת משפחה, השתלבות יציבה במעגל התעסוקה והימנעות משימוש בסם, וכן מחרטתו שהובעה בפני במכתבו, אשר התרשמתי כי כנה היא.ב בנסיבות אלה, החלטתי שלא למצות את הדין""",train
"חומרת עבירותיה של הנאשמת אינה צריכה הסבר ואין צורך לחזור ולהזכיר, את ריבוי תאונות הדרכים הקטלניות והצורך להלחם בתופעה לצורך צמצומה ומיגורה, תוך הרתעה, הן של הנאשמת והן של עברייני נהיגה אחרים, בפועל ובכח. במסגרת טיעוניו, היפנה ב\כ המדינה לפסיקת בית המשפט העליון, המבטאת מגמה זו ולפיה, מצווה בית המשפט ליתן יתר משקל לצורך בשמירת שלומם, בטחונם וערך קדושת חיי הציבור המשתמש בדרכים. אישיותה הנורמטיבית החיובית של הנאשמת, אינה מהווה משקל מכריע בשיקולי, שכן \""מרבית המורשעים בעבירות הללו הם אנשים מן היישוב, מה שקרוי נורמטיביים\"" (רע\""פ 548/05 מאירה לוין נ' מדינת ישראל, תק'-על' 2005 (4) 3911). כידוע, בעבירות מסוג זה של רשלנות, הנעדרות מחשבה פלילית קלאסית, המשקל המוענק לנורמטיביות של הנאשמת בגדר מכלול שיקולי הענישה, הינו מופחת יחסית. בד בבד עם האמור, אינני משוכנע גם לחלוטין, בדבר התועלת החד משמעית שבהחמרה בענישה בסוג זה של עבירות, ביחוד על רקע נסיבות ענייננו, וככלל, יש כידוע בנושא זה דעות לכאן ולכאן (ר' פירוט לעניין זה בע\""פ (מח' ת\""א) 071933/06 קלגסבלד נ' מדינת ישראל (מיום 8.2.07 - טרם פורסם). התוצאה של התאונה קשה וטראגית ללא כל ספק: אביה של הנאשמת נהרג והיא ושתי אחיותיה נפצעו. גם עניין זה - התוצאה הקשה, הוכרה כידוע בפסיקה כנסיבה מחמירה. (ר' ע\""פ 8382/03 איאד חילף נ' מדינת ישראל, פ\""ד נח(2) 139). גזירת דינו של נהג שהורשע בגרימת מוות ברשלנות נעשית תוך בחינה של שלושה מרכיבים: מידת הרשלנות, התוצאה שנגרמה והנסיבות האישיות. הואיל וקיימת מחלוקת בין הצדדים בדבר רמת הרשלנות הנלמדת מהכרעת דיני, אדגיש למען הסר כל ספק, כי דעתי היא, שהמדובר בדרגת רשלנות גבוהה. אדם חסר רשיון נהיגה כלל, שלא זו בלבד שלא""",train
"חסך משמעותית זמן שיפוטי, בנהלו את המשפט עד תומו. מצאתי לנכון לציין עובדה זו, על מנת להדגיש כי ער אני לזכותו של נאשם לניהול משפטו ולניסיונו הלגיטימי להביא לידי זיכויו, ועובדה זו לא יכולה ואינה עומדת לחובתו, אלא משהובאו הראיות לא ניתן להתעלם מהרושם שהתקבל מהן לרבות ביחס למצבה של המתלוננת מחד, ומאידך לא ניתן לטעון בדבר חסכון בזמן שיפוטי כשיקול לקולא, כפי שעומד זה בעניינו של נאשם שהודה ובחר לקבל אחריות על מעשיו. משנֶה תוקף יש לאמור בענייננו, משבחר הנאשם להימנע מהבעת כל חרטה על מעשיו במסגרת דבריו לעונש, אף לאחר שניתנה הכרעת הדין. גם העובדה שבסופו של יום פציעותיה של המתלוננת לא היו חמורות במיוחד, תיזקף לזכותו של הנאשם. בשקלול האיזונים שבין חומרת האירוע מחד ונסיבותיו האישיות של הנאשם מאידך, הנני דן אותו כדלקמן: מאסר למשך 54 חדשים, מתוכם יהיו 42 חדשים לריצוי בפועל והיתרה תהא על תנאי, והתנאי הוא שלא יעבור משך 3 שנים מיום שחרורו ממאסר כל עבירת לפי סעיף 329, ו/או 333 ו/או 335 לחוק העונשין התשל\ז – 1977. מתקופת המאסר בפועל תנוכה תקופת המעצר ממש אותה ריצה הנאשם במסגרת תיק זה ( 10.10.09- 3.11.09). מאסר מותנה בן 4 חדשים שלא יעבור משך 3 שנים מיום שחרורו ממאסר עבירה לפי סעיף 287 לחוק העונשין תשל\""ז – 1977. פיצוי כספי למתלוננת בסך 5,000 ₪. סכום זה ישא הפרשי הצמדה וריבית מהיום ועד למלוא תשלומו בפועל. זכות ערעור לבית המשפט העליון בתוך 45 יום מהיום. ניתנה והודעה היום ג' סיון תשע\""א, 05/06/2011 במעמד הנוכחים. לאחר ששמעתי את הצדדים, הנני מורה על עיכוב ביצוע גזר הדין, למשך 10 ימים, זאת בכפוף להיוותרות תנאי השחרור""",train
"תשל\ג – 1973, משך 3 שנים מיום שחרורו, למעט עבירת החזקת סם לצריכה עצמית וכן יתר העבירות בהן הו רשע בתיק זה בגינן תעמוד תקופת התנאי על 4 חדשים למשך 3 שנים מיום שחרורו. מתוך תקופת המאסר בפועל תנוכה תקופת מעצרו של הנאשם (28.1.04 עד 28.9.04). מורה על השמדת מוצג 214/04- תב\""ש, בכפוף לחלוף תקופת הערעור וככל שיוגש כזה עד מתן פסק דין בערעור. זכות ערעור לבית המשפט המחוזי בתוך 45 ימים מהיום.נ ניתנה היום ה' בתמוז, תשס\""ה (12 ביולי 2005) במעמד הצדדים. אבקש לעכב את ביצוע גזר הדין. ראשית, לעניין סיכויו הערעור, ביהמ\""ש ציין בגזר הדין שלא הושג טיפול קונקרטי,, אני סבור כי עניין הטיפול ראוי אטך אני חושב שזו שאלה שאפשר לקבל את ההמלצה, בפרט דברי קצינת המבחן באולם ביהמ\""ש. לכן, אני סבור שאם אנחנו היום מחזירים את הנאשם אל בין כותלי הכלא, אנו מאיינים את ההמלצה וההליך הטיפולי ומחזירים אותו אחורנית. אני סבור כי תוצאת גזר הדין היא קשה ובניגוד להמלצת שירות המבחן לתקופת מאסר קצרה. ב לעניין עיכוב הביצוע, דיברנו על עניין של נסיבות מצבו של הנאשם היום במעצר בית. יחד עם זאת, אני חושב שגם אם בימה\""ש מצא בסופו של דבר לא לקבל את ההמלצה ולהעניש את הנאשם, אני סבור שעדיין ביהמ\""ש יכול היה להתרשם מהאחריות שלוקח על עצמו הנאשם, מרצינותו ומכך שאין בכוונתו להימלט מההליכים ולכן, הייתי מבקש מביהמ\""ש על מנת שלא ליצור רגרסיה במצבו של הנאשם, להשאירו במעצר בית. אני מתחייב להגיש את הערעור תוך זמן קצר, על אף שאנו עומדים בפני פגרה. אם ביהמ\""ש יבקש להוסיף ערבות נוספת או ערבון בהתחשב במצב של המשפחה, אנחנו נסכים לכך. בעצם""",train
"אין צורך לחזור ולפרט את פסיקתם של בתי המשפט השונים, לפיה חייבת לבוא כנגד עבירות מהסוג הנדון ובמסגרת המלחמה בנגע הסמים, תגובה ממשית ומרתיעה. עבירות אלה טומנות בחובן תוצאות הרסניות, פוגעות קשות בציבור ועל-כן, מחייבות מדיניות ענישה מחמירה כשכל מאות ואולי אלפי פסקי הדין שנכתבו בענין זה, אינם צריכים כך נראה כל איזכור, תוך שהפכו לידיעה שיפוטית, שכל המוסיף עליהם – גורע. בהתאם לפסיקה הנוגעת לעניין זה, הרי שככלל יש להעדיף את האינטרס הציבורי על פני נסיבותיו האישיות של הנאשם. גם הכמות הגדולה של הסם משמשת ללא ספק שיקול לחומרה, ביחוד לאור מספר סוגי הסם שהוחזקו על ידו והיקפם הרב, לרבות חלוקתם למנות, המלמד בין היתר על שיקולים כלכליים העומדים ביסוד העבירה. גם עברו הפלילי המכביד הכולל בתוכו 14 הרשעות קודמות, הנושאות בחובן 46 אישומים בנושאים מגוונים, שבעטיין ריצה אף הנאשם תקופות מאסר לא מבוטלות מהוות שיקול לחומרה. יצויין כי בגין העבירה האחרונה אותה עבר הנאשם והמאוחרת לעבירה נשוא תיק זה, נידון הוא ל – 42 חדשי מאסר, לאחר שהורשע בהחזקת הרואין בהיקף של כ – 48 גרם. אין צורך לומר גם, כי העדר המלצה טיפולית מטעם שירות המבחן, אף היא אינה עומדת לזכות הנאשם. גזר דינו בבית המשפט המחוזי ניתן ביום 9.2.06, מועד שבו כבר פורסמה הכרעת הדין המרשיעה בתיק זה. הימנעותו של הנאשם מלצרף תיק זה לתיק בית המשפט המחוזי, מהווה אף היא שיקול של ממש שלא להתחשב יתר על המידה בזמן שחלף, ובעניין זה, אין לנאשם להלין אלא על עצמו בלבד. ודאי שלא ניתן בנסיבות אלה, לגזור על הנאשם ענישה חופפת למעשה כבקשתו, שתעקר למעשה את כל עניינו וחומרתו היתרה של תיק זה,",train
"נפשיות שמצבו הרפואי הנפשי היה מורכב ואף התביעה ביקשה להביאו להליך טיפולי . בנסיבות האמורות, לא מצאתי כי פסקי הדין הנ\ל תורמים תרומה של ממש לענייננו. לאור כל האמור ולאחר ששקלתי את מכלול השיקולים כמפורט לעיל ובהינתן האמור כי המדובר ב – 4 אישומים, הנני דן את הנאשם כדלקמן: מאסר למשך 42 חדשים, מתוכם 30 חדשים יהיו לריצוי בפועל ומניינם מיום מעצרו (13.8.10), ויתרתם תהא על תנאי והתנאי הוא שלא יעבור משך 3 שנים מיום שחרורו ממאסר, עבירות שוד ו/או סחיטה באיומים ו/או ניסיון לעבור עבירות אלו. קנס כספי בסך 5,000 ₪ או 50 ימי מאסר תמורתו. הקנס ישולם בתוך 60 יום ממועד שחרורו. נוכח התוצאה האמורה, ועל רקע העובדה כי בסופו של יום לא צלחו בפועל מעשיו, לא מצאתי לנכון להשית עליו פיצוי כספי.""",train
"הטרור, אלא שרבים מהם אף תומכים בו ומסייעים לו. חלק גדול מן הטרוריסטים זוכה לעידוד ולסיוע של הסביבה הקרובה ומידי בני משפחה. רבים רואים בביצוע פעולת-טרור ובסיוע לטרור אמצעי להבטחת עתידה הכלכלי של המשפחה. (כב' המשנה לנשיא (בדימוס) השופט חשין בבג\ץ 7052/03 הנ\""ל). גם כב' הנשיא ברק מתאר דברים דומים: לחימתה של ישראל סבוכה היא. הצד הפלסטיני משתמש, בין השאר, בפצצות אדם מונחות. מתאבדים אלה מגיעים לכל מקום בו מצויים ישראלים (בתחומי מדינת ישראל ובתחומי הישובים היהודיים באזורי יהודה ושומרון וחבל עזה). הם זורעים הרג ודם בערים וביישובים. (בג\""צ 7015/02 עג'ורי נ' מפקד כוחות צה\""ל בגדה המערבית, פ\""ד נו(6) 352, 358). ניתן לסכם איפוא ולומר, שקשה לאבחן שוני מהותי בין המצב שהיה בעת שחוקק החוק למצב היום, ונותר אך לקוות כי אכן ישתפר זה, ביום מן הימים. יתרה מכך, לא אחת ציינתי בפסקי דין שיצאו תחת ידי, כי בעבירות מסוג זה, מובנית שאלת הפגיעה בבטחון בעצם העבירה עצמה. שעה שמצויים אנו במלחמה מתמדת כנגד הטרור, המוצא דרכים שונות ומגוונות לחדור לשטח המדינה ואף מצליח למרבה הצער לעשות כך לעיתים, בין היתר, באופן המתואר בכתב האישום נשוא עניננו, מטיל הדבר הכבדה עצומה הנופלת על רשויות הצבא והמשטרה, ובאה לידי ביטוי בין היתר בכך, שאין הם יכולים למקד מאמציהם לאיתור חוליות טרור, וצריכים הם להעמיד משאבים כלכליים ואנושיים רבים, אף כלפי אנשים שפניהם מועדות לחיפוש עבודה, ולא לשם ביצוע פיגועים. בנסיבות אלה ובמצב דברים זה, מסכים אני עם התובעת ואף אני סבור, כי עת מלחמה היא לנו, ובבמצב זה יש מקום להחמיר בענישה שמטרתה למנוע כניסתם של מסתננים, גם אם באו לצורכי עבודה. כשמצוייה מדינת ישראל במלחמה אכזרית""",train
"ביום. פיצוי למתלונן בסך 5,000 ₪ מצד כל אחד מהנאשמים 2 ו – 4. מובהרת לנאשמים חשיבות עמידה בכל נהלי הממונה על עבודות שירות והם מוזהרים כי חריגה ממנה, עלולה להביאם לריצוי העונש במאסר ממשי. מעמיד את הנאשמים בפיקוח שירות מבחן למשך שנה, שמניינה מהיום. המזכירות מתבקשת להעביר עותק הפרוטוקול לשירות המבחן. ניתן והודעה היום י\ב אלול תשע\""ב, 28/08/2012 במעמד הנוכחים. יעקב שפסר, שופט""",train
"לשלומם. לזכותם תיזקף גם חרטתם כפי שהובעה בפני. במכלול האמור לעיל ובשקלול האיזונים שבין מטרות הענישה מחד לבין נסיבות הנאשמים והעבירה שביצעו מאידך, החלטתי שלא למצות את הדין עימם, והנני דן אותם איפוא למאסר למשך 20 חדשים מתוכם 10 חדשים יהיו לריצוי בפועל (בניכוי 38 ימי מעצרם: 15.12.09 עד 20.1.10), ויתרתם תהא על תנאי והתנאי הוא שלא יעברו משך 3 שנים מיום שחרורם ממאסר, כל עבירה לפי סעיף 144 לחוק העונשין תשל\ז – 1977. נוכח האמור, החלטתי להימנע מהטלת קנס כספי. זכות ערעור לבית המשפט העליון תוך 45 יום מהיום. ניתנה והודעה היום ג' אב תש\""ע, 14/07/2010 במעמד הנוכחים. נבקש עיכוב ביצוע למשך 45 יום, במהלכו נשקול הגשת ערעור. אני אסכים לעיכוב הביצוע, נוכח תקופת המאסר. בנוסף, אני מבקשת להוציא צו עיכוב יציאה מהארץ. אני אבקש להעלות את סכום ההפקדה שיש בתיק, לצורך הבטחת התייצבותם למאסרם. אין התנגדות לעיכוב יציאה מן הארץ. אני מבקש לדחות את בקשת חברתי להפקדה. הסך שמופקד על ידי הנאשמים, הוא 10,000 ₪ לכל אחד, זהו סכום מכובד וסביר, מדובר באנשים עם משפחות. הנאשמים משוחררים מזה כ – 7 חודשים, שומרים על תנאי השחרור ויש ליתן בהם אמון. נבקש גם לבטל את האיזוק האלקטרוני, דבר שפוגע בחירותם ובבני משפחתם. אנו מבקשים ארכה של שעה להפקדת הדרכונים, הנאשמים לא יעזבו את תחומי בית המשפט והם יהיו בפיקוחנו. אין צורך לומר, שאין דינם של נאשמים שהורשעו בדין ונגזר דינם, כאלה שטרם נעשה כן והם בחזקת חפים. למרות האמור, נראה לי כי הוספת התנאי של עיכוב היציאה, תספק בנסיבות העניין, ובהתאם מוצא בזאת צו עיכוב יציאה מן הארץ כנגד שני הנאשמים, אשר יפקידו דרכוניהם במזכירות""",train
"יתר השוהים הבלתי חוקיים, בהעדר עבר כלשהוא ובביצוע עבירה אחת על חוק הכניסה לישראל ומאידך, לעצור את המסיע, אשר מבצע עבירות נלוות ואף עבר פלילי לו. אין בכך לדעתי כל אפליה, אדרבא, ראויים לשבח כוחות הבטחון, אשר השכילו למקד טיפולם בעבריין העיקרי, הוא הנאשם שבפנינו. מאידך, איני יכול להתעלם מנסיבותיו האישיות של הנאשם, היותו אב ל-11 ילדים, חולה במחלת הסכרת, אשר הודה מיידית וחסך מזמנו של בית המשפט. עוד אצא מנקודת הנחה לזכותו, כי הגעתו אכן היתה לצרכי עבודה בלבד ולא לשום צורך אחר, ומעצרו מזה קרוב לשלושה חדשים, אף הוא ודאי יזקף לזכות הקלה בעונשו. לאור כל האמור לעיל, ולאחר ששקלתי את האיזונים הנדרשים בין חומרת העבירות שביצע הנאשם ורמת הענישה המחייבת כמפורט לעיל, מחד, ובהביאי בחשבון שאין זו פגישתו הראשונה של הנאשם עם בית המשפט אף בענין זה ממש, וכי לעבירתו נלוו עבירות נוספות, חמורות לכשעצמן, אל מול נסיבותיו האישיות כמפורט לעיל, והואיל ודיון זה התקיים יום אחד בלבד לאחר מפגש הפסגה שבין ראש ממשלת ישראל לבין ראש הרשות הפלסטינית, לאחר ששמענו את הצהרות הצדדים בדבר סיום פעולות האיבה בינהם והתקווה לעתיד חדש באזורינו, החלטתי לתרום אף אני את חלקי, ולא למצות עם הנאשם את הדין. בנסיבות הכוללות איפוא, הנני דן את הנאשם כדלקמן: מאסר למשך 14 חודשים, מתוכם יהיו 7 חודשים לריצוי בפועל ומנינם מיום מעצרו (18.11.04) והיתרה תהא על תנאי, והתנאי הוא שלא יעבור על הוראות חוק הכניסה לישראל, תשי\ב-1952, ו/או נהיגה תחת פסילה, במשך שלש שנים מהיום.""",train
"משך 3 שנים מהיום כל עבירה לפי פרק יא' לחוק העונשין תשל\ז – 1977 למעט עבירה לפי סעיף 413 – החזקת נכס חשוד כגנוב ועבירה לפי סעיף 432 – הוצאת שיק ללא כיסוי. מעמיד את הנאשם בפיקוח שירות המבחן למשך 18 חודשים מהיום. הובהרה לנאשם משמעות צו הפיקוח . הממונה על עבודות השירות מתבקש להגיש חוות דעתו בדבר כשירותו של הנאשם לבצע את עונש המאסר שהוטל עליו במסגרת עבודות השירות. תשומת לב הממונה על עבודות השירות, כי ניתן להשיג את הנאשם בכתובת: שד' ירושלים 62/13 באר שבע טלפון 6105693-08 וגם באמצעות בא כוחו, עו\""ד חודורוב מרח' קרן היסוד 1/13 באר שבע. טל': 6278463-08.נ מומלץ לנאשם כי ככל שלא יקבל הודעה מהממונה על עבודות השירות בתוך 10 יום מהיום, יזום הוא פניה לממונה על עבודות השירות בשב\""ס, מפקדת גוש דרום, ת.ד. 741 באר שבע. טל': 6290616-08. פקס: 6290636-08.ב מובהרת לנאשם חשיבות שיתוף הפעולה עם הממונה.ו קובע לקבלת חוות דעת הממונה ליום 10.7.05 שעה 10:30.נ""",train
"של סם מצדיקה לכשעצמה הטלת מלוא העונש הקבוע לצידה של העבירה בחוק (20 שנות מאסר), ולא ברור איפוא, לאלו נסיבות התכוון המחוקק בקובעו את העונש בעבירה זו, אם לא למצב הנסיבתי הקיים בתיק נשוא ענייננו, שבו מדובר לא רק בכמות כה גדולה של סם אלא אף עוסקים אנו בנאשמים בגירים. אל מול האמור לעיל, בבואי לגזור את עונשם של הנאשמים, אביא כמובן בחשבון מניין שיקולי את מרכיבי הזכות העומדים להם: הודאתם המיידית וחסכון בזמן שיפוטי, הבעת צערם, העדר עבר פלילי קודם, נסיבותיהם האישיות והמשפחתיות, והקשיים הייחודיים למאסרם כפי שפורטו על ידי הסנגור. בשקלול האיזונים הנוגעים לנסיבות ענייננו, נראה לי כי עתירת המדינה בהסדר הטיעון לרף ענישה של 15 שנות מאסר בפועל בצירוף מאסר על תנאי וקנס כספי, מאוזנת, מביאה בחשבון את מכלול שיקולי הקולא, ומהווה לכשעצמה הקלה ממשית בעונשם של הנאשמים, שהיו צפויים, לולא הסדר זה, לענישה מחמירה אף יותר. בנסיבות אלה החלטתי להיעתר להצעת המדינה ולא לחרוג ממנה, ובהתאם, הנני דן כל אחד מהנאשמים ל – 16.5 שנות מאסר, מתוכם 15 יהיו לריצוי בפועל ומניינם מיום מעצרם (30.8.10) והיתרה תהא על תנאי, והתנאי הוא שלא יעברו משך 3 שנים משחרורם, עבירת פשע לפי פקודת הסמים המסוכנים [נח] תשל\ג – 1973. כמו כן הנני דן כל אחד מהנאשמים ל- 6 חדשי מאסר אותם לא ירצה, אלא אם יעבור בתוך שנתיים מיום שחרורם עבירה לפי חוק הכניסה לישראל התשי\""ב – 1952. בנסיבות, אמנע מהטלת קנס כספי. 17. הנני מורה על השמדת הסמים בכפוף לחלוף תקופת הערעור. ניתן והודע היום כ\""ה סיון תשע\""א, 27/06/2011 במעמד הנוכחים.""",train
"לישראל, תשי\ב-1952, במשך שלש שנים מיום שחרורו. כן הנני פוסל את הנאשם מלהחזיק או לקבל רשיון נהיגה לכל סוגי כלי הרכב, למשך 20 חודשים, מתוכם 12 חדשים יהיו פסילה בפועל ממש שמנינם מיום שחרורו, והיתרה תהא על תנאי והתנאי הוא, שלא יעבור משך 3 שנים מיום שחרורו עבירה בה הורשע. נוכח קביעותי לעיל, ועל אף שהמדובר בעבירה בעלת היבט כלכלי, מתוך התחשבות במצבו הכלכלי והמשפחתי של הנאשם והעובדה כי מאסרו ושלילת רשיון נהיגתו פוגעים לכשעצמם אף כלכלית בנאשם ומשפחתו, החלטתי שלא למצות את הדין גם בעניין הקנס הכספי. בנסיבות אלה הנני דן את הנאשם לתשלום קנס כספי בסך 1,500 ₪ או 15 ימי מאסר תמורתו. ניתן היום כ\""ג באלול, תשס\""ח (23 בספטמבר 2008) במעמד הצדדים. אבקש עיכוב ביצוע לצורך הגשת ערעור. הנאשם משוחרר מזה זמן ולא הפר את תנאי השחרור, הפסיקה מורה בד\""כ בעבירות מסוג זה על מאסר בדרך של עבודות שירות, אבקש לאשר את עיכוב הביצוע. לבקשת ב\""כ הנאשם ונוכח עמדתו ההגונה של ב\""כ המאשימה יעוכב ביצוע גזר הדין למשך 45 יום מהיום וככל שהוגש ערעור עד למתן פסק דין בערעור, זאת בכפוף לתנאים הבאים:""",train
"מורכב יותר. לא זו בלבד שבעניינו קיימת המלצה חד משמעית מצד שירות המבחן להימנע מהרשעה, אלא שבעניינו אף הובאו אסמכתאות, הן בפני שירת המבחן והן בפני, בדבר לימודיו בתחום החקירות הפרטיות (א.ח.י המכללה לחקירות אבטחה ובטחון) וכן המלצות יוצאות מגדר הרגיל בדבר התנדבותו הקהילתית המוכחת והמקיפה לקידום ילדים ובני נוער (מכון הנגב לאסטרטגיות של שלום ופתוח, ראש מועצת לקיה, ועוד). בהינתן תסקירו החיובי והפגיעה הצפויה בעתידו המקצועי ובשיקומו של הנאשם 3, על רקע חלוף הזמן (כשנתיים וחצי) ועל רקע העבירה שבשלה הועמד לדין – עבירת תגרה (מבלי להקל בה חלילה ראש), לא מצאתי סיבה של ממש שלא לאמץ את המלצת שירות המבחן ונראה לי שאכן ניתן להימנע באופן חריג בעניינו מהרשעה. לאור האמור, נותרת הרשעת הנאשם 4 (עומר) על כנה. הרשעת הנאשם 3 (איוב) מבוטלת בזה, תוך שאני קובע כי ביצע את המיוחס לו – תגרה לפי סעיף 191 לחוק העונשין תשל\ז, 1977 ואולם נמנע מהרשעתו. באשר לענישה: עניינו של הנאשם 4, דומה לעניינם של הנאשמים 1 ו – 2. זולת העבירה הזהה בה הואשמו והעובדה כי המדובר באותו אירוע, הרי שאמנם לא נשא הוא נשק קר (אַלָה) כנאשמים 1 ו – 2 , אבל נגח הוא בפניו של הנאשם 1. כל הנאשמים חסרי עבר פלילי. בנסיבות אלה יושווה עUנשו לענשם של הנאשמים 1 ו – 2. לאור כל המפורט הנני דן הנאשמים 3 ו – 4 כדלקמן: שירות לתועלת הציבור בהיקף של 120 שעות, עפ\""י תכנית שתבנה לו ע\""י שירות המבחן, כאמור בתסקיר. שירת המבחן יציג תכנית לאישורי עד יום 11.1.12. חתימה על התחייבות בסך 10,000 ₪ להימנע מכל עבירת אלימות למשך שנתיים שמניינם מהיום.""",train
"זה. אנו מזכירים לביהמ\ש כי המקובל הוא 3 חודשים ויום או 91 יום, וזאת על מנת שיוכל עניינו של הנאשם לבוא בפני שיקול הורדת השליש המנהלי שבסמכות נציב שב\""ס. נ חברי לא הפנה לשום פרוצדורה בסדרי הדין המתירים לבוא בבקשה כזו בפני ביהמ\""ש. ביהמ\""ש הקריא את גזר הדין שהיה מפורט דיו ושקל את כל השיקולים הצריכים לעניין ובכל זאת קבע כי דינו של הנאשם 3 יגזר ל-3 חודשים לאחר ששקל את כל השיקולים. ב השיקולים בעניין ועדות שליש הם לא מעניינו של ביהמ\""ש זה, אלמלא רצה ביהמ\""ש להשית עונש של חודשיים מאסר היה משית חודשיים. ו לעניין חומר הענישה וההנחיות המנחות של ביהמ\""ש המחוזי, מפנה לע\""פ 7437/04, שם קבע כב' הנשיא פלפלי בפסק דין שהתקבל ברוב קולות וחזר על פסקי דין קודם שבהם נקבע כי רף הענישה הראוי הוא 4 חודשים ואף ציטט בפסק הדין פסיקה של ביהמ\""ש העליון. ככל שב\""כ הנאשם טוען לנוהג הקיים, הרי בטל הוא לאור החלטת הערעור שניתנה אך ביום 14.11.04. באותו פסק דין דן כב' הנשיא פלפל באפשרות ובמסקנה כי ניתן להעלות את רף הענישה בעבירות שב\""ח כאשר נתונים של הנאשמים הם העדר עבר פלילי, שלטענתם נכנסים לארץ לעבודה. סופו של דבר, קבע כב' הנשיא פלפל כי שופטי השלום דנים באופן עקבי את הנאשמים שבפניהם לתקופות מאסר קלות, זאת בניגוד למפורש בהנחייתם, מה גם בניגוד להנחיית בית המשפט העליון. מגיש פסיקה. אקדים ואומר שעם כל הכבוד לתביעה ולחברי, התביעה במעמד זה עשתה כאילו היא ערכאת ערעור על גזר דינו והחלטתו של ביהמ\""ש. זה דבר לא מקובל ולא יתכן. לא פעם ולא פעמיים שבאה התביעה בעצמה והסכימה לגזר דין של 3 חודשים""",train
"בחלקו למערכות החוק במיגור תופעת הסמים תוך שליחת מסר מרתיע כלפי עברייני הסמים למיניהם. ו מאידך, יש לזכור כי נסיבות עבירות הסחר, כפי שהובאו במקרה שלפני, אינן מן הרף החמור ביותר של העבירה. הנאשם היה לכל היותר, כך התרשמתי, מפיץ של הסם, יותר מאשר סוחר, ופעל אכן, כדברי בא כוחו, כדי לממן את המנה הבאה, יותר מאשר ליצור רווח כלכלי. אין בכך כדי להפיס את דעתי באשר לחומרת העבירה, אך יש בכך כדי להשליך לרמת הענישה. נ התלבטתי גם על רקע התנהלות העניינים שאפיינה תיק זה: מחד, אינני יכול להתעלם מהעובדה כי הנאשם נקי כיום מסם, ומאידך, איני יכול ואיני מוכן ליתן יד להתנהלות שפורטה לעיל ולהעמדת בית המשפט בפני עובדות מוגמרות בניגוד להחלטותיו. כפי שציין בא כוח הנאשם, אין ענישה קטגורית, אלא הכל לאור נסיבות העבירה וחומרתה בשילוב לנסיבותיו האישיות של העבריין. ב\כ הנאשם ציין בדבריו את ת.פ. (נתניה) 1148/98 פרקליטות מחוז מרכז נ' זהר אבו למאל (לא פורסם), כדוגמא למקרה בו הועדף האינטרס החברתי לשיקום נאשם בהליך גמילה על פני מיצוי הדין ושימוש במבחן טהור בלבד, ואולם בעיון בפסק דין זה, מצאתי את הדברים הבאים שנאמרו מפי כב' השופט מודריק, בת.פ. 10399/98 מ\""י נ' אילן ביסמוט (לא פורסם) : אכן, מוכן אני לקבל את הרעיון הגלום בדברים שהובאו לעיל, ואף הוריתי בעצמי לא אחת כך אף בעבירות סמים קשות. אולם, נסיבות המקרה הספציפיות שלפני, שונות הן בתכלית מהתנאים שפורטו לעיל, בדברי כב' השופט מודריק, כדי לסטות בצורה כה מקלה מהענישה המקובלת. הנאשם אמנם מביע חרטה, אך נראה בעיניי כי עוד רבה הדרך לפניו, טרם יגיע למצב בו יהא נקי מסמים נפשית ולא רק פיזית.""",train
"בענייננו, התנאי כפי שנקבע על ידי כב' השופטת ברנע בת.פ. 3130/02 קובע : מקרה זה שונה מהמקרים שבאו לפני בכך שכב' השופטת ברנע, לא מצאה לנכון להוסיף את התוספת \מכל סוג שהוא\"" שאפיינה את התיקים האחרים. נראה לי על כן, כי בנסיבות אלה אין זה מובן מאליו שעבירת האיומים נכללת בתנאי הנ\""ל, וכי המקרה נשוא הנדון, תואם דווקא את ענינה של \""פרשת שוקרון\"", (ע\""פ (חיפה) 2859/02 שלמה שוקרון נ' מדינת ישראל, תק-מח 2003(1), 21749), אשר צויינה גם היא בהחלטותי הקודמות. עפ\""י פסק הדין בעניין שוקרון, ככל שקיימת עמימות בדין הפלילי בנוסח העבירה, או סייג, או בהגדרת העבירה המפעילה מאסר על תנאי, נוגדת עמימות זו את עקרון החוקיות. מרגע שנקבע התנאי, שלא בצורה רחבה \""מכל סוג שהוא\"", כמו עובדות המקרה שלפנינו, הרי שנותר בליבי ספק, מה היתה הנחת בית המשפט שעה שקבע מלכתחילה את התנאי. ספק זה המאפשר שני פירושים, מחייב לבחור על פי סעיף 34כא' לחוק העונשין תשל\""ז – 1977 את הפירוש המקל עם הנאשם,ועל כן הנני קובע כי התנאי שהושת על הנאשם בענייננו איננו בר הפעלה.""",train
"נוספת בשולי הדברים קודם שאבחן את מהות העניין, מופנית לב\כ המאשימה, הערה אשר הערתי גם בעל פה קודם טיעוניו לעיל והנוגעת לנוהג הקיים בבית המשפט והמאפיין את שני הצדדים בהתאם לעניין. אין צורך לומר כי לא אחת נתקל אני בבקשות המאשימה-המדינה שאינן תואמות ב-100% את סדר הדין, בקשות שמחמת הצדק יש להענות להן וכך גם אני נוהג. במצב דברים זה, הייתי מצפה כי ב\""כ המדינה ימנע מלהעלות טענה כאמור, ברמה הטכנית, מה עוד שאינה נכונה אף משפטית. ו לגופו של עניין, הביא בפני ב\""כ המאשימה ע\""פ שניתן אך בימים האחרונים ובהן סקר ביהמ\""ש המחוזי את הפסיקה השונה הנידונה בעבירות השב\""ח ואין צורך לומר, בכל הענווה, כי מסכים אני עם כל הנאמר באותו פסק דין. אלא, שפסק הדין ההוא דן בערעור על פסיקת בית משפט זה אשר קבעה עונשי מאסר הרחוקים מרמת הענישה שנקבעה (30 ימי מאסר), מה שאין כן בענייננו . כפי שצוין, בפסק הדין נשוא הערעור הנ\""ל וכן כפי שצוטט בגזר דיני לעיל מרע\""פ 5198/01, ניתן ללמוד שאין אחידות בעונשים שנגזרו והדבר הודגם במספר רב של פסקי דין. בעניין נשוא תיק זה, נדמה לי בכל הכבוד הראוי והצניעות, כי אין בו חריגה של ממש מרמת הענישה שנקבעה על ידי ביהמ\""ש המחוזי והעליון בעניינים מסוג זה ו-3 חודשי מאסר הינם רף שנקבע בלא מעט פסקי דין של ביהמ\""ש המחוזי בב\""ש, אשר ציין כי רף הענישה הינו בין 3-4 חודשים, לזה יש להוסיף את הכלל הנקוב בידינו בדבר ענישתו האינדיבדואלית של כל נאשם ועל כן, נראה כי אין יסוד של ממש לטענת המאשימה בדבר גזר דין מקל.""",train
"שירות אותן תבצע במעש באר שבע ברח' מקס בינטי 3 באר שבע, בפיקוח הממונה על עבודות השירות ומר כנפו מאיר.",train
"היום י' סיון תשע\א, 12/06/2011 במעמד הנוכחים. בהסכמת המדינה, הנני נעתר לבקשת הסנגור ומעכב ביצוע גזר הדין הנוגע לנאשם 5, זאת למשך 45 יום שמניינם מהיום, זאת בכפוף להותרת תנאי השחרור שנקבעו בעניינו, על כנם, ובתוספת צו עיכוב יציאה מן הארץ והפקדת דרכונו של הנאשם במזכירות בית המשפט. הנאשם 5 יהיה רשאי להפקיד דרכונו עד מחר, 13.6.2011 בשעה 12:00, כשהדבר לא יהווה שחרורו עתה, תוך שמובהר שבמידה ולא יעשה כן, ייעצר מיידית. כמו כן, יוחזר סכום ההפקדה לנאשם 2, כמפורט בדברי הסנגור לעיל. תשומת לב המזכירות לכתובתו של הנאשם 2 לצורך ההחזר: רח' פיירברג מרדכי 27/1 באר שבע.""",train
"הוא משימוש כאמור, אף הוא מהווה שיקול משמעותי בעיני לזכותו. ולבסוף, העובדה כי אף המתלוננת נמנעה משיתוף פעולה עם השירות וככל הנראה אף נותקו יחסיה עם הנאשם תוך שהחלה חיים חדשים, גם בכך יש כדי להביא לידי המסקנה שאין מקום למצות את הדין דווקא בהליך זה. על רקע כל המפורט והאיזונים שבין מטרות ושיקולי הענישה וההרתעה הנדרשת מחד, אל מול נסיבותיו האישיות של הנאשם מאידך, הנני דן את הנאשם כדלקמן: 10 חדשי מאסר, מתוכם יהיו 5 חדשים יהיו לריצוי בפועל והם ירוצו במסגרת עבודות שירות, בכפוף לחוות דעת הממונה על עבודות שירות, והיתרה תהא על תנאי, והתנאי הוא שלא יעבור בתוך 3 שנים מהיום, עבירת אלימות כלשהיא, לרבות עבירת איומים, כלפי מי מבני משפחתו כהגדרתם בחוק למניעת אלימות במשפחה תשנ\א -1991. הממונה על עבודות שירות מתבקש לחוות את דעתו בדבר כשירותו של הנאשם לבצע את עונש המאסר שהוטל עליו, בדרך זו וככל שכשיר הוא לכך, להציע מקום לביצוע העבודה. ו תשומת לב הממונה כי ניתן להשיג את הנאשם בכתובת: רח' גואל 14 תל אביב. טל': 5193944-052. או באמצעות בא כוחו עו\""ד אלנסאסרה. טל': 4663318-052.נ מומלץ לנאשם כי ככל שלא יקבל הודעה מהממונה על עבודות השירות בתוך 30 יום מהיום, יזום הוא פניה לממונה על עבודות השירות בשב\""ס, מפקדת גוש דרום, ת.ד. 741 באר שבע. טל': 6290616-08. פקס: 6290636-08.ב קובע לקבלת חוות דעת הממונה ולהחלטה בהתאם, ליום 16.6.05 שעה 08:30. ו מובהרת לנאשם חשיבות שיתוף פעולתו עם הממונה""",train
"שנים מיום שחרורו על כל עבירה לפי סימן ג' וסימן ד' לפרק יא' לחוק העונשין התשל\ז – 1977. מאסר למשך 6 חדשים אותו לא ירצה הנאשם, אלא אם יעבור בתוך 3 שנים מיום שחרורו, עבירה לפי סימן ה' לפרק יא' לחוק העונשין התשל\""ז – 1977 ו/או עבירה לפי ס' 7 לפקודת הסמים המסוכנים (נח) תשל\""ג – 1973 הפעלת המאסר המותנה בן 12 החדשים מת.פ. 40344/07 (מח' ת\""א) – 28.5.2008), מתוכם 8 חדשים יהיו לריצוי מצטבר לעונש המאסר בפועל שהוטל עליו בסעיף א' לעיל ו- 4 חדשים בחופף לו. למען הסר ספק מובהר כי הנאשם ירצה בסך הכל 48 חודשי מאסר בפועל, שימנו מיום מאסרו (3.10.09). פיצוי כספי למתלונן בסך של 5,000 ₪, אשר ישולם עד מועד שחרורו ממאסר.""",train
"נגעו לשלילת הטענה בדבר חוסר הדיווח, טענות ה\הגנה מן הצדק\"" העומדות לנאשמת, כניסתה לים על יסוד תסקירים שערכה, היקף כלובים קטן ב – 25% ביחס ל\""ערדג\"" והיקף עסק קטן יותר, פעילות קטנה בחמש שנים מזו של \""ערדג\"", מרחקה מהחוף ועומק מתקניה ביחס ל\""ערדג\"", שימוש בבסיסים שלא יוצרים בעיה סביבתית ואי השימוש במזחים אלא בספינה. במסגרת כלל השיקולים שנסקרו לעיל ובמהלך גזר דין זה כולו, ומתוך הבנה שיש בהסדר שהושג בין הצדדים משום התאמה להחלטתה ממשלת ישראל בעניין זה, מצאתי כי אכן מאוזן ההסדר וראוי לקבלו. באשר לשקלול הטיעונים בין ב\""כ המדינה לב\""כ הנאשמת, ביחס להשוואה הנעשית מול \""ערדג\"", נראה לי כי בסופו של יום מקזזים הם אלה את אלה, ועל כן התוצאה הסופית, על רקע האמור ועל רקע הדמיון שבין פעילות שתי החברות, כי ראוי בענייננו לאמץ לעניין הקנס הכספי את כלל \""אחידות הענישה\"" ולאור האמור לגזור על הנאשמת כאן, חובת תשלום זהה המשקללת את השיקולים הנוגעים להשוואה בין שתי הפרשות. אשר על כן הנני מאמץ את הסדר הטיעון אשר הוגש במסגרת טיעוני הצדדים ונותן לו תוקף של פסק דין. בהתאם לאמור, הנני דן את הנאשמת ומצווה עליה כדלקמן: אני מצווה על הנאשמת להפסיק את השימוש בחוות הדגים נשוא כתבי האישום בתיק זה, בים וביבשה. צו זה יכנס לתוקפו בהתאם למתווה שנקבע בהחלטת הממשלה מס' 3688 מיום 5.6.05 ויוחל בהדרגה כדלקמן: כמות המזון המירבית הכוללת שתוכנס למים בתקופה שמיום 6.6.07 ועד יום 5.6.08 לא תעלה על 700 טון. החל מיום 5.6.08 יאסר על הנאשמת 1 להכניס למים כל כמות מזון שהיא. בהתאם להסדר שבין הצדדים, מחייב את הנאשמת להוציא מהמים ששה עשר כלובים לאלתר, וכן ארבעה""",train
"וקשה אל מול הרשות הפלסטינית ואירגוני טרור הפועלים מתוכה, גם תושבי האזור הפלסטינים וקל וחומר נתיני חבל עזה כבענייננו, הם בבחינת נתיני אויב, ובתור שכאלה מהווים הם קבוצת סיכון לאזרחיה ולתושביה של ישראל ויש לעשות כל הניתן כדי למנוע כניסתם אליה. רשאית היא אפוא המדינה ואף חייבת היא, להגן על אזרחיה ותושביה, כצורך קיומי, תוך שבתי המשפט צריכים לתת ידם לתמיכה בהגנה זו, על ידי החמרת הענישה ויצירת אותו \מאזן אימה\"", כדברי התובעת, לפיו יובהר כי מאזן זה אינו משתלם למסתנן, וכי רב הסיכון הטמון במעשהו על הסיכוי. וכדברי כב' השופט לוי בפרשת סעדי ( ע\""פ 2131/03 סעדי נ' מדינת ישראל - טרם פורסם): עיינתי בפסקי הדין אשר המציא לי ב\""כ הנאשם. פסק דינה של חברתי כב' סגנית הנשיא בית אור, מצוי לכשעצמו, כך הבנתי, בהליכי ערעור שטרם הסתיימו. יתר פסקי הדין לא רק שהינם מבית משפט זה, אשר אינם מחייבים ואף לא מנחים, אלא אף נוגעים לחוק הכניסה לישראל להבדיל מחוק ההסתננות, בו הודה הנאשם. על כן לא תורמים הם תרומה של ממש לענייננו. יחד עם זאת, אציין לעניין זה, כי שאלה עקרונית היא, האם יש לדון אדם בנסיבות אלה לפי חוק הכניסה לישראל או לפי חוק ההסתננות, ואולם נוכח הודייתו של הנאשם, פטור אני בתיק זה מכך וכל שנדרש ממני הוא לגזור את דינו. על מנת שלא \""להותיר את הדף חלק\"" אציין, כי לעניין זה אני סבור, שבכל זאת יש הבדל בין הסתננות לבין שהייה בלתי חוקית עפ\""י חוק כניסה לישראל, ברמה קונספטואלית, ויש מקום, לדעתי, להבדל ענישתי, בין שוהה בלתי חוקי שנכנס מהאזור שבשליטת ישראל (באופן מלא, או חלקי – בטחוני בלבד) לבין""",train
"לא ניתן להתעלם מהודיית הנאשמים וחסכון בזמן שיפוטי העולה מכך, פציעותיהם הלא קלות של הנאשמים 1 ו - 5, אי הסתבכות בפלילים מצד הנאשם 1 מאז שנת 2002, אי הסתבכות בפלילים של הנאשם 2 מאז שנת 1998 והעדר הרשעות קודמות כלל של הנאשם 5, המנהלים בדרך כלל אורח חיים נורמטיבי, נסיבותיהם האישיות של הנאשמים – נישואיו הטריים יחסית של הנאשם 1, וגילו הצעיר של הנאשם 5. גם הדברים המרגשים, יש לומר, של עדי האופי שהעידו לזכותם של הנאשמים 1 ו – 5 לרבות מכתבו של הנאשם 1 שהועבר לעיוני, יעמדו לזכותם. בשקלול האיזונים המפורטים לעיל ובהתחשב בהסדר הטיעון הנני דן את הנאשמים כדלקמן: בעניינו של נאשם זה נראה לי שעתירת המאשימה מאוזנת ומצויה בהחלט, בהתחשב בנסיבות האירוע, ברף ענישה נמוך. לפיכך הנני מאמץ את מסגרת ההסדר המוצעת על ידי המאשימה וגוזר על הנאשם מאסר למשך 31 חדשים, מתוכם יהיו 21 חדשים לריצוי בפועל והיתרה תהא על תנאי, והתנאי הוא שלא יעבור משך 3 שנים מיום שחרורו ממאסר כל עבירת אלימות שהיא פשע ו/או עבירת החזקת סכין. מתקופת המאסר בפועל תנוכה תקופת המעצר אותה ריצה הנאשם במסגרת תיק זה (מיום 9.10.10). מאסר למשך 6 חדשים אותו לא ירצה אלא אם יעבור בתוך 3 שנים מהיום עבירת אלימות כלשהיא. מאסר למשך 18 חדשים, מתוכם יהיו 12 חדשים יהיו לריצוי בפועל והיתרה תהא על תנאי, והתנאי הוא שלא יעבור משך 3 שנים מיום שחרורו ממאסר כל עבירת אלימות ו/או עבירת החזקת סכין. מתקופת המאסר בפועל תנוכה תקופת המעצר אותה ריצה הנאשם במסגרת תיק זה (מיום 11.1.11 – 13.1.11). זכות ערעור לבית המשפט העליון בתוך 45 יום מהיום. ניתנה והודעה",train
"תמים דעים אני עם טענות ב\כ המאשימה, כי קיימת חומרה יתרה בימים אלו, בעבירות נשוא תיק זה. שעה שמצויים אנו במלחמה מתמדת כנגד הטרור, המוצא דרכים שונות ומגוונות לחדור לשטח המדינה ואף מצליח למרבה הצער לעשות כך לעיתים, בין היתר, בעזרת פעילות כמתואר בכתב האישום נשוא עניננו, המעודדת ומסייעת לדורשי עבודה מהשטחים, להיכנס לשטחי המדינה, ומעצימה את התופעה תוך הכבדה על המערכת הביטחונית. נאמר לא אחת כי יש להחמיר עם עבריינים העוברים על חוק הכניסה. ההכבדה העצומה הנופלת על רשויות הצבא והמשטרה, מבוטאת בכך שאין הם יכולים למקד מאמציהם לאיתור חוליות טרור, וצריכים הם להעמיד משאבים כלכליים ואנושיים רבים, אף כלפי אנשים שפניהם מועדות לחיפוש עבודה, ולא לשם ביצוע פיגועים. אין צורך לומר, כי הצלחה בכניסה לישראל, מביאה אף לידי הגברת המוטיבציה אצל מנועי כניסה נוספים, לנסות ולהכנס בשערי המדינה, שלא כדין ותוך הטלת נטל בלתי סביר על רשויות הבטחון והחברה בארץ. דברים ברוח זו, ביטאתי לא אחת בפסקי דין שונים שנתתי, (ר' לדוגמא לאחרונה ת.פ. 2996/04 לשכת תביעות מרחב נגב-באר שבע נ' אבו עפאש יוסף ואח' (לא פורסם)). לעניין זה, יפים דבריו של כב' השופט טירקל ברע\""פ 5198/01 טלעת ח'טיב נ' מדינת ישראל, פ\""ד נו(1), 769 : דברים אלה מקבלים משנה תוקף, נוכח פסיקת בית המשפט העליון ברע\""פ 6071/04 חאזם חוויס נ' מדינת ישראל, תק-על 2004(3), 78 , שניתן אך לאחרונה (11.7.04), ובו נאמר - ברע\""פ 3511/04 יוסף רפידי נ' מדינת ישראל, תק-על 2004(2), 327, נדחה ערעורו של הנאשם אודות חומרת הענישה, שעה שהורשע בגין הסעה שלא כדין, כפי ענייננו של הנאשם 1 אצלנו, ונגזר עליו מאסר לתקופה של 30 ימים לריצוי בפועל ומאסר על""",train
"לא אחת גם בפסיקת ביהמ\ש העליון [ר' למשל: ע\""פ 602/02 אוחנינה נ' מדינת ישראל (22.4.02, לא פורסם), ע\""פ 3330/06 אבאדייב נ' מדינת ישראל (28.1.07, לא פורסם), ע\""פ 1106/11 מדינת ישראל נ' תום ואקנין (29.6.11, לא פורסם) ועוד]. בהתאם מתחייב רף ענישה מרתיע, וככלל, מדיניות הענישה הנוהגת בייחוד כזו שבעטיה הושלמה הסחיטה לכדי ביצוע בפועל, היא מאסר בפועל. בנסיבות אלה, אין ספק שיש לראות בחומרה את המקרה, ויש להכביד את היד על מורשעים בעבירה מסוג זה, הפוגעת ללא ספק, בשלוות אזרחים תמימים ובאיכות החיים החברתית. [ר' למשל: ע\""פ 10036/06 פהימה נ' מדינת ישראל (מיום 26.4.07 – לא פורסם), ע\""פ 5160/06 יובל טל נ' מדינת ישראל (מיום 17.6.07 – לא פורסם) ע\""פ 6774/01 מדינת ישראל נ' אלעלווין (מיום 1.11.01 – לא פורסם) ע\""פ 1725/07 מדינת ישראל נ' מעטצם אבן סעיד (מיום 14.5.07 – לא פורסם), ע\""פ 1106/11 ואקנין הנ\""ל) ועוד]. מסכים אני כי קיים מדרג בין הנאשמים השונים במעורבותם וחלקם בפרשה, כפי שמתבטא הדבר בעובדות כתב האישום, אף אם באופן פורמאלי הורשעו באותן עבירות. בראש ובראשונה ניצב הנאשם 3, בעל המניע היחידי ויוזם העבירות, אשר ביקש להשיג את תוצאת העבירות מהמתלונן בגין חשדו בו, שהוא זה שפרץ לביתה של אמו. נאשם 3 היה גם הרוח החיה והפעילה בביצוע העבירות עצמן, לרבות עיקר תקיפתו של המתלונן. אחריו מצוי במדרג החומרה הנאשם 1 (שעניינו הסתיים בגזר דין שאימץ הסדר טיעון \""סגור\"" כאמור ל-12 חדשי מאסר), ושאליו פנה הנאשם 3 לצורך \""הפקת\"" הביצוע. נאשם 1 הוא גם זה שפיתה את המתלונן, בהתקשרויות רבות להגיע לזירת העבירה. במקום השלישי בחומרת הביצוע מצויים הנאשמים 2 ו- 4 , מושא גזר דין זה, שתפקידם,""",train
"עוד צודקת ב\כ המאשימה, כי אף בתסקיר המאוחר, מתלבט שירות המבחן בפה מלא, ותוהה האם הימנעות מהרשעה לא תהווה מסר מפחית אחריות עבור הנאשם, על אף שהמליצה בסופו של דבר על הימנעות מהרשעה. טענת ב\""כ הנאשם כי מיום ביצוע העבירה נשוא ענייננו ועד היום, לא עבר הנאשם כל עבירה, כמו גם העובדה כי בפני בית המשפט שנתן גזר דין ללא הרשעה במסגרת ת.פ. 6740/01, הייתה מונחת העובדה כי קיים תיק נוסף נגד הנאשם ועל אף זאת לא הורשע הנאשם, איננה מציגה את התמונה בכללותה, שהרי העבירה נשוא התיק אז, אירעה ביום 30/08/01 ואילו העבירה נשוא ענייננו נעברה ביום 31/12/01. עניין זה מלמד כי הנאשם לא נרתע מהעובדה כי הוגש כתב אישום כנגדו (12/11/01). עוד אציין, כי העובדה כי הנאשם בחר שלא לצרף תיקים באותו מועד בפני כב' השופט מגד, יכולה ללמד על היקף הענישה המקילה בתיק הנ\""ל, ואין עניין זה מלמד על רצון להימנע מהרשעה דווקא, על אף הידיעה כי קיים תיק נוסף כנגד הנאשם. נראה לי איפוא, כי מסקנת שירות המבחן להימנע מהרשעה, נבעה יותר מהרצון לסייע לנאשם לפנים משורת הדין, יותר מאשר קיום מכלול הנסיבות הנדרש להימנע מהרשעתו. זמן שחלף מיום ביצוע העבירה, יכול ללמד זכות על העבריין, כמו גם העדר הרשעות מאז. ואולם, מסכים אני עם ההתלבטות אותה הביא שירות המבחן, בדבר היות ההימנעות מהרשעה מסר מפחית אחריות עבור הנאשם, בעיקר מחמת \""כדאיות העסקה\"" מצדו של הנאשם. שהרי, במסגרת התסקיר הראשון צוין באופן ברור, כי לא נמצאו שיקולים מיוחדים להימנע מהרשעה לאור רישומו הפלילי של הנאשם ולאור התייחסותו לעבירה. לכן, ובאין שינוי נסיבות מספק לטעמי, תוך ראיית העבירה ונסיבותיה כעבירה חמורה של הפרעה""",train
"בית משפט זה ציין לא אחת, כי עבירות הסם ובעיקר הפצתו, הפכו נגע ממאיר שפשט בחברתנו לממדים עצומים אשר הורס כל חלקה טובה, לרבות בקרב ילדים ובני נוער. לפיכך חייב בית המשפט להוציא תחת ידו מסר ברור ומרתיע, לפיו יענשו כל התורמים להפצת הסם במלוא חומרת הדין. אף הפסיקה בכללותה, חזרה והדגישה את החומרה היתרה הטמונה בעבירות סמים ואת הצורך במדיניות ענישה מחמירה, אשר מטרתה להלחם בנגע זה ולהקטין את ממדיו. (ר' למשל ע\פ 2649/00 בועז ישראל נ' מדינת ישראל, תק-על 460 (3)2001).נ בנסיבות אלה, ובמיוחד על רקע חומרתה של העבירה העיקרית בסדרת העבירות בהן הורשע הנאשם - עבירת הסחר בסם, יש לתת עדיפות לשיקולים של הגנה על האינטרס הציבורי ומשקל מועט יותר לנסיבותיו האישיות של הנאשם. לעבירה זו יש להוסיף כמובן את העובדה שעברו של הנאשם אינו \""צח\"", ויש לו רישומים קודמים . אמנם, קיים רישום של עבירת החזקת נשק ואולם, נראה לי כי יש טעם בדברי הסניגור ולפיהם המדובר בהחזקת מחסנית ריקה שנותרה ברשותו ועל כן, וכן על רקע אי הרשעתו של הנאשם בענין זה- לא אתחשב בה לחומרה. כך גם לענין עבירת הסמים הרשומה כנגד הנאשם. המדובר בעבירה משנת 1990 בגין החזקת סם לצריכה עצמית, אשר הזמן שחלף מאז, כ- 14 שנה, יש בו טעם להקל עם הנאשם ולא להעמידה לחומרה כנגדו. עם זאת, גם בלא להתחשב בעברו של הנאשם, הרי שכאן, בפני, הורשע הוא בסדרת עבירות חמורות ובהן התפרצות, תקיפת שוטר, החזקת סכין וסם, נסיון גניבה והיזק בזדון, אשר מוסיפות לכשעצמן נופך של חומרה לענינו. לאור כל האמור ובהתחשב בעובדה כי לא קיימת כאמור אופציה טיפולית ריאלית, ונוכח שיקולי הענישה וההרתעה הנדרשת""",train
"ושאדי), המדובר בסוג סם אחר ובהיקף שונה וכן הוספה ענישה כספית של 20,000 ₪. כך גם באשר לפסיקה שהומצאה על ידי הנאשם: בת\פ (מח' חי') 1601-08-09 (סגס) המדובר היה בעבר נקי ובהסתבכות ראשונה של נאשם צעיר עם החוק ובנסיבות אישיות שפורטו בתסקיר שהוגש. כך גם ברע\""פ 1720/11 (גליק) היה המערער בעל עבר נקי ובעל נסיבות אישיות ומשפחתיות קשות. גם בת\""פ (מח' חי') 7097/08 (תורכמאן) היה מדובר בצעיר בן 19 ללא הרשעות קודמות (ועל אף האמור הוטלו עליו 21 ח' מאסר בפועל). בעפ\""ג 39825-01-11 (לוי) המדובר היה בקביעת ערכאת הערעור כי אכן העונש קל ואולם אין דרכה למצות את הדין ועל כן החמירה עימו אך קמעא (סה\""כ נגזרו 12 ח' מאסר בפועל). בעפ\""ג 30818-11-10 (מזרחי), המדובר היה בנאשמת שנקטה בצעדי שיקום, ניקיון מסם, ניהול אורח חיים נורמטיבי, עבודה מסודרת ולימודים וששירות המבחן המליץ להאריך את המאסר המותנה שהיה תלוי כנגדה. (למרות כל האמור הושתו 13 ח' מאסר בפועל). לאחר ששקלתי איפוא את כלל האמור, הנני דן את הנאשם 2 כדלקמן: 27 חדשי מאסר, מתוכם 17 חדשים יהיו לריצוי בפועל ומנינם מיום מעצרו (21.3.11) והיתרה תהא על תנאי, והתנאי הוא שלא יעבור משך 3 שנים משחרורו, עבירה לפי פקודת הסמים המסוכנים [נח] תשל\""ג – 1973.""",train
"שירות המבחן והן ע\י בית המשפט, ובין אם בשל צפי עתידי חיובי לגביהם. כך למשל בע\""פ 8092/04 ישראל חביב נ' מדינת ישראל (10.9.06), היה מרכז הכובד של פסק הדין ב\""הישג השיקומי המיוחד והנדיר...על שום נדירותו וייחודו בולט הצורך לתת לו משקל נכבד במסגרת שיקולי הענישה...\"". גם בפ' (מח' י-ם) 3046/07 מדינת ישראל נ' קויפמן דורית (30.3.08), היתה הנאשמת נתונה ב\""תהליך משמעותי של שיקום והפנמה של חומרת מעשיה ונוטלת אחריות אישית מוגברת\"". בפ' (מח' נצ') מדינת ישראל נ' אשר עייש (25.7.05), המדובר היה בהמלצה חיובית של שירות המבחן אשר דיווח על \""נאשם צעיר, בעל רקע נורמטיבי, דמות חיובית ביסודו שטרם סיגל לעצמו דפוסי התנהגות עבריינית, המצוי בצומת חיים קריטית, ואשר עפ\""י התרשמות שירות המבחן קיים סיכוי טוב מאד לזניחה כליל של התנהגותו העבריינית. בפ' 40130/07 (מח' ת\""א) מדינת ישראל נ' אריאל בן דוד (23.10.08), המדובר היה \""במקרה מובהק של מעידה חד פעמית. חד פעמיות המעידה נובעת מהעדר העבר ומן התצפית העתידית החיובית הכלולה בתסקירי שירות המבחן\"". בפ' (מח' ב\""ש) מדינת ישראל נ' סופן חגית (26.5.02), המדובר היה בנאשמת שזו מעורבותה הראשונה בפלילים, שלקחה אחריות ושינתה דפוסי חשיבתה, תוך ששירות המבחן המליץ שלא להרשיעה כלל. למותר לציין כי נסיבות כל חמשת פסקי הדין הנ\""ל, אינם מתקיימים בענייננו. בבואי לגזור את עונשו של נאשם, מעבר לכמות הסם הגדולה וסוגו, עומדים לנגד עיני מאפייניו האישיים של הנאשם, דפוסי התנהגותו, עמדותיו ותפיסותיו, כפי שהתרשם מהם שירות המבחן, המטילים לצערי צל כבד של ספק, באשר לאופק הטיפולי הקיים בשלב זה, אשר נותר מעומעם ביותר בנסיבות שתוארו. הנאשם, חודשִים לאחר ביצוע העבירה, אינו מגלה הבנה לחומרת מעשיו ולהשלכותיהם ונותר עם דפוסי חשיבה עבריינים.""",train
"הואיל ועל מנת לחסוך זמן שיפוטי ולמנוע הטרחה מבית המשפט, חזר ב\כ הנאשם על טיעוניו העקרוניים של חברו עו\""ד אלקבץ בת.פ. 1009/05, אפנה אף היא להערותי באותו פסק דין, תוך שאמנע מלחזור עליהם כאן. כפי שציינתי בעניין אחר (ר' פ' 1046/05 מיום 7.2.05), תמים דעים אני עם ב\""כ המאשימה, כי אכן קיימת חומרה בעבירות על חוק הכניסה לישראל. אמנם בעיקר אמורים הדברים בדרך כלל בהיבט הבטחוני ובכך עוסקים מרבית פסקי דין בענין, ואולם אין להקל ראש גם בהיבט הכלכלי, החברתי והדמוגרפי. ציינתי לא אחת, כי יש להחמיר עם עבריינים העוברים על חוק הכניסה, זאת בשל ההכבדה העצומה הנופלת על רשויות הצבא והמשטרה והפגיעה בזכותה של המדינה להחליט מי יבוא בשעריה. רוב רובם של פסקי הדין הדנים בנושא השוהים הבלתי חוקיים, עושים כן על רקע ההיבט הבטחוני, המהווה גם את השיקול המרכזי להחמרת הענישה בענינים אלו. פסקי הדין הנוספים שדנו בעניין ואשר הוצגו לי ע\""י ב\""כ המאשימה, מתבססים על חוק ההסתננות, שאף הוא מבוסס כידוע על קונספציה בטחונית, כמפורט בהרחבה בהכרעת הדין, ואשר בהם נקבעה רמת הענישה בין 8-24 חדשי מאסר בפועל. בנסיבות אלה, ועל רקע רמת הענישה השונה הקבועה בחוק ההסתננות, לא תורמים פסקי הדין תרומה של ממש לדיון זה, מה גם שכולם מבתי משפט השלום, שאינם מחייבים ואף לא מנחים. כמצוין על ידי בת.פ. 1009/05 הנ\""ל, ומבלי שתשתמע הקלת ראש חלילה בעבירת השהיה הבלתי חוקית, החומרה אותה אני רואה בעניין שבפני, אינה בשהייה עצמה, אלא דוקא מקשירת הקשר והברחת עובדים זרים אחרים, תמורת בצע כסף. אין עניינו של נאשם השוהה בארץ כדי לשבור שבר, שקול לכזה העובר עבירות של הברחת אחרים, לשם בצע כסף. גבול""",train
"לא התערב בית המשפט העליון בערעור לפיו הוטלו 24 חדשי מאסר, על רקע הקביעה כי חלקו של נאשם היה משני לחלקו של אחר שלא נתפס. ובפ' (מח' י-ם) 3042/07, המדובר היה בצעיר בן 20 ששהה במעצר 11 חדשים ושבעניינו הוטלו 24 חדשי מאסר על רקע המלצת שירות המבחן כי הטלת מאסר נוסף יגרום להתדרדרות. אין צורך לומר כי כל הפרמטרים האמורים אינם מתקיימים בענייננו. המדובר בנאשם בן 50, שהמלצת שירות המבחן לגביו מסוייגת ביותר ואשר מטילה ספק רב ביכולתו להיתרם מהמסגרת, על רקע גילו ועל רקע ההערכה כי יתקשה לערוך שינוי בחייו. בד בבד ממליץ שירות המבחן, בניגוד למקרים שפורטו, להטיל עונש משמעותי. הנאשם לא עבר כל הליך טיפולי קודם וודאי שלא הגיע להישג כלשהוא בעל משמעות בעניין זה. עברו הפלילי ללא ספק מכביד, והוא הספיק לצבור 21 הרשעות קודמות בעבירות מגוונות בגינן ריצה ענשי מאסר בפועל לא מבוטלים. בעברו (אם כי משנת 1984) רשומה כאמור גם עבירת שוד מזויין, בגינה נדון ל – 10 שנות מאסר. גם יתר ההקלות שפורטו לעיל לא מתקיימים בנאשם, וזולת הבעת רצונו עתה, שהוא מבורך לכשעצמו, אין סימנים ממשיים אובייקטיביים לשינוי צפוי. מאידך, אי אפשר להתעלם מהעובדה כי הנאשם הודה וחסך בזמן שיפוטי בשלב מוקדם של הדיון בעניינו, וכן יש להחשיב לזכותו את הבעת צערו וחרטתו. גם מכתבה של בתו נגע כאמור לליבי ואביאו בחשבון במסגרת שיקולי הקולא. ולבסוף, אין להכחיש כי יש יסוד כלשהוא לטענת סניגורו בדבר נסיבות ביצוע העבירה, אשר מבלי להקל בהן ראש, לא נמצאות ברף העליון של ספקטרום העבירות מסוג זה. בנסיבות האמורות לא מצאתי מקום להעתר לשליחתו של הנאשם להליך טיפולי וככל שאכן חפץ הוא",train
"אין צורך לחזור ולהדגיש את החומרה היתרה אותה רואה בית משפט זה בעבירה בה הורשע הנאשם והסיכון הרב הנובע ממנה. מצב הקטל בכבישים אינו צריך אזכור ולא קשה לתאר מה עלול לקרות בהתפתחות אירוע כאמור. יצויין כי הסיכון היה כה רב, עד כי אחד השוטרים נאלץ לידות אבן בשמשת הרכב והשני לירות לעברו על מנת לעוצרו. בנסיבות אלה צודק ב\כ המאשימה בדבריו, כי המדובר בזלזול בוטה בחיי אדם וסיכונם, וכי העבירה בה מדובר הפכה למרבה הצער ל\""מכת מדינה\"" והעובדה כי הנאשם לא שעה להוראות השוטרים, תוך שנגח אף ברכבם מלמדת שאין עליו מורא הדין. די באמור לעיל, כדי לחייב נקיטה בענישה מרתיעה ומחמירה כנגד הנאשם, על מנת שידע הנאשם כי לא יוכל להנקות מן הדין בביצוע עבירה מהסוג הנ\""ל, ועל מנת להרתיע עבריינים בפועל ובכח מביצוע עבירות כאמור. ב לכל האמור יש להוסיף כי הנאשם בחר לנהל הוכחות בתיק זה, תוך שרק בעיצומן מצא לנכון להגיע להסדר ולחזור בו מכפירתו, ואף בחר שלא לשתף פעולה עם הממונה על עבודות שירות, למרות שניתנה לו הזדמנות לעשות כן. מצד שני, לא ניתן להתעלם מהעובדה כי זולת עבירה זו, אין לנאשם כל עבר פלילי שהוא, מעצר הבית בו היה נתון משך כ – 9 חדשים, הודייתו בסופו של דבר והבעת חרטתו בפני, וכן חלוף הזמן היחסי מאז ביצוע העבירה. קודם קביעת גזר דיני ולבקשת ב\""כ הנאשם, הוריתי כאמור לממונה על עבודות שירות להגיש חוות דעתו בעניננו של הנאשם. הדגשתי כי אין בכך קביעת כל עמדה שהיא. הממונה הודיע, כי הנאשם לא התייצב לראיון. בא-כוחו הודיע היום כי איננו מעוניין בביצוע עבודות שירות. גם ללא חוות-הדעת, בשיקלול שיקולי, אינני סבור""",train
"על אף שלכאורה, נראות אלה כפעוטות ערך. רמת הסיכון מתקלות מסוג זה, במפעל מהסוג הנדון, הינה גבוהה ויכולה להיות הרת אסון ועל כן יש צורך להתייחס אליהן במלוא הזהירות הראויה. לאור כל האמור, ולאחר ששקלתי את מטרות הענישה מחד ואת נסיבותיהם האישיות של הנאשמים מאידך, ובהביאי בחשבון כי עצם ההרשעה יש בה כדי להוות ענישה לכשעצמה בענינם, החלטתי שאין מקום לגזור עליהם את רמת הענישה אותה ביקשה התביעה להטיל ושאין, בנסיבות הכוללות, להחמיר עם הנאשמים, ובתאם לכך, הנני דן אותם כדלקמן: הנאשמת 1: קנס כספי בסך של 30,000 ₪. וכן חתימה באמצעות מורשי החתימה מטעמה, על התחייבות בסך של 150,000 ₪ להמנע מעבירה בה הורשעה. ההתחייבות תעמוד בתוקפה משך שנתיים מהיום.",train
"ויום לנאשמים מהסוג הזה ואפילו נאשמים שיש להם עבר. אנחנו היום אחרי שביהמ\ש נתן את מילתו, את גזר דינו, אשר לפי מיטב ידעתי הינו גזר דין מנומק ביהמ\""ש לא השאיר אבן לגבי מצבם של הנאשמים, בחן את הטענות של התביעה וגם של הסניגור ונתן דעתו לגבי כל טענה וטענה. פסק דין מנומק. ביהמ\""ש גזר על נאשם 3 שלושה חודשים. אנחנו כמשפטנים, כמערכת יודעים כי זו לא פעם ראשונה או שניה שאנחנו נוהגים בשיטה הזו, דהיינו, שאם ביהמ\""ש טרם קם מכסאו יכול, רשאי ומוסמך לשנות את החלטתו. חברי בתחילת טיעוניו אמר שביהמ\""ש יתן להם חודשיים ולא 3 חודשים ויום. בסעיף 3 לחסד\""פ, כתוב בכל בעניין של סדר הדין שאין עליו הוראת חיקוק, ינהג ביהמ\""ש בדרך הנראית לו לעשיית צדק. מה שביקשתי כאן, עם כל הכבוד מה שנעשה כאן, דבר שאסור היה לעשות. ביקשתי זה להוסיף יום אחד על מנת שנאשם מס' 3, תגדל האופציה שיזכה לשליש. דבר זה או בקשה זו קוממה ועצבנה את חברי אשר קם וטען ארוכות לדבר זה, דבר שהתביעה עצמה היתה נוקטת והיתה עושה, דהיינו, שלושה חודשים ויום. ביהמ\""ש טרם קם מכסאו וביהמ\""ש יכול לשנות את החלטתו אם טרם קם מכסאו. בקשתי הוגשה מיד לאחר החלטת ביהמ,ש ואני מבקש לכבדה ולאמצה. מיד עם סיום הקראת גזר דיני ועוד בטרם הספקתי אף להוציא את ההחלטה ממדפסת אולם ביהמ\""ש, קם בא כוחם המלומד של הנאשמים וביקש כי ביהמ\""ש ישקול להגדיל את תקופת המאסר שהושתה על הנאשם 3, כמקובל בתיקים רבים בבית משפט זה וזאת על מנת לאפשר הבאת עניינו בפני נציב שב\""ס לצורך שקילת ההפחתה המנהלית שבתחום פסמכותו. ב\""כ המאשימה התנגד נחרצות לתיקון המבוקש, תוך""",train
"הועלו גם בפני כב' השופטת בית אור, אשר שקלה אותם במניין שיקוליה לגזר הדין. ראויים לציטוט דבריה של עמיתתי כב' השופטת בית אור ביחס לנאשם שבפני: אני מסכימה עם ב\כ הנאשם שהעבודה היא בהחלט מפתח לריפוי חוליים נפשיים ועשוייה לשקם ולהטיב עם כל אדם, אך אני גם סבורה שנאשם זה צריך להפנים פעם אחת ולתמיד את חומרת המעשים שעשה וסלחנות לא מסייעת לו בעניין זה. אינני מקבלת גם את הטיעון שאם יאלץ הנאשם להפסיק לעבוד הוא עלול לחזור למצוקה כלכלית ומי ישורנו מה יעשה לאחר מכן. אם הנאשם שם לו תנאים להתנהגות נורמטיבית, דהיינו רק אם יעבוד, לא ילך לדרך הפשע, הרי שהוא אכן לא הבין עד כמה חמורים מעשיו. מסתבר שעל אף הדברים האמורים, שב הנאשם וביצע את העבירות נשוא עניננו ולא הפנים כנראה די צרכם, את הדברים שנאמרו בעניינו כאמור. לכשעצמי, אין לי אלא לאמץ את הדברים האמורים שלא נס ליחם והאקטואליים, ביתר שאת כיום, בלא צורך להוסיף עליהם דבר. לאור האמור, על רקע עברו ועל רקע העובדה כי ענין דומה של הנאשם נידון כבר בעבר כאמור ולא הועיל, לא נראה לי נכון להסתפק בצו מבחן ומאסר מותנה כמבוקש ע\""י ב\""כ הנאשם. מאידך, נראה לי כי מאסר בפועל ממש בנסיבות ענינו של נאשם זה, אף הוא אינו הולם וניתן להסתפק בעבודות שירות, ככל שכשיר להם הנאשם. לאור חוסר הרלוונטיות של עבודות של\""צ, ולאחר ששקלתי את האיזונים הנדרשים בין חומרת העבירה לנסיבותיו האישיות של הנאשם, הנני דן אותו כדלקמן: מאסר למשך 10 חדשים מתוכם 5 חדשים יהיה לריצוי בפועל והם ירוצו בעבודות שירות בכפוף לחוות דעת הממונה, והיתרה תהא על תנאי והתנאי הוא שלא יעבור""",train
"במסגרת השחרור מהמעצר. קיימת בתיק התחייבות עצמית וערבות צד ג'. אנחנו נסכים לבקשה לעיכוב ביצוע, בכפוף להפקדה כספית משמעותית וצו עיכוב יציאה מהארץ, זאת כתנאי לשחרורו. בהסכמת המאשימה ועל מנת לאפשר לב\כ הנאשם לבחון את שיקול דעתי בפני ערכאת הערעור, הנני מורה על עיכוב ביצוע גזר הדין למשך 45 יום שמניינם מהיום, זאת בכפוף לתנאים הבאים: צו עיכוב יציאה מן הארץ כנגד הנאשם, אשר יפקיד את דרכנו, ככל שיש בידו כזה, במזכירות ביהמ\""ש.""",train
"מקובלים עלי דברי ב\כ המאשימה, כי מדובר בעבירות חמורות על חוק התכנון והבנייה, המניבות רווחים כלכליים למבצעיהן וכך אף יש להתייחס אליהן. סוג עבירות זה, לא זו בלבד שהפך להיות רעה חולה במחוזותינו, בבחינת מכת מדינה ממש, אלא שבסוג עבירות זה, המדובר בעבריינים הנמנים לרוב על חברת אנשים נורמטיביים לכל הדעות, אשר למרבה הצער, אינם רואים את העבירות האמורות כחמורות ולעיתים אף לא מתייחסים כלפיהן כעבירות כלל, עניין המגביר את הצורך באכיפה וענישה הרתעתית. אף בנסיבותיו הספציפיות של המקרה שלפנינו, ניתן לומר כי המדובר בהיקף בנייה ושימוש ניכר לכל הדעות, הן מבחינת שטח המבנים הכולל והן מבחינת משך ביצוען של העבירות, למעלה מעשור שנים. יתרה מכך, הנאשם עשה דין לעצמו והמשיך את השימוש משך כל שנות הדיונים ואף לאחר הכרעת הדין המרשיעה, למרות שידע כי פעילותו מנוגדת לחוק. צודק איפוא ב\""כ המאשימה, כי המדובר בעבריינות כלכלית, לשם הפקת רווחים בסדרי גודל משמעותיים, פגיעה בערכים תכנוניים ובאיזון החברתי הכולל, תוך פגיעה וזלזול בשלטון החוק, משך תקופה של שנים רבות. הליכי התכנון משקפים איזון רחב וכולל של שיקולים חברתיים, הנוגעים לחלוקת שימוש ויעוד קרקע, לצורך הפקת מירב התועלת החברתית ממנה, לרבות בהיבט הניצול הכלכלי. לאחרונה עמד על כך בית המשפט העליון בעע\""מ 2273/03 אי התכלת שותפות כללית ואח' נ' החברה להגנת הטבע ואח' (מיום 7.12.06 טרם פורסם): בדורות האחרונים, התגברה ההכרה כי מקרקעין הם משאב ציבורי החשוף לכלייה באם ניצולו ייעשה בלא שים לב לצרכי הדורות הבאים. .. לפיכך, דיני התכנון כיום נותנים ביטוי גם לצורך בשימור הקרקע, ובוחנים את השפעותיהן הכלכליות, חברתיות, חלוקתיות ואקולוגיות של תכניות, לצד ההכרה בצורך בפיתוח ובבנייה... תכלית נוספת של דיני התכנון עניינה""",train
"זו בלבד שעבר עבירת כניסה כאמור, אלא אף מרהיב עוז בנפשו ומבצע עבירות כנגד רכוש אזרחי המדינה, מן הראוי להחמיר בדינו, תוך הגנה על רכושם. ראוי להזכיר כי רמת הענישה שנקבעה לעבירות השב\ח, עוסקת בכניסה של אדם נורמטיבי, שלא לצרכי עבירה, ובלא שנתלוו לה עבירות נוספות ואולם, בענייננו כאמור, אין הדבר כך. לעניין טענתו השניה של הסניגור בדבר הקלה במצב הביטחוני, נדמה לי בכל הזהירות, כי עוד מוקדם להצהיר כאמור, כששלטונות הבטחון, עוסקים עדיין ימים ולילות, בסיכול ומניעת מעשי טרור. על כן נדמה לי כי ההלכה שנקבעה בעניין זה, עדיין עומדת היא בתוקפה.""",train
"ראשית לשאלת ביטול ההרשעה: בפסקי דין רבים סקרתי את כללי החוק והפסיקה בענין סוגית ההרשעה, כללים ידועים שלא כאן המקום להרחיבם. בקליפת אגוז יצויין, כי הן על פי חוק סדר הדין הפלילי [נ\מ] תשמ\""ב- 1982 בסעיף 182 העוסק בענין זה, והן על פי הפסיקה בענין זה, ובראשה פסקי הדין המנחים בענין רומנו (ר\""ע 432/85 גדעון רומנו נ' מדינת ישראל תק' על' 85 (3) 737), בענין כתב (ע\""פ 2083/96 תמר כתב נ' מדינת ישראל פ\""ד נב (3), 337) ובעניין שמש (ע\""פ 2513/96 מדינת ישראל נ' ויקטור שמש פ\""ד נ(3) 682),\""ברירת המחדל\"" הינה הרשעה, ואי הרשעה הינו חריג לכלל ונקבע בנסיבות יוצאות דופן, בהן אין יחס סביר בין הנזק הצפוי מן ההרשעה בדין לבין חומרתה של העבירה. לאחרונה חזרו בתי המשפט על העמדה האמורה בהרחבה יתרה, בשני פסקי דין שקיבלו אף תהודה רבה: פ' (שלום ת\""א –יפו) 5461/06 מדינת ישראל נ' חיים רמון (29.3.07 - טרם פורסם) ופ' (מחוזי ת\""א יפו) 40332/05 מדינת ישראל נ' אסנת אלון לאופר (19.10.06 טרם פורסם). בפרשת כתב הנ\""ל, מסכמת כב' השופטת דורנר את שני הגורמים המצטברים הנדרשים לצורך המנעות מהרשעה: ד. על עמדה זו, חזר בית המשפט העליון במקרים נוספים (ר' למשל דברי כב' השופטת פרוקצ'יה בע\""פ בע\""פ 2669/00 מדינת ישראל נ' פלוני, פ\""ד נד(3) 685, 689, ודברי כב' השופטים מצא וזמיר בפרשת שמש הנ\""ל בעמ' 684 – 685: ה. המשנה לנשיא, כבוד השופט ש' לוין, פרט בפרשת כתב הנ\""ל, קווים מנחים, להימנעות מהרשעה, ככל שמדובר בהיבט השיקומי של הנאשם: ו) האם ביצוע העבירה על-ידי הנאשם משקף דפוס של התנהגות כרונית, או המדובר בהתנהגות מקרית? ז) יחסו של הנאשם לעבירה, האם נוטל""",train
"עכבות מוסריות, להתפרש כהתפשרות על ערכים ועל נורמות, לפגוע באמינות מימושו של האיום בעונש מאחורי החוק ולהעביר מסר שלילי לעבריינים פוטנציאליים המועדים לבצע עבירות מאותו סוג. באותו אופן שבו השתת עונש ממשי היא בבחינת ביטוי חברתי חריף לגינוי שלו ראויים המעשים החמורים, כך אימוץ הגישה הסלחנית תחליש הכרת האיסור שבהתנהגות\ (ע\""פ 4872/95 מדינת ישראל נ' אילון, פ\""ד נג(3) 1, 7). בתי המשפט השונים התייחסו רבות ובחומרה לעבירות מסוג זה, והתופעה למרבה הצער, לא נעלמה ברבות השנים. כבר בע\""פ 724/74 אברג'יל נ' מדינת ישראל, פ\""ד לב (1), 141, 144-145, המצוטט בין היתר בע\""פ 1725/07 מדינת ישראל נ' מעטצם אבן סעיד (מיום 14.5.07 – לא פורסם), התריע כב' השופט ח' כהן בדבר התעצמות התופעה והצורך בהרתעה, תוך הטלת עונשים כבדים: בע\""פ 1725/07 הנ\""ל, חזר בהסכמה בית המשפט העליון על האמור וציין: \""... ערים אנו לכך שהנסחטים במקרים רבים אינם נכונים להתלונן פן יבולע להם, והרי אין ניתן להעמיד שוטר ליד כל נסחט 24 שעות ביממה. לפיכך נודעת חשיבות מרובה להרתעת הסוחטים. יתר על כן, המדובר בעבירות שיש בהן שפל מדרגה מוסרי מיוחד; בע\""פ 9839/06 מ\""י נ' חבני (טרם פורסם) ציינה חברתי השופטת ברלינר, כי 'סחיטה היא עבירה שיש בה יסוד של שפלות לצד ההיבט הרכושי שבה'. שפלות זו מתבטאת בהשגת רווחים קלים על חשבון הזולת, תוך הטלת אימה ופחד עד כדי חשש לחיים ולמשפחה. ... לדידנו מחייבת עבירה זו מאסר מאחורי סורג ובריח; וכמובן – תוך התחשבות בנסיבות האינדיבידואליות, שאין בלעדיהן כענישה – גם מאסר שאינו קצר, במקרים המתאימים. כוונת המחוקק תתגשם על ידי כך. דברים אלה לרבות החומרה שבעבירה עצמה, חוזרים באופן עקבי בפסיקה רבה נוספת (ר'""",train
"במזיד בנתיב תחבורה הינו אחד האמצעים להתמודדות עם תופעה חמורה זו, ורף הענישה החולש על העבירה משלים את המאמצים למיגורה. האינטרסים החשובים שבבסיסה של העבירה, שכיחותה של תופעת המרדפים, והקטל המתמשך בכבישי ארצנו חיזקו את משקלו של האינטרס הציבורי בדבר הרתעת העבריין והציבור כולו, והובילו לקביעתו של רף ענישה מחמיר. מדיניות הענישה הנוהגת בעבירות מסוג זה (סיכון חיי אדם בנתיב תחבורה) נעה סביב 4 שנות מאסר, וזאת עוד בטרם יובאו בחשבון יתר העבירות בהן הואשם ובהן עבירה חמורה נוספת של גניבת הרכב. בנסיבות דומות לענייננו הנוגעות לעבירת סיכון חיי אדם בנתיב תחבורה ועל אף נסיבות קשות של הנאשם אישר בית המשפט העליון עונש של 4 שנות מאסר בפועל, וקבע כי אין המדובר בסטיה לחומרה (ע\פ 6954/09 קביטה נ' מדינת ישראל (12,7.10, לא פורסם). עיינתי בפסקי הדין אליהם היפנוני הצדדים. ישנם גזרי דין חמורים יותר וחמורים פחות וקשת הענישה תלויה בנסיבות כל מקרה, ואולם נראה כי הרף שנקבע בבית המשפט העליון לעבירת סיכון חיי אדם נע סביב 4 שנות מאסר.. כאמור, מעבר לעבירת סיכון חיי אדם, המדובר בסדרת עבירות נוספת שביצע הנאשם. לא ניתן להתעלם מהעובדה כי ביצוען אינו מעידה חד פעמית, אלא כאמור רישומו הפלילי מלמד על חזרה עבריינית מצידו ושהעונשים המוטלים עליו, אינם מרתיעים אותו. זאת ועוד, גם מאסר מותנה בר הפעלה התלוי ועומד כנגדו לא הרתיעו, ואף משהוגש כתב האישום ועל אף שנתפס בכף על ידי אנשי מג\""ב ביציאתו מהרכב לאחר שהתנגש בעץ, בחר לכפור במיוחס לו ולנהל משפטו עד תום. אין צורך לומר כי עובדה זו אינה עומדת לו לרועץ ולא תשמש כשיקול לחומרה, שכן צודק בא כוחו שהמדובר בזכות המוקנית לו. אלא""",eval
"לגבי הדרכון של הנאשם, אני מציין כי הוא אינו בתוקף משנת 2002. אני מציגו פה בפני ביהמ\ש, אנו נפקיד אותו במזכירות, עם ההפקדה נבקש מספר ימים, זאת בהסכמתה האדיבה של חברתי.""",eval
"כלובים ביום החמישה עשר לכל חודש, החל מחודש אוגוסט 2007. מובהר כי הוצאת הכלובים מהמים פירושה בסעיף זה פירוק הרשתות, הוצאתן מהמים, פינויין באופן מוסדר בהתאם להנחיות צוות הפיקוח שנקבע בהסדר שבין הצדדים היינו המנהלים הכלליים של המשרד להגנת הסביבה (באמצעות אגף ים וחופים במשרד להגנת הסביבה) ומשרד החקלאות ופיתוח הכפר (להלן: צוות הפיקוח), וניתוק צינור ההזנה של הכלוב. לא יוכנס שינוי במתווה האמור בסעיפים 1-3 לעיל, אלא בהסכמת היועץ המשפטי לממשלה או מי מטעמו (לרבות עקב פניה ליועמ\ש למשלה מטעם ועדת המנכ\""לים שמונתה מכח החלטת הממשלה). אני מצווה על הנאשמת להרוס, בעצמה ועל חשבונה, את כל המבנים, המתקנים והציוד המשמשים אותה על חוף הים (למעט מבנה חדר חשמל המסומן מס' 11 בתשריט שצורף להסכם שבין הצדדים ולמעט מזח ישן) ולהחזיר את החוף לקדמותו, כפי שהיה ערב תחילת פעילות הנאשמת במקום, וזאת עד ולא יאוחר מיום 30.9.08, הכל להנחת דעתו של צוות הפיקוח. אני מצווה על הנאשמת להרוס, בעצמה ועל חשבונה, את כל המבנים, המתקנים והציוד שהקימה ו/או המשמשים אותה, בשטח הימי של מפרץ אילת ופינויים מהמקום, למעט הסינקרים השקועים בקרקעית הים, הכל להנחת דעתו של צוות הפיקוח, זאת בתוך 3 חדשים מהוצאתם מהמים של כל הכלובים באחד מאיזורי החווה (האיזור המערבי או האיזור המזרחי, כאמור בכתב האישום בת.פ. 6519/01). מובהר כי בכל מקרה, תהרוס הנאשמת לא יאוחר מיום 30.9.08, בעצמה ועל חשבונה, את כל המבנים , המתקנים והציוד ששימשו אותה בים, למעט הסינקרים השקועים בקרקעית הים, ותפנה אותם מהמקום להנחת דעתו של צוות הפיקוח. ההריסה האמורה בסעיף זה, משמעה לרבות פינוי מוחלט בכל דרך שתניח את דעתו של צוות הפיקוח. אני מצווה על הנאשמת לפנות,""",eval
"הפעלה. התנאי המקורי כפי שהושת על ידי חברתי כב' השופטת בית אור בת.פ. 4598/03 קובע כדלקמן : השאלה שעל הפרק היא, האם התקיימו התנאים להפעלתו אם לאו. נ שאלת הפעלת התנאי איננה שאלה טכנית פורמלית, אלא הינה מהותית עניינית. כלומר, אין אנו בוחנים האם סעיף העבירה בו הורשע הנאשם הינו בגדר התנאי אם לאו, אלא האם תנאי הפעלת התנאי, יש בהם כדי להכיל את העבירה בה הורשע הנאשם. וכך הדברים כפי שנקבעו בע\פ 49/80 עמוס מסילתי ואח' נ' מדינת ישראל, פ\""ד לד(3), 808 : ראה אף רע\""פ 708/04 שמעון לוי נ' מדינת ישראל, תק-על 2004(1), 609.ב כלומר, בבחינתנו את אפשרות הפעלת התנאי, עלינו להיכנס לעבירה בה הורשע הנאשם, ולבחון באם מתאימה היא להגדרת עבירות האלימות. יש לזכור, כי משעה שנחקק חוק סדר הדין הפלילי [נח], תשמ\""ב-1982, הפכו סעיפי העבירה למשניים בבחינת הרשעתו של אדם, ומעתה פונים אנו לעובדות כתב האישום. ו לשון התנאי כפי שניתן ע\""י כבוד השופטת בית אור, הוא ביחס לביצוע עבירת \""אלימות מכל מין סוג שהוא\"". שאלת סיווג עבירת האיומים, בעבירת אלימות נדונה כבר במספר פסקי דין. כך למשל בע\""פ (תל-אביב-יפו) 71009/00 פלוני נ' מדינת ישראל, תק' - מח' 2000(3), 4947 : כאשר לגזר הדין התווספו גם המילים \""מכל סוג שהוא\"", הרי הדברים הם בבחינת על אחת כמה וכמה. נ נראה לנו, כי לא יכול להיות ספק בכך שהכוונה היתה להוסיף רכיב נוסף למה שנכלל במילה אלימות. ב ו רעיון זהה הובא בע\""פ (תל-אביב-יפו)70043/02 דביט עמאד נ' מדינת ישראל, תק' – מח' 2002(1), 1520. הפסיקה הכירה לא אחת בכך שהמונח \""אלימות\"" כולל גם אלימות מילולית. בדנ\""א 4811/93, סלע חברה לביטוח בע\""מ נ' יעקב""",eval
"החקלאות הימית המבוצעת על ידי הנאשמת במתכונתה הנוכחית, היא הגורם לנזק האקולוגי במפרץ ובערכי הטבע שבו. אמנם הדו\ח מדגיש את המקובל על כולם, כי השונית באילת הינה אוצר טבע ללא תחליף, וכי מחלות באוכלוסיות דגי הכלובים עלולות להפוך לסיכון פוטנציאלי חמור, ואולם מבהיר כי מחלות אלו מועטות, ואך ממליץ (בנקודה זו) שלא להגדיל את חומרי ההזנה מחוות הדגים, תוך העתקה מדורגת של גידול הדגים למערכת יבשתית, בד בבד עם שימוש בתכניות שיכוך. יתרה מכך, הדו\""ח אף מציין כי הנחת העבודה ששימשה בסיס ליִסוּדו של צוות המומחים לפיה, חומרי ההזנה מחוות הדגים מצטברים במשקעים ובמים העמוקים של אילת תוך יצירת אסון אקולוגי צפוי, אשר הוגדרה כ\""פצצת זמן\"", לא זו בלבד שלא הוכחה, אלא נצפה על ידה מנגנון שונה מההנחה המקורית הנ\""ל. בד בבד עם האמור, מקובלת עלי עמדת המדינה, לפיה כל האמור לעיל אינו מהווה היתר לנאשמת לעשות דין לעצמה ולהמשיך ולהפעיל את עסקה, למרות ידיעתה כי פעילותה מנוגדת לחוק, וכי להחלטתה האמורה יש מחיר. השאלה אם קיימת או לא קיימת פגיעה אקולוגית כזו או אחרת, אינה מתירה פעילות בלתי חוקית. קיום החוק וכיבודו, הם העומדים לדיון בפני, ולא מידת הפגיעה בפועל או אי הפגיעה בערכי הטבע שבמפרץ, הנובעת מפעילות הנאשמת. מסכים אני גם עם עמדת ב\""כ המדינה, לפיה הליכי התכנון משקפים איזון רחב וכולל של שיקולים חברתים, הנוגעים לחלוקת שימוש ויעוד קרקע, לצורך הפקת מירב התועלת החברתית ממנה, לרבות בהיבט הניצול הכלכלי וההיבטים האקולוגים הנוגעים לכך. עמד על כך בית המשפט העליון בבג\""צ 440/80 מ' טייג ושות' בע\""מ נ' הועדה המחוזית לתכנון ובניה, מחוז חיפה ואח', פ\""ד ל\""ו (3), 85 בעמ' 91: מימד האחריות החברתית והערך""",eval
"קודם שאשקול את גזר הדין עצמו, אינני יכול שלא להעיר, את שציינתי בפני ב\כ הנאשם אף בע\""פ בעת השמעת טיעוניו בפני, כי אינני יכול להעלות על דעתי אפלייה משפטית הנובעת מלאומיותו, מינו או גזעו של נאשם זה או אחר, ונדמה לי, כי אין לטענה האמורה כל יסוד שהוא. על עצמי אני מעיד, כי כל תיק המגיע בפני נבדק על ידי בזהירות לגופו של עניין, בלא כל התחשבות בשאלת זהותו של הנאשם או היותו ערבי או יהודי, ומבלי שתתפרש הפחתה בערכם חלילה של מחקרים אקדמיים כאלה או אחרים, נדמה לי כי ככל שנוגעים הדברים לבית המשפט, אין להם כל יסוד. גם הדוגמא שהביא הסניגור ביחס לנתוני מעצרם של נאשמים ערביים, אף אם סטטיסטית אולי נכונים הם (ואדגיש כי אין בידי כל נתון לכך), הרי שנובעים הם מהעדר חלופת מעצר ראויה, כפי שנשקל ענינו של כל נאשם באשר הוא. מכל מקום, כאמור לא נבדקו על ידי הנתונים, ואני יכול אך לנסות ולהניח, כי משנכנס אדם משטחי הרש\""פ למדינת ישראל שלא כדין, כשמקום מגוריו הוא מחוץ לשטח המדינה, ממילא סביר להניח כי יקשה עליו למצוא חלופת מעצר נאותה, כזו שתאפשר לשחררו, תוך איון מסוכנותו. אין לכך דבר עם אפלייה או גישה שונה לנאשמים אלה או אחרים והצטערתי כי טענה זו נשמעה בפני. נ לגופו של עניין: אין ספק כי עבירות הרכוש ובראשן עבירות הפריצה השונות, לבתים ולכלי רכב, הפכו להיות נגע נפוץ וכואב באזורינו, ועל בית המשפט לתרום חלקו בהרתעת עבריינים בפועל ובכח מביצוען. משנה חומרה יש לעניין זה כשמבוצע הוא על ידי תושב שטחים שנכנס לשטחי מדינת ישראל שלא כדין ותוך גניבת גבולה של המדינה. עבריין כזה, שלא""",eval
"לעיל ומסקנותיה, לא מצאתי לנכון להדרש לשאלה זו במסגרת שבפני. במסגרת כלל השיקולים שנסקרו לעיל ובמהלך גזר דין זה כולו, ומתוך הבנה שיש בהסדר שהושג בין הצדדים משום התאמה להחלטת ממשלת ישראל בעניין זה, מצאתי כי אכן מאוזן ההסדר וראוי לקבלו. לעניין הקנס הכספי שגובהו הובא להכרעתי, נראה לי, כי בשקלול הכולל, יהווה מיצוע גובה הקנס במחצית הדרך של הגבולות שהיתוו בפני הצדדים, בתוספת התרומה שנתרמה על ידי הנאשמת לקרן למען בעלי החיים, איזון ראוי לסיום הליכים אלה. אשר על כן הנני מאמץ את הסדר הטיעון אשר הוגש במסגרת טיעוני הצדדים ונותן לו תוקף של פסק דין. כמו כן הנני דן את הנאשמת ומצווה עליה כדלקמן: אני מצווה על הנאשמת להפסיק את השימוש בחוות הדגים נשוא כתבי האישום בתיק זה, בים וביבשה. צו זה יכנס לתוקפו בהתאם למתווה שנקבע בהחלטת הממשלה מס' 3688 מיום 5.6.05 ויוחל בהדרגה כדלקמן: כמות המזון המירבית הכוללת שתוכנס למים בתקופה שמיום 5.6.06 ועד יום 5.6.07 תהיה 1753 טון בלבד, כאמור במכתבו של מנכ\ל הנאשמת לה\""ה רני עמיר וחיים אנג'וני מיום 8.8.06 שצורף להסדר שבין הצדדים. כמות המזון המירבית הכוללת שתוכנס למים בתקופה שמיום 6.6.07 ועד יום 5.6.08 תהיה 877 טון בלבד. החל מיום 5.6.08 יאסר על הנאשמת 1 להכניס למים כל כמות מזון שהיא. בהתאם לצמצום כמות המזון כאמור לעיל, יתאמו הנאשמת 1 ואגף ים וחופים במשרד להגנת הסביבה מועד קרוב להוצאת 10 כלובים ראשונים מן המים. כלובים נוספים יוצאו מן המים עד ולא יאוחר יום 5.6.07. יתר הכלובים יוצאו מהמים לא יאוחר מיום 30.9.08. לא יוכנס שינוי במתווה האמור בסעיפים א', ב', ג' ו-ד' לעיל, אלא בהסכמת היועץ המשפטי לממשלה""",eval
"הנובע מכך לשלום הציבור, אינם יכולים ליהנות מסובלנות, תוך שגל האלימות השוטף את החברה בישראל, מחייב ענישה מרתיעה ובלתי מתפשרת. כפי שציינה בצדק ב\כ המאשימה, חזרו בתי המשפט והדגישו את הצורך בענישה מחמירה בעבירות האלימות, המדגישה את אלמ ההרתעה ואת אירס הציבור להגנה על גופו ורכושו מעבריינים אלימים ומתופעת הבריונות, תוך זהירות מהעברת מסר סלחני שלילי לעבריינים בפועל ובכח. כפי שציינתי לעיל, עיון בתסקיר שירות המבחן מלמד, כי ניתן להגדירו בסופו של דבר כחיובי וככזה הנותן תקווה בעניינו של הנאשם. בהינתן האמור לרבות העובדה כי מעורבותו של הנאשם 3, הייתה כאמור מעורבות מופחתת והוא אף הגיע גם בשלב מאוחר יחסית לאירוע, ובהתחשב בהודאתו ובחסכון הזמן השיפוטי הנובע בעטיה, חרטתו, וניהול אורח חיים נורמטיבי בשנים האחרונות מצידו, ובשים לב לגזר דינם של מעורבים אחרים בפרשה בד בבד עם עברו הוא, נראה לי ניתן לאמץ את המלצת שירות המבחן על רוב מרכיביה ולהימנע משליחתו של הנאשם למאסר בפועל ממש, ואולם לא ניתן להסתפק בשל\""צ ולכל הפחות יש מקום להמירו לעבודות שירות, מצב שיהיה בו לדעתי איזון ושקלול נסיבות האירוע והנאשם. בעניין זה אף הגיעה חוו\""ד הממונה על עבודות שירות שמצאה את הנאשם כשיר לעבודות שירות ואף מוצעת תכנית עבודה מתאימה. אשר על כן, הנני דן את הנאשם כדלקמן: מאסר למשך 12 חדשים, מתוכם 6 חדשים יהיו לריצוי בפועל והם ירוצו במסגרת עבודות שירות, כמפורט בחוו\""ד הממונה על עבודות שירות מיום 4.12.11, ויתרתם תהא על תנאי, והתנאי הוא שלא יעבור משך 3 שנים מהיום כל עבירת אלימות. הנאשם יתייצב ביום שנקבע לתחילת ביצוע העבודות – 4.3.12 בפני הממונה על עבודות שירות במפקדת מחוז דרום בשב\""ס, ליד כלא באר שבע,""",eval
"ליבי נצבט לשמע נסיבות חייו של הנאשם שבפני, אשר נאלץ להתמודד בחייו הקצרים עם חוויות קשות כמפורט לעיל ולהכיר את אביו דרך סורגי הכלא, בביקוריו אצלו בילדותו ובשהות משותפת עימו עתה. אלא, שיחד עם זאת, איני יכול להתעלם מהצורך שבהגנה על הציבור מפני חומרת מעשיו של הנאשם, אשר בשלב זה לפחות, לא נראה לי אפיק טיפולי קונקרטי בענינו. לו הייתי מתרשם כי אכן קיים אפיק טיפולי ריאלי, הייתי שוקל בחיוב אימוץ המלצת שירות המבחן, שבסופו של דבר, יצא לא רק הוא נשכר ממנה, אלא כאמור האינטרס הציבורי בכללותו. אלא שנדמה לי, שהרושם המתקבל מהתסקיר הוא שגם השירות אינו משוכנע בהצלחת הדרך המוצעת, וכל שמבקש הוא עתה לבחון התאמת הנאשם לה, דבר שלא יכול הייתי להסכים לו. מצד שני, ראוי להזכיר גם, את פסיקתם של בתי המשפט השונים, לפיה חייבת לבוא כנגד עבירות מהסוג הנדון ובמסגרת המלחמה בנגע הסמים, תגובה ממשית ומרתיעה, במיוחד שהמדובר בסחר בסם. עבירות אלה טומנות בחובן תוצאות הרסניות, פוגעות קשות בציבור ועל-כן, מחייבות מדיניות ענישה מחמירה ומרתיעה וכל מאות ואולי אלפי פסקי הדין שנכתבו בענין זה אינם צריכים איזכור, נדמה שהפכו לידיעה שיפוטית שכל המוסיף עליהם – גורע. בנסיבות אלה, ועל רקע חומרתה של העבירה (הכפולה) של הסחר בסם, צודק ב\כ המאשימה בדבריו כי יש לתת עדיפות לשיקולים של הגנה על האינטרס הציבורי ומשקל מועט יותר לנסיבותיו האישיות של הנאשם, העומד בפני בית המשפט לדין. ו יצויין כי בעברו של הנאשם רישום קודם של עבירת סמים ורכוש עליה נדון בבית משפט לנוער, 3 חדשים בלבד קודם ביצוע העבירות נשוא תיק זה. מאידך, אינני יכול להתעלם מנסיבותיו המקלות של הנאשם, נסיבות חייו הקשות, הודייתו""",eval
"אין צורך לומר, כי המצב הביטחוני הקיים במדינת ישראל קשה ביותר ואינו זקוק לכל הסבר וכי עבירת העסקת שב\ח נחשבת, בנסיבות השוררות היום, כעבירה חמורה ביותר, שלה השלכות נרחבות על בטחון המדינה והציבור. בנסיבות אלו, חייב בית המשפט להתייחס במלוא החומרה לעבירות מסוג זה, תוך קביעת ענישה מרתיעה של מפרי חוק בענין, על מנת למנוע סיכון לבטחון הציבור. הפסיקה חזרה והדגישה את החומרה היתרה הטמונה בעבירות מסוג זה. ר' למשל פסק הדין המנחה בענין זה, רע\""פ 5198/01 טלעת חטיב נגד מדינת ישראל פ\""ד נו (1) 769, בו קבע בית המשפט העליון כי על התגובה העונשית להיות חמורה וקשה, וזאת על רקע הרעת המצב הבטחוני במדינת ישראל, תוך שהעונש הראוי הינו מאסר בפועל ממש ללא המרה לעבודות שירות, למעט בנסיבות חריגות ויוצאות דופן.נ בנסיבות אלה, יש לתת עדיפות לשיקולים של הרתעה נדרשת, ומשקל מועט יותר לנסיבותיו האישיות של הנאשם העומד בפני בית המשפט לדין. לכך כמובן יש להוסיף את העובדה כי הנאשם הורשע לא רק בעבירת חוק הכניסה לישראל, אלא גם בעבירת הפרת הוראה חוקית. עם זאת, אינני יכול להתעלם מהנסיבות המיוחדות של הנאשם העומד בפני וביחוד מסלול שיקומו מעברו הפלילי, כפי שבא לידי ביטוי בתסקיר שרות המבחן. נדמה לי, כי בנסיבות המיוחדות של המקרה, החזרתו של הנאשם לכלא, לריצוי מאסר בפועל ממש, אף אם נכונה היא ביחס למהות העבירה, מנוגדת היא לאינטרס הציבור, המעדיף שיקומו של הנאשם שעבר דרך ארוכה בחייו. מן הראוי לציין, כי מסקנה זו מתחזקת נוכח העובדה שהנאשם שהה פרק זמן ממושך ביותר, קרוב לשנה, במעצר בית, בדרגות הגבלה שונות. עברו של הנאשם אינו כולל בתוכו עבירות מהסוג הנדון ויש אף להביא בחשבון""",eval
"בית משפט זה פסק לא אחת, כי כנגד עבירות מהסוג הנדון ובמסגרת המלחמה בנגע הסמים, חייבת לבוא תגובה מרתיעה. עבירות הסמים הפכו נגע ממאיר שפשט בחברתנו לממדים עצומים אשר הורס כל חלקה טובה, ובית המשפט חייב להוציא תחת ידו מסר ברור, לפיו יענשו השותפים בעבירות אלו במלוא חומרת הדין. עבירות אלה טומנות בחובן תוצאות הרסניות, פוגעות קשות בציבור ועל-כן, מחייבות מדיניות ענישה מחמירה ומרתיעה. ו הפסיקה חזרה והדגישה את החומרה היתרה הטמונה בעבירות סמים, ואת הצורך במדיניות ענישה מחמירה, אשר מטרתה להלחם בנגע זה ולהקטין את ממדיו. אכן, \החברה בישראל שמה לה למטרה להדביר את נגע הסמים, ולבתי המשפט תפקיד ראשון במעלה להבטיח שיעד זה יושג, ולא יהווה משאלת-לב בלבד\"" (ע\""פ 2649/00 בועז ישראל נ' מדינת ישראל, תק-על 460 (3)2001).נ בנסיבות אלה, ועל רקע חומרת העבירות, יש לתת עדיפות לשיקולים של הגנה על האינטרס הציבורי ומשקל מועט יותר לנסיבותיו האישיות של הנאשם העומד בפני בית המשפט לדין. יתרה מכך, אין לשכוח כי המדובר לא רק בעבירת סמים, אלא אף בעבירה נלווית, חמורה לכשעצמה, אשר נסיבותיה לא ברורות לי כלל ועיקר. לא ברור לי כיצד רוכש אדם אקדח וכדורים מאדם בלתי מוכר, \""הנראה נרקומן\"", מה פשר פנה דווקא אליו אותו אחד, מה היו נסיבות רכישת הנשק ובעיקר, אם אכן נכונה גרסתו לפיה רכש זאת מפחד המוכר כביכול, מדוע לא פנה מיד למשטרה והסגיר את הנשק, אלא הודיע על כך, רק משנתפס בעבירה אחרת. קשה לי לקבל את גרסתו של הנאשם, הגיונה אינו ברור לי כלל ועיקר, ורב בה, בלשון המעטה, הנסתר על הגלוי. כך גם לענין הסמים, אשר שני חלקי טענת הנאשם אינם ברורים לי: ראשית, לא""",eval
"עוד יש לזכור, כי הנאשם לא שב עוד לבצע כל עבירה שהיא מאז עניין זה, ועל כן ובשקלול כולל של העניין שבפני, אינני משוכנע כי קיים היום אינטרס ציבורי בשליחתו המחודשת למאסר בפועל. אדרבא, נראה לי, בכל הכבוד הראוי, כי החזרת הגלגל אחורנית לנאשם נשוא ענייננו, עומדת בניגוד לאינטרס הציבור ומעייניו. על רקע כל המפורט- שיקולי הענישה מחד ונסיבותיו האישיות של הנאשם מאידך, החלטתי כי זהו המקרה בו מתקיימים הטעמים הנדרשים, לפיהם יש לעשות שימוש בסמכות הנתונה לי על פי סעיף 56 לחוק העונשין תשל\ז- 1977 ולאמץ את המלצת התסקיר, להארכת התנאי ולהטלת פיקוח. אשר על כן, הנני דן את הנאשם כדלקמן:""",eval
"ראשית, לעניין שאלת ההרשעה של הנאשם 3: כפי שציינתי במהלך הדיון עצמו, כל הטיעונים הנוגעים לאחריותו של הנאשם 3, מעמדו בחברה, מערך היחסים שבין מקום עבודתו הנטען (נותב) לבין הנאשמת 1 והאחריות המוטלת עליו, היו צריכים להשמע במהלך שמיעת הראיות ולא לאחר הכרעת הדין. כך גם הטיעונים לעניין טעות המדינה כביכול בניסוח כתב האישום. משבחר הנאשם 3 להמנע כליל ממתן עדות בית המשפט, לא יכול עתה לבוא ולהעלות רטרואקטיבית טיעונים אלה במסגרת טיעוניו לגזר הדין. אחריותו נקבעה בהכרעת הדין על סמך הראיות שנשמעו, ועל כן אין לו להלין בעניין זה, אלא על עצמו בלבד. פסקי הדין אליהם היפנני ב\כ הנאשם 3, אף הם עוסקים רובם בבחינת טיעונים אלה בשלבי משפט מקדמיים, או בנסיבות בהן הודו הנאשמים, ולא לאחר הכרעת דין, שניתנה לאחר ניהול הוכחות. שונה הדבר ביחס לטיעונים שנועדו לשכנע את בית המשפט להימנע מהרשעה. טיעונים מסוג זה, ודאי יש להם מקום והם ידונו להלן. כללי החוק והפסיקה בענין סוגיית ההרשעה ידועים הם, ולא כאן המקום להרחיבם. בקצירת האומר יצויין, כי הן על פי חוק סדר הדין הפלילי [נ\""מ] תשמ\""ב- 1982 בסעיף 182 העוסק בענין זה, והן על פי הפסיקה בענין זה, ובראשה פסקי הדין המנחים בענין רומנו (ר\""ע 432/85 גדעון רומנו נגד מדינת ישראל תק' על' 85 (3) 737), ובענין כתב (ע\""פ 2083/96 - תמר כתב נ' מדינת ישראל פ\""ד נב' (3), 337),\""ברירת המחדל\"" הינה הרשעה, ואי הרשעה הינו חריג לכלל ונקבע בנסיבות יוצאות דופן, בהן אין יחס סביר בין הנזק הצפוי מן ההרשעה בדין, לבין חומרתה של העבירה. בפרשת כתב הנ\""ל, בעמ' 341-342 לפסק הדין, מנתחת כב' השופטת דורנר את תכליתו של סעיף 71""",eval
"כלל נאשמים לדין, ואולם נוכח התקופה הקשה ואילוצי הבטחון, יש להחמיר בענישה ולהעדיף את האינטרס הציבורי על פני נסיבותיו של הנאשם. גם פסק הדין המקיף של בית המשפט המחוזי (ב\ש) בע\""פ 7437/04 הנ\""ל, מדגיש נקודה זו (ר' סעיף 5 בעמ' 12 לפסק הדין). האם, נכונים הדברים גם למקרה שבו לא עומד לדיון ההיבט הבטחוני, ודאי לא כשיקול מרכזי, אלא דווקא היבט \""כלכלי, חברתי ודמוגרפי\"" כדברי ב\""כ המאשימה? נדמה לי, בכל הזהירות והענווה - שלא. העונש המקסימלי הקבוע לעבירה בה הורשע הנאשם בחוק הכניסה לישראל הוא שנת מאסר. המחוקק טרם מצא לנכון לשנות את רמת הענישה, זאת על אף פסקי הדין הרבים שהדגישו את חומרת העבירה. אין לשכוח, כי העמדתו של אדם לדין לראשונה, אף בעבירות בהן מצא המחוקק לנכון לקבוע לצידן עונשים כבדים בהרבה מאלו שבחוק הכניסה לישראל, מסתיימת במרבית המקרים בלא מאסר בפועל כלל, ונדירים המקרים בהם מוכנס אדם למאסר ממש כבר בעבירה הראשונה שביצע. דברים אלה נכונים לעבירות רבות, לרבות כאלה שפגיעתן החברתית והכלכלית קשה ביותר כגון עבירות סמים, רכוש ואלימות ועשרות תיקים מסוג זה, מובאים בפנינו, מידי יום ביומו. על כן, משלא מצא המחוקק, למרות פסיקת בתי המשפט השונים, לשנות את רמת הענישה בעבירות אלו ולהתאימה למצב הנסיבות המשתנה, הרי שלא לי לעשות את מלאכתו, ועל אף חומרת העבירה תוך שאני מוכן לקבל עקרונית, שפגיעתה חברתית ואף כלכלית ואולי דמוגרפית, איני רואה מקום לסטות מהמקובל דווקא בעניינו של הנאשם שבפני, אשר לא נובע ממנו הסיכון הבטחוני ואף לא פוטנציאל כזה, כבמקרי שב\""ח רגילים, והמשמש יסוד עיקרי, אם לא מוחלט, לפסיקה המחמירה. נוכח האמור לעיל, נראה לי איפוא, כי ברור שהתשובה לשאלה הראשונה שהוצגה,""",eval
"צודקת ב\כ המאשימה בדבר חומרת תופעת הסמים וכך גם בצורך בענישה מרתיעה בגינה. עם זאת, אין מחלוקת בין הצדדים, בדבר חלקם השולי יחסית של שני נאשמים אלה ביחס לנאשמים האחרים בפרשה, ועל כן יש להתייחס לכך אף בהתאם. בחינת העובדות הנלמדות הן מכתב האישום והן מהתסקירים מלמדת, כי יש יסוד לסברה שהמדובר בשותפים שניתן להגדיר את מעורבותם כ\""פסיבית\"" יחסית ביחס לאחרים בפרשה, זאת מבלי לגרוע כמובן מעצם חומרת הרשעתם בעבירה. מבלי שתשתמע חלילה הקלת ראש, אף עברם הפלילי אינו מכביד. לנאשם 3 – רישום אחד בלבד ללא הרשעה (9/09) בשל עבירת שימוש עצמי בסם, בגינו הוטלה עליו התחייבות. אף לנאשם 4 – רישום פלילי אחד בלבד בשל אותה עבירה – החזקת סם לשימוש עצמי, בגינה נדון לפני למעלה משנתיים (1/09), למאסר מותנה, קנס ופסילה. העבירות נשוא הרישום הפלילי בוצעו על ידי הנאשמים בשנת 2006. בחינת תסקירי שירות המבחן מלמדת על תהליך חיובי שעברו שני הנאשמים, הן במישור שיתוף הפעולה המעשי בטיפול והן בפתיחותם, בדיקתם העצמית ותובנותיהם, שתחילתו בפתיחת ההליך המשפטי נשוא ענייננו ועד הלום, והמעבר המשמעותי שעברו בתפקודם והשתייכותם החברתית השולית, דרך השתלבות במסגרת הטיפולית וכלה בתפקודם התקין בהווה ושאיפותיהם העתידיות. בבואי לגזור את דינם של הנאשמים, אינני יכול להתעלם מכל האמור, רקעם המורכב, עברם הלא מכביד, והרושם המוצלח המתקבל מההליך הטיפולי. גם הודייתם המיידית וחרטתם ראוי שתעמוד לזכותם. בנסיבות האמורות, ובהינתן חלקם של נאשמים אלה בעבירה, נראה לי, כי המלצת שירות המבחן תואמת לאירס הציבורי הנוגע לעניינם. בנסיבות אלה אני סבור איפוא כי יש טעם ציבורי של ממש בהעדפת האפיק הטיפולי על פני העונשי. נוכח כל האמור לא מצאתי איפוא סיבה שלא לאמץ את המלצת""",eval
"לי ספק, כי בחשבון כולל, בסופו של יום, יוצאת שכרה של דרך הטיפול האמורה בבעייתו של הנאשם בהפסדה הברור, שלא לדבר על אי הצדק הנובע ממנה ועגמת הנפש לכלל הנוגעים בדבר. ב ראוי איפוא, שהרשויות השונות יקחו עניין זה לתשומת לבם תוך בדיקת אפשרות לטיפול אחר וכולל בבעייתו של הנאשם. התלבטתי קשות איזוהי דרך הטיפול הראויה בעניינו של הנאשם. מחד, ברור לי כי המתלוננים השונים אינם צריכים ל\ספוג\"" את התפרצויות הנאשם אף אם המדובר באזלת יד הרשויות הנוגעות בדבר. עגמת הנפש הנובעת ממעשי הנאשם, אינה צריכה לבוא על חשבון שכניו והם אינם צריכים לשאת בסבל הכרוך בעטיה. מאידך, מצבו הנפשי (או הבעיה האישיותית) של הנאשם מלמדים, כי אין תכלית בענישה, זולת הרחקתו מהחברה, הרחקה שלמותר לציין, אין בה כדי לפתור לטווח הארוך את הבעיה. דרך שליחתו של הנאשם למאסר הינה דרך \""קלה\"" מדי, ולו לא היה הנאשם במעצר ממש, לא הייתי מהסס ודוחה את הדיון ביוזמתי, בנסיון לחפש פתרון רב מערכתי, תוך שימוש בכלי הדיון המשפטי. אלא שהנאשם עציר, וכל דחיה בדיון תביא בהכרח להמשך מאסרו, דבר שודאי אף הוא אינו בא בחשבון מטעמו. בנסיבות אלה לא נותר לי אלא לגזור את עונשו של הנאשם, תוך תקווה שאכן תועבר הקריאה היוצאת מגזר דין זה לגופים הנדרשים, ויתאפשר בידיו של בא כוחו עו\""ד אורינוב, הראוי למלוא ההערכה על טיפולו יוצא הדופן בעניינו של מרשו ואשר הצהיר בפני כי יעשה כל שביכולתו, למציאת פתרון לנאשם עד מועד שחרורו, למצוא אכן פתרון יצירתי לעניינו של הנאשם שבפני. בנסיבות הכוללות איפוא של העניין, הנני דן את הנאשם כדלקמן:""",eval
"חומרת עבירותיו של הנאשם אינה צריכה הסבר ואין צורך לחזור ולהזכיר, את ריבוי התאונות הקטלניות והצורך להלחם בתופעה לצורך צמצומה ומיגורה, תוך הרתעה, הן של הנאשם והן של עבריינים אחרים, בפועל ובכח. בענייננו יתר חומרה יש באירוע, בהיותו המשך לעבירת רכוש נוספת שבוצעה על ידי הנאשם ואשר תוצאתה היתה כמפורט. פסיקת בית המשפט העליון, ביטאה לא אחת את המגמה לפיה, מצווה בית המשפט ליתן יתר משקל לצורך בשמירת שלומם, בטחונם וערך קדושת חיי אדם (ר' למשל דברי המשנה לנשיא כב' הש' חשין בע\פ 11786/04 - חוסאם אבו טריף נ' מדינת ישראל (5.9.05 - לא פורסם). כידוע, בעבירות מסוג זה של רשלנות, הנעדרות מחשבה פלילית \""קלאסית\"", המשקל המוענק לנורמטיביות של הנאשם בגדר מכלול שיקולי הענישה, הינו מופחת יחסית, בד בבד עם שאלת התועלת שבהחמרה בענישה בסוג זה של עבירות ככלל, ויש בנושא זה דעות לכאן ולכאן (ר' פירוט לעניין זה בע\""פ (מח' ת\""א) 071933/06 קלגסבלד נ' מדינת ישראל (מיום 8.2.07 - טרם פורסם). התוצאה של התאונה נשוא ענייננו קשה וטראגית ללא כל ספק, בו קיפח אדם את חייו. גם עניין זה - התוצאה הקשה, הוכרה כידוע בפסיקה כנסיבה מחמירה. (ר' ע\""פ 8382/03 איאד חילף נ' מדינת ישראל, פ\""ד נח(2) 139). גזירת דינו של נאשם שהורשע בגרימת מוות ברשלנות נעשית תוך בחינה של שלושה מרכיבים: מידת הרשלנות, התוצאה שנגרמה והנסיבות האישיות. באשר למידת הרשלנות, דעתי היא כדעת המדינה, שהמדובר בדרגת רשלנות שאינה פחותת ערך. המדובר בנהיגה בואדי, תוך הנחת מעקות ברזל כבדות באופן שלא איפשר הובלתם בביטחה ובלא נקיטת אמצעי זהירות כלשהם להבטחת שלומו של המנוח, אשר הוסע מאחור בארגז הרכב. מסכים אני איפוא עם ב\""כ המדינה, הן""",eval
"עבודה ומתמיד בה. כן יש לזקוף לזכותו את הודייתו וחסכון בזמן שיפוטי, ואף את דבריו בפני, ובקשתו לאפשר לו להמשיך בדרך בה בחר. לאור כל האמור ולאחר שקילת האיזונים בין חומרת העבירות ומטרות הענישה מחד, לבין נסיבותיו האישיות של הנאשם מאידך, החלטתי שלא למצות עימו את הדין, תוך מתן אפשרות לנאשם, לשוב להמשך שיקום חייו, מיד בתום ריצוי עונשו. בהתאם לכך, הנני דן אותו כדלקמן: מאסר למשך 7 חודשים מתוכם 3 חודשים יהיו לריצוי בפועל והיתרה תהא על תנאי והתנאי הוא שלא יעבור משך 3 שנים מהיום, אחת העבירות בהן הורשע. נ פסילה מקבל או מהחזיק רשיון נהיגה לכל סוגי רכב מנועי, למשך שנתיים שמנינם מהיום. ב בנסיבותיו האישיות של הנאשם, לא מצאתי לנכון להטיל עליו קנס כספי. ניתנה היום ה' ב אדר ב, תשס\ה (16 במרץ 2005) במעמד הצדדים. אבקש עיכוב ביצוע לצורך הגשת ערעור.ו מתנגדים לבקשה. הכלל הוא כי ריצוי מאסר בפועל מתחיל מיום מתן גזר הדין. אומנם התייצב הנאשם לכל דיוני ביהמ\""ש, יחד עם זאת, העבירה בה הורשע מלמדת על הסיכון מהימלטות. נ לפי כל ההלכות, מדובר בפרק זמן, במיוחד שאת אותו עונש יש אפשרות לנסות ולרצות אותו בעבודות שירות. אני חושב כי יש מקום להגיש ערעור ולו מן הטעם הזה. כל החלטה אחרת של ביהמ\""ש תאיין את האפשרות להגיש ערעור. בגין אותו תיק הופסקו עבודות השירות שלו והוא התייצב וריצה את עונשו. הנאשם התייצב לכל הדיונים. אבקש דחיה ולו פרק זמן סביר שאוכל להגיש ערעור ובקשה לעיכוב ביצוע. צודק ב\""כ המאשימה כי הכלל הוא שריצוי גזר הדין מתחיל עם נתינתו, אלא אם כן עומדים שיקולים מיוחדים המצדיקים חריגה ממנו. ב בניגוד לדברי""",eval
"ידי הסניגור, ועם כל ההבנה והאמפטיה לעניינה של הנאשמת, אין בכך כדי להכשיר את פעילותה. יתרה מכך, לצערי הפכו עבירות הבניה והשימוש ללא היתר וכן ניהול עסק ללא רשיון, ל\מכת מדינה\"", ובבסיסן מתבטא זלזול בחוק ובסדר הציבורי. לפיכך, ולולא נסיבותיו המיוחדות של מקרה זה כפי שפורטו לעיל, היה מקום להכביד את היד על מנת להרתיע הרתעה של ממש, הן את הנאשמת והן עבריינים אחרים בכח. בבואי לשקול את הסדר הטיעון שנכרת בין הצדדים ולגזור את הדין, אני מביא בין היתר בחשבון, גם את משמעות פיתוח הענף הכלכלי החדשני והחשוב, ה\""היי טק\"" החקלאי כהגדרת ב\""כ הנאשמת, לרבות התנהלות הרשויות והגופים השלטוניים בעניין זה ופעולותיה האינטנסיביות של הנאשמת לקבלת ההיתרים הנדרשים. עוד אני מביא בחשבון את הודיית הנאשמת, עברה הנקי ובעיקר את נכונותה לשתף פעולה, הן בפיקוח על פעולותיה והן בחיסול הדרגתי של הפעילות. אני שם אל מול עיני, גם את האינפורמציה שהתקבלה במהלך הדיונים בתיק, ולפיה אישר בפני, מנהל התחנה למניעת זיהום ים באילת, בשתי ישיבות שונות (22.12.03 ו- 17.10.04), כי הנאשמת שיתפה פעולה באופן מלא, תוך שמסרה את כל האינפורמציה הנדרשת והיתה גוף צייתן להנחיות שהוצאו על ידי הרשות. מאידך, לא אוכל להתעלם מעשיית הדין העצמית מצידה ובחירתה להמשיך ולהפעיל את עסקה, למרות ידיעתה כי פעילותה מנוגדת לחוק, תוך פגיעה בו. עוד אביא בחשבון את המשמעות הכלכלית מפעילות הנאשמת והפקת ההכנסות בהיקפים רבים ממנו, בעבר ואף בעתיד- בהמשך פעילותה בשנים הקרובות. בעניין הקנס הכספי, על אף שלא הועלתה השאלה האמורה על ידי הצדדים בטיעוניהם, שקלתי, האם יש בו משום סיפוק שאלת \""החצנת העלויות\"" (externalities) הכרוכה בפעילות הנאשמת במפרץ. נוכח חוות דעת המומחים שנסקרה בסעיף 7 ב'""",eval
"היינו האם יש לקבוע גזירה שווה על כל השוהים הבלתי חוקיים, מבלי לאבחן בין עניינם, היא שלילית, וכל עוד מצב המציאות הישראלית הוא כזה, שתושבי חוץ שאינם מהשטחים, לא נחשבים כסיכון בטחוני במובנו המקובל והישיר, אין לגזור גזירה שווה בענינם. ואולם, כל עוד אין הדבר כך, הרי שיש לדעתי לבחון את הענישה, ברוח עקרונות הענישה המקובלים והרגילים ונדמה לי בכל הכבוד הראוי, כי רף הענישה העדכני בענין עבירות השב\ח, לא נקבע לענינים מסוג זה. מאליו מובנת גם התשובה לשאלה השניה שהצגתי, ולפיה, לא זו בלבד לדעתי, שניתן לאבחן בין סוגי עבריינים באותה עבירה, אלא אף ראוי ונחוץ לעשות כן, בהתאם לנסיבות כל מקרה ומקרה וכל עבריין ועבריין. ו מן הכלל אל הפרט: במסגרת השיקולים לחומרה, מעבר להיבטים העקרוניים שצויינו לעיל, יש להביא בחשבון כי הנאשם חזר על ביצוע העבירה 4 פעמים קודם שהובא לדין, ואף נתווספה לה עבירת הפרעה לשוטר במילוי תפקידו, כשניסה לברוח ממנו. ביצוע חוזר של העבירה מלמד אף על זלזול ברשויות המדינה וחוקיה וניצול לרעה של החסד שעשתה המדינה עימו בגירושו בפעמים שקדמו להליך זה, ללא משפט. עוד יש לזכור כי משך זמן התמשכות העבירה אינו מבוטל, כשהנאשם נכנס לתחומי המדינה ושהה בה זמן רב ללא אישור. בנסיבות אלה, אייחס מידה מופחתת (אם כי לא מבוטלת לגמרי) לעובדה, כי הנאשם חסר כל עבר פלילי. מאידך, אין לשכוח כי זו אכן הפעם הראשונה בחייו שמובא הוא לדין בכלל, מדובר באדם נורמטיבי ואין לחובתו כל תיקים נוספים שהם, גם לא תיקי מב\""ד, הוא הודה מיידית וחסך מזמנם של בית המשפט ורשויות התביעה, נשוי לישראלית ושכניסתו לישראל נעשתה אך לצורך חייו המשותפים עם רעייתו (עתה) ולצורך""",eval
"את הודיתו והטרגדיה האישית שעבר בלידת בנו שחלה במחלה ממארת. על רקע כל המפורט- שיקולי הענישה וההרתעה הנדרשת מחד, ונסיבותיו האישיות של הנאשם מאידך, לרבות עובדת הודייתו של הנאשם ועל רקע חוות דעתו של שרות המבחן המצטרף לשיקולים אלו, אני דן את הנאשם כדלקמן: מאסר למשך 12 חודשים, אותם לא ירצה, אלא אם יעבור בתוך 3 שנים מהיום עבירה לפי חוק הכניסה לישראל תשי\ב - 1962 קנס כספי בסך 6,000 ₪ שיקוזז מההפקדה אותה הפקיד הנאשם. ב הנאשם ירצה 200 עבודות שירות לתועלת הציבור בחטיבת הביניים של בית הספר בלקיה בעבודות תחזוקה. העבודות יהיו בפיקוח יוסף אלעסד ושירות המבחן. ככל שיהיה צורך שבשינוי מקום ההשמה, יוכל השרות להורות כאמור תוך ידוע בית המשפט על כך. ו מעמידו בפיקוח שירות המבחן (מבחן טהור) למשך שנה מהיום. מובהרת לנאשם משמעות המבחן הטהור וכי במידה ויפר הוראת שרות המבחן, או לא יבצע את עבודות השל\""צ, או יעבור עבירה כלשהיא מכל סוג שהוא, צפוי הוא להיות מוחזר לבית המשפט לבחינת עונשו מחדש, על כל המשתמע מכך. ניתנה היום 19 ביולי, 2004 (א' באב תשס\""ד) במעמד הצדדים.""",eval
"יהיו לריצוי בפועל ומנינם מיום מעצרו (19.10.04) והיתרה תהא על תנאי והתנאי הוא, שלא יעבור משך 3 שנים מיום שחרורו, כל עבירה עפ\י פקודת הסמים המסוכנים (נ\""ח) תשל\""ג- 1973, למעט שימוש עצמי, בגינה תעמוד תקופת התנאי על 4 חדשי מאסר למשך 3 שנים. פסילה מלקבל או מלהחזיק רשיון נהיגה למשך 18 חדשים מיום שחרורו. ו חרף החלטתי מיום 8.3.05 ועתירת ב\""כ המאשימה, החלטתי לאחר קריאת התסקיר ובחינת העניין פעם נוספת, שלא להטיל קנס כספי.""",eval
"מחייבים את בתי המשפט לאחוז היום באמות-מידה עונשיות מחמירות יותר מאלה שבהן החזיקו, לפעמים, בעבר. דברים אמורים במעשי עבירה העלולים להוליד מעשי זוועה נוראים ועל התגובה העונשית להיות חמורה וקשה. אם לא עומדות לעבריין נסיבות יוצאות מגדר הרגיל, יש לגזור עליו - ואפילו הוא אדם מן הישוב שעשה מעשיו מתוך תמימות או מחמת צורך דוחק כלשהו - עונש מאסר לריצוי בפועל, בלי מתן אפשרות להמירו בעבודות שירות. אשר לאורך תקופת המאסר, חלקי עם המחמירים ... על העקרון האמור חזר בית המשפט בפסיקה רבה נוספת (ר' לדוגמא: רע\פ 3674/04 אבו סאלם נ' מדינת ישראל, ע\""פ (ב\""ש) 7265/05 מדינת ישראל נ' אבוקלעין (14.6.06), ע\""פ (ב\""ש) 7227/05 מדינת ישראל נ' אליאסוב (1.2.06)). בענייננו מקבל המקרה משנה חומרה בכך שלא זו בלבד שהנאשם ביצע את העבירה המיוחסת לו, אלא שהדבר נעשה על ידו לאחר שקיבל בעבר שתי הזדמנויות בענישה מקלה ולמרבה הצער, לא הפנים את החומרה ולא למד את הלקח הנדרש מענישתו. עיינתי בפסק הדין שהגיש לי ב\""כ הנאשם (פ' 1133/05 של בית משפט השלום בכפר סבא). נראה לי כי עובדותיו אינן תורמות תרומה של ממש לענייננו: המדובר שם באדם בן 67, נשוי ואב ל – 8 ילדים, שהעבירה בה הורשע נעברה על ידו כ – 3 שנים קודם גזר הדין. כן המדובר באדם חולה מאד שמצבו הבריאותי קשה, הוא סובל ממחלות כרוניות קשות לרבות מחלת לב קשה שבגינה עבר מספר צינטורים ובו מושתל קוצב לב, בצקת ריאות, סכרת ובעיות אורטופדיות שונות ומצבו מסוכן. כן הביע חרטה ונטל אחריות למעשיו. באיזון שבין סוג העבירה ומועד ביצועה לבין מצבו הרפואי, החליט בית המשפט בכפר סבא, להמנע ממאסרו בפועל. אף אחד מהנתונים""",eval
"על 3-4 חדשי מאסר בפועל, מאסר מותנה וקנס כספי. הדברים אמורים לגבי מי שזו לו עבירה ראשונה שלא נתלוותה לה עבירה נוספת. כאמור, בענינם של הנאשמים נשוא תיק זה, לא כך הם פני הדברים: לנאשם 1 עבר קודם באותן עבירות ממש ונראה כי לא הפנים את המסר אותו קיבל בעבר מבית המשפט, ואילו לנאשם 2 נתלוו עבירות נוספות בתחום התעבורה, שיש בהן סיכון ציבורי. מאידך מצבם האישי דומה, באשר שניהם רווקים, מפרנסים יחידים למשפחה בת מספר נפשות לא מועט. לזכותם אזקוף אף את העובדה כי הודו מיד בהזדמנות הראשונה וחסכו זמן שיפוטי וכן כי אכן נכנסו לארץ לצרכי עבודה. בנסיבות אלה, נראה לי כי ענינם מתאזן זה לזה ובהתאם לכך ועל רקע תפיסתם המשותפת, אנהג באחידות ענישה כלפיהם. לאור האמור, הנני גוזר איפוא על כל אחד מהנאשמים את העונשים הבאים: מאסר למשך 10 חודשים, מתוכם יהיו 5 חודשים לריצוי בפועל, והיתרה תהא על תנאי, והתנאי הוא שלא יעברו על הוראות חוק הכניסה לישראל, תשי\ב-1952, במשך שלש שנים מהיום. קנס בסך 2,000 ₪, או 20 ימי מאסר תמורתו. הקנס יחולט כנגד ההפקדה אותה הפקידו הנאשמים בתיקי הב\""ש נשוא הנדון. בנוסף על האמור לעיל יחול גם לנאשם 2, מאסר מותנה נוסף בן 3 חדשים למשך 3 שנים על נהיגה ללא רשיון נהיגה תקף. ו ניתנה היום ב' בסיון, תשס\""ה (9 ביוני 2005) במעמד הצדדים. נ אבקש עיכוב ביצוע לצורך הגשת ערעור. אני מתנגד. מדובר בשב\""חים אשר גם כך איננו בטוחים שיגיעו ויתייצבו לנשיאת עונשם. אבקש כי יתחילו את מאסרם היום. ב הנאשמים היו משוחררים כל התקוםה והגיעו לדיונים, למרות שהוסבר להם המצב המשפטי. הם גם לא הפרו את""",eval
"הנאשם ירצה את תקופת המאסר בן 6 החודשים שהוטלה עליו בסעיף א' לעיל, במסגרת עבודות שירות אותן יבצע בבית החייל באר שבע, בפיקוח הממונה על עבודות השירות והגב' עליזה דדון. תחילת העבודות תהיה ביום 15.7.08 כששעות העבודה יהיו בימים א'-ה' מהשעה 08:00 עד השעה 16:00. ככל שיהיה צורך בשינוי מקום ההשמה יוכל הממונה על עבודות השירות לעשות כן ישירות ולהודיע על כך לביהמ\ש. מובהר לנאשם כי ככל שיחול שינוי בכתובת מגוריו, חייב הוא לעדכן את משרד הממונה על כך מיידית וכן מובהר, כי כל הפרה בעבודות השירות, עלולה להביא להפסקה מנהלית ולריצוי העונש במאסר ממש. זכות ערעור לבית המשפט המחוזי תוך 45 יום מהיום. ניתן היום א' בסיון, תשס\""ח (4 ביוני 2008) במעמד הצדדים. סגן נשיא אבקש לחלק את תשלום הקנס ל-4 תשלומים.""",eval
"ועד למלוא תשלומו בפועל. זכות ערעור לבית המשפט העליון בתוך 45 יום מהיום. ניתנה והודעה היום י\ט אייר תשע\""א, 23/05/2011 במעמד הנוכחים.""",eval
"חומרתה של העבירה, נראה שאינה צריכה הסבר. אין צורך לחזור ולציין את שנפסק לא אחת, כי כנגד עבירות מהסוג הנדון ובמסגרת המלחמה בנגע הסמים, אכן יש להעניש באופן מרתיע. עבירות הסם הפכו נגע ממאיר שפשט בחברתנו לממדים עצומים, העבירות טומנות בחובן תוצאות הרסניות, פוגעות קשות בציבור ועל-כן, מחייבות מדיניות ענישה מחמירה בהתאם. משנה תוקף מקבל עקרון זה בענייננו, כשהמדובר בנסיון החדרת סם אל בין כותלי בית המעצר. יחד עם זאת, כבכל תיק הבא בפני בית המשפט, מצווה בית המשפט לשקול את שיקולי ההגנה על האינטרס הציבורי אל מול נסיבותיו האישיות של הנאשם בפריזמת הנסיבות המאפיינת את התיק הרלוונטי. נדמה שבתיק זה קשה ההתלבטות אף יותר. מצד אחד, אין להקל ראש בחומרתה של העבירה. צודקת לעניין זה ב\כ המאשימה בטענותיה בדבר הקושי הרב בו מתמודדות רשויות השב\""ס במלחמה בתופעת החדרת הסמים לכלא. תמים דעים אני עימה גם בעמדתה שאין לייחס משקל של ממש לחרדותיו של הנאשם מפני אימת המעורבים בפרשה. זהו שיקול אותו היה צריך לשקול מראש ובכל מקרה אינו בעל חשיבות של ממש לענייננו. אדרבא, לו אקבל שיקול זה כבעל משמעות, הרי שאגדע בכך בלא הצדק, את הצורך מאימת הדין ולא מאימת העבריינים, כפי שציינה בצדק ב\""כ המדינה, ולמעשה את כל הענף עליו יושב ההליך הפלילי. מאידך לא ניתן להתעלם מהעובדה כי המדובר בנאשם צעיר ללא כל עבר או הסתבכות פלילית קודמת, אשר לא ניתן להשתחרר מהרושם המתקבל בעניינו, כי אכן יש ממש בדברי באת כוחו, לפיהם נוצל הוא על ידי עבריינים בכירים בהרבה ממנו לביצוע העבירה, עבירה שכפי הנראה, לא הביאה לו טובת שכר של ממש. במובן זה נדמה לי, כי את העונש הממשי, היה""",eval
"אין לי ספק, כי המדובר בנאשם נורמטיבי, חיובי, התורם ופועל לטובת החברה והקהילה. הנאשם המשתייך למגזר החרדי, הינו אב ל – 7 ילדים הפטור לכאורה משירות מילואים ואולם משמש בהתנדבות כמפקד יחידה בדרגת רס\ן. לטענת בא כוחו, עלולה הרשעה לפגוע קשות, בין היתר, ביכולתו למלא תפקיד זה. אין להקל ראש בכך, במיוחד כשהמדובר כידוע בתופעה חריגה בכלל ובמגזר זה בפרט, אלא שלא הומצאה לידי כל אסמכתא לעובדה זו, ולא נראה לי בכל הכבוד הראוי, על פני הדברים, כי יש לכך בסיס עובדתי של ממש. כן עוסק הנאשם, על פי החומר שהוצג בפני, במעשי חסד וסיוע לנזקקים בהיקף נכבד ובאופן קבוע וגם על כך אין לי אלא לשבחו. לבסוף נטען, כי הכתמתו בהרשעה פלילית, מהווה פגיעה בשמו הטוב ובמעמדו, ובאפשרותו להשתלב בהווה או בעתיד בתפקידים ציבוריים וולנטריים. ו ב\""כ הנאשם אף ציין בטיעוניו מספר פסקי דין (חלקם בענינים אחרים) בהם פסק בית המשפט עונש של\""צ ללא הרשעה. כללי החוק והפסיקה בענין סוגיית ההרשעה ידועים הם, ולא כאן המקום להרחיבם. בקצירת האומר יצויין, כי הן על פי חוק סדר הדין הפלילי [נ\""מ] תשמ\""ב- 1982 בסעיף 182 העוסק בענין זה, והן על פי הפסיקה בענין זה, ובראשה פסקי הדין המנחים בענין רומנו (רע\""א 432/85 גדעון רומנו נגד מדינת ישראל תק' על' 85 (3) 737), ובענין כתב (ע\""פ 2083/96 - תמר כתב נ' מדינת ישראל פ\""ד נב' (3), 337),\""ברירת המחדל\"" הינה הרשעה, ואי הרשעה הינו חריג לכלל ונקבע בנסיבות יוצאות דופן, בהן אין יחס סביר בין הנזק הצפוי מן ההרשעה בדין לבין חומרתה של העבירה.נ בפרשת כתב הנ\""ל, בעמ' 341-342 לפסק הדין, מנתחת כב' השופטת דורנר את תכליתו של סעיף""",test
"רקייק) נדון הנאשם בגין יבוא של הרואין ל – 7.5 שנות מאסר. בעניינו מדובר בכמות של למעלה מפי 50! גם בע\פ 7141/07 (טראבין) נדון הנאשם בגין יבוא של הרואין ועבירות נלוות ל – 13 שנות מאסר. בפ' 70/79 (מח' נצ') (אבו ג'ומעא), נדון הנאשם ל – 8 שנות מאסר בגין יבוא הרואין וק\""ג אחד חשיש. בפ' 189/09 (מח' נצ') (הייב) נדון הנאשם ל – 9 שנות מאסר בגין יבוא של 9.9. ק\""ג הרואין. בפ' 3232-08-10 (מח' ב\""ש) (סעוד) שניתן לפני כחודש ימים, גזרתי 10 שנות מאסר על נאשמים שייבאו הרואין. מנגד, היפנה הסנגור לפ' 7158/08 (מח' חי) (אלהוואשי), שם נגזרו בהסדר טיעון בגין יבוא של סם מסוג הרואין בהיקף דומה 7 ו-12 שנות מאסר ואולם נתווספו לכך קנסות כספיים בסך 50,000 ₪, חילוט סך של 650,000 $ + 240,000 ₪ ושני כלי רכב. כן היפנה לע\""פ 4085/04 (אסרף) שם הפחית בית המשפט מעונשו של נאשם ביבוא קוקאין ל – 9 שנות מאסר, וזאת תוך שהדגיש שעושה כן רק על רקע כלל אחידות הענישה ביחס לשותפיו. ובפ' 1005/05 (מח' נצ') (זבידה) נגזרו 8 שנות מאסר בגין הרואין. יודגש כי פירוט האמור לא בא כדי לומר שחישוב הענישה הוא מתמטי גרידא ביחס להיקף כמות הסם, אלא אך כדי לתת מדד ביחס למקרים אחרים שנידונו. עם זאת אין ספק כי להיקף הסם שנתפס יש משמעות, ואחד משיקולי הענישה (אם כי לא הבלעדי) הוא נגזרת מנתון זה. ברור איפוא כי לא ניתן להתעלם מסוגו ומהיקפו העצום של הסם שנתפס למעלה מ- הרואין, והנזק והסיכון הפוטנציאלים העצומים הנובעים מכך, אשר קשה לתפוס אף את משמעותם. נראה כי לא יכולה להיות מחלוקת""",test
"1973 ו/או עבירה לפי חוק איסור הלבנת הון התש\ס – 2000, משך 3 שנים מיום שחרורו, למעט עבירה לפי ס' 10 לחוק הנ\""ל, בגינה ו/או בגין עבירה שלא מסוג פשע עפ\""י פק' הסמים המסוכנים, תעמוד תקופת התנאי על 6 חדשים למשך 3 שנים כאמור. מתקופת המאסר בפועל שהושתה לעיל, יופחתו 8 ימים נוספים בהם שהה הנאשם במעצר 14.10.07-21.10.07). קנס כספי בסך 35,000 ₪ לכל אחת מנאשמות אלה.""",test
"ראשית אציין, כי מסכים אני עקרונית עם הסניגור, שקיימת לכל נאשם ובכלל זה לנאשם שבפנינו, הזכות לנהל את משפטו ולנסות להוכיח את חפותו. עובדה זו ודאי אינה צריכה לעמוד לנאשם לרועץ וכך הוא אף במקרה שבפני. אלא משבוחר נאשם בדרך זו ומורשע, ודאי שלא יכול הוא לבקש הקלה בדינו על רקע חסכון מזמנו של בית המשפט כפי שעומד טיעון זה לנאשם שהודה וקיבל על עצמו את הדין ובעניננו, אף לא בשל חרטה שאף היא לא הובעה בכל דרך שהיא. אדרבא, משניתנה לנאשם הזדמנות לומר את דברו קודם גזירת הדין, בחר הוא שלא לומר דבר. לגופו של עניין, כפי שבא לידי ביטוי במהלך שמיעת הראיות בתיק, המדובר הוא במעשה אלימות בריוני, בו תקף הנאשם באכזריות מתלונן תמים שישב בפאב ובא אך לברר פשר ויכוח שהתנהל בין הנאשם לחברו, גרר אותו אל מחוץ למקום, הפליא בו את מכותיו וגרם לחבלות שונות בו. לא אחת ציינתי את השקפת עולמי, לפיה הפכה תופעת האלימות, ביחוד זו הנובעת משתיית אלכוהול, לנגע כואב (תרתי משמע) בחברתנו ולא יעלה על הדעת, כי תופרע שלוות חייהם של אזרחים תמימים וכי יחששו הם לצאת לאתרי בילוי, בשל התופעה האמורה הגורמת לפגיעה קשה באיכות החיים ובשלומם של הבאים בשערי המקום. לפיכך, מצווה איפוא בית המשפט לתרום את חלקו לצמצום התופעה, בעונשים כבדים להרתעת עבריינים בכח ובפועל, מביצוע עבירות מהסוג הנדון. לעניין זה אחזור ואציין את שהערתי עוד בהכרעת דיני והפעם בהיבט הנוגע לענישה, כי לא ניתן לקבל אף את הטענה, שהמעשה נעשה במצב בו היה הנאשם בגילופין וממילא יש להקל עימו בדין עקב אי היותו במצב צלול, שכן משבחר אדם להכנס למצב בו הוא בגילופין, לא",test
"את עמדתי בעניין עבירות האלימות, בעיקר בין צדדים קרובים, פירטתי במספר רב של פסקי דין, תוך שהדגשתי שאני רואה בהן עבירות שחומרתן רבה וגדולה במיוחד, בעיקר כשהמדובר בבת זוג (ובענייננו- ידועתו בציבור של הנאשם בתקופה הרלוונטית), שחשיפתה כלפי מבצע העבירה גדולה ואפשרות הגנתה מצומצמת. על כן יש לדעתי להעניש עבריינים בעבירות מסוג זה בענישה מחמירה, על מנת שיבינו אל נכון, כי החברה לא תסבול כל מעשה מסוג זה, תהיה הסיבה לו אשר תהיה. זאת ועוד, ציינתי לא אחת, כי למרבה הצער, הפכו עבירות האלימות לנגע כואב (תרתי משמע) בחברתנו, אותו יש לשרש מן היסוד. איכות חייהן וכבודן של נשים בחברתנו, הינם לדעתי ערך עליון ועל כן יש להעביר את המסר שלא ניתן להפכן הפקר.",test
"בקופת בית המשפט בסך של 10,000 ₪. חתימת התחייבות עצמית וערבות צד ג' בסך 25,000 ₪ כל אחת.",test
"בתי המשפט לתת עיכוב ביצוע. קיימות ערבויות בתיק ואף האם יכולה לשמש כערבה נוספת. אין לי התנגדות, ובלבד שנבקש שתהא הפקדה נוספת ויוצא צו עיכוב יציאה מן הארץ, וזאת לשם הבטחת התייצבותו של הנאשם. עיכוב ביצוע גזר הדין למשך 45 יום, שמניינם מהיום. ככל שלא יוגש ערעור, יתייצב הנאשם לריצוי עונשו ביום 02.12.12, לא יאוחר מהשעה 08:00, במתחם כלא דקל או, ככל שיערך הליך קליטה מוקדמת – במקום שייקבע לעניין זה.",test
"כללי החוק והפסיקה בעניין סוגיית ההרשעה ידועים הם, ולא כאן המקום להרחיבם. בקצירת האומר יצויין, כי הן על פי חוק סדר הדין הפלילי [נ\מ] תשמ\""ב- 1982 בסעיף 182 העוסק בעניין זה, והן על פי הפסיקה בעניין זה, ובראשה פסקי הדין המנחים בעניין רומנו (רע\""א 432/85 גדעון רומנו נגד מדינת ישראל תק' על' 85 (3) 737), ובענין כתב (ע\""פ 2083/96 - תמר כתב נ' מדינת ישראל פ\""ד נב' (3), 337), \""ברירת המחדל\"" הינה הרשעה, ואי הרשעה הינו חריג לכלל ונקבע בנסיבות יוצאות דופן, בהן אין יחס סביר בין הנזק הצפוי מן ההרשעה בדין לבין חומרתה של העבירה.נ תכלית הימנעות מהרשעה, כפי שהובאה בפרשת כתב נועדה לשם איזון בין התועלת והנזק העולה מהמרשעת הנאשם, תוך מבט לפן השיקומי של הענישה. כך מסכמת השופטת דורנר ואומרת כי להימנעות מהרשעה, נדרשים שני גורמים מצטברים והם: \""ראשית, על ההרשעה לפגוע פגיעה חמורה בשיקום הנאשם; ושנית, סוג העבירה מאפשר לוותר בנסיבות המקרה המסוים על ההרשעה, מבלי לפגוע באופן מהותי בשיקולי הענישה האחרים המפורטים לעיל\"".(ע\""פ 2083/96 תמר כתב נ' מדינת ישראל, פ\""ד נב(3), 337 ,עמ' 341-342) על עמדה זו, חזר בית המשפט העליון במקרים נוספים (ר' למשל דברי כב' השופטים מצא וזמיר בפרשת שמש (ע\""פ 2513/96 מדינת ישראל נגד ויקטור שמש ואח', פ\""ד נ' (3) 682 בעמ' 684 – 685: ב לאחר ששקלתי את שאלת ההרשעה, תוך שבחנתי את נסיבותיו האישיות של הנאשם, וביניהן אף את אפשרות הפגיעה בתעסוקה העתידית של הנאשם, לא נחה דעתי כי התקיימו התנאים להפעיל את החריג לכלל. שירות המבחן בתסקירו המקורי לא חיווה דעה בעניין זה ואף מתסקירו המשלים לא התרשמתי כי אכן יש בהרשעה משום פגיעה כה""",test
"קודם דיון לגופו מצאתי לנכון להעיר, כי לכשעצמי הייתי נמנע מהטחת ההאשמות אותן הטיח ב\כ הנאשם במדינה ובגופי הביצוע מטעמה, וביטויים כמו \""המדינה שינתה עורה\"", \""רדיפה בכל מקום ע\""י משטרת ההגירה שאינה בוחלת בשום אמצעי\"" ראוי היה לטעמי שלא יאמרו. שלטונות משטרת ההגירה, אף אם קיימים כאלה החולקים על דרך ביצוע עבודתם, עושים תפקידם נאמנה עפ\""י החוק, במיטב יכולתם המקצועית, ואף בעניינים שבאו בפני נוכחתי לדעת, שמעבר לטיפול בשוהים הבלתי חוקיים, משקיעה משטרת ההגירה מאמץ רב גם בטיפול במעסיקים של אותם שב\""חים, המנצלים ומתעמרים בעובדים עצמם, שלא כדין ובאופן שאינו צודק ואינו מוסרי, תוך הגנה בכך על העובדים הזרים, השוהים כחוק בישראל. ו עוד אבקש להעיר, כי אינני מקבל גם את טענת האפליה אותה העלה ב\""כ הנאשם בסיום טיעוניו, ואשר התייחסה לעובדה כי השוהים עצמם שהובאו על ידי הנאשם, לא הועמדו לדין. נראה לי בכל הכבוד, כי מימדי התופעה והעומס הרב המוטל הן על משטרת ההגירה, הן על בתי המעצר והן על בתי המשפט, מצדיקים אכיפה סלקטיבית כאמור, ועל רקע המשאבים המוגבלים אין בכך כל פסול. אינני סבור איפוא, שההחלטה שלא להעמיד את השוהים הזרים האחרים לדין אינה עניינית. אדרבא, מוצדק בעיני שלא להשוות בין העובדים הזרים שאך נכנסו לארץ למטרת עבודה, לבין המבצע העיקרי שתכנן, תיאם וביצע את הכנסתם ארצה, ואינטרס הציבור אינו דומה, בין הצורך בהעמדתם של העובדים הזרים לדין, לבין הנאשם ודומיו, אשר מאפשרים ביצוע העבירה על ידי אחרים. כפי שציינתי בעניין אחר (ר' פ' 1046/05 מיום 7.2.05), תמים דעים אני עם ב\""כ המאשימה, כי אכן קיימת חומרה בעבירות על חוק הכניסה לישראל. אמנם בעיקר אמורים הדברים בדרך כלל בהיבט הבטחוני ובכך עוסקים""",test
"לכל היותר. אציין כי שיקול זה שולי שכן אינו נובע מפעולת הנאשם, אלא הינו פונקציה של הצלחת שלטונות הבטחון ללכוד בזמן קצר יחסית את השב\ח. השני- שבניגוד לפס\""ד חוויס (רע\""פ 6071/04) הנ\""ל, לא עשה זאת הנאשם שבפנינו תמורת בצע כסף, והשלישי והוא המהותי יותר, ולפיו, הנאשם ריצה תקופת מעצר של כחודש וחצי ממש בגין תיק זה ואח\""כ כ-9 חדשים נוספים במעצר בית מלא, ומששוחרר, איני רואה את התכלית בהשבתו עתה, למעלה משנה וחצי לאחר ביצוע העבירה למאסר נוסף ממש שהוא במהותו קצר יחסית. גם אם אגזור על הנאשם עונש מאסר בפועל לתקופה שננקבה בהנחיית הפסיקה, היינו בין 3 ל-4 חדשי מאסר בפועל, הרי משריצה הנאשם חודש וחצי במעצר ממש, ובהפחתת השליש המנהלי, יוצא שלמעשה, נותר גזר דיני \""על הנייר\"" בלבד, ואין כמובן כל טעם, בקביעת פסקי דין \""אקדמיים\"" שבפועל אין להם כל תוצאה אופרטיבית שהיא. עדיף בעיני, במקרה זה, לגזור על הנאשם עונשים חליפיים, לרבות כאלה הצופים פני עתיד ובכך תבוא גם מדיניות הענישה על סיפוקה.""",test
"חדשי מאסר בפועל, מאסר על תנאי ופיצוי בסך 10,000 ₪. הדמיון נובע מהעובדה כי הנאשם 4 , כשתיווי, לא יצא עפ\י הטענה מהרכב ולא השתתף בתקיפה הפיזית. עם זאת יש לזכור שלהבדיל משתיווי שהיה נוסע פסיבי בלבד, הרי שהנאשם 4 היה זה שהסיע את החבורה ברכבו לזירת האירוע, ביודעו את מטרת הנסיעה, ובכך כאמור, איפשר הגעתם וביצוע העבירות. כן נקבע כי השליך אבן לעבר המשאית של המנוח. על כן, יובא בחשבון הסדר הטיעון עם שתיווי, אם כי בהסתייגויות המתבקשות. הנאשם 5, מעבר לנסיבותיו האישיות המיוחדות ומצבו הרגיש, היה הראשון שהודה מיד במשטרה ו\""בזכותו\"", כך לפי דברי בא כוחו, קיימות בכלל ראיות בתיק. גם עניינים אלו יובאו כמובן במניין שיקולי הקולא בעניינו. בשקלול כלל האיזונים ובהתחשב במכלול השיקולים המפורטים לעיל הנני דן את הנאשמים כדלקמן: מאסר למשך 9 שנים, מתוכם יהיו 8 שנים לריצוי בפועל ומניינם מיום מעצרו (23.1.11), והיתרה תהא על תנאי, והתנאי הוא שלא יעבור משך 3 שנים מיום שחרורו ממאסר כל עבירה מסוג פשע. פיצוי למשפחת המתלונן בסך של 10,000 ₪, אשר ישולמו בתוך 30 יום מהיום. פסילה מלקבל או מלהחזיק רשיון נהיגה למשך 36 חדשים, מתוכם 18 חדשים יהיו פסילה בפועל ומניינם מיום שחרורו ממאסר, והיתרה תהא על תנאי, והתנאי הוא שלא יעבור משך 3 שנים משחרורו, עבירת פשע שהיתה כרוכה בשימוש ברכב. מאסר למשך 4 שנים, מתוכם יהיו 3 שנים לריצוי בפועל ומניינם מיום מעצרו (23.1.11), והיתרה תהא על תנאי, והתנאי הוא שלא יעבור משך 3 שנים מיום שחרורו ממאסר כל עבירה מסוג פשע. פיצוי למשפחת המתלונן בסך של 10,000 ₪, אשר ישולמו בתוך 30 יום מהיום. מאסר למשך 7 שנים, מתוכם""",test
"השיקולים לרבות נסיבות אישיות ושיקולי שיקום נסוגים בדרך כלל מפניהם (ר' לעניין זה למשל ע\פ 3820/09 מדינת ישראל נ' חיים אוחיון (מיום 6.9.09, לא פורסם) והפסיקה הענפה שצוטטה במסגרתו). גם הטענה בדבר היותם של הנאשמים בלדרים בלבד, אינה יכולה להקל עם הנאשמים שכן לולא בלדרים אלה, לא הייתה יכולה להתקיים המערכת הענפה הנוגעת להובלת הסם והפצתו. ראויים לעיון גם בעניין זה דברי בית המשפט העליון בע\""פ 226/89 דרגליו זפה נ' מדינת ישראל (15.3.90, לא פורסם), אשר התייחס לטענה מסוג זה: כן ר' ע\""פ 3820/09 מדינת ישראל נ' חיים אוחיון הנ\""ל: ... כבר נקבע על ידי בית משפט זה כי ככל שיוחמרו העונשים על בלדרים אלו, כך יש סיכוי שתפחת להיטותם להיענות לאותן הצעות. . . בית משפט זה חזר והדגיש כי על מנת לשבור את שרשרת הפצתו של הסם יש לטפל ביד נוקשה גם בבלדרי הסמים שמאפשרים את העברתו של הסם מבעליו לציבור ובכך מסבים נזק רב לחברה. .. עיינתי בפסיקה שהומצאה לי על ידי הצדדים. אכן קיימת קשת ענישה בעבירות מסוג זה, אם כי ברור לחלוטין שנטיית הפסיקה היא להחמיר משמעותית בענישה על דרך מאסר בפועל ממושך בעבירות אלה. כך למשל בע\""פ 3570/09 (אבו עמרה) נדון הנאשם בגין יבוא של כ – הרואין ל – 7.5 שנות מאסר. בענייננו מדובר בכמות העולה פי 10 על הכמות שנתפסה באותו עניין. בע\""פ 6375/10 נדון קטין שהורשע ביבוא של הרואין ל – 7 שנות מאסר, תוך שביהמ\""ש העליון מציין כי לו היה בגיר, היה ראוי עונשו לעמוד על 10 שנות מאסר כפי שנפסק בערכאה הדיונית. בעניינו מדובר בכמות כפולה ובנאשמים בגירים. בע\""פ 2587/09 (אבו רקייק) נדון הנאשם בגין""",test
"אלה, ובהתאם לסמכותי לפי סעיף 192א לחוק סדר הדין הפלילי [נמ] התשמ\ב – 1982, הנני קובע כי ביצע את העבירות בהן הורשע הנאשם במסגרת הכרעת הדין, ואולם מבטל את הרשעתו הפורמלית בדין. שירות המבחן ממליץ על השתת עבודות של\""צ, בהיקף של 100 וחתימה על התחייבות. כאמור, לא מצאתי שיש טעם שלא לאמץ את המלצות התסקיר, אם כי אני סבור שהיקף השעות המוצע, אינו מידתי ביחס לאמור.""",test
"זכות מוסרית תעמוד כנגד כל יתר עברייני הבניה, אלה שסגרו מרפסות ושטחים אחרים בשל הרחבת המשפחה, אלה שבנו בתים כשגדלה משפחתם, ואלה שמשיקולי מצוקה כאלה או אחרים, מבצעים עבירות אחרות, הן בתחום התכנון והבניה והן בתחומים פליליים נוספים?! מובן מאליו, כי טענה כאמור לא יכולה להתקבל. לאחר ששקלתי איפוא את האיזונים הנדרשים בין חומרת העבירות ומטרות הענישה מחד, תוך שהבאתי בחשבון את היקף העבירה ולרבות אופייה הכלכלי, אל מול השיקולים העומדים לקולא לזכותו של הנאשם כמפורט לעיל מאידך, הנני מטיל על הנאשם את העונשים הבאים : קנס כספי בסך של 250,000 ₪ או 125 ימי מאסר תמורתו. הקנס ישולם ב – 20 תשלומים שווים ורצופים החל מיום 15.11.07. אי תשלום אחד משיעורי הקנס במועדו ו/או במלואו יעמיד את כל יתרת הקנס לתשלום מידי. חתימה בתוך 7 ימים מהיום, על התחייבות להימנע מביצוע עבירה על הוראות סעיפים 145, 204, 208 ו- 210 לחוק התכנון והבנייה, תשכ\ה – 1965. ההתחייבות תהא בסכום של 100,000 ₪ ותעמוד בתוקפה למשך שנתיים מהיום. לא תיחתם ההתחייבות ייאסר הנאשם למשך 10 ימים. אני מצווה על הנאשם להרוס את המבנים נשוא כתב האישום שאינם נושאים היתר. עם זאת, אני דוחה את כניסת הצו לתוקף למשך 6 חודשים מהיום עד ליום 16.4.08 על מנת לאפשר לנאשם השלים את הליכי קבלת ההיתר. אני מצווה על הפסקת שימוש במבנים בהם מבוצע שימוש חורג או בלא היתר, לכל שימוש מסחרי או בניגוד לתכנית החלה, אשר יכנס לתוקפו ביום 30.11.07. אם וכאשר ינתן היתר לעבודות המפורטות בכתב האישום ו/או לשימוש החורג, יפקעו הצוים שניתנו בסעיפים ג' ו- ד' לגבי הריסת המבנים ו/או הפסקת השימוש, לפי הענין. ככל שינתן""",test
"לאירוע ולעבירה העיקרית – היא גרם המוות. נוכח הודיית הנאשמים בסדרה של 9 מחדלים שונים המאפיינת את תפקודם, נראה לי כי אין המדובר ברשלנות מהמדרג הנמוך דווקא. על התוצאה הטראגית לא צריך להרחיב את הדיבור וברור שאין מחלוקת כי אין תוצאה קשה ממנה. סקירת הפסיקה המתייחסת לתאונות קטלניות (בין בעבודה ובין תאונות דרכים) שנגרמו כתוצאה מרשלנות, מצביעה על קשת ענישה שבין 4 חדשי מאסר מומרים בעבודות שירות, לבין מאסר ממושך של מספר שנים, לריצוי בפועל ממש. עם זאת סקירת הפסיקה הרלוונטית מעלה, כי הרוב המספרי של המקרים מצוי דווקא בקבוצת \הקצה\"", בה נפסק העונש הקל של מאסר לריצוי בעבודות שירות, תמונה שאינה משתנה באופן ממשי, גם אם מספר הקורבנות עולה על אחד (גם לעניין זה ר' פירוט סקירת הפסיקה בפרשת קלגסבלד הנ\""ל, הנכונה לתאונות דרכים ואינה משתנה בתאונות עבודה). בענייננו המציא הסניגור שני פסקי דין נוספים, באחד נפסקו עונשים של מע\""ת וקנס בלבד (ע\""פ (נצ') 1077/04 עתאמללה נזיה ואח' נ' מדינת ישראל – 14.9.04 – לא פורסם), ובאחר נפסקו 3-6 חודשי עבודות שירות וקנס ופיצויים גבוהים (תפ (רח') 1665/03 מדינת ישראל נ' יוסף מורוז (11.11.04 - לא פורסם). מאידך המציא התובע שני פסקי דין שבאחד מהם הוטל מאסר בפועל של שנה. עם זאת נראה לי בכל הכבוד הראוי, כי פסקי הדין הנ\""ל שהמציאו שני הצדדים, חריגים הם יחסית לרמת הענישה המקובלת בעניין זה. במקרה שלפנינו, יש להחשיב לחומרא את רמת הרשלנות ואת התוצאה הקשה והקטלנית. מקובלים עלי גם דבריו הנכוחים של ב\""כ המאשימה, בדבר הצורך להעביר מסר, כי אין לחסוך בפעולות להבטחת הבטיחות, ויש לגזור איפוא ענישה המעבירה מסר, כי יש לנקוט בכל הפעולות הנדרשות על""",test
"רק שאינו יכול לטעון להעדר יסוד נפשי, אלא שאין לו להלין אלא על עצמו בלבד. נ עברו של הנאשם כולל אמנם עבירה אחת בלבד ואולם אף היא מאותו סוג, היינו מתחום האלימות וחומרתה, כפי שמשתקפת מדברי חברתי כב' סגן הנשיא השופטת טהר שחף בגזר דינה, רבה בכל קנה מידה שהוא. כאמור הנאשם ניהל דיוני הוכחות ובסיומן, אף לאחר שהורשע נמנע מהבעת כל חרטה שהיא ונראה כי אינו מפנים כלל את חומרת מעשהו. בנסיבות אלה, לא ניתן להקל בדינו. יחד עם זאת, לא אוכל להתעלם מדברי בא כוחו של הנאשם בדבר מצוקתו האישית הרבה של מרשו, בדידותו וגירושיו, אף אביא בחשבון כי על אף שהורשע הנאשם בתקיפת שוטר- עבירה חמורה לכשעצמה, מדובר בתקיפה מינורית- דחיפה בלבד, על רקע התפרעות כללית. בנסיבות אלו לא אמצה עם הנאשם את מלוא חומרת הדין. בנסיבות הכוללות איפוא של העניין, הנני דן את הנאשם כדלקמן: מאסר למשך 16 חדשים, מהם 8 חדשים יהיו לריצוי בפועל ומנינם מיום מעצרו (17.12.04) והיתרה תהא על תנאי והתנאי הוא שלא יעבור משך שלש שנים מיום שחרורו, עבירת אלימות מכל סוג שהוא לרבות עבירת איומים. ב מפעיל המאסר המותנה בן 12 חדשים מת.פ. 4474/03 של בית משפט השלום בבאר שבע, אשר ירוצה בהתאם להוראות סעיף 58 לחוק העונשין, תשל\ז 1977, במצטבר לתקופת המאסר שהוטלה לעיל, כך שבסך הכל ירצה הנאשם מאסר בפועל של 20 חדשים מיום מעצרו.""",test
"ראשית לשאלת ביטול ההרשעה: כללי החוק והפסיקה בענין סוגית ההרשעה, ידועים שלא כאן המקום להרחיבם. בקליפת אגוז יצויין, כי הן על פי חוק סדר הדין הפלילי [נ\מ] תשמ\""ב- 1982 בסעיף 182 העוסק בענין זה, והן על פי הפסיקה בענין זה, ובראשה פסקי הדין המנחים בענין רומנו (ר\""ע 432/85 גדעון רומנו נ' מדינת ישראל (מיום 21.8.85 - לא פורסם)), בענין כתב (ע\""פ 2083/96 תמר כתב נ' מדינת ישראל פ\""ד נב (3), 337) , בעניין שמש (ע\""פ 2513/96 מדינת ישראל נ' ויקטור שמש פ\""ד נ(3) 682), ובענין פלוני (ע\""פ 2669/00 מדינת ישראל נ' פלוני, פ\""ד נד (3), 685). \""ברירת המחדל\"" הינה הרשעה, ואי הרשעה הינו חריג לכלל ונקבע בנסיבות יוצאות דופן, בהן אין יחס סביר בין הנזק הצפוי מן ההרשעה בדין לבין חומרתה של העבירה. בשנים האחרונות חזרו בתי המשפט על העמדה האמורה בהרחבה יתרה, בשני פסקי דין שקיבלו אף תהודה רבה: פ' (שלום ת\""א –יפו) 5461/06 מדינת ישראל נ' חיים רמון (29.3.07 - לא פורסם) ופ' (מחוזי ת\""א יפו) 40332/05 מדינת ישראל נ' אסנת אלון לאופר (19.10.06 לא פורסם). על אף שאין חולק על חומרת האירוע, ביחוד נוכח הנסיבות שתוארו בדברי ב\""כ המאשימה, הרי שנראה לי, כי לא ניתן להתעלם מסדרת גורמים, המטים את הכף לזכות אי הרשעתו של הנאשם. ראשית, עפ\""י גליון רישום פלילי מעודכן, אין לנאשם הרשעות כלשהן. גם העבירות נשוא תיק זה, נובעות מאירוע שהתרחש בתקופה סוערת בחייו, היא תקופת גירושיו. ביצוע העבירות על ידי הנאשם, אירע באירוע נקודתי אחד, כשהתרשמתי, כפי שאף שירות המבחן התרשם, שאינו משקף את התנהלותו הרגילה, שהיא תקינה ונורמטיבית, בבחינת החריג, שאינו מלמד על הכלל. הנאשם אף לוקח אחריות""",test
"בסוחר סמים קלאסי. אינני משוכנע גם, כי זהו המקרה המובהק בו ברור היה שיש ערך מוסף לשימוש בסוכן. אין ספק שהמשטרה פעלה בסמכות ואולם לא ניתן להתעלם מהתחושה, כי אכן יש טעם לפגם באופן פעולת הסוכנות בעניינו של הנאשם, נקיטת יוזמה מצידם לביצוע העבירה על ידו והפעלת שכנוע מוגזם משהו, על-מנת לשדל אותו לבצע את העבירה. נדמה לי, כי חומר הראיות מציג מצב הדומה לאבחנה שבפרשת אפנג'ר הנ\ל, בו מדובר בעזרה או סיוע לחבר (בעניין זה הגשמת משאלתן של הסוכנות איתן ניסה הנאשם ליצור קשר) ולא בסוחר סמים קלאסי. כמו כן, נראה היה שקל היה לפתות את הנאשם הלהוט ליצור קשר עם הסוכנות, לבצע רכישה עבורן, והיה במעשיהן משום פיתוי פסול שהביא אותו, בסופו של יום לקלקלתו, בלא שהתכוון מראש לעשות כן. לכך יש להוסיף גם את העובדה כי הנאשם חסר עבר פלילי, למעט עבירה אחת שאין עניינה לכאן, הודייתו במיוחס לו והיותו אב ל-6 ילדים, המנהל מערך חיים נורמטיבי בדרך כלל. מאידך, אל מול האמור, יש להוסיף את עבירת ההסעה שצורפה לתיק זה, המחייבת לכשעצמה עונש מאסר בפועל של בין 3-4 חדשים.""",test
"בית משפט זה פסק לא אחת, כי כנגד עבירות מהסוג הנדון ובמסגרת המלחמה בנגע הסמים, חייבת לבוא תגובה מרתיעה. עבירות הסמים הפכו נגע ממאיר שפשט בחברתנו לממדים עצומים ובית המשפט חייב להעניש עבריינים העוסקים בעבירות אלו במלוא חומרת הדין. עבירות אלה טומנות בחובן תוצאות הרסניות, פוגעות קשות בציבור ועל-כן, מחייבות מדיניות ענישה מחמירה ומרתיעה. אכן צודק ב\כ המאשימה, כי הפסיקה חזרה והדגישה את החומרה היתרה הטמונה בעבירות סמים, ואת הצורך במדיניות ענישה מחמירה. הקלה לנאשם ניתנת באחת משתי האפשרויות: האחת והעיקרית, כשקיימת דרך טיפולית אפשרית לשיקומו של הנאשם, גמילתו והעלתו על דרך המלך. השניה, היא חרטתו, הודייתו והפנמת עבירתו. לצערי, לא מתקיימת כל אפשרות בעניינו של נאשם זה: לענין הדרך הטיפולית, לא הומלץ כאמור על ידי שירות המבחן ולעניין הפנמת העבירה נראה, כי לא זו בלבד שהנאשם בחר שלא להודות וניהל מערכת הוכחות אלא שאף בפני שירות המבחן, לאחר הכרעת דינו בחר שלא להודות בעבירה וטען כי הסם נועד לשימושו העצמי. בנסיבות אלה, לא אוכל להקל עם הנאשם באופן שהייתי עושה, במצב דברים אחר. מאידך, אינני יכול להתעלם מנסיבותיו המקלות של הנאשם, כמופיע בתסקיר שירות המבחן ובדברי סניגורו. אכן דרך חיים לא קלה עברה על הנאשם ויש להתחשב בכך. גם העובדה כי זוהי עבירתו הראשונה בסמים, תזקף לזכותו וכך אף היקפו המצומצם יחסית של הסם שהחזיק. גם הזמן שחלף מאז ביצוע העבירה- קרוב לשנתיים ימים, יזקף לזכותו. עוד אציין כי דעתי כדעת הסניגור, באשר לפסק הדין אליו היפנה ב\""כ המאשימה, ואף לי נראה כי חריג הוא יחסית לרמת הענישה הנהוגה בעניין זה. יצויין, כי כנגד הנאשם שם, היה תלוי ועומד מאסר מותנה בן שנה בר הפעלה""",test
"סוגי העבירות, גם בענייננו ישנם גזרי דין חמורים יותר וחמורים פחות. כל מקרה לגופו ואכן המדובר בקשת ענישה רחבה המושפעת מנסיבות כל עניין. מכל מקום ברור כי טווח הענישה לו טענו הצדדים מצוי בהחלט במסגרת המוצעת על ידם. לאור כל האמור ולאחר ששקלתי את מכלול השיקולים כמפורט לעיל הנני דן את הנאשם כדלקמן: מאסר למשך 10 חדשים, מתוכם 5 חדשים יהיו לריצוי בפועל, ויתרתם תהא על תנאי, והתנאי הוא שלא יעבור משך 3 שנים מיום שחרורו ממאסר, עבירת הצתה ו/או עבירת אלימות מסוג פשע. מתוך תקופת המאסר בפועל תנוכה תקופת מעצרו של הנאשם (22.7.12 – 31.8.12). . המאשימה עתרה לחייב את הנאשם בתשלום קנס ופיצוי בגובה סכום הנזק. אין ספק שראוי הדבר. בנסיבות אלה לא אוכל לחייב את הנאשם בתשלומה, ונראה לי כי ראוי שהפיצוי יִוותר לקביעה בהליך אזרחי, שם יוכל בית המשפט על יסוד ראיות שיובאו בפניו, לאמוד את הנזק שנגרם ממעשי הנאשם. בשים לב למאסרו של הנאשם ומצבו האישי, הכלכלי והמשפחתי המורכב ובמסגרת הליך זה, לא מצאתי לנכון להטיל קנס על הנאשם, והנני מחייבו בפיצוי בסך 2,436 ₪, תוך שמירת זכותו של ועד המושב למיצוי הליך אזרחי בנושא זה, ככל שימצא לנכון לעשות כן. ניתנה והודעה היום א' כסלו תשע\ג, 15/11/2012 במעמד הנוכחים. יעקב שפסר, שופט בהתאם להסכמה עם בא כוח המאשימה, אבקש לקבוע כי הנאשם יתייצב לריצוי עונשו ביום 25.11.12. הנאשם יתייצב לריצוי עונש המאסר בפועל ביום 25.11.12 לא יאוחר מהשעה 08:30, במקום שייקבע על ידי רשות שב\""ס, וככל שלא ייקבע כזה במתחם נציבות שב\""ס בכלא מעשיהו. עד אז ייוותרו תנאי שחרורו של הנאשם בעינם.""",test
"אם יעבור בתוך 3 שנים מהיום עבירת אלימות כלשהיא. פיצוי למתלונן בסך 3,000 ₪. קנס כספי בסך 1,000 ₪ או 10 ימי מאסר תמורתו.",test
"קודם קביעת גזר דיני אציין, כי לא ירדתי לסוף דעתו של הסניגור, לפיה המדובר בעבירה מהמדרג הנמוך שבאלימות במשפחה. דעתי היא כי לא בא בחשבון בשום מצב שהוא, שאדם בכלל ובן זוג בפרט, יפתור את מחלוקותיו עם בן זוגו בדרך האלימות, מכל סוג ומין שהוא, ולא חשובה כלל הסיבה שהובילה אותו לכך. אלימות כלפי בת הזוג ובכלל זה גם מתן סטירה (\בלבד\""), יש בה ללא ספק משום השפלה וביזוי, הגדולים לכשעצמם, לעיתים פי כמה, מהכאב הפיזי עצמו. תפיסתי היא על כן, שאין לקבל התנהגות כאמור ויש להוקיעה מכל וכל. יתרה מכך, אלימות במשפחה, הינה חמורה במיוחד, בעיקר כשהמדובר בנשים וילדים, שכן המדובר בקרבנות, שהגנתם קשה להם יותר מחד, ומאידך –חשיפתם, כלפי מבצע העבירה כלפיהם, רחבה מהרגיל. בנסיבות אלה, אין ספק כי יש להרתיע עבריינים בכח ובפועל בענישה מחמירה, ביחוד כשהנתונים מלמדים, שאין זו מעידה חריגה בלבד אצל הנאשם כבעניננו. זאת ועוד, לא רק ענינו של הנאשם הוא העומד בפני, אלא ניתן לומר כי למרבה הצער, הפכו עבירות האלימות בכלל ובמשפחה בפרט, לנגע בחברתנו, אותו יש לשרש מן היסוד. בהחלטות ובפסקי דין לא מעטים ציינתי, כי איכות חייה וכבודה של אשה בחברתנו, הינם לדעתי ערך עליון, ועל כן שומא על בית המשפט לתרום את חלקו למימוש ערך זה, תוך שיש לו תפקיד ראשון במעלה להבטיח שיעד זה יושג, ולא יהווה משאלת-לב בלבד. לכל האמור יש להוסיף כי לנאשם עבר פלילי מכביד, הנושא עימו 10 הרשעות קודמות בינהן אף עבירות אלימות, שבגינן אף נידון לעונשי מאסר. ו מצד שני, לא אוכל להתעלם ממצוקת חייה הקשים של המשפחה, מעובדת הודייתו של הנאשם והבעת חרטה מצידו ומבקשת אשתו – המתלוננת,""",test
"אין צורך לחזור ולהדגיש את החומרה היתרה אותה רואה בית משפט זה בעבירות בהן הורשע הנאשם והסיכון הרב הנובע מהן. מצב הקטל בכבישים אינו צריך אזכור ולא קשה לתאר מה עלול לקרות בנהיגתם הפזיזה של נהגים, קל וחומר בלתי מורשים. זאת ועוד, עבירת הנהיגה תחת פסילה מבטאת בהגדרתה, זלזול בוטה באושיות החוק ובסדר הציבורי, וזילות החלטותיו של בית המשפט. לעניין זה אין זה משנה כלל לדעתי, אם היה הנאשם פסול נהיגה עקב עבירת תנועה שביצע או כענישה נלווית לעבירת סמים, ואיני רואה בעובדה כי הפסילה שהושתה עליו היתה פועל יוצא מעבירת סמים שיקול לקולא. אדרבא, יתכן שדוקא מהווה הדבר שיקול לחומרא ואין צורך בפרשנות נרחבת כדי לתאר, מה עלול לקרות מנהיגתו של אדם בלתי מורשה שהוא אף צרכן סמים. גם הטענה בדבר נהיגה קצרה יחסית, מעבר לאי התאמתה לעובדות כתב האישום, הרי שאין בה כל ממש. נהיגה תחת פסילה חמורה היא ולמרחק- משקל שולי בלבד. כך גם לטענת הנהיגה בלילה דוקא. הרציונל שמאחורי הטענה ברור לי והוא נועד ככל הנראה להמחיש כי היה סיכון מופחת לעוברי הדרך שמועטים הם בלילה, ואולם גם שיקול זה זניח ואינו משמעותי במניין השיקולים. ב אם נוסיף לכל הנ\ל את העובדה כי בוצעו ע\""י הנאשם עבירות נוספות, אי ציות לשוטר, פניה ממקום אסור ועבירת השבל\""ר, הרי שנמצא צירוף עבירות חמור, המחייב אף ענישה מתאימה. עברו של הנאשם אף הוא מכביד ורשומים לחובתו 7 רישומים פליליים קודמים. ו על אף כל האמור, לא ניתן להתעלם ממצוקת חייו של הנאשם ומהעובדה שמזה ארבעה חדשים, כך על פי פנייתו של סגן ראש עיריית אופקים, מגלה ככל הנראה הנאשם רצון לשינוי אורח חייו, תוך שמצא""",test
"היה אמור להיות מצוי בתנאי מעצר מלא, ממנו שוחרר אך לצורך הליך הגמילה. משנכשל ההליך הטיפולי, היה הנאשם צריך להיות מוחזר לאלתר לבית המעצר ולא לצאת לבית הוריו, כפי שארע בפועל. ב מצב הדברים היום לאחר מתן גזר הדין, שונה מהמצב בו היה נתון הנאשם קודם לו ולפני שהיה מודע לענישה הצפויה לו. יחד עם זאת, אינני יכול להתעלם מדבריו רבי הטעם של ב\כ הנאשם, הן לעניין ההליך הטיפולי והן לעניין בחינת שיקול דעתי על ידי ערכאת הערעור. בנסיבות אלה, אעתר לבקשת הסניגור ואעכב ביצוע גזר הדין למשך 14 יום בכפוף לתנאים הבאים: הפקדת סכום מזומן בסך 10,000 ₪ בקופת ביהמ\""ש. מעצר בית מלא ומוחלט של הנאשם בפיקוח הוריו, אשר יחתמו על ערבות צד ג' בסך 10,000 ₪, כל אחד, להבטחת תנאי השחרור.""",test
"שירות המבחן ובהתאם הנני דן את הנאשמים כדלקמן: שירות לתועלת הציבור בהיקף של 140 שעות, אשר יבוצע במתנ\ס ערד בתפקידי אחזקה. 3 חדשי מאסר אותם לא ירצה אלא אם יעבור בתוך 3 שנים מהיום כל עבירה לפי פקודת הסמים המסוכנים [נ\""ח], תשל\""ג-1973 . צו מבחן למשך שנה שמניינה מהיום, אשר במהלכה ימשיך להיות בקשר עם שירות המבחן, ישמע לכל הנחיותיו ויבצע כל הנדרש ממנו, לרבות בדיקות שתן. הנני מצווה על חילוט הערבות בסך 3,000 ₪, אשר הושתה על הנאשם במסגרת תיק 4961/08 של בית משפט השלום באר שבע. הסכום יחולט מההפקדה שהופקדה בתיק זה. היתרה תוחזר לנאשם באמצעות בא כוחו. שירות לתועלת הציבור בהיקף של 140 שעות, אשר יבוצע במתנ\""ס ערד בתפקידי אחזקה. הנני מאריך את המאסר המותנה בן 3 החדשים התלוי ועומד כנגד הנאשם מת.פ. 1387/07 למשך שנתיים נוספות שמניינן מהיום. צו מבחן למשך שנה שמניינה מהיום, אשר במהלכה ימשיך להיות בקשר עם שירות המבחן, ישמע לכל הנחיותיו ויבצע כל הנדרש ממנו, לרבות בדיקות שתן.""",test
"מעבריינים אלימים ומתופעת הבריונות, תוך זהירות מהעברת מסר סלחני שלילי לעבריינים בפועל ובכח. ר' למשל ע\פ 3863/09 מדינת ישראל נ' נאסר חסן (10.11.09, לא פורסם): וכן ע\""פ 3617/07 פלוני נ' מדינת ישראל, (18.11.07, לא פורסם): וכן, ר' ע\""פ 327/05 נביל ג'אבר נ' מדינת ישראל (1.12.05, לא פורסם): וכן ר' גם ע\""פ 7734/05 היטם עאטף נ' מדינת ישראל (15.5.06, לא פורסם). ב\""כ הנאשמים ביקשו לגזור גזירה שווה מגזר דינו של מעורב נוסף בפרשה, שתיווי אבו מאדי, אשר נדון במסגרת הסדר טיעון ל – 14 ח' מאסר בפועל. בענייננו טענו הם, יש להשית על הנאשמים עונש דומה. אין צורך לומר שעקרון שוויון הנאשמים בפני החוק, ממנו נגזר עקרון אחידות הענישה, הוא כלל יסוד בתורת הענישה. בהתאם לעקרון זה, יש להחיל ככל הניתן, על מצבים דומים מבחינת אופי המעשה והעושה, שיקולי ענישה דומים. בענייננו, נראה לי שאין מקום לגזור גזירה שווה מעניינו של המעורב האחר. עיון בפרוטוקול הדיון הנוגע לעניינו של שתיווי מלמד, כי מעבר לעובדה שההרשעה שם הינה בעבירה אחרת פחותה משמעותית הן בחומרתה והן בנסיבותיה (שתיווי הורשע בקשירת קשר לפשע לפי סעיף 499 לחוק העונשין, שהעונש הקבוע לצידה הוא 7 שנות מאסר, בעוד שבענייננו מדובר בעבירות שהעונש הקבוע לצידן עומד על 14 ו – 20 שנות מאסר), הרי שאף נסיבותיו הן שונות: כל חלקו של שתיווי, מבלי שתשתמע חלילה הקלת ראש, הוא בהגעה פסיבית למקום. יתרה מכך, הוא לא התקרב למנוח, לא השתתף עם האחרים בשום עוולה שהיא ולא היה קרוב כלל לאירוע (ר' עמ' 10-11 לפרוטוקול הדיון מיום 23.10.11 בעניינו של שתיווי (ת.פ. 35664-02-11)). ברור איפוא מאליו, שלא ניתן להשוות בין עניינו של הנ\""ל לעניינם של""",test
"הקטטה הייתה מצד המתלונן דווקא, אשר המשיך מצידו משך מספר חדשים להשפיל את הנאשם ולהתגרות בו. כן נשקלו שיקולי אחידות ענישה נוכח הסדר טיעון מקל מאד עם מעורב בפרשה. בת\פ (מח' חי') 6084/07 (עואד), היו גם כן נסיבות ייחודיות, בהן תקפו המתלוננים וניסו להצית את בית הנאשמים, לא בפעם הראשונה. העבירה לא הייתה מתוכננת שכן בעת שהותקפו, ישנו הנאשמים בביתם. יום לאחר האירוע נרצח אביהם של הנאשמים, ע\""י משפחת המתלונן. גם כנגד המתלונן הוגש כתב אישום. בת\""פ (מח' ב\""ש) 8203/05 (פינר), נקבע כי המדובר היה במעשה שלא בוצע מתוך תכנון עברייני מוקדם ובכוונה זדונית לפגוע באחר, אלא בנאשם שמניעו היה חשש מפני תקיפה של גורמים עוינים, באזור בטחוני רגיש (מואסי - עזה). באותו עניין נגזרו על הנאשם 24 ח' מאסר. כך גם ביתר הפרשות אליהן הפנוני ב\""כ הנאשמים, תיק תיק ונסיבותיו שאינן תואמות לענייננו, ולפיכך, לא ניתן להסתמך עליהם בגזירת הדין כאן. בעניינו של הנאשם 5 הוגש תסקיר שירות מבחן. על מנת שלא לפגוע בצנעת הפרט לא אפרט את האמור בתסקיר ואך אציין, כי המדובר בבחור צעיר, חסר עבר פלילי, אשר שירות המבחן מתרשם מהעדר בשלות, קושי בהפעלת שיקול הדעת ואי לקיחת אחריות על החלטות ומעשים בחייו. את מעורבותו בפרשה מייחס הוא לחובתו כבן השבט לסייע לבני משפחתו. עם זאת, כתוצאה מהאירוע וממעצרו, החלה לחלחל בו ההבנה כי עליו לערוך שיקול דעת. במעצרו עבר משבר רגשי עמוק, (שבא לידי ביטוי גם בעת שהגיע לדיונים בבית המשפט). המשבר לֻווה בשלושה ניסיונות אובדניים והוא אף אושפז לתקופה לא מבוטלת בבית החולים הפסיכיאטרי. בסמוך למעצרו חלה נסיגה קיצונית במצבו הנפשי והתפקודי, שקע בעצמו, בהה, מילמל לעצמו והשמיע קולות לא""",test
"הובאה בפני כל ראיה לאותה תכנית בערוץ 8. שנית לא ברור לי, כיצד יכול הנאשם לטעון מצד אחד שהכמות נועדה לשימושו האישי, שכן עושה שימוש יומי בסם (ר' עמ' 9 ש' 1-3 לפרוטוקול הדיון מיום 9.11.04) ובד בבד לטעון, כי אין לו כל מעורבות בסמים והוא שולל שימוש כזה (כמופיע בתסקירי שרות המבחן ובטיעוני הסניגור לפיה עברו של הנאשם אינו מתחום הסמים). אם אינו עושה שימוש בסם, הרי שיש לקבל את טענת המדינה שהמדובר בהחזקת סם שלא לשימוש עצמי, ואם אכן עושה שימוש בסם ועוד על בסיס יומי- טענה שנועדה כמובן להפחית מחומרת עבירת הסמים- מה פשר טוען הוא כי אין לו כל רקע בנושא, הן בפני והן בפני שרות המבחן, תוך שלילת הקשר הטיפולי המוצע לו לענין זה?! נדמה לי בכל הכבוד הראוי, כי הנאשם מנסה לאחוז את המקל בשני קצותיו, ולטעון את טיעוניו בהתאם לנסיבות המשתנות, דבר שאינו מוסיף בעיני לאמינותו.ב ב\כ הצדדים הגישו לעיוני פסיקה, איש איש לגישתו. חלק לא מבוטל בפסיקה הינו מלפני שנים רבות, מבתי משפט שלום, כך שנראה לי, כי אין בו בכל הכבוד, ראיה לעניננו. חלק אחר, ענינו אינו דומה כלל לכאן, הן בשל העובדה כי אין המדובר במורכבות עבירות כבעניננו אלא בחלקן, והן בשל נסיבות מיוחדות שהובילו לגזר הדין בתיקים האמורים. כך למשל, בת.פ. 40393/00 נקבע גזר הדין במסגרת הסדר טיעון, אשר הנסיבות לו לא הובאו בפני. גם בת.פ. (חיפה) 352/02 התבסס גזר הדין על הסדר טיעון שנתמך בעתירת המאשימה. בת.פ. 4472/93 התבסס גזר הדין על עקרון אחידות הענישה אל מול נאשם אחר בפרשה. בע\""פ (חיפה) 68/96, מדובר בנאשם שעבר תהליך גמילה ארוך ואף ריצה למעלה ממחצית תקופת""",test
"נדמה שאין צורך לחזור ולהזכיר את חומרת תופעת הסמים, הפגיעה החברתית העצומה והתוצאות ההרסניות הנובעות ממנה, וכך גם את הצורך בענישה מרתיעה בגינה. הדברים חוזרים ונשנים כחוט השני בפסיקת כל בתי המשפט, שהדגישה את מתן העדיפות המתבקשת לשיקולי הגנה על האינטרס הציבורי על פני נסיבותיו האישיות של העבריין העומד לדין. משנה תוקף יש לאמור כשהמדובר בששה אירועים שונים באותו עניין בהם נכשל הנאשם. בד בבד עם האמור, אכן לא נראה כי קיים אפיק שיקומי כלשהו. לא הונח בפני כל תסקיר שירות מבחן ואף לא נתבקש כזה, על כל המשמעות הנובעת מכך. בעניין זה ולמען הסר ספק אדגיש, כי אינני רואה בשלילה את הימנעות הנאשם מפניה לשירות המבחן, כשסבור היה שאין בה תועלת. אדרבא, יש להעריכו על שבחר שלא להעמיס על רשויות הטיפול בחינות סרק, ואולם מאליו ברורה משמעות העדר אפיק שיקומי, שאינה יכולה אלא לעמוד כנגדו. גם העובדה שהמדובר בנאשם צעיר יחסית אשר לחובתו ששה רישומים קודמים הכוללים 17 אישומים שונים בעבירות מגוונות, ובמסגרתן ריצה אף הנאשם מאסר בפועל ואף תלוי ועומד כנגדו מאסר מותנה שלא הרתיעו, עומדת כמובן לחובתו. אל מול האמור יש אכן להביא בחשבון את הכמות הקטנה יחסית של הסמים, ואת העובדה כי מבלי שתשתמע חלילה הקלת ראש, במרבית המקרים מדובר בסם מסוג חשיש, וכן לזקוף לקולא את הודייתו והבעת החרטה המשתמעת ממנה. עיינתי בפסיקה שהמציאו לי הצדדים ולא מצאתי תרומה של ממש בה לענייננו. באשר לפסיקה שהומצאה על ידי המאשימה: בעפ\ג (ב\""ש) 25658-01-11 (כפיר), המדובר היה בסדרת עבירות רבה וחמורה יותר (לרבות מעורבות קטינים) ובכמויות סם רבות יותר, כשבמסגרת גזר הדין נגזרו אף עונשים נוספים שלהם משמעות כלכלית ממשית. בע\""פ 10208/03 (יוסף""",test
"לא בכדי הובאה על ידי הסקירה המפורטת של טיעוני הצדדים לעיל, ונדמה לי כי ממצה היא את כלל הנושאים שהועלו והעומדים על הפרק לדיון והכרעה. בנסיבות אלה ועל מנת שלא להכביד, לא אחזור על הנימוקים השונים שנית, ואך אעיר את הערות הבאות קודם קביעת גזר דיני: עיינתי באופן מעמיק במסמכים הרבים שהומצאו לי על ידי ב\כ הצדדים. מבלי שאקבע עמדה שיפוטית באשר להתנהלות הגופים השלטוניים השונים בעניין זה ומבלי שיתפרש הדבר כהצדק לפעילות הנאשמת, נדמה לי, כפי שציינתי גם בגזר הדין שניתן על ידי בענינה של \""ערדג\"", כי אכן לא ניתן לשלול את הטענות שהושמעו על ידי הנאשמת, בדבר התנהלות הגורמים השונים כלפיה וחוסר התיאום בינהם בטיפול בעניין הנדון. לא ניתן גם להשתחרר מהרושם, שאף מקבלי ההחלטות השונים, לא היו עקביים בגישתם, באשר לאופי הטיפול הראוי בעניין זה, תוך העמדת הנאשמת במצבים משתנים ובלתי ברורים, כשלעיתים זכתה אפילו הנאשמת לעידוד ותמיכה, מצד גורמים ממשלתיים שונים, בעיקר מטעם משרד החקלאות. הצדדים לא טענו ביחס לשאלת זיהום המפרץ ועל כן אמנע אף אני מקביעה כלשהיא בעניין זה ואך אפנה לגזר הדין בעניינה של \""ערדג\"", שם התייחסתי, בעקבות טענות הצדדים דו\""ח ועדת המומחים הנוגע לשאלה זו. מקובלת עלי עמדת המדינה, לפיה האמור לעיל אינו מהווה היתר לנאשמת לעשות דין לעצמה ולהמשיך ולהפעיל את עסקה, למרות ידיעתה כי פעילותה מנוגדת לחוק, וכי להחלטתה האמורה יש מחיר. כפי שציינתי בפרשת \""ערדג\"", מסכים אני גם עם עמדת ב\""כ המדינה, לפיה הליכי התכנון משקפים איזון רחב וכולל של שיקולים חברתים, הנוגעים לחלוקת שימוש ויעוד קרקע, לצורך הפקת מירב התועלת החברתית ממנה, לרבות בהיבט הניצול הכלכלי וההיבטים האקולוגים הנוגעים לכך. לאחרונה עמד על כך""",test
